token,log_name_sft,score_sft,log_name_rl,score_rl,delta
0034182453455593,2021.07.09.15.53.28_veh-38_00184_02293,0.9141431611979925,2021.07.09.15.53.28_veh-38_00184_02293,0.9283975902647722,0.01425442906677965
0063186407485185,2021.07.09.15.53.28_veh-38_00184_02293,1.0,2021.07.09.15.53.28_veh-38_00184_02293,1.0,0.0
00839bb43eed5f3e,2021.08.31.14.01.15_veh-40_01576_01714,0.9023879781549228,2021.08.31.14.01.15_veh-40_01576_01714,0.9147585906711422,0.012370612516219404
0090af8e15415a95,2021.06.09.12.06.35_veh-35_01164_01494,0.9185674036640434,2021.06.09.12.06.35_veh-35_01164_01494,0.932672755283383,0.014105351619339568
00b3f7e6cbfc5fa0,2021.10.11.02.57.41_veh-50_02155_02265,0.896324471114006,2021.10.11.02.57.41_veh-50_02155_02265,0.9089878803774282,0.012663409263422132
00bf064b40495a06,2021.07.09.15.53.28_veh-38_00184_02293,0.9383697793908433,2021.07.09.15.53.28_veh-38_00184_02293,0.951858212340885,0.013488432950041651
00e32fcdcf455ae8,2021.07.09.15.53.28_veh-38_00184_02293,1.0,2021.07.09.15.53.28_veh-38_00184_02293,1.0,0.0
015173513fc25684,2021.10.05.08.11.15_veh-50_00437_00585,0.9175406423541764,2021.10.05.08.11.15_veh-50_00437_00585,0.9279211365806054,0.010380494226428949
016139f70ba255f4,2021.07.09.15.53.28_veh-38_00184_02293,1.0,2021.07.09.15.53.28_veh-38_00184_02293,1.0,0.0
017221a69d845d5f,2021.06.23.17.31.36_veh-16_00016_00377,0.9641240091706559,2021.06.23.17.31.36_veh-16_00016_00377,0.9753082278278479,0.011184218657191991
017f6ea65a675bd0,2021.07.09.15.53.28_veh-38_00184_02293,0.9782147833641001,2021.07.09.15.53.28_veh-38_00184_02293,0.9990875162353161,0.02087273287121605
0191e3cbe7735d02,2021.10.11.02.57.41_veh-50_01028_01289,0.8867586000661145,2021.10.11.02.57.41_veh-50_01028_01289,0.9012158391184165,0.014457239052302007
0192df9f896c5030,2021.07.09.20.26.06_veh-35_02793_03289,1.0,2021.07.09.20.26.06_veh-35_02793_03289,1.0,0.0
019be72ca2035269,2021.07.09.15.53.28_veh-38_00184_02293,0.9447586158593886,2021.07.09.15.53.28_veh-38_00184_02293,0.9557406943101858,0.010982078450797239
01d99dddfff055b4,2021.06.09.12.06.35_veh-35_01164_01494,1.0,2021.06.09.12.06.35_veh-35_01164_01494,1.0,0.0
01f29c09064f597d,2021.07.09.15.53.28_veh-38_00184_02293,1.0,2021.07.09.15.53.28_veh-38_00184_02293,1.0,0.0
02036a881c8757cd,2021.06.09.12.06.35_veh-35_01164_01494,0.9372796847259846,2021.06.09.12.06.35_veh-35_01164_01494,0.9489300783732016,0.011650393647217094
02199704c082520f,2021.06.09.12.51.31_veh-35_01729_02626,1.0,2021.06.09.12.51.31_veh-35_01729_02626,1.0,0.0
02271efb56ca5e62,2021.07.09.15.53.28_veh-38_00184_02293,1.0,2021.07.09.15.53.28_veh-38_00184_02293,1.0,0.0
0228fd10f8c05bd4,2021.06.09.12.51.31_veh-35_01729_02626,0.9138347471960894,2021.06.09.12.51.31_veh-35_01729_02626,0.9392892413462723,0.02545449415018297
0242cf7ebae4537a,2021.07.09.15.53.28_veh-38_00184_02293,0.9750906878480171,2021.07.09.15.53.28_veh-38_00184_02293,0.9952704279017829,0.02017974005376577
0244b29e92175c74,2021.08.31.14.01.15_veh-40_01576_01714,0.8781630997823037,2021.08.31.14.01.15_veh-40_01576_01714,0.8985452240555963,0.020382124273292668
025b6096a0af5d87,2021.06.09.12.51.31_veh-35_01729_02626,0.9955211647926226,2021.06.09.12.51.31_veh-35_01729_02626,1.0,0.004478835207377352
0265d0c659745deb,2021.10.05.08.11.15_veh-50_00437_00585,0.9112579698225115,2021.10.05.08.11.15_veh-50_00437_00585,0.9246600602686016,0.013402090446090087
0266adddeefb584b,2021.07.09.20.26.06_veh-35_02793_03289,0.982005726008277,2021.07.09.20.26.06_veh-35_02793_03289,1.0,0.017994273991723042
027d63f008ba518b,2021.10.05.08.11.15_veh-50_00437_00585,0.9635957442252021,2021.10.05.08.11.15_veh-50_00437_00585,0.9730161512333618,0.009420407008159715
02831f0823a75275,2021.06.09.12.06.35_veh-35_01164_01494,0.9201872035108064,2021.06.09.12.06.35_veh-35_01164_01494,0.9349967681931061,0.014809564682299659
02be5e5257915894,2021.10.11.02.57.41_veh-50_02155_02265,0.8824017385178212,2021.10.11.02.57.41_veh-50_02155_02265,0.8955004961489514,0.01309875763113022
02dff6541a8c574b,2021.06.23.17.31.36_veh-16_00016_00377,0.8590064570799032,2021.06.23.17.31.36_veh-16_00016_00377,0.8792158477218935,0.020209390641990344
038d98b0aef65cc5,2021.06.09.17.23.18_veh-38_01598_01750,1.0,2021.06.09.17.23.18_veh-38_01598_01750,1.0,0.0
039064e3ab615ba4,2021.06.09.12.51.31_veh-35_01729_02626,1.0,2021.06.09.12.51.31_veh-35_01729_02626,1.0,0.0
039d81c335fa5830,2021.07.09.15.53.28_veh-38_00184_02293,1.0,2021.07.09.15.53.28_veh-38_00184_02293,1.0,0.0
03d3158b8faf5c81,2021.07.09.15.53.28_veh-38_00184_02293,1.0,2021.07.09.15.53.28_veh-38_00184_02293,1.0,0.0
03e725fe0ab95f02,2021.06.09.12.51.31_veh-35_01729_02626,1.0,2021.06.09.12.51.31_veh-35_01729_02626,1.0,0.0
03eb9463e1685d1f,2021.10.11.02.57.41_veh-50_02155_02265,0.8750472080972796,2021.10.11.02.57.41_veh-50_02155_02265,0.8873639710017946,0.012316762904515
03fe497641cc5a31,2021.07.09.15.53.28_veh-38_00184_02293,0.8485698763388418,2021.07.09.15.53.28_veh-38_00184_02293,0.8701556021921585,0.02158572585331664
0424e5fd9a5c5e60,2021.10.11.02.57.41_veh-50_02155_02265,0.8741107207002426,2021.10.11.02.57.41_veh-50_02155_02265,0.885711050492297,0.011600329792054387
044e89f71c845e59,2021.07.09.20.26.06_veh-35_02793_03289,0.9565132869159747,2021.07.09.20.26.06_veh-35_02793_03289,0.5548060001978321,-0.4017072867181426
0454457b4d6a5d20,2021.07.09.15.53.28_veh-38_00184_02293,1.0,2021.07.09.15.53.28_veh-38_00184_02293,1.0,0.0
0461af120ee45dd8,2021.06.09.14.50.36_veh-26_02826_02955,1.0,2021.06.09.14.50.36_veh-26_02826_02955,0.8333333333333334,-0.16666666666666663
047b29ae8a2d50c3,2021.06.09.12.51.31_veh-35_01729_02626,1.0,2021.06.09.12.51.31_veh-35_01729_02626,1.0,0.0
047ca296724153ed,2021.06.23.17.31.36_veh-16_00016_00377,0.9963287126898184,2021.06.23.17.31.36_veh-16_00016_00377,1.0,0.0036712873101816257
04892d0279ea5905,2021.06.09.20.26.11_veh-35_00970_01216,0.9265601897596903,2021.06.09.20.26.11_veh-35_00970_01216,0.942646888951161,0.016086699191470655
049ac1985c175ddb,2021.06.09.12.51.31_veh-35_01729_02626,0.9847275475943688,2021.06.09.12.51.31_veh-35_01729_02626,1.0,0.015272452405631243
04a2fff5521b5215,2021.10.11.02.57.41_veh-50_01028_01289,0.8679547943463218,2021.10.11.02.57.41_veh-50_01028_01289,0.8754904198584508,0.007535625512128941
04b8f4a99be85973,2021.06.09.20.26.11_veh-35_00970_01216,1.0,2021.06.09.20.26.11_veh-35_00970_01216,1.0,0.0
04d3c2f7702750b6,2021.10.05.08.11.15_veh-50_00437_00585,0.8735907161801851,2021.10.05.08.11.15_veh-50_00437_00585,0.8854113196918064,0.011820603511621286
04db6d7b763754ac,2021.07.09.15.53.28_veh-38_00184_02293,1.0,2021.07.09.15.53.28_veh-38_00184_02293,1.0,0.0
04eb8d64f2795c58,2021.07.09.15.53.28_veh-38_00184_02293,0.0,2021.07.09.15.53.28_veh-38_00184_02293,0.0,0.0
04ef1bdebb1e5c2b,2021.06.09.14.50.36_veh-26_02826_02955,1.0,2021.06.09.14.50.36_veh-26_02826_02955,1.0,0.0
0502eec8c9615c19,2021.10.11.02.57.41_veh-50_01028_01289,1.0,2021.10.11.02.57.41_veh-50_01028_01289,1.0,0.0
050bc5dc61b05c0c,2021.06.09.20.26.11_veh-35_00970_01216,0.9318219839006433,2021.06.09.20.26.11_veh-35_00970_01216,0.9429831064981057,0.01116112259746238
052f982083e859d7,2021.06.09.12.06.35_veh-35_01164_01494,0.9091341631946666,2021.06.09.12.06.35_veh-35_01164_01494,0.9224235355563968,0.013289372361730223
05dc6e420d935b8e,2021.06.09.20.26.11_veh-35_00970_01216,1.0,2021.06.09.20.26.11_veh-35_00970_01216,1.0,0.0
0612ae5a43ea5e14,2021.06.23.17.31.36_veh-16_00016_00377,1.0,2021.06.23.17.31.36_veh-16_00016_00377,1.0,0.0
066d174c1ee2516a,2021.10.05.08.11.15_veh-50_00437_00585,0.8634187582021919,2021.10.05.08.11.15_veh-50_00437_00585,0.8791214976783609,0.01570273947616896
0683a44547c053e2,2021.07.09.15.53.28_veh-38_00184_02293,1.0,2021.07.09.15.53.28_veh-38_00184_02293,1.0,0.0
06c973b2073057ab,2021.07.09.15.53.28_veh-38_00184_02293,0.9219593935964513,2021.07.09.15.53.28_veh-38_00184_02293,0.9364322208694752,0.014472827273023903
06cd8d997cfe5de6,2021.10.11.02.57.41_veh-50_02155_02265,0.8842004574899281,2021.10.11.02.57.41_veh-50_02155_02265,0.8961626882407531,0.01196223075082492
06ecc274857650aa,2021.06.09.14.50.36_veh-26_02826_02955,1.0,2021.06.09.14.50.36_veh-26_02826_02955,1.0,0.0
06f9275753de5cb6,2021.07.09.15.53.28_veh-38_00184_02293,1.0,2021.07.09.15.53.28_veh-38_00184_02293,1.0,0.0
0746ca94fdc85420,2021.10.11.02.57.41_veh-50_02155_02265,0.903751197217845,2021.10.11.02.57.41_veh-50_02155_02265,0.9190788706956075,0.015327673477762427
07667d039f5755fc,2021.07.09.15.53.28_veh-38_00184_02293,1.0,2021.07.09.15.53.28_veh-38_00184_02293,1.0,0.0
0769d9f9498e5f51,2021.06.09.12.51.31_veh-35_01729_02626,0.8632010846290075,2021.06.09.12.51.31_veh-35_01729_02626,0.8899086974192522,0.026707612790244695
076e73b542175041,2021.10.11.02.57.41_veh-50_01028_01289,0.8478060445466383,2021.10.11.02.57.41_veh-50_01028_01289,0.8619326490866612,0.014126604540022902
077e1ef7a2dd526e,2021.10.05.08.11.15_veh-50_00437_00585,0.8402644678334364,2021.10.05.08.11.15_veh-50_00437_00585,0.8533337678080045,0.013069299974568072
079dad1bf4aa53ff,2021.10.05.08.11.15_veh-50_00437_00585,0.8540490229273262,2021.10.05.08.11.15_veh-50_00437_00585,0.8717115538018847,0.01766253087455849
0818730194515784,2021.07.09.15.53.28_veh-38_00184_02293,0.9018903206325432,2021.07.09.15.53.28_veh-38_00184_02293,0.9189035210724817,0.01701320043993859
08309993090158ed,2021.06.23.17.31.36_veh-16_00016_00377,1.0,2021.06.23.17.31.36_veh-16_00016_00377,1.0,0.0
0834ee7bd96c524f,2021.07.16.22.40.23_veh-38_00204_00360,1.0,2021.07.16.22.40.23_veh-38_00204_00360,1.0,0.0
083a415c4ea15ef6,2021.06.09.20.26.11_veh-35_00970_01216,1.0,2021.06.09.20.26.11_veh-35_00970_01216,1.0,0.0
0845cc2551fa5e03,2021.07.09.15.53.28_veh-38_00184_02293,1.0,2021.07.09.15.53.28_veh-38_00184_02293,1.0,0.0
089b7c97ae005df7,2021.10.05.07.49.39_veh-52_00770_00905,0.9217210114561022,2021.10.05.07.49.39_veh-52_00770_00905,0.9335332199141241,0.011812208458021889
08b90ea812f95157,2021.07.09.15.53.28_veh-38_00184_02293,1.0,2021.07.09.15.53.28_veh-38_00184_02293,1.0,0.0
08e86035c86c59cf,2021.07.09.15.53.28_veh-38_00184_02293,1.0,2021.07.09.15.53.28_veh-38_00184_02293,1.0,0.0
08fef85e66fe56c4,2021.07.09.15.53.28_veh-38_00184_02293,0.9445162495235158,2021.07.09.15.53.28_veh-38_00184_02293,0.9609547258685055,0.01643847634498974
091a90a5f2855a82,2021.07.09.20.26.06_veh-35_02793_03289,0.903344828246324,2021.07.09.20.26.06_veh-35_02793_03289,0.915886436758529,0.012541608512204983
093784159a005ddd,2021.07.09.20.26.06_veh-35_02793_03289,1.0,2021.07.09.20.26.06_veh-35_02793_03289,1.0,0.0
0965ca8d343855bd,2021.10.05.08.11.15_veh-50_00437_00585,0.8183088268588903,2021.10.05.08.11.15_veh-50_00437_00585,0.8345072671607884,0.016198440301898098
09909af20007564a,2021.06.09.12.06.35_veh-35_01164_01494,1.0,2021.06.09.12.06.35_veh-35_01164_01494,1.0,0.0
09a440cb0aeb567a,2021.06.09.12.06.35_veh-35_01164_01494,0.9282797140772593,2021.06.09.12.06.35_veh-35_01164_01494,0.9446408152210898,0.016361101143830492
09d6aaf7636350e1,2021.10.11.02.57.41_veh-50_02155_02265,0.9071807160262614,2021.10.11.02.57.41_veh-50_02155_02265,0.922235416116346,0.015054700090084583
0a508df3445152b0,2021.07.09.15.53.28_veh-38_00184_02293,0.9716796482327196,2021.07.09.15.53.28_veh-38_00184_02293,0.9923442232506748,0.020664575017955267
0a50e549c5ed5787,2021.06.09.17.23.18_veh-38_01598_01750,0.9269609094621162,2021.06.09.17.23.18_veh-38_01598_01750,0.9391695793841658,0.012208669922049609
0a6a37e522035224,2021.06.09.12.06.35_veh-35_01164_01494,0.9590937380453045,2021.06.09.12.06.35_veh-35_01164_01494,0.9732342274729868,0.014140489427682312
0b10c61fbe415c5e,2021.07.16.22.40.23_veh-38_00204_00360,1.0,2021.07.16.22.40.23_veh-38_00204_00360,1.0,0.0
0b19cdb05d2c5e68,2021.07.09.15.53.28_veh-38_00184_02293,0.9194822226525073,2021.07.09.15.53.28_veh-38_00184_02293,0.9385120034032027,0.01902978075069539
0b22e62e12cf5607,2021.07.09.15.53.28_veh-38_00184_02293,0.9215224453711134,2021.07.09.15.53.28_veh-38_00184_02293,0.9397280274094407,0.01820558203832734
0b67d7e9536256af,2021.07.09.15.53.28_veh-38_00184_02293,0.890957063214624,2021.07.09.15.53.28_veh-38_00184_02293,0.8987282002862381,0.007771137071614143
0b6d1ed507635a6e,2021.10.01.17.52.06_veh-28_01141_01264,0.969024102331766,2021.10.01.17.52.06_veh-28_01141_01264,0.9822791488982084,0.013255046566442497
0b890a5dbdaf53aa,2021.06.09.12.51.31_veh-35_01729_02626,1.0,2021.06.09.12.51.31_veh-35_01729_02626,1.0,0.0
0ba5cd65023a5d5c,2021.07.09.20.26.06_veh-35_02793_03289,1.0,2021.07.09.20.26.06_veh-35_02793_03289,0.5833333333333334,-0.41666666666666663
0c6651f095895012,2021.07.09.15.53.28_veh-38_00184_02293,1.0,2021.07.09.15.53.28_veh-38_00184_02293,1.0,0.0
0c71f6071ee054a8,2021.07.09.15.53.28_veh-38_00184_02293,0.9836864275135273,2021.07.09.15.53.28_veh-38_00184_02293,0.9996270872409179,0.01594065972739056
0ce992b41b7854f8,2021.07.09.15.53.28_veh-38_00184_02293,1.0,2021.07.09.15.53.28_veh-38_00184_02293,1.0,0.0
0d0891893f1d59b5,2021.07.09.20.26.06_veh-35_02793_03289,0.8326854360308137,2021.07.09.20.26.06_veh-35_02793_03289,0.8396072816993015,0.006921845668487858
0d4a4de2ed0551de,2021.07.09.20.26.06_veh-35_02793_03289,1.0,2021.07.09.20.26.06_veh-35_02793_03289,1.0,0.0
0daae1bedaae53c5,2021.07.09.15.53.28_veh-38_00184_02293,0.8787975985914774,2021.07.09.15.53.28_veh-38_00184_02293,0.9022630646919154,0.02346546610043798
0dbe21f7e02a578a,2021.10.05.08.11.15_veh-50_00437_00585,0.8683872593185663,2021.10.05.08.11.15_veh-50_00437_00585,0.8803955657860847,0.012008306467518381
0dc2e306b4485579,2021.10.11.02.57.41_veh-50_02155_02265,0.8875773021220469,2021.10.11.02.57.41_veh-50_02155_02265,0.8992518892190885,0.011674587097041611
0e3398e6271350b4,2021.10.05.08.11.15_veh-50_00437_00585,0.8592438199285981,2021.10.05.08.11.15_veh-50_00437_00585,0.8706911285403446,0.011447308611746476
0ecbcba803ab54e0,2021.10.11.02.57.41_veh-50_02155_02265,0.8768709868400372,2021.10.11.02.57.41_veh-50_02155_02265,0.8907451004841055,0.01387411364406832
0ee4062c48cc50d9,2021.07.09.15.53.28_veh-38_00184_02293,0.9687058602648747,2021.07.09.15.53.28_veh-38_00184_02293,0.9833567496923435,0.014650889427468838
0ef4861884495fee,2021.10.05.08.11.15_veh-50_00437_00585,0.8495765048303717,2021.10.05.08.11.15_veh-50_00437_00585,0.8580987418617864,0.008522237031414637
0f2f7590e2c153c1,2021.10.11.02.57.41_veh-50_01028_01289,1.0,2021.10.11.02.57.41_veh-50_01028_01289,0.5833333333333334,-0.41666666666666663
0f4042e7f1995020,2021.07.09.15.53.28_veh-38_00184_02293,1.0,2021.07.09.15.53.28_veh-38_00184_02293,1.0,0.0
0fb7c8347ef25535,2021.07.09.15.53.28_veh-38_00184_02293,1.0,2021.07.09.15.53.28_veh-38_00184_02293,1.0,0.0
0fd89914075c5330,2021.06.09.20.26.11_veh-35_00970_01216,1.0,2021.06.09.20.26.11_veh-35_00970_01216,1.0,0.0
100ed6de0208550f,2021.07.09.15.53.28_veh-38_00184_02293,0.9067364504441358,2021.07.09.15.53.28_veh-38_00184_02293,0.947490409060106,0.0407539586159702
100ee55049cc584e,2021.06.09.12.51.31_veh-35_01729_02626,1.0,2021.06.09.12.51.31_veh-35_01729_02626,1.0,0.0
102471e46a565fdf,2021.10.11.02.57.41_veh-50_02155_02265,0.8429042528693538,2021.10.11.02.57.41_veh-50_02155_02265,0.8583398777800623,0.01543562491070849
102b90da87b851bf,2021.06.09.12.51.31_veh-35_01729_02626,0.9093611663663702,2021.06.09.12.51.31_veh-35_01729_02626,0.9178752359885646,0.008514069622194365
1035c6107e4b52d3,2021.06.09.12.06.35_veh-35_01164_01494,0.9586018229086629,2021.06.09.12.06.35_veh-35_01164_01494,0.9746570565824246,0.016055233673761715
103d8446b9a7501b,2021.08.31.11.47.30_veh-40_00919_01000,1.0,2021.08.31.11.47.30_veh-40_00919_01000,1.0,0.0
104fd3ad395d5ded,2021.06.09.12.51.31_veh-35_01729_02626,1.0,2021.06.09.12.51.31_veh-35_01729_02626,1.0,0.0
105b3c761dee5fcb,2021.06.23.17.31.36_veh-16_00016_00377,1.0,2021.06.23.17.31.36_veh-16_00016_00377,1.0,0.0
108c162aabf552ba,2021.06.09.12.06.35_veh-35_01164_01494,0.8803650403559415,2021.06.09.12.06.35_veh-35_01164_01494,0.9079620140457795,0.027596973689837934
10b7dc9bd96e550a,2021.07.09.15.53.28_veh-38_00184_02293,0.908075812058752,2021.07.09.15.53.28_veh-38_00184_02293,0.9428953683404898,0.03481955628173783
10da33ea86ba5697,2021.07.16.22.40.23_veh-38_00204_00360,1.0,2021.07.16.22.40.23_veh-38_00204_00360,1.0,0.0
10f0de18ec3d5c9f,2021.07.09.15.53.28_veh-38_00184_02293,0.9447760114817746,2021.07.09.15.53.28_veh-38_00184_02293,0.9603447224400866,0.015568710958312026
10f2a63b52ff556a,2021.07.09.15.53.28_veh-38_00184_02293,0.9788325243318193,2021.07.09.15.53.28_veh-38_00184_02293,1.0,0.02116747566818067
113ce1e07c7a5543,2021.10.05.08.11.15_veh-50_00437_00585,0.8791802971629026,2021.10.05.08.11.15_veh-50_00437_00585,0.8901064057468746,0.010926108583972027
114020a7beaf5151,2021.07.09.15.53.28_veh-38_00184_02293,0.9562731295476977,2021.07.09.15.53.28_veh-38_00184_02293,0.9743766903223982,0.018103560774700433
1150ab6954775965,2021.07.09.15.53.28_veh-38_00184_02293,0.9018095486583825,2021.07.09.15.53.28_veh-38_00184_02293,0.923995700677045,0.022186152018662475
1168282af331504e,2021.06.23.17.31.36_veh-16_00016_00377,1.0,2021.06.23.17.31.36_veh-16_00016_00377,1.0,0.0
11788fec75b55fe8,2021.06.09.12.51.31_veh-35_01729_02626,0.9487476074440067,2021.06.09.12.51.31_veh-35_01729_02626,0.9617745710984021,0.013026963654395485
11b917a7dad65cb3,2021.06.09.20.26.11_veh-35_00970_01216,1.0,2021.06.09.20.26.11_veh-35_00970_01216,1.0,0.0
11d448d26126557f,2021.06.09.12.06.35_veh-35_01164_01494,0.8712957608935392,2021.06.09.12.06.35_veh-35_01164_01494,0.8934756004315668,0.0221798395380276
11fb8402c7ed5f38,2021.07.09.15.53.28_veh-38_00184_02293,1.0,2021.07.09.15.53.28_veh-38_00184_02293,1.0,0.0
1201ef26669d52b5,2021.07.09.15.53.28_veh-38_00184_02293,1.0,2021.07.09.15.53.28_veh-38_00184_02293,1.0,0.0
1206c4653bc05297,2021.06.09.12.51.31_veh-35_01729_02626,1.0,2021.06.09.12.51.31_veh-35_01729_02626,1.0,0.0
12127170e93a53e9,2021.06.09.12.06.35_veh-35_01164_01494,0.8984488930934353,2021.06.09.12.06.35_veh-35_01164_01494,0.9147067578925862,0.016257864799150812
122bed8802a05ae2,2021.07.09.15.53.28_veh-38_00184_02293,1.0,2021.07.09.15.53.28_veh-38_00184_02293,1.0,0.0
12529e1e5d23525d,2021.07.09.15.53.28_veh-38_00184_02293,0.9837356439006107,2021.07.09.15.53.28_veh-38_00184_02293,0.0,-0.9837356439006107
12927478268a52a7,2021.07.09.15.53.28_veh-38_00184_02293,0.9397900760446808,2021.07.09.15.53.28_veh-38_00184_02293,0.9514503108428866,0.01166023479820577
12a303e7e3b85492,2021.07.09.15.53.28_veh-38_00184_02293,0.9282939014078474,2021.07.09.15.53.28_veh-38_00184_02293,0.9422254563146638,0.013931554906816412
12af90c2b8b6512e,2021.08.31.14.01.15_veh-40_01576_01714,0.8929358685795732,2021.08.31.14.01.15_veh-40_01576_01714,0.9132119058247934,0.020276037245220202
134c53ed5241548e,2021.10.11.02.57.41_veh-50_01028_01289,0.8766658857673882,2021.10.11.02.57.41_veh-50_01028_01289,0.8896431569728845,0.012977271205496299
136d82f937c45885,2021.06.23.17.31.36_veh-16_00016_00377,1.0,2021.06.23.17.31.36_veh-16_00016_00377,1.0,0.0
13bb402c57765d6e,2021.06.09.17.23.18_veh-38_01598_01750,0.8944461688121988,2021.06.09.17.23.18_veh-38_01598_01750,0.9148299896453841,0.02038382083318524
13d47325b0b950f1,2021.07.09.20.26.06_veh-35_02793_03289,0.9420087703979304,2021.07.09.20.26.06_veh-35_02793_03289,0.9625929784992729,0.020584208101342538
13dddabad3d65ddf,2021.06.09.17.23.18_veh-38_01598_01750,0.8367635196160664,2021.06.09.17.23.18_veh-38_01598_01750,0.8605416209429504,0.02377810132688396
14489b09baaa54e5,2021.10.11.02.57.41_veh-50_02155_02265,0.8789959003741945,2021.10.11.02.57.41_veh-50_02155_02265,0.8925328233161932,0.013536922941998708
147c06dffbdb5bc4,2021.06.09.12.06.35_veh-35_01164_01494,0.9728657637394337,2021.06.09.12.06.35_veh-35_01164_01494,0.9890669646620975,0.01620120092266386
1499e758c6855a74,2021.06.09.12.51.31_veh-35_01729_02626,0.9084628739160866,2021.06.09.12.51.31_veh-35_01729_02626,0.9262371149496951,0.017774241033608473
15080129531552fe,2021.07.09.20.26.06_veh-35_02793_03289,0.8576058527297089,2021.07.09.20.26.06_veh-35_02793_03289,0.874950960631649,0.017345107901940104
1543049980f15e78,2021.10.11.02.57.41_veh-50_02155_02265,0.938497048121194,2021.10.11.02.57.41_veh-50_02155_02265,0.9543520376963842,0.01585498957519016
154f87b0c0ca5624,2021.10.11.02.57.41_veh-50_02155_02265,0.8861470331055674,2021.10.11.02.57.41_veh-50_02155_02265,0.8999836666751527,0.01383663356958531
1562991f98315d4d,2021.06.09.12.06.35_veh-35_01164_01494,0.9249216115833905,2021.06.09.12.06.35_veh-35_01164_01494,0.9402231564640747,0.015301544880684248
157d3b777d315364,2021.07.09.15.53.28_veh-38_00184_02293,1.0,2021.07.09.15.53.28_veh-38_00184_02293,1.0,0.0
158eecf778cc5684,2021.06.09.12.06.35_veh-35_01164_01494,0.9306044278131038,2021.06.09.12.06.35_veh-35_01164_01494,0.9420338367256965,0.011429408912592698
160b363bd86953af,2021.07.09.15.53.28_veh-38_00184_02293,0.9602453980786828,2021.07.09.15.53.28_veh-38_00184_02293,0.9861957467696394,0.02595034869095658
16259719899f5b57,2021.10.11.02.57.41_veh-50_01028_01289,1.0,2021.10.11.02.57.41_veh-50_01028_01289,1.0,0.0
166f157b4b935a1e,2021.07.09.15.53.28_veh-38_00184_02293,1.0,2021.07.09.15.53.28_veh-38_00184_02293,1.0,0.0
16840451fa765419,2021.06.09.17.23.18_veh-38_01598_01750,1.0,2021.06.09.17.23.18_veh-38_01598_01750,1.0,0.0
16a726067f77532d,2021.07.09.15.53.28_veh-38_00184_02293,1.0,2021.07.09.15.53.28_veh-38_00184_02293,1.0,0.0
16c70ee6d6485400,2021.10.05.07.49.39_veh-52_00770_00905,0.8673182159813044,2021.10.05.07.49.39_veh-52_00770_00905,0.8783849965800563,0.01106678059875188
16df14e0b5fe574f,2021.06.09.17.23.18_veh-38_01598_01750,0.9509058821021119,2021.06.09.17.23.18_veh-38_01598_01750,0.9643508493319223,0.013444967229810367
16e38f619b4358cb,2021.10.11.02.57.41_veh-50_01028_01289,1.0,2021.10.11.02.57.41_veh-50_01028_01289,1.0,0.0
16ea1ed69aed5de1,2021.06.23.17.31.36_veh-16_00016_00377,1.0,2021.06.23.17.31.36_veh-16_00016_00377,1.0,0.0
170594fe8be75468,2021.10.05.07.49.39_veh-52_00770_00905,0.8927634008753236,2021.10.05.07.49.39_veh-52_00770_00905,0.9212096565520964,0.028446255676772836
17184a5491105047,2021.07.09.15.53.28_veh-38_00184_02293,0.924381838109282,2021.07.09.15.53.28_veh-38_00184_02293,0.945776447937584,0.02139460982830199
173ff7e858e65a62,2021.07.09.15.53.28_veh-38_00184_02293,1.0,2021.07.09.15.53.28_veh-38_00184_02293,1.0,0.0
1753352ab8255c21,2021.10.01.17.52.06_veh-28_01141_01264,0.9620470511691165,2021.10.01.17.52.06_veh-28_01141_01264,0.9793461749029705,0.017299123733854005
1783be8f68bc560f,2021.06.23.17.31.36_veh-16_00016_00377,1.0,2021.06.23.17.31.36_veh-16_00016_00377,1.0,0.0
179d390028965461,2021.06.09.20.26.11_veh-35_00970_01216,0.8992241610141808,2021.06.09.20.26.11_veh-35_00970_01216,0.9258988567492327,0.02667469573505188
17a899d822e75d16,2021.10.11.02.57.41_veh-50_02155_02265,0.9198758411258446,2021.10.11.02.57.41_veh-50_02155_02265,0.9332554935339402,0.013379652408095577
17b43b911252571c,2021.07.09.15.53.28_veh-38_00184_02293,1.0,2021.07.09.15.53.28_veh-38_00184_02293,1.0,0.0
17bc4c6cc38959d0,2021.10.11.02.57.41_veh-50_02155_02265,0.8737139431545078,2021.10.11.02.57.41_veh-50_02155_02265,0.8857867786827228,0.012072835528215031
17d80f18ee7854c0,2021.06.23.17.31.36_veh-16_00016_00377,1.0,2021.06.23.17.31.36_veh-16_00016_00377,1.0,0.0
17efb1d6bb395620,2021.06.09.12.51.31_veh-35_01729_02626,0.9560539398452712,2021.06.09.12.51.31_veh-35_01729_02626,0.9682070767461513,0.012153136900880046
180266e7ce035fca,2021.10.11.02.57.41_veh-50_02155_02265,0.8506680952588445,2021.10.11.02.57.41_veh-50_02155_02265,0.8646092399230848,0.013941144664240346
18608416606557ed,2021.06.09.14.50.36_veh-26_02826_02955,1.0,2021.06.09.14.50.36_veh-26_02826_02955,1.0,0.0
187e7d991c2f5f40,2021.07.09.15.53.28_veh-38_00184_02293,1.0,2021.07.09.15.53.28_veh-38_00184_02293,1.0,0.0
18a2ed37c162552d,2021.07.09.20.26.06_veh-35_02793_03289,1.0,2021.07.09.20.26.06_veh-35_02793_03289,1.0,0.0
191f94dc85fd5899,2021.06.09.12.51.31_veh-35_01729_02626,0.8956049053359069,2021.06.09.12.51.31_veh-35_01729_02626,0.9032449684099323,0.007640063074025427
19ab8e323ac35fe4,2021.07.09.15.53.28_veh-38_00184_02293,1.0,2021.07.09.15.53.28_veh-38_00184_02293,1.0,0.0
19c9d08888d65385,2021.10.05.07.49.39_veh-52_00770_00905,0.9004711312475497,2021.10.05.07.49.39_veh-52_00770_00905,0.9118965747153888,0.011425443467839025
1a3449b28c115162,2021.07.09.15.53.28_veh-38_00184_02293,0.9515420394343405,2021.07.09.15.53.28_veh-38_00184_02293,0.9631304753143306,0.011588435879990144
1aaa5de27ef2529c,2021.10.05.08.11.15_veh-50_00437_00585,0.8552936790642326,2021.10.05.08.11.15_veh-50_00437_00585,0.866425713456708,0.011132034392475454
1ab37cad7da55237,2021.06.09.12.51.31_veh-35_01729_02626,0.9717810250006035,2021.06.09.12.51.31_veh-35_01729_02626,0.9918003155879247,0.020019290587321215
1afe562ad29b5222,2021.07.09.15.53.28_veh-38_00184_02293,0.9843413264895159,2021.07.09.15.53.28_veh-38_00184_02293,1.0,0.01565867351048411
1b31ffd5f3ec5f5d,2021.06.09.17.23.18_veh-38_01598_01750,1.0,2021.06.09.17.23.18_veh-38_01598_01750,1.0,0.0
1b6f94eba9bd573c,2021.06.09.12.51.31_veh-35_01729_02626,1.0,2021.06.09.12.51.31_veh-35_01729_02626,1.0,0.0
1bdb793cdfcd5db0,2021.10.05.08.11.15_veh-50_00437_00585,0.835091415470454,2021.10.05.08.11.15_veh-50_00437_00585,0.8516986731166543,0.016607257646200302
1bef718d3b145858,2021.06.09.12.51.31_veh-35_01729_02626,0.8938241009689866,2021.06.09.12.51.31_veh-35_01729_02626,0.9090338582258669,0.01520975725688034
1c3d27d5767e506d,2021.10.05.07.49.39_veh-52_00770_00905,0.9066171403609674,2021.10.05.07.49.39_veh-52_00770_00905,0.9172933564367444,0.010676216075776956
1c5284923bc85595,2021.07.09.20.26.06_veh-35_02793_03289,0.9638080120673506,2021.07.09.20.26.06_veh-35_02793_03289,0.9904259169230979,0.026617904855747332
1c59013d80ab5ac4,2021.08.31.14.01.15_veh-40_01576_01714,1.0,2021.08.31.14.01.15_veh-40_01576_01714,1.0,0.0
1c6cfd6bae4954dc,2021.10.05.08.11.15_veh-50_00437_00585,0.8583176996813598,2021.10.05.08.11.15_veh-50_00437_00585,0.8681458147780995,0.009828115096739642
1c773439ca9d5158,2021.07.09.15.53.28_veh-38_00184_02293,1.0,2021.07.09.15.53.28_veh-38_00184_02293,1.0,0.0
1c9a2aafa78b5b21,2021.08.31.11.47.30_veh-40_00919_01000,0.9152897610604209,2021.08.31.11.47.30_veh-40_00919_01000,0.9277471973665422,0.012457436306121283
1c9e768f7d545a89,2021.06.23.17.31.36_veh-16_00016_00377,1.0,2021.06.23.17.31.36_veh-16_00016_00377,1.0,0.0
1cf2faa6760b5e05,2021.06.09.12.06.35_veh-35_01164_01494,1.0,2021.06.09.12.06.35_veh-35_01164_01494,1.0,0.0
1d0ef99351a95bbb,2021.06.09.12.06.35_veh-35_01164_01494,0.9652027425137474,2021.06.09.12.06.35_veh-35_01164_01494,0.9820901668963704,0.01688742438262303
1d158c219842558a,2021.07.09.20.26.06_veh-35_02793_03289,0.9409965192553665,2021.07.09.20.26.06_veh-35_02793_03289,0.9663630125500998,0.025366493294733283
1d190091101d5d75,2021.07.09.15.53.28_veh-38_00184_02293,0.9590693960229438,2021.07.09.15.53.28_veh-38_00184_02293,0.9733347634344843,0.014265367411540497
1d1a05de41555e8e,2021.06.09.12.06.35_veh-35_01164_01494,1.0,2021.06.09.12.06.35_veh-35_01164_01494,1.0,0.0
1d5c498a699a59e8,2021.07.09.15.53.28_veh-38_00184_02293,0.9346323428707621,2021.07.09.15.53.28_veh-38_00184_02293,0.947314948085242,0.012682605214479836
1d7f9f198e0c57bc,2021.07.09.15.53.28_veh-38_00184_02293,0.9114211518940021,2021.07.09.15.53.28_veh-38_00184_02293,0.9386192930862687,0.0271981411922666
1d85875eaf9c5a3f,2021.10.01.17.52.06_veh-28_01141_01264,0.8775202182666919,2021.10.01.17.52.06_veh-28_01141_01264,0.8978536689357387,0.020333450669046793
1d9ee8399cf55f9d,2021.10.05.07.49.39_veh-52_00770_00905,0.9714154901119653,2021.10.05.07.49.39_veh-52_00770_00905,0.993627927112764,0.02221243700079878
1dc5198a0a27562c,2021.06.09.12.51.31_veh-35_01729_02626,0.979926500843094,2021.06.09.12.51.31_veh-35_01729_02626,0.9965482811276298,0.01662178028453587
1e7ba1144b7e587f,2021.10.11.02.57.41_veh-50_01028_01289,0.8564344957734953,2021.10.11.02.57.41_veh-50_01028_01289,0.8691892425444149,0.01275474677091959
1e7bb5730b095273,2021.06.23.17.31.36_veh-16_00016_00377,0.9999964920345729,2021.06.23.17.31.36_veh-16_00016_00377,1.0,3.5079654271408245e-06
1eb3057c64465de0,2021.06.09.12.51.31_veh-35_01729_02626,0.9640379496003546,2021.06.09.12.51.31_veh-35_01729_02626,0.9809395538454723,0.016901604245117663
1ec5607c174e58db,2021.10.05.08.11.15_veh-50_00437_00585,0.863567738811982,2021.10.05.08.11.15_veh-50_00437_00585,0.8756007866594117,0.012033047847429645
1ec8d767941a534b,2021.07.16.22.40.23_veh-38_00204_00360,1.0,2021.07.16.22.40.23_veh-38_00204_00360,1.0,0.0
1edaacb093c25e24,2021.10.05.08.11.15_veh-50_00437_00585,0.9411800618140097,2021.10.05.08.11.15_veh-50_00437_00585,0.9530723592380577,0.01189229742404796
1efe2f1b12ec5381,2021.06.09.12.51.31_veh-35_01729_02626,0.914525297948083,2021.06.09.12.51.31_veh-35_01729_02626,0.9278698962119986,0.013344598263915541
1f6b057612b05e65,2021.07.09.15.53.28_veh-38_00184_02293,0.9457569622564055,2021.07.09.15.53.28_veh-38_00184_02293,0.9535442465617058,0.0077872843053002905
1f9f230417e15e61,2021.07.09.15.53.28_veh-38_00184_02293,0.9698446103433701,2021.07.09.15.53.28_veh-38_00184_02293,0.9857756173864504,0.01593100704308026
2040cae1f2005ace,2021.10.11.02.57.41_veh-50_01028_01289,0.872062389691442,2021.10.11.02.57.41_veh-50_01028_01289,0.8856189108825432,0.013556521191101178
205cf1f3466a5af6,2021.10.05.08.11.15_veh-50_00437_00585,0.8640491847632515,2021.10.05.08.11.15_veh-50_00437_00585,0.8756068914044167,0.011557706641165177
205ef6aa1e4f54f4,2021.10.11.02.57.41_veh-50_02155_02265,0.8558766437207689,2021.10.11.02.57.41_veh-50_02155_02265,0.0,-0.8558766437207689
2086208681525f54,2021.07.09.15.53.28_veh-38_00184_02293,1.0,2021.07.09.15.53.28_veh-38_00184_02293,1.0,0.0
208c2da460fa56a1,2021.07.09.15.53.28_veh-38_00184_02293,1.0,2021.07.09.15.53.28_veh-38_00184_02293,1.0,0.0
20d97d183741595d,2021.10.05.07.49.39_veh-52_00770_00905,0.9181534650492317,2021.10.05.07.49.39_veh-52_00770_00905,0.943357734406523,0.025204269357291365
20e59db136d85ccd,2021.07.09.15.53.28_veh-38_00184_02293,0.9266543939797112,2021.07.09.15.53.28_veh-38_00184_02293,0.9400126857234786,0.013358291743767459
20fc3e4c2b93595d,2021.08.31.11.47.30_veh-40_00919_01000,0.9204677210728898,2021.08.31.11.47.30_veh-40_00919_01000,0.9355354350717359,0.0150677139988461
2130fc97f34f5668,2021.06.23.17.31.36_veh-16_00016_00377,1.0,2021.06.23.17.31.36_veh-16_00016_00377,1.0,0.0
2138f8abf5aa5086,2021.07.09.15.53.28_veh-38_00184_02293,0.9654263902002672,2021.07.09.15.53.28_veh-38_00184_02293,0.9870874409803512,0.021661050780083957
213d831946e758b5,2021.07.09.15.53.28_veh-38_00184_02293,1.0,2021.07.09.15.53.28_veh-38_00184_02293,1.0,0.0
2146b87b79ce537d,2021.06.09.12.51.31_veh-35_01729_02626,1.0,2021.06.09.12.51.31_veh-35_01729_02626,1.0,0.0
2156346d5dcf5246,2021.06.09.20.26.11_veh-35_00970_01216,0.8877131163136713,2021.06.09.20.26.11_veh-35_00970_01216,0.9226303969583011,0.03491728064462973
21748134e645518e,2021.06.09.17.23.18_veh-38_01598_01750,1.0,2021.06.09.17.23.18_veh-38_01598_01750,1.0,0.0
219791f316b25308,2021.07.09.15.53.28_veh-38_00184_02293,0.9410878444655938,2021.07.09.15.53.28_veh-38_00184_02293,0.9532013830850099,0.012113538619416109
219dd3cdd7fd594b,2021.08.31.14.01.15_veh-40_01576_01714,0.9718065875913635,2021.08.31.14.01.15_veh-40_01576_01714,0.9799782309677513,0.00817164337638776
21b0e617e7895ac7,2021.07.09.15.53.28_veh-38_00184_02293,0.9729211854339578,2021.07.09.15.53.28_veh-38_00184_02293,0.9943644706940625,0.02144328526010475
21b4fab862a858b8,2021.10.05.08.11.15_veh-50_00437_00585,0.9018036562419559,2021.10.05.08.11.15_veh-50_00437_00585,0.9159324066664891,0.01412875042453321
21c0033d52fd5d2e,2021.07.09.15.53.28_veh-38_00184_02293,0.9587522609476404,2021.07.09.15.53.28_veh-38_00184_02293,0.9763765586676366,0.017624297719996185
21c95e7693d35dfd,2021.06.09.17.23.18_veh-38_01598_01750,1.0,2021.06.09.17.23.18_veh-38_01598_01750,1.0,0.0
220ebf89f21c58e4,2021.07.09.20.26.06_veh-35_02793_03289,1.0,2021.07.09.20.26.06_veh-35_02793_03289,1.0,0.0
22119d9673db504e,2021.10.05.08.11.15_veh-50_00437_00585,0.8434025785046723,2021.10.05.08.11.15_veh-50_00437_00585,0.853843373418388,0.010440794913715745
2289e9f520ca5cb5,2021.07.09.15.53.28_veh-38_00184_02293,1.0,2021.07.09.15.53.28_veh-38_00184_02293,1.0,0.0
22903ed6b4b45809,2021.10.05.08.11.15_veh-50_00437_00585,0.8629954297923214,2021.10.05.08.11.15_veh-50_00437_00585,0.871995965452307,0.009000535659985598
2326cface78153de,2021.07.09.15.53.28_veh-38_00184_02293,1.0,2021.07.09.15.53.28_veh-38_00184_02293,1.0,0.0
23732000986756bd,2021.07.09.20.26.06_veh-35_02793_03289,0.9386212333231797,2021.07.09.20.26.06_veh-35_02793_03289,0.9539156016299444,0.015294368306764672
2376051bafd45146,2021.07.09.15.53.28_veh-38_00184_02293,1.0,2021.07.09.15.53.28_veh-38_00184_02293,1.0,0.0
2395e3e90cdf5b9a,2021.06.09.12.51.31_veh-35_01729_02626,1.0,2021.06.09.12.51.31_veh-35_01729_02626,1.0,0.0
23c7e87c04f759c9,2021.07.09.15.53.28_veh-38_00184_02293,0.9080344332815377,2021.07.09.15.53.28_veh-38_00184_02293,0.9236078367484207,0.015573403466883073
23e4660a0f365854,2021.06.23.17.31.36_veh-16_00016_00377,0.8777872524366575,2021.06.23.17.31.36_veh-16_00016_00377,0.8884943713468182,0.01070711891016074
2406f00812785216,2021.07.09.15.53.28_veh-38_00184_02293,0.9846560459069257,2021.07.09.15.53.28_veh-38_00184_02293,1.0,0.015343954093074319
243375d424865825,2021.10.11.02.57.41_veh-50_02155_02265,0.8991870810906679,2021.10.11.02.57.41_veh-50_02155_02265,0.9123019567837379,0.013114875693070016
243432f80b85567a,2021.07.09.15.53.28_veh-38_00184_02293,1.0,2021.07.09.15.53.28_veh-38_00184_02293,1.0,0.0
244393f5bb9f567c,2021.06.09.12.06.35_veh-35_01164_01494,1.0,2021.06.09.12.06.35_veh-35_01164_01494,1.0,0.0
2450f437ff34588e,2021.06.09.12.06.35_veh-35_01164_01494,0.9685151576558456,2021.06.09.12.06.35_veh-35_01164_01494,0.9820521773286485,0.013537019672802852
24531603f9315046,2021.10.05.08.11.15_veh-50_00437_00585,0.9581829770040736,2021.10.05.08.11.15_veh-50_00437_00585,0.9692321017725559,0.011049124768482299
246269dcd9845878,2021.06.09.12.51.31_veh-35_01729_02626,0.8163181184984922,2021.06.09.12.51.31_veh-35_01729_02626,0.8437443169755513,0.02742619847705907
248f2530124b5812,2021.06.09.12.51.31_veh-35_01729_02626,1.0,2021.06.09.12.51.31_veh-35_01729_02626,1.0,0.0
24c57bb0eceb546a,2021.07.09.15.53.28_veh-38_00184_02293,1.0,2021.07.09.15.53.28_veh-38_00184_02293,1.0,0.0
24e8dff0a3fb5d73,2021.08.31.11.47.30_veh-40_00919_01000,1.0,2021.08.31.11.47.30_veh-40_00919_01000,1.0,0.0
24f4c4b3cc8554aa,2021.10.05.07.49.39_veh-52_00770_00905,0.861852555766339,2021.10.05.07.49.39_veh-52_00770_00905,0.8711666409996579,0.009314085233318892
24f6ff800c7758e8,2021.07.09.15.53.28_veh-38_00184_02293,1.0,2021.07.09.15.53.28_veh-38_00184_02293,1.0,0.0
2518c058a2765f66,2021.07.09.15.53.28_veh-38_00184_02293,0.9753274929209447,2021.07.09.15.53.28_veh-38_00184_02293,0.9954926052560219,0.02016511233507723
252aca165e205caf,2021.06.23.17.31.36_veh-16_00016_00377,1.0,2021.06.23.17.31.36_veh-16_00016_00377,1.0,0.0
252c2880193354f5,2021.06.09.17.23.18_veh-38_01598_01750,1.0,2021.06.09.17.23.18_veh-38_01598_01750,1.0,0.0
252dcf3264285f7e,2021.07.09.20.26.06_veh-35_02793_03289,1.0,2021.07.09.20.26.06_veh-35_02793_03289,1.0,0.0
2546a09ed60755b9,2021.06.23.17.31.36_veh-16_00016_00377,0.9234964405457168,2021.06.23.17.31.36_veh-16_00016_00377,0.9437802845180151,0.02028384397229832
258edbf6a22c5312,2021.06.09.12.51.31_veh-35_01729_02626,0.900925488031004,2021.06.09.12.51.31_veh-35_01729_02626,0.9215360668136533,0.02061057878264927
25b3e3f15fcc5058,2021.07.09.15.53.28_veh-38_00184_02293,1.0,2021.07.09.15.53.28_veh-38_00184_02293,1.0,0.0
25e8140e88165353,2021.10.11.02.57.41_veh-50_02155_02265,0.9152113869443248,2021.10.11.02.57.41_veh-50_02155_02265,0.9304029743678545,0.015191587423529662
25ef4e856bab540e,2021.10.05.07.49.39_veh-52_00770_00905,0.9026643457889478,2021.10.05.07.49.39_veh-52_00770_00905,0.917169108337066,0.014504762548118166
25f2e28652bc5f06,2021.10.05.08.11.15_veh-50_00437_00585,0.9103406818784467,2021.10.05.08.11.15_veh-50_00437_00585,0.9223852005985572,0.012044518720110475
261221d5c5fc5fa7,2021.10.05.07.49.39_veh-52_00770_00905,0.9113783784887971,2021.10.05.07.49.39_veh-52_00770_00905,0.9198885855556934,0.008510207066896314
263e3ce08f7e5a9e,2021.07.09.15.53.28_veh-38_00184_02293,1.0,2021.07.09.15.53.28_veh-38_00184_02293,1.0,0.0
265d51badd8658b4,2021.10.11.02.57.41_veh-50_02155_02265,0.8534614104221863,2021.10.11.02.57.41_veh-50_02155_02265,0.0,-0.8534614104221863
2660a8dfda2a550d,2021.07.09.15.53.28_veh-38_00184_02293,1.0,2021.07.09.15.53.28_veh-38_00184_02293,1.0,0.0
26a3cea95f035c1d,2021.07.09.20.26.06_veh-35_02793_03289,0.8301431249200603,2021.07.09.20.26.06_veh-35_02793_03289,0.837549287568545,0.007406162648484704
26d62f55fe175782,2021.06.09.17.23.18_veh-38_01598_01750,0.956832681860816,2021.06.09.17.23.18_veh-38_01598_01750,0.9760689951265639,0.019236313265747818
27019672a76d5c98,2021.06.09.12.06.35_veh-35_01164_01494,0.9747268045104481,2021.06.09.12.06.35_veh-35_01164_01494,0.9890954829007429,0.014368678390294765
270857aa66a15114,2021.06.09.12.06.35_veh-35_01164_01494,0.8908881938014641,2021.06.09.12.06.35_veh-35_01164_01494,0.9110451463494057,0.020156952547941587
2754ab87df25534c,2021.10.05.08.11.15_veh-50_00437_00585,0.8158569322398622,2021.10.05.08.11.15_veh-50_00437_00585,0.8318686842990758,0.01601175205921357
276846ef566e5945,2021.07.09.15.53.28_veh-38_00184_02293,0.9273120147824265,2021.07.09.15.53.28_veh-38_00184_02293,0.9411954599640874,0.013883445181660847
278bbdb04c555733,2021.10.05.07.49.39_veh-52_00770_00905,0.8790682652242149,2021.10.05.07.49.39_veh-52_00770_00905,0.890821786741599,0.011753521517384069
279398536da35c2b,2021.06.09.12.06.35_veh-35_01164_01494,0.9189499536378632,2021.06.09.12.06.35_veh-35_01164_01494,0.9365918853575647,0.01764193171970141
27d7adfa2e2d541b,2021.07.09.15.53.28_veh-38_00184_02293,0.9881271447632175,2021.07.09.15.53.28_veh-38_00184_02293,1.0,0.011872855236782498
27df9e405dfa51cf,2021.07.09.15.53.28_veh-38_00184_02293,1.0,2021.07.09.15.53.28_veh-38_00184_02293,1.0,0.0
282c1d78530d593f,2021.10.05.07.49.39_veh-52_00770_00905,0.9278415303698214,2021.10.05.07.49.39_veh-52_00770_00905,0.9407612876121734,0.012919757242351948
2836a66135315e7f,2021.07.09.15.53.28_veh-38_00184_02293,1.0,2021.07.09.15.53.28_veh-38_00184_02293,0.0,-1.0
28b2841dfc80526b,2021.08.31.14.01.15_veh-40_01576_01714,0.9222461509551078,2021.08.31.14.01.15_veh-40_01576_01714,0.9310729247930895,0.008826773837981694
28d90079bec557cf,2021.10.11.02.57.41_veh-50_02155_02265,0.8582327747682109,2021.10.11.02.57.41_veh-50_02155_02265,0.8703596806014553,0.012126905833244384
28e2bc1f058454a6,2021.07.09.20.26.06_veh-35_02793_03289,0.9253763743987667,2021.07.09.20.26.06_veh-35_02793_03289,0.948174692390885,0.02279831799211829
293144d2f3ec5131,2021.07.09.15.53.28_veh-38_00184_02293,1.0,2021.07.09.15.53.28_veh-38_00184_02293,1.0,0.0
2962782cdb8e59b1,2021.07.09.15.53.28_veh-38_00184_02293,1.0,2021.07.09.15.53.28_veh-38_00184_02293,1.0,0.0
297c4fe13c4c5640,2021.07.09.15.53.28_veh-38_00184_02293,1.0,2021.07.09.15.53.28_veh-38_00184_02293,1.0,0.0
2999ded848495d55,2021.07.09.15.53.28_veh-38_00184_02293,1.0,2021.07.09.15.53.28_veh-38_00184_02293,1.0,0.0
29b843e9d1145127,2021.06.23.17.31.36_veh-16_00016_00377,0.9489191514384204,2021.06.23.17.31.36_veh-16_00016_00377,0.9755083948077684,0.02658924336934798
29ff4b56af185819,2021.07.09.20.26.06_veh-35_02793_03289,0.9457882600622268,2021.07.09.20.26.06_veh-35_02793_03289,0.9686507242900975,0.022862464227870638
2a4f7a1a42b759a7,2021.10.11.02.57.41_veh-50_02155_02265,0.9066968317694974,2021.10.11.02.57.41_veh-50_02155_02265,0.9214150685284217,0.014718236758924252
2a9ea017fb55572b,2021.06.23.17.31.36_veh-16_00016_00377,0.9259618811557934,2021.06.23.17.31.36_veh-16_00016_00377,0.9500827376822221,0.024120856526428702
2ac1b274b9f2525a,2021.06.09.12.51.31_veh-35_01729_02626,0.9560387955027214,2021.06.09.12.51.31_veh-35_01729_02626,0.9819279921262746,0.025889196623553157
2add9922dc495e95,2021.07.09.15.53.28_veh-38_00184_02293,0.9129359916342596,2021.07.09.15.53.28_veh-38_00184_02293,0.932943679742503,0.020007688108243382
2ae099469caa5693,2021.08.31.14.01.15_veh-40_01576_01714,0.933598192907818,2021.08.31.14.01.15_veh-40_01576_01714,0.9442963772600516,0.010698184352233575
2b1b98be0fd55a97,2021.10.11.02.57.41_veh-50_01028_01289,0.8806363464749829,2021.10.11.02.57.41_veh-50_01028_01289,0.8914132126559746,0.010776866180991718
2bade763a35e571a,2021.07.09.15.53.28_veh-38_00184_02293,0.9588675359890028,2021.07.09.15.53.28_veh-38_00184_02293,0.978952000065874,0.020084464076871256
2bda22fbdbbb50a8,2021.06.09.12.06.35_veh-35_01164_01494,0.9084522502102382,2021.06.09.12.06.35_veh-35_01164_01494,0.9220346499024424,0.013582399692204206
2c1795e29af65a31,2021.06.09.20.26.11_veh-35_00970_01216,0.8926798257265195,2021.06.09.20.26.11_veh-35_00970_01216,0.9146632811493373,0.021983455422817766
2c1db842cc915519,2021.07.09.15.53.28_veh-38_00184_02293,1.0,2021.07.09.15.53.28_veh-38_00184_02293,1.0,0.0
2c32ea8c5ef05290,2021.10.05.07.49.39_veh-52_00770_00905,0.9614272989703307,2021.10.05.07.49.39_veh-52_00770_00905,0.989134711829221,0.027707412858890224
2c45cd8490f850ef,2021.06.09.14.50.36_veh-26_02826_02955,1.0,2021.06.09.14.50.36_veh-26_02826_02955,1.0,0.0
2cdbdd95aaba57f0,2021.06.09.12.51.31_veh-35_01729_02626,1.0,2021.06.09.12.51.31_veh-35_01729_02626,1.0,0.0
2d4ac7e75090575c,2021.10.11.02.57.41_veh-50_02155_02265,0.8788357063167105,2021.10.11.02.57.41_veh-50_02155_02265,0.8903870108166259,0.011551304499915371
2d903e0fb16154d9,2021.07.09.15.53.28_veh-38_00184_02293,1.0,2021.07.09.15.53.28_veh-38_00184_02293,1.0,0.0
2d9e55899f36514b,2021.07.09.15.53.28_veh-38_00184_02293,1.0,2021.07.09.15.53.28_veh-38_00184_02293,1.0,0.0
2da0a5236af95e03,2021.07.09.15.53.28_veh-38_00184_02293,0.9419652434469902,2021.07.09.15.53.28_veh-38_00184_02293,0.9518849124404368,0.009919668993446651
2dc965586c945547,2021.06.09.12.51.31_veh-35_01729_02626,0.9654661703316663,2021.06.09.12.51.31_veh-35_01729_02626,0.9775202873772361,0.012054117045569801
2dd00be7ed615ecc,2021.06.09.12.51.31_veh-35_01729_02626,1.0,2021.06.09.12.51.31_veh-35_01729_02626,1.0,0.0
2deba0b0afad5472,2021.08.31.14.01.15_veh-40_01576_01714,0.9311132556793035,2021.08.31.14.01.15_veh-40_01576_01714,0.9419499685201905,0.010836712840887053
2df6dad2e3c4525a,2021.10.11.02.57.41_veh-50_01028_01289,0.8737831584069987,2021.10.11.02.57.41_veh-50_01028_01289,0.8875240908987299,0.01374093249173114
2e524a06f4bc59e8,2021.06.09.12.06.35_veh-35_01164_01494,0.889365327580309,2021.06.09.12.06.35_veh-35_01164_01494,0.9072815799920578,0.01791625241174888
2e7a9b2142ec529f,2021.06.09.17.23.18_veh-38_01598_01750,0.861400181031693,2021.06.09.17.23.18_veh-38_01598_01750,0.8807839031207623,0.019383722089069244
2eb20ba165855d43,2021.07.09.20.26.06_veh-35_02793_03289,1.0,2021.07.09.20.26.06_veh-35_02793_03289,1.0,0.0
2f096c8bde855396,2021.07.09.15.53.28_veh-38_00184_02293,0.9500860356466001,2021.07.09.15.53.28_veh-38_00184_02293,0.9696582405607083,0.01957220491410816
2f1560380fb05985,2021.10.05.07.49.39_veh-52_00770_00905,0.9301179809093717,2021.10.05.07.49.39_veh-52_00770_00905,0.9569449794883779,0.026826998579006167
2f2535fbdd395025,2021.07.09.15.53.28_veh-38_00184_02293,1.0,2021.07.09.15.53.28_veh-38_00184_02293,1.0,0.0
2f2bc1e20be4545e,2021.07.09.20.26.06_veh-35_02793_03289,0.9198842525738508,2021.07.09.20.26.06_veh-35_02793_03289,0.9358695728599905,0.015985320286139748
2f81ef9b7def5cfb,2021.10.11.02.57.41_veh-50_02155_02265,0.8997782024255746,2021.10.11.02.57.41_veh-50_02155_02265,0.9113817346145515,0.011603532188976917
2fb80e8e9597522f,2021.06.09.12.06.35_veh-35_01164_01494,0.9366090424089029,2021.06.09.12.06.35_veh-35_01164_01494,0.9486675365791305,0.01205849417022764
2fd7bef75431592e,2021.08.31.11.47.30_veh-40_00919_01000,0.9591866899501525,2021.08.31.11.47.30_veh-40_00919_01000,0.9789041177210134,0.01971742777086083
2fffb118c5535879,2021.06.09.12.06.35_veh-35_01164_01494,0.9219211418860921,2021.06.09.12.06.35_veh-35_01164_01494,0.9389702459304763,0.0170491040443842
308b33a531c35c7a,2021.07.09.15.53.28_veh-38_00184_02293,0.9202942295969496,2021.07.09.15.53.28_veh-38_00184_02293,0.9310335519550109,0.010739322358061298
309d25c4b0535a45,2021.07.09.15.53.28_veh-38_00184_02293,0.0,2021.07.09.15.53.28_veh-38_00184_02293,0.9804634204204933,0.9804634204204933
30b7a3bf71b956de,2021.06.23.17.31.36_veh-16_00016_00377,0.9968779508256169,2021.06.23.17.31.36_veh-16_00016_00377,1.0,0.003122049174383079
30c294d478ee5953,2021.07.09.20.26.06_veh-35_02793_03289,0.9168716752030578,2021.07.09.20.26.06_veh-35_02793_03289,0.9449231770095476,0.028051501806489854
30c5555824025240,2021.07.09.20.26.06_veh-35_02793_03289,0.905358444993797,2021.07.09.20.26.06_veh-35_02793_03289,0.9372490880217536,0.03189064302795652
310a3ad9c0cf5eb6,2021.10.05.07.49.39_veh-52_00770_00905,0.9707971038278993,2021.10.05.07.49.39_veh-52_00770_00905,0.9955006934878011,0.024703589659901826
31232634fe425baa,2021.07.09.20.26.06_veh-35_02793_03289,0.915323199710381,2021.07.09.20.26.06_veh-35_02793_03289,0.9274375158404545,0.012114316130073521
313b06564bf854e4,2021.07.09.15.53.28_veh-38_00184_02293,1.0,2021.07.09.15.53.28_veh-38_00184_02293,1.0,0.0
317266217a3b548d,2021.06.09.20.26.11_veh-35_00970_01216,1.0,2021.06.09.20.26.11_veh-35_00970_01216,1.0,0.0
31c01938dab253e7,2021.07.09.20.26.06_veh-35_02793_03289,1.0,2021.07.09.20.26.06_veh-35_02793_03289,1.0,0.0
31c10b004a0d5f1e,2021.06.09.12.06.35_veh-35_01164_01494,0.9153090658257573,2021.06.09.12.06.35_veh-35_01164_01494,0.93083121328947,0.015522147463712721
31faa0734016556d,2021.07.09.20.26.06_veh-35_02793_03289,0.9280246300082792,2021.07.09.20.26.06_veh-35_02793_03289,0.9414385024698863,0.01341387246160708
320bd6309da05bf7,2021.07.09.20.26.06_veh-35_02793_03289,1.0,2021.07.09.20.26.06_veh-35_02793_03289,1.0,0.0
321512a956a25984,2021.07.09.15.53.28_veh-38_00184_02293,0.9247950773806807,2021.07.09.15.53.28_veh-38_00184_02293,0.9397292900061366,0.014934212625455912
3227b869cdd85654,2021.06.23.17.31.36_veh-16_00016_00377,0.8090101765880808,2021.06.23.17.31.36_veh-16_00016_00377,0.82643546694602,0.01742529035793916
327c4934e82a54cb,2021.06.09.20.26.11_veh-35_00970_01216,0.9111501084192085,2021.06.09.20.26.11_veh-35_00970_01216,0.9307389970604888,0.019588888641280278
32940e6a93e95fd5,2021.06.09.12.06.35_veh-35_01164_01494,0.9773232627117939,2021.06.09.12.06.35_veh-35_01164_01494,0.9986630141285673,0.021339751416773356
329975be260c50b7,2021.10.11.02.57.41_veh-50_02155_02265,0.9016829911044865,2021.10.11.02.57.41_veh-50_02155_02265,0.915298882182643,0.013615891078156528
329eb6cc8c325f71,2021.06.09.12.06.35_veh-35_01164_01494,0.9095243167056527,2021.06.09.12.06.35_veh-35_01164_01494,0.9259884842320454,0.01646416752639268
32aea60d7c7d56bf,2021.07.09.20.26.06_veh-35_02793_03289,1.0,2021.07.09.20.26.06_veh-35_02793_03289,1.0,0.0
33173f63a6ff513d,2021.10.05.08.11.15_veh-50_00437_00585,0.9346123627177113,2021.10.05.08.11.15_veh-50_00437_00585,0.9515350826776352,0.016922719959923893
33365d03e762561c,2021.10.11.02.57.41_veh-50_02155_02265,0.8776620629596446,2021.10.11.02.57.41_veh-50_02155_02265,0.8909404811271364,0.013278418167491868
3338316c86985d7e,2021.10.11.02.57.41_veh-50_01028_01289,0.8762036935810968,2021.10.11.02.57.41_veh-50_01028_01289,0.8972196033502827,0.02101590976918588
334e0e5d1a825334,2021.10.05.07.49.39_veh-52_00770_00905,0.8905422242704853,2021.10.05.07.49.39_veh-52_00770_00905,0.9019543437900245,0.011412119519539132
3358ac35f0925be9,2021.06.09.14.50.36_veh-26_02826_02955,0.9720652601485567,2021.06.09.14.50.36_veh-26_02826_02955,0.9932472512412684,0.021181991092711794
338daec6bb7a5aa0,2021.06.09.12.51.31_veh-35_01729_02626,0.8717522078106378,2021.06.09.12.51.31_veh-35_01729_02626,0.890310461199631,0.018558253388993196
33ee0a5e0f7950f2,2021.06.09.12.51.31_veh-35_01729_02626,0.8196826177929651,2021.06.09.12.51.31_veh-35_01729_02626,0.8394442729677479,0.01976165517478279
344591ad59d7517d,2021.10.05.08.11.15_veh-50_00437_00585,0.9076253964488603,2021.10.05.08.11.15_veh-50_00437_00585,0.9228327884749968,0.015207392026136524
346855a3e0115ac3,2021.06.09.20.26.11_veh-35_00970_01216,1.0,2021.06.09.20.26.11_veh-35_00970_01216,1.0,0.0
346d763777e85cd3,2021.06.09.12.51.31_veh-35_01729_02626,0.9323191987279822,2021.06.09.12.51.31_veh-35_01729_02626,0.9431868099491533,0.01086761122117108
34bf46975f2f5276,2021.06.09.17.23.18_veh-38_01598_01750,0.9462343883505047,2021.06.09.17.23.18_veh-38_01598_01750,0.9587827052491367,0.012548316898632006
34ccd8a9f6eb525f,2021.07.09.15.53.28_veh-38_00184_02293,0.9253984973137369,2021.07.09.15.53.28_veh-38_00184_02293,0.9417743723689481,0.01637587505521121
34d91cf9391650ff,2021.07.09.15.53.28_veh-38_00184_02293,1.0,2021.07.09.15.53.28_veh-38_00184_02293,1.0,0.0
3540468e063052d2,2021.10.11.02.57.41_veh-50_01028_01289,0.8792982492233593,2021.10.11.02.57.41_veh-50_01028_01289,0.8868325496605457,0.007534300437186392
35daae8d6a4a5b90,2021.06.09.14.50.36_veh-26_02826_02955,0.9610148710294327,2021.06.09.14.50.36_veh-26_02826_02955,0.986760878634212,0.025746007604779297
35f9bb7297745ff8,2021.10.11.02.57.41_veh-50_02155_02265,0.0,2021.10.11.02.57.41_veh-50_02155_02265,0.0,0.0
35fa5b32dd805853,2021.07.09.15.53.28_veh-38_00184_02293,0.8637937531761503,2021.07.09.15.53.28_veh-38_00184_02293,0.8848136497337679,0.0210198965576176
3670adfe926f58a0,2021.07.09.15.53.28_veh-38_00184_02293,0.8383312554206457,2021.07.09.15.53.28_veh-38_00184_02293,0.8541319286944643,0.015800673273818622
367be156a8a05da3,2021.07.09.15.53.28_veh-38_00184_02293,0.9758634977535662,2021.07.09.15.53.28_veh-38_00184_02293,0.9932823571832613,0.01741885942969512
36a87f95e5a05e75,2021.06.09.12.06.35_veh-35_01164_01494,0.9583893122634369,2021.06.09.12.06.35_veh-35_01164_01494,0.9785552454344176,0.0201659331709807
36a8cfb3a3f05f1d,2021.07.09.15.53.28_veh-38_00184_02293,0.8339392173966829,2021.07.09.15.53.28_veh-38_00184_02293,0.8735072824310923,0.03956806503440946
36bae31710bc5917,2021.10.05.07.49.39_veh-52_00770_00905,0.8473082060237968,2021.10.05.07.49.39_veh-52_00770_00905,0.8615104149610914,0.014202208937294625
36fd9bb68bca5db1,2021.06.09.17.23.18_veh-38_01598_01750,0.9251023125498333,2021.06.09.17.23.18_veh-38_01598_01750,0.9436685018502476,0.018566189300414315
3746d6f474565ca0,2021.06.09.12.06.35_veh-35_01164_01494,0.9055795251790939,2021.06.09.12.06.35_veh-35_01164_01494,0.9190230681168532,0.01344354293775929
3756eb6991b05447,2021.07.09.15.53.28_veh-38_00184_02293,1.0,2021.07.09.15.53.28_veh-38_00184_02293,1.0,0.0
375752a086d35d43,2021.07.09.15.53.28_veh-38_00184_02293,0.8684127778805792,2021.07.09.15.53.28_veh-38_00184_02293,0.8986629725724536,0.0302501946918744
3797925f74955b28,2021.10.01.17.52.06_veh-28_01141_01264,0.9605738050202524,2021.10.01.17.52.06_veh-28_01141_01264,0.9739835816191941,0.013409776598941714
37a37c6486205360,2021.06.09.14.50.36_veh-26_02826_02955,1.0,2021.06.09.14.50.36_veh-26_02826_02955,1.0,0.0
37b87186b6bd5777,2021.10.11.02.57.41_veh-50_02155_02265,0.8771702884779385,2021.10.11.02.57.41_veh-50_02155_02265,0.8909133134863575,0.013743025008418952
37c824c3fc615763,2021.10.11.02.57.41_veh-50_01028_01289,0.9446410567699101,2021.10.11.02.57.41_veh-50_01028_01289,0.9678258421341995,0.023184785364289473
3847daeaf69250c1,2021.10.01.17.52.06_veh-28_01141_01264,0.8887299576263334,2021.10.01.17.52.06_veh-28_01141_01264,0.8968045312896219,0.008074573663288453
3898b733bbd9584b,2021.07.09.15.53.28_veh-38_00184_02293,1.0,2021.07.09.15.53.28_veh-38_00184_02293,1.0,0.0
38b30ef31fcf5fa7,2021.07.09.15.53.28_veh-38_00184_02293,0.9354020545109427,2021.07.09.15.53.28_veh-38_00184_02293,0.9467402839493978,0.011338229438455083
38c5e5d2250f5c35,2021.07.09.15.53.28_veh-38_00184_02293,0.9207939410978417,2021.07.09.15.53.28_veh-38_00184_02293,0.937711312311292,0.016917371213450272
38ef1d6a2da75115,2021.10.05.07.49.39_veh-52_00770_00905,0.9121460818474376,2021.10.05.07.49.39_veh-52_00770_00905,0.924653502305857,0.01250742045841935
38fd20139a7c5e3b,2021.07.09.15.53.28_veh-38_00184_02293,0.9331829898979787,2021.07.09.15.53.28_veh-38_00184_02293,0.9417930911970975,0.008610101299118877
391be454a99b54ff,2021.07.09.15.53.28_veh-38_00184_02293,0.8875632630469612,2021.07.09.15.53.28_veh-38_00184_02293,0.9110466685205449,0.02348340547358374
39940790a4e65d88,2021.07.09.15.53.28_veh-38_00184_02293,0.9673399725729985,2021.07.09.15.53.28_veh-38_00184_02293,0.9993513521987523,0.03201137962575373
3998d00b80c55db4,2021.10.11.02.57.41_veh-50_02155_02265,0.8683602845574246,2021.10.11.02.57.41_veh-50_02155_02265,0.880580603650039,0.01222031909261434
39b992f840615959,2021.07.09.15.53.28_veh-38_00184_02293,1.0,2021.07.09.15.53.28_veh-38_00184_02293,1.0,0.0
39c553550c3a5111,2021.07.09.15.53.28_veh-38_00184_02293,0.9599213811750836,2021.07.09.15.53.28_veh-38_00184_02293,0.9801568317873222,0.020235450612238526
3a5d0b9a8778529e,2021.10.11.02.57.41_veh-50_01028_01289,1.0,2021.10.11.02.57.41_veh-50_01028_01289,1.0,0.0
3a95ca3177bc57f0,2021.10.11.02.57.41_veh-50_02155_02265,0.8985721661476921,2021.10.11.02.57.41_veh-50_02155_02265,0.9114556528102322,0.012883486662540133
3b4b55afcacf553e,2021.06.09.20.26.11_veh-35_00970_01216,0.9071199747021842,2021.06.09.20.26.11_veh-35_00970_01216,0.9253250247371057,0.018205050034921455
3b6f237e05365dcf,2021.06.09.12.51.31_veh-35_01729_02626,1.0,2021.06.09.12.51.31_veh-35_01729_02626,1.0,0.0
3bcde9ce94de5b6a,2021.10.11.02.57.41_veh-50_01028_01289,0.868703598257861,2021.10.11.02.57.41_veh-50_01028_01289,0.8816736879943726,0.012970089736511592
3c0e5824b0785582,2021.06.09.12.06.35_veh-35_01164_01494,1.0,2021.06.09.12.06.35_veh-35_01164_01494,1.0,0.0
3c34952a5b2a549e,2021.06.09.14.50.36_veh-26_02826_02955,1.0,2021.06.09.14.50.36_veh-26_02826_02955,1.0,0.0
3c6c773db2f558e5,2021.06.09.12.06.35_veh-35_01164_01494,0.9179237593374113,2021.06.09.12.06.35_veh-35_01164_01494,0.933594130185598,0.015670370848186677
3c7e47f60864523a,2021.10.01.17.52.06_veh-28_01141_01264,0.9415210319446959,2021.10.01.17.52.06_veh-28_01141_01264,0.9558726934147291,0.014351661470033195
3cabdd7617765132,2021.07.09.15.53.28_veh-38_00184_02293,0.9621789554879442,2021.07.09.15.53.28_veh-38_00184_02293,0.9752578335268396,0.013078878038895403
3d18f6f0700f5a7b,2021.10.05.07.49.39_veh-52_00770_00905,1.0,2021.10.05.07.49.39_veh-52_00770_00905,1.0,0.0
3d1c606df74c5140,2021.07.09.15.53.28_veh-38_00184_02293,1.0,2021.07.09.15.53.28_veh-38_00184_02293,0.5833333333333334,-0.41666666666666663
3d2dfc0d66f65d40,2021.07.09.15.53.28_veh-38_00184_02293,1.0,2021.07.09.15.53.28_veh-38_00184_02293,1.0,0.0
3d62676b9d685b3a,2021.06.09.20.26.11_veh-35_00970_01216,1.0,2021.06.09.20.26.11_veh-35_00970_01216,1.0,0.0
3d6d3d1bfafd5c87,2021.07.09.20.26.06_veh-35_02793_03289,1.0,2021.07.09.20.26.06_veh-35_02793_03289,1.0,0.0
3d9a843bb43355c8,2021.07.09.15.53.28_veh-38_00184_02293,1.0,2021.07.09.15.53.28_veh-38_00184_02293,1.0,0.0
3dd3b152b6a95c84,2021.10.11.02.57.41_veh-50_01028_01289,0.9463525876347534,2021.10.11.02.57.41_veh-50_01028_01289,0.9615981789460383,0.01524559131128489
3de980a9cef75550,2021.10.01.17.52.06_veh-28_01141_01264,0.9614992361478983,2021.10.01.17.52.06_veh-28_01141_01264,0.975350556660624,0.01385132051272564
3dee1555ce6f55fb,2021.07.09.15.53.28_veh-38_00184_02293,0.9650548678102746,2021.07.09.15.53.28_veh-38_00184_02293,0.9861503577334773,0.021095489923202648
3df10ba27fc150ed,2021.07.09.15.53.28_veh-38_00184_02293,1.0,2021.07.09.15.53.28_veh-38_00184_02293,1.0,0.0
3df6bd69748e51ec,2021.10.11.02.57.41_veh-50_01028_01289,0.8407715080326615,2021.10.11.02.57.41_veh-50_01028_01289,0.8472619983907416,0.0064904903580800255
3e0257f56dbc5db0,2021.07.09.15.53.28_veh-38_00184_02293,1.0,2021.07.09.15.53.28_veh-38_00184_02293,1.0,0.0
3e34460024d45739,2021.07.09.15.53.28_veh-38_00184_02293,0.9741533971898634,2021.07.09.15.53.28_veh-38_00184_02293,0.9962603719562232,0.02210697476635981
3e36bef4c12f5be7,2021.10.05.08.11.15_veh-50_00437_00585,0.8716879488704921,2021.10.05.08.11.15_veh-50_00437_00585,0.8823283965487132,0.010640447678221143
3e80032635bb59d8,2021.07.09.20.26.06_veh-35_02793_03289,1.0,2021.07.09.20.26.06_veh-35_02793_03289,1.0,0.0
3e9b3b4c0fa85ceb,2021.07.09.15.53.28_veh-38_00184_02293,0.9635369979364201,2021.07.09.15.53.28_veh-38_00184_02293,0.9860350175218887,0.022498019585468598
3e9c4cca896a53f7,2021.06.09.12.51.31_veh-35_01729_02626,1.0,2021.06.09.12.51.31_veh-35_01729_02626,1.0,0.0
3ea3416c97095653,2021.07.09.15.53.28_veh-38_00184_02293,1.0,2021.07.09.15.53.28_veh-38_00184_02293,1.0,0.0
3eca216626d256b3,2021.07.09.15.53.28_veh-38_00184_02293,1.0,2021.07.09.15.53.28_veh-38_00184_02293,1.0,0.0
3f037c2e281b5c8c,2021.06.09.20.26.11_veh-35_00970_01216,0.9344310113572226,2021.06.09.20.26.11_veh-35_00970_01216,0.9508456306880388,0.016414619330816227
3f19c7116880578a,2021.07.09.15.53.28_veh-38_00184_02293,1.0,2021.07.09.15.53.28_veh-38_00184_02293,1.0,0.0
3f1b608fff335993,2021.07.09.20.26.06_veh-35_02793_03289,1.0,2021.07.09.20.26.06_veh-35_02793_03289,1.0,0.0
3f27444710fd5dfc,2021.08.31.11.47.30_veh-40_00919_01000,0.9199288101319004,2021.08.31.11.47.30_veh-40_00919_01000,0.9326601143568594,0.01273130422495894
3f4ac4bbbdc05fba,2021.06.09.12.51.31_veh-35_01729_02626,0.9423341500087864,2021.06.09.12.51.31_veh-35_01729_02626,0.968751459385749,0.026417309376962628
3f69fae28f2b5905,2021.06.09.12.06.35_veh-35_01164_01494,0.9955319404855801,2021.06.09.12.06.35_veh-35_01164_01494,1.0,0.004468059514419864
3f83ff89a0b8508a,2021.06.09.12.06.35_veh-35_01164_01494,0.9654670619724953,2021.06.09.12.06.35_veh-35_01164_01494,0.9788853649495403,0.013418302977044938
3f84de43587e5aef,2021.06.09.12.51.31_veh-35_01729_02626,0.9057452745984408,2021.06.09.12.51.31_veh-35_01729_02626,0.9135323293134071,0.007787054714966324
3f89da0001805a55,2021.10.11.02.57.41_veh-50_02155_02265,0.8307728390034471,2021.10.11.02.57.41_veh-50_02155_02265,0.8398905562007329,0.009117717197285824
3fa2f81cff025162,2021.06.23.17.31.36_veh-16_00016_00377,0.9752280665016911,2021.06.23.17.31.36_veh-16_00016_00377,0.9975795869178535,0.022351520416162396
3fdaab2718695484,2021.06.09.12.06.35_veh-35_01164_01494,0.9246473402563155,2021.06.09.12.06.35_veh-35_01164_01494,0.9409547169651454,0.01630737670882998
3fdb06fa757c5bc4,2021.07.09.15.53.28_veh-38_00184_02293,1.0,2021.07.09.15.53.28_veh-38_00184_02293,1.0,0.0
3ff65804fed251f6,2021.10.11.02.57.41_veh-50_02155_02265,0.8692425901244439,2021.10.11.02.57.41_veh-50_02155_02265,0.8813167463510618,0.012074156226617894
400ad97140e45645,2021.10.11.02.57.41_veh-50_02155_02265,0.0,2021.10.11.02.57.41_veh-50_02155_02265,0.0,0.0
403a5dbfac5e5dc0,2021.07.09.15.53.28_veh-38_00184_02293,0.9565652356444492,2021.07.09.15.53.28_veh-38_00184_02293,0.9810526824242048,0.024487446779755673
404cf17b53805018,2021.06.23.17.31.36_veh-16_00016_00377,0.8312105207422967,2021.06.23.17.31.36_veh-16_00016_00377,0.8493836570503074,0.01817313630801065
405732349b21524a,2021.06.23.17.31.36_veh-16_00016_00377,1.0,2021.06.23.17.31.36_veh-16_00016_00377,1.0,0.0
40d427a5bcb95ad2,2021.10.05.08.11.15_veh-50_00437_00585,0.9177270373239711,2021.10.05.08.11.15_veh-50_00437_00585,0.9289857062305078,0.011258668906536706
40f9eae0b93e5fa4,2021.07.09.15.53.28_veh-38_00184_02293,0.9080817747991613,2021.07.09.15.53.28_veh-38_00184_02293,0.9198891128282826,0.011807338029121262
411704ad095950e8,2021.10.11.02.57.41_veh-50_01028_01289,0.8548381697357254,2021.10.11.02.57.41_veh-50_01028_01289,0.8640029777182017,0.00916480798247632
411aeffde8b7585c,2021.07.09.20.26.06_veh-35_02793_03289,0.8412979080907684,2021.07.09.20.26.06_veh-35_02793_03289,0.8584993585073034,0.01720145041653498
4153f9fad2735b7d,2021.07.09.20.26.06_veh-35_02793_03289,0.8742140905231331,2021.07.09.20.26.06_veh-35_02793_03289,0.8940599728798805,0.019845882356747335
41c88af990a15d28,2021.07.09.15.53.28_veh-38_00184_02293,0.9686252876621078,2021.07.09.15.53.28_veh-38_00184_02293,0.9851473085960943,0.01652202093398658
41c8ecae08035b9f,2021.06.09.12.51.31_veh-35_01729_02626,0.8924227468463685,2021.06.09.12.51.31_veh-35_01729_02626,0.9109089717045147,0.018486224858146216
4209beddef055db5,2021.10.11.02.57.41_veh-50_02155_02265,0.8995379213364557,2021.10.11.02.57.41_veh-50_02155_02265,0.9135039090573303,0.01396598772087454
426ed461133659f6,2021.07.09.15.53.28_veh-38_00184_02293,1.0,2021.07.09.15.53.28_veh-38_00184_02293,1.0,0.0
42ba979bc4555510,2021.06.09.12.06.35_veh-35_01164_01494,0.9876581776440417,2021.06.09.12.06.35_veh-35_01164_01494,1.0,0.012341822355958265
430bf2218f6454aa,2021.06.09.12.51.31_veh-35_01729_02626,0.8143562065056945,2021.06.09.12.51.31_veh-35_01729_02626,0.8326500566562617,0.01829385015056717
430e3153311b5792,2021.07.09.15.53.28_veh-38_00184_02293,1.0,2021.07.09.15.53.28_veh-38_00184_02293,1.0,0.0
43344715c88b50bc,2021.10.05.07.49.39_veh-52_00770_00905,0.8820207127170233,2021.10.05.07.49.39_veh-52_00770_00905,0.8926356985117306,0.010614985794707321
433f5b72f4465952,2021.06.09.12.06.35_veh-35_01164_01494,0.9451352895478515,2021.06.09.12.06.35_veh-35_01164_01494,0.9590990580597828,0.013963768511931263
43780b9368175ad1,2021.07.09.15.53.28_veh-38_00184_02293,1.0,2021.07.09.15.53.28_veh-38_00184_02293,1.0,0.0
43a10e21990254ae,2021.06.09.20.26.11_veh-35_00970_01216,0.9420895764623939,2021.06.09.20.26.11_veh-35_00970_01216,0.9531050379227479,0.011015461460354037
43ab1fa546f15565,2021.07.09.20.26.06_veh-35_02793_03289,0.9196886360734594,2021.07.09.20.26.06_veh-35_02793_03289,0.9344113321668305,0.014722696093371068
43e443ef433256ae,2021.06.09.14.50.36_veh-26_02826_02955,0.9040635301497261,2021.06.09.14.50.36_veh-26_02826_02955,0.9312843216485852,0.027220791498859143
4447336863e85fee,2021.10.11.02.57.41_veh-50_02155_02265,0.8978952266395354,2021.10.11.02.57.41_veh-50_02155_02265,0.9107926482793873,0.01289742163985197
44ff523a46c05629,2021.10.05.07.49.39_veh-52_00770_00905,0.878087165457294,2021.10.05.07.49.39_veh-52_00770_00905,0.8927694115787478,0.014682246121453746
45024816c0275064,2021.10.05.07.49.39_veh-52_00770_00905,0.8704737021584567,2021.10.05.07.49.39_veh-52_00770_00905,0.8813725275507771,0.010898825392320455
450824ec3ef35679,2021.07.09.15.53.28_veh-38_00184_02293,0.904423535587903,2021.07.09.15.53.28_veh-38_00184_02293,0.935349380000531,0.030925844412628023
450f27a1f39652ec,2021.07.09.20.26.06_veh-35_02793_03289,0.9371390882308249,2021.07.09.20.26.06_veh-35_02793_03289,0.9807211853715833,0.043582097140758336
451111f6221956c4,2021.06.09.17.23.18_veh-38_01598_01750,1.0,2021.06.09.17.23.18_veh-38_01598_01750,1.0,0.0
45141a99f80a5ca4,2021.10.11.02.57.41_veh-50_02155_02265,0.8728323379434736,2021.10.11.02.57.41_veh-50_02155_02265,0.8870790955506519,0.014246757607178306
451778af83945a84,2021.07.09.15.53.28_veh-38_00184_02293,1.0,2021.07.09.15.53.28_veh-38_00184_02293,1.0,0.0
4531dcdda8b55e7e,2021.07.09.15.53.28_veh-38_00184_02293,1.0,2021.07.09.15.53.28_veh-38_00184_02293,1.0,0.0
454730f7ec7a53d5,2021.07.09.15.53.28_veh-38_00184_02293,0.83977164828119,2021.07.09.15.53.28_veh-38_00184_02293,0.851556482069106,0.01178483378791595
455a180c084a5fe3,2021.07.09.15.53.28_veh-38_00184_02293,1.0,2021.07.09.15.53.28_veh-38_00184_02293,1.0,0.0
459f16faaa0e51bf,2021.10.11.02.57.41_veh-50_01028_01289,0.8601354703658796,2021.10.11.02.57.41_veh-50_01028_01289,0.873328590715931,0.01319312035005149
4654d4efac165b55,2021.07.09.15.53.28_veh-38_00184_02293,0.9825517753396756,2021.07.09.15.53.28_veh-38_00184_02293,0.999920653201913,0.017368877862237397
46f4df809f995260,2021.07.09.15.53.28_veh-38_00184_02293,1.0,2021.07.09.15.53.28_veh-38_00184_02293,1.0,0.0
473469a94bd255b5,2021.06.09.12.06.35_veh-35_01164_01494,0.886272128172875,2021.06.09.12.06.35_veh-35_01164_01494,0.9139926996011533,0.027720571428278218
47520165cdf25645,2021.06.09.20.26.11_veh-35_00970_01216,0.9058339415405484,2021.06.09.20.26.11_veh-35_00970_01216,0.9271480940025357,0.021314152461987312
4761f5676fad5760,2021.07.09.15.53.28_veh-38_00184_02293,0.9113160909854906,2021.07.09.15.53.28_veh-38_00184_02293,0.9314668664786243,0.02015077549313371
47758e53165b5478,2021.06.09.12.51.31_veh-35_01729_02626,0.8786040976350707,2021.06.09.12.51.31_veh-35_01729_02626,0.8861092393811899,0.007505141746119159
47dd5e581cf559fd,2021.06.09.12.51.31_veh-35_01729_02626,0.9750188245207841,2021.06.09.12.51.31_veh-35_01729_02626,0.9930315920348359,0.018012767514051786
4800b224fabb56f2,2021.07.09.15.53.28_veh-38_00184_02293,0.916111333396338,2021.07.09.15.53.28_veh-38_00184_02293,0.930274963920056,0.014163630523718052
486ae50490cf589c,2021.06.09.12.51.31_veh-35_01729_02626,0.997834724580533,2021.06.09.12.51.31_veh-35_01729_02626,1.0,0.002165275419466983
4876b61c929f5180,2021.10.05.08.11.15_veh-50_00437_00585,0.9307490004653195,2021.10.05.08.11.15_veh-50_00437_00585,0.9483238874817274,0.01757488701640786
4878391796105da9,2021.10.05.08.11.15_veh-50_00437_00585,0.8618839944455816,2021.10.05.08.11.15_veh-50_00437_00585,0.8767197880078581,0.01483579356227649
48e72666aed858f6,2021.07.09.15.53.28_veh-38_00184_02293,1.0,2021.07.09.15.53.28_veh-38_00184_02293,0.5833333333333334,-0.41666666666666663
48ed922936d85f0d,2021.07.09.20.26.06_veh-35_02793_03289,0.8868694304337749,2021.07.09.20.26.06_veh-35_02793_03289,0.9011023737905823,0.01423294335680747
48fc3189008a5754,2021.08.31.11.47.30_veh-40_00919_01000,0.9453460768353538,2021.08.31.11.47.30_veh-40_00919_01000,0.9667476968231957,0.021401619987841958
48ff23d4f1d15802,2021.06.09.12.06.35_veh-35_01164_01494,0.9743184710013538,2021.06.09.12.06.35_veh-35_01164_01494,0.9920324372886838,0.01771396628733002
490822629fe05bc3,2021.06.09.12.51.31_veh-35_01729_02626,0.8663775085723326,2021.06.09.12.51.31_veh-35_01729_02626,0.8910226138648146,0.024645105292481984
490c8875ae7a5f43,2021.06.09.20.26.11_veh-35_00970_01216,1.0,2021.06.09.20.26.11_veh-35_00970_01216,1.0,0.0
492174f0a0be5e87,2021.07.09.20.26.06_veh-35_02793_03289,0.9542895512455661,2021.07.09.20.26.06_veh-35_02793_03289,0.9936325097590649,0.03934295851349878
49593af9450356f9,2021.06.09.20.26.11_veh-35_00970_01216,1.0,2021.06.09.20.26.11_veh-35_00970_01216,1.0,0.0
49de524392295e5e,2021.07.09.15.53.28_veh-38_00184_02293,1.0,2021.07.09.15.53.28_veh-38_00184_02293,1.0,0.0
4a0f91eff7365a83,2021.07.09.15.53.28_veh-38_00184_02293,0.9771901177994371,2021.07.09.15.53.28_veh-38_00184_02293,0.9880135466690234,0.010823428869586316
4a55e5cc75c55276,2021.06.09.12.51.31_veh-35_01729_02626,1.0,2021.06.09.12.51.31_veh-35_01729_02626,1.0,0.0
4a823fa4423e526b,2021.06.09.17.23.18_veh-38_01598_01750,1.0,2021.06.09.17.23.18_veh-38_01598_01750,1.0,0.0
4aa20b4afd5d585e,2021.06.09.12.06.35_veh-35_01164_01494,0.9128100670859487,2021.06.09.12.06.35_veh-35_01164_01494,0.9383940845735772,0.025584017487628508
4ab41adbd94856a2,2021.06.09.17.23.18_veh-38_01598_01750,0.9124731235700961,2021.06.09.17.23.18_veh-38_01598_01750,0.9263670209322977,0.01389389736220159
4ac26d15063b57c9,2021.06.09.20.26.11_veh-35_00970_01216,1.0,2021.06.09.20.26.11_veh-35_00970_01216,1.0,0.0
4b012a201ee458a0,2021.07.09.20.26.06_veh-35_02793_03289,0.8933832285719189,2021.07.09.20.26.06_veh-35_02793_03289,0.9072390626831308,0.01385583411121194
4b0684256b7c514b,2021.06.09.12.06.35_veh-35_01164_01494,0.9508622930539423,2021.06.09.12.06.35_veh-35_01164_01494,0.9642542956475347,0.013392002593592411
4b0db1652aa857f0,2021.06.23.17.31.36_veh-16_00016_00377,1.0,2021.06.23.17.31.36_veh-16_00016_00377,1.0,0.0
4b20e22658c258a4,2021.06.09.12.51.31_veh-35_01729_02626,1.0,2021.06.09.12.51.31_veh-35_01729_02626,1.0,0.0
4b5083dbc8205fd4,2021.07.09.15.53.28_veh-38_00184_02293,0.9693319927444076,2021.07.09.15.53.28_veh-38_00184_02293,0.9902371291573363,0.020905136412928682
4b66fd3a626b5be8,2021.10.01.17.52.06_veh-28_01141_01264,0.9907143973153042,2021.10.01.17.52.06_veh-28_01141_01264,1.0,0.009285602684695804
4b8081ab8642513d,2021.10.11.02.57.41_veh-50_02155_02265,0.8663062744818856,2021.10.11.02.57.41_veh-50_02155_02265,0.879254625302237,0.012948350820351395
4b9cb144a34f517d,2021.10.05.07.49.39_veh-52_00770_00905,0.8779922923132397,2021.10.05.07.49.39_veh-52_00770_00905,0.8891451325342264,0.011152840220986726
4bb5e84b73765d38,2021.06.23.17.31.36_veh-16_00016_00377,1.0,2021.06.23.17.31.36_veh-16_00016_00377,1.0,0.0
4bc9550363e85b1a,2021.07.09.15.53.28_veh-38_00184_02293,1.0,2021.07.09.15.53.28_veh-38_00184_02293,1.0,0.0
4c1205c3cd395ed2,2021.06.09.12.51.31_veh-35_01729_02626,1.0,2021.06.09.12.51.31_veh-35_01729_02626,1.0,0.0
4c2f4189a319584d,2021.10.01.17.52.06_veh-28_01141_01264,0.8232641849922951,2021.10.01.17.52.06_veh-28_01141_01264,0.8406749697590223,0.017410784766727194
4c353752376d5c25,2021.06.09.12.06.35_veh-35_01164_01494,0.9513967539995148,2021.06.09.12.06.35_veh-35_01164_01494,0.9656506050094061,0.014253851009891294
4c766faa415253e3,2021.06.09.12.51.31_veh-35_01729_02626,0.8493095226672223,2021.06.09.12.51.31_veh-35_01729_02626,0.8703288839703305,0.02101936130310822
4c85b529b06d5b94,2021.06.09.12.51.31_veh-35_01729_02626,0.842060126490663,2021.06.09.12.51.31_veh-35_01729_02626,0.8684802407906435,0.02642011429998048
4c93ba429cab5645,2021.07.09.15.53.28_veh-38_00184_02293,0.9740075737336954,2021.07.09.15.53.28_veh-38_00184_02293,1.0,0.025992426266304602
4d0eb0b583f853ff,2021.07.09.15.53.28_veh-38_00184_02293,0.88781116633659,2021.07.09.15.53.28_veh-38_00184_02293,0.9102507449216053,0.02243957858501533
4d0efac8ead15d25,2021.06.09.20.26.11_veh-35_00970_01216,0.9138002826746131,2021.06.09.20.26.11_veh-35_00970_01216,0.9360509932469308,0.022250710572317645
4d134b35adf65ce9,2021.07.09.15.53.28_veh-38_00184_02293,0.9668978203269033,2021.07.09.15.53.28_veh-38_00184_02293,0.981769666315428,0.014871845988524646
4d30b4c498505f32,2021.06.09.12.51.31_veh-35_01729_02626,0.9350992283548621,2021.06.09.12.51.31_veh-35_01729_02626,0.9582830969034136,0.02318386854855148
4d3bbcab2f7e5b9c,2021.07.09.15.53.28_veh-38_00184_02293,1.0,2021.07.09.15.53.28_veh-38_00184_02293,1.0,0.0
4d431311516d5e88,2021.10.01.17.52.06_veh-28_01141_01264,0.9765570419913958,2021.10.01.17.52.06_veh-28_01141_01264,1.0,0.023442958008604187
4d492375c1705fc3,2021.10.11.02.57.41_veh-50_02155_02265,0.8452528490328085,2021.10.11.02.57.41_veh-50_02155_02265,0.8541464894998438,0.008893640467035335
4d4d6e694a7f5712,2021.10.11.02.57.41_veh-50_02155_02265,0.8702638951128825,2021.10.11.02.57.41_veh-50_02155_02265,0.8829396882494608,0.012675793136578295
4d540daaddb15826,2021.10.11.02.57.41_veh-50_01028_01289,0.9273338400353622,2021.10.11.02.57.41_veh-50_01028_01289,0.9497595327903626,0.022425692755000393
4dc05b556a2657fa,2021.10.05.07.49.39_veh-52_00770_00905,0.870156465735685,2021.10.05.07.49.39_veh-52_00770_00905,0.8812784986501292,0.011122032914444246
4dcfadf46bc25e5e,2021.10.05.07.49.39_veh-52_00770_00905,0.904885911114615,2021.10.05.07.49.39_veh-52_00770_00905,0.9176385965730871,0.01275268545847208
4e658bb5f80a5664,2021.07.16.22.40.23_veh-38_00204_00360,0.9110546784210238,2021.07.16.22.40.23_veh-38_00204_00360,0.927764481158107,0.016709802737083113
4e6d17912b905e9e,2021.07.09.15.53.28_veh-38_00184_02293,0.9841105899673313,2021.07.09.15.53.28_veh-38_00184_02293,0.5833333333333334,-0.4007772566339979
4e9c5280dadd5f24,2021.10.05.07.49.39_veh-52_00770_00905,0.9306614884561609,2021.10.05.07.49.39_veh-52_00770_00905,0.9432301402355643,0.012568651779403361
4f02764ce23c5c1d,2021.10.11.02.57.41_veh-50_01028_01289,1.0,2021.10.11.02.57.41_veh-50_01028_01289,1.0,0.0
4f1bb67e8f4356a0,2021.07.09.15.53.28_veh-38_00184_02293,0.9756049941574245,2021.07.09.15.53.28_veh-38_00184_02293,0.9877907331830964,0.012185739025671882
4f3e703c35e05679,2021.07.09.20.26.06_veh-35_02793_03289,1.0,2021.07.09.20.26.06_veh-35_02793_03289,1.0,0.0
4f54af46fbf95346,2021.06.09.12.51.31_veh-35_01729_02626,1.0,2021.06.09.12.51.31_veh-35_01729_02626,1.0,0.0
4f733785b3b35f8a,2021.07.09.15.53.28_veh-38_00184_02293,0.8105250201217921,2021.07.09.15.53.28_veh-38_00184_02293,0.8307712981316003,0.020246278009808272
4f8295d76d505277,2021.07.09.15.53.28_veh-38_00184_02293,0.8974578162444851,2021.07.09.15.53.28_veh-38_00184_02293,0.9158720019152408,0.0184141856707557
4f9307fe01455d95,2021.07.09.15.53.28_veh-38_00184_02293,0.8310869333475663,2021.07.09.15.53.28_veh-38_00184_02293,0.8518976841496199,0.020810750802053524
4f9e9b2e8e77599c,2021.06.23.17.31.36_veh-16_00016_00377,1.0,2021.06.23.17.31.36_veh-16_00016_00377,1.0,0.0
4fa81c07c7d75515,2021.07.09.15.53.28_veh-38_00184_02293,1.0,2021.07.09.15.53.28_veh-38_00184_02293,1.0,0.0
4fcd13a2adeb5406,2021.06.09.12.51.31_veh-35_01729_02626,0.9862926066327092,2021.06.09.12.51.31_veh-35_01729_02626,1.0,0.013707393367290766
4fd253304da7581e,2021.10.05.07.49.39_veh-52_00770_00905,0.9078969237674728,2021.10.05.07.49.39_veh-52_00770_00905,0.9229642277959971,0.015067304028524298
4fe2c5e04d795883,2021.10.11.02.57.41_veh-50_01028_01289,0.8762820254453336,2021.10.11.02.57.41_veh-50_01028_01289,0.8900344154436177,0.013752389998284098
4ff0a2b15a835463,2021.10.11.02.57.41_veh-50_01028_01289,0.8439361202331632,2021.10.11.02.57.41_veh-50_01028_01289,0.8497553462465511,0.0058192260133879126
4ffe9e73ad0f5c34,2021.06.09.12.51.31_veh-35_01729_02626,0.8491892268125841,2021.06.09.12.51.31_veh-35_01729_02626,0.8690666327260771,0.019877405913492963
5007e9f5013b5580,2021.08.31.14.01.15_veh-40_01576_01714,0.9250222951589356,2021.08.31.14.01.15_veh-40_01576_01714,0.9394802860706178,0.014457990911682206
505332fa85dc5953,2021.07.09.15.53.28_veh-38_00184_02293,1.0,2021.07.09.15.53.28_veh-38_00184_02293,1.0,0.0
50a4d68137ac5d01,2021.07.09.15.53.28_veh-38_00184_02293,1.0,2021.07.09.15.53.28_veh-38_00184_02293,1.0,0.0
50b0ab9dfc405cae,2021.06.09.12.06.35_veh-35_01164_01494,0.9127452661643405,2021.06.09.12.06.35_veh-35_01164_01494,0.9362423332549975,0.02349706709065702
50d1a9ffaa2c54a4,2021.07.09.20.26.06_veh-35_02793_03289,1.0,2021.07.09.20.26.06_veh-35_02793_03289,1.0,0.0
50de3d17be6c5ced,2021.07.09.20.26.06_veh-35_02793_03289,0.9805698842883341,2021.07.09.20.26.06_veh-35_02793_03289,1.0,0.019430115711665863
50ecb53bbcdd5c19,2021.06.09.12.51.31_veh-35_01729_02626,0.8944624873574117,2021.06.09.12.51.31_veh-35_01729_02626,0.9130875046604862,0.01862501730307442
512f45f4f0ab5a1b,2021.07.09.15.53.28_veh-38_00184_02293,1.0,2021.07.09.15.53.28_veh-38_00184_02293,0.5833333333333334,-0.41666666666666663
515b07ed8b6a5e82,2021.06.23.17.31.36_veh-16_00016_00377,1.0,2021.06.23.17.31.36_veh-16_00016_00377,1.0,0.0
51649a3ccd735dff,2021.06.09.12.51.31_veh-35_01729_02626,0.9803986316633196,2021.06.09.12.51.31_veh-35_01729_02626,1.0,0.019601368336680358
5185fdb2837d502b,2021.07.09.15.53.28_veh-38_00184_02293,0.9648166790843931,2021.07.09.15.53.28_veh-38_00184_02293,0.984294368806164,0.019477689721770997
51bfd099a0795409,2021.08.31.11.47.30_veh-40_00919_01000,0.9303867238785936,2021.08.31.11.47.30_veh-40_00919_01000,0.9572939621383479,0.026907238259754385
51dc80968c9c5e08,2021.10.05.08.11.15_veh-50_00437_00585,0.8860519926749139,2021.10.05.08.11.15_veh-50_00437_00585,0.9004380147716763,0.01438602209676243
51f7835e4ba057be,2021.10.01.17.52.06_veh-28_01141_01264,0.9157803370402089,2021.10.01.17.52.06_veh-28_01141_01264,0.927670090116057,0.011889753075848053
5224265091a55a68,2021.10.05.07.49.39_veh-52_00770_00905,0.9759497884852065,2021.10.05.07.49.39_veh-52_00770_00905,0.9902498955890625,0.014300107103855986
5224833f970051df,2021.06.09.12.51.31_veh-35_01729_02626,0.8785166091713155,2021.06.09.12.51.31_veh-35_01729_02626,0.9018910286095929,0.02337441943827745
522fca1441c455a1,2021.06.09.12.51.31_veh-35_01729_02626,1.0,2021.06.09.12.51.31_veh-35_01729_02626,1.0,0.0
5238b46a3bea52ce,2021.06.09.17.23.18_veh-38_01598_01750,1.0,2021.06.09.17.23.18_veh-38_01598_01750,1.0,0.0
5280d017318c5f4f,2021.07.09.15.53.28_veh-38_00184_02293,1.0,2021.07.09.15.53.28_veh-38_00184_02293,1.0,0.0
52c34d4f01925f11,2021.10.11.02.57.41_veh-50_02155_02265,0.8620363947531487,2021.10.11.02.57.41_veh-50_02155_02265,0.8738273369947033,0.011790942241554525
52d9b7c0daa5529a,2021.07.09.20.26.06_veh-35_02793_03289,1.0,2021.07.09.20.26.06_veh-35_02793_03289,1.0,0.0
5328c67f17ae5e3e,2021.07.09.15.53.28_veh-38_00184_02293,0.9389787810720586,2021.07.09.15.53.28_veh-38_00184_02293,0.953579794590088,0.014601013518029449
537866cb077d586d,2021.07.09.15.53.28_veh-38_00184_02293,1.0,2021.07.09.15.53.28_veh-38_00184_02293,1.0,0.0
5385779df4685a12,2021.06.09.14.50.36_veh-26_02826_02955,1.0,2021.06.09.14.50.36_veh-26_02826_02955,1.0,0.0
539393ec03d3569f,2021.10.11.02.57.41_veh-50_01028_01289,0.8742036174392854,2021.10.11.02.57.41_veh-50_01028_01289,0.8807578067370817,0.006554189297796276
53947195964b5ddc,2021.07.09.15.53.28_veh-38_00184_02293,1.0,2021.07.09.15.53.28_veh-38_00184_02293,1.0,0.0
539519a77270528a,2021.07.09.15.53.28_veh-38_00184_02293,1.0,2021.07.09.15.53.28_veh-38_00184_02293,1.0,0.0
53a2eb4f1d1b5b6e,2021.06.09.12.51.31_veh-35_01729_02626,1.0,2021.06.09.12.51.31_veh-35_01729_02626,1.0,0.0
53ead5dd09575f56,2021.06.09.17.23.18_veh-38_01598_01750,0.9529318870450475,2021.06.09.17.23.18_veh-38_01598_01750,0.9665509830199701,0.013619095974922613
53fbf0500ccf5c81,2021.10.11.02.57.41_veh-50_01028_01289,1.0,2021.10.11.02.57.41_veh-50_01028_01289,1.0,0.0
53fc4d372fa5530d,2021.06.09.12.51.31_veh-35_01729_02626,1.0,2021.06.09.12.51.31_veh-35_01729_02626,1.0,0.0
54631ddbf6855a9a,2021.07.09.15.53.28_veh-38_00184_02293,1.0,2021.07.09.15.53.28_veh-38_00184_02293,1.0,0.0
547b22ed67af5503,2021.06.23.17.31.36_veh-16_00016_00377,0.8533943883152006,2021.06.23.17.31.36_veh-16_00016_00377,0.886351334490881,0.032956946175680346
54cabf997c2e54ec,2021.07.09.15.53.28_veh-38_00184_02293,0.95220477018998,2021.07.09.15.53.28_veh-38_00184_02293,0.9708298394735969,0.018625069283616957
54d3068f889b58ee,2021.07.09.20.26.06_veh-35_02793_03289,0.881464132410712,2021.07.09.20.26.06_veh-35_02793_03289,0.8982449798277425,0.016780847417030564
54ea093eed9f5c7f,2021.06.09.12.06.35_veh-35_01164_01494,0.934634289253817,2021.06.09.12.06.35_veh-35_01164_01494,0.9475510806713627,0.012916791417545759
550c71438a10581d,2021.07.09.15.53.28_veh-38_00184_02293,1.0,2021.07.09.15.53.28_veh-38_00184_02293,1.0,0.0
551a93bd32f95ef1,2021.10.11.02.57.41_veh-50_02155_02265,0.8870841859161622,2021.10.11.02.57.41_veh-50_02155_02265,0.8993882656931248,0.012304079776962573
55934aa7214d511e,2021.07.09.20.26.06_veh-35_02793_03289,0.9057452614852859,2021.07.09.20.26.06_veh-35_02793_03289,0.502546244103665,-0.4031990173816209
559a7a5262b355c3,2021.10.11.02.57.41_veh-50_02155_02265,0.8772384021088504,2021.10.11.02.57.41_veh-50_02155_02265,0.890248847607924,0.013010445499073597
55a358158723559c,2021.07.09.15.53.28_veh-38_00184_02293,1.0,2021.07.09.15.53.28_veh-38_00184_02293,1.0,0.0
55bf0e4266ce5eee,2021.06.09.12.51.31_veh-35_01729_02626,0.9033469642640704,2021.06.09.12.51.31_veh-35_01729_02626,0.9221544544924596,0.018807490228389234
55c60c81e14e5d94,2021.07.09.15.53.28_veh-38_00184_02293,1.0,2021.07.09.15.53.28_veh-38_00184_02293,1.0,0.0
55d627edf1c05c6c,2021.06.09.12.06.35_veh-35_01164_01494,1.0,2021.06.09.12.06.35_veh-35_01164_01494,1.0,0.0
55d8e5c3dd4657d5,2021.10.11.02.57.41_veh-50_01028_01289,0.8815270999005737,2021.10.11.02.57.41_veh-50_01028_01289,0.8954949360097862,0.013967836109212595
56197cc9035d51a9,2021.07.09.20.26.06_veh-35_02793_03289,0.9587425460734492,2021.07.09.20.26.06_veh-35_02793_03289,0.9719820752181141,0.013239529144664863
562fcb37e4e05697,2021.07.09.15.53.28_veh-38_00184_02293,1.0,2021.07.09.15.53.28_veh-38_00184_02293,1.0,0.0
5648007488815d22,2021.07.09.15.53.28_veh-38_00184_02293,1.0,2021.07.09.15.53.28_veh-38_00184_02293,1.0,0.0
566e8d71b2da589a,2021.10.05.07.49.39_veh-52_00770_00905,1.0,2021.10.05.07.49.39_veh-52_00770_00905,1.0,0.0
5689b5417b1b59fa,2021.10.11.02.57.41_veh-50_01028_01289,0.8791235450889391,2021.10.11.02.57.41_veh-50_01028_01289,0.8943481486888052,0.015224603599866104
56910770f2c1527a,2021.07.09.20.26.06_veh-35_02793_03289,1.0,2021.07.09.20.26.06_veh-35_02793_03289,1.0,0.0
56951c953e93531f,2021.07.09.15.53.28_veh-38_00184_02293,0.9478925902500149,2021.07.09.15.53.28_veh-38_00184_02293,0.9653010196549072,0.01740842940489229
56955c6aafab5e58,2021.07.09.15.53.28_veh-38_00184_02293,0.9168351078484456,2021.07.09.15.53.28_veh-38_00184_02293,0.9271496016092279,0.010314493760782306
56c1c01423045c64,2021.07.09.20.26.06_veh-35_02793_03289,1.0,2021.07.09.20.26.06_veh-35_02793_03289,1.0,0.0
56cbb46576da5737,2021.06.09.20.26.11_veh-35_00970_01216,0.9200586133659732,2021.06.09.20.26.11_veh-35_00970_01216,0.9566494590083193,0.03659084564234616
5727f0aed1fa5000,2021.07.09.15.53.28_veh-38_00184_02293,1.0,2021.07.09.15.53.28_veh-38_00184_02293,1.0,0.0
572befcf57675103,2021.07.09.15.53.28_veh-38_00184_02293,0.9738239864843149,2021.07.09.15.53.28_veh-38_00184_02293,0.9954869973711866,0.021663010886871725
577dd51dad5c513c,2021.07.09.15.53.28_veh-38_00184_02293,1.0,2021.07.09.15.53.28_veh-38_00184_02293,1.0,0.0
57e56c60ae355a07,2021.06.23.17.31.36_veh-16_00016_00377,0.877090142765612,2021.06.23.17.31.36_veh-16_00016_00377,0.8893693714711519,0.01227922870553988
57ee8b6bcf335177,2021.08.31.14.01.15_veh-40_01576_01714,1.0,2021.08.31.14.01.15_veh-40_01576_01714,1.0,0.0
57f67c6a726a5dd2,2021.10.11.02.57.41_veh-50_02155_02265,0.8172614257336219,2021.10.11.02.57.41_veh-50_02155_02265,0.825107374616568,0.007845948882946097
5827e60e48d756b4,2021.06.09.17.23.18_veh-38_01598_01750,0.9224908168116746,2021.06.09.17.23.18_veh-38_01598_01750,0.9365921082640519,0.014101291452377374
583d770feb1f50e6,2021.07.09.15.53.28_veh-38_00184_02293,1.0,2021.07.09.15.53.28_veh-38_00184_02293,1.0,0.0
58405a1838c55fce,2021.07.09.15.53.28_veh-38_00184_02293,1.0,2021.07.09.15.53.28_veh-38_00184_02293,1.0,0.0
58877588439e5ce1,2021.07.09.15.53.28_veh-38_00184_02293,0.0,2021.07.09.15.53.28_veh-38_00184_02293,0.5601205916038342,0.5601205916038342
58be05020c705538,2021.06.09.14.50.36_veh-26_02826_02955,0.8333333333333334,2021.06.09.14.50.36_veh-26_02826_02955,0.8333333333333334,0.0
58bfaccfd1865d81,2021.10.11.02.57.41_veh-50_02155_02265,0.9005860589577285,2021.10.11.02.57.41_veh-50_02155_02265,0.9156645527303061,0.015078493772577639
58d478dd02905d2e,2021.10.05.07.49.39_veh-52_00770_00905,0.8799011507450327,2021.10.05.07.49.39_veh-52_00770_00905,0.907760289552388,0.027859138807355244
5911aec9fe745d2a,2021.07.09.15.53.28_veh-38_00184_02293,0.8488346703727153,2021.07.09.15.53.28_veh-38_00184_02293,0.8682180055591173,0.019383335186402006
592e6aa71cc85423,2021.06.09.12.06.35_veh-35_01164_01494,0.9446982720518354,2021.06.09.12.06.35_veh-35_01164_01494,0.9969347738859377,0.05223650183410222
594cd290a93f538a,2021.10.05.07.49.39_veh-52_00770_00905,0.9019926971846534,2021.10.05.07.49.39_veh-52_00770_00905,0.924274563544197,0.022281866359543656
5980823125de5b77,2021.06.09.12.06.35_veh-35_01164_01494,0.9157623925692239,2021.06.09.12.06.35_veh-35_01164_01494,0.9286135249689021,0.012851132399678278
59a1bb2069d057ed,2021.06.09.12.51.31_veh-35_01729_02626,0.8110938121159705,2021.06.09.12.51.31_veh-35_01729_02626,0.8318747228080383,0.020780910692067778
59bfda4a7e5956eb,2021.06.09.12.51.31_veh-35_01729_02626,1.0,2021.06.09.12.51.31_veh-35_01729_02626,1.0,0.0
59c510d3bccd5105,2021.07.09.15.53.28_veh-38_00184_02293,0.9475646597519137,2021.07.09.15.53.28_veh-38_00184_02293,0.9683216921518815,0.020757032399967734
59cd72291d1b5c61,2021.06.09.12.06.35_veh-35_01164_01494,0.9689005390273167,2021.06.09.12.06.35_veh-35_01164_01494,0.9879926785637299,0.0190921395364132
5a0d659cee41562b,2021.07.09.15.53.28_veh-38_00184_02293,1.0,2021.07.09.15.53.28_veh-38_00184_02293,1.0,0.0
5a4abee0269d5262,2021.06.09.12.51.31_veh-35_01729_02626,0.9370924358444667,2021.06.09.12.51.31_veh-35_01729_02626,0.9557598742790786,0.018667438434611938
5a8f0cf120495354,2021.06.23.17.31.36_veh-16_00016_00377,1.0,2021.06.23.17.31.36_veh-16_00016_00377,1.0,0.0
5a9dd500d2f15c87,2021.07.16.22.40.23_veh-38_00204_00360,0.9658924323626762,2021.07.16.22.40.23_veh-38_00204_00360,0.9840057398554455,0.018113307492769293
5ab86590974953e9,2021.06.09.20.26.11_veh-35_00970_01216,0.9702219158493562,2021.06.09.20.26.11_veh-35_00970_01216,0.9810385394767774,0.010816623627421196
5ad9e7defd1150e4,2021.10.05.08.11.15_veh-50_00437_00585,0.8976069229541114,2021.10.05.08.11.15_veh-50_00437_00585,0.9086111002290876,0.011004177274976268
5afc918b7a185eaa,2021.07.09.15.53.28_veh-38_00184_02293,1.0,2021.07.09.15.53.28_veh-38_00184_02293,1.0,0.0
5b03bd8400375f7e,2021.08.31.14.01.15_veh-40_01576_01714,0.9696197667025602,2021.08.31.14.01.15_veh-40_01576_01714,0.9793189427319159,0.00969917602935566
5b1c2e8998585889,2021.07.09.15.53.28_veh-38_00184_02293,0.8754123190915045,2021.07.09.15.53.28_veh-38_00184_02293,0.8870202414131904,0.011607922321685837
5b1c7c1d71e85bd9,2021.06.09.12.06.35_veh-35_01164_01494,0.92653941089877,2021.06.09.12.06.35_veh-35_01164_01494,0.9502423965979995,0.023702985699229462
5b31ae74a6235b13,2021.07.09.15.53.28_veh-38_00184_02293,0.9714952450219974,2021.07.09.15.53.28_veh-38_00184_02293,1.0,0.028504754978002644
5b33f44a53c35e48,2021.07.09.20.26.06_veh-35_02793_03289,1.0,2021.07.09.20.26.06_veh-35_02793_03289,1.0,0.0
5b7e8c4975ba58ec,2021.07.09.20.26.06_veh-35_02793_03289,1.0,2021.07.09.20.26.06_veh-35_02793_03289,1.0,0.0
5b8ed32be3d355d2,2021.07.09.15.53.28_veh-38_00184_02293,0.9675180029571265,2021.07.09.15.53.28_veh-38_00184_02293,0.9839283480153341,0.016410345058207598
5b9d89b5e90257d8,2021.06.09.12.06.35_veh-35_01164_01494,0.9890285949748554,2021.06.09.12.06.35_veh-35_01164_01494,1.0,0.010971405025144598
5bb0b67e360f5a85,2021.08.31.11.47.30_veh-40_00919_01000,0.9263756114130045,2021.08.31.11.47.30_veh-40_00919_01000,0.9419787801337733,0.015603168720768834
5bbe0b33a6375afe,2021.07.09.15.53.28_veh-38_00184_02293,1.0,2021.07.09.15.53.28_veh-38_00184_02293,1.0,0.0
5bdbf4af20945e83,2021.07.09.15.53.28_veh-38_00184_02293,0.9222749767811785,2021.07.09.15.53.28_veh-38_00184_02293,0.9477370822747925,0.02546210549361394
5be2f48d93925c02,2021.07.09.15.53.28_veh-38_00184_02293,0.9038009288039306,2021.07.09.15.53.28_veh-38_00184_02293,0.9116869645785078,0.00788603577457725
5bf6deabdf1355a1,2021.10.11.02.57.41_veh-50_02155_02265,0.9039840427417052,2021.10.11.02.57.41_veh-50_02155_02265,0.9168904391834253,0.012906396441720092
5bfc2ed8a9e55b31,2021.10.11.02.57.41_veh-50_01028_01289,0.8338675525578628,2021.10.11.02.57.41_veh-50_01028_01289,0.8424671339846398,0.00859958142677697
5c62daecead15772,2021.08.31.14.01.15_veh-40_01576_01714,0.959515120364775,2021.08.31.14.01.15_veh-40_01576_01714,0.9723445641751353,0.01282944381036022
5d0b6e2c0cad53ce,2021.07.09.15.53.28_veh-38_00184_02293,0.8439646347538972,2021.07.09.15.53.28_veh-38_00184_02293,0.8640595606221845,0.020094925868287317
5d2ee5c23b555bac,2021.06.09.12.06.35_veh-35_01164_01494,0.9880925606319488,2021.06.09.12.06.35_veh-35_01164_01494,1.0,0.011907439368051165
5d5971cc468954e3,2021.08.31.14.01.15_veh-40_01576_01714,0.9147157257777995,2021.08.31.14.01.15_veh-40_01576_01714,0.9266725291986658,0.011956803420866358
5d626b0485e65f74,2021.10.11.02.57.41_veh-50_01028_01289,0.8547980570937486,2021.10.11.02.57.41_veh-50_01028_01289,0.8612752999573976,0.006477242863649035
5d64663f086f5773,2021.10.05.07.49.39_veh-52_00770_00905,1.0,2021.10.05.07.49.39_veh-52_00770_00905,1.0,0.0
5d6fd74f1a555e69,2021.06.23.17.31.36_veh-16_00016_00377,0.9713008058534934,2021.06.23.17.31.36_veh-16_00016_00377,0.9836044288375962,0.012303622984102813
5d95e24db2fa5ada,2021.07.09.15.53.28_veh-38_00184_02293,1.0,2021.07.09.15.53.28_veh-38_00184_02293,1.0,0.0
5dc2c6ffad8b5dd5,2021.06.09.12.51.31_veh-35_01729_02626,0.8636828321469002,2021.06.09.12.51.31_veh-35_01729_02626,0.8837678127019428,0.020084980555042597
5ded7f2e94075a10,2021.07.16.22.40.23_veh-38_00204_00360,1.0,2021.07.16.22.40.23_veh-38_00204_00360,1.0,0.0
5e6051742abd5859,2021.06.09.12.51.31_veh-35_01729_02626,0.8236105234031906,2021.06.09.12.51.31_veh-35_01729_02626,0.8494099936111669,0.02579947020797624
5eea58c0ed9d5b4d,2021.07.09.15.53.28_veh-38_00184_02293,1.0,2021.07.09.15.53.28_veh-38_00184_02293,1.0,0.0
5f1d8aea61145907,2021.10.11.02.57.41_veh-50_01028_01289,0.8549196457083612,2021.10.11.02.57.41_veh-50_01028_01289,0.8701699775167455,0.01525033180838431
5f2e24464be0511a,2021.07.09.15.53.28_veh-38_00184_02293,0.974078760782699,2021.07.09.15.53.28_veh-38_00184_02293,0.99211045199799,0.018031691215291024
5f5d82af40575c3a,2021.07.09.15.53.28_veh-38_00184_02293,1.0,2021.07.09.15.53.28_veh-38_00184_02293,1.0,0.0
5f6dc8b1b2475507,2021.06.09.17.23.18_veh-38_01598_01750,1.0,2021.06.09.17.23.18_veh-38_01598_01750,1.0,0.0
5f7dadb16c9858e6,2021.10.11.02.57.41_veh-50_01028_01289,0.8713754517674724,2021.10.11.02.57.41_veh-50_01028_01289,0.8846636308352237,0.01328817906775126
5f9d781b4e0a5e25,2021.07.09.15.53.28_veh-38_00184_02293,1.0,2021.07.09.15.53.28_veh-38_00184_02293,1.0,0.0
5fbbd408b7395036,2021.07.09.15.53.28_veh-38_00184_02293,1.0,2021.07.09.15.53.28_veh-38_00184_02293,1.0,0.0
5fec23f5a5d052cd,2021.06.09.12.06.35_veh-35_01164_01494,0.9586216373811721,2021.06.09.12.06.35_veh-35_01164_01494,0.9743309727522976,0.01570933537112551
600b68fede18549b,2021.07.09.20.26.06_veh-35_02793_03289,0.9883100570523689,2021.07.09.20.26.06_veh-35_02793_03289,1.0,0.011689942947631149
6033b22b61b55675,2021.10.05.07.49.39_veh-52_00770_00905,0.8542712509235065,2021.10.05.07.49.39_veh-52_00770_00905,0.8624875902396806,0.008216339316174048
606628cc32715abd,2021.07.09.15.53.28_veh-38_00184_02293,1.0,2021.07.09.15.53.28_veh-38_00184_02293,1.0,0.0
60966830452a5fdb,2021.07.09.15.53.28_veh-38_00184_02293,1.0,2021.07.09.15.53.28_veh-38_00184_02293,1.0,0.0
60c8ea16ac0c5d80,2021.07.09.15.53.28_veh-38_00184_02293,1.0,2021.07.09.15.53.28_veh-38_00184_02293,1.0,0.0
60d83af8e3ec5296,2021.07.09.15.53.28_veh-38_00184_02293,0.997843554155391,2021.07.09.15.53.28_veh-38_00184_02293,1.0,0.002156445844608945
60d918263c15569b,2021.06.09.12.51.31_veh-35_01729_02626,0.8212223942619935,2021.06.09.12.51.31_veh-35_01729_02626,0.8455233032121138,0.02430090895012027
60dbf95d482051e1,2021.06.09.12.51.31_veh-35_01729_02626,1.0,2021.06.09.12.51.31_veh-35_01729_02626,1.0,0.0
615150631a0d5359,2021.07.09.15.53.28_veh-38_00184_02293,0.9636215503399276,2021.07.09.15.53.28_veh-38_00184_02293,0.9792670046422,0.015645454302272377
6158d35892e55941,2021.10.05.08.11.15_veh-50_00437_00585,0.9888285671116455,2021.10.05.08.11.15_veh-50_00437_00585,1.0,0.011171432888354538
619751e2f7d45698,2021.07.09.20.26.06_veh-35_02793_03289,1.0,2021.07.09.20.26.06_veh-35_02793_03289,1.0,0.0
619b51912d2b518f,2021.10.11.02.57.41_veh-50_01028_01289,0.8792274976775473,2021.10.11.02.57.41_veh-50_01028_01289,0.8921449136683627,0.012917415990815417
61a1cff677ad53ae,2021.07.09.20.26.06_veh-35_02793_03289,1.0,2021.07.09.20.26.06_veh-35_02793_03289,1.0,0.0
61b475b0e8de50d4,2021.07.09.15.53.28_veh-38_00184_02293,0.9348985074306925,2021.07.09.15.53.28_veh-38_00184_02293,0.9487807487974727,0.01388224136678018
61b8de25e8b35665,2021.06.09.17.23.18_veh-38_01598_01750,0.816387987825609,2021.06.09.17.23.18_veh-38_01598_01750,0.8340224822924882,0.017634494466879258
61ec98105b6454d1,2021.07.09.15.53.28_veh-38_00184_02293,0.830204883402669,2021.07.09.15.53.28_veh-38_00184_02293,0.8470848248711359,0.01687994146846694
6209313b0b66517c,2021.06.23.17.31.36_veh-16_00016_00377,0.9301468002159362,2021.06.23.17.31.36_veh-16_00016_00377,0.943024084384192,0.012877284168255843
62292b644c765f2d,2021.07.09.15.53.28_veh-38_00184_02293,0.899429548261744,2021.07.09.15.53.28_veh-38_00184_02293,0.9068715314503976,0.007441983188653523
629a2f2a44f6575d,2021.06.23.17.31.36_veh-16_00016_00377,0.8617668425638766,2021.06.23.17.31.36_veh-16_00016_00377,0.8737706214562259,0.01200377889234927
62eeaae653ad58c0,2021.07.09.15.53.28_veh-38_00184_02293,1.0,2021.07.09.15.53.28_veh-38_00184_02293,1.0,0.0
6312e02de8755c63,2021.10.11.02.57.41_veh-50_01028_01289,0.9308757330416088,2021.10.11.02.57.41_veh-50_01028_01289,0.956066794868795,0.025191061827186223
6320ecb991675a39,2021.10.05.08.11.15_veh-50_00437_00585,0.8616421545999123,2021.10.05.08.11.15_veh-50_00437_00585,0.8721631619023936,0.010521007302481289
6339f2317047535d,2021.06.23.17.31.36_veh-16_00016_00377,0.9140731902420628,2021.06.23.17.31.36_veh-16_00016_00377,0.9340543763938641,0.019981186151801333
633ee0b9bc865394,2021.06.09.12.06.35_veh-35_01164_01494,0.8881211678748399,2021.06.09.12.06.35_veh-35_01164_01494,0.9105475450281905,0.022426377153350607
635bb611aa9a56e9,2021.06.09.20.26.11_veh-35_00970_01216,0.861171571564897,2021.06.09.20.26.11_veh-35_00970_01216,0.8813288193972149,0.02015724783231787
63747a8878bf5f38,2021.06.09.12.51.31_veh-35_01729_02626,0.834997553285794,2021.06.09.12.51.31_veh-35_01729_02626,0.8569336555782884,0.02193610229249443
637e5b6294fb5db8,2021.06.09.12.51.31_veh-35_01729_02626,1.0,2021.06.09.12.51.31_veh-35_01729_02626,1.0,0.0
63c8f3d715e85c4f,2021.10.05.08.11.15_veh-50_00437_00585,0.8927693302059277,2021.10.05.08.11.15_veh-50_00437_00585,0.9040981547407799,0.011328824534852178
63e276d858f35dc0,2021.07.09.15.53.28_veh-38_00184_02293,0.9728896276574449,2021.07.09.15.53.28_veh-38_00184_02293,0.993795087071447,0.020905459414002125
63f9372237ab5b50,2021.10.11.02.57.41_veh-50_01028_01289,0.8580451678053892,2021.10.11.02.57.41_veh-50_01028_01289,0.8710061112420618,0.012960943436672645
6440483e348d5f99,2021.07.09.20.26.06_veh-35_02793_03289,1.0,2021.07.09.20.26.06_veh-35_02793_03289,1.0,0.0
644b320b4ec559de,2021.07.09.15.53.28_veh-38_00184_02293,1.0,2021.07.09.15.53.28_veh-38_00184_02293,1.0,0.0
64832cd542ba5fbc,2021.07.09.20.26.06_veh-35_02793_03289,0.936912614244037,2021.07.09.20.26.06_veh-35_02793_03289,0.9480797138317941,0.011167099587757079
6483af7092d15ada,2021.06.09.12.51.31_veh-35_01729_02626,1.0,2021.06.09.12.51.31_veh-35_01729_02626,1.0,0.0
649ab25cb5fe57ab,2021.06.09.20.26.11_veh-35_00970_01216,0.9303496933524554,2021.06.09.20.26.11_veh-35_00970_01216,0.9436924151520923,0.013342721799636914
64f48caa82ee547c,2021.06.23.17.31.36_veh-16_00016_00377,0.9268265416079545,2021.06.23.17.31.36_veh-16_00016_00377,0.9419363014814449,0.015109759873490392
6513ddef308f553f,2021.06.23.17.31.36_veh-16_00016_00377,1.0,2021.06.23.17.31.36_veh-16_00016_00377,1.0,0.0
6524dc3754d95750,2021.07.09.15.53.28_veh-38_00184_02293,0.9496705418614976,2021.07.09.15.53.28_veh-38_00184_02293,0.9618981934270073,0.012227651565509756
6563dc1cfa4f5cce,2021.06.09.20.26.11_veh-35_00970_01216,0.9645860950900991,2021.06.09.20.26.11_veh-35_00970_01216,0.9757661345305619,0.011180039440462863
65cf5ab5da625c92,2021.07.09.15.53.28_veh-38_00184_02293,1.0,2021.07.09.15.53.28_veh-38_00184_02293,1.0,0.0
65dfcaf9f5ae5544,2021.07.09.15.53.28_veh-38_00184_02293,0.9278633694464337,2021.07.09.15.53.28_veh-38_00184_02293,0.9397933044424477,0.011929934996014024
65eb702f91da53f9,2021.07.09.20.26.06_veh-35_02793_03289,1.0,2021.07.09.20.26.06_veh-35_02793_03289,1.0,0.0
660a6c8bb9f85c97,2021.06.09.17.23.18_veh-38_01598_01750,1.0,2021.06.09.17.23.18_veh-38_01598_01750,1.0,0.0
6639e46adc8a5387,2021.07.09.15.53.28_veh-38_00184_02293,1.0,2021.07.09.15.53.28_veh-38_00184_02293,1.0,0.0
66817c00a54e53f0,2021.06.09.12.51.31_veh-35_01729_02626,0.9026288181722776,2021.06.09.12.51.31_veh-35_01729_02626,0.927458003117852,0.0248291849455744
66d11076d8de59c1,2021.07.09.20.26.06_veh-35_02793_03289,0.9334134782137307,2021.07.09.20.26.06_veh-35_02793_03289,0.9578036440734117,0.024390165859681012
66d20874271b558f,2021.08.31.14.01.15_veh-40_01576_01714,0.9202618010646005,2021.08.31.14.01.15_veh-40_01576_01714,0.931108832877089,0.010847031812488472
679848c50acb5b02,2021.06.09.12.06.35_veh-35_01164_01494,1.0,2021.06.09.12.06.35_veh-35_01164_01494,1.0,0.0
67a4f804ff5556cb,2021.08.31.11.47.30_veh-40_00919_01000,0.9111506525286308,2021.08.31.11.47.30_veh-40_00919_01000,0.9231856671927262,0.0120350146640954
67b3098372645d8b,2021.10.11.02.57.41_veh-50_01028_01289,0.834351315721749,2021.10.11.02.57.41_veh-50_01028_01289,0.8406113369102431,0.006260021188494114
685b63993c6750d7,2021.07.09.15.53.28_veh-38_00184_02293,1.0,2021.07.09.15.53.28_veh-38_00184_02293,1.0,0.0
6860494f3bf55348,2021.07.09.20.26.06_veh-35_02793_03289,0.9327473880242935,2021.07.09.20.26.06_veh-35_02793_03289,0.9430500686772607,0.010302680652967244
68aeef84783d53ea,2021.07.09.20.26.06_veh-35_02793_03289,1.0,2021.07.09.20.26.06_veh-35_02793_03289,1.0,0.0
68d4c704a0fc5cb7,2021.07.09.15.53.28_veh-38_00184_02293,1.0,2021.07.09.15.53.28_veh-38_00184_02293,1.0,0.0
68d60fd55b6b5436,2021.07.09.15.53.28_veh-38_00184_02293,0.921482784957052,2021.07.09.15.53.28_veh-38_00184_02293,0.9432994997016881,0.02181671474463609
694febdb81105aa6,2021.06.09.12.06.35_veh-35_01164_01494,1.0,2021.06.09.12.06.35_veh-35_01164_01494,1.0,0.0
6967bd153dd859aa,2021.07.09.15.53.28_veh-38_00184_02293,0.9965253747254011,2021.07.09.15.53.28_veh-38_00184_02293,1.0,0.0034746252745988526
6985bce9bf3f5165,2021.07.09.15.53.28_veh-38_00184_02293,1.0,2021.07.09.15.53.28_veh-38_00184_02293,1.0,0.0
69912c13560f5d32,2021.07.09.20.26.06_veh-35_02793_03289,1.0,2021.07.09.20.26.06_veh-35_02793_03289,1.0,0.0
69942d2c55045583,2021.07.09.15.53.28_veh-38_00184_02293,1.0,2021.07.09.15.53.28_veh-38_00184_02293,1.0,0.0
69dc5b99e8495527,2021.07.09.15.53.28_veh-38_00184_02293,0.9660514254597525,2021.07.09.15.53.28_veh-38_00184_02293,0.9849977885293523,0.018946363069599736
6a0942a7edb6507e,2021.07.16.22.40.23_veh-38_00204_00360,1.0,2021.07.16.22.40.23_veh-38_00204_00360,1.0,0.0
6a2198d9282c54ea,2021.07.09.20.26.06_veh-35_02793_03289,0.9323709516300204,2021.07.09.20.26.06_veh-35_02793_03289,0.962935943259447,0.030564991629426608
6a2c8800bace516a,2021.07.09.15.53.28_veh-38_00184_02293,0.9540180928422165,2021.07.09.15.53.28_veh-38_00184_02293,0.963256747098875,0.009238654256658485
6a5e2d6a365e51e3,2021.10.05.07.49.39_veh-52_00770_00905,1.0,2021.10.05.07.49.39_veh-52_00770_00905,1.0,0.0
6a8d143de4885b52,2021.06.09.20.26.11_veh-35_00970_01216,0.9382577194016101,2021.06.09.20.26.11_veh-35_00970_01216,0.9543986960293037,0.01614097662769365
6a956d4c705d59fa,2021.06.09.12.51.31_veh-35_01729_02626,0.9216013325463653,2021.06.09.12.51.31_veh-35_01729_02626,0.9368781117722236,0.015276779225858239
6a9a24d0bacf5229,2021.06.09.12.06.35_veh-35_01164_01494,0.89481595418866,2021.06.09.12.06.35_veh-35_01164_01494,0.9152929392688103,0.02047698508015028
6a9bb2303a4c5c72,2021.08.31.11.47.30_veh-40_00919_01000,0.872581533181524,2021.08.31.11.47.30_veh-40_00919_01000,0.9003802872610969,0.027798754079572885
6aaddfb6748e5902,2021.07.09.15.53.28_veh-38_00184_02293,1.0,2021.07.09.15.53.28_veh-38_00184_02293,1.0,0.0
6b0342e0299e53b5,2021.07.09.15.53.28_veh-38_00184_02293,1.0,2021.07.09.15.53.28_veh-38_00184_02293,1.0,0.0
6b0d235a84a556ac,2021.07.09.15.53.28_veh-38_00184_02293,0.9314031708334247,2021.07.09.15.53.28_veh-38_00184_02293,0.9548061593301057,0.023402988496680988
6b309e6010535fcc,2021.07.09.20.26.06_veh-35_02793_03289,0.9628513129251345,2021.07.09.20.26.06_veh-35_02793_03289,0.9765396020634215,0.013688289138287013
6bb2613a221e5fc8,2021.08.31.11.47.30_veh-40_00919_01000,1.0,2021.08.31.11.47.30_veh-40_00919_01000,1.0,0.0
6bd9815c03125877,2021.10.11.02.57.41_veh-50_02155_02265,0.8836655553212721,2021.10.11.02.57.41_veh-50_02155_02265,0.8956636026211816,0.011998047299909498
6c00f7eb11a35083,2021.10.11.02.57.41_veh-50_02155_02265,0.883057568477783,2021.10.11.02.57.41_veh-50_02155_02265,0.8953081003840286,0.012250531906245588
6c14868b34cd5cbf,2021.07.09.15.53.28_veh-38_00184_02293,1.0,2021.07.09.15.53.28_veh-38_00184_02293,1.0,0.0
6c4e378311d55950,2021.07.09.15.53.28_veh-38_00184_02293,0.9555924438418201,2021.07.09.15.53.28_veh-38_00184_02293,0.9867460026702201,0.031153558828399985
6c96474a9c865359,2021.10.05.08.11.15_veh-50_00437_00585,0.8797875580632049,2021.10.05.08.11.15_veh-50_00437_00585,0.8906597064991582,0.0108721484359533
6ce1ef9b8d515884,2021.10.11.02.57.41_veh-50_02155_02265,0.8144876266771043,2021.10.11.02.57.41_veh-50_02155_02265,0.8225611725545859,0.008073545877481658
6d00b13ae44d54a2,2021.07.09.20.26.06_veh-35_02793_03289,1.0,2021.07.09.20.26.06_veh-35_02793_03289,1.0,0.0
6d041be110a95545,2021.07.09.15.53.28_veh-38_00184_02293,1.0,2021.07.09.15.53.28_veh-38_00184_02293,1.0,0.0
6d44fd636c0953ad,2021.07.09.15.53.28_veh-38_00184_02293,0.8644898621167535,2021.07.09.15.53.28_veh-38_00184_02293,0.8759399255149415,0.011450063398187993
6d8cdad401125079,2021.07.09.15.53.28_veh-38_00184_02293,0.9459522504514032,2021.07.09.15.53.28_veh-38_00184_02293,0.9659712160626176,0.020018965611214412
6d9f1b3847705ce1,2021.07.09.20.26.06_veh-35_02793_03289,0.9207743950453198,2021.07.09.20.26.06_veh-35_02793_03289,0.9332692991697821,0.012494904124462303
6da35526f29f550a,2021.07.09.20.26.06_veh-35_02793_03289,1.0,2021.07.09.20.26.06_veh-35_02793_03289,1.0,0.0
6db0c73631c555b0,2021.07.09.15.53.28_veh-38_00184_02293,0.9788849706416599,2021.07.09.15.53.28_veh-38_00184_02293,0.9947547912126457,0.015869820570985738
6dc4975ee9915cb2,2021.07.09.15.53.28_veh-38_00184_02293,1.0,2021.07.09.15.53.28_veh-38_00184_02293,1.0,0.0
6dee7c049737527b,2021.07.09.15.53.28_veh-38_00184_02293,0.9152508991030285,2021.07.09.15.53.28_veh-38_00184_02293,0.9307728016422483,0.015521902539219812
6e2af7ec92495e06,2021.07.09.20.26.06_veh-35_02793_03289,0.9314618227784409,2021.07.09.20.26.06_veh-35_02793_03289,0.9450290317269743,0.01356720894853336
6e52df2cd43c5bca,2021.07.09.15.53.28_veh-38_00184_02293,1.0,2021.07.09.15.53.28_veh-38_00184_02293,1.0,0.0
6e8c5b6b0aaf5f6d,2021.07.09.15.53.28_veh-38_00184_02293,1.0,2021.07.09.15.53.28_veh-38_00184_02293,1.0,0.0
6ee8095e2d8b599c,2021.06.09.12.06.35_veh-35_01164_01494,0.9738473127948014,2021.06.09.12.06.35_veh-35_01164_01494,0.9937198118521203,0.019872499057318915
6ef77d4b725a5cf4,2021.10.05.08.11.15_veh-50_00437_00585,0.8394249331823992,2021.10.05.08.11.15_veh-50_00437_00585,0.853943407829965,0.014518474647565838
6f26763a3a8859a9,2021.06.09.12.51.31_veh-35_01729_02626,1.0,2021.06.09.12.51.31_veh-35_01729_02626,1.0,0.0
6f2d8e1d48865f32,2021.07.09.15.53.28_veh-38_00184_02293,0.8868295274066816,2021.07.09.15.53.28_veh-38_00184_02293,0.9066693349763417,0.019839807569660084
6f4f64fd1b145598,2021.07.09.15.53.28_veh-38_00184_02293,0.8430468739994678,2021.07.09.15.53.28_veh-38_00184_02293,0.8618367632320747,0.018789889232606938
6f6d3439591151c0,2021.06.09.12.06.35_veh-35_01164_01494,1.0,2021.06.09.12.06.35_veh-35_01164_01494,1.0,0.0
6fcb034448195e87,2021.06.09.12.06.35_veh-35_01164_01494,0.9465486374147557,2021.06.09.12.06.35_veh-35_01164_01494,0.9617862674844373,0.015237630069681596
6fdf0151dd905608,2021.07.09.15.53.28_veh-38_00184_02293,1.0,2021.07.09.15.53.28_veh-38_00184_02293,1.0,0.0
6fe8c6e82de65156,2021.07.09.15.53.28_veh-38_00184_02293,1.0,2021.07.09.15.53.28_veh-38_00184_02293,1.0,0.0
701c62d42cdf5cfa,2021.07.09.15.53.28_veh-38_00184_02293,0.8561729871396455,2021.07.09.15.53.28_veh-38_00184_02293,0.8661344563170307,0.009961469177385163
7020151396535655,2021.08.31.14.01.15_veh-40_01576_01714,1.0,2021.08.31.14.01.15_veh-40_01576_01714,1.0,0.0
703f27b09d325c11,2021.06.09.12.06.35_veh-35_01164_01494,0.967913290594252,2021.06.09.12.06.35_veh-35_01164_01494,0.9826056154501078,0.01469232485585581
7081f406cf8352ad,2021.10.05.07.49.39_veh-52_00770_00905,0.9032778160140186,2021.10.05.07.49.39_veh-52_00770_00905,0.9137922443209896,0.010514428306971024
70c37dde93f25c64,2021.06.09.12.06.35_veh-35_01164_01494,0.9623823721567032,2021.06.09.12.06.35_veh-35_01164_01494,0.9755824315353943,0.013200059378691065
710c63523d4d5e05,2021.06.23.17.31.36_veh-16_00016_00377,1.0,2021.06.23.17.31.36_veh-16_00016_00377,1.0,0.0
71e6ee340d1756fd,2021.06.09.12.51.31_veh-35_01729_02626,0.9676767971708752,2021.06.09.12.51.31_veh-35_01729_02626,0.98556262316758,0.01788582599670485
71e9fdd5d6315495,2021.07.09.20.26.06_veh-35_02793_03289,1.0,2021.07.09.20.26.06_veh-35_02793_03289,1.0,0.0
7221a77c5d955445,2021.07.09.15.53.28_veh-38_00184_02293,1.0,2021.07.09.15.53.28_veh-38_00184_02293,1.0,0.0
723350e0feb75963,2021.07.09.15.53.28_veh-38_00184_02293,1.0,2021.07.09.15.53.28_veh-38_00184_02293,1.0,0.0
7293733a32625ec6,2021.07.09.15.53.28_veh-38_00184_02293,1.0,2021.07.09.15.53.28_veh-38_00184_02293,1.0,0.0
729f4b4121e35124,2021.07.09.20.26.06_veh-35_02793_03289,0.9140806621034466,2021.07.09.20.26.06_veh-35_02793_03289,0.9279020080488634,0.01382134594541673
72ba153a1fc059c6,2021.06.09.12.06.35_veh-35_01164_01494,0.962064109705123,2021.06.09.12.06.35_veh-35_01164_01494,0.9768306939531682,0.014766584248045223
72ca346213465d94,2021.10.05.07.49.39_veh-52_00770_00905,0.873324440648219,2021.10.05.07.49.39_veh-52_00770_00905,0.8867028826895201,0.01337844204130112
72ebf07a88b25937,2021.10.05.08.11.15_veh-50_00437_00585,0.9355342364697762,2021.10.05.08.11.15_veh-50_00437_00585,0.948865841219155,0.013331604749378778
72fc5c8b771758fd,2021.06.09.12.51.31_veh-35_01729_02626,0.9859887527540261,2021.06.09.12.51.31_veh-35_01729_02626,1.0,0.014011247245973912
7307e312a7755908,2021.10.05.08.11.15_veh-50_00437_00585,0.8838057823585764,2021.10.05.08.11.15_veh-50_00437_00585,0.894102012070113,0.010296229711536542
73197a1a03715a15,2021.07.09.15.53.28_veh-38_00184_02293,1.0,2021.07.09.15.53.28_veh-38_00184_02293,1.0,0.0
7372d89535355cb2,2021.08.31.14.01.15_veh-40_01576_01714,1.0,2021.08.31.14.01.15_veh-40_01576_01714,1.0,0.0
7385fa0f1ebf5356,2021.06.23.17.31.36_veh-16_00016_00377,0.9768422765693744,2021.06.23.17.31.36_veh-16_00016_00377,1.0,0.02315772343062561
73aa5ff963e656f6,2021.07.09.15.53.28_veh-38_00184_02293,1.0,2021.07.09.15.53.28_veh-38_00184_02293,1.0,0.0
73d1214a1454592d,2021.07.09.15.53.28_veh-38_00184_02293,0.9789864546599132,2021.07.09.15.53.28_veh-38_00184_02293,1.0,0.021013545340086814
73fc68b82f045907,2021.10.11.02.57.41_veh-50_02155_02265,0.8970041413466995,2021.10.11.02.57.41_veh-50_02155_02265,0.9086696216993837,0.011665480352684221
7412988f410e545d,2021.06.09.12.51.31_veh-35_01729_02626,0.9047403476401068,2021.06.09.12.51.31_veh-35_01729_02626,0.9283624731409376,0.02362212550083076
741b40508f9c539f,2021.06.09.12.51.31_veh-35_01729_02626,0.9351814932722524,2021.06.09.12.51.31_veh-35_01729_02626,0.9482449667154063,0.013063473443153839
7470512d36f45c26,2021.07.09.20.26.06_veh-35_02793_03289,0.930647204907023,2021.07.09.20.26.06_veh-35_02793_03289,0.9686081720424874,0.037960967135464374
74c5a4e255b950f7,2021.06.09.12.06.35_veh-35_01164_01494,0.9714265329471999,2021.06.09.12.06.35_veh-35_01164_01494,0.9878792543384884,0.016452721391288505
74e93b471c195803,2021.07.09.15.53.28_veh-38_00184_02293,1.0,2021.07.09.15.53.28_veh-38_00184_02293,1.0,0.0
74f9e35f089d523a,2021.07.09.20.26.06_veh-35_02793_03289,1.0,2021.07.09.20.26.06_veh-35_02793_03289,1.0,0.0
74ff8f6a618a5f9b,2021.07.09.15.53.28_veh-38_00184_02293,1.0,2021.07.09.15.53.28_veh-38_00184_02293,1.0,0.0
7500c2c37cbb5228,2021.07.09.15.53.28_veh-38_00184_02293,1.0,2021.07.09.15.53.28_veh-38_00184_02293,1.0,0.0
7502b22480435c30,2021.10.05.07.49.39_veh-52_00770_00905,0.9098267756561486,2021.10.05.07.49.39_veh-52_00770_00905,0.9212359032480442,0.011409127591895607
7567becdd4005b0b,2021.06.23.17.31.36_veh-16_00016_00377,0.8943179709585641,2021.06.23.17.31.36_veh-16_00016_00377,0.9130656001795421,0.018747629220977946
756a836fafd05442,2021.10.05.08.11.15_veh-50_00437_00585,0.9526973989030818,2021.10.05.08.11.15_veh-50_00437_00585,0.9613161147018898,0.008618715798808019
758251c429055016,2021.07.09.15.53.28_veh-38_00184_02293,0.8635217639703399,2021.07.09.15.53.28_veh-38_00184_02293,0.8725521476322374,0.009030383661897567
75981c1acbe65a34,2021.07.09.20.26.06_veh-35_02793_03289,0.9112150076432045,2021.07.09.20.26.06_veh-35_02793_03289,0.924795838003568,0.013580830360363505
75bbe59a5d305a53,2021.07.09.15.53.28_veh-38_00184_02293,1.0,2021.07.09.15.53.28_veh-38_00184_02293,1.0,0.0
75c6224df9b25b6d,2021.10.11.02.57.41_veh-50_02155_02265,0.8885152325341678,2021.10.11.02.57.41_veh-50_02155_02265,0.9000874264729721,0.011572193938804376
75eb624e2c925f13,2021.07.09.15.53.28_veh-38_00184_02293,1.0,2021.07.09.15.53.28_veh-38_00184_02293,1.0,0.0
7616cee0eba15c75,2021.10.11.02.57.41_veh-50_01028_01289,0.87646071988025,2021.10.11.02.57.41_veh-50_01028_01289,0.8856888283017897,0.00922810842153976
763904a315b357a8,2021.07.09.15.53.28_veh-38_00184_02293,0.954169200282328,2021.07.09.15.53.28_veh-38_00184_02293,0.9705446054644705,0.016375405182142533
7639e630e475517c,2021.06.09.12.51.31_veh-35_01729_02626,1.0,2021.06.09.12.51.31_veh-35_01729_02626,1.0,0.0
76e33b04a2e55b65,2021.06.09.12.51.31_veh-35_01729_02626,1.0,2021.06.09.12.51.31_veh-35_01729_02626,1.0,0.0
76f38770875550d4,2021.10.11.02.57.41_veh-50_01028_01289,0.851295772075583,2021.10.11.02.57.41_veh-50_01028_01289,0.8614119254663075,0.01011615339072447
770cf5148b3353a3,2021.10.05.08.11.15_veh-50_00437_00585,0.8896858849668293,2021.10.05.08.11.15_veh-50_00437_00585,0.8981084245322476,0.008422539565418274
7729a0ce4e7e5c40,2021.07.09.15.53.28_veh-38_00184_02293,1.0,2021.07.09.15.53.28_veh-38_00184_02293,1.0,0.0
7738bbe3ec2b5787,2021.07.09.15.53.28_veh-38_00184_02293,1.0,2021.07.09.15.53.28_veh-38_00184_02293,0.0,-1.0
774923d838b959cd,2021.07.09.20.26.06_veh-35_02793_03289,0.9280291989118715,2021.07.09.20.26.06_veh-35_02793_03289,0.9404741151926803,0.012444916280808793
774f3eae89d35589,2021.10.11.02.57.41_veh-50_01028_01289,0.8457631202808168,2021.10.11.02.57.41_veh-50_01028_01289,0.8554814659461036,0.009718345665286843
7768af5461fb5dab,2021.10.11.02.57.41_veh-50_02155_02265,0.8930534043158017,2021.10.11.02.57.41_veh-50_02155_02265,0.9066514448209606,0.013598040505158893
77a62006cb995aa7,2021.06.23.17.31.36_veh-16_00016_00377,1.0,2021.06.23.17.31.36_veh-16_00016_00377,1.0,0.0
77d22252c36859d2,2021.06.09.12.51.31_veh-35_01729_02626,1.0,2021.06.09.12.51.31_veh-35_01729_02626,1.0,0.0
77f9f0c203cb5048,2021.08.31.11.47.30_veh-40_00919_01000,0.909909759000843,2021.08.31.11.47.30_veh-40_00919_01000,0.9391388994886741,0.029229140487831096
786c7d0f495e5b08,2021.06.09.12.51.31_veh-35_01729_02626,0.9159184270193922,2021.06.09.12.51.31_veh-35_01729_02626,0.9327550236640937,0.016836596644701496
78bd4a0ea3e35682,2021.06.09.12.06.35_veh-35_01164_01494,1.0,2021.06.09.12.06.35_veh-35_01164_01494,1.0,0.0
78f97b6c3427524b,2021.07.09.15.53.28_veh-38_00184_02293,0.5833333333333334,2021.07.09.15.53.28_veh-38_00184_02293,0.5833333333333334,0.0
78f9d78599da56f0,2021.06.09.14.50.36_veh-26_02826_02955,1.0,2021.06.09.14.50.36_veh-26_02826_02955,1.0,0.0
790e1bf672715bf1,2021.10.11.02.57.41_veh-50_02155_02265,0.898890506586676,2021.10.11.02.57.41_veh-50_02155_02265,0.9120899415622192,0.013199434975543212
790f41b0bd3f51ea,2021.10.11.02.57.41_veh-50_02155_02265,0.8828554616270518,2021.10.11.02.57.41_veh-50_02155_02265,0.8959465319535541,0.013091070326502363
792875d97ce5574d,2021.10.11.02.57.41_veh-50_01028_01289,0.8307943249287941,2021.10.11.02.57.41_veh-50_01028_01289,0.8415518637222087,0.010757538793414567
79433fe543ae5e50,2021.10.05.07.49.39_veh-52_00770_00905,0.8926398011431322,2021.10.05.07.49.39_veh-52_00770_00905,0.9039913214701522,0.011351520327019915
7948de3a2d2a55ef,2021.07.09.15.53.28_veh-38_00184_02293,1.0,2021.07.09.15.53.28_veh-38_00184_02293,1.0,0.0
796da6bb8d1d553f,2021.07.09.20.26.06_veh-35_02793_03289,1.0,2021.07.09.20.26.06_veh-35_02793_03289,1.0,0.0
7980f7ce6e085a30,2021.06.09.12.51.31_veh-35_01729_02626,1.0,2021.06.09.12.51.31_veh-35_01729_02626,1.0,0.0
798e9edbcfd65aa8,2021.07.09.15.53.28_veh-38_00184_02293,0.9553232048747059,2021.07.09.15.53.28_veh-38_00184_02293,0.9774100489402947,0.022086844065588807
79a0bda4d6df5e2a,2021.07.09.15.53.28_veh-38_00184_02293,0.8934151317359059,2021.07.09.15.53.28_veh-38_00184_02293,0.9010598104969679,0.007644678761062007
79bc073387755a35,2021.06.23.17.31.36_veh-16_00016_00377,1.0,2021.06.23.17.31.36_veh-16_00016_00377,1.0,0.0
79bd7ba72d985b0b,2021.06.23.17.31.36_veh-16_00016_00377,0.9237265214215631,2021.06.23.17.31.36_veh-16_00016_00377,0.9347352652772144,0.011008743855651315
79ec50c2dd9352bb,2021.06.23.17.31.36_veh-16_00016_00377,1.0,2021.06.23.17.31.36_veh-16_00016_00377,1.0,0.0
7a02eea9dbd0517b,2021.07.09.15.53.28_veh-38_00184_02293,1.0,2021.07.09.15.53.28_veh-38_00184_02293,1.0,0.0
7a430a9945055acd,2021.07.09.15.53.28_veh-38_00184_02293,0.9723031004614002,2021.07.09.15.53.28_veh-38_00184_02293,0.9867981201949693,0.014495019733569037
7a569fbddc2e53ed,2021.07.09.15.53.28_veh-38_00184_02293,1.0,2021.07.09.15.53.28_veh-38_00184_02293,1.0,0.0
7a6d02ce41635a31,2021.06.23.17.31.36_veh-16_00016_00377,0.9341979804790048,2021.06.23.17.31.36_veh-16_00016_00377,0.948574527795721,0.014376547316716226
7ac722bce1da568e,2021.10.05.07.49.39_veh-52_00770_00905,0.8943471720111162,2021.10.05.07.49.39_veh-52_00770_00905,0.9045789248051875,0.010231752794071292
7b3a98e80f525533,2021.07.09.15.53.28_veh-38_00184_02293,1.0,2021.07.09.15.53.28_veh-38_00184_02293,1.0,0.0
7b7291b626f753ae,2021.06.09.12.51.31_veh-35_01729_02626,0.9198739576109407,2021.06.09.12.51.31_veh-35_01729_02626,0.9306615499333657,0.010787592322424988
7b7c4d1e5ec95f17,2021.07.09.15.53.28_veh-38_00184_02293,1.0,2021.07.09.15.53.28_veh-38_00184_02293,1.0,0.0
7b81b7c982e35adc,2021.07.09.15.53.28_veh-38_00184_02293,0.9474809072997434,2021.07.09.15.53.28_veh-38_00184_02293,0.9653253406059511,0.017844433306207663
7ba1003726915e44,2021.07.09.20.26.06_veh-35_02793_03289,0.9270625522148479,2021.07.09.20.26.06_veh-35_02793_03289,0.9406149915846539,0.01355243936980599
7bf70bd17e9255b7,2021.06.09.17.23.18_veh-38_01598_01750,1.0,2021.06.09.17.23.18_veh-38_01598_01750,1.0,0.0
7c1389a3e4a55975,2021.10.11.02.57.41_veh-50_02155_02265,0.8607470052309126,2021.10.11.02.57.41_veh-50_02155_02265,0.8721260284057504,0.011379023174837744
7c31c611152b5a9c,2021.10.11.02.57.41_veh-50_01028_01289,0.8428868113753109,2021.10.11.02.57.41_veh-50_01028_01289,0.8515153959807149,0.008628584605404055
7c43ce4287c252da,2021.06.09.20.26.11_veh-35_00970_01216,1.0,2021.06.09.20.26.11_veh-35_00970_01216,1.0,0.0
7cd693b8880c55b6,2021.07.09.15.53.28_veh-38_00184_02293,0.9828068930271986,2021.07.09.15.53.28_veh-38_00184_02293,1.0,0.01719310697280141
7cf3f478246b5da6,2021.10.05.08.11.15_veh-50_00437_00585,0.8387878587874064,2021.10.05.08.11.15_veh-50_00437_00585,0.8526435998368571,0.013855741049450754
7cfc59f9673752c1,2021.07.09.15.53.28_veh-38_00184_02293,0.9035693444092864,2021.07.09.15.53.28_veh-38_00184_02293,0.9193738874854701,0.01580454307618373
7d045ced792f563a,2021.08.31.14.01.15_veh-40_01576_01714,0.9872798952116635,2021.08.31.14.01.15_veh-40_01576_01714,0.9949444331511897,0.007664537939526261
7d14dc9e1394504c,2021.06.09.12.06.35_veh-35_01164_01494,1.0,2021.06.09.12.06.35_veh-35_01164_01494,1.0,0.0
7d18e654da9b5ecf,2021.07.09.15.53.28_veh-38_00184_02293,0.9726797426933533,2021.07.09.15.53.28_veh-38_00184_02293,0.9867003335751027,0.01402059088174934
7d61f2ab3a145a20,2021.08.31.11.47.30_veh-40_00919_01000,1.0,2021.08.31.11.47.30_veh-40_00919_01000,1.0,0.0
7d838c40752e5080,2021.06.09.12.51.31_veh-35_01729_02626,1.0,2021.06.09.12.51.31_veh-35_01729_02626,1.0,0.0
7da65eef431c5831,2021.07.09.15.53.28_veh-38_00184_02293,0.9098066940700122,2021.07.09.15.53.28_veh-38_00184_02293,0.9238725197182668,0.014065825648254537
7dab96d0e7725a9f,2021.06.09.12.51.31_veh-35_01729_02626,0.9417319909693495,2021.06.09.12.51.31_veh-35_01729_02626,0.9537595054873417,0.012027514517992222
7dadf9fcee2e587d,2021.07.09.15.53.28_veh-38_00184_02293,0.8241734420621718,2021.07.09.15.53.28_veh-38_00184_02293,0.8430843111235685,0.018910869061396718
7dc37d18911457a8,2021.06.09.12.06.35_veh-35_01164_01494,0.9053682325479896,2021.06.09.12.06.35_veh-35_01164_01494,0.9198557816377418,0.01448754908975225
7e02b53ea6ba556a,2021.10.01.17.52.06_veh-28_01141_01264,0.9728342876819805,2021.10.01.17.52.06_veh-28_01141_01264,0.9848827506360852,0.012048462954104666
7e11df067a735f04,2021.07.09.15.53.28_veh-38_00184_02293,1.0,2021.07.09.15.53.28_veh-38_00184_02293,1.0,0.0
7e1afa248931544e,2021.08.31.14.01.15_veh-40_01576_01714,0.9716001178507229,2021.08.31.14.01.15_veh-40_01576_01714,0.9814396901644854,0.009839572313762535
7e2c3c2ef5e05b19,2021.06.09.12.51.31_veh-35_01729_02626,1.0,2021.06.09.12.51.31_veh-35_01729_02626,1.0,0.0
7e58a63ae5da5a38,2021.07.09.15.53.28_veh-38_00184_02293,1.0,2021.07.09.15.53.28_veh-38_00184_02293,1.0,0.0
7e64dd02b985526f,2021.07.09.15.53.28_veh-38_00184_02293,0.9914055622483801,2021.07.09.15.53.28_veh-38_00184_02293,1.0,0.008594437751619943
7e664b90d195584d,2021.06.09.12.06.35_veh-35_01164_01494,0.9787603286537986,2021.06.09.12.06.35_veh-35_01164_01494,0.9987251638175376,0.019964835163739036
7e682022c639513c,2021.06.09.12.06.35_veh-35_01164_01494,1.0,2021.06.09.12.06.35_veh-35_01164_01494,1.0,0.0
7eb6beaba2e45001,2021.10.11.02.57.41_veh-50_01028_01289,0.8911731258240098,2021.10.11.02.57.41_veh-50_01028_01289,0.9039795241962462,0.012806398372236405
7eb9806c2ac25fd6,2021.06.09.12.06.35_veh-35_01164_01494,1.0,2021.06.09.12.06.35_veh-35_01164_01494,1.0,0.0
7f12e4a7eb7e51c7,2021.10.01.17.52.06_veh-28_01141_01264,0.9073069250923224,2021.10.01.17.52.06_veh-28_01141_01264,0.9170849926188845,0.009778067526562184
7f5714fc26bb599b,2021.06.09.12.51.31_veh-35_01729_02626,0.8248571603003807,2021.06.09.12.51.31_veh-35_01729_02626,0.8330547349449456,0.008197574644564942
7f7a0a36daf65495,2021.10.05.07.49.39_veh-52_00770_00905,0.8950822351185915,2021.10.05.07.49.39_veh-52_00770_00905,0.9064265760324498,0.011344340913858275
7f7fa83384215a69,2021.10.05.07.49.39_veh-52_00770_00905,0.8664897199000468,2021.10.05.07.49.39_veh-52_00770_00905,0.8752236895817121,0.008733969681665399
7f8be3abc0f45edf,2021.10.05.08.11.15_veh-50_00437_00585,0.8006836925778497,2021.10.05.08.11.15_veh-50_00437_00585,0.8132893899372063,0.012605697359356682
7f8f1f6b90575d91,2021.10.11.02.57.41_veh-50_02155_02265,0.8333517498311155,2021.10.11.02.57.41_veh-50_02155_02265,0.8474651866036935,0.014113436772578036
7fd6309dcdaf525e,2021.07.09.20.26.06_veh-35_02793_03289,1.0,2021.07.09.20.26.06_veh-35_02793_03289,1.0,0.0
7fe5d84bbda651fd,2021.07.09.15.53.28_veh-38_00184_02293,0.9773667182588467,2021.07.09.15.53.28_veh-38_00184_02293,0.9917081678378722,0.0143414495790255
8002902e2efe5c94,2021.10.11.02.57.41_veh-50_02155_02265,0.8232937963520528,2021.10.11.02.57.41_veh-50_02155_02265,0.831996143054087,0.00870234670203418
802050c72cc255d3,2021.06.09.17.23.18_veh-38_01598_01750,1.0,2021.06.09.17.23.18_veh-38_01598_01750,1.0,0.0
80538e78e0805e93,2021.07.09.15.53.28_veh-38_00184_02293,0.914914922386616,2021.07.09.15.53.28_veh-38_00184_02293,0.9282224815605801,0.01330755917396409
80725ea45ed953a5,2021.06.09.20.26.11_veh-35_00970_01216,1.0,2021.06.09.20.26.11_veh-35_00970_01216,1.0,0.0
807c9c96f42c597d,2021.10.11.02.57.41_veh-50_02155_02265,0.8451760730329477,2021.10.11.02.57.41_veh-50_02155_02265,0.8611303682853114,0.015954295252363693
80c1301aa1ca5378,2021.07.09.15.53.28_veh-38_00184_02293,0.9559497363901074,2021.07.09.15.53.28_veh-38_00184_02293,0.9734827510110658,0.017533014620958465
8138d3f674fd5b1f,2021.06.09.20.26.11_veh-35_00970_01216,1.0,2021.06.09.20.26.11_veh-35_00970_01216,1.0,0.0
8156a66cbc595259,2021.07.16.22.40.23_veh-38_00204_00360,1.0,2021.07.16.22.40.23_veh-38_00204_00360,1.0,0.0
824fe1c7968256ab,2021.07.09.15.53.28_veh-38_00184_02293,0.7982385986223551,2021.07.09.15.53.28_veh-38_00184_02293,0.8105529670642597,0.012314368441904588
8264721b29a65296,2021.06.09.12.51.31_veh-35_01729_02626,1.0,2021.06.09.12.51.31_veh-35_01729_02626,1.0,0.0
827867f4641c53b6,2021.06.09.12.51.31_veh-35_01729_02626,1.0,2021.06.09.12.51.31_veh-35_01729_02626,1.0,0.0
83422f60bebd506c,2021.10.05.07.49.39_veh-52_00770_00905,0.9065385509097115,2021.10.05.07.49.39_veh-52_00770_00905,0.9174514560057264,0.010912905096014947
8381aa53dbb55c90,2021.06.09.12.06.35_veh-35_01164_01494,0.9390243454094994,2021.06.09.12.06.35_veh-35_01164_01494,0.9575694537212588,0.018545108311759373
8393b89f1fbd56fc,2021.07.09.20.26.06_veh-35_02793_03289,0.9294757041761731,2021.07.09.20.26.06_veh-35_02793_03289,0.9442336158387791,0.014757911662605983
83a393796b2e57df,2021.07.09.15.53.28_veh-38_00184_02293,0.9716405003843377,2021.07.09.15.53.28_veh-38_00184_02293,0.9876584586400421,0.0160179582557044
83bc7727c42c5a0f,2021.10.05.07.49.39_veh-52_00770_00905,0.0,2021.10.05.07.49.39_veh-52_00770_00905,0.9258308192188562,0.9258308192188562
83cbc1063ce1591d,2021.10.11.02.57.41_veh-50_02155_02265,0.8869634666505058,2021.10.11.02.57.41_veh-50_02155_02265,0.9012443493348666,0.014280882684360785
83d4827aebe85832,2021.10.05.08.11.15_veh-50_00437_00585,0.827670956737439,2021.10.05.08.11.15_veh-50_00437_00585,0.841146888035408,0.01347593129796909
83dc2afeb98950a4,2021.10.11.02.57.41_veh-50_02155_02265,0.8732271900152666,2021.10.11.02.57.41_veh-50_02155_02265,0.8863403104567529,0.01311312044148627
8469b20e06015317,2021.07.09.15.53.28_veh-38_00184_02293,0.9363424294677466,2021.07.09.15.53.28_veh-38_00184_02293,0.9578388232365752,0.021496393768828614
84b9bc99160c578f,2021.10.05.08.11.15_veh-50_00437_00585,0.9068980813097133,2021.10.05.08.11.15_veh-50_00437_00585,0.9178812653035298,0.010983183993816481
84da0c13f98e58e9,2021.06.09.12.51.31_veh-35_01729_02626,0.9343021471995065,2021.06.09.12.51.31_veh-35_01729_02626,0.947120418563345,0.012818271363838396
84ec0e32bbf45061,2021.07.09.15.53.28_veh-38_00184_02293,0.8949099597673946,2021.07.09.15.53.28_veh-38_00184_02293,0.9206705846511175,0.025760624883722882
85288108bac2504f,2021.06.23.17.31.36_veh-16_00016_00377,1.0,2021.06.23.17.31.36_veh-16_00016_00377,1.0,0.0
85b84f9120225591,2021.07.09.15.53.28_veh-38_00184_02293,0.8342524226495561,2021.07.09.15.53.28_veh-38_00184_02293,0.8563809262036052,0.02212850355404905
85d8f4b6752152e2,2021.10.05.07.49.39_veh-52_00770_00905,0.8888130867665617,2021.10.05.07.49.39_veh-52_00770_00905,0.9012468060804437,0.012433719313882041
860685d975df5da5,2021.07.09.15.53.28_veh-38_00184_02293,0.978910491705551,2021.07.09.15.53.28_veh-38_00184_02293,0.9895705880356375,0.010660096330086466
863019d9f09155f7,2021.06.23.17.31.36_veh-16_00016_00377,0.9688451494836497,2021.06.23.17.31.36_veh-16_00016_00377,0.9793219488247508,0.010476799341101017
8672b0d007fa5c49,2021.08.31.11.47.30_veh-40_00919_01000,0.9300462028195488,2021.08.31.11.47.30_veh-40_00919_01000,0.9452556239584182,0.015209421138869472
86a9ef645f195f81,2021.10.11.02.57.41_veh-50_02155_02265,0.878583683296104,2021.10.11.02.57.41_veh-50_02155_02265,0.892892158306409,0.014308475010304966
86ac4c5dc3e756cf,2021.10.05.07.49.39_veh-52_00770_00905,0.9789707490739675,2021.10.05.07.49.39_veh-52_00770_00905,1.0,0.021029250926032472
8708f5ee85ca50b1,2021.10.11.02.57.41_veh-50_02155_02265,0.8908654279193143,2021.10.11.02.57.41_veh-50_02155_02265,0.9043344796592577,0.013469051739943394
870cb529ffac50e0,2021.06.09.20.26.11_veh-35_00970_01216,0.8951280395134864,2021.06.09.20.26.11_veh-35_00970_01216,0.9151288497404719,0.02000081022698552
872380f71a9f5c73,2021.08.31.14.01.15_veh-40_01576_01714,1.0,2021.08.31.14.01.15_veh-40_01576_01714,1.0,0.0
872ae71c24805cd8,2021.10.11.02.57.41_veh-50_01028_01289,0.8706764773608965,2021.10.11.02.57.41_veh-50_01028_01289,0.8776919270186089,0.0070154496577123915
874a3a4f7582531d,2021.06.23.17.31.36_veh-16_00016_00377,1.0,2021.06.23.17.31.36_veh-16_00016_00377,1.0,0.0
87516e1eaafc5107,2021.10.05.08.11.15_veh-50_00437_00585,0.9367485129558907,2021.10.05.08.11.15_veh-50_00437_00585,0.958121927627826,0.02137341467193532
876d2dd881f55f91,2021.10.05.07.49.39_veh-52_00770_00905,0.8615413971994249,2021.10.05.07.49.39_veh-52_00770_00905,0.8749058812950832,0.013364484095658269
877ca71cd9ac5b59,2021.08.31.11.47.30_veh-40_00919_01000,0.9482176944017886,2021.08.31.11.47.30_veh-40_00919_01000,0.9718659141301892,0.023648219728400588
878debfff51656dc,2021.07.09.15.53.28_veh-38_00184_02293,1.0,2021.07.09.15.53.28_veh-38_00184_02293,1.0,0.0
87c7d995609e51c9,2021.10.05.07.49.39_veh-52_00770_00905,0.8685553015064166,2021.10.05.07.49.39_veh-52_00770_00905,0.8788774890092217,0.010322187502805114
87c88239e2ae5b90,2021.07.09.15.53.28_veh-38_00184_02293,0.8024486903991971,2021.07.09.15.53.28_veh-38_00184_02293,0.8257131384373961,0.023264448038199048
8823d1c7c34b57ac,2021.06.09.20.26.11_veh-35_00970_01216,0.9156331144180198,2021.06.09.20.26.11_veh-35_00970_01216,0.9332517218120122,0.017618607393992458
8828feb4e21b5600,2021.06.09.12.51.31_veh-35_01729_02626,0.8439364896352096,2021.06.09.12.51.31_veh-35_01729_02626,0.8600260077987615,0.016089518163551864
883024c704b55ed4,2021.06.23.17.31.36_veh-16_00016_00377,1.0,2021.06.23.17.31.36_veh-16_00016_00377,1.0,0.0
888476b1a13b51db,2021.07.09.20.26.06_veh-35_02793_03289,0.9177338516862967,2021.07.09.20.26.06_veh-35_02793_03289,0.9292528681866333,0.011519016500336599
888cb5a4b4c25eab,2021.06.09.12.51.31_veh-35_01729_02626,1.0,2021.06.09.12.51.31_veh-35_01729_02626,1.0,0.0
88bc213aa3495b88,2021.06.09.14.50.36_veh-26_02826_02955,0.9878281156941108,2021.06.09.14.50.36_veh-26_02826_02955,1.0,0.012171884305889225
88ff3881080b505a,2021.06.09.12.51.31_veh-35_01729_02626,0.845508015410318,2021.06.09.12.51.31_veh-35_01729_02626,0.8590690030927531,0.013560987682435188
8902a3e760a7504d,2021.07.09.20.26.06_veh-35_02793_03289,0.9425802031938316,2021.07.09.20.26.06_veh-35_02793_03289,0.9669348201927673,0.024354616998935708
8925d842a3f0501e,2021.07.09.15.53.28_veh-38_00184_02293,1.0,2021.07.09.15.53.28_veh-38_00184_02293,1.0,0.0
8935f0d3af6b51fd,2021.08.31.14.01.15_veh-40_01576_01714,0.922814372635762,2021.08.31.14.01.15_veh-40_01576_01714,0.9339699912754407,0.011155618639678622
89409b4f6b4f573b,2021.06.09.12.51.31_veh-35_01729_02626,1.0,2021.06.09.12.51.31_veh-35_01729_02626,1.0,0.0
8956d19d62c056f6,2021.06.09.12.51.31_veh-35_01729_02626,0.8827658499685244,2021.06.09.12.51.31_veh-35_01729_02626,0.9005669188645037,0.017801068895979322
89e48839087057c4,2021.06.09.20.26.11_veh-35_00970_01216,0.949741058711845,2021.06.09.20.26.11_veh-35_00970_01216,0.9646389507194649,0.014897892007619928
8a2496c5d7d15cc1,2021.10.11.02.57.41_veh-50_01028_01289,0.8690316549124203,2021.10.11.02.57.41_veh-50_01028_01289,0.8774011753862992,0.008369520473878955
8a9a5ab59dcd51d7,2021.08.31.14.01.15_veh-40_01576_01714,0.9561040149905823,2021.08.31.14.01.15_veh-40_01576_01714,0.9672731756979006,0.011169160707318326
8ac887d1ccb95be5,2021.10.11.02.57.41_veh-50_01028_01289,0.8577602927682862,2021.10.11.02.57.41_veh-50_01028_01289,0.8737779938473098,0.01601770107902356
8ad9a07afc6b5ccc,2021.07.09.15.53.28_veh-38_00184_02293,0.8386554150305061,2021.07.09.15.53.28_veh-38_00184_02293,0.8602118418622534,0.0215564268317473
8bb9b664551e5148,2021.06.09.12.06.35_veh-35_01164_01494,1.0,2021.06.09.12.06.35_veh-35_01164_01494,1.0,0.0
8c1374efdf3c5f3c,2021.07.09.15.53.28_veh-38_00184_02293,1.0,2021.07.09.15.53.28_veh-38_00184_02293,1.0,0.0
8c1c77e3c8a35388,2021.10.05.07.49.39_veh-52_00770_00905,0.9124990557861065,2021.10.05.07.49.39_veh-52_00770_00905,0.9239086448349895,0.011409589048883007
8c58465a17645b77,2021.07.09.15.53.28_veh-38_00184_02293,0.9744530101854546,2021.07.09.15.53.28_veh-38_00184_02293,0.9951979214995618,0.02074491131410716
8c61ae7bb33b54ad,2021.10.05.07.49.39_veh-52_00770_00905,0.8643085551495847,2021.10.05.07.49.39_veh-52_00770_00905,0.8723224284517516,0.008013873302166852
8c627a1fb8225bc0,2021.10.05.08.11.15_veh-50_00437_00585,0.9069550501498816,2021.10.05.08.11.15_veh-50_00437_00585,0.9230296225821834,0.016074572432301704
8c812c6c4671575c,2021.07.09.15.53.28_veh-38_00184_02293,0.9422826913702481,2021.07.09.15.53.28_veh-38_00184_02293,0.9630882896385932,0.02080559826834505
8ca04ffe31395059,2021.07.09.20.26.06_veh-35_02793_03289,0.957887595626454,2021.07.09.20.26.06_veh-35_02793_03289,0.9717655410813126,0.013877945454858653
8cc27785287f5367,2021.06.23.17.31.36_veh-16_00016_00377,1.0,2021.06.23.17.31.36_veh-16_00016_00377,1.0,0.0
8d0e261ba1825130,2021.07.09.15.53.28_veh-38_00184_02293,1.0,2021.07.09.15.53.28_veh-38_00184_02293,1.0,0.0
8d40c021d3cb5fca,2021.10.05.07.49.39_veh-52_00770_00905,0.9029600827987571,2021.10.05.07.49.39_veh-52_00770_00905,0.9119184758441768,0.008958393045419788
8d80fb7fefcd513b,2021.10.01.17.52.06_veh-28_01141_01264,1.0,2021.10.01.17.52.06_veh-28_01141_01264,1.0,0.0
8deaed625cfc5888,2021.06.09.12.51.31_veh-35_01729_02626,0.9251309572442771,2021.06.09.12.51.31_veh-35_01729_02626,0.941296430746918,0.01616547350264097
8e19623e78d15d60,2021.07.09.20.26.06_veh-35_02793_03289,0.8622773272126115,2021.07.09.20.26.06_veh-35_02793_03289,0.887797100163677,0.025519772951065445
8e2e4e2a5ba95a41,2021.07.09.15.53.28_veh-38_00184_02293,0.0,2021.07.09.15.53.28_veh-38_00184_02293,0.0,0.0
8e5a6cdce75d50dd,2021.10.11.02.57.41_veh-50_02155_02265,0.8348296760950552,2021.10.11.02.57.41_veh-50_02155_02265,0.8463140514557734,0.011484375360718224
8ecb60a273c55931,2021.08.31.11.47.30_veh-40_00919_01000,0.9298456782446255,2021.08.31.11.47.30_veh-40_00919_01000,0.9427187978105563,0.012873119565930846
8f4878c4dcf5558e,2021.10.05.07.49.39_veh-52_00770_00905,1.0,2021.10.05.07.49.39_veh-52_00770_00905,1.0,0.0
8f63f1b737e15216,2021.06.09.12.51.31_veh-35_01729_02626,1.0,2021.06.09.12.51.31_veh-35_01729_02626,1.0,0.0
8f64f90706655f53,2021.08.31.11.47.30_veh-40_00919_01000,0.9313321804582518,2021.08.31.11.47.30_veh-40_00919_01000,0.9488878587496495,0.017555678291397703
8f7463455b225dfb,2021.10.05.08.11.15_veh-50_00437_00585,0.8781354453156788,2021.10.05.08.11.15_veh-50_00437_00585,0.8977059753389479,0.01957053002326914
8f847886c0595319,2021.07.09.15.53.28_veh-38_00184_02293,0.9285941154294727,2021.07.09.15.53.28_veh-38_00184_02293,0.9414961333317752,0.012902017902302498
8fc1509fbdee54ac,2021.06.09.12.06.35_veh-35_01164_01494,0.888896148449701,2021.06.09.12.06.35_veh-35_01164_01494,0.9071557761845398,0.0182596277348388
8fec4a414ec45ed3,2021.06.09.20.26.11_veh-35_00970_01216,0.923721671092733,2021.06.09.20.26.11_veh-35_00970_01216,0.9423055264259066,0.018583855333173638
900e4ffd108f5f95,2021.08.31.11.47.30_veh-40_00919_01000,0.9225440177794691,2021.08.31.11.47.30_veh-40_00919_01000,0.9506220946912237,0.028078076911754568
90679ae84c8b5d05,2021.10.05.07.49.39_veh-52_00770_00905,0.8241165475561353,2021.10.05.07.49.39_veh-52_00770_00905,0.8485794740439602,0.024462926487824888
907f051528025891,2021.07.09.15.53.28_veh-38_00184_02293,1.0,2021.07.09.15.53.28_veh-38_00184_02293,1.0,0.0
90f98ca1978a5457,2021.08.31.14.01.15_veh-40_01576_01714,1.0,2021.08.31.14.01.15_veh-40_01576_01714,1.0,0.0
912976ebea0b5dae,2021.06.23.17.31.36_veh-16_00016_00377,1.0,2021.06.23.17.31.36_veh-16_00016_00377,1.0,0.0
9188a3a5aa175e3a,2021.07.09.15.53.28_veh-38_00184_02293,1.0,2021.07.09.15.53.28_veh-38_00184_02293,1.0,0.0
91927f072cb358b9,2021.07.09.15.53.28_veh-38_00184_02293,1.0,2021.07.09.15.53.28_veh-38_00184_02293,1.0,0.0
91b861586e7d53cd,2021.07.09.15.53.28_veh-38_00184_02293,1.0,2021.07.09.15.53.28_veh-38_00184_02293,0.5833333333333334,-0.41666666666666663
92292554325a5fad,2021.10.05.08.11.15_veh-50_00437_00585,0.8336191523034854,2021.10.05.08.11.15_veh-50_00437_00585,0.8465544753409985,0.012935323037513102
9246f3b315b35838,2021.07.09.15.53.28_veh-38_00184_02293,0.96741618083745,2021.07.09.15.53.28_veh-38_00184_02293,0.9826987914016546,0.015282610564204657
927258a11f395044,2021.06.09.14.50.36_veh-26_02826_02955,0.9410183464108458,2021.06.09.14.50.36_veh-26_02826_02955,0.9673735271429024,0.02635518073205656
92a19adc03e55fc5,2021.10.11.02.57.41_veh-50_01028_01289,0.8474378378100943,2021.10.11.02.57.41_veh-50_01028_01289,0.8594367908099172,0.011998952999822898
92c22914fbdf5e29,2021.07.09.15.53.28_veh-38_00184_02293,1.0,2021.07.09.15.53.28_veh-38_00184_02293,1.0,0.0
92f1b2f9782b5ab2,2021.10.11.02.57.41_veh-50_02155_02265,0.8071773640797492,2021.10.11.02.57.41_veh-50_02155_02265,0.8153013589324637,0.008123994852714533
931c61a6152e519f,2021.06.09.17.23.18_veh-38_01598_01750,1.0,2021.06.09.17.23.18_veh-38_01598_01750,1.0,0.0
935628750eb851fa,2021.07.09.15.53.28_veh-38_00184_02293,1.0,2021.07.09.15.53.28_veh-38_00184_02293,1.0,0.0
936fbc402ef75a7f,2021.06.23.17.31.36_veh-16_00016_00377,0.8555271539266798,2021.06.23.17.31.36_veh-16_00016_00377,0.8862685644100367,0.03074141048335688
93f4a7c97bf55154,2021.10.01.17.52.06_veh-28_01141_01264,0.8979720661723455,2021.10.01.17.52.06_veh-28_01141_01264,0.9071217464820682,0.00914968030972274
93fa17215ed5505c,2021.10.05.07.49.39_veh-52_00770_00905,0.8801885136245566,2021.10.05.07.49.39_veh-52_00770_00905,0.8935203681083251,0.013331854483768502
940a788763a55b7c,2021.06.09.17.23.18_veh-38_01598_01750,1.0,2021.06.09.17.23.18_veh-38_01598_01750,1.0,0.0
9453e27e0bc25019,2021.06.09.12.06.35_veh-35_01164_01494,0.9909087135892625,2021.06.09.12.06.35_veh-35_01164_01494,1.0,0.009091286410737531
945dcb42cd645cc2,2021.07.09.15.53.28_veh-38_00184_02293,0.8615887038902682,2021.07.09.15.53.28_veh-38_00184_02293,0.8837224432236829,0.02213373933341467
946cb4c69bd85da6,2021.06.09.12.06.35_veh-35_01164_01494,0.9376127208987226,2021.06.09.12.06.35_veh-35_01164_01494,0.9560725209881303,0.01845980008940773
94ae5d67804c539d,2021.06.09.17.23.18_veh-38_01598_01750,0.9125699884501589,2021.06.09.17.23.18_veh-38_01598_01750,0.9292538955911332,0.01668390714097434
94de31b161f45bc2,2021.06.09.12.51.31_veh-35_01729_02626,1.0,2021.06.09.12.51.31_veh-35_01729_02626,1.0,0.0
94e4f5f0f22655d2,2021.07.09.20.26.06_veh-35_02793_03289,0.9231211790417145,2021.07.09.20.26.06_veh-35_02793_03289,0.9359957618954223,0.012874582853707794
94f18102ecb65d3f,2021.07.09.15.53.28_veh-38_00184_02293,1.0,2021.07.09.15.53.28_veh-38_00184_02293,1.0,0.0
954da5a56f305ac5,2021.06.09.12.51.31_veh-35_01729_02626,0.8607659914086367,2021.06.09.12.51.31_veh-35_01729_02626,0.878916015527284,0.0181500241186473
954e72f1c44e5eb3,2021.06.09.12.51.31_veh-35_01729_02626,0.8574398853847421,2021.06.09.12.51.31_veh-35_01729_02626,0.8759187890246296,0.018478903639887467
955e0d97f2f35bc4,2021.10.11.02.57.41_veh-50_01028_01289,0.8577226906239045,2021.10.11.02.57.41_veh-50_01028_01289,0.8733464280532198,0.015623737429315332
95a1611d12f45d32,2021.07.09.15.53.28_veh-38_00184_02293,0.9156554355502516,2021.07.09.15.53.28_veh-38_00184_02293,0.9303321626524967,0.014676727102245102
95b2448f02bb58e6,2021.06.09.20.26.11_veh-35_00970_01216,1.0,2021.06.09.20.26.11_veh-35_00970_01216,1.0,0.0
95ccbbe1810c5e38,2021.07.09.20.26.06_veh-35_02793_03289,0.8925699475237913,2021.07.09.20.26.06_veh-35_02793_03289,0.9287476640162734,0.03617771649248214
95d2c3ac66245fa5,2021.07.09.15.53.28_veh-38_00184_02293,1.0,2021.07.09.15.53.28_veh-38_00184_02293,1.0,0.0
95e0d89479815fa6,2021.06.23.17.31.36_veh-16_00016_00377,1.0,2021.06.23.17.31.36_veh-16_00016_00377,1.0,0.0
9608c9c656695dd6,2021.10.11.02.57.41_veh-50_02155_02265,0.8758242199616483,2021.10.11.02.57.41_veh-50_02155_02265,0.8897571536832123,0.013932933721564011
96198b6e9db0567b,2021.07.09.15.53.28_veh-38_00184_02293,0.8748857181495909,2021.07.09.15.53.28_veh-38_00184_02293,0.8943009466881889,0.019415228538598006
962977e974885acd,2021.10.01.17.52.06_veh-28_01141_01264,0.8699387267382682,2021.10.01.17.52.06_veh-28_01141_01264,0.8896354017956334,0.019696675057365165
966cdeadbc375041,2021.07.09.20.26.06_veh-35_02793_03289,0.9326829501803576,2021.07.09.20.26.06_veh-35_02793_03289,0.9532173378925348,0.020534387712177193
966ede5b9c8559f9,2021.07.09.15.53.28_veh-38_00184_02293,0.8649372623309972,2021.07.09.15.53.28_veh-38_00184_02293,0.8847742244489142,0.019836962117916968
9694f4c94c0c55bf,2021.10.01.17.52.06_veh-28_01141_01264,1.0,2021.10.01.17.52.06_veh-28_01141_01264,1.0,0.0
96d3136946945a05,2021.06.09.14.50.36_veh-26_02826_02955,1.0,2021.06.09.14.50.36_veh-26_02826_02955,1.0,0.0
96e24e94933f52c8,2021.06.09.12.51.31_veh-35_01729_02626,1.0,2021.06.09.12.51.31_veh-35_01729_02626,1.0,0.0
970fa907695456f4,2021.07.09.15.53.28_veh-38_00184_02293,0.895242547974258,2021.07.09.15.53.28_veh-38_00184_02293,0.9137034282408395,0.018460880266581547
972df703db945595,2021.07.09.15.53.28_veh-38_00184_02293,0.9288033871412574,2021.07.09.15.53.28_veh-38_00184_02293,0.9412573191520969,0.012453932010839441
9742b96a0eee5097,2021.06.23.17.31.36_veh-16_00016_00377,0.8994532923833541,2021.06.23.17.31.36_veh-16_00016_00377,0.9231804777052002,0.023727185321846034
9753236c37725562,2021.07.09.15.53.28_veh-38_00184_02293,1.0,2021.07.09.15.53.28_veh-38_00184_02293,1.0,0.0
978bac8b6a965c09,2021.07.09.15.53.28_veh-38_00184_02293,1.0,2021.07.09.15.53.28_veh-38_00184_02293,1.0,0.0
97a3fc19fc7b508e,2021.10.01.17.52.06_veh-28_01141_01264,0.9844102770064093,2021.10.01.17.52.06_veh-28_01141_01264,0.9969856871271409,0.0125754101207316
97b60971053a5a8f,2021.06.09.12.06.35_veh-35_01164_01494,0.9274330205471545,2021.06.09.12.06.35_veh-35_01164_01494,0.9483251274823079,0.02089210693515342
97b9c6b0d3aa5e6b,2021.10.05.07.49.39_veh-52_00770_00905,1.0,2021.10.05.07.49.39_veh-52_00770_00905,1.0,0.0
97bbe0832237514d,2021.07.09.15.53.28_veh-38_00184_02293,0.9096880359069931,2021.07.09.15.53.28_veh-38_00184_02293,0.9252764045527891,0.015588368645796047
97cd0485dadc5c44,2021.10.05.07.49.39_veh-52_00770_00905,0.9543647872062729,2021.10.05.07.49.39_veh-52_00770_00905,0.9753170058388957,0.020952218632622754
98546a6b46d7528e,2021.07.09.15.53.28_veh-38_00184_02293,0.970993490583619,2021.07.09.15.53.28_veh-38_00184_02293,0.9804853639449718,0.00949187336135282
987e9ead152a5bef,2021.07.09.15.53.28_veh-38_00184_02293,0.9630608017237817,2021.07.09.15.53.28_veh-38_00184_02293,0.978152714903732,0.01509191317995029
98b7d40a0b4256e1,2021.06.09.12.51.31_veh-35_01729_02626,0.9211143190899653,2021.06.09.12.51.31_veh-35_01729_02626,0.9309311259065182,0.009816806816552837
98e1c86704b75bce,2021.08.31.11.47.30_veh-40_00919_01000,0.9488761181065931,2021.08.31.11.47.30_veh-40_00919_01000,0.9729951977740168,0.02411907966742366
98f62d9131da5913,2021.10.11.02.57.41_veh-50_01028_01289,0.799271607979383,2021.10.11.02.57.41_veh-50_01028_01289,0.8145138675759535,0.01524225959657044
9915a6132edb5b6f,2021.06.09.14.50.36_veh-26_02826_02955,1.0,2021.06.09.14.50.36_veh-26_02826_02955,1.0,0.0
994cdcf16f475b72,2021.10.11.02.57.41_veh-50_02155_02265,0.9093026142502114,2021.10.11.02.57.41_veh-50_02155_02265,0.9236049851375435,0.014302370887332105
9953d027249f57fe,2021.07.09.15.53.28_veh-38_00184_02293,0.8551287128684032,2021.07.09.15.53.28_veh-38_00184_02293,0.8646067144953052,0.009478001626902044
997140e8419051b4,2021.10.11.02.57.41_veh-50_01028_01289,0.8797625509353892,2021.10.11.02.57.41_veh-50_01028_01289,0.89521676073997,0.015454209804580787
99c4a687ed1a599a,2021.07.16.22.40.23_veh-38_00204_00360,1.0,2021.07.16.22.40.23_veh-38_00204_00360,1.0,0.0
99ded0a5f4475071,2021.06.09.12.06.35_veh-35_01164_01494,0.9490051173154801,2021.06.09.12.06.35_veh-35_01164_01494,0.9646616292337513,0.01565651191827122
99f700e7e9af5407,2021.06.09.20.26.11_veh-35_00970_01216,1.0,2021.06.09.20.26.11_veh-35_00970_01216,1.0,0.0
9a1dbb392efc5e89,2021.08.31.11.47.30_veh-40_00919_01000,0.9594981715295553,2021.08.31.11.47.30_veh-40_00919_01000,0.9797950269878596,0.020296855458304286
9a3297e2227653e7,2021.06.09.12.06.35_veh-35_01164_01494,0.8812713702958271,2021.06.09.12.06.35_veh-35_01164_01494,0.9067164670099999,0.02544509671417272
9a45431d78665797,2021.10.11.02.57.41_veh-50_01028_01289,0.873683282100322,2021.10.11.02.57.41_veh-50_01028_01289,0.8873295948703195,0.013646312769997504
9a4b00e867fc591d,2021.06.09.20.26.11_veh-35_00970_01216,1.0,2021.06.09.20.26.11_veh-35_00970_01216,1.0,0.0
9a5fc2035a655005,2021.10.11.02.57.41_veh-50_02155_02265,0.9061990467287989,2021.10.11.02.57.41_veh-50_02155_02265,0.9199201757624041,0.013721129033605228
9aa65c356bad5da4,2021.07.09.15.53.28_veh-38_00184_02293,0.9600387593435614,2021.07.09.15.53.28_veh-38_00184_02293,0.9747491537173362,0.014710394373774749
9abce3eae2005739,2021.10.11.02.57.41_veh-50_01028_01289,0.8819890920453313,2021.10.11.02.57.41_veh-50_01028_01289,0.8966720542351608,0.014682962189829563
9ad2cc6c97365873,2021.07.09.20.26.06_veh-35_02793_03289,0.9046879188868123,2021.07.09.20.26.06_veh-35_02793_03289,0.918992714264287,0.014304795377474644
9ae5a292b89155a0,2021.06.23.17.31.36_veh-16_00016_00377,1.0,2021.06.23.17.31.36_veh-16_00016_00377,1.0,0.0
9aeb31473be659b4,2021.10.11.02.57.41_veh-50_02155_02265,0.8708038307568748,2021.10.11.02.57.41_veh-50_02155_02265,0.8846793443353013,0.013875513578426424
9b3708708fbd550f,2021.06.09.12.06.35_veh-35_01164_01494,0.9297532112437787,2021.06.09.12.06.35_veh-35_01164_01494,0.9459724144385957,0.016219203194816956
9b4247d0fd87569c,2021.07.09.20.26.06_veh-35_02793_03289,0.894651804146414,2021.07.09.20.26.06_veh-35_02793_03289,0.9239971209515426,0.02934531680512864
9b4ca000766657b2,2021.07.09.15.53.28_veh-38_00184_02293,0.9224634172313811,2021.07.09.15.53.28_veh-38_00184_02293,0.933630595462473,0.011167178231091812
9b7196827b5859df,2021.06.09.14.50.36_veh-26_02826_02955,1.0,2021.06.09.14.50.36_veh-26_02826_02955,1.0,0.0
9b877b869b3d5f89,2021.06.09.20.26.11_veh-35_00970_01216,1.0,2021.06.09.20.26.11_veh-35_00970_01216,1.0,0.0
9bbdf96591265339,2021.08.31.14.01.15_veh-40_01576_01714,0.8224984419364746,2021.08.31.14.01.15_veh-40_01576_01714,0.8428314329842213,0.020332991047746662
9bcee0d1dd015764,2021.07.09.15.53.28_veh-38_00184_02293,1.0,2021.07.09.15.53.28_veh-38_00184_02293,1.0,0.0
9be9272eca74587d,2021.10.11.02.57.41_veh-50_02155_02265,0.8938641436784694,2021.10.11.02.57.41_veh-50_02155_02265,0.9071145655399161,0.013250421861446648
9c084095533b564c,2021.10.05.07.49.39_veh-52_00770_00905,0.846794916900854,2021.10.05.07.49.39_veh-52_00770_00905,0.8734116574588157,0.026616740557961704
9c2572be2cc259d9,2021.07.09.15.53.28_veh-38_00184_02293,0.9719120018836521,2021.07.09.15.53.28_veh-38_00184_02293,0.9895977775238899,0.017685775640237766
9c33787bfeda5800,2021.07.09.15.53.28_veh-38_00184_02293,1.0,2021.07.09.15.53.28_veh-38_00184_02293,1.0,0.0
9c792517780b5b7d,2021.07.09.15.53.28_veh-38_00184_02293,0.9684436804814885,2021.07.09.15.53.28_veh-38_00184_02293,0.9901513637229812,0.021707683241492637
9c83725ca24453f5,2021.07.09.15.53.28_veh-38_00184_02293,1.0,2021.07.09.15.53.28_veh-38_00184_02293,1.0,0.0
9c891840338e54d4,2021.07.09.15.53.28_veh-38_00184_02293,0.9078725159616012,2021.07.09.15.53.28_veh-38_00184_02293,0.9246368953311901,0.016764379369588855
9cb25aa118655418,2021.07.09.15.53.28_veh-38_00184_02293,1.0,2021.07.09.15.53.28_veh-38_00184_02293,1.0,0.0
9cb570dc6b2b5355,2021.06.09.12.06.35_veh-35_01164_01494,0.9213548349829125,2021.06.09.12.06.35_veh-35_01164_01494,0.9384466076514021,0.017091772668489602
9cc73a8bde335ec2,2021.07.09.15.53.28_veh-38_00184_02293,1.0,2021.07.09.15.53.28_veh-38_00184_02293,1.0,0.0
9ce14bde80df5bab,2021.10.05.08.11.15_veh-50_00437_00585,0.9356760157055467,2021.10.05.08.11.15_veh-50_00437_00585,0.9481325569081921,0.012456541202645388
9cef9bb074dc57a9,2021.06.09.17.23.18_veh-38_01598_01750,1.0,2021.06.09.17.23.18_veh-38_01598_01750,1.0,0.0
9d0c0ca6c0b352b8,2021.06.09.12.51.31_veh-35_01729_02626,0.9119911299978599,2021.06.09.12.51.31_veh-35_01729_02626,0.9345934925932484,0.022602362595388503
9d35cc01a2ca541d,2021.06.09.20.26.11_veh-35_00970_01216,0.9089354551504368,2021.06.09.20.26.11_veh-35_00970_01216,0.9293415972787816,0.020406142128344795
9d572fd0a3c0584f,2021.07.09.15.53.28_veh-38_00184_02293,1.0,2021.07.09.15.53.28_veh-38_00184_02293,1.0,0.0
9d87ac4fbc1959d9,2021.06.09.12.51.31_veh-35_01729_02626,1.0,2021.06.09.12.51.31_veh-35_01729_02626,1.0,0.0
9d87df3517f0557a,2021.06.09.12.51.31_veh-35_01729_02626,0.8997733061327354,2021.06.09.12.51.31_veh-35_01729_02626,0.9204172704854856,0.020643964352750177
9d8f4e67c96b5637,2021.07.09.15.53.28_veh-38_00184_02293,0.9703729165624758,2021.07.09.15.53.28_veh-38_00184_02293,0.9900214188338635,0.019648502271387702
9db16a5b77095de4,2021.07.09.15.53.28_veh-38_00184_02293,0.8541994872759364,2021.07.09.15.53.28_veh-38_00184_02293,0.8744297180802906,0.020230230804354155
9e6d11e4e8385c43,2021.06.09.20.26.11_veh-35_00970_01216,1.0,2021.06.09.20.26.11_veh-35_00970_01216,1.0,0.0
9e7532e485cc5816,2021.07.09.15.53.28_veh-38_00184_02293,1.0,2021.07.09.15.53.28_veh-38_00184_02293,1.0,0.0
9eac02522d2a5ed3,2021.07.09.15.53.28_veh-38_00184_02293,1.0,2021.07.09.15.53.28_veh-38_00184_02293,1.0,0.0
9eae5a2e43535977,2021.10.11.02.57.41_veh-50_01028_01289,0.0,2021.10.11.02.57.41_veh-50_01028_01289,0.0,0.0
9eba22c564c15cff,2021.06.09.20.26.11_veh-35_00970_01216,1.0,2021.06.09.20.26.11_veh-35_00970_01216,1.0,0.0
9ebea9056e195897,2021.06.09.12.51.31_veh-35_01729_02626,0.8805706349244365,2021.06.09.12.51.31_veh-35_01729_02626,0.9079375878241139,0.027366952899677388
9ed6b55afa4251dd,2021.06.09.17.23.18_veh-38_01598_01750,1.0,2021.06.09.17.23.18_veh-38_01598_01750,1.0,0.0
9f2f87e8c4b558c8,2021.07.09.15.53.28_veh-38_00184_02293,0.9464284117267457,2021.07.09.15.53.28_veh-38_00184_02293,0.9593163074041305,0.012887895677384797
9f40f3d09a0c5024,2021.07.09.15.53.28_veh-38_00184_02293,0.9844730289078184,2021.07.09.15.53.28_veh-38_00184_02293,0.9988341014033324,0.014361072495513993
9f56c42b0c4b552c,2021.07.09.15.53.28_veh-38_00184_02293,0.958954374793712,2021.07.09.15.53.28_veh-38_00184_02293,0.9867861135830869,0.027831738789374838
9f7def7fc5e4570e,2021.07.09.20.26.06_veh-35_02793_03289,0.8811406749517706,2021.07.09.20.26.06_veh-35_02793_03289,0.8958795477633309,0.014738872811560277
9f885abfb8cd5675,2021.07.16.22.40.23_veh-38_00204_00360,1.0,2021.07.16.22.40.23_veh-38_00204_00360,1.0,0.0
9fabef7447845a3b,2021.06.09.12.51.31_veh-35_01729_02626,0.920707434532686,2021.06.09.12.51.31_veh-35_01729_02626,0.9379197499965605,0.017212315463874472
9fb2a722bf485a1b,2021.06.09.12.51.31_veh-35_01729_02626,0.8823403173089579,2021.06.09.12.51.31_veh-35_01729_02626,0.9057814446630319,0.023441127354074
a0036dbb7dd9522a,2021.07.09.15.53.28_veh-38_00184_02293,1.0,2021.07.09.15.53.28_veh-38_00184_02293,1.0,0.0
a0134d1c60475b3c,2021.06.23.17.31.36_veh-16_00016_00377,0.9651898172843646,2021.06.23.17.31.36_veh-16_00016_00377,0.9768622466137967,0.011672429329432132
a01fa5eb5be95c2a,2021.07.09.20.26.06_veh-35_02793_03289,0.9128746480449191,2021.07.09.20.26.06_veh-35_02793_03289,0.9265922441761933,0.013717596131274212
a02f3e19c1ad5991,2021.06.09.20.26.11_veh-35_00970_01216,0.950017309116629,2021.06.09.20.26.11_veh-35_00970_01216,0.9915982576770898,0.041580948560460795
a0493e8185235ec7,2021.10.05.07.49.39_veh-52_00770_00905,0.9697128293104459,2021.10.05.07.49.39_veh-52_00770_00905,0.9924059503276639,0.022693121017217988
a0757b8313a15615,2021.10.11.02.57.41_veh-50_02155_02265,0.8671787961814239,2021.10.11.02.57.41_veh-50_02155_02265,0.8803026445604886,0.013123848379064662
a075a523b64550e9,2021.07.09.15.53.28_veh-38_00184_02293,0.8166892520901268,2021.07.09.15.53.28_veh-38_00184_02293,0.8391256003723745,0.02243634828224772
a094176b58375800,2021.07.09.15.53.28_veh-38_00184_02293,1.0,2021.07.09.15.53.28_veh-38_00184_02293,1.0,0.0
a0c05b04e8fc5d85,2021.07.09.15.53.28_veh-38_00184_02293,1.0,2021.07.09.15.53.28_veh-38_00184_02293,1.0,0.0
a156a990d01f5a38,2021.07.09.15.53.28_veh-38_00184_02293,1.0,2021.07.09.15.53.28_veh-38_00184_02293,1.0,0.0
a1722fd06916560d,2021.06.09.12.06.35_veh-35_01164_01494,0.9066974684489373,2021.06.09.12.06.35_veh-35_01164_01494,0.9269553317423992,0.02025786329346191
a173aec70e58581c,2021.07.09.15.53.28_veh-38_00184_02293,0.8861472237215088,2021.07.09.15.53.28_veh-38_00184_02293,0.8976412415375172,0.01149401781600845
a17b55560d22530f,2021.10.05.07.49.39_veh-52_00770_00905,1.0,2021.10.05.07.49.39_veh-52_00770_00905,1.0,0.0
a1b196339e23508b,2021.07.09.15.53.28_veh-38_00184_02293,0.8825681933897481,2021.07.09.15.53.28_veh-38_00184_02293,0.9020893059534528,0.0195211125637047
a1c0bc234f6b509d,2021.07.09.15.53.28_veh-38_00184_02293,0.9348003141467113,2021.07.09.15.53.28_veh-38_00184_02293,0.9541536151763751,0.019353301029663816
a1cca44efdc256a2,2021.06.23.17.31.36_veh-16_00016_00377,1.0,2021.06.23.17.31.36_veh-16_00016_00377,1.0,0.0
a1e1af9908e45556,2021.10.11.02.57.41_veh-50_02155_02265,0.8659616774726459,2021.10.11.02.57.41_veh-50_02155_02265,0.8784001072233093,0.012438429750663449
a1f10af5c1bd57f8,2021.06.09.20.26.11_veh-35_00970_01216,0.9746999884891517,2021.06.09.20.26.11_veh-35_00970_01216,0.985870620338679,0.011170631849527268
a22e6b1ef8655ecf,2021.06.09.12.06.35_veh-35_01164_01494,0.8923225856816321,2021.06.09.12.06.35_veh-35_01164_01494,0.9139387714236844,0.021616185742052263
a27a8a02217d5ade,2021.08.31.11.47.30_veh-40_00919_01000,0.9359629090080578,2021.08.31.11.47.30_veh-40_00919_01000,0.9532423073768473,0.017279398368789556
a287a8b3726a5d46,2021.06.09.12.51.31_veh-35_01729_02626,1.0,2021.06.09.12.51.31_veh-35_01729_02626,1.0,0.0
a29d4b0957d45457,2021.07.09.15.53.28_veh-38_00184_02293,1.0,2021.07.09.15.53.28_veh-38_00184_02293,1.0,0.0
a2e8d995e6985d26,2021.06.09.20.26.11_veh-35_00970_01216,0.9734502535862802,2021.06.09.20.26.11_veh-35_00970_01216,0.9965515632325945,0.023101309646314294
a30635daffc75118,2021.06.09.12.06.35_veh-35_01164_01494,1.0,2021.06.09.12.06.35_veh-35_01164_01494,1.0,0.0
a3421711e5dc50e5,2021.07.09.20.26.06_veh-35_02793_03289,1.0,2021.07.09.20.26.06_veh-35_02793_03289,1.0,0.0
a3648b6dd505564f,2021.07.09.15.53.28_veh-38_00184_02293,1.0,2021.07.09.15.53.28_veh-38_00184_02293,1.0,0.0
a3886a0066ca51e0,2021.10.11.02.57.41_veh-50_01028_01289,0.8637626694668246,2021.10.11.02.57.41_veh-50_01028_01289,0.870976513379477,0.007213843912652451
a3b1fb4905615ee0,2021.07.09.15.53.28_veh-38_00184_02293,0.0,2021.07.09.15.53.28_veh-38_00184_02293,0.9713708095654212,0.9713708095654212
a3ef1c88095a59da,2021.07.09.15.53.28_veh-38_00184_02293,0.8619120828468471,2021.07.09.15.53.28_veh-38_00184_02293,0.8766611116022144,0.014749028755367322
a43022f0434c530b,2021.10.01.17.52.06_veh-28_01141_01264,0.9800916549103408,2021.10.01.17.52.06_veh-28_01141_01264,1.0,0.01990834508965922
a46b9833db705dd8,2021.06.09.12.51.31_veh-35_01729_02626,0.8322536701423354,2021.06.09.12.51.31_veh-35_01729_02626,0.85081799507751,0.01856432493517457
a47149d13d5a5b74,2021.10.11.02.57.41_veh-50_02155_02265,0.9052816021382352,2021.10.11.02.57.41_veh-50_02155_02265,0.919685196095131,0.014403593956895833
a4add302e42c5c7e,2021.06.09.20.26.11_veh-35_00970_01216,0.9174580824990896,2021.06.09.20.26.11_veh-35_00970_01216,0.9346545859407804,0.01719650344169088
a4ba975c32c95388,2021.07.09.15.53.28_veh-38_00184_02293,0.9817517551362864,2021.07.09.15.53.28_veh-38_00184_02293,1.0,0.01824824486371357
a501f397b8045aed,2021.07.09.15.53.28_veh-38_00184_02293,0.9857326168432121,2021.07.09.15.53.28_veh-38_00184_02293,1.0,0.014267383156787883
a5051ac6e15551e7,2021.08.31.11.47.30_veh-40_00919_01000,0.9450535180529419,2021.08.31.11.47.30_veh-40_00919_01000,0.9646552076949574,0.019601689642015474
a572a36643565d2d,2021.07.09.15.53.28_veh-38_00184_02293,1.0,2021.07.09.15.53.28_veh-38_00184_02293,1.0,0.0
a5aa2c07692a5f9b,2021.06.23.17.31.36_veh-16_00016_00377,1.0,2021.06.23.17.31.36_veh-16_00016_00377,1.0,0.0
a5bdf8f9621d585c,2021.07.09.15.53.28_veh-38_00184_02293,1.0,2021.07.09.15.53.28_veh-38_00184_02293,0.5833333333333334,-0.41666666666666663
a5d0fdeecf745214,2021.07.09.15.53.28_veh-38_00184_02293,1.0,2021.07.09.15.53.28_veh-38_00184_02293,1.0,0.0
a5fc68e13b4c5653,2021.07.09.15.53.28_veh-38_00184_02293,1.0,2021.07.09.15.53.28_veh-38_00184_02293,1.0,0.0
a60f2627cee15fd4,2021.10.11.02.57.41_veh-50_02155_02265,0.8544459849502516,2021.10.11.02.57.41_veh-50_02155_02265,0.0,-0.8544459849502516
a614f0e213bc5b3c,2021.10.11.02.57.41_veh-50_02155_02265,0.8268378853345251,2021.10.11.02.57.41_veh-50_02155_02265,0.8353854584794256,0.008547573144900511
a61c2bbd0f3d5d8b,2021.06.09.12.06.35_veh-35_01164_01494,0.9906139363795964,2021.06.09.12.06.35_veh-35_01164_01494,1.0,0.009386063620403617
a636eadfab6a531d,2021.06.09.12.51.31_veh-35_01729_02626,0.804055420143109,2021.06.09.12.51.31_veh-35_01729_02626,0.8236366477314521,0.01958122758834302
a63d9d8cd31858ae,2021.06.23.17.31.36_veh-16_00016_00377,0.9316222953946203,2021.06.23.17.31.36_veh-16_00016_00377,0.9484867869811175,0.016864491586497277
a661c633fa3e5a59,2021.08.31.14.01.15_veh-40_01576_01714,1.0,2021.08.31.14.01.15_veh-40_01576_01714,1.0,0.0
a7052e45ec88505e,2021.07.09.20.26.06_veh-35_02793_03289,0.9271725583677668,2021.07.09.20.26.06_veh-35_02793_03289,0.9392363939053338,0.012063835537566958
a732670827695579,2021.07.09.15.53.28_veh-38_00184_02293,0.8814528783995269,2021.07.09.15.53.28_veh-38_00184_02293,0.9032743739260541,0.021821495526527235
a7678eea2655557f,2021.06.09.20.26.11_veh-35_00970_01216,0.898475954778078,2021.06.09.20.26.11_veh-35_00970_01216,0.9259042776318633,0.02742832285378538
a77bff075d7c5d85,2021.10.11.02.57.41_veh-50_01028_01289,0.962041886860416,2021.10.11.02.57.41_veh-50_01028_01289,0.976674335009727,0.014632448149310973
a7a0e345cbe251ff,2021.06.09.20.26.11_veh-35_00970_01216,1.0,2021.06.09.20.26.11_veh-35_00970_01216,1.0,0.0
a7bfd664e59f5640,2021.07.09.15.53.28_veh-38_00184_02293,0.9517865986286349,2021.07.09.15.53.28_veh-38_00184_02293,0.9715296240709849,0.01974302544234996
a7c85687d085540f,2021.07.09.15.53.28_veh-38_00184_02293,0.9536484883382615,2021.07.09.15.53.28_veh-38_00184_02293,0.9718864312560235,0.01823794291776193
a7f219d0ab395e1b,2021.07.09.15.53.28_veh-38_00184_02293,1.0,2021.07.09.15.53.28_veh-38_00184_02293,1.0,0.0
a85db33ba720554a,2021.07.09.15.53.28_veh-38_00184_02293,1.0,2021.07.09.15.53.28_veh-38_00184_02293,1.0,0.0
a8739782d4355428,2021.06.09.12.51.31_veh-35_01729_02626,1.0,2021.06.09.12.51.31_veh-35_01729_02626,1.0,0.0
a890e898c911575d,2021.07.09.15.53.28_veh-38_00184_02293,1.0,2021.07.09.15.53.28_veh-38_00184_02293,1.0,0.0
a8c8ce07867e569e,2021.06.23.17.31.36_veh-16_00016_00377,0.9175449408931602,2021.06.23.17.31.36_veh-16_00016_00377,0.9499126379033949,0.032367697010234675
a8e97875efab5ff5,2021.07.09.15.53.28_veh-38_00184_02293,0.9173320641617696,2021.07.09.15.53.28_veh-38_00184_02293,0.9295665573012665,0.012234493139496871
a8efb43e09885372,2021.07.09.15.53.28_veh-38_00184_02293,0.98019508822175,2021.07.09.15.53.28_veh-38_00184_02293,0.5833333333333334,-0.3968617548884167
a8f42d585ae55630,2021.07.09.20.26.06_veh-35_02793_03289,0.9492249669397012,2021.07.09.20.26.06_veh-35_02793_03289,0.9637744524519268,0.01454948551222568
a90b5f01478957ee,2021.07.09.15.53.28_veh-38_00184_02293,0.8202401697870254,2021.07.09.15.53.28_veh-38_00184_02293,0.8397463225006199,0.01950615271359446
a91aee7fb6255053,2021.07.09.15.53.28_veh-38_00184_02293,0.9077065458016814,2021.07.09.15.53.28_veh-38_00184_02293,0.9278148200962564,0.020108274294574957
a92a5c623e9a5906,2021.08.31.14.01.15_veh-40_01576_01714,0.9328336383764234,2021.08.31.14.01.15_veh-40_01576_01714,0.9405265681202195,0.007692929743796095
a99dbc17a6f35fa0,2021.10.05.08.11.15_veh-50_00437_00585,0.8826223419214644,2021.10.05.08.11.15_veh-50_00437_00585,0.8929774474639521,0.010355105542487753
a99fef2dc48459b8,2021.10.11.02.57.41_veh-50_02155_02265,0.8944902608758413,2021.10.11.02.57.41_veh-50_02155_02265,0.9072473863153773,0.012757125439535999
a9bb657628115cf5,2021.07.09.15.53.28_veh-38_00184_02293,0.9386536403678646,2021.07.09.15.53.28_veh-38_00184_02293,0.9631899593738984,0.024536319006033813
aa05717ed4265b1a,2021.06.09.12.51.31_veh-35_01729_02626,0.9236960171350966,2021.06.09.12.51.31_veh-35_01729_02626,0.9392567966643349,0.015560779529238289
aa22e0c0be2b588c,2021.07.09.20.26.06_veh-35_02793_03289,1.0,2021.07.09.20.26.06_veh-35_02793_03289,1.0,0.0
aa5c5efeeafd563c,2021.08.31.14.01.15_veh-40_01576_01714,0.928799043707361,2021.08.31.14.01.15_veh-40_01576_01714,0.9392307969494876,0.01043175324212664
aa8326c244e85a40,2021.10.11.02.57.41_veh-50_02155_02265,0.8850778221129679,2021.10.11.02.57.41_veh-50_02155_02265,0.8966514821476769,0.011573660034708944
aa917b7bd6795583,2021.07.09.15.53.28_veh-38_00184_02293,0.9895004581653616,2021.07.09.15.53.28_veh-38_00184_02293,0.5833333333333334,-0.4061671248320282
aa9798a62fd05f92,2021.07.09.20.26.06_veh-35_02793_03289,0.9379644026640083,2021.07.09.20.26.06_veh-35_02793_03289,0.9495397431120122,0.011575340448003901
aaa588f7383f52b7,2021.06.09.20.26.11_veh-35_00970_01216,0.8855201771547755,2021.06.09.20.26.11_veh-35_00970_01216,0.9075397646262101,0.02201958747143462
aac0caff26875b79,2021.06.23.17.31.36_veh-16_00016_00377,1.0,2021.06.23.17.31.36_veh-16_00016_00377,1.0,0.0
aae99a84413d5f72,2021.06.09.20.26.11_veh-35_00970_01216,0.8863734473283212,2021.06.09.20.26.11_veh-35_00970_01216,0.9061899013726938,0.0198164540443726
ab53984253715cdd,2021.10.11.02.57.41_veh-50_02155_02265,0.8713576910470983,2021.10.11.02.57.41_veh-50_02155_02265,0.8834328144478535,0.012075123400755228
aba976ffd9c451de,2021.10.01.17.52.06_veh-28_01141_01264,0.9507695778510866,2021.10.01.17.52.06_veh-28_01141_01264,0.9700608652574032,0.019291287406316582
abc8238662a8569e,2021.07.09.20.26.06_veh-35_02793_03289,0.9424402209815183,2021.07.09.20.26.06_veh-35_02793_03289,0.9555942081742431,0.01315398719272487
abc8c3e51f5857d5,2021.10.05.08.11.15_veh-50_00437_00585,0.9924864149132132,2021.10.05.08.11.15_veh-50_00437_00585,1.0,0.007513585086786789
abc9f2cbeaeb55f6,2021.10.11.02.57.41_veh-50_01028_01289,0.9186706338216366,2021.10.11.02.57.41_veh-50_01028_01289,0.9339788506661805,0.015308216844543865
abeedf530cf3573d,2021.10.11.02.57.41_veh-50_01028_01289,0.8385001043038308,2021.10.11.02.57.41_veh-50_01028_01289,0.0,-0.8385001043038308
abf1cce3aa57532a,2021.10.05.08.11.15_veh-50_00437_00585,0.9265150535550171,2021.10.05.08.11.15_veh-50_00437_00585,0.938299304149013,0.011784250593995904
ac0ca24fd2f158b7,2021.07.09.15.53.28_veh-38_00184_02293,1.0,2021.07.09.15.53.28_veh-38_00184_02293,1.0,0.0
ac2c3e22fe8c5c6d,2021.06.09.12.51.31_veh-35_01729_02626,0.8452665791160667,2021.06.09.12.51.31_veh-35_01729_02626,0.8718690583075334,0.026602479191466633
ac5e2264df3958ac,2021.06.09.12.51.31_veh-35_01729_02626,0.8405051169938221,2021.06.09.12.51.31_veh-35_01729_02626,0.862097937608488,0.02159282061466583
ac681c2a50795ba0,2021.08.31.11.47.30_veh-40_00919_01000,1.0,2021.08.31.11.47.30_veh-40_00919_01000,1.0,0.0
ac7799ea12475109,2021.10.01.17.52.06_veh-28_01141_01264,0.9691212036587732,2021.10.01.17.52.06_veh-28_01141_01264,0.9816555645700502,0.01253436091127702
ac7ab75271c75a44,2021.06.23.17.31.36_veh-16_00016_00377,1.0,2021.06.23.17.31.36_veh-16_00016_00377,1.0,0.0
acf90c09814b527d,2021.07.09.15.53.28_veh-38_00184_02293,0.9504518780593346,2021.07.09.15.53.28_veh-38_00184_02293,0.9854733512038125,0.0350214731444779
ad4728971bca5a56,2021.07.09.15.53.28_veh-38_00184_02293,1.0,2021.07.09.15.53.28_veh-38_00184_02293,1.0,0.0
ad6f2ee944415c58,2021.06.09.12.51.31_veh-35_01729_02626,1.0,2021.06.09.12.51.31_veh-35_01729_02626,1.0,0.0
ad75c0abe73d52c7,2021.10.11.02.57.41_veh-50_01028_01289,0.8529246274296608,2021.10.11.02.57.41_veh-50_01028_01289,0.8633768499919968,0.010452222562336022
ad8f2bc5ddb055c9,2021.07.09.20.26.06_veh-35_02793_03289,0.8861912217787294,2021.07.09.20.26.06_veh-35_02793_03289,0.9091865547424259,0.02299533296369649
ad9c60ee22de5163,2021.08.31.11.47.30_veh-40_00919_01000,0.9361632583771082,2021.08.31.11.47.30_veh-40_00919_01000,0.9550197472781959,0.01885648890108771
add1ea7b7e845845,2021.07.09.20.26.06_veh-35_02793_03289,1.0,2021.07.09.20.26.06_veh-35_02793_03289,1.0,0.0
adeac17732895943,2021.07.09.15.53.28_veh-38_00184_02293,1.0,2021.07.09.15.53.28_veh-38_00184_02293,1.0,0.0
adf1f42c50905604,2021.07.09.20.26.06_veh-35_02793_03289,1.0,2021.07.09.20.26.06_veh-35_02793_03289,1.0,0.0
ae0c0121c32e5e5c,2021.07.09.20.26.06_veh-35_02793_03289,0.8548045394781316,2021.07.09.20.26.06_veh-35_02793_03289,0.8778527976753479,0.02304825819721623
ae101de4cb1b513e,2021.07.09.15.53.28_veh-38_00184_02293,0.8152155940327859,2021.07.09.15.53.28_veh-38_00184_02293,0.83604786701424,0.02083227298145418
ae1ce6b276645fd1,2021.10.11.02.57.41_veh-50_02155_02265,0.8743884985768346,2021.10.11.02.57.41_veh-50_02155_02265,0.8872225797715774,0.01283408119474272
ae2807f88fea5904,2021.10.11.02.57.41_veh-50_01028_01289,0.8181774013897195,2021.10.11.02.57.41_veh-50_01028_01289,0.8320010507320718,0.013823649342352251
ae423ca6966757cf,2021.10.01.17.52.06_veh-28_01141_01264,0.9807672838601477,2021.10.01.17.52.06_veh-28_01141_01264,0.9937649978426867,0.012997713982539016
ae65f8c63d9757ce,2021.07.09.15.53.28_veh-38_00184_02293,1.0,2021.07.09.15.53.28_veh-38_00184_02293,1.0,0.0
ae75038bea395c18,2021.07.09.15.53.28_veh-38_00184_02293,0.9131336965504167,2021.07.09.15.53.28_veh-38_00184_02293,0.9286637427827826,0.01553004623236598
ae7aec1b18255951,2021.10.05.07.49.39_veh-52_00770_00905,1.0,2021.10.05.07.49.39_veh-52_00770_00905,1.0,0.0
aeac6b9b55cb5709,2021.10.05.08.11.15_veh-50_00437_00585,0.8751719602310918,2021.10.05.08.11.15_veh-50_00437_00585,0.8866115377490807,0.011439577517988964
aee6f2e930d550e1,2021.10.05.07.49.39_veh-52_00770_00905,0.9540682601119199,2021.10.05.07.49.39_veh-52_00770_00905,0.9736463948255736,0.01957813471365366
aefcaaf5aef552eb,2021.07.09.15.53.28_veh-38_00184_02293,1.0,2021.07.09.15.53.28_veh-38_00184_02293,1.0,0.0
af1647f044bf5353,2021.07.09.20.26.06_veh-35_02793_03289,0.9773497557155512,2021.07.09.20.26.06_veh-35_02793_03289,1.0,0.02265024428444884
af5340a6db3a56dc,2021.10.11.02.57.41_veh-50_02155_02265,0.8995287703243798,2021.10.11.02.57.41_veh-50_02155_02265,0.9131941503698218,0.013665380045441933
af72d87120a75e89,2021.06.09.12.06.35_veh-35_01164_01494,1.0,2021.06.09.12.06.35_veh-35_01164_01494,1.0,0.0
afcacc1536c75f9f,2021.10.11.02.57.41_veh-50_01028_01289,0.8685673727081943,2021.10.11.02.57.41_veh-50_01028_01289,0.8821344606894548,0.013567087981260495
b007973e1a8c56cb,2021.06.09.12.06.35_veh-35_01164_01494,0.9628228687293378,2021.06.09.12.06.35_veh-35_01164_01494,0.9767923785482058,0.01396950981886802
b017af1b89af5241,2021.07.09.20.26.06_veh-35_02793_03289,1.0,2021.07.09.20.26.06_veh-35_02793_03289,1.0,0.0
b0224834f8b856d8,2021.07.09.15.53.28_veh-38_00184_02293,0.8851124060217567,2021.07.09.15.53.28_veh-38_00184_02293,0.8924658293754059,0.007353423353649191
b02f4daf44f952d5,2021.06.09.14.50.36_veh-26_02826_02955,0.8333333333333334,2021.06.09.14.50.36_veh-26_02826_02955,0.8333333333333334,0.0
b030dec92165592b,2021.07.09.15.53.28_veh-38_00184_02293,1.0,2021.07.09.15.53.28_veh-38_00184_02293,1.0,0.0
b042f8b582f453d8,2021.10.11.02.57.41_veh-50_02155_02265,0.8747168260016688,2021.10.11.02.57.41_veh-50_02155_02265,0.8883551237484228,0.013638297746754069
b066a7fc60ff523a,2021.07.09.15.53.28_veh-38_00184_02293,1.0,2021.07.09.15.53.28_veh-38_00184_02293,0.5833333333333334,-0.41666666666666663
b08f0c9d23f054dc,2021.10.05.08.11.15_veh-50_00437_00585,0.8630436122104816,2021.10.05.08.11.15_veh-50_00437_00585,0.876921999834141,0.013878387623659338
b0ab79add8315a10,2021.10.11.02.57.41_veh-50_02155_02265,0.8959199799143475,2021.10.11.02.57.41_veh-50_02155_02265,0.9102779950004201,0.014358015086072595
b0fbd8c8185b5ba8,2021.07.09.20.26.06_veh-35_02793_03289,1.0,2021.07.09.20.26.06_veh-35_02793_03289,1.0,0.0
b1c8504629d8571f,2021.07.09.15.53.28_veh-38_00184_02293,0.942319551602837,2021.07.09.15.53.28_veh-38_00184_02293,0.9549967605738147,0.012677208970977683
b1dfcdc2c85b536b,2021.10.01.17.52.06_veh-28_01141_01264,0.929155336761139,2021.10.01.17.52.06_veh-28_01141_01264,0.9419977350186434,0.012842398257504328
b2119b944b7f5d42,2021.06.09.12.51.31_veh-35_01729_02626,1.0,2021.06.09.12.51.31_veh-35_01729_02626,1.0,0.0
b23b1644c9845dc3,2021.07.09.15.53.28_veh-38_00184_02293,1.0,2021.07.09.15.53.28_veh-38_00184_02293,1.0,0.0
b23ede9a183b5b71,2021.06.09.12.06.35_veh-35_01164_01494,0.9063450359603888,2021.06.09.12.06.35_veh-35_01164_01494,0.9188067099124314,0.012461673952042562
b26470d352f35d83,2021.07.09.15.53.28_veh-38_00184_02293,0.8408089714235883,2021.07.09.15.53.28_veh-38_00184_02293,0.8654949632766864,0.024685991853098055
b2b97b044f3d52f5,2021.10.11.02.57.41_veh-50_02155_02265,0.8845500758124031,2021.10.11.02.57.41_veh-50_02155_02265,0.8978511956175433,0.01330111980514026
b2dffb44dcbd58e6,2021.10.05.07.49.39_veh-52_00770_00905,0.9028119509293462,2021.10.05.07.49.39_veh-52_00770_00905,0.9149685110567138,0.012156560127367655
b308eee052bc5e70,2021.07.09.15.53.28_veh-38_00184_02293,0.9669761435286262,2021.07.09.15.53.28_veh-38_00184_02293,0.9803911560135518,0.013415012484925604
b31cfbd91b505320,2021.07.09.20.26.06_veh-35_02793_03289,0.9558016241942132,2021.07.09.20.26.06_veh-35_02793_03289,0.9692919850727223,0.013490360878509078
b3786daf3a0357bd,2021.07.09.15.53.28_veh-38_00184_02293,1.0,2021.07.09.15.53.28_veh-38_00184_02293,1.0,0.0
b3811cb7cd8b5bee,2021.07.09.20.26.06_veh-35_02793_03289,1.0,2021.07.09.20.26.06_veh-35_02793_03289,1.0,0.0
b39a2ad9b6f050a9,2021.07.09.15.53.28_veh-38_00184_02293,0.9277421160069824,2021.07.09.15.53.28_veh-38_00184_02293,0.9403425464057652,0.01260043039878278
b3c10c514af95e75,2021.10.11.02.57.41_veh-50_01028_01289,0.9262721572797004,2021.10.11.02.57.41_veh-50_01028_01289,0.9475369450674137,0.021264787787713346
b3d05d10a7075767,2021.10.11.02.57.41_veh-50_01028_01289,0.8628436015439288,2021.10.11.02.57.41_veh-50_01028_01289,0.8731692644640124,0.010325662920083634
b3e4a0d98ed9509d,2021.06.09.12.51.31_veh-35_01729_02626,0.8522351204049375,2021.06.09.12.51.31_veh-35_01729_02626,0.8763463805251831,0.02411126012024556
b3fa24000d6f5d8d,2021.07.09.15.53.28_veh-38_00184_02293,0.8790444566995331,2021.07.09.15.53.28_veh-38_00184_02293,0.8892872911206116,0.010242834421078428
b434729c2a2154c3,2021.10.11.02.57.41_veh-50_02155_02265,0.9390973004534232,2021.10.11.02.57.41_veh-50_02155_02265,0.9580943957322092,0.018997095278786014
b462555081035453,2021.07.09.20.26.06_veh-35_02793_03289,0.955009817673619,2021.07.09.20.26.06_veh-35_02793_03289,0.9684010228930789,0.013391205219459912
b49af1daed2a5108,2021.10.05.08.11.15_veh-50_00437_00585,0.8452333254827812,2021.10.05.08.11.15_veh-50_00437_00585,0.8545678121462975,0.009334486663516328
b4b4b7ff096852e8,2021.07.09.15.53.28_veh-38_00184_02293,1.0,2021.07.09.15.53.28_veh-38_00184_02293,1.0,0.0
b4da9833a6795b8f,2021.07.09.15.53.28_veh-38_00184_02293,0.9534724161586126,2021.07.09.15.53.28_veh-38_00184_02293,0.9636520078582019,0.010179591699589374
b5099ae80a345e3e,2021.10.05.08.11.15_veh-50_00437_00585,0.8422070731385802,2021.10.05.08.11.15_veh-50_00437_00585,0.8557613441031849,0.013554270964604709
b518972e5c74575f,2021.07.09.20.26.06_veh-35_02793_03289,0.9311606420819082,2021.07.09.20.26.06_veh-35_02793_03289,0.9451018601764035,0.013941218094495333
b56363ebc91255ac,2021.06.09.20.26.11_veh-35_00970_01216,0.8811878067191818,2021.06.09.20.26.11_veh-35_00970_01216,0.9012725947301986,0.020084788011016763
b57bd30f8dbd5371,2021.10.11.02.57.41_veh-50_01028_01289,1.0,2021.10.11.02.57.41_veh-50_01028_01289,1.0,0.0
b5bc586e807859b9,2021.07.09.20.26.06_veh-35_02793_03289,0.9591102338237563,2021.07.09.20.26.06_veh-35_02793_03289,0.9692952285615121,0.010184994737755804
b5d7c17fe5375141,2021.06.09.20.26.11_veh-35_00970_01216,0.9161384694079899,2021.06.09.20.26.11_veh-35_00970_01216,0.9384932458047154,0.02235477639672545
b5de22e724db5143,2021.06.09.12.06.35_veh-35_01164_01494,0.8358769783661059,2021.06.09.12.06.35_veh-35_01164_01494,0.8721247380144576,0.036247759648351696
b5e45ceeb763563d,2021.07.09.20.26.06_veh-35_02793_03289,1.0,2021.07.09.20.26.06_veh-35_02793_03289,1.0,0.0
b6182e45cd3b5d7f,2021.06.23.17.31.36_veh-16_00016_00377,0.8873943150931529,2021.06.23.17.31.36_veh-16_00016_00377,0.9054576941547183,0.01806337906156541
b632e3d66c445180,2021.07.09.15.53.28_veh-38_00184_02293,1.0,2021.07.09.15.53.28_veh-38_00184_02293,1.0,0.0
b63e45593b79588a,2021.10.11.02.57.41_veh-50_02155_02265,0.9013977629813349,2021.10.11.02.57.41_veh-50_02155_02265,0.9162696440987497,0.014871881117414776
b64628fc8a365a5f,2021.06.09.17.23.18_veh-38_01598_01750,1.0,2021.06.09.17.23.18_veh-38_01598_01750,1.0,0.0
b64e4fd64ae55427,2021.10.05.07.49.39_veh-52_00770_00905,0.863623492168513,2021.10.05.07.49.39_veh-52_00770_00905,0.8713451051049397,0.007721612936426703
b6714748d40f5d76,2021.06.09.12.51.31_veh-35_01729_02626,0.7910752884418896,2021.06.09.12.51.31_veh-35_01729_02626,0.8112174652327555,0.02014217679086594
b6745c96ac0e5958,2021.07.09.15.53.28_veh-38_00184_02293,0.9010886743308718,2021.07.09.15.53.28_veh-38_00184_02293,0.9256065447475263,0.02451787041665454
b6aac26e82e05762,2021.06.09.12.06.35_veh-35_01164_01494,0.9740310653395542,2021.06.09.12.06.35_veh-35_01164_01494,0.993291666972214,0.019260601632659857
b6d189e5f2ec50c2,2021.06.23.17.31.36_veh-16_00016_00377,1.0,2021.06.23.17.31.36_veh-16_00016_00377,1.0,0.0
b6d928e9508d596b,2021.07.09.15.53.28_veh-38_00184_02293,1.0,2021.07.09.15.53.28_veh-38_00184_02293,1.0,0.0
b735436ddca45550,2021.07.09.15.53.28_veh-38_00184_02293,1.0,2021.07.09.15.53.28_veh-38_00184_02293,1.0,0.0
b73a3a2e7064563b,2021.07.09.15.53.28_veh-38_00184_02293,1.0,2021.07.09.15.53.28_veh-38_00184_02293,1.0,0.0
b7b9f10bef7a5622,2021.06.23.17.31.36_veh-16_00016_00377,0.9265825000848499,2021.06.23.17.31.36_veh-16_00016_00377,0.947801507104198,0.02121900701934809
b7bf330d5c115db3,2021.06.09.12.06.35_veh-35_01164_01494,0.9694360839810519,2021.06.09.12.06.35_veh-35_01164_01494,0.9894565835330682,0.020020499552016346
b7c1be361c1d5615,2021.07.09.20.26.06_veh-35_02793_03289,0.9045322799587989,2021.07.09.20.26.06_veh-35_02793_03289,0.9282844232925571,0.02375214333375819
b7e570107a325b8f,2021.07.09.15.53.28_veh-38_00184_02293,0.8402537773450925,2021.07.09.15.53.28_veh-38_00184_02293,0.8591140019383753,0.018860224593282737
b81fcf5bd7a4591a,2021.06.23.17.31.36_veh-16_00016_00377,1.0,2021.06.23.17.31.36_veh-16_00016_00377,1.0,0.0
b83936f0ca9b5b93,2021.07.09.15.53.28_veh-38_00184_02293,1.0,2021.07.09.15.53.28_veh-38_00184_02293,1.0,0.0
b84c65fdf2155597,2021.07.09.15.53.28_veh-38_00184_02293,0.918614713319486,2021.07.09.15.53.28_veh-38_00184_02293,0.9336426664356043,0.015027953116118375
b85595849a165d8f,2021.10.05.08.11.15_veh-50_00437_00585,0.8984915735160448,2021.10.05.08.11.15_veh-50_00437_00585,0.9115353132013505,0.0130437396853057
b91fedc2a88751e1,2021.06.09.12.06.35_veh-35_01164_01494,1.0,2021.06.09.12.06.35_veh-35_01164_01494,1.0,0.0
b92d3260427a573d,2021.10.11.02.57.41_veh-50_02155_02265,0.8614005520458328,2021.10.11.02.57.41_veh-50_02155_02265,0.8743245437713458,0.012923991725513062
b941d62667685487,2021.07.09.15.53.28_veh-38_00184_02293,0.9430719657375453,2021.07.09.15.53.28_veh-38_00184_02293,0.9581615149148076,0.015089549177262351
b94a09f5d1b550ea,2021.10.11.02.57.41_veh-50_02155_02265,0.8879006615168206,2021.10.11.02.57.41_veh-50_02155_02265,0.908081645852984,0.020180984336163443
b95a7514b8775870,2021.06.23.17.31.36_veh-16_00016_00377,1.0,2021.06.23.17.31.36_veh-16_00016_00377,1.0,0.0
b964d00130375a88,2021.10.05.07.49.39_veh-52_00770_00905,0.9217712446185343,2021.10.05.07.49.39_veh-52_00770_00905,0.9337262325743377,0.011954987955803409
b97938c4b1ac52af,2021.07.09.20.26.06_veh-35_02793_03289,0.9578255067625072,2021.07.09.20.26.06_veh-35_02793_03289,0.981378183265471,0.023552676502963776
b98697803d5453a3,2021.07.09.15.53.28_veh-38_00184_02293,0.967160754978814,2021.07.09.15.53.28_veh-38_00184_02293,0.9805703766704345,0.01340962169162041
b98a4b4bc2ee5b6a,2021.07.09.20.26.06_veh-35_02793_03289,0.9215365058114956,2021.07.09.20.26.06_veh-35_02793_03289,0.9553241496232383,0.03378764381174271
b99eaf8d1f355bcc,2021.07.09.15.53.28_veh-38_00184_02293,0.9218204739965623,2021.07.09.15.53.28_veh-38_00184_02293,0.9442320824539333,0.022411608457371
b9a812dceaec5add,2021.07.09.15.53.28_veh-38_00184_02293,0.9371380755532953,2021.07.09.15.53.28_veh-38_00184_02293,0.9504782717645983,0.013340196211303001
b9abb89d389351f8,2021.06.09.12.51.31_veh-35_01729_02626,1.0,2021.06.09.12.51.31_veh-35_01729_02626,1.0,0.0
ba0a961f7dc355f7,2021.07.09.15.53.28_veh-38_00184_02293,0.8999976387123737,2021.07.09.15.53.28_veh-38_00184_02293,0.9075765203507627,0.007578881638389046
ba0f4d8974e75963,2021.07.09.15.53.28_veh-38_00184_02293,0.9444577695221787,2021.07.09.15.53.28_veh-38_00184_02293,0.9660504838839575,0.021592714361778786
bade9ac4b8cb5025,2021.07.09.15.53.28_veh-38_00184_02293,0.9158966058251078,2021.07.09.15.53.28_veh-38_00184_02293,0.9384842269843202,0.022587621159212423
baf2dbf6552f5de4,2021.10.11.02.57.41_veh-50_02155_02265,0.9115547734655846,2021.10.11.02.57.41_veh-50_02155_02265,0.9270023094708589,0.015447536005274376
bb22dd65cf5b51dd,2021.10.05.07.49.39_veh-52_00770_00905,0.9151871304185214,2021.10.05.07.49.39_veh-52_00770_00905,0.926833822946378,0.01164669252785655
bb452532dfb25d30,2021.07.09.15.53.28_veh-38_00184_02293,0.9518470468842217,2021.07.09.15.53.28_veh-38_00184_02293,0.9630485573861791,0.01120151050195739
bb65c8e693035002,2021.06.09.12.51.31_veh-35_01729_02626,1.0,2021.06.09.12.51.31_veh-35_01729_02626,1.0,0.0
bb83b26d840d56b6,2021.10.11.02.57.41_veh-50_01028_01289,0.8624223264233583,2021.10.11.02.57.41_veh-50_01028_01289,0.8764112473513451,0.01398892092798687
bb9c2a9a955450bc,2021.07.09.20.26.06_veh-35_02793_03289,1.0,2021.07.09.20.26.06_veh-35_02793_03289,1.0,0.0
bba3291877d059ac,2021.07.16.22.40.23_veh-38_00204_00360,0.9932515316767528,2021.07.16.22.40.23_veh-38_00204_00360,1.0,0.006748468323247159
bbf8128f3cbd51ef,2021.06.09.20.26.11_veh-35_00970_01216,1.0,2021.06.09.20.26.11_veh-35_00970_01216,1.0,0.0
bbf94133c5e75ca5,2021.10.11.02.57.41_veh-50_02155_02265,0.8789902206078448,2021.10.11.02.57.41_veh-50_02155_02265,0.8915904974141421,0.012600276806297273
bc1dfb2384b05a4b,2021.06.09.20.26.11_veh-35_00970_01216,0.9399193830202653,2021.06.09.20.26.11_veh-35_00970_01216,0.9547359440905,0.014816561070234657
bc445c24b7545106,2021.07.09.20.26.06_veh-35_02793_03289,0.9674958447870333,2021.07.09.20.26.06_veh-35_02793_03289,0.9789314573499698,0.011435612562936459
bcf3fcf890f55beb,2021.07.09.15.53.28_veh-38_00184_02293,1.0,2021.07.09.15.53.28_veh-38_00184_02293,1.0,0.0
bd40634c00f1577c,2021.06.09.14.50.36_veh-26_02826_02955,0.9876643375405608,2021.06.09.14.50.36_veh-26_02826_02955,1.0,0.012335662459439178
bd493f896ba85e28,2021.07.09.15.53.28_veh-38_00184_02293,0.8098708826121607,2021.07.09.15.53.28_veh-38_00184_02293,0.8277797988543303,0.017908916242169615
bd656f4e771156cb,2021.07.09.15.53.28_veh-38_00184_02293,1.0,2021.07.09.15.53.28_veh-38_00184_02293,1.0,0.0
bd65a234358f5492,2021.07.09.15.53.28_veh-38_00184_02293,0.9741893851767678,2021.07.09.15.53.28_veh-38_00184_02293,0.993080869929971,0.018891484753203236
bd6f57a9bbce532d,2021.06.09.12.51.31_veh-35_01729_02626,1.0,2021.06.09.12.51.31_veh-35_01729_02626,1.0,0.0
bd8da61ec9b053a6,2021.07.09.20.26.06_veh-35_02793_03289,1.0,2021.07.09.20.26.06_veh-35_02793_03289,1.0,0.0
be0a4fadbbf8555a,2021.07.09.20.26.06_veh-35_02793_03289,0.9348944709205034,2021.07.09.20.26.06_veh-35_02793_03289,0.9474143619726636,0.012519891052160226
be8cd276bd665f61,2021.06.09.12.06.35_veh-35_01164_01494,1.0,2021.06.09.12.06.35_veh-35_01164_01494,1.0,0.0
be9b110689c05894,2021.07.09.15.53.28_veh-38_00184_02293,0.9905244494486419,2021.07.09.15.53.28_veh-38_00184_02293,1.0,0.00947555055135807
beb7c6e766c65d0e,2021.07.09.15.53.28_veh-38_00184_02293,0.9084152024126918,2021.07.09.15.53.28_veh-38_00184_02293,0.9163323986654074,0.007917196252715586
bef6605735245959,2021.10.11.02.57.41_veh-50_01028_01289,0.8650311309441432,2021.10.11.02.57.41_veh-50_01028_01289,0.8775443140780189,0.012513183133875727
bf12b61919e85002,2021.10.05.08.11.15_veh-50_00437_00585,0.9916697452116772,2021.10.05.08.11.15_veh-50_00437_00585,1.0,0.008330254788322833
bf2b503b8bff5859,2021.06.09.12.51.31_veh-35_01729_02626,1.0,2021.06.09.12.51.31_veh-35_01729_02626,1.0,0.0
bff3326028ec59ab,2021.07.09.15.53.28_veh-38_00184_02293,0.9467717043333735,2021.07.09.15.53.28_veh-38_00184_02293,0.9577746401810884,0.011002935847714834
c00abd335c885349,2021.06.09.17.23.18_veh-38_01598_01750,0.9088602497090376,2021.06.09.17.23.18_veh-38_01598_01750,0.9300587401611363,0.02119849045209876
c00c768576c85009,2021.07.09.15.53.28_veh-38_00184_02293,1.0,2021.07.09.15.53.28_veh-38_00184_02293,1.0,0.0
c050331009ac5df2,2021.10.05.07.49.39_veh-52_00770_00905,0.9134696594952234,2021.10.05.07.49.39_veh-52_00770_00905,0.9227190654518985,0.009249405956675116
c0921d509e2c502d,2021.10.05.07.49.39_veh-52_00770_00905,1.0,2021.10.05.07.49.39_veh-52_00770_00905,1.0,0.0
c0a403cdf4c053bc,2021.07.09.15.53.28_veh-38_00184_02293,1.0,2021.07.09.15.53.28_veh-38_00184_02293,1.0,0.0
c0d603acd14d5441,2021.07.09.20.26.06_veh-35_02793_03289,0.9200691305816733,2021.07.09.20.26.06_veh-35_02793_03289,0.9438022719115778,0.02373314132990456
c0dfedf6168e5ca9,2021.07.09.15.53.28_veh-38_00184_02293,0.970681238163395,2021.07.09.15.53.28_veh-38_00184_02293,0.998817525893723,0.028136287730327947
c0e018420a2359b3,2021.10.05.07.49.39_veh-52_00770_00905,0.8718657959626501,2021.10.05.07.49.39_veh-52_00770_00905,0.8999025932848382,0.02803679732218811
c0f92874404d5814,2021.06.23.17.31.36_veh-16_00016_00377,1.0,2021.06.23.17.31.36_veh-16_00016_00377,1.0,0.0
c10584362e7f5f9d,2021.06.09.12.51.31_veh-35_01729_02626,0.9861880317392661,2021.06.09.12.51.31_veh-35_01729_02626,1.0,0.013811968260733942
c11f2df51dd65f35,2021.07.09.20.26.06_veh-35_02793_03289,0.9563875572414228,2021.07.09.20.26.06_veh-35_02793_03289,0.9698294835033905,0.013441926261967718
c11fc5cf8d5a516e,2021.07.09.15.53.28_veh-38_00184_02293,0.9448468945462304,2021.07.09.15.53.28_veh-38_00184_02293,0.9753864303965033,0.030539535850272914
c13bf60d0e065292,2021.10.11.02.57.41_veh-50_02155_02265,0.8948730325374791,2021.10.11.02.57.41_veh-50_02155_02265,0.9081016226579292,0.013228590120450079
c13c48577f9255c8,2021.08.31.14.01.15_veh-40_01576_01714,1.0,2021.08.31.14.01.15_veh-40_01576_01714,1.0,0.0
c14c33af349e53d0,2021.07.09.20.26.06_veh-35_02793_03289,0.9599512865992863,2021.07.09.20.26.06_veh-35_02793_03289,0.9752556934080451,0.015304406808758775
c17473f5cacd51be,2021.07.09.15.53.28_veh-38_00184_02293,1.0,2021.07.09.15.53.28_veh-38_00184_02293,1.0,0.0
c1e04a28d50f5105,2021.06.09.12.06.35_veh-35_01164_01494,1.0,2021.06.09.12.06.35_veh-35_01164_01494,1.0,0.0
c1e4bb8da1655e19,2021.08.31.14.01.15_veh-40_01576_01714,1.0,2021.08.31.14.01.15_veh-40_01576_01714,1.0,0.0
c2ab52aa1d45570e,2021.06.09.12.51.31_veh-35_01729_02626,0.8479227432493083,2021.06.09.12.51.31_veh-35_01729_02626,0.874506553368295,0.026583810118986695
c3320ccc8a035eec,2021.06.09.20.26.11_veh-35_00970_01216,0.9211977220269864,2021.06.09.20.26.11_veh-35_00970_01216,0.9374495106834858,0.016251788656499455
c368ddc3ee435179,2021.07.09.15.53.28_veh-38_00184_02293,1.0,2021.07.09.15.53.28_veh-38_00184_02293,1.0,0.0
c3b1d706a2335cc9,2021.10.01.17.52.06_veh-28_01141_01264,1.0,2021.10.01.17.52.06_veh-28_01141_01264,1.0,0.0
c3f177935f5f5d5e,2021.07.09.15.53.28_veh-38_00184_02293,0.9279165816545659,2021.07.09.15.53.28_veh-38_00184_02293,0.947341129196359,0.019424547541793125
c4220658d3095647,2021.07.09.15.53.28_veh-38_00184_02293,0.9322727004078288,2021.07.09.15.53.28_veh-38_00184_02293,0.9425812756432036,0.010308575235374762
c47ae82409da5780,2021.10.11.02.57.41_veh-50_01028_01289,0.8973279833116342,2021.10.11.02.57.41_veh-50_01028_01289,0.9098989778180018,0.012570994506367561
c4f3d6c372f75f22,2021.06.23.17.31.36_veh-16_00016_00377,1.0,2021.06.23.17.31.36_veh-16_00016_00377,1.0,0.0
c4fc1ccdc82752ef,2021.07.09.20.26.06_veh-35_02793_03289,0.9225206888905105,2021.07.09.20.26.06_veh-35_02793_03289,0.9458898855909673,0.023369196700456785
c57100ab365351a9,2021.07.09.15.53.28_veh-38_00184_02293,0.805544300636417,2021.07.09.15.53.28_veh-38_00184_02293,0.8279783826643152,0.022434082027898206
c588c26050e057b1,2021.06.09.12.06.35_veh-35_01164_01494,1.0,2021.06.09.12.06.35_veh-35_01164_01494,1.0,0.0
c5c83e635ce45982,2021.06.23.17.31.36_veh-16_00016_00377,0.9313771747923383,2021.06.23.17.31.36_veh-16_00016_00377,0.9444888513117341,0.01311167651939582
c5e10c9e5bc853ec,2021.06.09.12.51.31_veh-35_01729_02626,1.0,2021.06.09.12.51.31_veh-35_01729_02626,1.0,0.0
c5f68fedccf05348,2021.07.09.20.26.06_veh-35_02793_03289,0.9753387660299166,2021.07.09.20.26.06_veh-35_02793_03289,1.0,0.02466123397008335
c6cd57d4069b55bb,2021.07.09.20.26.06_veh-35_02793_03289,0.9581055429756472,2021.07.09.20.26.06_veh-35_02793_03289,0.9720462617752941,0.013940718799646867
c6cfdd13a63555f9,2021.06.23.17.31.36_veh-16_00016_00377,1.0,2021.06.23.17.31.36_veh-16_00016_00377,1.0,0.0
c6de08f6ac3356ed,2021.07.09.15.53.28_veh-38_00184_02293,1.0,2021.07.09.15.53.28_veh-38_00184_02293,1.0,0.0
c6e5078c49e6512e,2021.07.09.15.53.28_veh-38_00184_02293,1.0,2021.07.09.15.53.28_veh-38_00184_02293,1.0,0.0
c73b0140d9f153a8,2021.07.09.20.26.06_veh-35_02793_03289,0.953486647544297,2021.07.09.20.26.06_veh-35_02793_03289,0.9686661889157241,0.015179541371427074
c73e4e862203503a,2021.07.09.15.53.28_veh-38_00184_02293,0.9716735443475163,2021.07.09.15.53.28_veh-38_00184_02293,0.9899580068698096,0.01828446252229332
c77b059c1f3a5674,2021.10.05.07.49.39_veh-52_00770_00905,0.9243471395984931,2021.10.05.07.49.39_veh-52_00770_00905,0.9362176549253626,0.011870515326869446
c781e2c428ee5b12,2021.10.11.02.57.41_veh-50_01028_01289,0.8938895746553094,2021.10.11.02.57.41_veh-50_01028_01289,0.9055228671375545,0.011633292482245094
c782b0ff62235fda,2021.10.05.08.11.15_veh-50_00437_00585,0.8998784074376323,2021.10.05.08.11.15_veh-50_00437_00585,0.9092145790841983,0.009336171646566083
c7835426e03a501e,2021.06.09.20.26.11_veh-35_00970_01216,0.9333528657883221,2021.06.09.20.26.11_veh-35_00970_01216,0.949709546737202,0.016356680948879876
c790a13084305af6,2021.08.31.14.01.15_veh-40_01576_01714,1.0,2021.08.31.14.01.15_veh-40_01576_01714,1.0,0.0
c7a4ef2685fe5928,2021.10.05.08.11.15_veh-50_00437_00585,0.8251564698113732,2021.10.05.08.11.15_veh-50_00437_00585,0.8443054585602479,0.019148988748874607
c7d20bed29e95a90,2021.10.05.07.49.39_veh-52_00770_00905,1.0,2021.10.05.07.49.39_veh-52_00770_00905,1.0,0.0
c7e729ba460a565d,2021.10.05.08.11.15_veh-50_00437_00585,0.9410729422784345,2021.10.05.08.11.15_veh-50_00437_00585,0.9525491985538203,0.011476256275385732
c7ed8536a3815721,2021.07.09.15.53.28_veh-38_00184_02293,1.0,2021.07.09.15.53.28_veh-38_00184_02293,1.0,0.0
c8072f55706c5f01,2021.06.23.17.31.36_veh-16_00016_00377,1.0,2021.06.23.17.31.36_veh-16_00016_00377,1.0,0.0
c817fbce92d158c4,2021.10.11.02.57.41_veh-50_01028_01289,0.8369392081836895,2021.10.11.02.57.41_veh-50_01028_01289,0.8522483233437618,0.015309115160072273
c8359786d5db538c,2021.07.09.20.26.06_veh-35_02793_03289,1.0,2021.07.09.20.26.06_veh-35_02793_03289,1.0,0.0
c876b08cdb7b50ef,2021.10.05.07.49.39_veh-52_00770_00905,0.901969965585029,2021.10.05.07.49.39_veh-52_00770_00905,0.9150557991040863,0.013085833519057344
c8b5826567975fc0,2021.06.09.12.06.35_veh-35_01164_01494,1.0,2021.06.09.12.06.35_veh-35_01164_01494,1.0,0.0
c8f3dd66357c59f2,2021.06.09.12.51.31_veh-35_01729_02626,1.0,2021.06.09.12.51.31_veh-35_01729_02626,1.0,0.0
c9566605ae1c5861,2021.06.09.12.51.31_veh-35_01729_02626,1.0,2021.06.09.12.51.31_veh-35_01729_02626,1.0,0.0
c9cf9a6acf495b50,2021.07.09.15.53.28_veh-38_00184_02293,1.0,2021.07.09.15.53.28_veh-38_00184_02293,1.0,0.0
ca02f85a9a995448,2021.06.09.12.51.31_veh-35_01729_02626,0.9582624109901476,2021.06.09.12.51.31_veh-35_01729_02626,0.9782409221756169,0.019978511185469228
ca0eb08315185167,2021.07.09.20.26.06_veh-35_02793_03289,1.0,2021.07.09.20.26.06_veh-35_02793_03289,1.0,0.0
ca31b7933f8256e2,2021.08.31.14.01.15_veh-40_01576_01714,0.9247985380825718,2021.08.31.14.01.15_veh-40_01576_01714,0.9372698584355756,0.0124713203530038
ca5e5cecc6e05022,2021.08.31.14.01.15_veh-40_01576_01714,1.0,2021.08.31.14.01.15_veh-40_01576_01714,1.0,0.0
ca626e7ddb9c5a11,2021.06.09.12.06.35_veh-35_01164_01494,1.0,2021.06.09.12.06.35_veh-35_01164_01494,1.0,0.0
caaeabfe1a50535c,2021.07.09.15.53.28_veh-38_00184_02293,1.0,2021.07.09.15.53.28_veh-38_00184_02293,1.0,0.0
cacc810a5db75d16,2021.06.23.17.31.36_veh-16_00016_00377,0.9004326237732632,2021.06.23.17.31.36_veh-16_00016_00377,0.9113876040514938,0.010954980278230608
cb0ae811d2c95ead,2021.07.09.20.26.06_veh-35_02793_03289,1.0,2021.07.09.20.26.06_veh-35_02793_03289,1.0,0.0
cb25d763e7bf5a13,2021.07.09.15.53.28_veh-38_00184_02293,0.9861514542479282,2021.07.09.15.53.28_veh-38_00184_02293,1.0,0.013848545752071839
cb8765fe0d6a535b,2021.06.23.17.31.36_veh-16_00016_00377,1.0,2021.06.23.17.31.36_veh-16_00016_00377,1.0,0.0
cbb75454103b5430,2021.07.09.15.53.28_veh-38_00184_02293,0.9641430317326661,2021.07.09.15.53.28_veh-38_00184_02293,0.9817899520232,0.01764692029053383
cbd9412932fc5ad1,2021.07.09.15.53.28_veh-38_00184_02293,1.0,2021.07.09.15.53.28_veh-38_00184_02293,1.0,0.0
cbd954347b835347,2021.07.09.15.53.28_veh-38_00184_02293,1.0,2021.07.09.15.53.28_veh-38_00184_02293,1.0,0.0
cbde019469315d96,2021.07.09.15.53.28_veh-38_00184_02293,1.0,2021.07.09.15.53.28_veh-38_00184_02293,1.0,0.0
cc27c4b666135bb2,2021.07.09.15.53.28_veh-38_00184_02293,0.9250699412791779,2021.07.09.15.53.28_veh-38_00184_02293,0.9423745735841035,0.017304632304925627
cc4e7f2a2a7255f5,2021.06.09.20.26.11_veh-35_00970_01216,0.8231462246364534,2021.06.09.20.26.11_veh-35_00970_01216,0.8404874619252883,0.017341237288834965
cc8b959e3fcb5079,2021.10.11.02.57.41_veh-50_02155_02265,0.8534750433097046,2021.10.11.02.57.41_veh-50_02155_02265,0.865365453329733,0.011890410020028441
cc9156b10b5855ff,2021.07.09.20.26.06_veh-35_02793_03289,0.877795036930069,2021.07.09.20.26.06_veh-35_02793_03289,0.9015878557572714,0.02379281882720241
cc94486698ff58d1,2021.07.09.20.26.06_veh-35_02793_03289,0.9065639431535426,2021.07.09.20.26.06_veh-35_02793_03289,0.9229389729649823,0.01637502981143968
cca22cc47f235643,2021.06.09.12.51.31_veh-35_01729_02626,0.9072283655169063,2021.06.09.12.51.31_veh-35_01729_02626,0.924450583657611,0.01722221814070468
cca7823320d05bc3,2021.07.16.22.40.23_veh-38_00204_00360,1.0,2021.07.16.22.40.23_veh-38_00204_00360,1.0,0.0
ccace872c29a5f29,2021.10.11.02.57.41_veh-50_02155_02265,0.9087251346010707,2021.10.11.02.57.41_veh-50_02155_02265,0.9264708269367414,0.017745692335670693
ccd64ddebcda50f6,2021.07.09.20.26.06_veh-35_02793_03289,0.8984756578184806,2021.07.09.20.26.06_veh-35_02793_03289,0.9270521456759857,0.028576487857505106
cce0038c37ca56a3,2021.10.05.08.11.15_veh-50_00437_00585,0.8742643790734569,2021.10.05.08.11.15_veh-50_00437_00585,0.892268326485163,0.018003947411706078
cce0aae6d8a853d2,2021.07.09.20.26.06_veh-35_02793_03289,0.9609210774175146,2021.07.09.20.26.06_veh-35_02793_03289,0.9759257749470379,0.01500469752952327
ccfd863b143e5dd5,2021.06.09.20.26.11_veh-35_00970_01216,0.9277548400447374,2021.06.09.20.26.11_veh-35_00970_01216,0.9426348563461927,0.014880016301455301
cd10c3adba835576,2021.07.09.15.53.28_veh-38_00184_02293,0.8694176629057814,2021.07.09.15.53.28_veh-38_00184_02293,0.8903490087429025,0.020931345837121085
cd880952086a553c,2021.06.09.12.06.35_veh-35_01164_01494,0.9450621273487582,2021.06.09.12.06.35_veh-35_01164_01494,0.957478292621441,0.012416165272682855
cd964face7a55b94,2021.07.09.15.53.28_veh-38_00184_02293,1.0,2021.07.09.15.53.28_veh-38_00184_02293,1.0,0.0
cdbb81fdded65262,2021.10.11.02.57.41_veh-50_02155_02265,0.8493755569684943,2021.10.11.02.57.41_veh-50_02155_02265,0.8580629889847179,0.008687432016223573
cdc78adcdfae53a0,2021.10.05.08.11.15_veh-50_00437_00585,1.0,2021.10.05.08.11.15_veh-50_00437_00585,1.0,0.0
cdca2eec19585f5e,2021.06.09.12.51.31_veh-35_01729_02626,1.0,2021.06.09.12.51.31_veh-35_01729_02626,1.0,0.0
cdec4cc7781e5d4d,2021.07.09.15.53.28_veh-38_00184_02293,1.0,2021.07.09.15.53.28_veh-38_00184_02293,1.0,0.0
cdf07217a5d057ef,2021.06.09.17.23.18_veh-38_01598_01750,1.0,2021.06.09.17.23.18_veh-38_01598_01750,1.0,0.0
cdf61e643b8e51b2,2021.07.09.15.53.28_veh-38_00184_02293,0.8440447186217267,2021.07.09.15.53.28_veh-38_00184_02293,0.869459403890804,0.02541468526907731
ce0d30c4ede35e6e,2021.06.09.17.23.18_veh-38_01598_01750,1.0,2021.06.09.17.23.18_veh-38_01598_01750,1.0,0.0
ce22202f19695a70,2021.07.09.15.53.28_veh-38_00184_02293,0.8775621449826807,2021.07.09.15.53.28_veh-38_00184_02293,0.8875238195575604,0.00996167457487973
ce256aa4ec3e5725,2021.07.09.15.53.28_veh-38_00184_02293,0.0,2021.07.09.15.53.28_veh-38_00184_02293,1.0,1.0
ce2ce7fb20ef570c,2021.10.11.02.57.41_veh-50_02155_02265,0.8566410491052316,2021.10.11.02.57.41_veh-50_02155_02265,0.8682682532580775,0.011627204152845905
ce77e05891225999,2021.08.31.14.01.15_veh-40_01576_01714,0.9353649583129163,2021.08.31.14.01.15_veh-40_01576_01714,0.9614965046460711,0.02613154633315473
ceb16c2c18d252f3,2021.08.31.14.01.15_veh-40_01576_01714,1.0,2021.08.31.14.01.15_veh-40_01576_01714,1.0,0.0
cf11598e8f995d83,2021.06.09.12.06.35_veh-35_01164_01494,0.952231108872503,2021.06.09.12.06.35_veh-35_01164_01494,0.9718810389077482,0.01964993003524529
cf1679ce3a565466,2021.07.09.15.53.28_veh-38_00184_02293,1.0,2021.07.09.15.53.28_veh-38_00184_02293,1.0,0.0
cf1b07486b655b3a,2021.10.01.17.52.06_veh-28_01141_01264,0.9825543870965907,2021.10.01.17.52.06_veh-28_01141_01264,0.9957250046939651,0.013170617597374368
cf3c3737fbc355eb,2021.07.09.15.53.28_veh-38_00184_02293,0.932877437134767,2021.07.09.15.53.28_veh-38_00184_02293,0.9663266866553534,0.033449249520586366
cf4f76be62c25b5f,2021.06.09.20.26.11_veh-35_00970_01216,1.0,2021.06.09.20.26.11_veh-35_00970_01216,1.0,0.0
cf53947dbbef5730,2021.07.09.15.53.28_veh-38_00184_02293,0.9946869513481742,2021.07.09.15.53.28_veh-38_00184_02293,1.0,0.0053130486518258024
cf5cb6cadfbd52e9,2021.06.09.20.26.11_veh-35_00970_01216,0.9013398025866697,2021.06.09.20.26.11_veh-35_00970_01216,0.924422000528895,0.023082197942225324
cffa453c95b657c1,2021.06.23.17.31.36_veh-16_00016_00377,0.9328018969810209,2021.06.23.17.31.36_veh-16_00016_00377,0.948116865901168,0.015314968920147054
d024230338045f83,2021.10.11.02.57.41_veh-50_01028_01289,0.8292113072366666,2021.10.11.02.57.41_veh-50_01028_01289,0.8350800980262344,0.005868790789567813
d06c2bb897f05b5c,2021.10.11.02.57.41_veh-50_02155_02265,0.8940872110134036,2021.10.11.02.57.41_veh-50_02155_02265,0.9082357766005034,0.01414856558709976
d13ac79c8321555f,2021.07.09.15.53.28_veh-38_00184_02293,0.9583292268301804,2021.07.09.15.53.28_veh-38_00184_02293,0.972544556227641,0.014215329397460619
d15d534ad5fb5212,2021.07.09.15.53.28_veh-38_00184_02293,1.0,2021.07.09.15.53.28_veh-38_00184_02293,1.0,0.0
d1828b733a4857dd,2021.07.09.15.53.28_veh-38_00184_02293,0.8944968691544214,2021.07.09.15.53.28_veh-38_00184_02293,0.0,-0.8944968691544214
d1b49eebe00059c4,2021.07.09.20.26.06_veh-35_02793_03289,1.0,2021.07.09.20.26.06_veh-35_02793_03289,1.0,0.0
d1fc6c37998c5b40,2021.06.09.12.06.35_veh-35_01164_01494,0.9294497138923514,2021.06.09.12.06.35_veh-35_01164_01494,0.9482497602622502,0.018800046369898737
d216d83e53955d24,2021.07.09.15.53.28_veh-38_00184_02293,1.0,2021.07.09.15.53.28_veh-38_00184_02293,1.0,0.0
d22040e885bf5509,2021.08.31.14.01.15_veh-40_01576_01714,1.0,2021.08.31.14.01.15_veh-40_01576_01714,1.0,0.0
d2238c0841d254ba,2021.06.23.17.31.36_veh-16_00016_00377,1.0,2021.06.23.17.31.36_veh-16_00016_00377,1.0,0.0
d253715e74925e00,2021.06.23.17.31.36_veh-16_00016_00377,0.998551093918009,2021.06.23.17.31.36_veh-16_00016_00377,1.0,0.0014489060819909971
d28278a8dbb15ab5,2021.07.09.15.53.28_veh-38_00184_02293,0.9163034413455482,2021.07.09.15.53.28_veh-38_00184_02293,0.9381363659849479,0.021832924639399676
d2906d36973b5d41,2021.06.09.20.26.11_veh-35_00970_01216,0.9413604097121491,2021.06.09.20.26.11_veh-35_00970_01216,0.952418633699856,0.01105822398770695
d2b44693e1fe5019,2021.10.11.02.57.41_veh-50_02155_02265,0.8864321431928396,2021.10.11.02.57.41_veh-50_02155_02265,0.8994962548337454,0.013064111640905818
d2d0ac3e597b5959,2021.07.09.15.53.28_veh-38_00184_02293,0.9762031760058433,2021.07.09.15.53.28_veh-38_00184_02293,0.9977764826322356,0.02157330662639234
d2e11ce62743532a,2021.07.09.15.53.28_veh-38_00184_02293,0.9742148679062872,2021.07.09.15.53.28_veh-38_00184_02293,0.9970527630512201,0.02283789514493295
d3229ec0bd73520c,2021.10.11.02.57.41_veh-50_02155_02265,0.8883895374997506,2021.10.11.02.57.41_veh-50_02155_02265,0.9009572870411483,0.012567749541397721
d344a8704ee85f35,2021.06.09.12.51.31_veh-35_01729_02626,0.9673337986675103,2021.06.09.12.51.31_veh-35_01729_02626,0.9870669997118462,0.019733201044335846
d3ac5b4aac44586a,2021.07.09.15.53.28_veh-38_00184_02293,0.9328377598949341,2021.07.09.15.53.28_veh-38_00184_02293,0.9590302719618412,0.026192512066907092
d3addd2ca8c15a58,2021.06.09.12.06.35_veh-35_01164_01494,1.0,2021.06.09.12.06.35_veh-35_01164_01494,1.0,0.0
d3e39f5f0aed50d1,2021.07.09.15.53.28_veh-38_00184_02293,1.0,2021.07.09.15.53.28_veh-38_00184_02293,1.0,0.0
d4196ca11ef45f55,2021.06.09.20.26.11_veh-35_00970_01216,1.0,2021.06.09.20.26.11_veh-35_00970_01216,1.0,0.0
d43f45ce61dd52e3,2021.06.23.17.31.36_veh-16_00016_00377,1.0,2021.06.23.17.31.36_veh-16_00016_00377,1.0,0.0
d4a4be0043ee53d8,2021.07.09.20.26.06_veh-35_02793_03289,0.9489988415065113,2021.07.09.20.26.06_veh-35_02793_03289,0.9792085212229386,0.030209679716427296
d4aca7a7d5ba5ff7,2021.07.09.20.26.06_veh-35_02793_03289,0.9611442544736621,2021.07.09.20.26.06_veh-35_02793_03289,0.9756458441113685,0.014501589637706314
d4bb3dc7c7005656,2021.07.09.15.53.28_veh-38_00184_02293,0.8788584099291694,2021.07.09.15.53.28_veh-38_00184_02293,0.8878136398864189,0.008955229957249511
d4d0d31bd49b525a,2021.07.09.15.53.28_veh-38_00184_02293,1.0,2021.07.09.15.53.28_veh-38_00184_02293,1.0,0.0
d4fa1b8fc27a5733,2021.06.09.12.51.31_veh-35_01729_02626,0.9521237391994338,2021.06.09.12.51.31_veh-35_01729_02626,0.9818921280249863,0.02976838882555244
d51990badc6e5787,2021.06.09.12.51.31_veh-35_01729_02626,0.9739555168453397,2021.06.09.12.51.31_veh-35_01729_02626,0.9858911184974941,0.01193560165215446
d53f4d4045e55032,2021.06.23.17.31.36_veh-16_00016_00377,1.0,2021.06.23.17.31.36_veh-16_00016_00377,1.0,0.0
d5f3fa4290b459df,2021.07.09.15.53.28_veh-38_00184_02293,0.8280720381320282,2021.07.09.15.53.28_veh-38_00184_02293,0.8485790041331275,0.020506966001099247
d61967204e52594f,2021.07.09.15.53.28_veh-38_00184_02293,0.9676335050729783,2021.07.09.15.53.28_veh-38_00184_02293,0.9916385344578894,0.024005029384911114
d61a2d5301f15b77,2021.07.09.15.53.28_veh-38_00184_02293,1.0,2021.07.09.15.53.28_veh-38_00184_02293,1.0,0.0
d662eafbf56753f4,2021.07.09.20.26.06_veh-35_02793_03289,0.9478597502991674,2021.07.09.20.26.06_veh-35_02793_03289,0.9634941999066567,0.015634449607489387
d679a3e70e39596e,2021.07.09.15.53.28_veh-38_00184_02293,0.978912070079339,2021.07.09.15.53.28_veh-38_00184_02293,1.0,0.021087929920660997
d68969642ec45b19,2021.06.09.12.51.31_veh-35_01729_02626,0.8592272038787644,2021.06.09.12.51.31_veh-35_01729_02626,0.8879578791403752,0.028730675261610772
d6997b98b3085c2b,2021.07.09.15.53.28_veh-38_00184_02293,0.9425284524720842,2021.07.09.15.53.28_veh-38_00184_02293,0.9752370962457818,0.03270864377369764
d728b2624f4055ea,2021.10.11.02.57.41_veh-50_02155_02265,0.8534293673253792,2021.10.11.02.57.41_veh-50_02155_02265,0.8683090965013389,0.0148797291759597
d72a31dfc0ec5e11,2021.10.01.17.52.06_veh-28_01141_01264,0.9681195334586535,2021.10.01.17.52.06_veh-28_01141_01264,0.9803278403780024,0.012208306919348821
d7a0fd1066dc5ce5,2021.07.09.15.53.28_veh-38_00184_02293,0.937931170014,2021.07.09.15.53.28_veh-38_00184_02293,0.956261645125899,0.018330475111899003
d7a938f1b20652bf,2021.06.09.12.51.31_veh-35_01729_02626,1.0,2021.06.09.12.51.31_veh-35_01729_02626,1.0,0.0
d7b9d08eb35e54b4,2021.08.31.14.01.15_veh-40_01576_01714,0.9256589935632172,2021.08.31.14.01.15_veh-40_01576_01714,0.935868559246057,0.010209565682839816
d7e370e3315453ae,2021.07.09.20.26.06_veh-35_02793_03289,0.8003019167549427,2021.07.09.20.26.06_veh-35_02793_03289,0.8201856226083026,0.019883705853359968
d7e631755e5a54ad,2021.06.09.12.51.31_veh-35_01729_02626,0.9875486714249879,2021.06.09.12.51.31_veh-35_01729_02626,1.0,0.012451328575012077
d7e69541e68a5b3b,2021.07.09.20.26.06_veh-35_02793_03289,0.9532451195701261,2021.07.09.20.26.06_veh-35_02793_03289,0.9670288234597444,0.013783703889618248
d8118f444d4d574e,2021.07.09.20.26.06_veh-35_02793_03289,1.0,2021.07.09.20.26.06_veh-35_02793_03289,1.0,0.0
d84af418335b5dbe,2021.07.09.15.53.28_veh-38_00184_02293,1.0,2021.07.09.15.53.28_veh-38_00184_02293,1.0,0.0
d877af354e355798,2021.07.09.15.53.28_veh-38_00184_02293,0.9293478469896949,2021.07.09.15.53.28_veh-38_00184_02293,0.9474777394035607,0.018129892413865867
d8c8e4dbeb2158b0,2021.10.11.02.57.41_veh-50_01028_01289,1.0,2021.10.11.02.57.41_veh-50_01028_01289,1.0,0.0
d8d46f536585556f,2021.07.09.15.53.28_veh-38_00184_02293,1.0,2021.07.09.15.53.28_veh-38_00184_02293,1.0,0.0
d8e282ed6cff5dac,2021.10.11.02.57.41_veh-50_02155_02265,0.8734012363435264,2021.10.11.02.57.41_veh-50_02155_02265,0.8869836519868133,0.013582415643286883
d8f097f9fa2e52f7,2021.07.09.15.53.28_veh-38_00184_02293,0.95244751073336,2021.07.09.15.53.28_veh-38_00184_02293,0.9773681178492909,0.024920607115930915
d9132b3c692558c8,2021.07.09.20.26.06_veh-35_02793_03289,0.9246778945273469,2021.07.09.20.26.06_veh-35_02793_03289,0.9438963314095838,0.0192184368822369
d967ad2a03a1521a,2021.07.09.15.53.28_veh-38_00184_02293,0.9492954829146546,2021.07.09.15.53.28_veh-38_00184_02293,0.9772028672373415,0.027907384322686912
d9a26b78907c5afa,2021.10.05.07.49.39_veh-52_00770_00905,0.8657190348578307,2021.10.05.07.49.39_veh-52_00770_00905,0.8763973261592616,0.010678291301430831
d9bb698c62405297,2021.06.09.12.51.31_veh-35_01729_02626,1.0,2021.06.09.12.51.31_veh-35_01729_02626,1.0,0.0
d9d4ea61407b50cf,2021.06.09.12.06.35_veh-35_01164_01494,0.9540800533224436,2021.06.09.12.06.35_veh-35_01164_01494,0.9706247937983313,0.01654474047588772
d9defa86501154b4,2021.07.09.15.53.28_veh-38_00184_02293,1.0,2021.07.09.15.53.28_veh-38_00184_02293,1.0,0.0
d9e2c39b092159c4,2021.07.09.15.53.28_veh-38_00184_02293,1.0,2021.07.09.15.53.28_veh-38_00184_02293,1.0,0.0
d9e7a7614b095a0b,2021.10.05.08.11.15_veh-50_00437_00585,0.9259578301435621,2021.10.05.08.11.15_veh-50_00437_00585,0.9373750027217383,0.011417172578176205
da2f830999325306,2021.07.09.15.53.28_veh-38_00184_02293,0.9434683320545248,2021.07.09.15.53.28_veh-38_00184_02293,0.963960586391157,0.020492254336632154
da378bcae7675636,2021.10.11.02.57.41_veh-50_02155_02265,0.8638120689715304,2021.10.11.02.57.41_veh-50_02155_02265,0.8722772235685511,0.008465154597020685
daa2dd83846355d1,2021.07.09.20.26.06_veh-35_02793_03289,0.9379651387049416,2021.07.09.20.26.06_veh-35_02793_03289,0.9678331834899031,0.029868044784961523
db5aa5f382f25aaa,2021.07.09.15.53.28_veh-38_00184_02293,0.8934316264139636,2021.07.09.15.53.28_veh-38_00184_02293,0.9169283969472705,0.0234967705333069
db812a0eaf435d65,2021.06.23.17.31.36_veh-16_00016_00377,1.0,2021.06.23.17.31.36_veh-16_00016_00377,1.0,0.0
db9df85eaa605bd1,2021.10.05.07.49.39_veh-52_00770_00905,0.8658624079429919,2021.10.05.07.49.39_veh-52_00770_00905,0.874947060693663,0.009084652750671163
dbb61fca58fc5037,2021.06.09.12.51.31_veh-35_01729_02626,1.0,2021.06.09.12.51.31_veh-35_01729_02626,1.0,0.0
dbdde78f03545776,2021.07.09.15.53.28_veh-38_00184_02293,1.0,2021.07.09.15.53.28_veh-38_00184_02293,1.0,0.0
dbe9196d84d9511c,2021.07.09.15.53.28_veh-38_00184_02293,1.0,2021.07.09.15.53.28_veh-38_00184_02293,1.0,0.0
dc5adf1f1c2e5567,2021.10.05.07.49.39_veh-52_00770_00905,0.9118077562358117,2021.10.05.07.49.39_veh-52_00770_00905,0.9244352520489838,0.01262749581317213
dc5d48591a565e58,2021.10.11.02.57.41_veh-50_01028_01289,1.0,2021.10.11.02.57.41_veh-50_01028_01289,1.0,0.0
dc5dc0a76c7c546a,2021.06.09.20.26.11_veh-35_00970_01216,0.913914722993589,2021.06.09.20.26.11_veh-35_00970_01216,0.935914768490958,0.022000045497369003
dc70a7b62c155d19,2021.08.31.14.01.15_veh-40_01576_01714,0.9191216013213657,2021.08.31.14.01.15_veh-40_01576_01714,0.9303795147736375,0.011257913452271784
dc7ec70fa4d050be,2021.10.11.02.57.41_veh-50_02155_02265,0.8703455177969777,2021.10.11.02.57.41_veh-50_02155_02265,0.8826921175924817,0.01234659979550401
dca94801958a53aa,2021.07.09.15.53.28_veh-38_00184_02293,0.9701592906933415,2021.07.09.15.53.28_veh-38_00184_02293,0.9862723052286478,0.016113014535306336
dcc745e412fe5fbd,2021.06.09.12.06.35_veh-35_01164_01494,0.9146625260529623,2021.06.09.12.06.35_veh-35_01164_01494,0.9351655028629828,0.020502976810020557
dccfde2da28d5dbe,2021.10.05.07.49.39_veh-52_00770_00905,0.9035077861001918,2021.10.05.07.49.39_veh-52_00770_00905,0.9148517731355947,0.011343987035402958
dd0ee62e28ee5eaf,2021.06.09.20.26.11_veh-35_00970_01216,0.9212985177878048,2021.06.09.20.26.11_veh-35_00970_01216,0.9403634416265714,0.019064923838766568
dd11bc3330605dfd,2021.06.09.14.50.36_veh-26_02826_02955,1.0,2021.06.09.14.50.36_veh-26_02826_02955,1.0,0.0
dd2d2dd7d4885bbe,2021.06.09.12.51.31_veh-35_01729_02626,1.0,2021.06.09.12.51.31_veh-35_01729_02626,1.0,0.0
dd35faabfd005af0,2021.07.09.15.53.28_veh-38_00184_02293,1.0,2021.07.09.15.53.28_veh-38_00184_02293,1.0,0.0
dd4e1fa056b456f3,2021.07.09.15.53.28_veh-38_00184_02293,1.0,2021.07.09.15.53.28_veh-38_00184_02293,1.0,0.0
dd73b1a1de5253b0,2021.10.05.07.49.39_veh-52_00770_00905,0.9269506311339768,2021.10.05.07.49.39_veh-52_00770_00905,0.9383604020704904,0.01140977093651363
dd8848619c6f5c22,2021.07.09.15.53.28_veh-38_00184_02293,0.9685900925482871,2021.07.09.15.53.28_veh-38_00184_02293,0.9921697056287665,0.0235796130804794
dd8b61c70dc05550,2021.07.16.22.40.23_veh-38_00204_00360,1.0,2021.07.16.22.40.23_veh-38_00204_00360,1.0,0.0
dd9d8e686a345f74,2021.10.05.07.49.39_veh-52_00770_00905,0.8810509126124854,2021.10.05.07.49.39_veh-52_00770_00905,0.8917133003862122,0.010662387773726856
ddc6f1960bc05d62,2021.06.23.17.31.36_veh-16_00016_00377,1.0,2021.06.23.17.31.36_veh-16_00016_00377,1.0,0.0
de1498ad86835196,2021.06.23.17.31.36_veh-16_00016_00377,0.9286520144915449,2021.06.23.17.31.36_veh-16_00016_00377,0.9551185205561342,0.026466506064589335
de72514102555fab,2021.10.11.02.57.41_veh-50_02155_02265,0.8923858897647614,2021.10.11.02.57.41_veh-50_02155_02265,0.9033715385446078,0.010985648779846424
de7549a363f15a36,2021.07.09.15.53.28_veh-38_00184_02293,0.8722662812707372,2021.07.09.15.53.28_veh-38_00184_02293,0.8981062460265216,0.025839964755784317
de99492d90ed5808,2021.07.09.15.53.28_veh-38_00184_02293,1.0,2021.07.09.15.53.28_veh-38_00184_02293,0.5833333333333334,-0.41666666666666663
de9c0d8341d65b55,2021.07.16.22.40.23_veh-38_00204_00360,1.0,2021.07.16.22.40.23_veh-38_00204_00360,1.0,0.0
dee420665f2d5ee5,2021.10.11.02.57.41_veh-50_02155_02265,0.9017926624447715,2021.10.11.02.57.41_veh-50_02155_02265,0.9142154506347104,0.012422788189938916
df09da21f9a35c0c,2021.07.09.15.53.28_veh-38_00184_02293,0.9594846955632681,2021.07.09.15.53.28_veh-38_00184_02293,0.9845714339178885,0.025086738354620386
df242b87199d5acb,2021.07.09.15.53.28_veh-38_00184_02293,0.9738914879400117,2021.07.09.15.53.28_veh-38_00184_02293,0.9887701660184923,0.014878678078480645
dfe3214ab3e850a3,2021.08.31.14.01.15_veh-40_01576_01714,0.9612945480912399,2021.08.31.14.01.15_veh-40_01576_01714,0.9725735811730146,0.011279033081774692
e003efe0bcee5ce5,2021.07.09.15.53.28_veh-38_00184_02293,0.9817571495509961,2021.07.09.15.53.28_veh-38_00184_02293,0.5833333333333334,-0.39842381621766276
e0488ea0836c5bf6,2021.07.09.15.53.28_veh-38_00184_02293,1.0,2021.07.09.15.53.28_veh-38_00184_02293,1.0,0.0
e06108e069b55486,2021.07.09.20.26.06_veh-35_02793_03289,0.9283139929422207,2021.07.09.20.26.06_veh-35_02793_03289,0.9386607702030269,0.010346777260806128
e069d39ff2ab55bc,2021.06.09.12.51.31_veh-35_01729_02626,0.8944390882443484,2021.06.09.12.51.31_veh-35_01729_02626,0.9111119762187988,0.016672887974450434
e06b4eb07a9b5be3,2021.06.09.20.26.11_veh-35_00970_01216,0.8728302044150033,2021.06.09.20.26.11_veh-35_00970_01216,0.906379488098222,0.033549283683218745
e07749952a0f5f5d,2021.07.09.15.53.28_veh-38_00184_02293,0.9705276180178055,2021.07.09.15.53.28_veh-38_00184_02293,0.9840498756802433,0.013522257662437753
e0893a06ed5e5bb3,2021.07.09.15.53.28_veh-38_00184_02293,1.0,2021.07.09.15.53.28_veh-38_00184_02293,1.0,0.0
e0990db225ab5e2b,2021.07.09.20.26.06_veh-35_02793_03289,0.9370733684238687,2021.07.09.20.26.06_veh-35_02793_03289,0.9583200933537442,0.02124672492987556
e0aa4d3682c6594a,2021.06.09.12.06.35_veh-35_01164_01494,0.9425425708736491,2021.06.09.12.06.35_veh-35_01164_01494,0.9555184983316435,0.012975927457994363
e1320bebb7f25f65,2021.07.09.20.26.06_veh-35_02793_03289,0.9456085953369143,2021.07.09.20.26.06_veh-35_02793_03289,0.9717060645776284,0.0260974692407141
e1a9b17e1fee5fe5,2021.10.11.02.57.41_veh-50_01028_01289,0.8832883324823021,2021.10.11.02.57.41_veh-50_01028_01289,0.8968102686855897,0.013521936203287566
e24fd0e278275c0b,2021.07.09.15.53.28_veh-38_00184_02293,1.0,2021.07.09.15.53.28_veh-38_00184_02293,1.0,0.0
e25b028f941158d3,2021.10.05.08.11.15_veh-50_00437_00585,0.8497283995687944,2021.10.05.08.11.15_veh-50_00437_00585,0.864044526889014,0.014316127320219585
e26a0932b153560d,2021.07.09.15.53.28_veh-38_00184_02293,1.0,2021.07.09.15.53.28_veh-38_00184_02293,1.0,0.0
e26edc6457f85a2c,2021.10.05.08.11.15_veh-50_00437_00585,0.8684162603278146,2021.10.05.08.11.15_veh-50_00437_00585,0.8776379995779013,0.009221739250086736
e27c4e988e10569a,2021.07.09.20.26.06_veh-35_02793_03289,0.8441683087072159,2021.07.09.20.26.06_veh-35_02793_03289,0.8512763506850513,0.007108041977835322
e2898986047c5b29,2021.10.11.02.57.41_veh-50_02155_02265,0.8401869511878225,2021.10.11.02.57.41_veh-50_02155_02265,0.8496525731105491,0.009465621922726597
e2c494b98d885c19,2021.06.23.17.31.36_veh-16_00016_00377,1.0,2021.06.23.17.31.36_veh-16_00016_00377,1.0,0.0
e2f005a68443572a,2021.10.11.02.57.41_veh-50_02155_02265,0.8798969584584295,2021.10.11.02.57.41_veh-50_02155_02265,0.8939214703094507,0.01402451185102116
e2ff3a9fc9e0580d,2021.06.09.12.06.35_veh-35_01164_01494,0.9526753017287906,2021.06.09.12.06.35_veh-35_01164_01494,0.9701786105743597,0.017503308845569165
e31bf22d49f454e8,2021.07.09.15.53.28_veh-38_00184_02293,0.9285842549960636,2021.07.09.15.53.28_veh-38_00184_02293,0.9529431844916507,0.024358929495587156
e322f2e6452f508e,2021.06.09.12.51.31_veh-35_01729_02626,1.0,2021.06.09.12.51.31_veh-35_01729_02626,1.0,0.0
e340e429f0015853,2021.07.09.15.53.28_veh-38_00184_02293,0.995564998981937,2021.07.09.15.53.28_veh-38_00184_02293,1.0,0.004435001018063045
e34cae2fefab55b8,2021.07.09.20.26.06_veh-35_02793_03289,0.9264989472495432,2021.07.09.20.26.06_veh-35_02793_03289,0.9584185993093418,0.03191965205979863
e3da0e20e0b556fc,2021.07.09.15.53.28_veh-38_00184_02293,1.0,2021.07.09.15.53.28_veh-38_00184_02293,1.0,0.0
e3e96778dac3541c,2021.07.09.15.53.28_veh-38_00184_02293,0.9163485631783949,2021.07.09.15.53.28_veh-38_00184_02293,0.9322801369638624,0.0159315737854675
e43549ea94f75b60,2021.07.09.15.53.28_veh-38_00184_02293,0.9587788442137716,2021.07.09.15.53.28_veh-38_00184_02293,0.9686601670789203,0.009881322865148756
e436b19cf83151cc,2021.07.09.15.53.28_veh-38_00184_02293,1.0,2021.07.09.15.53.28_veh-38_00184_02293,1.0,0.0
e43cc13c56e855d5,2021.06.09.12.51.31_veh-35_01729_02626,0.9979042509186661,2021.06.09.12.51.31_veh-35_01729_02626,1.0,0.0020957490813339197
e447ace78361537e,2021.10.05.07.49.39_veh-52_00770_00905,1.0,2021.10.05.07.49.39_veh-52_00770_00905,1.0,0.0
e45bba9f532950f7,2021.06.09.12.51.31_veh-35_01729_02626,0.0,2021.06.09.12.51.31_veh-35_01729_02626,0.0,0.0
e49b47bbb0c55e1e,2021.06.09.17.23.18_veh-38_01598_01750,0.9436557724521605,2021.06.09.17.23.18_veh-38_01598_01750,0.9639496219866821,0.020293849534521624
e4bf21cd63585bf7,2021.07.09.20.26.06_veh-35_02793_03289,0.9267834373950178,2021.07.09.20.26.06_veh-35_02793_03289,0.9402578723598273,0.01347443496480949
e4c4b061d1845fd6,2021.10.11.02.57.41_veh-50_01028_01289,1.0,2021.10.11.02.57.41_veh-50_01028_01289,0.5833333333333334,-0.41666666666666663
e4d05b1ce25250bb,2021.07.09.15.53.28_veh-38_00184_02293,0.9995771739337096,2021.07.09.15.53.28_veh-38_00184_02293,1.0,0.00042282606629040487
e4d2a56f36c45c20,2021.06.09.14.50.36_veh-26_02826_02955,1.0,2021.06.09.14.50.36_veh-26_02826_02955,1.0,0.0
e4eda26dbd53523d,2021.06.09.12.51.31_veh-35_01729_02626,1.0,2021.06.09.12.51.31_veh-35_01729_02626,1.0,0.0
e503592e74a35c78,2021.06.23.17.31.36_veh-16_00016_00377,0.891360582470706,2021.06.23.17.31.36_veh-16_00016_00377,0.9200220783167931,0.028661495846087015
e507573c08815f9e,2021.07.09.20.26.06_veh-35_02793_03289,0.8885903874303946,2021.07.09.20.26.06_veh-35_02793_03289,0.915400524539587,0.026810137109192334
e522cb132d57506a,2021.06.09.12.51.31_veh-35_01729_02626,0.985433916298536,2021.06.09.12.51.31_veh-35_01729_02626,1.0,0.01456608370146395
e52ef27d2d245c63,2021.06.09.12.51.31_veh-35_01729_02626,0.9283748188957661,2021.06.09.12.51.31_veh-35_01729_02626,0.9404747669256391,0.01209994802987302
e5581fb84ddb5ffb,2021.07.09.15.53.28_veh-38_00184_02293,0.9826680981189065,2021.07.09.15.53.28_veh-38_00184_02293,1.0,0.01733190188109346
e58acbf0106153ad,2021.07.09.15.53.28_veh-38_00184_02293,1.0,2021.07.09.15.53.28_veh-38_00184_02293,1.0,0.0
e59bd5d207065b9a,2021.06.09.12.06.35_veh-35_01164_01494,0.9033932301396396,2021.06.09.12.06.35_veh-35_01164_01494,0.9166798486052278,0.013286618465588207
e5a4f230a7a05b18,2021.08.31.14.01.15_veh-40_01576_01714,0.9186119712363204,2021.08.31.14.01.15_veh-40_01576_01714,0.9315747847714454,0.012962813535124962
e5b1df76988c57a7,2021.07.09.15.53.28_veh-38_00184_02293,1.0,2021.07.09.15.53.28_veh-38_00184_02293,1.0,0.0
e614a559776c5e86,2021.07.09.15.53.28_veh-38_00184_02293,0.9145161141099968,2021.07.09.15.53.28_veh-38_00184_02293,0.9242717609498037,0.009755646839806897
e634731f91015bab,2021.07.09.15.53.28_veh-38_00184_02293,0.0,2021.07.09.15.53.28_veh-38_00184_02293,0.9348875603958394,0.9348875603958394
e6422bb22e125756,2021.08.31.11.47.30_veh-40_00919_01000,1.0,2021.08.31.11.47.30_veh-40_00919_01000,1.0,0.0
e699ef478771586b,2021.08.31.11.47.30_veh-40_00919_01000,0.9162899928993303,2021.08.31.11.47.30_veh-40_00919_01000,0.9286966065409308,0.01240661364160045
e69baaae152259ad,2021.10.11.02.57.41_veh-50_02155_02265,0.887940635412659,2021.10.11.02.57.41_veh-50_02155_02265,0.9014384624482251,0.013497827035566123
e6aabd1342ce54e2,2021.07.09.15.53.28_veh-38_00184_02293,0.9054941488951336,2021.07.09.15.53.28_veh-38_00184_02293,0.9288776063845535,0.023383457489419945
e6c4af98a23f5868,2021.07.09.15.53.28_veh-38_00184_02293,1.0,2021.07.09.15.53.28_veh-38_00184_02293,1.0,0.0
e6e9a5b8b26755b2,2021.07.09.15.53.28_veh-38_00184_02293,0.996070463312944,2021.07.09.15.53.28_veh-38_00184_02293,1.0,0.003929536687055979
e6f686686cc452cf,2021.06.09.12.51.31_veh-35_01729_02626,0.9760208472002758,2021.06.09.12.51.31_veh-35_01729_02626,0.9961031595623625,0.020082312362086685
e6fa8db6e41a5139,2021.10.11.02.57.41_veh-50_02155_02265,0.8809365946740758,2021.10.11.02.57.41_veh-50_02155_02265,0.8935274511614413,0.012590856487365465
e70a9c0c51675ea1,2021.10.11.02.57.41_veh-50_01028_01289,0.8763813634133831,2021.10.11.02.57.41_veh-50_01028_01289,0.8900825592509194,0.013701195837536262
e71499ec7fd254e9,2021.07.09.15.53.28_veh-38_00184_02293,1.0,2021.07.09.15.53.28_veh-38_00184_02293,1.0,0.0
e72a95807de45328,2021.08.31.14.01.15_veh-40_01576_01714,0.9567886485399458,2021.08.31.14.01.15_veh-40_01576_01714,0.9647270497291031,0.00793840118915723
e732f7c659b45197,2021.07.09.15.53.28_veh-38_00184_02293,0.9101930802427919,2021.07.09.15.53.28_veh-38_00184_02293,0.9234591727741841,0.013266092531392215
e739a390b2a55648,2021.07.09.15.53.28_veh-38_00184_02293,1.0,2021.07.09.15.53.28_veh-38_00184_02293,1.0,0.0
e76566d4d20c5377,2021.07.09.15.53.28_veh-38_00184_02293,0.9357857706831206,2021.07.09.15.53.28_veh-38_00184_02293,0.947511213746528,0.011725443063407393
e799e9f5385a5a2c,2021.06.09.12.51.31_veh-35_01729_02626,1.0,2021.06.09.12.51.31_veh-35_01729_02626,1.0,0.0
e80eed1fab2c5cfd,2021.06.09.12.06.35_veh-35_01164_01494,1.0,2021.06.09.12.06.35_veh-35_01164_01494,1.0,0.0
e8289b430daa5695,2021.10.11.02.57.41_veh-50_02155_02265,0.9119144185888328,2021.10.11.02.57.41_veh-50_02155_02265,0.9274511405442798,0.015536721955446975
e833b6b388c1524e,2021.07.09.15.53.28_veh-38_00184_02293,0.9110775681698854,2021.07.09.15.53.28_veh-38_00184_02293,0.9238382953964743,0.012760727226588942
e842f8018dfe58b3,2021.07.09.15.53.28_veh-38_00184_02293,0.968024334913868,2021.07.09.15.53.28_veh-38_00184_02293,0.9806515686878851,0.012627233774017088
e856cc5561ca564e,2021.07.09.15.53.28_veh-38_00184_02293,0.9202095793914906,2021.07.09.15.53.28_veh-38_00184_02293,0.9363208127939697,0.016111233402479108
e8b3c7058c315bca,2021.06.23.17.31.36_veh-16_00016_00377,0.9448676383929143,2021.06.23.17.31.36_veh-16_00016_00377,0.9570398641607,0.01217222576778565
e8f2bc430a065486,2021.06.09.12.06.35_veh-35_01164_01494,0.883206859882796,2021.06.09.12.06.35_veh-35_01164_01494,0.89934588872635,0.016139028843554004
e90d6cecf29d53cc,2021.07.09.20.26.06_veh-35_02793_03289,0.0,2021.07.09.20.26.06_veh-35_02793_03289,1.0,1.0
e95323b100c25a0a,2021.07.09.15.53.28_veh-38_00184_02293,0.9305104777965775,2021.07.09.15.53.28_veh-38_00184_02293,0.9524044772956485,0.021893999499071004
e96e62b9e81d5042,2021.07.09.15.53.28_veh-38_00184_02293,1.0,2021.07.09.15.53.28_veh-38_00184_02293,1.0,0.0
e97f92e1a63f54b9,2021.06.23.17.31.36_veh-16_00016_00377,0.9217338315417344,2021.06.23.17.31.36_veh-16_00016_00377,0.9399701357584803,0.018236304216745935
e980ff490b835222,2021.06.23.17.31.36_veh-16_00016_00377,1.0,2021.06.23.17.31.36_veh-16_00016_00377,1.0,0.0
e9a30e8cbad951bb,2021.07.09.15.53.28_veh-38_00184_02293,1.0,2021.07.09.15.53.28_veh-38_00184_02293,0.0,-1.0
e9be03d5069b52bc,2021.10.01.17.52.06_veh-28_01141_01264,0.9786621412894118,2021.10.01.17.52.06_veh-28_01141_01264,0.9910009336128542,0.012338792323442482
e9f76526b6d05e5c,2021.10.05.08.11.15_veh-50_00437_00585,0.9304380119667407,2021.10.05.08.11.15_veh-50_00437_00585,0.9433893277348978,0.012951315768157112
ea1dbf3aec435c27,2021.06.23.17.31.36_veh-16_00016_00377,1.0,2021.06.23.17.31.36_veh-16_00016_00377,1.0,0.0
ea31a137b6b45663,2021.07.09.15.53.28_veh-38_00184_02293,1.0,2021.07.09.15.53.28_veh-38_00184_02293,1.0,0.0
ea43967ed8ad5dc0,2021.10.11.02.57.41_veh-50_01028_01289,1.0,2021.10.11.02.57.41_veh-50_01028_01289,0.5833333333333334,-0.41666666666666663
ea7239e96a555f2c,2021.06.23.17.31.36_veh-16_00016_00377,1.0,2021.06.23.17.31.36_veh-16_00016_00377,1.0,0.0
ea7675073d935aed,2021.07.09.15.53.28_veh-38_00184_02293,0.8868893758610515,2021.07.09.15.53.28_veh-38_00184_02293,0.89490107549108,0.008011699630028457
ea7c22e1d36856c3,2021.06.09.12.51.31_veh-35_01729_02626,1.0,2021.06.09.12.51.31_veh-35_01729_02626,1.0,0.0
eaad335cb62c57b0,2021.07.09.15.53.28_veh-38_00184_02293,0.9197776697001041,2021.07.09.15.53.28_veh-38_00184_02293,0.9449111464156602,0.025133476715556102
eacad86eaed255f7,2021.07.09.15.53.28_veh-38_00184_02293,0.9060970536298543,2021.07.09.15.53.28_veh-38_00184_02293,0.9200132460349995,0.013916192405145189
eadab740750b5a54,2021.06.09.12.51.31_veh-35_01729_02626,0.8216047358695077,2021.06.09.12.51.31_veh-35_01729_02626,0.8433742107818257,0.021769474912318065
eb03710881e25401,2021.07.09.15.53.28_veh-38_00184_02293,1.0,2021.07.09.15.53.28_veh-38_00184_02293,1.0,0.0
eb1a57fcb1835169,2021.06.23.17.31.36_veh-16_00016_00377,1.0,2021.06.23.17.31.36_veh-16_00016_00377,1.0,0.0
eb6e558901af58af,2021.10.11.02.57.41_veh-50_01028_01289,0.9249159537931342,2021.10.11.02.57.41_veh-50_01028_01289,0.9432462853237956,0.018330331530661437
ebb818fca3895a2c,2021.07.09.15.53.28_veh-38_00184_02293,1.0,2021.07.09.15.53.28_veh-38_00184_02293,1.0,0.0
ebca7e0c22b65deb,2021.10.11.02.57.41_veh-50_01028_01289,0.8147908776416178,2021.10.11.02.57.41_veh-50_01028_01289,0.8260423763534156,0.011251498711797758
ebe11a6789745477,2021.10.11.02.57.41_veh-50_02155_02265,0.8714267347234812,2021.10.11.02.57.41_veh-50_02155_02265,0.8849879813918186,0.013561246668337357
ec0f3cc6c0fd590e,2021.07.09.20.26.06_veh-35_02793_03289,1.0,2021.07.09.20.26.06_veh-35_02793_03289,1.0,0.0
ec21e03ea67054d6,2021.07.09.15.53.28_veh-38_00184_02293,0.9306936677337857,2021.07.09.15.53.28_veh-38_00184_02293,0.9524500773392856,0.02175640960549985
ec37ecf537d15383,2021.10.05.08.11.15_veh-50_00437_00585,0.9359452482683245,2021.10.05.08.11.15_veh-50_00437_00585,0.9549943860519473,0.019049137783622827
ec965c8ae1c75447,2021.07.09.15.53.28_veh-38_00184_02293,0.871032288799784,2021.07.09.15.53.28_veh-38_00184_02293,0.8810664070151683,0.010034118215384247
ecd1986832c7521a,2021.10.11.02.57.41_veh-50_02155_02265,0.8305410500408862,2021.10.11.02.57.41_veh-50_02155_02265,0.8428403771011173,0.012299327060231069
ed29591fde515907,2021.07.09.15.53.28_veh-38_00184_02293,0.0,2021.07.09.15.53.28_veh-38_00184_02293,1.0,1.0
edd18606d29e5285,2021.07.09.20.26.06_veh-35_02793_03289,1.0,2021.07.09.20.26.06_veh-35_02793_03289,1.0,0.0
ee053b086fb1560c,2021.06.09.12.51.31_veh-35_01729_02626,0.8446690064791907,2021.06.09.12.51.31_veh-35_01729_02626,0.8669390478668273,0.022270041387636552
ee0c42f87de45144,2021.07.09.15.53.28_veh-38_00184_02293,1.0,2021.07.09.15.53.28_veh-38_00184_02293,1.0,0.0
ee7343c491db5537,2021.10.05.07.49.39_veh-52_00770_00905,0.8857271974490688,2021.10.05.07.49.39_veh-52_00770_00905,0.8962599617408422,0.010532764291773411
ee7c0c535d415ded,2021.06.09.12.51.31_veh-35_01729_02626,0.9237039733289704,2021.06.09.12.51.31_veh-35_01729_02626,0.9398415435157742,0.01613757018680384
ee7c43384142579a,2021.07.09.15.53.28_veh-38_00184_02293,1.0,2021.07.09.15.53.28_veh-38_00184_02293,1.0,0.0
ee855ade6ba5504c,2021.06.09.12.51.31_veh-35_01729_02626,1.0,2021.06.09.12.51.31_veh-35_01729_02626,1.0,0.0
ee92fc8a2ab55014,2021.07.09.15.53.28_veh-38_00184_02293,1.0,2021.07.09.15.53.28_veh-38_00184_02293,1.0,0.0
eebdbcf854975ae9,2021.07.09.20.26.06_veh-35_02793_03289,1.0,2021.07.09.20.26.06_veh-35_02793_03289,1.0,0.0
eeed45662dfb5a80,2021.07.09.15.53.28_veh-38_00184_02293,0.9771654086011944,2021.07.09.15.53.28_veh-38_00184_02293,0.9926547229810598,0.015489314379865449
eefa88c125d55aa4,2021.06.23.17.31.36_veh-16_00016_00377,0.8830682806396758,2021.06.23.17.31.36_veh-16_00016_00377,0.9137655761151366,0.03069729547546085
eefc6568a4155b8b,2021.07.09.15.53.28_veh-38_00184_02293,1.0,2021.07.09.15.53.28_veh-38_00184_02293,1.0,0.0
ef00d067ff7a582f,2021.07.09.15.53.28_veh-38_00184_02293,0.9509964103787466,2021.07.09.15.53.28_veh-38_00184_02293,0.9681750673364462,0.0171786569576996
ef10184224ba5d25,2021.06.09.12.06.35_veh-35_01164_01494,0.9451371913771892,2021.06.09.12.06.35_veh-35_01164_01494,0.9591784579077265,0.014041266530537277
ef5318b8d9285443,2021.06.09.14.50.36_veh-26_02826_02955,1.0,2021.06.09.14.50.36_veh-26_02826_02955,1.0,0.0
ef5d74901e465a0d,2021.06.09.12.51.31_veh-35_01729_02626,0.8122528078826464,2021.06.09.12.51.31_veh-35_01729_02626,0.8389390760212585,0.02668626813861208
ef7fb7627f735a41,2021.06.09.12.06.35_veh-35_01164_01494,1.0,2021.06.09.12.06.35_veh-35_01164_01494,1.0,0.0
efc7193a7907550e,2021.06.23.17.31.36_veh-16_00016_00377,1.0,2021.06.23.17.31.36_veh-16_00016_00377,1.0,0.0
efe50170f67a57dc,2021.07.09.20.26.06_veh-35_02793_03289,1.0,2021.07.09.20.26.06_veh-35_02793_03289,1.0,0.0
eff7dd683f505235,2021.07.09.15.53.28_veh-38_00184_02293,1.0,2021.07.09.15.53.28_veh-38_00184_02293,1.0,0.0
f00788c502f25587,2021.06.09.12.51.31_veh-35_01729_02626,1.0,2021.06.09.12.51.31_veh-35_01729_02626,1.0,0.0
f0273e69f5bb54e1,2021.07.09.15.53.28_veh-38_00184_02293,0.9131744024532441,2021.07.09.15.53.28_veh-38_00184_02293,0.9311254294958503,0.017951027042606205
f062fb353fc1540f,2021.10.05.07.49.39_veh-52_00770_00905,0.9060629998231237,2021.10.05.07.49.39_veh-52_00770_00905,0.9257361544082334,0.019673154585109764
f09b140e2fc05b0a,2021.10.11.02.57.41_veh-50_02155_02265,0.8347130499076157,2021.10.11.02.57.41_veh-50_02155_02265,0.8422569224138101,0.007543872506194371
f0ef32a63b3659a6,2021.07.09.15.53.28_veh-38_00184_02293,1.0,2021.07.09.15.53.28_veh-38_00184_02293,1.0,0.0
f16673a85d0e5f75,2021.07.09.15.53.28_veh-38_00184_02293,1.0,2021.07.09.15.53.28_veh-38_00184_02293,1.0,0.0
f177501cd1555b76,2021.07.09.20.26.06_veh-35_02793_03289,1.0,2021.07.09.20.26.06_veh-35_02793_03289,1.0,0.0
f17b89de6fc75614,2021.06.09.14.50.36_veh-26_02826_02955,1.0,2021.06.09.14.50.36_veh-26_02826_02955,1.0,0.0
f1bf12acb8445268,2021.06.09.12.51.31_veh-35_01729_02626,1.0,2021.06.09.12.51.31_veh-35_01729_02626,1.0,0.0
f1f36e051147572e,2021.06.09.20.26.11_veh-35_00970_01216,1.0,2021.06.09.20.26.11_veh-35_00970_01216,1.0,0.0
f25726c61f48502f,2021.06.09.12.51.31_veh-35_01729_02626,1.0,2021.06.09.12.51.31_veh-35_01729_02626,1.0,0.0
f285ec68af385fc4,2021.06.09.12.51.31_veh-35_01729_02626,0.8056715239074187,2021.06.09.12.51.31_veh-35_01729_02626,0.8187438364788773,0.013072312571458578
f295b9b2ee545520,2021.10.11.02.57.41_veh-50_01028_01289,0.8727040193316605,2021.10.11.02.57.41_veh-50_01028_01289,0.8851317537047004,0.0124277343730399
f295db8f52065e16,2021.07.09.15.53.28_veh-38_00184_02293,0.925951339762236,2021.07.09.15.53.28_veh-38_00184_02293,0.9354389534456592,0.009487613683423213
f29cff9a8d905f5d,2021.06.09.12.51.31_veh-35_01729_02626,1.0,2021.06.09.12.51.31_veh-35_01729_02626,1.0,0.0
f2bdb5407b145bcd,2021.06.09.12.51.31_veh-35_01729_02626,1.0,2021.06.09.12.51.31_veh-35_01729_02626,1.0,0.0
f329e674bbb950b3,2021.06.09.12.51.31_veh-35_01729_02626,0.9611142753565213,2021.06.09.12.51.31_veh-35_01729_02626,0.9943042394840998,0.033189964127578575
f35a76fdbc2259da,2021.07.09.15.53.28_veh-38_00184_02293,1.0,2021.07.09.15.53.28_veh-38_00184_02293,1.0,0.0
f37d56c3d1f059ec,2021.06.09.12.51.31_veh-35_01729_02626,0.8245920039909421,2021.06.09.12.51.31_veh-35_01729_02626,0.8456788382659344,0.02108683427499225
f37e5cad3010539f,2021.07.09.15.53.28_veh-38_00184_02293,1.0,2021.07.09.15.53.28_veh-38_00184_02293,1.0,0.0
f3d5e1d06f2e5c41,2021.07.09.15.53.28_veh-38_00184_02293,1.0,2021.07.09.15.53.28_veh-38_00184_02293,1.0,0.0
f4188f0f2c17514d,2021.10.01.17.52.06_veh-28_01141_01264,0.9443211199324523,2021.10.01.17.52.06_veh-28_01141_01264,0.9678417736097137,0.023520653677261416
f42717531e645bd0,2021.07.09.20.26.06_veh-35_02793_03289,0.85187443814192,2021.07.09.20.26.06_veh-35_02793_03289,0.8817751313766499,0.02990069323472988
f4454ab06873565e,2021.07.09.15.53.28_veh-38_00184_02293,0.8569689069469296,2021.07.09.15.53.28_veh-38_00184_02293,0.8784393680380566,0.021470461091126936
f44ec48280225191,2021.06.09.12.51.31_veh-35_01729_02626,1.0,2021.06.09.12.51.31_veh-35_01729_02626,1.0,0.0
f45108d76421595f,2021.07.09.15.53.28_veh-38_00184_02293,0.9084640376325126,2021.07.09.15.53.28_veh-38_00184_02293,0.9233142097524359,0.014850172119923344
f46d7a713a035a80,2021.10.11.02.57.41_veh-50_02155_02265,0.8993307005990973,2021.10.11.02.57.41_veh-50_02155_02265,0.9132443010387661,0.013913600439668827
f4ec1f572cef5c49,2021.06.09.12.51.31_veh-35_01729_02626,0.9144326647183334,2021.06.09.12.51.31_veh-35_01729_02626,0.9237282833077809,0.009295618589447496
f4f7c2de2c0656fe,2021.06.09.12.51.31_veh-35_01729_02626,0.9549298474013272,2021.06.09.12.51.31_veh-35_01729_02626,0.9918894003436213,0.03695955294229403
f52e85080d085ad3,2021.10.05.08.11.15_veh-50_00437_00585,0.9808159397127025,2021.10.05.08.11.15_veh-50_00437_00585,0.9955516890031316,0.01473574929042909
f56dfbb996385805,2021.06.09.12.06.35_veh-35_01164_01494,0.8535510848536445,2021.06.09.12.06.35_veh-35_01164_01494,0.884811882392504,0.031260797538859464
f5b35beed72e5aec,2021.10.05.08.11.15_veh-50_00437_00585,1.0,2021.10.05.08.11.15_veh-50_00437_00585,0.0,-1.0
f5d06fd7f2195088,2021.06.23.17.31.36_veh-16_00016_00377,0.9270970424533466,2021.06.23.17.31.36_veh-16_00016_00377,0.9570114806619042,0.02991443820855766
f606a68831b959bb,2021.06.09.12.51.31_veh-35_01729_02626,0.8088691087728832,2021.06.09.12.51.31_veh-35_01729_02626,0.8241429669582097,0.01527385818532645
f63d23a573a550f3,2021.06.09.12.51.31_veh-35_01729_02626,1.0,2021.06.09.12.51.31_veh-35_01729_02626,1.0,0.0
f6522a382ccb5589,2021.07.09.20.26.06_veh-35_02793_03289,1.0,2021.07.09.20.26.06_veh-35_02793_03289,1.0,0.0
f65da3ca0d4f55ad,2021.07.09.15.53.28_veh-38_00184_02293,0.8967752896158219,2021.07.09.15.53.28_veh-38_00184_02293,0.908281571378217,0.011506281762395099
f683ad32ef3f5b4e,2021.07.09.15.53.28_veh-38_00184_02293,1.0,2021.07.09.15.53.28_veh-38_00184_02293,1.0,0.0
f686e9b2f7c35d4c,2021.07.09.15.53.28_veh-38_00184_02293,1.0,2021.07.09.15.53.28_veh-38_00184_02293,1.0,0.0
f68dfe3760c25453,2021.06.09.12.51.31_veh-35_01729_02626,1.0,2021.06.09.12.51.31_veh-35_01729_02626,1.0,0.0
f6ca17e70e9e53c5,2021.07.09.15.53.28_veh-38_00184_02293,1.0,2021.07.09.15.53.28_veh-38_00184_02293,1.0,0.0
f6d05b10abff5140,2021.07.09.15.53.28_veh-38_00184_02293,0.9723871813558057,2021.07.09.15.53.28_veh-38_00184_02293,0.9847724446407989,0.012385263284993231
f6d84360042f5d19,2021.07.09.15.53.28_veh-38_00184_02293,1.0,2021.07.09.15.53.28_veh-38_00184_02293,1.0,0.0
f6e7cfd22eaa5a4f,2021.10.11.02.57.41_veh-50_01028_01289,0.9668807089791943,2021.10.11.02.57.41_veh-50_01028_01289,0.9813684546716607,0.014487745692466358
f79dbdc306a15120,2021.07.09.20.26.06_veh-35_02793_03289,1.0,2021.07.09.20.26.06_veh-35_02793_03289,1.0,0.0
f7b4d7400b585640,2021.07.09.15.53.28_veh-38_00184_02293,1.0,2021.07.09.15.53.28_veh-38_00184_02293,1.0,0.0
f7d51773081653ac,2021.10.11.02.57.41_veh-50_01028_01289,0.8826026205703078,2021.10.11.02.57.41_veh-50_01028_01289,0.8965977191586597,0.013995098588351906
f7d65f30d6075c18,2021.07.09.15.53.28_veh-38_00184_02293,1.0,2021.07.09.15.53.28_veh-38_00184_02293,1.0,0.0
f80bb56c694d55ae,2021.07.09.15.53.28_veh-38_00184_02293,0.8176479129342017,2021.07.09.15.53.28_veh-38_00184_02293,0.8344735804541371,0.016825667519935417
f81f1d9d43f75c37,2021.07.09.15.53.28_veh-38_00184_02293,1.0,2021.07.09.15.53.28_veh-38_00184_02293,1.0,0.0
f83624d80fbf5b86,2021.10.11.02.57.41_veh-50_01028_01289,0.836401425034602,2021.10.11.02.57.41_veh-50_01028_01289,0.8580453371245719,0.021643912089969852
f83ebda95db35f05,2021.07.09.15.53.28_veh-38_00184_02293,0.8250711266151735,2021.07.09.15.53.28_veh-38_00184_02293,0.8522305825930627,0.02715945597788927
f89bd37b0daf5c8a,2021.07.09.15.53.28_veh-38_00184_02293,1.0,2021.07.09.15.53.28_veh-38_00184_02293,1.0,0.0
f8bb1f5f15f0545e,2021.07.09.15.53.28_veh-38_00184_02293,0.9623692724020342,2021.07.09.15.53.28_veh-38_00184_02293,0.9734645819498408,0.011095309547806576
f8cd764491c15c36,2021.06.09.12.51.31_veh-35_01729_02626,1.0,2021.06.09.12.51.31_veh-35_01729_02626,1.0,0.0
f93dafb45c965ab2,2021.10.11.02.57.41_veh-50_02155_02265,0.8868788015643588,2021.10.11.02.57.41_veh-50_02155_02265,0.8999682815255685,0.013089479961209682
f954d393a5615fec,2021.06.09.14.50.36_veh-26_02826_02955,0.968749236690567,2021.06.09.14.50.36_veh-26_02826_02955,0.9916647522339929,0.022915515543425857
f95fc48b693b53c2,2021.07.09.20.26.06_veh-35_02793_03289,0.8760926890959192,2021.07.09.20.26.06_veh-35_02793_03289,0.9060551595355459,0.029962470439626743
f96c2bfcfa0b5adc,2021.08.31.14.01.15_veh-40_01576_01714,0.9252878316852229,2021.08.31.14.01.15_veh-40_01576_01714,0.9407219905526644,0.015434158867441483
f98865ec9ca2540a,2021.07.09.15.53.28_veh-38_00184_02293,0.9878084788145877,2021.07.09.15.53.28_veh-38_00184_02293,1.0,0.012191521185412335
f9b9cec54e8759c8,2021.06.09.12.51.31_veh-35_01729_02626,1.0,2021.06.09.12.51.31_veh-35_01729_02626,1.0,0.0
f9cc839f6daf59a7,2021.07.09.15.53.28_veh-38_00184_02293,1.0,2021.07.09.15.53.28_veh-38_00184_02293,1.0,0.0
fa18ed9dac89551d,2021.08.31.14.01.15_veh-40_01576_01714,0.9621618159421601,2021.08.31.14.01.15_veh-40_01576_01714,0.9745302810216785,0.012368465079518387
fa570010ca00540d,2021.10.05.08.11.15_veh-50_00437_00585,0.9058580489531165,2021.10.05.08.11.15_veh-50_00437_00585,0.9210133935217287,0.015155344568612228
fa6d09b953e85996,2021.07.09.20.26.06_veh-35_02793_03289,0.9420986458277628,2021.07.09.20.26.06_veh-35_02793_03289,0.9644377593439071,0.02233911351614426
fa88f25a8971596f,2021.06.09.12.51.31_veh-35_01729_02626,1.0,2021.06.09.12.51.31_veh-35_01729_02626,1.0,0.0
fa89a1586e92554d,2021.06.09.12.51.31_veh-35_01729_02626,0.8385546387514434,2021.06.09.12.51.31_veh-35_01729_02626,0.8655781871815035,0.02702354843006005
faa10d766e1e5675,2021.06.09.12.06.35_veh-35_01164_01494,0.9676293547765251,2021.06.09.12.06.35_veh-35_01164_01494,0.9871182874810766,0.01948893270455143
faa1719d97b65c1e,2021.10.05.08.11.15_veh-50_00437_00585,1.0,2021.10.05.08.11.15_veh-50_00437_00585,1.0,0.0
faa2e3893e2f540a,2021.06.23.17.31.36_veh-16_00016_00377,1.0,2021.06.23.17.31.36_veh-16_00016_00377,1.0,0.0
fab83ce7307f5eb1,2021.07.09.15.53.28_veh-38_00184_02293,1.0,2021.07.09.15.53.28_veh-38_00184_02293,1.0,0.0
fac63ed354f95c7b,2021.10.05.07.49.39_veh-52_00770_00905,0.8657436686197878,2021.10.05.07.49.39_veh-52_00770_00905,0.8761025082429112,0.01035883962312345
faf084d60e455e01,2021.07.09.20.26.06_veh-35_02793_03289,0.0,2021.07.09.20.26.06_veh-35_02793_03289,0.9229269023277548,0.9229269023277548
fb2723881f29596c,2021.06.09.12.51.31_veh-35_01729_02626,0.9545116750401156,2021.06.09.12.51.31_veh-35_01729_02626,0.9788779131550496,0.02436623811493399
fb2dd85945315007,2021.10.11.02.57.41_veh-50_02155_02265,0.8252787505156935,2021.10.11.02.57.41_veh-50_02155_02265,0.8330477116467389,0.007768961131045304
fb50a35ed72b5a18,2021.10.11.02.57.41_veh-50_02155_02265,0.8946443693742259,2021.10.11.02.57.41_veh-50_02155_02265,0.906399028010572,0.011754658636346171
fb62245532a251c2,2021.07.09.20.26.06_veh-35_02793_03289,0.9174593200235183,2021.07.09.20.26.06_veh-35_02793_03289,0.9508773845608055,0.03341806453728724
fba22c6ccd535dd0,2021.07.09.20.26.06_veh-35_02793_03289,1.0,2021.07.09.20.26.06_veh-35_02793_03289,1.0,0.0
fba4ada6e76d51d5,2021.06.09.12.06.35_veh-35_01164_01494,0.8455309856689759,2021.06.09.12.06.35_veh-35_01164_01494,0.8739129225479356,0.028381936878959735
fbaf220f056b5918,2021.07.09.15.53.28_veh-38_00184_02293,0.9667209535265572,2021.07.09.15.53.28_veh-38_00184_02293,0.9798085203670346,0.013087566840477405
fbb2aa2813125b32,2021.10.11.02.57.41_veh-50_02155_02265,0.9047605004262005,2021.10.11.02.57.41_veh-50_02155_02265,0.9192421595671852,0.01448165914098476
fbd62cf89a7d5308,2021.07.09.20.26.06_veh-35_02793_03289,0.8748130435707502,2021.07.09.20.26.06_veh-35_02793_03289,0.8973187271249473,0.02250568355419713
fbde637d36f557c2,2021.10.11.02.57.41_veh-50_02155_02265,0.8561513694545457,2021.10.11.02.57.41_veh-50_02155_02265,0.8696695082488345,0.013518138794288759
fbf80b893a45596c,2021.06.09.12.51.31_veh-35_01729_02626,1.0,2021.06.09.12.51.31_veh-35_01729_02626,1.0,0.0
fc4b553b82f3573e,2021.07.09.15.53.28_veh-38_00184_02293,0.9905113382292843,2021.07.09.15.53.28_veh-38_00184_02293,0.5833333333333334,-0.4071780048959509
fd266017475c571a,2021.07.09.20.26.06_veh-35_02793_03289,0.9385062942614129,2021.07.09.20.26.06_veh-35_02793_03289,0.949310497544335,0.010804203282922198
fd650b8a78ab5706,2021.06.09.20.26.11_veh-35_00970_01216,0.9839399406758372,2021.06.09.20.26.11_veh-35_00970_01216,0.9960178135124836,0.012077872836646408
fd6714343cac5c89,2021.07.09.15.53.28_veh-38_00184_02293,1.0,2021.07.09.15.53.28_veh-38_00184_02293,1.0,0.0
fd88394324a05329,2021.07.09.20.26.06_veh-35_02793_03289,1.0,2021.07.09.20.26.06_veh-35_02793_03289,1.0,0.0
fdab862a77fb5c90,2021.07.09.15.53.28_veh-38_00184_02293,0.9089712223345865,2021.07.09.15.53.28_veh-38_00184_02293,0.9180342293378025,0.00906300700321605
fdc30f8fc86655b0,2021.06.09.12.06.35_veh-35_01164_01494,0.9087595553161711,2021.06.09.12.06.35_veh-35_01164_01494,0.9294848473184684,0.020725292002297224
fdfec9ef7201528e,2021.10.11.02.57.41_veh-50_02155_02265,0.8158546603354399,2021.10.11.02.57.41_veh-50_02155_02265,0.8237938443952505,0.007939184059810644
fe07ab55cffb5cb9,2021.07.09.20.26.06_veh-35_02793_03289,0.9154465956955856,2021.07.09.20.26.06_veh-35_02793_03289,0.9343066209072678,0.018860025211682174
fe1838e14f915f8f,2021.10.05.07.49.39_veh-52_00770_00905,0.9065451979939182,2021.10.05.07.49.39_veh-52_00770_00905,0.9186488855230998,0.012103687529181562
fe288a64350d556b,2021.06.09.20.26.11_veh-35_00970_01216,0.8859835249804108,2021.06.09.20.26.11_veh-35_00970_01216,0.9089561761748012,0.022972651194390403
fe2ac8c198fa5790,2021.07.09.15.53.28_veh-38_00184_02293,1.0,2021.07.09.15.53.28_veh-38_00184_02293,1.0,0.0
fe3ae84c2c3b5232,2021.06.23.17.31.36_veh-16_00016_00377,1.0,2021.06.23.17.31.36_veh-16_00016_00377,1.0,0.0
fe61c9b75ca85f61,2021.07.09.20.26.06_veh-35_02793_03289,0.9886464344930376,2021.07.09.20.26.06_veh-35_02793_03289,1.0,0.011353565506962426
fe821d61eef757d7,2021.07.09.15.53.28_veh-38_00184_02293,1.0,2021.07.09.15.53.28_veh-38_00184_02293,1.0,0.0
feafc7509f0f51cf,2021.07.09.15.53.28_veh-38_00184_02293,1.0,2021.07.09.15.53.28_veh-38_00184_02293,1.0,0.0
fee8806b92c9501e,2021.07.09.15.53.28_veh-38_00184_02293,1.0,2021.07.09.15.53.28_veh-38_00184_02293,1.0,0.0
ff31fde84ea55ab8,2021.10.11.02.57.41_veh-50_02155_02265,0.8962577622413385,2021.10.11.02.57.41_veh-50_02155_02265,0.9078843831785793,0.011626620937240872
ff409a68b88e5ac0,2021.10.05.08.11.15_veh-50_00437_00585,0.8375046210355999,2021.10.05.08.11.15_veh-50_00437_00585,0.8504132913329837,0.01290867029738385
ff5e73d54265581f,2021.06.09.17.23.18_veh-38_01598_01750,0.9233133167794905,2021.06.09.17.23.18_veh-38_01598_01750,0.9363557583349799,0.013042441555489392
ffd3019de9f75d89,2021.06.09.12.06.35_veh-35_01164_01494,0.8721527369207355,2021.06.09.12.06.35_veh-35_01164_01494,0.8982338424985498,0.02608110557781429
