token,log_name_sft,score_sft,log_name_rl,score_rl,delta
015173513fc25684,2021.10.05.08.11.15_veh-50_00437_00585,0.8131554817656323,2021.10.05.08.11.15_veh-50_00437_00585,0.820940852435454,0.007785370669821656
0265d0c659745deb,2021.10.05.08.11.15_veh-50_00437_00585,0.9247485044505382,2021.10.05.08.11.15_veh-50_00437_00585,0.9362692415457851,0.011520737095246814
027d63f008ba518b,2021.10.05.08.11.15_veh-50_00437_00585,0.9726968081689016,2021.10.05.08.11.15_veh-50_00437_00585,0.9797621134250214,0.007065305256119814
04d3c2f7702750b6,2021.10.05.08.11.15_veh-50_00437_00585,0.9090403721186326,2021.10.05.08.11.15_veh-50_00437_00585,0.9180625057675573,0.00902213364892468
066d174c1ee2516a,2021.10.05.08.11.15_veh-50_00437_00585,0.897564068651644,2021.10.05.08.11.15_veh-50_00437_00585,0.9093411232587707,0.011777054607126747
077e1ef7a2dd526e,2021.10.05.08.11.15_veh-50_00437_00585,0.8801983508750774,2021.10.05.08.11.15_veh-50_00437_00585,0.8900003258560034,0.009801974980926054
079dad1bf4aa53ff,2021.10.05.08.11.15_veh-50_00437_00585,0.8905367671954947,2021.10.05.08.11.15_veh-50_00437_00585,0.9037836653514135,0.01324689815591884
0965ca8d343855bd,2021.10.05.08.11.15_veh-50_00437_00585,0.8505060884037517,2021.10.05.08.11.15_veh-50_00437_00585,0.864820726061159,0.014314637657407259
0dbe21f7e02a578a,2021.10.05.08.11.15_veh-50_00437_00585,0.9064746354022013,2021.10.05.08.11.15_veh-50_00437_00585,0.9156992567486162,0.009224621346414885
0e3398e6271350b4,2021.10.05.08.11.15_veh-50_00437_00585,0.8944328649464486,2021.10.05.08.11.15_veh-50_00437_00585,0.9030183464052585,0.008585481458809885
0ef4861884495fee,2021.10.05.08.11.15_veh-50_00437_00585,0.8871823786227788,2021.10.05.08.11.15_veh-50_00437_00585,0.8935740563963398,0.0063916777735609775
113ce1e07c7a5543,2021.10.05.08.11.15_veh-50_00437_00585,0.9093852228721769,2021.10.05.08.11.15_veh-50_00437_00585,0.917579804310156,0.00819458143797902
1aaa5de27ef2529c,2021.10.05.08.11.15_veh-50_00437_00585,0.9294273173983671,2021.10.05.08.11.15_veh-50_00437_00585,0.9393300229215568,0.009902705523189614
1bdb793cdfcd5db0,2021.10.05.08.11.15_veh-50_00437_00585,0.8763185616028405,2021.10.05.08.11.15_veh-50_00437_00585,0.8887740048374907,0.012455443234650199
1c6cfd6bae4954dc,2021.10.05.08.11.15_veh-50_00437_00585,0.8937382747610199,2021.10.05.08.11.15_veh-50_00437_00585,0.9011093610835746,0.007371086322554787
1ec5607c174e58db,2021.10.05.08.11.15_veh-50_00437_00585,0.9042381950952809,2021.10.05.08.11.15_veh-50_00437_00585,0.913544764955939,0.009306569860658032
1edaacb093c25e24,2021.10.05.08.11.15_veh-50_00437_00585,0.8547278557368385,2021.10.05.08.11.15_veh-50_00437_00585,0.8644394453628476,0.009711589626009043
205cf1f3466a5af6,2021.10.05.08.11.15_veh-50_00437_00585,0.8980368885724387,2021.10.05.08.11.15_veh-50_00437_00585,0.9067051685533125,0.008668279980873828
21b4fab862a858b8,2021.10.05.08.11.15_veh-50_00437_00585,0.9263527421814669,2021.10.05.08.11.15_veh-50_00437_00585,0.9369493049998668,0.010596562818399935
22119d9673db504e,2021.10.05.08.11.15_veh-50_00437_00585,0.8825519338785042,2021.10.05.08.11.15_veh-50_00437_00585,0.890382530063791,0.007830596185286809
22903ed6b4b45809,2021.10.05.08.11.15_veh-50_00437_00585,0.897246572344241,2021.10.05.08.11.15_veh-50_00437_00585,0.9039969740892302,0.006750401744989198
24531603f9315046,2021.10.05.08.11.15_veh-50_00437_00585,0.9686372327530552,2021.10.05.08.11.15_veh-50_00437_00585,0.9769240763294169,0.008286843576361669
25f2e28652bc5f06,2021.10.05.08.11.15_veh-50_00437_00585,0.9327555114088351,2021.10.05.08.11.15_veh-50_00437_00585,0.9417889004489179,0.009033389040082884
2754ab87df25534c,2021.10.05.08.11.15_veh-50_00437_00585,0.868316733167317,2021.10.05.08.11.15_veh-50_00437_00585,0.8807679110832235,0.012451177915906553
33173f63a6ff513d,2021.10.05.08.11.15_veh-50_00437_00585,0.9439534537580382,2021.10.05.08.11.15_veh-50_00437_00585,0.9584586422951159,0.014505188537077718
344591ad59d7517d,2021.10.05.08.11.15_veh-50_00437_00585,0.9307190473366452,2021.10.05.08.11.15_veh-50_00437_00585,0.9421245913562476,0.011405544019602365
3e36bef4c12f5be7,2021.10.05.08.11.15_veh-50_00437_00585,0.903765961652869,2021.10.05.08.11.15_veh-50_00437_00585,0.9117462974115349,0.007980335758665857
40d427a5bcb95ad2,2021.10.05.08.11.15_veh-50_00437_00585,0.9382952779929783,2021.10.05.08.11.15_veh-50_00437_00585,0.9467392796728809,0.008444001679902557
4876b61c929f5180,2021.10.05.08.11.15_veh-50_00437_00585,0.9480617503489897,2021.10.05.08.11.15_veh-50_00437_00585,0.9612429156112955,0.013181165262305838
4878391796105da9,2021.10.05.08.11.15_veh-50_00437_00585,0.8823356259500793,2021.10.05.08.11.15_veh-50_00437_00585,0.8950904093118829,0.012754783361803579
51dc80968c9c5e08,2021.10.05.08.11.15_veh-50_00437_00585,0.9145389945061854,2021.10.05.08.11.15_veh-50_00437_00585,0.9253285110787572,0.010789516572571878
5ad9e7defd1150e4,2021.10.05.08.11.15_veh-50_00437_00585,0.9232051922155835,2021.10.05.08.11.15_veh-50_00437_00585,0.9314583251718157,0.008253132956232201
6158d35892e55941,2021.10.05.08.11.15_veh-50_00437_00585,0.9916214253337341,2021.10.05.08.11.15_veh-50_00437_00585,1.0,0.008378574666265903
6320ecb991675a39,2021.10.05.08.11.15_veh-50_00437_00585,0.8962316159499343,2021.10.05.08.11.15_veh-50_00437_00585,0.9041223714267952,0.007890755476860911
63c8f3d715e85c4f,2021.10.05.08.11.15_veh-50_00437_00585,0.9195769976544458,2021.10.05.08.11.15_veh-50_00437_00585,0.9280736160555849,0.008496618401139133
6c96474a9c865359,2021.10.05.08.11.15_veh-50_00437_00585,0.9098406685474036,2021.10.05.08.11.15_veh-50_00437_00585,0.9179947798743686,0.008154111326964975
6ef77d4b725a5cf4,2021.10.05.08.11.15_veh-50_00437_00585,0.8795686998867994,2021.10.05.08.11.15_veh-50_00437_00585,0.8904575558724738,0.01088885598567435
72ebf07a88b25937,2021.10.05.08.11.15_veh-50_00437_00585,0.8266506773523321,2021.10.05.08.11.15_veh-50_00437_00585,0.9616493809143662,0.13499870356203414
7307e312a7755908,2021.10.05.08.11.15_veh-50_00437_00585,0.9128543367689324,2021.10.05.08.11.15_veh-50_00437_00585,0.9205765090525847,0.007722172283652351
756a836fafd05442,2021.10.05.08.11.15_veh-50_00437_00585,0.9645230491773114,2021.10.05.08.11.15_veh-50_00437_00585,0.9709870860264174,0.006464036849106014
770cf5148b3353a3,2021.10.05.08.11.15_veh-50_00437_00585,0.9054450442572823,2021.10.05.08.11.15_veh-50_00437_00585,0.9126643638847837,0.0072193196275013305
7cf3f478246b5da6,2021.10.05.08.11.15_veh-50_00437_00585,0.8790908940905547,2021.10.05.08.11.15_veh-50_00437_00585,0.8894826998776428,0.010391805787088093
7f8be3abc0f45edf,2021.10.05.08.11.15_veh-50_00437_00585,0.829157450781014,2021.10.05.08.11.15_veh-50_00437_00585,0.8399623342318912,0.010804883450877156
83d4827aebe85832,2021.10.05.08.11.15_veh-50_00437_00585,0.8782347196156051,2021.10.05.08.11.15_veh-50_00437_00585,0.8887542947095572,0.010519575093952183
84b9bc99160c578f,2021.10.05.08.11.15_veh-50_00437_00585,0.930173560982285,2021.10.05.08.11.15_veh-50_00437_00585,0.9384109489776473,0.008237387995362333
87516e1eaafc5107,2021.10.05.08.11.15_veh-50_00437_00585,0.952561384716918,2021.10.05.08.11.15_veh-50_00437_00585,0.9685914457208695,0.016030061003951546
8c627a1fb8225bc0,2021.10.05.08.11.15_veh-50_00437_00585,0.9202471858427558,2021.10.05.08.11.15_veh-50_00437_00585,0.9340253907847286,0.013778204941972794
8f7463455b225dfb,2021.10.05.08.11.15_veh-50_00437_00585,0.895544667413439,2021.10.05.08.11.15_veh-50_00437_00585,0.9123194074333839,0.016774740019944945
92292554325a5fad,2021.10.05.08.11.15_veh-50_00437_00585,0.8833358259899703,2021.10.05.08.11.15_veh-50_00437_00585,0.8934570533208747,0.01012122733090437
9ce14bde80df5bab,2021.10.05.08.11.15_veh-50_00437_00585,0.75,2021.10.05.08.11.15_veh-50_00437_00585,0.75,0.0
a99dbc17a6f35fa0,2021.10.05.08.11.15_veh-50_00437_00585,0.9119667564410983,2021.10.05.08.11.15_veh-50_00437_00585,0.9197330855979641,0.007766329156865814
abc8c3e51f5857d5,2021.10.05.08.11.15_veh-50_00437_00585,0.9943648111849099,2021.10.05.08.11.15_veh-50_00437_00585,1.0,0.005635188815090064
abf1cce3aa57532a,2021.10.05.08.11.15_veh-50_00437_00585,0.9370129030471575,2021.10.05.08.11.15_veh-50_00437_00585,0.9471136892705826,0.01010078622342514
aeac6b9b55cb5709,2021.10.05.08.11.15_veh-50_00437_00585,0.9063789701733188,2021.10.05.08.11.15_veh-50_00437_00585,0.9149586533118106,0.008579683138491778
b08f0c9d23f054dc,2021.10.05.08.11.15_veh-50_00437_00585,0.8972827091578612,2021.10.05.08.11.15_veh-50_00437_00585,0.9076914998756057,0.010408790717744476
b49af1daed2a5108,2021.10.05.08.11.15_veh-50_00437_00585,0.8839249941120859,2021.10.05.08.11.15_veh-50_00437_00585,0.8909258591097231,0.007000864997637191
b5099ae80a345e3e,2021.10.05.08.11.15_veh-50_00437_00585,0.8816553048539352,2021.10.05.08.11.15_veh-50_00437_00585,0.8918210080773887,0.01016570322345356
b85595849a165d8f,2021.10.05.08.11.15_veh-50_00437_00585,0.9238686801370336,2021.10.05.08.11.15_veh-50_00437_00585,0.9336514849010129,0.009782804763979303
bf12b61919e85002,2021.10.05.08.11.15_veh-50_00437_00585,0.9937523089087579,2021.10.05.08.11.15_veh-50_00437_00585,1.0,0.006247691091242125
c782b0ff62235fda,2021.10.05.08.11.15_veh-50_00437_00585,0.7999088055782242,2021.10.05.08.11.15_veh-50_00437_00585,0.8069109343131488,0.007002128734924562
c7a4ef2685fe5928,2021.10.05.08.11.15_veh-50_00437_00585,0.86886735235853,2021.10.05.08.11.15_veh-50_00437_00585,0.8832290939201859,0.014361741561655927
c7e729ba460a565d,2021.10.05.08.11.15_veh-50_00437_00585,0.8308047067088259,2021.10.05.08.11.15_veh-50_00437_00585,0.8394118989153652,0.008607192206539271
cce0038c37ca56a3,2021.10.05.08.11.15_veh-50_00437_00585,0.8922266106343917,2021.10.05.08.11.15_veh-50_00437_00585,0.9076585655587112,0.01543195492431948
cdc78adcdfae53a0,2021.10.05.08.11.15_veh-50_00437_00585,1.0,2021.10.05.08.11.15_veh-50_00437_00585,1.0,0.0
d9e7a7614b095a0b,2021.10.05.08.11.15_veh-50_00437_00585,0.8194683726076716,2021.10.05.08.11.15_veh-50_00437_00585,0.8280312520413038,0.008562879433632209
e25b028f941158d3,2021.10.05.08.11.15_veh-50_00437_00585,0.8875831790050657,2021.10.05.08.11.15_veh-50_00437_00585,0.8983356914511447,0.010752512446078999
e26edc6457f85a2c,2021.10.05.08.11.15_veh-50_00437_00585,0.9013121952458609,2021.10.05.08.11.15_veh-50_00437_00585,0.908228499683426,0.0069163044375650795
e9f76526b6d05e5c,2021.10.05.08.11.15_veh-50_00437_00585,0.9415789925609619,2021.10.05.08.11.15_veh-50_00437_00585,0.952725027865338,0.011146035304376078
ec37ecf537d15383,2021.10.05.08.11.15_veh-50_00437_00585,0.9519589362012434,2021.10.05.08.11.15_veh-50_00437_00585,0.9662457895389605,0.014286853337717065
f52e85080d085ad3,2021.10.05.08.11.15_veh-50_00437_00585,0.9856119547845269,2021.10.05.08.11.15_veh-50_00437_00585,0.9966637667523487,0.01105181196782179
f5b35beed72e5aec,2021.10.05.08.11.15_veh-50_00437_00585,1.0,2021.10.05.08.11.15_veh-50_00437_00585,0.0,-1.0
fa570010ca00540d,2021.10.05.08.11.15_veh-50_00437_00585,0.9293935367148374,2021.10.05.08.11.15_veh-50_00437_00585,0.9407600451412965,0.011366508426459143
faa1719d97b65c1e,2021.10.05.08.11.15_veh-50_00437_00585,1.0,2021.10.05.08.11.15_veh-50_00437_00585,1.0,0.0
ff409a68b88e5ac0,2021.10.05.08.11.15_veh-50_00437_00585,0.8781284657766999,2021.10.05.08.11.15_veh-50_00437_00585,0.8878099684997378,0.009681502723037916
0192df9f896c5030,2021.07.09.20.26.06_veh-35_02793_03289,1.0,2021.07.09.20.26.06_veh-35_02793_03289,1.0,0.0
0266adddeefb584b,2021.07.09.20.26.06_veh-35_02793_03289,1.0,2021.07.09.20.26.06_veh-35_02793_03289,1.0,0.0
044e89f71c845e59,2021.07.09.20.26.06_veh-35_02793_03289,0.967384965186981,2021.07.09.20.26.06_veh-35_02793_03289,0.6661045001483741,-0.30128046503860695
091a90a5f2855a82,2021.07.09.20.26.06_veh-35_02793_03289,0.927508621184743,2021.07.09.20.26.06_veh-35_02793_03289,0.9369148275688968,0.009406206384153792
093784159a005ddd,2021.07.09.20.26.06_veh-35_02793_03289,0.875,2021.07.09.20.26.06_veh-35_02793_03289,1.0,0.125
0ba5cd65023a5d5c,2021.07.09.20.26.06_veh-35_02793_03289,1.0,2021.07.09.20.26.06_veh-35_02793_03289,0.6428571428571429,-0.3571428571428571
0d0891893f1d59b5,2021.07.09.20.26.06_veh-35_02793_03289,0.8745140770231102,2021.07.09.20.26.06_veh-35_02793_03289,0.8797054612744761,0.005191384251365894
0d4a4de2ed0551de,2021.07.09.20.26.06_veh-35_02793_03289,1.0,2021.07.09.20.26.06_veh-35_02793_03289,1.0,0.0
13d47325b0b950f1,2021.07.09.20.26.06_veh-35_02793_03289,0.9565065777984478,2021.07.09.20.26.06_veh-35_02793_03289,0.9719447338744547,0.015438156076006848
15080129531552fe,2021.07.09.20.26.06_veh-35_02793_03289,0.8932043895472817,2021.07.09.20.26.06_veh-35_02793_03289,0.9062132204737368,0.013008830926455106
18a2ed37c162552d,2021.07.09.20.26.06_veh-35_02793_03289,1.0,2021.07.09.20.26.06_veh-35_02793_03289,1.0,0.0
1c5284923bc85595,2021.07.09.20.26.06_veh-35_02793_03289,0.9689782960577291,2021.07.09.20.26.06_veh-35_02793_03289,0.9917936430769411,0.02281534701921195
1d158c219842558a,2021.07.09.20.26.06_veh-35_02793_03289,0.9557473894415249,2021.07.09.20.26.06_veh-35_02793_03289,0.9747722594125748,0.019024869971049907
220ebf89f21c58e4,2021.07.09.20.26.06_veh-35_02793_03289,1.0,2021.07.09.20.26.06_veh-35_02793_03289,1.0,0.0
23732000986756bd,2021.07.09.20.26.06_veh-35_02793_03289,0.9539659249923848,2021.07.09.20.26.06_veh-35_02793_03289,0.9654367012224583,0.011470776230073532
252dcf3264285f7e,2021.07.09.20.26.06_veh-35_02793_03289,1.0,2021.07.09.20.26.06_veh-35_02793_03289,1.0,0.0
26a3cea95f035c1d,2021.07.09.20.26.06_veh-35_02793_03289,0.8544083927886231,2021.07.09.20.26.06_veh-35_02793_03289,0.86075653220161,0.006348139412986842
28e2bc1f058454a6,2021.07.09.20.26.06_veh-35_02793_03289,0.9350783383083124,2021.07.09.20.26.06_veh-35_02793_03289,0.9515802664490851,0.01650192814077267
29ff4b56af185819,2021.07.09.20.26.06_veh-35_02793_03289,0.9535327943390516,2021.07.09.20.26.06_veh-35_02793_03289,0.973129192248655,0.019596397909603436
2eb20ba165855d43,2021.07.09.20.26.06_veh-35_02793_03289,1.0,2021.07.09.20.26.06_veh-35_02793_03289,1.0,0.0
2f2bc1e20be4545e,2021.07.09.20.26.06_veh-35_02793_03289,1.0,2021.07.09.20.26.06_veh-35_02793_03289,1.0,0.0
30c294d478ee5953,2021.07.09.20.26.06_veh-35_02793_03289,0.9376537564022933,2021.07.09.20.26.06_veh-35_02793_03289,0.9586923827571607,0.021038626354867418
30c5555824025240,2021.07.09.20.26.06_veh-35_02793_03289,0.9290188337453478,2021.07.09.20.26.06_veh-35_02793_03289,0.9529368160163152,0.02391798227096742
31232634fe425baa,2021.07.09.20.26.06_veh-35_02793_03289,0.9364923997827858,2021.07.09.20.26.06_veh-35_02793_03289,0.9455781368803409,0.009085737097555113
31c01938dab253e7,2021.07.09.20.26.06_veh-35_02793_03289,1.0,2021.07.09.20.26.06_veh-35_02793_03289,1.0,0.0
31faa0734016556d,2021.07.09.20.26.06_veh-35_02793_03289,0.9460184725062094,2021.07.09.20.26.06_veh-35_02793_03289,0.9560788768524147,0.010060404346205254
320bd6309da05bf7,2021.07.09.20.26.06_veh-35_02793_03289,1.0,2021.07.09.20.26.06_veh-35_02793_03289,1.0,0.0
32aea60d7c7d56bf,2021.07.09.20.26.06_veh-35_02793_03289,1.0,2021.07.09.20.26.06_veh-35_02793_03289,1.0,0.0
3d6d3d1bfafd5c87,2021.07.09.20.26.06_veh-35_02793_03289,1.0,2021.07.09.20.26.06_veh-35_02793_03289,1.0,0.0
3e80032635bb59d8,2021.07.09.20.26.06_veh-35_02793_03289,1.0,2021.07.09.20.26.06_veh-35_02793_03289,1.0,0.0
3f1b608fff335993,2021.07.09.20.26.06_veh-35_02793_03289,1.0,2021.07.09.20.26.06_veh-35_02793_03289,1.0,0.0
411aeffde8b7585c,2021.07.09.20.26.06_veh-35_02793_03289,0.863969635506373,2021.07.09.20.26.06_veh-35_02793_03289,0.8787137358634028,0.014744100357029888
4153f9fad2735b7d,2021.07.09.20.26.06_veh-35_02793_03289,0.8921835061626855,2021.07.09.20.26.06_veh-35_02793_03289,0.9091942624684689,0.017010756305783414
43ab1fa546f15565,2021.07.09.20.26.06_veh-35_02793_03289,0.9397664770550945,2021.07.09.20.26.06_veh-35_02793_03289,0.9508084991251229,0.011042022070028357
450f27a1f39652ec,2021.07.09.20.26.06_veh-35_02793_03289,0.9461192184835642,2021.07.09.20.26.06_veh-35_02793_03289,0.9834753017470713,0.037356083263507145
48ed922936d85f0d,2021.07.09.20.26.06_veh-35_02793_03289,0.9151520728253312,2021.07.09.20.26.06_veh-35_02793_03289,0.9258267803429368,0.010674707517605575
492174f0a0be5e87,2021.07.09.20.26.06_veh-35_02793_03289,0.9608196153533424,2021.07.09.20.26.06_veh-35_02793_03289,0.9945421512220556,0.03372253586871321
4b012a201ee458a0,2021.07.09.20.26.06_veh-35_02793_03289,0.9200374214289392,2021.07.09.20.26.06_veh-35_02793_03289,0.9304292970123481,0.010391875583408927
4f3e703c35e05679,2021.07.09.20.26.06_veh-35_02793_03289,1.0,2021.07.09.20.26.06_veh-35_02793_03289,1.0,0.0
50d1a9ffaa2c54a4,2021.07.09.20.26.06_veh-35_02793_03289,1.0,2021.07.09.20.26.06_veh-35_02793_03289,1.0,0.0
50de3d17be6c5ced,2021.07.09.20.26.06_veh-35_02793_03289,1.0,2021.07.09.20.26.06_veh-35_02793_03289,1.0,0.0
52d9b7c0daa5529a,2021.07.09.20.26.06_veh-35_02793_03289,1.0,2021.07.09.20.26.06_veh-35_02793_03289,1.0,0.0
54d3068f889b58ee,2021.07.09.20.26.06_veh-35_02793_03289,0.911098099308034,2021.07.09.20.26.06_veh-35_02793_03289,0.9236837348708069,0.012585635562772923
55934aa7214d511e,2021.07.09.20.26.06_veh-35_02793_03289,0.9293089461139644,2021.07.09.20.26.06_veh-35_02793_03289,0.9394096830777487,0.01010073696378433
56197cc9035d51a9,2021.07.09.20.26.06_veh-35_02793_03289,0.9690569095550869,2021.07.09.20.26.06_veh-35_02793_03289,0.9789865564135856,0.00992964685849862
56910770f2c1527a,2021.07.09.20.26.06_veh-35_02793_03289,1.0,2021.07.09.20.26.06_veh-35_02793_03289,1.0,0.0
56c1c01423045c64,2021.07.09.20.26.06_veh-35_02793_03289,1.0,2021.07.09.20.26.06_veh-35_02793_03289,1.0,0.0
5b33f44a53c35e48,2021.07.09.20.26.06_veh-35_02793_03289,1.0,2021.07.09.20.26.06_veh-35_02793_03289,1.0,0.0
5b7e8c4975ba58ec,2021.07.09.20.26.06_veh-35_02793_03289,1.0,2021.07.09.20.26.06_veh-35_02793_03289,1.0,0.0
600b68fede18549b,2021.07.09.20.26.06_veh-35_02793_03289,0.9912325427892766,2021.07.09.20.26.06_veh-35_02793_03289,1.0,0.008767457210723362
619751e2f7d45698,2021.07.09.20.26.06_veh-35_02793_03289,1.0,2021.07.09.20.26.06_veh-35_02793_03289,1.0,0.0
61a1cff677ad53ae,2021.07.09.20.26.06_veh-35_02793_03289,1.0,2021.07.09.20.26.06_veh-35_02793_03289,1.0,0.0
6440483e348d5f99,2021.07.09.20.26.06_veh-35_02793_03289,1.0,2021.07.09.20.26.06_veh-35_02793_03289,1.0,0.0
64832cd542ba5fbc,2021.07.09.20.26.06_veh-35_02793_03289,0.8276844606830278,2021.07.09.20.26.06_veh-35_02793_03289,0.8360597853738456,0.00837532469081781
65eb702f91da53f9,2021.07.09.20.26.06_veh-35_02793_03289,1.0,2021.07.09.20.26.06_veh-35_02793_03289,1.0,0.0
66d11076d8de59c1,2021.07.09.20.26.06_veh-35_02793_03289,0.950060108660298,2021.07.09.20.26.06_veh-35_02793_03289,0.9683527330550588,0.01829262439476076
6860494f3bf55348,2021.07.09.20.26.06_veh-35_02793_03289,0.9423549040208229,2021.07.09.20.26.06_veh-35_02793_03289,0.9511857731519378,0.00883086913111486
68aeef84783d53ea,2021.07.09.20.26.06_veh-35_02793_03289,1.0,2021.07.09.20.26.06_veh-35_02793_03289,1.0,0.0
69912c13560f5d32,2021.07.09.20.26.06_veh-35_02793_03289,1.0,2021.07.09.20.26.06_veh-35_02793_03289,1.0,0.0
6a2198d9282c54ea,2021.07.09.20.26.06_veh-35_02793_03289,0.9492782137225153,2021.07.09.20.26.06_veh-35_02793_03289,0.9722019574445853,0.022923743722069956
6b309e6010535fcc,2021.07.09.20.26.06_veh-35_02793_03289,1.0,2021.07.09.20.26.06_veh-35_02793_03289,1.0,0.0
6d00b13ae44d54a2,2021.07.09.20.26.06_veh-35_02793_03289,1.0,2021.07.09.20.26.06_veh-35_02793_03289,1.0,0.0
6d9f1b3847705ce1,2021.07.09.20.26.06_veh-35_02793_03289,0.9405807962839898,2021.07.09.20.26.06_veh-35_02793_03289,0.9499519743773366,0.009371178093346755
6da35526f29f550a,2021.07.09.20.26.06_veh-35_02793_03289,1.0,2021.07.09.20.26.06_veh-35_02793_03289,1.0,0.0
6e2af7ec92495e06,2021.07.09.20.26.06_veh-35_02793_03289,0.9485963670838307,2021.07.09.20.26.06_veh-35_02793_03289,0.9587717737952307,0.010175406711400048
71e9fdd5d6315495,2021.07.09.20.26.06_veh-35_02793_03289,1.0,2021.07.09.20.26.06_veh-35_02793_03289,1.0,0.0
729f4b4121e35124,2021.07.09.20.26.06_veh-35_02793_03289,0.935560496577585,2021.07.09.20.26.06_veh-35_02793_03289,0.9459265060366475,0.01036600945906252
7470512d36f45c26,2021.07.09.20.26.06_veh-35_02793_03289,0.9479854036802673,2021.07.09.20.26.06_veh-35_02793_03289,0.9764561290318655,0.028470725351598225
74f9e35f089d523a,2021.07.09.20.26.06_veh-35_02793_03289,1.0,2021.07.09.20.26.06_veh-35_02793_03289,1.0,0.0
75981c1acbe65a34,2021.07.09.20.26.06_veh-35_02793_03289,0.9334112557324034,2021.07.09.20.26.06_veh-35_02793_03289,0.943596878502676,0.010185622770272684
774923d838b959cd,2021.07.09.20.26.06_veh-35_02793_03289,0.9460218991839037,2021.07.09.20.26.06_veh-35_02793_03289,0.9553555863945102,0.009333687210606567
796da6bb8d1d553f,2021.07.09.20.26.06_veh-35_02793_03289,1.0,2021.07.09.20.26.06_veh-35_02793_03289,1.0,0.0
7ba1003726915e44,2021.07.09.20.26.06_veh-35_02793_03289,0.9452969141611359,2021.07.09.20.26.06_veh-35_02793_03289,0.9554612436884904,0.010164329527354465
7fd6309dcdaf525e,2021.07.09.20.26.06_veh-35_02793_03289,1.0,2021.07.09.20.26.06_veh-35_02793_03289,1.0,0.0
8393b89f1fbd56fc,2021.07.09.20.26.06_veh-35_02793_03289,0.9471067781321298,2021.07.09.20.26.06_veh-35_02793_03289,0.9581752118790843,0.011068433746954431
888476b1a13b51db,2021.07.09.20.26.06_veh-35_02793_03289,0.9383003887647225,2021.07.09.20.26.06_veh-35_02793_03289,0.946939651139975,0.008639262375252477
8902a3e760a7504d,2021.07.09.20.26.06_veh-35_02793_03289,0.9507830313089985,2021.07.09.20.26.06_veh-35_02793_03289,0.9716584173080863,0.02087538599908778
8ca04ffe31395059,2021.07.09.20.26.06_veh-35_02793_03289,0.9684156967198405,2021.07.09.20.26.06_veh-35_02793_03289,0.9788241558109845,0.010408459091143962
8e19623e78d15d60,2021.07.09.20.26.06_veh-35_02793_03289,0.8362390308383558,2021.07.09.20.26.06_veh-35_02793_03289,0.8498467312342965,0.013607700395940725
94e4f5f0f22655d2,2021.07.09.20.26.06_veh-35_02793_03289,0.9423408842812859,2021.07.09.20.26.06_veh-35_02793_03289,0.9519968214215667,0.00965593714028079
95ccbbe1810c5e38,2021.07.09.20.26.06_veh-35_02793_03289,0.9194274606428434,2021.07.09.20.26.06_veh-35_02793_03289,0.946560748012205,0.027133287369361603
966cdeadbc375041,2021.07.09.20.26.06_veh-35_02793_03289,0.9495122126352682,2021.07.09.20.26.06_veh-35_02793_03289,0.9649130034194011,0.015400790784132923
9ad2cc6c97365873,2021.07.09.20.26.06_veh-35_02793_03289,0.9183039304744105,2021.07.09.20.26.06_veh-35_02793_03289,0.9305651836551031,0.0122612531806926
9b4247d0fd87569c,2021.07.09.20.26.06_veh-35_02793_03289,0.9209888531098105,2021.07.09.20.26.06_veh-35_02793_03289,0.942997840713657,0.022008987603846508
9f7def7fc5e4570e,2021.07.09.20.26.06_veh-35_02793_03289,0.8981205785300891,2021.07.09.20.26.06_veh-35_02793_03289,0.910753898082855,0.01263331955276592
a01fa5eb5be95c2a,2021.07.09.20.26.06_veh-35_02793_03289,0.925321126895645,2021.07.09.20.26.06_veh-35_02793_03289,0.9370790664367371,0.011757939541092055
a3421711e5dc50e5,2021.07.09.20.26.06_veh-35_02793_03289,0.75,2021.07.09.20.26.06_veh-35_02793_03289,0.75,0.0
a7052e45ec88505e,2021.07.09.20.26.06_veh-35_02793_03289,0.9453794187758251,2021.07.09.20.26.06_veh-35_02793_03289,0.9544272954290003,0.00904787665317519
a8f42d585ae55630,2021.07.09.20.26.06_veh-35_02793_03289,0.9619187252047758,2021.07.09.20.26.06_veh-35_02793_03289,0.9728308393389451,0.01091211413416926
aa22e0c0be2b588c,2021.07.09.20.26.06_veh-35_02793_03289,1.0,2021.07.09.20.26.06_veh-35_02793_03289,1.0,0.0
aa9798a62fd05f92,2021.07.09.20.26.06_veh-35_02793_03289,0.9534733019980062,2021.07.09.20.26.06_veh-35_02793_03289,0.9621548073340092,0.008681505336002981
abc8238662a8569e,2021.07.09.20.26.06_veh-35_02793_03289,0.9506630465555871,2021.07.09.20.26.06_veh-35_02793_03289,0.9619378927207798,0.011274846165192698
ad8f2bc5ddb055c9,2021.07.09.20.26.06_veh-35_02793_03289,0.9146434163340471,2021.07.09.20.26.06_veh-35_02793_03289,0.9318899160568195,0.017246499722772368
add1ea7b7e845845,2021.07.09.20.26.06_veh-35_02793_03289,1.0,2021.07.09.20.26.06_veh-35_02793_03289,1.0,0.0
adf1f42c50905604,2021.07.09.20.26.06_veh-35_02793_03289,1.0,2021.07.09.20.26.06_veh-35_02793_03289,1.0,0.0
ae0c0121c32e5e5c,2021.07.09.20.26.06_veh-35_02793_03289,0.8617128519401293,2021.07.09.20.26.06_veh-35_02793_03289,0.8765037494714416,0.014790897531312353
af1647f044bf5353,2021.07.09.20.26.06_veh-35_02793_03289,1.0,2021.07.09.20.26.06_veh-35_02793_03289,1.0,0.0
b017af1b89af5241,2021.07.09.20.26.06_veh-35_02793_03289,1.0,2021.07.09.20.26.06_veh-35_02793_03289,0.875,-0.125
b0fbd8c8185b5ba8,2021.07.09.20.26.06_veh-35_02793_03289,1.0,2021.07.09.20.26.06_veh-35_02793_03289,1.0,0.0
b31cfbd91b505320,2021.07.09.20.26.06_veh-35_02793_03289,0.8418512181456599,2021.07.09.20.26.06_veh-35_02793_03289,0.9769689888045417,0.13511777065888186
b3811cb7cd8b5bee,2021.07.09.20.26.06_veh-35_02793_03289,1.0,2021.07.09.20.26.06_veh-35_02793_03289,1.0,0.0
b462555081035453,2021.07.09.20.26.06_veh-35_02793_03289,0.9662573632552143,2021.07.09.20.26.06_veh-35_02793_03289,0.9763007671698092,0.010043403914594906
b518972e5c74575f,2021.07.09.20.26.06_veh-35_02793_03289,0.8232510565915867,2021.07.09.20.26.06_veh-35_02793_03289,0.9587021835068144,0.13545112691522765
b5bc586e807859b9,2021.07.09.20.26.06_veh-35_02793_03289,0.9693326753678172,2021.07.09.20.26.06_veh-35_02793_03289,0.976971421421134,0.007638746053316825
b5e45ceeb763563d,2021.07.09.20.26.06_veh-35_02793_03289,1.0,2021.07.09.20.26.06_veh-35_02793_03289,1.0,0.0
b7c1be361c1d5615,2021.07.09.20.26.06_veh-35_02793_03289,0.9283992099690992,2021.07.09.20.26.06_veh-35_02793_03289,0.9462133174694178,0.017814107500318643
b97938c4b1ac52af,2021.07.09.20.26.06_veh-35_02793_03289,0.9683691300718804,2021.07.09.20.26.06_veh-35_02793_03289,0.9860336374491032,0.017664507377222805
b98a4b4bc2ee5b6a,2021.07.09.20.26.06_veh-35_02793_03289,0.9411523793586217,2021.07.09.20.26.06_veh-35_02793_03289,0.9664931122174287,0.025340732858807002
bb9c2a9a955450bc,2021.07.09.20.26.06_veh-35_02793_03289,1.0,2021.07.09.20.26.06_veh-35_02793_03289,1.0,0.0
bc445c24b7545106,2021.07.09.20.26.06_veh-35_02793_03289,0.975621883590275,2021.07.09.20.26.06_veh-35_02793_03289,0.9841985930124774,0.008576709422202344
bd8da61ec9b053a6,2021.07.09.20.26.06_veh-35_02793_03289,1.0,2021.07.09.20.26.06_veh-35_02793_03289,1.0,0.0
be0a4fadbbf8555a,2021.07.09.20.26.06_veh-35_02793_03289,0.9511708531903775,2021.07.09.20.26.06_veh-35_02793_03289,0.9605607714794977,0.00938991828912017
c0d603acd14d5441,2021.07.09.20.26.06_veh-35_02793_03289,0.940051847936255,2021.07.09.20.26.06_veh-35_02793_03289,0.9578517039336834,0.017799855997428393
c11f2df51dd65f35,2021.07.09.20.26.06_veh-35_02793_03289,0.9626179062069339,2021.07.09.20.26.06_veh-35_02793_03289,0.9741395572886205,0.011521651081686568
c14c33af349e53d0,2021.07.09.20.26.06_veh-35_02793_03289,0.9699634649494647,2021.07.09.20.26.06_veh-35_02793_03289,0.9814417700560338,0.011478305106569109
c4fc1ccdc82752ef,2021.07.09.20.26.06_veh-35_02793_03289,0.9335891619061519,2021.07.09.20.26.06_veh-35_02793_03289,0.9536199019351148,0.02003074002896288
c5f68fedccf05348,2021.07.09.20.26.06_veh-35_02793_03289,1.0,2021.07.09.20.26.06_veh-35_02793_03289,1.0,0.0
c6cd57d4069b55bb,2021.07.09.20.26.06_veh-35_02793_03289,0.9685791572317354,2021.07.09.20.26.06_veh-35_02793_03289,0.9790346963314706,0.010455539099735178
c73b0140d9f153a8,2021.07.09.20.26.06_veh-35_02793_03289,0.9651149856582227,2021.07.09.20.26.06_veh-35_02793_03289,0.976499641686793,0.011384656028570306
c8359786d5db538c,2021.07.09.20.26.06_veh-35_02793_03289,1.0,2021.07.09.20.26.06_veh-35_02793_03289,1.0,0.0
ca0eb08315185167,2021.07.09.20.26.06_veh-35_02793_03289,1.0,2021.07.09.20.26.06_veh-35_02793_03289,1.0,0.0
cb0ae811d2c95ead,2021.07.09.20.26.06_veh-35_02793_03289,1.0,2021.07.09.20.26.06_veh-35_02793_03289,1.0,0.0
cc9156b10b5855ff,2021.07.09.20.26.06_veh-35_02793_03289,0.9083462776975517,2021.07.09.20.26.06_veh-35_02793_03289,0.9261908918179536,0.017844614120401836
cc94486698ff58d1,2021.07.09.20.26.06_veh-35_02793_03289,0.929922957365157,2021.07.09.20.26.06_veh-35_02793_03289,0.9422042297237367,0.012281272358579787
ccd64ddebcda50f6,2021.07.09.20.26.06_veh-35_02793_03289,0.9238567433638605,2021.07.09.20.26.06_veh-35_02793_03289,0.9452891092569893,0.021432365893128802
cce0aae6d8a853d2,2021.07.09.20.26.06_veh-35_02793_03289,0.970690808063136,2021.07.09.20.26.06_veh-35_02793_03289,0.9819443312102785,0.011253523147142452
d1b49eebe00059c4,2021.07.09.20.26.06_veh-35_02793_03289,1.0,2021.07.09.20.26.06_veh-35_02793_03289,1.0,0.0
d4a4be0043ee53d8,2021.07.09.20.26.06_veh-35_02793_03289,0.9617491311298835,2021.07.09.20.26.06_veh-35_02793_03289,0.9844063909172039,0.022657259787320472
d4aca7a7d5ba5ff7,2021.07.09.20.26.06_veh-35_02793_03289,0.9708581908552466,2021.07.09.20.26.06_veh-35_02793_03289,0.9817343830835263,0.010876192228279735
d662eafbf56753f4,2021.07.09.20.26.06_veh-35_02793_03289,0.9608948127243755,2021.07.09.20.26.06_veh-35_02793_03289,0.9726206499299925,0.01172583720561704
d7e370e3315453ae,2021.07.09.20.26.06_veh-35_02793_03289,0.850226437566207,2021.07.09.20.26.06_veh-35_02793_03289,0.865139216956227,0.014912779390020003
d7e69541e68a5b3b,2021.07.09.20.26.06_veh-35_02793_03289,0.9649338396775946,2021.07.09.20.26.06_veh-35_02793_03289,0.9752716175948083,0.010337777917213686
d8118f444d4d574e,2021.07.09.20.26.06_veh-35_02793_03289,0.75,2021.07.09.20.26.06_veh-35_02793_03289,0.75,0.0
d9132b3c692558c8,2021.07.09.20.26.06_veh-35_02793_03289,1.0,2021.07.09.20.26.06_veh-35_02793_03289,1.0,0.0
daa2dd83846355d1,2021.07.09.20.26.06_veh-35_02793_03289,0.9534738540287062,2021.07.09.20.26.06_veh-35_02793_03289,0.9758748876174274,0.022401033588721142
e06108e069b55486,2021.07.09.20.26.06_veh-35_02793_03289,0.9462354947066656,2021.07.09.20.26.06_veh-35_02793_03289,0.8289955776522702,-0.1172399170543954
e0990db225ab5e2b,2021.07.09.20.26.06_veh-35_02793_03289,0.9528050263179015,2021.07.09.20.26.06_veh-35_02793_03289,0.9687400700153082,0.015935043697406615
e1320bebb7f25f65,2021.07.09.20.26.06_veh-35_02793_03289,0.9592064465026857,2021.07.09.20.26.06_veh-35_02793_03289,0.9787795484332213,0.01957310193053563
e27c4e988e10569a,2021.07.09.20.26.06_veh-35_02793_03289,0.8831262315304119,2021.07.09.20.26.06_veh-35_02793_03289,0.8884572630137885,0.005331031483376547
e34cae2fefab55b8,2021.07.09.20.26.06_veh-35_02793_03289,0.9448742104371574,2021.07.09.20.26.06_veh-35_02793_03289,0.9688139494820064,0.02393973904484903
e4bf21cd63585bf7,2021.07.09.20.26.06_veh-35_02793_03289,0.9450875780462633,2021.07.09.20.26.06_veh-35_02793_03289,0.9551934042698704,0.010105826223607117
e507573c08815f9e,2021.07.09.20.26.06_veh-35_02793_03289,0.916442790572796,2021.07.09.20.26.06_veh-35_02793_03289,0.9365503934046903,0.020107602831894278
e90d6cecf29d53cc,2021.07.09.20.26.06_veh-35_02793_03289,0.0,2021.07.09.20.26.06_veh-35_02793_03289,0.75,0.75
ec0f3cc6c0fd590e,2021.07.09.20.26.06_veh-35_02793_03289,1.0,2021.07.09.20.26.06_veh-35_02793_03289,1.0,0.0
edd18606d29e5285,2021.07.09.20.26.06_veh-35_02793_03289,1.0,2021.07.09.20.26.06_veh-35_02793_03289,1.0,0.0
eebdbcf854975ae9,2021.07.09.20.26.06_veh-35_02793_03289,1.0,2021.07.09.20.26.06_veh-35_02793_03289,1.0,0.0
efe50170f67a57dc,2021.07.09.20.26.06_veh-35_02793_03289,1.0,2021.07.09.20.26.06_veh-35_02793_03289,1.0,0.0
f177501cd1555b76,2021.07.09.20.26.06_veh-35_02793_03289,1.0,2021.07.09.20.26.06_veh-35_02793_03289,1.0,0.0
f42717531e645bd0,2021.07.09.20.26.06_veh-35_02793_03289,0.88890582860644,2021.07.09.20.26.06_veh-35_02793_03289,0.9113313485324874,0.022425519926047466
f6522a382ccb5589,2021.07.09.20.26.06_veh-35_02793_03289,1.0,2021.07.09.20.26.06_veh-35_02793_03289,1.0,0.0
f79dbdc306a15120,2021.07.09.20.26.06_veh-35_02793_03289,1.0,2021.07.09.20.26.06_veh-35_02793_03289,1.0,0.0
f95fc48b693b53c2,2021.07.09.20.26.06_veh-35_02793_03289,0.9070695168219394,2021.07.09.20.26.06_veh-35_02793_03289,0.9295413696516595,0.022471852829720085
fa6d09b953e85996,2021.07.09.20.26.06_veh-35_02793_03289,0.9435858920603201,2021.07.09.20.26.06_veh-35_02793_03289,0.9623112633045707,0.018725371244250666
faf084d60e455e01,2021.07.09.20.26.06_veh-35_02793_03289,0.0,2021.07.09.20.26.06_veh-35_02793_03289,1.0,1.0
fb62245532a251c2,2021.07.09.20.26.06_veh-35_02793_03289,0.9380944900176387,2021.07.09.20.26.06_veh-35_02793_03289,0.9631580384206041,0.02506354840296543
fba22c6ccd535dd0,2021.07.09.20.26.06_veh-35_02793_03289,1.0,2021.07.09.20.26.06_veh-35_02793_03289,1.0,0.0
fbd62cf89a7d5308,2021.07.09.20.26.06_veh-35_02793_03289,0.7811097826780626,2021.07.09.20.26.06_veh-35_02793_03289,0.9229890453437105,0.14187926266564788
fd266017475c571a,2021.07.09.20.26.06_veh-35_02793_03289,0.9538797206960596,2021.07.09.20.26.06_veh-35_02793_03289,0.9619828731582513,0.00810315246219162
fd88394324a05329,2021.07.09.20.26.06_veh-35_02793_03289,1.0,2021.07.09.20.26.06_veh-35_02793_03289,1.0,0.0
fe07ab55cffb5cb9,2021.07.09.20.26.06_veh-35_02793_03289,0.9365849467716892,2021.07.09.20.26.06_veh-35_02793_03289,0.9507299656804509,0.01414501890876163
fe61c9b75ca85f61,2021.07.09.20.26.06_veh-35_02793_03289,0.9914848258697782,2021.07.09.20.26.06_veh-35_02793_03289,1.0,0.008515174130221848
0191e3cbe7735d02,2021.10.11.02.57.41_veh-50_01028_01289,0.9150689500495859,2021.10.11.02.57.41_veh-50_01028_01289,0.9259118793388124,0.010842929289226477
04a2fff5521b5215,2021.10.11.02.57.41_veh-50_01028_01289,0.9009660957597414,2021.10.11.02.57.41_veh-50_01028_01289,0.9066178148938381,0.005651719134096678
0502eec8c9615c19,2021.10.11.02.57.41_veh-50_01028_01289,1.0,2021.10.11.02.57.41_veh-50_01028_01289,1.0,0.0
076e73b542175041,2021.10.11.02.57.41_veh-50_01028_01289,0.8858545334099788,2021.10.11.02.57.41_veh-50_01028_01289,0.8964494868149959,0.010594953405017149
0f2f7590e2c153c1,2021.10.11.02.57.41_veh-50_01028_01289,1.0,2021.10.11.02.57.41_veh-50_01028_01289,0.6875,-0.3125
134c53ed5241548e,2021.10.11.02.57.41_veh-50_01028_01289,0.9074994143255412,2021.10.11.02.57.41_veh-50_01028_01289,0.9172323677296634,0.00973295340412228
16259719899f5b57,2021.10.11.02.57.41_veh-50_01028_01289,1.0,2021.10.11.02.57.41_veh-50_01028_01289,1.0,0.0
16e38f619b4358cb,2021.10.11.02.57.41_veh-50_01028_01289,1.0,2021.10.11.02.57.41_veh-50_01028_01289,1.0,0.0
1e7ba1144b7e587f,2021.10.11.02.57.41_veh-50_01028_01289,0.8923258718301215,2021.10.11.02.57.41_veh-50_01028_01289,0.9018919319083112,0.00956606007818972
2040cae1f2005ace,2021.10.11.02.57.41_veh-50_01028_01289,0.9040467922685815,2021.10.11.02.57.41_veh-50_01028_01289,0.9142141831619074,0.010167390893325856
2b1b98be0fd55a97,2021.10.11.02.57.41_veh-50_01028_01289,0.7854772598562372,2021.10.11.02.57.41_veh-50_01028_01289,0.918559909491981,0.1330826496357438
2df6dad2e3c4525a,2021.10.11.02.57.41_veh-50_01028_01289,0.9053373688052491,2021.10.11.02.57.41_veh-50_01028_01289,0.9156430681740474,0.010305699368798327
3338316c86985d7e,2021.10.11.02.57.41_veh-50_01028_01289,0.9071527701858226,2021.10.11.02.57.41_veh-50_01028_01289,0.922914702512712,0.015761932326889383
3540468e063052d2,2021.10.11.02.57.41_veh-50_01028_01289,0.8965413564771652,2021.10.11.02.57.41_veh-50_01028_01289,0.9029993282804678,0.006457971803302653
37c824c3fc615763,2021.10.11.02.57.41_veh-50_01028_01289,0.9584807925774326,2021.10.11.02.57.41_veh-50_01028_01289,0.9758693816006496,0.01738858902321705
3a5d0b9a8778529e,2021.10.11.02.57.41_veh-50_01028_01289,1.0,2021.10.11.02.57.41_veh-50_01028_01289,1.0,0.0
3bcde9ce94de5b6a,2021.10.11.02.57.41_veh-50_01028_01289,0.9015276986933958,2021.10.11.02.57.41_veh-50_01028_01289,0.9112552659957794,0.009727567302383666
3dd3b152b6a95c84,2021.10.11.02.57.41_veh-50_01028_01289,0.8112711141968977,2021.10.11.02.57.41_veh-50_01028_01289,0.8243434571589433,0.013072342962045624
3df6bd69748e51ec,2021.10.11.02.57.41_veh-50_01028_01289,0.8370817250063917,2021.10.11.02.57.41_veh-50_01028_01289,0.8419784843126372,0.004896759306245557
411704ad095950e8,2021.10.11.02.57.41_veh-50_01028_01289,0.891128627301794,2021.10.11.02.57.41_veh-50_01028_01289,0.8980022332886513,0.006873605986857267
459f16faaa0e51bf,2021.10.11.02.57.41_veh-50_01028_01289,0.8951016027744096,2021.10.11.02.57.41_veh-50_01028_01289,0.9049964430369483,0.009894840262538618
4d540daaddb15826,2021.10.11.02.57.41_veh-50_01028_01289,0.9377147200303105,2021.10.11.02.57.41_veh-50_01028_01289,0.9569367423917393,0.01922202236142878
4f02764ce23c5c1d,2021.10.11.02.57.41_veh-50_01028_01289,0.875,2021.10.11.02.57.41_veh-50_01028_01289,0.875,0.0
4fe2c5e04d795883,2021.10.11.02.57.41_veh-50_01028_01289,0.9072115190840002,2021.10.11.02.57.41_veh-50_01028_01289,0.9175258115827133,0.010314292498713074
4ff0a2b15a835463,2021.10.11.02.57.41_veh-50_01028_01289,0.8829520901748724,2021.10.11.02.57.41_veh-50_01028_01289,0.8873165096849134,0.004364419510040962
539393ec03d3569f,2021.10.11.02.57.41_veh-50_01028_01289,0.905652713079464,2021.10.11.02.57.41_veh-50_01028_01289,0.9105683550528113,0.004915641973347262
53fbf0500ccf5c81,2021.10.11.02.57.41_veh-50_01028_01289,1.0,2021.10.11.02.57.41_veh-50_01028_01289,1.0,0.0
55d8e5c3dd4657d5,2021.10.11.02.57.41_veh-50_01028_01289,0.9111453249254302,2021.10.11.02.57.41_veh-50_01028_01289,0.9216212020073397,0.010475877081909446
5689b5417b1b59fa,2021.10.11.02.57.41_veh-50_01028_01289,0.9093426588167043,2021.10.11.02.57.41_veh-50_01028_01289,0.9207611115166039,0.011418452699899606
5bfc2ed8a9e55b31,2021.10.11.02.57.41_veh-50_01028_01289,0.8754006644183971,2021.10.11.02.57.41_veh-50_01028_01289,0.8818503504884798,0.006449686070082672
5d626b0485e65f74,2021.10.11.02.57.41_veh-50_01028_01289,0.8635523155859501,2021.10.11.02.57.41_veh-50_01028_01289,0.870735528696303,0.00718321311035286
5f1d8aea61145907,2021.10.11.02.57.41_veh-50_01028_01289,0.8911897342812709,2021.10.11.02.57.41_veh-50_01028_01289,0.9026274831375591,0.011437748856288232
5f7dadb16c9858e6,2021.10.11.02.57.41_veh-50_01028_01289,0.9035315888256044,2021.10.11.02.57.41_veh-50_01028_01289,0.9134977231264177,0.00996613430081339
619b51912d2b518f,2021.10.11.02.57.41_veh-50_01028_01289,0.9094206232581604,2021.10.11.02.57.41_veh-50_01028_01289,0.919108685251272,0.009688061993111563
6312e02de8755c63,2021.10.11.02.57.41_veh-50_01028_01289,0.9481567997812066,2021.10.11.02.57.41_veh-50_01028_01289,0.9670500961515962,0.018893296370389612
63f9372237ab5b50,2021.10.11.02.57.41_veh-50_01028_01289,1.0,2021.10.11.02.57.41_veh-50_01028_01289,1.0,0.0
67b3098372645d8b,2021.10.11.02.57.41_veh-50_01028_01289,0.8798359433934942,2021.10.11.02.57.41_veh-50_01028_01289,0.88463252039366,0.00479657700016578
7616cee0eba15c75,2021.10.11.02.57.41_veh-50_01028_01289,0.7823455399101875,2021.10.11.02.57.41_veh-50_01028_01289,0.7892666212263423,0.006921081316154765
76f38770875550d4,2021.10.11.02.57.41_veh-50_01028_01289,0.8884718290566873,2021.10.11.02.57.41_veh-50_01028_01289,0.7710589440997306,-0.11741288495695668
774f3eae89d35589,2021.10.11.02.57.41_veh-50_01028_01289,0.8843223402106126,2021.10.11.02.57.41_veh-50_01028_01289,0.8916110994595777,0.007288759248965104
792875d97ce5574d,2021.10.11.02.57.41_veh-50_01028_01289,0.7480957436965956,2021.10.11.02.57.41_veh-50_01028_01289,0.7561638977916565,0.008068154095060898
7c31c611152b5a9c,2021.10.11.02.57.41_veh-50_01028_01289,0.8821651085314831,2021.10.11.02.57.41_veh-50_01028_01289,0.8886365469855362,0.006471438454053069
7eb6beaba2e45001,2021.10.11.02.57.41_veh-50_01028_01289,0.9183798443680073,2021.10.11.02.57.41_veh-50_01028_01289,0.9279846431471847,0.009604798779177304
872ae71c24805cd8,2021.10.11.02.57.41_veh-50_01028_01289,0.9030073580206723,2021.10.11.02.57.41_veh-50_01028_01289,0.9082689452639566,0.005261587243284294
8a2496c5d7d15cc1,2021.10.11.02.57.41_veh-50_01028_01289,0.7767737411843152,2021.10.11.02.57.41_veh-50_01028_01289,0.7830508815397245,0.006277140355409272
8ac887d1ccb95be5,2021.10.11.02.57.41_veh-50_01028_01289,0.8933202195762147,2021.10.11.02.57.41_veh-50_01028_01289,0.9053334953854824,0.012013275809267698
92a19adc03e55fc5,2021.10.11.02.57.41_veh-50_01028_01289,0.8855783783575707,2021.10.11.02.57.41_veh-50_01028_01289,0.8945775931074379,0.008999214749867201
955e0d97f2f35bc4,2021.10.11.02.57.41_veh-50_01028_01289,0.8932920179679283,2021.10.11.02.57.41_veh-50_01028_01289,0.9050098210399149,0.011717803071986554
98f62d9131da5913,2021.10.11.02.57.41_veh-50_01028_01289,0.8279470925537569,2021.10.11.02.57.41_veh-50_01028_01289,0.8410118864936743,0.01306479393991744
997140e8419051b4,2021.10.11.02.57.41_veh-50_01028_01289,0.8969393293731908,2021.10.11.02.57.41_veh-50_01028_01289,0.9101857949199743,0.013246465546783548
9a45431d78665797,2021.10.11.02.57.41_veh-50_01028_01289,0.9055566429136777,2021.10.11.02.57.41_veh-50_01028_01289,0.9158052038774811,0.010248560963803444
9abce3eae2005739,2021.10.11.02.57.41_veh-50_01028_01289,0.9114918190339985,2021.10.11.02.57.41_veh-50_01028_01289,0.9225040406763706,0.011012221642372144
9eae5a2e43535977,2021.10.11.02.57.41_veh-50_01028_01289,0.0,2021.10.11.02.57.41_veh-50_01028_01289,0.0,0.0
a3886a0066ca51e0,2021.10.11.02.57.41_veh-50_01028_01289,0.8978220021001184,2021.10.11.02.57.41_veh-50_01028_01289,0.7782323850346078,-0.11958961706551063
a77bff075d7c5d85,2021.10.11.02.57.41_veh-50_01028_01289,0.721531415145312,2021.10.11.02.57.41_veh-50_01028_01289,0.7325057512572952,0.010974336111983174
abc9f2cbeaeb55f6,2021.10.11.02.57.41_veh-50_01028_01289,0.9390029753662275,2021.10.11.02.57.41_veh-50_01028_01289,0.9504841379996354,0.011481162633407926
abeedf530cf3573d,2021.10.11.02.57.41_veh-50_01028_01289,0.8330492935900481,2021.10.11.02.57.41_veh-50_01028_01289,0.0,-0.8330492935900481
ad75c0abe73d52c7,2021.10.11.02.57.41_veh-50_01028_01289,0.8896934705722456,2021.10.11.02.57.41_veh-50_01028_01289,0.8975326374939976,0.007839166921752017
ae2807f88fea5904,2021.10.11.02.57.41_veh-50_01028_01289,0.8636330510422896,2021.10.11.02.57.41_veh-50_01028_01289,0.8740007880490538,0.010367737006764188
afcacc1536c75f9f,2021.10.11.02.57.41_veh-50_01028_01289,0.7764255295311457,2021.10.11.02.57.41_veh-50_01028_01289,0.7866008455170911,0.010175315985945343
b3c10c514af95e75,2021.10.11.02.57.41_veh-50_01028_01289,0.9447041179597753,2021.10.11.02.57.41_veh-50_01028_01289,0.9606527088005603,0.015948590840785037
b3d05d10a7075767,2021.10.11.02.57.41_veh-50_01028_01289,0.7721327011579466,2021.10.11.02.57.41_veh-50_01028_01289,0.6548769483480094,-0.11725575280993727
b57bd30f8dbd5371,2021.10.11.02.57.41_veh-50_01028_01289,0.875,2021.10.11.02.57.41_veh-50_01028_01289,0.875,0.0
bb83b26d840d56b6,2021.10.11.02.57.41_veh-50_01028_01289,0.8968167448175187,2021.10.11.02.57.41_veh-50_01028_01289,0.9073084355135088,0.010491690695990097
bef6605735245959,2021.10.11.02.57.41_veh-50_01028_01289,0.6490663889241406,2021.10.11.02.57.41_veh-50_01028_01289,0.6584642933168405,0.00939790439269994
c47ae82409da5780,2021.10.11.02.57.41_veh-50_01028_01289,0.912229571125826,2021.10.11.02.57.41_veh-50_01028_01289,0.9230140839070679,0.010784512781241817
c781e2c428ee5b12,2021.10.11.02.57.41_veh-50_01028_01289,0.9205021862418827,2021.10.11.02.57.41_veh-50_01028_01289,0.929230339860744,0.008728153618861256
c817fbce92d158c4,2021.10.11.02.57.41_veh-50_01028_01289,0.8777044061377671,2021.10.11.02.57.41_veh-50_01028_01289,0.8891862425078213,0.011481836370054177
d024230338045f83,2021.10.11.02.57.41_veh-50_01028_01289,0.9871759066616139,2021.10.11.02.57.41_veh-50_01028_01289,0.9943287848676242,0.0071528782060102936
d8c8e4dbeb2158b0,2021.10.11.02.57.41_veh-50_01028_01289,1.0,2021.10.11.02.57.41_veh-50_01028_01289,1.0,0.0
dc5d48591a565e58,2021.10.11.02.57.41_veh-50_01028_01289,1.0,2021.10.11.02.57.41_veh-50_01028_01289,1.0,0.0
e1a9b17e1fee5fe5,2021.10.11.02.57.41_veh-50_01028_01289,0.9124662493617266,2021.10.11.02.57.41_veh-50_01028_01289,0.9226077015141922,0.010141452152465646
e4c4b061d1845fd6,2021.10.11.02.57.41_veh-50_01028_01289,1.0,2021.10.11.02.57.41_veh-50_01028_01289,1.0,0.0
e70a9c0c51675ea1,2021.10.11.02.57.41_veh-50_01028_01289,0.9072860225600373,2021.10.11.02.57.41_veh-50_01028_01289,0.9175619194381895,0.010275896878152224
ea43967ed8ad5dc0,2021.10.11.02.57.41_veh-50_01028_01289,1.0,2021.10.11.02.57.41_veh-50_01028_01289,0.6875,-0.3125
eb6e558901af58af,2021.10.11.02.57.41_veh-50_01028_01289,0.9436869653448506,2021.10.11.02.57.41_veh-50_01028_01289,0.9574347139928467,0.013747748647996105
ebca7e0c22b65deb,2021.10.11.02.57.41_veh-50_01028_01289,0.8412493236928152,2021.10.11.02.57.41_veh-50_01028_01289,0.8508934654457848,0.00964414175296957
f295b9b2ee545520,2021.10.11.02.57.41_veh-50_01028_01289,0.8908891594271376,2021.10.11.02.57.41_veh-50_01028_01289,0.9015415031754576,0.010652343748319915
f6e7cfd22eaa5a4f,2021.10.11.02.57.41_veh-50_01028_01289,0.828754893410738,2021.10.11.02.57.41_veh-50_01028_01289,0.8411729611471378,0.012418067736399752
f7d51773081653ac,2021.10.11.02.57.41_veh-50_01028_01289,0.9119519654277308,2021.10.11.02.57.41_veh-50_01028_01289,0.9224482893689948,0.010496323941263985
f83624d80fbf5b86,2021.10.11.02.57.41_veh-50_01028_01289,0.8597726500296589,2021.10.11.02.57.41_veh-50_01028_01289,0.8783245746782045,0.018551924648545604
00b3f7e6cbfc5fa0,2021.10.11.02.57.41_veh-50_02155_02265,0.9222433533355046,2021.10.11.02.57.41_veh-50_02155_02265,0.9317409102830712,0.009497556947566599
02be5e5257915894,2021.10.11.02.57.41_veh-50_02155_02265,0.9118013038883659,2021.10.11.02.57.41_veh-50_02155_02265,0.9216253721117136,0.009824068223347693
03eb9463e1685d1f,2021.10.11.02.57.41_veh-50_02155_02265,0.9079972574912788,2021.10.11.02.57.41_veh-50_02155_02265,0.9173071075757615,0.009309850084482707
0424e5fd9a5c5e60,2021.10.11.02.57.41_veh-50_02155_02265,0.9078458327648248,2021.10.11.02.57.41_veh-50_02155_02265,0.9166363523837093,0.008790519618884551
06cd8d997cfe5de6,2021.10.11.02.57.41_veh-50_02155_02265,0.9131503431174461,2021.10.11.02.57.41_veh-50_02155_02265,0.9221220161805648,0.008971673063118635
0746ca94fdc85420,2021.10.11.02.57.41_veh-50_02155_02265,0.9278133979133838,2021.10.11.02.57.41_veh-50_02155_02265,0.9393091530217056,0.011495755108321792
09d6aaf7636350e1,2021.10.11.02.57.41_veh-50_02155_02265,0.9303855370196961,2021.10.11.02.57.41_veh-50_02155_02265,0.9416765620872595,0.01129102506756341
0dc2e306b4485579,2021.10.11.02.57.41_veh-50_02155_02265,0.9156829765915352,2021.10.11.02.57.41_veh-50_02155_02265,0.9244389169143163,0.008755940322781153
0ecbcba803ab54e0,2021.10.11.02.57.41_veh-50_02155_02265,0.9076532401300279,2021.10.11.02.57.41_veh-50_02155_02265,0.9180588253630791,0.01040558523305124
102471e46a565fdf,2021.10.11.02.57.41_veh-50_02155_02265,0.8821781896520153,2021.10.11.02.57.41_veh-50_02155_02265,0.8937549083350467,0.01157671868303134
14489b09baaa54e5,2021.10.11.02.57.41_veh-50_02155_02265,0.9092469252806459,2021.10.11.02.57.41_veh-50_02155_02265,0.9193996174871449,0.010152692206499059
1543049980f15e78,2021.10.11.02.57.41_veh-50_02155_02265,0.9538727860908955,2021.10.11.02.57.41_veh-50_02155_02265,0.9657640282722881,0.011891242181392592
154f87b0c0ca5624,2021.10.11.02.57.41_veh-50_02155_02265,0.9146102748291756,2021.10.11.02.57.41_veh-50_02155_02265,0.9249877500063646,0.01037747517718901
17a899d822e75d16,2021.10.11.02.57.41_veh-50_02155_02265,0.9313221495364382,2021.10.11.02.57.41_veh-50_02155_02265,0.9427904230290916,0.011468273492653336
17bc4c6cc38959d0,2021.10.11.02.57.41_veh-50_02155_02265,0.9052854573658808,2021.10.11.02.57.41_veh-50_02155_02265,0.9143400840120421,0.009054626646161301
180266e7ce035fca,2021.10.11.02.57.41_veh-50_02155_02265,0.8880010714441333,2021.10.11.02.57.41_veh-50_02155_02265,0.8984569299423136,0.010455858498180315
205ef6aa1e4f54f4,2021.10.11.02.57.41_veh-50_02155_02265,0.8919074827905766,2021.10.11.02.57.41_veh-50_02155_02265,0.0,-0.8919074827905766
243375d424865825,2021.10.11.02.57.41_veh-50_02155_02265,0.9243903108180009,2021.10.11.02.57.41_veh-50_02155_02265,0.9342264675878035,0.00983615676980254
25e8140e88165353,2021.10.11.02.57.41_veh-50_02155_02265,0.9364085402082436,2021.10.11.02.57.41_veh-50_02155_02265,0.9478022307758909,0.011393690567647274
265d51badd8658b4,2021.10.11.02.57.41_veh-50_02155_02265,0.8935066286397123,2021.10.11.02.57.41_veh-50_02155_02265,0.0,-0.8935066286397123
28d90079bec557cf,2021.10.11.02.57.41_veh-50_02155_02265,0.8936745810761582,2021.10.11.02.57.41_veh-50_02155_02265,0.9027697604510915,0.009095179374933315
2a4f7a1a42b759a7,2021.10.11.02.57.41_veh-50_02155_02265,0.9300226238271231,2021.10.11.02.57.41_veh-50_02155_02265,0.9410613013963163,0.01103867756919319
2d4ac7e75090575c,2021.10.11.02.57.41_veh-50_02155_02265,0.9091267797375329,2021.10.11.02.57.41_veh-50_02155_02265,0.9177902581124694,0.008663478374936529
2f81ef9b7def5cfb,2021.10.11.02.57.41_veh-50_02155_02265,0.924833651819181,2021.10.11.02.57.41_veh-50_02155_02265,0.9335363009609137,0.008702649141732688
329975be260c50b7,2021.10.11.02.57.41_veh-50_02155_02265,0.9157282780895598,2021.10.11.02.57.41_veh-50_02155_02265,0.9273990418708369,0.011670763781277071
33365d03e762561c,2021.10.11.02.57.41_veh-50_02155_02265,0.9082465472197334,2021.10.11.02.57.41_veh-50_02155_02265,0.9182053608453523,0.0099588136256189
35f9bb7297745ff8,2021.10.11.02.57.41_veh-50_02155_02265,0.0,2021.10.11.02.57.41_veh-50_02155_02265,0.0,0.0
37b87186b6bd5777,2021.10.11.02.57.41_veh-50_02155_02265,0.9078777163584539,2021.10.11.02.57.41_veh-50_02155_02265,0.9181849851147681,0.010307268756314159
3998d00b80c55db4,2021.10.11.02.57.41_veh-50_02155_02265,0.903104177474658,2021.10.11.02.57.41_veh-50_02155_02265,0.9123480466425582,0.00924386916790021
3a95ca3177bc57f0,2021.10.11.02.57.41_veh-50_02155_02265,0.923929124610769,2021.10.11.02.57.41_veh-50_02155_02265,0.9335917396076742,0.009662614996905128
3f89da0001805a55,2021.10.11.02.57.41_veh-50_02155_02265,0.8730796292525853,2021.10.11.02.57.41_veh-50_02155_02265,0.8799179171505497,0.006838287897964368
3ff65804fed251f6,2021.10.11.02.57.41_veh-50_02155_02265,0.901931942593333,2021.10.11.02.57.41_veh-50_02155_02265,0.9109875597632964,0.009055617169963392
400ad97140e45645,2021.10.11.02.57.41_veh-50_02155_02265,0.0,2021.10.11.02.57.41_veh-50_02155_02265,0.0,0.0
4209beddef055db5,2021.10.11.02.57.41_veh-50_02155_02265,0.9246534410023418,2021.10.11.02.57.41_veh-50_02155_02265,0.9351279317929977,0.010474490790655877
4447336863e85fee,2021.10.11.02.57.41_veh-50_02155_02265,0.9235845179706034,2021.10.11.02.57.41_veh-50_02155_02265,0.93326427141723,0.009679753446626638
45141a99f80a5ca4,2021.10.11.02.57.41_veh-50_02155_02265,0.9046242534576052,2021.10.11.02.57.41_veh-50_02155_02265,0.915309321662989,0.01068506820538373
4b8081ab8642513d,2021.10.11.02.57.41_veh-50_02155_02265,0.8997297058614142,2021.10.11.02.57.41_veh-50_02155_02265,0.9094409689766777,0.009711263115263491
4d492375c1705fc3,2021.10.11.02.57.41_veh-50_02155_02265,0.8466209585244575,2021.10.11.02.57.41_veh-50_02155_02265,0.852024009885893,0.005403051361435485
4d4d6e694a7f5712,2021.10.11.02.57.41_veh-50_02155_02265,0.903992980026416,2021.10.11.02.57.41_veh-50_02155_02265,0.9135570369651977,0.009564056938781706
52c34d4f01925f11,2021.10.11.02.57.41_veh-50_02155_02265,0.8965272960648616,2021.10.11.02.57.41_veh-50_02155_02265,0.9053705027460275,0.008843206681165894
551a93bd32f95ef1,2021.10.11.02.57.41_veh-50_02155_02265,0.9032150164995676,2021.10.11.02.57.41_veh-50_02155_02265,0.9137613705941069,0.0105463540945393
559a7a5262b355c3,2021.10.11.02.57.41_veh-50_02155_02265,0.9090431199523717,2021.10.11.02.57.41_veh-50_02155_02265,0.9188502821760236,0.009807162223651855
57f67c6a726a5dd2,2021.10.11.02.57.41_veh-50_02155_02265,0.8701534998717368,2021.10.11.02.57.41_veh-50_02155_02265,0.8762796987757684,0.0061261989040315434
58bfaccfd1865d81,2021.10.11.02.57.41_veh-50_02155_02265,0.9254395442182963,2021.10.11.02.57.41_veh-50_02155_02265,0.9367484145477296,0.011308870329433285
5bf6deabdf1355a1,2021.10.11.02.57.41_veh-50_02155_02265,0.9279880320562789,2021.10.11.02.57.41_veh-50_02155_02265,0.937667829387569,0.009679797331290096
6bd9815c03125877,2021.10.11.02.57.41_veh-50_02155_02265,0.9002847617039474,2021.10.11.02.57.41_veh-50_02155_02265,0.9105688022467271,0.010284040542779649
6c00f7eb11a35083,2021.10.11.02.57.41_veh-50_02155_02265,0.75,2021.10.11.02.57.41_veh-50_02155_02265,0.75,0.0
6ce1ef9b8d515884,2021.10.11.02.57.41_veh-50_02155_02265,0.8436197405754154,2021.10.11.02.57.41_veh-50_02155_02265,0.8490725481771397,0.0054528076017242855
73fc68b82f045907,2021.10.11.02.57.41_veh-50_02155_02265,0.9227531060100246,2021.10.11.02.57.41_veh-50_02155_02265,0.9315022162745378,0.008749110264513194
75c6224df9b25b6d,2021.10.11.02.57.41_veh-50_02155_02265,0.9163864244006258,2021.10.11.02.57.41_veh-50_02155_02265,0.9250655698547291,0.00867914545410331
7768af5461fb5dab,2021.10.11.02.57.41_veh-50_02155_02265,0.9197900532368513,2021.10.11.02.57.41_veh-50_02155_02265,0.8049885836157205,-0.1148014696211308
790e1bf672715bf1,2021.10.11.02.57.41_veh-50_02155_02265,0.9133347199314367,2021.10.11.02.57.41_veh-50_02155_02265,0.9246485213390451,0.011313801407608404
790f41b0bd3f51ea,2021.10.11.02.57.41_veh-50_02155_02265,0.9121415962202888,2021.10.11.02.57.41_veh-50_02155_02265,0.9219598989651656,0.009818302744876828
7c1389a3e4a55975,2021.10.11.02.57.41_veh-50_02155_02265,0.8955602539231845,2021.10.11.02.57.41_veh-50_02155_02265,0.9040945213043128,0.00853426738112828
7f8f1f6b90575d91,2021.10.11.02.57.41_veh-50_02155_02265,0.8750138123733366,2021.10.11.02.57.41_veh-50_02155_02265,0.8855988899527701,0.0105850775794335
8002902e2efe5c94,2021.10.11.02.57.41_veh-50_02155_02265,0.8488427618215042,2021.10.11.02.57.41_veh-50_02155_02265,0.8546939784493239,0.005851216627819733
807c9c96f42c597d,2021.10.11.02.57.41_veh-50_02155_02265,0.8838820547747108,2021.10.11.02.57.41_veh-50_02155_02265,0.8958477762139836,0.01196572143927277
83cbc1063ce1591d,2021.10.11.02.57.41_veh-50_02155_02265,0.75,2021.10.11.02.57.41_veh-50_02155_02265,0.75,0.0
83dc2afeb98950a4,2021.10.11.02.57.41_veh-50_02155_02265,0.90492039251145,2021.10.11.02.57.41_veh-50_02155_02265,0.9147552328425647,0.009834840331114703
86a9ef645f195f81,2021.10.11.02.57.41_veh-50_02155_02265,0.908937762472078,2021.10.11.02.57.41_veh-50_02155_02265,0.9196691187298067,0.010731356257728697
8708f5ee85ca50b1,2021.10.11.02.57.41_veh-50_02155_02265,0.9181490709394857,2021.10.11.02.57.41_veh-50_02155_02265,0.9282508597444433,0.010101788804957601
8e5a6cdce75d50dd,2021.10.11.02.57.41_veh-50_02155_02265,0.8761222570712914,2021.10.11.02.57.41_veh-50_02155_02265,0.8847355385918301,0.00861328152053864
92f1b2f9782b5ab2,2021.10.11.02.57.41_veh-50_02155_02265,0.8378539875021577,2021.10.11.02.57.41_veh-50_02155_02265,0.8433108005182545,0.005456813016096795
9608c9c656695dd6,2021.10.11.02.57.41_veh-50_02155_02265,0.9068681649712362,2021.10.11.02.57.41_veh-50_02155_02265,0.9173178652624092,0.01044970029117298
994cdcf16f475b72,2021.10.11.02.57.41_veh-50_02155_02265,0.9319769606876586,2021.10.11.02.57.41_veh-50_02155_02265,0.9427037388531576,0.010726778165499051
9a5fc2035a655005,2021.10.11.02.57.41_veh-50_02155_02265,0.9296492850465992,2021.10.11.02.57.41_veh-50_02155_02265,0.9399401318218031,0.010290846775203977
9aeb31473be659b4,2021.10.11.02.57.41_veh-50_02155_02265,0.9031028730676561,2021.10.11.02.57.41_veh-50_02155_02265,0.9135095082514759,0.01040663518381979
9be9272eca74587d,2021.10.11.02.57.41_veh-50_02155_02265,0.9206479487335191,2021.10.11.02.57.41_veh-50_02155_02265,0.9305964259020696,0.009948477168550518
a0757b8313a15615,2021.10.11.02.57.41_veh-50_02155_02265,0.9003840971360679,2021.10.11.02.57.41_veh-50_02155_02265,0.9102269834203665,0.009842886284298524
a1e1af9908e45556,2021.10.11.02.57.41_veh-50_02155_02265,0.9017295391122063,2021.10.11.02.57.41_veh-50_02155_02265,0.9111577480233788,0.009428208911172464
a47149d13d5a5b74,2021.10.11.02.57.41_veh-50_02155_02265,0.9289612016036763,2021.10.11.02.57.41_veh-50_02155_02265,0.9397638970713482,0.010802695467671874
a60f2627cee15fd4,2021.10.11.02.57.41_veh-50_02155_02265,0.8938580441942625,2021.10.11.02.57.41_veh-50_02155_02265,0.0,-0.8938580441942625
a614f0e213bc5b3c,2021.10.11.02.57.41_veh-50_02155_02265,0.8701284140008938,2021.10.11.02.57.41_veh-50_02155_02265,0.8765390938595692,0.006410679858675383
a99fef2dc48459b8,2021.10.11.02.57.41_veh-50_02155_02265,0.920867695656881,2021.10.11.02.57.41_veh-50_02155_02265,0.9304355397365329,0.009567844079651944
aa8326c244e85a40,2021.10.11.02.57.41_veh-50_02155_02265,0.913808366584726,2021.10.11.02.57.41_veh-50_02155_02265,0.9224886116107577,0.008680245026031708
ab53984253715cdd,2021.10.11.02.57.41_veh-50_02155_02265,0.9055923767633602,2021.10.11.02.57.41_veh-50_02155_02265,0.9147356741673898,0.009143297404029527
ae1ce6b276645fd1,2021.10.11.02.57.41_veh-50_02155_02265,0.907668960787162,2021.10.11.02.57.41_veh-50_02155_02265,0.9173773138993309,0.009708353112168888
af5340a6db3a56dc,2021.10.11.02.57.41_veh-50_02155_02265,0.9139482913020291,2021.10.11.02.57.41_veh-50_02155_02265,0.925664347693316,0.011716056391286811
b042f8b582f453d8,2021.10.11.02.57.41_veh-50_02155_02265,0.9060376195012516,2021.10.11.02.57.41_veh-50_02155_02265,0.9162663428113171,0.010228723310065524
b0ab79add8315a10,2021.10.11.02.57.41_veh-50_02155_02265,0.9219399849357606,2021.10.11.02.57.41_veh-50_02155_02265,0.932708496250315,0.010768511314554474
b2b97b044f3d52f5,2021.10.11.02.57.41_veh-50_02155_02265,0.9134125568593023,2021.10.11.02.57.41_veh-50_02155_02265,0.9233883967131575,0.009975839853855195
b434729c2a2154c3,2021.10.11.02.57.41_veh-50_02155_02265,0.9543229753400674,2021.10.11.02.57.41_veh-50_02155_02265,0.9685707967991569,0.014247821459089538
b63e45593b79588a,2021.10.11.02.57.41_veh-50_02155_02265,0.9260483222360012,2021.10.11.02.57.41_veh-50_02155_02265,0.9372022330740623,0.011153910838061054
b92d3260427a573d,2021.10.11.02.57.41_veh-50_02155_02265,0.8812004731821423,2021.10.11.02.57.41_veh-50_02155_02265,0.8922781803754393,0.011077707193296926
b94a09f5d1b550ea,2021.10.11.02.57.41_veh-50_02155_02265,0.9039148527287033,2021.10.11.02.57.41_veh-50_02155_02265,0.9212128393025577,0.017297986573854396
baf2dbf6552f5de4,2021.10.11.02.57.41_veh-50_02155_02265,0.9336660800991884,2021.10.11.02.57.41_veh-50_02155_02265,0.9452517321031442,0.011585652003955782
bbf94133c5e75ca5,2021.10.11.02.57.41_veh-50_02155_02265,0.9103913509007893,2021.10.11.02.57.41_veh-50_02155_02265,0.919890513071403,0.00949916217061375
c13bf60d0e065292,2021.10.11.02.57.41_veh-50_02155_02265,0.9211547744031093,2021.10.11.02.57.41_veh-50_02155_02265,0.9310762169934469,0.00992144259033756
cc8b959e3fcb5079,2021.10.11.02.57.41_veh-50_02155_02265,0.8927189501427976,2021.10.11.02.57.41_veh-50_02155_02265,0.901751755411155,0.00903280526835748
ccace872c29a5f29,2021.10.11.02.57.41_veh-50_02155_02265,0.921764401086632,2021.10.11.02.57.41_veh-50_02155_02265,0.9369749945172069,0.015210593430574848
cdbb81fdded65262,2021.10.11.02.57.41_veh-50_02155_02265,0.764139052741895,2021.10.11.02.57.41_veh-50_02155_02265,0.7707234420112958,0.006584389269400859
ce2ce7fb20ef570c,2021.10.11.02.57.41_veh-50_02155_02265,0.8924807868289237,2021.10.11.02.57.41_veh-50_02155_02265,0.7762011899435581,-0.1162795968853656
d06c2bb897f05b5c,2021.10.11.02.57.41_veh-50_02155_02265,0.9205654082600527,2021.10.11.02.57.41_veh-50_02155_02265,0.9311768324503775,0.010611424190324792
d2b44693e1fe5019,2021.10.11.02.57.41_veh-50_02155_02265,0.9026561227367197,2021.10.11.02.57.41_veh-50_02155_02265,0.913853932714639,0.011197809977919304
d3229ec0bd73520c,2021.10.11.02.57.41_veh-50_02155_02265,0.9166365407496103,2021.10.11.02.57.41_veh-50_02155_02265,0.9260765410367455,0.009440000287135208
d728b2624f4055ea,2021.10.11.02.57.41_veh-50_02155_02265,0.8900720254940344,2021.10.11.02.57.41_veh-50_02155_02265,0.9012318223760042,0.011159796881969775
d8e282ed6cff5dac,2021.10.11.02.57.41_veh-50_02155_02265,0.8927147158530787,2021.10.11.02.57.41_veh-50_02155_02265,0.9044142847224218,0.011699568869343091
da378bcae7675636,2021.10.11.02.57.41_veh-50_02155_02265,0.8046162536197305,2021.10.11.02.57.41_veh-50_02155_02265,0.9369235866076626,0.13230733298793207
dc7ec70fa4d050be,2021.10.11.02.57.41_veh-50_02155_02265,0.9042636748827062,2021.10.11.02.57.41_veh-50_02155_02265,0.913588346408345,0.009324671525638761
de72514102555fab,2021.10.11.02.57.41_veh-50_02155_02265,0.9192894173235711,2021.10.11.02.57.41_veh-50_02155_02265,0.9275286539084558,0.00823923658488479
dee420665f2d5ee5,2021.10.11.02.57.41_veh-50_02155_02265,0.9263444968335787,2021.10.11.02.57.41_veh-50_02155_02265,0.9356615879760328,0.00931709114245416
e2898986047c5b29,2021.10.11.02.57.41_veh-50_02155_02265,0.8801402133908669,2021.10.11.02.57.41_veh-50_02155_02265,0.8872394298329118,0.00709921644204492
e2f005a68443572a,2021.10.11.02.57.41_veh-50_02155_02265,0.9099227188438221,2021.10.11.02.57.41_veh-50_02155_02265,0.920441102732088,0.01051838388826587
e69baaae152259ad,2021.10.11.02.57.41_veh-50_02155_02265,0.9159554765594943,2021.10.11.02.57.41_veh-50_02155_02265,0.9260788468361688,0.010123370276674537
e6fa8db6e41a5139,2021.10.11.02.57.41_veh-50_02155_02265,0.9127780600573594,2021.10.11.02.57.41_veh-50_02155_02265,0.9223090165097713,0.009530956452411865
e8289b430daa5695,2021.10.11.02.57.41_veh-50_02155_02265,0.8089358139416246,2021.10.11.02.57.41_veh-50_02155_02265,0.9455883554082098,0.13665254146658523
ebe11a6789745477,2021.10.11.02.57.41_veh-50_02155_02265,0.9051576456623084,2021.10.11.02.57.41_veh-50_02155_02265,0.9154033125461494,0.010245666883840987
ecd1986832c7521a,2021.10.11.02.57.41_veh-50_02155_02265,0.8729057875306646,2021.10.11.02.57.41_veh-50_02155_02265,0.8821302828258379,0.00922449529517333
f09b140e2fc05b0a,2021.10.11.02.57.41_veh-50_02155_02265,0.8798238019759166,2021.10.11.02.57.41_veh-50_02155_02265,0.8855954141878516,0.005771612211935007
f46d7a713a035a80,2021.10.11.02.57.41_veh-50_02155_02265,0.9137120290849404,2021.10.11.02.57.41_veh-50_02155_02265,0.9256379723189424,0.011925943234001979
f93dafb45c965ab2,2021.10.11.02.57.41_veh-50_02155_02265,0.9159184477747766,2021.10.11.02.57.41_veh-50_02155_02265,0.9257683022705221,0.009849854495745491
fb2dd85945315007,2021.10.11.02.57.41_veh-50_02155_02265,0.8748125633007747,2021.10.11.02.57.41_veh-50_02155_02265,0.8808272423163452,0.006014679015570512
fb50a35ed72b5a18,2021.10.11.02.57.41_veh-50_02155_02265,0.9096951737493365,2021.10.11.02.57.41_veh-50_02155_02265,0.9197705954376332,0.01007542168829667
fbb2aa2813125b32,2021.10.11.02.57.41_veh-50_02155_02265,0.9285703753196504,2021.10.11.02.57.41_veh-50_02155_02265,0.9394316196753889,0.010861244355738542
fbde637d36f557c2,2021.10.11.02.57.41_veh-50_02155_02265,0.8921135270909093,2021.10.11.02.57.41_veh-50_02155_02265,0.9022521311866258,0.010138604095716541
fdfec9ef7201528e,2021.10.11.02.57.41_veh-50_02155_02265,0.8618909952515799,2021.10.11.02.57.41_veh-50_02155_02265,0.8678453832964379,0.005954388044858039
ff31fde84ea55ab8,2021.10.11.02.57.41_veh-50_02155_02265,0.9221933216810039,2021.10.11.02.57.41_veh-50_02155_02265,0.9309132873839345,0.008719965702930654
00839bb43eed5f3e,2021.08.31.14.01.15_veh-40_01576_01714,0.801790983616192,2021.08.31.14.01.15_veh-40_01576_01714,0.8110689430033566,0.00927795938716458
0244b29e92175c74,2021.08.31.14.01.15_veh-40_01576_01714,0.8955683712419746,2021.08.31.14.01.15_veh-40_01576_01714,0.9130387634762255,0.017470392234250842
12af90c2b8b6512e,2021.08.31.14.01.15_veh-40_01576_01714,0.908230744496777,2021.08.31.14.01.15_veh-40_01576_01714,0.7827530621355372,-0.1254776823612398
1c59013d80ab5ac4,2021.08.31.14.01.15_veh-40_01576_01714,1.0,2021.08.31.14.01.15_veh-40_01576_01714,1.0,0.0
219dd3cdd7fd594b,2021.08.31.14.01.15_veh-40_01576_01714,0.9758342179354544,2021.08.31.14.01.15_veh-40_01576_01714,0.982838483686644,0.007004265751189509
28b2841dfc80526b,2021.08.31.14.01.15_veh-40_01576_01714,0.8166846132163308,2021.08.31.14.01.15_veh-40_01576_01714,0.8233046935948171,0.0066200803784862705
2ae099469caa5693,2021.08.31.14.01.15_veh-40_01576_01714,0.8251986446808635,2021.08.31.14.01.15_veh-40_01576_01714,0.8332222829450386,0.008023638264175181
2deba0b0afad5472,2021.08.31.14.01.15_veh-40_01576_01714,0.6983349417594776,2021.08.31.14.01.15_veh-40_01576_01714,0.7064624763901429,0.00812753463066529
5007e9f5013b5580,2021.08.31.14.01.15_veh-40_01576_01714,0.8187667213692017,2021.08.31.14.01.15_veh-40_01576_01714,0.8296102145529634,0.010843493183761654
57ee8b6bcf335177,2021.08.31.14.01.15_veh-40_01576_01714,1.0,2021.08.31.14.01.15_veh-40_01576_01714,1.0,0.0
5b03bd8400375f7e,2021.08.31.14.01.15_veh-40_01576_01714,0.7272148250269201,2021.08.31.14.01.15_veh-40_01576_01714,0.7344892070489369,0.007274382022016801
5c62daecead15772,2021.08.31.14.01.15_veh-40_01576_01714,0.8450597832642781,2021.08.31.14.01.15_veh-40_01576_01714,0.8546963073795555,0.009636524115277378
5d5971cc468954e3,2021.08.31.14.01.15_veh-40_01576_01714,0.8110367943333496,2021.08.31.14.01.15_veh-40_01576_01714,0.8200043968989994,0.008967602565649768
66d20874271b558f,2021.08.31.14.01.15_veh-40_01576_01714,0.8151963507984504,2021.08.31.14.01.15_veh-40_01576_01714,0.8233316246578167,0.008135273859366299
7020151396535655,2021.08.31.14.01.15_veh-40_01576_01714,1.0,2021.08.31.14.01.15_veh-40_01576_01714,1.0,0.0
7372d89535355cb2,2021.08.31.14.01.15_veh-40_01576_01714,1.0,2021.08.31.14.01.15_veh-40_01576_01714,1.0,0.0
7d045ced792f563a,2021.08.31.14.01.15_veh-40_01576_01714,0.9904599214087476,2021.08.31.14.01.15_veh-40_01576_01714,0.9962083248633923,0.005748403454644668
7e1afa248931544e,2021.08.31.14.01.15_veh-40_01576_01714,0.8537000883880421,2021.08.31.14.01.15_veh-40_01576_01714,0.861079767623364,0.007379679235321901
872380f71a9f5c73,2021.08.31.14.01.15_veh-40_01576_01714,1.0,2021.08.31.14.01.15_veh-40_01576_01714,0.875,-0.125
8935f0d3af6b51fd,2021.08.31.14.01.15_veh-40_01576_01714,0.8171107794768215,2021.08.31.14.01.15_veh-40_01576_01714,0.8254774934565805,0.008366713979758966
8a9a5ab59dcd51d7,2021.08.31.14.01.15_veh-40_01576_01714,0.8420780112429367,2021.08.31.14.01.15_veh-40_01576_01714,0.8504548817734254,0.008376870530488745
90f98ca1978a5457,2021.08.31.14.01.15_veh-40_01576_01714,1.0,2021.08.31.14.01.15_veh-40_01576_01714,1.0,0.0
9bbdf96591265339,2021.08.31.14.01.15_veh-40_01576_01714,0.8478558073741211,2021.08.31.14.01.15_veh-40_01576_01714,0.8652840854150468,0.017428278040925615
a661c633fa3e5a59,2021.08.31.14.01.15_veh-40_01576_01714,1.0,2021.08.31.14.01.15_veh-40_01576_01714,0.875,-0.125
a92a5c623e9a5906,2021.08.31.14.01.15_veh-40_01576_01714,0.8246252287823176,2021.08.31.14.01.15_veh-40_01576_01714,0.8303949260901646,0.005769697307847044
aa5c5efeeafd563c,2021.08.31.14.01.15_veh-40_01576_01714,0.9389706088920237,2021.08.31.14.01.15_veh-40_01576_01714,0.9479121116709894,0.00894150277896577
c13c48577f9255c8,2021.08.31.14.01.15_veh-40_01576_01714,1.0,2021.08.31.14.01.15_veh-40_01576_01714,1.0,0.0
c1e4bb8da1655e19,2021.08.31.14.01.15_veh-40_01576_01714,1.0,2021.08.31.14.01.15_veh-40_01576_01714,1.0,0.0
c790a13084305af6,2021.08.31.14.01.15_veh-40_01576_01714,1.0,2021.08.31.14.01.15_veh-40_01576_01714,1.0,0.0
ca31b7933f8256e2,2021.08.31.14.01.15_veh-40_01576_01714,0.8185989035619289,2021.08.31.14.01.15_veh-40_01576_01714,0.8279523938266817,0.00935349026475285
ca5e5cecc6e05022,2021.08.31.14.01.15_veh-40_01576_01714,1.0,2021.08.31.14.01.15_veh-40_01576_01714,1.0,0.0
ce77e05891225999,2021.08.31.14.01.15_veh-40_01576_01714,0.9515237187346872,2021.08.31.14.01.15_veh-40_01576_01714,0.9711223784845533,0.019598659749866076
ceb16c2c18d252f3,2021.08.31.14.01.15_veh-40_01576_01714,1.0,2021.08.31.14.01.15_veh-40_01576_01714,1.0,0.0
d22040e885bf5509,2021.08.31.14.01.15_veh-40_01576_01714,1.0,2021.08.31.14.01.15_veh-40_01576_01714,1.0,0.0
d7b9d08eb35e54b4,2021.08.31.14.01.15_veh-40_01576_01714,0.8192442451724129,2021.08.31.14.01.15_veh-40_01576_01714,0.8269014194345428,0.007657174262129862
dc70a7b62c155d19,2021.08.31.14.01.15_veh-40_01576_01714,0.8143412009910242,2021.08.31.14.01.15_veh-40_01576_01714,0.8227846360802281,0.008443435089203866
dfe3214ab3e850a3,2021.08.31.14.01.15_veh-40_01576_01714,0.8459709110684299,2021.08.31.14.01.15_veh-40_01576_01714,0.8544301858797609,0.008459274811331019
e5a4f230a7a05b18,2021.08.31.14.01.15_veh-40_01576_01714,0.8139589784272403,2021.08.31.14.01.15_veh-40_01576_01714,0.823681088578584,0.009722110151343721
e72a95807de45328,2021.08.31.14.01.15_veh-40_01576_01714,0.8425914864049594,2021.08.31.14.01.15_veh-40_01576_01714,0.8485452872968273,0.005953800891867922
f96c2bfcfa0b5adc,2021.08.31.14.01.15_veh-40_01576_01714,0.8189658737639172,2021.08.31.14.01.15_veh-40_01576_01714,0.8305414929144983,0.01157561915058114
fa18ed9dac89551d,2021.08.31.14.01.15_veh-40_01576_01714,0.8472765104789328,2021.08.31.14.01.15_veh-40_01576_01714,0.8565742493951558,0.009297738916222986
103d8446b9a7501b,2021.08.31.11.47.30_veh-40_00919_01000,1.0,2021.08.31.11.47.30_veh-40_00919_01000,1.0,0.0
1c9a2aafa78b5b21,2021.08.31.11.47.30_veh-40_00919_01000,0.9364673207953157,2021.08.31.11.47.30_veh-40_00919_01000,0.9458103980249066,0.009343077229590935
20fc3e4c2b93595d,2021.08.31.11.47.30_veh-40_00919_01000,0.9318294752053341,2021.08.31.11.47.30_veh-40_00919_01000,0.9447446586329165,0.012915183427582355
24e8dff0a3fb5d73,2021.08.31.11.47.30_veh-40_00919_01000,1.0,2021.08.31.11.47.30_veh-40_00919_01000,1.0,0.0
2fd7bef75431592e,2021.08.31.11.47.30_veh-40_00919_01000,0.9693900174626144,2021.08.31.11.47.30_veh-40_00919_01000,0.98417808829076,0.014788070828145594
3f27444710fd5dfc,2021.08.31.11.47.30_veh-40_00919_01000,0.9399466075989253,2021.08.31.11.47.30_veh-40_00919_01000,0.9494950857676445,0.009548478168719177
48fc3189008a5754,2021.08.31.11.47.30_veh-40_00919_01000,0.9590373121763578,2021.08.31.11.47.30_veh-40_00919_01000,0.9750901679722643,0.01605285579590654
51bfd099a0795409,2021.08.31.11.47.30_veh-40_00919_01000,0.9477900429089452,2021.08.31.11.47.30_veh-40_00919_01000,0.9679704716037609,0.020180428694815733
5bb0b67e360f5a85,2021.08.31.11.47.30_veh-40_00919_01000,0.9447817085597534,2021.08.31.11.47.30_veh-40_00919_01000,0.95648408510033,0.011702376540576598
67a4f804ff5556cb,2021.08.31.11.47.30_veh-40_00919_01000,0.9238434164531121,2021.08.31.11.47.30_veh-40_00919_01000,0.934159143308051,0.010315726854938978
6a9bb2303a4c5c72,2021.08.31.11.47.30_veh-40_00919_01000,0.904436149886143,2021.08.31.11.47.30_veh-40_00919_01000,0.9252852154458227,0.02084906555967969
6bb2613a221e5fc8,2021.08.31.11.47.30_veh-40_00919_01000,1.0,2021.08.31.11.47.30_veh-40_00919_01000,1.0,0.0
77f9f0c203cb5048,2021.08.31.11.47.30_veh-40_00919_01000,0.9324323192506323,2021.08.31.11.47.30_veh-40_00919_01000,0.9543541746165056,0.02192185536587332
7d61f2ab3a145a20,2021.08.31.11.47.30_veh-40_00919_01000,1.0,2021.08.31.11.47.30_veh-40_00919_01000,1.0,0.0
8672b0d007fa5c49,2021.08.31.11.47.30_veh-40_00919_01000,0.9475346521146616,2021.08.31.11.47.30_veh-40_00919_01000,0.9589417179688137,0.011407065854152076
877ca71cd9ac5b59,2021.08.31.11.47.30_veh-40_00919_01000,0.9611632708013415,2021.08.31.11.47.30_veh-40_00919_01000,0.9788994355976419,0.01773616479630047
8ecb60a273c55931,2021.08.31.11.47.30_veh-40_00919_01000,0.9473842586834691,2021.08.31.11.47.30_veh-40_00919_01000,0.9570390983579172,0.009654839674448135
8f64f90706655f53,2021.08.31.11.47.30_veh-40_00919_01000,0.9484991353436889,2021.08.31.11.47.30_veh-40_00919_01000,0.9616658940622371,0.013166758718548222
900e4ffd108f5f95,2021.08.31.11.47.30_veh-40_00919_01000,0.9419080133346018,2021.08.31.11.47.30_veh-40_00919_01000,0.9629665710184178,0.021058557683815926
98e1c86704b75bce,2021.08.31.11.47.30_veh-40_00919_01000,0.9616570885799448,2021.08.31.11.47.30_veh-40_00919_01000,0.9797463983305126,0.018089309750567772
9a1dbb392efc5e89,2021.08.31.11.47.30_veh-40_00919_01000,0.9696236286471664,2021.08.31.11.47.30_veh-40_00919_01000,0.9848462702408947,0.015222641593728214
a27a8a02217d5ade,2021.08.31.11.47.30_veh-40_00919_01000,0.9451110648640496,2021.08.31.11.47.30_veh-40_00919_01000,0.9599219777515834,0.014810912887533778
a5051ac6e15551e7,2021.08.31.11.47.30_veh-40_00919_01000,0.9587901385397064,2021.08.31.11.47.30_veh-40_00919_01000,0.9734914057712181,0.014701267231511661
ac681c2a50795ba0,2021.08.31.11.47.30_veh-40_00919_01000,1.0,2021.08.31.11.47.30_veh-40_00919_01000,1.0,0.0
ad9c60ee22de5163,2021.08.31.11.47.30_veh-40_00919_01000,0.9521224437828312,2021.08.31.11.47.30_veh-40_00919_01000,0.966264810458647,0.01414236667581581
e6422bb22e125756,2021.08.31.11.47.30_veh-40_00919_01000,1.0,2021.08.31.11.47.30_veh-40_00919_01000,1.0,0.0
e699ef478771586b,2021.08.31.11.47.30_veh-40_00919_01000,0.9372174946744978,2021.08.31.11.47.30_veh-40_00919_01000,0.9465224549056981,0.00930496023120031
0834ee7bd96c524f,2021.07.16.22.40.23_veh-38_00204_00360,1.0,2021.07.16.22.40.23_veh-38_00204_00360,1.0,0.0
0b10c61fbe415c5e,2021.07.16.22.40.23_veh-38_00204_00360,1.0,2021.07.16.22.40.23_veh-38_00204_00360,1.0,0.0
10da33ea86ba5697,2021.07.16.22.40.23_veh-38_00204_00360,1.0,2021.07.16.22.40.23_veh-38_00204_00360,1.0,0.0
1ec8d767941a534b,2021.07.16.22.40.23_veh-38_00204_00360,1.0,2021.07.16.22.40.23_veh-38_00204_00360,1.0,0.0
4e658bb5f80a5664,2021.07.16.22.40.23_veh-38_00204_00360,0.9332910088157679,2021.07.16.22.40.23_veh-38_00204_00360,0.9458233608685802,0.012532352052812334
5a9dd500d2f15c87,2021.07.16.22.40.23_veh-38_00204_00360,0.9744193242720072,2021.07.16.22.40.23_veh-38_00204_00360,0.9880043048915841,0.013584980619576914
5ded7f2e94075a10,2021.07.16.22.40.23_veh-38_00204_00360,1.0,2021.07.16.22.40.23_veh-38_00204_00360,1.0,0.0
6a0942a7edb6507e,2021.07.16.22.40.23_veh-38_00204_00360,1.0,2021.07.16.22.40.23_veh-38_00204_00360,1.0,0.0
8156a66cbc595259,2021.07.16.22.40.23_veh-38_00204_00360,0.875,2021.07.16.22.40.23_veh-38_00204_00360,1.0,0.125
99c4a687ed1a599a,2021.07.16.22.40.23_veh-38_00204_00360,1.0,2021.07.16.22.40.23_veh-38_00204_00360,1.0,0.0
9f885abfb8cd5675,2021.07.16.22.40.23_veh-38_00204_00360,1.0,2021.07.16.22.40.23_veh-38_00204_00360,0.875,-0.125
bba3291877d059ac,2021.07.16.22.40.23_veh-38_00204_00360,0.9942155985800739,2021.07.16.22.40.23_veh-38_00204_00360,1.0,0.0057844014199260885
cca7823320d05bc3,2021.07.16.22.40.23_veh-38_00204_00360,1.0,2021.07.16.22.40.23_veh-38_00204_00360,1.0,0.0
dd8b61c70dc05550,2021.07.16.22.40.23_veh-38_00204_00360,1.0,2021.07.16.22.40.23_veh-38_00204_00360,1.0,0.0
de9c0d8341d65b55,2021.07.16.22.40.23_veh-38_00204_00360,1.0,2021.07.16.22.40.23_veh-38_00204_00360,1.0,0.0
0461af120ee45dd8,2021.06.09.14.50.36_veh-26_02826_02955,1.0,2021.06.09.14.50.36_veh-26_02826_02955,0.875,-0.125
04ef1bdebb1e5c2b,2021.06.09.14.50.36_veh-26_02826_02955,1.0,2021.06.09.14.50.36_veh-26_02826_02955,1.0,0.0
06ecc274857650aa,2021.06.09.14.50.36_veh-26_02826_02955,0.75,2021.06.09.14.50.36_veh-26_02826_02955,0.75,0.0
18608416606557ed,2021.06.09.14.50.36_veh-26_02826_02955,0.875,2021.06.09.14.50.36_veh-26_02826_02955,0.875,0.0
2c45cd8490f850ef,2021.06.09.14.50.36_veh-26_02826_02955,0.9661200858584732,2021.06.09.14.50.36_veh-26_02826_02955,0.9806357597459335,0.014515673887460334
3358ac35f0925be9,2021.06.09.14.50.36_veh-26_02826_02955,0.9790489451114175,2021.06.09.14.50.36_veh-26_02826_02955,0.9949354384309513,0.015886493319533845
35daae8d6a4a5b90,2021.06.09.14.50.36_veh-26_02826_02955,0.9707611532720746,2021.06.09.14.50.36_veh-26_02826_02955,0.990070658975659,0.019309505703584473
37a37c6486205360,2021.06.09.14.50.36_veh-26_02826_02955,1.0,2021.06.09.14.50.36_veh-26_02826_02955,1.0,0.0
3c34952a5b2a549e,2021.06.09.14.50.36_veh-26_02826_02955,1.0,2021.06.09.14.50.36_veh-26_02826_02955,1.0,0.0
43e443ef433256ae,2021.06.09.14.50.36_veh-26_02826_02955,0.9280476476122945,2021.06.09.14.50.36_veh-26_02826_02955,0.9484632412364389,0.020415593624144357
5385779df4685a12,2021.06.09.14.50.36_veh-26_02826_02955,1.0,2021.06.09.14.50.36_veh-26_02826_02955,1.0,0.0
58be05020c705538,2021.06.09.14.50.36_veh-26_02826_02955,1.0,2021.06.09.14.50.36_veh-26_02826_02955,0.875,-0.125
78f9d78599da56f0,2021.06.09.14.50.36_veh-26_02826_02955,1.0,2021.06.09.14.50.36_veh-26_02826_02955,1.0,0.0
88bc213aa3495b88,2021.06.09.14.50.36_veh-26_02826_02955,0.9895669563092379,2021.06.09.14.50.36_veh-26_02826_02955,1.0,0.010433043690762145
927258a11f395044,2021.06.09.14.50.36_veh-26_02826_02955,0.9553328157298061,2021.06.09.14.50.36_veh-26_02826_02955,0.9750674481758264,0.01973463244602025
96d3136946945a05,2021.06.09.14.50.36_veh-26_02826_02955,0.75,2021.06.09.14.50.36_veh-26_02826_02955,0.75,0.0
9915a6132edb5b6f,2021.06.09.14.50.36_veh-26_02826_02955,1.0,2021.06.09.14.50.36_veh-26_02826_02955,0.8571428571428571,-0.1428571428571429
9b7196827b5859df,2021.06.09.14.50.36_veh-26_02826_02955,0.875,2021.06.09.14.50.36_veh-26_02826_02955,0.875,0.0
b02f4daf44f952d5,2021.06.09.14.50.36_veh-26_02826_02955,1.0,2021.06.09.14.50.36_veh-26_02826_02955,0.875,-0.125
bd40634c00f1577c,2021.06.09.14.50.36_veh-26_02826_02955,0.9907482531554206,2021.06.09.14.50.36_veh-26_02826_02955,1.0,0.009251746844579412
dd11bc3330605dfd,2021.06.09.14.50.36_veh-26_02826_02955,0.875,2021.06.09.14.50.36_veh-26_02826_02955,0.875,0.0
e4d2a56f36c45c20,2021.06.09.14.50.36_veh-26_02826_02955,1.0,2021.06.09.14.50.36_veh-26_02826_02955,1.0,0.0
ef5318b8d9285443,2021.06.09.14.50.36_veh-26_02826_02955,0.875,2021.06.09.14.50.36_veh-26_02826_02955,0.875,0.0
f17b89de6fc75614,2021.06.09.14.50.36_veh-26_02826_02955,1.0,2021.06.09.14.50.36_veh-26_02826_02955,1.0,0.0
f954d393a5615fec,2021.06.09.14.50.36_veh-26_02826_02955,0.9765619275179253,2021.06.09.14.50.36_veh-26_02826_02955,0.9937485641754946,0.017186636657569365
089b7c97ae005df7,2021.10.05.07.49.39_veh-52_00770_00905,0.9427574422688856,2021.10.05.07.49.39_veh-52_00770_00905,0.9516677966153214,0.008910354346435834
16c70ee6d6485400,2021.10.05.07.49.39_veh-52_00770_00905,0.9017295870935396,2021.10.05.07.49.39_veh-52_00770_00905,0.9100780309121645,0.008348443818624984
170594fe8be75468,2021.10.05.07.49.39_veh-52_00770_00905,0.9080829150359916,2021.10.05.07.49.39_veh-52_00770_00905,0.9324654199017969,0.024382504865805288
19c9d08888d65385,2021.10.05.07.49.39_veh-52_00770_00905,0.926254369960506,2021.10.05.07.49.39_veh-52_00770_00905,0.9348559134366361,0.008601543476130069
1c3d27d5767e506d,2021.10.05.07.49.39_veh-52_00770_00905,0.9299628552707255,2021.10.05.07.49.39_veh-52_00770_00905,0.9379700173275582,0.008007162056832717
1d9ee8399cf55f9d,2021.10.05.07.49.39_veh-52_00770_00905,0.978561617583974,2021.10.05.07.49.39_veh-52_00770_00905,0.9952209453345731,0.016659327750599084
20d97d183741595d,2021.10.05.07.49.39_veh-52_00770_00905,0.9386150987869237,2021.10.05.07.49.39_veh-52_00770_00905,0.9575183008048923,0.01890320201796858
24f4c4b3cc8554aa,2021.10.05.07.49.39_veh-52_00770_00905,0.8815879049425763,2021.10.05.07.49.39_veh-52_00770_00905,0.8895714065711353,0.007983501628558987
25ef4e856bab540e,2021.10.05.07.49.39_veh-52_00770_00905,0.9269982593417109,2021.10.05.07.49.39_veh-52_00770_00905,0.9378768312527995,0.010878571911088653
261221d5c5fc5fa7,2021.10.05.07.49.39_veh-52_00770_00905,0.9335337838665978,2021.10.05.07.49.39_veh-52_00770_00905,0.93991643916677,0.006382655300172235
278bbdb04c555733,2021.10.05.07.49.39_veh-52_00770_00905,0.785744332872216,2021.10.05.07.49.39_veh-52_00770_00905,0.7946168291081893,0.008872496235973304
282c1d78530d593f,2021.10.05.07.49.39_veh-52_00770_00905,0.9473419751703827,2021.10.05.07.49.39_veh-52_00770_00905,0.9570865770969923,0.009744601926609642
2c32ea8c5ef05290,2021.10.05.07.49.39_veh-52_00770_00905,0.9710704742277481,2021.10.05.07.49.39_veh-52_00770_00905,0.9918510338719158,0.020780559644167695
2f1560380fb05985,2021.10.05.07.49.39_veh-52_00770_00905,0.9475884856820288,2021.10.05.07.49.39_veh-52_00770_00905,0.9677087346162834,0.02012024893425457
310a3ad9c0cf5eb6,2021.10.05.07.49.39_veh-52_00770_00905,0.9780978278709245,2021.10.05.07.49.39_veh-52_00770_00905,0.9966255201158508,0.01852769224492634
334e0e5d1a825334,2021.10.05.07.49.39_veh-52_00770_00905,0.9192159223601782,2021.10.05.07.49.39_veh-52_00770_00905,0.9278236478478352,0.00860772548765698
36bae31710bc5917,2021.10.05.07.49.39_veh-52_00770_00905,0.8725129910528346,2021.10.05.07.49.39_veh-52_00770_00905,0.882466942837205,0.009953951784370307
38ef1d6a2da75115,2021.10.05.07.49.39_veh-52_00770_00905,0.9348047819640289,2021.10.05.07.49.39_veh-52_00770_00905,0.94421179219517,0.0094070102311411
3d18f6f0700f5a7b,2021.10.05.07.49.39_veh-52_00770_00905,1.0,2021.10.05.07.49.39_veh-52_00770_00905,1.0,0.0
43344715c88b50bc,2021.10.05.07.49.39_veh-52_00770_00905,0.9127448606368072,2021.10.05.07.49.39_veh-52_00770_00905,0.9207497887356243,0.008004928098817143
44ff523a46c05629,2021.10.05.07.49.39_veh-52_00770_00905,0.9085653740929706,2021.10.05.07.49.39_veh-52_00770_00905,0.9195770586840608,0.011011684591090254
45024816c0275064,2021.10.05.07.49.39_veh-52_00770_00905,0.9043019985841262,2021.10.05.07.49.39_veh-52_00770_00905,0.9125310300398655,0.008229031455739277
4b9cb144a34f517d,2021.10.05.07.49.39_veh-52_00770_00905,0.9097348279969619,2021.10.05.07.49.39_veh-52_00770_00905,0.9181464151985498,0.008411587201587856
4dc05b556a2657fa,2021.10.05.07.49.39_veh-52_00770_00905,0.7788506896226066,2021.10.05.07.49.39_veh-52_00770_00905,0.7872400390829908,0.008389349460384166
4dcfadf46bc25e5e,2021.10.05.07.49.39_veh-52_00770_00905,0.9292407419359228,2021.10.05.07.49.39_veh-52_00770_00905,0.938828112267948,0.00958737033202528
4e9c5280dadd5f24,2021.10.05.07.49.39_veh-52_00770_00905,0.9494282262898118,2021.10.05.07.49.39_veh-52_00770_00905,0.9589065384245399,0.00947831213472805
4fd253304da7581e,2021.10.05.07.49.39_veh-52_00770_00905,0.931370155718896,2021.10.05.07.49.39_veh-52_00770_00905,0.9426914064321543,0.01132125071325829
5224265091a55a68,2021.10.05.07.49.39_veh-52_00770_00905,0.8569623413639049,2021.10.05.07.49.39_veh-52_00770_00905,0.8676874216917969,0.01072508032789199
566e8d71b2da589a,2021.10.05.07.49.39_veh-52_00770_00905,1.0,2021.10.05.07.49.39_veh-52_00770_00905,1.0,0.0
58d478dd02905d2e,2021.10.05.07.49.39_veh-52_00770_00905,0.9099258630587745,2021.10.05.07.49.39_veh-52_00770_00905,0.930820217164291,0.020894354105516433
594cd290a93f538a,2021.10.05.07.49.39_veh-52_00770_00905,0.92649452288849,2021.10.05.07.49.39_veh-52_00770_00905,0.9432059226581477,0.016711399769657742
5d64663f086f5773,2021.10.05.07.49.39_veh-52_00770_00905,0.875,2021.10.05.07.49.39_veh-52_00770_00905,0.875,0.0
6033b22b61b55675,2021.10.05.07.49.39_veh-52_00770_00905,0.8907034381926299,2021.10.05.07.49.39_veh-52_00770_00905,0.8968656926797605,0.006162254487130592
6a5e2d6a365e51e3,2021.10.05.07.49.39_veh-52_00770_00905,1.0,2021.10.05.07.49.39_veh-52_00770_00905,1.0,0.0
7081f406cf8352ad,2021.10.05.07.49.39_veh-52_00770_00905,0.9279370371232011,2021.10.05.07.49.39_veh-52_00770_00905,0.9358385891924565,0.007901552069255469
72ca346213465d94,2021.10.05.07.49.39_veh-52_00770_00905,0.8914209491270448,2021.10.05.07.49.39_veh-52_00770_00905,0.9028881851624458,0.011467236035401007
7502b22480435c30,2021.10.05.07.49.39_veh-52_00770_00905,0.9335425010380579,2021.10.05.07.49.39_veh-52_00770_00905,0.9421403162572586,0.008597815219200666
79433fe543ae5e50,2021.10.05.07.49.39_veh-52_00770_00905,0.9208125212977899,2021.10.05.07.49.39_veh-52_00770_00905,0.9293750704317081,0.008562549133918185
7ac722bce1da568e,2021.10.05.07.49.39_veh-52_00770_00905,0.9207603790083372,2021.10.05.07.49.39_veh-52_00770_00905,0.9284341936038907,0.007673814595553496
7f7a0a36daf65495,2021.10.05.07.49.39_veh-52_00770_00905,0.9111245407766091,2021.10.05.07.49.39_veh-52_00770_00905,0.9208866178862454,0.00976207710963628
7f7fa83384215a69,2021.10.05.07.49.39_veh-52_00770_00905,0.7748672899250351,2021.10.05.07.49.39_veh-52_00770_00905,0.7814177671862841,0.006550477261249021
83422f60bebd506c,2021.10.05.07.49.39_veh-52_00770_00905,0.9299039131822836,2021.10.05.07.49.39_veh-52_00770_00905,0.9380885920042948,0.008184678822011238
83bc7727c42c5a0f,2021.10.05.07.49.39_veh-52_00770_00905,0.0,2021.10.05.07.49.39_veh-52_00770_00905,0.9364264164733054,0.9364264164733054
85d8f4b6752152e2,2021.10.05.07.49.39_veh-52_00770_00905,0.9180031392954651,2021.10.05.07.49.39_veh-52_00770_00905,0.9273851402390887,0.009382000943623625
86ac4c5dc3e756cf,2021.10.05.07.49.39_veh-52_00770_00905,0.9842280618054756,2021.10.05.07.49.39_veh-52_00770_00905,1.0,0.015771938194524382
876d2dd881f55f91,2021.10.05.07.49.39_veh-52_00770_00905,0.874183513180774,2021.10.05.07.49.39_veh-52_00770_00905,0.8831513655433386,0.008967852362564588
87c7d995609e51c9,2021.10.05.07.49.39_veh-52_00770_00905,0.7764164761298125,2021.10.05.07.49.39_veh-52_00770_00905,0.7841581167569163,0.007741640627103807
8c1c77e3c8a35388,2021.10.05.07.49.39_veh-52_00770_00905,0.9358373836491778,2021.10.05.07.49.39_veh-52_00770_00905,0.9444452893320618,0.008607905682884054
8c61ae7bb33b54ad,2021.10.05.07.49.39_veh-52_00770_00905,0.8982314163621885,2021.10.05.07.49.39_veh-52_00770_00905,0.9042418213388137,0.006010404976625194
8d40c021d3cb5fca,2021.10.05.07.49.39_veh-52_00770_00905,0.9168229281132204,2021.10.05.07.49.39_veh-52_00770_00905,0.9245015507235801,0.0076786226103596755
8f4878c4dcf5558e,2021.10.05.07.49.39_veh-52_00770_00905,1.0,2021.10.05.07.49.39_veh-52_00770_00905,1.0,0.0
90679ae84c8b5d05,2021.10.05.07.49.39_veh-52_00770_00905,0.8680874106671015,2021.10.05.07.49.39_veh-52_00770_00905,0.8864346055329702,0.018347194865868666
93fa17215ed5505c,2021.10.05.07.49.39_veh-52_00770_00905,0.7851413852184175,2021.10.05.07.49.39_veh-52_00770_00905,0.7951402760812438,0.009998890862826348
97b9c6b0d3aa5e6b,2021.10.05.07.49.39_veh-52_00770_00905,1.0,2021.10.05.07.49.39_veh-52_00770_00905,1.0,0.0
97cd0485dadc5c44,2021.10.05.07.49.39_veh-52_00770_00905,0.9657735904047047,2021.10.05.07.49.39_veh-52_00770_00905,0.9814877543791718,0.01571416397446712
9c084095533b564c,2021.10.05.07.49.39_veh-52_00770_00905,0.8850961876756405,2021.10.05.07.49.39_veh-52_00770_00905,0.9050587430941117,0.01996255541847125
a0493e8185235ec7,2021.10.05.07.49.39_veh-52_00770_00905,0.9772846219828344,2021.10.05.07.49.39_veh-52_00770_00905,0.9943044627457479,0.01701984076291352
a17b55560d22530f,2021.10.05.07.49.39_veh-52_00770_00905,1.0,2021.10.05.07.49.39_veh-52_00770_00905,1.0,0.0
ae7aec1b18255951,2021.10.05.07.49.39_veh-52_00770_00905,1.0,2021.10.05.07.49.39_veh-52_00770_00905,1.0,0.0
aee6f2e930d550e1,2021.10.05.07.49.39_veh-52_00770_00905,0.9606299372387885,2021.10.05.07.49.39_veh-52_00770_00905,0.9774111955647774,0.016781258325988868
b2dffb44dcbd58e6,2021.10.05.07.49.39_veh-52_00770_00905,0.9279331839910935,2021.10.05.07.49.39_veh-52_00770_00905,0.9370819667165095,0.009148782725415971
b64e4fd64ae55427,2021.10.05.07.49.39_veh-52_00770_00905,0.8977176191263847,2021.10.05.07.49.39_veh-52_00770_00905,0.9035088288287048,0.005791209702320055
b964d00130375a88,2021.10.05.07.49.39_veh-52_00770_00905,0.9425832812549483,2021.10.05.07.49.39_veh-52_00770_00905,0.9515938484917846,0.009010567236836353
bb22dd65cf5b51dd,2021.10.05.07.49.39_veh-52_00770_00905,0.9375466330353738,2021.10.05.07.49.39_veh-52_00770_00905,0.9463222332489858,0.008775600213612011
c050331009ac5df2,2021.10.05.07.49.39_veh-52_00770_00905,0.9351022446214176,2021.10.05.07.49.39_veh-52_00770_00905,0.9420392990889239,0.006937054467506365
c0921d509e2c502d,2021.10.05.07.49.39_veh-52_00770_00905,1.0,2021.10.05.07.49.39_veh-52_00770_00905,1.0,0.0
c0e018420a2359b3,2021.10.05.07.49.39_veh-52_00770_00905,0.9038993469719876,2021.10.05.07.49.39_veh-52_00770_00905,0.9249269449636287,0.02102759799164111
c77b059c1f3a5674,2021.10.05.07.49.39_veh-52_00770_00905,0.9446226307235042,2021.10.05.07.49.39_veh-52_00770_00905,0.9535729373469115,0.008950306623407345
c7d20bed29e95a90,2021.10.05.07.49.39_veh-52_00770_00905,1.0,2021.10.05.07.49.39_veh-52_00770_00905,1.0,0.0
c876b08cdb7b50ef,2021.10.05.07.49.39_veh-52_00770_00905,0.9270832987126998,2021.10.05.07.49.39_veh-52_00770_00905,0.9369225539758061,0.009839255263106361
d9a26b78907c5afa,2021.10.05.07.49.39_veh-52_00770_00905,0.9006008553472782,2021.10.05.07.49.39_veh-52_00770_00905,0.908659170615004,0.008058315267725824
db9df85eaa605bd1,2021.10.05.07.49.39_veh-52_00770_00905,0.885024921093993,2021.10.05.07.49.39_veh-52_00770_00905,0.892811766308854,0.007786845214860949
dc5adf1f1c2e5567,2021.10.05.07.49.39_veh-52_00770_00905,0.9244066482021243,2021.10.05.07.49.39_veh-52_00770_00905,0.9352302160419861,0.010823567839861825
dccfde2da28d5dbe,2021.10.05.07.49.39_veh-52_00770_00905,0.9287280303236409,2021.10.05.07.49.39_veh-52_00770_00905,0.9372748947749399,0.00854686445129893
dd73b1a1de5253b0,2021.10.05.07.49.39_veh-52_00770_00905,0.9465022781559709,2021.10.05.07.49.39_veh-52_00770_00905,0.9551024175689447,0.008600139412973773
dd9d8e686a345f74,2021.10.05.07.49.39_veh-52_00770_00905,0.9120777541922884,2021.10.05.07.49.39_veh-52_00770_00905,0.9201207293714789,0.008042975179190504
e447ace78361537e,2021.10.05.07.49.39_veh-52_00770_00905,1.0,2021.10.05.07.49.39_veh-52_00770_00905,1.0,0.0
ee7343c491db5537,2021.10.05.07.49.39_veh-52_00770_00905,0.9156257628186522,2021.10.05.07.49.39_veh-52_00770_00905,0.9235716743392981,0.007945911520645943
f062fb353fc1540f,2021.10.05.07.49.39_veh-52_00770_00905,0.9295472498673427,2021.10.05.07.49.39_veh-52_00770_00905,0.9443021158061751,0.014754865938832351
fac63ed354f95c7b,2021.10.05.07.49.39_veh-52_00770_00905,0.9005621704689193,2021.10.05.07.49.39_veh-52_00770_00905,0.9083773124020337,0.007815141933114389
fe1838e14f915f8f,2021.10.05.07.49.39_veh-52_00770_00905,0.9215615662203401,2021.10.05.07.49.39_veh-52_00770_00905,0.9319985322547749,0.01043696603443478
0b6d1ed507635a6e,2021.10.01.17.52.06_veh-28_01141_01264,0.9767680767488245,2021.10.01.17.52.06_veh-28_01141_01264,0.9867093616736563,0.009941284924831817
1753352ab8255c21,2021.10.01.17.52.06_veh-28_01141_01264,0.9715352883768373,2021.10.01.17.52.06_veh-28_01141_01264,0.9845096311772279,0.01297434280039056
1d85875eaf9c5a3f,2021.10.01.17.52.06_veh-28_01141_01264,0.9081401637000189,2021.10.01.17.52.06_veh-28_01141_01264,0.923390251701804,0.015250088001785067
3797925f74955b28,2021.10.01.17.52.06_veh-28_01141_01264,0.9704303537651893,2021.10.01.17.52.06_veh-28_01141_01264,0.9804876862143955,0.010057332449206258
3847daeaf69250c1,2021.10.01.17.52.06_veh-28_01141_01264,0.9046256779654287,2021.10.01.17.52.06_veh-28_01141_01264,0.9115467411053901,0.006921063139961436
3c7e47f60864523a,2021.10.01.17.52.06_veh-28_01141_01264,0.8311407739585219,2021.10.01.17.52.06_veh-28_01141_01264,0.8419045200610469,0.010763746102524951
3de980a9cef75550,2021.10.01.17.52.06_veh-28_01141_01264,0.9669993452696272,2021.10.01.17.52.06_veh-28_01141_01264,0.9788719057091063,0.011872560439479152
4b66fd3a626b5be8,2021.10.01.17.52.06_veh-28_01141_01264,0.9930357979864781,2021.10.01.17.52.06_veh-28_01141_01264,1.0,0.006964202013521881
4c2f4189a319584d,2021.10.01.17.52.06_veh-28_01141_01264,0.8485121585648244,2021.10.01.17.52.06_veh-28_01141_01264,0.8634356883648763,0.014923529800051849
4d431311516d5e88,2021.10.01.17.52.06_veh-28_01141_01264,0.8574177814935469,2021.10.01.17.52.06_veh-28_01141_01264,0.875,0.01758221850645314
51f7835e4ba057be,2021.10.01.17.52.06_veh-28_01141_01264,0.8118352527801567,2021.10.01.17.52.06_veh-28_01141_01264,0.8207525675870427,0.008917314806886067
7e02b53ea6ba556a,2021.10.01.17.52.06_veh-28_01141_01264,0.9796257157614854,2021.10.01.17.52.06_veh-28_01141_01264,0.9886620629770639,0.009036347215578555
7f12e4a7eb7e51c7,2021.10.01.17.52.06_veh-28_01141_01264,0.8054801938192417,2021.10.01.17.52.06_veh-28_01141_01264,0.8128137444641634,0.007333550644921694
8d80fb7fefcd513b,2021.10.01.17.52.06_veh-28_01141_01264,1.0,2021.10.01.17.52.06_veh-28_01141_01264,1.0,0.0
93f4a7c97bf55154,2021.10.01.17.52.06_veh-28_01141_01264,0.7984790496292591,2021.10.01.17.52.06_veh-28_01141_01264,0.9303413098615512,0.13186226023229208
962977e974885acd,2021.10.01.17.52.06_veh-28_01141_01264,0.8885189086328014,2021.10.01.17.52.06_veh-28_01141_01264,0.9054017729676858,0.016882864334884395
9694f4c94c0c55bf,2021.10.01.17.52.06_veh-28_01141_01264,1.0,2021.10.01.17.52.06_veh-28_01141_01264,1.0,0.0
97a3fc19fc7b508e,2021.10.01.17.52.06_veh-28_01141_01264,0.9887777843203159,2021.10.01.17.52.06_veh-28_01141_01264,0.9982240807426341,0.009446296422318201
a43022f0434c530b,2021.10.01.17.52.06_veh-28_01141_01264,0.9850687411827556,2021.10.01.17.52.06_veh-28_01141_01264,1.0,0.014931258817244442
aba976ffd9c451de,2021.10.01.17.52.06_veh-28_01141_01264,0.9630771833883149,2021.10.01.17.52.06_veh-28_01141_01264,0.9775456489430524,0.014468465554737464
ac7799ea12475109,2021.10.01.17.52.06_veh-28_01141_01264,0.9768409027440799,2021.10.01.17.52.06_veh-28_01141_01264,0.9862416734275377,0.009400770683457793
ae423ca6966757cf,2021.10.01.17.52.06_veh-28_01141_01264,0.9842379174131014,2021.10.01.17.52.06_veh-28_01141_01264,0.9954024635243088,0.01116454611120743
b1dfcdc2c85b536b,2021.10.01.17.52.06_veh-28_01141_01264,0.8218665025708543,2021.10.01.17.52.06_veh-28_01141_01264,0.8314983012639825,0.009631798693128246
c3b1d706a2335cc9,2021.10.01.17.52.06_veh-28_01141_01264,1.0,2021.10.01.17.52.06_veh-28_01141_01264,1.0,0.0
cf1b07486b655b3a,2021.10.01.17.52.06_veh-28_01141_01264,0.9872368517019091,2021.10.01.17.52.06_veh-28_01141_01264,0.9971254069682047,0.009888555266295618
d72a31dfc0ec5e11,2021.10.01.17.52.06_veh-28_01141_01264,0.9760896500939902,2021.10.01.17.52.06_veh-28_01141_01264,0.9852458802835018,0.009156230189511616
e9be03d5069b52bc,2021.10.01.17.52.06_veh-28_01141_01264,0.9842021626306431,2021.10.01.17.52.06_veh-28_01141_01264,0.9934626725983926,0.00926050996774952
f4188f0f2c17514d,2021.10.01.17.52.06_veh-28_01141_01264,0.9582408399493392,2021.10.01.17.52.06_veh-28_01141_01264,0.9758813302072853,0.017640490257946118
0090af8e15415a95,2021.06.09.12.06.35_veh-35_01164_01494,0.9302006317120373,2021.06.09.12.06.35_veh-35_01164_01494,0.9422909331000425,0.012090301388005265
01d99dddfff055b4,2021.06.09.12.06.35_veh-35_01164_01494,1.0,2021.06.09.12.06.35_veh-35_01164_01494,1.0,0.0
02036a881c8757cd,2021.06.09.12.06.35_veh-35_01164_01494,0.9529597635444884,2021.06.09.12.06.35_veh-35_01164_01494,0.9616975587799013,0.008737795235412849
02831f0823a75275,2021.06.09.12.06.35_veh-35_01164_01494,0.9401404026331048,2021.06.09.12.06.35_veh-35_01164_01494,0.9512475761448296,0.011107173511724744
052f982083e859d7,2021.06.09.12.06.35_veh-35_01164_01494,0.9318506223959999,2021.06.09.12.06.35_veh-35_01164_01494,0.9418176516672976,0.009967029271297667
09909af20007564a,2021.06.09.12.06.35_veh-35_01164_01494,1.0,2021.06.09.12.06.35_veh-35_01164_01494,1.0,0.0
09a440cb0aeb567a,2021.06.09.12.06.35_veh-35_01164_01494,0.9462097855579444,2021.06.09.12.06.35_veh-35_01164_01494,0.9584806114158173,0.012270825857872869
0a6a37e522035224,2021.06.09.12.06.35_veh-35_01164_01494,0.9693203035339784,2021.06.09.12.06.35_veh-35_01164_01494,0.9799256706047401,0.010605367070761762
1035c6107e4b52d3,2021.06.09.12.06.35_veh-35_01164_01494,0.9689513671814972,2021.06.09.12.06.35_veh-35_01164_01494,0.9809927924368185,0.012041425255321259
108c162aabf552ba,2021.06.09.12.06.35_veh-35_01164_01494,0.9102737802669562,2021.06.09.12.06.35_veh-35_01164_01494,0.9309715105343346,0.020697730267378422
11d448d26126557f,2021.06.09.12.06.35_veh-35_01164_01494,0.9034718206701544,2021.06.09.12.06.35_veh-35_01164_01494,0.9201067003236751,0.01663487965352073
12127170e93a53e9,2021.06.09.12.06.35_veh-35_01164_01494,0.9129561940800874,2021.06.09.12.06.35_veh-35_01164_01494,0.9268915067650738,0.013935312684986378
147c06dffbdb5bc4,2021.06.09.12.06.35_veh-35_01164_01494,0.9796493228045753,2021.06.09.12.06.35_veh-35_01164_01494,0.9918002234965732,0.012150900691997868
1562991f98315d4d,2021.06.09.12.06.35_veh-35_01164_01494,0.9356470956429062,2021.06.09.12.06.35_veh-35_01164_01494,0.9487627055406355,0.013115609897729308
158eecf778cc5684,2021.06.09.12.06.35_veh-35_01164_01494,0.9479533208598279,2021.06.09.12.06.35_veh-35_01164_01494,0.9565253775442724,0.008572056684444496
1cf2faa6760b5e05,2021.06.09.12.06.35_veh-35_01164_01494,1.0,2021.06.09.12.06.35_veh-35_01164_01494,1.0,0.0
1d0ef99351a95bbb,2021.06.09.12.06.35_veh-35_01164_01494,0.8489020568853105,2021.06.09.12.06.35_veh-35_01164_01494,0.9865676251722778,0.1376655682869673
1d1a05de41555e8e,2021.06.09.12.06.35_veh-35_01164_01494,1.0,2021.06.09.12.06.35_veh-35_01164_01494,1.0,0.0
244393f5bb9f567c,2021.06.09.12.06.35_veh-35_01164_01494,1.0,2021.06.09.12.06.35_veh-35_01164_01494,1.0,0.0
2450f437ff34588e,2021.06.09.12.06.35_veh-35_01164_01494,0.9763863682418842,2021.06.09.12.06.35_veh-35_01164_01494,0.9865391329964863,0.01015276475460214
27019672a76d5c98,2021.06.09.12.06.35_veh-35_01164_01494,0.9810451033828361,2021.06.09.12.06.35_veh-35_01164_01494,0.9918216121755572,0.010776508792721073
270857aa66a15114,2021.06.09.12.06.35_veh-35_01164_01494,0.9181661453510981,2021.06.09.12.06.35_veh-35_01164_01494,0.9332838597620543,0.015117714410956218
279398536da35c2b,2021.06.09.12.06.35_veh-35_01164_01494,0.9392124652283974,2021.06.09.12.06.35_veh-35_01164_01494,0.9524439140181735,0.013231448789776112
2bda22fbdbbb50a8,2021.06.09.12.06.35_veh-35_01164_01494,0.9313391876576786,2021.06.09.12.06.35_veh-35_01164_01494,0.9415259874268318,0.010186799769153154
2e524a06f4bc59e8,2021.06.09.12.06.35_veh-35_01164_01494,0.9170239956852317,2021.06.09.12.06.35_veh-35_01164_01494,0.9304611849940434,0.013437189308811659
2fb80e8e9597522f,2021.06.09.12.06.35_veh-35_01164_01494,0.9524567818066771,2021.06.09.12.06.35_veh-35_01164_01494,0.9615006524343479,0.009043870627670758
2fffb118c5535879,2021.06.09.12.06.35_veh-35_01164_01494,0.9414408564145691,2021.06.09.12.06.35_veh-35_01164_01494,0.9542276844478572,0.012786828033288122
31c10b004a0d5f1e,2021.06.09.12.06.35_veh-35_01164_01494,0.936481799369318,2021.06.09.12.06.35_veh-35_01164_01494,0.9481234099671025,0.011641610597784569
32940e6a93e95fd5,2021.06.09.12.06.35_veh-35_01164_01494,0.9829924470338455,2021.06.09.12.06.35_veh-35_01164_01494,0.9989972605964255,0.01600481356257999
329eb6cc8c325f71,2021.06.09.12.06.35_veh-35_01164_01494,0.9321432375292396,2021.06.09.12.06.35_veh-35_01164_01494,0.944491363174034,0.012348125644794483
36a87f95e5a05e75,2021.06.09.12.06.35_veh-35_01164_01494,0.9687919841975777,2021.06.09.12.06.35_veh-35_01164_01494,0.9839164340758132,0.015124449878235469
3746d6f474565ca0,2021.06.09.12.06.35_veh-35_01164_01494,0.9291846438843204,2021.06.09.12.06.35_veh-35_01164_01494,0.9392673010876399,0.010082657203319467
3c0e5824b0785582,2021.06.09.12.06.35_veh-35_01164_01494,1.0,2021.06.09.12.06.35_veh-35_01164_01494,1.0,0.0
3c6c773db2f558e5,2021.06.09.12.06.35_veh-35_01164_01494,0.9384428195030585,2021.06.09.12.06.35_veh-35_01164_01494,0.9501955976391985,0.011752778136139952
3f69fae28f2b5905,2021.06.09.12.06.35_veh-35_01164_01494,0.9961702347019258,2021.06.09.12.06.35_veh-35_01164_01494,1.0,0.003829765298074217
3f83ff89a0b8508a,2021.06.09.12.06.35_veh-35_01164_01494,0.9741002964793715,2021.06.09.12.06.35_veh-35_01164_01494,0.9841640237121552,0.010063727232783704
3fdaab2718695484,2021.06.09.12.06.35_veh-35_01164_01494,0.9434855051922366,2021.06.09.12.06.35_veh-35_01164_01494,0.955716037723859,0.012230532531622429
42ba979bc4555510,2021.06.09.12.06.35_veh-35_01164_01494,0.9907436332330313,2021.06.09.12.06.35_veh-35_01164_01494,1.0,0.009256366766968727
433f5b72f4465952,2021.06.09.12.06.35_veh-35_01164_01494,0.9588514671608886,2021.06.09.12.06.35_veh-35_01164_01494,0.9693242935448371,0.01047282638394842
473469a94bd255b5,2021.06.09.12.06.35_veh-35_01164_01494,0.9147040961296563,2021.06.09.12.06.35_veh-35_01164_01494,0.9354945247008649,0.020790428571208608
48ff23d4f1d15802,2021.06.09.12.06.35_veh-35_01164_01494,0.9807388532510154,2021.06.09.12.06.35_veh-35_01164_01494,0.9940243279665129,0.013285474715497458
4aa20b4afd5d585e,2021.06.09.12.06.35_veh-35_01164_01494,0.9346075503144615,2021.06.09.12.06.35_veh-35_01164_01494,0.9537955634301829,0.01918801311572138
4b0684256b7c514b,2021.06.09.12.06.35_veh-35_01164_01494,0.9631467197904567,2021.06.09.12.06.35_veh-35_01164_01494,0.973190721735651,0.01004400194519428
4c353752376d5c25,2021.06.09.12.06.35_veh-35_01164_01494,0.9635475654996362,2021.06.09.12.06.35_veh-35_01164_01494,0.8492379537570546,-0.11430961174258158
50b0ab9dfc405cae,2021.06.09.12.06.35_veh-35_01164_01494,0.9345589496232554,2021.06.09.12.06.35_veh-35_01164_01494,0.9521817499412482,0.017622800317992793
54ea093eed9f5c7f,2021.06.09.12.06.35_veh-35_01164_01494,0.9509757169403628,2021.06.09.12.06.35_veh-35_01164_01494,0.960663310503522,0.009687593563159291
55d627edf1c05c6c,2021.06.09.12.06.35_veh-35_01164_01494,1.0,2021.06.09.12.06.35_veh-35_01164_01494,1.0,0.0
592e6aa71cc85423,2021.06.09.12.06.35_veh-35_01164_01494,0.9525985189015732,2021.06.09.12.06.35_veh-35_01164_01494,0.9973726633308038,0.044774144429230556
5980823125de5b77,2021.06.09.12.06.35_veh-35_01164_01494,0.9277963364879062,2021.06.09.12.06.35_veh-35_01164_01494,0.9388115928304875,0.011015256342581381
59cd72291d1b5c61,2021.06.09.12.06.35_veh-35_01164_01494,0.9766754042704875,2021.06.09.12.06.35_veh-35_01164_01494,0.9909945089227974,0.0143191046523099
5b1c7c1d71e85bd9,2021.06.09.12.06.35_veh-35_01164_01494,0.9449045581740775,2021.06.09.12.06.35_veh-35_01164_01494,0.9626817974484996,0.017777239274422096
5b9d89b5e90257d8,2021.06.09.12.06.35_veh-35_01164_01494,0.9917714462311416,2021.06.09.12.06.35_veh-35_01164_01494,1.0,0.008228553768858449
5d2ee5c23b555bac,2021.06.09.12.06.35_veh-35_01164_01494,0.9910694204739616,2021.06.09.12.06.35_veh-35_01164_01494,1.0,0.008930579526038374
5fec23f5a5d052cd,2021.06.09.12.06.35_veh-35_01164_01494,0.9689662280358791,2021.06.09.12.06.35_veh-35_01164_01494,0.9807482295642233,0.011782001528344188
633ee0b9bc865394,2021.06.09.12.06.35_veh-35_01164_01494,0.9160908759061299,2021.06.09.12.06.35_veh-35_01164_01494,0.9329106587711429,0.016819782865012955
679848c50acb5b02,2021.06.09.12.06.35_veh-35_01164_01494,1.0,2021.06.09.12.06.35_veh-35_01164_01494,1.0,0.0
694febdb81105aa6,2021.06.09.12.06.35_veh-35_01164_01494,1.0,2021.06.09.12.06.35_veh-35_01164_01494,1.0,0.0
6a9a24d0bacf5229,2021.06.09.12.06.35_veh-35_01164_01494,0.921111965641495,2021.06.09.12.06.35_veh-35_01164_01494,0.9364697044516077,0.015357738810112709
6ee8095e2d8b599c,2021.06.09.12.06.35_veh-35_01164_01494,0.9803854845961011,2021.06.09.12.06.35_veh-35_01164_01494,0.9952898588890903,0.014904374292989186
6f6d3439591151c0,2021.06.09.12.06.35_veh-35_01164_01494,1.0,2021.06.09.12.06.35_veh-35_01164_01494,1.0,0.0
6fcb034448195e87,2021.06.09.12.06.35_veh-35_01164_01494,0.9599114780610668,2021.06.09.12.06.35_veh-35_01164_01494,0.971339700613328,0.011428222552261169
703f27b09d325c11,2021.06.09.12.06.35_veh-35_01164_01494,0.975934967945689,2021.06.09.12.06.35_veh-35_01164_01494,0.9869542115875809,0.011019243641891885
70c37dde93f25c64,2021.06.09.12.06.35_veh-35_01164_01494,0.9717867791175274,2021.06.09.12.06.35_veh-35_01164_01494,0.9816868236515457,0.00990004453401827
72ba153a1fc059c6,2021.06.09.12.06.35_veh-35_01164_01494,0.9928427889020196,2021.06.09.12.06.35_veh-35_01164_01494,1.0,0.007157211097980398
74c5a4e255b950f7,2021.06.09.12.06.35_veh-35_01164_01494,0.9785698997104,2021.06.09.12.06.35_veh-35_01164_01494,0.9909094407538663,0.012339541043466351
78bd4a0ea3e35682,2021.06.09.12.06.35_veh-35_01164_01494,0.9350240592411214,2021.06.09.12.06.35_veh-35_01164_01494,0.949839425692004,0.01481536645088255
7d14dc9e1394504c,2021.06.09.12.06.35_veh-35_01164_01494,1.0,2021.06.09.12.06.35_veh-35_01164_01494,1.0,0.0
7dc37d18911457a8,2021.06.09.12.06.35_veh-35_01164_01494,0.9290261744109922,2021.06.09.12.06.35_veh-35_01164_01494,0.9398918362283064,0.010865661817314187
7e664b90d195584d,2021.06.09.12.06.35_veh-35_01164_01494,0.9840702464903489,2021.06.09.12.06.35_veh-35_01164_01494,0.9990438728631532,0.014973626372804305
7e682022c639513c,2021.06.09.12.06.35_veh-35_01164_01494,1.0,2021.06.09.12.06.35_veh-35_01164_01494,1.0,0.0
7eb9806c2ac25fd6,2021.06.09.12.06.35_veh-35_01164_01494,1.0,2021.06.09.12.06.35_veh-35_01164_01494,1.0,0.0
8381aa53dbb55c90,2021.06.09.12.06.35_veh-35_01164_01494,0.9542682590571245,2021.06.09.12.06.35_veh-35_01164_01494,0.9681770902909441,0.013908831233819585
8bb9b664551e5148,2021.06.09.12.06.35_veh-35_01164_01494,1.0,2021.06.09.12.06.35_veh-35_01164_01494,1.0,0.0
8fc1509fbdee54ac,2021.06.09.12.06.35_veh-35_01164_01494,0.9166721113372758,2021.06.09.12.06.35_veh-35_01164_01494,0.9303668321384049,0.013694720801129101
9453e27e0bc25019,2021.06.09.12.06.35_veh-35_01164_01494,0.9931815351919469,2021.06.09.12.06.35_veh-35_01164_01494,1.0,0.0068184648080531485
946cb4c69bd85da6,2021.06.09.12.06.35_veh-35_01164_01494,0.953209540674042,2021.06.09.12.06.35_veh-35_01164_01494,0.9670543907410978,0.013844850067055825
97b60971053a5a8f,2021.06.09.12.06.35_veh-35_01164_01494,0.9455747654103659,2021.06.09.12.06.35_veh-35_01164_01494,0.9612438456117309,0.015669080201365038
99ded0a5f4475071,2021.06.09.12.06.35_veh-35_01164_01494,0.9562901005561258,2021.06.09.12.06.35_veh-35_01164_01494,0.969709967914644,0.01341986735851819
9a3297e2227653e7,2021.06.09.12.06.35_veh-35_01164_01494,0.9109535277218703,2021.06.09.12.06.35_veh-35_01164_01494,0.9300373502574999,0.01908382253562957
9b3708708fbd550f,2021.06.09.12.06.35_veh-35_01164_01494,0.9473149084328341,2021.06.09.12.06.35_veh-35_01164_01494,0.9594793108289468,0.012164402396112717
9cb570dc6b2b5355,2021.06.09.12.06.35_veh-35_01164_01494,0.9410161262371843,2021.06.09.12.06.35_veh-35_01164_01494,0.9538349557385516,0.012818829501367257
a1722fd06916560d,2021.06.09.12.06.35_veh-35_01164_01494,0.930023101336703,2021.06.09.12.06.35_veh-35_01164_01494,0.9452164988067994,0.015193397470096404
a22e6b1ef8655ecf,2021.06.09.12.06.35_veh-35_01164_01494,0.9192419392612241,2021.06.09.12.06.35_veh-35_01164_01494,0.9354540785677633,0.016212139306539197
a30635daffc75118,2021.06.09.12.06.35_veh-35_01164_01494,1.0,2021.06.09.12.06.35_veh-35_01164_01494,1.0,0.0
a61c2bbd0f3d5d8b,2021.06.09.12.06.35_veh-35_01164_01494,0.9929604522846973,2021.06.09.12.06.35_veh-35_01164_01494,1.0,0.007039547715302685
af72d87120a75e89,2021.06.09.12.06.35_veh-35_01164_01494,1.0,2021.06.09.12.06.35_veh-35_01164_01494,1.0,0.0
b007973e1a8c56cb,2021.06.09.12.06.35_veh-35_01164_01494,0.9721171515470033,2021.06.09.12.06.35_veh-35_01164_01494,0.9825942839111543,0.010477132364151043
b23ede9a183b5b71,2021.06.09.12.06.35_veh-35_01164_01494,0.9297587769702916,2021.06.09.12.06.35_veh-35_01164_01494,0.9391050324343235,0.009346255464031894
b5de22e724db5143,2021.06.09.12.06.35_veh-35_01164_01494,0.8769077337745794,2021.06.09.12.06.35_veh-35_01164_01494,0.9040935535108432,0.027185819736263772
b6aac26e82e05762,2021.06.09.12.06.35_veh-35_01164_01494,0.9805232990046656,2021.06.09.12.06.35_veh-35_01164_01494,0.9949687502291605,0.01444545122449492
b7bf330d5c115db3,2021.06.09.12.06.35_veh-35_01164_01494,0.9770770629857889,2021.06.09.12.06.35_veh-35_01164_01494,0.9920924376498012,0.01501537466401226
b91fedc2a88751e1,2021.06.09.12.06.35_veh-35_01164_01494,1.0,2021.06.09.12.06.35_veh-35_01164_01494,1.0,0.0
be8cd276bd665f61,2021.06.09.12.06.35_veh-35_01164_01494,0.9326530158013828,2021.06.09.12.06.35_veh-35_01164_01494,0.9466622872012329,0.014009271399850087
c1e04a28d50f5105,2021.06.09.12.06.35_veh-35_01164_01494,1.0,2021.06.09.12.06.35_veh-35_01164_01494,1.0,0.0
c588c26050e057b1,2021.06.09.12.06.35_veh-35_01164_01494,1.0,2021.06.09.12.06.35_veh-35_01164_01494,1.0,0.0
c8b5826567975fc0,2021.06.09.12.06.35_veh-35_01164_01494,1.0,2021.06.09.12.06.35_veh-35_01164_01494,1.0,0.0
ca626e7ddb9c5a11,2021.06.09.12.06.35_veh-35_01164_01494,1.0,2021.06.09.12.06.35_veh-35_01164_01494,1.0,0.0
cd880952086a553c,2021.06.09.12.06.35_veh-35_01164_01494,0.9529103948703641,2021.06.09.12.06.35_veh-35_01164_01494,0.9635528222469495,0.010642427376585384
cf11598e8f995d83,2021.06.09.12.06.35_veh-35_01164_01494,0.9641733316543772,2021.06.09.12.06.35_veh-35_01164_01494,0.9789107791808112,0.014737447526433911
d1fc6c37998c5b40,2021.06.09.12.06.35_veh-35_01164_01494,0.9470872854192636,2021.06.09.12.06.35_veh-35_01164_01494,0.9611873201966876,0.014100034777424053
d3addd2ca8c15a58,2021.06.09.12.06.35_veh-35_01164_01494,0.9379478954142431,2021.06.09.12.06.35_veh-35_01164_01494,0.9511611985478474,0.01321330313360436
d9d4ea61407b50cf,2021.06.09.12.06.35_veh-35_01164_01494,0.9606400457049517,2021.06.09.12.06.35_veh-35_01164_01494,0.9748212518271411,0.014181206122189427
dcc745e412fe5fbd,2021.06.09.12.06.35_veh-35_01164_01494,0.9357108386197197,2021.06.09.12.06.35_veh-35_01164_01494,0.9510703698051358,0.015359531185416109
e0aa4d3682c6594a,2021.06.09.12.06.35_veh-35_01164_01494,0.9569069281552368,2021.06.09.12.06.35_veh-35_01164_01494,0.9666388737487326,0.009731945593495772
e2ff3a9fc9e0580d,2021.06.09.12.06.35_veh-35_01164_01494,0.9645064762965929,2021.06.09.12.06.35_veh-35_01164_01494,0.9776339579307698,0.013127481634176874
e59bd5d207065b9a,2021.06.09.12.06.35_veh-35_01164_01494,0.9275449226047296,2021.06.09.12.06.35_veh-35_01164_01494,0.9375098864539209,0.00996496384919121
e80eed1fab2c5cfd,2021.06.09.12.06.35_veh-35_01164_01494,1.0,2021.06.09.12.06.35_veh-35_01164_01494,1.0,0.0
e8f2bc430a065486,2021.06.09.12.06.35_veh-35_01164_01494,0.912405144912097,2021.06.09.12.06.35_veh-35_01164_01494,0.9245094165447625,0.012104271632665475
ef10184224ba5d25,2021.06.09.12.06.35_veh-35_01164_01494,0.9529747354661622,2021.06.09.12.06.35_veh-35_01164_01494,0.9650101067780513,0.012035371311889143
ef7fb7627f735a41,2021.06.09.12.06.35_veh-35_01164_01494,1.0,2021.06.09.12.06.35_veh-35_01164_01494,1.0,0.0
f56dfbb996385805,2021.06.09.12.06.35_veh-35_01164_01494,0.8901633136402334,2021.06.09.12.06.35_veh-35_01164_01494,0.913608911794378,0.023445598154144598
faa10d766e1e5675,2021.06.09.12.06.35_veh-35_01164_01494,0.9757220160823938,2021.06.09.12.06.35_veh-35_01164_01494,0.8653387156108074,-0.1103833004715864
fba4ada6e76d51d5,2021.06.09.12.06.35_veh-35_01164_01494,0.8841482392517319,2021.06.09.12.06.35_veh-35_01164_01494,0.9054346919109517,0.0212864526592198
fdc30f8fc86655b0,2021.06.09.12.06.35_veh-35_01164_01494,0.9315696664871284,2021.06.09.12.06.35_veh-35_01164_01494,0.9471136354888513,0.015543969001722946
ffd3019de9f75d89,2021.06.09.12.06.35_veh-35_01164_01494,0.9041145526905516,2021.06.09.12.06.35_veh-35_01164_01494,0.9236753818739123,0.019560829183360662
0034182453455593,2021.07.09.15.53.28_veh-38_00184_02293,0.9356073708984944,2021.07.09.15.53.28_veh-38_00184_02293,0.9462981926985792,0.010690821800084738
0063186407485185,2021.07.09.15.53.28_veh-38_00184_02293,1.0,2021.07.09.15.53.28_veh-38_00184_02293,1.0,0.0
00bf064b40495a06,2021.07.09.15.53.28_veh-38_00184_02293,0.9537773345431325,2021.07.09.15.53.28_veh-38_00184_02293,0.8388936592556637,-0.11488367528746879
00e32fcdcf455ae8,2021.07.09.15.53.28_veh-38_00184_02293,1.0,2021.07.09.15.53.28_veh-38_00184_02293,1.0,0.0
016139f70ba255f4,2021.07.09.15.53.28_veh-38_00184_02293,1.0,2021.07.09.15.53.28_veh-38_00184_02293,1.0,0.0
017f6ea65a675bd0,2021.07.09.15.53.28_veh-38_00184_02293,0.983661087523075,2021.07.09.15.53.28_veh-38_00184_02293,0.9993156371764871,0.015654549653412064
019be72ca2035269,2021.07.09.15.53.28_veh-38_00184_02293,0.8335689618945414,2021.07.09.15.53.28_veh-38_00184_02293,0.8418055207326394,0.00823655883809793
01f29c09064f597d,2021.07.09.15.53.28_veh-38_00184_02293,1.0,2021.07.09.15.53.28_veh-38_00184_02293,1.0,0.0
02271efb56ca5e62,2021.07.09.15.53.28_veh-38_00184_02293,1.0,2021.07.09.15.53.28_veh-38_00184_02293,1.0,0.0
0242cf7ebae4537a,2021.07.09.15.53.28_veh-38_00184_02293,0.9813180158860129,2021.07.09.15.53.28_veh-38_00184_02293,0.9964528209263371,0.015134805040324273
039d81c335fa5830,2021.07.09.15.53.28_veh-38_00184_02293,1.0,2021.07.09.15.53.28_veh-38_00184_02293,1.0,0.0
03d3158b8faf5c81,2021.07.09.15.53.28_veh-38_00184_02293,1.0,2021.07.09.15.53.28_veh-38_00184_02293,1.0,0.0
03fe497641cc5a31,2021.07.09.15.53.28_veh-38_00184_02293,0.8745005644016968,2021.07.09.15.53.28_veh-38_00184_02293,0.8897192174268446,0.0152186530251478
0454457b4d6a5d20,2021.07.09.15.53.28_veh-38_00184_02293,0.8571428571428571,2021.07.09.15.53.28_veh-38_00184_02293,0.8571428571428571,0.0
04db6d7b763754ac,2021.07.09.15.53.28_veh-38_00184_02293,1.0,2021.07.09.15.53.28_veh-38_00184_02293,1.0,0.0
04eb8d64f2795c58,2021.07.09.15.53.28_veh-38_00184_02293,0.0,2021.07.09.15.53.28_veh-38_00184_02293,0.0,0.0
0683a44547c053e2,2021.07.09.15.53.28_veh-38_00184_02293,1.0,2021.07.09.15.53.28_veh-38_00184_02293,1.0,0.0
06c973b2073057ab,2021.07.09.15.53.28_veh-38_00184_02293,0.9414695451973385,2021.07.09.15.53.28_veh-38_00184_02293,0.9523241656521064,0.010854620454767927
06f9275753de5cb6,2021.07.09.15.53.28_veh-38_00184_02293,1.0,2021.07.09.15.53.28_veh-38_00184_02293,1.0,0.0
07667d039f5755fc,2021.07.09.15.53.28_veh-38_00184_02293,0.875,2021.07.09.15.53.28_veh-38_00184_02293,1.0,0.125
0818730194515784,2021.07.09.15.53.28_veh-38_00184_02293,1.0,2021.07.09.15.53.28_veh-38_00184_02293,1.0,0.0
0845cc2551fa5e03,2021.07.09.15.53.28_veh-38_00184_02293,1.0,2021.07.09.15.53.28_veh-38_00184_02293,1.0,0.0
08b90ea812f95157,2021.07.09.15.53.28_veh-38_00184_02293,0.875,2021.07.09.15.53.28_veh-38_00184_02293,0.875,0.0
08e86035c86c59cf,2021.07.09.15.53.28_veh-38_00184_02293,1.0,2021.07.09.15.53.28_veh-38_00184_02293,1.0,0.0
08fef85e66fe56c4,2021.07.09.15.53.28_veh-38_00184_02293,0.9583871871426368,2021.07.09.15.53.28_veh-38_00184_02293,0.9707160444013792,0.012328857258742332
0a508df3445152b0,2021.07.09.15.53.28_veh-38_00184_02293,0.9787597361745397,2021.07.09.15.53.28_veh-38_00184_02293,0.9942581674380061,0.015498431263466395
0b19cdb05d2c5e68,2021.07.09.15.53.28_veh-38_00184_02293,0.9396116669893805,2021.07.09.15.53.28_veh-38_00184_02293,0.953884002552402,0.014272335563021543
0b22e62e12cf5607,2021.07.09.15.53.28_veh-38_00184_02293,0.9411418340283351,2021.07.09.15.53.28_veh-38_00184_02293,0.9547960205570806,0.013654186528745504
0b67d7e9536256af,2021.07.09.15.53.28_veh-38_00184_02293,0.793217797410968,2021.07.09.15.53.28_veh-38_00184_02293,0.7990461502146786,0.005828352803710635
0c6651f095895012,2021.07.09.15.53.28_veh-38_00184_02293,0.875,2021.07.09.15.53.28_veh-38_00184_02293,0.875,0.0
0c71f6071ee054a8,2021.07.09.15.53.28_veh-38_00184_02293,0.9877648206351455,2021.07.09.15.53.28_veh-38_00184_02293,0.9997203154306884,0.01195549479554292
0ce992b41b7854f8,2021.07.09.15.53.28_veh-38_00184_02293,1.0,2021.07.09.15.53.28_veh-38_00184_02293,1.0,0.0
0daae1bedaae53c5,2021.07.09.15.53.28_veh-38_00184_02293,0.9090981989436081,2021.07.09.15.53.28_veh-38_00184_02293,0.9266972985189366,0.01759909957532846
0ee4062c48cc50d9,2021.07.09.15.53.28_veh-38_00184_02293,0.9731764516556068,2021.07.09.15.53.28_veh-38_00184_02293,0.9857343568791517,0.01255790522354483
0f4042e7f1995020,2021.07.09.15.53.28_veh-38_00184_02293,1.0,2021.07.09.15.53.28_veh-38_00184_02293,1.0,0.0
0fb7c8347ef25535,2021.07.09.15.53.28_veh-38_00184_02293,0.8571428571428571,2021.07.09.15.53.28_veh-38_00184_02293,0.8571428571428571,0.0
100ed6de0208550f,2021.07.09.15.53.28_veh-38_00184_02293,0.9300523378331018,2021.07.09.15.53.28_veh-38_00184_02293,0.9606178067950795,0.03056546896197765
10b7dc9bd96e550a,2021.07.09.15.53.28_veh-38_00184_02293,0.9333915882592156,2021.07.09.15.53.28_veh-38_00184_02293,0.9597565899374747,0.02636500167825906
10f0de18ec3d5c9f,2021.07.09.15.53.28_veh-38_00184_02293,0.9585820086113309,2021.07.09.15.53.28_veh-38_00184_02293,0.970258541830065,0.011676533218734075
10f2a63b52ff556a,2021.07.09.15.53.28_veh-38_00184_02293,0.9841243932488645,2021.07.09.15.53.28_veh-38_00184_02293,1.0,0.01587560675113553
114020a7beaf5151,2021.07.09.15.53.28_veh-38_00184_02293,0.9672048471607733,2021.07.09.15.53.28_veh-38_00184_02293,0.9807825177417986,0.013577670581025325
1150ab6954775965,2021.07.09.15.53.28_veh-38_00184_02293,0.9263571614937869,2021.07.09.15.53.28_veh-38_00184_02293,0.9429967755077837,0.01663961401399683
11fb8402c7ed5f38,2021.07.09.15.53.28_veh-38_00184_02293,1.0,2021.07.09.15.53.28_veh-38_00184_02293,1.0,0.0
1201ef26669d52b5,2021.07.09.15.53.28_veh-38_00184_02293,1.0,2021.07.09.15.53.28_veh-38_00184_02293,1.0,0.0
122bed8802a05ae2,2021.07.09.15.53.28_veh-38_00184_02293,1.0,2021.07.09.15.53.28_veh-38_00184_02293,1.0,0.0
12529e1e5d23525d,2021.07.09.15.53.28_veh-38_00184_02293,0.987801732925458,2021.07.09.15.53.28_veh-38_00184_02293,0.0,-0.987801732925458
12927478268a52a7,2021.07.09.15.53.28_veh-38_00184_02293,0.8298425570335106,2021.07.09.15.53.28_veh-38_00184_02293,0.838587733132165,0.008745176098654328
12a303e7e3b85492,2021.07.09.15.53.28_veh-38_00184_02293,0.9385376297781549,2021.07.09.15.53.28_veh-38_00184_02293,0.9504789625554261,0.011941332777271163
157d3b777d315364,2021.07.09.15.53.28_veh-38_00184_02293,1.0,2021.07.09.15.53.28_veh-38_00184_02293,1.0,0.0
160b363bd86953af,2021.07.09.15.53.28_veh-38_00184_02293,0.9701840485590121,2021.07.09.15.53.28_veh-38_00184_02293,0.9896468100772295,0.019462761518217464
166f157b4b935a1e,2021.07.09.15.53.28_veh-38_00184_02293,1.0,2021.07.09.15.53.28_veh-38_00184_02293,1.0,0.0
16a726067f77532d,2021.07.09.15.53.28_veh-38_00184_02293,1.0,2021.07.09.15.53.28_veh-38_00184_02293,1.0,0.0
17184a5491105047,2021.07.09.15.53.28_veh-38_00184_02293,0.9432863785819615,2021.07.09.15.53.28_veh-38_00184_02293,0.959332335953188,0.016045957371226494
173ff7e858e65a62,2021.07.09.15.53.28_veh-38_00184_02293,0.875,2021.07.09.15.53.28_veh-38_00184_02293,0.875,0.0
17b43b911252571c,2021.07.09.15.53.28_veh-38_00184_02293,1.0,2021.07.09.15.53.28_veh-38_00184_02293,1.0,0.0
187e7d991c2f5f40,2021.07.09.15.53.28_veh-38_00184_02293,0.75,2021.07.09.15.53.28_veh-38_00184_02293,0.75,0.0
19ab8e323ac35fe4,2021.07.09.15.53.28_veh-38_00184_02293,1.0,2021.07.09.15.53.28_veh-38_00184_02293,1.0,0.0
1a3449b28c115162,2021.07.09.15.53.28_veh-38_00184_02293,0.8386565295757553,2021.07.09.15.53.28_veh-38_00184_02293,0.847347856485748,0.008691326909992636
1afe562ad29b5222,2021.07.09.15.53.28_veh-38_00184_02293,0.9882559948671369,2021.07.09.15.53.28_veh-38_00184_02293,1.0,0.011744005132863111
1c773439ca9d5158,2021.07.09.15.53.28_veh-38_00184_02293,1.0,2021.07.09.15.53.28_veh-38_00184_02293,1.0,0.0
1d190091101d5d75,2021.07.09.15.53.28_veh-38_00184_02293,0.9693020470172079,2021.07.09.15.53.28_veh-38_00184_02293,0.9800010725758632,0.010699025558655317
1d5c498a699a59e8,2021.07.09.15.53.28_veh-38_00184_02293,0.9509742571530716,2021.07.09.15.53.28_veh-38_00184_02293,0.9604862110639315,0.009511953910859905
1d7f9f198e0c57bc,2021.07.09.15.53.28_veh-38_00184_02293,0.9335658639205016,2021.07.09.15.53.28_veh-38_00184_02293,0.9539644698147015,0.02039860589419995
1f6b057612b05e65,2021.07.09.15.53.28_veh-38_00184_02293,0.9593177216923041,2021.07.09.15.53.28_veh-38_00184_02293,0.9651581849212794,0.005840463228975246
1f9f230417e15e61,2021.07.09.15.53.28_veh-38_00184_02293,0.9773834577575276,2021.07.09.15.53.28_veh-38_00184_02293,0.9893317130398378,0.01194825528231025
2086208681525f54,2021.07.09.15.53.28_veh-38_00184_02293,1.0,2021.07.09.15.53.28_veh-38_00184_02293,1.0,0.0
208c2da460fa56a1,2021.07.09.15.53.28_veh-38_00184_02293,1.0,2021.07.09.15.53.28_veh-38_00184_02293,1.0,0.0
20e59db136d85ccd,2021.07.09.15.53.28_veh-38_00184_02293,0.9449907954847834,2021.07.09.15.53.28_veh-38_00184_02293,0.9550095142926089,0.010018718807825566
2138f8abf5aa5086,2021.07.09.15.53.28_veh-38_00184_02293,0.9740697926502004,2021.07.09.15.53.28_veh-38_00184_02293,0.9903155807352634,0.01624578808506294
213d831946e758b5,2021.07.09.15.53.28_veh-38_00184_02293,1.0,2021.07.09.15.53.28_veh-38_00184_02293,1.0,0.0
219791f316b25308,2021.07.09.15.53.28_veh-38_00184_02293,0.9495038666847947,2021.07.09.15.53.28_veh-38_00184_02293,0.9598868997871514,0.010383033102356665
21b0e617e7895ac7,2021.07.09.15.53.28_veh-38_00184_02293,0.9796908890754683,2021.07.09.15.53.28_veh-38_00184_02293,0.8707733530205469,-0.10891753605492138
21c0033d52fd5d2e,2021.07.09.15.53.28_veh-38_00184_02293,0.9690641957107303,2021.07.09.15.53.28_veh-38_00184_02293,0.9822824190007274,0.01321822328999711
2289e9f520ca5cb5,2021.07.09.15.53.28_veh-38_00184_02293,1.0,2021.07.09.15.53.28_veh-38_00184_02293,1.0,0.0
2326cface78153de,2021.07.09.15.53.28_veh-38_00184_02293,1.0,2021.07.09.15.53.28_veh-38_00184_02293,1.0,0.0
2376051bafd45146,2021.07.09.15.53.28_veh-38_00184_02293,1.0,2021.07.09.15.53.28_veh-38_00184_02293,1.0,0.0
23c7e87c04f759c9,2021.07.09.15.53.28_veh-38_00184_02293,1.0,2021.07.09.15.53.28_veh-38_00184_02293,1.0,0.0
2406f00812785216,2021.07.09.15.53.28_veh-38_00184_02293,0.9884920344301943,2021.07.09.15.53.28_veh-38_00184_02293,1.0,0.011507965569805712
243432f80b85567a,2021.07.09.15.53.28_veh-38_00184_02293,1.0,2021.07.09.15.53.28_veh-38_00184_02293,1.0,0.0
24c57bb0eceb546a,2021.07.09.15.53.28_veh-38_00184_02293,1.0,2021.07.09.15.53.28_veh-38_00184_02293,1.0,0.0
24f6ff800c7758e8,2021.07.09.15.53.28_veh-38_00184_02293,1.0,2021.07.09.15.53.28_veh-38_00184_02293,1.0,0.0
2518c058a2765f66,2021.07.09.15.53.28_veh-38_00184_02293,0.9814956196907085,2021.07.09.15.53.28_veh-38_00184_02293,0.9966194539420165,0.015123834251307922
25b3e3f15fcc5058,2021.07.09.15.53.28_veh-38_00184_02293,1.0,2021.07.09.15.53.28_veh-38_00184_02293,1.0,0.0
263e3ce08f7e5a9e,2021.07.09.15.53.28_veh-38_00184_02293,1.0,2021.07.09.15.53.28_veh-38_00184_02293,1.0,0.0
2660a8dfda2a550d,2021.07.09.15.53.28_veh-38_00184_02293,1.0,2021.07.09.15.53.28_veh-38_00184_02293,1.0,0.0
276846ef566e5945,2021.07.09.15.53.28_veh-38_00184_02293,0.8204840110868199,2021.07.09.15.53.28_veh-38_00184_02293,0.9558965949730656,0.13541258388624566
27d7adfa2e2d541b,2021.07.09.15.53.28_veh-38_00184_02293,0.9910953585724132,2021.07.09.15.53.28_veh-38_00184_02293,1.0,0.008904641427586846
27df9e405dfa51cf,2021.07.09.15.53.28_veh-38_00184_02293,1.0,2021.07.09.15.53.28_veh-38_00184_02293,1.0,0.0
2836a66135315e7f,2021.07.09.15.53.28_veh-38_00184_02293,1.0,2021.07.09.15.53.28_veh-38_00184_02293,0.0,-1.0
293144d2f3ec5131,2021.07.09.15.53.28_veh-38_00184_02293,1.0,2021.07.09.15.53.28_veh-38_00184_02293,1.0,0.0
2962782cdb8e59b1,2021.07.09.15.53.28_veh-38_00184_02293,1.0,2021.07.09.15.53.28_veh-38_00184_02293,1.0,0.0
297c4fe13c4c5640,2021.07.09.15.53.28_veh-38_00184_02293,1.0,2021.07.09.15.53.28_veh-38_00184_02293,1.0,0.0
2999ded848495d55,2021.07.09.15.53.28_veh-38_00184_02293,1.0,2021.07.09.15.53.28_veh-38_00184_02293,1.0,0.0
2add9922dc495e95,2021.07.09.15.53.28_veh-38_00184_02293,0.9347019937256947,2021.07.09.15.53.28_veh-38_00184_02293,0.9497077598068773,0.015005766081182537
2bade763a35e571a,2021.07.09.15.53.28_veh-38_00184_02293,0.9691506519917521,2021.07.09.15.53.28_veh-38_00184_02293,0.9842140000494055,0.015063348057653414
2c1db842cc915519,2021.07.09.15.53.28_veh-38_00184_02293,1.0,2021.07.09.15.53.28_veh-38_00184_02293,1.0,0.0
2d903e0fb16154d9,2021.07.09.15.53.28_veh-38_00184_02293,1.0,2021.07.09.15.53.28_veh-38_00184_02293,1.0,0.0
2d9e55899f36514b,2021.07.09.15.53.28_veh-38_00184_02293,1.0,2021.07.09.15.53.28_veh-38_00184_02293,0.875,-0.125
2da0a5236af95e03,2021.07.09.15.53.28_veh-38_00184_02293,0.950255922954563,2021.07.09.15.53.28_veh-38_00184_02293,0.9587584963775173,0.008502573422954351
2f096c8bde855396,2021.07.09.15.53.28_veh-38_00184_02293,0.9625645267349501,2021.07.09.15.53.28_veh-38_00184_02293,0.9772436804205312,0.014679153685581148
2f2535fbdd395025,2021.07.09.15.53.28_veh-38_00184_02293,1.0,2021.07.09.15.53.28_veh-38_00184_02293,1.0,0.0
308b33a531c35c7a,2021.07.09.15.53.28_veh-38_00184_02293,0.9402206721977122,2021.07.09.15.53.28_veh-38_00184_02293,0.9482751639662582,0.008054491768546002
309d25c4b0535a45,2021.07.09.15.53.28_veh-38_00184_02293,0.0,2021.07.09.15.53.28_veh-38_00184_02293,0.9853475653153699,0.9853475653153699
313b06564bf854e4,2021.07.09.15.53.28_veh-38_00184_02293,0.875,2021.07.09.15.53.28_veh-38_00184_02293,0.875,0.0
321512a956a25984,2021.07.09.15.53.28_veh-38_00184_02293,0.9435963080355105,2021.07.09.15.53.28_veh-38_00184_02293,0.9547969675046024,0.011200659469091878
34ccd8a9f6eb525f,2021.07.09.15.53.28_veh-38_00184_02293,0.9440488729853027,2021.07.09.15.53.28_veh-38_00184_02293,0.9563307792767111,0.012281906291408351
34d91cf9391650ff,2021.07.09.15.53.28_veh-38_00184_02293,1.0,2021.07.09.15.53.28_veh-38_00184_02293,1.0,0.0
35fa5b32dd805853,2021.07.09.15.53.28_veh-38_00184_02293,0.8978453148821127,2021.07.09.15.53.28_veh-38_00184_02293,0.9136102373003259,0.015764922418213145
3670adfe926f58a0,2021.07.09.15.53.28_veh-38_00184_02293,0.7185696475034106,2021.07.09.15.53.28_veh-38_00184_02293,0.7321130817381123,0.013543434234701723
367be156a8a05da3,2021.07.09.15.53.28_veh-38_00184_02293,0.9818976233151746,2021.07.09.15.53.28_veh-38_00184_02293,0.994961767887446,0.013064144572271341
36a8cfb3a3f05f1d,2021.07.09.15.53.28_veh-38_00184_02293,0.8576621863400139,2021.07.09.15.53.28_veh-38_00184_02293,0.891577670655222,0.03391548431520808
3756eb6991b05447,2021.07.09.15.53.28_veh-38_00184_02293,0.75,2021.07.09.15.53.28_veh-38_00184_02293,0.75,0.0
375752a086d35d43,2021.07.09.15.53.28_veh-38_00184_02293,0.9013095834104344,2021.07.09.15.53.28_veh-38_00184_02293,0.9239972294293403,0.022687646018905827
3898b733bbd9584b,2021.07.09.15.53.28_veh-38_00184_02293,1.0,2021.07.09.15.53.28_veh-38_00184_02293,1.0,0.0
38b30ef31fcf5fa7,2021.07.09.15.53.28_veh-38_00184_02293,0.701551540883207,2021.07.09.15.53.28_veh-38_00184_02293,0.7100552129620483,0.008503672078841285
38c5e5d2250f5c35,2021.07.09.15.53.28_veh-38_00184_02293,0.9405954558233813,2021.07.09.15.53.28_veh-38_00184_02293,0.953283484233469,0.012688028410087648
38fd20139a7c5e3b,2021.07.09.15.53.28_veh-38_00184_02293,0.824887242423484,2021.07.09.15.53.28_veh-38_00184_02293,0.8313448183978231,0.006457575974339158
391be454a99b54ff,2021.07.09.15.53.28_veh-38_00184_02293,0.9156724472852209,2021.07.09.15.53.28_veh-38_00184_02293,0.9332850013904087,0.017612554105187805
39940790a4e65d88,2021.07.09.15.53.28_veh-38_00184_02293,0.9755049794297489,2021.07.09.15.53.28_veh-38_00184_02293,0.9995135141490642,0.0240085347193153
39b992f840615959,2021.07.09.15.53.28_veh-38_00184_02293,1.0,2021.07.09.15.53.28_veh-38_00184_02293,1.0,0.0
39c553550c3a5111,2021.07.09.15.53.28_veh-38_00184_02293,0.9699410358813128,2021.07.09.15.53.28_veh-38_00184_02293,0.9851176238404916,0.015176587959178867
3cabdd7617765132,2021.07.09.15.53.28_veh-38_00184_02293,0.9783081390603975,2021.07.09.15.53.28_veh-38_00184_02293,0.9898889055013986,0.011580766441001145
3d1c606df74c5140,2021.07.09.15.53.28_veh-38_00184_02293,1.0,2021.07.09.15.53.28_veh-38_00184_02293,0.6875,-0.3125
3d2dfc0d66f65d40,2021.07.09.15.53.28_veh-38_00184_02293,1.0,2021.07.09.15.53.28_veh-38_00184_02293,1.0,0.0
3d9a843bb43355c8,2021.07.09.15.53.28_veh-38_00184_02293,1.0,2021.07.09.15.53.28_veh-38_00184_02293,1.0,0.0
3dee1555ce6f55fb,2021.07.09.15.53.28_veh-38_00184_02293,0.973791150857706,2021.07.09.15.53.28_veh-38_00184_02293,0.9896127683001079,0.01582161744240196
3df10ba27fc150ed,2021.07.09.15.53.28_veh-38_00184_02293,1.0,2021.07.09.15.53.28_veh-38_00184_02293,1.0,0.0
3e0257f56dbc5db0,2021.07.09.15.53.28_veh-38_00184_02293,1.0,2021.07.09.15.53.28_veh-38_00184_02293,1.0,0.0
3e34460024d45739,2021.07.09.15.53.28_veh-38_00184_02293,0.9806150478923975,2021.07.09.15.53.28_veh-38_00184_02293,0.9971952789671674,0.016580231074769913
3e9b3b4c0fa85ceb,2021.07.09.15.53.28_veh-38_00184_02293,0.9726527484523151,2021.07.09.15.53.28_veh-38_00184_02293,0.9895262631414166,0.016873514689101476
3ea3416c97095653,2021.07.09.15.53.28_veh-38_00184_02293,1.0,2021.07.09.15.53.28_veh-38_00184_02293,1.0,0.0
3eca216626d256b3,2021.07.09.15.53.28_veh-38_00184_02293,1.0,2021.07.09.15.53.28_veh-38_00184_02293,1.0,0.0
3f19c7116880578a,2021.07.09.15.53.28_veh-38_00184_02293,1.0,2021.07.09.15.53.28_veh-38_00184_02293,1.0,0.0
3fdb06fa757c5bc4,2021.07.09.15.53.28_veh-38_00184_02293,1.0,2021.07.09.15.53.28_veh-38_00184_02293,1.0,0.0
403a5dbfac5e5dc0,2021.07.09.15.53.28_veh-38_00184_02293,0.9646619644127693,2021.07.09.15.53.28_veh-38_00184_02293,0.982846339357419,0.01818437494464975
40f9eae0b93e5fa4,2021.07.09.15.53.28_veh-38_00184_02293,0.931061331099371,2021.07.09.15.53.28_veh-38_00184_02293,0.9399168346212119,0.008855503521840946
41c88af990a15d28,2021.07.09.15.53.28_veh-38_00184_02293,0.9764689657465808,2021.07.09.15.53.28_veh-38_00184_02293,0.9888604814470707,0.012391515700489908
426ed461133659f6,2021.07.09.15.53.28_veh-38_00184_02293,1.0,2021.07.09.15.53.28_veh-38_00184_02293,1.0,0.0
430e3153311b5792,2021.07.09.15.53.28_veh-38_00184_02293,1.0,2021.07.09.15.53.28_veh-38_00184_02293,1.0,0.0
43780b9368175ad1,2021.07.09.15.53.28_veh-38_00184_02293,0.875,2021.07.09.15.53.28_veh-38_00184_02293,0.875,0.0
450824ec3ef35679,2021.07.09.15.53.28_veh-38_00184_02293,0.9283176516909273,2021.07.09.15.53.28_veh-38_00184_02293,0.9515120350003983,0.02319438330947099
451778af83945a84,2021.07.09.15.53.28_veh-38_00184_02293,1.0,2021.07.09.15.53.28_veh-38_00184_02293,1.0,0.0
4531dcdda8b55e7e,2021.07.09.15.53.28_veh-38_00184_02293,1.0,2021.07.09.15.53.28_veh-38_00184_02293,1.0,0.0
454730f7ec7a53d5,2021.07.09.15.53.28_veh-38_00184_02293,1.0,2021.07.09.15.53.28_veh-38_00184_02293,1.0,0.0
455a180c084a5fe3,2021.07.09.15.53.28_veh-38_00184_02293,1.0,2021.07.09.15.53.28_veh-38_00184_02293,1.0,0.0
4654d4efac165b55,2021.07.09.15.53.28_veh-38_00184_02293,0.9892542835193265,2021.07.09.15.53.28_veh-38_00184_02293,1.0,0.010745716480673462
46f4df809f995260,2021.07.09.15.53.28_veh-38_00184_02293,1.0,2021.07.09.15.53.28_veh-38_00184_02293,1.0,0.0
4761f5676fad5760,2021.07.09.15.53.28_veh-38_00184_02293,0.933487068239118,2021.07.09.15.53.28_veh-38_00184_02293,0.9486001498589682,0.015113081619850255
4800b224fabb56f2,2021.07.09.15.53.28_veh-38_00184_02293,0.9280954286254326,2021.07.09.15.53.28_veh-38_00184_02293,0.940235683360048,0.012140254734615441
48e72666aed858f6,2021.07.09.15.53.28_veh-38_00184_02293,1.0,2021.07.09.15.53.28_veh-38_00184_02293,1.0,0.0
49de524392295e5e,2021.07.09.15.53.28_veh-38_00184_02293,1.0,2021.07.09.15.53.28_veh-38_00184_02293,1.0,0.0
4a0f91eff7365a83,2021.07.09.15.53.28_veh-38_00184_02293,0.9804486723995175,2021.07.09.15.53.28_veh-38_00184_02293,0.9897258971448772,0.009277224745359747
4b5083dbc8205fd4,2021.07.09.15.53.28_veh-38_00184_02293,0.9769989945583057,2021.07.09.15.53.28_veh-38_00184_02293,0.9926778468680022,0.015678852309696456
4bc9550363e85b1a,2021.07.09.15.53.28_veh-38_00184_02293,1.0,2021.07.09.15.53.28_veh-38_00184_02293,1.0,0.0
4c93ba429cab5645,2021.07.09.15.53.28_veh-38_00184_02293,0.9782649022228505,2021.07.09.15.53.28_veh-38_00184_02293,0.9983350648054731,0.02007016258262262
4d0eb0b583f853ff,2021.07.09.15.53.28_veh-38_00184_02293,0.9158583747524425,2021.07.09.15.53.28_veh-38_00184_02293,0.932688058691204,0.016829683938761497
4d134b35adf65ce9,2021.07.09.15.53.28_veh-38_00184_02293,0.9751733652451775,2021.07.09.15.53.28_veh-38_00184_02293,0.9863272497365709,0.011153884491393429
4d3bbcab2f7e5b9c,2021.07.09.15.53.28_veh-38_00184_02293,1.0,2021.07.09.15.53.28_veh-38_00184_02293,1.0,0.0
4e6d17912b905e9e,2021.07.09.15.53.28_veh-38_00184_02293,0.9880829424754984,2021.07.09.15.53.28_veh-38_00184_02293,1.0,0.011917057524501562
4f1bb67e8f4356a0,2021.07.09.15.53.28_veh-38_00184_02293,0.9817037456180684,2021.07.09.15.53.28_veh-38_00184_02293,0.8658430498873223,-0.11586069573074609
4f733785b3b35f8a,2021.07.09.15.53.28_veh-38_00184_02293,0.6947357315329646,2021.07.09.15.53.28_veh-38_00184_02293,0.7120896841128003,0.01735395257983563
4f8295d76d505277,2021.07.09.15.53.28_veh-38_00184_02293,0.9230933621833638,2021.07.09.15.53.28_veh-38_00184_02293,0.9369040014364306,0.013810639253066803
4f9307fe01455d95,2021.07.09.15.53.28_veh-38_00184_02293,0.8733152000106748,2021.07.09.15.53.28_veh-38_00184_02293,0.8889232631122149,0.01560806310154017
4fa81c07c7d75515,2021.07.09.15.53.28_veh-38_00184_02293,0.75,2021.07.09.15.53.28_veh-38_00184_02293,0.75,0.0
505332fa85dc5953,2021.07.09.15.53.28_veh-38_00184_02293,0.875,2021.07.09.15.53.28_veh-38_00184_02293,0.875,0.0
50a4d68137ac5d01,2021.07.09.15.53.28_veh-38_00184_02293,1.0,2021.07.09.15.53.28_veh-38_00184_02293,1.0,0.0
512f45f4f0ab5a1b,2021.07.09.15.53.28_veh-38_00184_02293,1.0,2021.07.09.15.53.28_veh-38_00184_02293,1.0,0.0
5185fdb2837d502b,2021.07.09.15.53.28_veh-38_00184_02293,0.9736125093132948,2021.07.09.15.53.28_veh-38_00184_02293,0.988220776604623,0.014608267291328247
5280d017318c5f4f,2021.07.09.15.53.28_veh-38_00184_02293,1.0,2021.07.09.15.53.28_veh-38_00184_02293,1.0,0.0
5328c67f17ae5e3e,2021.07.09.15.53.28_veh-38_00184_02293,0.9542340858040439,2021.07.09.15.53.28_veh-38_00184_02293,0.965184845942566,0.010950760138522142
537866cb077d586d,2021.07.09.15.53.28_veh-38_00184_02293,1.0,2021.07.09.15.53.28_veh-38_00184_02293,1.0,0.0
53947195964b5ddc,2021.07.09.15.53.28_veh-38_00184_02293,1.0,2021.07.09.15.53.28_veh-38_00184_02293,1.0,0.0
539519a77270528a,2021.07.09.15.53.28_veh-38_00184_02293,1.0,2021.07.09.15.53.28_veh-38_00184_02293,1.0,0.0
54631ddbf6855a9a,2021.07.09.15.53.28_veh-38_00184_02293,1.0,2021.07.09.15.53.28_veh-38_00184_02293,1.0,0.0
54cabf997c2e54ec,2021.07.09.15.53.28_veh-38_00184_02293,0.964153577642485,2021.07.09.15.53.28_veh-38_00184_02293,0.9781223796051977,0.013968801962712663
550c71438a10581d,2021.07.09.15.53.28_veh-38_00184_02293,1.0,2021.07.09.15.53.28_veh-38_00184_02293,1.0,0.0
55a358158723559c,2021.07.09.15.53.28_veh-38_00184_02293,1.0,2021.07.09.15.53.28_veh-38_00184_02293,1.0,0.0
55c60c81e14e5d94,2021.07.09.15.53.28_veh-38_00184_02293,1.0,2021.07.09.15.53.28_veh-38_00184_02293,1.0,0.0
562fcb37e4e05697,2021.07.09.15.53.28_veh-38_00184_02293,1.0,2021.07.09.15.53.28_veh-38_00184_02293,1.0,0.0
5648007488815d22,2021.07.09.15.53.28_veh-38_00184_02293,1.0,2021.07.09.15.53.28_veh-38_00184_02293,0.0,-1.0
56951c953e93531f,2021.07.09.15.53.28_veh-38_00184_02293,0.9609194426875112,2021.07.09.15.53.28_veh-38_00184_02293,0.9739757647411804,0.013056322053669245
56955c6aafab5e58,2021.07.09.15.53.28_veh-38_00184_02293,0.8126263308863342,2021.07.09.15.53.28_veh-38_00184_02293,0.8203622012069209,0.007735870320586757
5727f0aed1fa5000,2021.07.09.15.53.28_veh-38_00184_02293,1.0,2021.07.09.15.53.28_veh-38_00184_02293,1.0,0.0
572befcf57675103,2021.07.09.15.53.28_veh-38_00184_02293,0.9803679898632361,2021.07.09.15.53.28_veh-38_00184_02293,0.99661524802839,0.01624725816515382
577dd51dad5c513c,2021.07.09.15.53.28_veh-38_00184_02293,1.0,2021.07.09.15.53.28_veh-38_00184_02293,1.0,0.0
583d770feb1f50e6,2021.07.09.15.53.28_veh-38_00184_02293,1.0,2021.07.09.15.53.28_veh-38_00184_02293,1.0,0.0
58405a1838c55fce,2021.07.09.15.53.28_veh-38_00184_02293,1.0,2021.07.09.15.53.28_veh-38_00184_02293,1.0,0.0
58877588439e5ce1,2021.07.09.15.53.28_veh-38_00184_02293,0.0,2021.07.09.15.53.28_veh-38_00184_02293,0.9825904437028756,0.9825904437028756
5911aec9fe745d2a,2021.07.09.15.53.28_veh-38_00184_02293,0.8866260027795365,2021.07.09.15.53.28_veh-38_00184_02293,0.901163504169338,0.014537501389801477
59c510d3bccd5105,2021.07.09.15.53.28_veh-38_00184_02293,0.9606734948139353,2021.07.09.15.53.28_veh-38_00184_02293,0.9762412691139111,0.0155677742999758
5a0d659cee41562b,2021.07.09.15.53.28_veh-38_00184_02293,1.0,2021.07.09.15.53.28_veh-38_00184_02293,1.0,0.0
5afc918b7a185eaa,2021.07.09.15.53.28_veh-38_00184_02293,1.0,2021.07.09.15.53.28_veh-38_00184_02293,1.0,0.0
5b1c2e8998585889,2021.07.09.15.53.28_veh-38_00184_02293,1.0,2021.07.09.15.53.28_veh-38_00184_02293,1.0,0.0
5b31ae74a6235b13,2021.07.09.15.53.28_veh-38_00184_02293,0.978621433766498,2021.07.09.15.53.28_veh-38_00184_02293,1.0,0.021378566233501983
5b8ed32be3d355d2,2021.07.09.15.53.28_veh-38_00184_02293,0.9756385022178449,2021.07.09.15.53.28_veh-38_00184_02293,0.9879462610115006,0.012307758793655754
5bbe0b33a6375afe,2021.07.09.15.53.28_veh-38_00184_02293,1.0,2021.07.09.15.53.28_veh-38_00184_02293,1.0,0.0
5bdbf4af20945e83,2021.07.09.15.53.28_veh-38_00184_02293,0.9417062325858839,2021.07.09.15.53.28_veh-38_00184_02293,0.9608028117060944,0.019096579120210455
5be2f48d93925c02,2021.07.09.15.53.28_veh-38_00184_02293,0.9175436532605119,2021.07.09.15.53.28_veh-38_00184_02293,0.9243031124958639,0.006759459235352039
5d0b6e2c0cad53ce,2021.07.09.15.53.28_veh-38_00184_02293,0.8829734760654229,2021.07.09.15.53.28_veh-38_00184_02293,0.8980446704666384,0.015071194401215515
5d95e24db2fa5ada,2021.07.09.15.53.28_veh-38_00184_02293,1.0,2021.07.09.15.53.28_veh-38_00184_02293,1.0,0.0
5eea58c0ed9d5b4d,2021.07.09.15.53.28_veh-38_00184_02293,1.0,2021.07.09.15.53.28_veh-38_00184_02293,1.0,0.0
5f2e24464be0511a,2021.07.09.15.53.28_veh-38_00184_02293,0.9805590705870242,2021.07.09.15.53.28_veh-38_00184_02293,0.9940828389984925,0.013523768411468295
5f5d82af40575c3a,2021.07.09.15.53.28_veh-38_00184_02293,1.0,2021.07.09.15.53.28_veh-38_00184_02293,1.0,0.0
5f9d781b4e0a5e25,2021.07.09.15.53.28_veh-38_00184_02293,1.0,2021.07.09.15.53.28_veh-38_00184_02293,1.0,0.0
5fbbd408b7395036,2021.07.09.15.53.28_veh-38_00184_02293,1.0,2021.07.09.15.53.28_veh-38_00184_02293,1.0,0.0
606628cc32715abd,2021.07.09.15.53.28_veh-38_00184_02293,1.0,2021.07.09.15.53.28_veh-38_00184_02293,1.0,0.0
60966830452a5fdb,2021.07.09.15.53.28_veh-38_00184_02293,1.0,2021.07.09.15.53.28_veh-38_00184_02293,1.0,0.0
60c8ea16ac0c5d80,2021.07.09.15.53.28_veh-38_00184_02293,1.0,2021.07.09.15.53.28_veh-38_00184_02293,1.0,0.0
60d83af8e3ec5296,2021.07.09.15.53.28_veh-38_00184_02293,0.9981516178474781,2021.07.09.15.53.28_veh-38_00184_02293,1.0,0.0018483821525219213
615150631a0d5359,2021.07.09.15.53.28_veh-38_00184_02293,0.9688184717199378,2021.07.09.15.53.28_veh-38_00184_02293,0.9822288611218857,0.013410389401947831
61b475b0e8de50d4,2021.07.09.15.53.28_veh-38_00184_02293,0.9511738805730193,2021.07.09.15.53.28_veh-38_00184_02293,0.9615855615981045,0.010411681025085162
61ec98105b6454d1,2021.07.09.15.53.28_veh-38_00184_02293,0.8726536625520017,2021.07.09.15.53.28_veh-38_00184_02293,0.8853136186533519,0.012659956101350178
62292b644c765f2d,2021.07.09.15.53.28_veh-38_00184_02293,0.9137967556529235,2021.07.09.15.53.28_veh-38_00184_02293,0.920175598386055,0.006378842733131496
62eeaae653ad58c0,2021.07.09.15.53.28_veh-38_00184_02293,1.0,2021.07.09.15.53.28_veh-38_00184_02293,1.0,0.0
63e276d858f35dc0,2021.07.09.15.53.28_veh-38_00184_02293,0.9767625379920956,2021.07.09.15.53.28_veh-38_00184_02293,0.9946815032040975,0.01791896521200198
644b320b4ec559de,2021.07.09.15.53.28_veh-38_00184_02293,1.0,2021.07.09.15.53.28_veh-38_00184_02293,1.0,0.0
6524dc3754d95750,2021.07.09.15.53.28_veh-38_00184_02293,0.9568604644527122,2021.07.09.15.53.28_veh-38_00184_02293,0.9673413086517205,0.010480844199008299
65cf5ab5da625c92,2021.07.09.15.53.28_veh-38_00184_02293,1.0,2021.07.09.15.53.28_veh-38_00184_02293,1.0,0.0
65dfcaf9f5ae5544,2021.07.09.15.53.28_veh-38_00184_02293,0.8208975270848252,2021.07.09.15.53.28_veh-38_00184_02293,0.8298449783318358,0.008947451247010574
6639e46adc8a5387,2021.07.09.15.53.28_veh-38_00184_02293,1.0,2021.07.09.15.53.28_veh-38_00184_02293,1.0,0.0
685b63993c6750d7,2021.07.09.15.53.28_veh-38_00184_02293,1.0,2021.07.09.15.53.28_veh-38_00184_02293,1.0,0.0
68d4c704a0fc5cb7,2021.07.09.15.53.28_veh-38_00184_02293,1.0,2021.07.09.15.53.28_veh-38_00184_02293,1.0,0.0
68d60fd55b6b5436,2021.07.09.15.53.28_veh-38_00184_02293,0.9411120887177891,2021.07.09.15.53.28_veh-38_00184_02293,0.9574746247762661,0.01636253605847704
6967bd153dd859aa,2021.07.09.15.53.28_veh-38_00184_02293,0.9973940310440509,2021.07.09.15.53.28_veh-38_00184_02293,0.875,-0.12239403104405089
6985bce9bf3f5165,2021.07.09.15.53.28_veh-38_00184_02293,1.0,2021.07.09.15.53.28_veh-38_00184_02293,0.0,-1.0
69942d2c55045583,2021.07.09.15.53.28_veh-38_00184_02293,1.0,2021.07.09.15.53.28_veh-38_00184_02293,1.0,0.0
69dc5b99e8495527,2021.07.09.15.53.28_veh-38_00184_02293,0.9745385690948144,2021.07.09.15.53.28_veh-38_00184_02293,0.9887483413970142,0.014209772302199775
6a2c8800bace516a,2021.07.09.15.53.28_veh-38_00184_02293,0.9655135696316623,2021.07.09.15.53.28_veh-38_00184_02293,0.8474425603241562,-0.11807100930750614
6aaddfb6748e5902,2021.07.09.15.53.28_veh-38_00184_02293,1.0,2021.07.09.15.53.28_veh-38_00184_02293,1.0,0.0
6b0342e0299e53b5,2021.07.09.15.53.28_veh-38_00184_02293,1.0,2021.07.09.15.53.28_veh-38_00184_02293,1.0,0.0
6b0d235a84a556ac,2021.07.09.15.53.28_veh-38_00184_02293,0.9485523781250685,2021.07.09.15.53.28_veh-38_00184_02293,0.9661046194975793,0.01755224137251077
6c14868b34cd5cbf,2021.07.09.15.53.28_veh-38_00184_02293,1.0,2021.07.09.15.53.28_veh-38_00184_02293,1.0,0.0
6c4e378311d55950,2021.07.09.15.53.28_veh-38_00184_02293,0.9666943328813651,2021.07.09.15.53.28_veh-38_00184_02293,0.990059502002665,0.023365169121299934
6d041be110a95545,2021.07.09.15.53.28_veh-38_00184_02293,1.0,2021.07.09.15.53.28_veh-38_00184_02293,1.0,0.0
6d44fd636c0953ad,2021.07.09.15.53.28_veh-38_00184_02293,1.0,2021.07.09.15.53.28_veh-38_00184_02293,1.0,0.0
6d8cdad401125079,2021.07.09.15.53.28_veh-38_00184_02293,0.9594641878385524,2021.07.09.15.53.28_veh-38_00184_02293,0.9744784120469632,0.015014224208410809
6db0c73631c555b0,2021.07.09.15.53.28_veh-38_00184_02293,0.984163727981245,2021.07.09.15.53.28_veh-38_00184_02293,0.9960660934094843,0.011902365428239303
6dc4975ee9915cb2,2021.07.09.15.53.28_veh-38_00184_02293,1.0,2021.07.09.15.53.28_veh-38_00184_02293,1.0,0.0
6dee7c049737527b,2021.07.09.15.53.28_veh-38_00184_02293,0.8114381743272714,2021.07.09.15.53.28_veh-38_00184_02293,0.8230796012316862,0.011641426904414831
6e52df2cd43c5bca,2021.07.09.15.53.28_veh-38_00184_02293,1.0,2021.07.09.15.53.28_veh-38_00184_02293,1.0,0.0
6e8c5b6b0aaf5f6d,2021.07.09.15.53.28_veh-38_00184_02293,1.0,2021.07.09.15.53.28_veh-38_00184_02293,1.0,0.0
6f2d8e1d48865f32,2021.07.09.15.53.28_veh-38_00184_02293,0.9151221455550113,2021.07.09.15.53.28_veh-38_00184_02293,0.9300020012322563,0.014879855677245035
6f4f64fd1b145598,2021.07.09.15.53.28_veh-38_00184_02293,0.865468749142401,2021.07.09.15.53.28_veh-38_00184_02293,0.8815743684846354,0.016105619342234423
6fdf0151dd905608,2021.07.09.15.53.28_veh-38_00184_02293,1.0,2021.07.09.15.53.28_veh-38_00184_02293,1.0,0.0
6fe8c6e82de65156,2021.07.09.15.53.28_veh-38_00184_02293,1.0,2021.07.09.15.53.28_veh-38_00184_02293,1.0,0.0
701c62d42cdf5cfa,2021.07.09.15.53.28_veh-38_00184_02293,1.0,2021.07.09.15.53.28_veh-38_00184_02293,1.0,0.0
7221a77c5d955445,2021.07.09.15.53.28_veh-38_00184_02293,1.0,2021.07.09.15.53.28_veh-38_00184_02293,1.0,0.0
723350e0feb75963,2021.07.09.15.53.28_veh-38_00184_02293,0.875,2021.07.09.15.53.28_veh-38_00184_02293,0.875,0.0
7293733a32625ec6,2021.07.09.15.53.28_veh-38_00184_02293,1.0,2021.07.09.15.53.28_veh-38_00184_02293,1.0,0.0
73197a1a03715a15,2021.07.09.15.53.28_veh-38_00184_02293,1.0,2021.07.09.15.53.28_veh-38_00184_02293,1.0,0.0
73aa5ff963e656f6,2021.07.09.15.53.28_veh-38_00184_02293,1.0,2021.07.09.15.53.28_veh-38_00184_02293,1.0,0.0
73d1214a1454592d,2021.07.09.15.53.28_veh-38_00184_02293,0.981618139909443,2021.07.09.15.53.28_veh-38_00184_02293,0.998400282909753,0.01678214300031
74e93b471c195803,2021.07.09.15.53.28_veh-38_00184_02293,1.0,2021.07.09.15.53.28_veh-38_00184_02293,1.0,0.0
74ff8f6a618a5f9b,2021.07.09.15.53.28_veh-38_00184_02293,0.75,2021.07.09.15.53.28_veh-38_00184_02293,0.75,0.0
7500c2c37cbb5228,2021.07.09.15.53.28_veh-38_00184_02293,1.0,2021.07.09.15.53.28_veh-38_00184_02293,1.0,0.0
758251c429055016,2021.07.09.15.53.28_veh-38_00184_02293,1.0,2021.07.09.15.53.28_veh-38_00184_02293,1.0,0.0
75bbe59a5d305a53,2021.07.09.15.53.28_veh-38_00184_02293,1.0,2021.07.09.15.53.28_veh-38_00184_02293,1.0,0.0
75eb624e2c925f13,2021.07.09.15.53.28_veh-38_00184_02293,1.0,2021.07.09.15.53.28_veh-38_00184_02293,1.0,0.0
763904a315b357a8,2021.07.09.15.53.28_veh-38_00184_02293,0.965626900211746,2021.07.09.15.53.28_veh-38_00184_02293,0.9779084540983529,0.0122815538866069
7729a0ce4e7e5c40,2021.07.09.15.53.28_veh-38_00184_02293,1.0,2021.07.09.15.53.28_veh-38_00184_02293,1.0,0.0
7738bbe3ec2b5787,2021.07.09.15.53.28_veh-38_00184_02293,1.0,2021.07.09.15.53.28_veh-38_00184_02293,0.0,-1.0
78f97b6c3427524b,2021.07.09.15.53.28_veh-38_00184_02293,1.0,2021.07.09.15.53.28_veh-38_00184_02293,0.6875,-0.3125
7948de3a2d2a55ef,2021.07.09.15.53.28_veh-38_00184_02293,0.75,2021.07.09.15.53.28_veh-38_00184_02293,0.75,0.0
798e9edbcfd65aa8,2021.07.09.15.53.28_veh-38_00184_02293,0.9664924036560294,2021.07.09.15.53.28_veh-38_00184_02293,0.983057536705221,0.016565133049191605
79a0bda4d6df5e2a,2021.07.09.15.53.28_veh-38_00184_02293,0.7950613488019295,2021.07.09.15.53.28_veh-38_00184_02293,0.800794857872726,0.005733509070796505
7a02eea9dbd0517b,2021.07.09.15.53.28_veh-38_00184_02293,1.0,2021.07.09.15.53.28_veh-38_00184_02293,1.0,0.0
7a430a9945055acd,2021.07.09.15.53.28_veh-38_00184_02293,0.9792273253460502,2021.07.09.15.53.28_veh-38_00184_02293,0.9900985901462269,0.01087126480017675
7a569fbddc2e53ed,2021.07.09.15.53.28_veh-38_00184_02293,1.0,2021.07.09.15.53.28_veh-38_00184_02293,1.0,0.0
7b3a98e80f525533,2021.07.09.15.53.28_veh-38_00184_02293,1.0,2021.07.09.15.53.28_veh-38_00184_02293,1.0,0.0
7b7c4d1e5ec95f17,2021.07.09.15.53.28_veh-38_00184_02293,1.0,2021.07.09.15.53.28_veh-38_00184_02293,1.0,0.0
7b81b7c982e35adc,2021.07.09.15.53.28_veh-38_00184_02293,0.9606106804748076,2021.07.09.15.53.28_veh-38_00184_02293,0.9739940054544634,0.013383324979655775
7cd693b8880c55b6,2021.07.09.15.53.28_veh-38_00184_02293,0.987105169770399,2021.07.09.15.53.28_veh-38_00184_02293,1.0,0.012894830229601029
7cfc59f9673752c1,2021.07.09.15.53.28_veh-38_00184_02293,0.9276770083069648,2021.07.09.15.53.28_veh-38_00184_02293,0.9395304156141026,0.011853407307137798
7d18e654da9b5ecf,2021.07.09.15.53.28_veh-38_00184_02293,0.9765826365943029,2021.07.09.15.53.28_veh-38_00184_02293,0.9886002859215166,0.01201764932721372
7da65eef431c5831,2021.07.09.15.53.28_veh-38_00184_02293,0.9226914520600105,2021.07.09.15.53.28_veh-38_00184_02293,0.9347478740442287,0.01205642198421819
7dadf9fcee2e587d,2021.07.09.15.53.28_veh-38_00184_02293,0.8492915217675758,2021.07.09.15.53.28_veh-38_00184_02293,0.8655008381059159,0.016209316338340107
7e11df067a735f04,2021.07.09.15.53.28_veh-38_00184_02293,1.0,2021.07.09.15.53.28_veh-38_00184_02293,1.0,0.0
7e58a63ae5da5a38,2021.07.09.15.53.28_veh-38_00184_02293,1.0,2021.07.09.15.53.28_veh-38_00184_02293,1.0,0.0
7e64dd02b985526f,2021.07.09.15.53.28_veh-38_00184_02293,0.993554171686285,2021.07.09.15.53.28_veh-38_00184_02293,1.0,0.006445828313714985
7fe5d84bbda651fd,2021.07.09.15.53.28_veh-38_00184_02293,0.983025038694135,2021.07.09.15.53.28_veh-38_00184_02293,0.9937811258784042,0.010756087184269125
80538e78e0805e93,2021.07.09.15.53.28_veh-38_00184_02293,0.9270699334742423,2021.07.09.15.53.28_veh-38_00184_02293,0.9384764127662114,0.01140647929196914
80c1301aa1ca5378,2021.07.09.15.53.28_veh-38_00184_02293,0.9622426311915205,2021.07.09.15.53.28_veh-38_00184_02293,0.9772709294380564,0.015028298246535843
824fe1c7968256ab,2021.07.09.15.53.28_veh-38_00184_02293,0.8270616559620186,2021.07.09.15.53.28_veh-38_00184_02293,0.8376168289122227,0.010555172950204028
83a393796b2e57df,2021.07.09.15.53.28_veh-38_00184_02293,0.9787303752882532,2021.07.09.15.53.28_veh-38_00184_02293,0.9907438439800316,0.012013468691778328
8469b20e06015317,2021.07.09.15.53.28_veh-38_00184_02293,0.95225682210081,2021.07.09.15.53.28_veh-38_00184_02293,0.9683791174274314,0.01612229532662146
84ec0e32bbf45061,2021.07.09.15.53.28_veh-38_00184_02293,0.921182469825546,2021.07.09.15.53.28_veh-38_00184_02293,0.9405029384883381,0.019320468662792134
85b84f9120225591,2021.07.09.15.53.28_veh-38_00184_02293,0.8579306479853338,2021.07.09.15.53.28_veh-38_00184_02293,0.8768979367459473,0.018967288760613488
860685d975df5da5,2021.07.09.15.53.28_veh-38_00184_02293,0.9841828687791633,2021.07.09.15.53.28_veh-38_00184_02293,0.9921779410267281,0.007995072247564794
878debfff51656dc,2021.07.09.15.53.28_veh-38_00184_02293,1.0,2021.07.09.15.53.28_veh-38_00184_02293,1.0,0.0
87c88239e2ae5b90,2021.07.09.15.53.28_veh-38_00184_02293,0.8518365177993978,2021.07.09.15.53.28_veh-38_00184_02293,0.8692848538280471,0.01744833602864926
8925d842a3f0501e,2021.07.09.15.53.28_veh-38_00184_02293,1.0,2021.07.09.15.53.28_veh-38_00184_02293,1.0,0.0
8ad9a07afc6b5ccc,2021.07.09.15.53.28_veh-38_00184_02293,0.8789915612728796,2021.07.09.15.53.28_veh-38_00184_02293,0.8951588813966901,0.016167320123810502
8c1374efdf3c5f3c,2021.07.09.15.53.28_veh-38_00184_02293,1.0,2021.07.09.15.53.28_veh-38_00184_02293,1.0,0.0
8c58465a17645b77,2021.07.09.15.53.28_veh-38_00184_02293,0.9808397576390909,2021.07.09.15.53.28_veh-38_00184_02293,0.9963984411246714,0.015558683485580427
8c812c6c4671575c,2021.07.09.15.53.28_veh-38_00184_02293,0.9567120185276861,2021.07.09.15.53.28_veh-38_00184_02293,0.9723162172289449,0.015604198701258842
8d0e261ba1825130,2021.07.09.15.53.28_veh-38_00184_02293,0.75,2021.07.09.15.53.28_veh-38_00184_02293,0.75,0.0
8e2e4e2a5ba95a41,2021.07.09.15.53.28_veh-38_00184_02293,0.0,2021.07.09.15.53.28_veh-38_00184_02293,0.0,0.0
8f847886c0595319,2021.07.09.15.53.28_veh-38_00184_02293,0.9464455865721045,2021.07.09.15.53.28_veh-38_00184_02293,0.9561220999988314,0.009676513426726818
907f051528025891,2021.07.09.15.53.28_veh-38_00184_02293,1.0,2021.07.09.15.53.28_veh-38_00184_02293,1.0,0.0
9188a3a5aa175e3a,2021.07.09.15.53.28_veh-38_00184_02293,1.0,2021.07.09.15.53.28_veh-38_00184_02293,1.0,0.0
91927f072cb358b9,2021.07.09.15.53.28_veh-38_00184_02293,1.0,2021.07.09.15.53.28_veh-38_00184_02293,1.0,0.0
91b861586e7d53cd,2021.07.09.15.53.28_veh-38_00184_02293,1.0,2021.07.09.15.53.28_veh-38_00184_02293,1.0,0.0
9246f3b315b35838,2021.07.09.15.53.28_veh-38_00184_02293,0.9755621356280875,2021.07.09.15.53.28_veh-38_00184_02293,0.987024093551241,0.01146195792315352
92c22914fbdf5e29,2021.07.09.15.53.28_veh-38_00184_02293,1.0,2021.07.09.15.53.28_veh-38_00184_02293,1.0,0.0
935628750eb851fa,2021.07.09.15.53.28_veh-38_00184_02293,1.0,2021.07.09.15.53.28_veh-38_00184_02293,1.0,0.0
945dcb42cd645cc2,2021.07.09.15.53.28_veh-38_00184_02293,0.8961915279177012,2021.07.09.15.53.28_veh-38_00184_02293,0.9127918324177622,0.016600304500061003
94f18102ecb65d3f,2021.07.09.15.53.28_veh-38_00184_02293,0.875,2021.07.09.15.53.28_veh-38_00184_02293,0.875,0.0
95a1611d12f45d32,2021.07.09.15.53.28_veh-38_00184_02293,0.9367415766626888,2021.07.09.15.53.28_veh-38_00184_02293,0.9477491219893726,0.011007545326683799
95d2c3ac66245fa5,2021.07.09.15.53.28_veh-38_00184_02293,0.875,2021.07.09.15.53.28_veh-38_00184_02293,0.875,0.0
96198b6e9db0567b,2021.07.09.15.53.28_veh-38_00184_02293,0.9061642886121932,2021.07.09.15.53.28_veh-38_00184_02293,0.9207257100161417,0.014561421403948449
966ede5b9c8559f9,2021.07.09.15.53.28_veh-38_00184_02293,0.8987029467482479,2021.07.09.15.53.28_veh-38_00184_02293,0.9135806683366856,0.014877721588437698
970fa907695456f4,2021.07.09.15.53.28_veh-38_00184_02293,0.9214319109806934,2021.07.09.15.53.28_veh-38_00184_02293,0.9352775711806296,0.01384566019993616
972df703db945595,2021.07.09.15.53.28_veh-38_00184_02293,0.821602540355943,2021.07.09.15.53.28_veh-38_00184_02293,0.8309429893640726,0.009340449008129581
9753236c37725562,2021.07.09.15.53.28_veh-38_00184_02293,1.0,2021.07.09.15.53.28_veh-38_00184_02293,1.0,0.0
978bac8b6a965c09,2021.07.09.15.53.28_veh-38_00184_02293,1.0,2021.07.09.15.53.28_veh-38_00184_02293,1.0,0.0
97bbe0832237514d,2021.07.09.15.53.28_veh-38_00184_02293,0.9322660269302449,2021.07.09.15.53.28_veh-38_00184_02293,0.9439573034145918,0.01169127648434698
98546a6b46d7528e,2021.07.09.15.53.28_veh-38_00184_02293,0.9751372776431019,2021.07.09.15.53.28_veh-38_00184_02293,0.9832731690956901,0.008135891452588195
987e9ead152a5bef,2021.07.09.15.53.28_veh-38_00184_02293,0.9683378300489558,2021.07.09.15.53.28_veh-38_00184_02293,0.9812737556317703,0.012935925582814534
9953d027249f57fe,2021.07.09.15.53.28_veh-38_00184_02293,1.0,2021.07.09.15.53.28_veh-38_00184_02293,1.0,0.0
9aa65c356bad5da4,2021.07.09.15.53.28_veh-38_00184_02293,0.9700290695076711,2021.07.09.15.53.28_veh-38_00184_02293,0.9810618652880021,0.011032795780331006
9b4ca000766657b2,2021.07.09.15.53.28_veh-38_00184_02293,0.8168475629235359,2021.07.09.15.53.28_veh-38_00184_02293,0.8252229465968547,0.008375383673318804
9bcee0d1dd015764,2021.07.09.15.53.28_veh-38_00184_02293,1.0,2021.07.09.15.53.28_veh-38_00184_02293,1.0,0.0
9c2572be2cc259d9,2021.07.09.15.53.28_veh-38_00184_02293,0.9789340014127391,2021.07.09.15.53.28_veh-38_00184_02293,0.9921983331429174,0.01326433173017827
9c33787bfeda5800,2021.07.09.15.53.28_veh-38_00184_02293,1.0,2021.07.09.15.53.28_veh-38_00184_02293,1.0,0.0
9c792517780b5b7d,2021.07.09.15.53.28_veh-38_00184_02293,0.9763327603611164,2021.07.09.15.53.28_veh-38_00184_02293,0.9926135227922359,0.016280762431119533
9c83725ca24453f5,2021.07.09.15.53.28_veh-38_00184_02293,1.0,2021.07.09.15.53.28_veh-38_00184_02293,1.0,0.0
9c891840338e54d4,2021.07.09.15.53.28_veh-38_00184_02293,0.9309043869712009,2021.07.09.15.53.28_veh-38_00184_02293,0.9434776714983926,0.012573284527191642
9cb25aa118655418,2021.07.09.15.53.28_veh-38_00184_02293,1.0,2021.07.09.15.53.28_veh-38_00184_02293,1.0,0.0
9cc73a8bde335ec2,2021.07.09.15.53.28_veh-38_00184_02293,1.0,2021.07.09.15.53.28_veh-38_00184_02293,1.0,0.0
9d572fd0a3c0584f,2021.07.09.15.53.28_veh-38_00184_02293,0.875,2021.07.09.15.53.28_veh-38_00184_02293,0.875,0.0
9d8f4e67c96b5637,2021.07.09.15.53.28_veh-38_00184_02293,0.9777796874218568,2021.07.09.15.53.28_veh-38_00184_02293,0.9925160641253976,0.014736376703540777
9db16a5b77095de4,2021.07.09.15.53.28_veh-38_00184_02293,0.8906496154569523,2021.07.09.15.53.28_veh-38_00184_02293,0.905822288560218,0.015172673103265644
9e7532e485cc5816,2021.07.09.15.53.28_veh-38_00184_02293,1.0,2021.07.09.15.53.28_veh-38_00184_02293,1.0,0.0
9eac02522d2a5ed3,2021.07.09.15.53.28_veh-38_00184_02293,1.0,2021.07.09.15.53.28_veh-38_00184_02293,1.0,0.0
9f2f87e8c4b558c8,2021.07.09.15.53.28_veh-38_00184_02293,0.9598213087950593,2021.07.09.15.53.28_veh-38_00184_02293,0.9694872305530979,0.009665921758038598
9f40f3d09a0c5024,2021.07.09.15.53.28_veh-38_00184_02293,0.986691167635273,2021.07.09.15.53.28_veh-38_00184_02293,0.9990006583457135,0.012309490710440518
9f56c42b0c4b552c,2021.07.09.15.53.28_veh-38_00184_02293,0.9622487603188121,2021.07.09.15.53.28_veh-38_00184_02293,0.9826063411938557,0.02035758087504358
a0036dbb7dd9522a,2021.07.09.15.53.28_veh-38_00184_02293,1.0,2021.07.09.15.53.28_veh-38_00184_02293,1.0,0.0
a075a523b64550e9,2021.07.09.15.53.28_veh-38_00184_02293,0.8625169390675951,2021.07.09.15.53.28_veh-38_00184_02293,0.8793442002792808,0.016827261211685762
a094176b58375800,2021.07.09.15.53.28_veh-38_00184_02293,1.0,2021.07.09.15.53.28_veh-38_00184_02293,1.0,0.0
a0c05b04e8fc5d85,2021.07.09.15.53.28_veh-38_00184_02293,1.0,2021.07.09.15.53.28_veh-38_00184_02293,1.0,0.0
a156a990d01f5a38,2021.07.09.15.53.28_veh-38_00184_02293,1.0,2021.07.09.15.53.28_veh-38_00184_02293,1.0,0.0
a173aec70e58581c,2021.07.09.15.53.28_veh-38_00184_02293,1.0,2021.07.09.15.53.28_veh-38_00184_02293,1.0,0.0
a1b196339e23508b,2021.07.09.15.53.28_veh-38_00184_02293,0.9119261450423111,2021.07.09.15.53.28_veh-38_00184_02293,0.9265669794650896,0.014640834422778526
a1c0bc234f6b509d,2021.07.09.15.53.28_veh-38_00184_02293,0.9511002356100334,2021.07.09.15.53.28_veh-38_00184_02293,0.9656152113822813,0.014514975772247918
a29d4b0957d45457,2021.07.09.15.53.28_veh-38_00184_02293,1.0,2021.07.09.15.53.28_veh-38_00184_02293,1.0,0.0
a3648b6dd505564f,2021.07.09.15.53.28_veh-38_00184_02293,1.0,2021.07.09.15.53.28_veh-38_00184_02293,1.0,0.0
a3b1fb4905615ee0,2021.07.09.15.53.28_veh-38_00184_02293,0.0,2021.07.09.15.53.28_veh-38_00184_02293,0.9785281071740659,0.9785281071740659
a3ef1c88095a59da,2021.07.09.15.53.28_veh-38_00184_02293,0.8964340621351353,2021.07.09.15.53.28_veh-38_00184_02293,0.9074958337016608,0.011061771566525436
a4ba975c32c95388,2021.07.09.15.53.28_veh-38_00184_02293,0.9863138163522148,2021.07.09.15.53.28_veh-38_00184_02293,1.0,0.013686183647785177
a501f397b8045aed,2021.07.09.15.53.28_veh-38_00184_02293,0.9892994626324091,2021.07.09.15.53.28_veh-38_00184_02293,1.0,0.010700537367590912
a572a36643565d2d,2021.07.09.15.53.28_veh-38_00184_02293,1.0,2021.07.09.15.53.28_veh-38_00184_02293,1.0,0.0
a5bdf8f9621d585c,2021.07.09.15.53.28_veh-38_00184_02293,1.0,2021.07.09.15.53.28_veh-38_00184_02293,1.0,0.0
a5d0fdeecf745214,2021.07.09.15.53.28_veh-38_00184_02293,0.875,2021.07.09.15.53.28_veh-38_00184_02293,0.875,0.0
a5fc68e13b4c5653,2021.07.09.15.53.28_veh-38_00184_02293,1.0,2021.07.09.15.53.28_veh-38_00184_02293,1.0,0.0
a732670827695579,2021.07.09.15.53.28_veh-38_00184_02293,0.9110896587996452,2021.07.09.15.53.28_veh-38_00184_02293,0.9274557804445406,0.01636612164489537
a7bfd664e59f5640,2021.07.09.15.53.28_veh-38_00184_02293,0.9638399489714762,2021.07.09.15.53.28_veh-38_00184_02293,0.9786472180532386,0.014807269081762442
a7c85687d085540f,2021.07.09.15.53.28_veh-38_00184_02293,0.9652363662536961,2021.07.09.15.53.28_veh-38_00184_02293,0.9789148234420176,0.013678457188321502
a7f219d0ab395e1b,2021.07.09.15.53.28_veh-38_00184_02293,0.875,2021.07.09.15.53.28_veh-38_00184_02293,0.875,0.0
a85db33ba720554a,2021.07.09.15.53.28_veh-38_00184_02293,1.0,2021.07.09.15.53.28_veh-38_00184_02293,1.0,0.0
a890e898c911575d,2021.07.09.15.53.28_veh-38_00184_02293,1.0,2021.07.09.15.53.28_veh-38_00184_02293,1.0,0.0
a8e97875efab5ff5,2021.07.09.15.53.28_veh-38_00184_02293,0.9379990481213272,2021.07.09.15.53.28_veh-38_00184_02293,0.9471749179759499,0.009175869854622709
a8efb43e09885372,2021.07.09.15.53.28_veh-38_00184_02293,0.9851463161663125,2021.07.09.15.53.28_veh-38_00184_02293,1.0,0.014853683833687459
a90b5f01478957ee,2021.07.09.15.53.28_veh-38_00184_02293,0.7030630026745932,2021.07.09.15.53.28_veh-38_00184_02293,0.7197825621433884,0.01671955946879522
a91aee7fb6255053,2021.07.09.15.53.28_veh-38_00184_02293,0.9307799093512611,2021.07.09.15.53.28_veh-38_00184_02293,0.9458611150721923,0.01508120572093119
a9bb657628115cf5,2021.07.09.15.53.28_veh-38_00184_02293,0.9469044804391213,2021.07.09.15.53.28_veh-38_00184_02293,0.9648174197157109,0.017912939276589546
aa917b7bd6795583,2021.07.09.15.53.28_veh-38_00184_02293,0.9921253436240212,2021.07.09.15.53.28_veh-38_00184_02293,1.0,0.007874656375978839
ac0ca24fd2f158b7,2021.07.09.15.53.28_veh-38_00184_02293,1.0,2021.07.09.15.53.28_veh-38_00184_02293,1.0,0.0
acf90c09814b527d,2021.07.09.15.53.28_veh-38_00184_02293,0.9628389085445009,2021.07.09.15.53.28_veh-38_00184_02293,0.9891050134028594,0.026266104858358452
ad4728971bca5a56,2021.07.09.15.53.28_veh-38_00184_02293,1.0,2021.07.09.15.53.28_veh-38_00184_02293,1.0,0.0
adeac17732895943,2021.07.09.15.53.28_veh-38_00184_02293,1.0,2021.07.09.15.53.28_veh-38_00184_02293,1.0,0.0
ae101de4cb1b513e,2021.07.09.15.53.28_veh-38_00184_02293,0.8416133663138164,2021.07.09.15.53.28_veh-38_00184_02293,0.85946960029792,0.01785623398410352
ae65f8c63d9757ce,2021.07.09.15.53.28_veh-38_00184_02293,1.0,2021.07.09.15.53.28_veh-38_00184_02293,1.0,0.0
ae75038bea395c18,2021.07.09.15.53.28_veh-38_00184_02293,0.9348502724128125,2021.07.09.15.53.28_veh-38_00184_02293,0.946497807087087,0.011647534674274485
aefcaaf5aef552eb,2021.07.09.15.53.28_veh-38_00184_02293,0.875,2021.07.09.15.53.28_veh-38_00184_02293,0.875,0.0
b0224834f8b856d8,2021.07.09.15.53.28_veh-38_00184_02293,0.90152491944722,2021.07.09.15.53.28_veh-38_00184_02293,0.9078278537503479,0.006302934303127894
b030dec92165592b,2021.07.09.15.53.28_veh-38_00184_02293,0.875,2021.07.09.15.53.28_veh-38_00184_02293,0.875,0.0
b066a7fc60ff523a,2021.07.09.15.53.28_veh-38_00184_02293,1.0,2021.07.09.15.53.28_veh-38_00184_02293,1.0,0.0
b1c8504629d8571f,2021.07.09.15.53.28_veh-38_00184_02293,0.9567396637021277,2021.07.09.15.53.28_veh-38_00184_02293,0.966247570430361,0.009507906728233317
b23b1644c9845dc3,2021.07.09.15.53.28_veh-38_00184_02293,1.0,2021.07.09.15.53.28_veh-38_00184_02293,1.0,0.0
b26470d352f35d83,2021.07.09.15.53.28_veh-38_00184_02293,0.8806067285676913,2021.07.09.15.53.28_veh-38_00184_02293,0.8991212224575148,0.018514493889823513
b308eee052bc5e70,2021.07.09.15.53.28_veh-38_00184_02293,0.9752321076464696,2021.07.09.15.53.28_veh-38_00184_02293,0.9852933670101638,0.010061259363694175
b3786daf3a0357bd,2021.07.09.15.53.28_veh-38_00184_02293,1.0,2021.07.09.15.53.28_veh-38_00184_02293,1.0,0.0
b39a2ad9b6f050a9,2021.07.09.15.53.28_veh-38_00184_02293,0.9458065870052368,2021.07.09.15.53.28_veh-38_00184_02293,0.9552569098043239,0.009450322799087085
b3fa24000d6f5d8d,2021.07.09.15.53.28_veh-38_00184_02293,0.8963238200281712,2021.07.09.15.53.28_veh-38_00184_02293,0.9051033923890957,0.008779572360924415
b4b4b7ff096852e8,2021.07.09.15.53.28_veh-38_00184_02293,1.0,2021.07.09.15.53.28_veh-38_00184_02293,1.0,0.0
b4da9833a6795b8f,2021.07.09.15.53.28_veh-38_00184_02293,0.8401043121189594,2021.07.09.15.53.28_veh-38_00184_02293,0.9727390058936515,0.13263469377469206
b632e3d66c445180,2021.07.09.15.53.28_veh-38_00184_02293,1.0,2021.07.09.15.53.28_veh-38_00184_02293,1.0,0.0
b6745c96ac0e5958,2021.07.09.15.53.28_veh-38_00184_02293,0.9258165057481539,2021.07.09.15.53.28_veh-38_00184_02293,0.9442049085606448,0.01838840281249088
b6d928e9508d596b,2021.07.09.15.53.28_veh-38_00184_02293,1.0,2021.07.09.15.53.28_veh-38_00184_02293,1.0,0.0
b735436ddca45550,2021.07.09.15.53.28_veh-38_00184_02293,1.0,2021.07.09.15.53.28_veh-38_00184_02293,1.0,0.0
b73a3a2e7064563b,2021.07.09.15.53.28_veh-38_00184_02293,1.0,2021.07.09.15.53.28_veh-38_00184_02293,1.0,0.0
b7e570107a325b8f,2021.07.09.15.53.28_veh-38_00184_02293,0.8801903330088194,2021.07.09.15.53.28_veh-38_00184_02293,0.8943355014537815,0.014145168444962053
b83936f0ca9b5b93,2021.07.09.15.53.28_veh-38_00184_02293,1.0,2021.07.09.15.53.28_veh-38_00184_02293,1.0,0.0
b84c65fdf2155597,2021.07.09.15.53.28_veh-38_00184_02293,0.9389610349896145,2021.07.09.15.53.28_veh-38_00184_02293,0.9502319998267033,0.011270964837088782
b941d62667685487,2021.07.09.15.53.28_veh-38_00184_02293,0.9573039743031589,2021.07.09.15.53.28_veh-38_00184_02293,0.9686211361861057,0.011317161882946736
b98697803d5453a3,2021.07.09.15.53.28_veh-38_00184_02293,0.9753705662341106,2021.07.09.15.53.28_veh-38_00184_02293,0.9854277825028258,0.010057216268715252
b99eaf8d1f355bcc,2021.07.09.15.53.28_veh-38_00184_02293,0.9413653554974217,2021.07.09.15.53.28_veh-38_00184_02293,0.95817406184045,0.016808706343028224
b9a812dceaec5add,2021.07.09.15.53.28_veh-38_00184_02293,0.9461183504742532,2021.07.09.15.53.28_veh-38_00184_02293,0.9575528043696557,0.011434453895402541
ba0a961f7dc355f7,2021.07.09.15.53.28_veh-38_00184_02293,0.7999982290342803,2021.07.09.15.53.28_veh-38_00184_02293,0.9306823902630721,0.13068416122879178
ba0f4d8974e75963,2021.07.09.15.53.28_veh-38_00184_02293,0.9583433271416341,2021.07.09.15.53.28_veh-38_00184_02293,0.9745378629129682,0.016194535771334118
bade9ac4b8cb5025,2021.07.09.15.53.28_veh-38_00184_02293,0.9295602762329532,2021.07.09.15.53.28_veh-38_00184_02293,0.9460009546526651,0.016440678419711863
bb452532dfb25d30,2021.07.09.15.53.28_veh-38_00184_02293,0.8388852851631663,2021.07.09.15.53.28_veh-38_00184_02293,0.8472864180396343,0.008401132876468043
bcf3fcf890f55beb,2021.07.09.15.53.28_veh-38_00184_02293,1.0,2021.07.09.15.53.28_veh-38_00184_02293,1.0,0.0
bd493f896ba85e28,2021.07.09.15.53.28_veh-38_00184_02293,0.8370321850961376,2021.07.09.15.53.28_veh-38_00184_02293,0.8523826847322831,0.015350499636145432
bd656f4e771156cb,2021.07.09.15.53.28_veh-38_00184_02293,1.0,2021.07.09.15.53.28_veh-38_00184_02293,1.0,0.0
bd65a234358f5492,2021.07.09.15.53.28_veh-38_00184_02293,0.9806420388825758,2021.07.09.15.53.28_veh-38_00184_02293,0.9948106524474782,0.0141686135649024
be9b110689c05894,2021.07.09.15.53.28_veh-38_00184_02293,0.9928933370864814,2021.07.09.15.53.28_veh-38_00184_02293,1.0,0.00710666291351858
beb7c6e766c65d0e,2021.07.09.15.53.28_veh-38_00184_02293,0.8063114018095189,2021.07.09.15.53.28_veh-38_00184_02293,0.8122492989990555,0.005937897189536634
bff3326028ec59ab,2021.07.09.15.53.28_veh-38_00184_02293,0.9600787782500302,2021.07.09.15.53.28_veh-38_00184_02293,0.9683309801358163,0.008252201885786126
c00c768576c85009,2021.07.09.15.53.28_veh-38_00184_02293,1.0,2021.07.09.15.53.28_veh-38_00184_02293,1.0,0.0
c0a403cdf4c053bc,2021.07.09.15.53.28_veh-38_00184_02293,1.0,2021.07.09.15.53.28_veh-38_00184_02293,1.0,0.0
c0dfedf6168e5ca9,2021.07.09.15.53.28_veh-38_00184_02293,0.9780109286225462,2021.07.09.15.53.28_veh-38_00184_02293,0.9991131444202922,0.02110221579774596
c11fc5cf8d5a516e,2021.07.09.15.53.28_veh-38_00184_02293,0.9586351709096728,2021.07.09.15.53.28_veh-38_00184_02293,0.9815398227973775,0.02290465188770474
c17473f5cacd51be,2021.07.09.15.53.28_veh-38_00184_02293,0.875,2021.07.09.15.53.28_veh-38_00184_02293,0.875,0.0
c368ddc3ee435179,2021.07.09.15.53.28_veh-38_00184_02293,0.75,2021.07.09.15.53.28_veh-38_00184_02293,0.75,0.0
c3f177935f5f5d5e,2021.07.09.15.53.28_veh-38_00184_02293,0.9382142128467708,2021.07.09.15.53.28_veh-38_00184_02293,0.9548638250254505,0.016649612178679773
c4220658d3095647,2021.07.09.15.53.28_veh-38_00184_02293,0.9492045253058716,2021.07.09.15.53.28_veh-38_00184_02293,0.9569359567324027,0.007731431426531099
c57100ab365351a9,2021.07.09.15.53.28_veh-38_00184_02293,0.833323686259786,2021.07.09.15.53.28_veh-38_00184_02293,0.8525528994265559,0.019229213166769843
c6de08f6ac3356ed,2021.07.09.15.53.28_veh-38_00184_02293,1.0,2021.07.09.15.53.28_veh-38_00184_02293,1.0,0.0
c6e5078c49e6512e,2021.07.09.15.53.28_veh-38_00184_02293,1.0,2021.07.09.15.53.28_veh-38_00184_02293,1.0,0.0
c73e4e862203503a,2021.07.09.15.53.28_veh-38_00184_02293,0.9787551582606372,2021.07.09.15.53.28_veh-38_00184_02293,0.9924685051523572,0.01371334689171999
c7ed8536a3815721,2021.07.09.15.53.28_veh-38_00184_02293,1.0,2021.07.09.15.53.28_veh-38_00184_02293,1.0,0.0
c9cf9a6acf495b50,2021.07.09.15.53.28_veh-38_00184_02293,1.0,2021.07.09.15.53.28_veh-38_00184_02293,1.0,0.0
caaeabfe1a50535c,2021.07.09.15.53.28_veh-38_00184_02293,1.0,2021.07.09.15.53.28_veh-38_00184_02293,1.0,0.0
cb25d763e7bf5a13,2021.07.09.15.53.28_veh-38_00184_02293,0.9896135906859461,2021.07.09.15.53.28_veh-38_00184_02293,1.0,0.01038640931405388
cbb75454103b5430,2021.07.09.15.53.28_veh-38_00184_02293,0.9731072737994996,2021.07.09.15.53.28_veh-38_00184_02293,0.9863424640174,0.013235190217900428
cbd9412932fc5ad1,2021.07.09.15.53.28_veh-38_00184_02293,1.0,2021.07.09.15.53.28_veh-38_00184_02293,1.0,0.0
cbd954347b835347,2021.07.09.15.53.28_veh-38_00184_02293,1.0,2021.07.09.15.53.28_veh-38_00184_02293,1.0,0.0
cbde019469315d96,2021.07.09.15.53.28_veh-38_00184_02293,1.0,2021.07.09.15.53.28_veh-38_00184_02293,1.0,0.0
cc27c4b666135bb2,2021.07.09.15.53.28_veh-38_00184_02293,0.9438024559593834,2021.07.09.15.53.28_veh-38_00184_02293,0.9567809301880776,0.012978474228694248
cd10c3adba835576,2021.07.09.15.53.28_veh-38_00184_02293,0.8880722824906698,2021.07.09.15.53.28_veh-38_00184_02293,0.906013436065345,0.017941153574675184
cd964face7a55b94,2021.07.09.15.53.28_veh-38_00184_02293,1.0,2021.07.09.15.53.28_veh-38_00184_02293,1.0,0.0
cdec4cc7781e5d4d,2021.07.09.15.53.28_veh-38_00184_02293,0.875,2021.07.09.15.53.28_veh-38_00184_02293,1.0,0.125
cdf61e643b8e51b2,2021.07.09.15.53.28_veh-38_00184_02293,0.8663240445329086,2021.07.09.15.53.28_veh-38_00184_02293,0.8881080604778321,0.021784015944923518
ce22202f19695a70,2021.07.09.15.53.28_veh-38_00184_02293,0.974183007853413,2021.07.09.15.53.28_veh-38_00184_02293,0.9854006735430223,0.011217665689609246
ce256aa4ec3e5725,2021.07.09.15.53.28_veh-38_00184_02293,0.0,2021.07.09.15.53.28_veh-38_00184_02293,0.8571428571428571,0.8571428571428571
cf1679ce3a565466,2021.07.09.15.53.28_veh-38_00184_02293,1.0,2021.07.09.15.53.28_veh-38_00184_02293,1.0,0.0
cf3c3737fbc355eb,2021.07.09.15.53.28_veh-38_00184_02293,0.9496580778510753,2021.07.09.15.53.28_veh-38_00184_02293,0.974745014991515,0.025086937140439747
cf53947dbbef5730,2021.07.09.15.53.28_veh-38_00184_02293,0.9960152135111306,2021.07.09.15.53.28_veh-38_00184_02293,1.0,0.003984786488869352
d13ac79c8321555f,2021.07.09.15.53.28_veh-38_00184_02293,0.9687469201226353,2021.07.09.15.53.28_veh-38_00184_02293,0.9794084171707308,0.010661497048095492
d15d534ad5fb5212,2021.07.09.15.53.28_veh-38_00184_02293,1.0,2021.07.09.15.53.28_veh-38_00184_02293,1.0,0.0
d1828b733a4857dd,2021.07.09.15.53.28_veh-38_00184_02293,0.909568744989504,2021.07.09.15.53.28_veh-38_00184_02293,0.0,-0.909568744989504
d216d83e53955d24,2021.07.09.15.53.28_veh-38_00184_02293,1.0,2021.07.09.15.53.28_veh-38_00184_02293,1.0,0.0
d28278a8dbb15ab5,2021.07.09.15.53.28_veh-38_00184_02293,0.936942521823279,2021.07.09.15.53.28_veh-38_00184_02293,0.9532985239080958,0.0163560020848168
d2d0ac3e597b5959,2021.07.09.15.53.28_veh-38_00184_02293,0.9821523820043825,2021.07.09.15.53.28_veh-38_00184_02293,0.9983323619741767,0.016179979969794256
d2e11ce62743532a,2021.07.09.15.53.28_veh-38_00184_02293,0.9806611509297154,2021.07.09.15.53.28_veh-38_00184_02293,0.9977895722884151,0.01712842135869974
d3ac5b4aac44586a,2021.07.09.15.53.28_veh-38_00184_02293,0.940602405624501,2021.07.09.15.53.28_veh-38_00184_02293,0.9595703708623163,0.0189679652378153
d3e39f5f0aed50d1,2021.07.09.15.53.28_veh-38_00184_02293,1.0,2021.07.09.15.53.28_veh-38_00184_02293,1.0,0.0
d4bb3dc7c7005656,2021.07.09.15.53.28_veh-38_00184_02293,0.9091438074468771,2021.07.09.15.53.28_veh-38_00184_02293,0.9158602299148142,0.006716422467937133
d4d0d31bd49b525a,2021.07.09.15.53.28_veh-38_00184_02293,1.0,2021.07.09.15.53.28_veh-38_00184_02293,1.0,0.0
d5f3fa4290b459df,2021.07.09.15.53.28_veh-38_00184_02293,0.8526331755417385,2021.07.09.15.53.28_veh-38_00184_02293,0.8702105749712521,0.01757739942951364
d61967204e52594f,2021.07.09.15.53.28_veh-38_00184_02293,0.9757251288047337,2021.07.09.15.53.28_veh-38_00184_02293,0.993728900843417,0.018003772038683308
d61a2d5301f15b77,2021.07.09.15.53.28_veh-38_00184_02293,1.0,2021.07.09.15.53.28_veh-38_00184_02293,1.0,0.0
d679a3e70e39596e,2021.07.09.15.53.28_veh-38_00184_02293,0.9841840525595043,2021.07.09.15.53.28_veh-38_00184_02293,1.0,0.015815947440495748
d6997b98b3085c2b,2021.07.09.15.53.28_veh-38_00184_02293,0.9568963393540632,2021.07.09.15.53.28_veh-38_00184_02293,0.9814278221843363,0.024531482830273177
d7a0fd1066dc5ce5,2021.07.09.15.53.28_veh-38_00184_02293,0.9534483775104999,2021.07.09.15.53.28_veh-38_00184_02293,0.9671962338444242,0.01374785633392428
d84af418335b5dbe,2021.07.09.15.53.28_veh-38_00184_02293,1.0,2021.07.09.15.53.28_veh-38_00184_02293,1.0,0.0
d877af354e355798,2021.07.09.15.53.28_veh-38_00184_02293,0.9470108852422712,2021.07.09.15.53.28_veh-38_00184_02293,0.9606083045526705,0.013597419310399372
d8d46f536585556f,2021.07.09.15.53.28_veh-38_00184_02293,1.0,2021.07.09.15.53.28_veh-38_00184_02293,1.0,0.0
d8f097f9fa2e52f7,2021.07.09.15.53.28_veh-38_00184_02293,0.9614749305436158,2021.07.09.15.53.28_veh-38_00184_02293,0.979972246609296,0.01849731606568028
d967ad2a03a1521a,2021.07.09.15.53.28_veh-38_00184_02293,0.9619716121859909,2021.07.09.15.53.28_veh-38_00184_02293,0.9829021504280061,0.020930538242015184
d9defa86501154b4,2021.07.09.15.53.28_veh-38_00184_02293,1.0,2021.07.09.15.53.28_veh-38_00184_02293,0.0,-1.0
d9e2c39b092159c4,2021.07.09.15.53.28_veh-38_00184_02293,1.0,2021.07.09.15.53.28_veh-38_00184_02293,1.0,0.0
da2f830999325306,2021.07.09.15.53.28_veh-38_00184_02293,0.8326012490408936,2021.07.09.15.53.28_veh-38_00184_02293,0.8479704397933677,0.015369190752474116
db5aa5f382f25aaa,2021.07.09.15.53.28_veh-38_00184_02293,0.9200737198104727,2021.07.09.15.53.28_veh-38_00184_02293,0.9376962977104528,0.01762257789998012
dbdde78f03545776,2021.07.09.15.53.28_veh-38_00184_02293,1.0,2021.07.09.15.53.28_veh-38_00184_02293,1.0,0.0
dbe9196d84d9511c,2021.07.09.15.53.28_veh-38_00184_02293,1.0,2021.07.09.15.53.28_veh-38_00184_02293,1.0,0.0
dca94801958a53aa,2021.07.09.15.53.28_veh-38_00184_02293,0.9776194680200061,2021.07.09.15.53.28_veh-38_00184_02293,0.9897042289214859,0.012084760901479807
dd35faabfd005af0,2021.07.09.15.53.28_veh-38_00184_02293,1.0,2021.07.09.15.53.28_veh-38_00184_02293,1.0,0.0
dd4e1fa056b456f3,2021.07.09.15.53.28_veh-38_00184_02293,1.0,2021.07.09.15.53.28_veh-38_00184_02293,1.0,0.0
dd8848619c6f5c22,2021.07.09.15.53.28_veh-38_00184_02293,0.9795604045309406,2021.07.09.15.53.28_veh-38_00184_02293,1.0,0.02043959546905938
de7549a363f15a36,2021.07.09.15.53.28_veh-38_00184_02293,0.904199710953053,2021.07.09.15.53.28_veh-38_00184_02293,0.9235796845198911,0.019379973566838182
de99492d90ed5808,2021.07.09.15.53.28_veh-38_00184_02293,0.970231456645033,2021.07.09.15.53.28_veh-38_00184_02293,0.9944238534316087,0.0241923967865757
df09da21f9a35c0c,2021.07.09.15.53.28_veh-38_00184_02293,0.962183896754055,2021.07.09.15.53.28_veh-38_00184_02293,0.9805034450530301,0.018319548298975086
df242b87199d5acb,2021.07.09.15.53.28_veh-38_00184_02293,0.9804186159550088,2021.07.09.15.53.28_veh-38_00184_02293,0.9915776245138692,0.011159008558860428
e003efe0bcee5ce5,2021.07.09.15.53.28_veh-38_00184_02293,0.9863178621632471,2021.07.09.15.53.28_veh-38_00184_02293,1.0,0.013682137836752872
e0488ea0836c5bf6,2021.07.09.15.53.28_veh-38_00184_02293,0.9608588440993714,2021.07.09.15.53.28_veh-38_00184_02293,0.9753391210023075,0.014480276902936073
e07749952a0f5f5d,2021.07.09.15.53.28_veh-38_00184_02293,0.9778957135133541,2021.07.09.15.53.28_veh-38_00184_02293,0.9880374067601825,0.010141693246828343
e0893a06ed5e5bb3,2021.07.09.15.53.28_veh-38_00184_02293,1.0,2021.07.09.15.53.28_veh-38_00184_02293,1.0,0.0
e24fd0e278275c0b,2021.07.09.15.53.28_veh-38_00184_02293,1.0,2021.07.09.15.53.28_veh-38_00184_02293,1.0,0.0
e26a0932b153560d,2021.07.09.15.53.28_veh-38_00184_02293,1.0,2021.07.09.15.53.28_veh-38_00184_02293,1.0,0.0
e31bf22d49f454e8,2021.07.09.15.53.28_veh-38_00184_02293,0.9464381912470476,2021.07.09.15.53.28_veh-38_00184_02293,0.964707388368738,0.018269197121690395
e340e429f0015853,2021.07.09.15.53.28_veh-38_00184_02293,0.9966737492364527,2021.07.09.15.53.28_veh-38_00184_02293,1.0,0.0033262507635473115
e3da0e20e0b556fc,2021.07.09.15.53.28_veh-38_00184_02293,1.0,2021.07.09.15.53.28_veh-38_00184_02293,1.0,0.0
e3e96778dac3541c,2021.07.09.15.53.28_veh-38_00184_02293,0.9372614223837962,2021.07.09.15.53.28_veh-38_00184_02293,0.9492101027228967,0.01194868033910057
e43549ea94f75b60,2021.07.09.15.53.28_veh-38_00184_02293,0.9690841331603287,2021.07.09.15.53.28_veh-38_00184_02293,0.9764951253091902,0.007410992148861539
e436b19cf83151cc,2021.07.09.15.53.28_veh-38_00184_02293,1.0,2021.07.09.15.53.28_veh-38_00184_02293,1.0,0.0
e4d05b1ce25250bb,2021.07.09.15.53.28_veh-38_00184_02293,0.9996828804502822,2021.07.09.15.53.28_veh-38_00184_02293,1.0,0.00031711954971780365
e5581fb84ddb5ffb,2021.07.09.15.53.28_veh-38_00184_02293,0.9870010735891799,2021.07.09.15.53.28_veh-38_00184_02293,1.0,0.012998926410820122
e58acbf0106153ad,2021.07.09.15.53.28_veh-38_00184_02293,1.0,2021.07.09.15.53.28_veh-38_00184_02293,1.0,0.0
e5b1df76988c57a7,2021.07.09.15.53.28_veh-38_00184_02293,1.0,2021.07.09.15.53.28_veh-38_00184_02293,1.0,0.0
e614a559776c5e86,2021.07.09.15.53.28_veh-38_00184_02293,0.8108870855824976,2021.07.09.15.53.28_veh-38_00184_02293,0.8182038207123528,0.007316735129855201
e634731f91015bab,2021.07.09.15.53.28_veh-38_00184_02293,0.0,2021.07.09.15.53.28_veh-38_00184_02293,0.9511656702968796,0.9511656702968796
e6aabd1342ce54e2,2021.07.09.15.53.28_veh-38_00184_02293,0.9291206116713502,2021.07.09.15.53.28_veh-38_00184_02293,0.9466582047884151,0.01753759311706493
e6c4af98a23f5868,2021.07.09.15.53.28_veh-38_00184_02293,1.0,2021.07.09.15.53.28_veh-38_00184_02293,1.0,0.0
e6e9a5b8b26755b2,2021.07.09.15.53.28_veh-38_00184_02293,0.997052847484708,2021.07.09.15.53.28_veh-38_00184_02293,1.0,0.002947152515291984
e71499ec7fd254e9,2021.07.09.15.53.28_veh-38_00184_02293,1.0,2021.07.09.15.53.28_veh-38_00184_02293,1.0,0.0
e732f7c659b45197,2021.07.09.15.53.28_veh-38_00184_02293,0.9326448101820939,2021.07.09.15.53.28_veh-38_00184_02293,0.9425943795806381,0.009949569398544189
e739a390b2a55648,2021.07.09.15.53.28_veh-38_00184_02293,1.0,2021.07.09.15.53.28_veh-38_00184_02293,1.0,0.0
e76566d4d20c5377,2021.07.09.15.53.28_veh-38_00184_02293,0.8268393280123405,2021.07.09.15.53.28_veh-38_00184_02293,0.835633410309896,0.008794082297555517
e833b6b388c1524e,2021.07.09.15.53.28_veh-38_00184_02293,0.9334059561478995,2021.07.09.15.53.28_veh-38_00184_02293,0.9429803086345627,0.009574352486663273
e842f8018dfe58b3,2021.07.09.15.53.28_veh-38_00184_02293,0.976018251185401,2021.07.09.15.53.28_veh-38_00184_02293,0.9854886765159138,0.009470425330512788
e856cc5561ca564e,2021.07.09.15.53.28_veh-38_00184_02293,0.940157184543618,2021.07.09.15.53.28_veh-38_00184_02293,0.9522406095954773,0.012083425051859331
e95323b100c25a0a,2021.07.09.15.53.28_veh-38_00184_02293,0.9478828583474331,2021.07.09.15.53.28_veh-38_00184_02293,0.9643033579717364,0.016420499624303253
e96e62b9e81d5042,2021.07.09.15.53.28_veh-38_00184_02293,1.0,2021.07.09.15.53.28_veh-38_00184_02293,1.0,0.0
e9a30e8cbad951bb,2021.07.09.15.53.28_veh-38_00184_02293,1.0,2021.07.09.15.53.28_veh-38_00184_02293,0.0,-1.0
ea31a137b6b45663,2021.07.09.15.53.28_veh-38_00184_02293,1.0,2021.07.09.15.53.28_veh-38_00184_02293,1.0,0.0
ea7675073d935aed,2021.07.09.15.53.28_veh-38_00184_02293,0.9151670318957886,2021.07.09.15.53.28_veh-38_00184_02293,0.92117580661831,0.006008774722521371
eaad335cb62c57b0,2021.07.09.15.53.28_veh-38_00184_02293,0.9398332522750781,2021.07.09.15.53.28_veh-38_00184_02293,0.9586833598117451,0.01885010753666705
eacad86eaed255f7,2021.07.09.15.53.28_veh-38_00184_02293,0.9295727902223907,2021.07.09.15.53.28_veh-38_00184_02293,0.9400099345262496,0.010437144303858892
eb03710881e25401,2021.07.09.15.53.28_veh-38_00184_02293,1.0,2021.07.09.15.53.28_veh-38_00184_02293,1.0,0.0
ebb818fca3895a2c,2021.07.09.15.53.28_veh-38_00184_02293,1.0,2021.07.09.15.53.28_veh-38_00184_02293,1.0,0.0
ec21e03ea67054d6,2021.07.09.15.53.28_veh-38_00184_02293,0.9480202508003392,2021.07.09.15.53.28_veh-38_00184_02293,0.9643375580044642,0.016317307204124942
ec965c8ae1c75447,2021.07.09.15.53.28_veh-38_00184_02293,0.9207458150539934,2021.07.09.15.53.28_veh-38_00184_02293,0.9288807631899743,0.008134948135980813
ed29591fde515907,2021.07.09.15.53.28_veh-38_00184_02293,0.0,2021.07.09.15.53.28_veh-38_00184_02293,0.8571428571428571,0.8571428571428571
ee0c42f87de45144,2021.07.09.15.53.28_veh-38_00184_02293,0.9729937664749619,2021.07.09.15.53.28_veh-38_00184_02293,0.993360392396531,0.020366625921569015
ee7c43384142579a,2021.07.09.15.53.28_veh-38_00184_02293,1.0,2021.07.09.15.53.28_veh-38_00184_02293,1.0,0.0
ee92fc8a2ab55014,2021.07.09.15.53.28_veh-38_00184_02293,1.0,2021.07.09.15.53.28_veh-38_00184_02293,1.0,0.0
eeed45662dfb5a80,2021.07.09.15.53.28_veh-38_00184_02293,0.9828740564508958,2021.07.09.15.53.28_veh-38_00184_02293,0.9944910422357949,0.011616985784899114
eefc6568a4155b8b,2021.07.09.15.53.28_veh-38_00184_02293,0.8571428571428571,2021.07.09.15.53.28_veh-38_00184_02293,1.0,0.1428571428571429
ef00d067ff7a582f,2021.07.09.15.53.28_veh-38_00184_02293,0.96324730778406,2021.07.09.15.53.28_veh-38_00184_02293,0.9761313005023347,0.012883992718274673
eff7dd683f505235,2021.07.09.15.53.28_veh-38_00184_02293,1.0,2021.07.09.15.53.28_veh-38_00184_02293,1.0,0.0
f0273e69f5bb54e1,2021.07.09.15.53.28_veh-38_00184_02293,0.934880801839933,2021.07.09.15.53.28_veh-38_00184_02293,0.9483440721218878,0.013463270281954709
f0ef32a63b3659a6,2021.07.09.15.53.28_veh-38_00184_02293,1.0,2021.07.09.15.53.28_veh-38_00184_02293,1.0,0.0
f16673a85d0e5f75,2021.07.09.15.53.28_veh-38_00184_02293,1.0,2021.07.09.15.53.28_veh-38_00184_02293,1.0,0.0
f295db8f52065e16,2021.07.09.15.53.28_veh-38_00184_02293,0.819463504821677,2021.07.09.15.53.28_veh-38_00184_02293,0.8265792150842444,0.00711571026256741
f35a76fdbc2259da,2021.07.09.15.53.28_veh-38_00184_02293,1.0,2021.07.09.15.53.28_veh-38_00184_02293,1.0,0.0
f37e5cad3010539f,2021.07.09.15.53.28_veh-38_00184_02293,1.0,2021.07.09.15.53.28_veh-38_00184_02293,1.0,0.0
f3d5e1d06f2e5c41,2021.07.09.15.53.28_veh-38_00184_02293,1.0,2021.07.09.15.53.28_veh-38_00184_02293,1.0,0.0
f4454ab06873565e,2021.07.09.15.53.28_veh-38_00184_02293,0.8927266802101972,2021.07.09.15.53.28_veh-38_00184_02293,0.9088295260285424,0.0161028458183452
f45108d76421595f,2021.07.09.15.53.28_veh-38_00184_02293,0.9313480282243844,2021.07.09.15.53.28_veh-38_00184_02293,0.942485657314327,0.011137629089942536
f65da3ca0d4f55ad,2021.07.09.15.53.28_veh-38_00184_02293,1.0,2021.07.09.15.53.28_veh-38_00184_02293,1.0,0.0
f683ad32ef3f5b4e,2021.07.09.15.53.28_veh-38_00184_02293,1.0,2021.07.09.15.53.28_veh-38_00184_02293,1.0,0.0
f686e9b2f7c35d4c,2021.07.09.15.53.28_veh-38_00184_02293,1.0,2021.07.09.15.53.28_veh-38_00184_02293,1.0,0.0
f6ca17e70e9e53c5,2021.07.09.15.53.28_veh-38_00184_02293,1.0,2021.07.09.15.53.28_veh-38_00184_02293,1.0,0.0
f6d05b10abff5140,2021.07.09.15.53.28_veh-38_00184_02293,0.9792903860168543,2021.07.09.15.53.28_veh-38_00184_02293,0.9885793334805992,0.009288947463744979
f6d84360042f5d19,2021.07.09.15.53.28_veh-38_00184_02293,1.0,2021.07.09.15.53.28_veh-38_00184_02293,1.0,0.0
f7b4d7400b585640,2021.07.09.15.53.28_veh-38_00184_02293,1.0,2021.07.09.15.53.28_veh-38_00184_02293,1.0,0.0
f7d65f30d6075c18,2021.07.09.15.53.28_veh-38_00184_02293,1.0,2021.07.09.15.53.28_veh-38_00184_02293,1.0,0.0
f80bb56c694d55ae,2021.07.09.15.53.28_veh-38_00184_02293,0.8436982110864586,2021.07.09.15.53.28_veh-38_00184_02293,0.8581202118178318,0.01442200073137323
f81f1d9d43f75c37,2021.07.09.15.53.28_veh-38_00184_02293,1.0,2021.07.09.15.53.28_veh-38_00184_02293,1.0,0.0
f83ebda95db35f05,2021.07.09.15.53.28_veh-38_00184_02293,0.8520472708111374,2021.07.09.15.53.28_veh-38_00184_02293,0.8755499676548679,0.02350269684373052
f89bd37b0daf5c8a,2021.07.09.15.53.28_veh-38_00184_02293,1.0,2021.07.09.15.53.28_veh-38_00184_02293,1.0,0.0
f8bb1f5f15f0545e,2021.07.09.15.53.28_veh-38_00184_02293,0.9717769543015257,2021.07.09.15.53.28_veh-38_00184_02293,0.9800984364623806,0.008321482160854932
f98865ec9ca2540a,2021.07.09.15.53.28_veh-38_00184_02293,0.9900194629274391,2021.07.09.15.53.28_veh-38_00184_02293,1.0,0.009980537072560858
f9cc839f6daf59a7,2021.07.09.15.53.28_veh-38_00184_02293,1.0,2021.07.09.15.53.28_veh-38_00184_02293,1.0,0.0
fab83ce7307f5eb1,2021.07.09.15.53.28_veh-38_00184_02293,1.0,2021.07.09.15.53.28_veh-38_00184_02293,1.0,0.0
fbaf220f056b5918,2021.07.09.15.53.28_veh-38_00184_02293,0.9750407151449179,2021.07.09.15.53.28_veh-38_00184_02293,0.9848563902752759,0.009815675130358081
fc4b553b82f3573e,2021.07.09.15.53.28_veh-38_00184_02293,0.9928835036719632,2021.07.09.15.53.28_veh-38_00184_02293,1.0,0.007116496328036792
fd6714343cac5c89,2021.07.09.15.53.28_veh-38_00184_02293,1.0,2021.07.09.15.53.28_veh-38_00184_02293,1.0,0.0
fdab862a77fb5c90,2021.07.09.15.53.28_veh-38_00184_02293,0.8067284167509399,2021.07.09.15.53.28_veh-38_00184_02293,0.8135256720033519,0.006797255252412038
fe2ac8c198fa5790,2021.07.09.15.53.28_veh-38_00184_02293,1.0,2021.07.09.15.53.28_veh-38_00184_02293,1.0,0.0
fe821d61eef757d7,2021.07.09.15.53.28_veh-38_00184_02293,1.0,2021.07.09.15.53.28_veh-38_00184_02293,1.0,0.0
feafc7509f0f51cf,2021.07.09.15.53.28_veh-38_00184_02293,1.0,2021.07.09.15.53.28_veh-38_00184_02293,1.0,0.0
fee8806b92c9501e,2021.07.09.15.53.28_veh-38_00184_02293,1.0,2021.07.09.15.53.28_veh-38_00184_02293,1.0,0.0
02199704c082520f,2021.06.09.12.51.31_veh-35_01729_02626,1.0,2021.06.09.12.51.31_veh-35_01729_02626,1.0,0.0
0228fd10f8c05bd4,2021.06.09.12.51.31_veh-35_01729_02626,0.9261440690252194,2021.06.09.12.51.31_veh-35_01729_02626,0.9479622068682334,0.021818137843014007
025b6096a0af5d87,2021.06.09.12.51.31_veh-35_01729_02626,0.9515286967632292,2021.06.09.12.51.31_veh-35_01729_02626,0.9656635236942164,0.014134826930987221
039064e3ab615ba4,2021.06.09.12.51.31_veh-35_01729_02626,1.0,2021.06.09.12.51.31_veh-35_01729_02626,1.0,0.0
03e725fe0ab95f02,2021.06.09.12.51.31_veh-35_01729_02626,1.0,2021.06.09.12.51.31_veh-35_01729_02626,1.0,0.0
047b29ae8a2d50c3,2021.06.09.12.51.31_veh-35_01729_02626,1.0,2021.06.09.12.51.31_veh-35_01729_02626,1.0,0.0
049ac1985c175ddb,2021.06.09.12.51.31_veh-35_01729_02626,0.8635456606957765,2021.06.09.12.51.31_veh-35_01729_02626,0.875,0.01145433930422346
0769d9f9498e5f51,2021.06.09.12.51.31_veh-35_01729_02626,0.8974008134717556,2021.06.09.12.51.31_veh-35_01729_02626,0.9174315230644391,0.020030709592683493
0b890a5dbdaf53aa,2021.06.09.12.51.31_veh-35_01729_02626,1.0,2021.06.09.12.51.31_veh-35_01729_02626,1.0,0.0
100ee55049cc584e,2021.06.09.12.51.31_veh-35_01729_02626,1.0,2021.06.09.12.51.31_veh-35_01729_02626,1.0,0.0
102b90da87b851bf,2021.06.09.12.51.31_veh-35_01729_02626,0.8070208747747777,2021.06.09.12.51.31_veh-35_01729_02626,0.8134064269914234,0.006385552216645718
104fd3ad395d5ded,2021.06.09.12.51.31_veh-35_01729_02626,1.0,2021.06.09.12.51.31_veh-35_01729_02626,1.0,0.0
11788fec75b55fe8,2021.06.09.12.51.31_veh-35_01729_02626,0.9780690009022015,2021.06.09.12.51.31_veh-35_01729_02626,0.9884277418765635,0.010358740974361957
1206c4653bc05297,2021.06.09.12.51.31_veh-35_01729_02626,1.0,2021.06.09.12.51.31_veh-35_01729_02626,1.0,0.0
1499e758c6855a74,2021.06.09.12.51.31_veh-35_01729_02626,0.9215396062137885,2021.06.09.12.51.31_veh-35_01729_02626,0.9367746699568815,0.015235063743093025
17efb1d6bb395620,2021.06.09.12.51.31_veh-35_01729_02626,0.9670404548839534,2021.06.09.12.51.31_veh-35_01729_02626,0.9761553075596134,0.009114852675660035
191f94dc85fd5899,2021.06.09.12.51.31_veh-35_01729_02626,0.9217036790019302,2021.06.09.12.51.31_veh-35_01729_02626,0.8024337263074492,-0.11926995269448093
1ab37cad7da55237,2021.06.09.12.51.31_veh-35_01729_02626,0.9788357687504526,2021.06.09.12.51.31_veh-35_01729_02626,0.9938502366909435,0.015014467940490883
1b6f94eba9bd573c,2021.06.09.12.51.31_veh-35_01729_02626,1.0,2021.06.09.12.51.31_veh-35_01729_02626,1.0,0.0
1bef718d3b145858,2021.06.09.12.51.31_veh-35_01729_02626,0.9206606157709682,2021.06.09.12.51.31_veh-35_01729_02626,0.9320822641334812,0.011421648362512915
1dc5198a0a27562c,2021.06.09.12.51.31_veh-35_01729_02626,0.9827941435797948,2021.06.09.12.51.31_veh-35_01729_02626,0.9970413838236827,0.014247240243887904
1eb3057c64465de0,2021.06.09.12.51.31_veh-35_01729_02626,1.0,2021.06.09.12.51.31_veh-35_01729_02626,1.0,0.0
1efe2f1b12ec5381,2021.06.09.12.51.31_veh-35_01729_02626,0.9815280202746738,2021.06.09.12.51.31_veh-35_01729_02626,0.9933751851461526,0.011847164871478855
2146b87b79ce537d,2021.06.09.12.51.31_veh-35_01729_02626,1.0,2021.06.09.12.51.31_veh-35_01729_02626,1.0,0.0
2395e3e90cdf5b9a,2021.06.09.12.51.31_veh-35_01729_02626,1.0,2021.06.09.12.51.31_veh-35_01729_02626,1.0,0.0
246269dcd9845878,2021.06.09.12.51.31_veh-35_01729_02626,0.8425583872844219,2021.06.09.12.51.31_veh-35_01729_02626,0.8660665574076154,0.023508170123193506
248f2530124b5812,2021.06.09.12.51.31_veh-35_01729_02626,1.0,2021.06.09.12.51.31_veh-35_01729_02626,1.0,0.0
258edbf6a22c5312,2021.06.09.12.51.31_veh-35_01729_02626,0.925694116023253,2021.06.09.12.51.31_veh-35_01729_02626,0.94115205011024,0.015457934086986924
2ac1b274b9f2525a,2021.06.09.12.51.31_veh-35_01729_02626,0.9670290966270411,2021.06.09.12.51.31_veh-35_01729_02626,0.9864459940947059,0.01941689746766484
2cdbdd95aaba57f0,2021.06.09.12.51.31_veh-35_01729_02626,1.0,2021.06.09.12.51.31_veh-35_01729_02626,1.0,0.0
2dc965586c945547,2021.06.09.12.51.31_veh-35_01729_02626,0.9757574111043805,2021.06.09.12.51.31_veh-35_01729_02626,0.8598502925222636,-0.11590711858211689
2dd00be7ed615ecc,2021.06.09.12.51.31_veh-35_01729_02626,1.0,2021.06.09.12.51.31_veh-35_01729_02626,1.0,0.0
338daec6bb7a5aa0,2021.06.09.12.51.31_veh-35_01729_02626,0.9038141558579783,2021.06.09.12.51.31_veh-35_01729_02626,0.9177328458997233,0.013918690041744952
33ee0a5e0f7950f2,2021.06.09.12.51.31_veh-35_01729_02626,0.8454422438225416,2021.06.09.12.51.31_veh-35_01729_02626,0.8623808054009269,0.016938561578385247
346d763777e85cd3,2021.06.09.12.51.31_veh-35_01729_02626,0.6992393990459866,2021.06.09.12.51.31_veh-35_01729_02626,0.7073901074618649,0.008150708415878283
3b6f237e05365dcf,2021.06.09.12.51.31_veh-35_01729_02626,1.0,2021.06.09.12.51.31_veh-35_01729_02626,1.0,0.0
3e9c4cca896a53f7,2021.06.09.12.51.31_veh-35_01729_02626,1.0,2021.06.09.12.51.31_veh-35_01729_02626,1.0,0.0
3f4ac4bbbdc05fba,2021.06.09.12.51.31_veh-35_01729_02626,0.9567506125065898,2021.06.09.12.51.31_veh-35_01729_02626,0.9765635945393117,0.01981298203272197
3f84de43587e5aef,2021.06.09.12.51.31_veh-35_01729_02626,0.8043089559488306,2021.06.09.12.51.31_veh-35_01729_02626,0.8101492469850553,0.005840291036224743
41c8ecae08035b9f,2021.06.09.12.51.31_veh-35_01729_02626,0.9077909258683158,2021.06.09.12.51.31_veh-35_01729_02626,0.9236362614610126,0.015845335592696852
430bf2218f6454aa,2021.06.09.12.51.31_veh-35_01729_02626,0.8607671548792709,2021.06.09.12.51.31_veh-35_01729_02626,0.8744875424921963,0.013720387612925378
47758e53165b5478,2021.06.09.12.51.31_veh-35_01729_02626,0.8959463694014892,2021.06.09.12.51.31_veh-35_01729_02626,0.9023793480410199,0.00643297863953074
47dd5e581cf559fd,2021.06.09.12.51.31_veh-35_01729_02626,1.0,2021.06.09.12.51.31_veh-35_01729_02626,0.875,-0.125
486ae50490cf589c,2021.06.09.12.51.31_veh-35_01729_02626,0.9983760434353998,2021.06.09.12.51.31_veh-35_01729_02626,1.0,0.0016239565646002374
490822629fe05bc3,2021.06.09.12.51.31_veh-35_01729_02626,0.8997831314292495,2021.06.09.12.51.31_veh-35_01729_02626,0.918266960398611,0.018483828969361515
4a55e5cc75c55276,2021.06.09.12.51.31_veh-35_01729_02626,1.0,2021.06.09.12.51.31_veh-35_01729_02626,1.0,0.0
4b20e22658c258a4,2021.06.09.12.51.31_veh-35_01729_02626,1.0,2021.06.09.12.51.31_veh-35_01729_02626,1.0,0.0
4c1205c3cd395ed2,2021.06.09.12.51.31_veh-35_01729_02626,1.0,2021.06.09.12.51.31_veh-35_01729_02626,1.0,0.0
4c766faa415253e3,2021.06.09.12.51.31_veh-35_01729_02626,0.8869821420004167,2021.06.09.12.51.31_veh-35_01729_02626,0.9027466629777479,0.015764520977331165
4c85b529b06d5b94,2021.06.09.12.51.31_veh-35_01729_02626,0.8646229655634254,2021.06.09.12.51.31_veh-35_01729_02626,0.8872687778205516,0.02264581225712614
4d30b4c498505f32,2021.06.09.12.51.31_veh-35_01729_02626,0.9513244212661466,2021.06.09.12.51.31_veh-35_01729_02626,0.8437123226775602,-0.10761209858858634
4f54af46fbf95346,2021.06.09.12.51.31_veh-35_01729_02626,1.0,2021.06.09.12.51.31_veh-35_01729_02626,1.0,0.0
4fcd13a2adeb5406,2021.06.09.12.51.31_veh-35_01729_02626,0.989719454974532,2021.06.09.12.51.31_veh-35_01729_02626,1.0,0.010280545025468046
4ffe9e73ad0f5c34,2021.06.09.12.51.31_veh-35_01729_02626,0.8868919201094381,2021.06.09.12.51.31_veh-35_01729_02626,0.9017999745445578,0.014908054435119777
50ecb53bbcdd5c19,2021.06.09.12.51.31_veh-35_01729_02626,0.9208468655180588,2021.06.09.12.51.31_veh-35_01729_02626,0.9348156284953646,0.01396876297730576
51649a3ccd735dff,2021.06.09.12.51.31_veh-35_01729_02626,0.9852989737474898,2021.06.09.12.51.31_veh-35_01729_02626,1.0,0.01470102625251024
5224833f970051df,2021.06.09.12.51.31_veh-35_01729_02626,0.9088874568784866,2021.06.09.12.51.31_veh-35_01729_02626,0.9264182714571947,0.017530814578708087
522fca1441c455a1,2021.06.09.12.51.31_veh-35_01729_02626,1.0,2021.06.09.12.51.31_veh-35_01729_02626,1.0,0.0
53a2eb4f1d1b5b6e,2021.06.09.12.51.31_veh-35_01729_02626,1.0,2021.06.09.12.51.31_veh-35_01729_02626,1.0,0.0
53fc4d372fa5530d,2021.06.09.12.51.31_veh-35_01729_02626,1.0,2021.06.09.12.51.31_veh-35_01729_02626,1.0,0.0
55bf0e4266ce5eee,2021.06.09.12.51.31_veh-35_01729_02626,0.8025102231980528,2021.06.09.12.51.31_veh-35_01729_02626,0.8166158408693447,0.014105617671291926
59a1bb2069d057ed,2021.06.09.12.51.31_veh-35_01729_02626,0.8380804103851176,2021.06.09.12.51.31_veh-35_01729_02626,0.8558926195497472,0.017812209164629556
59bfda4a7e5956eb,2021.06.09.12.51.31_veh-35_01729_02626,1.0,2021.06.09.12.51.31_veh-35_01729_02626,1.0,0.0
5a4abee0269d5262,2021.06.09.12.51.31_veh-35_01729_02626,0.9530232540700366,2021.06.09.12.51.31_veh-35_01729_02626,0.9670345938861032,0.014011339816066615
5dc2c6ffad8b5dd5,2021.06.09.12.51.31_veh-35_01729_02626,0.8981864813996856,2021.06.09.12.51.31_veh-35_01729_02626,0.9132806188960293,0.015094137496343696
5e6051742abd5859,2021.06.09.12.51.31_veh-35_01729_02626,0.867707892552393,2021.06.09.12.51.31_veh-35_01729_02626,0.8870574952083752,0.01934960265598218
60d918263c15569b,2021.06.09.12.51.31_veh-35_01729_02626,0.8659167956964952,2021.06.09.12.51.31_veh-35_01729_02626,0.8841424774090854,0.018225681712590203
60dbf95d482051e1,2021.06.09.12.51.31_veh-35_01729_02626,1.0,2021.06.09.12.51.31_veh-35_01729_02626,1.0,0.0
63747a8878bf5f38,2021.06.09.12.51.31_veh-35_01729_02626,0.8762481649643454,2021.06.09.12.51.31_veh-35_01729_02626,0.8927002416837163,0.01645207671937088
637e5b6294fb5db8,2021.06.09.12.51.31_veh-35_01729_02626,0.75,2021.06.09.12.51.31_veh-35_01729_02626,0.75,0.0
6483af7092d15ada,2021.06.09.12.51.31_veh-35_01729_02626,1.0,2021.06.09.12.51.31_veh-35_01729_02626,1.0,0.0
66817c00a54e53f0,2021.06.09.12.51.31_veh-35_01729_02626,0.9269716136292082,2021.06.09.12.51.31_veh-35_01729_02626,0.945593502338389,0.0186218887091808
6a956d4c705d59fa,2021.06.09.12.51.31_veh-35_01729_02626,0.941200999409774,2021.06.09.12.51.31_veh-35_01729_02626,0.9526585838291677,0.011457584419393707
6f26763a3a8859a9,2021.06.09.12.51.31_veh-35_01729_02626,1.0,2021.06.09.12.51.31_veh-35_01729_02626,1.0,0.0
71e6ee340d1756fd,2021.06.09.12.51.31_veh-35_01729_02626,0.9757575978781564,2021.06.09.12.51.31_veh-35_01729_02626,0.989171967375685,0.013414369497528611
72fc5c8b771758fd,2021.06.09.12.51.31_veh-35_01729_02626,0.9894915645655196,2021.06.09.12.51.31_veh-35_01729_02626,1.0,0.010508435434480434
7412988f410e545d,2021.06.09.12.51.31_veh-35_01729_02626,0.804062852160059,2021.06.09.12.51.31_veh-35_01729_02626,0.8218167522184352,0.017753900058376182
741b40508f9c539f,2021.06.09.12.51.31_veh-35_01729_02626,0.875,2021.06.09.12.51.31_veh-35_01729_02626,1.0,0.125
7639e630e475517c,2021.06.09.12.51.31_veh-35_01729_02626,1.0,2021.06.09.12.51.31_veh-35_01729_02626,1.0,0.0
76e33b04a2e55b65,2021.06.09.12.51.31_veh-35_01729_02626,1.0,2021.06.09.12.51.31_veh-35_01729_02626,1.0,0.0
77d22252c36859d2,2021.06.09.12.51.31_veh-35_01729_02626,1.0,2021.06.09.12.51.31_veh-35_01729_02626,1.0,0.0
786c7d0f495e5b08,2021.06.09.12.51.31_veh-35_01729_02626,0.9369388202645441,2021.06.09.12.51.31_veh-35_01729_02626,0.9495662677480703,0.012627447483526177
7980f7ce6e085a30,2021.06.09.12.51.31_veh-35_01729_02626,1.0,2021.06.09.12.51.31_veh-35_01729_02626,1.0,0.0
7b7291b626f753ae,2021.06.09.12.51.31_veh-35_01729_02626,0.8149054682082055,2021.06.09.12.51.31_veh-35_01729_02626,0.8229961624500243,0.008090694241818741
7d838c40752e5080,2021.06.09.12.51.31_veh-35_01729_02626,0.875,2021.06.09.12.51.31_veh-35_01729_02626,1.0,0.125
7dab96d0e7725a9f,2021.06.09.12.51.31_veh-35_01729_02626,0.9500559922594424,2021.06.09.12.51.31_veh-35_01729_02626,0.9603652904177215,0.010309298158279079
7e2c3c2ef5e05b19,2021.06.09.12.51.31_veh-35_01729_02626,1.0,2021.06.09.12.51.31_veh-35_01729_02626,1.0,0.0
7f5714fc26bb599b,2021.06.09.12.51.31_veh-35_01729_02626,1.0,2021.06.09.12.51.31_veh-35_01729_02626,1.0,0.0
8264721b29a65296,2021.06.09.12.51.31_veh-35_01729_02626,1.0,2021.06.09.12.51.31_veh-35_01729_02626,1.0,0.0
827867f4641c53b6,2021.06.09.12.51.31_veh-35_01729_02626,1.0,2021.06.09.12.51.31_veh-35_01729_02626,1.0,0.0
84da0c13f98e58e9,2021.06.09.12.51.31_veh-35_01729_02626,0.7007266103996299,2021.06.09.12.51.31_veh-35_01729_02626,0.7103403139225087,0.009613703522878825
8828feb4e21b5600,2021.06.09.12.51.31_veh-35_01729_02626,0.8829523672264072,2021.06.09.12.51.31_veh-35_01729_02626,0.8950195058490711,0.012067138622663842
888cb5a4b4c25eab,2021.06.09.12.51.31_veh-35_01729_02626,1.0,2021.06.09.12.51.31_veh-35_01729_02626,1.0,0.0
88ff3881080b505a,2021.06.09.12.51.31_veh-35_01729_02626,0.8842733170607534,2021.06.09.12.51.31_veh-35_01729_02626,0.8944514185759458,0.010178101515192384
89409b4f6b4f573b,2021.06.09.12.51.31_veh-35_01729_02626,1.0,2021.06.09.12.51.31_veh-35_01729_02626,1.0,0.0
8956d19d62c056f6,2021.06.09.12.51.31_veh-35_01729_02626,0.9120743874763932,2021.06.09.12.51.31_veh-35_01729_02626,0.9254251891483778,0.013350801671984547
8deaed625cfc5888,2021.06.09.12.51.31_veh-35_01729_02626,0.9438482179332078,2021.06.09.12.51.31_veh-35_01729_02626,0.9559723230601885,0.0121241051269807
8f63f1b737e15216,2021.06.09.12.51.31_veh-35_01729_02626,1.0,2021.06.09.12.51.31_veh-35_01729_02626,1.0,0.0
94de31b161f45bc2,2021.06.09.12.51.31_veh-35_01729_02626,1.0,2021.06.09.12.51.31_veh-35_01729_02626,1.0,0.0
954da5a56f305ac5,2021.06.09.12.51.31_veh-35_01729_02626,0.8955744935564776,2021.06.09.12.51.31_veh-35_01729_02626,0.909187011645463,0.013612518088985448
954e72f1c44e5eb3,2021.06.09.12.51.31_veh-35_01729_02626,0.8930799140385566,2021.06.09.12.51.31_veh-35_01729_02626,0.9069390917684722,0.013859177729915628
96e24e94933f52c8,2021.06.09.12.51.31_veh-35_01729_02626,1.0,2021.06.09.12.51.31_veh-35_01729_02626,1.0,0.0
98b7d40a0b4256e1,2021.06.09.12.51.31_veh-35_01729_02626,0.815835739317474,2021.06.09.12.51.31_veh-35_01729_02626,0.8231983444298886,0.0073626051124146
9d0c0ca6c0b352b8,2021.06.09.12.51.31_veh-35_01729_02626,0.9345484553034862,2021.06.09.12.51.31_veh-35_01729_02626,0.9515384029696288,0.01698994766614259
9d87ac4fbc1959d9,2021.06.09.12.51.31_veh-35_01729_02626,1.0,2021.06.09.12.51.31_veh-35_01729_02626,1.0,0.0
9d87df3517f0557a,2021.06.09.12.51.31_veh-35_01729_02626,0.9140914052566304,2021.06.09.12.51.31_veh-35_01729_02626,0.931786231844702,0.017694826588071644
9ebea9056e195897,2021.06.09.12.51.31_veh-35_01729_02626,0.9104279761933274,2021.06.09.12.51.31_veh-35_01729_02626,0.9309531908680855,0.020525214674758097
9fabef7447845a3b,2021.06.09.12.51.31_veh-35_01729_02626,0.94102686745897,2021.06.09.12.51.31_veh-35_01729_02626,0.953961424100273,0.012934556641302941
9fb2a722bf485a1b,2021.06.09.12.51.31_veh-35_01729_02626,0.9117552379817184,2021.06.09.12.51.31_veh-35_01729_02626,0.9293360834972739,0.0175808455155555
a287a8b3726a5d46,2021.06.09.12.51.31_veh-35_01729_02626,1.0,2021.06.09.12.51.31_veh-35_01729_02626,1.0,0.0
a46b9833db705dd8,2021.06.09.12.51.31_veh-35_01729_02626,0.8741902526067515,2021.06.09.12.51.31_veh-35_01729_02626,0.8881134963081325,0.013923243701380983
a636eadfab6a531d,2021.06.09.12.51.31_veh-35_01729_02626,1.0,2021.06.09.12.51.31_veh-35_01729_02626,1.0,0.0
a8739782d4355428,2021.06.09.12.51.31_veh-35_01729_02626,1.0,2021.06.09.12.51.31_veh-35_01729_02626,1.0,0.0
aa05717ed4265b1a,2021.06.09.12.51.31_veh-35_01729_02626,0.9345965861157971,2021.06.09.12.51.31_veh-35_01729_02626,0.9479343971408586,0.013337811025061486
ac2c3e22fe8c5c6d,2021.06.09.12.51.31_veh-35_01729_02626,0.88394993433705,2021.06.09.12.51.31_veh-35_01729_02626,0.90390179373065,0.019951859393600002
ac5e2264df3958ac,2021.06.09.12.51.31_veh-35_01729_02626,0.7557728685347032,2021.06.09.12.51.31_veh-35_01729_02626,0.772000567859063,0.016227699324359857
ad6f2ee944415c58,2021.06.09.12.51.31_veh-35_01729_02626,1.0,2021.06.09.12.51.31_veh-35_01729_02626,1.0,0.0
b2119b944b7f5d42,2021.06.09.12.51.31_veh-35_01729_02626,1.0,2021.06.09.12.51.31_veh-35_01729_02626,1.0,0.0
b3e4a0d98ed9509d,2021.06.09.12.51.31_veh-35_01729_02626,0.8891763403037032,2021.06.09.12.51.31_veh-35_01729_02626,0.9072597853938873,0.018083445090184114
b6714748d40f5d76,2021.06.09.12.51.31_veh-35_01729_02626,0.8212220123255166,2021.06.09.12.51.31_veh-35_01729_02626,0.8385158552193815,0.01729384289386493
b9abb89d389351f8,2021.06.09.12.51.31_veh-35_01729_02626,1.0,2021.06.09.12.51.31_veh-35_01729_02626,1.0,0.0
bb65c8e693035002,2021.06.09.12.51.31_veh-35_01729_02626,1.0,2021.06.09.12.51.31_veh-35_01729_02626,1.0,0.0
bd6f57a9bbce532d,2021.06.09.12.51.31_veh-35_01729_02626,1.0,2021.06.09.12.51.31_veh-35_01729_02626,1.0,0.0
bf2b503b8bff5859,2021.06.09.12.51.31_veh-35_01729_02626,1.0,2021.06.09.12.51.31_veh-35_01729_02626,1.0,0.0
c10584362e7f5f9d,2021.06.09.12.51.31_veh-35_01729_02626,0.988161170062228,2021.06.09.12.51.31_veh-35_01729_02626,1.0,0.011838829937771966
c2ab52aa1d45570e,2021.06.09.12.51.31_veh-35_01729_02626,0.8859420574369812,2021.06.09.12.51.31_veh-35_01729_02626,0.9058799150262212,0.01993785758924005
c5e10c9e5bc853ec,2021.06.09.12.51.31_veh-35_01729_02626,1.0,2021.06.09.12.51.31_veh-35_01729_02626,1.0,0.0
c8f3dd66357c59f2,2021.06.09.12.51.31_veh-35_01729_02626,1.0,2021.06.09.12.51.31_veh-35_01729_02626,1.0,0.0
c9566605ae1c5861,2021.06.09.12.51.31_veh-35_01729_02626,1.0,2021.06.09.12.51.31_veh-35_01729_02626,1.0,0.0
ca02f85a9a995448,2021.06.09.12.51.31_veh-35_01729_02626,0.9686968082426107,2021.06.09.12.51.31_veh-35_01729_02626,0.9836806916317127,0.014983883389101949
cca22cc47f235643,2021.06.09.12.51.31_veh-35_01729_02626,0.9304212741376797,2021.06.09.12.51.31_veh-35_01729_02626,0.9433379377432083,0.012916663605528567
cdca2eec19585f5e,2021.06.09.12.51.31_veh-35_01729_02626,1.0,2021.06.09.12.51.31_veh-35_01729_02626,1.0,0.0
d344a8704ee85f35,2021.06.09.12.51.31_veh-35_01729_02626,0.8505003490006328,2021.06.09.12.51.31_veh-35_01729_02626,0.9903002497838846,0.13979990078325188
d4fa1b8fc27a5733,2021.06.09.12.51.31_veh-35_01729_02626,0.9640928043995753,2021.06.09.12.51.31_veh-35_01729_02626,0.8614190960187397,-0.10267370838083567
d51990badc6e5787,2021.06.09.12.51.31_veh-35_01729_02626,0.9791238321614608,2021.06.09.12.51.31_veh-35_01729_02626,0.9893985820907661,0.010274749929305327
d68969642ec45b19,2021.06.09.12.51.31_veh-35_01729_02626,0.8793376033246553,2021.06.09.12.51.31_veh-35_01729_02626,0.9039638964060358,0.024626293081380535
d7a938f1b20652bf,2021.06.09.12.51.31_veh-35_01729_02626,1.0,2021.06.09.12.51.31_veh-35_01729_02626,1.0,0.0
d7e631755e5a54ad,2021.06.09.12.51.31_veh-35_01729_02626,0.9906615035687409,2021.06.09.12.51.31_veh-35_01729_02626,1.0,0.009338496431259058
d9bb698c62405297,2021.06.09.12.51.31_veh-35_01729_02626,1.0,2021.06.09.12.51.31_veh-35_01729_02626,1.0,0.0
dbb61fca58fc5037,2021.06.09.12.51.31_veh-35_01729_02626,1.0,2021.06.09.12.51.31_veh-35_01729_02626,1.0,0.0
dd2d2dd7d4885bbe,2021.06.09.12.51.31_veh-35_01729_02626,1.0,2021.06.09.12.51.31_veh-35_01729_02626,1.0,0.0
e069d39ff2ab55bc,2021.06.09.12.51.31_veh-35_01729_02626,0.9208293161832612,2021.06.09.12.51.31_veh-35_01729_02626,0.9333339821640991,0.012504665980837881
e322f2e6452f508e,2021.06.09.12.51.31_veh-35_01729_02626,1.0,2021.06.09.12.51.31_veh-35_01729_02626,1.0,0.0
e43cc13c56e855d5,2021.06.09.12.51.31_veh-35_01729_02626,0.9984281881889996,2021.06.09.12.51.31_veh-35_01729_02626,1.0,0.001571811811000412
e45bba9f532950f7,2021.06.09.12.51.31_veh-35_01729_02626,0.0,2021.06.09.12.51.31_veh-35_01729_02626,0.0,0.0
e4eda26dbd53523d,2021.06.09.12.51.31_veh-35_01729_02626,1.0,2021.06.09.12.51.31_veh-35_01729_02626,1.0,0.0
e522cb132d57506a,2021.06.09.12.51.31_veh-35_01729_02626,0.864075437223902,2021.06.09.12.51.31_veh-35_01729_02626,0.875,0.01092456277609799
e52ef27d2d245c63,2021.06.09.12.51.31_veh-35_01729_02626,0.8212811141718246,2021.06.09.12.51.31_veh-35_01729_02626,0.8303560751942294,0.009074961022404793
e6f686686cc452cf,2021.06.09.12.51.31_veh-35_01729_02626,0.9820156354002069,2021.06.09.12.51.31_veh-35_01729_02626,0.9970773696717719,0.015061734271564986
e799e9f5385a5a2c,2021.06.09.12.51.31_veh-35_01729_02626,1.0,2021.06.09.12.51.31_veh-35_01729_02626,1.0,0.0
ea7c22e1d36856c3,2021.06.09.12.51.31_veh-35_01729_02626,1.0,2021.06.09.12.51.31_veh-35_01729_02626,1.0,0.0
eadab740750b5a54,2021.06.09.12.51.31_veh-35_01729_02626,0.8470897736024351,2021.06.09.12.51.31_veh-35_01729_02626,0.8657493235272792,0.018659549924844088
ee053b086fb1560c,2021.06.09.12.51.31_veh-35_01729_02626,0.8835017548593931,2021.06.09.12.51.31_veh-35_01729_02626,0.9002042859001205,0.016702531040727386
ee7c0c535d415ded,2021.06.09.12.51.31_veh-35_01729_02626,0.9427779799967277,2021.06.09.12.51.31_veh-35_01729_02626,0.9548811576368307,0.012103177640102936
ee855ade6ba5504c,2021.06.09.12.51.31_veh-35_01729_02626,1.0,2021.06.09.12.51.31_veh-35_01729_02626,1.0,0.0
ef5d74901e465a0d,2021.06.09.12.51.31_veh-35_01729_02626,0.8390738353279826,2021.06.09.12.51.31_veh-35_01729_02626,0.861947779446793,0.022873944118810385
f00788c502f25587,2021.06.09.12.51.31_veh-35_01729_02626,1.0,2021.06.09.12.51.31_veh-35_01729_02626,1.0,0.0
f1bf12acb8445268,2021.06.09.12.51.31_veh-35_01729_02626,1.0,2021.06.09.12.51.31_veh-35_01729_02626,1.0,0.0
f25726c61f48502f,2021.06.09.12.51.31_veh-35_01729_02626,1.0,2021.06.09.12.51.31_veh-35_01729_02626,1.0,0.0
f285ec68af385fc4,2021.06.09.12.51.31_veh-35_01729_02626,0.8543297000515797,2021.06.09.12.51.31_veh-35_01729_02626,0.8641384062376195,0.009808706186039795
f29cff9a8d905f5d,2021.06.09.12.51.31_veh-35_01729_02626,1.0,2021.06.09.12.51.31_veh-35_01729_02626,1.0,0.0
f2bdb5407b145bcd,2021.06.09.12.51.31_veh-35_01729_02626,1.0,2021.06.09.12.51.31_veh-35_01729_02626,1.0,0.0
f329e674bbb950b3,2021.06.09.12.51.31_veh-35_01729_02626,0.9708357065173909,2021.06.09.12.51.31_veh-35_01729_02626,0.9957281796130749,0.024892473095683987
f37d56c3d1f059ec,2021.06.09.12.51.31_veh-35_01729_02626,0.8684440029932066,2021.06.09.12.51.31_veh-35_01729_02626,0.8842591286994508,0.015815125706244215
f44ec48280225191,2021.06.09.12.51.31_veh-35_01729_02626,1.0,2021.06.09.12.51.31_veh-35_01729_02626,1.0,0.0
f4ec1f572cef5c49,2021.06.09.12.51.31_veh-35_01729_02626,0.81082449853875,2021.06.09.12.51.31_veh-35_01729_02626,0.8177962124808357,0.006971713942085622
f4f7c2de2c0656fe,2021.06.09.12.51.31_veh-35_01729_02626,0.961368440629709,2021.06.09.12.51.31_veh-35_01729_02626,0.9930480574373897,0.03167961680768061
f606a68831b959bb,2021.06.09.12.51.31_veh-35_01729_02626,0.8566518315796624,2021.06.09.12.51.31_veh-35_01729_02626,0.8681072252186572,0.011455393638994837
f63d23a573a550f3,2021.06.09.12.51.31_veh-35_01729_02626,1.0,2021.06.09.12.51.31_veh-35_01729_02626,1.0,0.0
f68dfe3760c25453,2021.06.09.12.51.31_veh-35_01729_02626,1.0,2021.06.09.12.51.31_veh-35_01729_02626,1.0,0.0
f8cd764491c15c36,2021.06.09.12.51.31_veh-35_01729_02626,1.0,2021.06.09.12.51.31_veh-35_01729_02626,1.0,0.0
f9b9cec54e8759c8,2021.06.09.12.51.31_veh-35_01729_02626,1.0,2021.06.09.12.51.31_veh-35_01729_02626,1.0,0.0
fa88f25a8971596f,2021.06.09.12.51.31_veh-35_01729_02626,1.0,2021.06.09.12.51.31_veh-35_01729_02626,1.0,0.0
fa89a1586e92554d,2021.06.09.12.51.31_veh-35_01729_02626,0.8789159790635825,2021.06.09.12.51.31_veh-35_01729_02626,0.8991836403861276,0.020267661322545094
fb2723881f29596c,2021.06.09.12.51.31_veh-35_01729_02626,0.9658837562800867,2021.06.09.12.51.31_veh-35_01729_02626,0.8591584348662872,-0.10672532141379953
fbf80b893a45596c,2021.06.09.12.51.31_veh-35_01729_02626,1.0,2021.06.09.12.51.31_veh-35_01729_02626,1.0,0.0
04892d0279ea5905,2021.06.09.20.26.11_veh-35_00970_01216,0.9449201423197677,2021.06.09.20.26.11_veh-35_00970_01216,0.9569851667133707,0.012065024393603019
04b8f4a99be85973,2021.06.09.20.26.11_veh-35_00970_01216,1.0,2021.06.09.20.26.11_veh-35_00970_01216,1.0,0.0
050bc5dc61b05c0c,2021.06.09.20.26.11_veh-35_00970_01216,0.9488664879254824,2021.06.09.20.26.11_veh-35_00970_01216,0.9572373298735792,0.008370841948096786
05dc6e420d935b8e,2021.06.09.20.26.11_veh-35_00970_01216,1.0,2021.06.09.20.26.11_veh-35_00970_01216,1.0,0.0
083a415c4ea15ef6,2021.06.09.20.26.11_veh-35_00970_01216,1.0,2021.06.09.20.26.11_veh-35_00970_01216,1.0,0.0
0fd89914075c5330,2021.06.09.20.26.11_veh-35_00970_01216,1.0,2021.06.09.20.26.11_veh-35_00970_01216,1.0,0.0
11b917a7dad65cb3,2021.06.09.20.26.11_veh-35_00970_01216,1.0,2021.06.09.20.26.11_veh-35_00970_01216,1.0,0.0
179d390028965461,2021.06.09.20.26.11_veh-35_00970_01216,0.9243924539931907,2021.06.09.20.26.11_veh-35_00970_01216,0.9443963084216024,0.020003854428411683
2156346d5dcf5246,2021.06.09.20.26.11_veh-35_00970_01216,0.9157848372352535,2021.06.09.20.26.11_veh-35_00970_01216,0.9419727977187258,0.026187960483472272
2c1795e29af65a31,2021.06.09.20.26.11_veh-35_00970_01216,0.9195098692948896,2021.06.09.20.26.11_veh-35_00970_01216,0.935997460862003,0.016487591567113324
317266217a3b548d,2021.06.09.20.26.11_veh-35_00970_01216,1.0,2021.06.09.20.26.11_veh-35_00970_01216,1.0,0.0
327c4934e82a54cb,2021.06.09.20.26.11_veh-35_00970_01216,0.9238429500736073,2021.06.09.20.26.11_veh-35_00970_01216,0.9406334260518475,0.016790475978240238
346855a3e0115ac3,2021.06.09.20.26.11_veh-35_00970_01216,1.0,2021.06.09.20.26.11_veh-35_00970_01216,1.0,0.0
3b4b55afcacf553e,2021.06.09.20.26.11_veh-35_00970_01216,0.9203885497447294,2021.06.09.20.26.11_veh-35_00970_01216,0.9359928783460906,0.015604328601361184
3d62676b9d685b3a,2021.06.09.20.26.11_veh-35_00970_01216,1.0,2021.06.09.20.26.11_veh-35_00970_01216,1.0,0.0
3f037c2e281b5c8c,2021.06.09.20.26.11_veh-35_00970_01216,0.9508232585179169,2021.06.09.20.26.11_veh-35_00970_01216,0.9631342230160291,0.012310964498112198
43a10e21990254ae,2021.06.09.20.26.11_veh-35_00970_01216,0.9565671823467954,2021.06.09.20.26.11_veh-35_00970_01216,0.9648287784420609,0.008261596095265555
47520165cdf25645,2021.06.09.20.26.11_veh-35_00970_01216,0.9293754561554113,2021.06.09.20.26.11_veh-35_00970_01216,0.9453610705019018,0.015985614346490484
490c8875ae7a5f43,2021.06.09.20.26.11_veh-35_00970_01216,1.0,2021.06.09.20.26.11_veh-35_00970_01216,1.0,0.0
49593af9450356f9,2021.06.09.20.26.11_veh-35_00970_01216,1.0,2021.06.09.20.26.11_veh-35_00970_01216,1.0,0.0
4ac26d15063b57c9,2021.06.09.20.26.11_veh-35_00970_01216,1.0,2021.06.09.20.26.11_veh-35_00970_01216,1.0,0.0
4d0efac8ead15d25,2021.06.09.20.26.11_veh-35_00970_01216,0.9353502120059598,2021.06.09.20.26.11_veh-35_00970_01216,0.9520382449351981,0.01668803292923826
56cbb46576da5737,2021.06.09.20.26.11_veh-35_00970_01216,0.9314788114565484,2021.06.09.20.26.11_veh-35_00970_01216,0.9628423934357022,0.03136358197915379
5ab86590974953e9,2021.06.09.20.26.11_veh-35_00970_01216,0.9639264704469718,2021.06.09.20.26.11_veh-35_00970_01216,0.9729029205977192,0.00897645015074744
635bb611aa9a56e9,2021.06.09.20.26.11_veh-35_00970_01216,0.8958786786736728,2021.06.09.20.26.11_veh-35_00970_01216,0.9109966145479111,0.015117935874238375
649ab25cb5fe57ab,2021.06.09.20.26.11_veh-35_00970_01216,0.9402997371592475,2021.06.09.20.26.11_veh-35_00970_01216,0.9517363558446507,0.011436618685403133
6563dc1cfa4f5cce,2021.06.09.20.26.11_veh-35_00970_01216,0.9634258320071487,2021.06.09.20.26.11_veh-35_00970_01216,0.9715172138774538,0.008091381870305114
6a8d143de4885b52,2021.06.09.20.26.11_veh-35_00970_01216,0.9536932895512076,2021.06.09.20.26.11_veh-35_00970_01216,0.9657990220219778,0.01210573247077018
7c43ce4287c252da,2021.06.09.20.26.11_veh-35_00970_01216,1.0,2021.06.09.20.26.11_veh-35_00970_01216,1.0,0.0
80725ea45ed953a5,2021.06.09.20.26.11_veh-35_00970_01216,1.0,2021.06.09.20.26.11_veh-35_00970_01216,1.0,0.0
8138d3f674fd5b1f,2021.06.09.20.26.11_veh-35_00970_01216,1.0,2021.06.09.20.26.11_veh-35_00970_01216,1.0,0.0
870cb529ffac50e0,2021.06.09.20.26.11_veh-35_00970_01216,0.9213460296351148,2021.06.09.20.26.11_veh-35_00970_01216,0.936346637305354,0.015000607670239141
8823d1c7c34b57ac,2021.06.09.20.26.11_veh-35_00970_01216,0.9367248358135148,2021.06.09.20.26.11_veh-35_00970_01216,0.9499387913590092,0.013213955545494316
89e48839087057c4,2021.06.09.20.26.11_veh-35_00970_01216,0.9623057940338837,2021.06.09.20.26.11_veh-35_00970_01216,0.9734792130395987,0.011173419005715002
8fec4a414ec45ed3,2021.06.09.20.26.11_veh-35_00970_01216,0.9427912533195497,2021.06.09.20.26.11_veh-35_00970_01216,0.9567291448194299,0.013937891499880228
95b2448f02bb58e6,2021.06.09.20.26.11_veh-35_00970_01216,1.0,2021.06.09.20.26.11_veh-35_00970_01216,1.0,0.0
99f700e7e9af5407,2021.06.09.20.26.11_veh-35_00970_01216,1.0,2021.06.09.20.26.11_veh-35_00970_01216,1.0,0.0
9a4b00e867fc591d,2021.06.09.20.26.11_veh-35_00970_01216,1.0,2021.06.09.20.26.11_veh-35_00970_01216,1.0,0.0
9b877b869b3d5f89,2021.06.09.20.26.11_veh-35_00970_01216,1.0,2021.06.09.20.26.11_veh-35_00970_01216,1.0,0.0
9d35cc01a2ca541d,2021.06.09.20.26.11_veh-35_00970_01216,0.9317015913628276,2021.06.09.20.26.11_veh-35_00970_01216,0.9470061979590862,0.015304606596258652
9e6d11e4e8385c43,2021.06.09.20.26.11_veh-35_00970_01216,1.0,2021.06.09.20.26.11_veh-35_00970_01216,1.0,0.0
9eba22c564c15cff,2021.06.09.20.26.11_veh-35_00970_01216,1.0,2021.06.09.20.26.11_veh-35_00970_01216,1.0,0.0
a02f3e19c1ad5991,2021.06.09.20.26.11_veh-35_00970_01216,0.9625129818374717,2021.06.09.20.26.11_veh-35_00970_01216,0.9936986932578173,0.031185711420345652
a1f10af5c1bd57f8,2021.06.09.20.26.11_veh-35_00970_01216,0.9661239328888409,2021.06.09.20.26.11_veh-35_00970_01216,0.9740765914451236,0.007952658556282688
a2e8d995e6985d26,2021.06.09.20.26.11_veh-35_00970_01216,0.9800876901897102,2021.06.09.20.26.11_veh-35_00970_01216,0.9974136724244459,0.017325982234735693
a4add302e42c5c7e,2021.06.09.20.26.11_veh-35_00970_01216,0.9380935618743171,2021.06.09.20.26.11_veh-35_00970_01216,0.9509909394555853,0.012897377581268188
a7678eea2655557f,2021.06.09.20.26.11_veh-35_00970_01216,0.9238569660835585,2021.06.09.20.26.11_veh-35_00970_01216,0.9444282082238975,0.020571242140339008
a7a0e345cbe251ff,2021.06.09.20.26.11_veh-35_00970_01216,1.0,2021.06.09.20.26.11_veh-35_00970_01216,1.0,0.0
aaa588f7383f52b7,2021.06.09.20.26.11_veh-35_00970_01216,0.9018744375612362,2021.06.09.20.26.11_veh-35_00970_01216,0.9207483696796086,0.018873932118372405
aae99a84413d5f72,2021.06.09.20.26.11_veh-35_00970_01216,0.9147800854962409,2021.06.09.20.26.11_veh-35_00970_01216,0.9296424260295204,0.014862340533279506
b56363ebc91255ac,2021.06.09.20.26.11_veh-35_00970_01216,0.9108908550393864,2021.06.09.20.26.11_veh-35_00970_01216,0.925954446047649,0.0150635910082626
b5d7c17fe5375141,2021.06.09.20.26.11_veh-35_00970_01216,0.9371038520559924,2021.06.09.20.26.11_veh-35_00970_01216,0.9538699343535365,0.01676608229754406
bbf8128f3cbd51ef,2021.06.09.20.26.11_veh-35_00970_01216,1.0,2021.06.09.20.26.11_veh-35_00970_01216,1.0,0.0
bc1dfb2384b05a4b,2021.06.09.20.26.11_veh-35_00970_01216,0.9485023283030846,2021.06.09.20.26.11_veh-35_00970_01216,0.9612022377918572,0.012699909488772643
c3320ccc8a035eec,2021.06.09.20.26.11_veh-35_00970_01216,0.9408982915202397,2021.06.09.20.26.11_veh-35_00970_01216,0.9530871330126144,0.012188841492374647
c7835426e03a501e,2021.06.09.20.26.11_veh-35_00970_01216,0.942873884961419,2021.06.09.20.26.11_veh-35_00970_01216,0.956893897203316,0.014020012241896973
cc4e7f2a2a7255f5,2021.06.09.20.26.11_veh-35_00970_01216,0.86735966847734,2021.06.09.20.26.11_veh-35_00970_01216,0.8803655964439663,0.013005927966626252
ccfd863b143e5dd5,2021.06.09.20.26.11_veh-35_00970_01216,0.945816130033553,2021.06.09.20.26.11_veh-35_00970_01216,0.9569761422596446,0.011160012226091531
cf4f76be62c25b5f,2021.06.09.20.26.11_veh-35_00970_01216,1.0,2021.06.09.20.26.11_veh-35_00970_01216,1.0,0.0
cf5cb6cadfbd52e9,2021.06.09.20.26.11_veh-35_00970_01216,0.9259943993618738,2021.06.09.20.26.11_veh-35_00970_01216,0.9433052891280737,0.017310889766199877
d2906d36973b5d41,2021.06.09.20.26.11_veh-35_00970_01216,0.9497374940389849,2021.06.09.20.26.11_veh-35_00970_01216,0.9592159717427338,0.009478477703748878
d4196ca11ef45f55,2021.06.09.20.26.11_veh-35_00970_01216,1.0,2021.06.09.20.26.11_veh-35_00970_01216,1.0,0.0
dc5dc0a76c7c546a,2021.06.09.20.26.11_veh-35_00970_01216,0.9354360422451917,2021.06.09.20.26.11_veh-35_00970_01216,0.9519360763682185,0.016500034123026808
dd0ee62e28ee5eaf,2021.06.09.20.26.11_veh-35_00970_01216,0.9409738883408536,2021.06.09.20.26.11_veh-35_00970_01216,0.9552725812199285,0.014298692879074926
e06b4eb07a9b5be3,2021.06.09.20.26.11_veh-35_00970_01216,0.9046226533112525,2021.06.09.20.26.11_veh-35_00970_01216,0.9297846160736665,0.025161962762414003
f1f36e051147572e,2021.06.09.20.26.11_veh-35_00970_01216,1.0,2021.06.09.20.26.11_veh-35_00970_01216,1.0,0.0
fd650b8a78ab5706,2021.06.09.20.26.11_veh-35_00970_01216,0.9584191776355343,2021.06.09.20.26.11_veh-35_00970_01216,0.9665871092585223,0.008167931622988012
fe288a64350d556b,2021.06.09.20.26.11_veh-35_00970_01216,0.9144876437353081,2021.06.09.20.26.11_veh-35_00970_01216,0.9317171321311009,0.017229488395792747
017221a69d845d5f,2021.06.23.17.31.36_veh-16_00016_00377,0.9730930068779919,2021.06.23.17.31.36_veh-16_00016_00377,0.9814811708708859,0.008388163992893993
02dff6541a8c574b,2021.06.23.17.31.36_veh-16_00016_00377,0.8942548428099274,2021.06.23.17.31.36_veh-16_00016_00377,0.9094118857914202,0.015157042981492785
047ca296724153ed,2021.06.23.17.31.36_veh-16_00016_00377,0.9975635652560146,2021.06.23.17.31.36_veh-16_00016_00377,1.0,0.0024364347439853606
0612ae5a43ea5e14,2021.06.23.17.31.36_veh-16_00016_00377,0.875,2021.06.23.17.31.36_veh-16_00016_00377,0.875,0.0
08309993090158ed,2021.06.23.17.31.36_veh-16_00016_00377,0.9641108059840775,2021.06.23.17.31.36_veh-16_00016_00377,0.9767049572437874,0.012594151259709863
105b3c761dee5fcb,2021.06.23.17.31.36_veh-16_00016_00377,0.875,2021.06.23.17.31.36_veh-16_00016_00377,0.875,0.0
1168282af331504e,2021.06.23.17.31.36_veh-16_00016_00377,1.0,2021.06.23.17.31.36_veh-16_00016_00377,0.875,-0.125
136d82f937c45885,2021.06.23.17.31.36_veh-16_00016_00377,1.0,2021.06.23.17.31.36_veh-16_00016_00377,1.0,0.0
16ea1ed69aed5de1,2021.06.23.17.31.36_veh-16_00016_00377,1.0,2021.06.23.17.31.36_veh-16_00016_00377,1.0,0.0
1783be8f68bc560f,2021.06.23.17.31.36_veh-16_00016_00377,1.0,2021.06.23.17.31.36_veh-16_00016_00377,1.0,0.0
17d80f18ee7854c0,2021.06.23.17.31.36_veh-16_00016_00377,1.0,2021.06.23.17.31.36_veh-16_00016_00377,1.0,0.0
1c9e768f7d545a89,2021.06.23.17.31.36_veh-16_00016_00377,1.0,2021.06.23.17.31.36_veh-16_00016_00377,1.0,0.0
1e7bb5730b095273,2021.06.23.17.31.36_veh-16_00016_00377,0.9999973690259296,2021.06.23.17.31.36_veh-16_00016_00377,1.0,2.630974070383374e-06
2130fc97f34f5668,2021.06.23.17.31.36_veh-16_00016_00377,0.875,2021.06.23.17.31.36_veh-16_00016_00377,0.875,0.0
23e4660a0f365854,2021.06.23.17.31.36_veh-16_00016_00377,0.9083404393274931,2021.06.23.17.31.36_veh-16_00016_00377,0.9163707785101136,0.008030339182620527
252aca165e205caf,2021.06.23.17.31.36_veh-16_00016_00377,1.0,2021.06.23.17.31.36_veh-16_00016_00377,1.0,0.0
2546a09ed60755b9,2021.06.23.17.31.36_veh-16_00016_00377,0.9426223304092876,2021.06.23.17.31.36_veh-16_00016_00377,0.9578352133885113,0.01521288297922374
29b843e9d1145127,2021.06.23.17.31.36_veh-16_00016_00377,0.9616893635788153,2021.06.23.17.31.36_veh-16_00016_00377,0.9816312961058263,0.01994193252701104
2a9ea017fb55572b,2021.06.23.17.31.36_veh-16_00016_00377,0.944471410866845,2021.06.23.17.31.36_veh-16_00016_00377,0.9625620532616666,0.0180906423948215
30b7a3bf71b956de,2021.06.23.17.31.36_veh-16_00016_00377,0.9977307746758866,2021.06.23.17.31.36_veh-16_00016_00377,1.0,0.002269225324113444
3227b869cdd85654,2021.06.23.17.31.36_veh-16_00016_00377,0.8567576324410606,2021.06.23.17.31.36_veh-16_00016_00377,0.869826600209515,0.013068967768454343
3fa2f81cff025162,2021.06.23.17.31.36_veh-16_00016_00377,0.9978143664614585,2021.06.23.17.31.36_veh-16_00016_00377,1.0,0.0021856335385415093
404cf17b53805018,2021.06.23.17.31.36_veh-16_00016_00377,0.8734078905567225,2021.06.23.17.31.36_veh-16_00016_00377,0.8870377427877305,0.013629852231007988
405732349b21524a,2021.06.23.17.31.36_veh-16_00016_00377,1.0,2021.06.23.17.31.36_veh-16_00016_00377,1.0,0.0
4b0db1652aa857f0,2021.06.23.17.31.36_veh-16_00016_00377,1.0,2021.06.23.17.31.36_veh-16_00016_00377,1.0,0.0
4bb5e84b73765d38,2021.06.23.17.31.36_veh-16_00016_00377,1.0,2021.06.23.17.31.36_veh-16_00016_00377,1.0,0.0
4f9e9b2e8e77599c,2021.06.23.17.31.36_veh-16_00016_00377,0.875,2021.06.23.17.31.36_veh-16_00016_00377,0.875,0.0
515b07ed8b6a5e82,2021.06.23.17.31.36_veh-16_00016_00377,1.0,2021.06.23.17.31.36_veh-16_00016_00377,1.0,0.0
547b22ed67af5503,2021.06.23.17.31.36_veh-16_00016_00377,0.8900457912364005,2021.06.23.17.31.36_veh-16_00016_00377,0.9147635008681607,0.024717709631760232
57e56c60ae355a07,2021.06.23.17.31.36_veh-16_00016_00377,0.907817607074209,2021.06.23.17.31.36_veh-16_00016_00377,0.9170270286033639,0.009209421529154938
5a8f0cf120495354,2021.06.23.17.31.36_veh-16_00016_00377,0.9725798780317344,2021.06.23.17.31.36_veh-16_00016_00377,0.981346620959073,0.008766742927338589
5d6fd74f1a555e69,2021.06.23.17.31.36_veh-16_00016_00377,0.97847560439012,2021.06.23.17.31.36_veh-16_00016_00377,0.9877033216281972,0.009227717238077138
6209313b0b66517c,2021.06.23.17.31.36_veh-16_00016_00377,0.9474739231213779,2021.06.23.17.31.36_veh-16_00016_00377,0.9571268299547322,0.009652906833354291
629a2f2a44f6575d,2021.06.23.17.31.36_veh-16_00016_00377,0.8963251319229074,2021.06.23.17.31.36_veh-16_00016_00377,0.9053279660921694,0.009002834169261953
6339f2317047535d,2021.06.23.17.31.36_veh-16_00016_00377,0.9275462136196703,2021.06.23.17.31.36_veh-16_00016_00377,0.9447453058955648,0.017199092275894556
64f48caa82ee547c,2021.06.23.17.31.36_veh-16_00016_00377,0.9451199062059659,2021.06.23.17.31.36_veh-16_00016_00377,0.9564522261110837,0.01133231990511785
6513ddef308f553f,2021.06.23.17.31.36_veh-16_00016_00377,1.0,2021.06.23.17.31.36_veh-16_00016_00377,1.0,0.0
710c63523d4d5e05,2021.06.23.17.31.36_veh-16_00016_00377,1.0,2021.06.23.17.31.36_veh-16_00016_00377,1.0,0.0
7385fa0f1ebf5356,2021.06.23.17.31.36_veh-16_00016_00377,0.9826317074270308,2021.06.23.17.31.36_veh-16_00016_00377,1.0,0.017368292572969235
7567becdd4005b0b,2021.06.23.17.31.36_veh-16_00016_00377,0.9207384782189231,2021.06.23.17.31.36_veh-16_00016_00377,0.9347992001346566,0.014060721915733487
77a62006cb995aa7,2021.06.23.17.31.36_veh-16_00016_00377,0.875,2021.06.23.17.31.36_veh-16_00016_00377,0.875,0.0
79bc073387755a35,2021.06.23.17.31.36_veh-16_00016_00377,1.0,2021.06.23.17.31.36_veh-16_00016_00377,1.0,0.0
79bd7ba72d985b0b,2021.06.23.17.31.36_veh-16_00016_00377,0.9427948910661723,2021.06.23.17.31.36_veh-16_00016_00377,0.9510514489579108,0.008256557891738514
79ec50c2dd9352bb,2021.06.23.17.31.36_veh-16_00016_00377,1.0,2021.06.23.17.31.36_veh-16_00016_00377,1.0,0.0
7a6d02ce41635a31,2021.06.23.17.31.36_veh-16_00016_00377,0.9506484853592536,2021.06.23.17.31.36_veh-16_00016_00377,0.9614308958467908,0.010782410487537142
85288108bac2504f,2021.06.23.17.31.36_veh-16_00016_00377,1.0,2021.06.23.17.31.36_veh-16_00016_00377,1.0,0.0
863019d9f09155f7,2021.06.23.17.31.36_veh-16_00016_00377,0.9766338621127373,2021.06.23.17.31.36_veh-16_00016_00377,0.984491461618563,0.007857599505825763
874a3a4f7582531d,2021.06.23.17.31.36_veh-16_00016_00377,1.0,2021.06.23.17.31.36_veh-16_00016_00377,1.0,0.0
883024c704b55ed4,2021.06.23.17.31.36_veh-16_00016_00377,1.0,2021.06.23.17.31.36_veh-16_00016_00377,1.0,0.0
8cc27785287f5367,2021.06.23.17.31.36_veh-16_00016_00377,1.0,2021.06.23.17.31.36_veh-16_00016_00377,1.0,0.0
912976ebea0b5dae,2021.06.23.17.31.36_veh-16_00016_00377,1.0,2021.06.23.17.31.36_veh-16_00016_00377,1.0,0.0
936fbc402ef75a7f,2021.06.23.17.31.36_veh-16_00016_00377,0.8761661319371541,2021.06.23.17.31.36_veh-16_00016_00377,0.90251591235146,0.026349780414305912
95e0d89479815fa6,2021.06.23.17.31.36_veh-16_00016_00377,1.0,2021.06.23.17.31.36_veh-16_00016_00377,1.0,0.0
9742b96a0eee5097,2021.06.23.17.31.36_veh-16_00016_00377,0.9245899692875156,2021.06.23.17.31.36_veh-16_00016_00377,0.9423853582789001,0.017795388991384553
9ae5a292b89155a0,2021.06.23.17.31.36_veh-16_00016_00377,1.0,2021.06.23.17.31.36_veh-16_00016_00377,1.0,0.0
a0134d1c60475b3c,2021.06.23.17.31.36_veh-16_00016_00377,0.9701627005294553,2021.06.23.17.31.36_veh-16_00016_00377,0.9801676399546829,0.010004939425227621
a1cca44efdc256a2,2021.06.23.17.31.36_veh-16_00016_00377,1.0,2021.06.23.17.31.36_veh-16_00016_00377,1.0,0.0
a5aa2c07692a5f9b,2021.06.23.17.31.36_veh-16_00016_00377,1.0,2021.06.23.17.31.36_veh-16_00016_00377,1.0,0.0
a63d9d8cd31858ae,2021.06.23.17.31.36_veh-16_00016_00377,0.9487167215459652,2021.06.23.17.31.36_veh-16_00016_00377,0.9613650902358382,0.012648368689872957
a8c8ce07867e569e,2021.06.23.17.31.36_veh-16_00016_00377,0.9381587056698701,2021.06.23.17.31.36_veh-16_00016_00377,0.9624344784275461,0.024275772757676006
aac0caff26875b79,2021.06.23.17.31.36_veh-16_00016_00377,1.0,2021.06.23.17.31.36_veh-16_00016_00377,1.0,0.0
ac7ab75271c75a44,2021.06.23.17.31.36_veh-16_00016_00377,1.0,2021.06.23.17.31.36_veh-16_00016_00377,1.0,0.0
b6182e45cd3b5d7f,2021.06.23.17.31.36_veh-16_00016_00377,0.9155457363198647,2021.06.23.17.31.36_veh-16_00016_00377,0.9290932706160387,0.013547534296174057
b6d189e5f2ec50c2,2021.06.23.17.31.36_veh-16_00016_00377,1.0,2021.06.23.17.31.36_veh-16_00016_00377,1.0,0.0
b7b9f10bef7a5622,2021.06.23.17.31.36_veh-16_00016_00377,0.9449368750636374,2021.06.23.17.31.36_veh-16_00016_00377,0.9608511303281485,0.015914255264511068
b81fcf5bd7a4591a,2021.06.23.17.31.36_veh-16_00016_00377,1.0,2021.06.23.17.31.36_veh-16_00016_00377,1.0,0.0
b95a7514b8775870,2021.06.23.17.31.36_veh-16_00016_00377,1.0,2021.06.23.17.31.36_veh-16_00016_00377,1.0,0.0
c0f92874404d5814,2021.06.23.17.31.36_veh-16_00016_00377,1.0,2021.06.23.17.31.36_veh-16_00016_00377,1.0,0.0
c4f3d6c372f75f22,2021.06.23.17.31.36_veh-16_00016_00377,1.0,2021.06.23.17.31.36_veh-16_00016_00377,1.0,0.0
c5c83e635ce45982,2021.06.23.17.31.36_veh-16_00016_00377,0.9410047148276052,2021.06.23.17.31.36_veh-16_00016_00377,0.952236674865549,0.0112319600379438
c6cfdd13a63555f9,2021.06.23.17.31.36_veh-16_00016_00377,1.0,2021.06.23.17.31.36_veh-16_00016_00377,1.0,0.0
c8072f55706c5f01,2021.06.23.17.31.36_veh-16_00016_00377,1.0,2021.06.23.17.31.36_veh-16_00016_00377,1.0,0.0
cacc810a5db75d16,2021.06.23.17.31.36_veh-16_00016_00377,0.9253244678299474,2021.06.23.17.31.36_veh-16_00016_00377,0.9335407030386204,0.008216235208672984
cb8765fe0d6a535b,2021.06.23.17.31.36_veh-16_00016_00377,1.0,2021.06.23.17.31.36_veh-16_00016_00377,1.0,0.0
cffa453c95b657c1,2021.06.23.17.31.36_veh-16_00016_00377,0.9496014227357656,2021.06.23.17.31.36_veh-16_00016_00377,0.961087649425876,0.011486226690110346
d2238c0841d254ba,2021.06.23.17.31.36_veh-16_00016_00377,0.9725147272738333,2021.06.23.17.31.36_veh-16_00016_00377,0.9804541895591834,0.00793946228535014
d253715e74925e00,2021.06.23.17.31.36_veh-16_00016_00377,0.9989133204385068,2021.06.23.17.31.36_veh-16_00016_00377,1.0,0.00108667956149322
d43f45ce61dd52e3,2021.06.23.17.31.36_veh-16_00016_00377,1.0,2021.06.23.17.31.36_veh-16_00016_00377,1.0,0.0
d53f4d4045e55032,2021.06.23.17.31.36_veh-16_00016_00377,1.0,2021.06.23.17.31.36_veh-16_00016_00377,0.875,-0.125
db812a0eaf435d65,2021.06.23.17.31.36_veh-16_00016_00377,1.0,2021.06.23.17.31.36_veh-16_00016_00377,1.0,0.0
ddc6f1960bc05d62,2021.06.23.17.31.36_veh-16_00016_00377,1.0,2021.06.23.17.31.36_veh-16_00016_00377,1.0,0.0
de1498ad86835196,2021.06.23.17.31.36_veh-16_00016_00377,0.9464890108686587,2021.06.23.17.31.36_veh-16_00016_00377,0.9663388904171006,0.019849879548441973
e2c494b98d885c19,2021.06.23.17.31.36_veh-16_00016_00377,0.875,2021.06.23.17.31.36_veh-16_00016_00377,0.875,0.0
e503592e74a35c78,2021.06.23.17.31.36_veh-16_00016_00377,0.9185204368530295,2021.06.23.17.31.36_veh-16_00016_00377,0.9400165587375948,0.02149612188456529
e8b3c7058c315bca,2021.06.23.17.31.36_veh-16_00016_00377,0.9586507287946857,2021.06.23.17.31.36_veh-16_00016_00377,0.967779898120525,0.009129169325839293
e97f92e1a63f54b9,2021.06.23.17.31.36_veh-16_00016_00377,0.9413003736563008,2021.06.23.17.31.36_veh-16_00016_00377,0.9549776018188603,0.013677228162559452
e980ff490b835222,2021.06.23.17.31.36_veh-16_00016_00377,0.875,2021.06.23.17.31.36_veh-16_00016_00377,0.875,0.0
ea1dbf3aec435c27,2021.06.23.17.31.36_veh-16_00016_00377,1.0,2021.06.23.17.31.36_veh-16_00016_00377,1.0,0.0
ea7239e96a555f2c,2021.06.23.17.31.36_veh-16_00016_00377,1.0,2021.06.23.17.31.36_veh-16_00016_00377,1.0,0.0
eb1a57fcb1835169,2021.06.23.17.31.36_veh-16_00016_00377,1.0,2021.06.23.17.31.36_veh-16_00016_00377,0.875,-0.125
eefa88c125d55aa4,2021.06.23.17.31.36_veh-16_00016_00377,0.9123012104797569,2021.06.23.17.31.36_veh-16_00016_00377,0.9353241820863525,0.02302297160659561
efc7193a7907550e,2021.06.23.17.31.36_veh-16_00016_00377,0.875,2021.06.23.17.31.36_veh-16_00016_00377,0.875,0.0
f5d06fd7f2195088,2021.06.23.17.31.36_veh-16_00016_00377,0.94532278184001,2021.06.23.17.31.36_veh-16_00016_00377,0.9677586104964282,0.022435828656418244
faa2e3893e2f540a,2021.06.23.17.31.36_veh-16_00016_00377,1.0,2021.06.23.17.31.36_veh-16_00016_00377,1.0,0.0
fe3ae84c2c3b5232,2021.06.23.17.31.36_veh-16_00016_00377,0.875,2021.06.23.17.31.36_veh-16_00016_00377,0.875,0.0
038d98b0aef65cc5,2021.06.09.17.23.18_veh-38_01598_01750,1.0,2021.06.09.17.23.18_veh-38_01598_01750,1.0,0.0
0a50e549c5ed5787,2021.06.09.17.23.18_veh-38_01598_01750,0.9373950652532425,2021.06.09.17.23.18_veh-38_01598_01750,0.9478596394721421,0.01046457421889968
13bb402c57765d6e,2021.06.09.17.23.18_veh-38_01598_01750,0.9208346266091492,2021.06.09.17.23.18_veh-38_01598_01750,0.9361224922340381,0.01528786562488893
13dddabad3d65ddf,2021.06.09.17.23.18_veh-38_01598_01750,0.8775726397120498,2021.06.09.17.23.18_veh-38_01598_01750,0.8954062157072128,0.017833575995162998
16840451fa765419,2021.06.09.17.23.18_veh-38_01598_01750,1.0,2021.06.09.17.23.18_veh-38_01598_01750,1.0,0.0
16df14e0b5fe574f,2021.06.09.17.23.18_veh-38_01598_01750,0.9579193275160959,2021.06.09.17.23.18_veh-38_01598_01750,0.9694435851416477,0.01152425762555187
1b31ffd5f3ec5f5d,2021.06.09.17.23.18_veh-38_01598_01750,1.0,2021.06.09.17.23.18_veh-38_01598_01750,1.0,0.0
21748134e645518e,2021.06.09.17.23.18_veh-38_01598_01750,1.0,2021.06.09.17.23.18_veh-38_01598_01750,1.0,0.0
21c95e7693d35dfd,2021.06.09.17.23.18_veh-38_01598_01750,1.0,2021.06.09.17.23.18_veh-38_01598_01750,1.0,0.0
252c2880193354f5,2021.06.09.17.23.18_veh-38_01598_01750,1.0,2021.06.09.17.23.18_veh-38_01598_01750,1.0,0.0
26d62f55fe175782,2021.06.09.17.23.18_veh-38_01598_01750,0.9629994415949852,2021.06.09.17.23.18_veh-38_01598_01750,0.9794877101084832,0.01648826851349805
2e7a9b2142ec529f,2021.06.09.17.23.18_veh-38_01598_01750,0.8960501357737698,2021.06.09.17.23.18_veh-38_01598_01750,0.9105879273405717,0.014537791566801905
34bf46975f2f5276,2021.06.09.17.23.18_veh-38_01598_01750,0.9596757912628785,2021.06.09.17.23.18_veh-38_01598_01750,0.9690870289368525,0.009411237673974004
36fd9bb68bca5db1,2021.06.09.17.23.18_veh-38_01598_01750,0.943826734412375,2021.06.09.17.23.18_veh-38_01598_01750,0.9577513763876857,0.013924641975310736
451111f6221956c4,2021.06.09.17.23.18_veh-38_01598_01750,1.0,2021.06.09.17.23.18_veh-38_01598_01750,1.0,0.0
4a823fa4423e526b,2021.06.09.17.23.18_veh-38_01598_01750,1.0,2021.06.09.17.23.18_veh-38_01598_01750,1.0,0.0
4ab41adbd94856a2,2021.06.09.17.23.18_veh-38_01598_01750,0.9343548426775721,2021.06.09.17.23.18_veh-38_01598_01750,0.9447752656992233,0.010420423021651248
5238b46a3bea52ce,2021.06.09.17.23.18_veh-38_01598_01750,1.0,2021.06.09.17.23.18_veh-38_01598_01750,1.0,0.0
53ead5dd09575f56,2021.06.09.17.23.18_veh-38_01598_01750,0.9646989152837856,2021.06.09.17.23.18_veh-38_01598_01750,0.9749132372649776,0.010214321981191987
5827e60e48d756b4,2021.06.09.17.23.18_veh-38_01598_01750,0.9418681126087559,2021.06.09.17.23.18_veh-38_01598_01750,0.9524440811980389,0.010575968589283002
5f6dc8b1b2475507,2021.06.09.17.23.18_veh-38_01598_01750,1.0,2021.06.09.17.23.18_veh-38_01598_01750,0.875,-0.125
61b8de25e8b35665,2021.06.09.17.23.18_veh-38_01598_01750,0.8622909908692067,2021.06.09.17.23.18_veh-38_01598_01750,0.8755168617193662,0.013225870850159471
660a6c8bb9f85c97,2021.06.09.17.23.18_veh-38_01598_01750,1.0,2021.06.09.17.23.18_veh-38_01598_01750,1.0,0.0
7bf70bd17e9255b7,2021.06.09.17.23.18_veh-38_01598_01750,1.0,2021.06.09.17.23.18_veh-38_01598_01750,1.0,0.0
802050c72cc255d3,2021.06.09.17.23.18_veh-38_01598_01750,1.0,2021.06.09.17.23.18_veh-38_01598_01750,1.0,0.0
931c61a6152e519f,2021.06.09.17.23.18_veh-38_01598_01750,1.0,2021.06.09.17.23.18_veh-38_01598_01750,1.0,0.0
940a788763a55b7c,2021.06.09.17.23.18_veh-38_01598_01750,1.0,2021.06.09.17.23.18_veh-38_01598_01750,1.0,0.0
94ae5d67804c539d,2021.06.09.17.23.18_veh-38_01598_01750,0.9344274913376192,2021.06.09.17.23.18_veh-38_01598_01750,0.9469404216933499,0.012512930355730756
9cef9bb074dc57a9,2021.06.09.17.23.18_veh-38_01598_01750,1.0,2021.06.09.17.23.18_veh-38_01598_01750,0.875,-0.125
9ed6b55afa4251dd,2021.06.09.17.23.18_veh-38_01598_01750,1.0,2021.06.09.17.23.18_veh-38_01598_01750,1.0,0.0
b64628fc8a365a5f,2021.06.09.17.23.18_veh-38_01598_01750,1.0,2021.06.09.17.23.18_veh-38_01598_01750,1.0,0.0
c00abd335c885349,2021.06.09.17.23.18_veh-38_01598_01750,0.9316451872817781,2021.06.09.17.23.18_veh-38_01598_01750,0.9475440551208523,0.015898867839074127
cdf07217a5d057ef,2021.06.09.17.23.18_veh-38_01598_01750,1.0,2021.06.09.17.23.18_veh-38_01598_01750,1.0,0.0
ce0d30c4ede35e6e,2021.06.09.17.23.18_veh-38_01598_01750,1.0,2021.06.09.17.23.18_veh-38_01598_01750,1.0,0.0
e49b47bbb0c55e1e,2021.06.09.17.23.18_veh-38_01598_01750,0.9577418293391203,2021.06.09.17.23.18_veh-38_01598_01750,0.9729622164900116,0.015220387150891246
ff5e73d54265581f,2021.06.09.17.23.18_veh-38_01598_01750,0.9424849875846179,2021.06.09.17.23.18_veh-38_01598_01750,0.9522668187512349,0.009781831166617017
