token,log_name,label,valid,no_at_fault_collisions,drivable_area_compliance,ego_progress,time_to_collision_within_bound,comfort,driving_direction_compliance,score
0034182453455593,2021.07.09.15.53.28_veh-38_00184_02293,frozen_visual_sft,True,1.0,1.0,0.7939435868751823,1.0,1.0,1.0,0.9141431611979925
0063186407485185,2021.07.09.15.53.28_veh-38_00184_02293,frozen_visual_sft,True,1.0,1.0,1.0,1.0,1.0,1.0,1.0
00839bb43eed5f3e,2021.08.31.14.01.15_veh-40_01576_01714,frozen_visual_sft,True,1.0,1.0,0.7657311475718145,1.0,1.0,1.0,0.9023879781549228
0090af8e15415a95,2021.06.09.12.06.35_veh-35_01164_01494,frozen_visual_sft,True,1.0,1.0,0.8045617687937043,1.0,1.0,1.0,0.9185674036640434
00b3f7e6cbfc5fa0,2021.10.11.02.57.41_veh-50_02155_02265,frozen_visual_sft,True,1.0,1.0,0.7511787306736144,1.0,1.0,1.0,0.896324471114006
00bf064b40495a06,2021.07.09.15.53.28_veh-38_00184_02293,frozen_visual_sft,True,1.0,1.0,0.852087470538024,1.0,1.0,1.0,0.9383697793908433
00e32fcdcf455ae8,2021.07.09.15.53.28_veh-38_00184_02293,frozen_visual_sft,True,1.0,1.0,1.0,1.0,1.0,1.0,1.0
015173513fc25684,2021.10.05.08.11.15_veh-50_00437_00585,frozen_visual_sft,True,1.0,1.0,0.8020975416500236,1.0,1.0,1.0,0.9175406423541764
016139f70ba255f4,2021.07.09.15.53.28_veh-38_00184_02293,frozen_visual_sft,True,1.0,1.0,1.0,1.0,1.0,1.0,1.0
017221a69d845d5f,2021.06.23.17.31.36_veh-16_00016_00377,frozen_visual_sft,True,1.0,1.0,0.9138976220095741,1.0,1.0,1.0,0.9641240091706559
017f6ea65a675bd0,2021.07.09.15.53.28_veh-38_00184_02293,frozen_visual_sft,True,1.0,1.0,0.94771548007384,1.0,1.0,1.0,0.9782147833641001
0191e3cbe7735d02,2021.10.11.02.57.41_veh-50_01028_01289,frozen_visual_sft,True,1.0,1.0,0.7282206401586746,1.0,1.0,1.0,0.8867586000661145
0192df9f896c5030,2021.07.09.20.26.06_veh-35_02793_03289,frozen_visual_sft,True,1.0,1.0,1.0,1.0,1.0,1.0,1.0
019be72ca2035269,2021.07.09.15.53.28_veh-38_00184_02293,frozen_visual_sft,True,1.0,1.0,0.8674206780625328,1.0,1.0,1.0,0.9447586158593886
01d99dddfff055b4,2021.06.09.12.06.35_veh-35_01164_01494,frozen_visual_sft,True,1.0,1.0,1.0,1.0,1.0,1.0,1.0
01f29c09064f597d,2021.07.09.15.53.28_veh-38_00184_02293,frozen_visual_sft,True,1.0,1.0,1.0,1.0,1.0,1.0,1.0
02036a881c8757cd,2021.06.09.12.06.35_veh-35_01164_01494,frozen_visual_sft,True,1.0,1.0,0.849471243342363,1.0,1.0,1.0,0.9372796847259846
02199704c082520f,2021.06.09.12.51.31_veh-35_01729_02626,frozen_visual_sft,True,1.0,1.0,1.0,1.0,1.0,1.0,1.0
02271efb56ca5e62,2021.07.09.15.53.28_veh-38_00184_02293,frozen_visual_sft,True,1.0,1.0,1.0,1.0,1.0,1.0,1.0
0228fd10f8c05bd4,2021.06.09.12.51.31_veh-35_01729_02626,frozen_visual_sft,True,1.0,1.0,0.7932033932706144,1.0,1.0,1.0,0.9138347471960894
0242cf7ebae4537a,2021.07.09.15.53.28_veh-38_00184_02293,frozen_visual_sft,True,1.0,1.0,0.9402176508352412,1.0,1.0,1.0,0.9750906878480171
0244b29e92175c74,2021.08.31.14.01.15_veh-40_01576_01714,frozen_visual_sft,True,1.0,1.0,0.7075914394775288,1.0,1.0,1.0,0.8781630997823037
025b6096a0af5d87,2021.06.09.12.51.31_veh-35_01729_02626,frozen_visual_sft,True,1.0,1.0,0.9892507955022942,1.0,1.0,1.0,0.9955211647926226
0265d0c659745deb,2021.10.05.08.11.15_veh-50_00437_00585,frozen_visual_sft,True,1.0,1.0,0.7870191275740276,1.0,1.0,1.0,0.9112579698225115
0266adddeefb584b,2021.07.09.20.26.06_veh-35_02793_03289,frozen_visual_sft,True,1.0,1.0,0.9568137424198647,1.0,1.0,1.0,0.982005726008277
027d63f008ba518b,2021.10.05.08.11.15_veh-50_00437_00585,frozen_visual_sft,True,1.0,1.0,0.9126297861404851,1.0,1.0,1.0,0.9635957442252021
02831f0823a75275,2021.06.09.12.06.35_veh-35_01164_01494,frozen_visual_sft,True,1.0,1.0,0.8084492884259356,1.0,1.0,1.0,0.9201872035108064
02be5e5257915894,2021.10.11.02.57.41_veh-50_02155_02265,frozen_visual_sft,True,1.0,1.0,0.7177641724427708,1.0,1.0,1.0,0.8824017385178212
02dff6541a8c574b,2021.06.23.17.31.36_veh-16_00016_00377,frozen_visual_sft,True,1.0,1.0,0.6616154969917676,1.0,1.0,1.0,0.8590064570799032
038d98b0aef65cc5,2021.06.09.17.23.18_veh-38_01598_01750,frozen_visual_sft,True,1.0,1.0,1.0,1.0,1.0,1.0,1.0
039064e3ab615ba4,2021.06.09.12.51.31_veh-35_01729_02626,frozen_visual_sft,True,1.0,1.0,1.0,1.0,1.0,1.0,1.0
039d81c335fa5830,2021.07.09.15.53.28_veh-38_00184_02293,frozen_visual_sft,True,1.0,1.0,1.0,1.0,1.0,1.0,1.0
03d3158b8faf5c81,2021.07.09.15.53.28_veh-38_00184_02293,frozen_visual_sft,True,1.0,1.0,1.0,1.0,1.0,1.0,1.0
03e725fe0ab95f02,2021.06.09.12.51.31_veh-35_01729_02626,frozen_visual_sft,True,1.0,1.0,1.0,1.0,1.0,1.0,1.0
03eb9463e1685d1f,2021.10.11.02.57.41_veh-50_02155_02265,frozen_visual_sft,True,1.0,1.0,0.700113299433471,1.0,1.0,1.0,0.8750472080972796
03fe497641cc5a31,2021.07.09.15.53.28_veh-38_00184_02293,frozen_visual_sft,True,1.0,1.0,0.6365677032132204,1.0,1.0,1.0,0.8485698763388418
0424e5fd9a5c5e60,2021.10.11.02.57.41_veh-50_02155_02265,frozen_visual_sft,True,1.0,1.0,0.6978657296805824,1.0,1.0,1.0,0.8741107207002426
044e89f71c845e59,2021.07.09.20.26.06_veh-35_02793_03289,frozen_visual_sft,True,1.0,1.0,0.8956318885983393,1.0,1.0,1.0,0.9565132869159747
0454457b4d6a5d20,2021.07.09.15.53.28_veh-38_00184_02293,frozen_visual_sft,True,1.0,1.0,1.0,1.0,1.0,1.0,1.0
0461af120ee45dd8,2021.06.09.14.50.36_veh-26_02826_02955,frozen_visual_sft,True,1.0,1.0,1.0,1.0,1.0,1.0,1.0
047b29ae8a2d50c3,2021.06.09.12.51.31_veh-35_01729_02626,frozen_visual_sft,True,1.0,1.0,1.0,1.0,1.0,1.0,1.0
047ca296724153ed,2021.06.23.17.31.36_veh-16_00016_00377,frozen_visual_sft,True,1.0,1.0,0.9911889104555639,1.0,1.0,1.0,0.9963287126898184
04892d0279ea5905,2021.06.09.20.26.11_veh-35_00970_01216,frozen_visual_sft,True,1.0,1.0,0.8237444554232569,1.0,1.0,1.0,0.9265601897596903
049ac1985c175ddb,2021.06.09.12.51.31_veh-35_01729_02626,frozen_visual_sft,True,1.0,1.0,0.9633461142264848,1.0,1.0,1.0,0.9847275475943688
04a2fff5521b5215,2021.10.11.02.57.41_veh-50_01028_01289,frozen_visual_sft,True,1.0,1.0,0.6830915064311727,1.0,1.0,1.0,0.8679547943463218
04b8f4a99be85973,2021.06.09.20.26.11_veh-35_00970_01216,frozen_visual_sft,True,1.0,1.0,1.0,1.0,1.0,1.0,1.0
04d3c2f7702750b6,2021.10.05.08.11.15_veh-50_00437_00585,frozen_visual_sft,True,1.0,1.0,0.6966177188324444,1.0,1.0,1.0,0.8735907161801851
04db6d7b763754ac,2021.07.09.15.53.28_veh-38_00184_02293,frozen_visual_sft,True,1.0,1.0,1.0,1.0,1.0,1.0,1.0
04eb8d64f2795c58,2021.07.09.15.53.28_veh-38_00184_02293,frozen_visual_sft,True,1.0,0.0,0.0,1.0,1.0,1.0,0.0
04ef1bdebb1e5c2b,2021.06.09.14.50.36_veh-26_02826_02955,frozen_visual_sft,True,1.0,1.0,1.0,1.0,1.0,1.0,1.0
0502eec8c9615c19,2021.10.11.02.57.41_veh-50_01028_01289,frozen_visual_sft,True,1.0,1.0,1.0,1.0,1.0,1.0,1.0
050bc5dc61b05c0c,2021.06.09.20.26.11_veh-35_00970_01216,frozen_visual_sft,True,1.0,1.0,0.836372761361544,1.0,1.0,1.0,0.9318219839006433
052f982083e859d7,2021.06.09.12.06.35_veh-35_01164_01494,frozen_visual_sft,True,1.0,1.0,0.7819219916671996,1.0,1.0,1.0,0.9091341631946666
05dc6e420d935b8e,2021.06.09.20.26.11_veh-35_00970_01216,frozen_visual_sft,True,1.0,1.0,1.0,1.0,1.0,1.0,1.0
0612ae5a43ea5e14,2021.06.23.17.31.36_veh-16_00016_00377,frozen_visual_sft,True,1.0,1.0,1.0,1.0,1.0,1.0,1.0
066d174c1ee2516a,2021.10.05.08.11.15_veh-50_00437_00585,frozen_visual_sft,True,1.0,1.0,0.6722050196852605,1.0,1.0,1.0,0.8634187582021919
0683a44547c053e2,2021.07.09.15.53.28_veh-38_00184_02293,frozen_visual_sft,True,1.0,1.0,1.0,1.0,1.0,1.0,1.0
06c973b2073057ab,2021.07.09.15.53.28_veh-38_00184_02293,frozen_visual_sft,True,1.0,1.0,0.8127025446314832,1.0,1.0,1.0,0.9219593935964513
06cd8d997cfe5de6,2021.10.11.02.57.41_veh-50_02155_02265,frozen_visual_sft,True,1.0,1.0,0.7220810979758279,1.0,1.0,1.0,0.8842004574899281
06ecc274857650aa,2021.06.09.14.50.36_veh-26_02826_02955,frozen_visual_sft,True,1.0,1.0,1.0,1.0,1.0,1.0,1.0
06f9275753de5cb6,2021.07.09.15.53.28_veh-38_00184_02293,frozen_visual_sft,True,1.0,1.0,1.0,1.0,1.0,1.0,1.0
0746ca94fdc85420,2021.10.11.02.57.41_veh-50_02155_02265,frozen_visual_sft,True,1.0,1.0,0.7690028733228281,1.0,1.0,1.0,0.903751197217845
07667d039f5755fc,2021.07.09.15.53.28_veh-38_00184_02293,frozen_visual_sft,True,1.0,1.0,1.0,1.0,1.0,1.0,1.0
0769d9f9498e5f51,2021.06.09.12.51.31_veh-35_01729_02626,frozen_visual_sft,True,1.0,1.0,0.6716826031096178,1.0,1.0,1.0,0.8632010846290075
076e73b542175041,2021.10.11.02.57.41_veh-50_01028_01289,frozen_visual_sft,True,1.0,1.0,0.6347345069119319,1.0,1.0,1.0,0.8478060445466383
077e1ef7a2dd526e,2021.10.05.08.11.15_veh-50_00437_00585,frozen_visual_sft,True,1.0,1.0,0.6166347228002476,1.0,1.0,1.0,0.8402644678334364
079dad1bf4aa53ff,2021.10.05.08.11.15_veh-50_00437_00585,frozen_visual_sft,True,1.0,1.0,0.6497176550255831,1.0,1.0,1.0,0.8540490229273262
0818730194515784,2021.07.09.15.53.28_veh-38_00184_02293,frozen_visual_sft,True,1.0,1.0,0.7645367695181038,1.0,1.0,1.0,0.9018903206325432
08309993090158ed,2021.06.23.17.31.36_veh-16_00016_00377,frozen_visual_sft,True,1.0,1.0,1.0,1.0,1.0,1.0,1.0
0834ee7bd96c524f,2021.07.16.22.40.23_veh-38_00204_00360,frozen_visual_sft,True,1.0,1.0,1.0,1.0,1.0,1.0,1.0
083a415c4ea15ef6,2021.06.09.20.26.11_veh-35_00970_01216,frozen_visual_sft,True,1.0,1.0,1.0,1.0,1.0,1.0,1.0
0845cc2551fa5e03,2021.07.09.15.53.28_veh-38_00184_02293,frozen_visual_sft,True,1.0,1.0,1.0,1.0,1.0,1.0,1.0
089b7c97ae005df7,2021.10.05.07.49.39_veh-52_00770_00905,frozen_visual_sft,True,1.0,1.0,0.8121304274946453,1.0,1.0,1.0,0.9217210114561022
08b90ea812f95157,2021.07.09.15.53.28_veh-38_00184_02293,frozen_visual_sft,True,1.0,1.0,1.0,1.0,1.0,1.0,1.0
08e86035c86c59cf,2021.07.09.15.53.28_veh-38_00184_02293,frozen_visual_sft,True,1.0,1.0,1.0,1.0,1.0,1.0,1.0
08fef85e66fe56c4,2021.07.09.15.53.28_veh-38_00184_02293,frozen_visual_sft,True,1.0,1.0,0.8668389988564377,1.0,1.0,1.0,0.9445162495235158
091a90a5f2855a82,2021.07.09.20.26.06_veh-35_02793_03289,frozen_visual_sft,True,1.0,1.0,0.7680275877911773,1.0,1.0,1.0,0.903344828246324
093784159a005ddd,2021.07.09.20.26.06_veh-35_02793_03289,frozen_visual_sft,True,1.0,1.0,1.0,1.0,1.0,1.0,1.0
0965ca8d343855bd,2021.10.05.08.11.15_veh-50_00437_00585,frozen_visual_sft,True,1.0,1.0,0.5639411844613368,1.0,1.0,1.0,0.8183088268588903
09909af20007564a,2021.06.09.12.06.35_veh-35_01164_01494,frozen_visual_sft,True,1.0,1.0,1.0,1.0,1.0,1.0,1.0
09a440cb0aeb567a,2021.06.09.12.06.35_veh-35_01164_01494,frozen_visual_sft,True,1.0,1.0,0.8278713137854221,1.0,1.0,1.0,0.9282797140772593
09d6aaf7636350e1,2021.10.11.02.57.41_veh-50_02155_02265,frozen_visual_sft,True,1.0,1.0,0.7772337184630276,1.0,1.0,1.0,0.9071807160262614
0a508df3445152b0,2021.07.09.15.53.28_veh-38_00184_02293,frozen_visual_sft,True,1.0,1.0,0.9320311557585271,1.0,1.0,1.0,0.9716796482327196
0a50e549c5ed5787,2021.06.09.17.23.18_veh-38_01598_01750,frozen_visual_sft,True,1.0,1.0,0.8247061827090787,1.0,1.0,1.0,0.9269609094621162
0a6a37e522035224,2021.06.09.12.06.35_veh-35_01164_01494,frozen_visual_sft,True,1.0,1.0,0.9018249713087305,1.0,1.0,1.0,0.9590937380453045
0b10c61fbe415c5e,2021.07.16.22.40.23_veh-38_00204_00360,frozen_visual_sft,True,1.0,1.0,1.0,1.0,1.0,1.0,1.0
0b19cdb05d2c5e68,2021.07.09.15.53.28_veh-38_00184_02293,frozen_visual_sft,True,1.0,1.0,0.8067573343660176,1.0,1.0,1.0,0.9194822226525073
0b22e62e12cf5607,2021.07.09.15.53.28_veh-38_00184_02293,frozen_visual_sft,True,1.0,1.0,0.811653868890672,1.0,1.0,1.0,0.9215224453711134
0b67d7e9536256af,2021.07.09.15.53.28_veh-38_00184_02293,frozen_visual_sft,True,1.0,1.0,0.7382969517150975,1.0,1.0,1.0,0.890957063214624
0b6d1ed507635a6e,2021.10.01.17.52.06_veh-28_01141_01264,frozen_visual_sft,True,1.0,1.0,0.9256578455962382,1.0,1.0,1.0,0.969024102331766
0b890a5dbdaf53aa,2021.06.09.12.51.31_veh-35_01729_02626,frozen_visual_sft,True,1.0,1.0,1.0,1.0,1.0,1.0,1.0
0ba5cd65023a5d5c,2021.07.09.20.26.06_veh-35_02793_03289,frozen_visual_sft,True,1.0,1.0,1.0,1.0,1.0,1.0,1.0
0c6651f095895012,2021.07.09.15.53.28_veh-38_00184_02293,frozen_visual_sft,True,1.0,1.0,1.0,1.0,1.0,1.0,1.0
0c71f6071ee054a8,2021.07.09.15.53.28_veh-38_00184_02293,frozen_visual_sft,True,1.0,1.0,0.9608474260324654,1.0,1.0,1.0,0.9836864275135273
0ce992b41b7854f8,2021.07.09.15.53.28_veh-38_00184_02293,frozen_visual_sft,True,1.0,1.0,1.0,1.0,1.0,1.0,1.0
0d0891893f1d59b5,2021.07.09.20.26.06_veh-35_02793_03289,frozen_visual_sft,True,1.0,1.0,0.5984450464739527,1.0,1.0,1.0,0.8326854360308137
0d4a4de2ed0551de,2021.07.09.20.26.06_veh-35_02793_03289,frozen_visual_sft,True,1.0,1.0,1.0,1.0,1.0,1.0,1.0
0daae1bedaae53c5,2021.07.09.15.53.28_veh-38_00184_02293,frozen_visual_sft,True,1.0,1.0,0.7091142366195459,1.0,1.0,1.0,0.8787975985914774
0dbe21f7e02a578a,2021.10.05.08.11.15_veh-50_00437_00585,frozen_visual_sft,True,1.0,1.0,0.6841294223645592,1.0,1.0,1.0,0.8683872593185663
0dc2e306b4485579,2021.10.11.02.57.41_veh-50_02155_02265,frozen_visual_sft,True,1.0,1.0,0.7301855250929127,1.0,1.0,1.0,0.8875773021220469
0e3398e6271350b4,2021.10.05.08.11.15_veh-50_00437_00585,frozen_visual_sft,True,1.0,1.0,0.6621851678286357,1.0,1.0,1.0,0.8592438199285981
0ecbcba803ab54e0,2021.10.11.02.57.41_veh-50_02155_02265,frozen_visual_sft,True,1.0,1.0,0.7044903684160895,1.0,1.0,1.0,0.8768709868400372
0ee4062c48cc50d9,2021.07.09.15.53.28_veh-38_00184_02293,frozen_visual_sft,True,1.0,1.0,0.9248940646356993,1.0,1.0,1.0,0.9687058602648747
0ef4861884495fee,2021.10.05.08.11.15_veh-50_00437_00585,frozen_visual_sft,True,1.0,1.0,0.6389836115928923,1.0,1.0,1.0,0.8495765048303717
0f2f7590e2c153c1,2021.10.11.02.57.41_veh-50_01028_01289,frozen_visual_sft,True,1.0,1.0,1.0,1.0,1.0,1.0,1.0
0f4042e7f1995020,2021.07.09.15.53.28_veh-38_00184_02293,frozen_visual_sft,True,1.0,1.0,1.0,1.0,1.0,1.0,1.0
0fb7c8347ef25535,2021.07.09.15.53.28_veh-38_00184_02293,frozen_visual_sft,True,1.0,1.0,1.0,1.0,1.0,1.0,1.0
0fd89914075c5330,2021.06.09.20.26.11_veh-35_00970_01216,frozen_visual_sft,True,1.0,1.0,1.0,1.0,1.0,1.0,1.0
100ed6de0208550f,2021.07.09.15.53.28_veh-38_00184_02293,frozen_visual_sft,True,1.0,1.0,0.776167481065926,1.0,1.0,1.0,0.9067364504441358
100ee55049cc584e,2021.06.09.12.51.31_veh-35_01729_02626,frozen_visual_sft,True,1.0,1.0,1.0,1.0,1.0,1.0,1.0
102471e46a565fdf,2021.10.11.02.57.41_veh-50_02155_02265,frozen_visual_sft,True,1.0,1.0,0.6229702068864492,1.0,1.0,1.0,0.8429042528693538
102b90da87b851bf,2021.06.09.12.51.31_veh-35_01729_02626,frozen_visual_sft,True,1.0,1.0,0.7824667992792885,1.0,1.0,1.0,0.9093611663663702
1035c6107e4b52d3,2021.06.09.12.06.35_veh-35_01164_01494,frozen_visual_sft,True,1.0,1.0,0.9006443749807911,1.0,1.0,1.0,0.9586018229086629
103d8446b9a7501b,2021.08.31.11.47.30_veh-40_00919_01000,frozen_visual_sft,True,1.0,1.0,1.0,1.0,1.0,1.0,1.0
104fd3ad395d5ded,2021.06.09.12.51.31_veh-35_01729_02626,frozen_visual_sft,True,1.0,1.0,1.0,1.0,1.0,1.0,1.0
105b3c761dee5fcb,2021.06.23.17.31.36_veh-16_00016_00377,frozen_visual_sft,True,1.0,1.0,1.0,1.0,1.0,1.0,1.0
108c162aabf552ba,2021.06.09.12.06.35_veh-35_01164_01494,frozen_visual_sft,True,1.0,1.0,0.7128760968542597,1.0,1.0,1.0,0.8803650403559415
10b7dc9bd96e550a,2021.07.09.15.53.28_veh-38_00184_02293,frozen_visual_sft,True,1.0,1.0,0.7793819489410049,1.0,1.0,1.0,0.908075812058752
10da33ea86ba5697,2021.07.16.22.40.23_veh-38_00204_00360,frozen_visual_sft,True,1.0,1.0,1.0,1.0,1.0,1.0,1.0
10f0de18ec3d5c9f,2021.07.09.15.53.28_veh-38_00184_02293,frozen_visual_sft,True,1.0,1.0,0.8674624275562589,1.0,1.0,1.0,0.9447760114817746
10f2a63b52ff556a,2021.07.09.15.53.28_veh-38_00184_02293,frozen_visual_sft,True,1.0,1.0,0.9491980583963663,1.0,1.0,1.0,0.9788325243318193
113ce1e07c7a5543,2021.10.05.08.11.15_veh-50_00437_00585,frozen_visual_sft,True,1.0,1.0,0.7100327131909662,1.0,1.0,1.0,0.8791802971629026
114020a7beaf5151,2021.07.09.15.53.28_veh-38_00184_02293,frozen_visual_sft,True,1.0,1.0,0.8950555109144744,1.0,1.0,1.0,0.9562731295476977
1150ab6954775965,2021.07.09.15.53.28_veh-38_00184_02293,frozen_visual_sft,True,1.0,1.0,0.7643429167801182,1.0,1.0,1.0,0.9018095486583825
1168282af331504e,2021.06.23.17.31.36_veh-16_00016_00377,frozen_visual_sft,True,1.0,1.0,1.0,1.0,1.0,1.0,1.0
11788fec75b55fe8,2021.06.09.12.51.31_veh-35_01729_02626,frozen_visual_sft,True,1.0,1.0,0.876994257865616,1.0,1.0,1.0,0.9487476074440067
11b917a7dad65cb3,2021.06.09.20.26.11_veh-35_00970_01216,frozen_visual_sft,True,1.0,1.0,1.0,1.0,1.0,1.0,1.0
11d448d26126557f,2021.06.09.12.06.35_veh-35_01164_01494,frozen_visual_sft,True,1.0,1.0,0.6911098261444941,1.0,1.0,1.0,0.8712957608935392
11fb8402c7ed5f38,2021.07.09.15.53.28_veh-38_00184_02293,frozen_visual_sft,True,1.0,1.0,1.0,1.0,1.0,1.0,1.0
1201ef26669d52b5,2021.07.09.15.53.28_veh-38_00184_02293,frozen_visual_sft,True,1.0,1.0,1.0,1.0,1.0,1.0,1.0
1206c4653bc05297,2021.06.09.12.51.31_veh-35_01729_02626,frozen_visual_sft,True,1.0,1.0,1.0,1.0,1.0,1.0,1.0
12127170e93a53e9,2021.06.09.12.06.35_veh-35_01164_01494,frozen_visual_sft,True,1.0,1.0,0.7562773434242448,1.0,1.0,1.0,0.8984488930934353
122bed8802a05ae2,2021.07.09.15.53.28_veh-38_00184_02293,frozen_visual_sft,True,1.0,1.0,1.0,1.0,1.0,1.0,1.0
12529e1e5d23525d,2021.07.09.15.53.28_veh-38_00184_02293,frozen_visual_sft,True,1.0,1.0,0.9609655453614658,1.0,1.0,1.0,0.9837356439006107
12927478268a52a7,2021.07.09.15.53.28_veh-38_00184_02293,frozen_visual_sft,True,1.0,1.0,0.855496182507234,1.0,1.0,1.0,0.9397900760446808
12a303e7e3b85492,2021.07.09.15.53.28_veh-38_00184_02293,frozen_visual_sft,True,1.0,1.0,0.8279053633788339,1.0,1.0,1.0,0.9282939014078474
12af90c2b8b6512e,2021.08.31.14.01.15_veh-40_01576_01714,frozen_visual_sft,True,1.0,1.0,0.7430460845909757,1.0,1.0,1.0,0.8929358685795732
134c53ed5241548e,2021.10.11.02.57.41_veh-50_01028_01289,frozen_visual_sft,True,1.0,1.0,0.7039981258417316,1.0,1.0,1.0,0.8766658857673882
136d82f937c45885,2021.06.23.17.31.36_veh-16_00016_00377,frozen_visual_sft,True,1.0,1.0,1.0,1.0,1.0,1.0,1.0
13bb402c57765d6e,2021.06.09.17.23.18_veh-38_01598_01750,frozen_visual_sft,True,1.0,1.0,0.7466708051492775,1.0,1.0,1.0,0.8944461688121988
13d47325b0b950f1,2021.07.09.20.26.06_veh-35_02793_03289,frozen_visual_sft,True,1.0,1.0,0.8608210489550332,1.0,1.0,1.0,0.9420087703979304
13dddabad3d65ddf,2021.06.09.17.23.18_veh-38_01598_01750,frozen_visual_sft,True,1.0,1.0,0.6082324470785594,1.0,1.0,1.0,0.8367635196160664
14489b09baaa54e5,2021.10.11.02.57.41_veh-50_02155_02265,frozen_visual_sft,True,1.0,1.0,0.7095901608980668,1.0,1.0,1.0,0.8789959003741945
147c06dffbdb5bc4,2021.06.09.12.06.35_veh-35_01164_01494,frozen_visual_sft,True,1.0,1.0,0.9348778329746409,1.0,1.0,1.0,0.9728657637394337
1499e758c6855a74,2021.06.09.12.51.31_veh-35_01729_02626,frozen_visual_sft,True,1.0,1.0,0.7803108973986079,1.0,1.0,1.0,0.9084628739160866
15080129531552fe,2021.07.09.20.26.06_veh-35_02793_03289,frozen_visual_sft,True,1.0,1.0,0.6582540465513013,1.0,1.0,1.0,0.8576058527297089
1543049980f15e78,2021.10.11.02.57.41_veh-50_02155_02265,frozen_visual_sft,True,1.0,1.0,0.8523929154908655,1.0,1.0,1.0,0.938497048121194
154f87b0c0ca5624,2021.10.11.02.57.41_veh-50_02155_02265,frozen_visual_sft,True,1.0,1.0,0.7267528794533616,1.0,1.0,1.0,0.8861470331055674
1562991f98315d4d,2021.06.09.12.06.35_veh-35_01164_01494,frozen_visual_sft,True,1.0,1.0,0.8198118678001374,1.0,1.0,1.0,0.9249216115833905
157d3b777d315364,2021.07.09.15.53.28_veh-38_00184_02293,frozen_visual_sft,True,1.0,1.0,1.0,1.0,1.0,1.0,1.0
158eecf778cc5684,2021.06.09.12.06.35_veh-35_01164_01494,frozen_visual_sft,True,1.0,1.0,0.8334506267514491,1.0,1.0,1.0,0.9306044278131038
160b363bd86953af,2021.07.09.15.53.28_veh-38_00184_02293,frozen_visual_sft,True,1.0,1.0,0.9045889553888388,1.0,1.0,1.0,0.9602453980786828
16259719899f5b57,2021.10.11.02.57.41_veh-50_01028_01289,frozen_visual_sft,True,1.0,1.0,1.0,1.0,1.0,1.0,1.0
166f157b4b935a1e,2021.07.09.15.53.28_veh-38_00184_02293,frozen_visual_sft,True,1.0,1.0,1.0,1.0,1.0,1.0,1.0
16840451fa765419,2021.06.09.17.23.18_veh-38_01598_01750,frozen_visual_sft,True,1.0,1.0,1.0,1.0,1.0,1.0,1.0
16a726067f77532d,2021.07.09.15.53.28_veh-38_00184_02293,frozen_visual_sft,True,1.0,1.0,1.0,1.0,1.0,1.0,1.0
16c70ee6d6485400,2021.10.05.07.49.39_veh-52_00770_00905,frozen_visual_sft,True,1.0,1.0,0.6815637183551306,1.0,1.0,1.0,0.8673182159813044
16df14e0b5fe574f,2021.06.09.17.23.18_veh-38_01598_01750,frozen_visual_sft,True,1.0,1.0,0.8821741170450687,1.0,1.0,1.0,0.9509058821021119
16e38f619b4358cb,2021.10.11.02.57.41_veh-50_01028_01289,frozen_visual_sft,True,1.0,1.0,1.0,1.0,1.0,1.0,1.0
16ea1ed69aed5de1,2021.06.23.17.31.36_veh-16_00016_00377,frozen_visual_sft,True,1.0,1.0,1.0,1.0,1.0,1.0,1.0
170594fe8be75468,2021.10.05.07.49.39_veh-52_00770_00905,frozen_visual_sft,True,1.0,1.0,0.7426321621007768,1.0,1.0,1.0,0.8927634008753236
17184a5491105047,2021.07.09.15.53.28_veh-38_00184_02293,frozen_visual_sft,True,1.0,1.0,0.8185164114622768,1.0,1.0,1.0,0.924381838109282
173ff7e858e65a62,2021.07.09.15.53.28_veh-38_00184_02293,frozen_visual_sft,True,1.0,1.0,1.0,1.0,1.0,1.0,1.0
1753352ab8255c21,2021.10.01.17.52.06_veh-28_01141_01264,frozen_visual_sft,True,1.0,1.0,0.9089129228058794,1.0,1.0,1.0,0.9620470511691165
1783be8f68bc560f,2021.06.23.17.31.36_veh-16_00016_00377,frozen_visual_sft,True,1.0,1.0,1.0,1.0,1.0,1.0,1.0
179d390028965461,2021.06.09.20.26.11_veh-35_00970_01216,frozen_visual_sft,True,1.0,1.0,0.7581379864340337,1.0,1.0,1.0,0.8992241610141808
17a899d822e75d16,2021.10.11.02.57.41_veh-50_02155_02265,frozen_visual_sft,True,1.0,1.0,0.8077020187020271,1.0,1.0,1.0,0.9198758411258446
17b43b911252571c,2021.07.09.15.53.28_veh-38_00184_02293,frozen_visual_sft,True,1.0,1.0,1.0,1.0,1.0,1.0,1.0
17bc4c6cc38959d0,2021.10.11.02.57.41_veh-50_02155_02265,frozen_visual_sft,True,1.0,1.0,0.6969134635708186,1.0,1.0,1.0,0.8737139431545078
17d80f18ee7854c0,2021.06.23.17.31.36_veh-16_00016_00377,frozen_visual_sft,True,1.0,1.0,1.0,1.0,1.0,1.0,1.0
17efb1d6bb395620,2021.06.09.12.51.31_veh-35_01729_02626,frozen_visual_sft,True,1.0,1.0,0.8945294556286508,1.0,1.0,1.0,0.9560539398452712
180266e7ce035fca,2021.10.11.02.57.41_veh-50_02155_02265,frozen_visual_sft,True,1.0,1.0,0.6416034286212264,1.0,1.0,1.0,0.8506680952588445
18608416606557ed,2021.06.09.14.50.36_veh-26_02826_02955,frozen_visual_sft,True,1.0,1.0,1.0,1.0,1.0,1.0,1.0
187e7d991c2f5f40,2021.07.09.15.53.28_veh-38_00184_02293,frozen_visual_sft,True,1.0,1.0,1.0,1.0,1.0,1.0,1.0
18a2ed37c162552d,2021.07.09.20.26.06_veh-35_02793_03289,frozen_visual_sft,True,1.0,1.0,1.0,1.0,1.0,1.0,1.0
191f94dc85fd5899,2021.06.09.12.51.31_veh-35_01729_02626,frozen_visual_sft,True,1.0,1.0,0.7494517728061765,1.0,1.0,1.0,0.8956049053359069
19ab8e323ac35fe4,2021.07.09.15.53.28_veh-38_00184_02293,frozen_visual_sft,True,1.0,1.0,1.0,1.0,1.0,1.0,1.0
19c9d08888d65385,2021.10.05.07.49.39_veh-52_00770_00905,frozen_visual_sft,True,1.0,1.0,0.7611307149941194,1.0,1.0,1.0,0.9004711312475497
1a3449b28c115162,2021.07.09.15.53.28_veh-38_00184_02293,frozen_visual_sft,True,1.0,1.0,0.8837008946424169,1.0,1.0,1.0,0.9515420394343405
1aaa5de27ef2529c,2021.10.05.08.11.15_veh-50_00437_00585,frozen_visual_sft,True,1.0,1.0,0.6527048297541584,1.0,1.0,1.0,0.8552936790642326
1ab37cad7da55237,2021.06.09.12.51.31_veh-35_01729_02626,frozen_visual_sft,True,1.0,1.0,0.9322744600014484,1.0,1.0,1.0,0.9717810250006035
1afe562ad29b5222,2021.07.09.15.53.28_veh-38_00184_02293,frozen_visual_sft,True,1.0,1.0,0.9624191835748381,1.0,1.0,1.0,0.9843413264895159
1b31ffd5f3ec5f5d,2021.06.09.17.23.18_veh-38_01598_01750,frozen_visual_sft,True,1.0,1.0,1.0,1.0,1.0,1.0,1.0
1b6f94eba9bd573c,2021.06.09.12.51.31_veh-35_01729_02626,frozen_visual_sft,True,1.0,1.0,1.0,1.0,1.0,1.0,1.0
1bdb793cdfcd5db0,2021.10.05.08.11.15_veh-50_00437_00585,frozen_visual_sft,True,1.0,1.0,0.6042193971290896,1.0,1.0,1.0,0.835091415470454
1bef718d3b145858,2021.06.09.12.51.31_veh-35_01729_02626,frozen_visual_sft,True,1.0,1.0,0.7451778423255679,1.0,1.0,1.0,0.8938241009689866
1c3d27d5767e506d,2021.10.05.07.49.39_veh-52_00770_00905,frozen_visual_sft,True,1.0,1.0,0.7758811368663215,1.0,1.0,1.0,0.9066171403609674
1c5284923bc85595,2021.07.09.20.26.06_veh-35_02793_03289,frozen_visual_sft,True,1.0,1.0,0.9131392289616416,1.0,1.0,1.0,0.9638080120673506
1c59013d80ab5ac4,2021.08.31.14.01.15_veh-40_01576_01714,frozen_visual_sft,True,1.0,1.0,1.0,1.0,1.0,1.0,1.0
1c6cfd6bae4954dc,2021.10.05.08.11.15_veh-50_00437_00585,frozen_visual_sft,True,1.0,1.0,0.6599624792352634,1.0,1.0,1.0,0.8583176996813598
1c773439ca9d5158,2021.07.09.15.53.28_veh-38_00184_02293,frozen_visual_sft,True,1.0,1.0,1.0,1.0,1.0,1.0,1.0
1c9a2aafa78b5b21,2021.08.31.11.47.30_veh-40_00919_01000,frozen_visual_sft,True,1.0,1.0,0.7966954265450102,1.0,1.0,1.0,0.9152897610604209
1c9e768f7d545a89,2021.06.23.17.31.36_veh-16_00016_00377,frozen_visual_sft,True,1.0,1.0,1.0,1.0,1.0,1.0,1.0
1cf2faa6760b5e05,2021.06.09.12.06.35_veh-35_01164_01494,frozen_visual_sft,True,1.0,1.0,1.0,1.0,1.0,1.0,1.0
1d0ef99351a95bbb,2021.06.09.12.06.35_veh-35_01164_01494,frozen_visual_sft,True,1.0,1.0,0.9164865820329936,1.0,1.0,1.0,0.9652027425137474
1d158c219842558a,2021.07.09.20.26.06_veh-35_02793_03289,frozen_visual_sft,True,1.0,1.0,0.8583916462128796,1.0,1.0,1.0,0.9409965192553665
1d190091101d5d75,2021.07.09.15.53.28_veh-38_00184_02293,frozen_visual_sft,True,1.0,1.0,0.9017665504550654,1.0,1.0,1.0,0.9590693960229438
1d1a05de41555e8e,2021.06.09.12.06.35_veh-35_01164_01494,frozen_visual_sft,True,1.0,1.0,1.0,1.0,1.0,1.0,1.0
1d5c498a699a59e8,2021.07.09.15.53.28_veh-38_00184_02293,frozen_visual_sft,True,1.0,1.0,0.843117622889829,1.0,1.0,1.0,0.9346323428707621
1d7f9f198e0c57bc,2021.07.09.15.53.28_veh-38_00184_02293,frozen_visual_sft,True,1.0,1.0,0.7874107645456048,1.0,1.0,1.0,0.9114211518940021
1d85875eaf9c5a3f,2021.10.01.17.52.06_veh-28_01141_01264,frozen_visual_sft,True,1.0,1.0,0.7060485238400607,1.0,1.0,1.0,0.8775202182666919
1d9ee8399cf55f9d,2021.10.05.07.49.39_veh-52_00770_00905,frozen_visual_sft,True,1.0,1.0,0.9313971762687169,1.0,1.0,1.0,0.9714154901119653
1dc5198a0a27562c,2021.06.09.12.51.31_veh-35_01729_02626,frozen_visual_sft,True,1.0,1.0,0.9518236020234255,1.0,1.0,1.0,0.979926500843094
1e7ba1144b7e587f,2021.10.11.02.57.41_veh-50_01028_01289,frozen_visual_sft,True,1.0,1.0,0.6554427898563885,1.0,1.0,1.0,0.8564344957734953
1e7bb5730b095273,2021.06.23.17.31.36_veh-16_00016_00377,frozen_visual_sft,True,1.0,1.0,0.9999915808829748,1.0,1.0,1.0,0.9999964920345729
1eb3057c64465de0,2021.06.09.12.51.31_veh-35_01729_02626,frozen_visual_sft,True,1.0,1.0,0.913691079040851,1.0,1.0,1.0,0.9640379496003546
1ec5607c174e58db,2021.10.05.08.11.15_veh-50_00437_00585,frozen_visual_sft,True,1.0,1.0,0.6725625731487569,1.0,1.0,1.0,0.863567738811982
1ec8d767941a534b,2021.07.16.22.40.23_veh-38_00204_00360,frozen_visual_sft,True,1.0,1.0,1.0,1.0,1.0,1.0,1.0
1edaacb093c25e24,2021.10.05.08.11.15_veh-50_00437_00585,frozen_visual_sft,True,1.0,1.0,0.8588321483536234,1.0,1.0,1.0,0.9411800618140097
1efe2f1b12ec5381,2021.06.09.12.51.31_veh-35_01729_02626,frozen_visual_sft,True,1.0,1.0,0.7948607150753993,1.0,1.0,1.0,0.914525297948083
1f6b057612b05e65,2021.07.09.15.53.28_veh-38_00184_02293,frozen_visual_sft,True,1.0,1.0,0.8698167094153729,1.0,1.0,1.0,0.9457569622564055
1f9f230417e15e61,2021.07.09.15.53.28_veh-38_00184_02293,frozen_visual_sft,True,1.0,1.0,0.9276270648240882,1.0,1.0,1.0,0.9698446103433701
2040cae1f2005ace,2021.10.11.02.57.41_veh-50_01028_01289,frozen_visual_sft,True,1.0,1.0,0.6929497352594611,1.0,1.0,1.0,0.872062389691442
205cf1f3466a5af6,2021.10.05.08.11.15_veh-50_00437_00585,frozen_visual_sft,True,1.0,1.0,0.6737180434318037,1.0,1.0,1.0,0.8640491847632515
205ef6aa1e4f54f4,2021.10.11.02.57.41_veh-50_02155_02265,frozen_visual_sft,True,1.0,1.0,0.6541039449298454,1.0,1.0,1.0,0.8558766437207689
2086208681525f54,2021.07.09.15.53.28_veh-38_00184_02293,frozen_visual_sft,True,1.0,1.0,1.0,1.0,1.0,1.0,1.0
208c2da460fa56a1,2021.07.09.15.53.28_veh-38_00184_02293,frozen_visual_sft,True,1.0,1.0,1.0,1.0,1.0,1.0,1.0
20d97d183741595d,2021.10.05.07.49.39_veh-52_00770_00905,frozen_visual_sft,True,1.0,1.0,0.8035683161181562,1.0,1.0,1.0,0.9181534650492317
20e59db136d85ccd,2021.07.09.15.53.28_veh-38_00184_02293,frozen_visual_sft,True,1.0,1.0,0.823970545551307,1.0,1.0,1.0,0.9266543939797112
20fc3e4c2b93595d,2021.08.31.11.47.30_veh-40_00919_01000,frozen_visual_sft,True,1.0,1.0,0.8091225305749357,1.0,1.0,1.0,0.9204677210728898
2130fc97f34f5668,2021.06.23.17.31.36_veh-16_00016_00377,frozen_visual_sft,True,1.0,1.0,1.0,1.0,1.0,1.0,1.0
2138f8abf5aa5086,2021.07.09.15.53.28_veh-38_00184_02293,frozen_visual_sft,True,1.0,1.0,0.9170233364806415,1.0,1.0,1.0,0.9654263902002672
213d831946e758b5,2021.07.09.15.53.28_veh-38_00184_02293,frozen_visual_sft,True,1.0,1.0,1.0,1.0,1.0,1.0,1.0
2146b87b79ce537d,2021.06.09.12.51.31_veh-35_01729_02626,frozen_visual_sft,True,1.0,1.0,1.0,1.0,1.0,1.0,1.0
2156346d5dcf5246,2021.06.09.20.26.11_veh-35_00970_01216,frozen_visual_sft,True,1.0,1.0,0.7305114791528111,1.0,1.0,1.0,0.8877131163136713
21748134e645518e,2021.06.09.17.23.18_veh-38_01598_01750,frozen_visual_sft,True,1.0,1.0,1.0,1.0,1.0,1.0,1.0
219791f316b25308,2021.07.09.15.53.28_veh-38_00184_02293,frozen_visual_sft,True,1.0,1.0,0.858610826717425,1.0,1.0,1.0,0.9410878444655938
219dd3cdd7fd594b,2021.08.31.14.01.15_veh-40_01576_01714,frozen_visual_sft,True,1.0,1.0,0.9323358102192724,1.0,1.0,1.0,0.9718065875913635
21b0e617e7895ac7,2021.07.09.15.53.28_veh-38_00184_02293,frozen_visual_sft,True,1.0,1.0,0.9350108450414983,1.0,1.0,1.0,0.9729211854339578
21b4fab862a858b8,2021.10.05.08.11.15_veh-50_00437_00585,frozen_visual_sft,True,1.0,1.0,0.7643287749806942,1.0,1.0,1.0,0.9018036562419559
21c0033d52fd5d2e,2021.07.09.15.53.28_veh-38_00184_02293,frozen_visual_sft,True,1.0,1.0,0.901005426274337,1.0,1.0,1.0,0.9587522609476404
21c95e7693d35dfd,2021.06.09.17.23.18_veh-38_01598_01750,frozen_visual_sft,True,1.0,1.0,1.0,1.0,1.0,1.0,1.0
220ebf89f21c58e4,2021.07.09.20.26.06_veh-35_02793_03289,frozen_visual_sft,True,1.0,1.0,1.0,1.0,1.0,1.0,1.0
22119d9673db504e,2021.10.05.08.11.15_veh-50_00437_00585,frozen_visual_sft,True,1.0,1.0,0.6241661884112133,1.0,1.0,1.0,0.8434025785046723
2289e9f520ca5cb5,2021.07.09.15.53.28_veh-38_00184_02293,frozen_visual_sft,True,1.0,1.0,1.0,1.0,1.0,1.0,1.0
22903ed6b4b45809,2021.10.05.08.11.15_veh-50_00437_00585,frozen_visual_sft,True,1.0,1.0,0.6711890315015713,1.0,1.0,1.0,0.8629954297923214
2326cface78153de,2021.07.09.15.53.28_veh-38_00184_02293,frozen_visual_sft,True,1.0,1.0,1.0,1.0,1.0,1.0,1.0
23732000986756bd,2021.07.09.20.26.06_veh-35_02793_03289,frozen_visual_sft,True,1.0,1.0,0.8526909599756312,1.0,1.0,1.0,0.9386212333231797
2376051bafd45146,2021.07.09.15.53.28_veh-38_00184_02293,frozen_visual_sft,True,1.0,1.0,1.0,1.0,1.0,1.0,1.0
2395e3e90cdf5b9a,2021.06.09.12.51.31_veh-35_01729_02626,frozen_visual_sft,True,1.0,1.0,1.0,1.0,1.0,1.0,1.0
23c7e87c04f759c9,2021.07.09.15.53.28_veh-38_00184_02293,frozen_visual_sft,True,1.0,1.0,0.7792826398756905,1.0,1.0,1.0,0.9080344332815377
23e4660a0f365854,2021.06.23.17.31.36_veh-16_00016_00377,frozen_visual_sft,True,1.0,1.0,0.7066894058479778,1.0,1.0,1.0,0.8777872524366575
2406f00812785216,2021.07.09.15.53.28_veh-38_00184_02293,frozen_visual_sft,True,1.0,1.0,0.9631745101766217,1.0,1.0,1.0,0.9846560459069257
243375d424865825,2021.10.11.02.57.41_veh-50_02155_02265,frozen_visual_sft,True,1.0,1.0,0.7580489946176029,1.0,1.0,1.0,0.8991870810906679
243432f80b85567a,2021.07.09.15.53.28_veh-38_00184_02293,frozen_visual_sft,True,1.0,1.0,1.0,1.0,1.0,1.0,1.0
244393f5bb9f567c,2021.06.09.12.06.35_veh-35_01164_01494,frozen_visual_sft,True,1.0,1.0,1.0,1.0,1.0,1.0,1.0
2450f437ff34588e,2021.06.09.12.06.35_veh-35_01164_01494,frozen_visual_sft,True,1.0,1.0,0.9244363783740295,1.0,1.0,1.0,0.9685151576558456
24531603f9315046,2021.10.05.08.11.15_veh-50_00437_00585,frozen_visual_sft,True,1.0,1.0,0.8996391448097767,1.0,1.0,1.0,0.9581829770040736
246269dcd9845878,2021.06.09.12.51.31_veh-35_01729_02626,frozen_visual_sft,True,1.0,1.0,0.5591634843963814,1.0,1.0,1.0,0.8163181184984922
248f2530124b5812,2021.06.09.12.51.31_veh-35_01729_02626,frozen_visual_sft,True,1.0,1.0,1.0,1.0,1.0,1.0,1.0
24c57bb0eceb546a,2021.07.09.15.53.28_veh-38_00184_02293,frozen_visual_sft,True,1.0,1.0,1.0,1.0,1.0,1.0,1.0
24e8dff0a3fb5d73,2021.08.31.11.47.30_veh-40_00919_01000,frozen_visual_sft,True,1.0,1.0,1.0,1.0,1.0,1.0,1.0
24f4c4b3cc8554aa,2021.10.05.07.49.39_veh-52_00770_00905,frozen_visual_sft,True,1.0,1.0,0.6684461338392137,1.0,1.0,1.0,0.861852555766339
24f6ff800c7758e8,2021.07.09.15.53.28_veh-38_00184_02293,frozen_visual_sft,True,1.0,1.0,1.0,1.0,1.0,1.0,1.0
2518c058a2765f66,2021.07.09.15.53.28_veh-38_00184_02293,frozen_visual_sft,True,1.0,1.0,0.9407859830102674,1.0,1.0,1.0,0.9753274929209447
252aca165e205caf,2021.06.23.17.31.36_veh-16_00016_00377,frozen_visual_sft,True,1.0,1.0,1.0,1.0,1.0,1.0,1.0
252c2880193354f5,2021.06.09.17.23.18_veh-38_01598_01750,frozen_visual_sft,True,1.0,1.0,1.0,1.0,1.0,1.0,1.0
252dcf3264285f7e,2021.07.09.20.26.06_veh-35_02793_03289,frozen_visual_sft,True,1.0,1.0,1.0,1.0,1.0,1.0,1.0
2546a09ed60755b9,2021.06.23.17.31.36_veh-16_00016_00377,frozen_visual_sft,True,1.0,1.0,0.8163914573097203,1.0,1.0,1.0,0.9234964405457168
258edbf6a22c5312,2021.06.09.12.51.31_veh-35_01729_02626,frozen_visual_sft,True,1.0,1.0,0.7622211712744098,1.0,1.0,1.0,0.900925488031004
25b3e3f15fcc5058,2021.07.09.15.53.28_veh-38_00184_02293,frozen_visual_sft,True,1.0,1.0,1.0,1.0,1.0,1.0,1.0
25e8140e88165353,2021.10.11.02.57.41_veh-50_02155_02265,frozen_visual_sft,True,1.0,1.0,0.7965073286663797,1.0,1.0,1.0,0.9152113869443248
25ef4e856bab540e,2021.10.05.07.49.39_veh-52_00770_00905,frozen_visual_sft,True,1.0,1.0,0.7663944298934748,1.0,1.0,1.0,0.9026643457889478
25f2e28652bc5f06,2021.10.05.08.11.15_veh-50_00437_00585,frozen_visual_sft,True,1.0,1.0,0.7848176365082723,1.0,1.0,1.0,0.9103406818784467
261221d5c5fc5fa7,2021.10.05.07.49.39_veh-52_00770_00905,frozen_visual_sft,True,1.0,1.0,0.787308108373113,1.0,1.0,1.0,0.9113783784887971
263e3ce08f7e5a9e,2021.07.09.15.53.28_veh-38_00184_02293,frozen_visual_sft,True,1.0,1.0,1.0,1.0,1.0,1.0,1.0
265d51badd8658b4,2021.10.11.02.57.41_veh-50_02155_02265,frozen_visual_sft,True,1.0,1.0,0.6483073850132468,1.0,1.0,1.0,0.8534614104221863
2660a8dfda2a550d,2021.07.09.15.53.28_veh-38_00184_02293,frozen_visual_sft,True,1.0,1.0,1.0,1.0,1.0,1.0,1.0
26a3cea95f035c1d,2021.07.09.20.26.06_veh-35_02793_03289,frozen_visual_sft,True,1.0,1.0,0.5923434998081449,1.0,1.0,1.0,0.8301431249200603
26d62f55fe175782,2021.06.09.17.23.18_veh-38_01598_01750,frozen_visual_sft,True,1.0,1.0,0.8963984364659584,1.0,1.0,1.0,0.956832681860816
27019672a76d5c98,2021.06.09.12.06.35_veh-35_01164_01494,frozen_visual_sft,True,1.0,1.0,0.9393443308250755,1.0,1.0,1.0,0.9747268045104481
270857aa66a15114,2021.06.09.12.06.35_veh-35_01164_01494,frozen_visual_sft,True,1.0,1.0,0.738131665123514,1.0,1.0,1.0,0.8908881938014641
2754ab87df25534c,2021.10.05.08.11.15_veh-50_00437_00585,frozen_visual_sft,True,1.0,1.0,0.5580566373756691,1.0,1.0,1.0,0.8158569322398622
276846ef566e5945,2021.07.09.15.53.28_veh-38_00184_02293,frozen_visual_sft,True,1.0,1.0,0.8255488354778239,1.0,1.0,1.0,0.9273120147824265
278bbdb04c555733,2021.10.05.07.49.39_veh-52_00770_00905,frozen_visual_sft,True,1.0,1.0,0.7097638365381156,1.0,1.0,1.0,0.8790682652242149
279398536da35c2b,2021.06.09.12.06.35_veh-35_01164_01494,frozen_visual_sft,True,1.0,1.0,0.8054798887308716,1.0,1.0,1.0,0.9189499536378632
27d7adfa2e2d541b,2021.07.09.15.53.28_veh-38_00184_02293,frozen_visual_sft,True,1.0,1.0,0.9715051474317219,1.0,1.0,1.0,0.9881271447632175
27df9e405dfa51cf,2021.07.09.15.53.28_veh-38_00184_02293,frozen_visual_sft,True,1.0,1.0,1.0,1.0,1.0,1.0,1.0
282c1d78530d593f,2021.10.05.07.49.39_veh-52_00770_00905,frozen_visual_sft,True,1.0,1.0,0.8268196728875717,1.0,1.0,1.0,0.9278415303698214
2836a66135315e7f,2021.07.09.15.53.28_veh-38_00184_02293,frozen_visual_sft,True,1.0,1.0,1.0,1.0,1.0,1.0,1.0
28b2841dfc80526b,2021.08.31.14.01.15_veh-40_01576_01714,frozen_visual_sft,True,1.0,1.0,0.8133907622922587,1.0,1.0,1.0,0.9222461509551078
28d90079bec557cf,2021.10.11.02.57.41_veh-50_02155_02265,frozen_visual_sft,True,1.0,1.0,0.6597586594437059,1.0,1.0,1.0,0.8582327747682109
28e2bc1f058454a6,2021.07.09.20.26.06_veh-35_02793_03289,frozen_visual_sft,True,1.0,1.0,0.8209032985570403,1.0,1.0,1.0,0.9253763743987667
293144d2f3ec5131,2021.07.09.15.53.28_veh-38_00184_02293,frozen_visual_sft,True,1.0,1.0,1.0,1.0,1.0,1.0,1.0
2962782cdb8e59b1,2021.07.09.15.53.28_veh-38_00184_02293,frozen_visual_sft,True,1.0,1.0,1.0,1.0,1.0,1.0,1.0
297c4fe13c4c5640,2021.07.09.15.53.28_veh-38_00184_02293,frozen_visual_sft,True,1.0,1.0,1.0,1.0,1.0,1.0,1.0
2999ded848495d55,2021.07.09.15.53.28_veh-38_00184_02293,frozen_visual_sft,True,1.0,1.0,1.0,1.0,1.0,1.0,1.0
29b843e9d1145127,2021.06.23.17.31.36_veh-16_00016_00377,frozen_visual_sft,True,1.0,1.0,0.8774059634522089,1.0,1.0,1.0,0.9489191514384204
29ff4b56af185819,2021.07.09.20.26.06_veh-35_02793_03289,frozen_visual_sft,True,1.0,1.0,0.8698918241493445,1.0,1.0,1.0,0.9457882600622268
2a4f7a1a42b759a7,2021.10.11.02.57.41_veh-50_02155_02265,frozen_visual_sft,True,1.0,1.0,0.7760723962467938,1.0,1.0,1.0,0.9066968317694974
2a9ea017fb55572b,2021.06.23.17.31.36_veh-16_00016_00377,frozen_visual_sft,True,1.0,1.0,0.822308514773904,1.0,1.0,1.0,0.9259618811557934
2ac1b274b9f2525a,2021.06.09.12.51.31_veh-35_01729_02626,frozen_visual_sft,True,1.0,1.0,0.8944931092065315,1.0,1.0,1.0,0.9560387955027214
2add9922dc495e95,2021.07.09.15.53.28_veh-38_00184_02293,frozen_visual_sft,True,1.0,1.0,0.791046379922223,1.0,1.0,1.0,0.9129359916342596
2ae099469caa5693,2021.08.31.14.01.15_veh-40_01576_01714,frozen_visual_sft,True,1.0,1.0,0.8406356629787629,1.0,1.0,1.0,0.933598192907818
2b1b98be0fd55a97,2021.10.11.02.57.41_veh-50_01028_01289,frozen_visual_sft,True,1.0,1.0,0.713527231539959,1.0,1.0,1.0,0.8806363464749829
2bade763a35e571a,2021.07.09.15.53.28_veh-38_00184_02293,frozen_visual_sft,True,1.0,1.0,0.9012820863736068,1.0,1.0,1.0,0.9588675359890028
2bda22fbdbbb50a8,2021.06.09.12.06.35_veh-35_01164_01494,frozen_visual_sft,True,1.0,1.0,0.7802854005045715,1.0,1.0,1.0,0.9084522502102382
2c1795e29af65a31,2021.06.09.20.26.11_veh-35_00970_01216,frozen_visual_sft,True,1.0,1.0,0.742431581743647,1.0,1.0,1.0,0.8926798257265195
2c1db842cc915519,2021.07.09.15.53.28_veh-38_00184_02293,frozen_visual_sft,True,1.0,1.0,1.0,1.0,1.0,1.0,1.0
2c32ea8c5ef05290,2021.10.05.07.49.39_veh-52_00770_00905,frozen_visual_sft,True,1.0,1.0,0.9074255175287939,1.0,1.0,1.0,0.9614272989703307
2c45cd8490f850ef,2021.06.09.14.50.36_veh-26_02826_02955,frozen_visual_sft,True,1.0,1.0,1.0,1.0,1.0,1.0,1.0
2cdbdd95aaba57f0,2021.06.09.12.51.31_veh-35_01729_02626,frozen_visual_sft,True,1.0,1.0,1.0,1.0,1.0,1.0,1.0
2d4ac7e75090575c,2021.10.11.02.57.41_veh-50_02155_02265,frozen_visual_sft,True,1.0,1.0,0.7092056951601051,1.0,1.0,1.0,0.8788357063167105
2d903e0fb16154d9,2021.07.09.15.53.28_veh-38_00184_02293,frozen_visual_sft,True,1.0,1.0,1.0,1.0,1.0,1.0,1.0
2d9e55899f36514b,2021.07.09.15.53.28_veh-38_00184_02293,frozen_visual_sft,True,1.0,1.0,1.0,1.0,1.0,1.0,1.0
2da0a5236af95e03,2021.07.09.15.53.28_veh-38_00184_02293,frozen_visual_sft,True,1.0,1.0,0.8607165842727764,1.0,1.0,1.0,0.9419652434469902
2dc965586c945547,2021.06.09.12.51.31_veh-35_01729_02626,frozen_visual_sft,True,1.0,1.0,0.9171188087959992,1.0,1.0,1.0,0.9654661703316663
2dd00be7ed615ecc,2021.06.09.12.51.31_veh-35_01729_02626,frozen_visual_sft,True,1.0,1.0,1.0,1.0,1.0,1.0,1.0
2deba0b0afad5472,2021.08.31.14.01.15_veh-40_01576_01714,frozen_visual_sft,True,1.0,1.0,0.8346718136303285,1.0,1.0,1.0,0.9311132556793035
2df6dad2e3c4525a,2021.10.11.02.57.41_veh-50_01028_01289,frozen_visual_sft,True,1.0,1.0,0.6970795801767972,1.0,1.0,1.0,0.8737831584069987
2e524a06f4bc59e8,2021.06.09.12.06.35_veh-35_01164_01494,frozen_visual_sft,True,1.0,1.0,0.7344767861927414,1.0,1.0,1.0,0.889365327580309
2e7a9b2142ec529f,2021.06.09.17.23.18_veh-38_01598_01750,frozen_visual_sft,True,1.0,1.0,0.6673604344760635,1.0,1.0,1.0,0.861400181031693
2eb20ba165855d43,2021.07.09.20.26.06_veh-35_02793_03289,frozen_visual_sft,True,1.0,1.0,1.0,1.0,1.0,1.0,1.0
2f096c8bde855396,2021.07.09.15.53.28_veh-38_00184_02293,frozen_visual_sft,True,1.0,1.0,0.8802064855518403,1.0,1.0,1.0,0.9500860356466001
2f1560380fb05985,2021.10.05.07.49.39_veh-52_00770_00905,frozen_visual_sft,True,1.0,1.0,0.8322831541824921,1.0,1.0,1.0,0.9301179809093717
2f2535fbdd395025,2021.07.09.15.53.28_veh-38_00184_02293,frozen_visual_sft,True,1.0,1.0,1.0,1.0,1.0,1.0,1.0
2f2bc1e20be4545e,2021.07.09.20.26.06_veh-35_02793_03289,frozen_visual_sft,True,1.0,1.0,0.8077222061772416,1.0,1.0,1.0,0.9198842525738508
2f81ef9b7def5cfb,2021.10.11.02.57.41_veh-50_02155_02265,frozen_visual_sft,True,1.0,1.0,0.759467685821379,1.0,1.0,1.0,0.8997782024255746
2fb80e8e9597522f,2021.06.09.12.06.35_veh-35_01164_01494,frozen_visual_sft,True,1.0,1.0,0.847861701781367,1.0,1.0,1.0,0.9366090424089029
2fd7bef75431592e,2021.08.31.11.47.30_veh-40_00919_01000,frozen_visual_sft,True,1.0,1.0,0.9020480558803662,1.0,1.0,1.0,0.9591866899501525
2fffb118c5535879,2021.06.09.12.06.35_veh-35_01164_01494,frozen_visual_sft,True,1.0,1.0,0.8126107405266209,1.0,1.0,1.0,0.9219211418860921
308b33a531c35c7a,2021.07.09.15.53.28_veh-38_00184_02293,frozen_visual_sft,True,1.0,1.0,0.8087061510326793,1.0,1.0,1.0,0.9202942295969496
309d25c4b0535a45,2021.07.09.15.53.28_veh-38_00184_02293,frozen_visual_sft,True,1.0,0.0,0.0,1.0,1.0,1.0,0.0
30b7a3bf71b956de,2021.06.23.17.31.36_veh-16_00016_00377,frozen_visual_sft,True,1.0,1.0,0.9925070819814809,1.0,1.0,1.0,0.9968779508256169
30c294d478ee5953,2021.07.09.20.26.06_veh-35_02793_03289,frozen_visual_sft,True,1.0,1.0,0.8004920204873385,1.0,1.0,1.0,0.9168716752030578
30c5555824025240,2021.07.09.20.26.06_veh-35_02793_03289,frozen_visual_sft,True,1.0,1.0,0.772860267985113,1.0,1.0,1.0,0.905358444993797
310a3ad9c0cf5eb6,2021.10.05.07.49.39_veh-52_00770_00905,frozen_visual_sft,True,1.0,1.0,0.9299130491869584,1.0,1.0,1.0,0.9707971038278993
31232634fe425baa,2021.07.09.20.26.06_veh-35_02793_03289,frozen_visual_sft,True,1.0,1.0,0.7967756793049143,1.0,1.0,1.0,0.915323199710381
313b06564bf854e4,2021.07.09.15.53.28_veh-38_00184_02293,frozen_visual_sft,True,1.0,1.0,1.0,1.0,1.0,1.0,1.0
317266217a3b548d,2021.06.09.20.26.11_veh-35_00970_01216,frozen_visual_sft,True,1.0,1.0,1.0,1.0,1.0,1.0,1.0
31c01938dab253e7,2021.07.09.20.26.06_veh-35_02793_03289,frozen_visual_sft,True,1.0,1.0,1.0,1.0,1.0,1.0,1.0
31c10b004a0d5f1e,2021.06.09.12.06.35_veh-35_01164_01494,frozen_visual_sft,True,1.0,1.0,0.7967417579818173,1.0,1.0,1.0,0.9153090658257573
31faa0734016556d,2021.07.09.20.26.06_veh-35_02793_03289,frozen_visual_sft,True,1.0,1.0,0.82725911201987,1.0,1.0,1.0,0.9280246300082792
320bd6309da05bf7,2021.07.09.20.26.06_veh-35_02793_03289,frozen_visual_sft,True,1.0,1.0,1.0,1.0,1.0,1.0,1.0
321512a956a25984,2021.07.09.15.53.28_veh-38_00184_02293,frozen_visual_sft,True,1.0,1.0,0.8195081857136336,1.0,1.0,1.0,0.9247950773806807
3227b869cdd85654,2021.06.23.17.31.36_veh-16_00016_00377,frozen_visual_sft,True,1.0,1.0,0.5416244238113941,1.0,1.0,1.0,0.8090101765880808
327c4934e82a54cb,2021.06.09.20.26.11_veh-35_00970_01216,frozen_visual_sft,True,1.0,1.0,0.7867602602061007,1.0,1.0,1.0,0.9111501084192085
32940e6a93e95fd5,2021.06.09.12.06.35_veh-35_01164_01494,frozen_visual_sft,True,1.0,1.0,0.9455758305083055,1.0,1.0,1.0,0.9773232627117939
329975be260c50b7,2021.10.11.02.57.41_veh-50_02155_02265,frozen_visual_sft,True,1.0,1.0,0.7640391786507674,1.0,1.0,1.0,0.9016829911044865
329eb6cc8c325f71,2021.06.09.12.06.35_veh-35_01164_01494,frozen_visual_sft,True,1.0,1.0,0.7828583600935664,1.0,1.0,1.0,0.9095243167056527
32aea60d7c7d56bf,2021.07.09.20.26.06_veh-35_02793_03289,frozen_visual_sft,True,1.0,1.0,1.0,1.0,1.0,1.0,1.0
33173f63a6ff513d,2021.10.05.08.11.15_veh-50_00437_00585,frozen_visual_sft,True,1.0,1.0,0.843069670522507,1.0,1.0,1.0,0.9346123627177113
33365d03e762561c,2021.10.11.02.57.41_veh-50_02155_02265,frozen_visual_sft,True,1.0,1.0,0.7063889511031468,1.0,1.0,1.0,0.8776620629596446
3338316c86985d7e,2021.10.11.02.57.41_veh-50_01028_01289,frozen_visual_sft,True,1.0,1.0,0.7028888645946326,1.0,1.0,1.0,0.8762036935810968
334e0e5d1a825334,2021.10.05.07.49.39_veh-52_00770_00905,frozen_visual_sft,True,1.0,1.0,0.7373013382491651,1.0,1.0,1.0,0.8905422242704853
3358ac35f0925be9,2021.06.09.14.50.36_veh-26_02826_02955,frozen_visual_sft,True,1.0,1.0,0.9329566243565359,1.0,1.0,1.0,0.9720652601485567
338daec6bb7a5aa0,2021.06.09.12.51.31_veh-35_01729_02626,frozen_visual_sft,True,1.0,1.0,0.6922052987455306,1.0,1.0,1.0,0.8717522078106378
33ee0a5e0f7950f2,2021.06.09.12.51.31_veh-35_01729_02626,frozen_visual_sft,True,1.0,1.0,0.5672382827031166,1.0,1.0,1.0,0.8196826177929651
344591ad59d7517d,2021.10.05.08.11.15_veh-50_00437_00585,frozen_visual_sft,True,1.0,1.0,0.7783009514772647,1.0,1.0,1.0,0.9076253964488603
346855a3e0115ac3,2021.06.09.20.26.11_veh-35_00970_01216,frozen_visual_sft,True,1.0,1.0,1.0,1.0,1.0,1.0,1.0
346d763777e85cd3,2021.06.09.12.51.31_veh-35_01729_02626,frozen_visual_sft,True,1.0,1.0,0.8375660769471573,1.0,1.0,1.0,0.9323191987279822
34bf46975f2f5276,2021.06.09.17.23.18_veh-38_01598_01750,frozen_visual_sft,True,1.0,1.0,0.8709625320412112,1.0,1.0,1.0,0.9462343883505047
34ccd8a9f6eb525f,2021.07.09.15.53.28_veh-38_00184_02293,frozen_visual_sft,True,1.0,1.0,0.8209563935529687,1.0,1.0,1.0,0.9253984973137369
34d91cf9391650ff,2021.07.09.15.53.28_veh-38_00184_02293,frozen_visual_sft,True,1.0,1.0,1.0,1.0,1.0,1.0,1.0
3540468e063052d2,2021.10.11.02.57.41_veh-50_01028_01289,frozen_visual_sft,True,1.0,1.0,0.7103157981360624,1.0,1.0,1.0,0.8792982492233593
35daae8d6a4a5b90,2021.06.09.14.50.36_veh-26_02826_02955,frozen_visual_sft,True,1.0,1.0,0.9064356904706385,1.0,1.0,1.0,0.9610148710294327
35f9bb7297745ff8,2021.10.11.02.57.41_veh-50_02155_02265,frozen_visual_sft,True,1.0,0.0,0.0,1.0,1.0,1.0,0.0
35fa5b32dd805853,2021.07.09.15.53.28_veh-38_00184_02293,frozen_visual_sft,True,1.0,1.0,0.6731050076227608,1.0,1.0,1.0,0.8637937531761503
3670adfe926f58a0,2021.07.09.15.53.28_veh-38_00184_02293,frozen_visual_sft,True,1.0,1.0,0.6119950130095498,1.0,1.0,1.0,0.8383312554206457
367be156a8a05da3,2021.07.09.15.53.28_veh-38_00184_02293,frozen_visual_sft,True,1.0,1.0,0.942072394608559,1.0,1.0,1.0,0.9758634977535662
36a87f95e5a05e75,2021.06.09.12.06.35_veh-35_01164_01494,frozen_visual_sft,True,1.0,1.0,0.9001343494322487,1.0,1.0,1.0,0.9583893122634369
36a8cfb3a3f05f1d,2021.07.09.15.53.28_veh-38_00184_02293,frozen_visual_sft,True,1.0,1.0,0.6014541217520387,1.0,1.0,1.0,0.8339392173966829
36bae31710bc5917,2021.10.05.07.49.39_veh-52_00770_00905,frozen_visual_sft,True,1.0,1.0,0.6335396944571121,1.0,1.0,1.0,0.8473082060237968
36fd9bb68bca5db1,2021.06.09.17.23.18_veh-38_01598_01750,frozen_visual_sft,True,1.0,1.0,0.8202455501195998,1.0,1.0,1.0,0.9251023125498333
3746d6f474565ca0,2021.06.09.12.06.35_veh-35_01164_01494,frozen_visual_sft,True,1.0,1.0,0.7733908604298253,1.0,1.0,1.0,0.9055795251790939
3756eb6991b05447,2021.07.09.15.53.28_veh-38_00184_02293,frozen_visual_sft,True,1.0,1.0,1.0,1.0,1.0,1.0,1.0
375752a086d35d43,2021.07.09.15.53.28_veh-38_00184_02293,frozen_visual_sft,True,1.0,1.0,0.6841906669133903,1.0,1.0,1.0,0.8684127778805792
3797925f74955b28,2021.10.01.17.52.06_veh-28_01141_01264,frozen_visual_sft,True,1.0,1.0,0.9053771320486056,1.0,1.0,1.0,0.9605738050202524
37a37c6486205360,2021.06.09.14.50.36_veh-26_02826_02955,frozen_visual_sft,True,1.0,1.0,1.0,1.0,1.0,0.0,1.0
37b87186b6bd5777,2021.10.11.02.57.41_veh-50_02155_02265,frozen_visual_sft,True,1.0,1.0,0.7052086923470527,1.0,1.0,1.0,0.8771702884779385
37c824c3fc615763,2021.10.11.02.57.41_veh-50_01028_01289,frozen_visual_sft,True,1.0,1.0,0.8671385362477843,1.0,1.0,1.0,0.9446410567699101
3847daeaf69250c1,2021.10.01.17.52.06_veh-28_01141_01264,frozen_visual_sft,True,1.0,1.0,0.7329518983032004,1.0,1.0,1.0,0.8887299576263334
3898b733bbd9584b,2021.07.09.15.53.28_veh-38_00184_02293,frozen_visual_sft,True,1.0,1.0,1.0,1.0,1.0,1.0,1.0
38b30ef31fcf5fa7,2021.07.09.15.53.28_veh-38_00184_02293,frozen_visual_sft,True,1.0,1.0,0.8449649308262626,1.0,1.0,1.0,0.9354020545109427
38c5e5d2250f5c35,2021.07.09.15.53.28_veh-38_00184_02293,frozen_visual_sft,True,1.0,1.0,0.8099054586348201,1.0,1.0,1.0,0.9207939410978417
38ef1d6a2da75115,2021.10.05.07.49.39_veh-52_00770_00905,frozen_visual_sft,True,1.0,1.0,0.7891505964338502,1.0,1.0,1.0,0.9121460818474376
38fd20139a7c5e3b,2021.07.09.15.53.28_veh-38_00184_02293,frozen_visual_sft,True,1.0,1.0,0.8396391757551488,1.0,1.0,0.0,0.9331829898979787
391be454a99b54ff,2021.07.09.15.53.28_veh-38_00184_02293,frozen_visual_sft,True,1.0,1.0,0.7301518313127068,1.0,1.0,1.0,0.8875632630469612
39940790a4e65d88,2021.07.09.15.53.28_veh-38_00184_02293,frozen_visual_sft,True,1.0,1.0,0.9216159341751964,1.0,1.0,1.0,0.9673399725729985
3998d00b80c55db4,2021.10.11.02.57.41_veh-50_02155_02265,frozen_visual_sft,True,1.0,1.0,0.6840646829378191,1.0,1.0,1.0,0.8683602845574246
39b992f840615959,2021.07.09.15.53.28_veh-38_00184_02293,frozen_visual_sft,True,1.0,1.0,1.0,1.0,1.0,1.0,1.0
39c553550c3a5111,2021.07.09.15.53.28_veh-38_00184_02293,frozen_visual_sft,True,1.0,1.0,0.9038113148202006,1.0,1.0,1.0,0.9599213811750836
3a5d0b9a8778529e,2021.10.11.02.57.41_veh-50_01028_01289,frozen_visual_sft,True,1.0,1.0,1.0,1.0,1.0,1.0,1.0
3a95ca3177bc57f0,2021.10.11.02.57.41_veh-50_02155_02265,frozen_visual_sft,True,1.0,1.0,0.756573198754461,1.0,1.0,1.0,0.8985721661476921
3b4b55afcacf553e,2021.06.09.20.26.11_veh-35_00970_01216,frozen_visual_sft,True,1.0,1.0,0.7770879392852422,1.0,1.0,1.0,0.9071199747021842
3b6f237e05365dcf,2021.06.09.12.51.31_veh-35_01729_02626,frozen_visual_sft,True,1.0,1.0,1.0,1.0,1.0,1.0,1.0
3bcde9ce94de5b6a,2021.10.11.02.57.41_veh-50_01028_01289,frozen_visual_sft,True,1.0,1.0,0.6848886358188663,1.0,1.0,1.0,0.868703598257861
3c0e5824b0785582,2021.06.09.12.06.35_veh-35_01164_01494,frozen_visual_sft,True,1.0,1.0,1.0,1.0,1.0,1.0,1.0
3c34952a5b2a549e,2021.06.09.14.50.36_veh-26_02826_02955,frozen_visual_sft,True,1.0,1.0,1.0,1.0,1.0,1.0,1.0
3c6c773db2f558e5,2021.06.09.12.06.35_veh-35_01164_01494,frozen_visual_sft,True,1.0,1.0,0.8030170224097875,1.0,1.0,1.0,0.9179237593374113
3c7e47f60864523a,2021.10.01.17.52.06_veh-28_01141_01264,frozen_visual_sft,True,1.0,1.0,0.85965047666727,1.0,1.0,1.0,0.9415210319446959
3cabdd7617765132,2021.07.09.15.53.28_veh-38_00184_02293,frozen_visual_sft,True,1.0,1.0,0.9092294931710663,1.0,1.0,1.0,0.9621789554879442
3d18f6f0700f5a7b,2021.10.05.07.49.39_veh-52_00770_00905,frozen_visual_sft,True,1.0,1.0,1.0,1.0,1.0,1.0,1.0
3d1c606df74c5140,2021.07.09.15.53.28_veh-38_00184_02293,frozen_visual_sft,True,1.0,1.0,1.0,1.0,1.0,1.0,1.0
3d2dfc0d66f65d40,2021.07.09.15.53.28_veh-38_00184_02293,frozen_visual_sft,True,1.0,1.0,1.0,1.0,1.0,1.0,1.0
3d62676b9d685b3a,2021.06.09.20.26.11_veh-35_00970_01216,frozen_visual_sft,True,1.0,1.0,1.0,1.0,1.0,1.0,1.0
3d6d3d1bfafd5c87,2021.07.09.20.26.06_veh-35_02793_03289,frozen_visual_sft,True,1.0,1.0,1.0,1.0,1.0,1.0,1.0
3d9a843bb43355c8,2021.07.09.15.53.28_veh-38_00184_02293,frozen_visual_sft,True,1.0,1.0,1.0,1.0,1.0,1.0,1.0
3dd3b152b6a95c84,2021.10.11.02.57.41_veh-50_01028_01289,frozen_visual_sft,True,1.0,1.0,0.8712462103234079,1.0,1.0,1.0,0.9463525876347534
3de980a9cef75550,2021.10.01.17.52.06_veh-28_01141_01264,frozen_visual_sft,True,1.0,1.0,0.907598166754956,1.0,1.0,1.0,0.9614992361478983
3dee1555ce6f55fb,2021.07.09.15.53.28_veh-38_00184_02293,frozen_visual_sft,True,1.0,1.0,0.9161316827446588,1.0,1.0,1.0,0.9650548678102746
3df10ba27fc150ed,2021.07.09.15.53.28_veh-38_00184_02293,frozen_visual_sft,True,1.0,1.0,1.0,1.0,1.0,1.0,1.0
3df6bd69748e51ec,2021.10.11.02.57.41_veh-50_01028_01289,frozen_visual_sft,True,1.0,1.0,0.6178516192783877,1.0,1.0,1.0,0.8407715080326615
3e0257f56dbc5db0,2021.07.09.15.53.28_veh-38_00184_02293,frozen_visual_sft,True,1.0,1.0,1.0,1.0,1.0,1.0,1.0
3e34460024d45739,2021.07.09.15.53.28_veh-38_00184_02293,frozen_visual_sft,True,1.0,1.0,0.9379681532556721,1.0,1.0,1.0,0.9741533971898634
3e36bef4c12f5be7,2021.10.05.08.11.15_veh-50_00437_00585,frozen_visual_sft,True,1.0,1.0,0.6920510772891811,1.0,1.0,1.0,0.8716879488704921
3e80032635bb59d8,2021.07.09.20.26.06_veh-35_02793_03289,frozen_visual_sft,True,1.0,1.0,1.0,1.0,1.0,1.0,1.0
3e9b3b4c0fa85ceb,2021.07.09.15.53.28_veh-38_00184_02293,frozen_visual_sft,True,1.0,1.0,0.9124887950474083,1.0,1.0,1.0,0.9635369979364201
3e9c4cca896a53f7,2021.06.09.12.51.31_veh-35_01729_02626,frozen_visual_sft,True,1.0,1.0,1.0,1.0,1.0,1.0,1.0
3ea3416c97095653,2021.07.09.15.53.28_veh-38_00184_02293,frozen_visual_sft,True,1.0,1.0,1.0,1.0,1.0,1.0,1.0
3eca216626d256b3,2021.07.09.15.53.28_veh-38_00184_02293,frozen_visual_sft,True,1.0,1.0,1.0,1.0,1.0,1.0,1.0
3f037c2e281b5c8c,2021.06.09.20.26.11_veh-35_00970_01216,frozen_visual_sft,True,1.0,1.0,0.8426344272573342,1.0,1.0,1.0,0.9344310113572226
3f19c7116880578a,2021.07.09.15.53.28_veh-38_00184_02293,frozen_visual_sft,True,1.0,1.0,1.0,1.0,1.0,1.0,1.0
3f1b608fff335993,2021.07.09.20.26.06_veh-35_02793_03289,frozen_visual_sft,True,1.0,1.0,1.0,1.0,1.0,1.0,1.0
3f27444710fd5dfc,2021.08.31.11.47.30_veh-40_00919_01000,frozen_visual_sft,True,1.0,1.0,0.8078291443165613,1.0,1.0,1.0,0.9199288101319004
3f4ac4bbbdc05fba,2021.06.09.12.51.31_veh-35_01729_02626,frozen_visual_sft,True,1.0,1.0,0.8616019600210874,1.0,1.0,1.0,0.9423341500087864
3f69fae28f2b5905,2021.06.09.12.06.35_veh-35_01164_01494,frozen_visual_sft,True,1.0,1.0,0.9892766571653924,1.0,1.0,1.0,0.9955319404855801
3f83ff89a0b8508a,2021.06.09.12.06.35_veh-35_01164_01494,frozen_visual_sft,True,1.0,1.0,0.9171209487339888,1.0,1.0,1.0,0.9654670619724953
3f84de43587e5aef,2021.06.09.12.51.31_veh-35_01729_02626,frozen_visual_sft,True,1.0,1.0,0.7737886590362579,1.0,1.0,1.0,0.9057452745984408
3f89da0001805a55,2021.10.11.02.57.41_veh-50_02155_02265,frozen_visual_sft,True,1.0,1.0,0.5938548136082732,1.0,1.0,1.0,0.8307728390034471
3fa2f81cff025162,2021.06.23.17.31.36_veh-16_00016_00377,frozen_visual_sft,True,1.0,1.0,0.9405473596040587,1.0,1.0,1.0,0.9752280665016911
3fdaab2718695484,2021.06.09.12.06.35_veh-35_01164_01494,frozen_visual_sft,True,1.0,1.0,0.8191536166151574,1.0,1.0,1.0,0.9246473402563155
3fdb06fa757c5bc4,2021.07.09.15.53.28_veh-38_00184_02293,frozen_visual_sft,True,1.0,1.0,1.0,1.0,1.0,1.0,1.0
3ff65804fed251f6,2021.10.11.02.57.41_veh-50_02155_02265,frozen_visual_sft,True,1.0,1.0,0.6861822162986654,1.0,1.0,1.0,0.8692425901244439
400ad97140e45645,2021.10.11.02.57.41_veh-50_02155_02265,frozen_visual_sft,True,1.0,0.0,0.0,1.0,1.0,1.0,0.0
403a5dbfac5e5dc0,2021.07.09.15.53.28_veh-38_00184_02293,frozen_visual_sft,True,1.0,1.0,0.8957565655466783,1.0,1.0,1.0,0.9565652356444492
404cf17b53805018,2021.06.23.17.31.36_veh-16_00016_00377,frozen_visual_sft,True,1.0,1.0,0.5949052497815122,1.0,1.0,1.0,0.8312105207422967
405732349b21524a,2021.06.23.17.31.36_veh-16_00016_00377,frozen_visual_sft,True,1.0,1.0,1.0,1.0,1.0,1.0,1.0
40d427a5bcb95ad2,2021.10.05.08.11.15_veh-50_00437_00585,frozen_visual_sft,True,1.0,1.0,0.8025448895775303,1.0,1.0,1.0,0.9177270373239711
40f9eae0b93e5fa4,2021.07.09.15.53.28_veh-38_00184_02293,frozen_visual_sft,True,1.0,1.0,0.7793962595179871,1.0,1.0,1.0,0.9080817747991613
411704ad095950e8,2021.10.11.02.57.41_veh-50_01028_01289,frozen_visual_sft,True,1.0,1.0,0.6516116073657408,1.0,1.0,1.0,0.8548381697357254
411aeffde8b7585c,2021.07.09.20.26.06_veh-35_02793_03289,frozen_visual_sft,True,1.0,1.0,0.6191149794178441,1.0,1.0,1.0,0.8412979080907684
4153f9fad2735b7d,2021.07.09.20.26.06_veh-35_02793_03289,frozen_visual_sft,True,1.0,1.0,0.6981138172555196,1.0,1.0,1.0,0.8742140905231331
41c88af990a15d28,2021.07.09.15.53.28_veh-38_00184_02293,frozen_visual_sft,True,1.0,1.0,0.9247006903890584,1.0,1.0,1.0,0.9686252876621078
41c8ecae08035b9f,2021.06.09.12.51.31_veh-35_01729_02626,frozen_visual_sft,True,1.0,1.0,0.7418145924312843,1.0,1.0,1.0,0.8924227468463685
4209beddef055db5,2021.10.11.02.57.41_veh-50_02155_02265,frozen_visual_sft,True,1.0,1.0,0.7588910112074937,1.0,1.0,1.0,0.8995379213364557
426ed461133659f6,2021.07.09.15.53.28_veh-38_00184_02293,frozen_visual_sft,True,1.0,1.0,1.0,1.0,1.0,1.0,1.0
42ba979bc4555510,2021.06.09.12.06.35_veh-35_01164_01494,frozen_visual_sft,True,1.0,1.0,0.9703796263456999,1.0,1.0,1.0,0.9876581776440417
430bf2218f6454aa,2021.06.09.12.51.31_veh-35_01729_02626,frozen_visual_sft,True,1.0,1.0,0.554454895613667,1.0,1.0,1.0,0.8143562065056945
430e3153311b5792,2021.07.09.15.53.28_veh-38_00184_02293,frozen_visual_sft,True,1.0,1.0,1.0,1.0,1.0,1.0,1.0
43344715c88b50bc,2021.10.05.07.49.39_veh-52_00770_00905,frozen_visual_sft,True,1.0,1.0,0.716849710520856,1.0,1.0,1.0,0.8820207127170233
433f5b72f4465952,2021.06.09.12.06.35_veh-35_01164_01494,frozen_visual_sft,True,1.0,1.0,0.8683246949148438,1.0,1.0,1.0,0.9451352895478515
43780b9368175ad1,2021.07.09.15.53.28_veh-38_00184_02293,frozen_visual_sft,True,1.0,1.0,1.0,1.0,1.0,0.5,1.0
43a10e21990254ae,2021.06.09.20.26.11_veh-35_00970_01216,frozen_visual_sft,True,1.0,1.0,0.8610149835097453,1.0,1.0,1.0,0.9420895764623939
43ab1fa546f15565,2021.07.09.20.26.06_veh-35_02793_03289,frozen_visual_sft,True,1.0,1.0,0.8072527265763024,1.0,1.0,1.0,0.9196886360734594
43e443ef433256ae,2021.06.09.14.50.36_veh-26_02826_02955,frozen_visual_sft,True,1.0,1.0,0.7697524723593425,1.0,1.0,1.0,0.9040635301497261
4447336863e85fee,2021.10.11.02.57.41_veh-50_02155_02265,frozen_visual_sft,True,1.0,1.0,0.7549485439348848,1.0,1.0,1.0,0.8978952266395354
44ff523a46c05629,2021.10.05.07.49.39_veh-52_00770_00905,frozen_visual_sft,True,1.0,1.0,0.7074091970975057,1.0,1.0,1.0,0.878087165457294
45024816c0275064,2021.10.05.07.49.39_veh-52_00770_00905,frozen_visual_sft,True,1.0,1.0,0.6891368851802957,1.0,1.0,1.0,0.8704737021584567
450824ec3ef35679,2021.07.09.15.53.28_veh-38_00184_02293,frozen_visual_sft,True,1.0,1.0,0.7706164854109674,1.0,1.0,1.0,0.904423535587903
450f27a1f39652ec,2021.07.09.20.26.06_veh-35_02793_03289,frozen_visual_sft,True,1.0,1.0,0.8491338117539795,1.0,1.0,1.0,0.9371390882308249
451111f6221956c4,2021.06.09.17.23.18_veh-38_01598_01750,frozen_visual_sft,True,1.0,1.0,1.0,1.0,1.0,1.0,1.0
45141a99f80a5ca4,2021.10.11.02.57.41_veh-50_02155_02265,frozen_visual_sft,True,1.0,1.0,0.6947976110643368,1.0,1.0,1.0,0.8728323379434736
451778af83945a84,2021.07.09.15.53.28_veh-38_00184_02293,frozen_visual_sft,True,1.0,1.0,1.0,1.0,1.0,1.0,1.0
4531dcdda8b55e7e,2021.07.09.15.53.28_veh-38_00184_02293,frozen_visual_sft,True,1.0,1.0,1.0,1.0,1.0,0.0,1.0
454730f7ec7a53d5,2021.07.09.15.53.28_veh-38_00184_02293,frozen_visual_sft,True,1.0,1.0,0.6154519558748562,1.0,1.0,1.0,0.83977164828119
455a180c084a5fe3,2021.07.09.15.53.28_veh-38_00184_02293,frozen_visual_sft,True,1.0,1.0,1.0,1.0,1.0,1.0,1.0
459f16faaa0e51bf,2021.10.11.02.57.41_veh-50_01028_01289,frozen_visual_sft,True,1.0,1.0,0.6643251288781107,1.0,1.0,1.0,0.8601354703658796
4654d4efac165b55,2021.07.09.15.53.28_veh-38_00184_02293,frozen_visual_sft,True,1.0,1.0,0.9581242608152214,1.0,1.0,1.0,0.9825517753396756
46f4df809f995260,2021.07.09.15.53.28_veh-38_00184_02293,frozen_visual_sft,True,1.0,1.0,1.0,1.0,1.0,1.0,1.0
473469a94bd255b5,2021.06.09.12.06.35_veh-35_01164_01494,frozen_visual_sft,True,1.0,1.0,0.7270531076149002,1.0,1.0,1.0,0.886272128172875
47520165cdf25645,2021.06.09.20.26.11_veh-35_00970_01216,frozen_visual_sft,True,1.0,1.0,0.774001459697316,1.0,1.0,1.0,0.9058339415405484
4761f5676fad5760,2021.07.09.15.53.28_veh-38_00184_02293,frozen_visual_sft,True,1.0,1.0,0.7871586183651776,1.0,1.0,1.0,0.9113160909854906
47758e53165b5478,2021.06.09.12.51.31_veh-35_01729_02626,frozen_visual_sft,True,1.0,1.0,0.7086498343241697,1.0,1.0,1.0,0.8786040976350707
47dd5e581cf559fd,2021.06.09.12.51.31_veh-35_01729_02626,frozen_visual_sft,True,1.0,1.0,0.9400451788498819,1.0,1.0,1.0,0.9750188245207841
4800b224fabb56f2,2021.07.09.15.53.28_veh-38_00184_02293,frozen_visual_sft,True,1.0,1.0,0.7986672001512114,1.0,1.0,1.0,0.916111333396338
486ae50490cf589c,2021.06.09.12.51.31_veh-35_01729_02626,frozen_visual_sft,True,1.0,1.0,0.9948033389932792,1.0,1.0,1.0,0.997834724580533
4876b61c929f5180,2021.10.05.08.11.15_veh-50_00437_00585,frozen_visual_sft,True,1.0,1.0,0.8337976011167669,1.0,1.0,1.0,0.9307490004653195
4878391796105da9,2021.10.05.08.11.15_veh-50_00437_00585,frozen_visual_sft,True,1.0,1.0,0.668521586669396,1.0,1.0,0.5,0.8618839944455816
48e72666aed858f6,2021.07.09.15.53.28_veh-38_00184_02293,frozen_visual_sft,True,1.0,1.0,1.0,1.0,1.0,1.0,1.0
48ed922936d85f0d,2021.07.09.20.26.06_veh-35_02793_03289,frozen_visual_sft,True,1.0,1.0,0.7284866330410597,1.0,1.0,1.0,0.8868694304337749
48fc3189008a5754,2021.08.31.11.47.30_veh-40_00919_01000,frozen_visual_sft,True,1.0,1.0,0.868830584404849,1.0,1.0,1.0,0.9453460768353538
48ff23d4f1d15802,2021.06.09.12.06.35_veh-35_01164_01494,frozen_visual_sft,True,1.0,1.0,0.9383643304032492,1.0,1.0,1.0,0.9743184710013538
490822629fe05bc3,2021.06.09.12.51.31_veh-35_01729_02626,frozen_visual_sft,True,1.0,1.0,0.6793060205735986,1.0,1.0,1.0,0.8663775085723326
490c8875ae7a5f43,2021.06.09.20.26.11_veh-35_00970_01216,frozen_visual_sft,True,1.0,1.0,1.0,1.0,1.0,1.0,1.0
492174f0a0be5e87,2021.07.09.20.26.06_veh-35_02793_03289,frozen_visual_sft,True,1.0,1.0,0.8902949229893585,1.0,1.0,1.0,0.9542895512455661
49593af9450356f9,2021.06.09.20.26.11_veh-35_00970_01216,frozen_visual_sft,True,1.0,1.0,1.0,1.0,1.0,1.0,1.0
49de524392295e5e,2021.07.09.15.53.28_veh-38_00184_02293,frozen_visual_sft,True,1.0,1.0,1.0,1.0,1.0,0.0,1.0
4a0f91eff7365a83,2021.07.09.15.53.28_veh-38_00184_02293,frozen_visual_sft,True,1.0,1.0,0.9452562827186489,1.0,1.0,1.0,0.9771901177994371
4a55e5cc75c55276,2021.06.09.12.51.31_veh-35_01729_02626,frozen_visual_sft,True,1.0,1.0,1.0,1.0,1.0,1.0,1.0
4a823fa4423e526b,2021.06.09.17.23.18_veh-38_01598_01750,frozen_visual_sft,True,1.0,1.0,1.0,1.0,1.0,1.0,1.0
4aa20b4afd5d585e,2021.06.09.12.06.35_veh-35_01164_01494,frozen_visual_sft,True,1.0,1.0,0.7907441610062769,1.0,1.0,1.0,0.9128100670859487
4ab41adbd94856a2,2021.06.09.17.23.18_veh-38_01598_01750,frozen_visual_sft,True,1.0,1.0,0.7899354965682305,1.0,1.0,1.0,0.9124731235700961
4ac26d15063b57c9,2021.06.09.20.26.11_veh-35_00970_01216,frozen_visual_sft,True,1.0,1.0,1.0,1.0,1.0,1.0,1.0
4b012a201ee458a0,2021.07.09.20.26.06_veh-35_02793_03289,frozen_visual_sft,True,1.0,1.0,0.7441197485726053,1.0,1.0,1.0,0.8933832285719189
4b0684256b7c514b,2021.06.09.12.06.35_veh-35_01164_01494,frozen_visual_sft,True,1.0,1.0,0.8820695033294615,1.0,1.0,1.0,0.9508622930539423
4b0db1652aa857f0,2021.06.23.17.31.36_veh-16_00016_00377,frozen_visual_sft,True,1.0,1.0,1.0,1.0,1.0,1.0,1.0
4b20e22658c258a4,2021.06.09.12.51.31_veh-35_01729_02626,frozen_visual_sft,True,1.0,1.0,1.0,1.0,1.0,1.0,1.0
4b5083dbc8205fd4,2021.07.09.15.53.28_veh-38_00184_02293,frozen_visual_sft,True,1.0,1.0,0.9263967825865784,1.0,1.0,1.0,0.9693319927444076
4b66fd3a626b5be8,2021.10.01.17.52.06_veh-28_01141_01264,frozen_visual_sft,True,1.0,1.0,0.97771455355673,1.0,1.0,1.0,0.9907143973153042
4b8081ab8642513d,2021.10.11.02.57.41_veh-50_02155_02265,frozen_visual_sft,True,1.0,1.0,0.6791350587565257,1.0,1.0,1.0,0.8663062744818856
4b9cb144a34f517d,2021.10.05.07.49.39_veh-52_00770_00905,frozen_visual_sft,True,1.0,1.0,0.7071815015517754,1.0,1.0,1.0,0.8779922923132397
4bb5e84b73765d38,2021.06.23.17.31.36_veh-16_00016_00377,frozen_visual_sft,True,1.0,1.0,1.0,1.0,1.0,1.0,1.0
4bc9550363e85b1a,2021.07.09.15.53.28_veh-38_00184_02293,frozen_visual_sft,True,1.0,1.0,1.0,1.0,1.0,1.0,1.0
4c1205c3cd395ed2,2021.06.09.12.51.31_veh-35_01729_02626,frozen_visual_sft,True,1.0,1.0,1.0,1.0,1.0,1.0,1.0
4c2f4189a319584d,2021.10.01.17.52.06_veh-28_01141_01264,frozen_visual_sft,True,1.0,1.0,0.5758340439815082,1.0,1.0,1.0,0.8232641849922951
4c353752376d5c25,2021.06.09.12.06.35_veh-35_01164_01494,frozen_visual_sft,True,1.0,1.0,0.8833522095988358,1.0,1.0,1.0,0.9513967539995148
4c766faa415253e3,2021.06.09.12.51.31_veh-35_01729_02626,frozen_visual_sft,True,1.0,1.0,0.6383428544013336,1.0,1.0,1.0,0.8493095226672223
4c85b529b06d5b94,2021.06.09.12.51.31_veh-35_01729_02626,frozen_visual_sft,True,1.0,1.0,0.6209443035775911,1.0,1.0,1.0,0.842060126490663
4c93ba429cab5645,2021.07.09.15.53.28_veh-38_00184_02293,frozen_visual_sft,True,1.0,1.0,0.9376181769608689,1.0,1.0,1.0,0.9740075737336954
4d0eb0b583f853ff,2021.07.09.15.53.28_veh-38_00184_02293,frozen_visual_sft,True,1.0,1.0,0.7307467992078157,1.0,1.0,1.0,0.88781116633659
4d0efac8ead15d25,2021.06.09.20.26.11_veh-35_00970_01216,frozen_visual_sft,True,1.0,1.0,0.7931206784190713,1.0,1.0,1.0,0.9138002826746131
4d134b35adf65ce9,2021.07.09.15.53.28_veh-38_00184_02293,frozen_visual_sft,True,1.0,1.0,0.920554768784568,1.0,1.0,1.0,0.9668978203269033
4d30b4c498505f32,2021.06.09.12.51.31_veh-35_01729_02626,frozen_visual_sft,True,1.0,1.0,0.8442381480516691,1.0,1.0,1.0,0.9350992283548621
4d3bbcab2f7e5b9c,2021.07.09.15.53.28_veh-38_00184_02293,frozen_visual_sft,True,1.0,1.0,1.0,1.0,1.0,1.0,1.0
4d431311516d5e88,2021.10.01.17.52.06_veh-28_01141_01264,frozen_visual_sft,True,1.0,1.0,0.9437369007793501,1.0,1.0,1.0,0.9765570419913958
4d492375c1705fc3,2021.10.11.02.57.41_veh-50_02155_02265,frozen_visual_sft,True,1.0,1.0,0.6286068376787404,1.0,1.0,1.0,0.8452528490328085
4d4d6e694a7f5712,2021.10.11.02.57.41_veh-50_02155_02265,frozen_visual_sft,True,1.0,1.0,0.6886333482709179,1.0,1.0,1.0,0.8702638951128825
4d540daaddb15826,2021.10.11.02.57.41_veh-50_01028_01289,frozen_visual_sft,True,1.0,1.0,0.8256012160848694,1.0,1.0,1.0,0.9273338400353622
4dc05b556a2657fa,2021.10.05.07.49.39_veh-52_00770_00905,frozen_visual_sft,True,1.0,1.0,0.6883755177656439,1.0,1.0,1.0,0.870156465735685
4dcfadf46bc25e5e,2021.10.05.07.49.39_veh-52_00770_00905,frozen_visual_sft,True,1.0,1.0,0.7717261866750761,1.0,1.0,1.0,0.904885911114615
4e658bb5f80a5664,2021.07.16.22.40.23_veh-38_00204_00360,frozen_visual_sft,True,1.0,1.0,0.7865312282104573,1.0,1.0,1.0,0.9110546784210238
4e6d17912b905e9e,2021.07.09.15.53.28_veh-38_00184_02293,frozen_visual_sft,True,1.0,1.0,0.9618654159215948,1.0,1.0,1.0,0.9841105899673313
4e9c5280dadd5f24,2021.10.05.07.49.39_veh-52_00770_00905,frozen_visual_sft,True,1.0,1.0,0.8335875722947863,1.0,1.0,1.0,0.9306614884561609
4f02764ce23c5c1d,2021.10.11.02.57.41_veh-50_01028_01289,frozen_visual_sft,True,1.0,1.0,1.0,1.0,1.0,1.0,1.0
4f1bb67e8f4356a0,2021.07.09.15.53.28_veh-38_00184_02293,frozen_visual_sft,True,1.0,1.0,0.9414519859778189,1.0,1.0,0.0,0.9756049941574245
4f3e703c35e05679,2021.07.09.20.26.06_veh-35_02793_03289,frozen_visual_sft,True,1.0,1.0,1.0,1.0,1.0,1.0,1.0
4f54af46fbf95346,2021.06.09.12.51.31_veh-35_01729_02626,frozen_visual_sft,True,1.0,1.0,1.0,1.0,1.0,1.0,1.0
4f733785b3b35f8a,2021.07.09.15.53.28_veh-38_00184_02293,frozen_visual_sft,True,1.0,1.0,0.545260048292301,1.0,1.0,1.0,0.8105250201217921
4f8295d76d505277,2021.07.09.15.53.28_veh-38_00184_02293,frozen_visual_sft,True,1.0,1.0,0.7538987589867642,1.0,1.0,1.0,0.8974578162444851
4f9307fe01455d95,2021.07.09.15.53.28_veh-38_00184_02293,frozen_visual_sft,True,1.0,1.0,0.5946086400341593,1.0,1.0,1.0,0.8310869333475663
4f9e9b2e8e77599c,2021.06.23.17.31.36_veh-16_00016_00377,frozen_visual_sft,True,1.0,1.0,1.0,1.0,1.0,1.0,1.0
4fa81c07c7d75515,2021.07.09.15.53.28_veh-38_00184_02293,frozen_visual_sft,True,1.0,1.0,1.0,1.0,1.0,1.0,1.0
4fcd13a2adeb5406,2021.06.09.12.51.31_veh-35_01729_02626,frozen_visual_sft,True,1.0,1.0,0.9671022559185023,1.0,1.0,1.0,0.9862926066327092
4fd253304da7581e,2021.10.05.07.49.39_veh-52_00770_00905,frozen_visual_sft,True,1.0,1.0,0.7789526170419346,1.0,1.0,1.0,0.9078969237674728
4fe2c5e04d795883,2021.10.11.02.57.41_veh-50_01028_01289,frozen_visual_sft,True,1.0,1.0,0.7030768610688009,1.0,1.0,1.0,0.8762820254453336
4ff0a2b15a835463,2021.10.11.02.57.41_veh-50_01028_01289,frozen_visual_sft,True,1.0,1.0,0.6254466885595918,1.0,1.0,1.0,0.8439361202331632
4ffe9e73ad0f5c34,2021.06.09.12.51.31_veh-35_01729_02626,frozen_visual_sft,True,1.0,1.0,0.6380541443502018,1.0,1.0,1.0,0.8491892268125841
5007e9f5013b5580,2021.08.31.14.01.15_veh-40_01576_01714,frozen_visual_sft,True,1.0,1.0,0.8200535083814455,1.0,1.0,1.0,0.9250222951589356
505332fa85dc5953,2021.07.09.15.53.28_veh-38_00184_02293,frozen_visual_sft,True,1.0,1.0,1.0,1.0,1.0,1.0,1.0
50a4d68137ac5d01,2021.07.09.15.53.28_veh-38_00184_02293,frozen_visual_sft,True,1.0,1.0,1.0,1.0,1.0,1.0,1.0
50b0ab9dfc405cae,2021.06.09.12.06.35_veh-35_01164_01494,frozen_visual_sft,True,1.0,1.0,0.7905886387944171,1.0,1.0,1.0,0.9127452661643405
50d1a9ffaa2c54a4,2021.07.09.20.26.06_veh-35_02793_03289,frozen_visual_sft,True,1.0,1.0,1.0,1.0,1.0,1.0,1.0
50de3d17be6c5ced,2021.07.09.20.26.06_veh-35_02793_03289,frozen_visual_sft,True,1.0,1.0,0.9533677222920018,1.0,1.0,1.0,0.9805698842883341
50ecb53bbcdd5c19,2021.06.09.12.51.31_veh-35_01729_02626,frozen_visual_sft,True,1.0,1.0,0.7467099696577885,1.0,1.0,1.0,0.8944624873574117
512f45f4f0ab5a1b,2021.07.09.15.53.28_veh-38_00184_02293,frozen_visual_sft,True,1.0,1.0,1.0,1.0,1.0,1.0,1.0
515b07ed8b6a5e82,2021.06.23.17.31.36_veh-16_00016_00377,frozen_visual_sft,True,1.0,1.0,1.0,1.0,1.0,1.0,1.0
51649a3ccd735dff,2021.06.09.12.51.31_veh-35_01729_02626,frozen_visual_sft,True,1.0,1.0,0.9529567159919673,1.0,1.0,1.0,0.9803986316633196
5185fdb2837d502b,2021.07.09.15.53.28_veh-38_00184_02293,frozen_visual_sft,True,1.0,1.0,0.9155600298025433,1.0,1.0,1.0,0.9648166790843931
51bfd099a0795409,2021.08.31.11.47.30_veh-40_00919_01000,frozen_visual_sft,True,1.0,1.0,0.8329281373086245,1.0,1.0,1.0,0.9303867238785936
51dc80968c9c5e08,2021.10.05.08.11.15_veh-50_00437_00585,frozen_visual_sft,True,1.0,1.0,0.7265247824197932,1.0,1.0,1.0,0.8860519926749139
51f7835e4ba057be,2021.10.01.17.52.06_veh-28_01141_01264,frozen_visual_sft,True,1.0,1.0,0.7978728088965011,1.0,1.0,1.0,0.9157803370402089
5224265091a55a68,2021.10.05.07.49.39_veh-52_00770_00905,frozen_visual_sft,True,1.0,1.0,0.9422794923644956,1.0,1.0,1.0,0.9759497884852065
5224833f970051df,2021.06.09.12.51.31_veh-35_01729_02626,frozen_visual_sft,True,1.0,1.0,0.7084398620111573,1.0,1.0,1.0,0.8785166091713155
522fca1441c455a1,2021.06.09.12.51.31_veh-35_01729_02626,frozen_visual_sft,True,1.0,1.0,1.0,1.0,1.0,1.0,1.0
5238b46a3bea52ce,2021.06.09.17.23.18_veh-38_01598_01750,frozen_visual_sft,True,1.0,1.0,1.0,1.0,1.0,1.0,1.0
5280d017318c5f4f,2021.07.09.15.53.28_veh-38_00184_02293,frozen_visual_sft,True,1.0,1.0,1.0,1.0,1.0,1.0,1.0
52c34d4f01925f11,2021.10.11.02.57.41_veh-50_02155_02265,frozen_visual_sft,True,1.0,1.0,0.6688873474075572,1.0,1.0,1.0,0.8620363947531487
52d9b7c0daa5529a,2021.07.09.20.26.06_veh-35_02793_03289,frozen_visual_sft,True,1.0,1.0,1.0,1.0,1.0,1.0,1.0
5328c67f17ae5e3e,2021.07.09.15.53.28_veh-38_00184_02293,frozen_visual_sft,True,1.0,1.0,0.8535490745729406,1.0,1.0,1.0,0.9389787810720586
537866cb077d586d,2021.07.09.15.53.28_veh-38_00184_02293,frozen_visual_sft,True,1.0,1.0,1.0,1.0,1.0,1.0,1.0
5385779df4685a12,2021.06.09.14.50.36_veh-26_02826_02955,frozen_visual_sft,True,1.0,1.0,1.0,1.0,1.0,1.0,1.0
539393ec03d3569f,2021.10.11.02.57.41_veh-50_01028_01289,frozen_visual_sft,True,1.0,1.0,0.6980886818542851,1.0,1.0,1.0,0.8742036174392854
53947195964b5ddc,2021.07.09.15.53.28_veh-38_00184_02293,frozen_visual_sft,True,1.0,1.0,1.0,1.0,1.0,1.0,1.0
539519a77270528a,2021.07.09.15.53.28_veh-38_00184_02293,frozen_visual_sft,True,1.0,1.0,1.0,1.0,1.0,1.0,1.0
53a2eb4f1d1b5b6e,2021.06.09.12.51.31_veh-35_01729_02626,frozen_visual_sft,True,1.0,1.0,1.0,1.0,1.0,1.0,1.0
53ead5dd09575f56,2021.06.09.17.23.18_veh-38_01598_01750,frozen_visual_sft,True,1.0,1.0,0.8870365289081139,1.0,1.0,1.0,0.9529318870450475
53fbf0500ccf5c81,2021.10.11.02.57.41_veh-50_01028_01289,frozen_visual_sft,True,1.0,1.0,1.0,1.0,1.0,1.0,1.0
53fc4d372fa5530d,2021.06.09.12.51.31_veh-35_01729_02626,frozen_visual_sft,True,1.0,1.0,1.0,1.0,1.0,1.0,1.0
54631ddbf6855a9a,2021.07.09.15.53.28_veh-38_00184_02293,frozen_visual_sft,True,1.0,1.0,1.0,1.0,1.0,1.0,1.0
547b22ed67af5503,2021.06.23.17.31.36_veh-16_00016_00377,frozen_visual_sft,True,1.0,1.0,0.6481465319564816,1.0,1.0,1.0,0.8533943883152006
54cabf997c2e54ec,2021.07.09.15.53.28_veh-38_00184_02293,frozen_visual_sft,True,1.0,1.0,0.8852914484559518,1.0,1.0,1.0,0.95220477018998
54d3068f889b58ee,2021.07.09.20.26.06_veh-35_02793_03289,frozen_visual_sft,True,1.0,1.0,0.7155139177857086,1.0,1.0,1.0,0.881464132410712
54ea093eed9f5c7f,2021.06.09.12.06.35_veh-35_01164_01494,frozen_visual_sft,True,1.0,1.0,0.8431222942091608,1.0,1.0,1.0,0.934634289253817
550c71438a10581d,2021.07.09.15.53.28_veh-38_00184_02293,frozen_visual_sft,True,1.0,1.0,1.0,1.0,1.0,1.0,1.0
551a93bd32f95ef1,2021.10.11.02.57.41_veh-50_02155_02265,frozen_visual_sft,True,1.0,1.0,0.7290020461987895,1.0,1.0,1.0,0.8870841859161622
55934aa7214d511e,2021.07.09.20.26.06_veh-35_02793_03289,frozen_visual_sft,True,1.0,1.0,0.7737886275646861,1.0,1.0,1.0,0.9057452614852859
559a7a5262b355c3,2021.10.11.02.57.41_veh-50_02155_02265,frozen_visual_sft,True,1.0,1.0,0.7053721650612411,1.0,1.0,1.0,0.8772384021088504
55a358158723559c,2021.07.09.15.53.28_veh-38_00184_02293,frozen_visual_sft,True,1.0,1.0,1.0,1.0,1.0,1.0,1.0
55bf0e4266ce5eee,2021.06.09.12.51.31_veh-35_01729_02626,frozen_visual_sft,True,1.0,1.0,0.7680327142337686,1.0,1.0,1.0,0.9033469642640704
55c60c81e14e5d94,2021.07.09.15.53.28_veh-38_00184_02293,frozen_visual_sft,True,1.0,1.0,1.0,1.0,1.0,1.0,1.0
55d627edf1c05c6c,2021.06.09.12.06.35_veh-35_01164_01494,frozen_visual_sft,True,1.0,1.0,1.0,1.0,1.0,1.0,1.0
55d8e5c3dd4657d5,2021.10.11.02.57.41_veh-50_01028_01289,frozen_visual_sft,True,1.0,1.0,0.7156650397613769,1.0,1.0,1.0,0.8815270999005737
56197cc9035d51a9,2021.07.09.20.26.06_veh-35_02793_03289,frozen_visual_sft,True,1.0,1.0,0.9009821105762782,1.0,1.0,1.0,0.9587425460734492
562fcb37e4e05697,2021.07.09.15.53.28_veh-38_00184_02293,frozen_visual_sft,True,1.0,1.0,1.0,1.0,1.0,1.0,1.0
5648007488815d22,2021.07.09.15.53.28_veh-38_00184_02293,frozen_visual_sft,True,1.0,1.0,1.0,1.0,1.0,1.0,1.0
566e8d71b2da589a,2021.10.05.07.49.39_veh-52_00770_00905,frozen_visual_sft,True,1.0,1.0,1.0,1.0,1.0,1.0,1.0
5689b5417b1b59fa,2021.10.11.02.57.41_veh-50_01028_01289,frozen_visual_sft,True,1.0,1.0,0.7098965082134536,1.0,1.0,1.0,0.8791235450889391
56910770f2c1527a,2021.07.09.20.26.06_veh-35_02793_03289,frozen_visual_sft,True,1.0,1.0,1.0,1.0,1.0,1.0,1.0
56951c953e93531f,2021.07.09.15.53.28_veh-38_00184_02293,frozen_visual_sft,True,1.0,1.0,0.8749422166000358,1.0,1.0,1.0,0.9478925902500149
56955c6aafab5e58,2021.07.09.15.53.28_veh-38_00184_02293,frozen_visual_sft,True,1.0,1.0,0.8004042588362692,1.0,1.0,1.0,0.9168351078484456
56c1c01423045c64,2021.07.09.20.26.06_veh-35_02793_03289,frozen_visual_sft,True,1.0,1.0,1.0,1.0,1.0,1.0,1.0
56cbb46576da5737,2021.06.09.20.26.11_veh-35_00970_01216,frozen_visual_sft,True,1.0,1.0,0.8081406720783354,1.0,1.0,1.0,0.9200586133659732
5727f0aed1fa5000,2021.07.09.15.53.28_veh-38_00184_02293,frozen_visual_sft,True,1.0,1.0,1.0,1.0,1.0,1.0,1.0
572befcf57675103,2021.07.09.15.53.28_veh-38_00184_02293,frozen_visual_sft,True,1.0,1.0,0.9371775675623557,1.0,1.0,1.0,0.9738239864843149
577dd51dad5c513c,2021.07.09.15.53.28_veh-38_00184_02293,frozen_visual_sft,True,1.0,1.0,1.0,1.0,1.0,1.0,1.0
57e56c60ae355a07,2021.06.23.17.31.36_veh-16_00016_00377,frozen_visual_sft,True,1.0,1.0,0.7050163426374689,1.0,1.0,1.0,0.877090142765612
57ee8b6bcf335177,2021.08.31.14.01.15_veh-40_01576_01714,frozen_visual_sft,True,1.0,1.0,1.0,1.0,1.0,1.0,1.0
57f67c6a726a5dd2,2021.10.11.02.57.41_veh-50_02155_02265,frozen_visual_sft,True,1.0,1.0,0.5614274217606928,1.0,1.0,1.0,0.8172614257336219
5827e60e48d756b4,2021.06.09.17.23.18_veh-38_01598_01750,frozen_visual_sft,True,1.0,1.0,0.813977960348019,1.0,1.0,1.0,0.9224908168116746
583d770feb1f50e6,2021.07.09.15.53.28_veh-38_00184_02293,frozen_visual_sft,True,1.0,1.0,1.0,1.0,1.0,1.0,1.0
58405a1838c55fce,2021.07.09.15.53.28_veh-38_00184_02293,frozen_visual_sft,True,1.0,1.0,1.0,1.0,1.0,1.0,1.0
58877588439e5ce1,2021.07.09.15.53.28_veh-38_00184_02293,frozen_visual_sft,True,1.0,0.0,0.0,0.0,1.0,1.0,0.0
58be05020c705538,2021.06.09.14.50.36_veh-26_02826_02955,frozen_visual_sft,True,1.0,1.0,1.0,1.0,0.0,1.0,0.8333333333333334
58bfaccfd1865d81,2021.10.11.02.57.41_veh-50_02155_02265,frozen_visual_sft,True,1.0,1.0,0.7614065414985483,1.0,1.0,1.0,0.9005860589577285
58d478dd02905d2e,2021.10.05.07.49.39_veh-52_00770_00905,frozen_visual_sft,True,1.0,1.0,0.7117627617880787,1.0,1.0,1.0,0.8799011507450327
5911aec9fe745d2a,2021.07.09.15.53.28_veh-38_00184_02293,frozen_visual_sft,True,1.0,1.0,0.6372032088945166,1.0,1.0,1.0,0.8488346703727153
592e6aa71cc85423,2021.06.09.12.06.35_veh-35_01164_01494,frozen_visual_sft,True,1.0,1.0,0.867275852924405,1.0,1.0,1.0,0.9446982720518354
594cd290a93f538a,2021.10.05.07.49.39_veh-52_00770_00905,frozen_visual_sft,True,1.0,1.0,0.7647824732431681,1.0,1.0,1.0,0.9019926971846534
5980823125de5b77,2021.06.09.12.06.35_veh-35_01164_01494,frozen_visual_sft,True,1.0,1.0,0.7978297421661376,1.0,1.0,1.0,0.9157623925692239
59a1bb2069d057ed,2021.06.09.12.51.31_veh-35_01729_02626,frozen_visual_sft,True,1.0,1.0,0.5466251490783294,1.0,1.0,1.0,0.8110938121159705
59bfda4a7e5956eb,2021.06.09.12.51.31_veh-35_01729_02626,frozen_visual_sft,True,1.0,1.0,1.0,1.0,1.0,1.0,1.0
59c510d3bccd5105,2021.07.09.15.53.28_veh-38_00184_02293,frozen_visual_sft,True,1.0,1.0,0.874155183404593,1.0,1.0,1.0,0.9475646597519137
59cd72291d1b5c61,2021.06.09.12.06.35_veh-35_01164_01494,frozen_visual_sft,True,1.0,1.0,0.92536129366556,1.0,1.0,1.0,0.9689005390273167
5a0d659cee41562b,2021.07.09.15.53.28_veh-38_00184_02293,frozen_visual_sft,True,1.0,1.0,1.0,1.0,1.0,1.0,1.0
5a4abee0269d5262,2021.06.09.12.51.31_veh-35_01729_02626,frozen_visual_sft,True,1.0,1.0,0.84902184602672,1.0,1.0,1.0,0.9370924358444667
5a8f0cf120495354,2021.06.23.17.31.36_veh-16_00016_00377,frozen_visual_sft,True,1.0,1.0,1.0,1.0,1.0,1.0,1.0
5a9dd500d2f15c87,2021.07.16.22.40.23_veh-38_00204_00360,frozen_visual_sft,True,1.0,1.0,0.918141837670423,1.0,1.0,1.0,0.9658924323626762
5ab86590974953e9,2021.06.09.20.26.11_veh-35_00970_01216,frozen_visual_sft,True,1.0,1.0,0.9285325980384551,1.0,1.0,1.0,0.9702219158493562
5ad9e7defd1150e4,2021.10.05.08.11.15_veh-50_00437_00585,frozen_visual_sft,True,1.0,1.0,0.7542566150898672,1.0,1.0,1.0,0.8976069229541114
5afc918b7a185eaa,2021.07.09.15.53.28_veh-38_00184_02293,frozen_visual_sft,True,1.0,1.0,1.0,1.0,1.0,1.0,1.0
5b03bd8400375f7e,2021.08.31.14.01.15_veh-40_01576_01714,frozen_visual_sft,True,1.0,1.0,0.9270874400861444,1.0,1.0,1.0,0.9696197667025602
5b1c2e8998585889,2021.07.09.15.53.28_veh-38_00184_02293,frozen_visual_sft,True,1.0,1.0,0.7009895658196106,1.0,1.0,1.0,0.8754123190915045
5b1c7c1d71e85bd9,2021.06.09.12.06.35_veh-35_01164_01494,frozen_visual_sft,True,1.0,1.0,0.8236945861570479,1.0,1.0,1.0,0.92653941089877
5b31ae74a6235b13,2021.07.09.15.53.28_veh-38_00184_02293,frozen_visual_sft,True,1.0,1.0,0.9315885880527934,1.0,1.0,1.0,0.9714952450219974
5b33f44a53c35e48,2021.07.09.20.26.06_veh-35_02793_03289,frozen_visual_sft,True,1.0,1.0,1.0,1.0,1.0,1.0,1.0
5b7e8c4975ba58ec,2021.07.09.20.26.06_veh-35_02793_03289,frozen_visual_sft,True,1.0,1.0,1.0,1.0,1.0,1.0,1.0
5b8ed32be3d355d2,2021.07.09.15.53.28_veh-38_00184_02293,frozen_visual_sft,True,1.0,1.0,0.9220432070971037,1.0,1.0,1.0,0.9675180029571265
5b9d89b5e90257d8,2021.06.09.12.06.35_veh-35_01164_01494,frozen_visual_sft,True,1.0,1.0,0.9736686279396528,1.0,1.0,1.0,0.9890285949748554
5bb0b67e360f5a85,2021.08.31.11.47.30_veh-40_00919_01000,frozen_visual_sft,True,1.0,1.0,0.8233014673912111,1.0,1.0,1.0,0.9263756114130045
5bbe0b33a6375afe,2021.07.09.15.53.28_veh-38_00184_02293,frozen_visual_sft,True,1.0,1.0,1.0,1.0,1.0,1.0,1.0
5bdbf4af20945e83,2021.07.09.15.53.28_veh-38_00184_02293,frozen_visual_sft,True,1.0,1.0,0.8134599442748285,1.0,1.0,1.0,0.9222749767811785
5be2f48d93925c02,2021.07.09.15.53.28_veh-38_00184_02293,frozen_visual_sft,True,1.0,1.0,0.7691222291294335,1.0,1.0,1.0,0.9038009288039306
5bf6deabdf1355a1,2021.10.11.02.57.41_veh-50_02155_02265,frozen_visual_sft,True,1.0,1.0,0.7695617025800925,1.0,1.0,1.0,0.9039840427417052
5bfc2ed8a9e55b31,2021.10.11.02.57.41_veh-50_01028_01289,frozen_visual_sft,True,1.0,1.0,0.6012821261388709,1.0,1.0,1.0,0.8338675525578628
5c62daecead15772,2021.08.31.14.01.15_veh-40_01576_01714,frozen_visual_sft,True,1.0,1.0,0.90283628887546,1.0,1.0,1.0,0.959515120364775
5d0b6e2c0cad53ce,2021.07.09.15.53.28_veh-38_00184_02293,frozen_visual_sft,True,1.0,1.0,0.6255151234093532,1.0,1.0,1.0,0.8439646347538972
5d2ee5c23b555bac,2021.06.09.12.06.35_veh-35_01164_01494,frozen_visual_sft,True,1.0,1.0,0.9714221455166774,1.0,1.0,1.0,0.9880925606319488
5d5971cc468954e3,2021.08.31.14.01.15_veh-40_01576_01714,frozen_visual_sft,True,1.0,1.0,0.7953177418667188,1.0,1.0,1.0,0.9147157257777995
5d626b0485e65f74,2021.10.11.02.57.41_veh-50_01028_01289,frozen_visual_sft,True,1.0,1.0,0.6515153370249965,1.0,1.0,1.0,0.8547980570937486
5d64663f086f5773,2021.10.05.07.49.39_veh-52_00770_00905,frozen_visual_sft,True,1.0,1.0,1.0,1.0,1.0,1.0,1.0
5d6fd74f1a555e69,2021.06.23.17.31.36_veh-16_00016_00377,frozen_visual_sft,True,1.0,1.0,0.9311219340483841,1.0,1.0,1.0,0.9713008058534934
5d95e24db2fa5ada,2021.07.09.15.53.28_veh-38_00184_02293,frozen_visual_sft,True,1.0,1.0,1.0,1.0,1.0,1.0,1.0
5dc2c6ffad8b5dd5,2021.06.09.12.51.31_veh-35_01729_02626,frozen_visual_sft,True,1.0,1.0,0.6728387971525608,1.0,1.0,1.0,0.8636828321469002
5ded7f2e94075a10,2021.07.16.22.40.23_veh-38_00204_00360,frozen_visual_sft,True,1.0,1.0,1.0,1.0,1.0,1.0,1.0
5e6051742abd5859,2021.06.09.12.51.31_veh-35_01729_02626,frozen_visual_sft,True,1.0,1.0,0.5766652561676575,1.0,1.0,1.0,0.8236105234031906
5eea58c0ed9d5b4d,2021.07.09.15.53.28_veh-38_00184_02293,frozen_visual_sft,True,1.0,1.0,1.0,1.0,1.0,1.0,1.0
5f1d8aea61145907,2021.10.11.02.57.41_veh-50_01028_01289,frozen_visual_sft,True,1.0,1.0,0.651807149700067,1.0,1.0,1.0,0.8549196457083612
5f2e24464be0511a,2021.07.09.15.53.28_veh-38_00184_02293,frozen_visual_sft,True,1.0,1.0,0.9377890258784775,1.0,1.0,1.0,0.974078760782699
5f5d82af40575c3a,2021.07.09.15.53.28_veh-38_00184_02293,frozen_visual_sft,True,1.0,1.0,1.0,1.0,1.0,1.0,1.0
5f6dc8b1b2475507,2021.06.09.17.23.18_veh-38_01598_01750,frozen_visual_sft,True,1.0,1.0,1.0,1.0,1.0,1.0,1.0
5f7dadb16c9858e6,2021.10.11.02.57.41_veh-50_01028_01289,frozen_visual_sft,True,1.0,1.0,0.691301084241934,1.0,1.0,1.0,0.8713754517674724
5f9d781b4e0a5e25,2021.07.09.15.53.28_veh-38_00184_02293,frozen_visual_sft,True,1.0,1.0,1.0,1.0,1.0,1.0,1.0
5fbbd408b7395036,2021.07.09.15.53.28_veh-38_00184_02293,frozen_visual_sft,True,1.0,1.0,1.0,1.0,1.0,1.0,1.0
5fec23f5a5d052cd,2021.06.09.12.06.35_veh-35_01164_01494,frozen_visual_sft,True,1.0,1.0,0.9006919297148128,1.0,1.0,1.0,0.9586216373811721
600b68fede18549b,2021.07.09.20.26.06_veh-35_02793_03289,frozen_visual_sft,True,1.0,1.0,0.9719441369256853,1.0,1.0,1.0,0.9883100570523689
6033b22b61b55675,2021.10.05.07.49.39_veh-52_00770_00905,frozen_visual_sft,True,1.0,1.0,0.6502510022164155,1.0,1.0,1.0,0.8542712509235065
606628cc32715abd,2021.07.09.15.53.28_veh-38_00184_02293,frozen_visual_sft,True,1.0,1.0,1.0,1.0,1.0,1.0,1.0
60966830452a5fdb,2021.07.09.15.53.28_veh-38_00184_02293,frozen_visual_sft,True,1.0,1.0,1.0,1.0,1.0,1.0,1.0
60c8ea16ac0c5d80,2021.07.09.15.53.28_veh-38_00184_02293,frozen_visual_sft,True,1.0,1.0,1.0,1.0,1.0,1.0,1.0
60d83af8e3ec5296,2021.07.09.15.53.28_veh-38_00184_02293,frozen_visual_sft,True,1.0,1.0,0.9948245299729387,1.0,1.0,1.0,0.997843554155391
60d918263c15569b,2021.06.09.12.51.31_veh-35_01729_02626,frozen_visual_sft,True,1.0,1.0,0.5709337462287846,1.0,1.0,1.0,0.8212223942619935
60dbf95d482051e1,2021.06.09.12.51.31_veh-35_01729_02626,frozen_visual_sft,True,1.0,1.0,1.0,1.0,1.0,1.0,1.0
615150631a0d5359,2021.07.09.15.53.28_veh-38_00184_02293,frozen_visual_sft,True,1.0,1.0,0.9126917208158263,1.0,1.0,1.0,0.9636215503399276
6158d35892e55941,2021.10.05.08.11.15_veh-50_00437_00585,frozen_visual_sft,True,1.0,1.0,0.973188561067949,1.0,1.0,1.0,0.9888285671116455
619751e2f7d45698,2021.07.09.20.26.06_veh-35_02793_03289,frozen_visual_sft,True,1.0,1.0,1.0,1.0,1.0,1.0,1.0
619b51912d2b518f,2021.10.11.02.57.41_veh-50_01028_01289,frozen_visual_sft,True,1.0,1.0,0.7101459944261133,1.0,1.0,1.0,0.8792274976775473
61a1cff677ad53ae,2021.07.09.20.26.06_veh-35_02793_03289,frozen_visual_sft,True,1.0,1.0,1.0,1.0,1.0,1.0,1.0
61b475b0e8de50d4,2021.07.09.15.53.28_veh-38_00184_02293,frozen_visual_sft,True,1.0,1.0,0.8437564178336618,1.0,1.0,1.0,0.9348985074306925
61b8de25e8b35665,2021.06.09.17.23.18_veh-38_01598_01750,frozen_visual_sft,True,1.0,1.0,0.5593311707814614,1.0,1.0,1.0,0.816387987825609
61ec98105b6454d1,2021.07.09.15.53.28_veh-38_00184_02293,frozen_visual_sft,True,1.0,1.0,0.5924917201664054,1.0,1.0,1.0,0.830204883402669
6209313b0b66517c,2021.06.23.17.31.36_veh-16_00016_00377,frozen_visual_sft,True,1.0,1.0,0.8323523205182466,1.0,1.0,1.0,0.9301468002159362
62292b644c765f2d,2021.07.09.15.53.28_veh-38_00184_02293,frozen_visual_sft,True,1.0,1.0,0.7586309158281856,1.0,1.0,0.0,0.899429548261744
629a2f2a44f6575d,2021.06.23.17.31.36_veh-16_00016_00377,frozen_visual_sft,True,1.0,1.0,0.6682404221533038,1.0,1.0,1.0,0.8617668425638766
62eeaae653ad58c0,2021.07.09.15.53.28_veh-38_00184_02293,frozen_visual_sft,True,1.0,1.0,1.0,1.0,1.0,1.0,1.0
6312e02de8755c63,2021.10.11.02.57.41_veh-50_01028_01289,frozen_visual_sft,True,1.0,1.0,0.8341017592998613,1.0,1.0,1.0,0.9308757330416088
6320ecb991675a39,2021.10.05.08.11.15_veh-50_00437_00585,frozen_visual_sft,True,1.0,1.0,0.6679411710397898,1.0,1.0,1.0,0.8616421545999123
6339f2317047535d,2021.06.23.17.31.36_veh-16_00016_00377,frozen_visual_sft,True,1.0,1.0,0.793775656580951,1.0,1.0,0.5,0.9140731902420628
633ee0b9bc865394,2021.06.09.12.06.35_veh-35_01164_01494,frozen_visual_sft,True,1.0,1.0,0.7314908028996155,1.0,1.0,1.0,0.8881211678748399
635bb611aa9a56e9,2021.06.09.20.26.11_veh-35_00970_01216,frozen_visual_sft,True,1.0,1.0,0.6668117717557529,1.0,1.0,1.0,0.861171571564897
63747a8878bf5f38,2021.06.09.12.51.31_veh-35_01729_02626,frozen_visual_sft,True,1.0,1.0,0.6039941278859056,1.0,1.0,1.0,0.834997553285794
637e5b6294fb5db8,2021.06.09.12.51.31_veh-35_01729_02626,frozen_visual_sft,True,1.0,1.0,1.0,1.0,1.0,1.0,1.0
63c8f3d715e85c4f,2021.10.05.08.11.15_veh-50_00437_00585,frozen_visual_sft,True,1.0,1.0,0.7426463924942265,1.0,1.0,1.0,0.8927693302059277
63e276d858f35dc0,2021.07.09.15.53.28_veh-38_00184_02293,frozen_visual_sft,True,1.0,1.0,0.9349351063778675,1.0,1.0,1.0,0.9728896276574449
63f9372237ab5b50,2021.10.11.02.57.41_veh-50_01028_01289,frozen_visual_sft,True,1.0,1.0,0.6593084027329338,1.0,1.0,1.0,0.8580451678053892
6440483e348d5f99,2021.07.09.20.26.06_veh-35_02793_03289,frozen_visual_sft,True,1.0,1.0,1.0,1.0,1.0,1.0,1.0
644b320b4ec559de,2021.07.09.15.53.28_veh-38_00184_02293,frozen_visual_sft,True,1.0,1.0,1.0,1.0,1.0,1.0,1.0
64832cd542ba5fbc,2021.07.09.20.26.06_veh-35_02793_03289,frozen_visual_sft,True,1.0,1.0,0.8485902741856888,1.0,1.0,1.0,0.936912614244037
6483af7092d15ada,2021.06.09.12.51.31_veh-35_01729_02626,frozen_visual_sft,True,1.0,1.0,1.0,1.0,1.0,1.0,1.0
649ab25cb5fe57ab,2021.06.09.20.26.11_veh-35_00970_01216,frozen_visual_sft,True,1.0,1.0,0.8328392640458928,1.0,1.0,1.0,0.9303496933524554
64f48caa82ee547c,2021.06.23.17.31.36_veh-16_00016_00377,frozen_visual_sft,True,1.0,1.0,0.824383699859091,1.0,1.0,1.0,0.9268265416079545
6513ddef308f553f,2021.06.23.17.31.36_veh-16_00016_00377,frozen_visual_sft,True,1.0,1.0,1.0,1.0,1.0,1.0,1.0
6524dc3754d95750,2021.07.09.15.53.28_veh-38_00184_02293,frozen_visual_sft,True,1.0,1.0,0.8792093004675939,1.0,1.0,1.0,0.9496705418614976
6563dc1cfa4f5cce,2021.06.09.20.26.11_veh-35_00970_01216,frozen_visual_sft,True,1.0,1.0,0.9150066282162377,1.0,1.0,1.0,0.9645860950900991
65cf5ab5da625c92,2021.07.09.15.53.28_veh-38_00184_02293,frozen_visual_sft,True,1.0,1.0,1.0,1.0,1.0,1.0,1.0
65dfcaf9f5ae5544,2021.07.09.15.53.28_veh-38_00184_02293,frozen_visual_sft,True,1.0,1.0,0.8268720866714406,1.0,1.0,1.0,0.9278633694464337
65eb702f91da53f9,2021.07.09.20.26.06_veh-35_02793_03289,frozen_visual_sft,True,1.0,1.0,1.0,1.0,1.0,1.0,1.0
660a6c8bb9f85c97,2021.06.09.17.23.18_veh-38_01598_01750,frozen_visual_sft,True,1.0,1.0,1.0,1.0,1.0,1.0,1.0
6639e46adc8a5387,2021.07.09.15.53.28_veh-38_00184_02293,frozen_visual_sft,True,1.0,1.0,1.0,1.0,1.0,1.0,1.0
66817c00a54e53f0,2021.06.09.12.51.31_veh-35_01729_02626,frozen_visual_sft,True,1.0,1.0,0.7663091636134663,1.0,1.0,1.0,0.9026288181722776
66d11076d8de59c1,2021.07.09.20.26.06_veh-35_02793_03289,frozen_visual_sft,True,1.0,1.0,0.8401923477129534,1.0,1.0,1.0,0.9334134782137307
66d20874271b558f,2021.08.31.14.01.15_veh-40_01576_01714,frozen_visual_sft,True,1.0,1.0,0.8086283225550415,1.0,1.0,1.0,0.9202618010646005
679848c50acb5b02,2021.06.09.12.06.35_veh-35_01164_01494,frozen_visual_sft,True,1.0,1.0,1.0,1.0,1.0,1.0,1.0
67a4f804ff5556cb,2021.08.31.11.47.30_veh-40_00919_01000,frozen_visual_sft,True,1.0,1.0,0.7867615660687141,1.0,1.0,1.0,0.9111506525286308
67b3098372645d8b,2021.10.11.02.57.41_veh-50_01028_01289,frozen_visual_sft,True,1.0,1.0,0.6024431577321975,1.0,1.0,1.0,0.834351315721749
685b63993c6750d7,2021.07.09.15.53.28_veh-38_00184_02293,frozen_visual_sft,True,1.0,1.0,1.0,1.0,1.0,1.0,1.0
6860494f3bf55348,2021.07.09.20.26.06_veh-35_02793_03289,frozen_visual_sft,True,1.0,1.0,0.8385937312583043,1.0,1.0,1.0,0.9327473880242935
68aeef84783d53ea,2021.07.09.20.26.06_veh-35_02793_03289,frozen_visual_sft,True,1.0,1.0,1.0,1.0,1.0,1.0,1.0
68d4c704a0fc5cb7,2021.07.09.15.53.28_veh-38_00184_02293,frozen_visual_sft,True,1.0,1.0,1.0,1.0,1.0,1.0,1.0
68d60fd55b6b5436,2021.07.09.15.53.28_veh-38_00184_02293,frozen_visual_sft,True,1.0,1.0,0.8115586838969249,1.0,1.0,1.0,0.921482784957052
694febdb81105aa6,2021.06.09.12.06.35_veh-35_01164_01494,frozen_visual_sft,True,1.0,1.0,1.0,1.0,1.0,1.0,1.0
6967bd153dd859aa,2021.07.09.15.53.28_veh-38_00184_02293,frozen_visual_sft,True,1.0,1.0,0.9916608993409628,1.0,1.0,0.0,0.9965253747254011
6985bce9bf3f5165,2021.07.09.15.53.28_veh-38_00184_02293,frozen_visual_sft,True,1.0,1.0,1.0,1.0,1.0,1.0,1.0
69912c13560f5d32,2021.07.09.20.26.06_veh-35_02793_03289,frozen_visual_sft,True,1.0,1.0,1.0,1.0,1.0,1.0,1.0
69942d2c55045583,2021.07.09.15.53.28_veh-38_00184_02293,frozen_visual_sft,True,1.0,1.0,1.0,1.0,1.0,1.0,1.0
69dc5b99e8495527,2021.07.09.15.53.28_veh-38_00184_02293,frozen_visual_sft,True,1.0,1.0,0.9185234211034061,1.0,1.0,1.0,0.9660514254597525
6a0942a7edb6507e,2021.07.16.22.40.23_veh-38_00204_00360,frozen_visual_sft,True,1.0,1.0,1.0,1.0,1.0,1.0,1.0
6a2198d9282c54ea,2021.07.09.20.26.06_veh-35_02793_03289,frozen_visual_sft,True,1.0,1.0,0.8376902839120488,1.0,1.0,1.0,0.9323709516300204
6a2c8800bace516a,2021.07.09.15.53.28_veh-38_00184_02293,frozen_visual_sft,True,1.0,1.0,0.8896434228213194,1.0,1.0,0.0,0.9540180928422165
6a5e2d6a365e51e3,2021.10.05.07.49.39_veh-52_00770_00905,frozen_visual_sft,True,1.0,1.0,1.0,1.0,1.0,1.0,1.0
6a8d143de4885b52,2021.06.09.20.26.11_veh-35_00970_01216,frozen_visual_sft,True,1.0,1.0,0.851818526563864,1.0,1.0,1.0,0.9382577194016101
6a956d4c705d59fa,2021.06.09.12.51.31_veh-35_01729_02626,frozen_visual_sft,True,1.0,1.0,0.8118431981112767,1.0,1.0,1.0,0.9216013325463653
6a9a24d0bacf5229,2021.06.09.12.06.35_veh-35_01164_01494,frozen_visual_sft,True,1.0,1.0,0.747558290052784,1.0,1.0,1.0,0.89481595418866
6a9bb2303a4c5c72,2021.08.31.11.47.30_veh-40_00919_01000,frozen_visual_sft,True,1.0,1.0,0.6941956796356574,1.0,1.0,1.0,0.872581533181524
6aaddfb6748e5902,2021.07.09.15.53.28_veh-38_00184_02293,frozen_visual_sft,True,1.0,1.0,1.0,1.0,1.0,1.0,1.0
6b0342e0299e53b5,2021.07.09.15.53.28_veh-38_00184_02293,frozen_visual_sft,True,1.0,1.0,1.0,1.0,1.0,1.0,1.0
6b0d235a84a556ac,2021.07.09.15.53.28_veh-38_00184_02293,frozen_visual_sft,True,1.0,1.0,0.8353676100002193,1.0,1.0,1.0,0.9314031708334247
6b309e6010535fcc,2021.07.09.20.26.06_veh-35_02793_03289,frozen_visual_sft,True,1.0,1.0,0.9108431510203229,1.0,1.0,1.0,0.9628513129251345
6bb2613a221e5fc8,2021.08.31.11.47.30_veh-40_00919_01000,frozen_visual_sft,True,1.0,1.0,1.0,1.0,1.0,1.0,1.0
6bd9815c03125877,2021.10.11.02.57.41_veh-50_02155_02265,frozen_visual_sft,True,1.0,1.0,0.7207973327710531,1.0,1.0,1.0,0.8836655553212721
6c00f7eb11a35083,2021.10.11.02.57.41_veh-50_02155_02265,frozen_visual_sft,True,1.0,1.0,0.7193381643466793,1.0,1.0,1.0,0.883057568477783
6c14868b34cd5cbf,2021.07.09.15.53.28_veh-38_00184_02293,frozen_visual_sft,True,1.0,1.0,1.0,1.0,1.0,1.0,1.0
6c4e378311d55950,2021.07.09.15.53.28_veh-38_00184_02293,frozen_visual_sft,True,1.0,1.0,0.8934218652203684,1.0,1.0,1.0,0.9555924438418201
6c96474a9c865359,2021.10.05.08.11.15_veh-50_00437_00585,frozen_visual_sft,True,1.0,1.0,0.7114901393516915,1.0,1.0,1.0,0.8797875580632049
6ce1ef9b8d515884,2021.10.11.02.57.41_veh-50_02155_02265,frozen_visual_sft,True,1.0,1.0,0.5547703040250505,1.0,1.0,1.0,0.8144876266771043
6d00b13ae44d54a2,2021.07.09.20.26.06_veh-35_02793_03289,frozen_visual_sft,True,1.0,1.0,1.0,1.0,1.0,1.0,1.0
6d041be110a95545,2021.07.09.15.53.28_veh-38_00184_02293,frozen_visual_sft,True,1.0,1.0,1.0,1.0,1.0,1.0,1.0
6d44fd636c0953ad,2021.07.09.15.53.28_veh-38_00184_02293,frozen_visual_sft,True,1.0,1.0,0.6747756690802084,1.0,1.0,1.0,0.8644898621167535
6d8cdad401125079,2021.07.09.15.53.28_veh-38_00184_02293,frozen_visual_sft,True,1.0,1.0,0.8702854010833677,1.0,1.0,1.0,0.9459522504514032
6d9f1b3847705ce1,2021.07.09.20.26.06_veh-35_02793_03289,frozen_visual_sft,True,1.0,1.0,0.8098585481087673,1.0,1.0,1.0,0.9207743950453198
6da35526f29f550a,2021.07.09.20.26.06_veh-35_02793_03289,frozen_visual_sft,True,1.0,1.0,1.0,1.0,1.0,1.0,1.0
6db0c73631c555b0,2021.07.09.15.53.28_veh-38_00184_02293,frozen_visual_sft,True,1.0,1.0,0.9493239295399838,1.0,1.0,1.0,0.9788849706416599
6dc4975ee9915cb2,2021.07.09.15.53.28_veh-38_00184_02293,frozen_visual_sft,True,1.0,1.0,1.0,1.0,1.0,1.0,1.0
6dee7c049737527b,2021.07.09.15.53.28_veh-38_00184_02293,frozen_visual_sft,True,1.0,1.0,0.7966021578472685,1.0,1.0,1.0,0.9152508991030285
6e2af7ec92495e06,2021.07.09.20.26.06_veh-35_02793_03289,frozen_visual_sft,True,1.0,1.0,0.8355083746682582,1.0,1.0,1.0,0.9314618227784409
6e52df2cd43c5bca,2021.07.09.15.53.28_veh-38_00184_02293,frozen_visual_sft,True,1.0,1.0,1.0,1.0,1.0,1.0,1.0
6e8c5b6b0aaf5f6d,2021.07.09.15.53.28_veh-38_00184_02293,frozen_visual_sft,True,1.0,1.0,1.0,1.0,1.0,1.0,1.0
6ee8095e2d8b599c,2021.06.09.12.06.35_veh-35_01164_01494,frozen_visual_sft,True,1.0,1.0,0.9372335507075232,1.0,1.0,1.0,0.9738473127948014
6ef77d4b725a5cf4,2021.10.05.08.11.15_veh-50_00437_00585,frozen_visual_sft,True,1.0,1.0,0.6146198396377582,1.0,1.0,1.0,0.8394249331823992
6f26763a3a8859a9,2021.06.09.12.51.31_veh-35_01729_02626,frozen_visual_sft,True,1.0,1.0,1.0,1.0,1.0,1.0,1.0
6f2d8e1d48865f32,2021.07.09.15.53.28_veh-38_00184_02293,frozen_visual_sft,True,1.0,1.0,0.7283908657760361,1.0,1.0,1.0,0.8868295274066816
6f4f64fd1b145598,2021.07.09.15.53.28_veh-38_00184_02293,frozen_visual_sft,True,1.0,1.0,0.6233124975987226,1.0,1.0,1.0,0.8430468739994678
6f6d3439591151c0,2021.06.09.12.06.35_veh-35_01164_01494,frozen_visual_sft,True,1.0,1.0,1.0,1.0,1.0,1.0,1.0
6fcb034448195e87,2021.06.09.12.06.35_veh-35_01164_01494,frozen_visual_sft,True,1.0,1.0,0.8717167297954138,1.0,1.0,1.0,0.9465486374147557
6fdf0151dd905608,2021.07.09.15.53.28_veh-38_00184_02293,frozen_visual_sft,True,1.0,1.0,1.0,1.0,1.0,1.0,1.0
6fe8c6e82de65156,2021.07.09.15.53.28_veh-38_00184_02293,frozen_visual_sft,True,1.0,1.0,1.0,1.0,1.0,1.0,1.0
701c62d42cdf5cfa,2021.07.09.15.53.28_veh-38_00184_02293,frozen_visual_sft,True,1.0,1.0,0.6548151691351491,1.0,1.0,1.0,0.8561729871396455
7020151396535655,2021.08.31.14.01.15_veh-40_01576_01714,frozen_visual_sft,True,1.0,1.0,1.0,1.0,1.0,1.0,1.0
703f27b09d325c11,2021.06.09.12.06.35_veh-35_01164_01494,frozen_visual_sft,True,1.0,1.0,0.9229918974262049,1.0,1.0,1.0,0.967913290594252
7081f406cf8352ad,2021.10.05.07.49.39_veh-52_00770_00905,frozen_visual_sft,True,1.0,1.0,0.7678667584336447,1.0,1.0,1.0,0.9032778160140186
70c37dde93f25c64,2021.06.09.12.06.35_veh-35_01164_01494,frozen_visual_sft,True,1.0,1.0,0.909717693176088,1.0,1.0,1.0,0.9623823721567032
710c63523d4d5e05,2021.06.23.17.31.36_veh-16_00016_00377,frozen_visual_sft,True,1.0,1.0,1.0,1.0,1.0,1.0,1.0
71e6ee340d1756fd,2021.06.09.12.51.31_veh-35_01729_02626,frozen_visual_sft,True,1.0,1.0,0.9224243132101004,1.0,1.0,1.0,0.9676767971708752
71e9fdd5d6315495,2021.07.09.20.26.06_veh-35_02793_03289,frozen_visual_sft,True,1.0,1.0,1.0,1.0,1.0,1.0,1.0
7221a77c5d955445,2021.07.09.15.53.28_veh-38_00184_02293,frozen_visual_sft,True,1.0,1.0,1.0,1.0,1.0,1.0,1.0
723350e0feb75963,2021.07.09.15.53.28_veh-38_00184_02293,frozen_visual_sft,True,1.0,1.0,1.0,1.0,1.0,1.0,1.0
7293733a32625ec6,2021.07.09.15.53.28_veh-38_00184_02293,frozen_visual_sft,True,1.0,1.0,1.0,1.0,1.0,1.0,1.0
729f4b4121e35124,2021.07.09.20.26.06_veh-35_02793_03289,frozen_visual_sft,True,1.0,1.0,0.793793589048272,1.0,1.0,1.0,0.9140806621034466
72ba153a1fc059c6,2021.06.09.12.06.35_veh-35_01164_01494,frozen_visual_sft,True,1.0,1.0,0.9089538632922952,1.0,1.0,1.0,0.962064109705123
72ca346213465d94,2021.10.05.07.49.39_veh-52_00770_00905,frozen_visual_sft,True,1.0,1.0,0.6959786575557256,1.0,1.0,1.0,0.873324440648219
72ebf07a88b25937,2021.10.05.08.11.15_veh-50_00437_00585,frozen_visual_sft,True,1.0,1.0,0.8452821675274629,1.0,1.0,1.0,0.9355342364697762
72fc5c8b771758fd,2021.06.09.12.51.31_veh-35_01729_02626,frozen_visual_sft,True,1.0,1.0,0.9663730066096625,1.0,1.0,1.0,0.9859887527540261
7307e312a7755908,2021.10.05.08.11.15_veh-50_00437_00585,frozen_visual_sft,True,1.0,1.0,0.7211338776605833,1.0,1.0,1.0,0.8838057823585764
73197a1a03715a15,2021.07.09.15.53.28_veh-38_00184_02293,frozen_visual_sft,True,1.0,1.0,1.0,1.0,1.0,0.0,1.0
7372d89535355cb2,2021.08.31.14.01.15_veh-40_01576_01714,frozen_visual_sft,True,1.0,1.0,1.0,1.0,1.0,1.0,1.0
7385fa0f1ebf5356,2021.06.23.17.31.36_veh-16_00016_00377,frozen_visual_sft,True,1.0,1.0,0.9444214637664983,1.0,1.0,1.0,0.9768422765693744
73aa5ff963e656f6,2021.07.09.15.53.28_veh-38_00184_02293,frozen_visual_sft,True,1.0,1.0,1.0,1.0,1.0,1.0,1.0
73d1214a1454592d,2021.07.09.15.53.28_veh-38_00184_02293,frozen_visual_sft,True,1.0,1.0,0.9495674911837915,1.0,1.0,1.0,0.9789864546599132
73fc68b82f045907,2021.10.11.02.57.41_veh-50_02155_02265,frozen_visual_sft,True,1.0,1.0,0.7528099392320786,1.0,1.0,1.0,0.8970041413466995
7412988f410e545d,2021.06.09.12.51.31_veh-35_01729_02626,frozen_visual_sft,True,1.0,1.0,0.7713768343362564,1.0,1.0,1.0,0.9047403476401068
741b40508f9c539f,2021.06.09.12.51.31_veh-35_01729_02626,frozen_visual_sft,True,1.0,1.0,0.844435583853406,1.0,1.0,1.0,0.9351814932722524
7470512d36f45c26,2021.07.09.20.26.06_veh-35_02793_03289,frozen_visual_sft,True,1.0,1.0,0.8335532917768554,1.0,1.0,1.0,0.930647204907023
74c5a4e255b950f7,2021.06.09.12.06.35_veh-35_01164_01494,frozen_visual_sft,True,1.0,1.0,0.9314236790732797,1.0,1.0,1.0,0.9714265329471999
74e93b471c195803,2021.07.09.15.53.28_veh-38_00184_02293,frozen_visual_sft,True,1.0,1.0,1.0,1.0,1.0,1.0,1.0
74f9e35f089d523a,2021.07.09.20.26.06_veh-35_02793_03289,frozen_visual_sft,True,1.0,1.0,1.0,1.0,1.0,1.0,1.0
74ff8f6a618a5f9b,2021.07.09.15.53.28_veh-38_00184_02293,frozen_visual_sft,True,1.0,1.0,1.0,1.0,1.0,1.0,1.0
7500c2c37cbb5228,2021.07.09.15.53.28_veh-38_00184_02293,frozen_visual_sft,True,1.0,1.0,1.0,1.0,1.0,1.0,1.0
7502b22480435c30,2021.10.05.07.49.39_veh-52_00770_00905,frozen_visual_sft,True,1.0,1.0,0.7835842615747565,1.0,1.0,1.0,0.9098267756561486
7567becdd4005b0b,2021.06.23.17.31.36_veh-16_00016_00377,frozen_visual_sft,True,1.0,1.0,0.7463631303005539,1.0,1.0,1.0,0.8943179709585641
756a836fafd05442,2021.10.05.08.11.15_veh-50_00437_00585,frozen_visual_sft,True,1.0,1.0,0.8864737573673963,1.0,1.0,1.0,0.9526973989030818
758251c429055016,2021.07.09.15.53.28_veh-38_00184_02293,frozen_visual_sft,True,1.0,1.0,0.6724522335288156,1.0,1.0,1.0,0.8635217639703399
75981c1acbe65a34,2021.07.09.20.26.06_veh-35_02793_03289,frozen_visual_sft,True,1.0,1.0,0.7869160183436908,1.0,1.0,1.0,0.9112150076432045
75bbe59a5d305a53,2021.07.09.15.53.28_veh-38_00184_02293,frozen_visual_sft,True,1.0,1.0,1.0,1.0,1.0,1.0,1.0
75c6224df9b25b6d,2021.10.11.02.57.41_veh-50_02155_02265,frozen_visual_sft,True,1.0,1.0,0.7324365580820026,1.0,1.0,1.0,0.8885152325341678
75eb624e2c925f13,2021.07.09.15.53.28_veh-38_00184_02293,frozen_visual_sft,True,1.0,1.0,1.0,1.0,1.0,1.0,1.0
7616cee0eba15c75,2021.10.11.02.57.41_veh-50_01028_01289,frozen_visual_sft,True,1.0,1.0,0.7035057277126001,1.0,1.0,1.0,0.87646071988025
763904a315b357a8,2021.07.09.15.53.28_veh-38_00184_02293,frozen_visual_sft,True,1.0,1.0,0.8900060806775874,1.0,1.0,1.0,0.954169200282328
7639e630e475517c,2021.06.09.12.51.31_veh-35_01729_02626,frozen_visual_sft,True,1.0,1.0,1.0,1.0,1.0,1.0,1.0
76e33b04a2e55b65,2021.06.09.12.51.31_veh-35_01729_02626,frozen_visual_sft,True,1.0,1.0,1.0,1.0,1.0,1.0,1.0
76f38770875550d4,2021.10.11.02.57.41_veh-50_01028_01289,frozen_visual_sft,True,1.0,1.0,0.6431098529813993,1.0,1.0,1.0,0.851295772075583
770cf5148b3353a3,2021.10.05.08.11.15_veh-50_00437_00585,frozen_visual_sft,True,1.0,1.0,0.7352461239203905,1.0,1.0,1.0,0.8896858849668293
7729a0ce4e7e5c40,2021.07.09.15.53.28_veh-38_00184_02293,frozen_visual_sft,True,1.0,1.0,1.0,1.0,1.0,1.0,1.0
7738bbe3ec2b5787,2021.07.09.15.53.28_veh-38_00184_02293,frozen_visual_sft,True,1.0,1.0,1.0,1.0,1.0,1.0,1.0
774923d838b959cd,2021.07.09.20.26.06_veh-35_02793_03289,frozen_visual_sft,True,1.0,1.0,0.8272700773884918,1.0,1.0,1.0,0.9280291989118715
774f3eae89d35589,2021.10.11.02.57.41_veh-50_01028_01289,frozen_visual_sft,True,1.0,1.0,0.6298314886739602,1.0,1.0,1.0,0.8457631202808168
7768af5461fb5dab,2021.10.11.02.57.41_veh-50_02155_02265,frozen_visual_sft,True,1.0,1.0,0.7433281703579241,1.0,1.0,1.0,0.8930534043158017
77a62006cb995aa7,2021.06.23.17.31.36_veh-16_00016_00377,frozen_visual_sft,True,1.0,1.0,1.0,1.0,1.0,1.0,1.0
77d22252c36859d2,2021.06.09.12.51.31_veh-35_01729_02626,frozen_visual_sft,True,1.0,1.0,1.0,1.0,1.0,1.0,1.0
77f9f0c203cb5048,2021.08.31.11.47.30_veh-40_00919_01000,frozen_visual_sft,True,1.0,1.0,0.7837834216020232,1.0,1.0,1.0,0.909909759000843
786c7d0f495e5b08,2021.06.09.12.51.31_veh-35_01729_02626,frozen_visual_sft,True,1.0,1.0,0.7982042248465411,1.0,1.0,1.0,0.9159184270193922
78bd4a0ea3e35682,2021.06.09.12.06.35_veh-35_01164_01494,frozen_visual_sft,True,1.0,1.0,1.0,1.0,1.0,1.0,1.0
78f97b6c3427524b,2021.07.09.15.53.28_veh-38_00184_02293,frozen_visual_sft,True,1.0,1.0,1.0,0.0,1.0,1.0,0.5833333333333334
78f9d78599da56f0,2021.06.09.14.50.36_veh-26_02826_02955,frozen_visual_sft,True,1.0,1.0,1.0,1.0,1.0,1.0,1.0
790e1bf672715bf1,2021.10.11.02.57.41_veh-50_02155_02265,frozen_visual_sft,True,1.0,1.0,0.7573372158080224,1.0,1.0,1.0,0.898890506586676
790f41b0bd3f51ea,2021.10.11.02.57.41_veh-50_02155_02265,frozen_visual_sft,True,1.0,1.0,0.7188531079049242,1.0,1.0,1.0,0.8828554616270518
792875d97ce5574d,2021.10.11.02.57.41_veh-50_01028_01289,frozen_visual_sft,True,1.0,1.0,0.593906379829106,1.0,1.0,1.0,0.8307943249287941
79433fe543ae5e50,2021.10.05.07.49.39_veh-52_00770_00905,frozen_visual_sft,True,1.0,1.0,0.7423355227435174,1.0,1.0,1.0,0.8926398011431322
7948de3a2d2a55ef,2021.07.09.15.53.28_veh-38_00184_02293,frozen_visual_sft,True,1.0,1.0,1.0,1.0,1.0,1.0,1.0
796da6bb8d1d553f,2021.07.09.20.26.06_veh-35_02793_03289,frozen_visual_sft,True,1.0,1.0,1.0,1.0,1.0,1.0,1.0
7980f7ce6e085a30,2021.06.09.12.51.31_veh-35_01729_02626,frozen_visual_sft,True,1.0,1.0,1.0,1.0,1.0,1.0,1.0
798e9edbcfd65aa8,2021.07.09.15.53.28_veh-38_00184_02293,frozen_visual_sft,True,1.0,1.0,0.8927756916992943,1.0,1.0,1.0,0.9553232048747059
79a0bda4d6df5e2a,2021.07.09.15.53.28_veh-38_00184_02293,frozen_visual_sft,True,1.0,1.0,0.7441963161661742,1.0,1.0,0.0,0.8934151317359059
79bc073387755a35,2021.06.23.17.31.36_veh-16_00016_00377,frozen_visual_sft,True,1.0,1.0,1.0,1.0,1.0,1.0,1.0
79bd7ba72d985b0b,2021.06.23.17.31.36_veh-16_00016_00377,frozen_visual_sft,True,1.0,1.0,0.8169436514117513,1.0,1.0,1.0,0.9237265214215631
79ec50c2dd9352bb,2021.06.23.17.31.36_veh-16_00016_00377,frozen_visual_sft,True,1.0,1.0,1.0,1.0,1.0,1.0,1.0
7a02eea9dbd0517b,2021.07.09.15.53.28_veh-38_00184_02293,frozen_visual_sft,True,1.0,1.0,1.0,1.0,1.0,1.0,1.0
7a430a9945055acd,2021.07.09.15.53.28_veh-38_00184_02293,frozen_visual_sft,True,1.0,1.0,0.9335274411073605,1.0,1.0,1.0,0.9723031004614002
7a569fbddc2e53ed,2021.07.09.15.53.28_veh-38_00184_02293,frozen_visual_sft,True,1.0,1.0,1.0,1.0,1.0,1.0,1.0
7a6d02ce41635a31,2021.06.23.17.31.36_veh-16_00016_00377,frozen_visual_sft,True,1.0,1.0,0.8420751531496118,1.0,1.0,1.0,0.9341979804790048
7ac722bce1da568e,2021.10.05.07.49.39_veh-52_00770_00905,frozen_visual_sft,True,1.0,1.0,0.746433212826679,1.0,1.0,1.0,0.8943471720111162
7b3a98e80f525533,2021.07.09.15.53.28_veh-38_00184_02293,frozen_visual_sft,True,1.0,1.0,1.0,1.0,1.0,1.0,1.0
7b7291b626f753ae,2021.06.09.12.51.31_veh-35_01729_02626,frozen_visual_sft,True,1.0,1.0,0.8076974982662576,1.0,1.0,1.0,0.9198739576109407
7b7c4d1e5ec95f17,2021.07.09.15.53.28_veh-38_00184_02293,frozen_visual_sft,True,1.0,1.0,1.0,1.0,1.0,1.0,1.0
7b81b7c982e35adc,2021.07.09.15.53.28_veh-38_00184_02293,frozen_visual_sft,True,1.0,1.0,0.8739541775193841,1.0,1.0,1.0,0.9474809072997434
7ba1003726915e44,2021.07.09.20.26.06_veh-35_02793_03289,frozen_visual_sft,True,1.0,1.0,0.824950125315635,1.0,1.0,1.0,0.9270625522148479
7bf70bd17e9255b7,2021.06.09.17.23.18_veh-38_01598_01750,frozen_visual_sft,True,1.0,1.0,1.0,1.0,1.0,1.0,1.0
7c1389a3e4a55975,2021.10.11.02.57.41_veh-50_02155_02265,frozen_visual_sft,True,1.0,1.0,0.6657928125541903,1.0,1.0,1.0,0.8607470052309126
7c31c611152b5a9c,2021.10.11.02.57.41_veh-50_01028_01289,frozen_visual_sft,True,1.0,1.0,0.622928347300746,1.0,1.0,1.0,0.8428868113753109
7c43ce4287c252da,2021.06.09.20.26.11_veh-35_00970_01216,frozen_visual_sft,True,1.0,1.0,1.0,1.0,1.0,1.0,1.0
7cd693b8880c55b6,2021.07.09.15.53.28_veh-38_00184_02293,frozen_visual_sft,True,1.0,1.0,0.9587365432652766,1.0,1.0,1.0,0.9828068930271986
7cf3f478246b5da6,2021.10.05.08.11.15_veh-50_00437_00585,frozen_visual_sft,True,1.0,1.0,0.6130908610897751,1.0,1.0,1.0,0.8387878587874064
7cfc59f9673752c1,2021.07.09.15.53.28_veh-38_00184_02293,frozen_visual_sft,True,1.0,1.0,0.7685664265822872,1.0,1.0,1.0,0.9035693444092864
7d045ced792f563a,2021.08.31.14.01.15_veh-40_01576_01714,frozen_visual_sft,True,1.0,1.0,0.9694717485079924,1.0,1.0,1.0,0.9872798952116635
7d14dc9e1394504c,2021.06.09.12.06.35_veh-35_01164_01494,frozen_visual_sft,True,1.0,1.0,1.0,1.0,1.0,1.0,1.0
7d18e654da9b5ecf,2021.07.09.15.53.28_veh-38_00184_02293,frozen_visual_sft,True,1.0,1.0,0.934431382464048,1.0,1.0,1.0,0.9726797426933533
7d61f2ab3a145a20,2021.08.31.11.47.30_veh-40_00919_01000,frozen_visual_sft,True,1.0,1.0,1.0,1.0,1.0,1.0,1.0
7d838c40752e5080,2021.06.09.12.51.31_veh-35_01729_02626,frozen_visual_sft,True,1.0,1.0,1.0,1.0,1.0,1.0,1.0
7da65eef431c5831,2021.07.09.15.53.28_veh-38_00184_02293,frozen_visual_sft,True,1.0,1.0,0.7835360657680295,1.0,1.0,1.0,0.9098066940700122
7dab96d0e7725a9f,2021.06.09.12.51.31_veh-35_01729_02626,frozen_visual_sft,True,1.0,1.0,0.8601567783264388,1.0,1.0,1.0,0.9417319909693495
7dadf9fcee2e587d,2021.07.09.15.53.28_veh-38_00184_02293,frozen_visual_sft,True,1.0,1.0,0.5780162609492125,1.0,1.0,1.0,0.8241734420621718
7dc37d18911457a8,2021.06.09.12.06.35_veh-35_01164_01494,frozen_visual_sft,True,1.0,1.0,0.7728837581151752,1.0,1.0,1.0,0.9053682325479896
7e02b53ea6ba556a,2021.10.01.17.52.06_veh-28_01141_01264,frozen_visual_sft,True,1.0,1.0,0.9348022904367531,1.0,1.0,1.0,0.9728342876819805
7e11df067a735f04,2021.07.09.15.53.28_veh-38_00184_02293,frozen_visual_sft,True,1.0,1.0,1.0,1.0,1.0,1.0,1.0
7e1afa248931544e,2021.08.31.14.01.15_veh-40_01576_01714,frozen_visual_sft,True,1.0,1.0,0.931840282841735,1.0,1.0,1.0,0.9716001178507229
7e2c3c2ef5e05b19,2021.06.09.12.51.31_veh-35_01729_02626,frozen_visual_sft,True,1.0,1.0,1.0,1.0,1.0,1.0,1.0
7e58a63ae5da5a38,2021.07.09.15.53.28_veh-38_00184_02293,frozen_visual_sft,True,1.0,1.0,1.0,1.0,1.0,1.0,1.0
7e64dd02b985526f,2021.07.09.15.53.28_veh-38_00184_02293,frozen_visual_sft,True,1.0,1.0,0.9793733493961121,1.0,1.0,1.0,0.9914055622483801
7e664b90d195584d,2021.06.09.12.06.35_veh-35_01164_01494,frozen_visual_sft,True,1.0,1.0,0.9490247887691166,1.0,1.0,1.0,0.9787603286537986
7e682022c639513c,2021.06.09.12.06.35_veh-35_01164_01494,frozen_visual_sft,True,1.0,1.0,1.0,1.0,1.0,1.0,1.0
7eb6beaba2e45001,2021.10.11.02.57.41_veh-50_01028_01289,frozen_visual_sft,True,1.0,1.0,0.7388155019776235,1.0,1.0,1.0,0.8911731258240098
7eb9806c2ac25fd6,2021.06.09.12.06.35_veh-35_01164_01494,frozen_visual_sft,True,1.0,1.0,1.0,1.0,1.0,1.0,1.0
7f12e4a7eb7e51c7,2021.10.01.17.52.06_veh-28_01141_01264,frozen_visual_sft,True,1.0,1.0,0.7775366202215738,1.0,1.0,1.0,0.9073069250923224
7f5714fc26bb599b,2021.06.09.12.51.31_veh-35_01729_02626,frozen_visual_sft,True,1.0,1.0,0.5796571847209139,1.0,1.0,1.0,0.8248571603003807
7f7a0a36daf65495,2021.10.05.07.49.39_veh-52_00770_00905,frozen_visual_sft,True,1.0,1.0,0.7481973642846195,1.0,1.0,1.0,0.8950822351185915
7f7fa83384215a69,2021.10.05.07.49.39_veh-52_00770_00905,frozen_visual_sft,True,1.0,1.0,0.6795753277601123,1.0,1.0,1.0,0.8664897199000468
7f8be3abc0f45edf,2021.10.05.08.11.15_veh-50_00437_00585,frozen_visual_sft,True,1.0,1.0,0.5216408621868392,1.0,1.0,1.0,0.8006836925778497
7f8f1f6b90575d91,2021.10.11.02.57.41_veh-50_02155_02265,frozen_visual_sft,True,1.0,1.0,0.6000441995946774,1.0,1.0,1.0,0.8333517498311155
7fd6309dcdaf525e,2021.07.09.20.26.06_veh-35_02793_03289,frozen_visual_sft,True,1.0,1.0,1.0,1.0,1.0,1.0,1.0
7fe5d84bbda651fd,2021.07.09.15.53.28_veh-38_00184_02293,frozen_visual_sft,True,1.0,1.0,0.9456801238212319,1.0,1.0,1.0,0.9773667182588467
8002902e2efe5c94,2021.10.11.02.57.41_veh-50_02155_02265,frozen_visual_sft,True,1.0,1.0,0.5759051112449266,1.0,1.0,1.0,0.8232937963520528
802050c72cc255d3,2021.06.09.17.23.18_veh-38_01598_01750,frozen_visual_sft,True,1.0,1.0,1.0,1.0,1.0,1.0,1.0
80538e78e0805e93,2021.07.09.15.53.28_veh-38_00184_02293,frozen_visual_sft,True,1.0,1.0,0.7957958137278784,1.0,1.0,1.0,0.914914922386616
80725ea45ed953a5,2021.06.09.20.26.11_veh-35_00970_01216,frozen_visual_sft,True,1.0,1.0,1.0,1.0,1.0,1.0,1.0
807c9c96f42c597d,2021.10.11.02.57.41_veh-50_02155_02265,frozen_visual_sft,True,1.0,1.0,0.6284225752790746,1.0,1.0,1.0,0.8451760730329477
80c1301aa1ca5378,2021.07.09.15.53.28_veh-38_00184_02293,frozen_visual_sft,True,1.0,1.0,0.8942793673362576,1.0,1.0,1.0,0.9559497363901074
8138d3f674fd5b1f,2021.06.09.20.26.11_veh-35_00970_01216,frozen_visual_sft,True,1.0,1.0,1.0,1.0,1.0,1.0,1.0
8156a66cbc595259,2021.07.16.22.40.23_veh-38_00204_00360,frozen_visual_sft,True,1.0,1.0,1.0,1.0,1.0,1.0,1.0
824fe1c7968256ab,2021.07.09.15.53.28_veh-38_00184_02293,frozen_visual_sft,True,1.0,1.0,0.5157726366936521,1.0,1.0,1.0,0.7982385986223551
8264721b29a65296,2021.06.09.12.51.31_veh-35_01729_02626,frozen_visual_sft,True,1.0,1.0,1.0,1.0,1.0,1.0,1.0
827867f4641c53b6,2021.06.09.12.51.31_veh-35_01729_02626,frozen_visual_sft,True,1.0,1.0,1.0,1.0,1.0,1.0,1.0
83422f60bebd506c,2021.10.05.07.49.39_veh-52_00770_00905,frozen_visual_sft,True,1.0,1.0,0.7756925221833074,1.0,1.0,1.0,0.9065385509097115
8381aa53dbb55c90,2021.06.09.12.06.35_veh-35_01164_01494,frozen_visual_sft,True,1.0,1.0,0.8536584289827988,1.0,1.0,1.0,0.9390243454094994
8393b89f1fbd56fc,2021.07.09.20.26.06_veh-35_02793_03289,frozen_visual_sft,True,1.0,1.0,0.8307416900228155,1.0,1.0,1.0,0.9294757041761731
83a393796b2e57df,2021.07.09.15.53.28_veh-38_00184_02293,frozen_visual_sft,True,1.0,1.0,0.9319372009224106,1.0,1.0,1.0,0.9716405003843377
83bc7727c42c5a0f,2021.10.05.07.49.39_veh-52_00770_00905,frozen_visual_sft,True,1.0,0.0,0.0,1.0,1.0,1.0,0.0
83cbc1063ce1591d,2021.10.11.02.57.41_veh-50_02155_02265,frozen_visual_sft,True,1.0,1.0,0.7287123199612138,1.0,1.0,1.0,0.8869634666505058
83d4827aebe85832,2021.10.05.08.11.15_veh-50_00437_00585,frozen_visual_sft,True,1.0,1.0,0.5864102961698533,1.0,1.0,1.0,0.827670956737439
83dc2afeb98950a4,2021.10.11.02.57.41_veh-50_02155_02265,frozen_visual_sft,True,1.0,1.0,0.6957452560366398,1.0,1.0,1.0,0.8732271900152666
8469b20e06015317,2021.07.09.15.53.28_veh-38_00184_02293,frozen_visual_sft,True,1.0,1.0,0.8472218307225919,1.0,1.0,1.0,0.9363424294677466
84b9bc99160c578f,2021.10.05.08.11.15_veh-50_00437_00585,frozen_visual_sft,True,1.0,1.0,0.7765553951433117,1.0,1.0,1.0,0.9068980813097133
84da0c13f98e58e9,2021.06.09.12.51.31_veh-35_01729_02626,frozen_visual_sft,True,1.0,1.0,0.8423251532788159,1.0,1.0,1.0,0.9343021471995065
84ec0e32bbf45061,2021.07.09.15.53.28_veh-38_00184_02293,frozen_visual_sft,True,1.0,1.0,0.747783903441747,1.0,1.0,1.0,0.8949099597673946
85288108bac2504f,2021.06.23.17.31.36_veh-16_00016_00377,frozen_visual_sft,True,1.0,1.0,1.0,1.0,1.0,1.0,1.0
85b84f9120225591,2021.07.09.15.53.28_veh-38_00184_02293,frozen_visual_sft,True,1.0,1.0,0.6022058143589349,1.0,1.0,1.0,0.8342524226495561
85d8f4b6752152e2,2021.10.05.07.49.39_veh-52_00770_00905,frozen_visual_sft,True,1.0,1.0,0.733151408239748,1.0,1.0,1.0,0.8888130867665617
860685d975df5da5,2021.07.09.15.53.28_veh-38_00184_02293,frozen_visual_sft,True,1.0,1.0,0.9493851800933225,1.0,1.0,1.0,0.978910491705551
863019d9f09155f7,2021.06.23.17.31.36_veh-16_00016_00377,frozen_visual_sft,True,1.0,1.0,0.9252283587607593,1.0,1.0,1.0,0.9688451494836497
8672b0d007fa5c49,2021.08.31.11.47.30_veh-40_00919_01000,frozen_visual_sft,True,1.0,1.0,0.8321108867669171,1.0,1.0,1.0,0.9300462028195488
86a9ef645f195f81,2021.10.11.02.57.41_veh-50_02155_02265,frozen_visual_sft,True,1.0,1.0,0.7086008399106498,1.0,1.0,1.0,0.878583683296104
86ac4c5dc3e756cf,2021.10.05.07.49.39_veh-52_00770_00905,frozen_visual_sft,True,1.0,1.0,0.9495297977775219,1.0,1.0,1.0,0.9789707490739675
8708f5ee85ca50b1,2021.10.11.02.57.41_veh-50_02155_02265,frozen_visual_sft,True,1.0,1.0,0.7380770270063544,1.0,1.0,1.0,0.8908654279193143
870cb529ffac50e0,2021.06.09.20.26.11_veh-35_00970_01216,frozen_visual_sft,True,1.0,1.0,0.7483072948323672,1.0,1.0,1.0,0.8951280395134864
872380f71a9f5c73,2021.08.31.14.01.15_veh-40_01576_01714,frozen_visual_sft,True,1.0,1.0,1.0,1.0,1.0,1.0,1.0
872ae71c24805cd8,2021.10.11.02.57.41_veh-50_01028_01289,frozen_visual_sft,True,1.0,1.0,0.6896235456661516,1.0,1.0,1.0,0.8706764773608965
874a3a4f7582531d,2021.06.23.17.31.36_veh-16_00016_00377,frozen_visual_sft,True,1.0,1.0,1.0,1.0,1.0,1.0,1.0
87516e1eaafc5107,2021.10.05.08.11.15_veh-50_00437_00585,frozen_visual_sft,True,1.0,1.0,0.8481964310941374,1.0,1.0,1.0,0.9367485129558907
876d2dd881f55f91,2021.10.05.07.49.39_veh-52_00770_00905,frozen_visual_sft,True,1.0,1.0,0.6676993532786197,1.0,1.0,1.0,0.8615413971994249
877ca71cd9ac5b59,2021.08.31.11.47.30_veh-40_00919_01000,frozen_visual_sft,True,1.0,1.0,0.8757224665642926,1.0,1.0,1.0,0.9482176944017886
878debfff51656dc,2021.07.09.15.53.28_veh-38_00184_02293,frozen_visual_sft,True,1.0,1.0,1.0,1.0,1.0,1.0,1.0
87c7d995609e51c9,2021.10.05.07.49.39_veh-52_00770_00905,frozen_visual_sft,True,1.0,1.0,0.6845327236153999,1.0,1.0,1.0,0.8685553015064166
87c88239e2ae5b90,2021.07.09.15.53.28_veh-38_00184_02293,frozen_visual_sft,True,1.0,1.0,0.5258768569580733,1.0,1.0,1.0,0.8024486903991971
8823d1c7c34b57ac,2021.06.09.20.26.11_veh-35_00970_01216,frozen_visual_sft,True,1.0,1.0,0.7975194746032475,1.0,1.0,1.0,0.9156331144180198
8828feb4e21b5600,2021.06.09.12.51.31_veh-35_01729_02626,frozen_visual_sft,True,1.0,1.0,0.6254475751245031,1.0,1.0,1.0,0.8439364896352096
883024c704b55ed4,2021.06.23.17.31.36_veh-16_00016_00377,frozen_visual_sft,True,1.0,1.0,1.0,1.0,1.0,1.0,1.0
888476b1a13b51db,2021.07.09.20.26.06_veh-35_02793_03289,frozen_visual_sft,True,1.0,1.0,0.8025612440471122,1.0,1.0,1.0,0.9177338516862967
888cb5a4b4c25eab,2021.06.09.12.51.31_veh-35_01729_02626,frozen_visual_sft,True,1.0,1.0,1.0,1.0,1.0,1.0,1.0
88bc213aa3495b88,2021.06.09.14.50.36_veh-26_02826_02955,frozen_visual_sft,True,1.0,1.0,0.970787477665866,1.0,1.0,1.0,0.9878281156941108
88ff3881080b505a,2021.06.09.12.51.31_veh-35_01729_02626,frozen_visual_sft,True,1.0,1.0,0.6292192369847629,1.0,1.0,1.0,0.845508015410318
8902a3e760a7504d,2021.07.09.20.26.06_veh-35_02793_03289,frozen_visual_sft,True,1.0,1.0,0.8621924876651957,1.0,1.0,1.0,0.9425802031938316
8925d842a3f0501e,2021.07.09.15.53.28_veh-38_00184_02293,frozen_visual_sft,True,1.0,1.0,1.0,1.0,1.0,1.0,1.0
8935f0d3af6b51fd,2021.08.31.14.01.15_veh-40_01576_01714,frozen_visual_sft,True,1.0,1.0,0.8147544943258288,1.0,1.0,1.0,0.922814372635762
89409b4f6b4f573b,2021.06.09.12.51.31_veh-35_01729_02626,frozen_visual_sft,True,1.0,1.0,1.0,1.0,1.0,1.0,1.0
8956d19d62c056f6,2021.06.09.12.51.31_veh-35_01729_02626,frozen_visual_sft,True,1.0,1.0,0.7186380399244582,1.0,1.0,1.0,0.8827658499685244
89e48839087057c4,2021.06.09.20.26.11_veh-35_00970_01216,frozen_visual_sft,True,1.0,1.0,0.8793785409084277,1.0,1.0,1.0,0.949741058711845
8a2496c5d7d15cc1,2021.10.11.02.57.41_veh-50_01028_01289,frozen_visual_sft,True,1.0,1.0,0.6856759717898084,1.0,1.0,1.0,0.8690316549124203
8a9a5ab59dcd51d7,2021.08.31.14.01.15_veh-40_01576_01714,frozen_visual_sft,True,1.0,1.0,0.8946496359773974,1.0,1.0,1.0,0.9561040149905823
8ac887d1ccb95be5,2021.10.11.02.57.41_veh-50_01028_01289,frozen_visual_sft,True,1.0,1.0,0.6586247026438867,1.0,1.0,1.0,0.8577602927682862
8ad9a07afc6b5ccc,2021.07.09.15.53.28_veh-38_00184_02293,frozen_visual_sft,True,1.0,1.0,0.6127729960732146,1.0,1.0,1.0,0.8386554150305061
8bb9b664551e5148,2021.06.09.12.06.35_veh-35_01164_01494,frozen_visual_sft,True,1.0,1.0,1.0,1.0,1.0,1.0,1.0
8c1374efdf3c5f3c,2021.07.09.15.53.28_veh-38_00184_02293,frozen_visual_sft,True,1.0,1.0,1.0,1.0,1.0,1.0,1.0
8c1c77e3c8a35388,2021.10.05.07.49.39_veh-52_00770_00905,frozen_visual_sft,True,1.0,1.0,0.7899977338866557,1.0,1.0,1.0,0.9124990557861065
8c58465a17645b77,2021.07.09.15.53.28_veh-38_00184_02293,frozen_visual_sft,True,1.0,1.0,0.9386872244450909,1.0,1.0,1.0,0.9744530101854546
8c61ae7bb33b54ad,2021.10.05.07.49.39_veh-52_00770_00905,frozen_visual_sft,True,1.0,1.0,0.6743405323590032,1.0,1.0,1.0,0.8643085551495847
8c627a1fb8225bc0,2021.10.05.08.11.15_veh-50_00437_00585,frozen_visual_sft,True,1.0,1.0,0.776692120359716,1.0,1.0,1.0,0.9069550501498816
8c812c6c4671575c,2021.07.09.15.53.28_veh-38_00184_02293,frozen_visual_sft,True,1.0,1.0,0.8614784592885955,1.0,1.0,1.0,0.9422826913702481
8ca04ffe31395059,2021.07.09.20.26.06_veh-35_02793_03289,frozen_visual_sft,True,1.0,1.0,0.8989302295034898,1.0,1.0,1.0,0.957887595626454
8cc27785287f5367,2021.06.23.17.31.36_veh-16_00016_00377,frozen_visual_sft,True,1.0,1.0,1.0,1.0,1.0,1.0,1.0
8d0e261ba1825130,2021.07.09.15.53.28_veh-38_00184_02293,frozen_visual_sft,True,1.0,1.0,1.0,1.0,1.0,1.0,1.0
8d40c021d3cb5fca,2021.10.05.07.49.39_veh-52_00770_00905,frozen_visual_sft,True,1.0,1.0,0.7671041987170172,1.0,1.0,1.0,0.9029600827987571
8d80fb7fefcd513b,2021.10.01.17.52.06_veh-28_01141_01264,frozen_visual_sft,True,1.0,1.0,1.0,1.0,1.0,1.0,1.0
8deaed625cfc5888,2021.06.09.12.51.31_veh-35_01729_02626,frozen_visual_sft,True,1.0,1.0,0.820314297386265,1.0,1.0,1.0,0.9251309572442771
8e19623e78d15d60,2021.07.09.20.26.06_veh-35_02793_03289,frozen_visual_sft,True,1.0,1.0,0.6694655853102677,1.0,1.0,1.0,0.8622773272126115
8e2e4e2a5ba95a41,2021.07.09.15.53.28_veh-38_00184_02293,frozen_visual_sft,True,1.0,0.0,0.0,1.0,1.0,1.0,0.0
8e5a6cdce75d50dd,2021.10.11.02.57.41_veh-50_02155_02265,frozen_visual_sft,True,1.0,1.0,0.6035912226281326,1.0,1.0,1.0,0.8348296760950552
8ecb60a273c55931,2021.08.31.11.47.30_veh-40_00919_01000,frozen_visual_sft,True,1.0,1.0,0.8316296277871013,1.0,1.0,1.0,0.9298456782446255
8f4878c4dcf5558e,2021.10.05.07.49.39_veh-52_00770_00905,frozen_visual_sft,True,1.0,1.0,1.0,1.0,1.0,1.0,1.0
8f63f1b737e15216,2021.06.09.12.51.31_veh-35_01729_02626,frozen_visual_sft,True,1.0,1.0,1.0,1.0,1.0,1.0,1.0
8f64f90706655f53,2021.08.31.11.47.30_veh-40_00919_01000,frozen_visual_sft,True,1.0,1.0,0.8351972330998046,1.0,1.0,1.0,0.9313321804582518
8f7463455b225dfb,2021.10.05.08.11.15_veh-50_00437_00585,frozen_visual_sft,True,1.0,1.0,0.707525068757629,1.0,1.0,1.0,0.8781354453156788
8f847886c0595319,2021.07.09.15.53.28_veh-38_00184_02293,frozen_visual_sft,True,1.0,1.0,0.8286258770307345,1.0,1.0,1.0,0.9285941154294727
8fc1509fbdee54ac,2021.06.09.12.06.35_veh-35_01164_01494,frozen_visual_sft,True,1.0,1.0,0.7333507562792827,1.0,1.0,1.0,0.888896148449701
8fec4a414ec45ed3,2021.06.09.20.26.11_veh-35_00970_01216,frozen_visual_sft,True,1.0,1.0,0.816932010622559,1.0,1.0,1.0,0.923721671092733
900e4ffd108f5f95,2021.08.31.11.47.30_veh-40_00919_01000,frozen_visual_sft,True,1.0,1.0,0.8141056426707258,1.0,1.0,1.0,0.9225440177794691
90679ae84c8b5d05,2021.10.05.07.49.39_veh-52_00770_00905,frozen_visual_sft,True,1.0,1.0,0.5778797141347247,1.0,1.0,1.0,0.8241165475561353
907f051528025891,2021.07.09.15.53.28_veh-38_00184_02293,frozen_visual_sft,True,1.0,1.0,1.0,1.0,1.0,1.0,1.0
90f98ca1978a5457,2021.08.31.14.01.15_veh-40_01576_01714,frozen_visual_sft,True,1.0,1.0,1.0,1.0,1.0,1.0,1.0
912976ebea0b5dae,2021.06.23.17.31.36_veh-16_00016_00377,frozen_visual_sft,True,1.0,1.0,1.0,1.0,1.0,1.0,1.0
9188a3a5aa175e3a,2021.07.09.15.53.28_veh-38_00184_02293,frozen_visual_sft,True,1.0,1.0,1.0,1.0,1.0,1.0,1.0
91927f072cb358b9,2021.07.09.15.53.28_veh-38_00184_02293,frozen_visual_sft,True,1.0,1.0,1.0,1.0,1.0,1.0,1.0
91b861586e7d53cd,2021.07.09.15.53.28_veh-38_00184_02293,frozen_visual_sft,True,1.0,1.0,1.0,1.0,1.0,1.0,1.0
92292554325a5fad,2021.10.05.08.11.15_veh-50_00437_00585,frozen_visual_sft,True,1.0,1.0,0.6006859655283647,1.0,1.0,1.0,0.8336191523034854
9246f3b315b35838,2021.07.09.15.53.28_veh-38_00184_02293,frozen_visual_sft,True,1.0,1.0,0.9217988340098797,1.0,1.0,1.0,0.96741618083745
927258a11f395044,2021.06.09.14.50.36_veh-26_02826_02955,frozen_visual_sft,True,1.0,1.0,0.8584440313860298,1.0,1.0,1.0,0.9410183464108458
92a19adc03e55fc5,2021.10.11.02.57.41_veh-50_01028_01289,frozen_visual_sft,True,1.0,1.0,0.6338508107442263,1.0,1.0,1.0,0.8474378378100943
92c22914fbdf5e29,2021.07.09.15.53.28_veh-38_00184_02293,frozen_visual_sft,True,1.0,1.0,1.0,1.0,1.0,1.0,1.0
92f1b2f9782b5ab2,2021.10.11.02.57.41_veh-50_02155_02265,frozen_visual_sft,True,1.0,1.0,0.5372256737913981,1.0,1.0,1.0,0.8071773640797492
931c61a6152e519f,2021.06.09.17.23.18_veh-38_01598_01750,frozen_visual_sft,True,1.0,1.0,1.0,1.0,1.0,1.0,1.0
935628750eb851fa,2021.07.09.15.53.28_veh-38_00184_02293,frozen_visual_sft,True,1.0,1.0,1.0,1.0,1.0,1.0,1.0
936fbc402ef75a7f,2021.06.23.17.31.36_veh-16_00016_00377,frozen_visual_sft,True,1.0,1.0,0.6532651694240313,1.0,1.0,1.0,0.8555271539266798
93f4a7c97bf55154,2021.10.01.17.52.06_veh-28_01141_01264,frozen_visual_sft,True,1.0,1.0,0.7551329588136289,1.0,1.0,1.0,0.8979720661723455
93fa17215ed5505c,2021.10.05.07.49.39_veh-52_00770_00905,frozen_visual_sft,True,1.0,1.0,0.7124524326989359,1.0,1.0,1.0,0.8801885136245566
940a788763a55b7c,2021.06.09.17.23.18_veh-38_01598_01750,frozen_visual_sft,True,1.0,1.0,1.0,1.0,1.0,1.0,1.0
9453e27e0bc25019,2021.06.09.12.06.35_veh-35_01164_01494,frozen_visual_sft,True,1.0,1.0,0.9781809126142299,1.0,1.0,1.0,0.9909087135892625
945dcb42cd645cc2,2021.07.09.15.53.28_veh-38_00184_02293,frozen_visual_sft,True,1.0,1.0,0.6678128893366437,1.0,1.0,1.0,0.8615887038902682
946cb4c69bd85da6,2021.06.09.12.06.35_veh-35_01164_01494,frozen_visual_sft,True,1.0,1.0,0.8502705301569343,1.0,1.0,1.0,0.9376127208987226
94ae5d67804c539d,2021.06.09.17.23.18_veh-38_01598_01750,frozen_visual_sft,True,1.0,1.0,0.7901679722803814,1.0,1.0,1.0,0.9125699884501589
94de31b161f45bc2,2021.06.09.12.51.31_veh-35_01729_02626,frozen_visual_sft,True,1.0,1.0,1.0,1.0,1.0,1.0,1.0
94e4f5f0f22655d2,2021.07.09.20.26.06_veh-35_02793_03289,frozen_visual_sft,True,1.0,1.0,0.815490829700115,1.0,1.0,1.0,0.9231211790417145
94f18102ecb65d3f,2021.07.09.15.53.28_veh-38_00184_02293,frozen_visual_sft,True,1.0,1.0,1.0,1.0,1.0,1.0,1.0
954da5a56f305ac5,2021.06.09.12.51.31_veh-35_01729_02626,frozen_visual_sft,True,1.0,1.0,0.6658383793807282,1.0,1.0,1.0,0.8607659914086367
954e72f1c44e5eb3,2021.06.09.12.51.31_veh-35_01729_02626,frozen_visual_sft,True,1.0,1.0,0.6578557249233808,1.0,1.0,1.0,0.8574398853847421
955e0d97f2f35bc4,2021.10.11.02.57.41_veh-50_01028_01289,frozen_visual_sft,True,1.0,1.0,0.6585344574973706,1.0,1.0,1.0,0.8577226906239045
95a1611d12f45d32,2021.07.09.15.53.28_veh-38_00184_02293,frozen_visual_sft,True,1.0,1.0,0.7975730453206042,1.0,1.0,1.0,0.9156554355502516
95b2448f02bb58e6,2021.06.09.20.26.11_veh-35_00970_01216,frozen_visual_sft,True,1.0,1.0,1.0,1.0,1.0,1.0,1.0
95ccbbe1810c5e38,2021.07.09.20.26.06_veh-35_02793_03289,frozen_visual_sft,True,1.0,1.0,0.7421678740570992,1.0,1.0,1.0,0.8925699475237913
95d2c3ac66245fa5,2021.07.09.15.53.28_veh-38_00184_02293,frozen_visual_sft,True,1.0,1.0,1.0,1.0,1.0,1.0,1.0
95e0d89479815fa6,2021.06.23.17.31.36_veh-16_00016_00377,frozen_visual_sft,True,1.0,1.0,1.0,1.0,1.0,1.0,1.0
9608c9c656695dd6,2021.10.11.02.57.41_veh-50_02155_02265,frozen_visual_sft,True,1.0,1.0,0.701978127907956,1.0,1.0,1.0,0.8758242199616483
96198b6e9db0567b,2021.07.09.15.53.28_veh-38_00184_02293,frozen_visual_sft,True,1.0,1.0,0.6997257235590185,1.0,1.0,1.0,0.8748857181495909
962977e974885acd,2021.10.01.17.52.06_veh-28_01141_01264,frozen_visual_sft,True,1.0,1.0,0.6878529441718437,1.0,1.0,1.0,0.8699387267382682
966cdeadbc375041,2021.07.09.20.26.06_veh-35_02793_03289,frozen_visual_sft,True,1.0,1.0,0.8384390804328583,1.0,1.0,1.0,0.9326829501803576
966ede5b9c8559f9,2021.07.09.15.53.28_veh-38_00184_02293,frozen_visual_sft,True,1.0,1.0,0.6758494295943932,1.0,1.0,1.0,0.8649372623309972
9694f4c94c0c55bf,2021.10.01.17.52.06_veh-28_01141_01264,frozen_visual_sft,True,1.0,1.0,1.0,1.0,1.0,1.0,1.0
96d3136946945a05,2021.06.09.14.50.36_veh-26_02826_02955,frozen_visual_sft,True,1.0,1.0,1.0,1.0,1.0,1.0,1.0
96e24e94933f52c8,2021.06.09.12.51.31_veh-35_01729_02626,frozen_visual_sft,True,1.0,1.0,1.0,1.0,1.0,1.0,1.0
970fa907695456f4,2021.07.09.15.53.28_veh-38_00184_02293,frozen_visual_sft,True,1.0,1.0,0.748582115138219,1.0,1.0,1.0,0.895242547974258
972df703db945595,2021.07.09.15.53.28_veh-38_00184_02293,frozen_visual_sft,True,1.0,1.0,0.8291281291390179,1.0,1.0,1.0,0.9288033871412574
9742b96a0eee5097,2021.06.23.17.31.36_veh-16_00016_00377,frozen_visual_sft,True,1.0,1.0,0.75868790172005,1.0,1.0,1.0,0.8994532923833541
9753236c37725562,2021.07.09.15.53.28_veh-38_00184_02293,frozen_visual_sft,True,1.0,1.0,1.0,1.0,1.0,1.0,1.0
978bac8b6a965c09,2021.07.09.15.53.28_veh-38_00184_02293,frozen_visual_sft,True,1.0,1.0,1.0,1.0,1.0,1.0,1.0
97a3fc19fc7b508e,2021.10.01.17.52.06_veh-28_01141_01264,frozen_visual_sft,True,1.0,1.0,0.9625846648153822,1.0,1.0,1.0,0.9844102770064093
97b60971053a5a8f,2021.06.09.12.06.35_veh-35_01164_01494,frozen_visual_sft,True,1.0,1.0,0.8258392493131709,1.0,1.0,1.0,0.9274330205471545
97b9c6b0d3aa5e6b,2021.10.05.07.49.39_veh-52_00770_00905,frozen_visual_sft,True,1.0,1.0,1.0,1.0,1.0,1.0,1.0
97bbe0832237514d,2021.07.09.15.53.28_veh-38_00184_02293,frozen_visual_sft,True,1.0,1.0,0.7832512861767834,1.0,1.0,1.0,0.9096880359069931
97cd0485dadc5c44,2021.10.05.07.49.39_veh-52_00770_00905,frozen_visual_sft,True,1.0,1.0,0.8904754892950548,1.0,1.0,1.0,0.9543647872062729
98546a6b46d7528e,2021.07.09.15.53.28_veh-38_00184_02293,frozen_visual_sft,True,1.0,1.0,0.9303843774006855,1.0,1.0,1.0,0.970993490583619
987e9ead152a5bef,2021.07.09.15.53.28_veh-38_00184_02293,frozen_visual_sft,True,1.0,1.0,0.9113459241370763,1.0,1.0,1.0,0.9630608017237817
98b7d40a0b4256e1,2021.06.09.12.51.31_veh-35_01729_02626,frozen_visual_sft,True,1.0,1.0,0.810674365815917,1.0,1.0,1.0,0.9211143190899653
98e1c86704b75bce,2021.08.31.11.47.30_veh-40_00919_01000,frozen_visual_sft,True,1.0,1.0,0.8773026834558234,1.0,1.0,1.0,0.9488761181065931
98f62d9131da5913,2021.10.11.02.57.41_veh-50_01028_01289,frozen_visual_sft,True,1.0,1.0,0.5182518591505192,1.0,1.0,1.0,0.799271607979383
9915a6132edb5b6f,2021.06.09.14.50.36_veh-26_02826_02955,frozen_visual_sft,True,1.0,1.0,1.0,1.0,1.0,1.0,1.0
994cdcf16f475b72,2021.10.11.02.57.41_veh-50_02155_02265,frozen_visual_sft,True,1.0,1.0,0.7823262742005074,1.0,1.0,1.0,0.9093026142502114
9953d027249f57fe,2021.07.09.15.53.28_veh-38_00184_02293,frozen_visual_sft,True,1.0,1.0,0.6523089108841679,1.0,1.0,1.0,0.8551287128684032
997140e8419051b4,2021.10.11.02.57.41_veh-50_01028_01289,frozen_visual_sft,True,1.0,1.0,0.7114301222449343,1.0,1.0,1.0,0.8797625509353892
99c4a687ed1a599a,2021.07.16.22.40.23_veh-38_00204_00360,frozen_visual_sft,True,1.0,1.0,1.0,1.0,1.0,1.0,1.0
99ded0a5f4475071,2021.06.09.12.06.35_veh-35_01164_01494,frozen_visual_sft,True,1.0,1.0,0.8776122815571523,1.0,1.0,1.0,0.9490051173154801
99f700e7e9af5407,2021.06.09.20.26.11_veh-35_00970_01216,frozen_visual_sft,True,1.0,1.0,1.0,1.0,1.0,1.0,1.0
9a1dbb392efc5e89,2021.08.31.11.47.30_veh-40_00919_01000,frozen_visual_sft,True,1.0,1.0,0.9027956116709327,1.0,1.0,1.0,0.9594981715295553
9a3297e2227653e7,2021.06.09.12.06.35_veh-35_01164_01494,frozen_visual_sft,True,1.0,1.0,0.7150512887099849,1.0,1.0,1.0,0.8812713702958271
9a45431d78665797,2021.10.11.02.57.41_veh-50_01028_01289,frozen_visual_sft,True,1.0,1.0,0.6968398770407727,1.0,1.0,1.0,0.873683282100322
9a4b00e867fc591d,2021.06.09.20.26.11_veh-35_00970_01216,frozen_visual_sft,True,1.0,1.0,1.0,1.0,1.0,1.0,1.0
9a5fc2035a655005,2021.10.11.02.57.41_veh-50_02155_02265,frozen_visual_sft,True,1.0,1.0,0.7748777121491173,1.0,1.0,1.0,0.9061990467287989
9aa65c356bad5da4,2021.07.09.15.53.28_veh-38_00184_02293,frozen_visual_sft,True,1.0,1.0,0.9040930224245476,1.0,1.0,1.0,0.9600387593435614
9abce3eae2005739,2021.10.11.02.57.41_veh-50_01028_01289,frozen_visual_sft,True,1.0,1.0,0.7167738209087948,1.0,1.0,1.0,0.8819890920453313
9ad2cc6c97365873,2021.07.09.20.26.06_veh-35_02793_03289,frozen_visual_sft,True,1.0,1.0,0.7712510053283496,1.0,1.0,1.0,0.9046879188868123
9ae5a292b89155a0,2021.06.23.17.31.36_veh-16_00016_00377,frozen_visual_sft,True,1.0,1.0,1.0,1.0,1.0,1.0,1.0
9aeb31473be659b4,2021.10.11.02.57.41_veh-50_02155_02265,frozen_visual_sft,True,1.0,1.0,0.6899291938164995,1.0,1.0,1.0,0.8708038307568748
9b3708708fbd550f,2021.06.09.12.06.35_veh-35_01164_01494,frozen_visual_sft,True,1.0,1.0,0.8314077069850689,1.0,1.0,1.0,0.9297532112437787
9b4247d0fd87569c,2021.07.09.20.26.06_veh-35_02793_03289,frozen_visual_sft,True,1.0,1.0,0.7471643299513937,1.0,1.0,1.0,0.894651804146414
9b4ca000766657b2,2021.07.09.15.53.28_veh-38_00184_02293,frozen_visual_sft,True,1.0,1.0,0.8139122013553151,1.0,1.0,1.0,0.9224634172313811
9b7196827b5859df,2021.06.09.14.50.36_veh-26_02826_02955,frozen_visual_sft,True,1.0,1.0,1.0,1.0,1.0,0.0,1.0
9b877b869b3d5f89,2021.06.09.20.26.11_veh-35_00970_01216,frozen_visual_sft,True,1.0,1.0,1.0,1.0,1.0,1.0,1.0
9bbdf96591265339,2021.08.31.14.01.15_veh-40_01576_01714,frozen_visual_sft,True,1.0,1.0,0.5739962606475391,1.0,1.0,1.0,0.8224984419364746
9bcee0d1dd015764,2021.07.09.15.53.28_veh-38_00184_02293,frozen_visual_sft,True,1.0,1.0,1.0,1.0,1.0,1.0,1.0
9be9272eca74587d,2021.10.11.02.57.41_veh-50_02155_02265,frozen_visual_sft,True,1.0,1.0,0.7452739448283267,1.0,1.0,1.0,0.8938641436784694
9c084095533b564c,2021.10.05.07.49.39_veh-52_00770_00905,frozen_visual_sft,True,1.0,1.0,0.6323078005620497,1.0,1.0,1.0,0.846794916900854
9c2572be2cc259d9,2021.07.09.15.53.28_veh-38_00184_02293,frozen_visual_sft,True,1.0,1.0,0.9325888045207651,1.0,1.0,1.0,0.9719120018836521
9c33787bfeda5800,2021.07.09.15.53.28_veh-38_00184_02293,frozen_visual_sft,True,1.0,1.0,1.0,1.0,1.0,1.0,1.0
9c792517780b5b7d,2021.07.09.15.53.28_veh-38_00184_02293,frozen_visual_sft,True,1.0,1.0,0.9242648331555724,1.0,1.0,1.0,0.9684436804814885
9c83725ca24453f5,2021.07.09.15.53.28_veh-38_00184_02293,frozen_visual_sft,True,1.0,1.0,1.0,1.0,1.0,1.0,1.0
9c891840338e54d4,2021.07.09.15.53.28_veh-38_00184_02293,frozen_visual_sft,True,1.0,1.0,0.7788940383078429,1.0,1.0,1.0,0.9078725159616012
9cb25aa118655418,2021.07.09.15.53.28_veh-38_00184_02293,frozen_visual_sft,True,1.0,1.0,1.0,1.0,1.0,1.0,1.0
9cb570dc6b2b5355,2021.06.09.12.06.35_veh-35_01164_01494,frozen_visual_sft,True,1.0,1.0,0.8112516039589898,1.0,1.0,1.0,0.9213548349829125
9cc73a8bde335ec2,2021.07.09.15.53.28_veh-38_00184_02293,frozen_visual_sft,True,1.0,1.0,1.0,1.0,1.0,1.0,1.0
9ce14bde80df5bab,2021.10.05.08.11.15_veh-50_00437_00585,frozen_visual_sft,True,1.0,1.0,0.8456224376933124,1.0,1.0,1.0,0.9356760157055467
9cef9bb074dc57a9,2021.06.09.17.23.18_veh-38_01598_01750,frozen_visual_sft,True,1.0,1.0,1.0,1.0,1.0,1.0,1.0
9d0c0ca6c0b352b8,2021.06.09.12.51.31_veh-35_01729_02626,frozen_visual_sft,True,1.0,1.0,0.7887787119948637,1.0,1.0,1.0,0.9119911299978599
9d35cc01a2ca541d,2021.06.09.20.26.11_veh-35_00970_01216,frozen_visual_sft,True,1.0,1.0,0.7814450923610483,1.0,1.0,1.0,0.9089354551504368
9d572fd0a3c0584f,2021.07.09.15.53.28_veh-38_00184_02293,frozen_visual_sft,True,1.0,1.0,1.0,1.0,1.0,0.5,1.0
9d87ac4fbc1959d9,2021.06.09.12.51.31_veh-35_01729_02626,frozen_visual_sft,True,1.0,1.0,1.0,1.0,1.0,1.0,1.0
9d87df3517f0557a,2021.06.09.12.51.31_veh-35_01729_02626,frozen_visual_sft,True,1.0,1.0,0.7594559347185653,1.0,1.0,1.0,0.8997733061327354
9d8f4e67c96b5637,2021.07.09.15.53.28_veh-38_00184_02293,frozen_visual_sft,True,1.0,1.0,0.9288949997499418,1.0,1.0,1.0,0.9703729165624758
9db16a5b77095de4,2021.07.09.15.53.28_veh-38_00184_02293,frozen_visual_sft,True,1.0,1.0,0.6500787694622475,1.0,1.0,1.0,0.8541994872759364
9e6d11e4e8385c43,2021.06.09.20.26.11_veh-35_00970_01216,frozen_visual_sft,True,1.0,1.0,1.0,1.0,1.0,1.0,1.0
9e7532e485cc5816,2021.07.09.15.53.28_veh-38_00184_02293,frozen_visual_sft,True,1.0,1.0,1.0,1.0,1.0,1.0,1.0
9eac02522d2a5ed3,2021.07.09.15.53.28_veh-38_00184_02293,frozen_visual_sft,True,1.0,1.0,1.0,1.0,1.0,1.0,1.0
9eae5a2e43535977,2021.10.11.02.57.41_veh-50_01028_01289,frozen_visual_sft,True,1.0,0.0,0.0,1.0,1.0,1.0,0.0
9eba22c564c15cff,2021.06.09.20.26.11_veh-35_00970_01216,frozen_visual_sft,True,1.0,1.0,1.0,1.0,1.0,1.0,1.0
9ebea9056e195897,2021.06.09.12.51.31_veh-35_01729_02626,frozen_visual_sft,True,1.0,1.0,0.7133695238186475,1.0,1.0,1.0,0.8805706349244365
9ed6b55afa4251dd,2021.06.09.17.23.18_veh-38_01598_01750,frozen_visual_sft,True,1.0,1.0,1.0,1.0,1.0,1.0,1.0
9f2f87e8c4b558c8,2021.07.09.15.53.28_veh-38_00184_02293,frozen_visual_sft,True,1.0,1.0,0.87142818814419,1.0,1.0,1.0,0.9464284117267457
9f40f3d09a0c5024,2021.07.09.15.53.28_veh-38_00184_02293,frozen_visual_sft,True,1.0,1.0,0.9627352693787644,1.0,1.0,1.0,0.9844730289078184
9f56c42b0c4b552c,2021.07.09.15.53.28_veh-38_00184_02293,frozen_visual_sft,True,1.0,1.0,0.9014904995049089,1.0,1.0,1.0,0.958954374793712
9f7def7fc5e4570e,2021.07.09.20.26.06_veh-35_02793_03289,frozen_visual_sft,True,1.0,1.0,0.7147376198842496,1.0,1.0,1.0,0.8811406749517706
9f885abfb8cd5675,2021.07.16.22.40.23_veh-38_00204_00360,frozen_visual_sft,True,1.0,1.0,1.0,1.0,1.0,1.0,1.0
9fabef7447845a3b,2021.06.09.12.51.31_veh-35_01729_02626,frozen_visual_sft,True,1.0,1.0,0.8096978428784465,1.0,1.0,1.0,0.920707434532686
9fb2a722bf485a1b,2021.06.09.12.51.31_veh-35_01729_02626,frozen_visual_sft,True,1.0,1.0,0.7176167615414989,1.0,1.0,1.0,0.8823403173089579
a0036dbb7dd9522a,2021.07.09.15.53.28_veh-38_00184_02293,frozen_visual_sft,True,1.0,1.0,1.0,1.0,1.0,1.0,1.0
a0134d1c60475b3c,2021.06.23.17.31.36_veh-16_00016_00377,frozen_visual_sft,True,1.0,1.0,0.9164555614824749,1.0,1.0,1.0,0.9651898172843646
a01fa5eb5be95c2a,2021.07.09.20.26.06_veh-35_02793_03289,frozen_visual_sft,True,1.0,1.0,0.7908991553078059,1.0,1.0,1.0,0.9128746480449191
a02f3e19c1ad5991,2021.06.09.20.26.11_veh-35_00970_01216,frozen_visual_sft,True,1.0,1.0,0.8800415418799094,1.0,1.0,1.0,0.950017309116629
a0493e8185235ec7,2021.10.05.07.49.39_veh-52_00770_00905,frozen_visual_sft,True,1.0,1.0,0.9273107903450699,1.0,1.0,1.0,0.9697128293104459
a0757b8313a15615,2021.10.11.02.57.41_veh-50_02155_02265,frozen_visual_sft,True,1.0,1.0,0.6812291108354172,1.0,1.0,1.0,0.8671787961814239
a075a523b64550e9,2021.07.09.15.53.28_veh-38_00184_02293,frozen_visual_sft,True,1.0,1.0,0.5600542050163041,1.0,1.0,1.0,0.8166892520901268
a094176b58375800,2021.07.09.15.53.28_veh-38_00184_02293,frozen_visual_sft,True,1.0,1.0,1.0,1.0,1.0,1.0,1.0
a0c05b04e8fc5d85,2021.07.09.15.53.28_veh-38_00184_02293,frozen_visual_sft,True,1.0,1.0,1.0,1.0,1.0,1.0,1.0
a156a990d01f5a38,2021.07.09.15.53.28_veh-38_00184_02293,frozen_visual_sft,True,1.0,1.0,1.0,1.0,1.0,1.0,1.0
a1722fd06916560d,2021.06.09.12.06.35_veh-35_01164_01494,frozen_visual_sft,True,1.0,1.0,0.7760739242774494,1.0,1.0,1.0,0.9066974684489373
a173aec70e58581c,2021.07.09.15.53.28_veh-38_00184_02293,frozen_visual_sft,True,1.0,1.0,0.7267533369316214,1.0,1.0,1.0,0.8861472237215088
a17b55560d22530f,2021.10.05.07.49.39_veh-52_00770_00905,frozen_visual_sft,True,1.0,1.0,1.0,1.0,1.0,1.0,1.0
a1b196339e23508b,2021.07.09.15.53.28_veh-38_00184_02293,frozen_visual_sft,True,1.0,1.0,0.7181636641353952,1.0,1.0,1.0,0.8825681933897481
a1c0bc234f6b509d,2021.07.09.15.53.28_veh-38_00184_02293,frozen_visual_sft,True,1.0,1.0,0.8435207539521069,1.0,1.0,1.0,0.9348003141467113
a1cca44efdc256a2,2021.06.23.17.31.36_veh-16_00016_00377,frozen_visual_sft,True,1.0,1.0,1.0,1.0,1.0,1.0,1.0
a1e1af9908e45556,2021.10.11.02.57.41_veh-50_02155_02265,frozen_visual_sft,True,1.0,1.0,0.67830802593435,1.0,1.0,1.0,0.8659616774726459
a1f10af5c1bd57f8,2021.06.09.20.26.11_veh-35_00970_01216,frozen_visual_sft,True,1.0,1.0,0.9392799723739641,1.0,1.0,1.0,0.9746999884891517
a22e6b1ef8655ecf,2021.06.09.12.06.35_veh-35_01164_01494,frozen_visual_sft,True,1.0,1.0,0.741574205635917,1.0,1.0,1.0,0.8923225856816321
a27a8a02217d5ade,2021.08.31.11.47.30_veh-40_00919_01000,frozen_visual_sft,True,1.0,1.0,0.8463109816193389,1.0,1.0,1.0,0.9359629090080578
a287a8b3726a5d46,2021.06.09.12.51.31_veh-35_01729_02626,frozen_visual_sft,True,1.0,1.0,1.0,1.0,1.0,1.0,1.0
a29d4b0957d45457,2021.07.09.15.53.28_veh-38_00184_02293,frozen_visual_sft,True,1.0,1.0,1.0,1.0,1.0,1.0,1.0
a2e8d995e6985d26,2021.06.09.20.26.11_veh-35_00970_01216,frozen_visual_sft,True,1.0,1.0,0.9362806086070724,1.0,1.0,1.0,0.9734502535862802
a30635daffc75118,2021.06.09.12.06.35_veh-35_01164_01494,frozen_visual_sft,True,1.0,1.0,1.0,1.0,1.0,1.0,1.0
a3421711e5dc50e5,2021.07.09.20.26.06_veh-35_02793_03289,frozen_visual_sft,True,1.0,1.0,1.0,1.0,1.0,1.0,1.0
a3648b6dd505564f,2021.07.09.15.53.28_veh-38_00184_02293,frozen_visual_sft,True,1.0,1.0,1.0,1.0,1.0,1.0,1.0
a3886a0066ca51e0,2021.10.11.02.57.41_veh-50_01028_01289,frozen_visual_sft,True,1.0,1.0,0.6730304067203787,1.0,1.0,1.0,0.8637626694668246
a3b1fb4905615ee0,2021.07.09.15.53.28_veh-38_00184_02293,frozen_visual_sft,True,1.0,0.0,0.0,1.0,1.0,1.0,0.0
a3ef1c88095a59da,2021.07.09.15.53.28_veh-38_00184_02293,frozen_visual_sft,True,1.0,1.0,0.668588998832433,1.0,1.0,1.0,0.8619120828468471
a43022f0434c530b,2021.10.01.17.52.06_veh-28_01141_01264,frozen_visual_sft,True,1.0,1.0,0.9522199717848178,1.0,1.0,1.0,0.9800916549103408
a46b9833db705dd8,2021.06.09.12.51.31_veh-35_01729_02626,frozen_visual_sft,True,1.0,1.0,0.5974088083416048,1.0,1.0,1.0,0.8322536701423354
a47149d13d5a5b74,2021.10.11.02.57.41_veh-50_02155_02265,frozen_visual_sft,True,1.0,1.0,0.7726758451317643,1.0,1.0,1.0,0.9052816021382352
a4add302e42c5c7e,2021.06.09.20.26.11_veh-35_00970_01216,frozen_visual_sft,True,1.0,1.0,0.8018993979978151,1.0,1.0,1.0,0.9174580824990896
a4ba975c32c95388,2021.07.09.15.53.28_veh-38_00184_02293,frozen_visual_sft,True,1.0,1.0,0.9562042123270875,1.0,1.0,1.0,0.9817517551362864
a501f397b8045aed,2021.07.09.15.53.28_veh-38_00184_02293,frozen_visual_sft,True,1.0,1.0,0.965758280423709,1.0,1.0,1.0,0.9857326168432121
a5051ac6e15551e7,2021.08.31.11.47.30_veh-40_00919_01000,frozen_visual_sft,True,1.0,1.0,0.8681284433270605,1.0,1.0,1.0,0.9450535180529419
a572a36643565d2d,2021.07.09.15.53.28_veh-38_00184_02293,frozen_visual_sft,True,1.0,1.0,1.0,1.0,1.0,1.0,1.0
a5aa2c07692a5f9b,2021.06.23.17.31.36_veh-16_00016_00377,frozen_visual_sft,True,1.0,1.0,1.0,1.0,1.0,1.0,1.0
a5bdf8f9621d585c,2021.07.09.15.53.28_veh-38_00184_02293,frozen_visual_sft,True,1.0,1.0,1.0,1.0,1.0,1.0,1.0
a5d0fdeecf745214,2021.07.09.15.53.28_veh-38_00184_02293,frozen_visual_sft,True,1.0,1.0,1.0,1.0,1.0,0.5,1.0
a5fc68e13b4c5653,2021.07.09.15.53.28_veh-38_00184_02293,frozen_visual_sft,True,1.0,1.0,1.0,1.0,1.0,1.0,1.0
a60f2627cee15fd4,2021.10.11.02.57.41_veh-50_02155_02265,frozen_visual_sft,True,1.0,1.0,0.6506703638806035,1.0,1.0,1.0,0.8544459849502516
a614f0e213bc5b3c,2021.10.11.02.57.41_veh-50_02155_02265,frozen_visual_sft,True,1.0,1.0,0.5844109248028602,1.0,1.0,1.0,0.8268378853345251
a61c2bbd0f3d5d8b,2021.06.09.12.06.35_veh-35_01164_01494,frozen_visual_sft,True,1.0,1.0,0.9774734473110313,1.0,1.0,1.0,0.9906139363795964
a636eadfab6a531d,2021.06.09.12.51.31_veh-35_01729_02626,frozen_visual_sft,True,1.0,1.0,0.5297330083434617,1.0,1.0,1.0,0.804055420143109
a63d9d8cd31858ae,2021.06.23.17.31.36_veh-16_00016_00377,frozen_visual_sft,True,1.0,1.0,0.8358935089470887,1.0,1.0,1.0,0.9316222953946203
a661c633fa3e5a59,2021.08.31.14.01.15_veh-40_01576_01714,frozen_visual_sft,True,1.0,1.0,1.0,1.0,1.0,1.0,1.0
a7052e45ec88505e,2021.07.09.20.26.06_veh-35_02793_03289,frozen_visual_sft,True,1.0,1.0,0.8252141400826405,1.0,1.0,1.0,0.9271725583677668
a732670827695579,2021.07.09.15.53.28_veh-38_00184_02293,frozen_visual_sft,True,1.0,1.0,0.7154869081588647,1.0,1.0,1.0,0.8814528783995269
a7678eea2655557f,2021.06.09.20.26.11_veh-35_00970_01216,frozen_visual_sft,True,1.0,1.0,0.7563422914673872,1.0,1.0,1.0,0.898475954778078
a77bff075d7c5d85,2021.10.11.02.57.41_veh-50_01028_01289,frozen_visual_sft,True,1.0,1.0,0.9089005284649985,1.0,1.0,1.0,0.962041886860416
a7a0e345cbe251ff,2021.06.09.20.26.11_veh-35_00970_01216,frozen_visual_sft,True,1.0,1.0,1.0,1.0,1.0,1.0,1.0
a7bfd664e59f5640,2021.07.09.15.53.28_veh-38_00184_02293,frozen_visual_sft,True,1.0,1.0,0.8842878367087239,1.0,1.0,1.0,0.9517865986286349
a7c85687d085540f,2021.07.09.15.53.28_veh-38_00184_02293,frozen_visual_sft,True,1.0,1.0,0.8887563720118276,1.0,1.0,1.0,0.9536484883382615
a7f219d0ab395e1b,2021.07.09.15.53.28_veh-38_00184_02293,frozen_visual_sft,True,1.0,1.0,1.0,1.0,1.0,1.0,1.0
a85db33ba720554a,2021.07.09.15.53.28_veh-38_00184_02293,frozen_visual_sft,True,1.0,1.0,1.0,1.0,1.0,1.0,1.0
a8739782d4355428,2021.06.09.12.51.31_veh-35_01729_02626,frozen_visual_sft,True,1.0,1.0,1.0,1.0,1.0,1.0,1.0
a890e898c911575d,2021.07.09.15.53.28_veh-38_00184_02293,frozen_visual_sft,True,1.0,1.0,1.0,1.0,1.0,1.0,1.0
a8c8ce07867e569e,2021.06.23.17.31.36_veh-16_00016_00377,frozen_visual_sft,True,1.0,1.0,0.8021078581435842,1.0,1.0,1.0,0.9175449408931602
a8e97875efab5ff5,2021.07.09.15.53.28_veh-38_00184_02293,frozen_visual_sft,True,1.0,1.0,0.801596953988247,1.0,1.0,1.0,0.9173320641617696
a8efb43e09885372,2021.07.09.15.53.28_veh-38_00184_02293,frozen_visual_sft,True,1.0,1.0,0.9524682117322,1.0,1.0,1.0,0.98019508822175
a8f42d585ae55630,2021.07.09.20.26.06_veh-35_02793_03289,frozen_visual_sft,True,1.0,1.0,0.8781399206552826,1.0,1.0,1.0,0.9492249669397012
a90b5f01478957ee,2021.07.09.15.53.28_veh-38_00184_02293,frozen_visual_sft,True,1.0,1.0,0.5685764074888611,1.0,1.0,1.0,0.8202401697870254
a91aee7fb6255053,2021.07.09.15.53.28_veh-38_00184_02293,frozen_visual_sft,True,1.0,1.0,0.7784957099240355,1.0,1.0,1.0,0.9077065458016814
a92a5c623e9a5906,2021.08.31.14.01.15_veh-40_01576_01714,frozen_visual_sft,True,1.0,1.0,0.8388007321034163,1.0,1.0,1.0,0.9328336383764234
a99dbc17a6f35fa0,2021.10.05.08.11.15_veh-50_00437_00585,frozen_visual_sft,True,1.0,1.0,0.7182936206115145,1.0,1.0,1.0,0.8826223419214644
a99fef2dc48459b8,2021.10.11.02.57.41_veh-50_02155_02265,frozen_visual_sft,True,1.0,1.0,0.7467766261020191,1.0,1.0,1.0,0.8944902608758413
a9bb657628115cf5,2021.07.09.15.53.28_veh-38_00184_02293,frozen_visual_sft,True,1.0,1.0,0.8527687368828752,1.0,1.0,1.0,0.9386536403678646
aa05717ed4265b1a,2021.06.09.12.51.31_veh-35_01729_02626,frozen_visual_sft,True,1.0,1.0,0.816870441124232,1.0,1.0,1.0,0.9236960171350966
aa22e0c0be2b588c,2021.07.09.20.26.06_veh-35_02793_03289,frozen_visual_sft,True,1.0,1.0,1.0,1.0,1.0,1.0,1.0
aa5c5efeeafd563c,2021.08.31.14.01.15_veh-40_01576_01714,frozen_visual_sft,True,1.0,1.0,0.8291177048976665,1.0,1.0,1.0,0.928799043707361
aa8326c244e85a40,2021.10.11.02.57.41_veh-50_02155_02265,frozen_visual_sft,True,1.0,1.0,0.724186773071123,1.0,1.0,1.0,0.8850778221129679
aa917b7bd6795583,2021.07.09.15.53.28_veh-38_00184_02293,frozen_visual_sft,True,1.0,1.0,0.9748010995968679,1.0,1.0,1.0,0.9895004581653616
aa9798a62fd05f92,2021.07.09.20.26.06_veh-35_02793_03289,frozen_visual_sft,True,1.0,1.0,0.8511145663936198,1.0,1.0,1.0,0.9379644026640083
aaa588f7383f52b7,2021.06.09.20.26.11_veh-35_00970_01216,frozen_visual_sft,True,1.0,1.0,0.7252484251714613,1.0,1.0,1.0,0.8855201771547755
aac0caff26875b79,2021.06.23.17.31.36_veh-16_00016_00377,frozen_visual_sft,True,1.0,1.0,1.0,1.0,1.0,1.0,1.0
aae99a84413d5f72,2021.06.09.20.26.11_veh-35_00970_01216,frozen_visual_sft,True,1.0,1.0,0.7272962735879707,1.0,1.0,1.0,0.8863734473283212
ab53984253715cdd,2021.10.11.02.57.41_veh-50_02155_02265,frozen_visual_sft,True,1.0,1.0,0.6912584585130357,1.0,1.0,1.0,0.8713576910470983
aba976ffd9c451de,2021.10.01.17.52.06_veh-28_01141_01264,frozen_visual_sft,True,1.0,1.0,0.8818469868426078,1.0,1.0,1.0,0.9507695778510866
abc8238662a8569e,2021.07.09.20.26.06_veh-35_02793_03289,frozen_visual_sft,True,1.0,1.0,0.8618565303556435,1.0,1.0,1.0,0.9424402209815183
abc8c3e51f5857d5,2021.10.05.08.11.15_veh-50_00437_00585,frozen_visual_sft,True,1.0,1.0,0.9819673957917116,1.0,1.0,1.0,0.9924864149132132
abc9f2cbeaeb55f6,2021.10.11.02.57.41_veh-50_01028_01289,frozen_visual_sft,True,1.0,1.0,0.8048095211719276,1.0,1.0,1.0,0.9186706338216366
abeedf530cf3573d,2021.10.11.02.57.41_veh-50_01028_01289,frozen_visual_sft,True,1.0,1.0,0.6124002503291939,1.0,1.0,1.0,0.8385001043038308
abf1cce3aa57532a,2021.10.05.08.11.15_veh-50_00437_00585,frozen_visual_sft,True,1.0,1.0,0.823636128532041,1.0,1.0,1.0,0.9265150535550171
ac0ca24fd2f158b7,2021.07.09.15.53.28_veh-38_00184_02293,frozen_visual_sft,True,1.0,1.0,1.0,1.0,1.0,1.0,1.0
ac2c3e22fe8c5c6d,2021.06.09.12.51.31_veh-35_01729_02626,frozen_visual_sft,True,1.0,1.0,0.6286397898785602,1.0,1.0,1.0,0.8452665791160667
ac5e2264df3958ac,2021.06.09.12.51.31_veh-35_01729_02626,frozen_visual_sft,True,1.0,1.0,0.6172122807851733,1.0,1.0,1.0,0.8405051169938221
ac681c2a50795ba0,2021.08.31.11.47.30_veh-40_00919_01000,frozen_visual_sft,True,1.0,1.0,1.0,1.0,1.0,1.0,1.0
ac7799ea12475109,2021.10.01.17.52.06_veh-28_01141_01264,frozen_visual_sft,True,1.0,1.0,0.9258908887810554,1.0,1.0,1.0,0.9691212036587732
ac7ab75271c75a44,2021.06.23.17.31.36_veh-16_00016_00377,frozen_visual_sft,True,1.0,1.0,1.0,1.0,1.0,1.0,1.0
acf90c09814b527d,2021.07.09.15.53.28_veh-38_00184_02293,frozen_visual_sft,True,1.0,1.0,0.881084507342403,1.0,1.0,1.0,0.9504518780593346
ad4728971bca5a56,2021.07.09.15.53.28_veh-38_00184_02293,frozen_visual_sft,True,1.0,1.0,1.0,1.0,1.0,1.0,1.0
ad6f2ee944415c58,2021.06.09.12.51.31_veh-35_01729_02626,frozen_visual_sft,True,1.0,1.0,1.0,1.0,1.0,1.0,1.0
ad75c0abe73d52c7,2021.10.11.02.57.41_veh-50_01028_01289,frozen_visual_sft,True,1.0,1.0,0.6470191058311859,1.0,1.0,1.0,0.8529246274296608
ad8f2bc5ddb055c9,2021.07.09.20.26.06_veh-35_02793_03289,frozen_visual_sft,True,1.0,1.0,0.7268589322689506,1.0,1.0,1.0,0.8861912217787294
ad9c60ee22de5163,2021.08.31.11.47.30_veh-40_00919_01000,frozen_visual_sft,True,1.0,1.0,0.8467918201050598,1.0,1.0,1.0,0.9361632583771082
add1ea7b7e845845,2021.07.09.20.26.06_veh-35_02793_03289,frozen_visual_sft,True,1.0,1.0,1.0,1.0,1.0,1.0,1.0
adeac17732895943,2021.07.09.15.53.28_veh-38_00184_02293,frozen_visual_sft,True,1.0,1.0,1.0,1.0,1.0,1.0,1.0
adf1f42c50905604,2021.07.09.20.26.06_veh-35_02793_03289,frozen_visual_sft,True,1.0,1.0,1.0,1.0,1.0,1.0,1.0
ae0c0121c32e5e5c,2021.07.09.20.26.06_veh-35_02793_03289,frozen_visual_sft,True,1.0,1.0,0.6515308947475158,1.0,1.0,1.0,0.8548045394781316
ae101de4cb1b513e,2021.07.09.15.53.28_veh-38_00184_02293,frozen_visual_sft,True,1.0,1.0,0.5565174256786862,1.0,1.0,1.0,0.8152155940327859
ae1ce6b276645fd1,2021.10.11.02.57.41_veh-50_02155_02265,frozen_visual_sft,True,1.0,1.0,0.6985323965844031,1.0,1.0,1.0,0.8743884985768346
ae2807f88fea5904,2021.10.11.02.57.41_veh-50_01028_01289,frozen_visual_sft,True,1.0,1.0,0.5636257633353269,1.0,1.0,1.0,0.8181774013897195
ae423ca6966757cf,2021.10.01.17.52.06_veh-28_01141_01264,frozen_visual_sft,True,1.0,1.0,0.9538414812643544,1.0,1.0,1.0,0.9807672838601477
ae65f8c63d9757ce,2021.07.09.15.53.28_veh-38_00184_02293,frozen_visual_sft,True,1.0,1.0,1.0,1.0,1.0,1.0,1.0
ae75038bea395c18,2021.07.09.15.53.28_veh-38_00184_02293,frozen_visual_sft,True,1.0,1.0,0.7915208717210002,1.0,1.0,1.0,0.9131336965504167
ae7aec1b18255951,2021.10.05.07.49.39_veh-52_00770_00905,frozen_visual_sft,True,1.0,1.0,1.0,1.0,1.0,1.0,1.0
aeac6b9b55cb5709,2021.10.05.08.11.15_veh-50_00437_00585,frozen_visual_sft,True,1.0,1.0,0.7004127045546202,1.0,1.0,1.0,0.8751719602310918
aee6f2e930d550e1,2021.10.05.07.49.39_veh-52_00770_00905,frozen_visual_sft,True,1.0,1.0,0.8897638242686079,1.0,1.0,1.0,0.9540682601119199
aefcaaf5aef552eb,2021.07.09.15.53.28_veh-38_00184_02293,frozen_visual_sft,True,1.0,1.0,1.0,1.0,1.0,1.0,1.0
af1647f044bf5353,2021.07.09.20.26.06_veh-35_02793_03289,frozen_visual_sft,True,1.0,1.0,0.9456394137173226,1.0,1.0,1.0,0.9773497557155512
af5340a6db3a56dc,2021.10.11.02.57.41_veh-50_02155_02265,frozen_visual_sft,True,1.0,1.0,0.7588690487785117,1.0,1.0,1.0,0.8995287703243798
af72d87120a75e89,2021.06.09.12.06.35_veh-35_01164_01494,frozen_visual_sft,True,1.0,1.0,1.0,1.0,1.0,1.0,1.0
afcacc1536c75f9f,2021.10.11.02.57.41_veh-50_01028_01289,frozen_visual_sft,True,1.0,1.0,0.6845616944996665,1.0,1.0,1.0,0.8685673727081943
b007973e1a8c56cb,2021.06.09.12.06.35_veh-35_01164_01494,frozen_visual_sft,True,1.0,1.0,0.9107748849504105,1.0,1.0,1.0,0.9628228687293378
b017af1b89af5241,2021.07.09.20.26.06_veh-35_02793_03289,frozen_visual_sft,True,1.0,1.0,1.0,1.0,1.0,1.0,1.0
b0224834f8b856d8,2021.07.09.15.53.28_veh-38_00184_02293,frozen_visual_sft,True,1.0,1.0,0.7242697744522161,1.0,1.0,1.0,0.8851124060217567
b02f4daf44f952d5,2021.06.09.14.50.36_veh-26_02826_02955,frozen_visual_sft,True,1.0,1.0,1.0,1.0,0.0,1.0,0.8333333333333334
b030dec92165592b,2021.07.09.15.53.28_veh-38_00184_02293,frozen_visual_sft,True,1.0,1.0,1.0,1.0,1.0,1.0,1.0
b042f8b582f453d8,2021.10.11.02.57.41_veh-50_02155_02265,frozen_visual_sft,True,1.0,1.0,0.699320382404005,1.0,1.0,1.0,0.8747168260016688
b066a7fc60ff523a,2021.07.09.15.53.28_veh-38_00184_02293,frozen_visual_sft,True,1.0,1.0,1.0,1.0,1.0,1.0,1.0
b08f0c9d23f054dc,2021.10.05.08.11.15_veh-50_00437_00585,frozen_visual_sft,True,1.0,1.0,0.671304669305156,1.0,1.0,1.0,0.8630436122104816
b0ab79add8315a10,2021.10.11.02.57.41_veh-50_02155_02265,frozen_visual_sft,True,1.0,1.0,0.7502079517944337,1.0,1.0,1.0,0.8959199799143475
b0fbd8c8185b5ba8,2021.07.09.20.26.06_veh-35_02793_03289,frozen_visual_sft,True,1.0,1.0,1.0,1.0,1.0,1.0,1.0
b1c8504629d8571f,2021.07.09.15.53.28_veh-38_00184_02293,frozen_visual_sft,True,1.0,1.0,0.8615669238468086,1.0,1.0,1.0,0.942319551602837
b1dfcdc2c85b536b,2021.10.01.17.52.06_veh-28_01141_01264,frozen_visual_sft,True,1.0,1.0,0.8299728082267336,1.0,1.0,1.0,0.929155336761139
b2119b944b7f5d42,2021.06.09.12.51.31_veh-35_01729_02626,frozen_visual_sft,True,1.0,1.0,1.0,1.0,1.0,1.0,1.0
b23b1644c9845dc3,2021.07.09.15.53.28_veh-38_00184_02293,frozen_visual_sft,True,1.0,1.0,1.0,1.0,1.0,1.0,1.0
b23ede9a183b5b71,2021.06.09.12.06.35_veh-35_01164_01494,frozen_visual_sft,True,1.0,1.0,0.7752280863049333,1.0,1.0,1.0,0.9063450359603888
b26470d352f35d83,2021.07.09.15.53.28_veh-38_00184_02293,frozen_visual_sft,True,1.0,1.0,0.6179415314166119,1.0,1.0,1.0,0.8408089714235883
b2b97b044f3d52f5,2021.10.11.02.57.41_veh-50_02155_02265,frozen_visual_sft,True,1.0,1.0,0.7229201819497677,1.0,1.0,1.0,0.8845500758124031
b2dffb44dcbd58e6,2021.10.05.07.49.39_veh-52_00770_00905,frozen_visual_sft,True,1.0,1.0,0.7667486822304308,1.0,1.0,1.0,0.9028119509293462
b308eee052bc5e70,2021.07.09.15.53.28_veh-38_00184_02293,frozen_visual_sft,True,1.0,1.0,0.920742744468703,1.0,1.0,1.0,0.9669761435286262
b31cfbd91b505320,2021.07.09.20.26.06_veh-35_02793_03289,frozen_visual_sft,True,1.0,1.0,0.8939238980661117,1.0,1.0,1.0,0.9558016241942132
b3786daf3a0357bd,2021.07.09.15.53.28_veh-38_00184_02293,frozen_visual_sft,True,1.0,1.0,1.0,1.0,1.0,1.0,1.0
b3811cb7cd8b5bee,2021.07.09.20.26.06_veh-35_02793_03289,frozen_visual_sft,True,1.0,1.0,1.0,1.0,1.0,1.0,1.0
b39a2ad9b6f050a9,2021.07.09.15.53.28_veh-38_00184_02293,frozen_visual_sft,True,1.0,1.0,0.8265810784167579,1.0,1.0,1.0,0.9277421160069824
b3c10c514af95e75,2021.10.11.02.57.41_veh-50_01028_01289,frozen_visual_sft,True,1.0,1.0,0.823053177471281,1.0,1.0,1.0,0.9262721572797004
b3d05d10a7075767,2021.10.11.02.57.41_veh-50_01028_01289,frozen_visual_sft,True,1.0,1.0,0.6708246437054294,1.0,1.0,1.0,0.8628436015439288
b3e4a0d98ed9509d,2021.06.09.12.51.31_veh-35_01729_02626,frozen_visual_sft,True,1.0,1.0,0.6453642889718502,1.0,1.0,1.0,0.8522351204049375
b3fa24000d6f5d8d,2021.07.09.15.53.28_veh-38_00184_02293,frozen_visual_sft,True,1.0,1.0,0.7097066960788794,1.0,1.0,1.0,0.8790444566995331
b434729c2a2154c3,2021.10.11.02.57.41_veh-50_02155_02265,frozen_visual_sft,True,1.0,1.0,0.8538335210882156,1.0,1.0,1.0,0.9390973004534232
b462555081035453,2021.07.09.20.26.06_veh-35_02793_03289,frozen_visual_sft,True,1.0,1.0,0.8920235624166856,1.0,1.0,1.0,0.955009817673619
b49af1daed2a5108,2021.10.05.08.11.15_veh-50_00437_00585,frozen_visual_sft,True,1.0,1.0,0.6285599811586751,1.0,1.0,1.0,0.8452333254827812
b4b4b7ff096852e8,2021.07.09.15.53.28_veh-38_00184_02293,frozen_visual_sft,True,1.0,1.0,1.0,1.0,1.0,1.0,1.0
b4da9833a6795b8f,2021.07.09.15.53.28_veh-38_00184_02293,frozen_visual_sft,True,1.0,1.0,0.8883337987806702,1.0,1.0,1.0,0.9534724161586126
b5099ae80a345e3e,2021.10.05.08.11.15_veh-50_00437_00585,frozen_visual_sft,True,1.0,1.0,0.6212969755325927,1.0,1.0,1.0,0.8422070731385802
b518972e5c74575f,2021.07.09.20.26.06_veh-35_02793_03289,frozen_visual_sft,True,1.0,1.0,0.8347855409965796,1.0,1.0,1.0,0.9311606420819082
b56363ebc91255ac,2021.06.09.20.26.11_veh-35_00970_01216,frozen_visual_sft,True,1.0,1.0,0.7148507361260364,1.0,1.0,1.0,0.8811878067191818
b57bd30f8dbd5371,2021.10.11.02.57.41_veh-50_01028_01289,frozen_visual_sft,True,1.0,1.0,1.0,1.0,1.0,1.0,1.0
b5bc586e807859b9,2021.07.09.20.26.06_veh-35_02793_03289,frozen_visual_sft,True,1.0,1.0,0.901864561177015,1.0,1.0,1.0,0.9591102338237563
b5d7c17fe5375141,2021.06.09.20.26.11_veh-35_00970_01216,frozen_visual_sft,True,1.0,1.0,0.798732326579176,1.0,1.0,1.0,0.9161384694079899
b5de22e724db5143,2021.06.09.12.06.35_veh-35_01164_01494,frozen_visual_sft,True,1.0,1.0,0.6061047480786542,1.0,1.0,1.0,0.8358769783661059
b5e45ceeb763563d,2021.07.09.20.26.06_veh-35_02793_03289,frozen_visual_sft,True,1.0,1.0,1.0,1.0,1.0,1.0,1.0
b6182e45cd3b5d7f,2021.06.23.17.31.36_veh-16_00016_00377,frozen_visual_sft,True,1.0,1.0,0.729746356223567,1.0,1.0,1.0,0.8873943150931529
b632e3d66c445180,2021.07.09.15.53.28_veh-38_00184_02293,frozen_visual_sft,True,1.0,1.0,1.0,1.0,1.0,1.0,1.0
b63e45593b79588a,2021.10.11.02.57.41_veh-50_02155_02265,frozen_visual_sft,True,1.0,1.0,0.7633546311552036,1.0,1.0,1.0,0.9013977629813349
b64628fc8a365a5f,2021.06.09.17.23.18_veh-38_01598_01750,frozen_visual_sft,True,1.0,1.0,1.0,1.0,1.0,1.0,1.0
b64e4fd64ae55427,2021.10.05.07.49.39_veh-52_00770_00905,frozen_visual_sft,True,1.0,1.0,0.672696381204431,1.0,1.0,1.0,0.863623492168513
b6714748d40f5d76,2021.06.09.12.51.31_veh-35_01729_02626,frozen_visual_sft,True,1.0,1.0,0.4985806922605351,1.0,1.0,1.0,0.7910752884418896
b6745c96ac0e5958,2021.07.09.15.53.28_veh-38_00184_02293,frozen_visual_sft,True,1.0,1.0,0.7626128183940925,1.0,1.0,1.0,0.9010886743308718
b6aac26e82e05762,2021.06.09.12.06.35_veh-35_01164_01494,frozen_visual_sft,True,1.0,1.0,0.9376745568149301,1.0,1.0,1.0,0.9740310653395542
b6d189e5f2ec50c2,2021.06.23.17.31.36_veh-16_00016_00377,frozen_visual_sft,True,1.0,1.0,1.0,1.0,1.0,1.0,1.0
b6d928e9508d596b,2021.07.09.15.53.28_veh-38_00184_02293,frozen_visual_sft,True,1.0,1.0,1.0,1.0,1.0,1.0,1.0
b735436ddca45550,2021.07.09.15.53.28_veh-38_00184_02293,frozen_visual_sft,True,1.0,1.0,1.0,1.0,1.0,1.0,1.0
b73a3a2e7064563b,2021.07.09.15.53.28_veh-38_00184_02293,frozen_visual_sft,True,1.0,1.0,1.0,1.0,1.0,1.0,1.0
b7b9f10bef7a5622,2021.06.23.17.31.36_veh-16_00016_00377,frozen_visual_sft,True,1.0,1.0,0.8237980002036398,1.0,1.0,1.0,0.9265825000848499
b7bf330d5c115db3,2021.06.09.12.06.35_veh-35_01164_01494,frozen_visual_sft,True,1.0,1.0,0.9266466015545245,1.0,1.0,1.0,0.9694360839810519
b7c1be361c1d5615,2021.07.09.20.26.06_veh-35_02793_03289,frozen_visual_sft,True,1.0,1.0,0.7708774719011172,1.0,1.0,1.0,0.9045322799587989
b7e570107a325b8f,2021.07.09.15.53.28_veh-38_00184_02293,frozen_visual_sft,True,1.0,1.0,0.6166090656282224,1.0,1.0,1.0,0.8402537773450925
b81fcf5bd7a4591a,2021.06.23.17.31.36_veh-16_00016_00377,frozen_visual_sft,True,1.0,1.0,1.0,1.0,1.0,1.0,1.0
b83936f0ca9b5b93,2021.07.09.15.53.28_veh-38_00184_02293,frozen_visual_sft,True,1.0,1.0,1.0,1.0,1.0,1.0,1.0
b84c65fdf2155597,2021.07.09.15.53.28_veh-38_00184_02293,frozen_visual_sft,True,1.0,1.0,0.8046753119667666,1.0,1.0,1.0,0.918614713319486
b85595849a165d8f,2021.10.05.08.11.15_veh-50_00437_00585,frozen_visual_sft,True,1.0,1.0,0.7563797764385076,1.0,1.0,1.0,0.8984915735160448
b91fedc2a88751e1,2021.06.09.12.06.35_veh-35_01164_01494,frozen_visual_sft,True,1.0,1.0,1.0,1.0,1.0,1.0,1.0
b92d3260427a573d,2021.10.11.02.57.41_veh-50_02155_02265,frozen_visual_sft,True,1.0,1.0,0.6673613249099987,1.0,1.0,1.0,0.8614005520458328
b941d62667685487,2021.07.09.15.53.28_veh-38_00184_02293,frozen_visual_sft,True,1.0,1.0,0.8633727177701086,1.0,1.0,1.0,0.9430719657375453
b94a09f5d1b550ea,2021.10.11.02.57.41_veh-50_02155_02265,frozen_visual_sft,True,1.0,1.0,0.7309615876403693,1.0,1.0,1.0,0.8879006615168206
b95a7514b8775870,2021.06.23.17.31.36_veh-16_00016_00377,frozen_visual_sft,True,1.0,1.0,1.0,1.0,1.0,1.0,1.0
b964d00130375a88,2021.10.05.07.49.39_veh-52_00770_00905,frozen_visual_sft,True,1.0,1.0,0.8122509870844822,1.0,1.0,1.0,0.9217712446185343
b97938c4b1ac52af,2021.07.09.20.26.06_veh-35_02793_03289,frozen_visual_sft,True,1.0,1.0,0.8987812162300175,1.0,1.0,1.0,0.9578255067625072
b98697803d5453a3,2021.07.09.15.53.28_veh-38_00184_02293,frozen_visual_sft,True,1.0,1.0,0.9211858119491539,1.0,1.0,1.0,0.967160754978814
b98a4b4bc2ee5b6a,2021.07.09.20.26.06_veh-35_02793_03289,frozen_visual_sft,True,1.0,1.0,0.8116876139475896,1.0,1.0,1.0,0.9215365058114956
b99eaf8d1f355bcc,2021.07.09.15.53.28_veh-38_00184_02293,frozen_visual_sft,True,1.0,1.0,0.8123691375917494,1.0,1.0,1.0,0.9218204739965623
b9a812dceaec5add,2021.07.09.15.53.28_veh-38_00184_02293,frozen_visual_sft,True,1.0,1.0,0.8491313813279089,1.0,1.0,1.0,0.9371380755532953
b9abb89d389351f8,2021.06.09.12.51.31_veh-35_01729_02626,frozen_visual_sft,True,1.0,1.0,1.0,1.0,1.0,1.0,1.0
ba0a961f7dc355f7,2021.07.09.15.53.28_veh-38_00184_02293,frozen_visual_sft,True,1.0,1.0,0.7599943329096971,1.0,1.0,0.0,0.8999976387123737
ba0f4d8974e75963,2021.07.09.15.53.28_veh-38_00184_02293,frozen_visual_sft,True,1.0,1.0,0.866698646853229,1.0,1.0,1.0,0.9444577695221787
bade9ac4b8cb5025,2021.07.09.15.53.28_veh-38_00184_02293,frozen_visual_sft,True,1.0,1.0,0.7981518539802586,1.0,1.0,1.0,0.9158966058251078
baf2dbf6552f5de4,2021.10.11.02.57.41_veh-50_02155_02265,frozen_visual_sft,True,1.0,1.0,0.7877314563174028,1.0,1.0,1.0,0.9115547734655846
bb22dd65cf5b51dd,2021.10.05.07.49.39_veh-52_00770_00905,frozen_visual_sft,True,1.0,1.0,0.7964491130044516,1.0,1.0,1.0,0.9151871304185214
bb452532dfb25d30,2021.07.09.15.53.28_veh-38_00184_02293,frozen_visual_sft,True,1.0,1.0,0.8844329125221321,1.0,1.0,1.0,0.9518470468842217
bb65c8e693035002,2021.06.09.12.51.31_veh-35_01729_02626,frozen_visual_sft,True,1.0,1.0,1.0,1.0,1.0,1.0,1.0
bb83b26d840d56b6,2021.10.11.02.57.41_veh-50_01028_01289,frozen_visual_sft,True,1.0,1.0,0.6698135834160599,1.0,1.0,1.0,0.8624223264233583
bb9c2a9a955450bc,2021.07.09.20.26.06_veh-35_02793_03289,frozen_visual_sft,True,1.0,1.0,1.0,1.0,1.0,1.0,1.0
bba3291877d059ac,2021.07.16.22.40.23_veh-38_00204_00360,frozen_visual_sft,True,1.0,1.0,0.983803676024207,1.0,1.0,1.0,0.9932515316767528
bbf8128f3cbd51ef,2021.06.09.20.26.11_veh-35_00970_01216,frozen_visual_sft,True,1.0,1.0,1.0,1.0,1.0,1.0,1.0
bbf94133c5e75ca5,2021.10.11.02.57.41_veh-50_02155_02265,frozen_visual_sft,True,1.0,1.0,0.7095765294588274,1.0,1.0,1.0,0.8789902206078448
bc1dfb2384b05a4b,2021.06.09.20.26.11_veh-35_00970_01216,frozen_visual_sft,True,1.0,1.0,0.8558065192486366,1.0,1.0,1.0,0.9399193830202653
bc445c24b7545106,2021.07.09.20.26.06_veh-35_02793_03289,frozen_visual_sft,True,1.0,1.0,0.9219900274888799,1.0,1.0,1.0,0.9674958447870333
bcf3fcf890f55beb,2021.07.09.15.53.28_veh-38_00184_02293,frozen_visual_sft,True,1.0,1.0,1.0,1.0,1.0,1.0,1.0
bd40634c00f1577c,2021.06.09.14.50.36_veh-26_02826_02955,frozen_visual_sft,True,1.0,1.0,0.9703944100973461,1.0,1.0,1.0,0.9876643375405608
bd493f896ba85e28,2021.07.09.15.53.28_veh-38_00184_02293,frozen_visual_sft,True,1.0,1.0,0.5436901182691856,1.0,1.0,1.0,0.8098708826121607
bd656f4e771156cb,2021.07.09.15.53.28_veh-38_00184_02293,frozen_visual_sft,True,1.0,1.0,1.0,1.0,1.0,1.0,1.0
bd65a234358f5492,2021.07.09.15.53.28_veh-38_00184_02293,frozen_visual_sft,True,1.0,1.0,0.9380545244242426,1.0,1.0,1.0,0.9741893851767678
bd6f57a9bbce532d,2021.06.09.12.51.31_veh-35_01729_02626,frozen_visual_sft,True,1.0,1.0,1.0,1.0,1.0,1.0,1.0
bd8da61ec9b053a6,2021.07.09.20.26.06_veh-35_02793_03289,frozen_visual_sft,True,1.0,1.0,1.0,1.0,1.0,1.0,1.0
be0a4fadbbf8555a,2021.07.09.20.26.06_veh-35_02793_03289,frozen_visual_sft,True,1.0,1.0,0.8437467302092082,1.0,1.0,1.0,0.9348944709205034
be8cd276bd665f61,2021.06.09.12.06.35_veh-35_01164_01494,frozen_visual_sft,True,1.0,1.0,1.0,1.0,1.0,1.0,1.0
be9b110689c05894,2021.07.09.15.53.28_veh-38_00184_02293,frozen_visual_sft,True,1.0,1.0,0.9772586786767404,1.0,1.0,1.0,0.9905244494486419
beb7c6e766c65d0e,2021.07.09.15.53.28_veh-38_00184_02293,frozen_visual_sft,True,1.0,1.0,0.7801964857904605,1.0,1.0,0.0,0.9084152024126918
bef6605735245959,2021.10.11.02.57.41_veh-50_01028_01289,frozen_visual_sft,True,1.0,1.0,0.6760747142659436,1.0,1.0,1.0,0.8650311309441432
bf12b61919e85002,2021.10.05.08.11.15_veh-50_00437_00585,frozen_visual_sft,True,1.0,1.0,0.9800073885080252,1.0,1.0,1.0,0.9916697452116772
bf2b503b8bff5859,2021.06.09.12.51.31_veh-35_01729_02626,frozen_visual_sft,True,1.0,1.0,1.0,1.0,1.0,1.0,1.0
bff3326028ec59ab,2021.07.09.15.53.28_veh-38_00184_02293,frozen_visual_sft,True,1.0,1.0,0.8722520904000965,1.0,1.0,1.0,0.9467717043333735
c00abd335c885349,2021.06.09.17.23.18_veh-38_01598_01750,frozen_visual_sft,True,1.0,1.0,0.78126459930169,1.0,1.0,1.0,0.9088602497090376
c00c768576c85009,2021.07.09.15.53.28_veh-38_00184_02293,frozen_visual_sft,True,1.0,1.0,1.0,1.0,1.0,1.0,1.0
c050331009ac5df2,2021.10.05.07.49.39_veh-52_00770_00905,frozen_visual_sft,True,1.0,1.0,0.7923271827885361,1.0,1.0,1.0,0.9134696594952234
c0921d509e2c502d,2021.10.05.07.49.39_veh-52_00770_00905,frozen_visual_sft,True,1.0,1.0,1.0,1.0,1.0,1.0,1.0
c0a403cdf4c053bc,2021.07.09.15.53.28_veh-38_00184_02293,frozen_visual_sft,True,1.0,1.0,1.0,1.0,1.0,1.0,1.0
c0d603acd14d5441,2021.07.09.20.26.06_veh-35_02793_03289,frozen_visual_sft,True,1.0,1.0,0.808165913396016,1.0,1.0,1.0,0.9200691305816733
c0dfedf6168e5ca9,2021.07.09.15.53.28_veh-38_00184_02293,frozen_visual_sft,True,1.0,1.0,0.9296349715921479,1.0,1.0,1.0,0.970681238163395
c0e018420a2359b3,2021.10.05.07.49.39_veh-52_00770_00905,frozen_visual_sft,True,1.0,1.0,0.6924779103103603,1.0,1.0,1.0,0.8718657959626501
c0f92874404d5814,2021.06.23.17.31.36_veh-16_00016_00377,frozen_visual_sft,True,1.0,1.0,1.0,1.0,1.0,1.0,1.0
c10584362e7f5f9d,2021.06.09.12.51.31_veh-35_01729_02626,frozen_visual_sft,True,1.0,1.0,0.9668512761742383,1.0,1.0,1.0,0.9861880317392661
c11f2df51dd65f35,2021.07.09.20.26.06_veh-35_02793_03289,frozen_visual_sft,True,1.0,1.0,0.8953301373794149,1.0,1.0,1.0,0.9563875572414228
c11fc5cf8d5a516e,2021.07.09.15.53.28_veh-38_00184_02293,frozen_visual_sft,True,1.0,1.0,0.8676325469109529,1.0,1.0,1.0,0.9448468945462304
c13bf60d0e065292,2021.10.11.02.57.41_veh-50_02155_02265,frozen_visual_sft,True,1.0,1.0,0.7476952780899498,1.0,1.0,1.0,0.8948730325374791
c13c48577f9255c8,2021.08.31.14.01.15_veh-40_01576_01714,frozen_visual_sft,True,1.0,1.0,1.0,1.0,1.0,1.0,1.0
c14c33af349e53d0,2021.07.09.20.26.06_veh-35_02793_03289,frozen_visual_sft,True,1.0,1.0,0.9038830878382871,1.0,1.0,1.0,0.9599512865992863
c17473f5cacd51be,2021.07.09.15.53.28_veh-38_00184_02293,frozen_visual_sft,True,1.0,1.0,1.0,1.0,1.0,1.0,1.0
c1e04a28d50f5105,2021.06.09.12.06.35_veh-35_01164_01494,frozen_visual_sft,True,1.0,1.0,1.0,1.0,1.0,1.0,1.0
c1e4bb8da1655e19,2021.08.31.14.01.15_veh-40_01576_01714,frozen_visual_sft,True,1.0,1.0,1.0,1.0,1.0,1.0,1.0
c2ab52aa1d45570e,2021.06.09.12.51.31_veh-35_01729_02626,frozen_visual_sft,True,1.0,1.0,0.6350145837983397,1.0,1.0,1.0,0.8479227432493083
c3320ccc8a035eec,2021.06.09.20.26.11_veh-35_00970_01216,frozen_visual_sft,True,1.0,1.0,0.8108745328647671,1.0,1.0,1.0,0.9211977220269864
c368ddc3ee435179,2021.07.09.15.53.28_veh-38_00184_02293,frozen_visual_sft,True,1.0,1.0,1.0,1.0,1.0,1.0,1.0
c3b1d706a2335cc9,2021.10.01.17.52.06_veh-28_01141_01264,frozen_visual_sft,True,1.0,1.0,1.0,1.0,1.0,1.0,1.0
c3f177935f5f5d5e,2021.07.09.15.53.28_veh-38_00184_02293,frozen_visual_sft,True,1.0,1.0,0.8269997959709582,1.0,1.0,1.0,0.9279165816545659
c4220658d3095647,2021.07.09.15.53.28_veh-38_00184_02293,frozen_visual_sft,True,1.0,1.0,0.8374544809787893,1.0,1.0,1.0,0.9322727004078288
c47ae82409da5780,2021.10.11.02.57.41_veh-50_01028_01289,frozen_visual_sft,True,1.0,1.0,0.7535871599479222,1.0,1.0,1.0,0.8973279833116342
c4f3d6c372f75f22,2021.06.23.17.31.36_veh-16_00016_00377,frozen_visual_sft,True,1.0,1.0,1.0,1.0,1.0,1.0,1.0
c4fc1ccdc82752ef,2021.07.09.20.26.06_veh-35_02793_03289,frozen_visual_sft,True,1.0,1.0,0.8140496533372255,1.0,1.0,1.0,0.9225206888905105
c57100ab365351a9,2021.07.09.15.53.28_veh-38_00184_02293,frozen_visual_sft,True,1.0,1.0,0.5333063215274009,1.0,1.0,1.0,0.805544300636417
c588c26050e057b1,2021.06.09.12.06.35_veh-35_01164_01494,frozen_visual_sft,True,1.0,1.0,1.0,1.0,1.0,1.0,1.0
c5c83e635ce45982,2021.06.23.17.31.36_veh-16_00016_00377,frozen_visual_sft,True,1.0,1.0,0.835305219501612,1.0,1.0,1.0,0.9313771747923383
c5e10c9e5bc853ec,2021.06.09.12.51.31_veh-35_01729_02626,frozen_visual_sft,True,1.0,1.0,1.0,1.0,1.0,1.0,1.0
c5f68fedccf05348,2021.07.09.20.26.06_veh-35_02793_03289,frozen_visual_sft,True,1.0,1.0,0.9408130384717998,1.0,1.0,1.0,0.9753387660299166
c6cd57d4069b55bb,2021.07.09.20.26.06_veh-35_02793_03289,frozen_visual_sft,True,1.0,1.0,0.8994533031415531,1.0,1.0,1.0,0.9581055429756472
c6cfdd13a63555f9,2021.06.23.17.31.36_veh-16_00016_00377,frozen_visual_sft,True,1.0,1.0,1.0,1.0,1.0,1.0,1.0
c6de08f6ac3356ed,2021.07.09.15.53.28_veh-38_00184_02293,frozen_visual_sft,True,1.0,1.0,1.0,1.0,1.0,1.0,1.0
c6e5078c49e6512e,2021.07.09.15.53.28_veh-38_00184_02293,frozen_visual_sft,True,1.0,1.0,1.0,1.0,1.0,1.0,1.0
c73b0140d9f153a8,2021.07.09.20.26.06_veh-35_02793_03289,frozen_visual_sft,True,1.0,1.0,0.8883679541063128,1.0,1.0,1.0,0.953486647544297
c73e4e862203503a,2021.07.09.15.53.28_veh-38_00184_02293,frozen_visual_sft,True,1.0,1.0,0.9320165064340391,1.0,1.0,1.0,0.9716735443475163
c77b059c1f3a5674,2021.10.05.07.49.39_veh-52_00770_00905,frozen_visual_sft,True,1.0,1.0,0.8184331350363834,1.0,1.0,1.0,0.9243471395984931
c781e2c428ee5b12,2021.10.11.02.57.41_veh-50_01028_01289,frozen_visual_sft,True,1.0,1.0,0.7453349791727426,1.0,1.0,1.0,0.8938895746553094
c782b0ff62235fda,2021.10.05.08.11.15_veh-50_00437_00585,frozen_visual_sft,True,1.0,1.0,0.7597081778503172,1.0,1.0,1.0,0.8998784074376323
c7835426e03a501e,2021.06.09.20.26.11_veh-35_00970_01216,frozen_visual_sft,True,1.0,1.0,0.8400468778919732,1.0,1.0,1.0,0.9333528657883221
c790a13084305af6,2021.08.31.14.01.15_veh-40_01576_01714,frozen_visual_sft,True,1.0,1.0,1.0,1.0,1.0,1.0,1.0
c7a4ef2685fe5928,2021.10.05.08.11.15_veh-50_00437_00585,frozen_visual_sft,True,1.0,1.0,0.5803755275472958,1.0,1.0,1.0,0.8251564698113732
c7d20bed29e95a90,2021.10.05.07.49.39_veh-52_00770_00905,frozen_visual_sft,True,1.0,1.0,1.0,1.0,1.0,1.0,1.0
c7e729ba460a565d,2021.10.05.08.11.15_veh-50_00437_00585,frozen_visual_sft,True,1.0,1.0,0.8585750614682428,1.0,1.0,1.0,0.9410729422784345
c7ed8536a3815721,2021.07.09.15.53.28_veh-38_00184_02293,frozen_visual_sft,True,1.0,1.0,1.0,1.0,1.0,1.0,1.0
c8072f55706c5f01,2021.06.23.17.31.36_veh-16_00016_00377,frozen_visual_sft,True,1.0,1.0,1.0,1.0,1.0,1.0,1.0
c817fbce92d158c4,2021.10.11.02.57.41_veh-50_01028_01289,frozen_visual_sft,True,1.0,1.0,0.6086540996408547,1.0,1.0,1.0,0.8369392081836895
c8359786d5db538c,2021.07.09.20.26.06_veh-35_02793_03289,frozen_visual_sft,True,1.0,1.0,1.0,1.0,1.0,1.0,1.0
c876b08cdb7b50ef,2021.10.05.07.49.39_veh-52_00770_00905,frozen_visual_sft,True,1.0,1.0,0.7647279174040694,1.0,1.0,1.0,0.901969965585029
c8b5826567975fc0,2021.06.09.12.06.35_veh-35_01164_01494,frozen_visual_sft,True,1.0,1.0,1.0,1.0,1.0,1.0,1.0
c8f3dd66357c59f2,2021.06.09.12.51.31_veh-35_01729_02626,frozen_visual_sft,True,1.0,1.0,1.0,1.0,1.0,1.0,1.0
c9566605ae1c5861,2021.06.09.12.51.31_veh-35_01729_02626,frozen_visual_sft,True,1.0,1.0,1.0,1.0,1.0,1.0,1.0
c9cf9a6acf495b50,2021.07.09.15.53.28_veh-38_00184_02293,frozen_visual_sft,True,1.0,1.0,1.0,1.0,1.0,1.0,1.0
ca02f85a9a995448,2021.06.09.12.51.31_veh-35_01729_02626,frozen_visual_sft,True,1.0,1.0,0.8998297863763544,1.0,1.0,1.0,0.9582624109901476
ca0eb08315185167,2021.07.09.20.26.06_veh-35_02793_03289,frozen_visual_sft,True,1.0,1.0,1.0,1.0,1.0,1.0,1.0
ca31b7933f8256e2,2021.08.31.14.01.15_veh-40_01576_01714,frozen_visual_sft,True,1.0,1.0,0.8195164913981724,1.0,1.0,1.0,0.9247985380825718
ca5e5cecc6e05022,2021.08.31.14.01.15_veh-40_01576_01714,frozen_visual_sft,True,1.0,1.0,1.0,1.0,1.0,1.0,1.0
ca626e7ddb9c5a11,2021.06.09.12.06.35_veh-35_01164_01494,frozen_visual_sft,True,1.0,1.0,1.0,1.0,1.0,1.0,1.0
caaeabfe1a50535c,2021.07.09.15.53.28_veh-38_00184_02293,frozen_visual_sft,True,1.0,1.0,1.0,1.0,1.0,1.0,1.0
cacc810a5db75d16,2021.06.23.17.31.36_veh-16_00016_00377,frozen_visual_sft,True,1.0,1.0,0.7610382970558317,1.0,1.0,1.0,0.9004326237732632
cb0ae811d2c95ead,2021.07.09.20.26.06_veh-35_02793_03289,frozen_visual_sft,True,1.0,1.0,1.0,1.0,1.0,1.0,1.0
cb25d763e7bf5a13,2021.07.09.15.53.28_veh-38_00184_02293,frozen_visual_sft,True,1.0,1.0,0.9667634901950276,1.0,1.0,1.0,0.9861514542479282
cb8765fe0d6a535b,2021.06.23.17.31.36_veh-16_00016_00377,frozen_visual_sft,True,1.0,1.0,1.0,1.0,1.0,1.0,1.0
cbb75454103b5430,2021.07.09.15.53.28_veh-38_00184_02293,frozen_visual_sft,True,1.0,1.0,0.9139432761583985,1.0,1.0,1.0,0.9641430317326661
cbd9412932fc5ad1,2021.07.09.15.53.28_veh-38_00184_02293,frozen_visual_sft,True,1.0,1.0,1.0,1.0,1.0,1.0,1.0
cbd954347b835347,2021.07.09.15.53.28_veh-38_00184_02293,frozen_visual_sft,True,1.0,1.0,1.0,1.0,1.0,1.0,1.0
cbde019469315d96,2021.07.09.15.53.28_veh-38_00184_02293,frozen_visual_sft,True,1.0,1.0,1.0,1.0,1.0,1.0,1.0
cc27c4b666135bb2,2021.07.09.15.53.28_veh-38_00184_02293,frozen_visual_sft,True,1.0,1.0,0.8201678590700267,1.0,1.0,1.0,0.9250699412791779
cc4e7f2a2a7255f5,2021.06.09.20.26.11_veh-35_00970_01216,frozen_visual_sft,True,1.0,1.0,0.5755509391274881,1.0,1.0,1.0,0.8231462246364534
cc8b959e3fcb5079,2021.10.11.02.57.41_veh-50_02155_02265,frozen_visual_sft,True,1.0,1.0,0.648340103943291,1.0,1.0,1.0,0.8534750433097046
cc9156b10b5855ff,2021.07.09.20.26.06_veh-35_02793_03289,frozen_visual_sft,True,1.0,1.0,0.7067080886321653,1.0,1.0,1.0,0.877795036930069
cc94486698ff58d1,2021.07.09.20.26.06_veh-35_02793_03289,frozen_visual_sft,True,1.0,1.0,0.7757534635685023,1.0,1.0,1.0,0.9065639431535426
cca22cc47f235643,2021.06.09.12.51.31_veh-35_01729_02626,frozen_visual_sft,True,1.0,1.0,0.7773480772405752,1.0,1.0,1.0,0.9072283655169063
cca7823320d05bc3,2021.07.16.22.40.23_veh-38_00204_00360,frozen_visual_sft,True,1.0,1.0,1.0,1.0,1.0,1.0,1.0
ccace872c29a5f29,2021.10.11.02.57.41_veh-50_02155_02265,frozen_visual_sft,True,1.0,1.0,0.7809403230425697,1.0,1.0,1.0,0.9087251346010707
ccd64ddebcda50f6,2021.07.09.20.26.06_veh-35_02793_03289,frozen_visual_sft,True,1.0,1.0,0.7563415787643537,1.0,1.0,1.0,0.8984756578184806
cce0038c37ca56a3,2021.10.05.08.11.15_veh-50_00437_00585,frozen_visual_sft,True,1.0,1.0,0.6982345097762968,1.0,1.0,1.0,0.8742643790734569
cce0aae6d8a853d2,2021.07.09.20.26.06_veh-35_02793_03289,frozen_visual_sft,True,1.0,1.0,0.9062105858020352,1.0,1.0,1.0,0.9609210774175146
ccfd863b143e5dd5,2021.06.09.20.26.11_veh-35_00970_01216,frozen_visual_sft,True,1.0,1.0,0.8266116161073698,1.0,1.0,1.0,0.9277548400447374
cd10c3adba835576,2021.07.09.15.53.28_veh-38_00184_02293,frozen_visual_sft,True,1.0,1.0,0.6866023909738753,1.0,1.0,1.0,0.8694176629057814
cd880952086a553c,2021.06.09.12.06.35_veh-35_01164_01494,frozen_visual_sft,True,1.0,1.0,0.8681491056370195,1.0,1.0,1.0,0.9450621273487582
cd964face7a55b94,2021.07.09.15.53.28_veh-38_00184_02293,frozen_visual_sft,True,1.0,1.0,1.0,1.0,1.0,1.0,1.0
cdbb81fdded65262,2021.10.11.02.57.41_veh-50_02155_02265,frozen_visual_sft,True,1.0,1.0,0.6385013367243865,1.0,1.0,1.0,0.8493755569684943
cdc78adcdfae53a0,2021.10.05.08.11.15_veh-50_00437_00585,frozen_visual_sft,True,1.0,1.0,1.0,1.0,1.0,0.5,1.0
cdca2eec19585f5e,2021.06.09.12.51.31_veh-35_01729_02626,frozen_visual_sft,True,1.0,1.0,1.0,1.0,1.0,1.0,1.0
cdec4cc7781e5d4d,2021.07.09.15.53.28_veh-38_00184_02293,frozen_visual_sft,True,1.0,1.0,1.0,1.0,1.0,1.0,1.0
cdf07217a5d057ef,2021.06.09.17.23.18_veh-38_01598_01750,frozen_visual_sft,True,1.0,1.0,1.0,1.0,1.0,1.0,1.0
cdf61e643b8e51b2,2021.07.09.15.53.28_veh-38_00184_02293,frozen_visual_sft,True,1.0,1.0,0.625707324692144,1.0,1.0,1.0,0.8440447186217267
ce0d30c4ede35e6e,2021.06.09.17.23.18_veh-38_01598_01750,frozen_visual_sft,True,1.0,1.0,1.0,1.0,1.0,1.0,1.0
ce22202f19695a70,2021.07.09.15.53.28_veh-38_00184_02293,frozen_visual_sft,True,1.0,1.0,0.7061491479584336,1.0,1.0,1.0,0.8775621449826807
ce256aa4ec3e5725,2021.07.09.15.53.28_veh-38_00184_02293,frozen_visual_sft,True,1.0,0.0,0.0,1.0,1.0,1.0,0.0
ce2ce7fb20ef570c,2021.10.11.02.57.41_veh-50_02155_02265,frozen_visual_sft,True,1.0,1.0,0.655938517852556,1.0,1.0,1.0,0.8566410491052316
ce77e05891225999,2021.08.31.14.01.15_veh-40_01576_01714,frozen_visual_sft,True,1.0,1.0,0.8448758999509991,1.0,1.0,1.0,0.9353649583129163
ceb16c2c18d252f3,2021.08.31.14.01.15_veh-40_01576_01714,frozen_visual_sft,True,1.0,1.0,1.0,1.0,1.0,1.0,1.0
cf11598e8f995d83,2021.06.09.12.06.35_veh-35_01164_01494,frozen_visual_sft,True,1.0,1.0,0.8853546612940072,1.0,1.0,1.0,0.952231108872503
cf1679ce3a565466,2021.07.09.15.53.28_veh-38_00184_02293,frozen_visual_sft,True,1.0,1.0,1.0,1.0,1.0,1.0,1.0
cf1b07486b655b3a,2021.10.01.17.52.06_veh-28_01141_01264,frozen_visual_sft,True,1.0,1.0,0.9581305290318176,1.0,1.0,1.0,0.9825543870965907
cf3c3737fbc355eb,2021.07.09.15.53.28_veh-38_00184_02293,frozen_visual_sft,True,1.0,1.0,0.8389058491234409,1.0,1.0,1.0,0.932877437134767
cf4f76be62c25b5f,2021.06.09.20.26.11_veh-35_00970_01216,frozen_visual_sft,True,1.0,1.0,1.0,1.0,1.0,1.0,1.0
cf53947dbbef5730,2021.07.09.15.53.28_veh-38_00184_02293,frozen_visual_sft,True,1.0,1.0,0.9872486832356181,1.0,1.0,1.0,0.9946869513481742
cf5cb6cadfbd52e9,2021.06.09.20.26.11_veh-35_00970_01216,frozen_visual_sft,True,1.0,1.0,0.7632155262080073,1.0,1.0,1.0,0.9013398025866697
cffa453c95b657c1,2021.06.23.17.31.36_veh-16_00016_00377,frozen_visual_sft,True,1.0,1.0,0.8387245527544502,1.0,1.0,1.0,0.9328018969810209
d024230338045f83,2021.10.11.02.57.41_veh-50_01028_01289,frozen_visual_sft,True,1.0,1.0,0.5901071373679997,1.0,1.0,1.0,0.8292113072366666
d06c2bb897f05b5c,2021.10.11.02.57.41_veh-50_02155_02265,frozen_visual_sft,True,1.0,1.0,0.7458093064321688,1.0,1.0,1.0,0.8940872110134036
d13ac79c8321555f,2021.07.09.15.53.28_veh-38_00184_02293,frozen_visual_sft,True,1.0,1.0,0.899990144392433,1.0,1.0,1.0,0.9583292268301804
d15d534ad5fb5212,2021.07.09.15.53.28_veh-38_00184_02293,frozen_visual_sft,True,1.0,1.0,1.0,1.0,1.0,1.0,1.0
d1828b733a4857dd,2021.07.09.15.53.28_veh-38_00184_02293,frozen_visual_sft,True,1.0,1.0,0.7467924859706113,1.0,1.0,1.0,0.8944968691544214
d1b49eebe00059c4,2021.07.09.20.26.06_veh-35_02793_03289,frozen_visual_sft,True,1.0,1.0,1.0,1.0,1.0,1.0,1.0
d1fc6c37998c5b40,2021.06.09.12.06.35_veh-35_01164_01494,frozen_visual_sft,True,1.0,1.0,0.8306793133416432,1.0,1.0,1.0,0.9294497138923514
d216d83e53955d24,2021.07.09.15.53.28_veh-38_00184_02293,frozen_visual_sft,True,1.0,1.0,1.0,1.0,1.0,1.0,1.0
d22040e885bf5509,2021.08.31.14.01.15_veh-40_01576_01714,frozen_visual_sft,True,1.0,1.0,1.0,1.0,1.0,1.0,1.0
d2238c0841d254ba,2021.06.23.17.31.36_veh-16_00016_00377,frozen_visual_sft,True,1.0,1.0,1.0,1.0,1.0,1.0,1.0
d253715e74925e00,2021.06.23.17.31.36_veh-16_00016_00377,frozen_visual_sft,True,1.0,1.0,0.9965226254032215,1.0,1.0,1.0,0.998551093918009
d28278a8dbb15ab5,2021.07.09.15.53.28_veh-38_00184_02293,frozen_visual_sft,True,1.0,1.0,0.7991282592293156,1.0,1.0,1.0,0.9163034413455482
d2906d36973b5d41,2021.06.09.20.26.11_veh-35_00970_01216,frozen_visual_sft,True,1.0,1.0,0.8592649833091577,1.0,1.0,1.0,0.9413604097121491
d2b44693e1fe5019,2021.10.11.02.57.41_veh-50_02155_02265,frozen_visual_sft,True,1.0,1.0,0.7274371436628153,1.0,1.0,1.0,0.8864321431928396
d2d0ac3e597b5959,2021.07.09.15.53.28_veh-38_00184_02293,frozen_visual_sft,True,1.0,1.0,0.9428876224140239,1.0,1.0,1.0,0.9762031760058433
d2e11ce62743532a,2021.07.09.15.53.28_veh-38_00184_02293,frozen_visual_sft,True,1.0,1.0,0.9381156829750895,1.0,1.0,1.0,0.9742148679062872
d3229ec0bd73520c,2021.10.11.02.57.41_veh-50_02155_02265,frozen_visual_sft,True,1.0,1.0,0.7321348899994016,1.0,1.0,1.0,0.8883895374997506
d344a8704ee85f35,2021.06.09.12.51.31_veh-35_01729_02626,frozen_visual_sft,True,1.0,1.0,0.9216011168020248,1.0,1.0,1.0,0.9673337986675103
d3ac5b4aac44586a,2021.07.09.15.53.28_veh-38_00184_02293,frozen_visual_sft,True,1.0,1.0,0.8388106237478415,1.0,1.0,1.0,0.9328377598949341
d3addd2ca8c15a58,2021.06.09.12.06.35_veh-35_01164_01494,frozen_visual_sft,True,1.0,1.0,1.0,1.0,1.0,1.0,1.0
d3e39f5f0aed50d1,2021.07.09.15.53.28_veh-38_00184_02293,frozen_visual_sft,True,1.0,1.0,1.0,1.0,1.0,1.0,1.0
d4196ca11ef45f55,2021.06.09.20.26.11_veh-35_00970_01216,frozen_visual_sft,True,1.0,1.0,1.0,1.0,1.0,1.0,1.0
d43f45ce61dd52e3,2021.06.23.17.31.36_veh-16_00016_00377,frozen_visual_sft,True,1.0,1.0,1.0,1.0,1.0,1.0,1.0
d4a4be0043ee53d8,2021.07.09.20.26.06_veh-35_02793_03289,frozen_visual_sft,True,1.0,1.0,0.8775972196156271,1.0,1.0,1.0,0.9489988415065113
d4aca7a7d5ba5ff7,2021.07.09.20.26.06_veh-35_02793_03289,frozen_visual_sft,True,1.0,1.0,0.9067462107367891,1.0,1.0,1.0,0.9611442544736621
d4bb3dc7c7005656,2021.07.09.15.53.28_veh-38_00184_02293,frozen_visual_sft,True,1.0,1.0,0.7092601838300066,1.0,1.0,1.0,0.8788584099291694
d4d0d31bd49b525a,2021.07.09.15.53.28_veh-38_00184_02293,frozen_visual_sft,True,1.0,1.0,1.0,1.0,1.0,1.0,1.0
d4fa1b8fc27a5733,2021.06.09.12.51.31_veh-35_01729_02626,frozen_visual_sft,True,1.0,1.0,0.8850969740786409,1.0,1.0,1.0,0.9521237391994338
d51990badc6e5787,2021.06.09.12.51.31_veh-35_01729_02626,frozen_visual_sft,True,1.0,1.0,0.9374932404288153,1.0,1.0,1.0,0.9739555168453397
d53f4d4045e55032,2021.06.23.17.31.36_veh-16_00016_00377,frozen_visual_sft,True,1.0,1.0,1.0,1.0,1.0,1.0,1.0
d5f3fa4290b459df,2021.07.09.15.53.28_veh-38_00184_02293,frozen_visual_sft,True,1.0,1.0,0.5873728915168678,1.0,1.0,1.0,0.8280720381320282
d61967204e52594f,2021.07.09.15.53.28_veh-38_00184_02293,frozen_visual_sft,True,1.0,1.0,0.9223204121751478,1.0,1.0,1.0,0.9676335050729783
d61a2d5301f15b77,2021.07.09.15.53.28_veh-38_00184_02293,frozen_visual_sft,True,1.0,1.0,1.0,1.0,1.0,1.0,1.0
d662eafbf56753f4,2021.07.09.20.26.06_veh-35_02793_03289,frozen_visual_sft,True,1.0,1.0,0.8748634007180014,1.0,1.0,1.0,0.9478597502991674
d679a3e70e39596e,2021.07.09.15.53.28_veh-38_00184_02293,frozen_visual_sft,True,1.0,1.0,0.9493889681904136,1.0,1.0,1.0,0.978912070079339
d68969642ec45b19,2021.06.09.12.51.31_veh-35_01729_02626,frozen_visual_sft,True,1.0,1.0,0.6621452893090346,1.0,1.0,1.0,0.8592272038787644
d6997b98b3085c2b,2021.07.09.15.53.28_veh-38_00184_02293,frozen_visual_sft,True,1.0,1.0,0.8620682859330021,1.0,1.0,1.0,0.9425284524720842
d728b2624f4055ea,2021.10.11.02.57.41_veh-50_02155_02265,frozen_visual_sft,True,1.0,1.0,0.6482304815809099,1.0,1.0,1.0,0.8534293673253792
d72a31dfc0ec5e11,2021.10.01.17.52.06_veh-28_01141_01264,frozen_visual_sft,True,1.0,1.0,0.9234868803007686,1.0,1.0,1.0,0.9681195334586535
d7a0fd1066dc5ce5,2021.07.09.15.53.28_veh-38_00184_02293,frozen_visual_sft,True,1.0,1.0,0.8510348080335998,1.0,1.0,1.0,0.937931170014
d7a938f1b20652bf,2021.06.09.12.51.31_veh-35_01729_02626,frozen_visual_sft,True,1.0,1.0,1.0,1.0,1.0,1.0,1.0
d7b9d08eb35e54b4,2021.08.31.14.01.15_veh-40_01576_01714,frozen_visual_sft,True,1.0,1.0,0.8215815845517211,1.0,1.0,1.0,0.9256589935632172
d7e370e3315453ae,2021.07.09.20.26.06_veh-35_02793_03289,frozen_visual_sft,True,1.0,1.0,0.5207246002118624,1.0,1.0,1.0,0.8003019167549427
d7e631755e5a54ad,2021.06.09.12.51.31_veh-35_01729_02626,frozen_visual_sft,True,1.0,1.0,0.9701168114199709,1.0,1.0,1.0,0.9875486714249879
d7e69541e68a5b3b,2021.07.09.20.26.06_veh-35_02793_03289,frozen_visual_sft,True,1.0,1.0,0.8877882869683028,1.0,1.0,1.0,0.9532451195701261
d8118f444d4d574e,2021.07.09.20.26.06_veh-35_02793_03289,frozen_visual_sft,True,1.0,1.0,1.0,1.0,1.0,1.0,1.0
d84af418335b5dbe,2021.07.09.15.53.28_veh-38_00184_02293,frozen_visual_sft,True,1.0,1.0,1.0,1.0,1.0,1.0,1.0
d877af354e355798,2021.07.09.15.53.28_veh-38_00184_02293,frozen_visual_sft,True,1.0,1.0,0.8304348327752676,1.0,1.0,1.0,0.9293478469896949
d8c8e4dbeb2158b0,2021.10.11.02.57.41_veh-50_01028_01289,frozen_visual_sft,True,1.0,1.0,1.0,1.0,1.0,1.0,1.0
d8d46f536585556f,2021.07.09.15.53.28_veh-38_00184_02293,frozen_visual_sft,True,1.0,1.0,1.0,1.0,1.0,1.0,1.0
d8e282ed6cff5dac,2021.10.11.02.57.41_veh-50_02155_02265,frozen_visual_sft,True,1.0,1.0,0.6961629672244631,1.0,1.0,1.0,0.8734012363435264
d8f097f9fa2e52f7,2021.07.09.15.53.28_veh-38_00184_02293,frozen_visual_sft,True,1.0,1.0,0.8858740257600641,1.0,1.0,1.0,0.95244751073336
d9132b3c692558c8,2021.07.09.20.26.06_veh-35_02793_03289,frozen_visual_sft,True,1.0,1.0,0.8192269468656327,1.0,1.0,1.0,0.9246778945273469
d967ad2a03a1521a,2021.07.09.15.53.28_veh-38_00184_02293,frozen_visual_sft,True,1.0,1.0,0.8783091589951711,1.0,1.0,1.0,0.9492954829146546
d9a26b78907c5afa,2021.10.05.07.49.39_veh-52_00770_00905,frozen_visual_sft,True,1.0,1.0,0.6777256836587936,1.0,1.0,1.0,0.8657190348578307
d9bb698c62405297,2021.06.09.12.51.31_veh-35_01729_02626,frozen_visual_sft,True,1.0,1.0,1.0,1.0,1.0,1.0,1.0
d9d4ea61407b50cf,2021.06.09.12.06.35_veh-35_01164_01494,frozen_visual_sft,True,1.0,1.0,0.8897921279738644,1.0,1.0,1.0,0.9540800533224436
d9defa86501154b4,2021.07.09.15.53.28_veh-38_00184_02293,frozen_visual_sft,True,1.0,1.0,1.0,1.0,1.0,1.0,1.0
d9e2c39b092159c4,2021.07.09.15.53.28_veh-38_00184_02293,frozen_visual_sft,True,1.0,1.0,1.0,1.0,1.0,1.0,1.0
d9e7a7614b095a0b,2021.10.05.08.11.15_veh-50_00437_00585,frozen_visual_sft,True,1.0,1.0,0.8222987923445491,1.0,1.0,1.0,0.9259578301435621
da2f830999325306,2021.07.09.15.53.28_veh-38_00184_02293,frozen_visual_sft,True,1.0,1.0,0.8643239969308596,1.0,1.0,1.0,0.9434683320545248
da378bcae7675636,2021.10.11.02.57.41_veh-50_02155_02265,frozen_visual_sft,True,1.0,1.0,0.6731489655316729,1.0,1.0,1.0,0.8638120689715304
daa2dd83846355d1,2021.07.09.20.26.06_veh-35_02793_03289,frozen_visual_sft,True,1.0,1.0,0.8511163328918598,1.0,1.0,1.0,0.9379651387049416
db5aa5f382f25aaa,2021.07.09.15.53.28_veh-38_00184_02293,frozen_visual_sft,True,1.0,1.0,0.7442359033935126,1.0,1.0,1.0,0.8934316264139636
db812a0eaf435d65,2021.06.23.17.31.36_veh-16_00016_00377,frozen_visual_sft,True,1.0,1.0,1.0,1.0,1.0,1.0,1.0
db9df85eaa605bd1,2021.10.05.07.49.39_veh-52_00770_00905,frozen_visual_sft,True,1.0,1.0,0.6780697790631806,1.0,1.0,1.0,0.8658624079429919
dbb61fca58fc5037,2021.06.09.12.51.31_veh-35_01729_02626,frozen_visual_sft,True,1.0,1.0,1.0,1.0,1.0,1.0,1.0
dbdde78f03545776,2021.07.09.15.53.28_veh-38_00184_02293,frozen_visual_sft,True,1.0,1.0,1.0,1.0,1.0,1.0,1.0
dbe9196d84d9511c,2021.07.09.15.53.28_veh-38_00184_02293,frozen_visual_sft,True,1.0,1.0,1.0,1.0,1.0,1.0,1.0
dc5adf1f1c2e5567,2021.10.05.07.49.39_veh-52_00770_00905,frozen_visual_sft,True,1.0,1.0,0.7883386149659477,1.0,1.0,1.0,0.9118077562358117
dc5d48591a565e58,2021.10.11.02.57.41_veh-50_01028_01289,frozen_visual_sft,True,1.0,1.0,1.0,1.0,1.0,1.0,1.0
dc5dc0a76c7c546a,2021.06.09.20.26.11_veh-35_00970_01216,frozen_visual_sft,True,1.0,1.0,0.7933953351846135,1.0,1.0,1.0,0.913914722993589
dc70a7b62c155d19,2021.08.31.14.01.15_veh-40_01576_01714,frozen_visual_sft,True,1.0,1.0,0.8058918431712774,1.0,1.0,1.0,0.9191216013213657
dc7ec70fa4d050be,2021.10.11.02.57.41_veh-50_02155_02265,frozen_visual_sft,True,1.0,1.0,0.6888292427127464,1.0,1.0,1.0,0.8703455177969777
dca94801958a53aa,2021.07.09.15.53.28_veh-38_00184_02293,frozen_visual_sft,True,1.0,1.0,0.9283822976640195,1.0,1.0,1.0,0.9701592906933415
dcc745e412fe5fbd,2021.06.09.12.06.35_veh-35_01164_01494,frozen_visual_sft,True,1.0,1.0,0.7951900625271096,1.0,1.0,1.0,0.9146625260529623
dccfde2da28d5dbe,2021.10.05.07.49.39_veh-52_00770_00905,frozen_visual_sft,True,1.0,1.0,0.7684186866404603,1.0,1.0,1.0,0.9035077861001918
dd0ee62e28ee5eaf,2021.06.09.20.26.11_veh-35_00970_01216,frozen_visual_sft,True,1.0,1.0,0.8111164426907317,1.0,1.0,1.0,0.9212985177878048
dd11bc3330605dfd,2021.06.09.14.50.36_veh-26_02826_02955,frozen_visual_sft,True,1.0,1.0,1.0,1.0,1.0,1.0,1.0
dd2d2dd7d4885bbe,2021.06.09.12.51.31_veh-35_01729_02626,frozen_visual_sft,True,1.0,1.0,1.0,1.0,1.0,1.0,1.0
dd35faabfd005af0,2021.07.09.15.53.28_veh-38_00184_02293,frozen_visual_sft,True,1.0,1.0,1.0,1.0,1.0,1.0,1.0
dd4e1fa056b456f3,2021.07.09.15.53.28_veh-38_00184_02293,frozen_visual_sft,True,1.0,1.0,1.0,1.0,1.0,1.0,1.0
dd73b1a1de5253b0,2021.10.05.07.49.39_veh-52_00770_00905,frozen_visual_sft,True,1.0,1.0,0.8246815147215444,1.0,1.0,1.0,0.9269506311339768
dd8848619c6f5c22,2021.07.09.15.53.28_veh-38_00184_02293,frozen_visual_sft,True,1.0,1.0,0.9246162221158888,1.0,1.0,1.0,0.9685900925482871
dd8b61c70dc05550,2021.07.16.22.40.23_veh-38_00204_00360,frozen_visual_sft,True,1.0,1.0,1.0,1.0,1.0,1.0,1.0
dd9d8e686a345f74,2021.10.05.07.49.39_veh-52_00770_00905,frozen_visual_sft,True,1.0,1.0,0.714522190269965,1.0,1.0,1.0,0.8810509126124854
ddc6f1960bc05d62,2021.06.23.17.31.36_veh-16_00016_00377,frozen_visual_sft,True,1.0,1.0,1.0,1.0,1.0,1.0,1.0
de1498ad86835196,2021.06.23.17.31.36_veh-16_00016_00377,frozen_visual_sft,True,1.0,1.0,0.8287648347797077,1.0,1.0,1.0,0.9286520144915449
de72514102555fab,2021.10.11.02.57.41_veh-50_02155_02265,frozen_visual_sft,True,1.0,1.0,0.7417261354354273,1.0,1.0,1.0,0.8923858897647614
de7549a363f15a36,2021.07.09.15.53.28_veh-38_00184_02293,frozen_visual_sft,True,1.0,1.0,0.6934390750497694,1.0,1.0,1.0,0.8722662812707372
de99492d90ed5808,2021.07.09.15.53.28_veh-38_00184_02293,frozen_visual_sft,True,1.0,1.0,1.0,1.0,1.0,1.0,1.0
de9c0d8341d65b55,2021.07.16.22.40.23_veh-38_00204_00360,frozen_visual_sft,True,1.0,1.0,1.0,1.0,1.0,1.0,1.0
dee420665f2d5ee5,2021.10.11.02.57.41_veh-50_02155_02265,frozen_visual_sft,True,1.0,1.0,0.7643023898674517,1.0,1.0,1.0,0.9017926624447715
df09da21f9a35c0c,2021.07.09.15.53.28_veh-38_00184_02293,frozen_visual_sft,True,1.0,1.0,0.9027632693518434,1.0,1.0,1.0,0.9594846955632681
df242b87199d5acb,2021.07.09.15.53.28_veh-38_00184_02293,frozen_visual_sft,True,1.0,1.0,0.9373395710560283,1.0,1.0,1.0,0.9738914879400117
dfe3214ab3e850a3,2021.08.31.14.01.15_veh-40_01576_01714,frozen_visual_sft,True,1.0,1.0,0.9071069154189756,1.0,1.0,1.0,0.9612945480912399
e003efe0bcee5ce5,2021.07.09.15.53.28_veh-38_00184_02293,frozen_visual_sft,True,1.0,1.0,0.956217158922391,1.0,1.0,1.0,0.9817571495509961
e0488ea0836c5bf6,2021.07.09.15.53.28_veh-38_00184_02293,frozen_visual_sft,True,1.0,1.0,1.0,1.0,1.0,1.0,1.0
e06108e069b55486,2021.07.09.20.26.06_veh-35_02793_03289,frozen_visual_sft,True,1.0,1.0,0.8279535830613297,1.0,1.0,1.0,0.9283139929422207
e069d39ff2ab55bc,2021.06.09.12.51.31_veh-35_01729_02626,frozen_visual_sft,True,1.0,1.0,0.746653811786436,1.0,1.0,1.0,0.8944390882443484
e06b4eb07a9b5be3,2021.06.09.20.26.11_veh-35_00970_01216,frozen_visual_sft,True,1.0,1.0,0.694792490596008,1.0,1.0,1.0,0.8728302044150033
e07749952a0f5f5d,2021.07.09.15.53.28_veh-38_00184_02293,frozen_visual_sft,True,1.0,1.0,0.9292662832427331,1.0,1.0,1.0,0.9705276180178055
e0893a06ed5e5bb3,2021.07.09.15.53.28_veh-38_00184_02293,frozen_visual_sft,True,1.0,1.0,1.0,1.0,1.0,1.0,1.0
e0990db225ab5e2b,2021.07.09.20.26.06_veh-35_02793_03289,frozen_visual_sft,True,1.0,1.0,0.8489760842172848,1.0,1.0,1.0,0.9370733684238687
e0aa4d3682c6594a,2021.06.09.12.06.35_veh-35_01164_01494,frozen_visual_sft,True,1.0,1.0,0.8621021700967577,1.0,1.0,1.0,0.9425425708736491
e1320bebb7f25f65,2021.07.09.20.26.06_veh-35_02793_03289,frozen_visual_sft,True,1.0,1.0,0.8694606288085943,1.0,1.0,1.0,0.9456085953369143
e1a9b17e1fee5fe5,2021.10.11.02.57.41_veh-50_01028_01289,frozen_visual_sft,True,1.0,1.0,0.7198919979575251,1.0,1.0,1.0,0.8832883324823021
e24fd0e278275c0b,2021.07.09.15.53.28_veh-38_00184_02293,frozen_visual_sft,True,1.0,1.0,1.0,1.0,1.0,1.0,1.0
e25b028f941158d3,2021.10.05.08.11.15_veh-50_00437_00585,frozen_visual_sft,True,1.0,1.0,0.6393481589651067,1.0,1.0,1.0,0.8497283995687944
e26a0932b153560d,2021.07.09.15.53.28_veh-38_00184_02293,frozen_visual_sft,True,1.0,1.0,1.0,1.0,1.0,1.0,1.0
e26edc6457f85a2c,2021.10.05.08.11.15_veh-50_00437_00585,frozen_visual_sft,True,1.0,1.0,0.6841990247867551,1.0,1.0,1.0,0.8684162603278146
e27c4e988e10569a,2021.07.09.20.26.06_veh-35_02793_03289,frozen_visual_sft,True,1.0,1.0,0.626003940897318,1.0,1.0,1.0,0.8441683087072159
e2898986047c5b29,2021.10.11.02.57.41_veh-50_02155_02265,frozen_visual_sft,True,1.0,1.0,0.6164486828507739,1.0,1.0,1.0,0.8401869511878225
e2c494b98d885c19,2021.06.23.17.31.36_veh-16_00016_00377,frozen_visual_sft,True,1.0,1.0,1.0,1.0,1.0,1.0,1.0
e2f005a68443572a,2021.10.11.02.57.41_veh-50_02155_02265,frozen_visual_sft,True,1.0,1.0,0.7117527003002311,1.0,1.0,1.0,0.8798969584584295
e2ff3a9fc9e0580d,2021.06.09.12.06.35_veh-35_01164_01494,frozen_visual_sft,True,1.0,1.0,0.8864207241490974,1.0,1.0,1.0,0.9526753017287906
e31bf22d49f454e8,2021.07.09.15.53.28_veh-38_00184_02293,frozen_visual_sft,True,1.0,1.0,0.8286022119905525,1.0,1.0,1.0,0.9285842549960636
e322f2e6452f508e,2021.06.09.12.51.31_veh-35_01729_02626,frozen_visual_sft,True,1.0,1.0,1.0,1.0,1.0,1.0,1.0
e340e429f0015853,2021.07.09.15.53.28_veh-38_00184_02293,frozen_visual_sft,True,1.0,1.0,0.9893559975566486,1.0,1.0,1.0,0.995564998981937
e34cae2fefab55b8,2021.07.09.20.26.06_veh-35_02793_03289,frozen_visual_sft,True,1.0,1.0,0.8235974733989035,1.0,1.0,1.0,0.9264989472495432
e3da0e20e0b556fc,2021.07.09.15.53.28_veh-38_00184_02293,frozen_visual_sft,True,1.0,1.0,1.0,1.0,1.0,1.0,1.0
e3e96778dac3541c,2021.07.09.15.53.28_veh-38_00184_02293,frozen_visual_sft,True,1.0,1.0,0.7992365516281478,1.0,1.0,1.0,0.9163485631783949
e43549ea94f75b60,2021.07.09.15.53.28_veh-38_00184_02293,frozen_visual_sft,True,1.0,1.0,0.9010692261130518,1.0,1.0,1.0,0.9587788442137716
e436b19cf83151cc,2021.07.09.15.53.28_veh-38_00184_02293,frozen_visual_sft,True,1.0,1.0,1.0,1.0,1.0,1.0,1.0
e43cc13c56e855d5,2021.06.09.12.51.31_veh-35_01729_02626,frozen_visual_sft,True,1.0,1.0,0.9949702022047985,1.0,1.0,1.0,0.9979042509186661
e447ace78361537e,2021.10.05.07.49.39_veh-52_00770_00905,frozen_visual_sft,True,1.0,1.0,1.0,1.0,1.0,1.0,1.0
e45bba9f532950f7,2021.06.09.12.51.31_veh-35_01729_02626,frozen_visual_sft,True,1.0,0.0,0.0,1.0,1.0,1.0,0.0
e49b47bbb0c55e1e,2021.06.09.17.23.18_veh-38_01598_01750,frozen_visual_sft,True,1.0,1.0,0.864773853885185,1.0,1.0,1.0,0.9436557724521605
e4bf21cd63585bf7,2021.07.09.20.26.06_veh-35_02793_03289,frozen_visual_sft,True,1.0,1.0,0.8242802497480428,1.0,1.0,1.0,0.9267834373950178
e4c4b061d1845fd6,2021.10.11.02.57.41_veh-50_01028_01289,frozen_visual_sft,True,1.0,1.0,1.0,1.0,1.0,1.0,1.0
e4d05b1ce25250bb,2021.07.09.15.53.28_veh-38_00184_02293,frozen_visual_sft,True,1.0,1.0,0.9989852174409032,1.0,1.0,1.0,0.9995771739337096
e4d2a56f36c45c20,2021.06.09.14.50.36_veh-26_02826_02955,frozen_visual_sft,True,1.0,1.0,1.0,1.0,1.0,1.0,1.0
e4eda26dbd53523d,2021.06.09.12.51.31_veh-35_01729_02626,frozen_visual_sft,True,1.0,1.0,1.0,1.0,1.0,1.0,1.0
e503592e74a35c78,2021.06.23.17.31.36_veh-16_00016_00377,frozen_visual_sft,True,1.0,1.0,0.7392653979296947,1.0,1.0,1.0,0.891360582470706
e507573c08815f9e,2021.07.09.20.26.06_veh-35_02793_03289,frozen_visual_sft,True,1.0,1.0,0.7326169298329471,1.0,1.0,1.0,0.8885903874303946
e522cb132d57506a,2021.06.09.12.51.31_veh-35_01729_02626,frozen_visual_sft,True,1.0,1.0,0.9650413991164863,1.0,1.0,1.0,0.985433916298536
e52ef27d2d245c63,2021.06.09.12.51.31_veh-35_01729_02626,frozen_visual_sft,True,1.0,1.0,0.8280995653498389,1.0,1.0,1.0,0.9283748188957661
e5581fb84ddb5ffb,2021.07.09.15.53.28_veh-38_00184_02293,frozen_visual_sft,True,1.0,1.0,0.9584034354853758,1.0,1.0,1.0,0.9826680981189065
e58acbf0106153ad,2021.07.09.15.53.28_veh-38_00184_02293,frozen_visual_sft,True,1.0,1.0,1.0,1.0,1.0,1.0,1.0
e59bd5d207065b9a,2021.06.09.12.06.35_veh-35_01164_01494,frozen_visual_sft,True,1.0,1.0,0.7681437523351349,1.0,1.0,1.0,0.9033932301396396
e5a4f230a7a05b18,2021.08.31.14.01.15_veh-40_01576_01714,frozen_visual_sft,True,1.0,1.0,0.804668730967169,1.0,1.0,1.0,0.9186119712363204
e5b1df76988c57a7,2021.07.09.15.53.28_veh-38_00184_02293,frozen_visual_sft,True,1.0,1.0,1.0,1.0,1.0,1.0,1.0
e614a559776c5e86,2021.07.09.15.53.28_veh-38_00184_02293,frozen_visual_sft,True,1.0,1.0,0.7948386738639922,1.0,1.0,1.0,0.9145161141099968
e634731f91015bab,2021.07.09.15.53.28_veh-38_00184_02293,frozen_visual_sft,True,1.0,0.0,0.0,1.0,1.0,1.0,0.0
e6422bb22e125756,2021.08.31.11.47.30_veh-40_00919_01000,frozen_visual_sft,True,1.0,1.0,1.0,1.0,1.0,1.0,1.0
e699ef478771586b,2021.08.31.11.47.30_veh-40_00919_01000,frozen_visual_sft,True,1.0,1.0,0.799095982958393,1.0,1.0,1.0,0.9162899928993303
e69baaae152259ad,2021.10.11.02.57.41_veh-50_02155_02265,frozen_visual_sft,True,1.0,1.0,0.7310575249903818,1.0,1.0,1.0,0.887940635412659
e6aabd1342ce54e2,2021.07.09.15.53.28_veh-38_00184_02293,frozen_visual_sft,True,1.0,1.0,0.7731859573483204,1.0,1.0,1.0,0.9054941488951336
e6c4af98a23f5868,2021.07.09.15.53.28_veh-38_00184_02293,frozen_visual_sft,True,1.0,1.0,1.0,1.0,1.0,1.0,1.0
e6e9a5b8b26755b2,2021.07.09.15.53.28_veh-38_00184_02293,frozen_visual_sft,True,1.0,1.0,0.9905691119510659,1.0,1.0,1.0,0.996070463312944
e6f686686cc452cf,2021.06.09.12.51.31_veh-35_01729_02626,frozen_visual_sft,True,1.0,1.0,0.9424500332806619,1.0,1.0,1.0,0.9760208472002758
e6fa8db6e41a5139,2021.10.11.02.57.41_veh-50_02155_02265,frozen_visual_sft,True,1.0,1.0,0.7142478272177817,1.0,1.0,1.0,0.8809365946740758
e70a9c0c51675ea1,2021.10.11.02.57.41_veh-50_01028_01289,frozen_visual_sft,True,1.0,1.0,0.7033152721921194,1.0,1.0,1.0,0.8763813634133831
e71499ec7fd254e9,2021.07.09.15.53.28_veh-38_00184_02293,frozen_visual_sft,True,1.0,1.0,1.0,1.0,1.0,1.0,1.0
e72a95807de45328,2021.08.31.14.01.15_veh-40_01576_01714,frozen_visual_sft,True,1.0,1.0,0.8962927564958701,1.0,1.0,1.0,0.9567886485399458
e732f7c659b45197,2021.07.09.15.53.28_veh-38_00184_02293,frozen_visual_sft,True,1.0,1.0,0.7844633925827006,1.0,1.0,1.0,0.9101930802427919
e739a390b2a55648,2021.07.09.15.53.28_veh-38_00184_02293,frozen_visual_sft,True,1.0,1.0,1.0,1.0,1.0,1.0,1.0
e76566d4d20c5377,2021.07.09.15.53.28_veh-38_00184_02293,frozen_visual_sft,True,1.0,1.0,0.8458858496394894,1.0,1.0,1.0,0.9357857706831206
e799e9f5385a5a2c,2021.06.09.12.51.31_veh-35_01729_02626,frozen_visual_sft,True,1.0,1.0,1.0,1.0,1.0,1.0,1.0
e80eed1fab2c5cfd,2021.06.09.12.06.35_veh-35_01164_01494,frozen_visual_sft,True,1.0,1.0,1.0,1.0,1.0,1.0,1.0
e8289b430daa5695,2021.10.11.02.57.41_veh-50_02155_02265,frozen_visual_sft,True,1.0,1.0,0.7885946046131989,1.0,1.0,1.0,0.9119144185888328
e833b6b388c1524e,2021.07.09.15.53.28_veh-38_00184_02293,frozen_visual_sft,True,1.0,1.0,0.7865861636077248,1.0,1.0,1.0,0.9110775681698854
e842f8018dfe58b3,2021.07.09.15.53.28_veh-38_00184_02293,frozen_visual_sft,True,1.0,1.0,0.9232584037932832,1.0,1.0,1.0,0.968024334913868
e856cc5561ca564e,2021.07.09.15.53.28_veh-38_00184_02293,frozen_visual_sft,True,1.0,1.0,0.8085029905395775,1.0,1.0,1.0,0.9202095793914906
e8b3c7058c315bca,2021.06.23.17.31.36_veh-16_00016_00377,frozen_visual_sft,True,1.0,1.0,0.8676823321429944,1.0,1.0,1.0,0.9448676383929143
e8f2bc430a065486,2021.06.09.12.06.35_veh-35_01164_01494,frozen_visual_sft,True,1.0,1.0,0.7196964637187103,1.0,1.0,1.0,0.883206859882796
e90d6cecf29d53cc,2021.07.09.20.26.06_veh-35_02793_03289,frozen_visual_sft,True,1.0,0.0,0.0,1.0,1.0,1.0,0.0
e95323b100c25a0a,2021.07.09.15.53.28_veh-38_00184_02293,frozen_visual_sft,True,1.0,1.0,0.8332251467117859,1.0,1.0,1.0,0.9305104777965775
e96e62b9e81d5042,2021.07.09.15.53.28_veh-38_00184_02293,frozen_visual_sft,True,1.0,1.0,1.0,1.0,1.0,1.0,1.0
e97f92e1a63f54b9,2021.06.23.17.31.36_veh-16_00016_00377,frozen_visual_sft,True,1.0,1.0,0.8121611957001628,1.0,1.0,1.0,0.9217338315417344
e980ff490b835222,2021.06.23.17.31.36_veh-16_00016_00377,frozen_visual_sft,True,1.0,1.0,1.0,1.0,1.0,1.0,1.0
e9a30e8cbad951bb,2021.07.09.15.53.28_veh-38_00184_02293,frozen_visual_sft,True,1.0,1.0,1.0,1.0,1.0,1.0,1.0
e9be03d5069b52bc,2021.10.01.17.52.06_veh-28_01141_01264,frozen_visual_sft,True,1.0,1.0,0.9487891390945881,1.0,1.0,1.0,0.9786621412894118
e9f76526b6d05e5c,2021.10.05.08.11.15_veh-50_00437_00585,frozen_visual_sft,True,1.0,1.0,0.833051228720178,1.0,1.0,1.0,0.9304380119667407
ea1dbf3aec435c27,2021.06.23.17.31.36_veh-16_00016_00377,frozen_visual_sft,True,1.0,1.0,1.0,1.0,1.0,1.0,1.0
ea31a137b6b45663,2021.07.09.15.53.28_veh-38_00184_02293,frozen_visual_sft,True,1.0,1.0,1.0,1.0,1.0,1.0,1.0
ea43967ed8ad5dc0,2021.10.11.02.57.41_veh-50_01028_01289,frozen_visual_sft,True,1.0,1.0,1.0,1.0,1.0,1.0,1.0
ea7239e96a555f2c,2021.06.23.17.31.36_veh-16_00016_00377,frozen_visual_sft,True,1.0,1.0,1.0,1.0,1.0,1.0,1.0
ea7675073d935aed,2021.07.09.15.53.28_veh-38_00184_02293,frozen_visual_sft,True,1.0,1.0,0.7285345020665237,1.0,1.0,0.0,0.8868893758610515
ea7c22e1d36856c3,2021.06.09.12.51.31_veh-35_01729_02626,frozen_visual_sft,True,1.0,1.0,1.0,1.0,1.0,1.0,1.0
eaad335cb62c57b0,2021.07.09.15.53.28_veh-38_00184_02293,frozen_visual_sft,True,1.0,1.0,0.8074664072802501,1.0,1.0,1.0,0.9197776697001041
eacad86eaed255f7,2021.07.09.15.53.28_veh-38_00184_02293,frozen_visual_sft,True,1.0,1.0,0.7746329287116501,1.0,1.0,1.0,0.9060970536298543
eadab740750b5a54,2021.06.09.12.51.31_veh-35_01729_02626,frozen_visual_sft,True,1.0,1.0,0.5718513660868182,1.0,1.0,1.0,0.8216047358695077
eb03710881e25401,2021.07.09.15.53.28_veh-38_00184_02293,frozen_visual_sft,True,1.0,1.0,1.0,1.0,1.0,1.0,1.0
eb1a57fcb1835169,2021.06.23.17.31.36_veh-16_00016_00377,frozen_visual_sft,True,1.0,1.0,1.0,1.0,1.0,1.0,1.0
eb6e558901af58af,2021.10.11.02.57.41_veh-50_01028_01289,frozen_visual_sft,True,1.0,1.0,0.819798289103522,1.0,1.0,1.0,0.9249159537931342
ebb818fca3895a2c,2021.07.09.15.53.28_veh-38_00184_02293,frozen_visual_sft,True,1.0,1.0,1.0,1.0,1.0,1.0,1.0
ebca7e0c22b65deb,2021.10.11.02.57.41_veh-50_01028_01289,frozen_visual_sft,True,1.0,1.0,0.5554981063398827,1.0,1.0,1.0,0.8147908776416178
ebe11a6789745477,2021.10.11.02.57.41_veh-50_02155_02265,frozen_visual_sft,True,1.0,1.0,0.6914241633363548,1.0,1.0,1.0,0.8714267347234812
ec0f3cc6c0fd590e,2021.07.09.20.26.06_veh-35_02793_03289,frozen_visual_sft,True,1.0,1.0,1.0,1.0,1.0,1.0,1.0
ec21e03ea67054d6,2021.07.09.15.53.28_veh-38_00184_02293,frozen_visual_sft,True,1.0,1.0,0.8336648025610854,1.0,1.0,1.0,0.9306936677337857
ec37ecf537d15383,2021.10.05.08.11.15_veh-50_00437_00585,frozen_visual_sft,True,1.0,1.0,0.8462685958439788,1.0,1.0,1.0,0.9359452482683245
ec965c8ae1c75447,2021.07.09.15.53.28_veh-38_00184_02293,frozen_visual_sft,True,1.0,1.0,0.6904774931194815,1.0,1.0,1.0,0.871032288799784
ecd1986832c7521a,2021.10.11.02.57.41_veh-50_02155_02265,frozen_visual_sft,True,1.0,1.0,0.5932985200981267,1.0,1.0,1.0,0.8305410500408862
ed29591fde515907,2021.07.09.15.53.28_veh-38_00184_02293,frozen_visual_sft,True,1.0,0.0,0.0,1.0,1.0,1.0,0.0
edd18606d29e5285,2021.07.09.20.26.06_veh-35_02793_03289,frozen_visual_sft,True,1.0,1.0,1.0,1.0,1.0,1.0,1.0
ee053b086fb1560c,2021.06.09.12.51.31_veh-35_01729_02626,frozen_visual_sft,True,1.0,1.0,0.6272056155500579,1.0,1.0,1.0,0.8446690064791907
ee0c42f87de45144,2021.07.09.15.53.28_veh-38_00184_02293,frozen_visual_sft,True,1.0,1.0,1.0,1.0,1.0,1.0,1.0
ee7343c491db5537,2021.10.05.07.49.39_veh-52_00770_00905,frozen_visual_sft,True,1.0,1.0,0.725745273877765,1.0,1.0,1.0,0.8857271974490688
ee7c0c535d415ded,2021.06.09.12.51.31_veh-35_01729_02626,frozen_visual_sft,True,1.0,1.0,0.816889535989529,1.0,1.0,1.0,0.9237039733289704
ee7c43384142579a,2021.07.09.15.53.28_veh-38_00184_02293,frozen_visual_sft,True,1.0,1.0,1.0,1.0,1.0,1.0,1.0
ee855ade6ba5504c,2021.06.09.12.51.31_veh-35_01729_02626,frozen_visual_sft,True,1.0,1.0,1.0,1.0,1.0,1.0,1.0
ee92fc8a2ab55014,2021.07.09.15.53.28_veh-38_00184_02293,frozen_visual_sft,True,1.0,1.0,1.0,1.0,1.0,1.0,1.0
eebdbcf854975ae9,2021.07.09.20.26.06_veh-35_02793_03289,frozen_visual_sft,True,1.0,1.0,1.0,1.0,1.0,1.0,1.0
eeed45662dfb5a80,2021.07.09.15.53.28_veh-38_00184_02293,frozen_visual_sft,True,1.0,1.0,0.9451969806428663,1.0,1.0,1.0,0.9771654086011944
eefa88c125d55aa4,2021.06.23.17.31.36_veh-16_00016_00377,frozen_visual_sft,True,1.0,1.0,0.7193638735352219,1.0,1.0,1.0,0.8830682806396758
eefc6568a4155b8b,2021.07.09.15.53.28_veh-38_00184_02293,frozen_visual_sft,True,1.0,1.0,1.0,1.0,1.0,1.0,1.0
ef00d067ff7a582f,2021.07.09.15.53.28_veh-38_00184_02293,frozen_visual_sft,True,1.0,1.0,0.8823913849089917,1.0,1.0,1.0,0.9509964103787466
ef10184224ba5d25,2021.06.09.12.06.35_veh-35_01164_01494,frozen_visual_sft,True,1.0,1.0,0.8683292593052544,1.0,1.0,1.0,0.9451371913771892
ef5318b8d9285443,2021.06.09.14.50.36_veh-26_02826_02955,frozen_visual_sft,True,1.0,1.0,1.0,1.0,1.0,1.0,1.0
ef5d74901e465a0d,2021.06.09.12.51.31_veh-35_01729_02626,frozen_visual_sft,True,1.0,1.0,0.5494067389183513,1.0,1.0,1.0,0.8122528078826464
ef7fb7627f735a41,2021.06.09.12.06.35_veh-35_01164_01494,frozen_visual_sft,True,1.0,1.0,1.0,1.0,1.0,1.0,1.0
efc7193a7907550e,2021.06.23.17.31.36_veh-16_00016_00377,frozen_visual_sft,True,1.0,1.0,1.0,1.0,1.0,1.0,1.0
efe50170f67a57dc,2021.07.09.20.26.06_veh-35_02793_03289,frozen_visual_sft,True,1.0,1.0,1.0,1.0,1.0,1.0,1.0
eff7dd683f505235,2021.07.09.15.53.28_veh-38_00184_02293,frozen_visual_sft,True,1.0,1.0,1.0,1.0,1.0,1.0,1.0
f00788c502f25587,2021.06.09.12.51.31_veh-35_01729_02626,frozen_visual_sft,True,1.0,1.0,1.0,1.0,1.0,1.0,1.0
f0273e69f5bb54e1,2021.07.09.15.53.28_veh-38_00184_02293,frozen_visual_sft,True,1.0,1.0,0.7916185658877859,1.0,1.0,1.0,0.9131744024532441
f062fb353fc1540f,2021.10.05.07.49.39_veh-52_00770_00905,frozen_visual_sft,True,1.0,1.0,0.7745511995754969,1.0,1.0,1.0,0.9060629998231237
f09b140e2fc05b0a,2021.10.11.02.57.41_veh-50_02155_02265,frozen_visual_sft,True,1.0,1.0,0.6033113197782778,1.0,1.0,1.0,0.8347130499076157
f0ef32a63b3659a6,2021.07.09.15.53.28_veh-38_00184_02293,frozen_visual_sft,True,1.0,1.0,1.0,1.0,1.0,1.0,1.0
f16673a85d0e5f75,2021.07.09.15.53.28_veh-38_00184_02293,frozen_visual_sft,True,1.0,1.0,1.0,1.0,1.0,1.0,1.0
f177501cd1555b76,2021.07.09.20.26.06_veh-35_02793_03289,frozen_visual_sft,True,1.0,1.0,1.0,1.0,1.0,1.0,1.0
f17b89de6fc75614,2021.06.09.14.50.36_veh-26_02826_02955,frozen_visual_sft,True,1.0,1.0,1.0,1.0,1.0,1.0,1.0
f1bf12acb8445268,2021.06.09.12.51.31_veh-35_01729_02626,frozen_visual_sft,True,1.0,1.0,1.0,1.0,1.0,1.0,1.0
f1f36e051147572e,2021.06.09.20.26.11_veh-35_00970_01216,frozen_visual_sft,True,1.0,1.0,1.0,1.0,1.0,1.0,1.0
f25726c61f48502f,2021.06.09.12.51.31_veh-35_01729_02626,frozen_visual_sft,True,1.0,1.0,1.0,1.0,1.0,1.0,1.0
f285ec68af385fc4,2021.06.09.12.51.31_veh-35_01729_02626,frozen_visual_sft,True,1.0,1.0,0.5336116573778049,1.0,1.0,1.0,0.8056715239074187
f295b9b2ee545520,2021.10.11.02.57.41_veh-50_01028_01289,frozen_visual_sft,True,1.0,1.0,0.6944896463959854,1.0,1.0,1.0,0.8727040193316605
f295db8f52065e16,2021.07.09.15.53.28_veh-38_00184_02293,frozen_visual_sft,True,1.0,1.0,0.8222832154293661,1.0,1.0,1.0,0.925951339762236
f29cff9a8d905f5d,2021.06.09.12.51.31_veh-35_01729_02626,frozen_visual_sft,True,1.0,1.0,1.0,1.0,1.0,1.0,1.0
f2bdb5407b145bcd,2021.06.09.12.51.31_veh-35_01729_02626,frozen_visual_sft,True,1.0,1.0,1.0,1.0,1.0,1.0,1.0
f329e674bbb950b3,2021.06.09.12.51.31_veh-35_01729_02626,frozen_visual_sft,True,1.0,1.0,0.906674260855651,1.0,1.0,1.0,0.9611142753565213
f35a76fdbc2259da,2021.07.09.15.53.28_veh-38_00184_02293,frozen_visual_sft,True,1.0,1.0,1.0,1.0,1.0,1.0,1.0
f37d56c3d1f059ec,2021.06.09.12.51.31_veh-35_01729_02626,frozen_visual_sft,True,1.0,1.0,0.579020809578261,1.0,1.0,1.0,0.8245920039909421
f37e5cad3010539f,2021.07.09.15.53.28_veh-38_00184_02293,frozen_visual_sft,True,1.0,1.0,1.0,1.0,1.0,1.0,1.0
f3d5e1d06f2e5c41,2021.07.09.15.53.28_veh-38_00184_02293,frozen_visual_sft,True,1.0,1.0,1.0,1.0,1.0,1.0,1.0
f4188f0f2c17514d,2021.10.01.17.52.06_veh-28_01141_01264,frozen_visual_sft,True,1.0,1.0,0.8663706878378852,1.0,1.0,1.0,0.9443211199324523
f42717531e645bd0,2021.07.09.20.26.06_veh-35_02793_03289,frozen_visual_sft,True,1.0,1.0,0.6444986515406078,1.0,1.0,1.0,0.85187443814192
f4454ab06873565e,2021.07.09.15.53.28_veh-38_00184_02293,frozen_visual_sft,True,1.0,1.0,0.6567253766726309,1.0,1.0,1.0,0.8569689069469296
f44ec48280225191,2021.06.09.12.51.31_veh-35_01729_02626,frozen_visual_sft,True,1.0,1.0,1.0,1.0,1.0,1.0,1.0
f45108d76421595f,2021.07.09.15.53.28_veh-38_00184_02293,frozen_visual_sft,True,1.0,1.0,0.7803136903180302,1.0,1.0,1.0,0.9084640376325126
f46d7a713a035a80,2021.10.11.02.57.41_veh-50_02155_02265,frozen_visual_sft,True,1.0,1.0,0.7583936814378335,1.0,1.0,1.0,0.8993307005990973
f4ec1f572cef5c49,2021.06.09.12.51.31_veh-35_01729_02626,frozen_visual_sft,True,1.0,1.0,0.7946383953240004,1.0,1.0,1.0,0.9144326647183334
f4f7c2de2c0656fe,2021.06.09.12.51.31_veh-35_01729_02626,frozen_visual_sft,True,1.0,1.0,0.8918316337631853,1.0,1.0,1.0,0.9549298474013272
f52e85080d085ad3,2021.10.05.08.11.15_veh-50_00437_00585,frozen_visual_sft,True,1.0,1.0,0.9539582553104862,1.0,1.0,1.0,0.9808159397127025
f56dfbb996385805,2021.06.09.12.06.35_veh-35_01164_01494,frozen_visual_sft,True,1.0,1.0,0.6485226036487467,1.0,1.0,1.0,0.8535510848536445
f5b35beed72e5aec,2021.10.05.08.11.15_veh-50_00437_00585,frozen_visual_sft,True,1.0,1.0,1.0,1.0,1.0,0.5,1.0
f5d06fd7f2195088,2021.06.23.17.31.36_veh-16_00016_00377,frozen_visual_sft,True,1.0,1.0,0.8250329018880318,1.0,1.0,1.0,0.9270970424533466
f606a68831b959bb,2021.06.09.12.51.31_veh-35_01729_02626,frozen_visual_sft,True,1.0,1.0,0.5412858610549196,1.0,1.0,1.0,0.8088691087728832
f63d23a573a550f3,2021.06.09.12.51.31_veh-35_01729_02626,frozen_visual_sft,True,1.0,1.0,1.0,1.0,1.0,1.0,1.0
f6522a382ccb5589,2021.07.09.20.26.06_veh-35_02793_03289,frozen_visual_sft,True,1.0,1.0,1.0,1.0,1.0,1.0,1.0
f65da3ca0d4f55ad,2021.07.09.15.53.28_veh-38_00184_02293,frozen_visual_sft,True,1.0,1.0,0.7522606950779726,1.0,1.0,1.0,0.8967752896158219
f683ad32ef3f5b4e,2021.07.09.15.53.28_veh-38_00184_02293,frozen_visual_sft,True,1.0,1.0,1.0,1.0,1.0,1.0,1.0
f686e9b2f7c35d4c,2021.07.09.15.53.28_veh-38_00184_02293,frozen_visual_sft,True,1.0,1.0,1.0,1.0,1.0,1.0,1.0
f68dfe3760c25453,2021.06.09.12.51.31_veh-35_01729_02626,frozen_visual_sft,True,1.0,1.0,1.0,1.0,1.0,1.0,1.0
f6ca17e70e9e53c5,2021.07.09.15.53.28_veh-38_00184_02293,frozen_visual_sft,True,1.0,1.0,1.0,1.0,1.0,1.0,1.0
f6d05b10abff5140,2021.07.09.15.53.28_veh-38_00184_02293,frozen_visual_sft,True,1.0,1.0,0.9337292352539338,1.0,1.0,1.0,0.9723871813558057
f6d84360042f5d19,2021.07.09.15.53.28_veh-38_00184_02293,frozen_visual_sft,True,1.0,1.0,1.0,1.0,1.0,1.0,1.0
f6e7cfd22eaa5a4f,2021.10.11.02.57.41_veh-50_01028_01289,frozen_visual_sft,True,1.0,1.0,0.9205137015500664,1.0,1.0,1.0,0.9668807089791943
f79dbdc306a15120,2021.07.09.20.26.06_veh-35_02793_03289,frozen_visual_sft,True,1.0,1.0,1.0,1.0,1.0,1.0,1.0
f7b4d7400b585640,2021.07.09.15.53.28_veh-38_00184_02293,frozen_visual_sft,True,1.0,1.0,1.0,1.0,1.0,1.0,1.0
f7d51773081653ac,2021.10.11.02.57.41_veh-50_01028_01289,frozen_visual_sft,True,1.0,1.0,0.7182462893687385,1.0,1.0,1.0,0.8826026205703078
f7d65f30d6075c18,2021.07.09.15.53.28_veh-38_00184_02293,frozen_visual_sft,True,1.0,1.0,1.0,1.0,1.0,1.0,1.0
f80bb56c694d55ae,2021.07.09.15.53.28_veh-38_00184_02293,frozen_visual_sft,True,1.0,1.0,0.5623549910420843,1.0,1.0,1.0,0.8176479129342017
f81f1d9d43f75c37,2021.07.09.15.53.28_veh-38_00184_02293,frozen_visual_sft,True,1.0,1.0,1.0,1.0,1.0,1.0,1.0
f83624d80fbf5b86,2021.10.11.02.57.41_veh-50_01028_01289,frozen_visual_sft,True,1.0,1.0,0.6073634200830447,1.0,1.0,1.0,0.836401425034602
f83ebda95db35f05,2021.07.09.15.53.28_veh-38_00184_02293,frozen_visual_sft,True,1.0,1.0,0.5801707038764164,1.0,1.0,1.0,0.8250711266151735
f89bd37b0daf5c8a,2021.07.09.15.53.28_veh-38_00184_02293,frozen_visual_sft,True,1.0,1.0,1.0,1.0,1.0,1.0,1.0
f8bb1f5f15f0545e,2021.07.09.15.53.28_veh-38_00184_02293,frozen_visual_sft,True,1.0,1.0,0.9096862537648821,1.0,1.0,0.0,0.9623692724020342
f8cd764491c15c36,2021.06.09.12.51.31_veh-35_01729_02626,frozen_visual_sft,True,1.0,1.0,1.0,1.0,1.0,1.0,1.0
f93dafb45c965ab2,2021.10.11.02.57.41_veh-50_02155_02265,frozen_visual_sft,True,1.0,1.0,0.7285091237544614,1.0,1.0,1.0,0.8868788015643588
f954d393a5615fec,2021.06.09.14.50.36_veh-26_02826_02955,frozen_visual_sft,True,1.0,1.0,0.9249981680573609,1.0,1.0,1.0,0.968749236690567
f95fc48b693b53c2,2021.07.09.20.26.06_veh-35_02793_03289,frozen_visual_sft,True,1.0,1.0,0.7026224538302059,1.0,1.0,1.0,0.8760926890959192
f96c2bfcfa0b5adc,2021.08.31.14.01.15_veh-40_01576_01714,frozen_visual_sft,True,1.0,1.0,0.8206907960445348,1.0,1.0,1.0,0.9252878316852229
f98865ec9ca2540a,2021.07.09.15.53.28_veh-38_00184_02293,frozen_visual_sft,True,1.0,1.0,0.9707403491550105,1.0,1.0,1.0,0.9878084788145877
f9b9cec54e8759c8,2021.06.09.12.51.31_veh-35_01729_02626,frozen_visual_sft,True,1.0,1.0,1.0,1.0,1.0,1.0,1.0
f9cc839f6daf59a7,2021.07.09.15.53.28_veh-38_00184_02293,frozen_visual_sft,True,1.0,1.0,1.0,1.0,1.0,1.0,1.0
fa18ed9dac89551d,2021.08.31.14.01.15_veh-40_01576_01714,frozen_visual_sft,True,1.0,1.0,0.909188358261184,1.0,1.0,1.0,0.9621618159421601
fa570010ca00540d,2021.10.05.08.11.15_veh-50_00437_00585,frozen_visual_sft,True,1.0,1.0,0.7740593174874797,1.0,1.0,1.0,0.9058580489531165
fa6d09b953e85996,2021.07.09.20.26.06_veh-35_02793_03289,frozen_visual_sft,True,1.0,1.0,0.8610367499866308,1.0,1.0,1.0,0.9420986458277628
fa88f25a8971596f,2021.06.09.12.51.31_veh-35_01729_02626,frozen_visual_sft,True,1.0,1.0,1.0,1.0,1.0,1.0,1.0
fa89a1586e92554d,2021.06.09.12.51.31_veh-35_01729_02626,frozen_visual_sft,True,1.0,1.0,0.6125311330034641,1.0,1.0,1.0,0.8385546387514434
faa10d766e1e5675,2021.06.09.12.06.35_veh-35_01164_01494,frozen_visual_sft,True,1.0,1.0,0.9223104514636601,1.0,1.0,1.0,0.9676293547765251
faa1719d97b65c1e,2021.10.05.08.11.15_veh-50_00437_00585,frozen_visual_sft,True,1.0,1.0,1.0,1.0,1.0,0.5,1.0
faa2e3893e2f540a,2021.06.23.17.31.36_veh-16_00016_00377,frozen_visual_sft,True,1.0,1.0,1.0,1.0,1.0,1.0,1.0
fab83ce7307f5eb1,2021.07.09.15.53.28_veh-38_00184_02293,frozen_visual_sft,True,1.0,1.0,1.0,1.0,1.0,1.0,1.0
fac63ed354f95c7b,2021.10.05.07.49.39_veh-52_00770_00905,frozen_visual_sft,True,1.0,1.0,0.6777848046874909,1.0,1.0,1.0,0.8657436686197878
faf084d60e455e01,2021.07.09.20.26.06_veh-35_02793_03289,frozen_visual_sft,True,1.0,0.0,0.0,1.0,1.0,1.0,0.0
fb2723881f29596c,2021.06.09.12.51.31_veh-35_01729_02626,frozen_visual_sft,True,1.0,1.0,0.8908280200962775,1.0,1.0,1.0,0.9545116750401156
fb2dd85945315007,2021.10.11.02.57.41_veh-50_02155_02265,frozen_visual_sft,True,1.0,1.0,0.5806690012376645,1.0,1.0,1.0,0.8252787505156935
fb50a35ed72b5a18,2021.10.11.02.57.41_veh-50_02155_02265,frozen_visual_sft,True,1.0,1.0,0.747146486498142,1.0,1.0,1.0,0.8946443693742259
fb62245532a251c2,2021.07.09.20.26.06_veh-35_02793_03289,frozen_visual_sft,True,1.0,1.0,0.801902368056444,1.0,1.0,1.0,0.9174593200235183
fba22c6ccd535dd0,2021.07.09.20.26.06_veh-35_02793_03289,frozen_visual_sft,True,1.0,1.0,1.0,1.0,1.0,1.0,1.0
fba4ada6e76d51d5,2021.06.09.12.06.35_veh-35_01164_01494,frozen_visual_sft,True,1.0,1.0,0.6292743656055422,1.0,1.0,1.0,0.8455309856689759
fbaf220f056b5918,2021.07.09.15.53.28_veh-38_00184_02293,frozen_visual_sft,True,1.0,1.0,0.920130288463737,1.0,1.0,1.0,0.9667209535265572
fbb2aa2813125b32,2021.10.11.02.57.41_veh-50_02155_02265,frozen_visual_sft,True,1.0,1.0,0.7714252010228814,1.0,1.0,1.0,0.9047605004262005
fbd62cf89a7d5308,2021.07.09.20.26.06_veh-35_02793_03289,frozen_visual_sft,True,1.0,1.0,0.6995513045698004,1.0,1.0,1.0,0.8748130435707502
fbde637d36f557c2,2021.10.11.02.57.41_veh-50_02155_02265,frozen_visual_sft,True,1.0,1.0,0.6547632866909097,1.0,1.0,1.0,0.8561513694545457
fbf80b893a45596c,2021.06.09.12.51.31_veh-35_01729_02626,frozen_visual_sft,True,1.0,1.0,1.0,1.0,1.0,1.0,1.0
fc4b553b82f3573e,2021.07.09.15.53.28_veh-38_00184_02293,frozen_visual_sft,True,1.0,1.0,0.9772272117502825,1.0,1.0,1.0,0.9905113382292843
fd266017475c571a,2021.07.09.20.26.06_veh-35_02793_03289,frozen_visual_sft,True,1.0,1.0,0.8524151062273909,1.0,1.0,1.0,0.9385062942614129
fd650b8a78ab5706,2021.06.09.20.26.11_veh-35_00970_01216,frozen_visual_sft,True,1.0,1.0,0.9614558576220095,1.0,1.0,1.0,0.9839399406758372
fd6714343cac5c89,2021.07.09.15.53.28_veh-38_00184_02293,frozen_visual_sft,True,1.0,1.0,1.0,1.0,1.0,1.0,1.0
fd88394324a05329,2021.07.09.20.26.06_veh-35_02793_03289,frozen_visual_sft,True,1.0,1.0,1.0,1.0,1.0,1.0,1.0
fdab862a77fb5c90,2021.07.09.15.53.28_veh-38_00184_02293,frozen_visual_sft,True,1.0,1.0,0.7815309336030077,1.0,1.0,1.0,0.9089712223345865
fdc30f8fc86655b0,2021.06.09.12.06.35_veh-35_01164_01494,frozen_visual_sft,True,1.0,1.0,0.7810229327588106,1.0,1.0,1.0,0.9087595553161711
fdfec9ef7201528e,2021.10.11.02.57.41_veh-50_02155_02265,frozen_visual_sft,True,1.0,1.0,0.5580511848050553,1.0,1.0,1.0,0.8158546603354399
fe07ab55cffb5cb9,2021.07.09.20.26.06_veh-35_02793_03289,frozen_visual_sft,True,1.0,1.0,0.7970718296694055,1.0,1.0,1.0,0.9154465956955856
fe1838e14f915f8f,2021.10.05.07.49.39_veh-52_00770_00905,frozen_visual_sft,True,1.0,1.0,0.7757084751854035,1.0,1.0,1.0,0.9065451979939182
fe288a64350d556b,2021.06.09.20.26.11_veh-35_00970_01216,frozen_visual_sft,True,1.0,1.0,0.7263604599529859,1.0,1.0,1.0,0.8859835249804108
fe2ac8c198fa5790,2021.07.09.15.53.28_veh-38_00184_02293,frozen_visual_sft,True,1.0,1.0,1.0,1.0,1.0,1.0,1.0
fe3ae84c2c3b5232,2021.06.23.17.31.36_veh-16_00016_00377,frozen_visual_sft,True,1.0,1.0,1.0,1.0,1.0,1.0,1.0
fe61c9b75ca85f61,2021.07.09.20.26.06_veh-35_02793_03289,frozen_visual_sft,True,1.0,1.0,0.97275144278329,1.0,1.0,1.0,0.9886464344930376
fe821d61eef757d7,2021.07.09.15.53.28_veh-38_00184_02293,frozen_visual_sft,True,1.0,1.0,1.0,1.0,1.0,1.0,1.0
feafc7509f0f51cf,2021.07.09.15.53.28_veh-38_00184_02293,frozen_visual_sft,True,1.0,1.0,1.0,1.0,1.0,1.0,1.0
fee8806b92c9501e,2021.07.09.15.53.28_veh-38_00184_02293,frozen_visual_sft,True,1.0,1.0,1.0,1.0,1.0,1.0,1.0
ff31fde84ea55ab8,2021.10.11.02.57.41_veh-50_02155_02265,frozen_visual_sft,True,1.0,1.0,0.7510186293792123,1.0,1.0,1.0,0.8962577622413385
ff409a68b88e5ac0,2021.10.05.08.11.15_veh-50_00437_00585,frozen_visual_sft,True,1.0,1.0,0.6100110904854399,1.0,1.0,1.0,0.8375046210355999
ff5e73d54265581f,2021.06.09.17.23.18_veh-38_01598_01750,frozen_visual_sft,True,1.0,1.0,0.8159519602707772,1.0,1.0,1.0,0.9233133167794905
ffd3019de9f75d89,2021.06.09.12.06.35_veh-35_01164_01494,frozen_visual_sft,True,1.0,1.0,0.693166568609765,1.0,1.0,1.0,0.8721527369207355
