token,log_name,label,valid,no_at_fault_collisions,drivable_area_compliance,ego_progress,time_to_collision_within_bound,comfort,driving_direction_compliance,score
0034182453455593,2021.07.09.15.53.28_veh-38_00184_02293,unfrozen_visual_sft,True,1.0,1.0,0.818413961180425,1.0,1.0,1.0,0.9243391504918437
0063186407485185,2021.07.09.15.53.28_veh-38_00184_02293,unfrozen_visual_sft,True,1.0,1.0,1.0,1.0,1.0,1.0,1.0
00839bb43eed5f3e,2021.08.31.14.01.15_veh-40_01576_01714,unfrozen_visual_sft,True,1.0,1.0,0.7721098175108583,1.0,1.0,1.0,0.905045757296191
0090af8e15415a95,2021.06.09.12.06.35_veh-35_01164_01494,unfrozen_visual_sft,True,1.0,1.0,0.8182423045450686,1.0,1.0,1.0,0.9242676268937786
00b3f7e6cbfc5fa0,2021.10.11.02.57.41_veh-50_02155_02265,unfrozen_visual_sft,True,1.0,1.0,0.7617218579285143,1.0,1.0,1.0,0.9007174408035477
00bf064b40495a06,2021.07.09.15.53.28_veh-38_00184_02293,unfrozen_visual_sft,True,1.0,1.0,0.8577849513625697,1.0,1.0,1.0,0.940743729734404
00e32fcdcf455ae8,2021.07.09.15.53.28_veh-38_00184_02293,unfrozen_visual_sft,True,1.0,1.0,1.0,1.0,1.0,1.0,1.0
015173513fc25684,2021.10.05.08.11.15_veh-50_00437_00585,unfrozen_visual_sft,True,1.0,1.0,0.7942577637492447,1.0,1.0,1.0,0.914274068228852
016139f70ba255f4,2021.07.09.15.53.28_veh-38_00184_02293,unfrozen_visual_sft,True,1.0,1.0,1.0,1.0,1.0,1.0,1.0
017221a69d845d5f,2021.06.23.17.31.36_veh-16_00016_00377,unfrozen_visual_sft,True,1.0,1.0,0.9381592130780094,1.0,1.0,1.0,0.9742330054491705
017f6ea65a675bd0,2021.07.09.15.53.28_veh-38_00184_02293,unfrozen_visual_sft,True,1.0,1.0,0.9416231523945545,1.0,1.0,1.0,0.975676313497731
0191e3cbe7735d02,2021.10.11.02.57.41_veh-50_01028_01289,unfrozen_visual_sft,True,1.0,1.0,0.7270001262964331,1.0,1.0,1.0,0.8862500526235139
0192df9f896c5030,2021.07.09.20.26.06_veh-35_02793_03289,unfrozen_visual_sft,True,1.0,1.0,1.0,1.0,1.0,1.0,1.0
019be72ca2035269,2021.07.09.15.53.28_veh-38_00184_02293,unfrozen_visual_sft,True,1.0,1.0,0.8706586992728658,1.0,1.0,1.0,0.9461077913636942
01d99dddfff055b4,2021.06.09.12.06.35_veh-35_01164_01494,unfrozen_visual_sft,True,1.0,1.0,1.0,1.0,1.0,1.0,1.0
01f29c09064f597d,2021.07.09.15.53.28_veh-38_00184_02293,unfrozen_visual_sft,True,1.0,1.0,1.0,1.0,1.0,1.0,1.0
02036a881c8757cd,2021.06.09.12.06.35_veh-35_01164_01494,unfrozen_visual_sft,True,1.0,1.0,0.8513111535308595,1.0,1.0,1.0,0.9380463139711915
02199704c082520f,2021.06.09.12.51.31_veh-35_01729_02626,unfrozen_visual_sft,True,1.0,1.0,1.0,1.0,1.0,1.0,1.0
02271efb56ca5e62,2021.07.09.15.53.28_veh-38_00184_02293,unfrozen_visual_sft,True,1.0,1.0,1.0,1.0,1.0,1.0,1.0
0228fd10f8c05bd4,2021.06.09.12.51.31_veh-35_01729_02626,unfrozen_visual_sft,True,1.0,1.0,0.809288138419795,1.0,1.0,1.0,0.9205367243415813
0242cf7ebae4537a,2021.07.09.15.53.28_veh-38_00184_02293,unfrozen_visual_sft,True,1.0,1.0,0.9551618118883155,1.0,1.0,1.0,0.9813174216201315
0244b29e92175c74,2021.08.31.14.01.15_veh-40_01576_01714,unfrozen_visual_sft,True,1.0,1.0,0.7122525067694802,1.0,1.0,1.0,0.8801052111539501
025b6096a0af5d87,2021.06.09.12.51.31_veh-35_01729_02626,unfrozen_visual_sft,True,1.0,1.0,0.9977366546263959,1.0,1.0,1.0,0.9990569394276649
0265d0c659745deb,2021.10.05.08.11.15_veh-50_00437_00585,unfrozen_visual_sft,True,1.0,1.0,0.7836265869860308,1.0,1.0,1.0,0.9098444112441796
0266adddeefb584b,2021.07.09.20.26.06_veh-35_02793_03289,unfrozen_visual_sft,True,1.0,1.0,0.9593125530910899,1.0,1.0,1.0,0.9830468971212873
027d63f008ba518b,2021.10.05.08.11.15_veh-50_00437_00585,unfrozen_visual_sft,True,1.0,1.0,0.9038305208587792,1.0,1.0,1.0,0.9599293836911581
02831f0823a75275,2021.06.09.12.06.35_veh-35_01164_01494,unfrozen_visual_sft,True,1.0,1.0,0.818053122616846,1.0,1.0,1.0,0.9241888010903526
02be5e5257915894,2021.10.11.02.57.41_veh-50_02155_02265,unfrozen_visual_sft,True,1.0,1.0,0.723843251515579,1.0,1.0,1.0,0.8849346881314912
02dff6541a8c574b,2021.06.23.17.31.36_veh-16_00016_00377,unfrozen_visual_sft,True,1.0,1.0,0.6689407207550124,1.0,1.0,1.0,0.8620586336479219
038d98b0aef65cc5,2021.06.09.17.23.18_veh-38_01598_01750,unfrozen_visual_sft,True,1.0,1.0,1.0,1.0,1.0,1.0,1.0
039064e3ab615ba4,2021.06.09.12.51.31_veh-35_01729_02626,unfrozen_visual_sft,True,1.0,1.0,1.0,1.0,1.0,1.0,1.0
039d81c335fa5830,2021.07.09.15.53.28_veh-38_00184_02293,unfrozen_visual_sft,True,1.0,1.0,1.0,1.0,1.0,1.0,1.0
03d3158b8faf5c81,2021.07.09.15.53.28_veh-38_00184_02293,unfrozen_visual_sft,True,1.0,1.0,1.0,1.0,1.0,1.0,1.0
03e725fe0ab95f02,2021.06.09.12.51.31_veh-35_01729_02626,unfrozen_visual_sft,True,1.0,1.0,1.0,1.0,1.0,1.0,1.0
03eb9463e1685d1f,2021.10.11.02.57.41_veh-50_02155_02265,unfrozen_visual_sft,True,1.0,1.0,0.6992022805856761,1.0,1.0,1.0,0.8746676169106985
03fe497641cc5a31,2021.07.09.15.53.28_veh-38_00184_02293,unfrozen_visual_sft,True,1.0,1.0,0.6223709138634121,1.0,1.0,1.0,0.8426545474430883
0424e5fd9a5c5e60,2021.10.11.02.57.41_veh-50_02155_02265,unfrozen_visual_sft,True,1.0,1.0,0.6964224216082914,1.0,1.0,1.0,0.8735093423367881
044e89f71c845e59,2021.07.09.20.26.06_veh-35_02793_03289,unfrozen_visual_sft,True,1.0,1.0,0.8944969189262212,1.0,1.0,1.0,0.9560403828859254
0454457b4d6a5d20,2021.07.09.15.53.28_veh-38_00184_02293,unfrozen_visual_sft,True,1.0,1.0,1.0,1.0,1.0,1.0,1.0
0461af120ee45dd8,2021.06.09.14.50.36_veh-26_02826_02955,unfrozen_visual_sft,True,1.0,1.0,1.0,1.0,0.0,1.0,0.8333333333333334
047b29ae8a2d50c3,2021.06.09.12.51.31_veh-35_01729_02626,unfrozen_visual_sft,True,1.0,1.0,1.0,1.0,1.0,1.0,1.0
047ca296724153ed,2021.06.23.17.31.36_veh-16_00016_00377,unfrozen_visual_sft,True,1.0,1.0,1.0,1.0,1.0,1.0,1.0
04892d0279ea5905,2021.06.09.20.26.11_veh-35_00970_01216,unfrozen_visual_sft,True,1.0,1.0,0.8368984705290705,1.0,1.0,1.0,0.9320410293871128
049ac1985c175ddb,2021.06.09.12.51.31_veh-35_01729_02626,unfrozen_visual_sft,True,1.0,1.0,0.9879391701230803,1.0,1.0,1.0,0.9949746542179501
04a2fff5521b5215,2021.10.11.02.57.41_veh-50_01028_01289,unfrozen_visual_sft,True,1.0,1.0,0.6817031876802638,1.0,1.0,1.0,0.8673763282001099
04b8f4a99be85973,2021.06.09.20.26.11_veh-35_00970_01216,unfrozen_visual_sft,True,1.0,1.0,1.0,1.0,1.0,1.0,1.0
04d3c2f7702750b6,2021.10.05.08.11.15_veh-50_00437_00585,unfrozen_visual_sft,True,1.0,1.0,0.6578159643245436,1.0,1.0,1.0,0.8574233184685598
04db6d7b763754ac,2021.07.09.15.53.28_veh-38_00184_02293,unfrozen_visual_sft,True,1.0,1.0,1.0,1.0,1.0,1.0,1.0
04eb8d64f2795c58,2021.07.09.15.53.28_veh-38_00184_02293,unfrozen_visual_sft,True,1.0,1.0,1.0,1.0,1.0,1.0,1.0
04ef1bdebb1e5c2b,2021.06.09.14.50.36_veh-26_02826_02955,unfrozen_visual_sft,True,1.0,1.0,1.0,1.0,1.0,1.0,1.0
0502eec8c9615c19,2021.10.11.02.57.41_veh-50_01028_01289,unfrozen_visual_sft,True,1.0,1.0,1.0,1.0,1.0,1.0,1.0
050bc5dc61b05c0c,2021.06.09.20.26.11_veh-35_00970_01216,unfrozen_visual_sft,True,1.0,1.0,0.855759562040728,1.0,1.0,1.0,0.93989981751697
052f982083e859d7,2021.06.09.12.06.35_veh-35_01164_01494,unfrozen_visual_sft,True,1.0,1.0,0.7923525069924303,1.0,1.0,1.0,0.913480211246846
05dc6e420d935b8e,2021.06.09.20.26.11_veh-35_00970_01216,unfrozen_visual_sft,True,1.0,1.0,1.0,1.0,1.0,1.0,1.0
0612ae5a43ea5e14,2021.06.23.17.31.36_veh-16_00016_00377,unfrozen_visual_sft,True,1.0,1.0,1.0,1.0,1.0,1.0,1.0
066d174c1ee2516a,2021.10.05.08.11.15_veh-50_00437_00585,unfrozen_visual_sft,True,1.0,1.0,0.6637042046541054,1.0,1.0,1.0,0.8598767519392106
0683a44547c053e2,2021.07.09.15.53.28_veh-38_00184_02293,unfrozen_visual_sft,True,1.0,1.0,1.0,1.0,1.0,1.0,1.0
06c973b2073057ab,2021.07.09.15.53.28_veh-38_00184_02293,unfrozen_visual_sft,True,1.0,1.0,0.8212971184472906,1.0,1.0,1.0,0.9255404660197044
06cd8d997cfe5de6,2021.10.11.02.57.41_veh-50_02155_02265,unfrozen_visual_sft,True,1.0,1.0,0.7308664733845787,1.0,1.0,1.0,0.8878610305769078
06ecc274857650aa,2021.06.09.14.50.36_veh-26_02826_02955,unfrozen_visual_sft,True,1.0,1.0,1.0,1.0,1.0,1.0,1.0
06f9275753de5cb6,2021.07.09.15.53.28_veh-38_00184_02293,unfrozen_visual_sft,True,1.0,1.0,1.0,1.0,1.0,1.0,1.0
0746ca94fdc85420,2021.10.11.02.57.41_veh-50_02155_02265,unfrozen_visual_sft,True,1.0,1.0,0.7545412872955093,1.0,1.0,1.0,0.8977255363731289
07667d039f5755fc,2021.07.09.15.53.28_veh-38_00184_02293,unfrozen_visual_sft,True,1.0,1.0,1.0,1.0,1.0,1.0,1.0
0769d9f9498e5f51,2021.06.09.12.51.31_veh-35_01729_02626,unfrozen_visual_sft,True,1.0,1.0,0.6923606769557735,1.0,1.0,1.0,0.8718169487315723
076e73b542175041,2021.10.11.02.57.41_veh-50_01028_01289,unfrozen_visual_sft,True,1.0,1.0,0.6348212344053299,1.0,1.0,1.0,0.8478421810022208
077e1ef7a2dd526e,2021.10.05.08.11.15_veh-50_00437_00585,unfrozen_visual_sft,True,1.0,1.0,0.6116940640089028,1.0,1.0,1.0,0.8382058600037094
079dad1bf4aa53ff,2021.10.05.08.11.15_veh-50_00437_00585,unfrozen_visual_sft,True,1.0,1.0,0.6573367833370046,1.0,1.0,1.0,0.8572236597237519
0818730194515784,2021.07.09.15.53.28_veh-38_00184_02293,unfrozen_visual_sft,True,1.0,1.0,0.77447306705724,1.0,1.0,1.0,0.9060304446071834
08309993090158ed,2021.06.23.17.31.36_veh-16_00016_00377,unfrozen_visual_sft,True,1.0,1.0,1.0,1.0,1.0,1.0,1.0
0834ee7bd96c524f,2021.07.16.22.40.23_veh-38_00204_00360,unfrozen_visual_sft,True,1.0,1.0,1.0,1.0,1.0,1.0,1.0
083a415c4ea15ef6,2021.06.09.20.26.11_veh-35_00970_01216,unfrozen_visual_sft,True,1.0,1.0,1.0,1.0,1.0,1.0,1.0
0845cc2551fa5e03,2021.07.09.15.53.28_veh-38_00184_02293,unfrozen_visual_sft,True,1.0,1.0,1.0,1.0,1.0,1.0,1.0
089b7c97ae005df7,2021.10.05.07.49.39_veh-52_00770_00905,unfrozen_visual_sft,True,1.0,1.0,0.8046652559035696,1.0,1.0,1.0,0.918610523293154
08b90ea812f95157,2021.07.09.15.53.28_veh-38_00184_02293,unfrozen_visual_sft,True,1.0,1.0,1.0,1.0,1.0,1.0,1.0
08e86035c86c59cf,2021.07.09.15.53.28_veh-38_00184_02293,unfrozen_visual_sft,True,1.0,1.0,1.0,1.0,1.0,1.0,1.0
08fef85e66fe56c4,2021.07.09.15.53.28_veh-38_00184_02293,unfrozen_visual_sft,True,1.0,1.0,0.8699679288155725,1.0,1.0,1.0,0.9458199703398219
091a90a5f2855a82,2021.07.09.20.26.06_veh-35_02793_03289,unfrozen_visual_sft,True,1.0,1.0,0.7887108503595772,1.0,1.0,1.0,0.9119628543164905
093784159a005ddd,2021.07.09.20.26.06_veh-35_02793_03289,unfrozen_visual_sft,True,1.0,1.0,1.0,1.0,1.0,1.0,1.0
0965ca8d343855bd,2021.10.05.08.11.15_veh-50_00437_00585,unfrozen_visual_sft,True,1.0,1.0,0.5828903678424189,1.0,1.0,1.0,0.8262043199343413
09909af20007564a,2021.06.09.12.06.35_veh-35_01164_01494,unfrozen_visual_sft,True,1.0,1.0,1.0,1.0,1.0,1.0,1.0
09a440cb0aeb567a,2021.06.09.12.06.35_veh-35_01164_01494,unfrozen_visual_sft,True,1.0,1.0,0.8339368004966392,1.0,1.0,1.0,0.930807000206933
09d6aaf7636350e1,2021.10.11.02.57.41_veh-50_02155_02265,unfrozen_visual_sft,True,1.0,1.0,0.786342025681938,1.0,1.0,1.0,0.9109758440341409
0a508df3445152b0,2021.07.09.15.53.28_veh-38_00184_02293,unfrozen_visual_sft,True,1.0,1.0,0.9617916795636948,1.0,1.0,1.0,0.9840798664848728
0a50e549c5ed5787,2021.06.09.17.23.18_veh-38_01598_01750,unfrozen_visual_sft,True,1.0,1.0,0.8436030978857108,1.0,1.0,1.0,0.9348346241190462
0a6a37e522035224,2021.06.09.12.06.35_veh-35_01164_01494,unfrozen_visual_sft,True,1.0,1.0,0.9041045507438276,1.0,1.0,1.0,0.9600435628099282
0b10c61fbe415c5e,2021.07.16.22.40.23_veh-38_00204_00360,unfrozen_visual_sft,True,1.0,1.0,1.0,1.0,1.0,1.0,1.0
0b19cdb05d2c5e68,2021.07.09.15.53.28_veh-38_00184_02293,unfrozen_visual_sft,True,1.0,1.0,0.8277359400612724,1.0,1.0,1.0,0.9282233083588635
0b22e62e12cf5607,2021.07.09.15.53.28_veh-38_00184_02293,unfrozen_visual_sft,True,1.0,1.0,0.822854062636537,1.0,1.0,1.0,0.9261891927652238
0b67d7e9536256af,2021.07.09.15.53.28_veh-38_00184_02293,unfrozen_visual_sft,True,1.0,1.0,0.7511904249603267,1.0,1.0,0.5,0.8963293437334695
0b6d1ed507635a6e,2021.10.01.17.52.06_veh-28_01141_01264,unfrozen_visual_sft,True,1.0,1.0,0.9404136875044833,1.0,1.0,1.0,0.9751723697935347
0b890a5dbdaf53aa,2021.06.09.12.51.31_veh-35_01729_02626,unfrozen_visual_sft,True,1.0,1.0,1.0,1.0,1.0,1.0,1.0
0ba5cd65023a5d5c,2021.07.09.20.26.06_veh-35_02793_03289,unfrozen_visual_sft,True,1.0,1.0,1.0,0.0,1.0,1.0,0.5833333333333334
0c6651f095895012,2021.07.09.15.53.28_veh-38_00184_02293,unfrozen_visual_sft,True,1.0,1.0,1.0,1.0,1.0,1.0,1.0
0c71f6071ee054a8,2021.07.09.15.53.28_veh-38_00184_02293,unfrozen_visual_sft,True,1.0,1.0,0.9760239842262353,1.0,1.0,1.0,0.990009993427598
0ce992b41b7854f8,2021.07.09.15.53.28_veh-38_00184_02293,unfrozen_visual_sft,True,1.0,1.0,1.0,1.0,1.0,1.0,1.0
0d0891893f1d59b5,2021.07.09.20.26.06_veh-35_02793_03289,unfrozen_visual_sft,True,1.0,1.0,0.5950099432458761,1.0,1.0,1.0,0.831254143019115
0d4a4de2ed0551de,2021.07.09.20.26.06_veh-35_02793_03289,unfrozen_visual_sft,True,1.0,1.0,1.0,1.0,1.0,1.0,1.0
0daae1bedaae53c5,2021.07.09.15.53.28_veh-38_00184_02293,unfrozen_visual_sft,True,1.0,1.0,0.6973018800242712,1.0,1.0,1.0,0.8738757833434464
0dbe21f7e02a578a,2021.10.05.08.11.15_veh-50_00437_00585,unfrozen_visual_sft,True,1.0,1.0,0.6466434266491642,1.0,1.0,1.0,0.8527680944371517
0dc2e306b4485579,2021.10.11.02.57.41_veh-50_02155_02265,unfrozen_visual_sft,True,1.0,1.0,0.7293644556371945,1.0,1.0,1.0,0.887235189848831
0e3398e6271350b4,2021.10.05.08.11.15_veh-50_00437_00585,unfrozen_visual_sft,True,1.0,1.0,0.6604016725293119,1.0,1.0,1.0,0.8585006968872134
0ecbcba803ab54e0,2021.10.11.02.57.41_veh-50_02155_02265,unfrozen_visual_sft,True,1.0,1.0,0.7005298719558863,1.0,1.0,1.0,0.8752207799816194
0ee4062c48cc50d9,2021.07.09.15.53.28_veh-38_00184_02293,unfrozen_visual_sft,True,1.0,1.0,0.9212885941333537,1.0,1.0,1.0,0.9672035808888975
0ef4861884495fee,2021.10.05.08.11.15_veh-50_00437_00585,unfrozen_visual_sft,True,1.0,1.0,0.6396475140308545,1.0,1.0,1.0,0.8498531308461894
0f2f7590e2c153c1,2021.10.11.02.57.41_veh-50_01028_01289,unfrozen_visual_sft,True,1.0,1.0,1.0,1.0,1.0,1.0,1.0
0f4042e7f1995020,2021.07.09.15.53.28_veh-38_00184_02293,unfrozen_visual_sft,True,1.0,1.0,1.0,1.0,1.0,1.0,1.0
0fb7c8347ef25535,2021.07.09.15.53.28_veh-38_00184_02293,unfrozen_visual_sft,True,1.0,1.0,1.0,1.0,1.0,1.0,1.0
0fd89914075c5330,2021.06.09.20.26.11_veh-35_00970_01216,unfrozen_visual_sft,True,1.0,1.0,1.0,1.0,1.0,1.0,1.0
100ed6de0208550f,2021.07.09.15.53.28_veh-38_00184_02293,unfrozen_visual_sft,True,1.0,1.0,0.7247559675396796,1.0,1.0,1.0,0.8853149864748665
100ee55049cc584e,2021.06.09.12.51.31_veh-35_01729_02626,unfrozen_visual_sft,True,1.0,1.0,1.0,1.0,1.0,1.0,1.0
102471e46a565fdf,2021.10.11.02.57.41_veh-50_02155_02265,unfrozen_visual_sft,True,1.0,1.0,0.6261063139507076,1.0,1.0,1.0,0.8442109641461282
102b90da87b851bf,2021.06.09.12.51.31_veh-35_01729_02626,unfrozen_visual_sft,True,1.0,1.0,0.777630163052637,1.0,1.0,1.0,0.907345901271932
1035c6107e4b52d3,2021.06.09.12.06.35_veh-35_01164_01494,unfrozen_visual_sft,True,1.0,1.0,0.9019808098774694,1.0,1.0,1.0,0.959158670782279
103d8446b9a7501b,2021.08.31.11.47.30_veh-40_00919_01000,unfrozen_visual_sft,True,1.0,1.0,1.0,1.0,1.0,1.0,1.0
104fd3ad395d5ded,2021.06.09.12.51.31_veh-35_01729_02626,unfrozen_visual_sft,True,1.0,1.0,1.0,1.0,1.0,1.0,1.0
105b3c761dee5fcb,2021.06.23.17.31.36_veh-16_00016_00377,unfrozen_visual_sft,True,1.0,1.0,1.0,1.0,1.0,1.0,1.0
108c162aabf552ba,2021.06.09.12.06.35_veh-35_01164_01494,unfrozen_visual_sft,True,1.0,1.0,0.6830716371916342,1.0,1.0,1.0,0.8679465154965142
10b7dc9bd96e550a,2021.07.09.15.53.28_veh-38_00184_02293,unfrozen_visual_sft,True,1.0,1.0,0.837022286668696,1.0,1.0,1.0,0.93209261944529
10da33ea86ba5697,2021.07.16.22.40.23_veh-38_00204_00360,unfrozen_visual_sft,True,1.0,1.0,1.0,1.0,1.0,1.0,1.0
10f0de18ec3d5c9f,2021.07.09.15.53.28_veh-38_00184_02293,unfrozen_visual_sft,True,1.0,1.0,0.8647383624792232,1.0,1.0,1.0,0.943640984366343
10f2a63b52ff556a,2021.07.09.15.53.28_veh-38_00184_02293,unfrozen_visual_sft,True,1.0,1.0,0.9210208012882413,1.0,1.0,1.0,0.9670920005367671
113ce1e07c7a5543,2021.10.05.08.11.15_veh-50_00437_00585,unfrozen_visual_sft,True,1.0,1.0,0.7167503854496664,1.0,1.0,1.0,0.8819793272706944
114020a7beaf5151,2021.07.09.15.53.28_veh-38_00184_02293,unfrozen_visual_sft,True,1.0,1.0,0.9021060347909149,1.0,1.0,1.0,0.9592108478295479
1150ab6954775965,2021.07.09.15.53.28_veh-38_00184_02293,unfrozen_visual_sft,True,1.0,1.0,0.7515463986328564,1.0,1.0,1.0,0.8964776660970234
1168282af331504e,2021.06.23.17.31.36_veh-16_00016_00377,unfrozen_visual_sft,True,1.0,1.0,1.0,1.0,1.0,1.0,1.0
11788fec75b55fe8,2021.06.09.12.51.31_veh-35_01729_02626,unfrozen_visual_sft,True,1.0,1.0,0.8914620331719709,1.0,1.0,1.0,0.954775847154988
11b917a7dad65cb3,2021.06.09.20.26.11_veh-35_00970_01216,unfrozen_visual_sft,True,1.0,1.0,1.0,1.0,1.0,1.0,1.0
11d448d26126557f,2021.06.09.12.06.35_veh-35_01164_01494,unfrozen_visual_sft,True,1.0,1.0,0.6784613622038497,1.0,1.0,1.0,0.8660255675849373
11fb8402c7ed5f38,2021.07.09.15.53.28_veh-38_00184_02293,unfrozen_visual_sft,True,1.0,1.0,1.0,1.0,1.0,1.0,1.0
1201ef26669d52b5,2021.07.09.15.53.28_veh-38_00184_02293,unfrozen_visual_sft,True,1.0,1.0,1.0,1.0,1.0,1.0,1.0
1206c4653bc05297,2021.06.09.12.51.31_veh-35_01729_02626,unfrozen_visual_sft,True,1.0,1.0,1.0,1.0,1.0,1.0,1.0
12127170e93a53e9,2021.06.09.12.06.35_veh-35_01164_01494,unfrozen_visual_sft,True,1.0,1.0,0.7581965985227449,1.0,1.0,1.0,0.8992485827178104
122bed8802a05ae2,2021.07.09.15.53.28_veh-38_00184_02293,unfrozen_visual_sft,True,1.0,1.0,1.0,1.0,1.0,1.0,1.0
12529e1e5d23525d,2021.07.09.15.53.28_veh-38_00184_02293,unfrozen_visual_sft,True,1.0,1.0,0.9860304901989274,1.0,1.0,1.0,0.9941793709162198
12927478268a52a7,2021.07.09.15.53.28_veh-38_00184_02293,unfrozen_visual_sft,True,1.0,1.0,0.857453904003018,1.0,1.0,1.0,0.9406057933345909
12a303e7e3b85492,2021.07.09.15.53.28_veh-38_00184_02293,unfrozen_visual_sft,True,1.0,1.0,0.8434741718571986,1.0,1.0,1.0,0.9347809049404994
12af90c2b8b6512e,2021.08.31.14.01.15_veh-40_01576_01714,unfrozen_visual_sft,True,1.0,1.0,0.7598374248435129,1.0,1.0,1.0,0.8999322603514637
134c53ed5241548e,2021.10.11.02.57.41_veh-50_01028_01289,unfrozen_visual_sft,True,1.0,1.0,0.7005752503564462,1.0,1.0,1.0,0.8752396876485192
136d82f937c45885,2021.06.23.17.31.36_veh-16_00016_00377,unfrozen_visual_sft,True,1.0,1.0,0.997330091198371,1.0,1.0,1.0,0.9988875379993213
13bb402c57765d6e,2021.06.09.17.23.18_veh-38_01598_01750,unfrozen_visual_sft,True,1.0,1.0,0.7143827651709677,1.0,1.0,1.0,0.8809928188212366
13d47325b0b950f1,2021.07.09.20.26.06_veh-35_02793_03289,unfrozen_visual_sft,True,1.0,1.0,0.8447754351683513,1.0,1.0,1.0,0.9353230979868131
13dddabad3d65ddf,2021.06.09.17.23.18_veh-38_01598_01750,unfrozen_visual_sft,True,1.0,1.0,0.5845756105141918,1.0,1.0,1.0,0.8269065043809132
14489b09baaa54e5,2021.10.11.02.57.41_veh-50_02155_02265,unfrozen_visual_sft,True,1.0,1.0,0.7082108091426476,1.0,1.0,1.0,0.8784211704761032
147c06dffbdb5bc4,2021.06.09.12.06.35_veh-35_01164_01494,unfrozen_visual_sft,True,1.0,1.0,0.9564676585265494,1.0,1.0,1.0,0.9818615243860623
1499e758c6855a74,2021.06.09.12.51.31_veh-35_01729_02626,unfrozen_visual_sft,True,1.0,1.0,0.8093941840891701,1.0,1.0,1.0,0.9205809100371543
15080129531552fe,2021.07.09.20.26.06_veh-35_02793_03289,unfrozen_visual_sft,True,1.0,1.0,0.684542247437334,1.0,1.0,1.0,0.8685592697655559
1543049980f15e78,2021.10.11.02.57.41_veh-50_02155_02265,unfrozen_visual_sft,True,1.0,1.0,0.8512461684721336,1.0,1.0,1.0,0.9380192368633891
154f87b0c0ca5624,2021.10.11.02.57.41_veh-50_02155_02265,unfrozen_visual_sft,True,1.0,1.0,0.7224059019285965,1.0,1.0,1.0,0.8843357924702486
1562991f98315d4d,2021.06.09.12.06.35_veh-35_01164_01494,unfrozen_visual_sft,True,1.0,1.0,0.831822768943426,1.0,1.0,1.0,0.9299261537264275
157d3b777d315364,2021.07.09.15.53.28_veh-38_00184_02293,unfrozen_visual_sft,True,1.0,1.0,1.0,1.0,1.0,1.0,1.0
158eecf778cc5684,2021.06.09.12.06.35_veh-35_01164_01494,unfrozen_visual_sft,True,1.0,1.0,0.8404251491805781,1.0,1.0,1.0,0.9335104788252409
160b363bd86953af,2021.07.09.15.53.28_veh-38_00184_02293,unfrozen_visual_sft,True,1.0,1.0,0.9339635978143004,1.0,1.0,1.0,0.9724848324226252
16259719899f5b57,2021.10.11.02.57.41_veh-50_01028_01289,unfrozen_visual_sft,True,1.0,1.0,1.0,1.0,1.0,1.0,1.0
166f157b4b935a1e,2021.07.09.15.53.28_veh-38_00184_02293,unfrozen_visual_sft,True,1.0,1.0,1.0,1.0,1.0,1.0,1.0
16840451fa765419,2021.06.09.17.23.18_veh-38_01598_01750,unfrozen_visual_sft,True,1.0,1.0,1.0,1.0,1.0,1.0,1.0
16a726067f77532d,2021.07.09.15.53.28_veh-38_00184_02293,unfrozen_visual_sft,True,1.0,1.0,1.0,1.0,1.0,1.0,1.0
16c70ee6d6485400,2021.10.05.07.49.39_veh-52_00770_00905,unfrozen_visual_sft,True,1.0,1.0,0.6920699145149398,1.0,1.0,1.0,0.8716957977145583
16df14e0b5fe574f,2021.06.09.17.23.18_veh-38_01598_01750,unfrozen_visual_sft,True,1.0,1.0,0.8883563695453327,1.0,1.0,1.0,0.9534818206438885
16e38f619b4358cb,2021.10.11.02.57.41_veh-50_01028_01289,unfrozen_visual_sft,True,1.0,1.0,1.0,1.0,1.0,1.0,1.0
16ea1ed69aed5de1,2021.06.23.17.31.36_veh-16_00016_00377,unfrozen_visual_sft,True,1.0,1.0,1.0,1.0,1.0,1.0,1.0
170594fe8be75468,2021.10.05.07.49.39_veh-52_00770_00905,unfrozen_visual_sft,True,1.0,1.0,0.7338410157376333,1.0,1.0,1.0,0.889100423224014
17184a5491105047,2021.07.09.15.53.28_veh-38_00184_02293,unfrozen_visual_sft,True,1.0,1.0,0.8125372038911234,1.0,1.0,1.0,0.9218905016213014
173ff7e858e65a62,2021.07.09.15.53.28_veh-38_00184_02293,unfrozen_visual_sft,True,1.0,1.0,1.0,1.0,1.0,1.0,1.0
1753352ab8255c21,2021.10.01.17.52.06_veh-28_01141_01264,unfrozen_visual_sft,True,1.0,1.0,0.908584858045683,1.0,1.0,1.0,0.9619103575190345
1783be8f68bc560f,2021.06.23.17.31.36_veh-16_00016_00377,unfrozen_visual_sft,True,1.0,1.0,1.0,1.0,1.0,1.0,1.0
179d390028965461,2021.06.09.20.26.11_veh-35_00970_01216,unfrozen_visual_sft,True,1.0,1.0,0.7665890383114183,1.0,1.0,1.0,0.9027454326297576
17a899d822e75d16,2021.10.11.02.57.41_veh-50_02155_02265,unfrozen_visual_sft,True,1.0,1.0,0.8142912945461146,1.0,1.0,1.0,0.9226213727275479
17b43b911252571c,2021.07.09.15.53.28_veh-38_00184_02293,unfrozen_visual_sft,True,1.0,1.0,1.0,1.0,1.0,1.0,1.0
17bc4c6cc38959d0,2021.10.11.02.57.41_veh-50_02155_02265,unfrozen_visual_sft,True,1.0,1.0,0.6899245048553465,1.0,1.0,1.0,0.870801877023061
17d80f18ee7854c0,2021.06.23.17.31.36_veh-16_00016_00377,unfrozen_visual_sft,True,1.0,1.0,1.0,1.0,1.0,1.0,1.0
17efb1d6bb395620,2021.06.09.12.51.31_veh-35_01729_02626,unfrozen_visual_sft,True,1.0,1.0,0.9024593578957084,1.0,1.0,1.0,0.9593580657898785
180266e7ce035fca,2021.10.11.02.57.41_veh-50_02155_02265,unfrozen_visual_sft,True,1.0,1.0,0.6368128155585899,1.0,1.0,1.0,0.8486720064827459
18608416606557ed,2021.06.09.14.50.36_veh-26_02826_02955,unfrozen_visual_sft,True,1.0,1.0,1.0,1.0,1.0,1.0,1.0
187e7d991c2f5f40,2021.07.09.15.53.28_veh-38_00184_02293,unfrozen_visual_sft,True,1.0,1.0,1.0,1.0,1.0,1.0,1.0
18a2ed37c162552d,2021.07.09.20.26.06_veh-35_02793_03289,unfrozen_visual_sft,True,1.0,1.0,1.0,1.0,1.0,1.0,1.0
191f94dc85fd5899,2021.06.09.12.51.31_veh-35_01729_02626,unfrozen_visual_sft,True,1.0,1.0,0.7469669428716845,1.0,1.0,1.0,0.8945695595298685
19ab8e323ac35fe4,2021.07.09.15.53.28_veh-38_00184_02293,unfrozen_visual_sft,True,1.0,1.0,1.0,1.0,1.0,1.0,1.0
19c9d08888d65385,2021.10.05.07.49.39_veh-52_00770_00905,unfrozen_visual_sft,True,1.0,1.0,0.75435237307764,1.0,1.0,1.0,0.8976468221156834
1a3449b28c115162,2021.07.09.15.53.28_veh-38_00184_02293,unfrozen_visual_sft,True,1.0,1.0,0.8811087477475201,1.0,1.0,1.0,0.9504619782281334
1aaa5de27ef2529c,2021.10.05.08.11.15_veh-50_00437_00585,unfrozen_visual_sft,True,1.0,1.0,0.661682563268394,1.0,1.0,1.0,0.8590344013618308
1ab37cad7da55237,2021.06.09.12.51.31_veh-35_01729_02626,unfrozen_visual_sft,True,1.0,1.0,0.9296728966846494,1.0,1.0,1.0,0.9706970402852706
1afe562ad29b5222,2021.07.09.15.53.28_veh-38_00184_02293,unfrozen_visual_sft,True,1.0,1.0,0.9720423172731979,1.0,1.0,1.0,0.9883509655304991
1b31ffd5f3ec5f5d,2021.06.09.17.23.18_veh-38_01598_01750,unfrozen_visual_sft,True,1.0,1.0,1.0,1.0,1.0,1.0,1.0
1b6f94eba9bd573c,2021.06.09.12.51.31_veh-35_01729_02626,unfrozen_visual_sft,True,1.0,1.0,1.0,1.0,1.0,1.0,1.0
1bdb793cdfcd5db0,2021.10.05.08.11.15_veh-50_00437_00585,unfrozen_visual_sft,True,1.0,1.0,0.6190879020361971,1.0,1.0,1.0,0.8412866258484155
1bef718d3b145858,2021.06.09.12.51.31_veh-35_01729_02626,unfrozen_visual_sft,True,1.0,1.0,0.7373154779531658,1.0,1.0,1.0,0.890548115813819
1c3d27d5767e506d,2021.10.05.07.49.39_veh-52_00770_00905,unfrozen_visual_sft,True,1.0,1.0,0.7529843411997182,1.0,1.0,1.0,0.897076808833216
1c5284923bc85595,2021.07.09.20.26.06_veh-35_02793_03289,unfrozen_visual_sft,True,1.0,1.0,0.9377322031268298,1.0,1.0,1.0,0.9740550846361792
1c59013d80ab5ac4,2021.08.31.14.01.15_veh-40_01576_01714,unfrozen_visual_sft,True,1.0,1.0,1.0,1.0,1.0,1.0,1.0
1c6cfd6bae4954dc,2021.10.05.08.11.15_veh-50_00437_00585,unfrozen_visual_sft,True,1.0,1.0,0.6649398099156137,1.0,1.0,1.0,0.860391587464839
1c773439ca9d5158,2021.07.09.15.53.28_veh-38_00184_02293,unfrozen_visual_sft,True,1.0,1.0,1.0,1.0,1.0,1.0,1.0
1c9a2aafa78b5b21,2021.08.31.11.47.30_veh-40_00919_01000,unfrozen_visual_sft,True,1.0,1.0,0.8063284501217642,1.0,1.0,1.0,0.9193035208840685
1c9e768f7d545a89,2021.06.23.17.31.36_veh-16_00016_00377,unfrozen_visual_sft,True,1.0,1.0,1.0,1.0,1.0,1.0,1.0
1cf2faa6760b5e05,2021.06.09.12.06.35_veh-35_01164_01494,unfrozen_visual_sft,True,1.0,1.0,1.0,1.0,1.0,1.0,1.0
1d0ef99351a95bbb,2021.06.09.12.06.35_veh-35_01164_01494,unfrozen_visual_sft,True,1.0,1.0,0.9431725432113469,1.0,1.0,1.0,0.9763218930047278
1d158c219842558a,2021.07.09.20.26.06_veh-35_02793_03289,unfrozen_visual_sft,True,1.0,1.0,0.8473066071112417,1.0,1.0,1.0,0.9363777529630174
1d190091101d5d75,2021.07.09.15.53.28_veh-38_00184_02293,unfrozen_visual_sft,True,1.0,1.0,0.9282871115816076,1.0,1.0,1.0,0.9701196298256698
1d1a05de41555e8e,2021.06.09.12.06.35_veh-35_01164_01494,unfrozen_visual_sft,True,1.0,1.0,1.0,1.0,1.0,1.0,1.0
1d5c498a699a59e8,2021.07.09.15.53.28_veh-38_00184_02293,unfrozen_visual_sft,True,1.0,1.0,0.8593709178146341,1.0,1.0,1.0,0.9414045490894308
1d7f9f198e0c57bc,2021.07.09.15.53.28_veh-38_00184_02293,unfrozen_visual_sft,True,1.0,1.0,0.7698911801452987,1.0,1.0,1.0,0.9041213250605411
1d85875eaf9c5a3f,2021.10.01.17.52.06_veh-28_01141_01264,unfrozen_visual_sft,True,1.0,1.0,0.7437524509712251,1.0,1.0,1.0,0.8932301879046771
1d9ee8399cf55f9d,2021.10.05.07.49.39_veh-52_00770_00905,unfrozen_visual_sft,True,1.0,1.0,0.9449529865327255,1.0,1.0,1.0,0.9770637443886357
1dc5198a0a27562c,2021.06.09.12.51.31_veh-35_01729_02626,unfrozen_visual_sft,True,1.0,1.0,0.9238623051916176,1.0,1.0,1.0,0.9682759604965074
1e7ba1144b7e587f,2021.10.11.02.57.41_veh-50_01028_01289,unfrozen_visual_sft,True,1.0,1.0,0.649427917184994,1.0,1.0,1.0,0.8539282988270808
1e7bb5730b095273,2021.06.23.17.31.36_veh-16_00016_00377,unfrozen_visual_sft,True,1.0,1.0,0.989439837106602,1.0,1.0,1.0,0.9955999321277508
1eb3057c64465de0,2021.06.09.12.51.31_veh-35_01729_02626,unfrozen_visual_sft,True,1.0,1.0,0.8998753542212248,1.0,1.0,1.0,0.958281397592177
1ec5607c174e58db,2021.10.05.08.11.15_veh-50_00437_00585,unfrozen_visual_sft,True,1.0,1.0,0.6429871151192427,1.0,1.0,1.0,0.8512446312996844
1ec8d767941a534b,2021.07.16.22.40.23_veh-38_00204_00360,unfrozen_visual_sft,True,1.0,1.0,1.0,1.0,1.0,1.0,1.0
1edaacb093c25e24,2021.10.05.08.11.15_veh-50_00437_00585,unfrozen_visual_sft,True,1.0,1.0,0.866481697308659,1.0,1.0,1.0,0.9443673738786078
1efe2f1b12ec5381,2021.06.09.12.51.31_veh-35_01729_02626,unfrozen_visual_sft,True,1.0,1.0,0.7951517856987299,1.0,1.0,1.0,0.9146465773744707
1f6b057612b05e65,2021.07.09.15.53.28_veh-38_00184_02293,unfrozen_visual_sft,True,1.0,1.0,0.8383596365531337,1.0,1.0,1.0,0.9326498485638058
1f9f230417e15e61,2021.07.09.15.53.28_veh-38_00184_02293,unfrozen_visual_sft,True,1.0,1.0,0.9276689346834247,1.0,1.0,1.0,0.9698620561180936
2040cae1f2005ace,2021.10.11.02.57.41_veh-50_01028_01289,unfrozen_visual_sft,True,1.0,1.0,0.6931691458739694,1.0,1.0,1.0,0.8721538107808205
205cf1f3466a5af6,2021.10.05.08.11.15_veh-50_00437_00585,unfrozen_visual_sft,True,1.0,1.0,0.6965706692480951,1.0,1.0,1.0,0.8735711121867062
205ef6aa1e4f54f4,2021.10.11.02.57.41_veh-50_02155_02265,unfrozen_visual_sft,True,1.0,1.0,0.6470696177921633,1.0,1.0,1.0,0.8529456740800679
2086208681525f54,2021.07.09.15.53.28_veh-38_00184_02293,unfrozen_visual_sft,True,1.0,1.0,1.0,1.0,1.0,1.0,1.0
208c2da460fa56a1,2021.07.09.15.53.28_veh-38_00184_02293,unfrozen_visual_sft,True,1.0,1.0,1.0,1.0,1.0,1.0,1.0
20d97d183741595d,2021.10.05.07.49.39_veh-52_00770_00905,unfrozen_visual_sft,True,1.0,1.0,0.7858126524875714,1.0,1.0,1.0,0.9107552718698214
20e59db136d85ccd,2021.07.09.15.53.28_veh-38_00184_02293,unfrozen_visual_sft,True,1.0,1.0,0.8439848897746953,1.0,1.0,1.0,0.9349937040727898
20fc3e4c2b93595d,2021.08.31.11.47.30_veh-40_00919_01000,unfrozen_visual_sft,True,1.0,1.0,0.8136948323274894,1.0,1.0,1.0,0.9223728468031206
2130fc97f34f5668,2021.06.23.17.31.36_veh-16_00016_00377,unfrozen_visual_sft,True,1.0,1.0,1.0,1.0,1.0,1.0,1.0
2138f8abf5aa5086,2021.07.09.15.53.28_veh-38_00184_02293,unfrozen_visual_sft,True,1.0,1.0,0.9183526590896152,1.0,1.0,1.0,0.9659802746206729
213d831946e758b5,2021.07.09.15.53.28_veh-38_00184_02293,unfrozen_visual_sft,True,1.0,1.0,1.0,1.0,1.0,1.0,1.0
2146b87b79ce537d,2021.06.09.12.51.31_veh-35_01729_02626,unfrozen_visual_sft,True,1.0,1.0,1.0,1.0,1.0,1.0,1.0
2156346d5dcf5246,2021.06.09.20.26.11_veh-35_00970_01216,unfrozen_visual_sft,True,1.0,1.0,0.7368893733471117,1.0,1.0,1.0,0.8903705722279632
21748134e645518e,2021.06.09.17.23.18_veh-38_01598_01750,unfrozen_visual_sft,True,1.0,1.0,1.0,1.0,1.0,1.0,1.0
219791f316b25308,2021.07.09.15.53.28_veh-38_00184_02293,unfrozen_visual_sft,True,1.0,1.0,0.8655324496296803,1.0,1.0,1.0,0.9439718540123668
219dd3cdd7fd594b,2021.08.31.14.01.15_veh-40_01576_01714,unfrozen_visual_sft,True,1.0,1.0,0.9387938804013213,1.0,1.0,1.0,0.9744974501672172
21b0e617e7895ac7,2021.07.09.15.53.28_veh-38_00184_02293,unfrozen_visual_sft,True,1.0,1.0,0.954703717561854,1.0,1.0,1.0,0.9811265489841059
21b4fab862a858b8,2021.10.05.08.11.15_veh-50_00437_00585,unfrozen_visual_sft,True,1.0,1.0,0.7545056240405245,1.0,1.0,1.0,0.8977106766835519
21c0033d52fd5d2e,2021.07.09.15.53.28_veh-38_00184_02293,unfrozen_visual_sft,True,1.0,1.0,0.920457943331735,1.0,1.0,1.0,0.9668574763882228
21c95e7693d35dfd,2021.06.09.17.23.18_veh-38_01598_01750,unfrozen_visual_sft,True,1.0,1.0,1.0,1.0,1.0,1.0,1.0
220ebf89f21c58e4,2021.07.09.20.26.06_veh-35_02793_03289,unfrozen_visual_sft,True,1.0,1.0,1.0,1.0,1.0,1.0,1.0
22119d9673db504e,2021.10.05.08.11.15_veh-50_00437_00585,unfrozen_visual_sft,True,1.0,1.0,0.633591040702984,1.0,1.0,1.0,0.8473296002929099
2289e9f520ca5cb5,2021.07.09.15.53.28_veh-38_00184_02293,unfrozen_visual_sft,True,1.0,1.0,1.0,1.0,1.0,1.0,1.0
22903ed6b4b45809,2021.10.05.08.11.15_veh-50_00437_00585,unfrozen_visual_sft,True,1.0,1.0,0.6665801237263212,1.0,1.0,1.0,0.8610750515526339
2326cface78153de,2021.07.09.15.53.28_veh-38_00184_02293,unfrozen_visual_sft,True,1.0,1.0,1.0,1.0,1.0,1.0,1.0
23732000986756bd,2021.07.09.20.26.06_veh-35_02793_03289,unfrozen_visual_sft,True,1.0,1.0,0.8921125893826087,1.0,1.0,1.0,0.9550469122427536
2376051bafd45146,2021.07.09.15.53.28_veh-38_00184_02293,unfrozen_visual_sft,True,1.0,1.0,1.0,1.0,1.0,1.0,1.0
2395e3e90cdf5b9a,2021.06.09.12.51.31_veh-35_01729_02626,unfrozen_visual_sft,True,1.0,1.0,1.0,1.0,1.0,1.0,1.0
23c7e87c04f759c9,2021.07.09.15.53.28_veh-38_00184_02293,unfrozen_visual_sft,True,1.0,1.0,0.7871980396783776,1.0,1.0,1.0,0.9113325165326573
23e4660a0f365854,2021.06.23.17.31.36_veh-16_00016_00377,unfrozen_visual_sft,True,1.0,1.0,0.7061417294304115,1.0,1.0,1.0,0.8775590539293381
2406f00812785216,2021.07.09.15.53.28_veh-38_00184_02293,unfrozen_visual_sft,True,1.0,1.0,0.9937553259836743,1.0,1.0,1.0,0.9973980524931977
243375d424865825,2021.10.11.02.57.41_veh-50_02155_02265,unfrozen_visual_sft,True,1.0,1.0,0.7515981436977646,1.0,1.0,1.0,0.8964992265407353
243432f80b85567a,2021.07.09.15.53.28_veh-38_00184_02293,unfrozen_visual_sft,True,1.0,1.0,1.0,1.0,1.0,1.0,1.0
244393f5bb9f567c,2021.06.09.12.06.35_veh-35_01164_01494,unfrozen_visual_sft,True,1.0,1.0,1.0,1.0,1.0,1.0,1.0
2450f437ff34588e,2021.06.09.12.06.35_veh-35_01164_01494,unfrozen_visual_sft,True,1.0,1.0,0.9256128056380171,1.0,1.0,1.0,0.9690053356825071
24531603f9315046,2021.10.05.08.11.15_veh-50_00437_00585,unfrozen_visual_sft,True,1.0,1.0,0.890407909202417,1.0,1.0,1.0,0.9543366288343403
246269dcd9845878,2021.06.09.12.51.31_veh-35_01729_02626,unfrozen_visual_sft,True,1.0,1.0,0.5109413746831095,1.0,1.0,1.0,0.7962255727846289
248f2530124b5812,2021.06.09.12.51.31_veh-35_01729_02626,unfrozen_visual_sft,True,1.0,1.0,0.9989457145958391,1.0,1.0,1.0,0.9995607144149329
24c57bb0eceb546a,2021.07.09.15.53.28_veh-38_00184_02293,unfrozen_visual_sft,True,1.0,1.0,1.0,1.0,1.0,1.0,1.0
24e8dff0a3fb5d73,2021.08.31.11.47.30_veh-40_00919_01000,unfrozen_visual_sft,True,1.0,1.0,1.0,1.0,1.0,1.0,1.0
24f4c4b3cc8554aa,2021.10.05.07.49.39_veh-52_00770_00905,unfrozen_visual_sft,True,1.0,1.0,0.6629947422361429,1.0,1.0,1.0,0.8595811425983929
24f6ff800c7758e8,2021.07.09.15.53.28_veh-38_00184_02293,unfrozen_visual_sft,True,1.0,1.0,1.0,1.0,1.0,1.0,1.0
2518c058a2765f66,2021.07.09.15.53.28_veh-38_00184_02293,unfrozen_visual_sft,True,1.0,1.0,0.9518942843357467,1.0,1.0,1.0,0.9799559518065611
252aca165e205caf,2021.06.23.17.31.36_veh-16_00016_00377,unfrozen_visual_sft,True,1.0,1.0,1.0,1.0,1.0,1.0,1.0
252c2880193354f5,2021.06.09.17.23.18_veh-38_01598_01750,unfrozen_visual_sft,True,1.0,1.0,1.0,1.0,1.0,1.0,1.0
252dcf3264285f7e,2021.07.09.20.26.06_veh-35_02793_03289,unfrozen_visual_sft,True,1.0,1.0,1.0,1.0,1.0,1.0,1.0
2546a09ed60755b9,2021.06.23.17.31.36_veh-16_00016_00377,unfrozen_visual_sft,True,1.0,1.0,0.8232335400697455,1.0,1.0,1.0,0.926347308362394
258edbf6a22c5312,2021.06.09.12.51.31_veh-35_01729_02626,unfrozen_visual_sft,True,1.0,1.0,0.7560234078774293,1.0,1.0,1.0,0.8983430866155956
25b3e3f15fcc5058,2021.07.09.15.53.28_veh-38_00184_02293,unfrozen_visual_sft,True,1.0,1.0,1.0,1.0,1.0,1.0,1.0
25e8140e88165353,2021.10.11.02.57.41_veh-50_02155_02265,unfrozen_visual_sft,True,1.0,1.0,0.7829415908623492,1.0,1.0,1.0,0.9095589961926455
25ef4e856bab540e,2021.10.05.07.49.39_veh-52_00770_00905,unfrozen_visual_sft,True,1.0,1.0,0.7803282674676185,1.0,1.0,1.0,0.9084701114448411
25f2e28652bc5f06,2021.10.05.08.11.15_veh-50_00437_00585,unfrozen_visual_sft,True,1.0,1.0,0.7895007417712114,1.0,1.0,1.0,0.9122919757380048
261221d5c5fc5fa7,2021.10.05.07.49.39_veh-52_00770_00905,unfrozen_visual_sft,True,1.0,1.0,0.7789043299342091,1.0,1.0,1.0,0.9078768041392538
263e3ce08f7e5a9e,2021.07.09.15.53.28_veh-38_00184_02293,unfrozen_visual_sft,True,1.0,1.0,1.0,1.0,1.0,1.0,1.0
265d51badd8658b4,2021.10.11.02.57.41_veh-50_02155_02265,unfrozen_visual_sft,True,1.0,1.0,0.6469271915611011,1.0,1.0,1.0,0.8528863298171254
2660a8dfda2a550d,2021.07.09.15.53.28_veh-38_00184_02293,unfrozen_visual_sft,True,1.0,1.0,1.0,1.0,1.0,1.0,1.0
26a3cea95f035c1d,2021.07.09.20.26.06_veh-35_02793_03289,unfrozen_visual_sft,True,1.0,1.0,0.5783693585021374,1.0,1.0,1.0,0.8243205660425573
26d62f55fe175782,2021.06.09.17.23.18_veh-38_01598_01750,unfrozen_visual_sft,True,1.0,1.0,0.9004797072443854,1.0,1.0,1.0,0.9585332113518272
27019672a76d5c98,2021.06.09.12.06.35_veh-35_01164_01494,unfrozen_visual_sft,True,1.0,1.0,0.9483329403088199,1.0,1.0,1.0,0.9784720584620082
270857aa66a15114,2021.06.09.12.06.35_veh-35_01164_01494,unfrozen_visual_sft,True,1.0,1.0,0.752026355370222,1.0,1.0,1.0,0.8966776480709259
2754ab87df25534c,2021.10.05.08.11.15_veh-50_00437_00585,unfrozen_visual_sft,True,1.0,1.0,0.5750519989217674,1.0,1.0,1.0,0.8229383328840697
276846ef566e5945,2021.07.09.15.53.28_veh-38_00184_02293,unfrozen_visual_sft,True,1.0,1.0,0.8376428226567966,1.0,1.0,1.0,0.9323511761069986
278bbdb04c555733,2021.10.05.07.49.39_veh-52_00770_00905,unfrozen_visual_sft,True,1.0,1.0,0.7258697674716846,1.0,1.0,1.0,0.8857790697798685
279398536da35c2b,2021.06.09.12.06.35_veh-35_01164_01494,unfrozen_visual_sft,True,1.0,1.0,0.8194178339328422,1.0,1.0,1.0,0.924757430805351
27d7adfa2e2d541b,2021.07.09.15.53.28_veh-38_00184_02293,unfrozen_visual_sft,True,1.0,1.0,1.0,1.0,1.0,1.0,1.0
27df9e405dfa51cf,2021.07.09.15.53.28_veh-38_00184_02293,unfrozen_visual_sft,True,1.0,1.0,1.0,1.0,1.0,1.0,1.0
282c1d78530d593f,2021.10.05.07.49.39_veh-52_00770_00905,unfrozen_visual_sft,True,1.0,1.0,0.8211617231097139,1.0,1.0,1.0,0.9254840512957142
2836a66135315e7f,2021.07.09.15.53.28_veh-38_00184_02293,unfrozen_visual_sft,True,1.0,0.0,0.0,1.0,1.0,1.0,0.0
28b2841dfc80526b,2021.08.31.14.01.15_veh-40_01576_01714,unfrozen_visual_sft,True,1.0,1.0,0.800676935310977,1.0,1.0,1.0,0.9169487230462403
28d90079bec557cf,2021.10.11.02.57.41_veh-50_02155_02265,unfrozen_visual_sft,True,1.0,1.0,0.6657597406171202,1.0,1.0,1.0,0.8607332252571335
28e2bc1f058454a6,2021.07.09.20.26.06_veh-35_02793_03289,unfrozen_visual_sft,True,1.0,1.0,0.8266406537757716,1.0,1.0,1.0,0.9277669390732383
293144d2f3ec5131,2021.07.09.15.53.28_veh-38_00184_02293,unfrozen_visual_sft,True,1.0,1.0,1.0,1.0,1.0,1.0,1.0
2962782cdb8e59b1,2021.07.09.15.53.28_veh-38_00184_02293,unfrozen_visual_sft,True,1.0,1.0,1.0,1.0,1.0,1.0,1.0
297c4fe13c4c5640,2021.07.09.15.53.28_veh-38_00184_02293,unfrozen_visual_sft,True,1.0,1.0,1.0,1.0,1.0,1.0,1.0
2999ded848495d55,2021.07.09.15.53.28_veh-38_00184_02293,unfrozen_visual_sft,True,1.0,1.0,1.0,1.0,1.0,1.0,1.0
29b843e9d1145127,2021.06.23.17.31.36_veh-16_00016_00377,unfrozen_visual_sft,True,1.0,1.0,0.9075403473166965,1.0,1.0,1.0,0.9614751447152902
29ff4b56af185819,2021.07.09.20.26.06_veh-35_02793_03289,unfrozen_visual_sft,True,1.0,1.0,0.8549716589924214,1.0,1.0,1.0,0.9395715245801757
2a4f7a1a42b759a7,2021.10.11.02.57.41_veh-50_02155_02265,unfrozen_visual_sft,True,1.0,1.0,0.767114386237751,1.0,1.0,1.0,0.9029643275990629
2a9ea017fb55572b,2021.06.23.17.31.36_veh-16_00016_00377,unfrozen_visual_sft,True,1.0,1.0,0.8409979113129394,1.0,1.0,1.0,0.9337491297137248
2ac1b274b9f2525a,2021.06.09.12.51.31_veh-35_01729_02626,unfrozen_visual_sft,True,1.0,1.0,0.8700682396223505,1.0,1.0,1.0,0.9458617665093128
2add9922dc495e95,2021.07.09.15.53.28_veh-38_00184_02293,unfrozen_visual_sft,True,1.0,1.0,0.7946974587783755,1.0,1.0,1.0,0.9144572744909899
2ae099469caa5693,2021.08.31.14.01.15_veh-40_01576_01714,unfrozen_visual_sft,True,1.0,1.0,0.8262364976354009,1.0,1.0,1.0,0.927598540681417
2b1b98be0fd55a97,2021.10.11.02.57.41_veh-50_01028_01289,unfrozen_visual_sft,True,1.0,1.0,0.7233169918328863,1.0,1.0,1.0,0.8847154132637026
2bade763a35e571a,2021.07.09.15.53.28_veh-38_00184_02293,unfrozen_visual_sft,True,1.0,1.0,0.909331626936383,1.0,1.0,1.0,0.962221511223493
2bda22fbdbbb50a8,2021.06.09.12.06.35_veh-35_01164_01494,unfrozen_visual_sft,True,1.0,1.0,0.7788002903236936,1.0,1.0,1.0,0.9078334543015391
2c1795e29af65a31,2021.06.09.20.26.11_veh-35_00970_01216,unfrozen_visual_sft,True,1.0,1.0,0.7528545464170365,1.0,1.0,1.0,0.8970227276737651
2c1db842cc915519,2021.07.09.15.53.28_veh-38_00184_02293,unfrozen_visual_sft,True,1.0,1.0,1.0,1.0,1.0,1.0,1.0
2c32ea8c5ef05290,2021.10.05.07.49.39_veh-52_00770_00905,unfrozen_visual_sft,True,1.0,1.0,0.891380138292886,1.0,1.0,1.0,0.9547417242887025
2c45cd8490f850ef,2021.06.09.14.50.36_veh-26_02826_02955,unfrozen_visual_sft,True,1.0,1.0,1.0,1.0,1.0,1.0,1.0
2cdbdd95aaba57f0,2021.06.09.12.51.31_veh-35_01729_02626,unfrozen_visual_sft,True,1.0,1.0,1.0,1.0,1.0,1.0,1.0
2d4ac7e75090575c,2021.10.11.02.57.41_veh-50_02155_02265,unfrozen_visual_sft,True,1.0,0.0,0.0,1.0,1.0,1.0,0.0
2d903e0fb16154d9,2021.07.09.15.53.28_veh-38_00184_02293,unfrozen_visual_sft,True,1.0,1.0,1.0,1.0,1.0,1.0,1.0
2d9e55899f36514b,2021.07.09.15.53.28_veh-38_00184_02293,unfrozen_visual_sft,True,1.0,1.0,1.0,1.0,1.0,1.0,1.0
2da0a5236af95e03,2021.07.09.15.53.28_veh-38_00184_02293,unfrozen_visual_sft,True,1.0,1.0,0.8615825461589665,1.0,1.0,1.0,0.9423260608995694
2dc965586c945547,2021.06.09.12.51.31_veh-35_01729_02626,unfrozen_visual_sft,True,1.0,1.0,0.9157127894877508,1.0,1.0,1.0,0.9648803289532295
2dd00be7ed615ecc,2021.06.09.12.51.31_veh-35_01729_02626,unfrozen_visual_sft,True,1.0,1.0,1.0,1.0,1.0,1.0,1.0
2deba0b0afad5472,2021.08.31.14.01.15_veh-40_01576_01714,unfrozen_visual_sft,True,1.0,1.0,0.8359990650681647,1.0,1.0,1.0,0.9316662771117352
2df6dad2e3c4525a,2021.10.11.02.57.41_veh-50_01028_01289,unfrozen_visual_sft,True,1.0,1.0,0.696131994957282,1.0,1.0,1.0,0.8733883312322007
2e524a06f4bc59e8,2021.06.09.12.06.35_veh-35_01164_01494,unfrozen_visual_sft,True,1.0,1.0,0.7427242371793535,1.0,1.0,1.0,0.8928017654913973
2e7a9b2142ec529f,2021.06.09.17.23.18_veh-38_01598_01750,unfrozen_visual_sft,True,1.0,1.0,0.6676481562564801,1.0,1.0,1.0,0.8615200651068667
2eb20ba165855d43,2021.07.09.20.26.06_veh-35_02793_03289,unfrozen_visual_sft,True,1.0,1.0,1.0,1.0,1.0,1.0,1.0
2f096c8bde855396,2021.07.09.15.53.28_veh-38_00184_02293,unfrozen_visual_sft,True,1.0,1.0,0.8862726750797764,1.0,1.0,1.0,0.9526136146165735
2f1560380fb05985,2021.10.05.07.49.39_veh-52_00770_00905,unfrozen_visual_sft,True,1.0,1.0,0.8217506056262989,1.0,1.0,1.0,0.925729419010958
2f2535fbdd395025,2021.07.09.15.53.28_veh-38_00184_02293,unfrozen_visual_sft,True,1.0,1.0,1.0,1.0,1.0,1.0,1.0
2f2bc1e20be4545e,2021.07.09.20.26.06_veh-35_02793_03289,unfrozen_visual_sft,True,1.0,1.0,0.811067425643304,1.0,1.0,1.0,0.9212780940180433
2f81ef9b7def5cfb,2021.10.11.02.57.41_veh-50_02155_02265,unfrozen_visual_sft,True,1.0,1.0,0.7719068607176391,1.0,1.0,1.0,0.9049611919656829
2fb80e8e9597522f,2021.06.09.12.06.35_veh-35_01164_01494,unfrozen_visual_sft,True,1.0,1.0,0.8550283802957686,1.0,1.0,1.0,0.9395951584565703
2fd7bef75431592e,2021.08.31.11.47.30_veh-40_00919_01000,unfrozen_visual_sft,True,1.0,1.0,0.9068824119187932,1.0,1.0,1.0,0.9612010049661638
2fffb118c5535879,2021.06.09.12.06.35_veh-35_01164_01494,unfrozen_visual_sft,True,1.0,1.0,0.8165861477579038,1.0,1.0,1.0,0.9235775615657933
308b33a531c35c7a,2021.07.09.15.53.28_veh-38_00184_02293,unfrozen_visual_sft,True,1.0,1.0,0.8120778310162605,1.0,1.0,1.0,0.9216990962567753
309d25c4b0535a45,2021.07.09.15.53.28_veh-38_00184_02293,unfrozen_visual_sft,True,1.0,1.0,0.9238543727768762,1.0,1.0,1.0,0.9682726553236986
30b7a3bf71b956de,2021.06.23.17.31.36_veh-16_00016_00377,unfrozen_visual_sft,True,1.0,1.0,0.9989814747300418,1.0,1.0,1.0,0.9995756144708507
30c294d478ee5953,2021.07.09.20.26.06_veh-35_02793_03289,unfrozen_visual_sft,True,1.0,1.0,0.7877762612931702,1.0,1.0,1.0,0.9115734422054876
30c5555824025240,2021.07.09.20.26.06_veh-35_02793_03289,unfrozen_visual_sft,True,1.0,1.0,0.7465876477331245,1.0,1.0,1.0,0.8944115198888017
310a3ad9c0cf5eb6,2021.10.05.07.49.39_veh-52_00770_00905,unfrozen_visual_sft,True,1.0,1.0,0.935777858361292,1.0,1.0,1.0,0.973240774317205
31232634fe425baa,2021.07.09.20.26.06_veh-35_02793_03289,unfrozen_visual_sft,True,1.0,1.0,0.8070568225010244,1.0,1.0,1.0,0.9196070093754268
313b06564bf854e4,2021.07.09.15.53.28_veh-38_00184_02293,unfrozen_visual_sft,True,1.0,1.0,1.0,1.0,1.0,1.0,1.0
317266217a3b548d,2021.06.09.20.26.11_veh-35_00970_01216,unfrozen_visual_sft,True,1.0,1.0,1.0,1.0,1.0,1.0,1.0
31c01938dab253e7,2021.07.09.20.26.06_veh-35_02793_03289,unfrozen_visual_sft,True,1.0,1.0,1.0,1.0,1.0,1.0,1.0
31c10b004a0d5f1e,2021.06.09.12.06.35_veh-35_01164_01494,unfrozen_visual_sft,True,1.0,1.0,0.8127573475348893,1.0,1.0,1.0,0.9219822281395372
31faa0734016556d,2021.07.09.20.26.06_veh-35_02793_03289,unfrozen_visual_sft,True,1.0,1.0,0.8470432102749959,1.0,1.0,1.0,0.9362680042812483
320bd6309da05bf7,2021.07.09.20.26.06_veh-35_02793_03289,unfrozen_visual_sft,True,1.0,1.0,1.0,1.0,1.0,1.0,1.0
321512a956a25984,2021.07.09.15.53.28_veh-38_00184_02293,unfrozen_visual_sft,True,1.0,1.0,0.8278617925529914,1.0,1.0,1.0,0.9282757468970798
3227b869cdd85654,2021.06.23.17.31.36_veh-16_00016_00377,unfrozen_visual_sft,True,1.0,1.0,0.5400459098688448,1.0,1.0,1.0,0.808352462445352
327c4934e82a54cb,2021.06.09.20.26.11_veh-35_00970_01216,unfrozen_visual_sft,True,1.0,1.0,0.8020917777406767,1.0,1.0,1.0,0.9175382407252819
32940e6a93e95fd5,2021.06.09.12.06.35_veh-35_01164_01494,unfrozen_visual_sft,True,1.0,1.0,0.9527072234410563,1.0,1.0,1.0,0.9802946764337733
329975be260c50b7,2021.10.11.02.57.41_veh-50_02155_02265,unfrozen_visual_sft,True,1.0,1.0,0.76221540290669,1.0,1.0,1.0,0.9009230845444541
329eb6cc8c325f71,2021.06.09.12.06.35_veh-35_01164_01494,unfrozen_visual_sft,True,1.0,1.0,0.8030441663969503,1.0,1.0,1.0,0.9179350693320627
32aea60d7c7d56bf,2021.07.09.20.26.06_veh-35_02793_03289,unfrozen_visual_sft,True,1.0,1.0,1.0,1.0,1.0,1.0,1.0
33173f63a6ff513d,2021.10.05.08.11.15_veh-50_00437_00585,unfrozen_visual_sft,True,1.0,1.0,0.8312127835997918,1.0,1.0,1.0,0.92967199316658
33365d03e762561c,2021.10.11.02.57.41_veh-50_02155_02265,unfrozen_visual_sft,True,1.0,1.0,0.7107023915120755,1.0,1.0,1.0,0.8794593297966982
3338316c86985d7e,2021.10.11.02.57.41_veh-50_01028_01289,unfrozen_visual_sft,True,1.0,1.0,0.7372398206174422,1.0,1.0,1.0,0.8905165919239343
334e0e5d1a825334,2021.10.05.07.49.39_veh-52_00770_00905,unfrozen_visual_sft,True,1.0,1.0,0.7429585751930378,1.0,1.0,1.0,0.8928994063304324
3358ac35f0925be9,2021.06.09.14.50.36_veh-26_02826_02955,unfrozen_visual_sft,True,1.0,1.0,0.9395280254240026,1.0,1.0,1.0,0.9748033439266678
338daec6bb7a5aa0,2021.06.09.12.51.31_veh-35_01729_02626,unfrozen_visual_sft,True,1.0,1.0,0.6945833577640852,1.0,1.0,1.0,0.8727430657350355
33ee0a5e0f7950f2,2021.06.09.12.51.31_veh-35_01729_02626,unfrozen_visual_sft,True,1.0,1.0,0.5827961279010972,1.0,1.0,1.0,0.8261650532921238
344591ad59d7517d,2021.10.05.08.11.15_veh-50_00437_00585,unfrozen_visual_sft,True,1.0,1.0,0.7767127863126825,1.0,1.0,1.0,0.9069636609636177
346855a3e0115ac3,2021.06.09.20.26.11_veh-35_00970_01216,unfrozen_visual_sft,True,1.0,1.0,1.0,1.0,1.0,1.0,1.0
346d763777e85cd3,2021.06.09.12.51.31_veh-35_01729_02626,unfrozen_visual_sft,True,1.0,1.0,0.8236085885658645,1.0,1.0,1.0,0.9265035785691103
34bf46975f2f5276,2021.06.09.17.23.18_veh-38_01598_01750,unfrozen_visual_sft,True,1.0,1.0,0.8825300558143143,1.0,1.0,1.0,0.9510541899226309
34ccd8a9f6eb525f,2021.07.09.15.53.28_veh-38_00184_02293,unfrozen_visual_sft,True,1.0,1.0,0.8255193218505079,1.0,1.0,1.0,0.9272997174377116
34d91cf9391650ff,2021.07.09.15.53.28_veh-38_00184_02293,unfrozen_visual_sft,True,1.0,1.0,1.0,1.0,1.0,1.0,1.0
3540468e063052d2,2021.10.11.02.57.41_veh-50_01028_01289,unfrozen_visual_sft,True,1.0,1.0,0.7110629722547449,1.0,1.0,1.0,0.8796095717728104
35daae8d6a4a5b90,2021.06.09.14.50.36_veh-26_02826_02955,unfrozen_visual_sft,True,1.0,1.0,0.8685206052993613,1.0,1.0,1.0,0.9452169188747339
35f9bb7297745ff8,2021.10.11.02.57.41_veh-50_02155_02265,unfrozen_visual_sft,True,1.0,1.0,1.0,1.0,1.0,1.0,1.0
35fa5b32dd805853,2021.07.09.15.53.28_veh-38_00184_02293,unfrozen_visual_sft,True,1.0,1.0,0.6919477565165504,1.0,1.0,1.0,0.8716448985485626
3670adfe926f58a0,2021.07.09.15.53.28_veh-38_00184_02293,unfrozen_visual_sft,True,1.0,1.0,0.5922069288539991,1.0,1.0,1.0,0.8300862203558329
367be156a8a05da3,2021.07.09.15.53.28_veh-38_00184_02293,unfrozen_visual_sft,True,1.0,1.0,0.9506654481168042,1.0,1.0,1.0,0.979443936715335
36a87f95e5a05e75,2021.06.09.12.06.35_veh-35_01164_01494,unfrozen_visual_sft,True,1.0,1.0,0.9232770241915867,1.0,1.0,1.0,0.9680320934131611
36a8cfb3a3f05f1d,2021.07.09.15.53.28_veh-38_00184_02293,unfrozen_visual_sft,True,1.0,1.0,0.5355876252841338,1.0,1.0,1.0,0.8064948438683891
36bae31710bc5917,2021.10.05.07.49.39_veh-52_00770_00905,unfrozen_visual_sft,True,1.0,1.0,0.627812906123613,1.0,1.0,1.0,0.8449220442181721
36fd9bb68bca5db1,2021.06.09.17.23.18_veh-38_01598_01750,unfrozen_visual_sft,True,1.0,1.0,0.8257044088723229,1.0,1.0,1.0,0.9273768370301344
3746d6f474565ca0,2021.06.09.12.06.35_veh-35_01164_01494,unfrozen_visual_sft,True,1.0,1.0,0.7773572693326094,1.0,1.0,1.0,0.9072321955552539
3756eb6991b05447,2021.07.09.15.53.28_veh-38_00184_02293,unfrozen_visual_sft,True,1.0,1.0,1.0,1.0,1.0,1.0,1.0
375752a086d35d43,2021.07.09.15.53.28_veh-38_00184_02293,unfrozen_visual_sft,True,1.0,1.0,0.6581932622599981,1.0,1.0,1.0,0.8575805259416658
3797925f74955b28,2021.10.01.17.52.06_veh-28_01141_01264,unfrozen_visual_sft,True,1.0,1.0,0.9195140453681248,1.0,1.0,1.0,0.966464185570052
37a37c6486205360,2021.06.09.14.50.36_veh-26_02826_02955,unfrozen_visual_sft,True,1.0,1.0,1.0,1.0,1.0,0.0,1.0
37b87186b6bd5777,2021.10.11.02.57.41_veh-50_02155_02265,unfrozen_visual_sft,True,1.0,1.0,0.7037507724147224,1.0,1.0,1.0,0.8765628218394678
37c824c3fc615763,2021.10.11.02.57.41_veh-50_01028_01289,unfrozen_visual_sft,True,1.0,1.0,0.8432830142631611,1.0,1.0,1.0,0.9347012559429837
3847daeaf69250c1,2021.10.01.17.52.06_veh-28_01141_01264,unfrozen_visual_sft,True,1.0,1.0,0.7206290449113211,1.0,1.0,1.0,0.8835954353797172
3898b733bbd9584b,2021.07.09.15.53.28_veh-38_00184_02293,unfrozen_visual_sft,True,1.0,1.0,1.0,1.0,1.0,1.0,1.0
38b30ef31fcf5fa7,2021.07.09.15.53.28_veh-38_00184_02293,unfrozen_visual_sft,True,1.0,1.0,0.8527230287010173,1.0,1.0,1.0,0.9386345952920906
38c5e5d2250f5c35,2021.07.09.15.53.28_veh-38_00184_02293,unfrozen_visual_sft,True,1.0,1.0,0.8012304927352785,1.0,1.0,1.0,0.9171793719730328
38ef1d6a2da75115,2021.10.05.07.49.39_veh-52_00770_00905,unfrozen_visual_sft,True,1.0,1.0,0.7964354168718784,1.0,1.0,1.0,0.915181423696616
38fd20139a7c5e3b,2021.07.09.15.53.28_veh-38_00184_02293,unfrozen_visual_sft,True,1.0,1.0,0.8347552537218145,1.0,1.0,0.0,0.9311480223840892
391be454a99b54ff,2021.07.09.15.53.28_veh-38_00184_02293,unfrozen_visual_sft,True,1.0,1.0,0.7376543520175312,1.0,1.0,1.0,0.890689313340638
39940790a4e65d88,2021.07.09.15.53.28_veh-38_00184_02293,unfrozen_visual_sft,True,1.0,1.0,0.9125988150446833,1.0,1.0,1.0,0.9635828396019513
3998d00b80c55db4,2021.10.11.02.57.41_veh-50_02155_02265,unfrozen_visual_sft,True,1.0,1.0,0.6842184516455125,1.0,1.0,1.0,0.868424354852297
39b992f840615959,2021.07.09.15.53.28_veh-38_00184_02293,unfrozen_visual_sft,True,1.0,1.0,1.0,1.0,1.0,1.0,1.0
39c553550c3a5111,2021.07.09.15.53.28_veh-38_00184_02293,unfrozen_visual_sft,True,1.0,1.0,0.9070112545406263,1.0,1.0,1.0,0.9612546893919275
3a5d0b9a8778529e,2021.10.11.02.57.41_veh-50_01028_01289,unfrozen_visual_sft,True,1.0,1.0,1.0,1.0,1.0,1.0,1.0
3a95ca3177bc57f0,2021.10.11.02.57.41_veh-50_02155_02265,unfrozen_visual_sft,True,1.0,1.0,0.7520129989913045,1.0,1.0,1.0,0.8966720829130436
3b4b55afcacf553e,2021.06.09.20.26.11_veh-35_00970_01216,unfrozen_visual_sft,True,1.0,1.0,0.7938797354608824,1.0,1.0,1.0,0.9141165564420343
3b6f237e05365dcf,2021.06.09.12.51.31_veh-35_01729_02626,unfrozen_visual_sft,True,1.0,1.0,1.0,1.0,1.0,1.0,1.0
3bcde9ce94de5b6a,2021.10.11.02.57.41_veh-50_01028_01289,unfrozen_visual_sft,True,1.0,1.0,0.6816521944744465,1.0,1.0,1.0,0.8673550810310194
3c0e5824b0785582,2021.06.09.12.06.35_veh-35_01164_01494,unfrozen_visual_sft,True,1.0,1.0,1.0,1.0,1.0,1.0,1.0
3c34952a5b2a549e,2021.06.09.14.50.36_veh-26_02826_02955,unfrozen_visual_sft,True,1.0,1.0,1.0,1.0,1.0,1.0,1.0
3c6c773db2f558e5,2021.06.09.12.06.35_veh-35_01164_01494,unfrozen_visual_sft,True,1.0,1.0,0.8152824985547411,1.0,1.0,1.0,0.9230343743978088
3c7e47f60864523a,2021.10.01.17.52.06_veh-28_01141_01264,unfrozen_visual_sft,True,1.0,1.0,0.8355923984087735,1.0,1.0,1.0,0.9314968326703222
3cabdd7617765132,2021.07.09.15.53.28_veh-38_00184_02293,unfrozen_visual_sft,True,1.0,1.0,0.9163607318244481,1.0,1.0,1.0,0.9651503049268534
3d18f6f0700f5a7b,2021.10.05.07.49.39_veh-52_00770_00905,unfrozen_visual_sft,True,1.0,1.0,1.0,1.0,1.0,1.0,1.0
3d1c606df74c5140,2021.07.09.15.53.28_veh-38_00184_02293,unfrozen_visual_sft,True,1.0,1.0,1.0,1.0,1.0,1.0,1.0
3d2dfc0d66f65d40,2021.07.09.15.53.28_veh-38_00184_02293,unfrozen_visual_sft,True,1.0,1.0,1.0,1.0,1.0,1.0,1.0
3d62676b9d685b3a,2021.06.09.20.26.11_veh-35_00970_01216,unfrozen_visual_sft,True,1.0,1.0,1.0,1.0,1.0,1.0,1.0
3d6d3d1bfafd5c87,2021.07.09.20.26.06_veh-35_02793_03289,unfrozen_visual_sft,True,1.0,1.0,1.0,1.0,1.0,1.0,1.0
3d9a843bb43355c8,2021.07.09.15.53.28_veh-38_00184_02293,unfrozen_visual_sft,True,1.0,1.0,1.0,1.0,1.0,1.0,1.0
3dd3b152b6a95c84,2021.10.11.02.57.41_veh-50_01028_01289,unfrozen_visual_sft,True,1.0,1.0,0.854416446686743,1.0,1.0,1.0,0.9393401861194762
3de980a9cef75550,2021.10.01.17.52.06_veh-28_01141_01264,unfrozen_visual_sft,True,1.0,1.0,0.9129347130631533,1.0,1.0,1.0,0.9637227971096473
3dee1555ce6f55fb,2021.07.09.15.53.28_veh-38_00184_02293,unfrozen_visual_sft,True,1.0,1.0,0.9273918496742523,1.0,1.0,1.0,0.9697466040309385
3df10ba27fc150ed,2021.07.09.15.53.28_veh-38_00184_02293,unfrozen_visual_sft,True,1.0,1.0,1.0,1.0,1.0,1.0,1.0
3df6bd69748e51ec,2021.10.11.02.57.41_veh-50_01028_01289,unfrozen_visual_sft,True,1.0,1.0,0.6230997603761215,1.0,1.0,1.0,0.8429582334900506
3e0257f56dbc5db0,2021.07.09.15.53.28_veh-38_00184_02293,unfrozen_visual_sft,True,1.0,1.0,1.0,1.0,1.0,1.0,1.0
3e34460024d45739,2021.07.09.15.53.28_veh-38_00184_02293,unfrozen_visual_sft,True,1.0,1.0,0.9573334085910885,1.0,1.0,1.0,0.9822222535796202
3e36bef4c12f5be7,2021.10.05.08.11.15_veh-50_00437_00585,unfrozen_visual_sft,True,1.0,1.0,0.7104283150907931,1.0,1.0,1.0,0.8793451312878305
3e80032635bb59d8,2021.07.09.20.26.06_veh-35_02793_03289,unfrozen_visual_sft,True,1.0,1.0,1.0,1.0,1.0,1.0,1.0
3e9b3b4c0fa85ceb,2021.07.09.15.53.28_veh-38_00184_02293,unfrozen_visual_sft,True,1.0,1.0,0.9291387899073807,1.0,1.0,1.0,0.970474495794742
3e9c4cca896a53f7,2021.06.09.12.51.31_veh-35_01729_02626,unfrozen_visual_sft,True,1.0,1.0,1.0,1.0,1.0,1.0,1.0
3ea3416c97095653,2021.07.09.15.53.28_veh-38_00184_02293,unfrozen_visual_sft,True,1.0,1.0,1.0,1.0,1.0,1.0,1.0
3eca216626d256b3,2021.07.09.15.53.28_veh-38_00184_02293,unfrozen_visual_sft,True,1.0,1.0,1.0,1.0,1.0,1.0,1.0
3f037c2e281b5c8c,2021.06.09.20.26.11_veh-35_00970_01216,unfrozen_visual_sft,True,1.0,1.0,0.8485578971962268,1.0,1.0,1.0,0.9368991238317612
3f19c7116880578a,2021.07.09.15.53.28_veh-38_00184_02293,unfrozen_visual_sft,True,1.0,1.0,1.0,1.0,1.0,1.0,1.0
3f1b608fff335993,2021.07.09.20.26.06_veh-35_02793_03289,unfrozen_visual_sft,True,1.0,1.0,1.0,1.0,1.0,1.0,1.0
3f27444710fd5dfc,2021.08.31.11.47.30_veh-40_00919_01000,unfrozen_visual_sft,True,1.0,1.0,0.8123580908648134,1.0,1.0,1.0,0.9218158711936723
3f4ac4bbbdc05fba,2021.06.09.12.51.31_veh-35_01729_02626,unfrozen_visual_sft,True,1.0,1.0,0.8989572682832402,1.0,1.0,1.0,0.9578988617846834
3f69fae28f2b5905,2021.06.09.12.06.35_veh-35_01164_01494,unfrozen_visual_sft,True,1.0,1.0,0.9724055557600906,1.0,1.0,1.0,0.9885023149000377
3f83ff89a0b8508a,2021.06.09.12.06.35_veh-35_01164_01494,unfrozen_visual_sft,True,1.0,1.0,0.9242279237149879,1.0,1.0,1.0,0.9684283015479117
3f84de43587e5aef,2021.06.09.12.51.31_veh-35_01729_02626,unfrozen_visual_sft,True,1.0,1.0,0.7716638693973659,1.0,1.0,1.0,0.9048599455822357
3f89da0001805a55,2021.10.11.02.57.41_veh-50_02155_02265,unfrozen_visual_sft,True,1.0,1.0,0.6108837353106101,1.0,1.0,1.0,0.8378682230460875
3fa2f81cff025162,2021.06.23.17.31.36_veh-16_00016_00377,unfrozen_visual_sft,True,1.0,1.0,0.9668604849086461,1.0,1.0,1.0,0.9861918687119359
3fdaab2718695484,2021.06.09.12.06.35_veh-35_01164_01494,unfrozen_visual_sft,True,1.0,1.0,0.8190370071233671,1.0,1.0,1.0,0.9245987529680697
3fdb06fa757c5bc4,2021.07.09.15.53.28_veh-38_00184_02293,unfrozen_visual_sft,True,1.0,1.0,1.0,1.0,1.0,1.0,1.0
3ff65804fed251f6,2021.10.11.02.57.41_veh-50_02155_02265,unfrozen_visual_sft,True,1.0,1.0,0.6776743957881208,1.0,1.0,1.0,0.8656976649117171
400ad97140e45645,2021.10.11.02.57.41_veh-50_02155_02265,unfrozen_visual_sft,True,1.0,1.0,1.0,1.0,1.0,1.0,1.0
403a5dbfac5e5dc0,2021.07.09.15.53.28_veh-38_00184_02293,unfrozen_visual_sft,True,1.0,1.0,0.9058557871697052,1.0,1.0,1.0,0.9607732446540438
404cf17b53805018,2021.06.23.17.31.36_veh-16_00016_00377,unfrozen_visual_sft,True,1.0,1.0,0.5911091178760614,1.0,1.0,1.0,0.8296287991150256
405732349b21524a,2021.06.23.17.31.36_veh-16_00016_00377,unfrozen_visual_sft,True,1.0,1.0,1.0,1.0,1.0,1.0,1.0
40d427a5bcb95ad2,2021.10.05.08.11.15_veh-50_00437_00585,unfrozen_visual_sft,True,1.0,1.0,0.804715738348227,1.0,1.0,1.0,0.9186315576450946
40f9eae0b93e5fa4,2021.07.09.15.53.28_veh-38_00184_02293,unfrozen_visual_sft,True,1.0,1.0,0.8012572961635934,1.0,1.0,1.0,0.9171905400681638
411704ad095950e8,2021.10.11.02.57.41_veh-50_01028_01289,unfrozen_visual_sft,True,1.0,1.0,0.6542204335510429,1.0,1.0,1.0,0.8559251806462678
411aeffde8b7585c,2021.07.09.20.26.06_veh-35_02793_03289,unfrozen_visual_sft,True,1.0,1.0,0.6323742485486246,1.0,1.0,1.0,0.846822603561927
4153f9fad2735b7d,2021.07.09.20.26.06_veh-35_02793_03289,unfrozen_visual_sft,True,1.0,1.0,0.699294130894525,1.0,1.0,1.0,0.8747058878727186
41c88af990a15d28,2021.07.09.15.53.28_veh-38_00184_02293,unfrozen_visual_sft,True,1.0,1.0,0.9443982519119365,1.0,1.0,1.0,0.9768326049633069
41c8ecae08035b9f,2021.06.09.12.51.31_veh-35_01729_02626,unfrozen_visual_sft,True,1.0,1.0,0.7499616417768824,1.0,1.0,1.0,0.8958173507403676
4209beddef055db5,2021.10.11.02.57.41_veh-50_02155_02265,unfrozen_visual_sft,True,1.0,1.0,0.7737948578536962,1.0,1.0,1.0,0.9057478574390401
426ed461133659f6,2021.07.09.15.53.28_veh-38_00184_02293,unfrozen_visual_sft,True,1.0,1.0,1.0,1.0,1.0,1.0,1.0
42ba979bc4555510,2021.06.09.12.06.35_veh-35_01164_01494,unfrozen_visual_sft,True,1.0,1.0,0.9704985219786528,1.0,1.0,1.0,0.9877077174911054
430bf2218f6454aa,2021.06.09.12.51.31_veh-35_01729_02626,unfrozen_visual_sft,True,1.0,1.0,0.5215218819372248,1.0,1.0,1.0,0.8006341174738436
430e3153311b5792,2021.07.09.15.53.28_veh-38_00184_02293,unfrozen_visual_sft,True,1.0,1.0,1.0,1.0,1.0,1.0,1.0
43344715c88b50bc,2021.10.05.07.49.39_veh-52_00770_00905,unfrozen_visual_sft,True,1.0,1.0,0.7128946628725251,1.0,1.0,1.0,0.8803727761968855
433f5b72f4465952,2021.06.09.12.06.35_veh-35_01164_01494,unfrozen_visual_sft,True,1.0,1.0,0.8735861912782629,1.0,1.0,1.0,0.9473275796992762
43780b9368175ad1,2021.07.09.15.53.28_veh-38_00184_02293,unfrozen_visual_sft,True,1.0,1.0,1.0,1.0,1.0,0.5,1.0
43a10e21990254ae,2021.06.09.20.26.11_veh-35_00970_01216,unfrozen_visual_sft,True,1.0,1.0,0.864468368826849,1.0,1.0,1.0,0.9435284870111871
43ab1fa546f15565,2021.07.09.20.26.06_veh-35_02793_03289,unfrozen_visual_sft,True,1.0,1.0,0.8239664314543099,1.0,1.0,1.0,0.9266526797726291
43e443ef433256ae,2021.06.09.14.50.36_veh-26_02826_02955,unfrozen_visual_sft,True,1.0,1.0,0.7752567196155724,1.0,1.0,1.0,0.9063569665064884
4447336863e85fee,2021.10.11.02.57.41_veh-50_02155_02265,unfrozen_visual_sft,True,1.0,1.0,0.7447169932822771,1.0,1.0,1.0,0.8936320805342821
44ff523a46c05629,2021.10.05.07.49.39_veh-52_00770_00905,unfrozen_visual_sft,True,1.0,1.0,0.6990570568328818,1.0,1.0,1.0,0.8746071070137007
45024816c0275064,2021.10.05.07.49.39_veh-52_00770_00905,unfrozen_visual_sft,True,1.0,1.0,0.707896935960257,1.0,1.0,1.0,0.8782903899834404
450824ec3ef35679,2021.07.09.15.53.28_veh-38_00184_02293,unfrozen_visual_sft,True,1.0,1.0,0.7352133073049366,1.0,1.0,1.0,0.8896722113770569
450f27a1f39652ec,2021.07.09.20.26.06_veh-35_02793_03289,unfrozen_visual_sft,True,1.0,1.0,0.8077204972423467,1.0,1.0,1.0,0.9198835405176444
451111f6221956c4,2021.06.09.17.23.18_veh-38_01598_01750,unfrozen_visual_sft,True,1.0,1.0,1.0,1.0,1.0,1.0,1.0
45141a99f80a5ca4,2021.10.11.02.57.41_veh-50_02155_02265,unfrozen_visual_sft,True,1.0,1.0,0.6943982855418531,1.0,1.0,1.0,0.8726659523091055
451778af83945a84,2021.07.09.15.53.28_veh-38_00184_02293,unfrozen_visual_sft,True,1.0,1.0,1.0,1.0,1.0,1.0,1.0
4531dcdda8b55e7e,2021.07.09.15.53.28_veh-38_00184_02293,unfrozen_visual_sft,True,1.0,1.0,1.0,1.0,1.0,0.0,1.0
454730f7ec7a53d5,2021.07.09.15.53.28_veh-38_00184_02293,unfrozen_visual_sft,True,1.0,1.0,0.610666962780188,1.0,1.0,1.0,0.8377779011584116
455a180c084a5fe3,2021.07.09.15.53.28_veh-38_00184_02293,unfrozen_visual_sft,True,1.0,1.0,1.0,1.0,1.0,1.0,1.0
459f16faaa0e51bf,2021.10.11.02.57.41_veh-50_01028_01289,unfrozen_visual_sft,True,1.0,1.0,0.6878719559909282,1.0,1.0,1.0,0.8699466483295534
4654d4efac165b55,2021.07.09.15.53.28_veh-38_00184_02293,unfrozen_visual_sft,True,1.0,1.0,0.9781659185661582,1.0,1.0,1.0,0.9909024660692326
46f4df809f995260,2021.07.09.15.53.28_veh-38_00184_02293,unfrozen_visual_sft,True,1.0,1.0,1.0,1.0,1.0,1.0,1.0
473469a94bd255b5,2021.06.09.12.06.35_veh-35_01164_01494,unfrozen_visual_sft,True,1.0,1.0,0.7060643373924235,1.0,1.0,1.0,0.8775268072468432
47520165cdf25645,2021.06.09.20.26.11_veh-35_00970_01216,unfrozen_visual_sft,True,1.0,1.0,0.7852198172784571,1.0,1.0,1.0,0.9105082571993571
4761f5676fad5760,2021.07.09.15.53.28_veh-38_00184_02293,unfrozen_visual_sft,True,1.0,1.0,0.8022945919061338,1.0,1.0,1.0,0.9176227466275558
47758e53165b5478,2021.06.09.12.51.31_veh-35_01729_02626,unfrozen_visual_sft,True,1.0,1.0,0.7090986732105657,1.0,1.0,1.0,0.8787911138377357
47dd5e581cf559fd,2021.06.09.12.51.31_veh-35_01729_02626,unfrozen_visual_sft,True,1.0,1.0,0.933169270665021,1.0,1.0,1.0,0.972153862777092
4800b224fabb56f2,2021.07.09.15.53.28_veh-38_00184_02293,unfrozen_visual_sft,True,1.0,1.0,0.815004007446673,1.0,1.0,1.0,0.9229183364361138
486ae50490cf589c,2021.06.09.12.51.31_veh-35_01729_02626,unfrozen_visual_sft,True,1.0,1.0,0.9906521220875576,1.0,1.0,1.0,0.9961050508698156
4876b61c929f5180,2021.10.05.08.11.15_veh-50_00437_00585,unfrozen_visual_sft,True,1.0,1.0,0.8300304879317696,1.0,1.0,1.0,0.9291793699715707
4878391796105da9,2021.10.05.08.11.15_veh-50_00437_00585,unfrozen_visual_sft,True,1.0,1.0,0.6685207979950532,1.0,1.0,0.5,0.8618836658312722
48e72666aed858f6,2021.07.09.15.53.28_veh-38_00184_02293,unfrozen_visual_sft,True,1.0,1.0,1.0,0.0,1.0,1.0,0.5833333333333334
48ed922936d85f0d,2021.07.09.20.26.06_veh-35_02793_03289,unfrozen_visual_sft,True,1.0,1.0,0.7395563888860457,1.0,1.0,1.0,0.8914818287025191
48fc3189008a5754,2021.08.31.11.47.30_veh-40_00919_01000,unfrozen_visual_sft,True,1.0,1.0,0.8776626888493321,1.0,1.0,1.0,0.9490261203538882
48ff23d4f1d15802,2021.06.09.12.06.35_veh-35_01164_01494,unfrozen_visual_sft,True,1.0,1.0,0.9443327183309815,1.0,1.0,1.0,0.9768052993045756
490822629fe05bc3,2021.06.09.12.51.31_veh-35_01729_02626,unfrozen_visual_sft,True,1.0,1.0,0.6886857816417629,1.0,1.0,1.0,0.8702857423507345
490c8875ae7a5f43,2021.06.09.20.26.11_veh-35_00970_01216,unfrozen_visual_sft,True,1.0,1.0,1.0,1.0,1.0,1.0,1.0
492174f0a0be5e87,2021.07.09.20.26.06_veh-35_02793_03289,unfrozen_visual_sft,True,1.0,1.0,0.929748802643994,1.0,1.0,1.0,0.9707286677683308
49593af9450356f9,2021.06.09.20.26.11_veh-35_00970_01216,unfrozen_visual_sft,True,1.0,1.0,1.0,1.0,1.0,1.0,1.0
49de524392295e5e,2021.07.09.15.53.28_veh-38_00184_02293,unfrozen_visual_sft,True,1.0,1.0,1.0,1.0,1.0,0.0,1.0
4a0f91eff7365a83,2021.07.09.15.53.28_veh-38_00184_02293,unfrozen_visual_sft,True,1.0,1.0,0.949577713986149,1.0,1.0,1.0,0.9789907141608953
4a55e5cc75c55276,2021.06.09.12.51.31_veh-35_01729_02626,unfrozen_visual_sft,True,1.0,1.0,1.0,1.0,1.0,1.0,1.0
4a823fa4423e526b,2021.06.09.17.23.18_veh-38_01598_01750,unfrozen_visual_sft,True,1.0,1.0,1.0,1.0,1.0,1.0,1.0
4aa20b4afd5d585e,2021.06.09.12.06.35_veh-35_01164_01494,unfrozen_visual_sft,True,1.0,1.0,0.783647523728068,1.0,1.0,1.0,0.9098531348866951
4ab41adbd94856a2,2021.06.09.17.23.18_veh-38_01598_01750,unfrozen_visual_sft,True,1.0,1.0,0.8113903354609636,1.0,1.0,1.0,0.9214126397754016
4ac26d15063b57c9,2021.06.09.20.26.11_veh-35_00970_01216,unfrozen_visual_sft,True,1.0,1.0,1.0,1.0,1.0,1.0,1.0
4b012a201ee458a0,2021.07.09.20.26.06_veh-35_02793_03289,unfrozen_visual_sft,True,1.0,1.0,0.7528311295895889,1.0,1.0,1.0,0.8970129706623288
4b0684256b7c514b,2021.06.09.12.06.35_veh-35_01164_01494,unfrozen_visual_sft,True,1.0,1.0,0.8794989136205162,1.0,1.0,1.0,0.9497912140085484
4b0db1652aa857f0,2021.06.23.17.31.36_veh-16_00016_00377,unfrozen_visual_sft,True,1.0,1.0,1.0,1.0,1.0,1.0,1.0
4b20e22658c258a4,2021.06.09.12.51.31_veh-35_01729_02626,unfrozen_visual_sft,True,1.0,1.0,1.0,1.0,1.0,1.0,1.0
4b5083dbc8205fd4,2021.07.09.15.53.28_veh-38_00184_02293,unfrozen_visual_sft,True,1.0,1.0,0.958735978347745,1.0,1.0,1.0,0.9828066576448938
4b66fd3a626b5be8,2021.10.01.17.52.06_veh-28_01141_01264,unfrozen_visual_sft,True,1.0,1.0,0.96903823403818,1.0,1.0,1.0,0.9870992641825751
4b8081ab8642513d,2021.10.11.02.57.41_veh-50_02155_02265,unfrozen_visual_sft,True,1.0,1.0,0.6800759884894763,1.0,1.0,1.0,0.8666983285372818
4b9cb144a34f517d,2021.10.05.07.49.39_veh-52_00770_00905,unfrozen_visual_sft,True,1.0,1.0,0.7064360358486003,1.0,1.0,1.0,0.8776816816035834
4bb5e84b73765d38,2021.06.23.17.31.36_veh-16_00016_00377,unfrozen_visual_sft,True,1.0,1.0,1.0,1.0,1.0,1.0,1.0
4bc9550363e85b1a,2021.07.09.15.53.28_veh-38_00184_02293,unfrozen_visual_sft,True,1.0,1.0,1.0,1.0,1.0,1.0,1.0
4c1205c3cd395ed2,2021.06.09.12.51.31_veh-35_01729_02626,unfrozen_visual_sft,True,1.0,1.0,1.0,1.0,1.0,1.0,1.0
4c2f4189a319584d,2021.10.01.17.52.06_veh-28_01141_01264,unfrozen_visual_sft,True,1.0,1.0,0.5586466348241943,1.0,1.0,1.0,0.8161027645100809
4c353752376d5c25,2021.06.09.12.06.35_veh-35_01164_01494,unfrozen_visual_sft,True,1.0,1.0,0.877288689128063,1.0,1.0,1.0,0.9488702871366929
4c766faa415253e3,2021.06.09.12.51.31_veh-35_01729_02626,unfrozen_visual_sft,True,1.0,1.0,0.6771514238057844,1.0,1.0,1.0,0.8654797599190768
4c85b529b06d5b94,2021.06.09.12.51.31_veh-35_01729_02626,unfrozen_visual_sft,True,1.0,1.0,0.5966348112591124,1.0,1.0,1.0,0.8319311713579635
4c93ba429cab5645,2021.07.09.15.53.28_veh-38_00184_02293,unfrozen_visual_sft,True,1.0,1.0,0.9419398963667127,1.0,1.0,1.0,0.975808290152797
4d0eb0b583f853ff,2021.07.09.15.53.28_veh-38_00184_02293,unfrozen_visual_sft,True,1.0,1.0,0.7117378604928799,1.0,1.0,1.0,0.8798907752053666
4d0efac8ead15d25,2021.06.09.20.26.11_veh-35_00970_01216,unfrozen_visual_sft,True,1.0,1.0,0.8026164146764426,1.0,1.0,1.0,0.9177568394485177
4d134b35adf65ce9,2021.07.09.15.53.28_veh-38_00184_02293,unfrozen_visual_sft,True,1.0,1.0,0.9242585604209589,1.0,1.0,1.0,0.9684410668420661
4d30b4c498505f32,2021.06.09.12.51.31_veh-35_01729_02626,unfrozen_visual_sft,True,1.0,1.0,0.8674606279102114,1.0,1.0,1.0,0.9447752616292547
4d3bbcab2f7e5b9c,2021.07.09.15.53.28_veh-38_00184_02293,unfrozen_visual_sft,True,1.0,1.0,1.0,1.0,1.0,1.0,1.0
4d431311516d5e88,2021.10.01.17.52.06_veh-28_01141_01264,unfrozen_visual_sft,True,1.0,1.0,0.9538520724650846,1.0,1.0,1.0,0.9807716968604518
4d492375c1705fc3,2021.10.11.02.57.41_veh-50_02155_02265,unfrozen_visual_sft,True,1.0,1.0,0.6324429543843606,1.0,1.0,1.0,0.8468512309934836
4d4d6e694a7f5712,2021.10.11.02.57.41_veh-50_02155_02265,unfrozen_visual_sft,True,1.0,1.0,0.6913357058246548,1.0,1.0,1.0,0.8713898774269394
4d540daaddb15826,2021.10.11.02.57.41_veh-50_01028_01289,unfrozen_visual_sft,True,1.0,1.0,0.849106776722013,1.0,1.0,1.0,0.9371278236341721
4dc05b556a2657fa,2021.10.05.07.49.39_veh-52_00770_00905,unfrozen_visual_sft,True,1.0,1.0,0.6974204525001767,1.0,1.0,1.0,0.8739251885417403
4dcfadf46bc25e5e,2021.10.05.07.49.39_veh-52_00770_00905,unfrozen_visual_sft,True,1.0,1.0,0.7758582156079888,1.0,1.0,1.0,0.906607589836662
4e658bb5f80a5664,2021.07.16.22.40.23_veh-38_00204_00360,unfrozen_visual_sft,True,1.0,1.0,0.8194852881810041,1.0,1.0,1.0,0.9247855367420851
4e6d17912b905e9e,2021.07.09.15.53.28_veh-38_00184_02293,unfrozen_visual_sft,True,1.0,1.0,0.9792310562833741,1.0,1.0,1.0,0.9913462734514059
4e9c5280dadd5f24,2021.10.05.07.49.39_veh-52_00770_00905,unfrozen_visual_sft,True,1.0,1.0,0.8319044329814066,1.0,1.0,1.0,0.9299601804089194
4f02764ce23c5c1d,2021.10.11.02.57.41_veh-50_01028_01289,unfrozen_visual_sft,True,1.0,1.0,1.0,1.0,1.0,1.0,1.0
4f1bb67e8f4356a0,2021.07.09.15.53.28_veh-38_00184_02293,unfrozen_visual_sft,True,1.0,1.0,0.955672069866466,1.0,1.0,0.0,0.9815300291110276
4f3e703c35e05679,2021.07.09.20.26.06_veh-35_02793_03289,unfrozen_visual_sft,True,1.0,1.0,1.0,1.0,1.0,1.0,1.0
4f54af46fbf95346,2021.06.09.12.51.31_veh-35_01729_02626,unfrozen_visual_sft,True,1.0,1.0,1.0,1.0,1.0,1.0,1.0
4f733785b3b35f8a,2021.07.09.15.53.28_veh-38_00184_02293,unfrozen_visual_sft,True,1.0,1.0,0.5706013159882443,1.0,1.0,1.0,0.8210838816617684
4f8295d76d505277,2021.07.09.15.53.28_veh-38_00184_02293,unfrozen_visual_sft,True,1.0,1.0,0.7724738668101311,1.0,1.0,1.0,0.9051974445042212
4f9307fe01455d95,2021.07.09.15.53.28_veh-38_00184_02293,unfrozen_visual_sft,True,1.0,1.0,0.6197639340452723,1.0,1.0,1.0,0.8415683058521969
4f9e9b2e8e77599c,2021.06.23.17.31.36_veh-16_00016_00377,unfrozen_visual_sft,True,1.0,1.0,1.0,1.0,1.0,1.0,1.0
4fa81c07c7d75515,2021.07.09.15.53.28_veh-38_00184_02293,unfrozen_visual_sft,True,1.0,1.0,1.0,1.0,1.0,1.0,1.0
4fcd13a2adeb5406,2021.06.09.12.51.31_veh-35_01729_02626,unfrozen_visual_sft,True,1.0,1.0,1.0,1.0,1.0,1.0,1.0
4fd253304da7581e,2021.10.05.07.49.39_veh-52_00770_00905,unfrozen_visual_sft,True,1.0,1.0,0.7951670923410806,1.0,1.0,1.0,0.9146529551421169
4fe2c5e04d795883,2021.10.11.02.57.41_veh-50_01028_01289,unfrozen_visual_sft,True,1.0,1.0,0.6994710829167831,1.0,1.0,1.0,0.8747796178819929
4ff0a2b15a835463,2021.10.11.02.57.41_veh-50_01028_01289,unfrozen_visual_sft,True,1.0,1.0,0.6151905104724582,1.0,1.0,1.0,0.8396627126968577
4ffe9e73ad0f5c34,2021.06.09.12.51.31_veh-35_01729_02626,unfrozen_visual_sft,True,1.0,1.0,0.6308263850489193,1.0,1.0,1.0,0.8461776604370498
5007e9f5013b5580,2021.08.31.14.01.15_veh-40_01576_01714,unfrozen_visual_sft,True,1.0,1.0,0.8039375335672868,1.0,1.0,1.0,0.9183073056530362
505332fa85dc5953,2021.07.09.15.53.28_veh-38_00184_02293,unfrozen_visual_sft,True,1.0,1.0,1.0,1.0,1.0,1.0,1.0
50a4d68137ac5d01,2021.07.09.15.53.28_veh-38_00184_02293,unfrozen_visual_sft,True,1.0,1.0,1.0,1.0,1.0,1.0,1.0
50b0ab9dfc405cae,2021.06.09.12.06.35_veh-35_01164_01494,unfrozen_visual_sft,True,1.0,1.0,0.8064554973748319,1.0,1.0,1.0,0.9193564572395133
50d1a9ffaa2c54a4,2021.07.09.20.26.06_veh-35_02793_03289,unfrozen_visual_sft,True,1.0,1.0,1.0,1.0,1.0,1.0,1.0
50de3d17be6c5ced,2021.07.09.20.26.06_veh-35_02793_03289,unfrozen_visual_sft,True,1.0,1.0,0.9596725561386578,1.0,1.0,1.0,0.9831968983911074
50ecb53bbcdd5c19,2021.06.09.12.51.31_veh-35_01729_02626,unfrozen_visual_sft,True,1.0,1.0,0.7554614087094539,1.0,1.0,1.0,0.8981089202956057
512f45f4f0ab5a1b,2021.07.09.15.53.28_veh-38_00184_02293,unfrozen_visual_sft,True,1.0,1.0,1.0,1.0,1.0,1.0,1.0
515b07ed8b6a5e82,2021.06.23.17.31.36_veh-16_00016_00377,unfrozen_visual_sft,True,1.0,1.0,1.0,1.0,1.0,1.0,1.0
51649a3ccd735dff,2021.06.09.12.51.31_veh-35_01729_02626,unfrozen_visual_sft,True,1.0,1.0,0.9749385221781881,1.0,1.0,1.0,0.989557717574245
5185fdb2837d502b,2021.07.09.15.53.28_veh-38_00184_02293,unfrozen_visual_sft,True,1.0,1.0,0.9273077077989583,1.0,1.0,1.0,0.9697115449162327
51bfd099a0795409,2021.08.31.11.47.30_veh-40_00919_01000,unfrozen_visual_sft,True,1.0,1.0,0.8443494738461697,1.0,1.0,1.0,0.9351456141025706
51dc80968c9c5e08,2021.10.05.08.11.15_veh-50_00437_00585,unfrozen_visual_sft,True,1.0,1.0,0.722217993751032,1.0,1.0,1.0,0.8842574973962632
51f7835e4ba057be,2021.10.01.17.52.06_veh-28_01141_01264,unfrozen_visual_sft,True,1.0,1.0,0.790214837783706,1.0,1.0,1.0,0.9125895157432109
5224265091a55a68,2021.10.05.07.49.39_veh-52_00770_00905,unfrozen_visual_sft,True,1.0,1.0,0.9256028274120804,1.0,1.0,1.0,0.9690011780883668
5224833f970051df,2021.06.09.12.51.31_veh-35_01729_02626,unfrozen_visual_sft,True,1.0,1.0,0.6909108431330939,1.0,1.0,1.0,0.8712128513054558
522fca1441c455a1,2021.06.09.12.51.31_veh-35_01729_02626,unfrozen_visual_sft,True,1.0,1.0,1.0,1.0,1.0,1.0,1.0
5238b46a3bea52ce,2021.06.09.17.23.18_veh-38_01598_01750,unfrozen_visual_sft,True,1.0,1.0,1.0,1.0,1.0,1.0,1.0
5280d017318c5f4f,2021.07.09.15.53.28_veh-38_00184_02293,unfrozen_visual_sft,True,1.0,1.0,1.0,1.0,1.0,1.0,1.0
52c34d4f01925f11,2021.10.11.02.57.41_veh-50_02155_02265,unfrozen_visual_sft,True,1.0,1.0,0.6654183977393244,1.0,1.0,1.0,0.8605909990580519
52d9b7c0daa5529a,2021.07.09.20.26.06_veh-35_02793_03289,unfrozen_visual_sft,True,1.0,1.0,1.0,1.0,1.0,1.0,1.0
5328c67f17ae5e3e,2021.07.09.15.53.28_veh-38_00184_02293,unfrozen_visual_sft,True,1.0,1.0,0.8556434869387852,1.0,1.0,1.0,0.9398514528911605
537866cb077d586d,2021.07.09.15.53.28_veh-38_00184_02293,unfrozen_visual_sft,True,1.0,1.0,1.0,1.0,1.0,1.0,1.0
5385779df4685a12,2021.06.09.14.50.36_veh-26_02826_02955,unfrozen_visual_sft,True,1.0,1.0,1.0,1.0,1.0,1.0,1.0
539393ec03d3569f,2021.10.11.02.57.41_veh-50_01028_01289,unfrozen_visual_sft,True,1.0,1.0,0.6979230320179995,1.0,1.0,1.0,0.8741345966741664
53947195964b5ddc,2021.07.09.15.53.28_veh-38_00184_02293,unfrozen_visual_sft,True,1.0,1.0,1.0,1.0,1.0,1.0,1.0
539519a77270528a,2021.07.09.15.53.28_veh-38_00184_02293,unfrozen_visual_sft,True,1.0,1.0,1.0,1.0,1.0,1.0,1.0
53a2eb4f1d1b5b6e,2021.06.09.12.51.31_veh-35_01729_02626,unfrozen_visual_sft,True,1.0,1.0,1.0,1.0,1.0,1.0,1.0
53ead5dd09575f56,2021.06.09.17.23.18_veh-38_01598_01750,unfrozen_visual_sft,True,1.0,1.0,0.8918592954930794,1.0,1.0,1.0,0.9549413731221165
53fbf0500ccf5c81,2021.10.11.02.57.41_veh-50_01028_01289,unfrozen_visual_sft,True,1.0,1.0,1.0,1.0,1.0,1.0,1.0
53fc4d372fa5530d,2021.06.09.12.51.31_veh-35_01729_02626,unfrozen_visual_sft,True,1.0,1.0,1.0,1.0,1.0,1.0,1.0
54631ddbf6855a9a,2021.07.09.15.53.28_veh-38_00184_02293,unfrozen_visual_sft,True,1.0,1.0,1.0,1.0,1.0,1.0,1.0
547b22ed67af5503,2021.06.23.17.31.36_veh-16_00016_00377,unfrozen_visual_sft,True,1.0,1.0,0.6289745541934709,1.0,1.0,1.0,0.8454060642472796
54cabf997c2e54ec,2021.07.09.15.53.28_veh-38_00184_02293,unfrozen_visual_sft,True,1.0,1.0,0.892382621891925,1.0,1.0,1.0,0.955159425788302
54d3068f889b58ee,2021.07.09.20.26.06_veh-35_02793_03289,unfrozen_visual_sft,True,1.0,1.0,0.7356849797876563,1.0,1.0,1.0,0.8898687415781902
54ea093eed9f5c7f,2021.06.09.12.06.35_veh-35_01164_01494,unfrozen_visual_sft,True,1.0,1.0,0.8481568121043827,1.0,1.0,1.0,0.9367320050434929
550c71438a10581d,2021.07.09.15.53.28_veh-38_00184_02293,unfrozen_visual_sft,True,1.0,1.0,1.0,1.0,1.0,1.0,1.0
551a93bd32f95ef1,2021.10.11.02.57.41_veh-50_02155_02265,unfrozen_visual_sft,True,1.0,1.0,0.7357023995302737,1.0,1.0,1.0,0.8898759998042807
55934aa7214d511e,2021.07.09.20.26.06_veh-35_02793_03289,unfrozen_visual_sft,True,1.0,1.0,0.7811772359296622,1.0,1.0,1.0,0.908823848304026
559a7a5262b355c3,2021.10.11.02.57.41_veh-50_02155_02265,unfrozen_visual_sft,True,1.0,1.0,0.7054031614802061,1.0,1.0,1.0,0.8772513172834192
55a358158723559c,2021.07.09.15.53.28_veh-38_00184_02293,unfrozen_visual_sft,True,1.0,1.0,1.0,1.0,1.0,1.0,1.0
55bf0e4266ce5eee,2021.06.09.12.51.31_veh-35_01729_02626,unfrozen_visual_sft,True,1.0,1.0,0.7977819121809312,1.0,1.0,1.0,0.9157424634087213
55c60c81e14e5d94,2021.07.09.15.53.28_veh-38_00184_02293,unfrozen_visual_sft,True,1.0,1.0,1.0,1.0,1.0,1.0,1.0
55d627edf1c05c6c,2021.06.09.12.06.35_veh-35_01164_01494,unfrozen_visual_sft,True,1.0,1.0,1.0,1.0,1.0,1.0,1.0
55d8e5c3dd4657d5,2021.10.11.02.57.41_veh-50_01028_01289,unfrozen_visual_sft,True,1.0,1.0,0.7205503574524889,1.0,1.0,1.0,0.8835626489385371
56197cc9035d51a9,2021.07.09.20.26.06_veh-35_02793_03289,unfrozen_visual_sft,True,1.0,1.0,0.9103635017277908,1.0,1.0,1.0,0.9626514590532462
562fcb37e4e05697,2021.07.09.15.53.28_veh-38_00184_02293,unfrozen_visual_sft,True,1.0,1.0,1.0,1.0,1.0,1.0,1.0
5648007488815d22,2021.07.09.15.53.28_veh-38_00184_02293,unfrozen_visual_sft,True,1.0,1.0,1.0,1.0,1.0,1.0,1.0
566e8d71b2da589a,2021.10.05.07.49.39_veh-52_00770_00905,unfrozen_visual_sft,True,1.0,1.0,1.0,1.0,1.0,1.0,1.0
5689b5417b1b59fa,2021.10.11.02.57.41_veh-50_01028_01289,unfrozen_visual_sft,True,1.0,1.0,0.7142874476586444,1.0,1.0,1.0,0.8809531031911018
56910770f2c1527a,2021.07.09.20.26.06_veh-35_02793_03289,unfrozen_visual_sft,True,1.0,1.0,1.0,1.0,1.0,1.0,1.0
56951c953e93531f,2021.07.09.15.53.28_veh-38_00184_02293,unfrozen_visual_sft,True,1.0,1.0,0.880229582830608,1.0,1.0,1.0,0.9500956595127533
56955c6aafab5e58,2021.07.09.15.53.28_veh-38_00184_02293,unfrozen_visual_sft,True,1.0,1.0,0.8021859485787378,1.0,1.0,1.0,0.917577478574474
56c1c01423045c64,2021.07.09.20.26.06_veh-35_02793_03289,unfrozen_visual_sft,True,1.0,1.0,1.0,1.0,1.0,1.0,1.0
56cbb46576da5737,2021.06.09.20.26.11_veh-35_00970_01216,unfrozen_visual_sft,True,1.0,1.0,0.6969808631064073,1.0,1.0,1.0,0.8737420262943364
5727f0aed1fa5000,2021.07.09.15.53.28_veh-38_00184_02293,unfrozen_visual_sft,True,1.0,1.0,1.0,1.0,1.0,1.0,1.0
572befcf57675103,2021.07.09.15.53.28_veh-38_00184_02293,unfrozen_visual_sft,True,1.0,1.0,0.9328179264243736,1.0,1.0,1.0,0.972007469343489
577dd51dad5c513c,2021.07.09.15.53.28_veh-38_00184_02293,unfrozen_visual_sft,True,1.0,1.0,1.0,1.0,1.0,1.0,1.0
57e56c60ae355a07,2021.06.23.17.31.36_veh-16_00016_00377,unfrozen_visual_sft,True,1.0,1.0,0.690119314629079,1.0,1.0,1.0,0.8708830477621162
57ee8b6bcf335177,2021.08.31.14.01.15_veh-40_01576_01714,unfrozen_visual_sft,True,1.0,1.0,1.0,1.0,1.0,1.0,1.0
57f67c6a726a5dd2,2021.10.11.02.57.41_veh-50_02155_02265,unfrozen_visual_sft,True,1.0,1.0,0.5466599179572409,1.0,1.0,1.0,0.8111082991488504
5827e60e48d756b4,2021.06.09.17.23.18_veh-38_01598_01750,unfrozen_visual_sft,True,1.0,1.0,0.828351885851434,1.0,1.0,1.0,0.9284799524380976
583d770feb1f50e6,2021.07.09.15.53.28_veh-38_00184_02293,unfrozen_visual_sft,True,1.0,1.0,1.0,1.0,1.0,1.0,1.0
58405a1838c55fce,2021.07.09.15.53.28_veh-38_00184_02293,unfrozen_visual_sft,True,1.0,1.0,1.0,1.0,1.0,1.0,1.0
58877588439e5ce1,2021.07.09.15.53.28_veh-38_00184_02293,unfrozen_visual_sft,True,1.0,0.0,0.0,1.0,1.0,1.0,0.0
58be05020c705538,2021.06.09.14.50.36_veh-26_02826_02955,unfrozen_visual_sft,True,1.0,1.0,1.0,1.0,0.0,1.0,0.8333333333333334
58bfaccfd1865d81,2021.10.11.02.57.41_veh-50_02155_02265,unfrozen_visual_sft,True,1.0,1.0,0.7662386857908295,1.0,1.0,1.0,0.9025994524128457
58d478dd02905d2e,2021.10.05.07.49.39_veh-52_00770_00905,unfrozen_visual_sft,True,1.0,1.0,0.7189240261263499,1.0,1.0,1.0,0.8828850108859791
5911aec9fe745d2a,2021.07.09.15.53.28_veh-38_00184_02293,unfrozen_visual_sft,True,1.0,1.0,0.6309950687816593,1.0,1.0,1.0,0.8462479453256915
592e6aa71cc85423,2021.06.09.12.06.35_veh-35_01164_01494,unfrozen_visual_sft,True,1.0,1.0,0.8322434937696431,1.0,1.0,1.0,0.9301014557373514
594cd290a93f538a,2021.10.05.07.49.39_veh-52_00770_00905,unfrozen_visual_sft,True,1.0,1.0,0.7649709579998049,1.0,1.0,1.0,0.9020712324999187
5980823125de5b77,2021.06.09.12.06.35_veh-35_01164_01494,unfrozen_visual_sft,True,1.0,1.0,0.7949276766318106,1.0,1.0,1.0,0.9145531985965878
59a1bb2069d057ed,2021.06.09.12.51.31_veh-35_01729_02626,unfrozen_visual_sft,True,1.0,1.0,0.5569434537420749,1.0,1.0,1.0,0.8153931057258644
59bfda4a7e5956eb,2021.06.09.12.51.31_veh-35_01729_02626,unfrozen_visual_sft,True,1.0,1.0,1.0,1.0,1.0,1.0,1.0
59c510d3bccd5105,2021.07.09.15.53.28_veh-38_00184_02293,unfrozen_visual_sft,True,1.0,1.0,0.8743692867144167,1.0,1.0,1.0,0.9476538694643404
59cd72291d1b5c61,2021.06.09.12.06.35_veh-35_01164_01494,unfrozen_visual_sft,True,1.0,1.0,0.9205925761704514,1.0,1.0,1.0,0.9669135734043547
5a0d659cee41562b,2021.07.09.15.53.28_veh-38_00184_02293,unfrozen_visual_sft,True,1.0,1.0,1.0,1.0,1.0,1.0,1.0
5a4abee0269d5262,2021.06.09.12.51.31_veh-35_01729_02626,unfrozen_visual_sft,True,1.0,1.0,0.8786367402974219,1.0,1.0,1.0,0.9494319751239259
5a8f0cf120495354,2021.06.23.17.31.36_veh-16_00016_00377,unfrozen_visual_sft,True,1.0,1.0,1.0,1.0,1.0,1.0,1.0
5a9dd500d2f15c87,2021.07.16.22.40.23_veh-38_00204_00360,unfrozen_visual_sft,True,1.0,1.0,0.9250762126919473,1.0,1.0,1.0,0.9687817552883113
5ab86590974953e9,2021.06.09.20.26.11_veh-35_00970_01216,unfrozen_visual_sft,True,1.0,1.0,0.9349866246653933,1.0,1.0,1.0,0.9729110936105805
5ad9e7defd1150e4,2021.10.05.08.11.15_veh-50_00437_00585,unfrozen_visual_sft,True,1.0,1.0,0.7579725522208299,1.0,1.0,1.0,0.8991552300920125
5afc918b7a185eaa,2021.07.09.15.53.28_veh-38_00184_02293,unfrozen_visual_sft,True,1.0,1.0,1.0,1.0,1.0,1.0,1.0
5b03bd8400375f7e,2021.08.31.14.01.15_veh-40_01576_01714,unfrozen_visual_sft,True,1.0,1.0,0.9322591374773439,1.0,1.0,1.0,0.97177464061556
5b1c2e8998585889,2021.07.09.15.53.28_veh-38_00184_02293,unfrozen_visual_sft,True,1.0,1.0,0.7090624486249434,1.0,1.0,1.0,0.878776020260393
5b1c7c1d71e85bd9,2021.06.09.12.06.35_veh-35_01164_01494,unfrozen_visual_sft,True,1.0,1.0,0.8186948437219459,1.0,1.0,1.0,0.9244561848841442
5b31ae74a6235b13,2021.07.09.15.53.28_veh-38_00184_02293,unfrozen_visual_sft,True,1.0,1.0,0.9211995211110471,1.0,1.0,1.0,0.9671664671296029
5b33f44a53c35e48,2021.07.09.20.26.06_veh-35_02793_03289,unfrozen_visual_sft,True,1.0,1.0,1.0,1.0,1.0,1.0,1.0
5b7e8c4975ba58ec,2021.07.09.20.26.06_veh-35_02793_03289,unfrozen_visual_sft,True,1.0,1.0,1.0,1.0,1.0,1.0,1.0
5b8ed32be3d355d2,2021.07.09.15.53.28_veh-38_00184_02293,unfrozen_visual_sft,True,1.0,1.0,0.9420049010776159,1.0,1.0,1.0,0.9758353754490067
5b9d89b5e90257d8,2021.06.09.12.06.35_veh-35_01164_01494,unfrozen_visual_sft,True,1.0,1.0,0.9617607743115574,1.0,1.0,1.0,0.9840669892964823
5bb0b67e360f5a85,2021.08.31.11.47.30_veh-40_00919_01000,unfrozen_visual_sft,True,1.0,1.0,0.8251069360349056,1.0,1.0,1.0,0.927127890014544
5bbe0b33a6375afe,2021.07.09.15.53.28_veh-38_00184_02293,unfrozen_visual_sft,True,1.0,1.0,1.0,1.0,1.0,1.0,1.0
5bdbf4af20945e83,2021.07.09.15.53.28_veh-38_00184_02293,unfrozen_visual_sft,True,1.0,1.0,0.79328976460503,1.0,1.0,1.0,0.9138707352520958
5be2f48d93925c02,2021.07.09.15.53.28_veh-38_00184_02293,unfrozen_visual_sft,True,1.0,1.0,0.7707281604766246,1.0,1.0,1.0,0.9044700668652602
5bf6deabdf1355a1,2021.10.11.02.57.41_veh-50_02155_02265,unfrozen_visual_sft,True,1.0,1.0,0.7748829122414574,1.0,1.0,1.0,0.9062012134339406
5bfc2ed8a9e55b31,2021.10.11.02.57.41_veh-50_01028_01289,unfrozen_visual_sft,True,1.0,1.0,0.6142251509293829,1.0,1.0,1.0,0.8392604795539095
5c62daecead15772,2021.08.31.14.01.15_veh-40_01576_01714,unfrozen_visual_sft,True,1.0,1.0,0.9094321017527568,1.0,1.0,1.0,0.9622633757303154
5d0b6e2c0cad53ce,2021.07.09.15.53.28_veh-38_00184_02293,unfrozen_visual_sft,True,1.0,1.0,0.6556158454565263,1.0,1.0,1.0,0.8565066022735527
5d2ee5c23b555bac,2021.06.09.12.06.35_veh-35_01164_01494,unfrozen_visual_sft,True,1.0,1.0,0.9745104174038097,1.0,1.0,1.0,0.9893793405849207
5d5971cc468954e3,2021.08.31.14.01.15_veh-40_01576_01714,unfrozen_visual_sft,True,1.0,1.0,0.8023348785547375,1.0,1.0,1.0,0.9176395327311407
5d626b0485e65f74,2021.10.11.02.57.41_veh-50_01028_01289,unfrozen_visual_sft,True,1.0,1.0,0.6573846170031987,1.0,1.0,1.0,0.8572435904179995
5d64663f086f5773,2021.10.05.07.49.39_veh-52_00770_00905,unfrozen_visual_sft,True,1.0,1.0,1.0,1.0,1.0,1.0,1.0
5d6fd74f1a555e69,2021.06.23.17.31.36_veh-16_00016_00377,unfrozen_visual_sft,True,1.0,1.0,0.9282717221840998,1.0,1.0,1.0,0.9701132175767082
5d95e24db2fa5ada,2021.07.09.15.53.28_veh-38_00184_02293,unfrozen_visual_sft,True,1.0,1.0,1.0,1.0,1.0,1.0,1.0
5dc2c6ffad8b5dd5,2021.06.09.12.51.31_veh-35_01729_02626,unfrozen_visual_sft,True,1.0,1.0,0.6800128750123257,1.0,1.0,1.0,0.8666720312551357
5ded7f2e94075a10,2021.07.16.22.40.23_veh-38_00204_00360,unfrozen_visual_sft,True,1.0,1.0,1.0,1.0,1.0,1.0,1.0
5e6051742abd5859,2021.06.09.12.51.31_veh-35_01729_02626,unfrozen_visual_sft,True,1.0,1.0,0.5439987261219339,1.0,1.0,1.0,0.8099994692174725
5eea58c0ed9d5b4d,2021.07.09.15.53.28_veh-38_00184_02293,unfrozen_visual_sft,True,1.0,1.0,1.0,1.0,1.0,1.0,1.0
5f1d8aea61145907,2021.10.11.02.57.41_veh-50_01028_01289,unfrozen_visual_sft,True,1.0,1.0,0.6275390520464293,1.0,1.0,1.0,0.8448079383526789
5f2e24464be0511a,2021.07.09.15.53.28_veh-38_00184_02293,unfrozen_visual_sft,True,1.0,1.0,0.9506371106633076,1.0,1.0,1.0,0.9794321294430448
5f5d82af40575c3a,2021.07.09.15.53.28_veh-38_00184_02293,unfrozen_visual_sft,True,1.0,1.0,1.0,1.0,1.0,1.0,1.0
5f6dc8b1b2475507,2021.06.09.17.23.18_veh-38_01598_01750,unfrozen_visual_sft,True,1.0,1.0,1.0,1.0,1.0,1.0,1.0
5f7dadb16c9858e6,2021.10.11.02.57.41_veh-50_01028_01289,unfrozen_visual_sft,True,1.0,1.0,0.6859217876177519,1.0,1.0,1.0,0.8691340781740632
5f9d781b4e0a5e25,2021.07.09.15.53.28_veh-38_00184_02293,unfrozen_visual_sft,True,1.0,1.0,1.0,1.0,1.0,1.0,1.0
5fbbd408b7395036,2021.07.09.15.53.28_veh-38_00184_02293,unfrozen_visual_sft,True,1.0,1.0,1.0,1.0,1.0,1.0,1.0
5fec23f5a5d052cd,2021.06.09.12.06.35_veh-35_01164_01494,unfrozen_visual_sft,True,1.0,1.0,0.9102039869613066,1.0,1.0,1.0,0.962584994567211
600b68fede18549b,2021.07.09.20.26.06_veh-35_02793_03289,unfrozen_visual_sft,True,1.0,1.0,1.0,1.0,1.0,1.0,1.0
6033b22b61b55675,2021.10.05.07.49.39_veh-52_00770_00905,unfrozen_visual_sft,True,1.0,1.0,0.6355341672763618,1.0,1.0,1.0,0.8481392363651508
606628cc32715abd,2021.07.09.15.53.28_veh-38_00184_02293,unfrozen_visual_sft,True,1.0,1.0,1.0,1.0,1.0,1.0,1.0
60966830452a5fdb,2021.07.09.15.53.28_veh-38_00184_02293,unfrozen_visual_sft,True,1.0,1.0,1.0,1.0,1.0,1.0,1.0
60c8ea16ac0c5d80,2021.07.09.15.53.28_veh-38_00184_02293,unfrozen_visual_sft,True,1.0,1.0,1.0,1.0,1.0,1.0,1.0
60d83af8e3ec5296,2021.07.09.15.53.28_veh-38_00184_02293,unfrozen_visual_sft,True,1.0,1.0,0.9516556720783268,1.0,1.0,1.0,0.9798565300326362
60d918263c15569b,2021.06.09.12.51.31_veh-35_01729_02626,unfrozen_visual_sft,True,1.0,1.0,0.5400370577140585,1.0,1.0,1.0,0.8083487740475244
60dbf95d482051e1,2021.06.09.12.51.31_veh-35_01729_02626,unfrozen_visual_sft,True,1.0,1.0,1.0,1.0,1.0,1.0,1.0
615150631a0d5359,2021.07.09.15.53.28_veh-38_00184_02293,unfrozen_visual_sft,True,1.0,1.0,0.9199486671842555,1.0,1.0,1.0,0.9666452779934399
6158d35892e55941,2021.10.05.08.11.15_veh-50_00437_00585,unfrozen_visual_sft,True,1.0,1.0,0.9868518146440749,1.0,1.0,1.0,0.9945215894350312
619751e2f7d45698,2021.07.09.20.26.06_veh-35_02793_03289,unfrozen_visual_sft,True,1.0,1.0,1.0,1.0,1.0,1.0,1.0
619b51912d2b518f,2021.10.11.02.57.41_veh-50_01028_01289,unfrozen_visual_sft,True,1.0,1.0,0.7021052544241461,1.0,1.0,1.0,0.8758771893433942
61a1cff677ad53ae,2021.07.09.20.26.06_veh-35_02793_03289,unfrozen_visual_sft,True,1.0,1.0,1.0,1.0,1.0,1.0,1.0
61b475b0e8de50d4,2021.07.09.15.53.28_veh-38_00184_02293,unfrozen_visual_sft,True,1.0,1.0,0.8433896808627369,1.0,1.0,1.0,0.9347457003594736
61b8de25e8b35665,2021.06.09.17.23.18_veh-38_01598_01750,unfrozen_visual_sft,True,1.0,1.0,0.5614240357051721,1.0,1.0,1.0,0.817260014877155
61ec98105b6454d1,2021.07.09.15.53.28_veh-38_00184_02293,unfrozen_visual_sft,True,1.0,1.0,0.6105586774815214,1.0,1.0,1.0,0.8377327822839673
6209313b0b66517c,2021.06.23.17.31.36_veh-16_00016_00377,unfrozen_visual_sft,True,1.0,1.0,0.8467641327606511,1.0,1.0,1.0,0.9361517219836046
62292b644c765f2d,2021.07.09.15.53.28_veh-38_00184_02293,unfrozen_visual_sft,True,1.0,1.0,0.7539201087358425,1.0,1.0,0.0,0.8974667119732677
629a2f2a44f6575d,2021.06.23.17.31.36_veh-16_00016_00377,unfrozen_visual_sft,True,1.0,1.0,0.6762412581635407,1.0,1.0,1.0,0.8651005242348088
62eeaae653ad58c0,2021.07.09.15.53.28_veh-38_00184_02293,unfrozen_visual_sft,True,1.0,1.0,1.0,1.0,1.0,1.0,1.0
6312e02de8755c63,2021.10.11.02.57.41_veh-50_01028_01289,unfrozen_visual_sft,True,1.0,1.0,0.8233380615223996,1.0,1.0,1.0,0.9263908589676665
6320ecb991675a39,2021.10.05.08.11.15_veh-50_00437_00585,unfrozen_visual_sft,True,1.0,1.0,0.6756390207963906,1.0,1.0,1.0,0.8648495919984961
6339f2317047535d,2021.06.23.17.31.36_veh-16_00016_00377,unfrozen_visual_sft,True,1.0,1.0,0.8115368690094713,1.0,1.0,0.5,0.921473695420613
633ee0b9bc865394,2021.06.09.12.06.35_veh-35_01164_01494,unfrozen_visual_sft,True,1.0,1.0,0.7706622223738434,1.0,1.0,1.0,0.9044425926557681
635bb611aa9a56e9,2021.06.09.20.26.11_veh-35_00970_01216,unfrozen_visual_sft,True,1.0,1.0,0.6604413137811188,1.0,1.0,1.0,0.8585172140754662
63747a8878bf5f38,2021.06.09.12.51.31_veh-35_01729_02626,unfrozen_visual_sft,True,1.0,1.0,0.5912211070979134,1.0,1.0,1.0,0.8296754612907972
637e5b6294fb5db8,2021.06.09.12.51.31_veh-35_01729_02626,unfrozen_visual_sft,True,1.0,1.0,1.0,1.0,1.0,1.0,1.0
63c8f3d715e85c4f,2021.10.05.08.11.15_veh-50_00437_00585,unfrozen_visual_sft,True,1.0,1.0,0.7478694919933142,1.0,1.0,1.0,0.8949456216638808
63e276d858f35dc0,2021.07.09.15.53.28_veh-38_00184_02293,unfrozen_visual_sft,True,1.0,1.0,0.945537608317972,1.0,1.0,1.0,0.977307336799155
63f9372237ab5b50,2021.10.11.02.57.41_veh-50_01028_01289,unfrozen_visual_sft,True,1.0,1.0,0.6281623281551604,1.0,1.0,1.0,0.8450676367313168
6440483e348d5f99,2021.07.09.20.26.06_veh-35_02793_03289,unfrozen_visual_sft,True,1.0,1.0,1.0,1.0,1.0,1.0,1.0
644b320b4ec559de,2021.07.09.15.53.28_veh-38_00184_02293,unfrozen_visual_sft,True,1.0,1.0,1.0,1.0,1.0,1.0,1.0
64832cd542ba5fbc,2021.07.09.20.26.06_veh-35_02793_03289,unfrozen_visual_sft,True,1.0,1.0,0.8691443023429914,1.0,1.0,1.0,0.9454767926429132
6483af7092d15ada,2021.06.09.12.51.31_veh-35_01729_02626,unfrozen_visual_sft,True,1.0,1.0,1.0,1.0,1.0,1.0,1.0
649ab25cb5fe57ab,2021.06.09.20.26.11_veh-35_00970_01216,unfrozen_visual_sft,True,1.0,1.0,0.8392175410524444,1.0,1.0,1.0,0.9330073087718519
64f48caa82ee547c,2021.06.23.17.31.36_veh-16_00016_00377,unfrozen_visual_sft,True,1.0,1.0,0.8423715113043307,1.0,1.0,1.0,0.9343214630434712
6513ddef308f553f,2021.06.23.17.31.36_veh-16_00016_00377,unfrozen_visual_sft,True,1.0,1.0,1.0,1.0,1.0,1.0,1.0
6524dc3754d95750,2021.07.09.15.53.28_veh-38_00184_02293,unfrozen_visual_sft,True,1.0,1.0,0.891347207974455,1.0,1.0,1.0,0.9547280033226896
6563dc1cfa4f5cce,2021.06.09.20.26.11_veh-35_00970_01216,unfrozen_visual_sft,True,1.0,1.0,0.9211784623642788,1.0,1.0,1.0,0.9671576926517829
65cf5ab5da625c92,2021.07.09.15.53.28_veh-38_00184_02293,unfrozen_visual_sft,True,1.0,1.0,1.0,1.0,1.0,1.0,1.0
65dfcaf9f5ae5544,2021.07.09.15.53.28_veh-38_00184_02293,unfrozen_visual_sft,True,1.0,1.0,0.8201196168625733,1.0,1.0,1.0,0.9250498403594056
65eb702f91da53f9,2021.07.09.20.26.06_veh-35_02793_03289,unfrozen_visual_sft,True,1.0,1.0,1.0,1.0,1.0,1.0,1.0
660a6c8bb9f85c97,2021.06.09.17.23.18_veh-38_01598_01750,unfrozen_visual_sft,True,1.0,1.0,1.0,1.0,1.0,1.0,1.0
6639e46adc8a5387,2021.07.09.15.53.28_veh-38_00184_02293,unfrozen_visual_sft,True,1.0,1.0,1.0,1.0,1.0,1.0,1.0
66817c00a54e53f0,2021.06.09.12.51.31_veh-35_01729_02626,unfrozen_visual_sft,True,1.0,1.0,0.7960262151022409,1.0,1.0,1.0,0.915010922959267
66d11076d8de59c1,2021.07.09.20.26.06_veh-35_02793_03289,unfrozen_visual_sft,True,1.0,1.0,0.8586867313211966,1.0,1.0,1.0,0.9411194713838319
66d20874271b558f,2021.08.31.14.01.15_veh-40_01576_01714,unfrozen_visual_sft,True,1.0,1.0,0.801119308183806,1.0,1.0,1.0,0.9171330450765858
679848c50acb5b02,2021.06.09.12.06.35_veh-35_01164_01494,unfrozen_visual_sft,True,1.0,1.0,1.0,1.0,1.0,1.0,1.0
67a4f804ff5556cb,2021.08.31.11.47.30_veh-40_00919_01000,unfrozen_visual_sft,True,1.0,1.0,0.7945381472017865,1.0,1.0,1.0,0.914390894667411
67b3098372645d8b,2021.10.11.02.57.41_veh-50_01028_01289,unfrozen_visual_sft,True,1.0,1.0,0.6056830553638035,1.0,1.0,1.0,0.8357012730682515
685b63993c6750d7,2021.07.09.15.53.28_veh-38_00184_02293,unfrozen_visual_sft,True,1.0,1.0,1.0,1.0,1.0,1.0,1.0
6860494f3bf55348,2021.07.09.20.26.06_veh-35_02793_03289,unfrozen_visual_sft,True,1.0,1.0,0.8524871765639637,1.0,1.0,1.0,0.9385363235683183
68aeef84783d53ea,2021.07.09.20.26.06_veh-35_02793_03289,unfrozen_visual_sft,True,1.0,1.0,1.0,1.0,1.0,1.0,1.0
68d4c704a0fc5cb7,2021.07.09.15.53.28_veh-38_00184_02293,unfrozen_visual_sft,True,1.0,1.0,1.0,1.0,1.0,1.0,1.0
68d60fd55b6b5436,2021.07.09.15.53.28_veh-38_00184_02293,unfrozen_visual_sft,True,1.0,1.0,0.8128057325794443,1.0,1.0,1.0,0.9220023885747685
694febdb81105aa6,2021.06.09.12.06.35_veh-35_01164_01494,unfrozen_visual_sft,True,1.0,1.0,1.0,1.0,1.0,1.0,1.0
6967bd153dd859aa,2021.07.09.15.53.28_veh-38_00184_02293,unfrozen_visual_sft,True,1.0,1.0,1.0,1.0,1.0,0.0,1.0
6985bce9bf3f5165,2021.07.09.15.53.28_veh-38_00184_02293,unfrozen_visual_sft,True,1.0,1.0,1.0,1.0,1.0,1.0,1.0
69912c13560f5d32,2021.07.09.20.26.06_veh-35_02793_03289,unfrozen_visual_sft,True,1.0,1.0,1.0,1.0,1.0,1.0,1.0
69942d2c55045583,2021.07.09.15.53.28_veh-38_00184_02293,unfrozen_visual_sft,True,1.0,1.0,1.0,1.0,1.0,1.0,1.0
69dc5b99e8495527,2021.07.09.15.53.28_veh-38_00184_02293,unfrozen_visual_sft,True,1.0,1.0,0.9257991264835682,1.0,1.0,1.0,0.9690829693681534
6a0942a7edb6507e,2021.07.16.22.40.23_veh-38_00204_00360,unfrozen_visual_sft,True,1.0,1.0,1.0,1.0,1.0,1.0,1.0
6a2198d9282c54ea,2021.07.09.20.26.06_veh-35_02793_03289,unfrozen_visual_sft,True,1.0,1.0,0.815181886558984,1.0,1.0,1.0,0.92299245273291
6a2c8800bace516a,2021.07.09.15.53.28_veh-38_00184_02293,unfrozen_visual_sft,True,1.0,1.0,0.8939797617004948,1.0,1.0,0.0,0.9558249007085395
6a5e2d6a365e51e3,2021.10.05.07.49.39_veh-52_00770_00905,unfrozen_visual_sft,True,1.0,1.0,1.0,1.0,1.0,1.0,1.0
6a8d143de4885b52,2021.06.09.20.26.11_veh-35_00970_01216,unfrozen_visual_sft,True,1.0,1.0,0.8540763762893843,1.0,1.0,1.0,0.9391984901205768
6a956d4c705d59fa,2021.06.09.12.51.31_veh-35_01729_02626,unfrozen_visual_sft,True,1.0,1.0,0.8140629586512422,1.0,1.0,1.0,0.9225262327713509
6a9a24d0bacf5229,2021.06.09.12.06.35_veh-35_01164_01494,unfrozen_visual_sft,True,1.0,1.0,0.7619765530783826,1.0,1.0,1.0,0.9008235637826595
6a9bb2303a4c5c72,2021.08.31.11.47.30_veh-40_00919_01000,unfrozen_visual_sft,True,1.0,1.0,0.6687373612669785,1.0,1.0,1.0,0.8619739005279077
6aaddfb6748e5902,2021.07.09.15.53.28_veh-38_00184_02293,unfrozen_visual_sft,True,1.0,1.0,1.0,1.0,1.0,1.0,1.0
6b0342e0299e53b5,2021.07.09.15.53.28_veh-38_00184_02293,unfrozen_visual_sft,True,1.0,1.0,1.0,1.0,1.0,1.0,1.0
6b0d235a84a556ac,2021.07.09.15.53.28_veh-38_00184_02293,unfrozen_visual_sft,True,1.0,1.0,0.8456382057029087,1.0,1.0,1.0,0.9356825857095453
6b309e6010535fcc,2021.07.09.20.26.06_veh-35_02793_03289,unfrozen_visual_sft,True,1.0,1.0,0.9237273471457063,1.0,1.0,1.0,0.9682197279773775
6bb2613a221e5fc8,2021.08.31.11.47.30_veh-40_00919_01000,unfrozen_visual_sft,True,1.0,1.0,1.0,1.0,1.0,1.0,1.0
6bd9815c03125877,2021.10.11.02.57.41_veh-50_02155_02265,unfrozen_visual_sft,True,1.0,1.0,0.7057506232688593,1.0,1.0,1.0,0.8773960930286914
6c00f7eb11a35083,2021.10.11.02.57.41_veh-50_02155_02265,unfrozen_visual_sft,True,1.0,1.0,0.6829484324975429,1.0,1.0,1.0,0.8678951802073095
6c14868b34cd5cbf,2021.07.09.15.53.28_veh-38_00184_02293,unfrozen_visual_sft,True,1.0,1.0,1.0,1.0,1.0,1.0,1.0
6c4e378311d55950,2021.07.09.15.53.28_veh-38_00184_02293,unfrozen_visual_sft,True,1.0,1.0,0.8967175653282721,1.0,1.0,1.0,0.9569656522201134
6c96474a9c865359,2021.10.05.08.11.15_veh-50_00437_00585,unfrozen_visual_sft,True,1.0,1.0,0.7153146030084003,1.0,1.0,1.0,0.8813810845868334
6ce1ef9b8d515884,2021.10.11.02.57.41_veh-50_02155_02265,unfrozen_visual_sft,True,1.0,1.0,0.5488089125569413,1.0,1.0,1.0,0.8120037135653922
6d00b13ae44d54a2,2021.07.09.20.26.06_veh-35_02793_03289,unfrozen_visual_sft,True,1.0,1.0,1.0,1.0,1.0,1.0,1.0
6d041be110a95545,2021.07.09.15.53.28_veh-38_00184_02293,unfrozen_visual_sft,True,1.0,1.0,1.0,0.0,1.0,1.0,0.5833333333333334
6d44fd636c0953ad,2021.07.09.15.53.28_veh-38_00184_02293,unfrozen_visual_sft,True,1.0,1.0,0.6848982481556969,1.0,1.0,1.0,0.8687076033982071
6d8cdad401125079,2021.07.09.15.53.28_veh-38_00184_02293,unfrozen_visual_sft,True,1.0,1.0,0.8838012075806669,1.0,1.0,1.0,0.9515838364919446
6d9f1b3847705ce1,2021.07.09.20.26.06_veh-35_02793_03289,unfrozen_visual_sft,True,1.0,1.0,0.8172411904266746,1.0,1.0,1.0,0.9238504960111144
6da35526f29f550a,2021.07.09.20.26.06_veh-35_02793_03289,unfrozen_visual_sft,True,1.0,1.0,1.0,1.0,1.0,1.0,1.0
6db0c73631c555b0,2021.07.09.15.53.28_veh-38_00184_02293,unfrozen_visual_sft,True,1.0,1.0,0.9489804474680629,1.0,1.0,1.0,0.9787418531116928
6dc4975ee9915cb2,2021.07.09.15.53.28_veh-38_00184_02293,unfrozen_visual_sft,True,1.0,1.0,1.0,1.0,1.0,1.0,1.0
6dee7c049737527b,2021.07.09.15.53.28_veh-38_00184_02293,unfrozen_visual_sft,True,1.0,1.0,0.8059495032121665,1.0,1.0,1.0,0.9191456263384028
6e2af7ec92495e06,2021.07.09.20.26.06_veh-35_02793_03289,unfrozen_visual_sft,True,1.0,1.0,0.8413665288538655,1.0,1.0,1.0,0.9339027203557774
6e52df2cd43c5bca,2021.07.09.15.53.28_veh-38_00184_02293,unfrozen_visual_sft,True,1.0,1.0,1.0,1.0,1.0,1.0,1.0
6e8c5b6b0aaf5f6d,2021.07.09.15.53.28_veh-38_00184_02293,unfrozen_visual_sft,True,1.0,1.0,1.0,1.0,1.0,1.0,1.0
6ee8095e2d8b599c,2021.06.09.12.06.35_veh-35_01164_01494,unfrozen_visual_sft,True,1.0,1.0,0.9474624437148633,1.0,1.0,1.0,0.9781093515478597
6ef77d4b725a5cf4,2021.10.05.08.11.15_veh-50_00437_00585,unfrozen_visual_sft,True,1.0,1.0,0.6073279419827088,1.0,1.0,1.0,0.8363866424927954
6f26763a3a8859a9,2021.06.09.12.51.31_veh-35_01729_02626,unfrozen_visual_sft,True,1.0,1.0,1.0,1.0,1.0,1.0,1.0
6f2d8e1d48865f32,2021.07.09.15.53.28_veh-38_00184_02293,unfrozen_visual_sft,True,1.0,1.0,0.7340281684089749,1.0,1.0,1.0,0.8891784035037396
6f4f64fd1b145598,2021.07.09.15.53.28_veh-38_00184_02293,unfrozen_visual_sft,True,1.0,1.0,0.6072141340941529,1.0,1.0,1.0,0.8363392225392303
6f6d3439591151c0,2021.06.09.12.06.35_veh-35_01164_01494,unfrozen_visual_sft,True,1.0,1.0,1.0,1.0,1.0,1.0,1.0
6fcb034448195e87,2021.06.09.12.06.35_veh-35_01164_01494,unfrozen_visual_sft,True,1.0,1.0,0.8838745177290727,1.0,1.0,1.0,0.9516143823871136
6fdf0151dd905608,2021.07.09.15.53.28_veh-38_00184_02293,unfrozen_visual_sft,True,1.0,1.0,1.0,1.0,1.0,1.0,1.0
6fe8c6e82de65156,2021.07.09.15.53.28_veh-38_00184_02293,unfrozen_visual_sft,True,1.0,1.0,1.0,1.0,1.0,1.0,1.0
701c62d42cdf5cfa,2021.07.09.15.53.28_veh-38_00184_02293,unfrozen_visual_sft,True,1.0,1.0,0.6491576801337661,1.0,1.0,1.0,0.8538157000557359
7020151396535655,2021.08.31.14.01.15_veh-40_01576_01714,unfrozen_visual_sft,True,1.0,1.0,1.0,1.0,1.0,1.0,1.0
703f27b09d325c11,2021.06.09.12.06.35_veh-35_01164_01494,unfrozen_visual_sft,True,1.0,1.0,0.9352287228122788,1.0,1.0,1.0,0.9730119678384495
7081f406cf8352ad,2021.10.05.07.49.39_veh-52_00770_00905,unfrozen_visual_sft,True,1.0,1.0,0.7634735885093027,1.0,1.0,1.0,0.9014473285455429
70c37dde93f25c64,2021.06.09.12.06.35_veh-35_01164_01494,unfrozen_visual_sft,True,1.0,1.0,0.9210852012663845,1.0,1.0,1.0,0.9671188338609934
710c63523d4d5e05,2021.06.23.17.31.36_veh-16_00016_00377,unfrozen_visual_sft,True,1.0,1.0,1.0,1.0,1.0,1.0,1.0
71e6ee340d1756fd,2021.06.09.12.51.31_veh-35_01729_02626,unfrozen_visual_sft,True,1.0,1.0,0.9163075989156054,1.0,1.0,1.0,0.9651281662148357
71e9fdd5d6315495,2021.07.09.20.26.06_veh-35_02793_03289,unfrozen_visual_sft,True,1.0,1.0,1.0,1.0,1.0,1.0,1.0
7221a77c5d955445,2021.07.09.15.53.28_veh-38_00184_02293,unfrozen_visual_sft,True,1.0,1.0,1.0,1.0,1.0,1.0,1.0
723350e0feb75963,2021.07.09.15.53.28_veh-38_00184_02293,unfrozen_visual_sft,True,1.0,1.0,1.0,1.0,1.0,1.0,1.0
7293733a32625ec6,2021.07.09.15.53.28_veh-38_00184_02293,unfrozen_visual_sft,True,1.0,1.0,1.0,1.0,1.0,1.0,1.0
729f4b4121e35124,2021.07.09.20.26.06_veh-35_02793_03289,unfrozen_visual_sft,True,1.0,1.0,0.8053276798139034,1.0,1.0,1.0,0.9188865332557931
72ba153a1fc059c6,2021.06.09.12.06.35_veh-35_01164_01494,unfrozen_visual_sft,True,1.0,1.0,0.9287973759312549,1.0,1.0,1.0,0.9703322399713562
72ca346213465d94,2021.10.05.07.49.39_veh-52_00770_00905,unfrozen_visual_sft,True,1.0,1.0,0.6852187169297245,1.0,1.0,1.0,0.8688411320540519
72ebf07a88b25937,2021.10.05.08.11.15_veh-50_00437_00585,unfrozen_visual_sft,True,1.0,1.0,0.8530297150991546,1.0,1.0,1.0,0.9387623812913143
72fc5c8b771758fd,2021.06.09.12.51.31_veh-35_01729_02626,unfrozen_visual_sft,True,1.0,1.0,0.9679634579067072,1.0,1.0,1.0,0.9866514407944612
7307e312a7755908,2021.10.05.08.11.15_veh-50_00437_00585,unfrozen_visual_sft,True,1.0,1.0,0.7339035231458979,1.0,1.0,1.0,0.8891264679774574
73197a1a03715a15,2021.07.09.15.53.28_veh-38_00184_02293,unfrozen_visual_sft,True,1.0,1.0,1.0,1.0,1.0,0.0,1.0
7372d89535355cb2,2021.08.31.14.01.15_veh-40_01576_01714,unfrozen_visual_sft,True,1.0,1.0,1.0,1.0,1.0,1.0,1.0
7385fa0f1ebf5356,2021.06.23.17.31.36_veh-16_00016_00377,unfrozen_visual_sft,True,1.0,1.0,0.9545630678034039,1.0,1.0,1.0,0.9810679449180849
73aa5ff963e656f6,2021.07.09.15.53.28_veh-38_00184_02293,unfrozen_visual_sft,True,1.0,1.0,1.0,1.0,1.0,1.0,1.0
73d1214a1454592d,2021.07.09.15.53.28_veh-38_00184_02293,unfrozen_visual_sft,True,1.0,1.0,0.9672827122752814,1.0,1.0,1.0,0.9863677967813672
73fc68b82f045907,2021.10.11.02.57.41_veh-50_02155_02265,unfrozen_visual_sft,True,1.0,1.0,0.7590627195872776,1.0,1.0,1.0,0.8996094664946991
7412988f410e545d,2021.06.09.12.51.31_veh-35_01729_02626,unfrozen_visual_sft,True,1.0,1.0,0.7785492510926602,1.0,1.0,1.0,0.9077288546219417
741b40508f9c539f,2021.06.09.12.51.31_veh-35_01729_02626,unfrozen_visual_sft,True,1.0,1.0,0.8491635042699845,1.0,1.0,1.0,0.9371514601124936
7470512d36f45c26,2021.07.09.20.26.06_veh-35_02793_03289,unfrozen_visual_sft,True,1.0,1.0,0.8013686603709522,1.0,1.0,1.0,0.9172369418212302
74c5a4e255b950f7,2021.06.09.12.06.35_veh-35_01164_01494,unfrozen_visual_sft,True,1.0,1.0,0.937618764747689,1.0,1.0,1.0,0.9740078186448704
74e93b471c195803,2021.07.09.15.53.28_veh-38_00184_02293,unfrozen_visual_sft,True,1.0,1.0,1.0,1.0,1.0,1.0,1.0
74f9e35f089d523a,2021.07.09.20.26.06_veh-35_02793_03289,unfrozen_visual_sft,True,1.0,1.0,1.0,1.0,1.0,1.0,1.0
74ff8f6a618a5f9b,2021.07.09.15.53.28_veh-38_00184_02293,unfrozen_visual_sft,True,1.0,1.0,1.0,1.0,1.0,1.0,1.0
7500c2c37cbb5228,2021.07.09.15.53.28_veh-38_00184_02293,unfrozen_visual_sft,True,1.0,1.0,1.0,1.0,1.0,1.0,1.0
7502b22480435c30,2021.10.05.07.49.39_veh-52_00770_00905,unfrozen_visual_sft,True,1.0,1.0,0.7813190348504412,1.0,1.0,1.0,0.9088829311876839
7567becdd4005b0b,2021.06.23.17.31.36_veh-16_00016_00377,unfrozen_visual_sft,True,1.0,1.0,0.7699274953239054,1.0,1.0,1.0,0.9041364563849607
756a836fafd05442,2021.10.05.08.11.15_veh-50_00437_00585,unfrozen_visual_sft,True,1.0,1.0,0.8791124415865422,1.0,1.0,1.0,0.9496301839943926
758251c429055016,2021.07.09.15.53.28_veh-38_00184_02293,unfrozen_visual_sft,True,1.0,1.0,0.6778284091710491,1.0,1.0,1.0,0.8657618371546038
75981c1acbe65a34,2021.07.09.20.26.06_veh-35_02793_03289,unfrozen_visual_sft,True,1.0,1.0,0.797470508185049,1.0,1.0,1.0,0.9156127117437705
75bbe59a5d305a53,2021.07.09.15.53.28_veh-38_00184_02293,unfrozen_visual_sft,True,1.0,1.0,1.0,1.0,1.0,1.0,1.0
75c6224df9b25b6d,2021.10.11.02.57.41_veh-50_02155_02265,unfrozen_visual_sft,True,1.0,1.0,0.7358323969154789,1.0,1.0,1.0,0.8899301653814495
75eb624e2c925f13,2021.07.09.15.53.28_veh-38_00184_02293,unfrozen_visual_sft,True,1.0,1.0,1.0,1.0,1.0,1.0,1.0
7616cee0eba15c75,2021.10.11.02.57.41_veh-50_01028_01289,unfrozen_visual_sft,True,1.0,1.0,0.7086715547782844,1.0,1.0,1.0,0.8786131478242852
763904a315b357a8,2021.07.09.15.53.28_veh-38_00184_02293,unfrozen_visual_sft,True,1.0,1.0,0.8931801802197583,1.0,1.0,1.0,0.9554917417582326
7639e630e475517c,2021.06.09.12.51.31_veh-35_01729_02626,unfrozen_visual_sft,True,1.0,1.0,1.0,1.0,1.0,1.0,1.0
76e33b04a2e55b65,2021.06.09.12.51.31_veh-35_01729_02626,unfrozen_visual_sft,True,1.0,1.0,1.0,1.0,1.0,1.0,1.0
76f38770875550d4,2021.10.11.02.57.41_veh-50_01028_01289,unfrozen_visual_sft,True,1.0,1.0,0.6510566801432304,1.0,1.0,1.0,0.8546069500596793
770cf5148b3353a3,2021.10.05.08.11.15_veh-50_00437_00585,unfrozen_visual_sft,True,1.0,1.0,0.7397826852511818,1.0,1.0,1.0,0.8915761188546591
7729a0ce4e7e5c40,2021.07.09.15.53.28_veh-38_00184_02293,unfrozen_visual_sft,True,1.0,1.0,1.0,1.0,1.0,1.0,1.0
7738bbe3ec2b5787,2021.07.09.15.53.28_veh-38_00184_02293,unfrozen_visual_sft,True,1.0,1.0,1.0,1.0,1.0,1.0,1.0
774923d838b959cd,2021.07.09.20.26.06_veh-35_02793_03289,unfrozen_visual_sft,True,1.0,1.0,0.8467551200522377,1.0,1.0,1.0,0.9361479666884325
774f3eae89d35589,2021.10.11.02.57.41_veh-50_01028_01289,unfrozen_visual_sft,True,1.0,1.0,0.6210079961276975,1.0,1.0,1.0,0.8420866650532073
7768af5461fb5dab,2021.10.11.02.57.41_veh-50_02155_02265,unfrozen_visual_sft,True,1.0,1.0,0.7333134256643625,1.0,1.0,1.0,0.8888805940268177
77a62006cb995aa7,2021.06.23.17.31.36_veh-16_00016_00377,unfrozen_visual_sft,True,1.0,1.0,1.0,1.0,1.0,1.0,1.0
77d22252c36859d2,2021.06.09.12.51.31_veh-35_01729_02626,unfrozen_visual_sft,True,1.0,1.0,1.0,1.0,1.0,1.0,1.0
77f9f0c203cb5048,2021.08.31.11.47.30_veh-40_00919_01000,unfrozen_visual_sft,True,1.0,1.0,0.7727554034228626,1.0,1.0,1.0,0.9053147514261927
786c7d0f495e5b08,2021.06.09.12.51.31_veh-35_01729_02626,unfrozen_visual_sft,True,1.0,1.0,0.7989347962525921,1.0,1.0,1.0,0.9162228317719133
78bd4a0ea3e35682,2021.06.09.12.06.35_veh-35_01164_01494,unfrozen_visual_sft,True,1.0,1.0,1.0,1.0,1.0,1.0,1.0
78f97b6c3427524b,2021.07.09.15.53.28_veh-38_00184_02293,unfrozen_visual_sft,True,1.0,1.0,1.0,1.0,1.0,1.0,1.0
78f9d78599da56f0,2021.06.09.14.50.36_veh-26_02826_02955,unfrozen_visual_sft,True,1.0,1.0,1.0,1.0,1.0,1.0,1.0
790e1bf672715bf1,2021.10.11.02.57.41_veh-50_02155_02265,unfrozen_visual_sft,True,1.0,1.0,0.7602098024277175,1.0,1.0,1.0,0.9000874176782157
790f41b0bd3f51ea,2021.10.11.02.57.41_veh-50_02155_02265,unfrozen_visual_sft,True,1.0,1.0,0.7159316612518126,1.0,1.0,1.0,0.8816381921882552
792875d97ce5574d,2021.10.11.02.57.41_veh-50_01028_01289,unfrozen_visual_sft,True,1.0,1.0,0.5827452370925102,1.0,1.0,1.0,0.8261438487885459
79433fe543ae5e50,2021.10.05.07.49.39_veh-52_00770_00905,unfrozen_visual_sft,True,1.0,1.0,0.7497192191285972,1.0,1.0,1.0,0.8957163413035821
7948de3a2d2a55ef,2021.07.09.15.53.28_veh-38_00184_02293,unfrozen_visual_sft,True,1.0,1.0,1.0,1.0,1.0,1.0,1.0
796da6bb8d1d553f,2021.07.09.20.26.06_veh-35_02793_03289,unfrozen_visual_sft,True,1.0,1.0,1.0,1.0,1.0,1.0,1.0
7980f7ce6e085a30,2021.06.09.12.51.31_veh-35_01729_02626,unfrozen_visual_sft,True,1.0,1.0,1.0,1.0,1.0,1.0,1.0
798e9edbcfd65aa8,2021.07.09.15.53.28_veh-38_00184_02293,unfrozen_visual_sft,True,1.0,1.0,0.8342795461862685,1.0,1.0,1.0,0.9309498109109452
79a0bda4d6df5e2a,2021.07.09.15.53.28_veh-38_00184_02293,unfrozen_visual_sft,True,1.0,1.0,0.740054687380359,1.0,1.0,0.0,0.8916894530751497
79bc073387755a35,2021.06.23.17.31.36_veh-16_00016_00377,unfrozen_visual_sft,True,1.0,1.0,1.0,1.0,1.0,1.0,1.0
79bd7ba72d985b0b,2021.06.23.17.31.36_veh-16_00016_00377,unfrozen_visual_sft,True,1.0,1.0,0.8338734106412812,1.0,1.0,1.0,0.9307805877672005
79ec50c2dd9352bb,2021.06.23.17.31.36_veh-16_00016_00377,unfrozen_visual_sft,True,1.0,1.0,1.0,1.0,1.0,1.0,1.0
7a02eea9dbd0517b,2021.07.09.15.53.28_veh-38_00184_02293,unfrozen_visual_sft,True,1.0,1.0,1.0,1.0,1.0,1.0,1.0
7a430a9945055acd,2021.07.09.15.53.28_veh-38_00184_02293,unfrozen_visual_sft,True,1.0,1.0,0.9300270313252949,1.0,1.0,1.0,0.9708445963855395
7a569fbddc2e53ed,2021.07.09.15.53.28_veh-38_00184_02293,unfrozen_visual_sft,True,1.0,1.0,0.9995732789660552,1.0,1.0,1.0,0.9998221995691896
7a6d02ce41635a31,2021.06.23.17.31.36_veh-16_00016_00377,unfrozen_visual_sft,True,1.0,1.0,0.8477181327586041,1.0,1.0,1.0,0.9365492219827517
7ac722bce1da568e,2021.10.05.07.49.39_veh-52_00770_00905,unfrozen_visual_sft,True,1.0,1.0,0.7309551899099879,1.0,1.0,1.0,0.8878979957958283
7b3a98e80f525533,2021.07.09.15.53.28_veh-38_00184_02293,unfrozen_visual_sft,True,1.0,1.0,1.0,1.0,1.0,1.0,1.0
7b7291b626f753ae,2021.06.09.12.51.31_veh-35_01729_02626,unfrozen_visual_sft,True,1.0,1.0,0.8052512263717494,1.0,1.0,1.0,0.9188546776548957
7b7c4d1e5ec95f17,2021.07.09.15.53.28_veh-38_00184_02293,unfrozen_visual_sft,True,1.0,1.0,1.0,1.0,1.0,1.0,1.0
7b81b7c982e35adc,2021.07.09.15.53.28_veh-38_00184_02293,unfrozen_visual_sft,True,1.0,1.0,0.8836886550888037,1.0,1.0,1.0,0.9515369396203349
7ba1003726915e44,2021.07.09.20.26.06_veh-35_02793_03289,unfrozen_visual_sft,True,1.0,1.0,0.8395371389430429,1.0,1.0,1.0,0.9331404745596013
7bf70bd17e9255b7,2021.06.09.17.23.18_veh-38_01598_01750,unfrozen_visual_sft,True,1.0,1.0,1.0,1.0,1.0,1.0,1.0
7c1389a3e4a55975,2021.10.11.02.57.41_veh-50_02155_02265,unfrozen_visual_sft,True,1.0,1.0,0.6592147457974811,1.0,1.0,1.0,0.8580061440822838
7c31c611152b5a9c,2021.10.11.02.57.41_veh-50_01028_01289,unfrozen_visual_sft,True,1.0,1.0,0.6352392870633826,1.0,1.0,1.0,0.8480163696097428
7c43ce4287c252da,2021.06.09.20.26.11_veh-35_00970_01216,unfrozen_visual_sft,True,1.0,1.0,1.0,1.0,1.0,1.0,1.0
7cd693b8880c55b6,2021.07.09.15.53.28_veh-38_00184_02293,unfrozen_visual_sft,True,1.0,1.0,0.9848492970004972,1.0,1.0,1.0,0.9936872070835405
7cf3f478246b5da6,2021.10.05.08.11.15_veh-50_00437_00585,unfrozen_visual_sft,True,1.0,1.0,0.5984674194580781,1.0,1.0,1.0,0.8326947581075327
7cfc59f9673752c1,2021.07.09.15.53.28_veh-38_00184_02293,unfrozen_visual_sft,True,1.0,1.0,0.7849312350885834,1.0,1.0,1.0,0.9103880146202431
7d045ced792f563a,2021.08.31.14.01.15_veh-40_01576_01714,unfrozen_visual_sft,True,1.0,1.0,0.964914182051634,1.0,1.0,1.0,0.9853809091881809
7d14dc9e1394504c,2021.06.09.12.06.35_veh-35_01164_01494,unfrozen_visual_sft,True,1.0,1.0,1.0,1.0,1.0,1.0,1.0
7d18e654da9b5ecf,2021.07.09.15.53.28_veh-38_00184_02293,unfrozen_visual_sft,True,1.0,1.0,0.9515009970610637,1.0,1.0,1.0,0.9797920821087766
7d61f2ab3a145a20,2021.08.31.11.47.30_veh-40_00919_01000,unfrozen_visual_sft,True,1.0,1.0,1.0,1.0,1.0,1.0,1.0
7d838c40752e5080,2021.06.09.12.51.31_veh-35_01729_02626,unfrozen_visual_sft,True,1.0,1.0,1.0,1.0,1.0,1.0,1.0
7da65eef431c5831,2021.07.09.15.53.28_veh-38_00184_02293,unfrozen_visual_sft,True,1.0,1.0,0.7889204627659494,1.0,1.0,1.0,0.9120501928191457
7dab96d0e7725a9f,2021.06.09.12.51.31_veh-35_01729_02626,unfrozen_visual_sft,True,1.0,1.0,0.8721321914470991,1.0,1.0,1.0,0.9467217464362913
7dadf9fcee2e587d,2021.07.09.15.53.28_veh-38_00184_02293,unfrozen_visual_sft,True,1.0,1.0,0.5776552845560832,1.0,1.0,1.0,0.8240230352317014
7dc37d18911457a8,2021.06.09.12.06.35_veh-35_01164_01494,unfrozen_visual_sft,True,1.0,1.0,0.7838145455884475,1.0,1.0,1.0,0.9099227273285199
7e02b53ea6ba556a,2021.10.01.17.52.06_veh-28_01141_01264,unfrozen_visual_sft,True,1.0,1.0,0.9244409140390738,1.0,1.0,1.0,0.9685170475162806
7e11df067a735f04,2021.07.09.15.53.28_veh-38_00184_02293,unfrozen_visual_sft,True,1.0,1.0,1.0,1.0,1.0,1.0,1.0
7e1afa248931544e,2021.08.31.14.01.15_veh-40_01576_01714,unfrozen_visual_sft,True,1.0,1.0,0.932323619469556,1.0,1.0,1.0,0.971801508112315
7e2c3c2ef5e05b19,2021.06.09.12.51.31_veh-35_01729_02626,unfrozen_visual_sft,True,1.0,1.0,1.0,1.0,1.0,1.0,1.0
7e58a63ae5da5a38,2021.07.09.15.53.28_veh-38_00184_02293,unfrozen_visual_sft,True,1.0,1.0,1.0,1.0,1.0,1.0,1.0
7e64dd02b985526f,2021.07.09.15.53.28_veh-38_00184_02293,unfrozen_visual_sft,True,1.0,1.0,0.9987475551704266,1.0,1.0,1.0,0.9994781479876776
7e664b90d195584d,2021.06.09.12.06.35_veh-35_01164_01494,unfrozen_visual_sft,True,1.0,1.0,0.9556740460178659,1.0,1.0,1.0,0.9815308525074441
7e682022c639513c,2021.06.09.12.06.35_veh-35_01164_01494,unfrozen_visual_sft,True,1.0,1.0,1.0,1.0,1.0,1.0,1.0
7eb6beaba2e45001,2021.10.11.02.57.41_veh-50_01028_01289,unfrozen_visual_sft,True,1.0,1.0,0.7386475142143369,1.0,1.0,1.0,0.8911031309226404
7eb9806c2ac25fd6,2021.06.09.12.06.35_veh-35_01164_01494,unfrozen_visual_sft,True,1.0,1.0,1.0,1.0,1.0,1.0,1.0
7f12e4a7eb7e51c7,2021.10.01.17.52.06_veh-28_01141_01264,unfrozen_visual_sft,True,1.0,1.0,0.7592736880518545,1.0,1.0,1.0,0.899697370021606
7f5714fc26bb599b,2021.06.09.12.51.31_veh-35_01729_02626,unfrozen_visual_sft,True,1.0,1.0,0.5580865033411008,1.0,1.0,1.0,0.8158693763921253
7f7a0a36daf65495,2021.10.05.07.49.39_veh-52_00770_00905,unfrozen_visual_sft,True,1.0,1.0,0.7539242146552686,1.0,1.0,1.0,0.8974684227730286
7f7fa83384215a69,2021.10.05.07.49.39_veh-52_00770_00905,unfrozen_visual_sft,True,1.0,1.0,0.6594406503852616,1.0,1.0,1.0,0.8581002709938591
7f8be3abc0f45edf,2021.10.05.08.11.15_veh-50_00437_00585,unfrozen_visual_sft,True,1.0,1.0,0.5243358905912381,1.0,1.0,1.0,0.8018066210796825
7f8f1f6b90575d91,2021.10.11.02.57.41_veh-50_02155_02265,unfrozen_visual_sft,True,1.0,1.0,0.6088746816222828,1.0,1.0,1.0,0.8370311173426178
7fd6309dcdaf525e,2021.07.09.20.26.06_veh-35_02793_03289,unfrozen_visual_sft,True,1.0,1.0,1.0,1.0,1.0,1.0,1.0
7fe5d84bbda651fd,2021.07.09.15.53.28_veh-38_00184_02293,unfrozen_visual_sft,True,1.0,1.0,0.9550131869440477,1.0,1.0,1.0,0.9812554945600199
8002902e2efe5c94,2021.10.11.02.57.41_veh-50_02155_02265,unfrozen_visual_sft,True,1.0,1.0,0.5796269957138214,1.0,1.0,1.0,0.8248445815474256
802050c72cc255d3,2021.06.09.17.23.18_veh-38_01598_01750,unfrozen_visual_sft,True,1.0,1.0,1.0,1.0,1.0,1.0,1.0
80538e78e0805e93,2021.07.09.15.53.28_veh-38_00184_02293,unfrozen_visual_sft,True,1.0,1.0,0.8232858469641466,1.0,1.0,1.0,0.9263691029017278
80725ea45ed953a5,2021.06.09.20.26.11_veh-35_00970_01216,unfrozen_visual_sft,True,1.0,1.0,1.0,1.0,1.0,1.0,1.0
807c9c96f42c597d,2021.10.11.02.57.41_veh-50_02155_02265,unfrozen_visual_sft,True,1.0,1.0,0.6402257590496817,1.0,1.0,1.0,0.8500940662707007
80c1301aa1ca5378,2021.07.09.15.53.28_veh-38_00184_02293,unfrozen_visual_sft,True,1.0,1.0,0.8994661482486052,1.0,1.0,1.0,0.9581108951035855
8138d3f674fd5b1f,2021.06.09.20.26.11_veh-35_00970_01216,unfrozen_visual_sft,True,1.0,1.0,1.0,1.0,1.0,1.0,1.0
8156a66cbc595259,2021.07.16.22.40.23_veh-38_00204_00360,unfrozen_visual_sft,True,1.0,1.0,1.0,1.0,1.0,1.0,1.0
824fe1c7968256ab,2021.07.09.15.53.28_veh-38_00184_02293,unfrozen_visual_sft,True,1.0,1.0,0.522373552818165,1.0,1.0,1.0,0.800988980340902
8264721b29a65296,2021.06.09.12.51.31_veh-35_01729_02626,unfrozen_visual_sft,True,1.0,1.0,1.0,1.0,1.0,1.0,1.0
827867f4641c53b6,2021.06.09.12.51.31_veh-35_01729_02626,unfrozen_visual_sft,True,1.0,1.0,1.0,1.0,1.0,1.0,1.0
83422f60bebd506c,2021.10.05.07.49.39_veh-52_00770_00905,unfrozen_visual_sft,True,1.0,1.0,0.7733824488749654,1.0,1.0,1.0,0.905576020364569
8381aa53dbb55c90,2021.06.09.12.06.35_veh-35_01164_01494,unfrozen_visual_sft,True,1.0,1.0,0.8637502756205307,1.0,1.0,1.0,0.9432292815085545
8393b89f1fbd56fc,2021.07.09.20.26.06_veh-35_02793_03289,unfrozen_visual_sft,True,1.0,1.0,0.8588955484652459,1.0,1.0,1.0,0.9412064785271858
83a393796b2e57df,2021.07.09.15.53.28_veh-38_00184_02293,unfrozen_visual_sft,True,1.0,1.0,0.9424930120218353,1.0,1.0,1.0,0.976038755009098
83bc7727c42c5a0f,2021.10.05.07.49.39_veh-52_00770_00905,unfrozen_visual_sft,True,1.0,1.0,0.7953469406732069,1.0,1.0,1.0,0.9147278919471695
83cbc1063ce1591d,2021.10.11.02.57.41_veh-50_02155_02265,unfrozen_visual_sft,True,1.0,1.0,0.6999689049349341,1.0,1.0,1.0,0.8749870437228893
83d4827aebe85832,2021.10.05.08.11.15_veh-50_00437_00585,unfrozen_visual_sft,True,1.0,1.0,0.6015202465361861,1.0,1.0,1.0,0.8339667693900775
83dc2afeb98950a4,2021.10.11.02.57.41_veh-50_02155_02265,unfrozen_visual_sft,True,1.0,1.0,0.6907719397274313,1.0,1.0,1.0,0.8711549748864297
8469b20e06015317,2021.07.09.15.53.28_veh-38_00184_02293,unfrozen_visual_sft,True,1.0,1.0,0.8457756157889116,1.0,1.0,1.0,0.9357398399120465
84b9bc99160c578f,2021.10.05.08.11.15_veh-50_00437_00585,unfrozen_visual_sft,True,1.0,1.0,0.775962093190171,1.0,1.0,1.0,0.9066508721625711
84da0c13f98e58e9,2021.06.09.12.51.31_veh-35_01729_02626,unfrozen_visual_sft,True,1.0,1.0,0.8479837203744798,1.0,1.0,1.0,0.9366598834893666
84ec0e32bbf45061,2021.07.09.15.53.28_veh-38_00184_02293,unfrozen_visual_sft,True,1.0,1.0,0.745364086249467,1.0,1.0,1.0,0.8939017026039445
85288108bac2504f,2021.06.23.17.31.36_veh-16_00016_00377,unfrozen_visual_sft,True,1.0,1.0,1.0,1.0,1.0,1.0,1.0
85b84f9120225591,2021.07.09.15.53.28_veh-38_00184_02293,unfrozen_visual_sft,True,1.0,1.0,0.6025473960687262,1.0,1.0,1.0,0.8343947483619693
85d8f4b6752152e2,2021.10.05.07.49.39_veh-52_00770_00905,unfrozen_visual_sft,True,1.0,1.0,0.741744949439468,1.0,1.0,1.0,0.8923937289331118
860685d975df5da5,2021.07.09.15.53.28_veh-38_00184_02293,unfrozen_visual_sft,True,1.0,1.0,0.9560292688420396,1.0,1.0,1.0,0.9816788620175165
863019d9f09155f7,2021.06.23.17.31.36_veh-16_00016_00377,unfrozen_visual_sft,True,1.0,1.0,0.9183246475380856,1.0,1.0,1.0,0.965968603140869
8672b0d007fa5c49,2021.08.31.11.47.30_veh-40_00919_01000,unfrozen_visual_sft,True,1.0,1.0,0.8396103369315849,1.0,1.0,1.0,0.9331709737214937
86a9ef645f195f81,2021.10.11.02.57.41_veh-50_02155_02265,unfrozen_visual_sft,True,1.0,1.0,0.7089089288412997,1.0,1.0,1.0,0.878712053683875
86ac4c5dc3e756cf,2021.10.05.07.49.39_veh-52_00770_00905,unfrozen_visual_sft,True,1.0,1.0,0.9376379131929403,1.0,1.0,1.0,0.9740157971637252
8708f5ee85ca50b1,2021.10.11.02.57.41_veh-50_02155_02265,unfrozen_visual_sft,True,1.0,1.0,0.7461318759916271,1.0,1.0,1.0,0.8942216149965113
870cb529ffac50e0,2021.06.09.20.26.11_veh-35_00970_01216,unfrozen_visual_sft,True,1.0,1.0,0.7631336067855794,1.0,1.0,1.0,0.9013056694939915
872380f71a9f5c73,2021.08.31.14.01.15_veh-40_01576_01714,unfrozen_visual_sft,True,1.0,1.0,1.0,1.0,1.0,1.0,1.0
872ae71c24805cd8,2021.10.11.02.57.41_veh-50_01028_01289,unfrozen_visual_sft,True,1.0,1.0,0.6907253043875097,1.0,1.0,1.0,0.8711355434947956
874a3a4f7582531d,2021.06.23.17.31.36_veh-16_00016_00377,unfrozen_visual_sft,True,1.0,1.0,1.0,1.0,1.0,1.0,1.0
87516e1eaafc5107,2021.10.05.08.11.15_veh-50_00437_00585,unfrozen_visual_sft,True,1.0,1.0,0.8463953344193217,1.0,1.0,1.0,0.9359980560080506
876d2dd881f55f91,2021.10.05.07.49.39_veh-52_00770_00905,unfrozen_visual_sft,True,1.0,1.0,0.6666387377715832,1.0,1.0,1.0,0.861099474071493
877ca71cd9ac5b59,2021.08.31.11.47.30_veh-40_00919_01000,unfrozen_visual_sft,True,1.0,1.0,0.8532844433128551,1.0,1.0,1.0,0.938868518047023
878debfff51656dc,2021.07.09.15.53.28_veh-38_00184_02293,unfrozen_visual_sft,True,1.0,1.0,1.0,1.0,1.0,1.0,1.0
87c7d995609e51c9,2021.10.05.07.49.39_veh-52_00770_00905,unfrozen_visual_sft,True,1.0,1.0,0.6618742048326016,1.0,1.0,1.0,0.859114252013584
87c88239e2ae5b90,2021.07.09.15.53.28_veh-38_00184_02293,unfrozen_visual_sft,True,1.0,1.0,0.5152921830471152,1.0,1.0,1.0,0.7980384096029646
8823d1c7c34b57ac,2021.06.09.20.26.11_veh-35_00970_01216,unfrozen_visual_sft,True,1.0,1.0,0.8038053132864504,1.0,1.0,1.0,0.9182522138693544
8828feb4e21b5600,2021.06.09.12.51.31_veh-35_01729_02626,unfrozen_visual_sft,True,1.0,1.0,0.6518720819118922,1.0,1.0,1.0,0.8549467007966217
883024c704b55ed4,2021.06.23.17.31.36_veh-16_00016_00377,unfrozen_visual_sft,True,1.0,1.0,1.0,1.0,1.0,1.0,1.0
888476b1a13b51db,2021.07.09.20.26.06_veh-35_02793_03289,unfrozen_visual_sft,True,1.0,1.0,0.8106457404883771,1.0,1.0,1.0,0.9211023918701571
888cb5a4b4c25eab,2021.06.09.12.51.31_veh-35_01729_02626,unfrozen_visual_sft,True,1.0,1.0,1.0,1.0,1.0,1.0,1.0
88bc213aa3495b88,2021.06.09.14.50.36_veh-26_02826_02955,unfrozen_visual_sft,True,1.0,1.0,0.9647171183675092,1.0,1.0,1.0,0.9852987993197955
88ff3881080b505a,2021.06.09.12.51.31_veh-35_01729_02626,unfrozen_visual_sft,True,1.0,1.0,0.6256510801432739,1.0,1.0,1.0,0.8440212833930308
8902a3e760a7504d,2021.07.09.20.26.06_veh-35_02793_03289,unfrozen_visual_sft,True,1.0,1.0,0.8432170175168726,1.0,1.0,1.0,0.9346737572986971
8925d842a3f0501e,2021.07.09.15.53.28_veh-38_00184_02293,unfrozen_visual_sft,True,1.0,1.0,1.0,1.0,1.0,1.0,1.0
8935f0d3af6b51fd,2021.08.31.14.01.15_veh-40_01576_01714,unfrozen_visual_sft,True,1.0,1.0,0.8218267928810207,1.0,1.0,1.0,0.9257611637004253
89409b4f6b4f573b,2021.06.09.12.51.31_veh-35_01729_02626,unfrozen_visual_sft,True,1.0,1.0,1.0,1.0,1.0,1.0,1.0
8956d19d62c056f6,2021.06.09.12.51.31_veh-35_01729_02626,unfrozen_visual_sft,True,1.0,1.0,0.7257384546968491,1.0,1.0,1.0,0.885724356123687
89e48839087057c4,2021.06.09.20.26.11_veh-35_00970_01216,unfrozen_visual_sft,True,1.0,1.0,0.8807419974745593,1.0,1.0,1.0,0.9503091656143997
8a2496c5d7d15cc1,2021.10.11.02.57.41_veh-50_01028_01289,unfrozen_visual_sft,True,1.0,1.0,0.6932630708290384,1.0,1.0,1.0,0.872192946178766
8a9a5ab59dcd51d7,2021.08.31.14.01.15_veh-40_01576_01714,unfrozen_visual_sft,True,1.0,1.0,0.8996062003524607,1.0,1.0,1.0,0.9581692501468586
8ac887d1ccb95be5,2021.10.11.02.57.41_veh-50_01028_01289,unfrozen_visual_sft,True,1.0,1.0,0.6527059370471042,1.0,1.0,1.0,0.8552941404362935
8ad9a07afc6b5ccc,2021.07.09.15.53.28_veh-38_00184_02293,unfrozen_visual_sft,True,1.0,1.0,0.6284262090748607,1.0,1.0,1.0,0.8451775871145252
8bb9b664551e5148,2021.06.09.12.06.35_veh-35_01164_01494,unfrozen_visual_sft,True,1.0,1.0,1.0,1.0,1.0,1.0,1.0
8c1374efdf3c5f3c,2021.07.09.15.53.28_veh-38_00184_02293,unfrozen_visual_sft,True,1.0,1.0,1.0,1.0,1.0,1.0,1.0
8c1c77e3c8a35388,2021.10.05.07.49.39_veh-52_00770_00905,unfrozen_visual_sft,True,1.0,1.0,0.7915974206748213,1.0,1.0,1.0,0.9131655919478422
8c58465a17645b77,2021.07.09.15.53.28_veh-38_00184_02293,unfrozen_visual_sft,True,1.0,1.0,0.9605857580374092,1.0,1.0,1.0,0.9835773991822538
8c61ae7bb33b54ad,2021.10.05.07.49.39_veh-52_00770_00905,unfrozen_visual_sft,True,1.0,1.0,0.6521430349979283,1.0,1.0,1.0,0.8550595979158034
8c627a1fb8225bc0,2021.10.05.08.11.15_veh-50_00437_00585,unfrozen_visual_sft,True,1.0,1.0,0.7814497946678626,1.0,1.0,1.0,0.9089374144449427
8c812c6c4671575c,2021.07.09.15.53.28_veh-38_00184_02293,unfrozen_visual_sft,True,1.0,1.0,0.8488454653686353,1.0,1.0,1.0,0.9370189439035981
8ca04ffe31395059,2021.07.09.20.26.06_veh-35_02793_03289,unfrozen_visual_sft,True,1.0,1.0,0.9030795381505583,1.0,1.0,1.0,0.9596164742293993
8cc27785287f5367,2021.06.23.17.31.36_veh-16_00016_00377,unfrozen_visual_sft,True,1.0,1.0,1.0,1.0,1.0,1.0,1.0
8d0e261ba1825130,2021.07.09.15.53.28_veh-38_00184_02293,unfrozen_visual_sft,True,1.0,1.0,1.0,1.0,1.0,1.0,1.0
8d40c021d3cb5fca,2021.10.05.07.49.39_veh-52_00770_00905,unfrozen_visual_sft,True,1.0,1.0,0.7732052501892109,1.0,1.0,1.0,0.9055021875788379
8d80fb7fefcd513b,2021.10.01.17.52.06_veh-28_01141_01264,unfrozen_visual_sft,True,1.0,1.0,1.0,1.0,1.0,1.0,1.0
8deaed625cfc5888,2021.06.09.12.51.31_veh-35_01729_02626,unfrozen_visual_sft,True,1.0,1.0,0.8143045060543525,1.0,1.0,1.0,0.9226268775226468
8e19623e78d15d60,2021.07.09.20.26.06_veh-35_02793_03289,unfrozen_visual_sft,True,1.0,1.0,0.6807824608025831,1.0,1.0,1.0,0.8669926920010763
8e2e4e2a5ba95a41,2021.07.09.15.53.28_veh-38_00184_02293,unfrozen_visual_sft,True,1.0,1.0,0.9297314206784275,1.0,1.0,1.0,0.9707214252826781
8e5a6cdce75d50dd,2021.10.11.02.57.41_veh-50_02155_02265,unfrozen_visual_sft,True,1.0,1.0,0.6017695209056662,1.0,1.0,1.0,0.8340706337106942
8ecb60a273c55931,2021.08.31.11.47.30_veh-40_00919_01000,unfrozen_visual_sft,True,1.0,1.0,0.8385229147806851,1.0,1.0,1.0,0.9327178811586188
8f4878c4dcf5558e,2021.10.05.07.49.39_veh-52_00770_00905,unfrozen_visual_sft,True,1.0,1.0,1.0,1.0,1.0,1.0,1.0
8f63f1b737e15216,2021.06.09.12.51.31_veh-35_01729_02626,unfrozen_visual_sft,True,1.0,1.0,1.0,1.0,1.0,1.0,1.0
8f64f90706655f53,2021.08.31.11.47.30_veh-40_00919_01000,unfrozen_visual_sft,True,1.0,1.0,0.8661063143158049,1.0,1.0,1.0,0.944210964298252
8f7463455b225dfb,2021.10.05.08.11.15_veh-50_00437_00585,unfrozen_visual_sft,True,1.0,1.0,0.7123199578251601,1.0,1.0,1.0,0.8801333157604834
8f847886c0595319,2021.07.09.15.53.28_veh-38_00184_02293,unfrozen_visual_sft,True,1.0,1.0,0.8361396389384285,1.0,1.0,1.0,0.9317248495576784
8fc1509fbdee54ac,2021.06.09.12.06.35_veh-35_01164_01494,unfrozen_visual_sft,True,1.0,1.0,0.7508015860975,1.0,1.0,1.0,0.896167327540625
8fec4a414ec45ed3,2021.06.09.20.26.11_veh-35_00970_01216,unfrozen_visual_sft,True,1.0,1.0,0.8348083754277352,1.0,1.0,1.0,0.9311701564282231
900e4ffd108f5f95,2021.08.31.11.47.30_veh-40_00919_01000,unfrozen_visual_sft,True,1.0,1.0,0.8021185081086379,1.0,1.0,1.0,0.9175493783785992
90679ae84c8b5d05,2021.10.05.07.49.39_veh-52_00770_00905,unfrozen_visual_sft,True,1.0,1.0,0.5706168224526684,1.0,1.0,1.0,0.8210903426886119
907f051528025891,2021.07.09.15.53.28_veh-38_00184_02293,unfrozen_visual_sft,True,1.0,1.0,1.0,1.0,1.0,1.0,1.0
90f98ca1978a5457,2021.08.31.14.01.15_veh-40_01576_01714,unfrozen_visual_sft,True,1.0,1.0,1.0,1.0,1.0,1.0,1.0
912976ebea0b5dae,2021.06.23.17.31.36_veh-16_00016_00377,unfrozen_visual_sft,True,1.0,1.0,1.0,1.0,1.0,1.0,1.0
9188a3a5aa175e3a,2021.07.09.15.53.28_veh-38_00184_02293,unfrozen_visual_sft,True,1.0,1.0,1.0,1.0,1.0,1.0,1.0
91927f072cb358b9,2021.07.09.15.53.28_veh-38_00184_02293,unfrozen_visual_sft,True,1.0,1.0,1.0,1.0,1.0,1.0,1.0
91b861586e7d53cd,2021.07.09.15.53.28_veh-38_00184_02293,unfrozen_visual_sft,True,1.0,1.0,1.0,1.0,1.0,1.0,1.0
92292554325a5fad,2021.10.05.08.11.15_veh-50_00437_00585,unfrozen_visual_sft,True,1.0,1.0,0.6042007006389236,1.0,1.0,1.0,0.835083625266218
9246f3b315b35838,2021.07.09.15.53.28_veh-38_00184_02293,unfrozen_visual_sft,True,1.0,1.0,0.9512590582593572,1.0,1.0,1.0,0.9796912742747321
927258a11f395044,2021.06.09.14.50.36_veh-26_02826_02955,unfrozen_visual_sft,True,1.0,1.0,0.8260274851168046,1.0,1.0,1.0,0.9275114521320019
92a19adc03e55fc5,2021.10.11.02.57.41_veh-50_01028_01289,unfrozen_visual_sft,True,1.0,1.0,0.6119966150538041,1.0,1.0,1.0,0.838331922939085
92c22914fbdf5e29,2021.07.09.15.53.28_veh-38_00184_02293,unfrozen_visual_sft,True,1.0,1.0,1.0,1.0,1.0,1.0,1.0
92f1b2f9782b5ab2,2021.10.11.02.57.41_veh-50_02155_02265,unfrozen_visual_sft,True,1.0,1.0,0.5285800021281141,1.0,1.0,1.0,0.8035750008867142
931c61a6152e519f,2021.06.09.17.23.18_veh-38_01598_01750,unfrozen_visual_sft,True,1.0,1.0,1.0,1.0,1.0,1.0,1.0
935628750eb851fa,2021.07.09.15.53.28_veh-38_00184_02293,unfrozen_visual_sft,True,1.0,1.0,1.0,1.0,1.0,1.0,1.0
936fbc402ef75a7f,2021.06.23.17.31.36_veh-16_00016_00377,unfrozen_visual_sft,True,1.0,1.0,0.751308718571259,1.0,1.0,1.0,0.8963786327380246
93f4a7c97bf55154,2021.10.01.17.52.06_veh-28_01141_01264,unfrozen_visual_sft,True,1.0,1.0,0.7247472330109785,1.0,1.0,1.0,0.8853113470879078
93fa17215ed5505c,2021.10.05.07.49.39_veh-52_00770_00905,unfrozen_visual_sft,True,1.0,1.0,0.7094508827578275,1.0,1.0,1.0,0.8789378678157614
940a788763a55b7c,2021.06.09.17.23.18_veh-38_01598_01750,unfrozen_visual_sft,True,1.0,1.0,1.0,1.0,1.0,1.0,1.0
9453e27e0bc25019,2021.06.09.12.06.35_veh-35_01164_01494,unfrozen_visual_sft,True,1.0,1.0,0.992003296543454,1.0,1.0,1.0,0.9966680402264392
945dcb42cd645cc2,2021.07.09.15.53.28_veh-38_00184_02293,unfrozen_visual_sft,True,1.0,1.0,0.682852734742959,1.0,1.0,1.0,0.8678553061428996
946cb4c69bd85da6,2021.06.09.12.06.35_veh-35_01164_01494,unfrozen_visual_sft,True,1.0,1.0,0.8564137416805419,1.0,1.0,1.0,0.9401723923668924
94ae5d67804c539d,2021.06.09.17.23.18_veh-38_01598_01750,unfrozen_visual_sft,True,1.0,1.0,0.7920051353564665,1.0,1.0,1.0,0.9133354730651945
94de31b161f45bc2,2021.06.09.12.51.31_veh-35_01729_02626,unfrozen_visual_sft,True,1.0,1.0,1.0,1.0,1.0,1.0,1.0
94e4f5f0f22655d2,2021.07.09.20.26.06_veh-35_02793_03289,unfrozen_visual_sft,True,1.0,1.0,0.8323429952330423,1.0,1.0,1.0,0.9301429146804342
94f18102ecb65d3f,2021.07.09.15.53.28_veh-38_00184_02293,unfrozen_visual_sft,True,1.0,1.0,1.0,1.0,1.0,1.0,1.0
954da5a56f305ac5,2021.06.09.12.51.31_veh-35_01729_02626,unfrozen_visual_sft,True,1.0,1.0,0.667054809253502,1.0,1.0,1.0,0.8612728371889592
954e72f1c44e5eb3,2021.06.09.12.51.31_veh-35_01729_02626,unfrozen_visual_sft,True,1.0,1.0,0.6607750567394817,1.0,1.0,1.0,0.8586562736414507
955e0d97f2f35bc4,2021.10.11.02.57.41_veh-50_01028_01289,unfrozen_visual_sft,True,1.0,1.0,0.6497308937160918,1.0,1.0,1.0,0.8540545390483715
95a1611d12f45d32,2021.07.09.15.53.28_veh-38_00184_02293,unfrozen_visual_sft,True,1.0,1.0,0.8260121858889156,1.0,1.0,1.0,0.9275050774537149
95b2448f02bb58e6,2021.06.09.20.26.11_veh-35_00970_01216,unfrozen_visual_sft,True,1.0,1.0,1.0,1.0,1.0,1.0,1.0
95ccbbe1810c5e38,2021.07.09.20.26.06_veh-35_02793_03289,unfrozen_visual_sft,True,1.0,1.0,0.7245379023351357,1.0,1.0,1.0,0.8852241259729733
95d2c3ac66245fa5,2021.07.09.15.53.28_veh-38_00184_02293,unfrozen_visual_sft,True,1.0,1.0,1.0,1.0,1.0,1.0,1.0
95e0d89479815fa6,2021.06.23.17.31.36_veh-16_00016_00377,unfrozen_visual_sft,True,1.0,1.0,1.0,1.0,1.0,1.0,1.0
9608c9c656695dd6,2021.10.11.02.57.41_veh-50_02155_02265,unfrozen_visual_sft,True,1.0,1.0,0.69768871034965,1.0,1.0,1.0,0.8740369626456875
96198b6e9db0567b,2021.07.09.15.53.28_veh-38_00184_02293,unfrozen_visual_sft,True,1.0,1.0,0.7386397339424153,1.0,1.0,1.0,0.891099889142673
962977e974885acd,2021.10.01.17.52.06_veh-28_01141_01264,unfrozen_visual_sft,True,1.0,1.0,0.6937671535876915,1.0,1.0,1.0,0.8724029806615382
966cdeadbc375041,2021.07.09.20.26.06_veh-35_02793_03289,unfrozen_visual_sft,True,1.0,1.0,0.8439238093742768,1.0,1.0,1.0,0.9349682539059486
966ede5b9c8559f9,2021.07.09.15.53.28_veh-38_00184_02293,unfrozen_visual_sft,True,1.0,1.0,0.7208147878570004,1.0,1.0,1.0,0.8836728282737502
9694f4c94c0c55bf,2021.10.01.17.52.06_veh-28_01141_01264,unfrozen_visual_sft,True,1.0,1.0,1.0,1.0,1.0,1.0,1.0
96d3136946945a05,2021.06.09.14.50.36_veh-26_02826_02955,unfrozen_visual_sft,True,1.0,1.0,1.0,1.0,1.0,1.0,1.0
96e24e94933f52c8,2021.06.09.12.51.31_veh-35_01729_02626,unfrozen_visual_sft,True,1.0,1.0,1.0,1.0,1.0,1.0,1.0
970fa907695456f4,2021.07.09.15.53.28_veh-38_00184_02293,unfrozen_visual_sft,True,1.0,1.0,0.7765199465232555,1.0,1.0,1.0,0.9068833110513564
972df703db945595,2021.07.09.15.53.28_veh-38_00184_02293,unfrozen_visual_sft,True,1.0,1.0,0.8357924909347447,1.0,1.0,1.0,0.9315802045561435
9742b96a0eee5097,2021.06.23.17.31.36_veh-16_00016_00377,unfrozen_visual_sft,True,1.0,1.0,0.7852635197107547,1.0,1.0,1.0,0.9105264665461478
9753236c37725562,2021.07.09.15.53.28_veh-38_00184_02293,unfrozen_visual_sft,True,1.0,1.0,1.0,1.0,1.0,1.0,1.0
978bac8b6a965c09,2021.07.09.15.53.28_veh-38_00184_02293,unfrozen_visual_sft,True,1.0,1.0,1.0,1.0,1.0,1.0,1.0
97a3fc19fc7b508e,2021.10.01.17.52.06_veh-28_01141_01264,unfrozen_visual_sft,True,1.0,1.0,0.9472111109133852,1.0,1.0,1.0,0.9780046295472439
97b60971053a5a8f,2021.06.09.12.06.35_veh-35_01164_01494,unfrozen_visual_sft,True,1.0,1.0,0.8328597009406836,1.0,1.0,1.0,0.9303582087252847
97b9c6b0d3aa5e6b,2021.10.05.07.49.39_veh-52_00770_00905,unfrozen_visual_sft,True,1.0,1.0,1.0,1.0,1.0,1.0,1.0
97bbe0832237514d,2021.07.09.15.53.28_veh-38_00184_02293,unfrozen_visual_sft,True,1.0,1.0,0.7868966744497946,1.0,1.0,1.0,0.9112069476874144
97cd0485dadc5c44,2021.10.05.07.49.39_veh-52_00770_00905,unfrozen_visual_sft,True,1.0,1.0,0.9098668003536257,1.0,1.0,1.0,0.9624445001473441
98546a6b46d7528e,2021.07.09.15.53.28_veh-38_00184_02293,unfrozen_visual_sft,True,1.0,1.0,0.9397872570161656,1.0,1.0,1.0,0.974911357090069
987e9ead152a5bef,2021.07.09.15.53.28_veh-38_00184_02293,unfrozen_visual_sft,True,1.0,1.0,0.916305567810025,1.0,1.0,1.0,0.9651273199208438
98b7d40a0b4256e1,2021.06.09.12.51.31_veh-35_01729_02626,unfrozen_visual_sft,True,1.0,1.0,0.812270610428322,1.0,1.0,1.0,0.9217794210118009
98e1c86704b75bce,2021.08.31.11.47.30_veh-40_00919_01000,unfrozen_visual_sft,True,1.0,1.0,0.86879082696305,1.0,1.0,1.0,0.9453295112346041
98f62d9131da5913,2021.10.11.02.57.41_veh-50_01028_01289,unfrozen_visual_sft,True,1.0,1.0,0.5349453479156794,1.0,1.0,1.0,0.8062272282981997
9915a6132edb5b6f,2021.06.09.14.50.36_veh-26_02826_02955,unfrozen_visual_sft,True,1.0,1.0,1.0,1.0,1.0,1.0,1.0
994cdcf16f475b72,2021.10.11.02.57.41_veh-50_02155_02265,unfrozen_visual_sft,True,1.0,1.0,0.7918836588653172,1.0,1.0,1.0,0.9132848578605488
9953d027249f57fe,2021.07.09.15.53.28_veh-38_00184_02293,unfrozen_visual_sft,True,1.0,1.0,0.6606720051602244,1.0,1.0,1.0,0.8586133354834269
997140e8419051b4,2021.10.11.02.57.41_veh-50_01028_01289,unfrozen_visual_sft,True,1.0,1.0,0.70086237494978,1.0,1.0,1.0,0.8753593228957417
99c4a687ed1a599a,2021.07.16.22.40.23_veh-38_00204_00360,unfrozen_visual_sft,True,1.0,1.0,1.0,1.0,1.0,1.0,1.0
99ded0a5f4475071,2021.06.09.12.06.35_veh-35_01164_01494,unfrozen_visual_sft,True,1.0,1.0,0.8948013518113356,1.0,1.0,1.0,0.9561672299213898
99f700e7e9af5407,2021.06.09.20.26.11_veh-35_00970_01216,unfrozen_visual_sft,True,1.0,1.0,1.0,1.0,1.0,1.0,1.0
9a1dbb392efc5e89,2021.08.31.11.47.30_veh-40_00919_01000,unfrozen_visual_sft,True,1.0,1.0,0.9002741783325675,1.0,1.0,1.0,0.9584475743052364
9a3297e2227653e7,2021.06.09.12.06.35_veh-35_01164_01494,unfrozen_visual_sft,True,1.0,1.0,0.6772468828804357,1.0,1.0,1.0,0.8655195345335148
9a45431d78665797,2021.10.11.02.57.41_veh-50_01028_01289,unfrozen_visual_sft,True,1.0,1.0,0.7225783338555504,1.0,1.0,1.0,0.8844076391064792
9a4b00e867fc591d,2021.06.09.20.26.11_veh-35_00970_01216,unfrozen_visual_sft,True,1.0,1.0,1.0,1.0,1.0,1.0,1.0
9a5fc2035a655005,2021.10.11.02.57.41_veh-50_02155_02265,unfrozen_visual_sft,True,1.0,1.0,0.7775939572687518,1.0,1.0,1.0,0.9073308155286467
9aa65c356bad5da4,2021.07.09.15.53.28_veh-38_00184_02293,unfrozen_visual_sft,True,1.0,1.0,0.9211962416345417,1.0,1.0,1.0,0.967165100681059
9abce3eae2005739,2021.10.11.02.57.41_veh-50_01028_01289,unfrozen_visual_sft,True,1.0,1.0,0.7061235320757759,1.0,1.0,1.0,0.87755147169824
9ad2cc6c97365873,2021.07.09.20.26.06_veh-35_02793_03289,unfrozen_visual_sft,True,1.0,1.0,0.7753026388623574,1.0,1.0,1.0,0.9063760995259823
9ae5a292b89155a0,2021.06.23.17.31.36_veh-16_00016_00377,unfrozen_visual_sft,True,1.0,1.0,1.0,1.0,1.0,1.0,1.0
9aeb31473be659b4,2021.10.11.02.57.41_veh-50_02155_02265,unfrozen_visual_sft,True,1.0,1.0,0.6871002215508003,1.0,1.0,1.0,0.8696250923128335
9b3708708fbd550f,2021.06.09.12.06.35_veh-35_01164_01494,unfrozen_visual_sft,True,1.0,1.0,0.8372961796521525,1.0,1.0,1.0,0.9322067415217302
9b4247d0fd87569c,2021.07.09.20.26.06_veh-35_02793_03289,unfrozen_visual_sft,True,1.0,1.0,0.7585591600393845,1.0,1.0,1.0,0.8993996500164102
9b4ca000766657b2,2021.07.09.15.53.28_veh-38_00184_02293,unfrozen_visual_sft,True,1.0,1.0,0.816852189022918,1.0,1.0,1.0,0.9236884120928824
9b7196827b5859df,2021.06.09.14.50.36_veh-26_02826_02955,unfrozen_visual_sft,True,1.0,1.0,1.0,1.0,1.0,0.0,1.0
9b877b869b3d5f89,2021.06.09.20.26.11_veh-35_00970_01216,unfrozen_visual_sft,True,1.0,1.0,1.0,1.0,1.0,1.0,1.0
9bbdf96591265339,2021.08.31.14.01.15_veh-40_01576_01714,unfrozen_visual_sft,True,1.0,1.0,0.5654790945218312,1.0,1.0,1.0,0.8189496227174297
9bcee0d1dd015764,2021.07.09.15.53.28_veh-38_00184_02293,unfrozen_visual_sft,True,1.0,1.0,1.0,1.0,1.0,1.0,1.0
9be9272eca74587d,2021.10.11.02.57.41_veh-50_02155_02265,unfrozen_visual_sft,True,1.0,1.0,0.740934507470475,1.0,1.0,1.0,0.8920560447793645
9c084095533b564c,2021.10.05.07.49.39_veh-52_00770_00905,unfrozen_visual_sft,True,1.0,1.0,0.636933785578168,1.0,1.0,1.0,0.84872241065757
9c2572be2cc259d9,2021.07.09.15.53.28_veh-38_00184_02293,unfrozen_visual_sft,True,1.0,1.0,0.9379075640598941,1.0,1.0,1.0,0.9741281516916226
9c33787bfeda5800,2021.07.09.15.53.28_veh-38_00184_02293,unfrozen_visual_sft,True,1.0,1.0,1.0,1.0,1.0,1.0,1.0
9c792517780b5b7d,2021.07.09.15.53.28_veh-38_00184_02293,unfrozen_visual_sft,True,1.0,1.0,0.9405118050259758,1.0,1.0,1.0,0.9752132520941567
9c83725ca24453f5,2021.07.09.15.53.28_veh-38_00184_02293,unfrozen_visual_sft,True,1.0,1.0,1.0,1.0,1.0,1.0,1.0
9c891840338e54d4,2021.07.09.15.53.28_veh-38_00184_02293,unfrozen_visual_sft,True,1.0,1.0,0.7762714459322803,1.0,1.0,1.0,0.90677976913845
9cb25aa118655418,2021.07.09.15.53.28_veh-38_00184_02293,unfrozen_visual_sft,True,1.0,1.0,1.0,1.0,1.0,1.0,1.0
9cb570dc6b2b5355,2021.06.09.12.06.35_veh-35_01164_01494,unfrozen_visual_sft,True,1.0,1.0,0.8184323967066501,1.0,1.0,1.0,0.9243468319611042
9cc73a8bde335ec2,2021.07.09.15.53.28_veh-38_00184_02293,unfrozen_visual_sft,True,1.0,1.0,1.0,1.0,1.0,1.0,1.0
9ce14bde80df5bab,2021.10.05.08.11.15_veh-50_00437_00585,unfrozen_visual_sft,True,1.0,1.0,0.8502726408065321,1.0,1.0,1.0,0.937613600336055
9cef9bb074dc57a9,2021.06.09.17.23.18_veh-38_01598_01750,unfrozen_visual_sft,True,1.0,1.0,1.0,1.0,1.0,1.0,1.0
9d0c0ca6c0b352b8,2021.06.09.12.51.31_veh-35_01729_02626,unfrozen_visual_sft,True,1.0,1.0,0.8162255976054862,1.0,1.0,1.0,0.9234273323356192
9d35cc01a2ca541d,2021.06.09.20.26.11_veh-35_00970_01216,unfrozen_visual_sft,True,1.0,1.0,0.791032353608345,1.0,1.0,1.0,0.9129301473368104
9d572fd0a3c0584f,2021.07.09.15.53.28_veh-38_00184_02293,unfrozen_visual_sft,True,1.0,1.0,1.0,1.0,1.0,0.5,1.0
9d87ac4fbc1959d9,2021.06.09.12.51.31_veh-35_01729_02626,unfrozen_visual_sft,True,1.0,1.0,1.0,1.0,1.0,1.0,1.0
9d87df3517f0557a,2021.06.09.12.51.31_veh-35_01729_02626,unfrozen_visual_sft,True,1.0,1.0,0.7892220614172414,1.0,1.0,1.0,0.9121758589238507
9d8f4e67c96b5637,2021.07.09.15.53.28_veh-38_00184_02293,unfrozen_visual_sft,True,1.0,1.0,0.9342369218532853,1.0,1.0,1.0,0.9725987174388688
9db16a5b77095de4,2021.07.09.15.53.28_veh-38_00184_02293,unfrozen_visual_sft,True,1.0,1.0,0.6234739133900479,1.0,1.0,1.0,0.8431141305791866
9e6d11e4e8385c43,2021.06.09.20.26.11_veh-35_00970_01216,unfrozen_visual_sft,True,1.0,1.0,1.0,1.0,1.0,1.0,1.0
9e7532e485cc5816,2021.07.09.15.53.28_veh-38_00184_02293,unfrozen_visual_sft,True,1.0,1.0,1.0,1.0,1.0,1.0,1.0
9eac02522d2a5ed3,2021.07.09.15.53.28_veh-38_00184_02293,unfrozen_visual_sft,True,1.0,1.0,1.0,1.0,1.0,1.0,1.0
9eae5a2e43535977,2021.10.11.02.57.41_veh-50_01028_01289,unfrozen_visual_sft,True,1.0,0.0,0.0,1.0,1.0,1.0,0.0
9eba22c564c15cff,2021.06.09.20.26.11_veh-35_00970_01216,unfrozen_visual_sft,True,1.0,1.0,1.0,1.0,1.0,1.0,1.0
9ebea9056e195897,2021.06.09.12.51.31_veh-35_01729_02626,unfrozen_visual_sft,True,1.0,1.0,0.6822749373300919,1.0,1.0,1.0,0.8676145572208717
9ed6b55afa4251dd,2021.06.09.17.23.18_veh-38_01598_01750,unfrozen_visual_sft,True,1.0,1.0,1.0,1.0,1.0,1.0,1.0
9f2f87e8c4b558c8,2021.07.09.15.53.28_veh-38_00184_02293,unfrozen_visual_sft,True,1.0,1.0,0.8805111666453889,1.0,1.0,1.0,0.9502129861022454
9f40f3d09a0c5024,2021.07.09.15.53.28_veh-38_00184_02293,unfrozen_visual_sft,True,1.0,1.0,0.9803823282992705,1.0,1.0,1.0,0.9918259701246961
9f56c42b0c4b552c,2021.07.09.15.53.28_veh-38_00184_02293,unfrozen_visual_sft,True,1.0,1.0,0.9538571327620926,1.0,1.0,1.0,0.9807738053175385
9f7def7fc5e4570e,2021.07.09.20.26.06_veh-35_02793_03289,unfrozen_visual_sft,True,1.0,1.0,0.7262353154608456,1.0,1.0,1.0,0.885931381442019
9f885abfb8cd5675,2021.07.16.22.40.23_veh-38_00204_00360,unfrozen_visual_sft,True,1.0,1.0,1.0,1.0,1.0,1.0,1.0
9fabef7447845a3b,2021.06.09.12.51.31_veh-35_01729_02626,unfrozen_visual_sft,True,1.0,1.0,0.8300212927260568,1.0,1.0,1.0,0.929175538635857
9fb2a722bf485a1b,2021.06.09.12.51.31_veh-35_01729_02626,unfrozen_visual_sft,True,1.0,1.0,0.7406130096905856,1.0,1.0,1.0,0.8919220873710773
a0036dbb7dd9522a,2021.07.09.15.53.28_veh-38_00184_02293,unfrozen_visual_sft,True,1.0,1.0,1.0,1.0,1.0,1.0,1.0
a0134d1c60475b3c,2021.06.23.17.31.36_veh-16_00016_00377,unfrozen_visual_sft,True,1.0,1.0,0.9243982085716763,1.0,1.0,1.0,0.9684992535715318
a01fa5eb5be95c2a,2021.07.09.20.26.06_veh-35_02793_03289,unfrozen_visual_sft,True,1.0,1.0,0.7982630399441754,1.0,1.0,1.0,0.915942933310073
a02f3e19c1ad5991,2021.06.09.20.26.11_veh-35_00970_01216,unfrozen_visual_sft,True,1.0,1.0,0.9319061076120663,1.0,1.0,1.0,0.9716275448383609
a0493e8185235ec7,2021.10.05.07.49.39_veh-52_00770_00905,unfrozen_visual_sft,True,1.0,1.0,0.9381586517493536,1.0,1.0,1.0,0.9742327715622308
a0757b8313a15615,2021.10.11.02.57.41_veh-50_02155_02265,unfrozen_visual_sft,True,1.0,1.0,0.6733213016609801,1.0,1.0,1.0,0.8638838756920751
a075a523b64550e9,2021.07.09.15.53.28_veh-38_00184_02293,unfrozen_visual_sft,True,1.0,1.0,0.5701552398173048,1.0,1.0,1.0,0.8208980165905437
a094176b58375800,2021.07.09.15.53.28_veh-38_00184_02293,unfrozen_visual_sft,True,1.0,1.0,1.0,1.0,1.0,1.0,1.0
a0c05b04e8fc5d85,2021.07.09.15.53.28_veh-38_00184_02293,unfrozen_visual_sft,True,1.0,1.0,1.0,1.0,1.0,1.0,1.0
a156a990d01f5a38,2021.07.09.15.53.28_veh-38_00184_02293,unfrozen_visual_sft,True,1.0,1.0,1.0,1.0,1.0,1.0,1.0
a1722fd06916560d,2021.06.09.12.06.35_veh-35_01164_01494,unfrozen_visual_sft,True,1.0,1.0,0.7871013422284902,1.0,1.0,1.0,0.9112922259285376
a173aec70e58581c,2021.07.09.15.53.28_veh-38_00184_02293,unfrozen_visual_sft,True,1.0,1.0,0.7307402459388723,1.0,1.0,1.0,0.8878084358078634
a17b55560d22530f,2021.10.05.07.49.39_veh-52_00770_00905,unfrozen_visual_sft,True,1.0,1.0,1.0,1.0,1.0,1.0,1.0
a1b196339e23508b,2021.07.09.15.53.28_veh-38_00184_02293,unfrozen_visual_sft,True,1.0,1.0,0.7438445799010635,1.0,1.0,1.0,0.8932685749587764
a1c0bc234f6b509d,2021.07.09.15.53.28_veh-38_00184_02293,unfrozen_visual_sft,True,1.0,1.0,0.8752790395157396,1.0,1.0,1.0,0.9480329331315582
a1cca44efdc256a2,2021.06.23.17.31.36_veh-16_00016_00377,unfrozen_visual_sft,True,1.0,1.0,1.0,1.0,1.0,1.0,1.0
a1e1af9908e45556,2021.10.11.02.57.41_veh-50_02155_02265,unfrozen_visual_sft,True,1.0,1.0,0.6745579320161157,1.0,1.0,1.0,0.8643991383400481
a1f10af5c1bd57f8,2021.06.09.20.26.11_veh-35_00970_01216,unfrozen_visual_sft,True,1.0,1.0,0.940743794802166,1.0,1.0,1.0,0.9753099145009024
a22e6b1ef8655ecf,2021.06.09.12.06.35_veh-35_01164_01494,unfrozen_visual_sft,True,1.0,1.0,0.7320458501508841,1.0,1.0,1.0,0.8883524375628684
a27a8a02217d5ade,2021.08.31.11.47.30_veh-40_00919_01000,unfrozen_visual_sft,True,1.0,1.0,0.8515692739032595,1.0,1.0,1.0,0.9381538641263582
a287a8b3726a5d46,2021.06.09.12.51.31_veh-35_01729_02626,unfrozen_visual_sft,True,1.0,1.0,1.0,1.0,1.0,1.0,1.0
a29d4b0957d45457,2021.07.09.15.53.28_veh-38_00184_02293,unfrozen_visual_sft,True,1.0,1.0,1.0,1.0,1.0,1.0,1.0
a2e8d995e6985d26,2021.06.09.20.26.11_veh-35_00970_01216,unfrozen_visual_sft,True,1.0,1.0,0.9074806263620463,1.0,1.0,1.0,0.961450260984186
a30635daffc75118,2021.06.09.12.06.35_veh-35_01164_01494,unfrozen_visual_sft,True,1.0,1.0,1.0,1.0,1.0,1.0,1.0
a3421711e5dc50e5,2021.07.09.20.26.06_veh-35_02793_03289,unfrozen_visual_sft,True,1.0,1.0,1.0,1.0,1.0,1.0,1.0
a3648b6dd505564f,2021.07.09.15.53.28_veh-38_00184_02293,unfrozen_visual_sft,True,1.0,1.0,1.0,1.0,1.0,1.0,1.0
a3886a0066ca51e0,2021.10.11.02.57.41_veh-50_01028_01289,unfrozen_visual_sft,True,1.0,1.0,0.6822659737358469,1.0,1.0,1.0,0.8676108223899361
a3b1fb4905615ee0,2021.07.09.15.53.28_veh-38_00184_02293,unfrozen_visual_sft,True,1.0,1.0,0.9016804019620314,1.0,1.0,1.0,0.959033500817513
a3ef1c88095a59da,2021.07.09.15.53.28_veh-38_00184_02293,unfrozen_visual_sft,True,1.0,1.0,0.6800172592483237,1.0,1.0,1.0,0.8666738580201349
a43022f0434c530b,2021.10.01.17.52.06_veh-28_01141_01264,unfrozen_visual_sft,True,1.0,1.0,0.9564009722235692,1.0,1.0,1.0,0.9818337384264871
a46b9833db705dd8,2021.06.09.12.51.31_veh-35_01729_02626,unfrozen_visual_sft,True,1.0,1.0,0.5959331671878505,1.0,1.0,1.0,0.8316388196616044
a47149d13d5a5b74,2021.10.11.02.57.41_veh-50_02155_02265,unfrozen_visual_sft,True,1.0,1.0,0.7725081006871507,1.0,1.0,1.0,0.9052117086196461
a4add302e42c5c7e,2021.06.09.20.26.11_veh-35_00970_01216,unfrozen_visual_sft,True,1.0,1.0,0.8157394739179494,1.0,1.0,1.0,0.9232247807991456
a4ba975c32c95388,2021.07.09.15.53.28_veh-38_00184_02293,unfrozen_visual_sft,True,1.0,1.0,0.9402761266177021,1.0,1.0,1.0,0.975115052757376
a501f397b8045aed,2021.07.09.15.53.28_veh-38_00184_02293,unfrozen_visual_sft,True,1.0,1.0,0.9813855660237901,1.0,1.0,1.0,0.9922439858432459
a5051ac6e15551e7,2021.08.31.11.47.30_veh-40_00919_01000,unfrozen_visual_sft,True,1.0,1.0,0.8811593605506958,1.0,1.0,1.0,0.9504830668961232
a572a36643565d2d,2021.07.09.15.53.28_veh-38_00184_02293,unfrozen_visual_sft,True,1.0,1.0,1.0,1.0,1.0,1.0,1.0
a5aa2c07692a5f9b,2021.06.23.17.31.36_veh-16_00016_00377,unfrozen_visual_sft,True,1.0,1.0,1.0,1.0,1.0,1.0,1.0
a5bdf8f9621d585c,2021.07.09.15.53.28_veh-38_00184_02293,unfrozen_visual_sft,True,1.0,1.0,1.0,1.0,1.0,1.0,1.0
a5d0fdeecf745214,2021.07.09.15.53.28_veh-38_00184_02293,unfrozen_visual_sft,True,1.0,1.0,1.0,1.0,1.0,0.5,1.0
a5fc68e13b4c5653,2021.07.09.15.53.28_veh-38_00184_02293,unfrozen_visual_sft,True,1.0,1.0,1.0,1.0,1.0,1.0,1.0
a60f2627cee15fd4,2021.10.11.02.57.41_veh-50_02155_02265,unfrozen_visual_sft,True,1.0,1.0,0.6468512713645083,1.0,1.0,1.0,0.8528546964018785
a614f0e213bc5b3c,2021.10.11.02.57.41_veh-50_02155_02265,unfrozen_visual_sft,True,1.0,1.0,0.5689300570234208,1.0,1.0,1.0,0.8203875237597588
a61c2bbd0f3d5d8b,2021.06.09.12.06.35_veh-35_01164_01494,unfrozen_visual_sft,True,1.0,1.0,0.9744766736980314,1.0,1.0,1.0,0.9893652807075131
a636eadfab6a531d,2021.06.09.12.51.31_veh-35_01729_02626,unfrozen_visual_sft,True,1.0,1.0,0.5496834269878006,1.0,1.0,1.0,0.8123680945782503
a63d9d8cd31858ae,2021.06.23.17.31.36_veh-16_00016_00377,unfrozen_visual_sft,True,1.0,1.0,0.8394806698894047,1.0,1.0,1.0,0.933116945787252
a661c633fa3e5a59,2021.08.31.14.01.15_veh-40_01576_01714,unfrozen_visual_sft,True,1.0,1.0,1.0,1.0,1.0,1.0,1.0
a7052e45ec88505e,2021.07.09.20.26.06_veh-35_02793_03289,unfrozen_visual_sft,True,1.0,1.0,0.8526516517330897,1.0,1.0,1.0,0.9386048548887874
a732670827695579,2021.07.09.15.53.28_veh-38_00184_02293,unfrozen_visual_sft,True,1.0,1.0,0.7039148931374167,1.0,1.0,1.0,0.8766312054739237
a7678eea2655557f,2021.06.09.20.26.11_veh-35_00970_01216,unfrozen_visual_sft,True,1.0,1.0,0.7743060772690024,1.0,1.0,1.0,0.9059608655287509
a77bff075d7c5d85,2021.10.11.02.57.41_veh-50_01028_01289,unfrozen_visual_sft,True,1.0,1.0,0.9197868915036603,1.0,1.0,1.0,0.9665778714598584
a7a0e345cbe251ff,2021.06.09.20.26.11_veh-35_00970_01216,unfrozen_visual_sft,True,1.0,1.0,1.0,1.0,1.0,1.0,1.0
a7bfd664e59f5640,2021.07.09.15.53.28_veh-38_00184_02293,unfrozen_visual_sft,True,1.0,1.0,0.8920355277671216,1.0,1.0,1.0,0.9550148032363007
a7c85687d085540f,2021.07.09.15.53.28_veh-38_00184_02293,unfrozen_visual_sft,True,1.0,1.0,0.9030884801967932,1.0,1.0,1.0,0.9596202000819972
a7f219d0ab395e1b,2021.07.09.15.53.28_veh-38_00184_02293,unfrozen_visual_sft,True,1.0,1.0,1.0,1.0,1.0,1.0,1.0
a85db33ba720554a,2021.07.09.15.53.28_veh-38_00184_02293,unfrozen_visual_sft,True,1.0,1.0,1.0,1.0,1.0,1.0,1.0
a8739782d4355428,2021.06.09.12.51.31_veh-35_01729_02626,unfrozen_visual_sft,True,1.0,1.0,1.0,1.0,1.0,1.0,1.0
a890e898c911575d,2021.07.09.15.53.28_veh-38_00184_02293,unfrozen_visual_sft,True,1.0,1.0,1.0,1.0,1.0,1.0,1.0
a8c8ce07867e569e,2021.06.23.17.31.36_veh-16_00016_00377,unfrozen_visual_sft,True,1.0,1.0,0.7755664401807717,1.0,1.0,1.0,0.9064860167419883
a8e97875efab5ff5,2021.07.09.15.53.28_veh-38_00184_02293,unfrozen_visual_sft,True,1.0,1.0,0.8232207741246915,1.0,1.0,1.0,0.9263419892186215
a8efb43e09885372,2021.07.09.15.53.28_veh-38_00184_02293,unfrozen_visual_sft,True,1.0,1.0,0.9645439524335424,1.0,1.0,1.0,0.9852266468473093
a8f42d585ae55630,2021.07.09.20.26.06_veh-35_02793_03289,unfrozen_visual_sft,True,1.0,1.0,0.8912773428314616,1.0,1.0,1.0,0.9546988928464423
a90b5f01478957ee,2021.07.09.15.53.28_veh-38_00184_02293,unfrozen_visual_sft,True,1.0,1.0,0.5787525974098093,1.0,1.0,1.0,0.824480248920754
a91aee7fb6255053,2021.07.09.15.53.28_veh-38_00184_02293,unfrozen_visual_sft,True,1.0,1.0,0.8294069968976415,1.0,1.0,1.0,0.928919582040684
a92a5c623e9a5906,2021.08.31.14.01.15_veh-40_01576_01714,unfrozen_visual_sft,True,1.0,1.0,0.8373496237310496,1.0,1.0,1.0,0.9322290098879374
a99dbc17a6f35fa0,2021.10.05.08.11.15_veh-50_00437_00585,unfrozen_visual_sft,True,1.0,1.0,0.730416044626253,1.0,1.0,1.0,0.8876733519276053
a99fef2dc48459b8,2021.10.11.02.57.41_veh-50_02155_02265,unfrozen_visual_sft,True,1.0,1.0,0.768730535481227,1.0,1.0,1.0,0.9036377231171779
a9bb657628115cf5,2021.07.09.15.53.28_veh-38_00184_02293,unfrozen_visual_sft,True,1.0,1.0,0.8604852946532124,1.0,1.0,1.0,0.9418688727721719
aa05717ed4265b1a,2021.06.09.12.51.31_veh-35_01729_02626,unfrozen_visual_sft,True,1.0,1.0,0.8252699322998249,1.0,1.0,1.0,0.927195805124927
aa22e0c0be2b588c,2021.07.09.20.26.06_veh-35_02793_03289,unfrozen_visual_sft,True,1.0,1.0,1.0,1.0,1.0,1.0,1.0
aa5c5efeeafd563c,2021.08.31.14.01.15_veh-40_01576_01714,unfrozen_visual_sft,True,1.0,1.0,0.8142044872438179,1.0,1.0,1.0,0.9225852030182574
aa8326c244e85a40,2021.10.11.02.57.41_veh-50_02155_02265,unfrozen_visual_sft,True,1.0,1.0,0.7355580336321443,1.0,1.0,1.0,0.8898158473467269
aa917b7bd6795583,2021.07.09.15.53.28_veh-38_00184_02293,unfrozen_visual_sft,True,1.0,1.0,0.9938403545183634,1.0,1.0,1.0,0.9974334810493181
aa9798a62fd05f92,2021.07.09.20.26.06_veh-35_02793_03289,unfrozen_visual_sft,True,1.0,1.0,0.8709778490990596,1.0,1.0,1.0,0.9462407704579414
aaa588f7383f52b7,2021.06.09.20.26.11_veh-35_00970_01216,unfrozen_visual_sft,True,1.0,1.0,0.6829042508090873,1.0,1.0,1.0,0.867876771170453
aac0caff26875b79,2021.06.23.17.31.36_veh-16_00016_00377,unfrozen_visual_sft,True,1.0,1.0,1.0,1.0,1.0,1.0,1.0
aae99a84413d5f72,2021.06.09.20.26.11_veh-35_00970_01216,unfrozen_visual_sft,True,1.0,1.0,0.7368302085671231,1.0,1.0,1.0,0.8903459202363013
ab53984253715cdd,2021.10.11.02.57.41_veh-50_02155_02265,unfrozen_visual_sft,True,1.0,1.0,0.6876283860213559,1.0,1.0,1.0,0.8698451608422316
aba976ffd9c451de,2021.10.01.17.52.06_veh-28_01141_01264,unfrozen_visual_sft,True,1.0,1.0,0.8936834455296923,1.0,1.0,1.0,0.9557014356373719
abc8238662a8569e,2021.07.09.20.26.06_veh-35_02793_03289,unfrozen_visual_sft,True,1.0,1.0,0.8961359629869224,1.0,1.0,1.0,0.9567233179112177
abc8c3e51f5857d5,2021.10.05.08.11.15_veh-50_00437_00585,unfrozen_visual_sft,True,1.0,1.0,0.972927735873648,1.0,1.0,1.0,0.9887198899473534
abc9f2cbeaeb55f6,2021.10.11.02.57.41_veh-50_01028_01289,unfrozen_visual_sft,True,1.0,1.0,0.7873714865562899,1.0,1.0,1.0,0.9114047860651208
abeedf530cf3573d,2021.10.11.02.57.41_veh-50_01028_01289,unfrozen_visual_sft,True,1.0,0.0,0.0,1.0,1.0,1.0,0.0
abf1cce3aa57532a,2021.10.05.08.11.15_veh-50_00437_00585,unfrozen_visual_sft,True,1.0,1.0,0.8263288971183333,1.0,1.0,1.0,0.9276370404659723
ac0ca24fd2f158b7,2021.07.09.15.53.28_veh-38_00184_02293,unfrozen_visual_sft,True,1.0,1.0,1.0,1.0,1.0,1.0,1.0
ac2c3e22fe8c5c6d,2021.06.09.12.51.31_veh-35_01729_02626,unfrozen_visual_sft,True,1.0,1.0,0.5769152529282182,1.0,1.0,1.0,0.8237146887200909
ac5e2264df3958ac,2021.06.09.12.51.31_veh-35_01729_02626,unfrozen_visual_sft,True,1.0,1.0,0.6279601470329096,1.0,1.0,1.0,0.8449833945970457
ac681c2a50795ba0,2021.08.31.11.47.30_veh-40_00919_01000,unfrozen_visual_sft,True,1.0,1.0,1.0,1.0,1.0,1.0,1.0
ac7799ea12475109,2021.10.01.17.52.06_veh-28_01141_01264,unfrozen_visual_sft,True,1.0,1.0,0.9273337695296477,1.0,1.0,1.0,0.9697224039706865
ac7ab75271c75a44,2021.06.23.17.31.36_veh-16_00016_00377,unfrozen_visual_sft,True,1.0,1.0,1.0,1.0,1.0,1.0,1.0
acf90c09814b527d,2021.07.09.15.53.28_veh-38_00184_02293,unfrozen_visual_sft,True,1.0,1.0,0.8777065045213265,1.0,1.0,1.0,0.949044376883886
ad4728971bca5a56,2021.07.09.15.53.28_veh-38_00184_02293,unfrozen_visual_sft,True,1.0,1.0,1.0,1.0,1.0,1.0,1.0
ad6f2ee944415c58,2021.06.09.12.51.31_veh-35_01729_02626,unfrozen_visual_sft,True,1.0,1.0,1.0,1.0,1.0,1.0,1.0
ad75c0abe73d52c7,2021.10.11.02.57.41_veh-50_01028_01289,unfrozen_visual_sft,True,1.0,1.0,0.6488061905373887,1.0,1.0,1.0,0.8536692460572454
ad8f2bc5ddb055c9,2021.07.09.20.26.06_veh-35_02793_03289,unfrozen_visual_sft,True,1.0,1.0,0.7369851214569845,1.0,1.0,1.0,0.8904104672737435
ad9c60ee22de5163,2021.08.31.11.47.30_veh-40_00919_01000,unfrozen_visual_sft,True,1.0,1.0,0.8685045906614026,1.0,1.0,1.0,0.9452102461089177
add1ea7b7e845845,2021.07.09.20.26.06_veh-35_02793_03289,unfrozen_visual_sft,True,1.0,1.0,1.0,1.0,1.0,1.0,1.0
adeac17732895943,2021.07.09.15.53.28_veh-38_00184_02293,unfrozen_visual_sft,True,1.0,1.0,1.0,1.0,1.0,1.0,1.0
adf1f42c50905604,2021.07.09.20.26.06_veh-35_02793_03289,unfrozen_visual_sft,True,1.0,1.0,1.0,1.0,1.0,1.0,1.0
ae0c0121c32e5e5c,2021.07.09.20.26.06_veh-35_02793_03289,unfrozen_visual_sft,True,1.0,1.0,0.6985476980265428,1.0,1.0,1.0,0.8743948741777262
ae101de4cb1b513e,2021.07.09.15.53.28_veh-38_00184_02293,unfrozen_visual_sft,True,1.0,1.0,0.5664026811098718,1.0,1.0,1.0,0.8193344504624466
ae1ce6b276645fd1,2021.10.11.02.57.41_veh-50_02155_02265,unfrozen_visual_sft,True,1.0,1.0,0.6960836060879909,1.0,1.0,1.0,0.8733681692033296
ae2807f88fea5904,2021.10.11.02.57.41_veh-50_01028_01289,unfrozen_visual_sft,True,1.0,1.0,0.5630599108178208,1.0,1.0,1.0,0.8179416295074254
ae423ca6966757cf,2021.10.01.17.52.06_veh-28_01141_01264,unfrozen_visual_sft,True,1.0,1.0,0.9584731277954076,1.0,1.0,1.0,0.9826971365814199
ae65f8c63d9757ce,2021.07.09.15.53.28_veh-38_00184_02293,unfrozen_visual_sft,True,1.0,1.0,1.0,1.0,1.0,1.0,1.0
ae75038bea395c18,2021.07.09.15.53.28_veh-38_00184_02293,unfrozen_visual_sft,True,1.0,1.0,0.7984691458023071,1.0,1.0,1.0,0.9160288107509613
ae7aec1b18255951,2021.10.05.07.49.39_veh-52_00770_00905,unfrozen_visual_sft,True,1.0,1.0,1.0,1.0,1.0,1.0,1.0
aeac6b9b55cb5709,2021.10.05.08.11.15_veh-50_00437_00585,unfrozen_visual_sft,True,1.0,1.0,0.7067659904594271,1.0,1.0,1.0,0.877819162691428
aee6f2e930d550e1,2021.10.05.07.49.39_veh-52_00770_00905,unfrozen_visual_sft,True,1.0,1.0,0.8980938558463698,1.0,1.0,1.0,0.9575391066026541
aefcaaf5aef552eb,2021.07.09.15.53.28_veh-38_00184_02293,unfrozen_visual_sft,True,1.0,1.0,1.0,1.0,1.0,1.0,1.0
af1647f044bf5353,2021.07.09.20.26.06_veh-35_02793_03289,unfrozen_visual_sft,True,1.0,1.0,1.0,1.0,1.0,1.0,1.0
af5340a6db3a56dc,2021.10.11.02.57.41_veh-50_02155_02265,unfrozen_visual_sft,True,1.0,1.0,0.7540812331970681,1.0,1.0,1.0,0.897533847165445
af72d87120a75e89,2021.06.09.12.06.35_veh-35_01164_01494,unfrozen_visual_sft,True,1.0,1.0,1.0,1.0,1.0,1.0,1.0
afcacc1536c75f9f,2021.10.11.02.57.41_veh-50_01028_01289,unfrozen_visual_sft,True,1.0,1.0,0.6875187061135344,1.0,1.0,1.0,0.8697994608806393
b007973e1a8c56cb,2021.06.09.12.06.35_veh-35_01164_01494,unfrozen_visual_sft,True,1.0,1.0,0.9110553586183112,1.0,1.0,1.0,0.9629397327576297
b017af1b89af5241,2021.07.09.20.26.06_veh-35_02793_03289,unfrozen_visual_sft,True,1.0,1.0,1.0,1.0,1.0,1.0,1.0
b0224834f8b856d8,2021.07.09.15.53.28_veh-38_00184_02293,unfrozen_visual_sft,True,1.0,1.0,0.7248507578004737,1.0,1.0,1.0,0.8853544824168641
b02f4daf44f952d5,2021.06.09.14.50.36_veh-26_02826_02955,unfrozen_visual_sft,True,1.0,1.0,1.0,1.0,0.0,1.0,0.8333333333333334
b030dec92165592b,2021.07.09.15.53.28_veh-38_00184_02293,unfrozen_visual_sft,True,1.0,1.0,1.0,1.0,1.0,1.0,1.0
b042f8b582f453d8,2021.10.11.02.57.41_veh-50_02155_02265,unfrozen_visual_sft,True,1.0,1.0,0.7008140560930314,1.0,1.0,1.0,0.8753391900387631
b066a7fc60ff523a,2021.07.09.15.53.28_veh-38_00184_02293,unfrozen_visual_sft,True,1.0,1.0,1.0,1.0,1.0,1.0,1.0
b08f0c9d23f054dc,2021.10.05.08.11.15_veh-50_00437_00585,unfrozen_visual_sft,True,1.0,1.0,0.6593239397280178,1.0,1.0,1.0,0.8580516415533408
b0ab79add8315a10,2021.10.11.02.57.41_veh-50_02155_02265,unfrozen_visual_sft,True,1.0,1.0,0.7512800463788244,1.0,1.0,1.0,0.8963666859911769
b0fbd8c8185b5ba8,2021.07.09.20.26.06_veh-35_02793_03289,unfrozen_visual_sft,True,1.0,1.0,1.0,1.0,1.0,1.0,1.0
b1c8504629d8571f,2021.07.09.15.53.28_veh-38_00184_02293,unfrozen_visual_sft,True,1.0,1.0,0.8416536880895562,1.0,1.0,1.0,0.9340223700373151
b1dfcdc2c85b536b,2021.10.01.17.52.06_veh-28_01141_01264,unfrozen_visual_sft,True,1.0,1.0,0.8078101554196699,1.0,1.0,1.0,0.9199208980915291
b2119b944b7f5d42,2021.06.09.12.51.31_veh-35_01729_02626,unfrozen_visual_sft,True,1.0,1.0,1.0,1.0,1.0,1.0,1.0
b23b1644c9845dc3,2021.07.09.15.53.28_veh-38_00184_02293,unfrozen_visual_sft,True,1.0,1.0,1.0,1.0,1.0,1.0,1.0
b23ede9a183b5b71,2021.06.09.12.06.35_veh-35_01164_01494,unfrozen_visual_sft,True,1.0,1.0,0.7822923544839693,1.0,1.0,1.0,0.9092884810349872
b26470d352f35d83,2021.07.09.15.53.28_veh-38_00184_02293,unfrozen_visual_sft,True,1.0,1.0,0.6109933871088038,1.0,1.0,1.0,0.837913911295335
b2b97b044f3d52f5,2021.10.11.02.57.41_veh-50_02155_02265,unfrozen_visual_sft,True,1.0,1.0,0.7121033311242133,1.0,1.0,1.0,0.8800430546350889
b2dffb44dcbd58e6,2021.10.05.07.49.39_veh-52_00770_00905,unfrozen_visual_sft,True,1.0,1.0,0.762386341744732,1.0,1.0,1.0,0.9009943090603049
b308eee052bc5e70,2021.07.09.15.53.28_veh-38_00184_02293,unfrozen_visual_sft,True,1.0,1.0,0.9211948058444521,1.0,1.0,1.0,0.9671645024351884
b31cfbd91b505320,2021.07.09.20.26.06_veh-35_02793_03289,unfrozen_visual_sft,True,1.0,1.0,0.912606181036573,1.0,1.0,1.0,0.9635859087652388
b3786daf3a0357bd,2021.07.09.15.53.28_veh-38_00184_02293,unfrozen_visual_sft,True,1.0,1.0,1.0,1.0,1.0,1.0,1.0
b3811cb7cd8b5bee,2021.07.09.20.26.06_veh-35_02793_03289,unfrozen_visual_sft,True,1.0,1.0,1.0,1.0,1.0,1.0,1.0
b39a2ad9b6f050a9,2021.07.09.15.53.28_veh-38_00184_02293,unfrozen_visual_sft,True,1.0,1.0,0.8472020256600482,1.0,1.0,1.0,0.9363341773583533
b3c10c514af95e75,2021.10.11.02.57.41_veh-50_01028_01289,unfrozen_visual_sft,True,1.0,1.0,0.8062659686690304,1.0,1.0,1.0,0.9192774869454293
b3d05d10a7075767,2021.10.11.02.57.41_veh-50_01028_01289,unfrozen_visual_sft,True,1.0,1.0,0.6783180469159648,1.0,1.0,1.0,0.865965852881652
b3e4a0d98ed9509d,2021.06.09.12.51.31_veh-35_01729_02626,unfrozen_visual_sft,True,1.0,1.0,0.6336775096392907,1.0,1.0,1.0,0.847365629016371
b3fa24000d6f5d8d,2021.07.09.15.53.28_veh-38_00184_02293,unfrozen_visual_sft,True,1.0,1.0,0.692815168142359,1.0,1.0,1.0,0.8720063200593162
b434729c2a2154c3,2021.10.11.02.57.41_veh-50_02155_02265,unfrozen_visual_sft,True,1.0,1.0,0.8604489541505141,1.0,1.0,1.0,0.9418537308960476
b462555081035453,2021.07.09.20.26.06_veh-35_02793_03289,unfrozen_visual_sft,True,1.0,1.0,0.9001255814423652,1.0,1.0,1.0,0.9583856589343188
b49af1daed2a5108,2021.10.05.08.11.15_veh-50_00437_00585,unfrozen_visual_sft,True,1.0,1.0,0.6369978590841154,1.0,1.0,1.0,0.8487491079517148
b4b4b7ff096852e8,2021.07.09.15.53.28_veh-38_00184_02293,unfrozen_visual_sft,True,1.0,1.0,1.0,1.0,1.0,1.0,1.0
b4da9833a6795b8f,2021.07.09.15.53.28_veh-38_00184_02293,unfrozen_visual_sft,True,1.0,1.0,0.9034604763062031,1.0,1.0,1.0,0.959775198460918
b5099ae80a345e3e,2021.10.05.08.11.15_veh-50_00437_00585,unfrozen_visual_sft,True,1.0,1.0,0.6272928991190114,1.0,1.0,1.0,0.8447053746329214
b518972e5c74575f,2021.07.09.20.26.06_veh-35_02793_03289,unfrozen_visual_sft,True,1.0,1.0,0.8522494165598913,1.0,1.0,1.0,0.9384372568999547
b56363ebc91255ac,2021.06.09.20.26.11_veh-35_00970_01216,unfrozen_visual_sft,True,1.0,1.0,0.7337864520150204,1.0,1.0,1.0,0.8890776883395919
b57bd30f8dbd5371,2021.10.11.02.57.41_veh-50_01028_01289,unfrozen_visual_sft,True,1.0,1.0,1.0,1.0,1.0,1.0,1.0
b5bc586e807859b9,2021.07.09.20.26.06_veh-35_02793_03289,unfrozen_visual_sft,True,1.0,1.0,0.863475540506377,1.0,1.0,1.0,0.9431148085443238
b5d7c17fe5375141,2021.06.09.20.26.11_veh-35_00970_01216,unfrozen_visual_sft,True,1.0,1.0,0.8021511384035067,1.0,1.0,1.0,0.9175629743347944
b5de22e724db5143,2021.06.09.12.06.35_veh-35_01164_01494,unfrozen_visual_sft,True,1.0,1.0,0.5762772551691068,1.0,1.0,1.0,0.8234488563204612
b5e45ceeb763563d,2021.07.09.20.26.06_veh-35_02793_03289,unfrozen_visual_sft,True,1.0,1.0,1.0,1.0,1.0,1.0,1.0
b6182e45cd3b5d7f,2021.06.23.17.31.36_veh-16_00016_00377,unfrozen_visual_sft,True,1.0,1.0,0.7173448040414162,1.0,1.0,1.0,0.8822270016839234
b632e3d66c445180,2021.07.09.15.53.28_veh-38_00184_02293,unfrozen_visual_sft,True,1.0,1.0,0.9964533339566608,1.0,1.0,1.0,0.998522222481942
b63e45593b79588a,2021.10.11.02.57.41_veh-50_02155_02265,unfrozen_visual_sft,True,1.0,1.0,0.7664523196338586,1.0,1.0,1.0,0.9026884665141077
b64628fc8a365a5f,2021.06.09.17.23.18_veh-38_01598_01750,unfrozen_visual_sft,True,1.0,1.0,1.0,1.0,1.0,1.0,1.0
b64e4fd64ae55427,2021.10.05.07.49.39_veh-52_00770_00905,unfrozen_visual_sft,True,1.0,1.0,0.6564598858766195,1.0,1.0,1.0,0.8568582857819248
b6714748d40f5d76,2021.06.09.12.51.31_veh-35_01729_02626,unfrozen_visual_sft,True,1.0,1.0,0.53899505131247,1.0,1.0,1.0,0.8079146047135293
b6745c96ac0e5958,2021.07.09.15.53.28_veh-38_00184_02293,unfrozen_visual_sft,True,1.0,1.0,0.736357113684893,1.0,1.0,1.0,0.8901487973687053
b6aac26e82e05762,2021.06.09.12.06.35_veh-35_01164_01494,unfrozen_visual_sft,True,1.0,1.0,0.9545966573485738,1.0,1.0,1.0,0.9810819405619058
b6d189e5f2ec50c2,2021.06.23.17.31.36_veh-16_00016_00377,unfrozen_visual_sft,True,1.0,1.0,1.0,1.0,1.0,1.0,1.0
b6d928e9508d596b,2021.07.09.15.53.28_veh-38_00184_02293,unfrozen_visual_sft,True,1.0,1.0,1.0,1.0,1.0,1.0,1.0
b735436ddca45550,2021.07.09.15.53.28_veh-38_00184_02293,unfrozen_visual_sft,True,1.0,1.0,1.0,1.0,1.0,1.0,1.0
b73a3a2e7064563b,2021.07.09.15.53.28_veh-38_00184_02293,unfrozen_visual_sft,True,1.0,1.0,0.9981828626382325,1.0,1.0,1.0,0.9992428594325968
b7b9f10bef7a5622,2021.06.23.17.31.36_veh-16_00016_00377,unfrozen_visual_sft,True,1.0,1.0,0.8452962271104861,1.0,1.0,1.0,0.9355400946293692
b7bf330d5c115db3,2021.06.09.12.06.35_veh-35_01164_01494,unfrozen_visual_sft,True,1.0,1.0,0.9444524260088933,1.0,1.0,1.0,0.9768551775037055
b7c1be361c1d5615,2021.07.09.20.26.06_veh-35_02793_03289,unfrozen_visual_sft,True,1.0,1.0,0.7539800442985951,1.0,1.0,1.0,0.8974916851244146
b7e570107a325b8f,2021.07.09.15.53.28_veh-38_00184_02293,unfrozen_visual_sft,True,1.0,1.0,0.6473449506843951,1.0,1.0,1.0,0.853060396118498
b81fcf5bd7a4591a,2021.06.23.17.31.36_veh-16_00016_00377,unfrozen_visual_sft,True,1.0,1.0,1.0,1.0,1.0,1.0,1.0
b83936f0ca9b5b93,2021.07.09.15.53.28_veh-38_00184_02293,unfrozen_visual_sft,True,1.0,1.0,1.0,1.0,1.0,1.0,1.0
b84c65fdf2155597,2021.07.09.15.53.28_veh-38_00184_02293,unfrozen_visual_sft,True,1.0,1.0,0.8212683217750486,1.0,1.0,1.0,0.9255284674062704
b85595849a165d8f,2021.10.05.08.11.15_veh-50_00437_00585,unfrozen_visual_sft,True,1.0,1.0,0.750323332224579,1.0,1.0,1.0,0.8959680550935746
b91fedc2a88751e1,2021.06.09.12.06.35_veh-35_01164_01494,unfrozen_visual_sft,True,1.0,1.0,1.0,1.0,1.0,1.0,1.0
b92d3260427a573d,2021.10.11.02.57.41_veh-50_02155_02265,unfrozen_visual_sft,True,1.0,1.0,0.6597498731598415,1.0,1.0,1.0,0.8582291138166006
b941d62667685487,2021.07.09.15.53.28_veh-38_00184_02293,unfrozen_visual_sft,True,1.0,1.0,0.8553612326536292,1.0,1.0,1.0,0.9397338469390122
b94a09f5d1b550ea,2021.10.11.02.57.41_veh-50_02155_02265,unfrozen_visual_sft,True,1.0,1.0,0.7435642268862335,1.0,1.0,1.0,0.8931517612025973
b95a7514b8775870,2021.06.23.17.31.36_veh-16_00016_00377,unfrozen_visual_sft,True,1.0,1.0,1.0,1.0,1.0,1.0,1.0
b964d00130375a88,2021.10.05.07.49.39_veh-52_00770_00905,unfrozen_visual_sft,True,1.0,1.0,0.8194655537715393,1.0,1.0,1.0,0.9247773140714747
b97938c4b1ac52af,2021.07.09.20.26.06_veh-35_02793_03289,unfrozen_visual_sft,True,1.0,1.0,0.9051297789712641,1.0,1.0,1.0,0.9604707412380268
b98697803d5453a3,2021.07.09.15.53.28_veh-38_00184_02293,unfrozen_visual_sft,True,1.0,1.0,0.9214875993653444,1.0,1.0,1.0,0.9672864997355601
b98a4b4bc2ee5b6a,2021.07.09.20.26.06_veh-35_02793_03289,unfrozen_visual_sft,True,1.0,1.0,0.7885716489136644,1.0,1.0,1.0,0.9119048537140269
b99eaf8d1f355bcc,2021.07.09.15.53.28_veh-38_00184_02293,unfrozen_visual_sft,True,1.0,1.0,0.8087492562608953,1.0,1.0,1.0,0.9203121901087065
b9a812dceaec5add,2021.07.09.15.53.28_veh-38_00184_02293,unfrozen_visual_sft,True,1.0,1.0,0.8536080632385669,1.0,1.0,1.0,0.9390033596827362
b9abb89d389351f8,2021.06.09.12.51.31_veh-35_01729_02626,unfrozen_visual_sft,True,1.0,1.0,1.0,1.0,1.0,1.0,1.0
ba0a961f7dc355f7,2021.07.09.15.53.28_veh-38_00184_02293,unfrozen_visual_sft,True,1.0,1.0,0.7627214269232202,1.0,1.0,0.0,0.9011339278846751
ba0f4d8974e75963,2021.07.09.15.53.28_veh-38_00184_02293,unfrozen_visual_sft,True,1.0,1.0,0.8822710150879634,1.0,1.0,1.0,0.9509462562866514
bade9ac4b8cb5025,2021.07.09.15.53.28_veh-38_00184_02293,unfrozen_visual_sft,True,1.0,1.0,0.76474037997137,1.0,1.0,1.0,0.9019751583214042
baf2dbf6552f5de4,2021.10.11.02.57.41_veh-50_02155_02265,unfrozen_visual_sft,True,1.0,1.0,0.7885283690128916,1.0,1.0,1.0,0.9118868204220382
bb22dd65cf5b51dd,2021.10.05.07.49.39_veh-52_00770_00905,unfrozen_visual_sft,True,1.0,1.0,0.7924668219537854,1.0,1.0,1.0,0.9135278424807439
bb452532dfb25d30,2021.07.09.15.53.28_veh-38_00184_02293,unfrozen_visual_sft,True,1.0,1.0,0.8922598163595346,1.0,1.0,1.0,0.9551082568164727
bb65c8e693035002,2021.06.09.12.51.31_veh-35_01729_02626,unfrozen_visual_sft,True,1.0,1.0,1.0,1.0,1.0,1.0,1.0
bb83b26d840d56b6,2021.10.11.02.57.41_veh-50_01028_01289,unfrozen_visual_sft,True,1.0,1.0,0.6586480002348291,1.0,1.0,1.0,0.8577700000978453
bb9c2a9a955450bc,2021.07.09.20.26.06_veh-35_02793_03289,unfrozen_visual_sft,True,1.0,1.0,1.0,1.0,1.0,1.0,1.0
bba3291877d059ac,2021.07.16.22.40.23_veh-38_00204_00360,unfrozen_visual_sft,True,1.0,1.0,0.9897042578555213,1.0,1.0,1.0,0.9957101074398006
bbf8128f3cbd51ef,2021.06.09.20.26.11_veh-35_00970_01216,unfrozen_visual_sft,True,1.0,1.0,1.0,1.0,1.0,1.0,1.0
bbf94133c5e75ca5,2021.10.11.02.57.41_veh-50_02155_02265,unfrozen_visual_sft,True,1.0,1.0,0.7002835565156601,1.0,1.0,1.0,0.8751181485481917
bc1dfb2384b05a4b,2021.06.09.20.26.11_veh-35_00970_01216,unfrozen_visual_sft,True,1.0,1.0,0.8685396348228974,1.0,1.0,1.0,0.9452248478428739
bc445c24b7545106,2021.07.09.20.26.06_veh-35_02793_03289,unfrozen_visual_sft,True,1.0,1.0,0.8843674597776504,1.0,1.0,1.0,0.9518197749073544
bcf3fcf890f55beb,2021.07.09.15.53.28_veh-38_00184_02293,unfrozen_visual_sft,True,1.0,1.0,1.0,1.0,1.0,1.0,1.0
bd40634c00f1577c,2021.06.09.14.50.36_veh-26_02826_02955,unfrozen_visual_sft,True,1.0,1.0,0.9736908239839093,1.0,1.0,1.0,0.9890378433266288
bd493f896ba85e28,2021.07.09.15.53.28_veh-38_00184_02293,unfrozen_visual_sft,True,1.0,1.0,0.5438739391244568,1.0,1.0,1.0,0.8099474746351903
bd656f4e771156cb,2021.07.09.15.53.28_veh-38_00184_02293,unfrozen_visual_sft,True,1.0,1.0,1.0,1.0,1.0,1.0,1.0
bd65a234358f5492,2021.07.09.15.53.28_veh-38_00184_02293,unfrozen_visual_sft,True,1.0,1.0,0.9520671719354966,1.0,1.0,1.0,0.9800279883064569
bd6f57a9bbce532d,2021.06.09.12.51.31_veh-35_01729_02626,unfrozen_visual_sft,True,1.0,1.0,1.0,1.0,1.0,1.0,1.0
bd8da61ec9b053a6,2021.07.09.20.26.06_veh-35_02793_03289,unfrozen_visual_sft,True,1.0,1.0,1.0,1.0,1.0,1.0,1.0
be0a4fadbbf8555a,2021.07.09.20.26.06_veh-35_02793_03289,unfrozen_visual_sft,True,1.0,1.0,0.8537183935256251,1.0,1.0,1.0,0.9390493306356772
be8cd276bd665f61,2021.06.09.12.06.35_veh-35_01164_01494,unfrozen_visual_sft,True,1.0,1.0,1.0,1.0,1.0,1.0,1.0
be9b110689c05894,2021.07.09.15.53.28_veh-38_00184_02293,unfrozen_visual_sft,True,1.0,1.0,1.0,1.0,1.0,1.0,1.0
beb7c6e766c65d0e,2021.07.09.15.53.28_veh-38_00184_02293,unfrozen_visual_sft,True,1.0,1.0,0.7807226035135186,1.0,1.0,0.0,0.9086344181306328
bef6605735245959,2021.10.11.02.57.41_veh-50_01028_01289,unfrozen_visual_sft,True,1.0,1.0,0.6819720358399998,1.0,1.0,1.0,0.8674883482666665
bf12b61919e85002,2021.10.05.08.11.15_veh-50_00437_00585,unfrozen_visual_sft,True,1.0,1.0,0.9628732175249095,1.0,1.0,1.0,0.9845305073020456
bf2b503b8bff5859,2021.06.09.12.51.31_veh-35_01729_02626,unfrozen_visual_sft,True,1.0,1.0,0.9999886169718,1.0,1.0,1.0,0.9999952570715833
bff3326028ec59ab,2021.07.09.15.53.28_veh-38_00184_02293,unfrozen_visual_sft,True,1.0,1.0,0.8721887512581751,1.0,1.0,1.0,0.9467453130242397
c00abd335c885349,2021.06.09.17.23.18_veh-38_01598_01750,unfrozen_visual_sft,True,1.0,1.0,0.7813369799645171,1.0,1.0,1.0,0.9088904083185488
c00c768576c85009,2021.07.09.15.53.28_veh-38_00184_02293,unfrozen_visual_sft,True,1.0,1.0,1.0,1.0,1.0,1.0,1.0
c050331009ac5df2,2021.10.05.07.49.39_veh-52_00770_00905,unfrozen_visual_sft,True,1.0,1.0,0.7909236380278004,1.0,1.0,1.0,0.9128848491782501
c0921d509e2c502d,2021.10.05.07.49.39_veh-52_00770_00905,unfrozen_visual_sft,True,1.0,1.0,1.0,1.0,1.0,1.0,1.0
c0a403cdf4c053bc,2021.07.09.15.53.28_veh-38_00184_02293,unfrozen_visual_sft,True,1.0,1.0,1.0,1.0,1.0,1.0,1.0
c0d603acd14d5441,2021.07.09.20.26.06_veh-35_02793_03289,unfrozen_visual_sft,True,1.0,1.0,0.8117187299640591,1.0,1.0,1.0,0.9215494708183579
c0dfedf6168e5ca9,2021.07.09.15.53.28_veh-38_00184_02293,unfrozen_visual_sft,True,1.0,1.0,0.9361084754918415,1.0,1.0,1.0,0.973378531454934
c0e018420a2359b3,2021.10.05.07.49.39_veh-52_00770_00905,unfrozen_visual_sft,True,1.0,1.0,0.6817375286090631,1.0,1.0,1.0,0.8673906369204429
c0f92874404d5814,2021.06.23.17.31.36_veh-16_00016_00377,unfrozen_visual_sft,True,1.0,1.0,1.0,1.0,1.0,1.0,1.0
c10584362e7f5f9d,2021.06.09.12.51.31_veh-35_01729_02626,unfrozen_visual_sft,True,1.0,1.0,0.969402416310921,1.0,1.0,1.0,0.987251006796217
c11f2df51dd65f35,2021.07.09.20.26.06_veh-35_02793_03289,unfrozen_visual_sft,True,1.0,1.0,0.9002689203420998,1.0,1.0,1.0,0.9584453834758749
c11fc5cf8d5a516e,2021.07.09.15.53.28_veh-38_00184_02293,unfrozen_visual_sft,True,1.0,1.0,0.8156480540390021,1.0,1.0,1.0,0.9231866891829176
c13bf60d0e065292,2021.10.11.02.57.41_veh-50_02155_02265,unfrozen_visual_sft,True,1.0,1.0,0.7489886227128179,1.0,1.0,1.0,0.8954119261303407
c13c48577f9255c8,2021.08.31.14.01.15_veh-40_01576_01714,unfrozen_visual_sft,True,1.0,1.0,1.0,1.0,1.0,1.0,1.0
c14c33af349e53d0,2021.07.09.20.26.06_veh-35_02793_03289,unfrozen_visual_sft,True,1.0,1.0,0.9101111773261611,1.0,1.0,1.0,0.9625463238859004
c17473f5cacd51be,2021.07.09.15.53.28_veh-38_00184_02293,unfrozen_visual_sft,True,1.0,1.0,1.0,1.0,1.0,1.0,1.0
c1e04a28d50f5105,2021.06.09.12.06.35_veh-35_01164_01494,unfrozen_visual_sft,True,1.0,1.0,1.0,1.0,1.0,1.0,1.0
c1e4bb8da1655e19,2021.08.31.14.01.15_veh-40_01576_01714,unfrozen_visual_sft,True,1.0,1.0,1.0,1.0,1.0,1.0,1.0
c2ab52aa1d45570e,2021.06.09.12.51.31_veh-35_01729_02626,unfrozen_visual_sft,True,1.0,1.0,0.6012693363941817,1.0,1.0,1.0,0.8338622234975758
c3320ccc8a035eec,2021.06.09.20.26.11_veh-35_00970_01216,unfrozen_visual_sft,True,1.0,1.0,0.8208497273702101,1.0,1.0,1.0,0.9253540530709209
c368ddc3ee435179,2021.07.09.15.53.28_veh-38_00184_02293,unfrozen_visual_sft,True,1.0,1.0,1.0,1.0,1.0,1.0,1.0
c3b1d706a2335cc9,2021.10.01.17.52.06_veh-28_01141_01264,unfrozen_visual_sft,True,1.0,1.0,1.0,1.0,1.0,1.0,1.0
c3f177935f5f5d5e,2021.07.09.15.53.28_veh-38_00184_02293,unfrozen_visual_sft,True,1.0,1.0,0.8201791962286002,1.0,1.0,1.0,0.92507466509525
c4220658d3095647,2021.07.09.15.53.28_veh-38_00184_02293,unfrozen_visual_sft,True,1.0,1.0,0.8425008227213059,1.0,1.0,1.0,0.9343753428005441
c47ae82409da5780,2021.10.11.02.57.41_veh-50_01028_01289,unfrozen_visual_sft,True,1.0,1.0,0.7559130738650305,1.0,1.0,1.0,0.8982971141104293
c4f3d6c372f75f22,2021.06.23.17.31.36_veh-16_00016_00377,unfrozen_visual_sft,True,1.0,1.0,1.0,1.0,1.0,1.0,1.0
c4fc1ccdc82752ef,2021.07.09.20.26.06_veh-35_02793_03289,unfrozen_visual_sft,True,1.0,1.0,0.812430805016714,1.0,1.0,1.0,0.9218461687569642
c57100ab365351a9,2021.07.09.15.53.28_veh-38_00184_02293,unfrozen_visual_sft,True,1.0,1.0,0.49947843294006,1.0,1.0,1.0,0.7914493470583585
c588c26050e057b1,2021.06.09.12.06.35_veh-35_01164_01494,unfrozen_visual_sft,True,1.0,1.0,1.0,1.0,1.0,1.0,1.0
c5c83e635ce45982,2021.06.23.17.31.36_veh-16_00016_00377,unfrozen_visual_sft,True,1.0,1.0,0.852365426549679,1.0,1.0,1.0,0.9384855943956995
c5e10c9e5bc853ec,2021.06.09.12.51.31_veh-35_01729_02626,unfrozen_visual_sft,True,1.0,1.0,1.0,1.0,1.0,1.0,1.0
c5f68fedccf05348,2021.07.09.20.26.06_veh-35_02793_03289,unfrozen_visual_sft,True,1.0,1.0,0.9533707434594813,1.0,1.0,1.0,0.9805711431081172
c6cd57d4069b55bb,2021.07.09.20.26.06_veh-35_02793_03289,unfrozen_visual_sft,True,1.0,1.0,0.9113387154550849,1.0,1.0,1.0,0.9630577981062854
c6cfdd13a63555f9,2021.06.23.17.31.36_veh-16_00016_00377,unfrozen_visual_sft,True,1.0,1.0,1.0,1.0,1.0,1.0,1.0
c6de08f6ac3356ed,2021.07.09.15.53.28_veh-38_00184_02293,unfrozen_visual_sft,True,1.0,1.0,1.0,1.0,1.0,1.0,1.0
c6e5078c49e6512e,2021.07.09.15.53.28_veh-38_00184_02293,unfrozen_visual_sft,True,1.0,1.0,1.0,1.0,1.0,1.0,1.0
c73b0140d9f153a8,2021.07.09.20.26.06_veh-35_02793_03289,unfrozen_visual_sft,True,1.0,1.0,0.9130252268677841,1.0,1.0,1.0,0.9637605111949101
c73e4e862203503a,2021.07.09.15.53.28_veh-38_00184_02293,unfrozen_visual_sft,True,1.0,1.0,0.9448842432827645,1.0,1.0,1.0,0.9770351013678186
c77b059c1f3a5674,2021.10.05.07.49.39_veh-52_00770_00905,unfrozen_visual_sft,True,1.0,1.0,0.8246077939754466,1.0,1.0,1.0,0.926919914156436
c781e2c428ee5b12,2021.10.11.02.57.41_veh-50_01028_01289,unfrozen_visual_sft,True,1.0,1.0,0.7422054844422944,1.0,1.0,1.0,0.8925856185176227
c782b0ff62235fda,2021.10.05.08.11.15_veh-50_00437_00585,unfrozen_visual_sft,True,1.0,1.0,0.7592107810843388,1.0,1.0,1.0,0.8996711587851411
c7835426e03a501e,2021.06.09.20.26.11_veh-35_00970_01216,unfrozen_visual_sft,True,1.0,1.0,0.8458009056134929,1.0,1.0,1.0,0.9357503773389553
c790a13084305af6,2021.08.31.14.01.15_veh-40_01576_01714,unfrozen_visual_sft,True,1.0,1.0,1.0,1.0,1.0,1.0,1.0
c7a4ef2685fe5928,2021.10.05.08.11.15_veh-50_00437_00585,unfrozen_visual_sft,True,1.0,1.0,0.5930522699784716,1.0,1.0,1.0,0.8304384458243632
c7d20bed29e95a90,2021.10.05.07.49.39_veh-52_00770_00905,unfrozen_visual_sft,True,1.0,1.0,1.0,1.0,1.0,1.0,1.0
c7e729ba460a565d,2021.10.05.08.11.15_veh-50_00437_00585,unfrozen_visual_sft,True,1.0,1.0,0.8534580291394914,1.0,1.0,1.0,0.9389408454747881
c7ed8536a3815721,2021.07.09.15.53.28_veh-38_00184_02293,unfrozen_visual_sft,True,1.0,1.0,1.0,1.0,1.0,1.0,1.0
c8072f55706c5f01,2021.06.23.17.31.36_veh-16_00016_00377,unfrozen_visual_sft,True,1.0,1.0,1.0,1.0,1.0,1.0,1.0
c817fbce92d158c4,2021.10.11.02.57.41_veh-50_01028_01289,unfrozen_visual_sft,True,1.0,1.0,0.6047821687469005,1.0,1.0,1.0,0.8353259036445418
c8359786d5db538c,2021.07.09.20.26.06_veh-35_02793_03289,unfrozen_visual_sft,True,1.0,1.0,1.0,1.0,1.0,1.0,1.0
c876b08cdb7b50ef,2021.10.05.07.49.39_veh-52_00770_00905,unfrozen_visual_sft,True,1.0,1.0,0.7758512628121399,1.0,1.0,1.0,0.9066046928383916
c8b5826567975fc0,2021.06.09.12.06.35_veh-35_01164_01494,unfrozen_visual_sft,True,1.0,1.0,1.0,1.0,1.0,1.0,1.0
c8f3dd66357c59f2,2021.06.09.12.51.31_veh-35_01729_02626,unfrozen_visual_sft,True,1.0,1.0,1.0,1.0,1.0,1.0,1.0
c9566605ae1c5861,2021.06.09.12.51.31_veh-35_01729_02626,unfrozen_visual_sft,True,1.0,1.0,1.0,1.0,1.0,1.0,1.0
c9cf9a6acf495b50,2021.07.09.15.53.28_veh-38_00184_02293,unfrozen_visual_sft,True,1.0,1.0,1.0,1.0,1.0,1.0,1.0
ca02f85a9a995448,2021.06.09.12.51.31_veh-35_01729_02626,unfrozen_visual_sft,True,1.0,1.0,0.8911022837659416,1.0,1.0,1.0,0.9546259515691423
ca0eb08315185167,2021.07.09.20.26.06_veh-35_02793_03289,unfrozen_visual_sft,True,1.0,1.0,1.0,1.0,1.0,1.0,1.0
ca31b7933f8256e2,2021.08.31.14.01.15_veh-40_01576_01714,unfrozen_visual_sft,True,1.0,1.0,0.8145292113596619,1.0,1.0,1.0,0.9227205047331924
ca5e5cecc6e05022,2021.08.31.14.01.15_veh-40_01576_01714,unfrozen_visual_sft,True,1.0,1.0,1.0,1.0,1.0,1.0,1.0
ca626e7ddb9c5a11,2021.06.09.12.06.35_veh-35_01164_01494,unfrozen_visual_sft,True,1.0,1.0,1.0,1.0,1.0,1.0,1.0
caaeabfe1a50535c,2021.07.09.15.53.28_veh-38_00184_02293,unfrozen_visual_sft,True,1.0,1.0,1.0,1.0,1.0,1.0,1.0
cacc810a5db75d16,2021.06.23.17.31.36_veh-16_00016_00377,unfrozen_visual_sft,True,1.0,1.0,0.7782828947033277,1.0,1.0,1.0,0.9076178727930532
cb0ae811d2c95ead,2021.07.09.20.26.06_veh-35_02793_03289,unfrozen_visual_sft,True,1.0,1.0,1.0,1.0,1.0,1.0,1.0
cb25d763e7bf5a13,2021.07.09.15.53.28_veh-38_00184_02293,unfrozen_visual_sft,True,1.0,1.0,0.9624708560534765,1.0,1.0,1.0,0.9843628566889485
cb8765fe0d6a535b,2021.06.23.17.31.36_veh-16_00016_00377,unfrozen_visual_sft,True,1.0,1.0,1.0,1.0,1.0,1.0,1.0
cbb75454103b5430,2021.07.09.15.53.28_veh-38_00184_02293,unfrozen_visual_sft,True,1.0,1.0,0.9041733095767196,1.0,1.0,1.0,0.9600722123236332
cbd9412932fc5ad1,2021.07.09.15.53.28_veh-38_00184_02293,unfrozen_visual_sft,True,1.0,1.0,1.0,1.0,1.0,1.0,1.0
cbd954347b835347,2021.07.09.15.53.28_veh-38_00184_02293,unfrozen_visual_sft,True,1.0,1.0,1.0,1.0,1.0,1.0,1.0
cbde019469315d96,2021.07.09.15.53.28_veh-38_00184_02293,unfrozen_visual_sft,True,1.0,1.0,1.0,1.0,1.0,1.0,1.0
cc27c4b666135bb2,2021.07.09.15.53.28_veh-38_00184_02293,unfrozen_visual_sft,True,1.0,1.0,0.8223952766134682,1.0,1.0,1.0,0.9259980319222784
cc4e7f2a2a7255f5,2021.06.09.20.26.11_veh-35_00970_01216,unfrozen_visual_sft,True,1.0,1.0,0.5886385659249311,1.0,1.0,1.0,0.8285994024687214
cc8b959e3fcb5079,2021.10.11.02.57.41_veh-50_02155_02265,unfrozen_visual_sft,True,1.0,1.0,0.6522732917383623,1.0,1.0,1.0,0.8551138715576511
cc9156b10b5855ff,2021.07.09.20.26.06_veh-35_02793_03289,unfrozen_visual_sft,True,1.0,1.0,0.706283098804467,1.0,1.0,1.0,0.8776179578351946
cc94486698ff58d1,2021.07.09.20.26.06_veh-35_02793_03289,unfrozen_visual_sft,True,1.0,1.0,0.8017246332950302,1.0,1.0,1.0,0.9173852638729292
cca22cc47f235643,2021.06.09.12.51.31_veh-35_01729_02626,unfrozen_visual_sft,True,1.0,1.0,0.7760484504215196,1.0,1.0,1.0,0.9066868543422998
cca7823320d05bc3,2021.07.16.22.40.23_veh-38_00204_00360,unfrozen_visual_sft,True,1.0,1.0,1.0,1.0,1.0,1.0,1.0
ccace872c29a5f29,2021.10.11.02.57.41_veh-50_02155_02265,unfrozen_visual_sft,True,1.0,1.0,0.7667027722701429,1.0,1.0,1.0,0.9027928217792263
ccd64ddebcda50f6,2021.07.09.20.26.06_veh-35_02793_03289,unfrozen_visual_sft,True,1.0,1.0,0.7847178268876078,1.0,1.0,1.0,0.9102990945365033
cce0038c37ca56a3,2021.10.05.08.11.15_veh-50_00437_00585,unfrozen_visual_sft,True,1.0,1.0,0.675338933152749,1.0,1.0,1.0,0.8647245554803121
cce0aae6d8a853d2,2021.07.09.20.26.06_veh-35_02793_03289,unfrozen_visual_sft,True,1.0,1.0,0.9190123608722371,1.0,1.0,1.0,0.9662551503634322
ccfd863b143e5dd5,2021.06.09.20.26.11_veh-35_00970_01216,unfrozen_visual_sft,True,1.0,1.0,0.8446079692297809,1.0,1.0,1.0,0.9352533205124086
cd10c3adba835576,2021.07.09.15.53.28_veh-38_00184_02293,unfrozen_visual_sft,True,1.0,1.0,0.711119184647151,1.0,1.0,1.0,0.8796329936029795
cd880952086a553c,2021.06.09.12.06.35_veh-35_01164_01494,unfrozen_visual_sft,True,1.0,1.0,0.8676689331054688,1.0,1.0,1.0,0.9448620554606121
cd964face7a55b94,2021.07.09.15.53.28_veh-38_00184_02293,unfrozen_visual_sft,True,1.0,1.0,1.0,1.0,1.0,1.0,1.0
cdbb81fdded65262,2021.10.11.02.57.41_veh-50_02155_02265,unfrozen_visual_sft,True,1.0,1.0,0.6062980608159648,1.0,1.0,1.0,0.8359575253399854
cdc78adcdfae53a0,2021.10.05.08.11.15_veh-50_00437_00585,unfrozen_visual_sft,True,1.0,1.0,1.0,1.0,1.0,0.5,1.0
cdca2eec19585f5e,2021.06.09.12.51.31_veh-35_01729_02626,unfrozen_visual_sft,True,1.0,1.0,1.0,1.0,1.0,1.0,1.0
cdec4cc7781e5d4d,2021.07.09.15.53.28_veh-38_00184_02293,unfrozen_visual_sft,True,1.0,1.0,1.0,1.0,1.0,1.0,1.0
cdf07217a5d057ef,2021.06.09.17.23.18_veh-38_01598_01750,unfrozen_visual_sft,True,1.0,1.0,1.0,1.0,1.0,1.0,1.0
cdf61e643b8e51b2,2021.07.09.15.53.28_veh-38_00184_02293,unfrozen_visual_sft,True,1.0,1.0,0.6071160267149276,1.0,1.0,1.0,0.8362983444645531
ce0d30c4ede35e6e,2021.06.09.17.23.18_veh-38_01598_01750,unfrozen_visual_sft,True,1.0,1.0,1.0,1.0,1.0,1.0,1.0
ce22202f19695a70,2021.07.09.15.53.28_veh-38_00184_02293,unfrozen_visual_sft,True,1.0,1.0,0.7128816847412885,1.0,1.0,1.0,0.8803673686422036
ce256aa4ec3e5725,2021.07.09.15.53.28_veh-38_00184_02293,unfrozen_visual_sft,True,1.0,1.0,1.0,1.0,1.0,1.0,1.0
ce2ce7fb20ef570c,2021.10.11.02.57.41_veh-50_02155_02265,unfrozen_visual_sft,True,1.0,1.0,0.6523575445270976,1.0,1.0,1.0,0.8551489768862907
ce77e05891225999,2021.08.31.14.01.15_veh-40_01576_01714,unfrozen_visual_sft,True,1.0,1.0,0.8691929234111964,1.0,1.0,1.0,0.9454970514213318
ceb16c2c18d252f3,2021.08.31.14.01.15_veh-40_01576_01714,unfrozen_visual_sft,True,1.0,1.0,1.0,1.0,1.0,1.0,1.0
cf11598e8f995d83,2021.06.09.12.06.35_veh-35_01164_01494,unfrozen_visual_sft,True,1.0,1.0,0.9008479214787408,1.0,1.0,1.0,0.9586866339494753
cf1679ce3a565466,2021.07.09.15.53.28_veh-38_00184_02293,unfrozen_visual_sft,True,1.0,1.0,1.0,1.0,1.0,1.0,1.0
cf1b07486b655b3a,2021.10.01.17.52.06_veh-28_01141_01264,unfrozen_visual_sft,True,1.0,1.0,0.9598772072416142,1.0,1.0,1.0,0.983282169684006
cf3c3737fbc355eb,2021.07.09.15.53.28_veh-38_00184_02293,unfrozen_visual_sft,True,1.0,1.0,0.816628743041744,1.0,1.0,1.0,0.9235953096007267
cf4f76be62c25b5f,2021.06.09.20.26.11_veh-35_00970_01216,unfrozen_visual_sft,True,1.0,1.0,1.0,1.0,1.0,1.0,1.0
cf53947dbbef5730,2021.07.09.15.53.28_veh-38_00184_02293,unfrozen_visual_sft,True,1.0,1.0,0.962610090288382,1.0,1.0,1.0,0.9844208709534925
cf5cb6cadfbd52e9,2021.06.09.20.26.11_veh-35_00970_01216,unfrozen_visual_sft,True,1.0,1.0,0.8011400519419638,1.0,1.0,1.0,0.9171416883091515
cffa453c95b657c1,2021.06.23.17.31.36_veh-16_00016_00377,unfrozen_visual_sft,True,1.0,1.0,0.8480951975984024,1.0,1.0,1.0,0.9367063323326676
d024230338045f83,2021.10.11.02.57.41_veh-50_01028_01289,unfrozen_visual_sft,True,1.0,1.0,0.5902885142098941,1.0,1.0,1.0,0.8292868809207893
d06c2bb897f05b5c,2021.10.11.02.57.41_veh-50_02155_02265,unfrozen_visual_sft,True,1.0,1.0,0.743546566412109,1.0,1.0,1.0,0.893144402671712
d13ac79c8321555f,2021.07.09.15.53.28_veh-38_00184_02293,unfrozen_visual_sft,True,1.0,1.0,0.904338279677368,1.0,1.0,1.0,0.9601409498655701
d15d534ad5fb5212,2021.07.09.15.53.28_veh-38_00184_02293,unfrozen_visual_sft,True,1.0,1.0,1.0,1.0,1.0,1.0,1.0
d1828b733a4857dd,2021.07.09.15.53.28_veh-38_00184_02293,unfrozen_visual_sft,True,1.0,1.0,0.7752802371946453,1.0,1.0,1.0,0.9063667654977688
d1b49eebe00059c4,2021.07.09.20.26.06_veh-35_02793_03289,unfrozen_visual_sft,True,1.0,1.0,1.0,1.0,1.0,1.0,1.0
d1fc6c37998c5b40,2021.06.09.12.06.35_veh-35_01164_01494,unfrozen_visual_sft,True,1.0,1.0,0.8341498550579175,1.0,1.0,1.0,0.930895772940799
d216d83e53955d24,2021.07.09.15.53.28_veh-38_00184_02293,unfrozen_visual_sft,True,1.0,1.0,1.0,1.0,1.0,1.0,1.0
d22040e885bf5509,2021.08.31.14.01.15_veh-40_01576_01714,unfrozen_visual_sft,True,1.0,1.0,1.0,1.0,1.0,1.0,1.0
d2238c0841d254ba,2021.06.23.17.31.36_veh-16_00016_00377,unfrozen_visual_sft,True,1.0,1.0,1.0,1.0,1.0,1.0,1.0
d253715e74925e00,2021.06.23.17.31.36_veh-16_00016_00377,unfrozen_visual_sft,True,1.0,1.0,1.0,1.0,1.0,1.0,1.0
d28278a8dbb15ab5,2021.07.09.15.53.28_veh-38_00184_02293,unfrozen_visual_sft,True,1.0,1.0,0.7798725860150568,1.0,1.0,1.0,0.9082802441729404
d2906d36973b5d41,2021.06.09.20.26.11_veh-35_00970_01216,unfrozen_visual_sft,True,1.0,1.0,0.8670056845381267,1.0,1.0,1.0,0.9445857018908862
d2b44693e1fe5019,2021.10.11.02.57.41_veh-50_02155_02265,unfrozen_visual_sft,True,1.0,1.0,0.7315481770657873,1.0,1.0,1.0,0.8881450737774115
d2d0ac3e597b5959,2021.07.09.15.53.28_veh-38_00184_02293,unfrozen_visual_sft,True,1.0,1.0,0.9595271287221234,1.0,1.0,1.0,0.9831363036342181
d2e11ce62743532a,2021.07.09.15.53.28_veh-38_00184_02293,unfrozen_visual_sft,True,1.0,1.0,0.9464164932841586,1.0,1.0,1.0,0.9776735388683994
d3229ec0bd73520c,2021.10.11.02.57.41_veh-50_02155_02265,unfrozen_visual_sft,True,1.0,1.0,0.7306588362661693,1.0,1.0,1.0,0.8877745151109039
d344a8704ee85f35,2021.06.09.12.51.31_veh-35_01729_02626,unfrozen_visual_sft,True,1.0,1.0,0.9342580598472885,1.0,1.0,1.0,0.9726075249363703
d3ac5b4aac44586a,2021.07.09.15.53.28_veh-38_00184_02293,unfrozen_visual_sft,True,1.0,1.0,0.8158602506682998,1.0,1.0,1.0,0.9232751044451248
d3addd2ca8c15a58,2021.06.09.12.06.35_veh-35_01164_01494,unfrozen_visual_sft,True,1.0,1.0,1.0,1.0,1.0,1.0,1.0
d3e39f5f0aed50d1,2021.07.09.15.53.28_veh-38_00184_02293,unfrozen_visual_sft,True,1.0,1.0,1.0,1.0,1.0,1.0,1.0
d4196ca11ef45f55,2021.06.09.20.26.11_veh-35_00970_01216,unfrozen_visual_sft,True,1.0,1.0,1.0,1.0,1.0,1.0,1.0
d43f45ce61dd52e3,2021.06.23.17.31.36_veh-16_00016_00377,unfrozen_visual_sft,True,1.0,1.0,1.0,1.0,1.0,1.0,1.0
d4a4be0043ee53d8,2021.07.09.20.26.06_veh-35_02793_03289,unfrozen_visual_sft,True,1.0,1.0,0.8663655897155622,1.0,1.0,1.0,0.9443189957148176
d4aca7a7d5ba5ff7,2021.07.09.20.26.06_veh-35_02793_03289,unfrozen_visual_sft,True,1.0,1.0,0.9248486913219814,1.0,1.0,1.0,0.9686869547174922
d4bb3dc7c7005656,2021.07.09.15.53.28_veh-38_00184_02293,unfrozen_visual_sft,True,1.0,1.0,0.6805384059689521,1.0,1.0,1.0,0.8668910024870634
d4d0d31bd49b525a,2021.07.09.15.53.28_veh-38_00184_02293,unfrozen_visual_sft,True,1.0,1.0,1.0,1.0,1.0,1.0,1.0
d4fa1b8fc27a5733,2021.06.09.12.51.31_veh-35_01729_02626,unfrozen_visual_sft,True,1.0,1.0,0.8557941260449204,1.0,1.0,1.0,0.9399142191853835
d51990badc6e5787,2021.06.09.12.51.31_veh-35_01729_02626,unfrozen_visual_sft,True,1.0,1.0,0.9353414855399511,1.0,1.0,1.0,0.973058952308313
d53f4d4045e55032,2021.06.23.17.31.36_veh-16_00016_00377,unfrozen_visual_sft,True,1.0,1.0,1.0,1.0,1.0,1.0,1.0
d5f3fa4290b459df,2021.07.09.15.53.28_veh-38_00184_02293,unfrozen_visual_sft,True,1.0,1.0,0.5812624619942135,1.0,1.0,1.0,0.8255260258309223
d61967204e52594f,2021.07.09.15.53.28_veh-38_00184_02293,unfrozen_visual_sft,True,1.0,1.0,0.9445646803889771,1.0,1.0,1.0,0.9769019501620738
d61a2d5301f15b77,2021.07.09.15.53.28_veh-38_00184_02293,unfrozen_visual_sft,True,1.0,1.0,1.0,1.0,1.0,1.0,1.0
d662eafbf56753f4,2021.07.09.20.26.06_veh-35_02793_03289,unfrozen_visual_sft,True,1.0,1.0,0.8911163100893326,1.0,1.0,1.0,0.9546317958705552
d679a3e70e39596e,2021.07.09.15.53.28_veh-38_00184_02293,unfrozen_visual_sft,True,1.0,1.0,0.9484017148542787,1.0,1.0,1.0,0.9785007145226161
d68969642ec45b19,2021.06.09.12.51.31_veh-35_01729_02626,unfrozen_visual_sft,True,1.0,1.0,0.6677276120887075,1.0,1.0,1.0,0.8615531717036281
d6997b98b3085c2b,2021.07.09.15.53.28_veh-38_00184_02293,unfrozen_visual_sft,True,1.0,1.0,0.8390722282721715,1.0,1.0,1.0,0.9329467617800714
d728b2624f4055ea,2021.10.11.02.57.41_veh-50_02155_02265,unfrozen_visual_sft,True,1.0,1.0,0.6543105295246407,1.0,1.0,1.0,0.8559627206352669
d72a31dfc0ec5e11,2021.10.01.17.52.06_veh-28_01141_01264,unfrozen_visual_sft,True,1.0,1.0,0.9324842549645725,1.0,1.0,1.0,0.9718684395685718
d7a0fd1066dc5ce5,2021.07.09.15.53.28_veh-38_00184_02293,unfrozen_visual_sft,True,1.0,1.0,0.852707294812321,1.0,1.0,1.0,0.9386280395051338
d7a938f1b20652bf,2021.06.09.12.51.31_veh-35_01729_02626,unfrozen_visual_sft,True,1.0,1.0,1.0,1.0,1.0,1.0,1.0
d7b9d08eb35e54b4,2021.08.31.14.01.15_veh-40_01576_01714,unfrozen_visual_sft,True,1.0,1.0,0.8091294320557856,1.0,1.0,1.0,0.9204705966899107
d7e370e3315453ae,2021.07.09.20.26.06_veh-35_02793_03289,unfrozen_visual_sft,True,1.0,1.0,0.5251514169370527,1.0,1.0,1.0,0.802146423723772
d7e631755e5a54ad,2021.06.09.12.51.31_veh-35_01729_02626,unfrozen_visual_sft,True,1.0,1.0,0.9910599697366219,1.0,1.0,1.0,0.9962749873902591
d7e69541e68a5b3b,2021.07.09.20.26.06_veh-35_02793_03289,unfrozen_visual_sft,True,1.0,1.0,0.9072739419342724,1.0,1.0,1.0,0.9613641424726135
d8118f444d4d574e,2021.07.09.20.26.06_veh-35_02793_03289,unfrozen_visual_sft,True,1.0,1.0,0.983473797514033,1.0,1.0,1.0,0.9931140822975136
d84af418335b5dbe,2021.07.09.15.53.28_veh-38_00184_02293,unfrozen_visual_sft,True,1.0,1.0,1.0,1.0,1.0,1.0,1.0
d877af354e355798,2021.07.09.15.53.28_veh-38_00184_02293,unfrozen_visual_sft,True,1.0,1.0,0.8340523986813801,1.0,1.0,1.0,0.9308551661172416
d8c8e4dbeb2158b0,2021.10.11.02.57.41_veh-50_01028_01289,unfrozen_visual_sft,True,1.0,1.0,1.0,1.0,1.0,1.0,1.0
d8d46f536585556f,2021.07.09.15.53.28_veh-38_00184_02293,unfrozen_visual_sft,True,1.0,1.0,1.0,1.0,1.0,1.0,1.0
d8e282ed6cff5dac,2021.10.11.02.57.41_veh-50_02155_02265,unfrozen_visual_sft,True,1.0,1.0,0.7014197179010033,1.0,1.0,1.0,0.875591549125418
d8f097f9fa2e52f7,2021.07.09.15.53.28_veh-38_00184_02293,unfrozen_visual_sft,True,1.0,1.0,0.8618902783284716,1.0,1.0,1.0,0.9424542826368633
d9132b3c692558c8,2021.07.09.20.26.06_veh-35_02793_03289,unfrozen_visual_sft,True,1.0,1.0,0.8419719023615168,1.0,1.0,1.0,0.9341549593172985
d967ad2a03a1521a,2021.07.09.15.53.28_veh-38_00184_02293,unfrozen_visual_sft,True,1.0,1.0,0.8659447314009254,1.0,1.0,1.0,0.944143638083719
d9a26b78907c5afa,2021.10.05.07.49.39_veh-52_00770_00905,unfrozen_visual_sft,True,1.0,1.0,0.6882962210113042,1.0,1.0,1.0,0.8701234254213768
d9bb698c62405297,2021.06.09.12.51.31_veh-35_01729_02626,unfrozen_visual_sft,True,1.0,1.0,1.0,1.0,1.0,1.0,1.0
d9d4ea61407b50cf,2021.06.09.12.06.35_veh-35_01164_01494,unfrozen_visual_sft,True,1.0,1.0,0.9089650980927081,1.0,1.0,1.0,0.9620687908719617
d9defa86501154b4,2021.07.09.15.53.28_veh-38_00184_02293,unfrozen_visual_sft,True,1.0,1.0,1.0,1.0,1.0,1.0,1.0
d9e2c39b092159c4,2021.07.09.15.53.28_veh-38_00184_02293,unfrozen_visual_sft,True,1.0,1.0,1.0,1.0,1.0,1.0,1.0
d9e7a7614b095a0b,2021.10.05.08.11.15_veh-50_00437_00585,unfrozen_visual_sft,True,1.0,1.0,0.8296940374976816,1.0,1.0,1.0,0.9290391822907006
da2f830999325306,2021.07.09.15.53.28_veh-38_00184_02293,unfrozen_visual_sft,True,1.0,1.0,0.8573616455818593,1.0,1.0,1.0,0.9405673523257748
da378bcae7675636,2021.10.11.02.57.41_veh-50_02155_02265,unfrozen_visual_sft,True,1.0,1.0,0.6432960065630222,1.0,1.0,1.0,0.851373336067926
daa2dd83846355d1,2021.07.09.20.26.06_veh-35_02793_03289,unfrozen_visual_sft,True,1.0,1.0,0.8409190362356302,1.0,1.0,1.0,0.9337162650981793
db5aa5f382f25aaa,2021.07.09.15.53.28_veh-38_00184_02293,unfrozen_visual_sft,True,1.0,1.0,0.7249216413389238,1.0,1.0,1.0,0.8853840172245516
db812a0eaf435d65,2021.06.23.17.31.36_veh-16_00016_00377,unfrozen_visual_sft,True,1.0,1.0,1.0,1.0,1.0,1.0,1.0
db9df85eaa605bd1,2021.10.05.07.49.39_veh-52_00770_00905,unfrozen_visual_sft,True,1.0,1.0,0.6597953863543888,1.0,1.0,1.0,0.8582480776476621
dbb61fca58fc5037,2021.06.09.12.51.31_veh-35_01729_02626,unfrozen_visual_sft,True,1.0,1.0,1.0,1.0,1.0,1.0,1.0
dbdde78f03545776,2021.07.09.15.53.28_veh-38_00184_02293,unfrozen_visual_sft,True,1.0,1.0,1.0,1.0,1.0,1.0,1.0
dbe9196d84d9511c,2021.07.09.15.53.28_veh-38_00184_02293,unfrozen_visual_sft,True,1.0,1.0,1.0,1.0,1.0,1.0,1.0
dc5adf1f1c2e5567,2021.10.05.07.49.39_veh-52_00770_00905,unfrozen_visual_sft,True,1.0,1.0,0.8132180745780844,1.0,1.0,1.0,0.9221741977408685
dc5d48591a565e58,2021.10.11.02.57.41_veh-50_01028_01289,unfrozen_visual_sft,True,1.0,1.0,0.9866818753023935,1.0,1.0,1.0,0.9944507813759973
dc5dc0a76c7c546a,2021.06.09.20.26.11_veh-35_00970_01216,unfrozen_visual_sft,True,1.0,1.0,0.8149921520353263,1.0,1.0,1.0,0.922913396681386
dc70a7b62c155d19,2021.08.31.14.01.15_veh-40_01576_01714,unfrozen_visual_sft,True,1.0,1.0,0.7955097914853162,1.0,1.0,1.0,0.9147957464522151
dc7ec70fa4d050be,2021.10.11.02.57.41_veh-50_02155_02265,unfrozen_visual_sft,True,1.0,1.0,0.6867583686703154,1.0,1.0,1.0,0.8694826536126313
dca94801958a53aa,2021.07.09.15.53.28_veh-38_00184_02293,unfrozen_visual_sft,True,1.0,1.0,0.9365444260825047,1.0,1.0,1.0,0.973560177534377
dcc745e412fe5fbd,2021.06.09.12.06.35_veh-35_01164_01494,unfrozen_visual_sft,True,1.0,1.0,0.7963080758426448,1.0,1.0,1.0,0.9151283649344354
dccfde2da28d5dbe,2021.10.05.07.49.39_veh-52_00770_00905,unfrozen_visual_sft,True,1.0,1.0,0.7701776991550602,1.0,1.0,1.0,0.9042407079812751
dd0ee62e28ee5eaf,2021.06.09.20.26.11_veh-35_00970_01216,unfrozen_visual_sft,True,1.0,1.0,0.828465913069593,1.0,1.0,1.0,0.928527463778997
dd11bc3330605dfd,2021.06.09.14.50.36_veh-26_02826_02955,unfrozen_visual_sft,True,1.0,1.0,1.0,1.0,1.0,1.0,1.0
dd2d2dd7d4885bbe,2021.06.09.12.51.31_veh-35_01729_02626,unfrozen_visual_sft,True,1.0,1.0,1.0,1.0,1.0,1.0,1.0
dd35faabfd005af0,2021.07.09.15.53.28_veh-38_00184_02293,unfrozen_visual_sft,True,1.0,1.0,1.0,1.0,1.0,1.0,1.0
dd4e1fa056b456f3,2021.07.09.15.53.28_veh-38_00184_02293,unfrozen_visual_sft,True,1.0,1.0,1.0,1.0,1.0,1.0,1.0
dd73b1a1de5253b0,2021.10.05.07.49.39_veh-52_00770_00905,unfrozen_visual_sft,True,1.0,1.0,0.8254787701207579,1.0,1.0,1.0,0.9272828208836491
dd8848619c6f5c22,2021.07.09.15.53.28_veh-38_00184_02293,unfrozen_visual_sft,True,1.0,1.0,0.9318296780798795,1.0,1.0,1.0,0.9715956991999498
dd8b61c70dc05550,2021.07.16.22.40.23_veh-38_00204_00360,unfrozen_visual_sft,True,1.0,1.0,1.0,1.0,1.0,1.0,1.0
dd9d8e686a345f74,2021.10.05.07.49.39_veh-52_00770_00905,unfrozen_visual_sft,True,1.0,1.0,0.7193329820126925,1.0,1.0,1.0,0.8830554091719552
ddc6f1960bc05d62,2021.06.23.17.31.36_veh-16_00016_00377,unfrozen_visual_sft,True,1.0,1.0,1.0,1.0,1.0,1.0,1.0
de1498ad86835196,2021.06.23.17.31.36_veh-16_00016_00377,unfrozen_visual_sft,True,1.0,1.0,0.836432485675674,1.0,1.0,1.0,0.9318468690315308
de72514102555fab,2021.10.11.02.57.41_veh-50_02155_02265,unfrozen_visual_sft,True,1.0,1.0,0.7519514763317484,1.0,1.0,1.0,0.8966464484715618
de7549a363f15a36,2021.07.09.15.53.28_veh-38_00184_02293,unfrozen_visual_sft,True,1.0,1.0,0.6832424721885767,1.0,1.0,1.0,0.8680176967452402
de99492d90ed5808,2021.07.09.15.53.28_veh-38_00184_02293,unfrozen_visual_sft,True,1.0,1.0,1.0,1.0,1.0,1.0,1.0
de9c0d8341d65b55,2021.07.16.22.40.23_veh-38_00204_00360,unfrozen_visual_sft,True,1.0,1.0,1.0,1.0,1.0,1.0,1.0
dee420665f2d5ee5,2021.10.11.02.57.41_veh-50_02155_02265,unfrozen_visual_sft,True,1.0,1.0,0.7760213527899322,1.0,1.0,1.0,0.9066755636624718
df09da21f9a35c0c,2021.07.09.15.53.28_veh-38_00184_02293,unfrozen_visual_sft,True,1.0,1.0,0.8933331088606488,1.0,1.0,1.0,0.9555554620252703
df242b87199d5acb,2021.07.09.15.53.28_veh-38_00184_02293,unfrozen_visual_sft,True,1.0,1.0,0.9544556616436968,1.0,1.0,1.0,0.9810231923515403
dfe3214ab3e850a3,2021.08.31.14.01.15_veh-40_01576_01714,unfrozen_visual_sft,True,1.0,1.0,0.9090447625786828,1.0,1.0,1.0,0.9621019844077846
e003efe0bcee5ce5,2021.07.09.15.53.28_veh-38_00184_02293,unfrozen_visual_sft,True,1.0,1.0,0.9515419138095615,1.0,1.0,1.0,0.979809130753984
e0488ea0836c5bf6,2021.07.09.15.53.28_veh-38_00184_02293,unfrozen_visual_sft,True,1.0,1.0,1.0,1.0,1.0,1.0,1.0
e06108e069b55486,2021.07.09.20.26.06_veh-35_02793_03289,unfrozen_visual_sft,True,1.0,1.0,0.8364654337877696,1.0,1.0,1.0,0.9318605974115707
e069d39ff2ab55bc,2021.06.09.12.51.31_veh-35_01729_02626,unfrozen_visual_sft,True,1.0,1.0,0.7472784319173247,1.0,1.0,1.0,0.8946993466322186
e06b4eb07a9b5be3,2021.06.09.20.26.11_veh-35_00970_01216,unfrozen_visual_sft,True,1.0,1.0,0.6844169900063108,1.0,1.0,1.0,0.8685070791692961
e07749952a0f5f5d,2021.07.09.15.53.28_veh-38_00184_02293,unfrozen_visual_sft,True,1.0,1.0,0.9311865613411034,1.0,1.0,1.0,0.9713277338921266
e0893a06ed5e5bb3,2021.07.09.15.53.28_veh-38_00184_02293,unfrozen_visual_sft,True,1.0,1.0,1.0,1.0,1.0,1.0,1.0
e0990db225ab5e2b,2021.07.09.20.26.06_veh-35_02793_03289,unfrozen_visual_sft,True,1.0,1.0,0.8825187342459868,1.0,1.0,1.0,0.9510494726024946
e0aa4d3682c6594a,2021.06.09.12.06.35_veh-35_01164_01494,unfrozen_visual_sft,True,1.0,1.0,0.8687349528423243,1.0,1.0,1.0,0.9453062303509684
e1320bebb7f25f65,2021.07.09.20.26.06_veh-35_02793_03289,unfrozen_visual_sft,True,1.0,1.0,0.8635983871657363,1.0,1.0,1.0,0.9431659946523901
e1a9b17e1fee5fe5,2021.10.11.02.57.41_veh-50_01028_01289,unfrozen_visual_sft,True,1.0,1.0,0.7216152829623294,1.0,1.0,1.0,0.8840063679009705
e24fd0e278275c0b,2021.07.09.15.53.28_veh-38_00184_02293,unfrozen_visual_sft,True,1.0,1.0,1.0,1.0,1.0,1.0,1.0
e25b028f941158d3,2021.10.05.08.11.15_veh-50_00437_00585,unfrozen_visual_sft,True,1.0,1.0,0.6464681358170159,1.0,1.0,1.0,0.8526950565904233
e26a0932b153560d,2021.07.09.15.53.28_veh-38_00184_02293,unfrozen_visual_sft,True,1.0,1.0,1.0,1.0,1.0,1.0,1.0
e26edc6457f85a2c,2021.10.05.08.11.15_veh-50_00437_00585,unfrozen_visual_sft,True,1.0,1.0,0.6897531853871247,1.0,1.0,1.0,0.870730493911302
e27c4e988e10569a,2021.07.09.20.26.06_veh-35_02793_03289,unfrozen_visual_sft,True,1.0,1.0,0.6030021761990474,1.0,1.0,1.0,0.8345842400829365
e2898986047c5b29,2021.10.11.02.57.41_veh-50_02155_02265,unfrozen_visual_sft,True,1.0,1.0,0.6241665660441509,1.0,1.0,1.0,0.8434027358517295
e2c494b98d885c19,2021.06.23.17.31.36_veh-16_00016_00377,unfrozen_visual_sft,True,1.0,1.0,1.0,1.0,1.0,1.0,1.0
e2f005a68443572a,2021.10.11.02.57.41_veh-50_02155_02265,unfrozen_visual_sft,True,1.0,1.0,0.709139225727698,1.0,1.0,1.0,0.8788080107198741
e2ff3a9fc9e0580d,2021.06.09.12.06.35_veh-35_01164_01494,unfrozen_visual_sft,True,1.0,1.0,0.9069435847548158,1.0,1.0,1.0,0.9612264936478399
e31bf22d49f454e8,2021.07.09.15.53.28_veh-38_00184_02293,unfrozen_visual_sft,True,1.0,1.0,0.8322587006711387,1.0,1.0,1.0,0.9301077919463078
e322f2e6452f508e,2021.06.09.12.51.31_veh-35_01729_02626,unfrozen_visual_sft,True,1.0,1.0,1.0,1.0,1.0,1.0,1.0
e340e429f0015853,2021.07.09.15.53.28_veh-38_00184_02293,unfrozen_visual_sft,True,1.0,1.0,0.975852282616312,1.0,1.0,1.0,0.98993845109013
e34cae2fefab55b8,2021.07.09.20.26.06_veh-35_02793_03289,unfrozen_visual_sft,True,1.0,1.0,0.7929984221868761,1.0,1.0,1.0,0.913749342577865
e3da0e20e0b556fc,2021.07.09.15.53.28_veh-38_00184_02293,unfrozen_visual_sft,True,1.0,1.0,1.0,1.0,1.0,1.0,1.0
e3e96778dac3541c,2021.07.09.15.53.28_veh-38_00184_02293,unfrozen_visual_sft,True,1.0,1.0,0.8233347049584141,1.0,1.0,1.0,0.9263894603993391
e43549ea94f75b60,2021.07.09.15.53.28_veh-38_00184_02293,unfrozen_visual_sft,True,1.0,1.0,0.9101074345359049,1.0,1.0,1.0,0.9625447643899604
e436b19cf83151cc,2021.07.09.15.53.28_veh-38_00184_02293,unfrozen_visual_sft,True,1.0,1.0,1.0,1.0,1.0,1.0,1.0
e43cc13c56e855d5,2021.06.09.12.51.31_veh-35_01729_02626,unfrozen_visual_sft,True,1.0,1.0,1.0,1.0,1.0,1.0,1.0
e447ace78361537e,2021.10.05.07.49.39_veh-52_00770_00905,unfrozen_visual_sft,True,1.0,1.0,0.9827343992245217,1.0,1.0,1.0,0.9928059996768841
e45bba9f532950f7,2021.06.09.12.51.31_veh-35_01729_02626,unfrozen_visual_sft,True,1.0,1.0,0.9042826726971357,1.0,1.0,1.0,0.9601177802904731
e49b47bbb0c55e1e,2021.06.09.17.23.18_veh-38_01598_01750,unfrozen_visual_sft,True,1.0,1.0,0.8689107461618593,1.0,1.0,1.0,0.9453794775674412
e4bf21cd63585bf7,2021.07.09.20.26.06_veh-35_02793_03289,unfrozen_visual_sft,True,1.0,1.0,0.8339517098824252,1.0,1.0,1.0,0.9308132124510106
e4c4b061d1845fd6,2021.10.11.02.57.41_veh-50_01028_01289,unfrozen_visual_sft,True,1.0,1.0,1.0,1.0,1.0,1.0,1.0
e4d05b1ce25250bb,2021.07.09.15.53.28_veh-38_00184_02293,unfrozen_visual_sft,True,1.0,1.0,0.9958163052596192,1.0,1.0,1.0,0.9982567938581747
e4d2a56f36c45c20,2021.06.09.14.50.36_veh-26_02826_02955,unfrozen_visual_sft,True,1.0,1.0,1.0,1.0,1.0,1.0,1.0
e4eda26dbd53523d,2021.06.09.12.51.31_veh-35_01729_02626,unfrozen_visual_sft,True,1.0,1.0,1.0,1.0,1.0,1.0,1.0
e503592e74a35c78,2021.06.23.17.31.36_veh-16_00016_00377,unfrozen_visual_sft,True,1.0,1.0,0.7255055294657096,1.0,1.0,1.0,0.8856273039440458
e507573c08815f9e,2021.07.09.20.26.06_veh-35_02793_03289,unfrozen_visual_sft,True,1.0,1.0,0.7210686907605044,1.0,1.0,1.0,0.8837786211502102
e522cb132d57506a,2021.06.09.12.51.31_veh-35_01729_02626,unfrozen_visual_sft,True,1.0,1.0,0.9468195137030183,1.0,1.0,1.0,0.9778414640429243
e52ef27d2d245c63,2021.06.09.12.51.31_veh-35_01729_02626,unfrozen_visual_sft,True,1.0,1.0,0.8217441415144228,1.0,1.0,1.0,0.9257267256310096
e5581fb84ddb5ffb,2021.07.09.15.53.28_veh-38_00184_02293,unfrozen_visual_sft,True,1.0,1.0,0.9818746810227379,1.0,1.0,1.0,0.9924477837594742
e58acbf0106153ad,2021.07.09.15.53.28_veh-38_00184_02293,unfrozen_visual_sft,True,1.0,1.0,1.0,1.0,1.0,1.0,1.0
e59bd5d207065b9a,2021.06.09.12.06.35_veh-35_01164_01494,unfrozen_visual_sft,True,1.0,1.0,0.781156606677005,1.0,1.0,1.0,0.9088152527820853
e5a4f230a7a05b18,2021.08.31.14.01.15_veh-40_01576_01714,unfrozen_visual_sft,True,1.0,1.0,0.806586461766448,1.0,1.0,1.0,0.9194110257360201
e5b1df76988c57a7,2021.07.09.15.53.28_veh-38_00184_02293,unfrozen_visual_sft,True,1.0,1.0,1.0,1.0,1.0,1.0,1.0
e614a559776c5e86,2021.07.09.15.53.28_veh-38_00184_02293,unfrozen_visual_sft,True,1.0,1.0,0.7906925628890832,1.0,1.0,1.0,0.9127885678704514
e634731f91015bab,2021.07.09.15.53.28_veh-38_00184_02293,unfrozen_visual_sft,True,1.0,1.0,0.8280164244223376,1.0,1.0,1.0,0.9283401768426406
e6422bb22e125756,2021.08.31.11.47.30_veh-40_00919_01000,unfrozen_visual_sft,True,1.0,1.0,1.0,1.0,1.0,1.0,1.0
e699ef478771586b,2021.08.31.11.47.30_veh-40_00919_01000,unfrozen_visual_sft,True,1.0,1.0,0.801541898231823,1.0,1.0,1.0,0.9173091242632596
e69baaae152259ad,2021.10.11.02.57.41_veh-50_02155_02265,unfrozen_visual_sft,True,1.0,1.0,0.7292810765572797,1.0,1.0,1.0,0.8872004485655332
e6aabd1342ce54e2,2021.07.09.15.53.28_veh-38_00184_02293,unfrozen_visual_sft,True,1.0,1.0,0.8042350800601012,1.0,1.0,1.0,0.9184312833583755
e6c4af98a23f5868,2021.07.09.15.53.28_veh-38_00184_02293,unfrozen_visual_sft,True,1.0,1.0,1.0,1.0,1.0,1.0,1.0
e6e9a5b8b26755b2,2021.07.09.15.53.28_veh-38_00184_02293,unfrozen_visual_sft,True,1.0,1.0,1.0,1.0,1.0,1.0,1.0
e6f686686cc452cf,2021.06.09.12.51.31_veh-35_01729_02626,unfrozen_visual_sft,True,1.0,1.0,0.9382152731473351,1.0,1.0,1.0,0.9742563638113896
e6fa8db6e41a5139,2021.10.11.02.57.41_veh-50_02155_02265,unfrozen_visual_sft,True,1.0,1.0,0.7028492291876673,1.0,1.0,1.0,0.8761871788281947
e70a9c0c51675ea1,2021.10.11.02.57.41_veh-50_01028_01289,unfrozen_visual_sft,True,1.0,1.0,0.702002028958929,1.0,1.0,1.0,0.875834178732887
e71499ec7fd254e9,2021.07.09.15.53.28_veh-38_00184_02293,unfrozen_visual_sft,True,1.0,1.0,1.0,1.0,1.0,1.0,1.0
e72a95807de45328,2021.08.31.14.01.15_veh-40_01576_01714,unfrozen_visual_sft,True,1.0,1.0,0.8896784521430904,1.0,1.0,1.0,0.9540326883929543
e732f7c659b45197,2021.07.09.15.53.28_veh-38_00184_02293,unfrozen_visual_sft,True,1.0,1.0,0.7983650955262335,1.0,1.0,1.0,0.9159854564692639
e739a390b2a55648,2021.07.09.15.53.28_veh-38_00184_02293,unfrozen_visual_sft,True,1.0,1.0,1.0,1.0,1.0,1.0,1.0
e76566d4d20c5377,2021.07.09.15.53.28_veh-38_00184_02293,unfrozen_visual_sft,True,1.0,1.0,0.8376794718934782,1.0,1.0,1.0,0.9323664466222826
e799e9f5385a5a2c,2021.06.09.12.51.31_veh-35_01729_02626,unfrozen_visual_sft,True,1.0,1.0,1.0,1.0,1.0,1.0,1.0
e80eed1fab2c5cfd,2021.06.09.12.06.35_veh-35_01164_01494,unfrozen_visual_sft,True,1.0,1.0,1.0,1.0,1.0,1.0,1.0
e8289b430daa5695,2021.10.11.02.57.41_veh-50_02155_02265,unfrozen_visual_sft,True,1.0,1.0,0.7757622196816696,1.0,1.0,1.0,0.9065675915340291
e833b6b388c1524e,2021.07.09.15.53.28_veh-38_00184_02293,unfrozen_visual_sft,True,1.0,1.0,0.7967673787809628,1.0,1.0,1.0,0.9153197411587346
e842f8018dfe58b3,2021.07.09.15.53.28_veh-38_00184_02293,unfrozen_visual_sft,True,1.0,1.0,0.9221528504814049,1.0,1.0,1.0,0.9675636877005854
e856cc5561ca564e,2021.07.09.15.53.28_veh-38_00184_02293,unfrozen_visual_sft,True,1.0,1.0,0.8131905230934173,1.0,1.0,1.0,0.9221627179555906
e8b3c7058c315bca,2021.06.23.17.31.36_veh-16_00016_00377,unfrozen_visual_sft,True,1.0,1.0,0.8780676759041662,1.0,1.0,1.0,0.9491948649600692
e8f2bc430a065486,2021.06.09.12.06.35_veh-35_01164_01494,unfrozen_visual_sft,True,1.0,1.0,0.7433187242692939,1.0,1.0,1.0,0.8930494684455391
e90d6cecf29d53cc,2021.07.09.20.26.06_veh-35_02793_03289,unfrozen_visual_sft,True,1.0,1.0,0.9585178834008006,1.0,1.0,1.0,0.9827157847503335
e95323b100c25a0a,2021.07.09.15.53.28_veh-38_00184_02293,unfrozen_visual_sft,True,1.0,1.0,0.8504092396661527,1.0,1.0,1.0,0.9376705165275636
e96e62b9e81d5042,2021.07.09.15.53.28_veh-38_00184_02293,unfrozen_visual_sft,True,1.0,1.0,1.0,1.0,1.0,1.0,1.0
e97f92e1a63f54b9,2021.06.23.17.31.36_veh-16_00016_00377,unfrozen_visual_sft,True,1.0,1.0,0.8204663515153331,1.0,1.0,1.0,0.9251943131313888
e980ff490b835222,2021.06.23.17.31.36_veh-16_00016_00377,unfrozen_visual_sft,True,1.0,1.0,1.0,1.0,1.0,1.0,1.0
e9a30e8cbad951bb,2021.07.09.15.53.28_veh-38_00184_02293,unfrozen_visual_sft,True,1.0,1.0,1.0,1.0,1.0,1.0,1.0
e9be03d5069b52bc,2021.10.01.17.52.06_veh-28_01141_01264,unfrozen_visual_sft,True,1.0,1.0,0.9602875017949912,1.0,1.0,1.0,0.983453125747913
e9f76526b6d05e5c,2021.10.05.08.11.15_veh-50_00437_00585,unfrozen_visual_sft,True,1.0,1.0,0.8426727974269671,1.0,1.0,1.0,0.934446998927903
ea1dbf3aec435c27,2021.06.23.17.31.36_veh-16_00016_00377,unfrozen_visual_sft,True,1.0,1.0,1.0,1.0,1.0,1.0,1.0
ea31a137b6b45663,2021.07.09.15.53.28_veh-38_00184_02293,unfrozen_visual_sft,True,1.0,1.0,1.0,1.0,1.0,1.0,1.0
ea43967ed8ad5dc0,2021.10.11.02.57.41_veh-50_01028_01289,unfrozen_visual_sft,True,1.0,1.0,1.0,1.0,1.0,1.0,1.0
ea7239e96a555f2c,2021.06.23.17.31.36_veh-16_00016_00377,unfrozen_visual_sft,True,1.0,1.0,1.0,1.0,1.0,1.0,1.0
ea7675073d935aed,2021.07.09.15.53.28_veh-38_00184_02293,unfrozen_visual_sft,True,1.0,1.0,0.7399457712611587,1.0,1.0,0.0,0.8916440713588161
ea7c22e1d36856c3,2021.06.09.12.51.31_veh-35_01729_02626,unfrozen_visual_sft,True,1.0,1.0,1.0,1.0,1.0,1.0,1.0
eaad335cb62c57b0,2021.07.09.15.53.28_veh-38_00184_02293,unfrozen_visual_sft,True,1.0,1.0,0.8174152917082537,1.0,1.0,1.0,0.9239230382117724
eacad86eaed255f7,2021.07.09.15.53.28_veh-38_00184_02293,unfrozen_visual_sft,True,1.0,1.0,0.7732951374353827,1.0,1.0,1.0,0.9055396405980761
eadab740750b5a54,2021.06.09.12.51.31_veh-35_01729_02626,unfrozen_visual_sft,True,1.0,1.0,0.509232543076344,1.0,1.0,1.0,0.7955135596151433
eb03710881e25401,2021.07.09.15.53.28_veh-38_00184_02293,unfrozen_visual_sft,True,1.0,1.0,1.0,1.0,1.0,1.0,1.0
eb1a57fcb1835169,2021.06.23.17.31.36_veh-16_00016_00377,unfrozen_visual_sft,True,1.0,1.0,1.0,1.0,1.0,1.0,1.0
eb6e558901af58af,2021.10.11.02.57.41_veh-50_01028_01289,unfrozen_visual_sft,True,1.0,1.0,0.8197848467174353,1.0,1.0,1.0,0.9249103527989314
ebb818fca3895a2c,2021.07.09.15.53.28_veh-38_00184_02293,unfrozen_visual_sft,True,1.0,1.0,1.0,1.0,1.0,1.0,1.0
ebca7e0c22b65deb,2021.10.11.02.57.41_veh-50_01028_01289,unfrozen_visual_sft,True,1.0,1.0,0.5312681025288237,1.0,1.0,1.0,0.8046950427203431
ebe11a6789745477,2021.10.11.02.57.41_veh-50_02155_02265,unfrozen_visual_sft,True,1.0,1.0,0.6947942518889861,1.0,1.0,1.0,0.8728309382870775
ec0f3cc6c0fd590e,2021.07.09.20.26.06_veh-35_02793_03289,unfrozen_visual_sft,True,1.0,1.0,1.0,1.0,1.0,1.0,1.0
ec21e03ea67054d6,2021.07.09.15.53.28_veh-38_00184_02293,unfrozen_visual_sft,True,1.0,1.0,0.8483413977396974,1.0,1.0,1.0,0.9368089157248739
ec37ecf537d15383,2021.10.05.08.11.15_veh-50_00437_00585,unfrozen_visual_sft,True,1.0,1.0,0.8586327670015926,1.0,1.0,1.0,0.9410969862506636
ec965c8ae1c75447,2021.07.09.15.53.28_veh-38_00184_02293,unfrozen_visual_sft,True,1.0,1.0,0.7005787746684838,1.0,1.0,1.0,0.8752411561118683
ecd1986832c7521a,2021.10.11.02.57.41_veh-50_02155_02265,unfrozen_visual_sft,True,1.0,1.0,0.6109380540406575,1.0,1.0,1.0,0.837890855850274
ed29591fde515907,2021.07.09.15.53.28_veh-38_00184_02293,unfrozen_visual_sft,True,1.0,1.0,1.0,1.0,1.0,1.0,1.0
edd18606d29e5285,2021.07.09.20.26.06_veh-35_02793_03289,unfrozen_visual_sft,True,1.0,1.0,1.0,1.0,1.0,1.0,1.0
ee053b086fb1560c,2021.06.09.12.51.31_veh-35_01729_02626,unfrozen_visual_sft,True,1.0,1.0,0.6302577478672042,1.0,1.0,1.0,0.8459407282780017
ee0c42f87de45144,2021.07.09.15.53.28_veh-38_00184_02293,unfrozen_visual_sft,True,1.0,1.0,1.0,1.0,1.0,1.0,1.0
ee7343c491db5537,2021.10.05.07.49.39_veh-52_00770_00905,unfrozen_visual_sft,True,1.0,1.0,0.7376672274087874,1.0,1.0,1.0,0.8906946780869948
ee7c0c535d415ded,2021.06.09.12.51.31_veh-35_01729_02626,unfrozen_visual_sft,True,1.0,1.0,0.8184753027199846,1.0,1.0,1.0,0.9243647094666603
ee7c43384142579a,2021.07.09.15.53.28_veh-38_00184_02293,unfrozen_visual_sft,True,1.0,1.0,1.0,1.0,1.0,1.0,1.0
ee855ade6ba5504c,2021.06.09.12.51.31_veh-35_01729_02626,unfrozen_visual_sft,True,1.0,1.0,1.0,1.0,1.0,1.0,1.0
ee92fc8a2ab55014,2021.07.09.15.53.28_veh-38_00184_02293,unfrozen_visual_sft,True,1.0,1.0,1.0,1.0,1.0,1.0,1.0
eebdbcf854975ae9,2021.07.09.20.26.06_veh-35_02793_03289,unfrozen_visual_sft,True,1.0,1.0,1.0,1.0,1.0,1.0,1.0
eeed45662dfb5a80,2021.07.09.15.53.28_veh-38_00184_02293,unfrozen_visual_sft,True,1.0,1.0,0.9501102504074549,1.0,1.0,1.0,0.9792126043364395
eefa88c125d55aa4,2021.06.23.17.31.36_veh-16_00016_00377,unfrozen_visual_sft,True,1.0,1.0,0.6788866275194294,1.0,1.0,1.0,0.8662027614664289
eefc6568a4155b8b,2021.07.09.15.53.28_veh-38_00184_02293,unfrozen_visual_sft,True,1.0,1.0,1.0,1.0,1.0,1.0,1.0
ef00d067ff7a582f,2021.07.09.15.53.28_veh-38_00184_02293,unfrozen_visual_sft,True,1.0,1.0,0.866285481185132,1.0,1.0,1.0,0.9442856171604715
ef10184224ba5d25,2021.06.09.12.06.35_veh-35_01164_01494,unfrozen_visual_sft,True,1.0,1.0,0.8721653152467701,1.0,1.0,1.0,0.9467355480194876
ef5318b8d9285443,2021.06.09.14.50.36_veh-26_02826_02955,unfrozen_visual_sft,True,1.0,1.0,1.0,1.0,1.0,1.0,1.0
ef5d74901e465a0d,2021.06.09.12.51.31_veh-35_01729_02626,unfrozen_visual_sft,True,1.0,1.0,0.5368385629010861,1.0,1.0,1.0,0.8070160678754524
ef7fb7627f735a41,2021.06.09.12.06.35_veh-35_01164_01494,unfrozen_visual_sft,True,1.0,1.0,1.0,1.0,1.0,1.0,1.0
efc7193a7907550e,2021.06.23.17.31.36_veh-16_00016_00377,unfrozen_visual_sft,True,1.0,1.0,1.0,1.0,1.0,1.0,1.0
efe50170f67a57dc,2021.07.09.20.26.06_veh-35_02793_03289,unfrozen_visual_sft,True,1.0,1.0,1.0,1.0,1.0,1.0,1.0
eff7dd683f505235,2021.07.09.15.53.28_veh-38_00184_02293,unfrozen_visual_sft,True,1.0,1.0,1.0,1.0,1.0,1.0,1.0
f00788c502f25587,2021.06.09.12.51.31_veh-35_01729_02626,unfrozen_visual_sft,True,1.0,1.0,1.0,1.0,1.0,1.0,1.0
f0273e69f5bb54e1,2021.07.09.15.53.28_veh-38_00184_02293,unfrozen_visual_sft,True,1.0,1.0,0.823146381859977,1.0,1.0,1.0,0.9263109924416572
f062fb353fc1540f,2021.10.05.07.49.39_veh-52_00770_00905,unfrozen_visual_sft,True,1.0,1.0,0.7503026099171974,1.0,1.0,1.0,0.8959594207988323
f09b140e2fc05b0a,2021.10.11.02.57.41_veh-50_02155_02265,unfrozen_visual_sft,True,1.0,1.0,0.5761859328402833,1.0,1.0,1.0,0.8234108053501181
f0ef32a63b3659a6,2021.07.09.15.53.28_veh-38_00184_02293,unfrozen_visual_sft,True,1.0,1.0,1.0,1.0,1.0,1.0,1.0
f16673a85d0e5f75,2021.07.09.15.53.28_veh-38_00184_02293,unfrozen_visual_sft,True,1.0,1.0,1.0,1.0,1.0,1.0,1.0
f177501cd1555b76,2021.07.09.20.26.06_veh-35_02793_03289,unfrozen_visual_sft,True,1.0,1.0,1.0,1.0,1.0,1.0,1.0
f17b89de6fc75614,2021.06.09.14.50.36_veh-26_02826_02955,unfrozen_visual_sft,True,1.0,1.0,1.0,1.0,1.0,1.0,1.0
f1bf12acb8445268,2021.06.09.12.51.31_veh-35_01729_02626,unfrozen_visual_sft,True,1.0,1.0,1.0,1.0,1.0,1.0,1.0
f1f36e051147572e,2021.06.09.20.26.11_veh-35_00970_01216,unfrozen_visual_sft,True,1.0,1.0,1.0,1.0,1.0,1.0,1.0
f25726c61f48502f,2021.06.09.12.51.31_veh-35_01729_02626,unfrozen_visual_sft,True,1.0,1.0,1.0,1.0,1.0,1.0,1.0
f285ec68af385fc4,2021.06.09.12.51.31_veh-35_01729_02626,unfrozen_visual_sft,True,1.0,1.0,0.5369566044997308,1.0,1.0,1.0,0.8070652518748878
f295b9b2ee545520,2021.10.11.02.57.41_veh-50_01028_01289,unfrozen_visual_sft,True,1.0,1.0,0.6830381669196027,1.0,1.0,1.0,0.8679325695498346
f295db8f52065e16,2021.07.09.15.53.28_veh-38_00184_02293,unfrozen_visual_sft,True,1.0,1.0,0.8268797652401695,1.0,1.0,1.0,0.9278665688500706
f29cff9a8d905f5d,2021.06.09.12.51.31_veh-35_01729_02626,unfrozen_visual_sft,True,1.0,1.0,1.0,1.0,1.0,1.0,1.0
f2bdb5407b145bcd,2021.06.09.12.51.31_veh-35_01729_02626,unfrozen_visual_sft,True,1.0,1.0,1.0,1.0,1.0,1.0,1.0
f329e674bbb950b3,2021.06.09.12.51.31_veh-35_01729_02626,unfrozen_visual_sft,True,1.0,1.0,0.8940173213368143,1.0,1.0,1.0,0.955840550557006
f35a76fdbc2259da,2021.07.09.15.53.28_veh-38_00184_02293,unfrozen_visual_sft,True,1.0,1.0,1.0,1.0,1.0,1.0,1.0
f37d56c3d1f059ec,2021.06.09.12.51.31_veh-35_01729_02626,unfrozen_visual_sft,True,1.0,1.0,0.5649857074096875,1.0,1.0,1.0,0.8187440447540365
f37e5cad3010539f,2021.07.09.15.53.28_veh-38_00184_02293,unfrozen_visual_sft,True,1.0,1.0,1.0,1.0,1.0,1.0,1.0
f3d5e1d06f2e5c41,2021.07.09.15.53.28_veh-38_00184_02293,unfrozen_visual_sft,True,1.0,1.0,1.0,1.0,1.0,1.0,1.0
f4188f0f2c17514d,2021.10.01.17.52.06_veh-28_01141_01264,unfrozen_visual_sft,True,1.0,1.0,0.8784725748816002,1.0,1.0,1.0,0.9493635728673334
f42717531e645bd0,2021.07.09.20.26.06_veh-35_02793_03289,unfrozen_visual_sft,True,1.0,1.0,0.6211254470233887,1.0,1.0,1.0,0.8421356029264119
f4454ab06873565e,2021.07.09.15.53.28_veh-38_00184_02293,unfrozen_visual_sft,True,1.0,1.0,0.6596230930267792,1.0,1.0,1.0,0.858176288761158
f44ec48280225191,2021.06.09.12.51.31_veh-35_01729_02626,unfrozen_visual_sft,True,1.0,1.0,1.0,1.0,1.0,1.0,1.0
f45108d76421595f,2021.07.09.15.53.28_veh-38_00184_02293,unfrozen_visual_sft,True,1.0,1.0,0.7926155312514702,1.0,1.0,1.0,0.9135898046881126
f46d7a713a035a80,2021.10.11.02.57.41_veh-50_02155_02265,unfrozen_visual_sft,True,1.0,1.0,0.7590451429308611,1.0,1.0,1.0,0.8996021428878588
f4ec1f572cef5c49,2021.06.09.12.51.31_veh-35_01729_02626,unfrozen_visual_sft,True,1.0,1.0,0.7973332915643014,1.0,1.0,1.0,0.9155555381517922
f4f7c2de2c0656fe,2021.06.09.12.51.31_veh-35_01729_02626,unfrozen_visual_sft,True,1.0,1.0,0.9025576715234367,1.0,1.0,1.0,0.9593990298014319
f52e85080d085ad3,2021.10.05.08.11.15_veh-50_00437_00585,unfrozen_visual_sft,True,1.0,1.0,0.953879490657303,1.0,1.0,1.0,0.9807831211072097
f56dfbb996385805,2021.06.09.12.06.35_veh-35_01164_01494,unfrozen_visual_sft,True,1.0,1.0,0.6479416834346269,1.0,1.0,1.0,0.8533090347644278
f5b35beed72e5aec,2021.10.05.08.11.15_veh-50_00437_00585,unfrozen_visual_sft,True,1.0,1.0,1.0,1.0,1.0,0.5,1.0
f5d06fd7f2195088,2021.06.23.17.31.36_veh-16_00016_00377,unfrozen_visual_sft,True,1.0,1.0,0.802263685455954,1.0,1.0,1.0,0.9176098689399809
f606a68831b959bb,2021.06.09.12.51.31_veh-35_01729_02626,unfrozen_visual_sft,True,1.0,1.0,0.5489002593645594,1.0,1.0,1.0,0.8120417747352331
f63d23a573a550f3,2021.06.09.12.51.31_veh-35_01729_02626,unfrozen_visual_sft,True,1.0,1.0,1.0,1.0,1.0,1.0,1.0
f6522a382ccb5589,2021.07.09.20.26.06_veh-35_02793_03289,unfrozen_visual_sft,True,1.0,1.0,1.0,1.0,1.0,1.0,1.0
f65da3ca0d4f55ad,2021.07.09.15.53.28_veh-38_00184_02293,unfrozen_visual_sft,True,1.0,1.0,0.7671788228933824,1.0,1.0,1.0,0.902991176205576
f683ad32ef3f5b4e,2021.07.09.15.53.28_veh-38_00184_02293,unfrozen_visual_sft,True,1.0,1.0,1.0,1.0,1.0,1.0,1.0
f686e9b2f7c35d4c,2021.07.09.15.53.28_veh-38_00184_02293,unfrozen_visual_sft,True,1.0,1.0,1.0,1.0,1.0,1.0,1.0
f68dfe3760c25453,2021.06.09.12.51.31_veh-35_01729_02626,unfrozen_visual_sft,True,1.0,1.0,1.0,1.0,1.0,1.0,1.0
f6ca17e70e9e53c5,2021.07.09.15.53.28_veh-38_00184_02293,unfrozen_visual_sft,True,1.0,1.0,1.0,1.0,1.0,1.0,1.0
f6d05b10abff5140,2021.07.09.15.53.28_veh-38_00184_02293,unfrozen_visual_sft,True,1.0,1.0,0.91499012502537,1.0,1.0,1.0,0.9645792187605707
f6d84360042f5d19,2021.07.09.15.53.28_veh-38_00184_02293,unfrozen_visual_sft,True,1.0,1.0,1.0,1.0,1.0,1.0,1.0
f6e7cfd22eaa5a4f,2021.10.11.02.57.41_veh-50_01028_01289,unfrozen_visual_sft,True,1.0,1.0,0.9360127399804681,1.0,1.0,1.0,0.9733386416585285
f79dbdc306a15120,2021.07.09.20.26.06_veh-35_02793_03289,unfrozen_visual_sft,True,1.0,1.0,1.0,1.0,1.0,1.0,1.0
f7b4d7400b585640,2021.07.09.15.53.28_veh-38_00184_02293,unfrozen_visual_sft,True,1.0,1.0,1.0,1.0,1.0,1.0,1.0
f7d51773081653ac,2021.10.11.02.57.41_veh-50_01028_01289,unfrozen_visual_sft,True,1.0,1.0,0.717790373787567,1.0,1.0,1.0,0.8824126557448196
f7d65f30d6075c18,2021.07.09.15.53.28_veh-38_00184_02293,unfrozen_visual_sft,True,1.0,1.0,1.0,1.0,1.0,1.0,1.0
f80bb56c694d55ae,2021.07.09.15.53.28_veh-38_00184_02293,unfrozen_visual_sft,True,1.0,1.0,0.5521284573560643,1.0,1.0,1.0,0.8133868572316935
f81f1d9d43f75c37,2021.07.09.15.53.28_veh-38_00184_02293,unfrozen_visual_sft,True,1.0,1.0,1.0,1.0,1.0,1.0,1.0
f83624d80fbf5b86,2021.10.11.02.57.41_veh-50_01028_01289,unfrozen_visual_sft,True,1.0,1.0,0.5956111948098706,1.0,1.0,1.0,0.8315046645041128
f83ebda95db35f05,2021.07.09.15.53.28_veh-38_00184_02293,unfrozen_visual_sft,True,1.0,1.0,0.5815301545409108,1.0,1.0,1.0,0.825637564392046
f89bd37b0daf5c8a,2021.07.09.15.53.28_veh-38_00184_02293,unfrozen_visual_sft,True,1.0,1.0,1.0,1.0,1.0,1.0,1.0
f8bb1f5f15f0545e,2021.07.09.15.53.28_veh-38_00184_02293,unfrozen_visual_sft,True,1.0,1.0,0.9199694391987859,1.0,1.0,0.0,0.9666539329994942
f8cd764491c15c36,2021.06.09.12.51.31_veh-35_01729_02626,unfrozen_visual_sft,True,1.0,1.0,1.0,1.0,1.0,1.0,1.0
f93dafb45c965ab2,2021.10.11.02.57.41_veh-50_02155_02265,unfrozen_visual_sft,True,1.0,1.0,0.7175137640934611,1.0,1.0,1.0,0.8822974017056088
f954d393a5615fec,2021.06.09.14.50.36_veh-26_02826_02955,unfrozen_visual_sft,True,1.0,1.0,0.9146725317669007,1.0,1.0,1.0,0.9644468882362086
f95fc48b693b53c2,2021.07.09.20.26.06_veh-35_02793_03289,unfrozen_visual_sft,True,1.0,1.0,0.71157137848926,1.0,1.0,1.0,0.8798214077038583
f96c2bfcfa0b5adc,2021.08.31.14.01.15_veh-40_01576_01714,unfrozen_visual_sft,True,1.0,1.0,0.8236318732812412,1.0,1.0,1.0,0.9265132805338506
f98865ec9ca2540a,2021.07.09.15.53.28_veh-38_00184_02293,unfrozen_visual_sft,True,1.0,1.0,0.9762388475044045,1.0,1.0,1.0,0.9900995197935019
f9b9cec54e8759c8,2021.06.09.12.51.31_veh-35_01729_02626,unfrozen_visual_sft,True,1.0,1.0,1.0,1.0,1.0,1.0,1.0
f9cc839f6daf59a7,2021.07.09.15.53.28_veh-38_00184_02293,unfrozen_visual_sft,True,1.0,1.0,1.0,1.0,1.0,1.0,1.0
fa18ed9dac89551d,2021.08.31.14.01.15_veh-40_01576_01714,unfrozen_visual_sft,True,1.0,1.0,0.9088560030530998,1.0,1.0,1.0,0.9620233346054583
fa570010ca00540d,2021.10.05.08.11.15_veh-50_00437_00585,unfrozen_visual_sft,True,1.0,1.0,0.7669655096150197,1.0,1.0,1.0,0.9029022956729249
fa6d09b953e85996,2021.07.09.20.26.06_veh-35_02793_03289,unfrozen_visual_sft,True,1.0,1.0,0.8717895851119718,1.0,1.0,1.0,0.9465789937966549
fa88f25a8971596f,2021.06.09.12.51.31_veh-35_01729_02626,unfrozen_visual_sft,True,1.0,1.0,1.0,1.0,1.0,1.0,1.0
fa89a1586e92554d,2021.06.09.12.51.31_veh-35_01729_02626,unfrozen_visual_sft,True,1.0,1.0,0.5900852824014857,1.0,1.0,1.0,0.8292022010006189
faa10d766e1e5675,2021.06.09.12.06.35_veh-35_01164_01494,unfrozen_visual_sft,True,1.0,1.0,0.9414708383813521,1.0,1.0,1.0,0.9756128493255635
faa1719d97b65c1e,2021.10.05.08.11.15_veh-50_00437_00585,unfrozen_visual_sft,True,1.0,1.0,1.0,1.0,1.0,0.5,1.0
faa2e3893e2f540a,2021.06.23.17.31.36_veh-16_00016_00377,unfrozen_visual_sft,True,1.0,1.0,1.0,1.0,1.0,1.0,1.0
fab83ce7307f5eb1,2021.07.09.15.53.28_veh-38_00184_02293,unfrozen_visual_sft,True,1.0,1.0,1.0,1.0,1.0,1.0,1.0
fac63ed354f95c7b,2021.10.05.07.49.39_veh-52_00770_00905,unfrozen_visual_sft,True,1.0,1.0,0.6846657304918711,1.0,1.0,1.0,0.8686107210382796
faf084d60e455e01,2021.07.09.20.26.06_veh-35_02793_03289,unfrozen_visual_sft,True,1.0,1.0,0.7332681960944326,1.0,1.0,1.0,0.8888617483726803
fb2723881f29596c,2021.06.09.12.51.31_veh-35_01729_02626,unfrozen_visual_sft,True,1.0,1.0,0.917725863706275,1.0,1.0,1.0,0.9657191098776146
fb2dd85945315007,2021.10.11.02.57.41_veh-50_02155_02265,unfrozen_visual_sft,True,1.0,1.0,0.5565674203555514,1.0,1.0,1.0,0.8152364251481464
fb50a35ed72b5a18,2021.10.11.02.57.41_veh-50_02155_02265,unfrozen_visual_sft,True,1.0,1.0,0.7633719985736227,1.0,1.0,1.0,0.9014049994056762
fb62245532a251c2,2021.07.09.20.26.06_veh-35_02793_03289,unfrozen_visual_sft,True,1.0,1.0,0.8011515877140855,1.0,1.0,1.0,0.917146494880869
fba22c6ccd535dd0,2021.07.09.20.26.06_veh-35_02793_03289,unfrozen_visual_sft,True,1.0,1.0,1.0,1.0,1.0,1.0,1.0
fba4ada6e76d51d5,2021.06.09.12.06.35_veh-35_01164_01494,unfrozen_visual_sft,True,1.0,1.0,0.658162446329393,1.0,1.0,1.0,0.8575676859705804
fbaf220f056b5918,2021.07.09.15.53.28_veh-38_00184_02293,unfrozen_visual_sft,True,1.0,1.0,0.9300118904784394,1.0,1.0,1.0,0.9708382876993498
fbb2aa2813125b32,2021.10.11.02.57.41_veh-50_02155_02265,unfrozen_visual_sft,True,1.0,1.0,0.7802102016992563,1.0,1.0,1.0,0.9084209173746901
fbd62cf89a7d5308,2021.07.09.20.26.06_veh-35_02793_03289,unfrozen_visual_sft,True,1.0,1.0,0.6911981646057804,1.0,1.0,1.0,0.8713325685857418
fbde637d36f557c2,2021.10.11.02.57.41_veh-50_02155_02265,unfrozen_visual_sft,True,1.0,1.0,0.6539880900377685,1.0,1.0,1.0,0.8558283708490703
fbf80b893a45596c,2021.06.09.12.51.31_veh-35_01729_02626,unfrozen_visual_sft,True,1.0,1.0,1.0,1.0,1.0,1.0,1.0
fc4b553b82f3573e,2021.07.09.15.53.28_veh-38_00184_02293,unfrozen_visual_sft,True,1.0,1.0,0.9918363266398732,1.0,1.0,1.0,0.9965984694332805
fd266017475c571a,2021.07.09.20.26.06_veh-35_02793_03289,unfrozen_visual_sft,True,1.0,1.0,0.8553844235946751,1.0,1.0,1.0,0.9397435098311147
fd650b8a78ab5706,2021.06.09.20.26.11_veh-35_00970_01216,unfrozen_visual_sft,True,1.0,1.0,0.9729127928876594,1.0,1.0,1.0,0.9887136637031914
fd6714343cac5c89,2021.07.09.15.53.28_veh-38_00184_02293,unfrozen_visual_sft,True,1.0,1.0,1.0,1.0,1.0,1.0,1.0
fd88394324a05329,2021.07.09.20.26.06_veh-35_02793_03289,unfrozen_visual_sft,True,1.0,1.0,1.0,1.0,1.0,1.0,1.0
fdab862a77fb5c90,2021.07.09.15.53.28_veh-38_00184_02293,unfrozen_visual_sft,True,1.0,1.0,0.77424168875313,1.0,1.0,1.0,0.9059340369804708
fdc30f8fc86655b0,2021.06.09.12.06.35_veh-35_01164_01494,unfrozen_visual_sft,True,1.0,1.0,0.7827231077562097,1.0,1.0,1.0,0.9094679615650874
fdfec9ef7201528e,2021.10.11.02.57.41_veh-50_02155_02265,unfrozen_visual_sft,True,1.0,1.0,0.5453138597213408,1.0,1.0,1.0,0.8105474415505588
fe07ab55cffb5cb9,2021.07.09.20.26.06_veh-35_02793_03289,unfrozen_visual_sft,True,1.0,1.0,0.8109325979700257,1.0,1.0,1.0,0.9212219158208441
fe1838e14f915f8f,2021.10.05.07.49.39_veh-52_00770_00905,unfrozen_visual_sft,True,1.0,1.0,0.788823734475505,1.0,1.0,1.0,0.9120098893647938
fe288a64350d556b,2021.06.09.20.26.11_veh-35_00970_01216,unfrozen_visual_sft,True,1.0,1.0,0.7121289401918873,1.0,1.0,1.0,0.880053725079953
fe2ac8c198fa5790,2021.07.09.15.53.28_veh-38_00184_02293,unfrozen_visual_sft,True,1.0,1.0,1.0,1.0,1.0,1.0,1.0
fe3ae84c2c3b5232,2021.06.23.17.31.36_veh-16_00016_00377,unfrozen_visual_sft,True,1.0,1.0,1.0,1.0,1.0,1.0,1.0
fe61c9b75ca85f61,2021.07.09.20.26.06_veh-35_02793_03289,unfrozen_visual_sft,True,1.0,1.0,0.9251547309054651,1.0,1.0,1.0,0.9688144712106105
fe821d61eef757d7,2021.07.09.15.53.28_veh-38_00184_02293,unfrozen_visual_sft,True,1.0,1.0,1.0,1.0,1.0,1.0,1.0
feafc7509f0f51cf,2021.07.09.15.53.28_veh-38_00184_02293,unfrozen_visual_sft,True,1.0,1.0,1.0,1.0,1.0,1.0,1.0
fee8806b92c9501e,2021.07.09.15.53.28_veh-38_00184_02293,unfrozen_visual_sft,True,1.0,1.0,1.0,1.0,1.0,1.0,1.0
ff31fde84ea55ab8,2021.10.11.02.57.41_veh-50_02155_02265,unfrozen_visual_sft,True,1.0,1.0,0.7573862779134302,1.0,1.0,1.0,0.8989109491305959
ff409a68b88e5ac0,2021.10.05.08.11.15_veh-50_00437_00585,unfrozen_visual_sft,True,1.0,1.0,0.6116475607342999,1.0,1.0,1.0,0.8381864836392916
ff5e73d54265581f,2021.06.09.17.23.18_veh-38_01598_01750,unfrozen_visual_sft,True,1.0,1.0,0.829121621954259,1.0,1.0,1.0,0.9288006758142746
ffd3019de9f75d89,2021.06.09.12.06.35_veh-35_01164_01494,unfrozen_visual_sft,True,1.0,1.0,0.7138772461131693,1.0,1.0,1.0,0.8807821858804873
