token,no_at_fault_collisions,drivable_area_compliance,driving_direction_compliance,traffic_light_compliance,ego_progress,time_to_collision_within_bound,lane_keeping,history_comfort,pdm_score,valid,log_name,frame_type,start_time,endpoint_x,endpoint_y,start_point_x,start_point_y,two_frame_extended_comfort,effective_metric_weights,score
015173513fc25684,1.0,1.0,1.0,1.0,0.8378356780900247,1.0,1.0,1.0,0.9420841707464375,True,2021.10.05.08.11.15_veh-50_00437_00585,0,1633422032.4992988,365651.32118172286,143859.81309207805,365629.4034714551,143846.10450665044,0.0,"[5.0, 5.0, 2.0, 2.0, 2.0]",0.8243236494031327
0265d0c659745deb,1.0,1.0,1.0,1.0,0.8376966931485377,1.0,1.0,1.0,0.9420345332673349,True,2021.10.05.08.11.15_veh-50_00437_00585,0,1633422026.0001838,365616.36131512054,143849.53668095736,365588.7602171805,143858.03735849416,,"[5.0, 5.0, 2.0, 2.0, 0.0]",0.9420345332673349
027d63f008ba518b,1.0,1.0,1.0,1.0,0.9544015577154753,1.0,1.0,1.0,0.9837148420412412,True,2021.10.05.08.11.15_veh-50_00437_00585,0,1633422021.499794,365586.0658009452,143858.4327208862,365576.6815928257,143872.51459508037,1.0,"[5.0, 5.0, 2.0, 2.0, 2.0]",0.985750486786086
04d3c2f7702750b6,1.0,1.0,1.0,1.0,0.7425863147606271,1.0,1.0,1.0,0.9080665409859383,True,2021.10.05.08.11.15_veh-50_00437_00585,0,1633422117.999785,365569.0282760199,144004.6337523395,365577.0600780823,143991.53755302884,1.0,"[5.0, 5.0, 2.0, 2.0, 2.0]",0.919558223362696
066d174c1ee2516a,1.0,1.0,1.0,1.0,0.7252684628336883,1.0,1.0,1.0,0.9018815938691744,True,2021.10.05.08.11.15_veh-50_00437_00585,0,1633422116.000133,365571.23315660516,143995.8608780658,365581.2855986115,143990.6933313977,1.0,"[5.0, 5.0, 2.0, 2.0, 2.0]",0.9141463946355276
077e1ef7a2dd526e,1.0,1.0,1.0,1.0,0.6696551559459423,1.0,1.0,1.0,0.8820196985521223,True,2021.10.05.08.11.15_veh-50_00437_00585,0,1633422008.499812,365575.9167589962,143889.69955356364,365575.2683441398,143909.38167504853,1.0,"[5.0, 5.0, 2.0, 2.0, 2.0]",0.896767236233107
079dad1bf4aa53ff,1.0,1.0,1.0,1.0,0.7134033309216131,1.0,1.0,1.0,0.897644046757719,True,2021.10.05.08.11.15_veh-50_00437_00585,0,1633422115.499861,365572.22613728704,143994.42340252,365581.9032407006,143990.64424624,1.0,"[5.0, 5.0, 2.0, 2.0, 2.0]",0.9104385409130041
0965ca8d343855bd,1.0,1.0,1.0,1.0,0.67289639427996,1.0,1.0,1.0,0.7403201408142713,True,2021.10.05.08.11.15_veh-50_00437_00585,0,1633422081.999625,365686.60129395704,143945.73283944046,365687.1242497786,143937.59473644206,,"[5.0, 5.0, 2.0, 2.0, 0.0]",0.8831772836714142
0dbe21f7e02a578a,1.0,1.0,1.0,1.0,0.7357539721727271,1.0,1.0,1.0,0.9056264186331168,True,2021.10.05.08.11.15_veh-50_00437_00585,0,1633422117.4999719,365569.3780204276,144002.22187302564,365578.4074340578,143991.1302716422,1.0,"[5.0, 5.0, 2.0, 2.0, 2.0]",0.9174231163039772
0e3398e6271350b4,1.0,1.0,1.0,1.0,0.7197329858001273,1.0,1.0,1.0,0.8999046377857598,True,2021.10.05.08.11.15_veh-50_00437_00585,0,1633422084.000475,365683.9020750098,143952.33711246934,365687.0941398415,143940.9382201902,1.0,"[5.0, 5.0, 2.0, 2.0, 2.0]",0.9124165580625399
0ef4861884495fee,1.0,1.0,1.0,1.0,0.6798665990588149,1.0,1.0,1.0,0.8856666425210052,True,2021.10.05.08.11.15_veh-50_00437_00585,0,1633422086.9997249,365674.87598768616,143958.673529122,365685.7520213849,143948.5572905226,1.0,"[5.0, 5.0, 2.0, 2.0, 2.0]",0.8999583122058796
113ce1e07c7a5543,1.0,1.0,1.0,1.0,0.7499863018094359,1.0,1.0,1.0,0.7678522506462271,True,2021.10.05.08.11.15_veh-50_00437_00585,0,1633422040.5001838,365682.3562895757,143916.58972411783,365669.4871621181,143887.71956300052,1.0,"[5.0, 5.0, 2.0, 2.0, 2.0]",0.9218707193154487
1aaa5de27ef2529c,1.0,0.0,1.0,1.0,0.8271340653236573,1.0,1.0,1.0,0.0,True,2021.10.05.08.11.15_veh-50_00437_00585,0,1633422088.500563,365668.44535447005,143960.75664282095,365682.95120503334,143953.23699610183,1.0,"[5.0, 5.0, 2.0, 2.0, 2.0]",0.0
1bdb793cdfcd5db0,1.0,1.0,1.0,1.0,0.6762158650435912,1.0,1.0,1.0,0.741505666086997,True,2021.10.05.08.11.15_veh-50_00437_00585,0,1633422114.9996688,365573.6863213782,143993.07538341417,365582.43116986775,143990.58588010352,1.0,"[5.0, 5.0, 2.0, 2.0, 2.0]",0.8988174578261223
1c6cfd6bae4954dc,1.0,1.0,1.0,1.0,0.7036543345791744,1.0,1.0,1.0,0.8941622623497051,True,2021.10.05.08.11.15_veh-50_00437_00585,0,1633422086.4995599,365676.6109899179,143958.00816500923,365686.2631074262,143946.98375342958,1.0,"[5.0, 5.0, 2.0, 2.0, 2.0]",0.9073919795559919
1ec5607c174e58db,1.0,1.0,1.0,1.0,0.7351902484940731,1.0,1.0,1.0,0.9054250887478832,True,2021.10.05.08.11.15_veh-50_00437_00585,0,1633422117.0001519,365569.3535329886,143999.70166445343,365579.57794210827,143990.8921137588,1.0,"[5.0, 5.0, 2.0, 2.0, 2.0]",0.9172469526543978
1edaacb093c25e24,1.0,1.0,1.0,1.0,0.9793899872868,1.0,1.0,1.0,0.8497821383167142,True,2021.10.05.08.11.15_veh-50_00437_00585,0,1633422034.000453,365658.35991061537,143869.66369252562,365637.6319994845,143847.90432359377,0.0,"[5.0, 5.0, 2.0, 2.0, 2.0]",0.868559371027125
205cf1f3466a5af6,1.0,1.0,1.0,1.0,0.7313917723399754,1.0,1.0,1.0,0.9040684901214198,True,2021.10.05.08.11.15_veh-50_00437_00585,0,1633422084.500625,365683.0349996156,143953.45215319033,365687.0456654621,143941.9102028256,1.0,"[5.0, 5.0, 2.0, 2.0, 2.0]",0.9160599288562423
21b4fab862a858b8,1.0,1.0,1.0,1.0,0.8163781849592917,1.0,1.0,1.0,0.9344207803426041,True,2021.10.05.08.11.15_veh-50_00437_00585,0,1633422093.500201,365639.9220715161,143971.2879582209,365663.8471215793,143961.93369161114,1.0,"[5.0, 5.0, 2.0, 2.0, 2.0]",0.9426181827997786
22119d9673db504e,1.0,1.0,1.0,1.0,0.6656784434827204,1.0,1.0,1.0,0.8805994441009716,True,2021.10.05.08.11.15_veh-50_00437_00585,0,1633422088.000396,365670.92238551466,143959.91456678603,365684.1025820692,143951.7500260988,1.0,"[5.0, 5.0, 2.0, 2.0, 2.0]",0.8955245135883502
22903ed6b4b45809,1.0,1.0,1.0,1.0,0.7143592056665671,1.0,1.0,1.0,0.8979854305952025,True,2021.10.05.08.11.15_veh-50_00437_00585,0,1633422085.999748,365678.3027436702,143957.4085289027,365686.61523720634,143945.50415789394,1.0,"[5.0, 5.0, 2.0, 2.0, 2.0]",0.9107372517708022
24531603f9315046,1.0,1.0,1.0,1.0,0.9488752400675772,1.0,1.0,1.0,0.9817411571669918,True,2021.10.05.08.11.15_veh-50_00437_00585,0,1633422020.9996428,365583.7199537878,143859.5207159712,365576.6172009711,143873.6040311333,1.0,"[5.0, 5.0, 2.0, 2.0, 2.0]",0.9840235125211179
25f2e28652bc5f06,1.0,1.0,1.0,1.0,0.8308644064291204,1.0,1.0,1.0,0.7967372880104001,True,2021.10.05.08.11.15_veh-50_00437_00585,0,1633422037.499779,365673.9372292267,143895.98277552362,365655.218321917,143865.90736947255,1.0,"[5.0, 5.0, 2.0, 2.0, 2.0]",0.9471451270091001
2754ab87df25534c,1.0,1.0,1.0,1.0,0.6610268529496246,1.0,1.0,1.0,0.7360810189105802,True,2021.10.05.08.11.15_veh-50_00437_00585,0,1633422082.499487,365686.33121158846,143947.2850815463,365687.1371366645,143938.18471788047,1.0,"[5.0, 5.0, 2.0, 2.0, 2.0]",0.8940708915467577
33173f63a6ff513d,1.0,1.0,1.0,1.0,0.8985587490553798,1.0,1.0,1.0,0.9637709818054928,True,2021.10.05.08.11.15_veh-50_00437_00585,0,1633422121.0000088,365568.7306143165,144023.9163487922,365570.1128365921,143999.4249328255,,"[5.0, 5.0, 2.0, 2.0, 0.0]",0.9637709818054928
344591ad59d7517d,1.0,1.0,1.0,1.0,0.8358433983546646,1.0,1.0,1.0,0.9413726422695231,True,2021.10.05.08.11.15_veh-50_00437_00585,0,1633422092.500563,365646.12256245816,143968.81854196807,365668.84620681644,143960.33871740548,1.0,"[5.0, 5.0, 2.0, 2.0, 2.0]",0.9487010619858327
3e36bef4c12f5be7,1.0,1.0,1.0,1.0,0.7415516454355195,1.0,1.0,1.0,0.9076970162269713,True,2021.10.05.08.11.15_veh-50_00437_00585,0,1633422085.000391,365681.50970269553,143955.00376908557,365686.9698292259,143942.96234210837,1.0,"[5.0, 5.0, 2.0, 2.0, 2.0]",0.9192348891985999
40d427a5bcb95ad2,1.0,1.0,1.0,1.0,0.8465989290519653,1.0,1.0,1.0,0.8023567603757018,True,2021.10.05.08.11.15_veh-50_00437_00585,0,1633422036.999734,365672.18560100475,143892.2562583136,365652.6646449194,143862.64879325766,1.0,"[5.0, 5.0, 2.0, 2.0, 2.0]",0.9520621653287391
4876b61c929f5180,1.0,1.0,1.0,1.0,0.8945769776759975,1.0,1.0,1.0,0.9623489205985705,True,2021.10.05.08.11.15_veh-50_00437_00585,0,1633422121.499702,365568.6988433715,144027.4654294771,365569.69482393796,144001.68317837527,1.0,"[5.0, 5.0, 2.0, 2.0, 2.0]",0.9670553055237492
4878391796105da9,1.0,1.0,1.0,1.0,0.7250293973164048,1.0,1.0,1.0,0.9017962133272874,True,2021.10.05.08.11.15_veh-50_00437_00585,0,1633422006.000061,365575.9403838619,143900.9557156785,365572.5351154234,143922.53070419465,,"[5.0, 5.0, 2.0, 2.0, 0.0]",0.9017962133272874
51dc80968c9c5e08,1.0,1.0,1.0,1.0,0.7780242928106437,1.0,1.0,1.0,0.920722961718087,True,2021.10.05.08.11.15_veh-50_00437_00585,0,1633422026.9999008,365622.4968356419,143847.37885131466,365595.17889544106,143856.40824296407,1.0,"[5.0, 5.0, 2.0, 2.0, 2.0]",0.9306325915033261
5ad9e7defd1150e4,1.0,1.0,1.0,1.0,0.7960307816632531,1.0,1.0,1.0,0.7842967077368762,True,2021.10.05.08.11.15_veh-50_00437_00585,0,1633422038.499976,365677.46683074936,143903.1845792015,365660.2767681006,143872.89351431714,1.0,"[5.0, 5.0, 2.0, 2.0, 2.0]",0.9362596192697666
6158d35892e55941,1.0,1.0,1.0,1.0,1.0,1.0,1.0,1.0,1.0,True,2021.10.05.08.11.15_veh-50_00437_00585,0,1633422140.499317,365565.6783063957,144135.4886630371,365565.9809196986,144115.90542988313,1.0,"[5.0, 5.0, 2.0, 2.0, 2.0]",1.0
6320ecb991675a39,1.0,1.0,1.0,1.0,0.7090820797454328,1.0,1.0,1.0,0.7532435999090831,True,2021.10.05.08.11.15_veh-50_00437_00585,0,1633422041.999464,365685.03802464076,143925.46122210808,365675.0696106608,143898.51452554806,1.0,"[5.0, 5.0, 2.0, 2.0, 2.0]",0.9090881499204477
63c8f3d715e85c4f,1.0,1.0,1.0,1.0,0.7861957968334716,1.0,1.0,1.0,0.7807842131548112,True,2021.10.05.08.11.15_veh-50_00437_00585,0,1633422039.000102,365678.9023396472,143906.93949603144,365662.7398087994,143876.5704297885,1.0,"[5.0, 5.0, 2.0, 2.0, 2.0]",0.9331861865104598
6c96474a9c865359,1.0,1.0,1.0,1.0,0.7523567453799547,1.0,1.0,1.0,0.7686988376356981,True,2021.10.05.08.11.15_veh-50_00437_00585,0,1633422041.000027,365683.55689721165,143920.1029425747,365671.46337892086,143891.34074123632,0.0,"[5.0, 5.0, 2.0, 2.0, 2.0]",0.7976114829312358
6ef77d4b725a5cf4,1.0,1.0,1.0,1.0,0.6747141942711372,1.0,1.0,1.0,0.8838264979539776,True,2021.10.05.08.11.15_veh-50_00437_00585,0,1633422008.999924,365575.98338989326,143887.6034592424,365575.5207681023,143906.86278078437,1.0,"[5.0, 5.0, 2.0, 2.0, 2.0]",0.8983481857097304
72ebf07a88b25937,1.0,1.0,1.0,1.0,0.8941157799130343,1.0,1.0,1.0,0.8193270642546552,True,2021.10.05.08.11.15_veh-50_00437_00585,0,1633422035.0005949,365663.2995830804,143877.17935560102,365642.7676892567,143851.5580562784,0.0,"[5.0, 5.0, 2.0, 2.0, 2.0]",0.8419111812228233
7307e312a7755908,1.0,1.0,1.0,1.0,0.7599775690800628,1.0,1.0,1.0,0.7714205603857367,True,2021.10.05.08.11.15_veh-50_00437_00585,0,1633422039.500181,365679.9947923865,143909.79740294756,365665.1157566054,143880.29325459647,1.0,"[5.0, 5.0, 2.0, 2.0, 2.0]",0.9249929903375196
756a836fafd05442,1.0,1.0,1.0,1.0,0.9246552376046122,1.0,1.0,1.0,0.9730911562873615,True,2021.10.05.08.11.15_veh-50_00437_00585,0,1633422021.999951,365589.115046652,143857.30226934454,365576.8091061687,143871.0952691777,1.0,"[5.0, 5.0, 2.0, 2.0, 2.0]",0.9764547617514413
770cf5148b3353a3,1.0,1.0,1.0,1.0,0.7649310477393406,1.0,1.0,1.0,0.9160468027640503,True,2021.10.05.08.11.15_veh-50_00437_00585,0,1633422031.4998,365645.6618874328,143853.70263988205,365623.7731668762,143847.0338683559,,"[5.0, 5.0, 2.0, 2.0, 0.0]",0.9160468027640503
7cf3f478246b5da6,1.0,1.0,1.0,1.0,0.6670217744672994,1.0,1.0,1.0,0.8810792051668926,True,2021.10.05.08.11.15_veh-50_00437_00585,0,1633422007.9998999,365575.9644642917,143892.1086650792,365574.9028616941,143911.9751920872,1.0,"[5.0, 5.0, 2.0, 2.0, 2.0]",0.895944304521031
7f8be3abc0f45edf,1.0,1.0,1.0,1.0,0.6147329500537888,1.0,1.0,1.0,0.7195474821620673,True,2021.10.05.08.11.15_veh-50_00437_00585,0,1633422113.999908,365576.5177611174,143991.52757735166,365583.0376067345,143990.48941442967,,"[5.0, 5.0, 2.0, 2.0, 0.0]",0.8624046250192102
83d4827aebe85832,1.0,1.0,1.0,1.0,0.6817154800432953,1.0,1.0,1.0,0.7434698143011769,True,2021.10.05.08.11.15_veh-50_00437_00585,0,1633422082.999701,365685.74901192804,143949.16187718292,365687.1432807399,143938.98456362696,1.0,"[5.0, 5.0, 2.0, 2.0, 2.0]",0.9005360875135298
84b9bc99160c578f,1.0,1.0,1.0,1.0,0.8188037630505656,1.0,1.0,1.0,0.7924299153752019,True,2021.10.05.08.11.15_veh-50_00437_00585,0,1633422037.999857,365676.0119071617,143899.880249071,365657.7683302108,143869.33171079555,1.0,"[5.0, 5.0, 2.0, 2.0, 2.0]",0.9433761759533017
87516e1eaafc5107,1.0,1.0,1.0,1.0,0.9459624341439957,1.0,1.0,1.0,0.9807008693371413,True,2021.10.05.08.11.15_veh-50_00437_00585,0,1633422139.499752,365565.71081075096,144129.35417435237,365566.0645865576,144114.25896897042,1.0,"[5.0, 5.0, 2.0, 2.0, 2.0]",0.9831132606699986
8c627a1fb8225bc0,1.0,1.0,1.0,1.0,0.8371351504591901,1.0,1.0,1.0,0.9418339823068536,True,2021.10.05.08.11.15_veh-50_00437_00585,0,1633422092.0004978,365649.078824624,143967.57052378787,365671.1195093794,143959.63044457376,,"[5.0, 5.0, 2.0, 2.0, 0.0]",0.9418339823068536
8f7463455b225dfb,1.0,1.0,1.0,1.0,0.8050777653838075,1.0,1.0,1.0,0.9303849162085027,True,2021.10.05.08.11.15_veh-50_00437_00585,0,1633422139.000069,365565.74137078994,144126.91300391057,365566.08414448047,144113.38264843271,,"[5.0, 5.0, 2.0, 2.0, 0.0]",0.9303849162085027
92292554325a5fad,1.0,1.0,1.0,1.0,0.6907059058058241,1.0,1.0,1.0,0.88953782350208,True,2021.10.05.08.11.15_veh-50_00437_00585,0,1633422083.5001059,365685.0298627762,143950.77345963832,365687.13132797566,143939.9288561243,1.0,"[5.0, 5.0, 2.0, 2.0, 2.0]",0.90334559556432
9ce14bde80df5bab,1.0,1.0,1.0,1.0,1.0,1.0,1.0,1.0,1.0,True,2021.10.05.08.11.15_veh-50_00437_00585,0,1633422033.4999099,365655.9578470687,143866.1665652404,365634.9582394177,143846.81176676872,0.0,"[5.0, 5.0, 2.0, 2.0, 2.0]",0.875
a99dbc17a6f35fa0,1.0,1.0,1.0,1.0,0.759376643917891,1.0,1.0,1.0,0.7712059442563897,True,2021.10.05.08.11.15_veh-50_00437_00585,0,1633422040.000212,365681.29738949373,143913.42945099142,365667.3697001827,143884.01596387936,1.0,"[5.0, 5.0, 2.0, 2.0, 2.0]",0.924805201224341
abc8c3e51f5857d5,1.0,1.0,1.0,1.0,1.0,1.0,1.0,1.0,1.0,True,2021.10.05.08.11.15_veh-50_00437_00585,0,1633422139.999429,365565.70075738244,144132.57905610147,365566.02990450925,144115.01350795836,1.0,"[5.0, 5.0, 2.0, 2.0, 2.0]",1.0
abf1cce3aa57532a,1.0,1.0,1.0,1.0,0.8674085719389916,1.0,1.0,1.0,0.809788775692497,True,2021.10.05.08.11.15_veh-50_00437_00585,0,1633422036.499888,365670.0831022337,143888.69668909823,365650.14236031304,143859.58046128016,,"[5.0, 5.0, 2.0, 2.0, 0.0]",0.9526459185496398
aeac6b9b55cb5709,1.0,1.0,1.0,1.0,0.7433850750118185,1.0,1.0,1.0,0.765494669647078,True,2021.10.05.08.11.15_veh-50_00437_00585,0,1633422041.49975,365684.5929539462,143923.22137414187,365673.30639208417,143894.90780059164,1.0,"[5.0, 5.0, 2.0, 2.0, 2.0]",0.9198078359411933
b08f0c9d23f054dc,1.0,1.0,1.0,1.0,0.7204824088293539,1.0,1.0,1.0,0.9001722888676263,True,2021.10.05.08.11.15_veh-50_00437_00585,0,1633422116.5003228,365570.2279406405,143997.65883398673,365580.5280168559,143990.76227701298,1.0,"[5.0, 5.0, 2.0, 2.0, 2.0]",0.9126507527591731
b49af1daed2a5108,1.0,1.0,1.0,1.0,0.6685006342390694,1.0,1.0,1.0,0.8816073693710962,True,2021.10.05.08.11.15_veh-50_00437_00585,0,1633422087.500069,365672.9189071558,143959.2079459042,365685.045957047,143950.16246784665,1.0,"[5.0, 5.0, 2.0, 2.0, 2.0]",0.8964064481997092
b5099ae80a345e3e,1.0,1.0,1.0,1.0,0.6718459101650268,1.0,1.0,1.0,0.8828021107732239,True,2021.10.05.08.11.15_veh-50_00437_00585,0,1633422006.99994,365575.87030689453,143896.95776603685,365573.7847559507,143917.28061414824,1.0,"[5.0, 5.0, 2.0, 2.0, 2.0]",0.8974518469265709
b85595849a165d8f,1.0,1.0,1.0,1.0,0.8062758062691407,1.0,1.0,1.0,0.9308127879532646,True,2021.10.05.08.11.15_veh-50_00437_00585,0,1633422026.5001268,365619.56243925635,143848.53443657546,365591.87493057555,143857.24403515266,1.0,"[5.0, 5.0, 2.0, 2.0, 2.0]",0.9394611894591065
bf12b61919e85002,1.0,1.0,1.0,1.0,1.0,1.0,1.0,1.0,1.0,True,2021.10.05.08.11.15_veh-50_00437_00585,0,1633422019.9999309,365579.6940207132,143862.8559688153,365576.5808372873,143874.66223374303,1.0,"[5.0, 5.0, 2.0, 2.0, 2.0]",1.0
c782b0ff62235fda,1.0,1.0,1.0,1.0,0.7941798039279576,1.0,1.0,1.0,0.9264927871171277,True,2021.10.05.08.11.15_veh-50_00437_00585,0,1633422031.999446,365648.0924449873,143856.61121118077,365626.57666614157,143846.4027978512,0.0,"[5.0, 5.0, 2.0, 2.0, 2.0]",0.8106811887274867
c7a4ef2685fe5928,1.0,1.0,1.0,1.0,0.6628815909838689,1.0,1.0,1.0,0.7367434253513817,True,2021.10.05.08.11.15_veh-50_00437_00585,0,1633422114.499743,365574.99940585956,143992.19565364157,365582.84951497073,143990.52723977517,1.0,"[5.0, 5.0, 2.0, 2.0, 2.0]",0.894650497182459
c7e729ba460a565d,1.0,1.0,1.0,1.0,0.9000540368454768,1.0,1.0,1.0,0.821447870301956,True,2021.10.05.08.11.15_veh-50_00437_00585,0,1633422034.500761,365660.91912629193,143873.38530512038,365640.24471946934,143849.49190475247,0.0,"[5.0, 5.0, 2.0, 2.0, 2.0]",0.8437668865142115
cce0038c37ca56a3,1.0,1.0,1.0,1.0,0.8118510697975639,1.0,1.0,1.0,0.9328039534991299,True,2021.10.05.08.11.15_veh-50_00437_00585,0,1633422019.000367,365577.6973063501,143866.29608213593,365576.5769393336,143874.6573840607,,"[5.0, 5.0, 2.0, 2.0, 0.0]",0.9328039534991299
cdc78adcdfae53a0,1.0,1.0,1.0,1.0,1.0,1.0,1.0,1.0,1.0,True,2021.10.05.08.11.15_veh-50_00437_00585,0,1633422004.000485,365574.90378309286,143910.98837162665,365571.5697698806,143931.6209627138,,"[5.0, 5.0, 2.0, 2.0, 0.0]",1.0
d9e7a7614b095a0b,1.0,1.0,1.0,1.0,0.861485346311343,1.0,1.0,1.0,0.9505304808254796,True,2021.10.05.08.11.15_veh-50_00437_00585,0,1633422032.999495,365653.43231819285,143862.81818550377,365632.22286034795,143846.2241860965,0.0,"[5.0, 5.0, 2.0, 2.0, 2.0]",0.8317141707222947
e25b028f941158d3,1.0,1.0,1.0,1.0,0.6930824995593027,1.0,1.0,1.0,0.8903866069854652,True,2021.10.05.08.11.15_veh-50_00437_00585,0,1633422006.499981,365575.9053800862,143899.10129647987,365573.1443703931,143919.92809196986,1.0,"[5.0, 5.0, 2.0, 2.0, 2.0]",0.9040882811122821
e26edc6457f85a2c,1.0,1.0,1.0,1.0,0.7298516936715709,1.0,1.0,1.0,0.903518462025561,True,2021.10.05.08.11.15_veh-50_00437_00585,0,1633422085.500108,365679.9405860843,143956.1828861149,365686.8374978227,143944.1613369147,1.0,"[5.0, 5.0, 2.0, 2.0, 2.0]",0.9155786542723658
e9f76526b6d05e5c,1.0,1.0,1.0,1.0,0.885193283247106,1.0,1.0,1.0,0.9589976011596807,True,2021.10.05.08.11.15_veh-50_00437_00585,0,1633422025.000056,365609.5386253927,143851.7894172327,365583.38356264686,143860.18967349976,,"[5.0, 5.0, 2.0, 2.0, 0.0]",0.9589976011596807
ec37ecf537d15383,1.0,1.0,1.0,1.0,0.9542737075774528,1.0,1.0,1.0,0.9836691812776618,True,2021.10.05.08.11.15_veh-50_00437_00585,0,1633422019.500108,365578.4781201153,143864.64148468315,365576.5823107181,143874.68825503584,1.0,"[5.0, 5.0, 2.0, 2.0, 2.0]",0.985710533617954
f52e85080d085ad3,1.0,1.0,1.0,1.0,1.0,1.0,1.0,1.0,1.0,True,2021.10.05.08.11.15_veh-50_00437_00585,0,1633422020.499804,365581.5766925054,143861.24144121812,365576.5886902094,143874.35207008923,1.0,"[5.0, 5.0, 2.0, 2.0, 2.0]",1.0
f5b35beed72e5aec,1.0,0.0,1.0,1.0,1.0,1.0,1.0,1.0,0.0,True,2021.10.05.08.11.15_veh-50_00437_00585,0,1633422004.5006719,365575.36347474187,143908.44582974864,365571.60099308315,143929.55500775945,1.0,"[5.0, 5.0, 2.0, 2.0, 2.0]",0.0
fa570010ca00540d,1.0,1.0,1.0,1.0,0.8311054309711968,1.0,1.0,1.0,0.9396805110611418,True,2021.10.05.08.11.15_veh-50_00437_00585,0,1633422093.00037,365642.8577997931,143970.12908086547,365666.41070502746,143961.10093236453,1.0,"[5.0, 5.0, 2.0, 2.0, 2.0]",0.9472204471784991
faa1719d97b65c1e,1.0,0.0,1.0,1.0,1.0,1.0,1.0,1.0,0.0,True,2021.10.05.08.11.15_veh-50_00437_00585,0,1633422005.00045,365575.62313015864,143905.75716399995,365571.75418606756,143927.35794752574,1.0,"[5.0, 5.0, 2.0, 2.0, 2.0]",0.0
ff409a68b88e5ac0,1.0,1.0,1.0,1.0,0.6588940235856677,1.0,1.0,1.0,0.8781764369948812,True,2021.10.05.08.11.15_veh-50_00437_00585,0,1633422007.499965,365575.9409970448,143894.66330516714,365574.4000203187,143914.62692815828,1.0,"[5.0, 5.0, 2.0, 2.0, 2.0]",0.8934043823705211
0192df9f896c5030,1.0,1.0,1.0,1.0,1.0,1.0,1.0,1.0,1.0,True,2021.07.09.20.26.06_veh-35_02793_03289,0,1625865783.601096,664430.8124756222,3997614.7801983836,664430.4202868356,3997628.641433202,1.0,"[5.0, 5.0, 2.0, 2.0, 2.0]",1.0
0266adddeefb584b,1.0,1.0,1.0,1.0,1.0,1.0,1.0,1.0,0.0,True,2021.07.09.20.26.06_veh-35_02793_03289,0,1625865532.600874,664464.2017701232,3997822.9738741606,664464.2895763114,3997808.183308457,1.0,"[5.0, 5.0, 2.0, 2.0, 2.0]",1.0
044e89f71c845e59,1.0,1.0,1.0,1.0,0.9723150489268779,0.0,1.0,1.0,0.6329696603310279,True,2021.07.09.20.26.06_veh-35_02793_03289,0,1625865574.100988,664584.1977740426,3997849.2653862094,664571.9199648873,3997844.808090448,1.0,"[5.0, 5.0, 2.0, 2.0, 2.0]",0.6788484527896493
091a90a5f2855a82,1.0,1.0,1.0,1.0,0.8343829708275855,1.0,1.0,1.0,0.9408510610098519,True,2021.07.09.20.26.06_veh-35_02793_03289,0,1625865573.6007578,664582.8654066187,3997848.4789573816,664570.2220050555,3997844.5550628393,1.0,"[5.0, 5.0, 2.0, 2.0, 2.0]",0.9482446783836205
093784159a005ddd,1.0,1.0,1.0,1.0,1.0,1.0,1.0,1.0,1.0,True,2021.07.09.20.26.06_veh-35_02793_03289,0,1625865480.100975,664465.4347995681,3997746.342391132,664465.9198971859,3997724.171337621,1.0,"[5.0, 5.0, 2.0, 2.0, 2.0]",1.0
0ba5cd65023a5d5c,1.0,1.0,1.0,1.0,1.0,0.0,1.0,1.0,0.5,True,2021.07.09.20.26.06_veh-35_02793_03289,0,1625865613.601502,664584.6965137827,3997899.681252254,664592.5093144155,3997895.765637816,,"[5.0, 5.0, 2.0, 2.0, 0.0]",0.6428571428571429
0d0891893f1d59b5,1.0,1.0,1.0,1.0,0.6228687217269683,1.0,1.0,1.0,0.8653102577596316,True,2021.07.09.20.26.06_veh-35_02793_03289,0,1625865542.101071,664468.8275660854,3997858.412077838,664463.5772827413,3997846.2399234595,1.0,"[5.0, 5.0, 2.0, 2.0, 2.0]",0.8821464755396776
0d4a4de2ed0551de,1.0,1.0,1.0,1.0,1.0,1.0,1.0,1.0,1.0,True,2021.07.09.20.26.06_veh-35_02793_03289,0,1625865591.60164,664596.40655732,3997888.556743962,664598.0352702668,3997880.660163968,,"[5.0, 5.0, 2.0, 2.0, 0.0]",1.0
13d47325b0b950f1,1.0,1.0,1.0,1.0,0.9538547098119127,1.0,1.0,1.0,0.9835195392185402,True,2021.07.09.20.26.06_veh-35_02793_03289,0,1625865636.600025,664510.2066576378,3997877.342618196,664525.7034639189,3997877.836755677,1.0,"[5.0, 5.0, 2.0, 2.0, 2.0]",0.9855795968162226
15080129531552fe,1.0,1.0,1.0,1.0,0.746505556991697,1.0,1.0,1.0,0.9094662703541775,True,2021.07.09.20.26.06_veh-35_02793_03289,0,1625865580.600718,664594.225774264,3997860.602587383,664588.1349774433,3997852.6871569157,1.0,"[5.0, 5.0, 2.0, 2.0, 2.0]",0.9207829865599053
18a2ed37c162552d,1.0,1.0,1.0,1.0,1.0,1.0,1.0,1.0,0.8571428571428571,True,2021.07.09.20.26.06_veh-35_02793_03289,0,1625865623.600576,664550.3494604022,3997897.297790663,664565.3633686714,3997902.7328170887,1.0,"[5.0, 5.0, 2.0, 2.0, 2.0]",1.0
1c5284923bc85595,1.0,1.0,1.0,1.0,1.0,1.0,1.0,1.0,0.8571428571428571,True,2021.07.09.20.26.06_veh-35_02793_03289,0,1625865557.599825,664536.2932543259,3997856.7791677765,664519.6852316882,3997859.079783144,,"[5.0, 5.0, 2.0, 2.0, 0.0]",1.0
1d158c219842558a,1.0,1.0,1.0,1.0,1.0,1.0,1.0,1.0,1.0,True,2021.07.09.20.26.06_veh-35_02793_03289,0,1625865645.600616,664485.6849317953,3997876.980029897,664495.0785945308,3997877.102544001,1.0,"[5.0, 5.0, 2.0, 2.0, 2.0]",1.0
220ebf89f21c58e4,1.0,1.0,1.0,1.0,1.0,1.0,1.0,1.0,1.0,True,2021.07.09.20.26.06_veh-35_02793_03289,0,1625865692.600709,664483.9417143184,3997876.938738786,664484.2816792879,3997876.938684344,1.0,"[5.0, 5.0, 2.0, 2.0, 2.0]",1.0
23732000986756bd,1.0,1.0,1.0,1.0,0.9209253478283944,1.0,1.0,1.0,0.9717590527958552,True,2021.07.09.20.26.06_veh-35_02793_03289,0,1625865627.6001039,664540.3707294232,3997886.110741456,664550.8118014511,3997897.400227702,1.0,"[5.0, 5.0, 2.0, 2.0, 2.0]",0.9752891711963733
252dcf3264285f7e,1.0,1.0,1.0,1.0,1.0,1.0,1.0,1.0,1.0,True,2021.07.09.20.26.06_veh-35_02793_03289,0,1625865484.600107,664465.4166900879,3997748.885932031,664465.4521989559,3997746.2186726574,1.0,"[5.0, 5.0, 2.0, 2.0, 2.0]",1.0
26a3cea95f035c1d,1.0,1.0,1.0,1.0,0.6184985004128721,1.0,1.0,1.0,0.8637494644331686,True,2021.07.09.20.26.06_veh-35_02793_03289,0,1625865541.600827,664467.6191132955,3997858.119499562,664463.6403427586,3997844.3540074597,,"[5.0, 5.0, 2.0, 2.0, 0.0]",0.8637494644331686
28e2bc1f058454a6,1.0,1.0,1.0,1.0,0.9276850184747724,1.0,1.0,1.0,0.9741732208838473,True,2021.07.09.20.26.06_veh-35_02793_03289,0,1625865732.601101,664435.2234117158,3997847.9829702815,664436.1722543357,3997854.0802675365,1.0,"[5.0, 5.0, 2.0, 2.0, 2.0]",0.9774015682733663
29ff4b56af185819,1.0,1.0,1.0,1.0,0.9672674154875457,1.0,1.0,1.0,0.9883097912455521,True,2021.07.09.20.26.06_veh-35_02793_03289,0,1625865636.09985,664511.6992283928,3997877.365676663,664527.4756037688,3997877.984780895,,"[5.0, 5.0, 2.0, 2.0, 0.0]",0.9883097912455521
2eb20ba165855d43,1.0,1.0,1.0,1.0,1.0,1.0,1.0,1.0,1.0,True,2021.07.09.20.26.06_veh-35_02793_03289,0,1625865521.1003609,664464.3279612066,3997806.168391122,664464.3601387194,3997803.5064928075,1.0,"[5.0, 5.0, 2.0, 2.0, 2.0]",1.0
2f2bc1e20be4545e,1.0,1.0,1.0,1.0,1.0,1.0,1.0,1.0,0.0,True,2021.07.09.20.26.06_veh-35_02793_03289,0,1625865535.1000738,664463.7898719583,3997835.4178836104,664464.2827172417,3997815.156256504,1.0,"[5.0, 5.0, 2.0, 2.0, 2.0]",1.0
30c294d478ee5953,1.0,1.0,1.0,1.0,0.984241436040483,1.0,1.0,1.0,0.9943719414430296,True,2021.07.09.20.26.06_veh-35_02793_03289,0,1625865519.10037,664464.3126298592,3997806.429134075,664464.419339773,3997799.6740726396,1.0,"[5.0, 5.0, 2.0, 2.0, 2.0]",0.995075448762651
30c5555824025240,1.0,1.0,1.0,1.0,0.9717138186893393,1.0,1.0,1.0,0.9898977923890497,True,2021.07.09.20.26.06_veh-35_02793_03289,0,1625865519.6001139,664464.3393223757,3997806.561127157,664464.3817742768,3997800.862991505,1.0,"[5.0, 5.0, 2.0, 2.0, 2.0]",0.9911605683404185
31232634fe425baa,1.0,1.0,1.0,1.0,0.8574505596357231,1.0,1.0,1.0,0.9490894855841868,True,2021.07.09.20.26.06_veh-35_02793_03289,0,1625865565.100149,664555.2105968663,3997844.435189406,664544.0368503131,3997851.474998753,1.0,"[5.0, 5.0, 2.0, 2.0, 2.0]",0.9554532998861635
31c01938dab253e7,1.0,1.0,1.0,1.0,1.0,1.0,1.0,1.0,1.0,True,2021.07.09.20.26.06_veh-35_02793_03289,0,1625865742.6000428,664434.7155788741,3997832.9471570635,664435.2644103641,3997848.2176720104,1.0,"[5.0, 5.0, 2.0, 2.0, 2.0]",1.0
31faa0734016556d,1.0,1.0,1.0,1.0,0.8963828672708934,1.0,1.0,1.0,0.9629938811681763,True,2021.07.09.20.26.06_veh-35_02793_03289,0,1625865583.1015239,664597.6025964104,3997868.541633951,664591.3188299561,3997856.2646184633,1.0,"[5.0, 5.0, 2.0, 2.0, 2.0]",0.9676196460221542
320bd6309da05bf7,1.0,1.0,1.0,1.0,1.0,1.0,1.0,1.0,0.0,True,2021.07.09.20.26.06_veh-35_02793_03289,0,1625865530.60017,664464.2831824913,3997814.1257931557,664464.3009905486,3997806.301485848,,"[5.0, 5.0, 2.0, 2.0, 0.0]",1.0
32aea60d7c7d56bf,1.0,1.0,1.0,1.0,1.0,1.0,1.0,1.0,1.0,True,2021.07.09.20.26.06_veh-35_02793_03289,0,1625865620.600339,664561.254796721,3997902.187923551,664576.5006405546,3997902.258286238,1.0,"[5.0, 5.0, 2.0, 2.0, 2.0]",1.0
3d6d3d1bfafd5c87,1.0,1.0,1.0,1.0,1.0,1.0,1.0,1.0,1.0,True,2021.07.09.20.26.06_veh-35_02793_03289,0,1625865650.101073,664485.6123222405,3997876.9900963134,664486.1509067055,3997876.9901432428,1.0,"[5.0, 5.0, 2.0, 2.0, 2.0]",1.0
3e80032635bb59d8,1.0,1.0,1.0,1.0,1.0,1.0,1.0,1.0,1.0,True,2021.07.09.20.26.06_veh-35_02793_03289,0,1625865594.1004689,664594.2681284513,3997893.741980497,664597.2778051104,3997884.570358017,,"[5.0, 5.0, 2.0, 2.0, 0.0]",1.0
3f1b608fff335993,1.0,1.0,1.0,1.0,1.0,1.0,1.0,1.0,0.8571428571428571,True,2021.07.09.20.26.06_veh-35_02793_03289,0,1625865734.600612,664435.2958527484,3997848.754332504,664435.3193694184,3997849.1070007565,1.0,"[5.0, 5.0, 2.0, 2.0, 2.0]",1.0
411aeffde8b7585c,1.0,1.0,1.0,1.0,0.7068832490433234,1.0,1.0,1.0,0.7524583032297584,True,2021.07.09.20.26.06_veh-35_02793_03289,0,1625865580.100437,664593.4816855211,3997859.346210407,664587.4241264913,3997851.9976986707,,"[5.0, 5.0, 2.0, 2.0, 0.0]",0.8953154460869012
4153f9fad2735b7d,1.0,1.0,1.0,1.0,0.8014470967882411,1.0,1.0,1.0,0.9290882488529432,True,2021.07.09.20.26.06_veh-35_02793_03289,0,1625865517.101505,664464.3373212282,3997804.285114347,664464.532391379,3997793.693127406,,"[5.0, 5.0, 2.0, 2.0, 0.0]",0.9290882488529432
43ab1fa546f15565,1.0,1.0,1.0,1.0,0.885823089028284,1.0,1.0,1.0,0.9592225317958157,True,2021.07.09.20.26.06_veh-35_02793_03289,0,1625865582.101132,664596.5512364068,3997865.282418497,664589.9575695471,3997854.6066099694,1.0,"[5.0, 5.0, 2.0, 2.0, 2.0]",0.9643197153213388
450f27a1f39652ec,1.0,1.0,1.0,1.0,1.0,1.0,1.0,1.0,1.0,True,2021.07.09.20.26.06_veh-35_02793_03289,0,1625865491.599959,664465.2977251726,3997753.7538569113,664465.4006313623,3997748.2651847857,,"[5.0, 5.0, 2.0, 2.0, 0.0]",1.0
48ed922936d85f0d,1.0,1.0,1.0,1.0,0.7820190270579134,1.0,1.0,1.0,0.9221496525206833,True,2021.07.09.20.26.06_veh-35_02793_03289,0,1625865479.1007628,664465.4751764379,3997742.6939370097,664466.0748105694,3997716.25487449,1.0,"[5.0, 5.0, 2.0, 2.0, 2.0]",0.9318809459555979
492174f0a0be5e87,1.0,1.0,1.0,1.0,1.0,1.0,1.0,1.0,1.0,True,2021.07.09.20.26.06_veh-35_02793_03289,0,1625865781.6005318,664430.5585596462,3997623.3186757425,664430.411733463,3997629.0032884534,,"[5.0, 5.0, 2.0, 2.0, 0.0]",1.0
4b012a201ee458a0,1.0,1.0,1.0,1.0,0.8112740466919652,1.0,1.0,1.0,0.9325978738185591,True,2021.07.09.20.26.06_veh-35_02793_03289,0,1625865564.5999339,664553.1602075449,3997845.0835455717,664542.9959718412,3997852.489172552,1.0,"[5.0, 5.0, 2.0, 2.0, 2.0]",0.9410231395912392
4f3e703c35e05679,1.0,1.0,1.0,1.0,1.0,1.0,1.0,1.0,1.0,True,2021.07.09.20.26.06_veh-35_02793_03289,0,1625865692.100648,664483.9896177513,3997876.927528015,664484.6059969537,3997876.9525068467,,"[5.0, 5.0, 2.0, 2.0, 0.0]",1.0
50d1a9ffaa2c54a4,1.0,1.0,1.0,1.0,1.0,1.0,1.0,1.0,1.0,True,2021.07.09.20.26.06_veh-35_02793_03289,0,1625865782.600787,664430.6575773433,3997619.2966819587,664430.4104705851,3997629.002672553,1.0,"[5.0, 5.0, 2.0, 2.0, 2.0]",1.0
50de3d17be6c5ced,1.0,1.0,1.0,1.0,1.0,1.0,1.0,1.0,0.0,True,2021.07.09.20.26.06_veh-35_02793_03289,0,1625865533.1011178,664464.1590297808,3997825.500183189,664464.2893203589,3997809.048531836,1.0,"[5.0, 5.0, 2.0, 2.0, 2.0]",1.0
52d9b7c0daa5529a,1.0,1.0,1.0,1.0,1.0,1.0,1.0,1.0,0.0,True,2021.07.09.20.26.06_veh-35_02793_03289,0,1625865370.600797,664477.092419876,3996674.4442717475,664477.190161749,3996659.8134312443,,"[5.0, 5.0, 2.0, 2.0, 0.0]",1.0
54d3068f889b58ee,1.0,1.0,1.0,1.0,0.8000632257733202,1.0,1.0,1.0,0.9285940092047572,True,2021.07.09.20.26.06_veh-35_02793_03289,0,1625865581.100906,664595.1127406989,3997862.0750832604,664588.773212665,3997853.323132455,1.0,"[5.0, 5.0, 2.0, 2.0, 2.0]",0.9375197580541625
55934aa7214d511e,1.0,1.0,1.0,1.0,0.8387499296984763,1.0,1.0,1.0,0.7995535463208844,True,2021.07.09.20.26.06_veh-35_02793_03289,0,1625865586.100098,664598.7172978788,3997878.197281043,664596.211335957,3997864.767164026,1.0,"[5.0, 5.0, 2.0, 2.0, 2.0]",0.9496093530307739
56197cc9035d51a9,1.0,1.0,1.0,1.0,0.94682401329501,1.0,1.0,1.0,0.9810085761767893,True,2021.07.09.20.26.06_veh-35_02793_03289,0,1625865447.1013849,664470.0857542593,3997468.534847834,664470.6806616794,3997434.657203088,1.0,"[5.0, 5.0, 2.0, 2.0, 2.0]",0.9833825041546906
56910770f2c1527a,1.0,1.0,1.0,1.0,1.0,1.0,1.0,1.0,1.0,True,2021.07.09.20.26.06_veh-35_02793_03289,0,1625865742.099911,664434.6933832822,3997835.452456336,664435.292304445,3997848.577166823,1.0,"[5.0, 5.0, 2.0, 2.0, 2.0]",1.0
56c1c01423045c64,1.0,1.0,1.0,1.0,1.0,1.0,1.0,1.0,1.0,True,2021.07.09.20.26.06_veh-35_02793_03289,0,1625865649.101471,664485.3105837677,3997876.984189529,664487.2854098681,3997876.986771734,1.0,"[5.0, 5.0, 2.0, 2.0, 2.0]",1.0
5b33f44a53c35e48,1.0,1.0,1.0,1.0,1.0,1.0,1.0,1.0,1.0,True,2021.07.09.20.26.06_veh-35_02793_03289,0,1625865510.1007519,664464.6865812631,3997786.7755494146,664464.8909387129,3997777.4553090553,1.0,"[5.0, 5.0, 2.0, 2.0, 2.0]",1.0
5b7e8c4975ba58ec,1.0,1.0,1.0,1.0,1.0,1.0,1.0,1.0,1.0,True,2021.07.09.20.26.06_veh-35_02793_03289,0,1625865479.600981,664465.4419225645,3997744.623053861,664465.9992625415,3997720.235229662,1.0,"[5.0, 5.0, 2.0, 2.0, 2.0]",1.0
600b68fede18549b,1.0,1.0,1.0,1.0,1.0,1.0,1.0,1.0,1.0,True,2021.07.09.20.26.06_veh-35_02793_03289,0,1625865784.10127,664430.8066158046,3997612.214511388,664430.4356991467,3997627.969599464,1.0,"[5.0, 5.0, 2.0, 2.0, 2.0]",1.0
619751e2f7d45698,1.0,1.0,1.0,1.0,1.0,1.0,1.0,1.0,1.0,True,2021.07.09.20.26.06_veh-35_02793_03289,0,1625865485.600497,664465.3920056929,3997748.486139307,664465.3893105392,3997747.6029859707,1.0,"[5.0, 5.0, 2.0, 2.0, 2.0]",1.0
61a1cff677ad53ae,1.0,1.0,1.0,1.0,1.0,1.0,1.0,1.0,1.0,True,2021.07.09.20.26.06_veh-35_02793_03289,0,1625865502.1002538,664464.9264286133,3997777.250369467,664465.0606978821,3997768.486962148,1.0,"[5.0, 5.0, 2.0, 2.0, 2.0]",1.0
6440483e348d5f99,1.0,1.0,1.0,1.0,1.0,1.0,1.0,1.0,0.8571428571428571,True,2021.07.09.20.26.06_veh-35_02793_03289,0,1625865741.5999029,664434.730775921,3997838.203875728,664435.2974473798,3997848.635691631,,"[5.0, 5.0, 2.0, 2.0, 0.0]",1.0
64832cd542ba5fbc,1.0,1.0,1.0,1.0,0.9023091820742899,1.0,1.0,1.0,0.9651104221693892,True,2021.07.09.20.26.06_veh-35_02793_03289,0,1625865729.1002169,664435.4517921184,3997852.0878809537,664444.2410500912,3997868.020051749,0.0,"[5.0, 5.0, 2.0, 2.0, 2.0]",0.8444716193982156
65eb702f91da53f9,1.0,1.0,1.0,1.0,1.0,1.0,1.0,1.0,0.8571428571428571,True,2021.07.09.20.26.06_veh-35_02793_03289,0,1625865623.10041,664551.8962325412,3997898.301320825,664567.216086323,3997902.896351334,1.0,"[5.0, 5.0, 2.0, 2.0, 2.0]",1.0
66d11076d8de59c1,1.0,1.0,1.0,1.0,0.9857805588120847,1.0,1.0,1.0,0.9949216281471731,True,2021.07.09.20.26.06_veh-35_02793_03289,0,1625865482.600412,664465.373562176,3997749.279606293,664465.5698966489,3997740.1373208095,1.0,"[5.0, 5.0, 2.0, 2.0, 2.0]",0.9955564246287765
6860494f3bf55348,1.0,1.0,1.0,1.0,0.8824651068011165,1.0,1.0,1.0,0.9580232524289701,True,2021.07.09.20.26.06_veh-35_02793_03289,0,1625865727.6011598,664436.9713506179,3997857.601922021,664451.0112555277,3997872.643635884,,"[5.0, 5.0, 2.0, 2.0, 0.0]",0.9580232524289701
68aeef84783d53ea,1.0,1.0,1.0,1.0,1.0,1.0,1.0,1.0,1.0,True,2021.07.09.20.26.06_veh-35_02793_03289,0,1625865371.601239,664477.1120767508,3996681.1017886885,664477.1646042048,3996660.756131831,1.0,"[5.0, 5.0, 2.0, 2.0, 2.0]",1.0
69912c13560f5d32,1.0,1.0,1.0,1.0,1.0,1.0,1.0,1.0,0.8571428571428571,True,2021.07.09.20.26.06_veh-35_02793_03289,0,1625865734.1008658,664435.2598962587,3997848.337441044,664435.4199979263,3997849.8928382266,1.0,"[5.0, 5.0, 2.0, 2.0, 2.0]",1.0
6a2198d9282c54ea,1.0,1.0,1.0,1.0,1.0,1.0,1.0,1.0,1.0,True,2021.07.09.20.26.06_veh-35_02793_03289,0,1625865503.600762,664464.8730514258,3997777.877710158,664464.9685846942,3997772.891542612,1.0,"[5.0, 5.0, 2.0, 2.0, 2.0]",1.0
6b309e6010535fcc,1.0,1.0,1.0,1.0,1.0,1.0,1.0,1.0,0.8571428571428571,True,2021.07.09.20.26.06_veh-35_02793_03289,0,1625865625.101181,664545.7032673161,3997893.4105555136,664559.7459461951,3997901.622104859,1.0,"[5.0, 5.0, 2.0, 2.0, 2.0]",1.0
6d00b13ae44d54a2,1.0,1.0,1.0,1.0,1.0,1.0,1.0,1.0,1.0,True,2021.07.09.20.26.06_veh-35_02793_03289,0,1625865520.6003308,664464.3056087131,3997806.2321214685,664464.3571616325,3997802.771928255,1.0,"[5.0, 5.0, 2.0, 2.0, 2.0]",1.0
6d9f1b3847705ce1,1.0,1.0,1.0,1.0,0.8711304113982147,1.0,1.0,1.0,0.9539751469279337,True,2021.07.09.20.26.06_veh-35_02793_03289,0,1625865566.100404,664558.2983241342,3997844.3362426218,664546.1611701576,3997849.4467196204,1.0,"[5.0, 5.0, 2.0, 2.0, 2.0]",0.959728253561942
6da35526f29f550a,1.0,1.0,1.0,1.0,1.0,1.0,1.0,1.0,1.0,True,2021.07.09.20.26.06_veh-35_02793_03289,0,1625865501.100025,664464.906987631,3997776.5358282155,664465.1428284515,3997765.0995037677,,"[5.0, 5.0, 2.0, 2.0, 0.0]",1.0
6e2af7ec92495e06,1.0,1.0,1.0,1.0,0.9015636386194245,1.0,1.0,1.0,0.9648441566497945,True,2021.07.09.20.26.06_veh-35_02793_03289,0,1625865583.601585,664598.1109013819,3997870.310704947,664592.1173392257,3997857.3373536826,1.0,"[5.0, 5.0, 2.0, 2.0, 2.0]",0.9692386370685702
71e9fdd5d6315495,1.0,1.0,1.0,1.0,1.0,1.0,1.0,1.0,0.8571428571428571,True,2021.07.09.20.26.06_veh-35_02793_03289,0,1625865624.100714,664548.8618219999,3997896.1687845374,664563.5015889273,3997902.46455134,1.0,"[5.0, 5.0, 2.0, 2.0, 2.0]",1.0
729f4b4121e35124,1.0,1.0,1.0,1.0,0.8577292364543168,1.0,1.0,1.0,0.806331870162256,True,2021.07.09.20.26.06_veh-35_02793_03289,0,1625865585.100297,664598.6980339992,3997875.217452749,664594.7301780708,3997861.5808481732,1.0,"[5.0, 5.0, 2.0, 2.0, 2.0]",0.955540386391974
7470512d36f45c26,1.0,1.0,1.0,1.0,1.0,1.0,1.0,1.0,1.0,True,2021.07.09.20.26.06_veh-35_02793_03289,0,1625865492.099917,664465.2815816088,3997754.8256428,664465.4004946692,3997748.275762385,1.0,"[5.0, 5.0, 2.0, 2.0, 2.0]",1.0
74f9e35f089d523a,1.0,1.0,1.0,1.0,1.0,1.0,1.0,1.0,1.0,True,2021.07.09.20.26.06_veh-35_02793_03289,0,1625865733.6011238,664435.2247442828,3997848.0442614993,664435.5795216728,3997851.0279355617,1.0,"[5.0, 5.0, 2.0, 2.0, 2.0]",1.0
75981c1acbe65a34,1.0,1.0,1.0,1.0,0.8512561004596706,1.0,1.0,1.0,0.8040200358784537,True,2021.07.09.20.26.06_veh-35_02793_03289,0,1625865585.60007,664598.738926385,3997876.8506243094,664595.5072851817,3997863.1671118857,1.0,"[5.0, 5.0, 2.0, 2.0, 2.0]",0.953517531393647
774923d838b959cd,1.0,1.0,1.0,1.0,0.8884013064945883,1.0,1.0,1.0,0.9601433237480672,True,2021.07.09.20.26.06_veh-35_02793_03289,0,1625865567.6007829,664563.403104077,3997844.1441676863,664549.6749814491,3997846.838830219,1.0,"[5.0, 5.0, 2.0, 2.0, 2.0]",0.9651254082795588
796da6bb8d1d553f,1.0,1.0,1.0,1.0,1.0,1.0,1.0,1.0,1.0,True,2021.07.09.20.26.06_veh-35_02793_03289,0,1625865621.599825,664556.9690747708,3997900.874730323,664572.8130484824,3997902.821022829,1.0,"[5.0, 5.0, 2.0, 2.0, 2.0]",1.0
7ba1003726915e44,1.0,1.0,1.0,1.0,0.9006615571020947,1.0,1.0,1.0,0.9645219846793196,True,2021.07.09.20.26.06_veh-35_02793_03289,0,1625865582.6013649,664597.1675432611,3997866.963983448,664590.5977645285,3997855.363136052,1.0,"[5.0, 5.0, 2.0, 2.0, 2.0]",0.9689567365944046
7fd6309dcdaf525e,1.0,1.0,1.0,1.0,1.0,1.0,1.0,1.0,1.0,True,2021.07.09.20.26.06_veh-35_02793_03289,0,1625865743.100286,664434.6325474463,3997829.52481872,664435.2145168126,3997847.476963789,1.0,"[5.0, 5.0, 2.0, 2.0, 2.0]",1.0
8393b89f1fbd56fc,1.0,1.0,1.0,1.0,0.9009138170461106,1.0,1.0,1.0,0.964612077516468,True,2021.07.09.20.26.06_veh-35_02793_03289,0,1625865568.601322,664567.1846958684,3997844.234268567,664552.743061076,3997845.4553666315,1.0,"[5.0, 5.0, 2.0, 2.0, 2.0]",0.9690355678269096
888476b1a13b51db,1.0,1.0,1.0,1.0,0.863644376251468,1.0,1.0,1.0,0.9513015629469529,True,2021.07.09.20.26.06_veh-35_02793_03289,0,1625865565.600275,664556.7468155281,3997844.4690267015,664545.0835783714,3997850.4446347966,1.0,"[5.0, 5.0, 2.0, 2.0, 2.0]",0.9573888675785838
8902a3e760a7504d,1.0,1.0,1.0,1.0,1.0,1.0,1.0,1.0,1.0,True,2021.07.09.20.26.06_veh-35_02793_03289,0,1625865645.100497,664486.1829717347,3997876.966139122,664496.5076612305,3997877.135466074,,"[5.0, 5.0, 2.0, 2.0, 0.0]",1.0
8ca04ffe31395059,1.0,1.0,1.0,1.0,0.9497254093793515,1.0,1.0,1.0,0.9820447890640541,True,2021.07.09.20.26.06_veh-35_02793_03289,0,1625865446.1009538,664470.4437734704,3997460.4898121916,664470.2516824092,3997426.087947807,1.0,"[5.0, 5.0, 2.0, 2.0, 2.0]",0.9842891904310473
8e19623e78d15d60,1.0,1.0,1.0,1.0,0.5936381251533138,1.0,1.0,1.0,0.8548707589833263,True,2021.07.09.20.26.06_veh-35_02793_03289,0,1625865597.101228,664593.17109836,3997895.259614595,664595.33986568,3997891.3087961576,1.0,"[5.0, 5.0, 2.0, 2.0, 2.0]",0.8730119141104106
94e4f5f0f22655d2,1.0,1.0,1.0,1.0,0.8773614727820409,1.0,1.0,1.0,0.9562005259935861,True,2021.07.09.20.26.06_veh-35_02793_03289,0,1625865584.101197,664598.3077219769,3997872.036059832,664592.9773378032,3997858.600943861,1.0,"[5.0, 5.0, 2.0, 2.0, 2.0]",0.9616754602443878
95ccbbe1810c5e38,1.0,1.0,1.0,1.0,0.9576687301870989,1.0,1.0,1.0,0.9848816893525354,True,2021.07.09.20.26.06_veh-35_02793_03289,0,1625865520.100221,664464.3244802799,3997806.485947896,664464.3690449322,3997801.892620216,1.0,"[5.0, 5.0, 2.0, 2.0, 2.0]",0.9867714781834684
966cdeadbc375041,1.0,1.0,1.0,1.0,0.9319853177482155,1.0,1.0,1.0,0.9757090420529341,True,2021.07.09.20.26.06_veh-35_02793_03289,0,1625865637.10019,664508.606286136,3997877.354585613,664523.853082192,3997877.7475158656,1.0,"[5.0, 5.0, 2.0, 2.0, 2.0]",0.9787454117963174
9ad2cc6c97365873,1.0,1.0,1.0,1.0,0.8230964384584314,1.0,1.0,1.0,0.936820156592297,True,2021.07.09.20.26.06_veh-35_02793_03289,0,1625865478.600517,664465.5302509575,3997741.3741546837,664466.1365600893,3997712.245820951,,"[5.0, 5.0, 2.0, 2.0, 0.0]",0.936820156592297
9b4247d0fd87569c,1.0,1.0,1.0,1.0,0.9169769825759969,1.0,1.0,1.0,0.9703489223485704,True,2021.07.09.20.26.06_veh-35_02793_03289,0,1625865493.1003308,664465.1752360947,3997756.49868232,664465.3973795106,3997748.648912227,1.0,"[5.0, 5.0, 2.0, 2.0, 2.0]",0.9740553070549991
9f7def7fc5e4570e,1.0,1.0,1.0,1.0,0.7906805767792568,1.0,1.0,1.0,0.9252430631354489,True,2021.07.09.20.26.06_veh-35_02793_03289,0,1625865564.099745,664551.6044771677,3997845.6404894586,664541.9301175772,3997853.478467374,,"[5.0, 5.0, 2.0, 2.0, 0.0]",0.9252430631354489
a01fa5eb5be95c2a,1.0,1.0,1.0,1.0,0.8587470868884094,1.0,1.0,1.0,0.9495525310315748,True,2021.07.09.20.26.06_veh-35_02793_03289,0,1625865573.1006758,664581.7231716674,3997847.6879592356,664568.4939766981,3997844.3837607177,,"[5.0, 5.0, 2.0, 2.0, 0.0]",0.9495525310315748
a3421711e5dc50e5,1.0,1.0,1.0,1.0,1.0,1.0,1.0,0.0,0.8571428571428571,True,2021.07.09.20.26.06_veh-35_02793_03289,0,1625865545.599923,664485.2143625258,3997860.3600506797,664467.4094653686,3997857.3107825355,0.0,"[5.0, 5.0, 2.0, 2.0, 2.0]",0.75
a7052e45ec88505e,1.0,1.0,1.0,1.0,0.8869424481295299,1.0,1.0,1.0,0.9596223029034034,True,2021.07.09.20.26.06_veh-35_02793_03289,0,1625865567.100754,664561.6411589452,3997843.989221479,664548.4210779233,3997847.670195128,1.0,"[5.0, 5.0, 2.0, 2.0, 2.0]",0.964669515040478
a8f42d585ae55630,1.0,1.0,1.0,1.0,0.9300528039789783,1.0,1.0,1.0,0.9750188585639208,True,2021.07.09.20.26.06_veh-35_02793_03289,0,1625865447.6012828,664470.1144935513,3997472.2691396447,664470.7732001537,3997438.894164062,1.0,"[5.0, 5.0, 2.0, 2.0, 2.0]",0.9781415012434307
aa22e0c0be2b588c,1.0,1.0,1.0,1.0,1.0,1.0,1.0,1.0,1.0,True,2021.07.09.20.26.06_veh-35_02793_03289,0,1625865783.1009789,664430.6881548174,3997617.1394833094,664430.4112954317,3997628.9543400244,1.0,"[5.0, 5.0, 2.0, 2.0, 2.0]",1.0
aa9798a62fd05f92,1.0,1.0,1.0,1.0,0.9066626158501856,1.0,1.0,1.0,0.9666652199464948,True,2021.07.09.20.26.06_veh-35_02793_03289,0,1625865729.60019,664435.2006878508,3997850.605802589,664442.3850869605,3997866.121940206,1.0,"[5.0, 5.0, 2.0, 2.0, 2.0]",0.970832067453183
abc8238662a8569e,1.0,1.0,1.0,1.0,0.906207589594144,1.0,1.0,1.0,0.9665027105693371,True,2021.07.09.20.26.06_veh-35_02793_03289,0,1625865442.6008868,664470.4587133185,3997431.133462939,664468.7820828921,3997393.5658888854,,"[5.0, 5.0, 2.0, 2.0, 0.0]",0.9665027105693371
ad8f2bc5ddb055c9,1.0,1.0,1.0,1.0,0.8530079224428845,1.0,1.0,1.0,0.9475028294438873,True,2021.07.09.20.26.06_veh-35_02793_03289,0,1625865517.601498,664464.3415352115,3997805.113301171,664464.4967031609,3997795.294676901,1.0,"[5.0, 5.0, 2.0, 2.0, 2.0]",0.9540649757634014
add1ea7b7e845845,1.0,1.0,1.0,1.0,1.0,1.0,1.0,1.0,0.0,True,2021.07.09.20.26.06_veh-35_02793_03289,0,1625865371.101075,664477.0573613377,3996677.46647968,664477.1852907616,3996660.0629688744,1.0,"[5.0, 5.0, 2.0, 2.0, 2.0]",1.0
adf1f42c50905604,1.0,1.0,1.0,1.0,1.0,1.0,1.0,1.0,1.0,True,2021.07.09.20.26.06_veh-35_02793_03289,0,1625865481.10132,664465.3697533859,3997747.882633847,664465.7546647541,3997731.6506334357,1.0,"[5.0, 5.0, 2.0, 2.0, 2.0]",1.0
ae0c0121c32e5e5c,1.0,1.0,1.0,1.0,0.6765750738613676,1.0,1.0,1.0,0.8844910978076312,True,2021.07.09.20.26.06_veh-35_02793_03289,0,1625865596.601073,664593.2892994938,3997895.0745752044,664595.7676894409,3997890.2444633846,1.0,"[5.0, 5.0, 2.0, 2.0, 2.0]",0.8989297105816774
af1647f044bf5353,1.0,1.0,1.0,1.0,1.0,1.0,1.0,1.0,0.0,True,2021.07.09.20.26.06_veh-35_02793_03289,0,1625865531.600592,664464.2865195232,3997817.6093894513,664464.2973794885,3997807.04936919,1.0,"[5.0, 5.0, 2.0, 2.0, 2.0]",1.0
b017af1b89af5241,1.0,1.0,1.0,1.0,1.0,1.0,1.0,1.0,1.0,True,2021.07.09.20.26.06_veh-35_02793_03289,0,1625865504.101011,664464.8706165742,3997778.308654829,664464.966650826,3997774.057703168,0.0,"[5.0, 5.0, 2.0, 2.0, 2.0]",0.875
b0fbd8c8185b5ba8,1.0,1.0,1.0,1.0,1.0,1.0,1.0,1.0,1.0,True,2021.07.09.20.26.06_veh-35_02793_03289,0,1625865485.100358,664465.3990657103,3997748.4727298813,664465.4101086203,3997747.0213880395,1.0,"[5.0, 5.0, 2.0, 2.0, 2.0]",1.0
b31cfbd91b505320,1.0,1.0,1.0,1.0,0.9556327128602867,1.0,1.0,1.0,0.9841545403072453,True,2021.07.09.20.26.06_veh-35_02793_03289,0,1625865625.6011958,664544.6742176965,3997892.1070570983,664557.8605647581,3997901.014290767,1.0,"[5.0, 5.0, 2.0, 2.0, 2.0]",0.9861352227688396
b3811cb7cd8b5bee,1.0,1.0,1.0,1.0,1.0,1.0,1.0,1.0,1.0,True,2021.07.09.20.26.06_veh-35_02793_03289,0,1625865522.1005268,664464.3332018188,3997805.726101951,664464.3486677443,3997804.6340616797,1.0,"[5.0, 5.0, 2.0, 2.0, 2.0]",1.0
b462555081035453,1.0,1.0,1.0,1.0,0.938774438473277,1.0,1.0,1.0,0.9781337280261704,True,2021.07.09.20.26.06_veh-35_02793_03289,0,1625865443.1006658,664470.677721878,3997436.2739645527,664468.7451398202,3997398.5562042613,1.0,"[5.0, 5.0, 2.0, 2.0, 2.0]",0.980867012022899
b518972e5c74575f,1.0,1.0,1.0,1.0,0.8968630035082711,1.0,1.0,1.0,0.9631653583958111,True,2021.07.09.20.26.06_veh-35_02793_03289,0,1625865568.100955,664565.3750056857,3997844.0712594334,664551.1107622423,3997846.0582874524,1.0,"[5.0, 5.0, 2.0, 2.0, 2.0]",0.9677696885963347
b5bc586e807859b9,1.0,1.0,1.0,1.0,0.9316187107079746,1.0,1.0,1.0,0.9755781109671339,True,2021.07.09.20.26.06_veh-35_02793_03289,0,1625865543.101552,664472.8479253537,3997859.9185865303,664463.7182121448,3997849.897415558,1.0,"[5.0, 5.0, 2.0, 2.0, 2.0]",0.9786308470962422
b5e45ceeb763563d,1.0,1.0,1.0,1.0,1.0,1.0,1.0,1.0,1.0,True,2021.07.09.20.26.06_veh-35_02793_03289,0,1625865501.6001918,664464.8936436292,3997776.613160576,664465.1046250564,3997766.7746217577,1.0,"[5.0, 5.0, 2.0, 2.0, 2.0]",1.0
b7c1be361c1d5615,1.0,1.0,1.0,1.0,0.9252698107592978,1.0,1.0,1.0,0.9733106466997492,True,2021.07.09.20.26.06_veh-35_02793_03289,0,1625865733.1011949,664435.2284232398,3997848.012881486,664435.8245392422,3997852.454769693,1.0,"[5.0, 5.0, 2.0, 2.0, 2.0]",0.9766468158622805
b97938c4b1ac52af,1.0,1.0,1.0,1.0,0.9961805829037566,1.0,1.0,1.0,0.8557787796084845,True,2021.07.09.20.26.06_veh-35_02793_03289,0,1625865558.09989,664537.7493714888,3997856.3364922423,664521.8721386072,3997858.734740214,1.0,"[5.0, 5.0, 2.0, 2.0, 2.0]",0.9988064321574239
b98a4b4bc2ee5b6a,1.0,1.0,1.0,1.0,0.9977758117953373,1.0,1.0,1.0,0.9992056470697632,True,2021.07.09.20.26.06_veh-35_02793_03289,0,1625865518.6007829,664464.3292433817,3997806.576241997,664464.4435365774,3997798.3556219437,1.0,"[5.0, 5.0, 2.0, 2.0, 2.0]",0.9993049411860428
bb9c2a9a955450bc,1.0,1.0,1.0,1.0,1.0,1.0,1.0,1.0,1.0,True,2021.07.09.20.26.06_veh-35_02793_03289,0,1625865502.600422,664464.9107305261,3997777.511394307,664465.0290772313,3997770.1189254783,1.0,"[5.0, 5.0, 2.0, 2.0, 2.0]",1.0
bc445c24b7545106,1.0,1.0,1.0,1.0,0.954424125341617,1.0,1.0,1.0,0.9837229019077204,True,2021.07.09.20.26.06_veh-35_02793_03289,0,1625865543.6014478,664475.1198921654,3997859.9953023987,664463.9905160238,3997851.653054746,1.0,"[5.0, 5.0, 2.0, 2.0, 2.0]",0.9857575391692553
bd8da61ec9b053a6,1.0,1.0,1.0,1.0,1.0,1.0,1.0,1.0,1.0,True,2021.07.09.20.26.06_veh-35_02793_03289,0,1625865620.1007428,664562.9485578806,3997902.4939922797,664578.1553971391,3997901.869725669,,"[5.0, 5.0, 2.0, 2.0, 0.0]",1.0
be0a4fadbbf8555a,1.0,1.0,1.0,1.0,0.9080474134125152,1.0,1.0,1.0,0.9671597905044697,True,2021.07.09.20.26.06_veh-35_02793_03289,0,1625865566.600553,664560.4425360393,3997844.225440603,664547.2708274261,3997848.52051759,1.0,"[5.0, 5.0, 2.0, 2.0, 2.0]",0.971264816691411
c0d603acd14d5441,1.0,1.0,1.0,1.0,0.9567883341588802,1.0,1.0,1.0,0.9845672621996001,True,2021.07.09.20.26.06_veh-35_02793_03289,0,1625865483.1001298,664465.4043162771,3997749.2727823528,664465.5382274477,3997742.1305016815,1.0,"[5.0, 5.0, 2.0, 2.0, 2.0]",0.9864963544246501
c11f2df51dd65f35,1.0,1.0,1.0,1.0,0.9440795300755943,1.0,1.0,1.0,0.9800284035984266,True,2021.07.09.20.26.06_veh-35_02793_03289,0,1625865445.6007519,664470.5116446362,3997456.468161862,664469.8987493936,3997421.72838042,,"[5.0, 5.0, 2.0, 2.0, 0.0]",0.9800284035984266
c14c33af349e53d0,1.0,1.0,1.0,1.0,0.9569706475552939,1.0,1.0,1.0,0.9846323741268908,True,2021.07.09.20.26.06_veh-35_02793_03289,0,1625865448.1009688,664469.8659717047,3997477.44266212,664470.7768858029,3997443.0921448646,1.0,"[5.0, 5.0, 2.0, 2.0, 2.0]",0.9865533273610294
c4fc1ccdc82752ef,1.0,1.0,1.0,1.0,0.9427126971424186,1.0,1.0,1.0,0.9795402489794353,True,2021.07.09.20.26.06_veh-35_02793_03289,0,1625865595.6006598,664593.234072969,3997895.2380756,664596.5141537293,3997887.9014276965,,"[5.0, 5.0, 2.0, 2.0, 0.0]",0.9795402489794353
c5f68fedccf05348,1.0,1.0,1.0,1.0,1.0,1.0,1.0,1.0,0.0,True,2021.07.09.20.26.06_veh-35_02793_03289,0,1625865532.100651,664464.2224146887,3997820.2601404567,664464.2940612893,3997807.5419089673,1.0,"[5.0, 5.0, 2.0, 2.0, 2.0]",1.0
c6cd57d4069b55bb,1.0,1.0,1.0,1.0,0.947770391951085,1.0,1.0,1.0,0.981346568553959,True,2021.07.09.20.26.06_veh-35_02793_03289,0,1625865446.601147,664470.3001476031,3997464.5380878234,664470.5038512585,3997430.3948270516,1.0,"[5.0, 5.0, 2.0, 2.0, 2.0]",0.9836782474847141
c73b0140d9f153a8,1.0,1.0,1.0,1.0,0.9546161734235388,1.0,1.0,1.0,0.9837914905084066,True,2021.07.09.20.26.06_veh-35_02793_03289,0,1625865627.100232,664541.2534132907,3997887.303616164,664552.4735919822,3997898.455845657,1.0,"[5.0, 5.0, 2.0, 2.0, 2.0]",0.9858175541948558
c8359786d5db538c,1.0,1.0,1.0,1.0,1.0,1.0,1.0,1.0,1.0,True,2021.07.09.20.26.06_veh-35_02793_03289,0,1625865521.6003559,664464.3274693538,3997805.783687611,664464.3546631075,3997804.1336735613,1.0,"[5.0, 5.0, 2.0, 2.0, 2.0]",1.0
ca0eb08315185167,1.0,1.0,1.0,1.0,1.0,1.0,1.0,1.0,1.0,True,2021.07.09.20.26.06_veh-35_02793_03289,0,1625865480.6011,664465.4240198382,3997747.4547867044,664465.8404126064,3997728.0297089517,1.0,"[5.0, 5.0, 2.0, 2.0, 2.0]",1.0
cb0ae811d2c95ead,1.0,1.0,1.0,1.0,1.0,1.0,1.0,1.0,1.0,True,2021.07.09.20.26.06_veh-35_02793_03289,0,1625865621.0999858,664559.3581389373,3997901.629244294,664574.7063015968,3997902.5829230323,1.0,"[5.0, 5.0, 2.0, 2.0, 2.0]",1.0
cc9156b10b5855ff,1.0,1.0,1.0,1.0,0.8377865021854526,1.0,1.0,1.0,0.9420666079233759,True,2021.07.09.20.26.06_veh-35_02793_03289,0,1625865596.100895,664593.0401361377,3997895.4535169504,664596.1578693121,3997889.104704822,1.0,"[5.0, 5.0, 2.0, 2.0, 2.0]",0.9493082819329539
cc94486698ff58d1,1.0,1.0,1.0,1.0,0.861856444808574,1.0,1.0,1.0,0.9506630160030622,True,2021.07.09.20.26.06_veh-35_02793_03289,0,1625865581.601011,664595.8779409474,3997863.74896725,664589.3616008098,3997853.9482257436,1.0,"[5.0, 5.0, 2.0, 2.0, 2.0]",0.9568301390026794
ccd64ddebcda50f6,1.0,1.0,1.0,1.0,0.9047765719366917,1.0,1.0,1.0,0.9659916328345327,True,2021.07.09.20.26.06_veh-35_02793_03289,0,1625865518.1010668,664464.3199599361,3997805.849118905,664464.4659487229,3997796.884159287,1.0,"[5.0, 5.0, 2.0, 2.0, 2.0]",0.9702426787302161
cce0aae6d8a853d2,1.0,1.0,1.0,1.0,0.9716294491878514,1.0,0.0,1.0,0.8470105175670898,True,2021.07.09.20.26.06_veh-35_02793_03289,0,1625865626.100821,664543.2068316836,3997890.4305985845,664556.0146305842,3997900.2808514955,1.0,"[5.0, 5.0, 2.0, 2.0, 2.0]",0.8661342028712036
d1b49eebe00059c4,1.0,1.0,1.0,1.0,1.0,1.0,1.0,1.0,1.0,True,2021.07.09.20.26.06_veh-35_02793_03289,0,1625865598.6007,664593.5399697634,3997894.6336284024,664594.0338181095,3997893.826353215,,"[5.0, 5.0, 2.0, 2.0, 0.0]",1.0
d4a4be0043ee53d8,1.0,1.0,1.0,1.0,1.0,1.0,1.0,1.0,1.0,True,2021.07.09.20.26.06_veh-35_02793_03289,0,1625865646.6007888,664484.8701387087,3997876.9623908917,664492.3656099208,3997877.0667860988,1.0,"[5.0, 5.0, 2.0, 2.0, 2.0]",1.0
d4aca7a7d5ba5ff7,1.0,1.0,1.0,1.0,0.9701775819026613,1.0,1.0,1.0,0.8464919935366648,True,2021.07.09.20.26.06_veh-35_02793_03289,0,1625865624.6009529,664547.2587048495,3997894.7440741365,664561.633109847,3997902.103040972,1.0,"[5.0, 5.0, 2.0, 2.0, 2.0]",0.9906804943445817
d662eafbf56753f4,1.0,1.0,1.0,1.0,0.9423689942063617,1.0,1.0,1.0,0.9794174979308435,True,2021.07.09.20.26.06_veh-35_02793_03289,0,1625865628.100086,664538.9257507244,3997884.1068552854,664549.2253106021,3997896.2451152806,1.0,"[5.0, 5.0, 2.0, 2.0, 2.0]",0.981990310689488
d7e370e3315453ae,1.0,1.0,1.0,1.0,0.6635989811138026,1.0,1.0,1.0,0.8798567789692152,True,2021.07.09.20.26.06_veh-35_02793_03289,0,1625865597.60113,664593.2464166867,3997895.0588522023,664594.8868839616,3997892.2637656694,1.0,"[5.0, 5.0, 2.0, 2.0, 2.0]",0.8948746815980633
d7e69541e68a5b3b,1.0,1.0,1.0,1.0,0.9538896868030059,1.0,1.0,1.0,0.9835320310010734,True,2021.07.09.20.26.06_veh-35_02793_03289,0,1625865626.6005359,664542.2511738254,3997888.919707619,664554.206540408,3997899.4180366374,1.0,"[5.0, 5.0, 2.0, 2.0, 2.0]",0.9855905271259393
d8118f444d4d574e,1.0,1.0,1.0,1.0,1.0,1.0,1.0,0.0,0.8571428571428571,True,2021.07.09.20.26.06_veh-35_02793_03289,0,1625865545.100255,664482.6239290844,3997860.3465235066,664466.2056789198,3997856.200269746,0.0,"[5.0, 5.0, 2.0, 2.0, 2.0]",0.75
d9132b3c692558c8,1.0,1.0,1.0,1.0,1.0,1.0,1.0,1.0,0.0,True,2021.07.09.20.26.06_veh-35_02793_03289,0,1625865534.60044,664463.906079117,3997832.705367473,664464.2885913248,3997813.2480667415,,"[5.0, 5.0, 2.0, 2.0, 0.0]",1.0
daa2dd83846355d1,1.0,1.0,1.0,1.0,1.0,1.0,1.0,1.0,1.0,True,2021.07.09.20.26.06_veh-35_02793_03289,0,1625865647.100797,664484.8404589269,3997876.99642384,664491.1173032859,3997877.0625109836,1.0,"[5.0, 5.0, 2.0, 2.0, 2.0]",1.0
e06108e069b55486,1.0,1.0,1.0,1.0,0.8744433501103731,1.0,1.0,1.0,0.9551583393251333,True,2021.07.09.20.26.06_veh-35_02793_03289,0,1625865728.1007729,664436.252671352,3997855.792898852,664448.5849339314,3997871.2932967655,0.0,"[5.0, 5.0, 2.0, 2.0, 2.0]",0.8357635469094916
e0990db225ab5e2b,1.0,1.0,1.0,1.0,0.9720183587353384,1.0,1.0,1.0,0.9900065566911922,True,2021.07.09.20.26.06_veh-35_02793_03289,0,1625865482.100801,664465.3914626482,3997748.6579222544,664465.6134691604,3997737.729700154,1.0,"[5.0, 5.0, 2.0, 2.0, 2.0]",0.9912557371047932
e1320bebb7f25f65,1.0,1.0,1.0,1.0,1.0,1.0,1.0,1.0,1.0,True,2021.07.09.20.26.06_veh-35_02793_03289,0,1625865646.100739,664485.1627421213,3997876.98084414,664493.6879205424,3997877.0788081717,1.0,"[5.0, 5.0, 2.0, 2.0, 2.0]",1.0
e27c4e988e10569a,1.0,1.0,1.0,1.0,0.6480871968204065,1.0,1.0,1.0,0.8743168560072879,True,2021.07.09.20.26.06_veh-35_02793_03289,0,1625865542.601356,664471.0351284896,3997859.3807289987,664463.59199117,3997848.0940125533,1.0,"[5.0, 5.0, 2.0, 2.0, 2.0]",0.890027249006377
e34cae2fefab55b8,1.0,1.0,1.0,1.0,1.0,1.0,1.0,1.0,1.0,True,2021.07.09.20.26.06_veh-35_02793_03289,0,1625865647.600914,664484.6390497567,3997877.000660425,664489.9571588242,3997877.0518122106,1.0,"[5.0, 5.0, 2.0, 2.0, 2.0]",1.0
e4bf21cd63585bf7,1.0,1.0,1.0,1.0,0.8882675726030235,1.0,1.0,1.0,0.8172384187867942,True,2021.07.09.20.26.06_veh-35_02793_03289,0,1625865584.600664,664598.6210765034,3997873.9008298586,664593.862619986,3997860.0194865833,1.0,"[5.0, 5.0, 2.0, 2.0, 2.0]",0.9650836164384449
e507573c08815f9e,1.0,1.0,1.0,1.0,0.8991662000168738,1.0,1.0,1.0,0.963987928577455,True,2021.07.09.20.26.06_veh-35_02793_03289,0,1625865483.5998979,664465.4002303532,3997749.3507572645,664465.506624897,3997743.7805297864,1.0,"[5.0, 5.0, 2.0, 2.0, 2.0]",0.968489437505273
e90d6cecf29d53cc,1.0,1.0,1.0,1.0,1.0,1.0,1.0,0.0,0.8571428571428571,True,2021.07.09.20.26.06_veh-35_02793_03289,0,1625865544.600641,664480.0664501454,3997860.232991295,664465.220800393,3997854.851018451,0.0,"[5.0, 5.0, 2.0, 2.0, 2.0]",0.75
ec0f3cc6c0fd590e,1.0,1.0,1.0,1.0,1.0,1.0,1.0,1.0,1.0,True,2021.07.09.20.26.06_veh-35_02793_03289,0,1625865649.601508,664485.3887361127,3997876.9973096997,664486.6613680556,3997876.985720996,1.0,"[5.0, 5.0, 2.0, 2.0, 2.0]",1.0
edd18606d29e5285,1.0,1.0,1.0,1.0,1.0,1.0,1.0,1.0,0.8571428571428571,True,2021.07.09.20.26.06_veh-35_02793_03289,0,1625865622.600055,664553.9473424973,3997899.484718171,664569.0503011409,3997902.9620044893,1.0,"[5.0, 5.0, 2.0, 2.0, 2.0]",1.0
eebdbcf854975ae9,1.0,1.0,1.0,1.0,1.0,1.0,1.0,1.0,1.0,True,2021.07.09.20.26.06_veh-35_02793_03289,0,1625865782.100637,664430.6278388915,3997620.7962178136,664430.410840205,3997629.0071494,1.0,"[5.0, 5.0, 2.0, 2.0, 2.0]",1.0
efe50170f67a57dc,1.0,1.0,1.0,1.0,1.0,1.0,1.0,1.0,0.0,True,2021.07.09.20.26.06_veh-35_02793_03289,0,1625865531.1004488,664464.236588153,3997815.962800632,664464.303433286,3997806.648655263,1.0,"[5.0, 5.0, 2.0, 2.0, 2.0]",1.0
f177501cd1555b76,1.0,1.0,1.0,1.0,1.0,1.0,1.0,1.0,0.8571428571428571,True,2021.07.09.20.26.06_veh-35_02793_03289,0,1625865735.1003149,664435.292146304,3997848.639808511,664435.2760548629,3997848.678693753,1.0,"[5.0, 5.0, 2.0, 2.0, 2.0]",1.0
f42717531e645bd0,1.0,1.0,1.0,1.0,0.8355468574196253,1.0,1.0,1.0,0.9412667347927233,True,2021.07.09.20.26.06_veh-35_02793_03289,0,1625865484.099974,664465.4104972574,3997749.0092132636,664465.475138238,3997745.1447859886,1.0,"[5.0, 5.0, 2.0, 2.0, 2.0]",0.9486083929436329
f6522a382ccb5589,1.0,1.0,1.0,1.0,1.0,1.0,1.0,1.0,1.0,True,2021.07.09.20.26.06_veh-35_02793_03289,0,1625865509.60062,664464.7258001982,3997785.099113611,664464.8913195056,3997777.165428618,,"[5.0, 5.0, 2.0, 2.0, 0.0]",1.0
f79dbdc306a15120,1.0,1.0,1.0,1.0,1.0,1.0,1.0,1.0,1.0,True,2021.07.09.20.26.06_veh-35_02793_03289,0,1625865504.601275,664464.8979222309,3997777.723847487,664464.9736230246,3997774.935414189,1.0,"[5.0, 5.0, 2.0, 2.0, 2.0]",1.0
f95fc48b693b53c2,1.0,1.0,1.0,1.0,0.9129516334001102,1.0,1.0,1.0,0.9689112976428965,True,2021.07.09.20.26.06_veh-35_02793_03289,0,1625865648.101182,664485.0756034389,3997877.004957978,664488.9108301047,3997877.0144484504,1.0,"[5.0, 5.0, 2.0, 2.0, 2.0]",0.9727973854375345
fa6d09b953e85996,1.0,1.0,1.0,1.0,0.9678085097504622,1.0,1.0,1.0,0.9885030391965935,True,2021.07.09.20.26.06_veh-35_02793_03289,0,1625865732.100986,664435.2404197997,3997847.9494590587,664436.6837207048,3997855.8831081144,,"[5.0, 5.0, 2.0, 2.0, 0.0]",0.9885030391965935
faf084d60e455e01,1.0,1.0,1.0,1.0,1.0,1.0,1.0,1.0,0.0,True,2021.07.09.20.26.06_veh-35_02793_03289,0,1625865535.599943,664463.7942787848,3997837.8314840416,664464.2702280574,3997817.2970010606,1.0,"[5.0, 5.0, 2.0, 2.0, 2.0]",1.0
fb62245532a251c2,1.0,1.0,1.0,1.0,1.0,1.0,1.0,1.0,1.0,True,2021.07.09.20.26.06_veh-35_02793_03289,0,1625865492.6001048,664465.2485401278,3997755.6792283957,664465.4007179734,3997748.3752430533,1.0,"[5.0, 5.0, 2.0, 2.0, 2.0]",1.0
fba22c6ccd535dd0,1.0,1.0,1.0,1.0,1.0,1.0,1.0,1.0,0.8571428571428571,True,2021.07.09.20.26.06_veh-35_02793_03289,0,1625865622.0998678,664555.5970305785,3997900.2908453257,664570.908331225,3997902.9483127883,1.0,"[5.0, 5.0, 2.0, 2.0, 2.0]",1.0
fbd62cf89a7d5308,1.0,1.0,1.0,1.0,0.8555148737958063,1.0,1.0,1.0,0.948398169212788,True,2021.07.09.20.26.06_veh-35_02793_03289,0,1625865503.100647,664464.8703857971,3997777.530478377,664464.9955838249,3997771.5711671985,1.0,"[5.0, 5.0, 2.0, 2.0, 2.0]",0.9548483980611895
fd266017475c571a,1.0,1.0,1.0,1.0,0.9025374291887939,1.0,1.0,1.0,0.9651919389959979,True,2021.07.09.20.26.06_veh-35_02793_03289,0,1625865728.6004648,664435.707787075,3997853.5494703637,664446.324097442,3997869.751930246,1.0,"[5.0, 5.0, 2.0, 2.0, 2.0]",0.9695429466214981
fd88394324a05329,1.0,1.0,1.0,1.0,1.0,1.0,1.0,1.0,1.0,True,2021.07.09.20.26.06_veh-35_02793_03289,0,1625865648.6013288,664485.1054488922,3997876.9762736047,664488.0144613152,3997876.9895436224,1.0,"[5.0, 5.0, 2.0, 2.0, 2.0]",1.0
fe07ab55cffb5cb9,1.0,1.0,1.0,1.0,0.8948955652132603,1.0,1.0,1.0,0.9624627018618787,True,2021.07.09.20.26.06_veh-35_02793_03289,0,1625865481.6012878,664465.3674328893,3997748.4128340315,664465.6727931349,3997734.903858151,1.0,"[5.0, 5.0, 2.0, 2.0, 2.0]",0.9671548641291439
fe61c9b75ca85f61,1.0,1.0,1.0,1.0,1.0,1.0,1.0,1.0,1.0,True,2021.07.09.20.26.06_veh-35_02793_03289,0,1625865544.1009738,664477.6330311885,3997860.4507426266,664464.4743758236,3997853.320594264,1.0,"[5.0, 5.0, 2.0, 2.0, 2.0]",1.0
0191e3cbe7735d02,1.0,1.0,1.0,1.0,0.7822220704324144,1.0,1.0,1.0,0.9222221680115766,True,2021.10.11.02.57.41_veh-50_01028_01289,0,1633922578.399822,365194.574218544,143776.41531232043,365216.14557997073,143767.68337262303,1.0,"[5.0, 5.0, 2.0, 2.0, 2.0]",0.9319443970101295
04a2fff5521b5215,1.0,1.0,1.0,1.0,0.715506030659916,1.0,1.0,1.0,0.89839501094997,True,2021.10.11.02.57.41_veh-50_01028_01289,0,1633922567.900318,365249.7155811065,143764.71051547557,365263.50923808746,143755.5297163352,0.0,"[5.0, 5.0, 2.0, 2.0, 2.0]",0.7860956345812238
0502eec8c9615c19,1.0,1.0,1.0,1.0,1.0,1.0,1.0,1.0,0.8571428571428571,True,2021.10.11.02.57.41_veh-50_01028_01289,0,1633922512.399967,365197.8372605837,143668.86642876218,365202.9957250696,143666.93182772244,1.0,"[5.0, 5.0, 2.0, 2.0, 2.0]",1.0
076e73b542175041,1.0,1.0,1.0,1.0,0.7101680576567715,1.0,1.0,1.0,0.8964885920202755,True,2021.10.11.02.57.41_veh-50_01028_01289,0,1633922546.40006,365238.5829640283,143694.89916824416,365231.06166283845,143695.05457019006,1.0,"[5.0, 5.0, 2.0, 2.0, 2.0]",0.9094275180177411
0f2f7590e2c153c1,1.0,1.0,1.0,1.0,1.0,0.0,1.0,1.0,0.6428571428571429,True,2021.10.11.02.57.41_veh-50_01028_01289,0,1633922580.89986,365183.3506789978,143783.44224416462,365203.1020196959,143772.5651240774,1.0,"[5.0, 5.0, 2.0, 2.0, 2.0]",0.6875
134c53ed5241548e,1.0,1.0,1.0,1.0,0.750313037224678,1.0,1.0,1.0,0.9108260847230992,True,2021.10.11.02.57.41_veh-50_01028_01289,0,1633922577.399808,365199.52065852296,143773.96698909142,365221.4530076527,143766.27826943647,1.0,"[5.0, 5.0, 2.0, 2.0, 2.0]",0.9219728241327119
16259719899f5b57,1.0,1.0,1.0,1.0,1.0,1.0,1.0,1.0,0.8571428571428571,True,2021.10.11.02.57.41_veh-50_01028_01289,0,1633922511.9003189,365198.2517800193,143668.39614546078,365203.80562983605,143667.10747497,,"[5.0, 5.0, 2.0, 2.0, 0.0]",1.0
16e38f619b4358cb,1.0,0.0,1.0,1.0,1.0,1.0,1.0,1.0,0.0,True,2021.10.11.02.57.41_veh-50_01028_01289,0,1633922498.3997738,365217.3205004964,143689.16617995873,365227.84185768844,143691.91410588747,1.0,"[5.0, 5.0, 2.0, 2.0, 2.0]",0.0
1e7ba1144b7e587f,1.0,1.0,1.0,1.0,0.7077460687687027,1.0,1.0,1.0,0.7527664531316797,True,2021.10.11.02.57.41_veh-50_01028_01289,0,1633922519.8997009,365200.6963921656,143684.44787787553,365196.0093099063,143673.09254893154,1.0,"[5.0, 5.0, 2.0, 2.0, 2.0]",0.9086706464902197
2040cae1f2005ace,1.0,1.0,1.0,1.0,0.7423633896040128,1.0,1.0,1.0,0.907986924858576,True,2021.10.11.02.57.41_veh-50_01028_01289,0,1633922577.899853,365197.19830333657,143775.09248072028,365218.8045541383,143766.92140497392,1.0,"[5.0, 5.0, 2.0, 2.0, 2.0]",0.9194885592512541
2b1b98be0fd55a97,1.0,1.0,1.0,1.0,0.7568250788178245,1.0,1.0,1.0,0.9131518138635087,True,2021.10.11.02.57.41_veh-50_01028_01289,0,1633922569.8996809,365239.4989641807,143764.9970096753,365258.2440516608,143761.56538709666,0.0,"[5.0, 5.0, 2.0, 2.0, 2.0]",0.7990078371305701
2df6dad2e3c4525a,1.0,1.0,1.0,1.0,0.7456115274136185,1.0,1.0,1.0,0.9091469740762923,True,2021.10.11.02.57.41_veh-50_01028_01289,0,1633922575.399983,365209.7906318401,143769.6783595102,365231.97154732794,143764.81192493424,1.0,"[5.0, 5.0, 2.0, 2.0, 2.0]",0.9205036023167558
3338316c86985d7e,1.0,1.0,1.0,1.0,0.8100546384733248,1.0,1.0,1.0,0.9321623708833303,True,2021.10.11.02.57.41_veh-50_01028_01289,0,1633922407.899772,365125.4679953225,143389.85044674942,365133.210583223,143385.59887880468,1.0,"[5.0, 5.0, 2.0, 2.0, 2.0]",0.940642074522914
3540468e063052d2,1.0,1.0,1.0,1.0,0.7446796958302799,1.0,1.0,1.0,0.9088141770822428,True,2021.10.11.02.57.41_veh-50_01028_01289,0,1633922566.4000108,365256.3030459835,143763.0750738395,365264.9080663129,143749.5303308625,,"[5.0, 5.0, 2.0, 2.0, 0.0]",0.9088141770822428
37c824c3fc615763,1.0,1.0,1.0,1.0,0.9537722481381149,1.0,1.0,1.0,0.9834900886207553,True,2021.10.11.02.57.41_veh-50_01028_01289,0,1633922408.899996,365122.92142742866,143393.4283525814,365132.675034316,143385.84183192387,1.0,"[5.0, 5.0, 2.0, 2.0, 2.0]",0.9855538275431609
3a5d0b9a8778529e,1.0,1.0,1.0,1.0,1.0,1.0,1.0,1.0,1.0,True,2021.10.11.02.57.41_veh-50_01028_01289,0,1633922413.899971,365127.0802147257,143418.57911433504,365122.2961433594,143396.91422772055,1.0,"[5.0, 5.0, 2.0, 2.0, 2.0]",1.0
3bcde9ce94de5b6a,1.0,1.0,1.0,1.0,0.7318275962072279,1.0,1.0,1.0,0.9042241415025813,True,2021.10.11.02.57.41_veh-50_01028_01289,0,1633922574.399864,365215.1778900691,143767.71115137904,365237.297076504,143764.69219365172,1.0,"[5.0, 5.0, 2.0, 2.0, 2.0]",0.9161961238147587
3dd3b152b6a95c84,1.0,1.0,1.0,1.0,0.9268820499108692,1.0,1.0,1.0,0.973886446396739,True,2021.10.11.02.57.41_veh-50_01028_01289,0,1633922334.900223,365529.4027351014,143140.918913368,365555.23982648336,143123.43563488565,,"[5.0, 5.0, 2.0, 2.0, 0.0]",0.973886446396739
3df6bd69748e51ec,1.0,1.0,1.0,1.0,0.5721256215048776,1.0,1.0,1.0,0.8471877219660277,True,2021.10.11.02.57.41_veh-50_01028_01289,0,1633922493.399114,365230.30487992655,143691.29821639313,365233.6050104389,143681.2486455566,,"[5.0, 5.0, 2.0, 2.0, 0.0]",0.8471877219660277
411704ad095950e8,1.0,1.0,1.0,1.0,0.6965541549786882,1.0,1.0,1.0,0.8916264839209601,True,2021.10.11.02.57.41_veh-50_01028_01289,0,1633922549.400233,365243.9642439879,143702.40396269123,365235.6601307009,143694.26985793526,1.0,"[5.0, 5.0, 2.0, 2.0, 2.0]",0.9051731734308401
459f16faaa0e51bf,1.0,1.0,1.0,1.0,0.7261274613559129,1.0,1.0,1.0,0.9021883790556833,True,2021.10.11.02.57.41_veh-50_01028_01289,0,1633922546.89972,365239.49366420676,143695.69007109932,365231.2623070814,143694.97692027496,1.0,"[5.0, 5.0, 2.0, 2.0, 2.0]",0.9144148316737228
4d540daaddb15826,1.0,1.0,1.0,1.0,0.92473865876013,1.0,1.0,1.0,0.9731209495571892,True,2021.10.11.02.57.41_veh-50_01028_01289,0,1633922462.3997478,365165.9081915447,143513.1380163746,365160.74285901716,143500.38064422237,,"[5.0, 5.0, 2.0, 2.0, 0.0]",0.9731209495571892
4f02764ce23c5c1d,1.0,1.0,1.0,1.0,1.0,1.0,1.0,1.0,1.0,True,2021.10.11.02.57.41_veh-50_01028_01289,0,1633922497.8996449,365218.58354024804,143690.0677374837,365229.25269307534,143691.5383583799,0.0,"[5.0, 5.0, 2.0, 2.0, 2.0]",0.875
4fe2c5e04d795883,1.0,1.0,1.0,1.0,0.7499335388539339,1.0,1.0,1.0,0.9106905495906907,True,2021.10.11.02.57.41_veh-50_01028_01289,0,1633922575.8997898,365207.27152045246,143770.69057793322,365229.3318973494,143765.01664404085,1.0,"[5.0, 5.0, 2.0, 2.0, 2.0]",0.9218542308918544
4ff0a2b15a835463,1.0,1.0,1.0,1.0,0.6571205260404502,1.0,1.0,1.0,0.8775430450144466,True,2021.10.11.02.57.41_veh-50_01028_01289,0,1633922493.8992739,365228.9048462272,143691.8289642297,365233.9197956681,143682.68826064444,1.0,"[5.0, 5.0, 2.0, 2.0, 2.0]",0.8928501643876408
539393ec03d3569f,1.0,1.0,1.0,1.0,0.7283433623657702,1.0,1.0,1.0,0.9029797722734892,True,2021.10.11.02.57.41_veh-50_01028_01289,0,1633922566.9002469,365254.1230323217,143763.83171547294,365264.67955260567,143751.62862685687,1.0,"[5.0, 5.0, 2.0, 2.0, 2.0]",0.9151073007393031
53fbf0500ccf5c81,1.0,1.0,1.0,1.0,1.0,1.0,1.0,1.0,1.0,True,2021.10.11.02.57.41_veh-50_01028_01289,0,1633922579.899791,365187.7373843172,143780.54346109036,365208.3259734999,143770.46452166466,1.0,"[5.0, 5.0, 2.0, 2.0, 2.0]",1.0
55d8e5c3dd4657d5,1.0,1.0,1.0,1.0,0.7677769290653009,1.0,1.0,1.0,0.9170631889518932,True,2021.10.11.02.57.41_veh-50_01028_01289,0,1633922578.8997998,365192.6139481571,143777.57004511188,365213.5246325822,143768.5384179543,1.0,"[5.0, 5.0, 2.0, 2.0, 2.0]",0.9274302903329066
5689b5417b1b59fa,1.0,1.0,1.0,1.0,0.76801801574407,1.0,1.0,1.0,0.9171492913371679,True,2021.10.11.02.57.41_veh-50_01028_01289,0,1633922584.3995068,365167.7994954044,143795.8641561431,365186.5045329548,143781.52846055437,1.0,"[5.0, 5.0, 2.0, 2.0, 2.0]",0.927505629920022
5bfc2ed8a9e55b31,1.0,1.0,1.0,1.0,0.6440021419377356,1.0,1.0,1.0,0.8728579078349056,True,2021.10.11.02.57.41_veh-50_01028_01289,0,1633922547.89956,365241.4104291397,143697.66116140044,365232.5297020604,143694.56037165123,1.0,"[5.0, 5.0, 2.0, 2.0, 2.0]",0.8887506693555424
5d626b0485e65f74,1.0,1.0,1.0,1.0,1.0,1.0,1.0,1.0,1.0,True,2021.10.11.02.57.41_veh-50_01028_01289,0,1633922495.400261,365224.7016959574,143692.3013292737,365233.8160299041,143686.77223379482,0.0,"[5.0, 5.0, 2.0, 2.0, 2.0]",0.875
5f1d8aea61145907,1.0,1.0,1.0,1.0,0.7198439062518,1.0,1.0,1.0,0.7570871093756428,True,2021.10.11.02.57.41_veh-50_01028_01289,0,1633922521.899818,365205.3515463934,143691.0982414666,365197.02942797745,143677.97009504013,1.0,"[5.0, 5.0, 2.0, 2.0, 2.0]",0.9124512207036874
5f7dadb16c9858e6,1.0,1.0,1.0,1.0,0.7368433909925665,1.0,1.0,1.0,0.9060154967830594,True,2021.10.11.02.57.41_veh-50_01028_01289,0,1633922574.8999588,365212.512213177,143768.72567447202,365234.615842023,143764.73098032968,1.0,"[5.0, 5.0, 2.0, 2.0, 2.0]",0.917763559685177
619b51912d2b518f,1.0,1.0,1.0,1.0,0.7568345262057521,1.0,1.0,1.0,0.9131551879306257,True,2021.10.11.02.57.41_veh-50_01028_01289,0,1633922576.899817,365202.0661828549,143772.86515736248,365224.1020752634,143765.74557589716,1.0,"[5.0, 5.0, 2.0, 2.0, 2.0]",0.9240107894392975
6312e02de8755c63,1.0,1.0,1.0,1.0,0.9329525908536681,1.0,1.0,1.0,0.9760544967334529,True,2021.10.11.02.57.41_veh-50_01028_01289,0,1633922408.399842,365123.9752580278,143391.76880447066,365133.03682271094,143385.68398707104,1.0,"[5.0, 5.0, 2.0, 2.0, 2.0]",0.9790476846417713
63f9372237ab5b50,1.0,1.0,1.0,1.0,1.0,1.0,1.0,1.0,0.8571428571428571,True,2021.10.11.02.57.41_veh-50_01028_01289,0,1633922519.399581,365199.65478197864,143683.37114986143,365196.16798193223,143672.1264201726,1.0,"[5.0, 5.0, 2.0, 2.0, 2.0]",1.0
67b3098372645d8b,1.0,1.0,1.0,1.0,0.6484119936295416,1.0,1.0,1.0,0.8744328548676934,True,2021.10.11.02.57.41_veh-50_01028_01289,0,1633922494.399641,365227.75267367717,143692.1449532992,365234.06400134746,143684.06794067085,1.0,"[5.0, 5.0, 2.0, 2.0, 2.0]",0.8901287480092317
7616cee0eba15c75,1.0,1.0,1.0,1.0,0.7421562010925001,1.0,1.0,1.0,0.9079129289616071,True,2021.10.11.02.57.41_veh-50_01028_01289,0,1633922569.3995879,365242.1235911571,143764.85032798423,365259.9054558748,143760.34195844887,0.0,"[5.0, 5.0, 2.0, 2.0, 2.0]",0.7944238128414063
76f38770875550d4,1.0,1.0,1.0,1.0,0.6915444280613353,1.0,1.0,1.0,0.8898372957361912,True,2021.10.11.02.57.41_veh-50_01028_01289,0,1633922549.9001539,365244.6539813084,143703.92777311304,365236.8610154611,143694.50240365803,0.0,"[5.0, 5.0, 2.0, 2.0, 2.0]",0.7786076337691673
774f3eae89d35589,1.0,1.0,1.0,1.0,0.6765860021058729,1.0,1.0,1.0,0.8844950007520974,True,2021.10.11.02.57.41_veh-50_01028_01289,0,1633922548.900009,365243.11903265666,143700.68708130537,365234.5280624819,143694.22045061446,1.0,"[5.0, 5.0, 2.0, 2.0, 2.0]",0.8989331256580853
792875d97ce5574d,1.0,1.0,1.0,1.0,0.6430829510181256,1.0,1.0,1.0,0.7296724825064734,True,2021.10.11.02.57.41_veh-50_01028_01289,0,1633922518.3995829,365197.55754405045,143679.8374770005,365196.7316156414,143670.56185096566,0.0,"[5.0, 5.0, 2.0, 2.0, 2.0]",0.7634634221931642
7c31c611152b5a9c,1.0,1.0,1.0,1.0,0.667331288594661,1.0,1.0,1.0,0.8811897459266645,True,2021.10.11.02.57.41_veh-50_01028_01289,0,1633922548.3997788,365242.4453900607,143699.11099080488,365233.476972532,143694.33352382953,1.0,"[5.0, 5.0, 2.0, 2.0, 2.0]",0.8960410276858315
7eb6beaba2e45001,1.0,1.0,1.0,1.0,0.7844478551654123,1.0,1.0,1.0,0.9230170911305045,True,2021.10.11.02.57.41_veh-50_01028_01289,0,1633922482.399823,365220.439767894,143649.4386666232,365208.4031669319,143619.64187909156,1.0,"[5.0, 5.0, 2.0, 2.0, 2.0]",0.9326399547391914
872ae71c24805cd8,1.0,1.0,1.0,1.0,0.7209730212364325,1.0,1.0,1.0,0.9003475075844402,True,2021.10.11.02.57.41_veh-50_01028_01289,0,1633922567.400429,365252.2314375968,143764.37677467923,365264.2115629137,143753.64747263986,1.0,"[5.0, 5.0, 2.0, 2.0, 2.0]",0.9128040691363851
8a2496c5d7d15cc1,1.0,1.0,1.0,1.0,0.7228056305315536,1.0,1.0,1.0,0.9010020109041262,True,2021.10.11.02.57.41_veh-50_01028_01289,0,1633922568.8996608,365244.9391092331,143764.95121558275,365261.37355549494,143758.90918836638,0.0,"[5.0, 5.0, 2.0, 2.0, 2.0]",0.7883767595411104
8ac887d1ccb95be5,1.0,1.0,1.0,1.0,0.7213299186212765,1.0,1.0,1.0,0.7576178280790273,True,2021.10.11.02.57.41_veh-50_01028_01289,0,1633922521.4000149,365204.20613643766,143689.27158198028,365196.5094445308,143676.6193520559,1.0,"[5.0, 5.0, 2.0, 2.0, 2.0]",0.9129155995691489
92a19adc03e55fc5,1.0,1.0,1.0,1.0,0.6825429716267857,1.0,1.0,1.0,0.7437653470095663,True,2021.10.11.02.57.41_veh-50_01028_01289,0,1633922518.899571,365198.59345787414,143681.6419327594,365196.422159927,143671.2796535952,1.0,"[5.0, 5.0, 2.0, 2.0, 2.0]",0.9007946786333705
955e0d97f2f35bc4,1.0,1.0,1.0,1.0,0.7205031149588178,1.0,1.0,1.0,0.7573225410567207,True,2021.10.11.02.57.41_veh-50_01028_01289,0,1633922520.899966,365202.85780035413,143687.688248,365196.1689711294,143675.34702159496,1.0,"[5.0, 5.0, 2.0, 2.0, 2.0]",0.9126572234246306
98f62d9131da5913,1.0,1.0,1.0,1.0,0.6038240044241167,1.0,1.0,1.0,0.8585085730086132,True,2021.10.11.02.57.41_veh-50_01028_01289,0,1633922545.900341,365237.15941742534,143694.39286106755,365231.0581735903,143695.05993088585,,"[5.0, 5.0, 2.0, 2.0, 0.0]",0.8585085730086132
997140e8419051b4,1.0,1.0,1.0,1.0,0.7675864272457834,1.0,1.0,1.0,0.9169951525877797,True,2021.10.11.02.57.41_veh-50_01028_01289,0,1633922583.399801,365172.08346334146,143792.37887536734,365191.02762557834,143778.6309679335,,"[5.0, 5.0, 2.0, 2.0, 0.0]",0.9169951525877797
9a45431d78665797,1.0,1.0,1.0,1.0,0.7602587685447478,1.0,1.0,1.0,0.9143781316231242,True,2021.10.11.02.57.41_veh-50_01028_01289,0,1633922551.3994598,365247.51077008876,143709.7940790272,365240.2424496588,143696.58858781183,1.0,"[5.0, 5.0, 2.0, 2.0, 2.0]",0.9250808651702337
9abce3eae2005739,1.0,1.0,1.0,1.0,0.7735531704889068,1.0,1.0,1.0,0.9191261323174668,True,2021.10.11.02.57.41_veh-50_01028_01289,0,1633922584.89939,365165.2238593409,143797.83859146843,365184.2728645172,143783.10995035878,1.0,"[5.0, 5.0, 2.0, 2.0, 2.0]",0.9292353657777834
9eae5a2e43535977,1.0,0.0,1.0,1.0,1.0,1.0,1.0,1.0,0.0,True,2021.10.11.02.57.41_veh-50_01028_01289,0,1633922498.899894,365216.4623069971,143688.31917956588,365226.37278754107,143692.07951241516,1.0,"[5.0, 5.0, 2.0, 2.0, 2.0]",0.0
a3886a0066ca51e0,1.0,1.0,1.0,1.0,0.7076098215383848,1.0,1.0,1.0,0.8955749362637089,True,2021.10.11.02.57.41_veh-50_01028_01289,0,1633922568.3999689,365247.65338161157,143764.67352116184,365262.57610945153,143757.28272743252,0.0,"[5.0, 5.0, 2.0, 2.0, 2.0]",0.7836280692307452
a77bff075d7c5d85,1.0,1.0,1.0,1.0,0.9835865572042826,1.0,1.0,0.0,0.8512809132872439,True,2021.10.11.02.57.41_veh-50_01028_01289,0,1633922496.399914,365222.03603440337,143691.74085870342,365232.65013130615,143689.16366879348,0.0,"[5.0, 5.0, 2.0, 2.0, 2.0]",0.7448707991263384
abc9f2cbeaeb55f6,1.0,1.0,1.0,1.0,0.853420296708047,1.0,1.0,1.0,0.9476501059671596,True,2021.10.11.02.57.41_veh-50_01028_01289,0,1633922409.899772,365121.96747035166,143397.2833215182,365131.129074873,143386.4894870502,1.0,"[5.0, 5.0, 2.0, 2.0, 2.0]",0.9541938427212646
abeedf530cf3573d,1.0,0.0,1.0,1.0,0.5969093645851187,1.0,1.0,1.0,0.0,True,2021.10.11.02.57.41_veh-50_01028_01289,0,1633922504.899925,365207.7550803457,143670.60672597017,365213.41961482563,143682.78451941125,,"[5.0, 5.0, 2.0, 2.0, 0.0]",0.0
ad75c0abe73d52c7,1.0,1.0,1.0,1.0,0.6995165329644886,1.0,1.0,1.0,0.8926844760587459,True,2021.10.11.02.57.41_veh-50_01028_01289,0,1633922547.3994129,365240.68308787403,143696.79540835804,365231.7598739421,143694.80283849785,1.0,"[5.0, 5.0, 2.0, 2.0, 2.0]",0.9060989165514026
ae2807f88fea5904,1.0,1.0,1.0,1.0,0.62535621518867,1.0,1.0,1.0,0.8661986482816679,True,2021.10.11.02.57.41_veh-50_01028_01289,0,1633922522.899602,365207.17271207774,143693.55545915524,365198.57653700246,143680.97267686558,1.0,"[5.0, 5.0, 2.0, 2.0, 2.0]",0.8829238172464594
afcacc1536c75f9f,1.0,1.0,1.0,1.0,0.7368562934227298,1.0,1.0,1.0,0.9060201047938321,True,2021.10.11.02.57.41_veh-50_01028_01289,0,1633922570.3998919,365236.5726750853,143764.74794873197,365256.4360307362,143762.57420887105,0.0,"[5.0, 5.0, 2.0, 2.0, 2.0]",0.7927675916946031
b3c10c514af95e75,1.0,1.0,1.0,1.0,0.895077847849657,1.0,1.0,1.0,0.962527802803449,True,2021.10.11.02.57.41_veh-50_01028_01289,0,1633922409.400014,365122.32241597277,143395.2229581512,365132.0476532996,143386.1015510786,1.0,"[5.0, 5.0, 2.0, 2.0, 2.0]",0.9672118274530178
b3d05d10a7075767,1.0,1.0,1.0,1.0,0.7212191842386021,1.0,1.0,0.0,0.757578280085215,True,2021.10.11.02.57.41_veh-50_01028_01289,0,1633922550.399824,365245.61236125825,143706.03016028862,365238.07953266904,143694.94450062828,0.0,"[5.0, 5.0, 2.0, 2.0, 2.0]",0.6628809950745631
b57bd30f8dbd5371,1.0,1.0,1.0,1.0,1.0,1.0,1.0,1.0,0.8571428571428571,True,2021.10.11.02.57.41_veh-50_01028_01289,0,1633922495.900171,365223.4649852615,143692.16079368605,365233.3533687105,143688.0295067167,0.0,"[5.0, 5.0, 2.0, 2.0, 2.0]",0.875
bb83b26d840d56b6,1.0,1.0,1.0,1.0,0.7249637379198742,1.0,1.0,1.0,0.7589156206856693,True,2021.10.11.02.57.41_veh-50_01028_01289,0,1633922520.399863,365201.8448640097,143686.19898329533,365196.00574437395,143674.17018555396,1.0,"[5.0, 5.0, 2.0, 2.0, 2.0]",0.9140511680999607
bef6605735245959,1.0,1.0,1.0,1.0,0.7345715219725776,1.0,1.0,0.0,0.7623469721330635,True,2021.10.11.02.57.41_veh-50_01028_01289,0,1633922550.8995428,365246.5143500482,143707.63445820325,365239.2281433382,143695.62632277177,0.0,"[5.0, 5.0, 2.0, 2.0, 2.0]",0.6670536006164305
c47ae82409da5780,1.0,1.0,1.0,1.0,0.7987054308975788,1.0,1.0,1.0,0.928109082463421,True,2021.10.11.02.57.41_veh-50_01028_01289,0,1633922481.3998039,365217.5287503982,143642.63384363652,365205.6134782306,143612.02127879128,,"[5.0, 5.0, 2.0, 2.0, 0.0]",0.928109082463421
c781e2c428ee5b12,1.0,1.0,1.0,1.0,0.7884633033809063,1.0,1.0,1.0,0.9244511797788951,True,2021.10.11.02.57.41_veh-50_01028_01289,0,1633922481.89978,365219.0392132039,143646.0857729075,365207.0162041138,143615.83836496927,1.0,"[5.0, 5.0, 2.0, 2.0, 2.0]",0.9338947823065332
c817fbce92d158c4,1.0,1.0,1.0,1.0,0.678028973964803,1.0,1.0,1.0,0.7421532049874296,True,2021.10.11.02.57.41_veh-50_01028_01289,0,1633922522.399657,365206.31338251656,143692.4124857957,365197.72485406516,143679.42977822304,1.0,"[5.0, 5.0, 2.0, 2.0, 2.0]",0.8993840543640009
d024230338045f83,1.0,1.0,1.0,1.0,1.0,1.0,1.0,1.0,1.0,True,2021.10.11.02.57.41_veh-50_01028_01289,0,1633922494.900019,365226.27092484775,143692.30471223858,365234.0448645074,143685.41386756027,1.0,"[5.0, 5.0, 2.0, 2.0, 2.0]",1.0
d8c8e4dbeb2158b0,1.0,1.0,1.0,1.0,1.0,1.0,1.0,1.0,1.0,True,2021.10.11.02.57.41_veh-50_01028_01289,0,1633922512.899644,365197.5408764235,143669.23679463536,365202.1931342727,143666.89417840744,1.0,"[5.0, 5.0, 2.0, 2.0, 2.0]",1.0
dc5d48591a565e58,1.0,1.0,1.0,1.0,1.0,1.0,1.0,1.0,1.0,True,2021.10.11.02.57.41_veh-50_01028_01289,0,1633922413.400085,365125.9215610381,143415.93874859833,365122.7543339677,143394.92374179963,,"[5.0, 5.0, 2.0, 2.0, 0.0]",1.0
e1a9b17e1fee5fe5,1.0,1.0,1.0,1.0,0.7654311933982367,1.0,1.0,1.0,0.916225426213656,True,2021.10.11.02.57.41_veh-50_01028_01289,0,1633922482.899842,365221.67701320915,143652.1279766533,365209.7685609123,143623.39002411652,1.0,"[5.0, 5.0, 2.0, 2.0, 2.0]",0.926697247936949
e4c4b061d1845fd6,1.0,1.0,1.0,1.0,1.0,1.0,1.0,1.0,1.0,True,2021.10.11.02.57.41_veh-50_01028_01289,0,1633922579.3997638,365189.7764469178,143779.18243112892,365210.9244178123,143769.47637083387,1.0,"[5.0, 5.0, 2.0, 2.0, 2.0]",1.0
e70a9c0c51675ea1,1.0,1.0,1.0,1.0,0.7507341140971235,1.0,1.0,1.0,0.9109764693204012,True,2021.10.11.02.57.41_veh-50_01028_01289,0,1633922576.39976,365204.7898052128,143771.7187979614,365226.71278676775,143765.32569928336,1.0,"[5.0, 5.0, 2.0, 2.0, 2.0]",0.9221044106553511
ea43967ed8ad5dc0,1.0,1.0,1.0,1.0,1.0,0.0,1.0,1.0,0.6428571428571429,True,2021.10.11.02.57.41_veh-50_01028_01289,0,1633922580.399792,365185.5085030391,143781.89582799122,365205.7094646756,143771.49425826606,1.0,"[5.0, 5.0, 2.0, 2.0, 2.0]",0.6875
eb6e558901af58af,1.0,1.0,1.0,1.0,0.902749044891268,1.0,1.0,1.0,0.9652675160325958,True,2021.10.11.02.57.41_veh-50_01028_01289,0,1633922462.899868,365166.8745092921,143515.75964455822,365161.058450976,143501.1755481646,1.0,"[5.0, 5.0, 2.0, 2.0, 2.0]",0.9696090765285212
ebca7e0c22b65deb,1.0,1.0,1.0,1.0,0.6016608575924873,1.0,1.0,1.0,0.7148788777116026,True,2021.10.11.02.57.41_veh-50_01028_01289,0,1633922517.8997219,365196.9155482938,143678.51835640817,365197.05955231725,143669.98721912887,,"[5.0, 5.0, 2.0, 2.0, 0.0]",0.8577360205687455
f295b9b2ee545520,1.0,1.0,1.0,1.0,0.73938621918891,1.0,1.0,1.0,0.9069236497103249,True,2021.10.11.02.57.41_veh-50_01028_01289,0,1633922573.899756,365217.7082732041,143767.06340753054,365239.97453283315,143764.65288969502,,"[5.0, 5.0, 2.0, 2.0, 0.0]",0.9069236497103249
f6e7cfd22eaa5a4f,1.0,1.0,1.0,1.0,0.9921407939909521,1.0,1.0,0.0,0.8543359978539115,True,2021.10.11.02.57.41_veh-50_01028_01289,0,1633922497.3996089,365219.61129736,143690.7897875008,365230.5867363737,143690.92667655012,,"[5.0, 5.0, 2.0, 2.0, 0.0]",0.8543359978539115
f7d51773081653ac,1.0,1.0,1.0,1.0,0.770931972625824,1.0,1.0,1.0,0.9181899902235086,True,2021.10.11.02.57.41_veh-50_01028_01289,0,1633922583.8996758,365169.8399615702,143794.2584771808,365188.7602869101,143780.04778318078,1.0,"[5.0, 5.0, 2.0, 2.0, 2.0]",0.92841624144557
f83624d80fbf5b86,1.0,1.0,1.0,1.0,0.7291638489497861,1.0,1.0,1.0,0.9032728031963523,True,2021.10.11.02.57.41_veh-50_01028_01289,0,1633922407.399853,365126.47820740676,143388.99004487818,365133.2905301423,143385.56295347025,,"[5.0, 5.0, 2.0, 2.0, 0.0]",0.9032728031963523
00b3f7e6cbfc5fa0,1.0,1.0,1.0,1.0,0.7994534382728221,1.0,1.0,1.0,0.9283762279545794,True,2021.10.11.02.57.41_veh-50_02155_02265,0,1633923540.899992,365994.5830554279,142899.78909462906,366005.1559527241,142925.71500774968,1.0,"[5.0, 5.0, 2.0, 2.0, 2.0]",0.937329199460257
02be5e5257915894,1.0,0.0,1.0,1.0,0.7640600437343266,1.0,1.0,1.0,0.0,True,2021.10.11.02.57.41_veh-50_02155_02265,0,1633923523.899819,366033.02451417915,142997.2253778987,366032.12342000817,143027.01790268783,1.0,"[5.0, 5.0, 2.0, 2.0, 2.0]",0.0
03eb9463e1685d1f,1.0,1.0,1.0,1.0,0.7507593222834117,1.0,1.0,1.0,0.9109854722440757,True,2021.10.11.02.57.41_veh-50_02155_02265,0,1633923553.40045,365970.1685902985,142825.4583642589,365980.2145528191,142846.19843514255,1.0,"[5.0, 5.0, 2.0, 2.0, 2.0]",0.9221122882135662
0424e5fd9a5c5e60,1.0,1.0,1.0,1.0,0.7483778022197185,1.0,1.0,1.0,0.9101349293641852,True,2021.10.11.02.57.41_veh-50_02155_02265,0,1633923552.399751,365973.12509886513,142829.77816791108,365981.8982004501,142851.84132372157,1.0,"[5.0, 5.0, 2.0, 2.0, 2.0]",0.921368063193662
06cd8d997cfe5de6,1.0,1.0,1.0,1.0,0.7680597599262323,1.0,1.0,1.0,0.9171641999736544,True,2021.10.11.02.57.41_veh-50_02155_02265,0,1633923488.900174,365922.5169487382,143180.85427447606,365899.13364955754,143196.6610885186,1.0,"[5.0, 5.0, 2.0, 2.0, 2.0]",0.9275186749769476
0746ca94fdc85420,1.0,1.0,1.0,1.0,0.8229564435791783,1.0,1.0,1.0,0.9367701584211351,True,2021.10.11.02.57.41_veh-50_02155_02265,0,1633923535.399493,366009.30667589465,142932.67725958658,366024.3377383635,142955.13972428144,1.0,"[5.0, 5.0, 2.0, 2.0, 2.0]",0.9446738886184932
09d6aaf7636350e1,1.0,1.0,1.0,1.0,0.8272276546541036,1.0,1.0,1.0,0.9382955909478942,True,2021.10.11.02.57.41_veh-50_02155_02265,0,1633923512.39972,366029.40640641045,143081.92276030753,366027.8548063592,143110.94643875127,1.0,"[5.0, 5.0, 2.0, 2.0, 2.0]",0.9460086420794074
0dc2e306b4485579,1.0,1.0,1.0,1.0,0.7745129731888176,1.0,1.0,1.0,0.9194689189960064,True,2021.10.11.02.57.41_veh-50_02155_02265,0,1633923489.400435,365925.8854549751,143179.20972950733,365901.89351022907,143194.4927929984,1.0,"[5.0, 5.0, 2.0, 2.0, 2.0]",0.9295353041215055
0ecbcba803ab54e0,1.0,1.0,1.0,1.0,0.753361148727403,1.0,1.0,1.0,0.9119146959740725,True,2021.10.11.02.57.41_veh-50_02155_02265,0,1633923525.8995159,366032.4957594225,142984.2332470301,366032.65361157694,143012.24991374128,1.0,"[5.0, 5.0, 2.0, 2.0, 2.0]",0.9229253589773134
102471e46a565fdf,1.0,1.0,1.0,1.0,0.6855946251450108,1.0,1.0,1.0,0.8877123661232181,True,2021.10.11.02.57.41_veh-50_02155_02265,0,1633923556.8997989,365960.9593577223,142813.07354247879,365971.838620158,142828.4479716351,1.0,"[5.0, 5.0, 2.0, 2.0, 2.0]",0.9017483203578158
14489b09baaa54e5,1.0,1.0,1.0,1.0,0.7562372328385208,1.0,1.0,1.0,0.9129418688709003,True,2021.10.11.02.57.41_veh-50_02155_02265,0,1633923526.399855,366032.2019566691,142981.0258250497,366032.7651494549,143008.7680376511,1.0,"[5.0, 5.0, 2.0, 2.0, 2.0]",0.9238241352620378
1543049980f15e78,1.0,1.0,1.0,1.0,0.911094820622751,1.0,1.0,1.0,0.9682481502224112,True,2021.10.11.02.57.41_veh-50_02155_02265,0,1633923536.399782,366006.1039415642,142927.571139467,366021.15705909964,142949.9873573899,1.0,"[5.0, 5.0, 2.0, 2.0, 2.0]",0.9722171314446098
154f87b0c0ca5624,1.0,0.0,1.0,1.0,0.7778880529718986,1.0,1.0,1.0,0.0,True,2021.10.11.02.57.41_veh-50_02155_02265,0,1633923523.399788,366033.0291689411,143000.36576247565,366031.94058373146,143030.7722122802,1.0,"[5.0, 5.0, 2.0, 2.0, 2.0]",0.0
17a899d822e75d16,1.0,1.0,1.0,1.0,0.8617671624375265,1.0,1.0,1.0,0.9506311294419738,True,2021.10.11.02.57.41_veh-50_02155_02265,0,1633923537.90031,366001.8757810185,142919.2690594262,366015.7046196855,142942.17789687082,,"[5.0, 5.0, 2.0, 2.0, 0.0]",0.9506311294419738
17bc4c6cc38959d0,1.0,1.0,1.0,1.0,0.7328629510395355,1.0,1.0,1.0,0.9045939110855484,True,2021.10.11.02.57.41_veh-50_02155_02265,0,1633923506.3997738,366025.76909585483,143122.00304060007,366010.0992976683,143139.85288659373,1.0,"[5.0, 5.0, 2.0, 2.0, 2.0]",0.9165196721998549
180266e7ce035fca,1.0,1.0,1.0,1.0,0.69620563683836,1.0,1.0,1.0,0.8915020131565571,True,2021.10.11.02.57.41_veh-50_02155_02265,0,1633923555.8997068,365962.9736746146,142816.55632699426,365974.59610232303,142833.1118409462,1.0,"[5.0, 5.0, 2.0, 2.0, 2.0]",0.9050642615119875
205ef6aa1e4f54f4,1.0,0.0,1.0,1.0,0.6916364086399363,1.0,0.0,1.0,0.0,True,2021.10.11.02.57.41_veh-50_02155_02265,0,1633923504.3997998,366019.8458348011,143131.95786652976,365999.41215565184,143146.02704285752,1.0,"[5.0, 5.0, 2.0, 2.0, 2.0]",0.0
243375d424865825,1.0,1.0,1.0,1.0,0.8038362853154669,1.0,1.0,1.0,0.9299415304698097,True,2021.10.11.02.57.41_veh-50_02155_02265,0,1633923482.399973,365886.9224378211,143207.50642009423,365863.823292396,143228.75088055103,1.0,"[5.0, 5.0, 2.0, 2.0, 2.0]",0.9386988391610834
25e8140e88165353,1.0,1.0,1.0,1.0,0.8460344706620837,1.0,1.0,1.0,0.9450123109507442,True,2021.10.11.02.57.41_veh-50_02155_02265,0,1633923511.3994038,366029.1782725736,143088.62590343726,366026.933131168,143117.08890331874,1.0,"[5.0, 5.0, 2.0, 2.0, 2.0]",0.9518857720819012
265d51badd8658b4,1.0,0.0,1.0,1.0,0.6996813175756705,1.0,0.0,1.0,0.0,True,2021.10.11.02.57.41_veh-50_02155_02265,0,1633923503.899695,366017.85554397746,143134.1003093604,365996.39921995084,143147.5376508876,1.0,"[5.0, 5.0, 2.0, 2.0, 2.0]",0.0
28d90079bec557cf,1.0,1.0,1.0,1.0,0.7021789221725342,1.0,1.0,1.0,0.8936353293473337,True,2021.10.11.02.57.41_veh-50_02155_02265,0,1633923530.900028,366025.62945609307,142957.07653007665,366031.79382701096,142979.5862340967,1.0,"[5.0, 5.0, 2.0, 2.0, 2.0]",0.9069309131789169
2a4f7a1a42b759a7,1.0,1.0,1.0,1.0,0.8180135456159872,1.0,1.0,1.0,0.9350048377199954,True,2021.10.11.02.57.41_veh-50_02155_02265,0,1633923510.399787,366029.0178467373,143096.2831906677,366025.1685190973,143122.76210964497,1.0,"[5.0, 5.0, 2.0, 2.0, 2.0]",0.943129233004996
2d4ac7e75090575c,1.0,1.0,1.0,1.0,0.7420774140623193,1.0,1.0,1.0,0.9078847907365427,True,2021.10.11.02.57.41_veh-50_02155_02265,0,1633923506.8996758,366026.7014822249,143119.50811090317,366012.4063049551,143138.26064709615,1.0,"[5.0, 5.0, 2.0, 2.0, 2.0]",0.9193991918944748
2f81ef9b7def5cfb,1.0,1.0,1.0,1.0,0.8053443725617471,1.0,1.0,1.0,0.9304801330577668,True,2021.10.11.02.57.41_veh-50_02155_02265,0,1633923538.89969,365999.4156939776,142913.06139420037,366012.01737648743,142936.87216292476,1.0,"[5.0, 5.0, 2.0, 2.0, 2.0]",0.9391701164255459
329975be260c50b7,1.0,1.0,1.0,1.0,0.8141085594125849,1.0,1.0,1.0,0.9336101997902089,True,2021.10.11.02.57.41_veh-50_02155_02265,0,1633923516.399713,366031.2145484768,143052.25016300048,366029.23581629124,143082.90597957865,,"[5.0, 5.0, 2.0, 2.0, 0.0]",0.9336101997902089
33365d03e762561c,1.0,1.0,1.0,1.0,0.751548388725581,1.0,1.0,1.0,0.9112672816877075,True,2021.10.11.02.57.41_veh-50_02155_02265,0,1633923527.9004169,366030.74160562793,142972.39169348896,366032.92634221516,142998.7781097657,1.0,"[5.0, 5.0, 2.0, 2.0, 2.0]",0.9223588714767441
35f9bb7297745ff8,1.0,0.0,1.0,1.0,0.6407441577012758,1.0,1.0,1.0,0.0,True,2021.10.11.02.57.41_veh-50_02155_02265,0,1633923562.900048,365955.60537784593,142792.4321824156,365959.7020964078,142807.0518497674,1.0,"[5.0, 5.0, 2.0, 2.0, 2.0]",0.0
37b87186b6bd5777,1.0,1.0,1.0,1.0,0.7530616440807489,1.0,1.0,1.0,0.9118077300288389,True,2021.10.11.02.57.41_veh-50_02155_02265,0,1633923525.39938,366032.6744674128,142987.33167175643,366032.5332647809,143015.83780261787,1.0,"[5.0, 5.0, 2.0, 2.0, 2.0]",0.922831763775234
3998d00b80c55db4,1.0,0.0,1.0,1.0,0.733451117747811,1.0,1.0,1.0,0.0,True,2021.10.11.02.57.41_veh-50_02155_02265,0,1633923501.9001338,366008.80091242597,143140.88592557958,365983.41776588326,143153.54165560554,1.0,"[5.0, 5.0, 2.0, 2.0, 2.0]",0.0
3a95ca3177bc57f0,1.0,1.0,1.0,1.0,0.7920215348982168,1.0,1.0,1.0,0.9257219767493632,True,2021.10.11.02.57.41_veh-50_02155_02265,0,1633923509.900029,366028.75741407176,143100.18061949936,366023.91730284196,143125.43835940093,1.0,"[5.0, 5.0, 2.0, 2.0, 2.0]",0.9350067296556928
3f89da0001805a55,1.0,1.0,1.0,1.0,0.6355005652934153,1.0,1.0,1.0,0.8698216304619341,True,2021.10.11.02.57.41_veh-50_02155_02265,0,1633923558.3996248,365959.7714289047,142808.86273172087,365967.3631211461,142822.41003372456,1.0,"[5.0, 5.0, 2.0, 2.0, 2.0]",0.8860939266541923
3ff65804fed251f6,1.0,1.0,1.0,1.0,0.7284964000223987,1.0,1.0,1.0,0.9030344285794281,True,2021.10.11.02.57.41_veh-50_02155_02265,0,1633923554.900014,365965.2757426063,142819.70586152232,365977.1125321576,142838.17142641608,1.0,"[5.0, 5.0, 2.0, 2.0, 2.0]",0.9151551250069996
400ad97140e45645,1.0,0.0,1.0,1.0,0.6388038464291566,1.0,1.0,1.0,0.0,True,2021.10.11.02.57.41_veh-50_02155_02265,0,1633923562.4003139,365956.41323666973,142793.80483920127,365960.0323812185,142808.90460399748,,"[5.0, 5.0, 2.0, 2.0, 0.0]",0.0
4209beddef055db5,1.0,1.0,1.0,1.0,0.8065950845022779,1.0,1.0,1.0,0.9309268158936707,True,2021.10.11.02.57.41_veh-50_02155_02265,0,1633923517.399767,366031.46099291445,143045.17720526172,366029.8533131338,143075.68355822336,1.0,"[5.0, 5.0, 2.0, 2.0, 2.0]",0.9395609639069619
4447336863e85fee,1.0,1.0,1.0,1.0,0.8017146155766108,1.0,1.0,1.0,0.929183791277361,True,2021.10.11.02.57.41_veh-50_02155_02265,0,1633923498.899559,365991.50817741425,143149.94810995107,365962.3763206011,143163.04619487256,1.0,"[5.0, 5.0, 2.0, 2.0, 2.0]",0.9380358173676908
45141a99f80a5ca4,1.0,1.0,1.0,1.0,0.7390923148046761,1.0,1.0,1.0,0.9068186838588128,True,2021.10.11.02.57.41_veh-50_02155_02265,0,1633923531.900063,366022.3335877067,142951.9224433182,366030.8863366817,142973.76507950207,1.0,"[5.0, 5.0, 2.0, 2.0, 2.0]",0.9184663483764612
4b8081ab8642513d,1.0,1.0,1.0,1.0,0.7224469331462041,1.0,1.0,1.0,0.9008739046950728,True,2021.10.11.02.57.41_veh-50_02155_02265,0,1633923531.400198,366024.0526231451,142954.32555515564,366031.37234843196,142976.62081389845,1.0,"[5.0, 5.0, 2.0, 2.0, 2.0]",0.9132646666081887
4d492375c1705fc3,1.0,1.0,1.0,1.0,0.535738862674787,1.0,1.0,1.0,0.6913353080981383,True,2021.10.11.02.57.41_veh-50_02155_02265,0,1633923563.399716,365954.71011744277,142791.63062240664,365959.3870042452,142805.17412044306,1.0,"[5.0, 5.0, 2.0, 2.0, 2.0]",0.8549183945858709
4d4d6e694a7f5712,1.0,1.0,1.0,1.0,0.7406446220468267,1.0,1.0,1.0,0.9073730793024382,True,2021.10.11.02.57.41_veh-50_02155_02265,0,1633923550.399765,365977.97615710425,142839.9515982486,365984.849704095,142864.1740386829,1.0,"[5.0, 5.0, 2.0, 2.0, 2.0]",0.9189514443896334
52c34d4f01925f11,1.0,1.0,1.0,1.0,0.7057526933928218,1.0,0.0,1.0,0.7520545333545792,True,2021.10.11.02.57.41_veh-50_02155_02265,0,1633923505.8998868,366024.3921486279,143124.90821723902,366007.66032602056,143141.4091597046,1.0,"[5.0, 5.0, 2.0, 2.0, 2.0]",0.7830477166852567
551a93bd32f95ef1,1.0,1.0,1.0,1.0,0.7753620837814454,1.0,1.0,1.0,0.9197721727790876,True,2021.10.11.02.57.41_veh-50_02155_02265,0,1633923488.399849,365919.7345129413,143182.38537317593,365896.4156138154,143198.85238876182,,"[5.0, 5.0, 2.0, 2.0, 0.0]",0.9197721727790876
559a7a5262b355c3,1.0,1.0,1.0,1.0,0.7563745153424061,1.0,1.0,1.0,0.9129908983365737,True,2021.10.11.02.57.41_veh-50_02155_02265,0,1633923553.9002779,365968.29953613435,142823.24928209107,365979.28571980505,142843.4753140707,1.0,"[5.0, 5.0, 2.0, 2.0, 2.0]",0.9238670360445019
57f67c6a726a5dd2,1.0,1.0,1.0,1.0,0.6108082486029065,1.0,1.0,1.0,0.8610029459296095,True,2021.10.11.02.57.41_veh-50_02155_02265,0,1633923465.9002008,365814.07299897756,143284.68100350923,365801.7836287655,143285.76834996184,1.0,"[5.0, 5.0, 2.0, 2.0, 2.0]",0.8783775776884083
58bfaccfd1865d81,1.0,1.0,1.0,1.0,0.8120524582529552,1.0,1.0,1.0,0.9328758779474841,True,2021.10.11.02.57.41_veh-50_02155_02265,0,1633923534.899607,366011.4683312155,142935.93949901854,366025.71383334225,142957.7013915933,1.0,"[5.0, 5.0, 2.0, 2.0, 2.0]",0.9412663932040486
5bf6deabdf1355a1,1.0,1.0,1.0,1.0,0.8163209940795053,1.0,1.0,1.0,0.9344003550283947,True,2021.10.11.02.57.41_veh-50_02155_02265,0,1633923516.89974,366031.3527139292,143048.4878373895,366029.51532301435,143079.30576603828,1.0,"[5.0, 5.0, 2.0, 2.0, 2.0]",0.9426003106498454
6bd9815c03125877,1.0,1.0,1.0,1.0,0.7516921584240176,1.0,1.0,1.0,0.9113186280085778,True,2021.10.11.02.57.41_veh-50_02155_02265,0,1633923508.399894,366028.38918832625,143110.33016278918,366018.833852345,143132.64190898897,,"[5.0, 5.0, 2.0, 2.0, 0.0]",0.9113186280085778
6c00f7eb11a35083,1.0,1.0,1.0,1.0,1.0,1.0,1.0,0.0,0.8571428571428571,True,2021.10.11.02.57.41_veh-50_02155_02265,0,1633923468.39951,365820.03059772553,143275.14791936928,365809.32536101947,143287.07011435344,0.0,"[5.0, 5.0, 2.0, 2.0, 2.0]",0.75
6ce1ef9b8d515884,1.0,0.0,1.0,1.0,0.5217113906154981,1.0,1.0,1.0,0.0,True,2021.10.11.02.57.41_veh-50_02155_02265,0,1633923564.899822,365951.54979963525,142789.6036858117,365958.3011887817,142799.4751221125,1.0,"[5.0, 5.0, 2.0, 2.0, 2.0]",0.0
73fc68b82f045907,1.0,1.0,1.0,1.0,0.7979487460451784,1.0,1.0,1.0,0.927838837873278,True,2021.10.11.02.57.41_veh-50_02155_02265,0,1633923540.399787,365995.6911631794,142903.17694792943,366006.75074140663,142928.58667142453,1.0,"[5.0, 5.0, 2.0, 2.0, 2.0]",0.9368589831391183
75c6224df9b25b6d,1.0,1.0,1.0,1.0,0.7759182957918728,1.0,1.0,1.0,0.9199708199256689,True,2021.10.11.02.57.41_veh-50_02155_02265,0,1633923490.40002,365932.116466541,143176.3456604171,365907.4021764518,143190.28988085478,1.0,"[5.0, 5.0, 2.0, 2.0, 2.0]",0.9299744674349603
7768af5461fb5dab,1.0,1.0,1.0,1.0,0.7821179097720206,1.0,1.0,1.0,0.9221849677757216,True,2021.10.11.02.57.41_veh-50_02155_02265,0,1633923509.400132,366028.63465225557,143103.60945189852,366022.419217729,143127.98439171046,0.0,"[5.0, 5.0, 2.0, 2.0, 2.0]",0.8069118468037564
790e1bf672715bf1,1.0,1.0,1.0,1.0,0.8094017918267387,1.0,1.0,1.0,0.9319292113666924,True,2021.10.11.02.57.41_veh-50_02155_02265,0,1633923471.899899,365831.57028428424,143259.35808691927,365817.8953646717,143277.6680856415,,"[5.0, 5.0, 2.0, 2.0, 0.0]",0.9319292113666924
790f41b0bd3f51ea,1.0,1.0,1.0,1.0,0.7556957151232488,1.0,1.0,1.0,0.9127484696868746,True,2021.10.11.02.57.41_veh-50_02155_02265,0,1633923508.9000518,366028.4525472834,143107.33640600712,366020.7286010597,143130.38840918062,1.0,"[5.0, 5.0, 2.0, 2.0, 2.0]",0.9236549109760153
7c1389a3e4a55975,1.0,1.0,1.0,1.0,0.7034022569999997,1.0,0.0,1.0,0.7512150917857142,True,2021.10.11.02.57.41_veh-50_02155_02265,0,1633923505.399994,366023.2597514187,143127.15866412985,366005.05654362857,143142.9515661036,1.0,"[5.0, 5.0, 2.0, 2.0, 2.0]",0.7823132053124999
7f8f1f6b90575d91,1.0,1.0,1.0,1.0,0.6600433294583871,1.0,1.0,1.0,0.8785869033779955,True,2021.10.11.02.57.41_veh-50_02155_02265,0,1633923557.399832,365960.483400989,142811.86639100712,365970.3755574157,142826.296697808,1.0,"[5.0, 5.0, 2.0, 2.0, 2.0]",0.893763540455746
8002902e2efe5c94,1.0,1.0,1.0,1.0,0.5457138704716218,1.0,1.0,1.0,0.6948978108827221,True,2021.10.11.02.57.41_veh-50_02155_02265,0,1633923563.899569,365953.9270479157,142790.81616041964,365959.04700137756,142803.2664276713,1.0,"[5.0, 5.0, 2.0, 2.0, 2.0]",0.8580355845223818
807c9c96f42c597d,1.0,1.0,1.0,1.0,0.6887431780013271,1.0,1.0,1.0,0.8888368492861883,True,2021.10.11.02.57.41_veh-50_02155_02265,0,1633923556.399745,365961.9413750879,142814.90213306178,365973.249053554,142830.719233612,1.0,"[5.0, 5.0, 2.0, 2.0, 2.0]",0.9027322431254148
83cbc1063ce1591d,1.0,1.0,1.0,1.0,1.0,1.0,1.0,0.0,0.8571428571428571,True,2021.10.11.02.57.41_veh-50_02155_02265,0,1633923468.8994849,365820.8632773806,143273.07401395368,365810.85636698577,143286.5638533122,0.0,"[5.0, 5.0, 2.0, 2.0, 2.0]",0.75
83dc2afeb98950a4,1.0,1.0,1.0,1.0,0.7441403259877041,1.0,1.0,1.0,0.9086215449956087,True,2021.10.11.02.57.41_veh-50_02155_02265,0,1633923554.40007,365966.84880871524,142821.38505248787,365978.2548195003,142840.8002206238,1.0,"[5.0, 5.0, 2.0, 2.0, 2.0]",0.9200438518711576
86a9ef645f195f81,1.0,1.0,1.0,1.0,0.7564988360380286,1.0,1.0,1.0,0.9130352985850102,True,2021.10.11.02.57.41_veh-50_02155_02265,0,1633923524.899597,366032.85196282045,142990.5100173859,366032.40449353465,143019.51569850324,1.0,"[5.0, 5.0, 2.0, 2.0, 2.0]",0.923905886261884
8708f5ee85ca50b1,1.0,1.0,1.0,1.0,0.78712292281772,1.0,1.0,1.0,0.9239724724349,True,2021.10.11.02.57.41_veh-50_02155_02265,0,1633923483.399422,365891.9148359311,143202.7046577314,365869.40650113515,143223.7186765588,1.0,"[5.0, 5.0, 2.0, 2.0, 2.0]",0.9334759133805375
8e5a6cdce75d50dd,1.0,1.0,1.0,1.0,0.6531920558068589,1.0,1.0,1.0,0.876140019931021,True,2021.10.11.02.57.41_veh-50_02155_02265,0,1633923464.3998349,365809.9345515751,143287.16120014834,365797.95655355876,143284.129898208,1.0,"[5.0, 5.0, 2.0, 2.0, 2.0]",0.8916225174396434
92f1b2f9782b5ab2,1.0,1.0,1.0,1.0,0.5037094690333122,1.0,1.0,1.0,0.6798962389404686,True,2021.10.11.02.57.41_veh-50_02155_02265,0,1633923564.399633,365952.4708760779,142789.86609329886,365958.6884552977,142801.34012204778,1.0,"[5.0, 5.0, 2.0, 2.0, 2.0]",0.84490920907291
9608c9c656695dd6,1.0,1.0,1.0,1.0,0.7512665029144062,1.0,1.0,1.0,0.9111666081837165,True,2021.10.11.02.57.41_veh-50_02155_02265,0,1633923524.399783,366032.9359897318,142994.29178912306,366032.27347860666,143023.25239187284,1.0,"[5.0, 5.0, 2.0, 2.0, 2.0]",0.922270782160752
994cdcf16f475b72,1.0,1.0,1.0,1.0,0.8341172962066741,1.0,1.0,1.0,0.9407561772166694,True,2021.10.11.02.57.41_veh-50_02155_02265,0,1633923538.400013,366000.4848758135,142916.20702875796,366013.85644594283,142939.53401798342,1.0,"[5.0, 5.0, 2.0, 2.0, 2.0]",0.9481616550645857
9a5fc2035a655005,1.0,1.0,1.0,1.0,0.8243460019240265,1.0,1.0,1.0,0.937266429258581,True,2021.10.11.02.57.41_veh-50_02155_02265,0,1633923517.8997538,366031.70212814683,143040.79777973087,366030.18732259,143072.06131975804,1.0,"[5.0, 5.0, 2.0, 2.0, 2.0]",0.9451081256012583
9aeb31473be659b4,1.0,1.0,1.0,1.0,0.7384976666778098,1.0,1.0,1.0,0.9066063095277892,True,2021.10.11.02.57.41_veh-50_02155_02265,0,1633923528.400106,366030.20255470806,142969.67204054425,366032.8980593368,142995.52907095637,1.0,"[5.0, 5.0, 2.0, 2.0, 2.0]",0.9182805208368156
9be9272eca74587d,1.0,1.0,1.0,1.0,0.7920314722621083,1.0,1.0,1.0,0.9257255258078958,True,2021.10.11.02.57.41_veh-50_02155_02265,0,1633923499.399502,365994.8383829629,143148.31638707573,365965.9138588508,143161.46630801726,1.0,"[5.0, 5.0, 2.0, 2.0, 2.0]",0.9350098350819088
a0757b8313a15615,1.0,1.0,1.0,1.0,0.7279761994752753,1.0,1.0,1.0,0.9028486426697412,True,2021.10.11.02.57.41_veh-50_02155_02265,0,1633923528.899797,366029.4589119757,142967.07655130108,366032.8120640383,142992.26876634493,1.0,"[5.0, 5.0, 2.0, 2.0, 2.0]",0.9149925623360236
a1e1af9908e45556,1.0,0.0,1.0,1.0,0.73149999868282,1.0,1.0,1.0,0.0,True,2021.10.11.02.57.41_veh-50_02155_02265,0,1633923502.399935,366011.56908072915,143139.05839620056,365986.8026291467,143152.00571591346,1.0,"[5.0, 5.0, 2.0, 2.0, 2.0]",0.0
a47149d13d5a5b74,1.0,1.0,1.0,1.0,0.8238348816484374,1.0,1.0,1.0,0.9370838863030134,True,2021.10.11.02.57.41_veh-50_02155_02265,0,1633923518.3996918,366031.6774998508,143037.097678186,366030.4530635514,143068.45208440197,1.0,"[5.0, 5.0, 2.0, 2.0, 2.0]",0.9449484005151367
a60f2627cee15fd4,1.0,0.0,1.0,1.0,0.7017535590075663,1.0,0.0,1.0,0.0,True,2021.10.11.02.57.41_veh-50_02155_02265,0,1633923503.399632,366015.6480563494,143135.93840340583,365993.30063774885,143149.01932955158,1.0,"[5.0, 5.0, 2.0, 2.0, 2.0]",0.0
a614f0e213bc5b3c,1.0,1.0,1.0,1.0,0.6165164947107479,1.0,1.0,1.0,0.8630416052538384,True,2021.10.11.02.57.41_veh-50_02155_02265,0,1633923464.900032,365811.4150857225,143286.62113982625,365799.10048937926,143284.60236493475,1.0,"[5.0, 5.0, 2.0, 2.0, 2.0]",0.8801614045971087
a99fef2dc48459b8,1.0,1.0,1.0,1.0,0.7991354239416122,1.0,1.0,1.0,0.9282626514077187,True,2021.10.11.02.57.41_veh-50_02155_02265,0,1633923472.89959,365835.7573738477,143254.99713895386,365820.3833032245,143273.37372749476,1.0,"[5.0, 5.0, 2.0, 2.0, 2.0]",0.9372298199817538
aa8326c244e85a40,1.0,1.0,1.0,1.0,0.768247836811091,1.0,1.0,1.0,0.9172313702896754,True,2021.10.11.02.57.41_veh-50_02155_02265,0,1633923489.900306,365928.73032583215,143177.87912041898,365904.63906136743,143192.3462129456,1.0,"[5.0, 5.0, 2.0, 2.0, 2.0]",0.927577449003466
ab53984253715cdd,1.0,1.0,1.0,1.0,0.7425668582780018,1.0,1.0,1.0,0.9080595922421436,True,2021.10.11.02.57.41_veh-50_02155_02265,0,1633923551.899411,365974.40965775563,142832.37329414283,365982.6694553614,142854.79516906338,1.0,"[5.0, 5.0, 2.0, 2.0, 2.0]",0.9195521432118756
ae1ce6b276645fd1,1.0,1.0,1.0,1.0,0.7521685910542696,1.0,1.0,1.0,0.911488782519382,True,2021.10.11.02.57.41_veh-50_02155_02265,0,1633923551.399293,365975.4771297677,142834.427068561,365983.4102132054,142857.83742187358,1.0,"[5.0, 5.0, 2.0, 2.0, 2.0]",0.9225526847044593
af5340a6db3a56dc,1.0,1.0,1.0,1.0,0.8074221184017722,1.0,1.0,1.0,0.9312221851434901,True,2021.10.11.02.57.41_veh-50_02155_02265,0,1633923498.399737,365988.09842035023,143151.42956116656,365958.85701451724,143164.60057122295,,"[5.0, 5.0, 2.0, 2.0, 0.0]",0.9312221851434901
b042f8b582f453d8,1.0,1.0,1.0,1.0,0.7470709379001719,1.0,1.0,1.0,0.9096681921072042,True,2021.10.11.02.57.41_veh-50_02155_02265,0,1633923526.900306,366031.73397245345,142978.53539832853,366032.8497670001,143005.36435388835,1.0,"[5.0, 5.0, 2.0, 2.0, 2.0]",0.9209596680938037
b0ab79add8315a10,1.0,1.0,1.0,1.0,0.7964942614191572,1.0,1.0,1.0,0.9273193790782704,True,2021.10.11.02.57.41_veh-50_02155_02265,0,1633923533.899816,366015.30571714684,142941.3420394849,366027.9847987161,142962.88953391137,1.0,"[5.0, 5.0, 2.0, 2.0, 2.0]",0.9364044566934866
b2b97b044f3d52f5,1.0,1.0,1.0,1.0,0.7642069420283496,1.0,1.0,1.0,0.9157881935815535,True,2021.10.11.02.57.41_veh-50_02155_02265,0,1633923532.3998659,366020.6212406622,142948.97843834068,366030.31945533946,142970.9784526492,1.0,"[5.0, 5.0, 2.0, 2.0, 2.0]",0.9263146693838593
b434729c2a2154c3,1.0,1.0,1.0,1.0,0.9224663520991525,1.0,1.0,1.0,0.9723094114639831,True,2021.10.11.02.57.41_veh-50_02155_02265,0,1633923535.899566,366007.82764863374,142930.4571776263,366022.8083514291,142952.56142230894,1.0,"[5.0, 5.0, 2.0, 2.0, 2.0]",0.9757707350309852
b63e45593b79588a,1.0,1.0,1.0,1.0,0.8139986882274333,1.0,1.0,1.0,0.9335709600812262,True,2021.10.11.02.57.41_veh-50_02155_02265,0,1633923534.399678,366013.25050463306,142938.40148484218,366026.9246719882,142960.2781652603,1.0,"[5.0, 5.0, 2.0, 2.0, 2.0]",0.9418745900710729
b92d3260427a573d,1.0,1.0,1.0,1.0,0.712277354285978,1.0,1.0,1.0,0.8972419122449923,True,2021.10.11.02.57.41_veh-50_02155_02265,0,1633923530.399688,366026.7773159557,142959.08623356253,366032.1717958802,142982.62887630638,,"[5.0, 5.0, 2.0, 2.0, 0.0]",0.8972419122449923
b94a09f5d1b550ea,1.0,1.0,1.0,1.0,0.824693254717627,1.0,1.0,1.0,0.9373904481134383,True,2021.10.11.02.57.41_veh-50_02155_02265,0,1633923463.399673,365806.7325814041,143287.39954369157,365796.39526490064,143283.56763131113,,"[5.0, 5.0, 2.0, 2.0, 0.0]",0.9373904481134383
baf2dbf6552f5de4,1.0,1.0,1.0,1.0,0.8391643111225737,1.0,1.0,1.0,0.9425586825437763,True,2021.10.11.02.57.41_veh-50_02155_02265,0,1633923511.899452,366029.2051647523,143085.38837775204,366027.47656426224,143114.06102926293,1.0,"[5.0, 5.0, 2.0, 2.0, 2.0]",0.9497388472258043
bbf94133c5e75ca5,1.0,1.0,1.0,1.0,0.7587986371365985,1.0,1.0,1.0,0.9138566561202138,True,2021.10.11.02.57.41_veh-50_02155_02265,0,1633923500.900135,366003.61041693663,143143.85541413055,365976.49295242754,143156.69968829298,1.0,"[5.0, 5.0, 2.0, 2.0, 2.0]",0.9246245741051871
c13bf60d0e065292,1.0,1.0,1.0,1.0,0.79415405205576,1.0,1.0,1.0,0.9264835900199142,True,2021.10.11.02.57.41_veh-50_02155_02265,0,1633923482.8997009,365889.53812422126,143205.01830962856,365866.6165908517,143226.2364503774,1.0,"[5.0, 5.0, 2.0, 2.0, 2.0]",0.935673141267425
cc8b959e3fcb5079,1.0,0.0,1.0,1.0,0.7003125612165529,1.0,1.0,1.0,0.0,True,2021.10.11.02.57.41_veh-50_02155_02265,0,1633923502.899786,366013.09056996333,143137.92068674183,365990.09826513135,143150.49928197463,1.0,"[5.0, 5.0, 2.0, 2.0, 2.0]",0.0
ccace872c29a5f29,1.0,1.0,1.0,1.0,0.8503987066068802,1.0,1.0,1.0,0.9465709666453144,True,2021.10.11.02.57.41_veh-50_02155_02265,0,1633923470.3996708,365826.0411419445,143265.5967944017,365814.7330242624,143283.24947293696,,"[5.0, 5.0, 2.0, 2.0, 0.0]",0.9465709666453144
cdbb81fdded65262,1.0,1.0,1.0,1.0,0.6696972351598591,1.0,1.0,1.0,0.8820347268428067,True,2021.10.11.02.57.41_veh-50_02155_02265,0,1633923467.3998759,365817.5526542932,143279.46532718706,365806.1524687509,143287.1749738388,0.0,"[5.0, 5.0, 2.0, 2.0, 2.0]",0.7717803859874559
ce2ce7fb20ef570c,1.0,0.0,1.0,1.0,0.6945218932364506,1.0,0.0,1.0,0.0,True,2021.10.11.02.57.41_veh-50_02155_02265,0,1633923504.8999438,366021.5943148096,143129.6063705172,366002.3022001344,143144.49538111236,1.0,"[5.0, 5.0, 2.0, 2.0, 2.0]",0.0
d06c2bb897f05b5c,1.0,1.0,1.0,1.0,0.7914746752957728,1.0,1.0,1.0,0.9255266697484902,True,2021.10.11.02.57.41_veh-50_02155_02265,0,1633923533.3998928,366017.22509186855,142943.75438489506,366028.89019581076,142965.53931613144,1.0,"[5.0, 5.0, 2.0, 2.0, 2.0]",0.9348358360299289
d2b44693e1fe5019,1.0,1.0,1.0,1.0,0.7758011528418348,1.0,1.0,1.0,0.9199289831577981,True,2021.10.11.02.57.41_veh-50_02155_02265,0,1633923522.8999789,366032.9107150391,143004.1764278624,366031.75424368936,143034.5625677745,,"[5.0, 5.0, 2.0, 2.0, 0.0]",0.9199289831577981
d3229ec0bd73520c,1.0,1.0,1.0,1.0,0.7769423216320751,1.0,1.0,1.0,0.9203365434400269,True,2021.10.11.02.57.41_veh-50_02155_02265,0,1633923499.899664,365997.7467272577,143146.92860025866,365969.4510669287,143159.87466312415,1.0,"[5.0, 5.0, 2.0, 2.0, 2.0]",0.9302944755100235
d728b2624f4055ea,1.0,1.0,1.0,1.0,0.714649200007805,1.0,1.0,1.0,0.8980890000027875,True,2021.10.11.02.57.41_veh-50_02155_02265,0,1633923463.8996549,365808.29554393026,143287.464619472,365797.0108838596,143283.77490109042,1.0,"[5.0, 5.0, 2.0, 2.0, 2.0]",0.910827875002439
d8e282ed6cff5dac,1.0,1.0,1.0,1.0,0.7499443813800242,1.0,1.0,1.0,0.9106944219214371,True,2021.10.11.02.57.41_veh-50_02155_02265,0,1633923549.900013,365978.91710500536,142842.38484547756,365985.45209402766,142867.45223686597,,"[5.0, 5.0, 2.0, 2.0, 0.0]",0.9106944219214371
da378bcae7675636,1.0,1.0,1.0,1.0,0.8038241917659755,1.0,1.0,1.0,0.9299372113449912,True,2021.10.11.02.57.41_veh-50_02155_02265,0,1633923467.8995929,365818.2226285318,143277.384431628,365807.7383894629,143287.25990787215,0.0,"[5.0, 5.0, 2.0, 2.0, 2.0]",0.8136950599268673
dc7ec70fa4d050be,1.0,1.0,1.0,1.0,0.7381631178841868,1.0,1.0,1.0,0.906486827815781,True,2021.10.11.02.57.41_veh-50_02155_02265,0,1633923501.400281,366005.9152498382,143142.4888689824,365979.9753360122,143155.11463063868,1.0,"[5.0, 5.0, 2.0, 2.0, 2.0]",0.9181759743388084
de72514102555fab,1.0,1.0,1.0,1.0,0.7842152007740705,1.0,1.0,1.0,0.9229340002764538,True,2021.10.11.02.57.41_veh-50_02155_02265,0,1633923539.8995528,365996.96966697316,142906.7519523199,366008.4282174433,142931.40312470036,1.0,"[5.0, 5.0, 2.0, 2.0, 2.0]",0.932567250241897
dee420665f2d5ee5,1.0,1.0,1.0,1.0,0.8146247525372152,1.0,1.0,1.0,0.9337945544775769,True,2021.10.11.02.57.41_veh-50_02155_02265,0,1633923472.39973,365833.7564877872,143256.86025855292,365819.06209632667,143275.5761527993,1.0,"[5.0, 5.0, 2.0, 2.0, 2.0]",0.9420702351678798
e2898986047c5b29,1.0,1.0,1.0,1.0,0.6584703139139636,1.0,1.0,1.0,0.8780251121121297,True,2021.10.11.02.57.41_veh-50_02155_02265,0,1633923558.899503,365959.4485072524,142806.73423838487,365965.9671847869,142820.69176829903,1.0,"[5.0, 5.0, 2.0, 2.0, 2.0]",0.8932719730981136
e2f005a68443572a,1.0,1.0,1.0,1.0,0.7590415770217767,1.0,1.0,1.0,0.9139434203649203,True,2021.10.11.02.57.41_veh-50_02155_02265,0,1633923527.400565,366031.28854786314,142975.0905270123,366032.9193531229,143002.03025804227,1.0,"[5.0, 5.0, 2.0, 2.0, 2.0]",0.9247004928193052
e69baaae152259ad,1.0,1.0,1.0,1.0,0.7730694887101579,1.0,1.0,1.0,0.9189533888250564,True,2021.10.11.02.57.41_veh-50_02155_02265,0,1633923532.8998718,366018.98528719577,142946.55660156615,366029.6597818696,142968.23189298355,1.0,"[5.0, 5.0, 2.0, 2.0, 2.0]",0.9290842152219243
e6fa8db6e41a5139,1.0,1.0,1.0,1.0,0.7657830304766834,1.0,1.0,1.0,0.9163510823131011,True,2021.10.11.02.57.41_veh-50_02155_02265,0,1633923552.900193,365971.3736035093,142827.1807836214,365981.075147158,142848.98623635503,1.0,"[5.0, 5.0, 2.0, 2.0, 2.0]",0.9268071970239635
e8289b430daa5695,1.0,1.0,1.0,1.0,0.8352437349713115,1.0,1.0,1.0,0.9411584767754684,True,2021.10.11.02.57.41_veh-50_02155_02265,0,1633923510.8995888,366028.9989846297,143092.57965721737,366026.1765762797,143119.99112688453,1.0,"[5.0, 5.0, 2.0, 2.0, 2.0]",0.9485136671785348
ebe11a6789745477,1.0,1.0,1.0,1.0,0.7479372558354924,1.0,1.0,1.0,0.9099775913698187,True,2021.10.11.02.57.41_veh-50_02155_02265,0,1633923550.899474,365976.74402186566,142837.08798035543,365984.1381005816,142860.98327845306,1.0,"[5.0, 5.0, 2.0, 2.0, 2.0]",0.9212303924485914
ecd1986832c7521a,1.0,1.0,1.0,1.0,0.6453889416622702,1.0,1.0,1.0,0.8733531934508107,True,2021.10.11.02.57.41_veh-50_02155_02265,0,1633923557.899777,365960.0980936081,142810.16347134864,365968.85853729513,142824.27189176396,1.0,"[5.0, 5.0, 2.0, 2.0, 2.0]",0.8891840442694594
f09b140e2fc05b0a,1.0,1.0,1.0,1.0,0.639219922755561,1.0,1.0,1.0,0.8711499724127004,True,2021.10.11.02.57.41_veh-50_02155_02265,0,1633923466.900091,365816.2042497957,143281.50067628332,365804.62222614617,143286.83114740357,1.0,"[5.0, 5.0, 2.0, 2.0, 2.0]",0.8872562258611129
f46d7a713a035a80,1.0,1.0,1.0,1.0,0.8087727333877444,1.0,1.0,1.0,0.9317045476384802,True,2021.10.11.02.57.41_veh-50_02155_02265,0,1633923481.900274,365884.1945370261,143210.005159996,365861.0619343226,143231.23232466896,,"[5.0, 5.0, 2.0, 2.0, 0.0]",0.9317045476384802
f93dafb45c965ab2,1.0,0.0,1.0,1.0,0.7773112581618004,1.0,1.0,1.0,0.0,True,2021.10.11.02.57.41_veh-50_02155_02265,0,1633923500.399868,366001.0442114885,143145.32726046082,365972.9942653312,143158.28880864457,1.0,"[5.0, 5.0, 2.0, 2.0, 2.0]",0.0
fb2dd85945315007,1.0,1.0,1.0,1.0,0.6242605605984698,1.0,1.0,1.0,0.8658073430708821,True,2021.10.11.02.57.41_veh-50_02155_02265,0,1633923466.400146,365815.07459719345,143283.1476346707,365803.17631091893,143286.33870178103,1.0,"[5.0, 5.0, 2.0, 2.0, 2.0]",0.8825814251870219
fb50a35ed72b5a18,1.0,1.0,1.0,1.0,0.7916992509525829,1.0,1.0,1.0,0.9256068753402081,True,2021.10.11.02.57.41_veh-50_02155_02265,0,1633923492.399791,365945.23147873755,143170.5180257908,365918.9978457459,143182.88413415448,,"[5.0, 5.0, 2.0, 2.0, 0.0]",0.9256068753402081
fbb2aa2813125b32,1.0,1.0,1.0,1.0,0.8221936147047864,1.0,1.0,1.0,0.9364977195374237,True,2021.10.11.02.57.41_veh-50_02155_02265,0,1633923518.899456,366031.7938905775,143033.4016690807,366030.6827036342,143064.82903390733,1.0,"[5.0, 5.0, 2.0, 2.0, 2.0]",0.9444355045952457
fbde637d36f557c2,1.0,1.0,1.0,1.0,0.7050760839766453,1.0,1.0,1.0,0.8946700299916591,True,2021.10.11.02.57.41_veh-50_02155_02265,0,1633923555.399865,365964.2941562255,142818.25665506028,365975.88450020156,142835.6019852979,1.0,"[5.0, 5.0, 2.0, 2.0, 2.0]",0.9078362762427017
fdfec9ef7201528e,1.0,1.0,1.0,1.0,0.5877403430059346,1.0,1.0,1.0,0.8527644082164052,True,2021.10.11.02.57.41_veh-50_02155_02265,0,1633923465.4002268,365812.79346850194,143285.7963521339,365800.4036876015,143285.16089933508,1.0,"[5.0, 5.0, 2.0, 2.0, 2.0]",0.8711688571893546
ff31fde84ea55ab8,1.0,1.0,1.0,1.0,0.7960813617795067,1.0,1.0,1.0,0.9271719149212524,True,2021.10.11.02.57.41_veh-50_02155_02265,0,1633923539.399438,365998.06496596785,142909.47101596036,366010.194210822,142934.16584891218,1.0,"[5.0, 5.0, 2.0, 2.0, 2.0]",0.9362754255560959
00839bb43eed5f3e,1.0,1.0,1.0,1.0,0.8101020929743267,1.0,1.0,1.0,0.9321793189194024,True,2021.08.31.14.01.15_veh-40_01576_01714,0,1630420180.9006438,332775.70876045595,4690254.952865704,332803.5290832634,4690249.682180612,0.0,"[5.0, 5.0, 2.0, 2.0, 2.0]",0.8156569040544771
0244b29e92175c74,1.0,1.0,1.0,1.0,0.8429937575462485,1.0,1.0,1.0,0.943926341980803,True,2021.08.31.14.01.15_veh-40_01576_01714,0,1630420187.4002979,332763.1938065461,4690258.260908488,332771.44228242146,4690255.949386501,,"[5.0, 5.0, 2.0, 2.0, 0.0]",0.943926341980803
12af90c2b8b6512e,1.0,1.0,1.0,1.0,0.8373501991001743,1.0,1.0,0.0,0.7990536425357765,True,2021.08.31.14.01.15_veh-40_01576_01714,0,1630420175.399963,332810.28879910026,4690244.389187844,332812.07310384966,4690234.03560671,,"[5.0, 5.0, 2.0, 2.0, 0.0]",0.7990536425357765
1c59013d80ab5ac4,1.0,1.0,1.0,1.0,1.0,1.0,1.0,1.0,1.0,True,2021.08.31.14.01.15_veh-40_01576_01714,0,1630420218.900342,332633.551268193,4690088.515116321,332646.55148144526,4690108.337261214,1.0,"[5.0, 5.0, 2.0, 2.0, 2.0]",1.0
219dd3cdd7fd594b,1.0,1.0,1.0,1.0,0.9626410610332495,1.0,1.0,1.0,0.9866575217975891,True,2021.08.31.14.01.15_veh-40_01576_01714,0,1630420191.899736,332735.0644649529,4690243.602695211,332761.051671209,4690258.743630264,,"[5.0, 5.0, 2.0, 2.0, 0.0]",0.9866575217975891
28b2841dfc80526b,1.0,1.0,1.0,1.0,0.8338418312147331,1.0,1.0,1.0,0.9406577968624047,True,2021.08.31.14.01.15_veh-40_01576_01714,0,1630420273.400547,333018.34939734015,4690025.186795298,332999.0135022342,4690045.115555442,0.0,"[5.0, 5.0, 2.0, 2.0, 2.0]",0.8230755722546041
2ae099469caa5693,1.0,1.0,1.0,1.0,0.8659884191907813,1.0,1.0,1.0,0.9521387211395648,True,2021.08.31.14.01.15_veh-40_01576_01714,0,1630420273.900446,333019.28873305226,4690021.294176204,333002.475270528,4690043.702114195,0.0,"[5.0, 5.0, 2.0, 2.0, 2.0]",0.8331213809971192
2deba0b0afad5472,1.0,1.0,1.0,1.0,0.8715331191523211,1.0,1.0,0.0,0.8112618282686862,True,2021.08.31.14.01.15_veh-40_01576_01714,0,1630420179.399796,332785.0928105939,4690253.041946818,332810.3054113542,4690243.679768914,0.0,"[5.0, 5.0, 2.0, 2.0, 2.0]",0.7098540997351004
5007e9f5013b5580,1.0,1.0,1.0,1.0,0.8627457963734043,1.0,1.0,1.0,0.9509806415619302,True,2021.08.31.14.01.15_veh-40_01576_01714,0,1630420276.899999,333020.9145306824,4690000.09597075,333016.7348345387,4690028.371201921,0.0,"[5.0, 5.0, 2.0, 2.0, 2.0]",0.8321080613666889
57ee8b6bcf335177,1.0,1.0,1.0,1.0,1.0,1.0,1.0,1.0,1.0,True,2021.08.31.14.01.15_veh-40_01576_01714,0,1630420217.9004378,332637.96899153135,4690095.33743652,332647.17304936564,4690109.2107421635,1.0,"[5.0, 5.0, 2.0, 2.0, 2.0]",1.0
5b03bd8400375f7e,1.0,1.0,1.0,1.0,0.9622988041753303,1.0,1.0,0.0,0.8436781443483322,True,2021.08.31.14.01.15_veh-40_01576_01714,0,1630420192.399998,332732.4025556586,4690239.735877104,332757.7654772275,4690258.884595159,0.0,"[5.0, 5.0, 2.0, 2.0, 2.0]",0.7382183763047907
5c62daecead15772,1.0,1.0,1.0,1.0,0.9510441022971383,1.0,1.0,1.0,0.8396586079632637,True,2021.08.31.14.01.15_veh-40_01576_01714,0,1630420194.9008849,332719.2717021271,4690219.630766819,332740.922237132,4690250.575534506,0.0,"[5.0, 5.0, 2.0, 2.0, 2.0]",0.8597012819678558
5d5971cc468954e3,1.0,1.0,1.0,1.0,0.8357741354033678,1.0,1.0,1.0,0.9413479055012027,True,2021.08.31.14.01.15_veh-40_01576_01714,0,1630420180.400292,332778.7182769192,4690254.515917177,332806.3446062934,4690248.131147207,0.0,"[5.0, 5.0, 2.0, 2.0, 2.0]",0.8236794173135524
66d20874271b558f,1.0,1.0,1.0,1.0,0.8352012358240318,1.0,1.0,1.0,0.9411432985085827,True,2021.08.31.14.01.15_veh-40_01576_01714,0,1630420274.900303,333019.9542005526,4690014.479328723,333008.6515732111,4690039.756346769,0.0,"[5.0, 5.0, 2.0, 2.0, 2.0]",0.8235003861950099
7020151396535655,1.0,1.0,1.0,1.0,1.0,1.0,1.0,0.0,0.8571428571428571,True,2021.08.31.14.01.15_veh-40_01576_01714,0,1630420187.900264,332760.13080526073,4690258.979474226,332771.4920505007,4690255.9466622975,1.0,"[5.0, 5.0, 2.0, 2.0, 2.0]",0.875
7372d89535355cb2,1.0,1.0,1.0,1.0,1.0,1.0,1.0,1.0,1.0,True,2021.08.31.14.01.15_veh-40_01576_01714,0,1630420217.400477,332639.8952218135,4690098.4076473005,332647.2743259807,4690109.354632616,0.0,"[5.0, 5.0, 2.0, 2.0, 2.0]",0.875
7d045ced792f563a,1.0,1.0,1.0,1.0,1.0,1.0,1.0,0.0,0.8571428571428571,True,2021.08.31.14.01.15_veh-40_01576_01714,0,1630420177.899813,332796.6086849641,4690251.488948577,332812.117085587,4690236.852081783,1.0,"[5.0, 5.0, 2.0, 2.0, 2.0]",0.875
7e1afa248931544e,1.0,1.0,1.0,1.0,0.9674226578495483,1.0,1.0,1.0,0.9883652349462674,True,2021.08.31.14.01.15_veh-40_01576_01714,0,1630420192.900534,332729.2380772183,4690235.599794295,332754.32048771397,4690258.414506637,0.0,"[5.0, 5.0, 2.0, 2.0, 2.0]",0.8648195805779839
872380f71a9f5c73,1.0,1.0,1.0,1.0,1.0,1.0,1.0,0.0,0.8571428571428571,True,2021.08.31.14.01.15_veh-40_01576_01714,0,1630420176.9000828,332803.29883607477,4690250.336000958,332812.07061136275,4690234.700887948,1.0,"[5.0, 5.0, 2.0, 2.0, 2.0]",0.875
8935f0d3af6b51fd,1.0,1.0,1.0,1.0,0.8509102864758576,1.0,1.0,1.0,0.9467536737413776,True,2021.08.31.14.01.15_veh-40_01576_01714,0,1630420179.899986,332781.97461192874,4690253.799663639,332808.6205236075,4690246.083677528,0.0,"[5.0, 5.0, 2.0, 2.0, 2.0]",0.8284094645237055
8a9a5ab59dcd51d7,1.0,1.0,1.0,1.0,0.934188584833035,1.0,1.0,1.0,0.8336387802975125,True,2021.08.31.14.01.15_veh-40_01576_01714,0,1630420193.9008179,332724.56083176576,4690228.414658526,332747.2552027461,4690255.702893248,0.0,"[5.0, 5.0, 2.0, 2.0, 2.0]",0.8544339327603234
90f98ca1978a5457,1.0,1.0,1.0,1.0,1.0,1.0,1.0,1.0,1.0,True,2021.08.31.14.01.15_veh-40_01576_01714,0,1630420188.9003,332753.46632211655,4690258.881054292,332771.50139226555,4690255.938607351,1.0,"[5.0, 5.0, 2.0, 2.0, 2.0]",1.0
9bbdf96591265339,1.0,1.0,1.0,1.0,0.6950067634070359,1.0,1.0,1.0,0.8910738440739413,True,2021.08.31.14.01.15_veh-40_01576_01714,0,1630420216.400271,332642.89740942017,4690103.023058971,332647.55474038934,4690109.719141197,,"[5.0, 5.0, 2.0, 2.0, 0.0]",0.8910738440739413
a661c633fa3e5a59,1.0,1.0,1.0,1.0,1.0,1.0,1.0,0.0,0.8571428571428571,True,2021.08.31.14.01.15_veh-40_01576_01714,0,1630420177.400065,332800.1076041109,4690251.013838254,332812.09695508715,4690235.47467418,1.0,"[5.0, 5.0, 2.0, 2.0, 2.0]",0.875
a92a5c623e9a5906,1.0,1.0,1.0,1.0,0.8712463956859854,1.0,1.0,1.0,0.9540165698878519,True,2021.08.31.14.01.15_veh-40_01576_01714,0,1630420178.8996959,332789.4610982529,4690252.6409124,332811.394901865,4690241.160416207,0.0,"[5.0, 5.0, 2.0, 2.0, 2.0]",0.8347644986518704
aa5c5efeeafd563c,1.0,1.0,1.0,1.0,0.8538552140803538,1.0,1.0,1.0,0.9478054336001264,True,2021.08.31.14.01.15_veh-40_01576_01714,0,1630420272.9005048,333017.52352402266,4690028.0504789185,332995.30642413674,4690046.1363334125,,"[5.0, 5.0, 2.0, 2.0, 0.0]",0.9478054336001264
c13c48577f9255c8,1.0,1.0,1.0,1.0,1.0,1.0,1.0,1.0,1.0,True,2021.08.31.14.01.15_veh-40_01576_01714,0,1630420189.9002829,332746.56812510034,4690255.7811340615,332770.0822717414,4690256.31637637,1.0,"[5.0, 5.0, 2.0, 2.0, 2.0]",1.0
c1e4bb8da1655e19,1.0,1.0,1.0,1.0,1.0,1.0,1.0,1.0,1.0,True,2021.08.31.14.01.15_veh-40_01576_01714,0,1630420218.400353,332636.1035039264,4690092.395839017,332646.9768438096,4690108.931947302,1.0,"[5.0, 5.0, 2.0, 2.0, 2.0]",1.0
c790a13084305af6,1.0,1.0,1.0,1.0,1.0,1.0,1.0,0.0,0.8571428571428571,True,2021.08.31.14.01.15_veh-40_01576_01714,0,1630420176.400115,332806.113206486,4690248.630961762,332812.066470688,4690234.400312898,1.0,"[5.0, 5.0, 2.0, 2.0, 2.0]",0.875
ca31b7933f8256e2,1.0,1.0,1.0,1.0,0.8522070635289238,1.0,1.0,1.0,0.9472168084031871,True,2021.08.31.14.01.15_veh-40_01576_01714,0,1630420276.400066,333020.6849051129,4690003.851543746,333015.2729681896,4690031.540694698,0.0,"[5.0, 5.0, 2.0, 2.0, 2.0]",0.8288147073527887
ca5e5cecc6e05022,1.0,1.0,1.0,1.0,1.0,1.0,1.0,1.0,1.0,True,2021.08.31.14.01.15_veh-40_01576_01714,0,1630420189.400297,332750.37428485684,4690257.571713409,332771.0652074622,4690256.049167476,1.0,"[5.0, 5.0, 2.0, 2.0, 2.0]",1.0
ce77e05891225999,1.0,1.0,1.0,1.0,0.9768014208319052,1.0,1.0,1.0,0.9917147931542518,True,2021.08.31.14.01.15_veh-40_01576_01714,0,1630420216.9004169,332641.3328070887,4690100.624454347,332647.3793409168,4690109.486907588,1.0,"[5.0, 5.0, 2.0, 2.0, 2.0]",0.9927504440099704
ceb16c2c18d252f3,1.0,1.0,1.0,1.0,1.0,1.0,1.0,1.0,1.0,True,2021.08.31.14.01.15_veh-40_01576_01714,0,1630420175.900157,332808.4059753313,4690246.832214887,332812.06292266626,4690234.270882874,1.0,"[5.0, 5.0, 2.0, 2.0, 2.0]",1.0
d22040e885bf5509,1.0,1.0,1.0,1.0,1.0,1.0,1.0,1.0,1.0,True,2021.08.31.14.01.15_veh-40_01576_01714,0,1630420188.40027,332757.0805520503,4690259.056137282,332771.5576782311,4690255.9268528875,0.0,"[5.0, 5.0, 2.0, 2.0, 2.0]",0.875
d7b9d08eb35e54b4,1.0,1.0,1.0,1.0,0.8447942350411214,1.0,1.0,1.0,0.9445693696575433,True,2021.08.31.14.01.15_veh-40_01576_01714,0,1630420274.400374,333019.74195285334,4690017.843185437,333005.68957462156,4690041.915820855,0.0,"[5.0, 5.0, 2.0, 2.0, 2.0]",0.8264981984503504
dc70a7b62c155d19,1.0,1.0,1.0,1.0,0.8330554274085317,1.0,1.0,1.0,0.9403769383601899,True,2021.08.31.14.01.15_veh-40_01576_01714,0,1630420275.400231,333020.1941269971,4690011.06411364,333011.2563813346,4690037.274712846,0.0,"[5.0, 5.0, 2.0, 2.0, 2.0]",0.8228298210651661
dfe3214ab3e850a3,1.0,1.0,1.0,1.0,0.9449349347466589,1.0,1.0,1.0,0.9803339052666639,True,2021.08.31.14.01.15_veh-40_01576_01714,0,1630420193.4009268,332727.08340457664,4690231.864985034,332750.768555754,4690257.363204504,0.0,"[5.0, 5.0, 2.0, 2.0, 2.0]",0.8577921671083308
e5a4f230a7a05b18,1.0,1.0,1.0,1.0,0.8391425017532854,1.0,1.0,1.0,0.9425508934833162,True,2021.08.31.14.01.15_veh-40_01576_01714,0,1630420275.9002159,333020.40208016196,4690007.5959977135,333013.4613710771,4690034.525094996,0.0,"[5.0, 5.0, 2.0, 2.0, 2.0]",0.8247320317979017
e72a95807de45328,1.0,1.0,1.0,1.0,0.9297166142078459,1.0,1.0,0.0,0.8320416479313736,True,2021.08.31.14.01.15_veh-40_01576_01714,0,1630420178.399631,332792.788871829,4690252.178897632,332811.95001537236,4690238.795396144,0.0,"[5.0, 5.0, 2.0, 2.0, 2.0]",0.7280364419399519
f96c2bfcfa0b5adc,1.0,1.0,1.0,1.0,0.8702278089094742,1.0,1.0,1.0,0.8107956460390978,True,2021.08.31.14.01.15_veh-40_01576_01714,0,1630420277.400065,333020.81687904295,4689996.916379207,333017.8518144522,4690025.028246778,1.0,"[5.0, 5.0, 2.0, 2.0, 2.0]",0.9594461902842106
fa18ed9dac89551d,1.0,1.0,1.0,1.0,0.9557780500490685,1.0,1.0,1.0,0.8413493035889531,True,2021.08.31.14.01.15_veh-40_01576_01714,0,1630420194.400864,332721.633361493,4690223.647507133,332743.97061042837,4690253.408945331,0.0,"[5.0, 5.0, 2.0, 2.0, 2.0]",0.861180640640334
103d8446b9a7501b,1.0,1.0,1.0,1.0,1.0,1.0,1.0,1.0,1.0,True,2021.08.31.11.47.30_veh-40_00919_01000,0,1630411457.9003959,331625.29688822274,4690788.989928623,331622.83186694235,4690790.62628824,1.0,"[5.0, 5.0, 2.0, 2.0, 2.0]",1.0
1c9a2aafa78b5b21,1.0,1.0,1.0,1.0,0.8416455362887034,1.0,1.0,1.0,0.9434448343888227,True,2021.08.31.11.47.30_veh-40_00919_01000,0,1630411440.400039,331553.02401971543,4690836.274288791,331522.30438585253,4690855.961216843,1.0,"[5.0, 5.0, 2.0, 2.0, 2.0]",0.9505142300902198
20fc3e4c2b93595d,1.0,1.0,1.0,1.0,0.8638625816575535,1.0,1.0,1.0,0.9513794934491262,True,2021.08.31.11.47.30_veh-40_00919_01000,0,1630411448.899973,331607.7600903918,4690800.534159418,331582.583854999,4690816.890011324,,"[5.0, 5.0, 2.0, 2.0, 0.0]",0.9513794934491262
24e8dff0a3fb5d73,1.0,1.0,1.0,1.0,1.0,1.0,1.0,1.0,1.0,True,2021.08.31.11.47.30_veh-40_00919_01000,0,1630411505.900537,331634.17725885956,4690783.0282558175,331624.6395411653,4690789.427675586,,"[5.0, 5.0, 2.0, 2.0, 0.0]",1.0
2fd7bef75431592e,1.0,1.0,1.0,1.0,0.9852056831363624,1.0,1.0,1.0,0.9947163154058438,True,2021.08.31.11.47.30_veh-40_00919_01000,0,1630411452.4004638,331621.080952253,4690791.909259295,331604.3743323871,4690802.638609218,1.0,"[5.0, 5.0, 2.0, 2.0, 2.0]",0.9953767759801133
3f27444710fd5dfc,1.0,1.0,1.0,1.0,0.8542310511027804,1.0,1.0,1.0,0.9479396611081359,True,2021.08.31.11.47.30_veh-40_00919_01000,0,1630411439.4000208,331546.129206163,4690840.728442554,331515.302299692,4690860.691861038,1.0,"[5.0, 5.0, 2.0, 2.0, 2.0]",0.9544472034696189
48fc3189008a5754,1.0,1.0,1.0,1.0,0.9786561476898332,1.0,1.0,1.0,0.9923771956035118,True,2021.08.31.11.47.30_veh-40_00919_01000,0,1630411454.400164,331624.26522579114,4690789.715912858,331613.82556162734,4690796.570810706,1.0,"[5.0, 5.0, 2.0, 2.0, 2.0]",0.9933300461530729
51bfd099a0795409,1.0,1.0,1.0,1.0,0.9895064110722306,1.0,1.0,1.0,0.9962522896686538,True,2021.08.31.11.47.30_veh-40_00919_01000,0,1630411455.900018,331625.1941681632,4690789.079035287,331618.7408838953,4690793.361731649,1.0,"[5.0, 5.0, 2.0, 2.0, 2.0]",0.996720753460072
5bb0b67e360f5a85,1.0,1.0,1.0,1.0,0.8803786399026868,1.0,1.0,1.0,0.957278085679531,True,2021.08.31.11.47.30_veh-40_00919_01000,0,1630411449.4002619,331610.3631732948,4690798.89870282,331585.80782253173,4690814.704611139,1.0,"[5.0, 5.0, 2.0, 2.0, 2.0]",0.9626183249695897
67a4f804ff5556cb,1.0,1.0,1.0,1.0,0.8296275935384085,1.0,1.0,1.0,0.939152711978003,True,2021.08.31.11.47.30_veh-40_00919_01000,0,1630411438.400162,331538.1182018286,4690845.896973261,331508.21555039124,4690865.563428945,,"[5.0, 5.0, 2.0, 2.0, 0.0]",0.939152711978003
6a9bb2303a4c5c72,1.0,1.0,1.0,1.0,0.9000755467916984,1.0,1.0,1.0,0.9643126952827494,True,2021.08.31.11.47.30_veh-40_00919_01000,0,1630411457.400102,331625.19174342713,4690789.044747107,331622.0597284814,4690791.142465807,1.0,"[5.0, 5.0, 2.0, 2.0, 2.0]",0.9687736083724058
6bb2613a221e5fc8,1.0,1.0,1.0,1.0,1.0,1.0,1.0,1.0,1.0,True,2021.08.31.11.47.30_veh-40_00919_01000,0,1630411506.4005048,331636.3326482261,4690781.498809598,331624.6767717747,4690789.401123604,1.0,"[5.0, 5.0, 2.0, 2.0, 2.0]",1.0
77f9f0c203cb5048,1.0,1.0,1.0,1.0,0.9791945667103018,1.0,1.0,1.0,0.9925694881108221,True,2021.08.31.11.47.30_veh-40_00919_01000,0,1630411456.899986,331625.4412322468,4690788.867707921,331621.11864238896,4690791.773364511,1.0,"[5.0, 5.0, 2.0, 2.0, 2.0]",0.9934983020969693
7d61f2ab3a145a20,1.0,1.0,1.0,1.0,1.0,1.0,1.0,1.0,1.0,True,2021.08.31.11.47.30_veh-40_00919_01000,0,1630411506.9004269,331638.60260663385,4690779.927539457,331624.9589242352,4690789.207176805,1.0,"[5.0, 5.0, 2.0, 2.0, 2.0]",1.0
8672b0d007fa5c49,1.0,1.0,1.0,1.0,0.8888254752920776,1.0,1.0,1.0,0.9602948126043135,True,2021.08.31.11.47.30_veh-40_00919_01000,0,1630411449.9005978,331612.6573843546,4690797.395764744,331589.01823754987,4690812.563613608,1.0,"[5.0, 5.0, 2.0, 2.0, 2.0]",0.9652579610287743
877ca71cd9ac5b59,1.0,1.0,1.0,1.0,1.0,1.0,1.0,1.0,1.0,True,2021.08.31.11.47.30_veh-40_00919_01000,0,1630411454.900079,331624.9113968841,4690789.293113395,331615.6806093941,4690795.352975529,1.0,"[5.0, 5.0, 2.0, 2.0, 2.0]",1.0
8ecb60a273c55931,1.0,1.0,1.0,1.0,0.8781361692527324,1.0,1.0,1.0,0.9564772033045473,True,2021.08.31.11.47.30_veh-40_00919_01000,0,1630411439.9000459,331549.56716840796,4690838.500237334,331518.7797865822,4690858.320657686,1.0,"[5.0, 5.0, 2.0, 2.0, 2.0]",0.961917552891479
8f64f90706655f53,1.0,1.0,1.0,1.0,0.9077881698645797,1.0,1.0,1.0,0.9670672035230642,True,2021.08.31.11.47.30_veh-40_00919_01000,0,1630411451.900462,331619.30719297664,4690792.989573534,331601.49678717385,4690804.441600554,1.0,"[5.0, 5.0, 2.0, 2.0, 2.0]",0.9711838030826812
900e4ffd108f5f95,1.0,1.0,1.0,1.0,0.9907306158505244,1.0,1.0,1.0,0.9966895056609015,True,2021.08.31.11.47.30_veh-40_00919_01000,0,1630411456.3999538,331625.4522215224,4690788.912996099,331619.9978145099,4690792.521624648,1.0,"[5.0, 5.0, 2.0, 2.0, 2.0]",0.9971033174532888
98e1c86704b75bce,1.0,1.0,1.0,1.0,1.0,1.0,1.0,1.0,1.0,True,2021.08.31.11.47.30_veh-40_00919_01000,0,1630411455.400023,331625.3581891798,4690788.955784863,331617.32405945053,4690794.297726967,1.0,"[5.0, 5.0, 2.0, 2.0, 2.0]",1.0
9a1dbb392efc5e89,1.0,1.0,1.0,1.0,0.9988892961804291,1.0,1.0,1.0,0.9996033200644389,True,2021.08.31.11.47.30_veh-40_00919_01000,0,1630411453.4003289,331622.96123799955,4690790.568912996,331609.48187350424,4690799.408963644,1.0,"[5.0, 5.0, 2.0, 2.0, 2.0]",0.999652905056384
a27a8a02217d5ade,1.0,1.0,1.0,1.0,0.912817041089459,1.0,1.0,1.0,0.9688632289605211,True,2021.08.31.11.47.30_veh-40_00919_01000,0,1630411451.4005408,331618.0353721023,4690793.854529447,331598.4535762624,4690806.400008444,,"[5.0, 5.0, 2.0, 2.0, 0.0]",0.9688632289605211
a5051ac6e15551e7,1.0,1.0,1.0,1.0,0.9664035569031904,1.0,1.0,1.0,0.9880012703225679,True,2021.08.31.11.47.30_veh-40_00919_01000,0,1630411453.900203,331623.5834964303,4690790.153909399,331611.74201615376,4690797.9423963055,1.0,"[5.0, 5.0, 2.0, 2.0, 2.0]",0.989501111532247
ac681c2a50795ba0,1.0,1.0,1.0,1.0,1.0,1.0,1.0,1.0,1.0,True,2021.08.31.11.47.30_veh-40_00919_01000,0,1630411458.40056,331625.0083066895,4690789.197013555,331623.46250862593,4690790.221580761,1.0,"[5.0, 5.0, 2.0, 2.0, 2.0]",1.0
ad9c60ee22de5163,1.0,1.0,1.0,1.0,0.9323337966200268,1.0,1.0,1.0,0.9758334987928668,True,2021.08.31.11.47.30_veh-40_00919_01000,0,1630411452.900419,331621.7953473921,4690791.355331109,331607.0409849794,4690800.954803202,1.0,"[5.0, 5.0, 2.0, 2.0, 2.0]",0.9788543114437585
e6422bb22e125756,1.0,1.0,1.0,1.0,1.0,1.0,1.0,1.0,1.0,True,2021.08.31.11.47.30_veh-40_00919_01000,0,1630411458.900502,331624.6099129115,4690789.439951566,331623.95403695304,4690789.9050950045,1.0,"[5.0, 5.0, 2.0, 2.0, 2.0]",1.0
e699ef478771586b,1.0,1.0,1.0,1.0,0.843324363043129,1.0,1.0,1.0,0.9440444153725461,True,2021.08.31.11.47.30_veh-40_00919_01000,0,1630411438.900106,331542.11168404703,4690843.319770738,331511.77899140865,4690863.10467705,1.0,"[5.0, 5.0, 2.0, 2.0, 2.0]",0.9510388634509779
0834ee7bd96c524f,1.0,1.0,1.0,1.0,1.0,1.0,1.0,1.0,1.0,True,2021.07.16.22.40.23_veh-38_00204_00360,0,1626476122.199919,664481.2398926035,3996637.0964866867,664481.2637801557,3996632.6245724265,1.0,"[5.0, 5.0, 2.0, 2.0, 2.0]",1.0
0b10c61fbe415c5e,1.0,1.0,1.0,1.0,1.0,1.0,1.0,1.0,1.0,True,2021.07.16.22.40.23_veh-38_00204_00360,0,1626476105.1994898,664483.2136360438,3996550.278955519,664483.4826251565,3996539.059904604,1.0,"[5.0, 5.0, 2.0, 2.0, 2.0]",1.0
10da33ea86ba5697,1.0,1.0,1.0,1.0,1.0,1.0,1.0,1.0,1.0,True,2021.07.16.22.40.23_veh-38_00204_00360,0,1626476105.699636,664483.1842893276,3996552.599826459,664483.4794131988,3996539.532052307,1.0,"[5.0, 5.0, 2.0, 2.0, 2.0]",1.0
1ec8d767941a534b,1.0,1.0,1.0,1.0,1.0,1.0,1.0,1.0,1.0,True,2021.07.16.22.40.23_veh-38_00204_00360,0,1626476104.699756,664483.2980014044,3996548.3666514438,664483.4872176063,3996538.6608242835,,"[5.0, 5.0, 2.0, 2.0, 0.0]",1.0
4e658bb5f80a5664,1.0,1.0,1.0,1.0,0.8450367509156588,1.0,1.0,1.0,0.944655982469878,True,2021.07.16.22.40.23_veh-38_00204_00360,0,1626476119.200402,664481.2178859123,3996636.127838901,664481.758232194,3996610.655210982,0.0,"[5.0, 5.0, 2.0, 2.0, 2.0]",0.8265739846611433
5a9dd500d2f15c87,1.0,1.0,1.0,1.0,0.9836570108986818,1.0,1.0,1.0,0.9941632181781007,True,2021.07.16.22.40.23_veh-38_00204_00360,0,1626476118.700137,664481.1760938012,3996636.5198650984,664481.8623679647,3996606.5992748807,1.0,"[5.0, 5.0, 2.0, 2.0, 2.0]",0.9948928159058381
5ded7f2e94075a10,1.0,1.0,1.0,1.0,1.0,1.0,1.0,1.0,1.0,True,2021.07.16.22.40.23_veh-38_00204_00360,0,1626476123.200254,664481.2424089984,3996636.4324021847,664481.2327433889,3996635.6823798013,1.0,"[5.0, 5.0, 2.0, 2.0, 2.0]",1.0
6a0942a7edb6507e,1.0,1.0,1.0,1.0,1.0,1.0,1.0,1.0,1.0,True,2021.07.16.22.40.23_veh-38_00204_00360,0,1626476122.700096,664481.2486326334,3996636.6182408636,664481.2348314441,3996634.491773968,1.0,"[5.0, 5.0, 2.0, 2.0, 2.0]",1.0
8156a66cbc595259,1.0,1.0,1.0,1.0,1.0,1.0,1.0,1.0,1.0,True,2021.07.16.22.40.23_veh-38_00204_00360,0,1626476121.199368,664481.2172246217,3996637.8121901015,664481.4107574638,3996626.537565378,1.0,"[5.0, 5.0, 2.0, 2.0, 2.0]",1.0
99c4a687ed1a599a,1.0,1.0,1.0,1.0,1.0,1.0,1.0,1.0,1.0,True,2021.07.16.22.40.23_veh-38_00204_00360,0,1626476120.1999328,664481.2055016814,3996637.7785721417,664481.5970782728,3996618.759661406,1.0,"[5.0, 5.0, 2.0, 2.0, 2.0]",1.0
9f885abfb8cd5675,1.0,1.0,1.0,1.0,1.0,1.0,1.0,1.0,1.0,True,2021.07.16.22.40.23_veh-38_00204_00360,0,1626476121.6995718,664481.2496123543,3996637.3954070993,664481.3231302453,3996629.9459319757,0.0,"[5.0, 5.0, 2.0, 2.0, 2.0]",0.875
bba3291877d059ac,1.0,1.0,1.0,1.0,1.0,1.0,1.0,1.0,1.0,True,2021.07.16.22.40.23_veh-38_00204_00360,0,1626476118.199841,664481.1109897286,3996634.55659332,664481.9636706947,3996602.554377386,,"[5.0, 5.0, 2.0, 2.0, 0.0]",1.0
cca7823320d05bc3,1.0,1.0,1.0,1.0,1.0,1.0,1.0,1.0,1.0,True,2021.07.16.22.40.23_veh-38_00204_00360,0,1626476119.700239,664481.1737343741,3996637.2751992657,664481.6718945397,3996614.7358331066,1.0,"[5.0, 5.0, 2.0, 2.0, 2.0]",1.0
dd8b61c70dc05550,1.0,1.0,1.0,1.0,1.0,1.0,1.0,1.0,1.0,True,2021.07.16.22.40.23_veh-38_00204_00360,0,1626476106.2000499,664483.1074811367,3996554.950732183,664483.4745524095,3996540.163251666,1.0,"[5.0, 5.0, 2.0, 2.0, 2.0]",1.0
de9c0d8341d65b55,1.0,1.0,1.0,1.0,1.0,1.0,1.0,1.0,1.0,True,2021.07.16.22.40.23_veh-38_00204_00360,0,1626476120.6996179,664481.2177113048,3996637.308184537,664481.5119362776,3996622.7289578454,1.0,"[5.0, 5.0, 2.0, 2.0, 2.0]",1.0
0461af120ee45dd8,1.0,1.0,1.0,1.0,1.0,1.0,1.0,0.0,0.8571428571428571,True,2021.06.09.14.50.36_veh-26_02826_02955,0,1623267622.699451,664451.2559472624,3996286.9337075884,664428.9198485798,3996285.458458807,1.0,"[5.0, 5.0, 2.0, 2.0, 2.0]",0.875
04ef1bdebb1e5c2b,1.0,1.0,1.0,1.0,1.0,1.0,1.0,1.0,1.0,True,2021.06.09.14.50.36_veh-26_02826_02955,0,1623267548.6995099,664428.5098258716,3996285.4137390475,664428.0245901663,3996285.445375784,1.0,"[5.0, 5.0, 2.0, 2.0, 2.0]",1.0
06ecc274857650aa,1.0,1.0,1.0,1.0,1.0,1.0,1.0,1.0,1.0,True,2021.06.09.14.50.36_veh-26_02826_02955,0,1623267630.1994278,664485.7029628474,3996332.4885423006,664477.9319530195,3996295.010534703,0.0,"[5.0, 5.0, 2.0, 2.0, 2.0]",0.875
18608416606557ed,1.0,1.0,1.0,1.0,1.0,1.0,1.0,1.0,1.0,True,2021.06.09.14.50.36_veh-26_02826_02955,0,1623267631.700013,664485.8711293263,3996349.319516328,664484.3043539708,3996306.0580707905,0.0,"[5.0, 5.0, 2.0, 2.0, 2.0]",0.875
2c45cd8490f850ef,1.0,1.0,1.0,1.0,0.9821260128478297,1.0,1.0,1.0,0.9936164331599392,True,2021.06.09.14.50.36_veh-26_02826_02955,0,1623267543.1993759,664426.8741262975,3996285.3336393763,664409.2671908813,3996284.137193546,1.0,"[5.0, 5.0, 2.0, 2.0, 2.0]",0.9944143790149468
3358ac35f0925be9,1.0,1.0,1.0,1.0,1.0,1.0,1.0,1.0,1.0,True,2021.06.09.14.50.36_veh-26_02826_02955,0,1623267544.6995509,664428.9562690745,3996285.4961603656,664416.887915184,3996284.652501298,1.0,"[5.0, 5.0, 2.0, 2.0, 2.0]",1.0
35daae8d6a4a5b90,1.0,1.0,1.0,1.0,1.0,1.0,1.0,1.0,1.0,True,2021.06.09.14.50.36_veh-26_02826_02955,0,1623267545.699527,664429.6773936802,3996285.5212186463,664421.2692130537,3996284.9193713223,1.0,"[5.0, 5.0, 2.0, 2.0, 2.0]",1.0
37a37c6486205360,1.0,1.0,1.0,1.0,1.0,1.0,1.0,1.0,1.0,True,2021.06.09.14.50.36_veh-26_02826_02955,0,1623267628.699607,664486.2956919374,3996316.544082793,664467.1166028081,3996289.1686559725,,"[5.0, 5.0, 2.0, 2.0, 0.0]",1.0
3c34952a5b2a549e,1.0,1.0,1.0,1.0,1.0,1.0,1.0,1.0,1.0,True,2021.06.09.14.50.36_veh-26_02826_02955,0,1623267549.1995668,664428.5035843323,3996285.4314530417,664428.449756201,3996285.4610258373,0.0,"[5.0, 5.0, 2.0, 2.0, 2.0]",0.875
43e443ef433256ae,1.0,1.0,1.0,1.0,0.9416699959039023,1.0,1.0,1.0,0.9791678556799651,True,2021.06.09.14.50.36_veh-26_02826_02955,0,1623267546.6995668,664429.0829242099,3996285.448518763,664424.5678775322,3996285.1494283387,0.0,"[5.0, 5.0, 2.0, 2.0, 2.0]",0.8567718737199694
5385779df4685a12,1.0,1.0,1.0,1.0,1.0,1.0,1.0,1.0,1.0,True,2021.06.09.14.50.36_veh-26_02826_02955,0,1623267548.1994178,664428.950697841,3996285.4733545487,664427.428999433,3996285.404137392,1.0,"[5.0, 5.0, 2.0, 2.0, 2.0]",1.0
58be05020c705538,1.0,1.0,1.0,1.0,1.0,1.0,1.0,0.0,0.8571428571428571,True,2021.06.09.14.50.36_veh-26_02826_02955,0,1623267623.699431,664460.037224153,3996287.709961603,664431.3037828942,3996285.6121316566,1.0,"[5.0, 5.0, 2.0, 2.0, 2.0]",0.875
78f9d78599da56f0,1.0,1.0,1.0,1.0,1.0,1.0,1.0,1.0,1.0,True,2021.06.09.14.50.36_veh-26_02826_02955,0,1623267547.1996129,664428.9146845875,3996285.459873352,664425.7799600663,3996285.256206898,1.0,"[5.0, 5.0, 2.0, 2.0, 2.0]",1.0
88bc213aa3495b88,1.0,1.0,1.0,1.0,1.0,1.0,1.0,1.0,1.0,True,2021.06.09.14.50.36_veh-26_02826_02955,0,1623267542.699321,664425.8784205415,3996285.261143551,664406.6902238632,3996283.970247684,,"[5.0, 5.0, 2.0, 2.0, 0.0]",1.0
927258a11f395044,1.0,1.0,1.0,1.0,1.0,1.0,1.0,1.0,1.0,True,2021.06.09.14.50.36_veh-26_02826_02955,0,1623267546.19959,664429.4376376603,3996285.4993664683,664423.0595274026,3996285.0326561113,1.0,"[5.0, 5.0, 2.0, 2.0, 2.0]",1.0
96d3136946945a05,1.0,1.0,1.0,1.0,1.0,1.0,1.0,0.0,0.8571428571428571,True,2021.06.09.14.50.36_veh-26_02826_02955,0,1623267630.699528,664486.4267717,3996338.0053898455,664480.692380749,3996298.120532524,0.0,"[5.0, 5.0, 2.0, 2.0, 2.0]",0.75
9915a6132edb5b6f,1.0,1.0,1.0,1.0,1.0,1.0,1.0,0.0,0.8571428571428571,True,2021.06.09.14.50.36_veh-26_02826_02955,0,1623267622.199409,664447.4358104928,3996286.6734038084,664428.6216110266,3996285.4387643216,,"[5.0, 5.0, 2.0, 2.0, 0.0]",0.8571428571428571
9b7196827b5859df,1.0,1.0,1.0,1.0,1.0,1.0,1.0,1.0,1.0,True,2021.06.09.14.50.36_veh-26_02826_02955,0,1623267629.199609,664485.9215688936,3996321.0566290873,664471.0328358249,3996290.5763997464,0.0,"[5.0, 5.0, 2.0, 2.0, 2.0]",0.875
b02f4daf44f952d5,1.0,1.0,1.0,1.0,1.0,1.0,1.0,0.0,0.8571428571428571,True,2021.06.09.14.50.36_veh-26_02826_02955,0,1623267623.1994748,664455.3610828014,3996287.2334030992,664429.7698478969,3996285.5127325426,1.0,"[5.0, 5.0, 2.0, 2.0, 2.0]",0.875
bd40634c00f1577c,1.0,1.0,1.0,1.0,1.0,1.0,1.0,1.0,1.0,True,2021.06.09.14.50.36_veh-26_02826_02955,0,1623267543.699456,664428.0579138922,3996285.402989298,664411.8361372645,3996284.3058729423,1.0,"[5.0, 5.0, 2.0, 2.0, 2.0]",1.0
dd11bc3330605dfd,1.0,1.0,1.0,1.0,1.0,1.0,1.0,1.0,1.0,True,2021.06.09.14.50.36_veh-26_02826_02955,0,1623267631.199806,664486.1626636378,3996344.096975283,664482.838335361,3996301.8413901436,0.0,"[5.0, 5.0, 2.0, 2.0, 2.0]",0.875
e4d2a56f36c45c20,1.0,1.0,1.0,1.0,1.0,1.0,1.0,1.0,1.0,True,2021.06.09.14.50.36_veh-26_02826_02955,0,1623267544.199573,664428.5639680905,3996285.4417163245,664414.3899890574,3996284.4800445307,1.0,"[5.0, 5.0, 2.0, 2.0, 2.0]",1.0
ef5318b8d9285443,1.0,1.0,1.0,1.0,1.0,1.0,1.0,1.0,1.0,True,2021.06.09.14.50.36_veh-26_02826_02955,0,1623267629.6994178,664486.6296947161,3996326.6913025146,664474.688700263,3996292.504575024,0.0,"[5.0, 5.0, 2.0, 2.0, 2.0]",0.875
f17b89de6fc75614,1.0,1.0,1.0,1.0,1.0,1.0,1.0,1.0,1.0,True,2021.06.09.14.50.36_veh-26_02826_02955,0,1623267547.699539,664428.8114789774,3996285.452784208,664426.6970888305,3996285.343741725,1.0,"[5.0, 5.0, 2.0, 2.0, 2.0]",1.0
f954d393a5615fec,1.0,1.0,1.0,1.0,1.0,1.0,1.0,1.0,1.0,True,2021.06.09.14.50.36_veh-26_02826_02955,0,1623267545.1994278,664429.4212385537,3996285.5307927607,664419.2014321792,3996284.7963439464,1.0,"[5.0, 5.0, 2.0, 2.0, 2.0]",1.0
089b7c97ae005df7,1.0,1.0,1.0,1.0,0.8616985641916132,1.0,1.0,1.0,0.8077494872112904,True,2021.10.05.07.49.39_veh-52_00770_00905,0,1633421084.100503,365074.07669685606,143218.77926232576,365072.3282456946,143249.42966842637,1.0,"[5.0, 5.0, 2.0, 2.0, 2.0]",0.9567808013098791
16c70ee6d6485400,1.0,1.0,1.0,1.0,0.7280880697299676,1.0,1.0,1.0,0.9028885963321313,True,2021.10.05.07.49.39_veh-52_00770_00905,0,1633421080.600688,365072.1875072162,143245.24004224414,365075.38685649505,143272.54570216322,1.0,"[5.0, 5.0, 2.0, 2.0, 2.0]",0.9150275217906149
170594fe8be75468,1.0,1.0,1.0,1.0,0.8914011390040741,1.0,1.0,1.0,0.9612146925014551,True,2021.10.05.07.49.39_veh-52_00770_00905,0,1633421131.599979,365106.12646630855,143074.09400764285,365112.80683489365,143069.7015032999,,"[5.0, 5.0, 2.0, 2.0, 0.0]",0.9612146925014551
19c9d08888d65385,1.0,1.0,1.0,1.0,0.8072657111242724,1.0,1.0,1.0,0.9311663254015258,True,2021.10.05.07.49.39_veh-52_00770_00905,0,1633421089.6000519,365085.58320660633,143176.3006362223,365076.1645491474,143207.62895754763,1.0,"[5.0, 5.0, 2.0, 2.0, 2.0]",0.9397705347263351
1c3d27d5767e506d,1.0,1.0,1.0,1.0,0.8119923745291204,1.0,1.0,1.0,0.9328544194746858,True,2021.10.05.07.49.39_veh-52_00770_00905,0,1633421127.099886,365113.54526821466,143069.0389276371,365126.0433467498,143073.25089121997,1.0,"[5.0, 5.0, 2.0, 2.0, 2.0]",0.9412476170403501
1d9ee8399cf55f9d,1.0,1.0,1.0,1.0,1.0,1.0,1.0,1.0,1.0,True,2021.10.05.07.49.39_veh-52_00770_00905,0,1633421021.60016,365207.6056124532,143498.83274080147,365221.19864530285,143493.20485164475,1.0,"[5.0, 5.0, 2.0, 2.0, 2.0]",1.0
20d97d183741595d,1.0,1.0,1.0,1.0,0.9641577988070872,1.0,1.0,1.0,0.987199213859674,True,2021.10.05.07.49.39_veh-52_00770_00905,0,1633421024.099557,365206.7150593666,143499.25163325635,365211.95604545576,143497.02740824432,1.0,"[5.0, 5.0, 2.0, 2.0, 2.0]",0.9887993121272147
24f4c4b3cc8554aa,1.0,1.0,1.0,1.0,0.7044300283597322,1.0,1.0,1.0,0.8944392958427615,True,2021.10.05.07.49.39_veh-52_00770_00905,0,1633421125.599947,365117.87699673796,143068.1975035478,365130.33247509366,143078.6279694737,,"[5.0, 5.0, 2.0, 2.0, 0.0]",0.8944392958427615
25ef4e856bab540e,1.0,1.0,1.0,1.0,0.8222295805426353,1.0,1.0,1.0,0.9365105644795125,True,2021.10.05.07.49.39_veh-52_00770_00905,0,1633421092.600344,365092.0769013837,143161.19364257526,365082.6901716443,143184.21738296814,1.0,"[5.0, 5.0, 2.0, 2.0, 2.0]",0.9444467439195735
261221d5c5fc5fa7,1.0,1.0,1.0,1.0,0.8231751009374705,1.0,1.0,1.0,0.9368482503348109,True,2021.10.05.07.49.39_veh-52_00770_00905,0,1633421043.599948,365170.119097129,143500.36444421925,365187.0785923844,143507.14245058075,1.0,"[5.0, 5.0, 2.0, 2.0, 2.0]",0.9447422190429595
278bbdb04c555733,1.0,1.0,1.0,1.0,0.7599677417113888,1.0,0.0,1.0,0.7714170506112102,True,2021.10.05.07.49.39_veh-52_00770_00905,0,1633421081.6000319,365072.1371997363,143238.60434318017,365074.03569712775,143265.6504083479,1.0,"[5.0, 5.0, 2.0, 2.0, 2.0]",0.799989919284809
282c1d78530d593f,1.0,1.0,1.0,1.0,0.8778741457620372,1.0,1.0,1.0,0.8135264806292989,True,2021.10.05.07.49.39_veh-52_00770_00905,0,1633421084.600412,365074.7791178776,143214.7211836709,365072.24015606806,143246.13314574736,1.0,"[5.0, 5.0, 2.0, 2.0, 2.0]",0.9618356705506366
2c32ea8c5ef05290,1.0,1.0,1.0,1.0,1.0,1.0,1.0,1.0,1.0,True,2021.10.05.07.49.39_veh-52_00770_00905,0,1633421023.099789,365206.1129716623,143499.4653117108,365215.20263740176,143495.6973853941,1.0,"[5.0, 5.0, 2.0, 2.0, 2.0]",1.0
2f1560380fb05985,1.0,1.0,1.0,1.0,0.9931399896304263,1.0,1.0,1.0,0.9975499962965808,True,2021.10.05.07.49.39_veh-52_00770_00905,0,1633421023.599678,365206.5886485962,143499.27272055502,365213.4668809103,143496.4048501154,1.0,"[5.0, 5.0, 2.0, 2.0, 2.0]",0.9978562467595082
310a3ad9c0cf5eb6,1.0,1.0,1.0,1.0,1.0,1.0,1.0,1.0,1.0,True,2021.10.05.07.49.39_veh-52_00770_00905,0,1633421022.5999758,365206.5892376264,143499.27488798383,365217.11886405677,143494.89731687531,1.0,"[5.0, 5.0, 2.0, 2.0, 2.0]",1.0
334e0e5d1a825334,1.0,1.0,1.0,1.0,0.7818662069199857,1.0,1.0,1.0,0.779237931042852,True,2021.10.05.07.49.39_veh-52_00770_00905,0,1633421076.6002738,365074.8894810276,143271.29260352792,365085.17315068486,143302.98918601373,1.0,"[5.0, 5.0, 2.0, 2.0, 2.0]",0.9318331896624955
36bae31710bc5917,1.0,1.0,1.0,1.0,0.635829063985636,1.0,1.0,1.0,0.8699389514234415,True,2021.10.05.07.49.39_veh-52_00770_00905,0,1633421123.099896,365125.476876478,143072.26400271282,365137.1970722246,143090.01092280337,1.0,"[5.0, 5.0, 2.0, 2.0, 2.0]",0.8861965824955113
38ef1d6a2da75115,1.0,1.0,1.0,1.0,0.839769334231533,1.0,1.0,1.0,0.9427747622255475,True,2021.10.05.07.49.39_veh-52_00770_00905,0,1633421090.599709,365088.1046534647,143170.11458210685,365078.03690616414,143199.48354819612,1.0,"[5.0, 5.0, 2.0, 2.0, 2.0]",0.949927916947354
3d18f6f0700f5a7b,1.0,1.0,1.0,1.0,1.0,1.0,1.0,1.0,1.0,True,2021.10.05.07.49.39_veh-52_00770_00905,0,1633421036.599622,365197.222760425,143503.3364578311,365206.9995696832,143499.12233160375,,"[5.0, 5.0, 2.0, 2.0, 0.0]",1.0
43344715c88b50bc,1.0,1.0,1.0,1.0,0.7617651217628676,1.0,1.0,1.0,0.772058972058167,True,2021.10.05.07.49.39_veh-52_00770_00905,0,1633421078.099601,365073.19213877287,143260.95490950203,365080.7510540755,143291.2579414336,1.0,"[5.0, 5.0, 2.0, 2.0, 2.0]",0.9255516005508961
44ff523a46c05629,1.0,1.0,1.0,1.0,0.7557063342446673,1.0,1.0,1.0,0.9127522622302384,True,2021.10.05.07.49.39_veh-52_00770_00905,0,1633421122.6001098,365126.72910961515,143073.57749900778,365138.0923206077,143092.25558301815,1.0,"[5.0, 5.0, 2.0, 2.0, 2.0]",0.9236582294514586
45024816c0275064,1.0,1.0,1.0,1.0,0.7364557617093265,1.0,1.0,1.0,0.763019914896188,True,2021.10.05.07.49.39_veh-52_00770_00905,0,1633421081.100365,365072.1652338709,143242.2486803905,365074.6575859203,143269.0330364438,1.0,"[5.0, 5.0, 2.0, 2.0, 2.0]",0.9176424255341645
4b9cb144a34f517d,1.0,1.0,1.0,1.0,0.7537633721666323,1.0,1.0,1.0,0.7692012043452259,True,2021.10.05.07.49.39_veh-52_00770_00905,0,1633421078.5996099,365072.76339415874,143257.74256407563,365079.45930969476,143287.43712017784,1.0,"[5.0, 5.0, 2.0, 2.0, 2.0]",0.9230510538020726
4dc05b556a2657fa,1.0,1.0,1.0,1.0,0.7358999752657756,1.0,0.0,1.0,0.762821419737777,True,2021.10.05.07.49.39_veh-52_00770_00905,0,1633421079.0999339,365072.57566260017,143255.02186698982,365078.2663612486,143283.65946695078,1.0,"[5.0, 5.0, 2.0, 2.0, 2.0]",0.7924687422705549
4dcfadf46bc25e5e,1.0,1.0,1.0,1.0,0.8234414402947264,1.0,1.0,1.0,0.9369433715338309,True,2021.10.05.07.49.39_veh-52_00770_00905,0,1633421091.600097,365090.11042258923,143165.35422708877,365080.22777369496,143191.67470780012,1.0,"[5.0, 5.0, 2.0, 2.0, 2.0]",0.9448254500921021
4e9c5280dadd5f24,1.0,1.0,1.0,1.0,0.886890747556362,1.0,1.0,1.0,0.8167466955558436,True,2021.10.05.07.49.39_veh-52_00770_00905,0,1633421085.100136,365075.5253115673,143210.66336885784,365072.2263438313,143242.80196797033,1.0,"[5.0, 5.0, 2.0, 2.0, 2.0]",0.9646533586113631
4fd253304da7581e,1.0,1.0,1.0,1.0,0.8354352803321434,1.0,1.0,1.0,0.9412268858329084,True,2021.10.05.07.49.39_veh-52_00770_00905,0,1633421092.10039,365091.0882614693,143163.23597666464,365081.4425843036,143187.90610908996,1.0,"[5.0, 5.0, 2.0, 2.0, 2.0]",0.9485735251037948
5224265091a55a68,1.0,1.0,1.0,1.0,0.9969941975939696,1.0,1.0,1.0,0.9989264991407035,True,2021.10.05.07.49.39_veh-52_00770_00905,0,1633421128.5995178,365110.4071335536,143070.4507401563,365121.7698858655,143069.81726029335,0.0,"[5.0, 5.0, 2.0, 2.0, 2.0]",0.8740606867481155
566e8d71b2da589a,1.0,1.0,1.0,1.0,1.0,1.0,1.0,1.0,1.0,True,2021.10.05.07.49.39_veh-52_00770_00905,0,1633421106.099519,365105.693422939,143138.41756164152,365099.5887131455,143146.33100911288,,"[5.0, 5.0, 2.0, 2.0, 0.0]",1.0
58d478dd02905d2e,1.0,1.0,1.0,1.0,0.8662295247670989,1.0,1.0,1.0,0.9522248302739639,True,2021.10.05.07.49.39_veh-52_00770_00905,0,1633421132.099757,365105.91061257984,143074.349967004,365111.75144371873,143070.20365924266,0.0,"[5.0, 5.0, 2.0, 2.0, 2.0]",0.8331967264897184
594cd290a93f538a,1.0,1.0,1.0,1.0,0.9072717539128546,1.0,1.0,1.0,0.9668827692545909,True,2021.10.05.07.49.39_veh-52_00770_00905,0,1633421024.599706,365207.01767432643,143499.1240795586,365210.5905982029,143497.60340463038,1.0,"[5.0, 5.0, 2.0, 2.0, 2.0]",0.9710224230977671
5d64663f086f5773,1.0,1.0,1.0,1.0,1.0,1.0,1.0,1.0,1.0,True,2021.10.05.07.49.39_veh-52_00770_00905,0,1633421129.600204,365109.0278657954,143071.75242176332,365118.5428946112,143068.78219332284,0.0,"[5.0, 5.0, 2.0, 2.0, 2.0]",0.875
6033b22b61b55675,1.0,1.0,1.0,1.0,0.679186244642957,1.0,1.0,1.0,0.885423658801056,True,2021.10.05.07.49.39_veh-52_00770_00905,0,1633421126.100153,365116.3874355652,143068.3617634215,365128.83388074295,143076.6447657944,1.0,"[5.0, 5.0, 2.0, 2.0, 2.0]",0.899745701450924
6a5e2d6a365e51e3,1.0,1.0,1.0,1.0,1.0,1.0,1.0,1.0,1.0,True,2021.10.05.07.49.39_veh-52_00770_00905,0,1633421037.600256,365193.15294669766,143505.19226262489,365206.2898184198,143499.42394999057,1.0,"[5.0, 5.0, 2.0, 2.0, 2.0]",1.0
7081f406cf8352ad,1.0,1.0,1.0,1.0,0.8097893364012094,1.0,1.0,1.0,0.932067620143289,True,2021.10.05.07.49.39_veh-52_00770_00905,0,1633421088.600664,365083.012062465,143182.85980105368,365074.6341369575,143215.94833320586,1.0,"[5.0, 5.0, 2.0, 2.0, 2.0]",0.940559167625378
72ca346213465d94,1.0,1.0,1.0,1.0,0.7335033702528819,1.0,1.0,1.0,0.904822632233172,True,2021.10.05.07.49.39_veh-52_00770_00905,0,1633421121.6001348,365130.51529105735,143078.33652986513,365139.0026031202,143096.63903233234,,"[5.0, 5.0, 2.0, 2.0, 0.0]",0.904822632233172
7502b22480435c30,1.0,1.0,1.0,1.0,0.8311980038707028,1.0,1.0,1.0,0.7968564299538224,True,2021.10.05.07.49.39_veh-52_00770_00905,0,1633421087.6003408,365080.49496719026,143190.61259759264,365073.42458395875,143224.17693952593,1.0,"[5.0, 5.0, 2.0, 2.0, 2.0]",0.9472493762095946
79433fe543ae5e50,1.0,1.0,1.0,1.0,0.789419180140531,1.0,1.0,1.0,0.781935421478761,True,2021.10.05.07.49.39_veh-52_00770_00905,0,1633421076.100389,365075.8001133846,143274.96965982797,365086.7946275054,143306.99434037582,1.0,"[5.0, 5.0, 2.0, 2.0, 2.0]",0.9341934937939159
7ac722bce1da568e,1.0,1.0,1.0,1.0,0.780537886419737,1.0,1.0,1.0,0.9216206737213346,True,2021.10.05.07.49.39_veh-52_00770_00905,0,1633421126.600077,365115.010859899,143068.56289754927,365127.40333288984,143074.844318772,1.0,"[5.0, 5.0, 2.0, 2.0, 2.0]",0.9314180895061678
7f7a0a36daf65495,1.0,1.0,1.0,1.0,0.7920213067979046,1.0,1.0,1.0,0.782864752427823,True,2021.10.05.07.49.39_veh-52_00770_00905,0,1633421075.6001608,365076.79145147454,143278.910018871,365088.45248612465,143310.99456577384,,"[5.0, 5.0, 2.0, 2.0, 0.0]",0.9257218952849658
7f7fa83384215a69,1.0,1.0,1.0,1.0,0.7037040437246742,1.0,1.0,1.0,0.8941800156159551,True,2021.10.05.07.49.39_veh-52_00770_00905,0,1633421120.099437,365134.71172901295,143084.69582836394,365137.4251848618,143103.40589512256,0.0,"[5.0, 5.0, 2.0, 2.0, 2.0]",0.7824075136639607
83422f60bebd506c,1.0,1.0,1.0,1.0,0.81657627945818,1.0,1.0,1.0,0.9344915283779215,True,2021.10.05.07.49.39_veh-52_00770_00905,0,1633421089.1003408,365084.463927667,143179.18984478439,365075.3616537086,143211.7775907595,1.0,"[5.0, 5.0, 2.0, 2.0, 2.0]",0.9426800873306813
83bc7727c42c5a0f,1.0,1.0,1.0,1.0,0.8366876019983637,1.0,1.0,1.0,0.9416741435708441,True,2021.10.05.07.49.39_veh-52_00770_00905,0,1633421044.599591,365167.408431449,143495.298267172,365183.27612190304,143507.41294030234,,"[5.0, 5.0, 2.0, 2.0, 0.0]",0.9416741435708441
85d8f4b6752152e2,1.0,1.0,1.0,1.0,0.7830864015452386,1.0,1.0,1.0,0.7796737148375852,True,2021.10.05.07.49.39_veh-52_00770_00905,0,1633421082.0997238,365072.3497495352,143234.870329629,365073.5246703298,143262.3591674562,1.0,"[5.0, 5.0, 2.0, 2.0, 2.0]",0.932214500482887
86ac4c5dc3e756cf,1.0,1.0,1.0,1.0,1.0,1.0,1.0,1.0,1.0,True,2021.10.05.07.49.39_veh-52_00770_00905,0,1633421022.100172,365206.774107075,143499.1932414484,365219.11402826564,143494.07154419186,1.0,"[5.0, 5.0, 2.0, 2.0, 2.0]",1.0
876d2dd881f55f91,1.0,1.0,1.0,1.0,0.642657916667454,1.0,1.0,1.0,0.8723778273812336,True,2021.10.05.07.49.39_veh-52_00770_00905,0,1633421123.5998578,365124.02825098654,143070.77463326798,365136.06790137605,143087.6867759689,1.0,"[5.0, 5.0, 2.0, 2.0, 2.0]",0.8883305989585794
87c7d995609e51c9,1.0,1.0,1.0,1.0,0.7109225351777164,1.0,1.0,1.0,0.8967580482777558,True,2021.10.05.07.49.39_veh-52_00770_00905,0,1633421120.599606,365133.4229873778,143082.39518258243,365138.33581775,143101.18825732276,0.0,"[5.0, 5.0, 2.0, 2.0, 2.0]",0.7846632922430363
8c1c77e3c8a35388,1.0,1.0,1.0,1.0,0.8393633104254445,1.0,1.0,1.0,0.7997726108662302,True,2021.10.05.07.49.39_veh-52_00770_00905,0,1633421083.600209,365073.4329075731,143223.22455430214,365072.5096356943,143252.7243782642,1.0,"[5.0, 5.0, 2.0, 2.0, 2.0]",0.9498010345079514
8c61ae7bb33b54ad,1.0,1.0,1.0,1.0,0.6958010712280724,1.0,1.0,1.0,0.8913575254385974,True,2021.10.05.07.49.39_veh-52_00770_00905,0,1633421119.5997179,365136.2385866316,143087.0132206832,365136.2405210261,143105.51640860955,0.0,"[5.0, 5.0, 2.0, 2.0, 2.0]",0.7799378347587727
8d40c021d3cb5fca,1.0,1.0,1.0,1.0,0.8038024780129875,1.0,1.0,1.0,0.9299294564332098,True,2021.10.05.07.49.39_veh-52_00770_00905,0,1633421043.100126,365171.87139380246,143502.59070394022,365188.8908150397,143506.74003062616,,"[5.0, 5.0, 2.0, 2.0, 0.0]",0.9299294564332098
8f4878c4dcf5558e,1.0,1.0,1.0,1.0,1.0,1.0,1.0,1.0,1.0,True,2021.10.05.07.49.39_veh-52_00770_00905,0,1633421025.6002479,365207.21108894434,143499.0461769155,365208.4693802542,143498.5026304149,1.0,"[5.0, 5.0, 2.0, 2.0, 2.0]",1.0
90679ae84c8b5d05,1.0,1.0,1.0,1.0,0.7301201669169992,1.0,1.0,1.0,0.9036143453274997,True,2021.10.05.07.49.39_veh-52_00770_00905,0,1633421133.600101,365105.3852265506,143074.78937687178,365109.5490579998,143071.53862995643,1.0,"[5.0, 5.0, 2.0, 2.0, 2.0]",0.9156625521615622
93fa17215ed5505c,1.0,1.0,1.0,1.0,0.7561649914540385,1.0,1.0,1.0,0.9129160683764423,True,2021.10.05.07.49.39_veh-52_00770_00905,0,1633421122.100323,365128.6818754732,143075.81227932687,365138.719090128,143094.42329992342,0.0,"[5.0, 5.0, 2.0, 2.0, 2.0]",0.798801559829387
97b9c6b0d3aa5e6b,1.0,1.0,1.0,1.0,1.0,1.0,1.0,1.0,1.0,True,2021.10.05.07.49.39_veh-52_00770_00905,0,1633421037.0999238,365194.8445785941,143504.42105408106,365206.73340315715,143499.23390710517,1.0,"[5.0, 5.0, 2.0, 2.0, 2.0]",1.0
97cd0485dadc5c44,1.0,1.0,1.0,1.0,0.9864621871180485,1.0,1.0,1.0,0.9951650668278743,True,2021.10.05.07.49.39_veh-52_00770_00905,0,1633421020.599767,365209.73592073563,143497.92879773938,365225.588070692,143491.38662549315,1.0,"[5.0, 5.0, 2.0, 2.0, 2.0]",0.9957694334743901
9c084095533b564c,1.0,1.0,1.0,1.0,0.8002801160636951,1.0,1.0,1.0,0.9286714700227482,True,2021.10.05.07.49.39_veh-52_00770_00905,0,1633421133.0997999,365105.63908664096,143074.64600514778,365110.21776880376,143071.08835085446,1.0,"[5.0, 5.0, 2.0, 2.0, 2.0]",0.9375875362699047
a0493e8185235ec7,1.0,1.0,1.0,1.0,1.0,1.0,1.0,1.0,1.0,True,2021.10.05.07.49.39_veh-52_00770_00905,0,1633421021.100044,365208.278656286,143498.5656306367,365223.3598535916,143492.31415246584,1.0,"[5.0, 5.0, 2.0, 2.0, 2.0]",1.0
a17b55560d22530f,1.0,1.0,1.0,1.0,1.0,1.0,1.0,1.0,1.0,True,2021.10.05.07.49.39_veh-52_00770_00905,0,1633421106.599606,365107.0694958115,143136.82677544502,365099.67572986323,143146.17268278118,1.0,"[5.0, 5.0, 2.0, 2.0, 2.0]",1.0
ae7aec1b18255951,1.0,1.0,1.0,1.0,1.0,1.0,1.0,1.0,1.0,True,2021.10.05.07.49.39_veh-52_00770_00905,0,1633421129.0999029,365109.68196439714,143071.2848223892,365120.1669907275,143069.1614597351,1.0,"[5.0, 5.0, 2.0, 2.0, 2.0]",1.0
aee6f2e930d550e1,1.0,1.0,1.0,1.0,0.9734025004895893,1.0,1.0,1.0,0.9905008930319961,True,2021.10.05.07.49.39_veh-52_00770_00905,0,1633421020.099624,365210.89090677496,143497.5132484977,365227.90820994234,143490.4328768611,,"[5.0, 5.0, 2.0, 2.0, 0.0]",0.9905008930319961
b2dffb44dcbd58e6,1.0,1.0,1.0,1.0,0.8160618186511412,1.0,1.0,1.0,0.9343077923754076,True,2021.10.05.07.49.39_veh-52_00770_00905,0,1633421090.099789,365086.7817939271,143173.0430702731,365077.0571091411,143203.52435178796,1.0,"[5.0, 5.0, 2.0, 2.0, 2.0]",0.9425193183284817
b64e4fd64ae55427,1.0,1.0,1.0,1.0,0.6931518051728519,1.0,1.0,1.0,0.8904113589903042,True,2021.10.05.07.49.39_veh-52_00770_00905,0,1633421119.1000319,365137.4273616748,143089.4211361818,365134.84513507533,143107.47624425526,1.0,"[5.0, 5.0, 2.0, 2.0, 2.0]",0.9041099391165162
b964d00130375a88,1.0,1.0,1.0,1.0,0.8622489981789043,1.0,1.0,1.0,0.8079460707781801,True,2021.10.05.07.49.39_veh-52_00770_00905,0,1633421086.599573,365078.275412253,143198.4824889755,365072.6012158866,143232.0086690035,1.0,"[5.0, 5.0, 2.0, 2.0, 2.0]",0.9569528119309076
bb22dd65cf5b51dd,1.0,1.0,1.0,1.0,0.8442477812551576,1.0,1.0,1.0,0.8015170647339849,True,2021.10.05.07.49.39_veh-52_00770_00905,0,1633421087.099947,365079.31947266334,143194.1111028041,365072.9555297657,143228.1644399793,1.0,"[5.0, 5.0, 2.0, 2.0, 2.0]",0.9513274316422368
c050331009ac5df2,1.0,1.0,1.0,1.0,0.827907434188961,1.0,1.0,1.0,0.7956812264960575,True,2021.10.05.07.49.39_veh-52_00770_00905,0,1633421045.0997999,365166.136827364,143492.55562154663,365181.2001381771,143507.1881043448,0.0,"[5.0, 5.0, 2.0, 2.0, 2.0]",0.8212210731840504
c0921d509e2c502d,1.0,1.0,1.0,1.0,1.0,1.0,1.0,1.0,1.0,True,2021.10.05.07.49.39_veh-52_00770_00905,0,1633421026.100379,365207.5232100335,143498.91344192153,365207.8686536984,143498.75669773555,1.0,"[5.0, 5.0, 2.0, 2.0, 2.0]",1.0
c0e018420a2359b3,1.0,1.0,1.0,1.0,0.8640608468491842,1.0,1.0,1.0,0.9514503024461372,True,2021.10.05.07.49.39_veh-52_00770_00905,0,1633421132.599599,365105.5837277743,143074.60655947632,365110.9174453682,143070.66370231923,1.0,"[5.0, 5.0, 2.0, 2.0, 2.0]",0.95751901464037
c77b059c1f3a5674,1.0,1.0,1.0,1.0,0.8694113780966914,1.0,1.0,1.0,0.8105040636059613,True,2021.10.05.07.49.39_veh-52_00770_00905,0,1633421085.5998318,365076.23238572344,143206.95610833628,365072.2596032396,143239.3377773146,1.0,"[5.0, 5.0, 2.0, 2.0, 2.0]",0.9591910556552161
c7d20bed29e95a90,1.0,1.0,1.0,1.0,1.0,1.0,1.0,1.0,1.0,True,2021.10.05.07.49.39_veh-52_00770_00905,0,1633421025.100057,365207.1334965958,143499.0820421206,365209.39277560025,143498.1163470987,1.0,"[5.0, 5.0, 2.0, 2.0, 2.0]",1.0
c876b08cdb7b50ef,1.0,1.0,1.0,1.0,0.8160682272490954,1.0,1.0,1.0,0.9343100811603912,True,2021.10.05.07.49.39_veh-52_00770_00905,0,1633421091.099812,365089.0201221947,143168.23989961352,365079.0803187924,143195.5311425256,1.0,"[5.0, 5.0, 2.0, 2.0, 2.0]",0.9425213210153423
d9a26b78907c5afa,1.0,1.0,1.0,1.0,0.7227610075061328,1.0,1.0,1.0,0.9009860741093332,True,2021.10.05.07.49.39_veh-52_00770_00905,0,1633421080.1007068,365072.1399584257,143248.58192219987,365076.2405254042,143276.1967078638,1.0,"[5.0, 5.0, 2.0, 2.0, 2.0]",0.9133628148456665
db9df85eaa605bd1,1.0,1.0,1.0,1.0,0.7033034561989917,1.0,1.0,1.0,0.8940369486424969,True,2021.10.05.07.49.39_veh-52_00770_00905,0,1633421118.6003518,365138.23377897765,143091.83187247333,365133.3060523056,143109.26328267748,,"[5.0, 5.0, 2.0, 2.0, 0.0]",0.8940369486424969
dc5adf1f1c2e5567,1.0,1.0,1.0,1.0,0.8369442874082934,1.0,1.0,1.0,0.9417658169315334,True,2021.10.05.07.49.39_veh-52_00770_00905,0,1633421047.600024,365159.4999857838,143476.47141370503,365170.77935408044,143500.67295356942,,"[5.0, 5.0, 2.0, 2.0, 0.0]",0.9417658169315334
dccfde2da28d5dbe,1.0,1.0,1.0,1.0,0.8152404390999117,1.0,0.0,1.0,0.7911572996785399,True,2021.10.05.07.49.39_veh-52_00770_00905,0,1633421088.1007369,365081.728911375,143186.83193454446,365073.9940734933,143220.09376999302,1.0,"[5.0, 5.0, 2.0, 2.0, 2.0]",0.8172626372187224
dd73b1a1de5253b0,1.0,1.0,1.0,1.0,0.8716410059096595,1.0,1.0,1.0,0.8113003592534499,True,2021.10.05.07.49.39_veh-52_00770_00905,0,1633421086.099506,365077.20817345165,143202.2059471931,365072.3793653991,143235.72172715573,1.0,"[5.0, 5.0, 2.0, 2.0, 2.0]",0.9598878143467686
dd9d8e686a345f74,1.0,1.0,1.0,1.0,0.7582932684742834,1.0,1.0,1.0,0.7708190244551012,True,2021.10.05.07.49.39_veh-52_00770_00905,0,1633421077.599792,365073.86387702037,143264.78874161476,365082.13491659856,143295.11359116156,1.0,"[5.0, 5.0, 2.0, 2.0, 2.0]",0.9244666463982135
e447ace78361537e,1.0,1.0,1.0,1.0,1.0,1.0,1.0,1.0,1.0,True,2021.10.05.07.49.39_veh-52_00770_00905,0,1633421128.0994818,365111.1142765811,143070.0515757389,365123.2821381265,143070.72750693155,,"[5.0, 5.0, 2.0, 2.0, 0.0]",1.0
ee7343c491db5537,1.0,1.0,1.0,1.0,0.7694329131688705,1.0,1.0,1.0,0.7747974689888822,True,2021.10.05.07.49.39_veh-52_00770_00905,0,1633421077.100014,365074.48946613114,143267.95956958752,365083.6148862457,143299.01262905763,1.0,"[5.0, 5.0, 2.0, 2.0, 2.0]",0.927947785365272
f062fb353fc1540f,1.0,1.0,1.0,1.0,0.8580864619770644,1.0,1.0,1.0,0.9493165935632373,True,2021.10.05.07.49.39_veh-52_00770_00905,0,1633421130.100528,365108.350340849,143072.3032180317,365116.9601453759,143068.69780341024,0.0,"[5.0, 5.0, 2.0, 2.0, 2.0]",0.8306520193678326
fac63ed354f95c7b,1.0,1.0,1.0,1.0,0.7222832163827002,1.0,1.0,1.0,0.9008154344223929,True,2021.10.05.07.49.39_veh-52_00770_00905,0,1633421079.600335,365072.4329236163,143251.99981991464,365077.1887576873,143279.9161113352,1.0,"[5.0, 5.0, 2.0, 2.0, 2.0]",0.9132135051195938
fe1838e14f915f8f,1.0,1.0,1.0,1.0,0.8270944832056648,1.0,1.0,1.0,0.795390886859166,True,2021.10.05.07.49.39_veh-52_00770_00905,0,1633421083.0999079,365072.8589246105,143227.17934775876,365072.769134529,143255.94333795912,,"[5.0, 5.0, 2.0, 2.0, 0.0]",0.9382480297163089
0b6d1ed507635a6e,1.0,1.0,1.0,1.0,0.9732909361275724,1.0,1.0,1.0,0.9904610486169901,True,2021.10.01.17.52.06_veh-28_01141_01264,0,1633112120.7997289,332844.2708898559,4690245.029925792,332804.17864864756,4690245.412801038,1.0,"[5.0, 5.0, 2.0, 2.0, 2.0]",0.9916534175398664
1753352ab8255c21,1.0,1.0,1.0,1.0,0.9723790877599169,1.0,1.0,1.0,0.9901353884856847,True,2021.10.01.17.52.06_veh-28_01141_01264,0,1633112109.299623,332749.75749233674,4690252.700975713,332737.7449831833,4690238.986230166,1.0,"[5.0, 5.0, 2.0, 2.0, 2.0]",0.9913684649249741
1d85875eaf9c5a3f,1.0,1.0,1.0,1.0,0.8315310153712696,1.0,1.0,1.0,0.9398325054897391,True,2021.10.01.17.52.06_veh-28_01141_01264,0,1633112107.299686,332741.85320654255,4690245.21053322,332737.04720555275,4690237.975294595,1.0,"[5.0, 5.0, 2.0, 2.0, 2.0]",0.9473534423035217
3797925f74955b28,1.0,1.0,1.0,1.0,0.9531601533634546,1.0,1.0,1.0,0.983271483344091,True,2021.10.01.17.52.06_veh-28_01141_01264,0,1633112118.799705,332824.06861562666,4690244.703762141,332786.2655285356,4690247.692001253,1.0,"[5.0, 5.0, 2.0, 2.0, 2.0]",0.9853625479260796
3847daeaf69250c1,1.0,1.0,1.0,1.0,0.7560059407956425,1.0,1.0,1.0,0.9128592645698722,True,2021.10.01.17.52.06_veh-28_01141_01264,0,1633112111.299566,332760.52731707785,4690253.922363623,332741.7002125594,4690244.934619306,,"[5.0, 5.0, 2.0, 2.0, 0.0]",0.9128592645698722
3c7e47f60864523a,1.0,1.0,1.0,1.0,0.8956856013593587,1.0,1.0,1.0,0.9627448576283424,True,2021.10.01.17.52.06_veh-28_01141_01264,0,1633112113.799556,332779.2164412174,4690249.521677883,332751.65191343037,4690253.001812106,0.0,"[5.0, 5.0, 2.0, 2.0, 2.0]",0.8424017504247996
3de980a9cef75550,1.0,1.0,1.0,1.0,0.9571552296445653,1.0,1.0,1.0,0.9846982963016304,True,2021.10.01.17.52.06_veh-28_01141_01264,0,1633112118.299495,332819.4550452463,4690244.594094668,332782.1451678781,4690248.495652518,,"[5.0, 5.0, 2.0, 2.0, 0.0]",0.9846982963016304
4b66fd3a626b5be8,1.0,1.0,1.0,1.0,1.0,1.0,1.0,1.0,1.0,True,2021.10.01.17.52.06_veh-28_01141_01264,0,1633112108.799654,332747.3073189509,4690251.08097525,332737.27544316393,4690238.309710023,1.0,"[5.0, 5.0, 2.0, 2.0, 2.0]",1.0
4c2f4189a319584d,1.0,1.0,1.0,1.0,0.7030539622988335,1.0,1.0,1.0,0.8939478436781548,True,2021.10.01.17.52.06_veh-28_01141_01264,0,1633112106.7996578,332740.8877426461,4690243.76684949,332737.0872869545,4690238.007190537,,"[5.0, 5.0, 2.0, 2.0, 0.0]",0.8939478436781548
4d431311516d5e88,1.0,1.0,1.0,1.0,1.0,1.0,1.0,1.0,1.0,True,2021.10.01.17.52.06_veh-28_01141_01264,0,1633112107.79952,332743.5931153635,4690247.523429916,332737.02567487187,4690237.938915281,0.0,"[5.0, 5.0, 2.0, 2.0, 2.0]",0.875
51f7835e4ba057be,1.0,1.0,1.0,1.0,0.826529197981593,1.0,1.0,1.0,0.9380461421362831,True,2021.10.01.17.52.06_veh-28_01141_01264,0,1633112112.799486,332770.9825864343,4690251.2234391365,332746.8913615859,4690250.515622228,0.0,"[5.0, 5.0, 2.0, 2.0, 2.0]",0.8207903743692477
7e02b53ea6ba556a,1.0,1.0,1.0,1.0,0.9782102052757664,1.0,1.0,1.0,0.9922179304556309,True,2021.10.01.17.52.06_veh-28_01141_01264,0,1633112119.799486,332834.98486374284,4690244.879746505,332794.9911112342,4690246.346889248,1.0,"[5.0, 5.0, 2.0, 2.0, 2.0]",0.993190689148677
7f12e4a7eb7e51c7,1.0,1.0,1.0,1.0,0.8020006192364276,1.0,1.0,1.0,0.9292859354415813,True,2021.10.01.17.52.06_veh-28_01141_01264,0,1633112112.299541,332767.6829652588,4690252.36632668,332744.89845466445,4690248.81550777,0.0,"[5.0, 5.0, 2.0, 2.0, 2.0]",0.8131251935113837
8d80fb7fefcd513b,1.0,1.0,1.0,1.0,1.0,1.0,1.0,1.0,1.0,True,2021.10.01.17.52.06_veh-28_01141_01264,0,1633112108.299556,332745.309039514,4690249.467013084,332737.0603175118,4690237.988921718,1.0,"[5.0, 5.0, 2.0, 2.0, 2.0]",1.0
93f4a7c97bf55154,1.0,1.0,1.0,1.0,0.7780546421347165,1.0,1.0,1.0,0.9207338007623987,True,2021.10.01.17.52.06_veh-28_01141_01264,0,1633112111.799675,332764.10924916033,4690253.198885386,332743.1741075106,4690246.919401712,1.0,"[5.0, 5.0, 2.0, 2.0, 2.0]",0.9306420756670989
962977e974885acd,1.0,1.0,1.0,1.0,0.841136361939742,1.0,1.0,1.0,0.9432629864070508,True,2021.10.01.17.52.06_veh-28_01141_01264,0,1633112073.299553,332595.0260728263,4690048.100110497,332586.62473446556,4690048.184575813,,"[5.0, 5.0, 2.0, 2.0, 0.0]",0.9432629864070508
9694f4c94c0c55bf,1.0,1.0,1.0,1.0,1.0,1.0,1.0,1.0,1.0,True,2021.10.01.17.52.06_veh-28_01141_01264,0,1633112074.299511,332599.6726523785,4690048.0902071595,332586.662603523,4690048.183600485,1.0,"[5.0, 5.0, 2.0, 2.0, 2.0]",1.0
97a3fc19fc7b508e,1.0,1.0,1.0,1.0,1.0,1.0,1.0,1.0,0.8571428571428571,True,2021.10.01.17.52.06_veh-28_01141_01264,0,1633112125.29967,332891.4209824281,4690248.175397401,332848.62257828086,4690245.165008051,1.0,"[5.0, 5.0, 2.0, 2.0, 2.0]",1.0
a43022f0434c530b,1.0,1.0,1.0,1.0,1.0,1.0,1.0,1.0,1.0,True,2021.10.01.17.52.06_veh-28_01141_01264,0,1633112075.299638,332605.3523814975,4690048.252599564,332587.59409888566,4690048.173347931,1.0,"[5.0, 5.0, 2.0, 2.0, 2.0]",1.0
aba976ffd9c451de,1.0,1.0,1.0,1.0,0.9588058749054559,1.0,1.0,1.0,0.9852878124662343,True,2021.10.01.17.52.06_veh-28_01141_01264,0,1633112075.799428,332608.1709369252,4690048.5713335965,332588.67453660886,4690048.16491383,1.0,"[5.0, 5.0, 2.0, 2.0, 2.0]",0.987126835907955
ac7799ea12475109,1.0,1.0,1.0,1.0,0.9703719775119739,1.0,1.0,1.0,0.9894185633971334,True,2021.10.01.17.52.06_veh-28_01141_01264,0,1633112119.299651,332829.80557428394,4690244.773935333,332790.5593334285,4690246.977230057,1.0,"[5.0, 5.0, 2.0, 2.0, 2.0]",0.9907412429724918
ae423ca6966757cf,1.0,1.0,1.0,1.0,1.0,1.0,1.0,1.0,0.8571428571428571,True,2021.10.01.17.52.06_veh-28_01141_01264,0,1633112124.799733,332886.0304770247,4690247.684949388,332843.57549908233,4690245.073586386,,"[5.0, 5.0, 2.0, 2.0, 0.0]",1.0
b1dfcdc2c85b536b,1.0,1.0,1.0,1.0,0.8606357526167789,1.0,1.0,1.0,0.9502270545059925,True,2021.10.01.17.52.06_veh-28_01141_01264,0,1633112113.299672,332774.8610970597,4690250.5763214035,332749.121414989,4690251.957334943,0.0,"[5.0, 5.0, 2.0, 2.0, 2.0]",0.8314486726927435
c3b1d706a2335cc9,1.0,1.0,1.0,1.0,1.0,1.0,1.0,1.0,1.0,True,2021.10.01.17.52.06_veh-28_01141_01264,0,1633112074.799715,332602.59391699324,4690048.1491965735,332586.93581177876,4690048.17928276,1.0,"[5.0, 5.0, 2.0, 2.0, 2.0]",1.0
cf1b07486b655b3a,1.0,1.0,1.0,1.0,1.0,1.0,1.0,1.0,0.8571428571428571,True,2021.10.01.17.52.06_veh-28_01141_01264,0,1633112125.7994359,332896.47233083204,4690248.620262489,332853.7098523712,4690245.309892889,1.0,"[5.0, 5.0, 2.0, 2.0, 2.0]",1.0
d72a31dfc0ec5e11,1.0,1.0,1.0,1.0,0.968493244464248,1.0,1.0,1.0,0.9887475873086601,True,2021.10.01.17.52.06_veh-28_01141_01264,0,1633112120.299562,332839.27434188855,4690245.074499354,332799.54160378955,4690245.82054493,1.0,"[5.0, 5.0, 2.0, 2.0, 2.0]",0.9901541388950775
e9be03d5069b52bc,1.0,1.0,1.0,1.0,0.9935472338320058,1.0,1.0,1.0,0.854838297797145,True,2021.10.01.17.52.06_veh-28_01141_01264,0,1633112126.299486,332901.1530813554,4690249.073330752,332858.8153724585,4690245.501293734,1.0,"[5.0, 5.0, 2.0, 2.0, 2.0]",0.9979835105725019
f4188f0f2c17514d,1.0,1.0,1.0,1.0,1.0,1.0,1.0,1.0,1.0,True,2021.10.01.17.52.06_veh-28_01141_01264,0,1633112073.7993898,332597.2603667255,4690048.139339137,332586.629391911,4690048.18437325,1.0,"[5.0, 5.0, 2.0, 2.0, 2.0]",1.0
0090af8e15415a95,1.0,1.0,1.0,1.0,0.8552372438846704,1.0,1.0,1.0,0.9482990156730965,True,2021.06.09.12.06.35_veh-35_01164_01494,0,1623256185.901147,664451.6650705102,3998439.06956275,664452.3185353419,3998410.146897174,,"[5.0, 5.0, 2.0, 2.0, 0.0]",0.9482990156730965
01d99dddfff055b4,1.0,1.0,1.0,1.0,1.0,1.0,1.0,1.0,1.0,True,2021.06.09.12.06.35_veh-35_01164_01494,0,1623256297.4009678,664472.9908758855,3998764.189318626,664469.6505967419,3998747.499612826,1.0,"[5.0, 5.0, 2.0, 2.0, 2.0]",1.0
02036a881c8757cd,1.0,1.0,1.0,1.0,0.889968134544454,1.0,1.0,1.0,0.9607029051944479,True,2021.06.09.12.06.35_veh-35_01164_01494,0,1623256228.90129,664449.7624346294,3998577.141426721,664449.0906634118,3998537.202800126,1.0,"[5.0, 5.0, 2.0, 2.0, 2.0]",0.9656150420451419
02831f0823a75275,1.0,1.0,1.0,1.0,0.8633938403023735,1.0,1.0,1.0,0.9512120858222762,True,2021.06.09.12.06.35_veh-35_01164_01494,0,1623256186.4013028,664451.6706868263,3998441.5530375624,664452.2473027788,3998414.4718199098,1.0,"[5.0, 5.0, 2.0, 2.0, 2.0]",0.9573105750944917
052f982083e859d7,1.0,1.0,1.0,1.0,0.8275114405375333,1.0,1.0,1.0,0.938396943049119,True,2021.06.09.12.06.35_veh-35_01164_01494,0,1623256241.901219,664461.3417932079,3998699.344300868,664457.053482445,3998663.4266163693,1.0,"[5.0, 5.0, 2.0, 2.0, 2.0]",0.9460973251679792
09909af20007564a,1.0,1.0,1.0,1.0,1.0,1.0,1.0,1.0,1.0,True,2021.06.09.12.06.35_veh-35_01164_01494,0,1623256193.900801,664451.349475255,3998456.372594886,664451.3754069436,3998453.017783746,1.0,"[5.0, 5.0, 2.0, 2.0, 2.0]",1.0
09a440cb0aeb567a,1.0,1.0,1.0,1.0,0.8879360533751073,1.0,1.0,1.0,0.9599771619196812,True,2021.06.09.12.06.35_veh-35_01164_01494,0,1623256247.400967,664467.5177377756,3998736.196625053,664463.1444075103,3998710.2746171514,1.0,"[5.0, 5.0, 2.0, 2.0, 2.0]",0.964980016679721
0a6a37e522035224,1.0,1.0,1.0,1.0,0.9518726315706286,1.0,1.0,1.0,0.9828116541323675,True,2021.06.09.12.06.35_veh-35_01164_01494,0,1623256313.9010708,664508.7344538551,3998900.3866322343,664496.8645260934,3998862.5011040717,1.0,"[5.0, 5.0, 2.0, 2.0, 2.0]",0.9849601973658215
1035c6107e4b52d3,1.0,1.0,1.0,1.0,0.9547481739857967,1.0,1.0,1.0,0.9838386335663559,True,2021.06.09.12.06.35_veh-35_01164_01494,0,1623256320.9008548,664529.2323601886,3998957.119871032,664516.9349562493,3998924.8243328813,1.0,"[5.0, 5.0, 2.0, 2.0, 2.0]",0.9858588043705614
108c162aabf552ba,1.0,1.0,1.0,1.0,0.9093066703841374,1.0,1.0,1.0,0.9676095251371919,True,2021.06.09.12.06.35_veh-35_01164_01494,0,1623256253.4007058,664469.3680114541,3998746.058485649,664468.4651080852,3998741.169109149,1.0,"[5.0, 5.0, 2.0, 2.0, 2.0]",0.9716583344950429
11d448d26126557f,1.0,1.0,1.0,1.0,0.8068649525051832,1.0,1.0,1.0,0.9310231973232798,True,2021.06.09.12.06.35_veh-35_01164_01494,0,1623256191.900497,664451.2907716247,3998456.9244395,664451.5104168574,3998446.632766916,1.0,"[5.0, 5.0, 2.0, 2.0, 2.0]",0.9396452976578697
12127170e93a53e9,1.0,1.0,1.0,1.0,0.821283726710088,1.0,1.0,1.0,0.9361727595393171,True,2021.06.09.12.06.35_veh-35_01164_01494,0,1623256380.9009469,664710.10354562,3999324.841661147,664700.5716745157,3999305.6629828536,,"[5.0, 5.0, 2.0, 2.0, 0.0]",0.9361727595393171
147c06dffbdb5bc4,1.0,1.0,1.0,1.0,0.9907315406183684,1.0,1.0,1.0,0.9966898359351316,True,2021.06.09.12.06.35_veh-35_01164_01494,0,1623256362.401407,664668.2684008331,3999241.6893095225,664652.617374987,3999210.879488219,1.0,"[5.0, 5.0, 2.0, 2.0, 2.0]",0.9971036064432401
1562991f98315d4d,1.0,1.0,1.0,1.0,0.8745709525890712,1.0,1.0,1.0,0.9552039116389539,True,2021.06.09.12.06.35_veh-35_01164_01494,0,1623256246.900832,664466.9807991717,3998733.498357768,664462.5201515958,3998706.317464798,,"[5.0, 5.0, 2.0, 2.0, 0.0]",0.9552039116389539
158eecf778cc5684,1.0,1.0,1.0,1.0,0.8737029186583338,1.0,1.0,1.0,0.9548938995208335,True,2021.06.09.12.06.35_veh-35_01164_01494,0,1623256229.901049,664450.3230459329,3998586.5516162408,664449.095612841,3998547.151098087,1.0,"[5.0, 5.0, 2.0, 2.0, 2.0]",0.9605321620807293
1cf2faa6760b5e05,1.0,1.0,1.0,1.0,1.0,1.0,1.0,1.0,1.0,True,2021.06.09.12.06.35_veh-35_01164_01494,0,1623256193.4006798,664451.3423417975,3998456.6741761114,664451.4026389266,3998451.690684984,1.0,"[5.0, 5.0, 2.0, 2.0, 2.0]",1.0
1d0ef99351a95bbb,1.0,1.0,1.0,1.0,0.9763446146485008,1.0,1.0,1.0,0.9915516480887503,True,2021.06.09.12.06.35_veh-35_01164_01494,0,1623256363.900277,664671.709770365,3999248.589184719,664659.0299895927,3999223.118410018,1.0,"[5.0, 5.0, 2.0, 2.0, 2.0]",0.9926076920776565
1d1a05de41555e8e,1.0,1.0,1.0,1.0,1.0,1.0,1.0,1.0,1.0,True,2021.06.09.12.06.35_veh-35_01164_01494,0,1623256321.400868,664530.3733389846,3998960.3578772116,664518.403385079,3998929.001222083,1.0,"[5.0, 5.0, 2.0, 2.0, 2.0]",1.0
244393f5bb9f567c,1.0,1.0,1.0,1.0,1.0,1.0,1.0,1.0,1.0,True,2021.06.09.12.06.35_veh-35_01164_01494,0,1623256294.9001799,664470.5700768038,3998752.3362019244,664469.2624115578,3998745.418697281,,"[5.0, 5.0, 2.0, 2.0, 0.0]",1.0
2450f437ff34588e,1.0,1.0,1.0,1.0,0.9710231290722067,1.0,1.0,1.0,0.9896511175257882,True,2021.06.09.12.06.35_veh-35_01164_01494,0,1623256311.9008589,664502.7048190078,3998881.979785043,664491.8707625107,3998844.229125522,1.0,"[5.0, 5.0, 2.0, 2.0, 2.0]",0.9909447278350646
27019672a76d5c98,1.0,1.0,1.0,1.0,0.9894864014594029,1.0,1.0,1.0,0.9962451433783581,True,2021.06.09.12.06.35_veh-35_01164_01494,0,1623256310.900617,664499.7384701789,3998872.4404106336,664489.4952445076,3998835.2523344913,1.0,"[5.0, 5.0, 2.0, 2.0, 2.0]",0.9967145004560634
270857aa66a15114,1.0,1.0,1.0,1.0,0.840993910509984,1.0,1.0,1.0,0.9432121108964228,True,2021.06.09.12.06.35_veh-35_01164_01494,0,1623256382.901093,664711.2086199357,3999327.0692201387,664705.8852774091,3999316.391290959,1.0,"[5.0, 5.0, 2.0, 2.0, 2.0]",0.9503105970343699
279398536da35c2b,1.0,1.0,1.0,1.0,0.876538714132566,1.0,1.0,1.0,0.9559066836187736,True,2021.06.09.12.06.35_veh-35_01164_01494,0,1623256248.401234,664468.1022582729,3998739.4793495424,664464.3093453888,3998717.7784356535,1.0,"[5.0, 5.0, 2.0, 2.0, 2.0]",0.9614183481664269
2bda22fbdbbb50a8,1.0,1.0,1.0,1.0,0.8271320548383555,1.0,1.0,1.0,0.9382614481565555,True,2021.06.09.12.06.35_veh-35_01164_01494,0,1623256242.400651,664461.9447873515,3998703.626033513,664457.5560003924,3998667.9738429673,1.0,"[5.0, 5.0, 2.0, 2.0, 2.0]",0.9459787671369861
2e524a06f4bc59e8,1.0,1.0,1.0,1.0,0.8136747301744912,1.0,1.0,1.0,0.933455260776604,True,2021.06.09.12.06.35_veh-35_01164_01494,0,1623256381.901265,664710.8704541611,3999326.4087434146,664703.3347862292,3999311.233974984,1.0,"[5.0, 5.0, 2.0, 2.0, 2.0]",0.9417733531795285
2fb80e8e9597522f,1.0,1.0,1.0,1.0,0.8882805938446008,1.0,1.0,1.0,0.9601002120873574,True,2021.06.09.12.06.35_veh-35_01164_01494,0,1623256229.401244,664450.0919501666,3998582.3916883846,664449.0715892772,3998542.1719304994,1.0,"[5.0, 5.0, 2.0, 2.0, 2.0]",0.9650876855764378
2fffb118c5535879,1.0,1.0,1.0,1.0,0.8777134376613066,1.0,1.0,1.0,0.9563262277361809,True,2021.06.09.12.06.35_veh-35_01164_01494,0,1623256247.901078,664467.7819010318,3998737.8573990413,664463.7410364624,3998714.062511588,1.0,"[5.0, 5.0, 2.0, 2.0, 2.0]",0.9617854492691583
31c10b004a0d5f1e,1.0,1.0,1.0,1.0,0.8494843786682864,1.0,1.0,1.0,0.9462444209529595,True,2021.06.09.12.06.35_veh-35_01164_01494,0,1623256244.900116,664464.965380622,3998722.5916615212,664460.1948987661,3998689.8422222314,1.0,"[5.0, 5.0, 2.0, 2.0, 2.0]",0.9529638683338395
32940e6a93e95fd5,1.0,1.0,1.0,1.0,1.0,1.0,1.0,1.0,1.0,True,2021.06.09.12.06.35_veh-35_01164_01494,0,1623256364.900133,664674.0727073129,3999253.354955883,664662.9954452402,3999231.025913845,1.0,"[5.0, 5.0, 2.0, 2.0, 2.0]",1.0
329eb6cc8c325f71,1.0,1.0,1.0,1.0,0.850061733778267,1.0,1.0,1.0,0.946450619206524,True,2021.06.09.12.06.35_veh-35_01164_01494,0,1623256187.90081,664451.5140110712,3998447.354697523,664452.0021181224,3998426.218041704,1.0,"[5.0, 5.0, 2.0, 2.0, 2.0]",0.9531442918057085
36a87f95e5a05e75,1.0,1.0,1.0,1.0,0.9719407810866851,1.0,1.0,1.0,0.9899788503881018,True,2021.06.09.12.06.35_veh-35_01164_01494,0,1623256340.901185,664596.3290069989,3999102.315572844,664585.5335977824,3999080.0920259603,1.0,"[5.0, 5.0, 2.0, 2.0, 2.0]",0.9912314940895891
3746d6f474565ca0,1.0,1.0,1.0,1.0,0.8198964409836669,1.0,1.0,1.0,0.9356773003513096,True,2021.06.09.12.06.35_veh-35_01164_01494,0,1623256243.399675,664463.2007513251,3998711.306668339,664458.5794662794,3998676.9077945207,1.0,"[5.0, 5.0, 2.0, 2.0, 2.0]",0.9437176378073959
3c0e5824b0785582,1.0,1.0,1.0,1.0,1.0,1.0,1.0,1.0,1.0,True,2021.06.09.12.06.35_veh-35_01164_01494,0,1623256192.900543,664451.3215581904,3998456.5673646634,664451.4227178883,3998450.132652372,1.0,"[5.0, 5.0, 2.0, 2.0, 2.0]",1.0
3c6c773db2f558e5,1.0,1.0,1.0,1.0,0.8632063005352215,1.0,1.0,1.0,0.9511451073340077,True,2021.06.09.12.06.35_veh-35_01164_01494,0,1623256187.400847,664451.5238607617,3998445.7457763823,664452.0962671933,3998422.5565820965,1.0,"[5.0, 5.0, 2.0, 2.0, 2.0]",0.9572519689172567
3f69fae28f2b5905,1.0,1.0,1.0,1.0,1.0,1.0,1.0,1.0,1.0,True,2021.06.09.12.06.35_veh-35_01164_01494,0,1623256299.401605,664476.0947920006,3998777.6007006355,664470.7303475582,3998753.066780761,,"[5.0, 5.0, 2.0, 2.0, 0.0]",1.0
3f83ff89a0b8508a,1.0,1.0,1.0,1.0,0.9621611650804008,1.0,1.0,1.0,0.9864861303858573,True,2021.06.09.12.06.35_veh-35_01164_01494,0,1623256312.4010599,664504.1191099745,3998886.3122655437,664493.0834944424,3998848.72642133,1.0,"[5.0, 5.0, 2.0, 2.0, 2.0]",0.9881753640876252
3fdaab2718695484,1.0,1.0,1.0,1.0,0.8788972975881547,1.0,1.0,1.0,0.9567490348529125,True,2021.06.09.12.06.35_veh-35_01164_01494,0,1623256186.901005,664451.5648507009,3998444.1560109314,664452.1811817564,3998418.624374883,1.0,"[5.0, 5.0, 2.0, 2.0, 2.0]",0.9621554054962984
42ba979bc4555510,1.0,1.0,1.0,1.0,1.0,1.0,1.0,1.0,1.0,True,2021.06.09.12.06.35_veh-35_01164_01494,0,1623256366.4007618,664676.6280737107,3999258.366910323,664667.8625112304,3999240.835918654,1.0,"[5.0, 5.0, 2.0, 2.0, 2.0]",1.0
433f5b72f4465952,1.0,1.0,1.0,1.0,0.9152434884064109,1.0,1.0,1.0,0.9697298172880038,True,2021.06.09.12.06.35_veh-35_01164_01494,0,1623256308.90058,664494.54301905,3998854.5527958684,664485.1882288652,3998817.8195000864,1.0,"[5.0, 5.0, 2.0, 2.0, 2.0]",0.9735135901270033
473469a94bd255b5,1.0,1.0,1.0,1.0,0.8909558386858677,1.0,1.0,1.0,0.9610556566735242,True,2021.06.09.12.06.35_veh-35_01164_01494,0,1623256384.4001038,664711.8469100215,3999328.253437527,664708.7778341178,3999322.189796256,1.0,"[5.0, 5.0, 2.0, 2.0, 2.0]",0.9659236995893337
48ff23d4f1d15802,1.0,1.0,1.0,1.0,1.0,1.0,1.0,1.0,1.0,True,2021.06.09.12.06.35_veh-35_01164_01494,0,1623256299.9013948,664476.8710288134,3998780.470766655,664471.1435825273,3998755.1857906026,1.0,"[5.0, 5.0, 2.0, 2.0, 2.0]",1.0
4aa20b4afd5d585e,1.0,1.0,1.0,1.0,0.9572586425539787,1.0,1.0,1.0,0.984735229483564,True,2021.06.09.12.06.35_veh-35_01164_01494,0,1623256252.400322,664469.329660346,3998745.9677839987,664467.9581225018,3998738.43324054,1.0,"[5.0, 5.0, 2.0, 2.0, 2.0]",0.9866433257981184
4b0684256b7c514b,1.0,1.0,1.0,1.0,0.9274902659638937,1.0,1.0,1.0,0.9741036664156763,True,2021.06.09.12.06.35_veh-35_01164_01494,0,1623256308.4009478,664493.3985035382,3998850.2494012867,664484.2096354377,3998813.693901965,1.0,"[5.0, 5.0, 2.0, 2.0, 2.0]",0.9773407081137168
4c353752376d5c25,1.0,1.0,1.0,1.0,0.9322155692373569,1.0,1.0,1.0,0.9757912747276275,True,2021.06.09.12.06.35_veh-35_01164_01494,0,1623256307.901315,664492.3090282264,3998845.936319945,664483.3004942018,3998809.748412102,0.0,"[5.0, 5.0, 2.0, 2.0, 2.0]",0.8538173653866741
50b0ab9dfc405cae,1.0,1.0,1.0,1.0,0.9316182987006438,1.0,1.0,1.0,0.9755779638216585,True,2021.06.09.12.06.35_veh-35_01164_01494,0,1623256251.900075,664469.2742375756,3998745.4530185126,664467.655662875,3998736.751968349,1.0,"[5.0, 5.0, 2.0, 2.0, 2.0]",0.9786307183439512
54ea093eed9f5c7f,1.0,1.0,1.0,1.0,0.886707500845836,1.0,1.0,1.0,0.9595383931592272,True,2021.06.09.12.06.35_veh-35_01164_01494,0,1623256230.401026,664450.6625180132,3998591.9279692178,664449.1558343067,3998552.101012533,1.0,"[5.0, 5.0, 2.0, 2.0, 2.0]",0.9645960940143238
55d627edf1c05c6c,1.0,1.0,1.0,1.0,1.0,1.0,1.0,1.0,1.0,True,2021.06.09.12.06.35_veh-35_01164_01494,0,1623256158.4009318,664458.2956903717,3998168.0220755255,664458.4742779285,3998152.242233819,1.0,"[5.0, 5.0, 2.0, 2.0, 2.0]",1.0
592e6aa71cc85423,1.0,1.0,1.0,1.0,1.0,1.0,1.0,1.0,1.0,True,2021.06.09.12.06.35_veh-35_01164_01494,0,1623256214.9013839,664451.0889459926,3998466.633527822,664451.1781028536,3998460.43030092,,"[5.0, 5.0, 2.0, 2.0, 0.0]",1.0
5980823125de5b77,1.0,1.0,1.0,1.0,0.8418953554083438,1.0,1.0,1.0,0.9435340555029799,True,2021.06.09.12.06.35_veh-35_01164_01494,0,1623256241.401404,664460.9065608707,3998695.7705491898,664456.5887005415,3998658.9360357863,,"[5.0, 5.0, 2.0, 2.0, 0.0]",0.9435340555029799
59cd72291d1b5c61,1.0,1.0,1.0,1.0,0.9901736963013015,1.0,1.0,1.0,0.9964906058218934,True,2021.06.09.12.06.35_veh-35_01164_01494,0,1623256339.901069,664594.5470735313,3999098.64928858,664581.8352536265,3999072.5312290336,1.0,"[5.0, 5.0, 2.0, 2.0, 2.0]",0.9969292800941567
5b1c7c1d71e85bd9,1.0,1.0,1.0,1.0,0.9539779740746144,1.0,1.0,1.0,0.9835635621695051,True,2021.06.09.12.06.35_veh-35_01164_01494,0,1623256251.400115,664469.2175991398,3998745.3153694673,664467.306948728,3998734.857957537,1.0,"[5.0, 5.0, 2.0, 2.0, 2.0]",0.985618116898317
5b9d89b5e90257d8,1.0,1.0,1.0,1.0,1.0,1.0,1.0,1.0,1.0,True,2021.06.09.12.06.35_veh-35_01164_01494,0,1623256362.9010859,664670.0298070945,3999245.289118898,664654.7897820735,3999214.9753500335,1.0,"[5.0, 5.0, 2.0, 2.0, 2.0]",1.0
5d2ee5c23b555bac,1.0,1.0,1.0,1.0,1.0,1.0,1.0,1.0,1.0,True,2021.06.09.12.06.35_veh-35_01164_01494,0,1623256365.900558,664675.8521466132,3999256.889299565,664666.4013846833,3999237.863960014,1.0,"[5.0, 5.0, 2.0, 2.0, 2.0]",1.0
5fec23f5a5d052cd,1.0,1.0,1.0,1.0,0.9558797639045896,1.0,1.0,1.0,0.9842427728230677,True,2021.06.09.12.06.35_veh-35_01164_01494,0,1623256320.400908,664527.8666859521,3998953.399504825,664515.4863025799,3998920.6035539717,1.0,"[5.0, 5.0, 2.0, 2.0, 2.0]",0.9862124262201842
633ee0b9bc865394,1.0,1.0,1.0,1.0,0.869798913717699,1.0,1.0,1.0,0.9534996120420354,True,2021.06.09.12.06.35_veh-35_01164_01494,0,1623256383.900308,664711.535102099,3999327.7355909264,664707.9636332019,3999320.54828556,1.0,"[5.0, 5.0, 2.0, 2.0, 2.0]",0.9593121605367809
679848c50acb5b02,1.0,1.0,1.0,1.0,1.0,1.0,1.0,1.0,1.0,True,2021.06.09.12.06.35_veh-35_01164_01494,0,1623256245.9005458,664466.0979551061,3998728.6208789046,664461.3180235621,3998698.1900249585,1.0,"[5.0, 5.0, 2.0, 2.0, 2.0]",1.0
694febdb81105aa6,1.0,1.0,1.0,1.0,1.0,1.0,1.0,1.0,1.0,True,2021.06.09.12.06.35_veh-35_01164_01494,0,1623256157.90081,664458.301372889,3998165.2398783457,664458.4756252532,3998152.1352535216,1.0,"[5.0, 5.0, 2.0, 2.0, 2.0]",1.0
6a9a24d0bacf5229,1.0,1.0,1.0,1.0,0.8472257352049336,1.0,1.0,1.0,0.9454377625731906,True,2021.06.09.12.06.35_veh-35_01164_01494,0,1623256190.901293,664451.3034029647,3998455.8684400613,664451.624934813,3998442.686647992,1.0,"[5.0, 5.0, 2.0, 2.0, 2.0]",0.9522580422515418
6ee8095e2d8b599c,1.0,1.0,1.0,1.0,1.0,1.0,1.0,1.0,1.0,True,2021.06.09.12.06.35_veh-35_01164_01494,0,1623256342.401207,664599.1623226234,3999108.156868153,664590.1835275936,3999089.527100914,1.0,"[5.0, 5.0, 2.0, 2.0, 2.0]",1.0
6f6d3439591151c0,1.0,1.0,1.0,1.0,1.0,1.0,1.0,1.0,1.0,True,2021.06.09.12.06.35_veh-35_01164_01494,0,1623256254.9011889,664469.2626512757,3998745.43398466,664468.9371979173,3998743.6862268033,1.0,"[5.0, 5.0, 2.0, 2.0, 2.0]",1.0
6fcb034448195e87,1.0,1.0,1.0,1.0,0.9236401327402476,1.0,1.0,1.0,0.9727286188358027,True,2021.06.09.12.06.35_veh-35_01164_01494,0,1623256338.901352,664591.8463524871,3999093.0118421656,664577.5482381132,3999063.892464103,1.0,"[5.0, 5.0, 2.0, 2.0, 2.0]",0.9761375414813274
703f27b09d325c11,1.0,1.0,1.0,1.0,0.9736417318991503,1.0,1.0,1.0,0.9905863328211251,True,2021.06.09.12.06.35_veh-35_01164_01494,0,1623256311.4007158,664501.1085494007,3998876.9906613394,664490.6698792562,3998839.7582794735,1.0,"[5.0, 5.0, 2.0, 2.0, 2.0]",0.9917630412184845
70c37dde93f25c64,1.0,1.0,1.0,1.0,0.9549489068407128,1.0,1.0,1.0,0.9839103238716831,True,2021.06.09.12.06.35_veh-35_01164_01494,0,1623256312.9012718,664505.6769825807,3998891.0528594726,664494.3151019738,3998853.285990688,1.0,"[5.0, 5.0, 2.0, 2.0, 2.0]",0.9859215333877227
72ba153a1fc059c6,1.0,1.0,1.0,1.0,1.0,1.0,1.0,1.0,1.0,True,2021.06.09.12.06.35_veh-35_01164_01494,0,1623256361.901382,664666.7053643547,3999238.7052927916,664650.499840185,3999206.8258048925,,"[5.0, 5.0, 2.0, 2.0, 0.0]",1.0
74c5a4e255b950f7,1.0,1.0,1.0,1.0,0.9891211770228895,1.0,1.0,1.0,0.9961147060796033,True,2021.06.09.12.06.35_veh-35_01164_01494,0,1623256363.400688,664670.6712580873,3999246.436916035,664656.9252206192,3999219.051770403,1.0,"[5.0, 5.0, 2.0, 2.0, 2.0]",0.9966003678196529
78bd4a0ea3e35682,1.0,1.0,1.0,1.0,0.8739926841901747,1.0,1.0,1.0,0.9549973872107768,True,2021.06.09.12.06.35_veh-35_01164_01494,0,1623256189.401129,664451.3586608996,3998452.8344603213,664451.7963180515,3998435.554014763,1.0,"[5.0, 5.0, 2.0, 2.0, 2.0]",0.9606227138094297
7d14dc9e1394504c,1.0,1.0,1.0,1.0,1.0,1.0,1.0,1.0,1.0,True,2021.06.09.12.06.35_veh-35_01164_01494,0,1623256157.400758,664458.3395037883,3998162.4968002327,664458.4759565538,3998152.1250271015,,"[5.0, 5.0, 2.0, 2.0, 0.0]",1.0
7dc37d18911457a8,1.0,1.0,1.0,1.0,0.8205937829296157,1.0,1.0,1.0,0.9359263510462913,True,2021.06.09.12.06.35_veh-35_01164_01494,0,1623256244.399886,664464.3441553348,3998718.3574161874,664459.6427213288,3998685.5871123495,1.0,"[5.0, 5.0, 2.0, 2.0, 2.0]",0.9439355571655049
7e664b90d195584d,1.0,1.0,1.0,1.0,1.0,1.0,1.0,1.0,1.0,True,2021.06.09.12.06.35_veh-35_01164_01494,0,1623256365.400328,664674.9440008185,3999255.0596674737,664664.7859004094,3999234.6063121962,1.0,"[5.0, 5.0, 2.0, 2.0, 2.0]",1.0
7e682022c639513c,1.0,1.0,1.0,1.0,1.0,1.0,1.0,1.0,1.0,True,2021.06.09.12.06.35_veh-35_01164_01494,0,1623256366.900877,664677.5655071466,3999260.3005821565,664669.2173956425,3999243.5292423056,1.0,"[5.0, 5.0, 2.0, 2.0, 2.0]",1.0
7eb9806c2ac25fd6,1.0,1.0,1.0,1.0,1.0,1.0,1.0,1.0,1.0,True,2021.06.09.12.06.35_veh-35_01164_01494,0,1623256215.90108,664451.0046100765,3998470.5223315037,664451.1662625542,3998461.102946828,1.0,"[5.0, 5.0, 2.0, 2.0, 2.0]",1.0
8381aa53dbb55c90,1.0,1.0,1.0,1.0,0.9372785444787944,1.0,1.0,1.0,0.977599480170998,True,2021.06.09.12.06.35_veh-35_01164_01494,0,1623256249.401598,664468.6755562213,3998742.47122216,664465.4206157223,3998724.5183191216,1.0,"[5.0, 5.0, 2.0, 2.0, 2.0]",0.9803995451496232
8bb9b664551e5148,1.0,1.0,1.0,1.0,1.0,1.0,1.0,1.0,1.0,True,2021.06.09.12.06.35_veh-35_01164_01494,0,1623256216.400698,664450.9672073504,3998473.0616145316,664451.1646771494,3998461.5611796197,1.0,"[5.0, 5.0, 2.0, 2.0, 2.0]",1.0
8fc1509fbdee54ac,1.0,1.0,1.0,1.0,0.8227623975877411,1.0,1.0,1.0,0.936700856281336,True,2021.06.09.12.06.35_veh-35_01164_01494,0,1623256382.401392,664711.1806539041,3999326.982425184,664704.6740035923,3999313.9526300514,1.0,"[5.0, 5.0, 2.0, 2.0, 2.0]",0.9446132492461691
9453e27e0bc25019,1.0,1.0,1.0,1.0,1.0,1.0,1.0,1.0,1.0,True,2021.06.09.12.06.35_veh-35_01164_01494,0,1623256309.9001188,664497.0750165199,3998863.5012626606,664487.2323870587,3998826.352640658,1.0,"[5.0, 5.0, 2.0, 2.0, 2.0]",1.0
946cb4c69bd85da6,1.0,1.0,1.0,1.0,0.9409651898505443,1.0,1.0,1.0,0.9789161392323373,True,2021.06.09.12.06.35_veh-35_01164_01494,0,1623256249.901265,664468.8342438304,3998743.339248499,664465.9582587014,3998727.4753509997,1.0,"[5.0, 5.0, 2.0, 2.0, 2.0]",0.9815516218282951
97b60971053a5a8f,1.0,1.0,1.0,1.0,0.9388597184089135,1.0,1.0,1.0,0.9781641851460405,True,2021.06.09.12.06.35_veh-35_01164_01494,0,1623256250.9004679,664469.0584709076,3998744.6493386007,664466.8982351038,3998732.6889085923,1.0,"[5.0, 5.0, 2.0, 2.0, 2.0]",0.9808936620027855
99ded0a5f4475071,1.0,1.0,1.0,1.0,0.9306869815923886,1.0,1.0,1.0,0.9752453505687102,True,2021.06.09.12.06.35_veh-35_01164_01494,0,1623256338.4011369,664590.4399730024,3999090.143943334,664575.3538767523,3999059.4797161277,,"[5.0, 5.0, 2.0, 2.0, 0.0]",0.9752453505687102
9a3297e2227653e7,1.0,1.0,1.0,1.0,0.8921942868674035,1.0,1.0,1.0,0.9614979595955013,True,2021.06.09.12.06.35_veh-35_01164_01494,0,1623256384.900112,664711.965758718,3999328.5494718654,664709.4418058883,3999323.5256455,1.0,"[5.0, 5.0, 2.0, 2.0, 2.0]",0.9663107146460637
9b3708708fbd550f,1.0,1.0,1.0,1.0,0.8846469426092995,1.0,1.0,1.0,0.9588024795033212,True,2021.06.09.12.06.35_veh-35_01164_01494,0,1623256245.400328,664465.6846499442,3998726.1991788615,664460.747644962,3998694.0420102063,1.0,"[5.0, 5.0, 2.0, 2.0, 2.0]",0.9639521695654061
9cb570dc6b2b5355,1.0,1.0,1.0,1.0,0.8854724057033728,1.0,1.0,1.0,0.9590972877512046,True,2021.06.09.12.06.35_veh-35_01164_01494,0,1623256248.90154,664468.404983736,3998741.111167252,664464.8709989177,3998721.2527661915,1.0,"[5.0, 5.0, 2.0, 2.0, 2.0]",0.964210126782304
a1722fd06916560d,1.0,1.0,1.0,1.0,0.8984096579792185,1.0,1.0,1.0,0.9637177349925781,True,2021.06.09.12.06.35_veh-35_01164_01494,0,1623256383.400627,664711.4543868662,3999327.5362053593,664706.9952455931,3999318.6128042317,1.0,"[5.0, 5.0, 2.0, 2.0, 2.0]",0.9682530181185058
a22e6b1ef8655ecf,1.0,1.0,1.0,1.0,0.8500033321716167,1.0,1.0,1.0,0.9464297614898631,True,2021.06.09.12.06.35_veh-35_01164_01494,0,1623256191.400704,664451.276913988,3998456.712938145,664451.565824079,3998444.714974758,1.0,"[5.0, 5.0, 2.0, 2.0, 2.0]",0.9531260413036302
a30635daffc75118,1.0,1.0,1.0,1.0,1.0,1.0,1.0,1.0,1.0,True,2021.06.09.12.06.35_veh-35_01164_01494,0,1623256295.900421,664471.2596574478,3998755.8602064443,664469.3222395183,3998745.8272400587,1.0,"[5.0, 5.0, 2.0, 2.0, 2.0]",1.0
a61c2bbd0f3d5d8b,1.0,1.0,1.0,1.0,1.0,1.0,1.0,1.0,1.0,True,2021.06.09.12.06.35_veh-35_01164_01494,0,1623256310.400384,664498.5450698985,3998868.697465366,664488.3458060592,3998830.7696153694,1.0,"[5.0, 5.0, 2.0, 2.0, 2.0]",1.0
af72d87120a75e89,1.0,1.0,1.0,1.0,1.0,1.0,1.0,1.0,1.0,True,2021.06.09.12.06.35_veh-35_01164_01494,0,1623256254.401022,664469.3338500944,3998746.041854004,664468.7879324951,3998743.0229343446,1.0,"[5.0, 5.0, 2.0, 2.0, 2.0]",1.0
b007973e1a8c56cb,1.0,1.0,1.0,1.0,0.9579162762527801,1.0,1.0,1.0,0.9849700986617071,True,2021.06.09.12.06.35_veh-35_01164_01494,0,1623256313.401382,664507.2844075275,3998896.0993414344,664495.5607774775,3998857.864891035,1.0,"[5.0, 5.0, 2.0, 2.0, 2.0]",0.9868488363289938
b23ede9a183b5b71,1.0,1.0,1.0,1.0,0.8179445775053706,1.0,1.0,1.0,0.9349802062519181,True,2021.06.09.12.06.35_veh-35_01164_01494,0,1623256242.900164,664462.6102919988,3998707.410183468,664458.0674261486,3998672.4618321545,1.0,"[5.0, 5.0, 2.0, 2.0, 2.0]",0.9431076804704284
b5de22e724db5143,1.0,1.0,1.0,1.0,0.8614292540827942,1.0,1.0,1.0,0.9505104478867122,True,2021.06.09.12.06.35_veh-35_01164_01494,0,1623256385.90056,664712.0388223465,3999328.729756649,664710.3916602674,3999325.412932288,1.0,"[5.0, 5.0, 2.0, 2.0, 2.0]",0.9566966419008732
b6aac26e82e05762,1.0,1.0,1.0,1.0,1.0,1.0,1.0,1.0,1.0,True,2021.06.09.12.06.35_veh-35_01164_01494,0,1623256364.40013,664673.0103660115,3999251.23205493,664661.05719631,3999227.152090629,1.0,"[5.0, 5.0, 2.0, 2.0, 2.0]",1.0
b7bf330d5c115db3,1.0,1.0,1.0,1.0,1.0,1.0,1.0,1.0,1.0,True,2021.06.09.12.06.35_veh-35_01164_01494,0,1623256341.901147,664598.4298888993,3999106.5863243304,664588.7122341477,3999086.539513708,1.0,"[5.0, 5.0, 2.0, 2.0, 2.0]",1.0
b91fedc2a88751e1,1.0,1.0,1.0,1.0,1.0,1.0,1.0,1.0,1.0,True,2021.06.09.12.06.35_veh-35_01164_01494,0,1623256295.400229,664470.8299164678,3998753.7304133205,664469.2847202595,3998745.533049892,1.0,"[5.0, 5.0, 2.0, 2.0, 2.0]",1.0
be8cd276bd665f61,1.0,1.0,1.0,1.0,0.8590167627113254,1.0,1.0,1.0,0.9496488438254733,True,2021.06.09.12.06.35_veh-35_01164_01494,0,1623256188.9008589,664451.3812123657,3998451.1818255363,664451.8546904814,3998432.7216471476,1.0,"[5.0, 5.0, 2.0, 2.0, 2.0]",0.9559427383472892
c1e04a28d50f5105,1.0,1.0,1.0,1.0,1.0,1.0,1.0,1.0,1.0,True,2021.06.09.12.06.35_veh-35_01164_01494,0,1623256296.900795,664472.365884639,3998761.51298897,664469.5054362826,3998746.7537621697,1.0,"[5.0, 5.0, 2.0, 2.0, 2.0]",1.0
c588c26050e057b1,1.0,1.0,1.0,1.0,1.0,1.0,1.0,1.0,1.0,True,2021.06.09.12.06.35_veh-35_01164_01494,0,1623256216.900523,664450.9026000084,3998475.526181486,664451.1503565555,3998462.059405784,1.0,"[5.0, 5.0, 2.0, 2.0, 2.0]",1.0
c8b5826567975fc0,1.0,1.0,1.0,1.0,1.0,1.0,1.0,1.0,1.0,True,2021.06.09.12.06.35_veh-35_01164_01494,0,1623256215.4014099,664451.0865059594,3998468.335029141,664451.1720973375,3998460.7282523448,1.0,"[5.0, 5.0, 2.0, 2.0, 2.0]",1.0
ca626e7ddb9c5a11,1.0,1.0,1.0,1.0,1.0,1.0,1.0,1.0,1.0,True,2021.06.09.12.06.35_veh-35_01164_01494,0,1623256296.4005818,664471.7026169582,3998757.9930559965,664469.3996860242,3998746.238490193,1.0,"[5.0, 5.0, 2.0, 2.0, 2.0]",1.0
cd880952086a553c,1.0,1.0,1.0,1.0,0.9104025983570172,1.0,1.0,1.0,0.968000927984649,True,2021.06.09.12.06.35_veh-35_01164_01494,0,1623256228.4011579,664449.6069916943,3998572.960176565,664449.1279332881,3998532.3539030063,,"[5.0, 5.0, 2.0, 2.0, 0.0]",0.968000927984649
cf11598e8f995d83,1.0,1.0,1.0,1.0,0.9566323067822997,1.0,1.0,1.0,0.9845115381365357,True,2021.06.09.12.06.35_veh-35_01164_01494,0,1623256341.401183,664597.2105657271,3999103.9635296194,664587.1755183461,3999083.404996434,1.0,"[5.0, 5.0, 2.0, 2.0, 2.0]",0.9864475958694687
d1fc6c37998c5b40,1.0,1.0,1.0,1.0,0.9298600757285906,1.0,1.0,1.0,0.9749500270459253,True,2021.06.09.12.06.35_veh-35_01164_01494,0,1623256250.4008598,664468.9479457249,3998743.899647914,664466.4523489337,3998730.2149460744,1.0,"[5.0, 5.0, 2.0, 2.0, 2.0]",0.9780812736651846
d3addd2ca8c15a58,1.0,1.0,1.0,1.0,0.8730917305503113,1.0,1.0,1.0,0.9546756180536826,True,2021.06.09.12.06.35_veh-35_01164_01494,0,1623256188.400774,664451.394175353,3998449.765967715,664451.9263148601,3998429.606514241,1.0,"[5.0, 5.0, 2.0, 2.0, 2.0]",0.9603411657969723
d9d4ea61407b50cf,1.0,1.0,1.0,1.0,0.9453426516818791,1.0,1.0,1.0,0.980479518457814,True,2021.06.09.12.06.35_veh-35_01164_01494,0,1623256319.9009929,664526.2305512558,3998949.2129010474,664514.0541015677,3998916.3419750123,,"[5.0, 5.0, 2.0, 2.0, 0.0]",0.980479518457814
dcc745e412fe5fbd,1.0,1.0,1.0,1.0,0.882259641375562,1.0,1.0,1.0,0.9579498719198435,True,2021.06.09.12.06.35_veh-35_01164_01494,0,1623256189.901309,664451.3241397927,3998454.22391605,664451.7370793399,3998438.141414074,1.0,"[5.0, 5.0, 2.0, 2.0, 2.0]",0.9632061379298631
e0aa4d3682c6594a,1.0,1.0,1.0,1.0,0.9076429874167118,1.0,1.0,1.0,0.9670153526488257,True,2021.06.09.12.06.35_veh-35_01164_01494,0,1623256309.400245,664495.7614572889,3998859.02535923,664486.1897849741,3998822.0426491178,1.0,"[5.0, 5.0, 2.0, 2.0, 2.0]",0.9711384335677224
e2ff3a9fc9e0580d,1.0,1.0,1.0,1.0,0.9465163722155802,1.0,1.0,1.0,0.9808987043627072,True,2021.06.09.12.06.35_veh-35_01164_01494,0,1623256339.401247,664593.1293117182,3999095.7132666823,664579.7133745891,3999068.23655605,1.0,"[5.0, 5.0, 2.0, 2.0, 2.0]",0.9832863663173688
e59bd5d207065b9a,1.0,1.0,1.0,1.0,0.8159771071200342,1.0,1.0,1.0,0.9342775382571551,True,2021.06.09.12.06.35_veh-35_01164_01494,0,1623256243.899618,664463.7975239445,3998714.9834175534,664459.1073195218,3998681.2814382864,1.0,"[5.0, 5.0, 2.0, 2.0, 2.0]",0.9424928459750107
e80eed1fab2c5cfd,1.0,1.0,1.0,1.0,1.0,1.0,1.0,1.0,1.0,True,2021.06.09.12.06.35_veh-35_01164_01494,0,1623256158.901018,664458.3078979845,3998171.02079327,664458.467932121,3998152.7264809827,1.0,"[5.0, 5.0, 2.0, 2.0, 2.0]",1.0
e8f2bc430a065486,1.0,1.0,1.0,1.0,0.7863599471664227,1.0,1.0,1.0,0.9236999811308653,True,2021.06.09.12.06.35_veh-35_01164_01494,0,1623256381.401082,664710.284197224,3999325.236643371,664701.9600670926,3999308.458977112,1.0,"[5.0, 5.0, 2.0, 2.0, 2.0]",0.9332374834895071
ef10184224ba5d25,1.0,1.0,1.0,1.0,0.9157269147605759,1.0,1.0,1.0,0.9699024695573486,True,2021.06.09.12.06.35_veh-35_01164_01494,0,1623256307.401562,664490.8499755035,3998840.7731972793,664482.4013323542,3998805.783316216,,"[5.0, 5.0, 2.0, 2.0, 0.0]",0.9699024695573486
ef7fb7627f735a41,1.0,1.0,1.0,1.0,1.0,1.0,1.0,1.0,1.0,True,2021.06.09.12.06.35_veh-35_01164_01494,0,1623256192.400477,664451.2625409986,3998456.81266106,664451.4624582827,3998448.4403321506,1.0,"[5.0, 5.0, 2.0, 2.0, 2.0]",1.0
f56dfbb996385805,1.0,1.0,1.0,1.0,0.8544296762949501,1.0,1.0,1.0,0.9480105986767678,True,2021.06.09.12.06.35_veh-35_01164_01494,0,1623256253.9008858,664469.3002410189,3998745.946098606,664468.6305083113,3998742.1951403576,1.0,"[5.0, 5.0, 2.0, 2.0, 2.0]",0.9545092738421719
faa10d766e1e5675,1.0,1.0,1.0,1.0,0.9889931229427297,1.0,1.0,1.0,0.9960689724795463,True,2021.06.09.12.06.35_veh-35_01164_01494,0,1623256340.4009829,664595.5109200905,3999100.6077041375,664583.7491425574,3999076.444254725,0.0,"[5.0, 5.0, 2.0, 2.0, 2.0]",0.871560350919603
fba4ada6e76d51d5,1.0,1.0,1.0,1.0,0.8299996838644906,1.0,1.0,1.0,0.9392856013801753,True,2021.06.09.12.06.35_veh-35_01164_01494,0,1623256385.400328,664711.8842457104,3999328.4007736207,664709.9820320751,3999324.594281778,1.0,"[5.0, 5.0, 2.0, 2.0, 2.0]",0.9468749012076534
fdc30f8fc86655b0,1.0,1.0,1.0,1.0,0.8745197818529344,1.0,1.0,1.0,0.955185636376048,True,2021.06.09.12.06.35_veh-35_01164_01494,0,1623256190.401532,664451.3001806408,3998455.341731128,664451.6915524596,3998440.5579200773,1.0,"[5.0, 5.0, 2.0, 2.0, 2.0]",0.960787431829042
ffd3019de9f75d89,1.0,1.0,1.0,1.0,0.8649924680535821,1.0,1.0,1.0,0.9517830243048507,True,2021.06.09.12.06.35_veh-35_01164_01494,0,1623256252.90059,664469.2887838954,3998745.6579811475,664468.2322052037,3998739.9275368135,1.0,"[5.0, 5.0, 2.0, 2.0, 2.0]",0.9578101462667444
0034182453455593,1.0,1.0,1.0,1.0,0.848199452490438,1.0,1.0,1.0,0.945785518746585,True,2021.07.09.15.53.28_veh-38_00184_02293,0,1625848335.999837,664437.7169497875,3997073.869839871,664437.3810494618,3997101.901288561,1.0,"[5.0, 5.0, 2.0, 2.0, 2.0]",0.9525623289032619
0063186407485185,1.0,1.0,1.0,1.0,1.0,1.0,1.0,1.0,1.0,True,2021.07.09.15.53.28_veh-38_00184_02293,0,1625846455.0000138,664452.5905505645,3996307.6726089427,664452.5344936249,3996315.2814193754,1.0,"[5.0, 5.0, 2.0, 2.0, 2.0]",1.0
00bf064b40495a06,1.0,1.0,1.0,1.0,0.9106047025581978,1.0,1.0,1.0,0.9680731080564993,True,2021.07.09.15.53.28_veh-38_00184_02293,0,1625848157.499856,664597.9406227538,3997875.0774848037,664593.2501109161,3997859.973160444,1.0,"[5.0, 5.0, 2.0, 2.0, 2.0]",0.9720639695494369
00e32fcdcf455ae8,1.0,1.0,1.0,1.0,1.0,1.0,1.0,1.0,1.0,True,2021.07.09.15.53.28_veh-38_00184_02293,0,1625848276.4995248,664430.7576760764,3997615.4397147982,664430.588350455,3997629.394732746,1.0,"[5.0, 5.0, 2.0, 2.0, 2.0]",1.0
016139f70ba255f4,1.0,1.0,1.0,1.0,1.0,1.0,1.0,1.0,1.0,True,2021.07.09.15.53.28_veh-38_00184_02293,0,1625846454.499775,664452.6878168244,3996309.0269436836,664452.5345092582,3996315.2885740083,,"[5.0, 5.0, 2.0, 2.0, 0.0]",1.0
017f6ea65a675bd0,1.0,1.0,1.0,1.0,1.0,1.0,1.0,1.0,1.0,True,2021.07.09.15.53.28_veh-38_00184_02293,0,1625846493.5002708,664310.2033375282,3996289.0516584124,664324.0342817522,3996289.7177756503,1.0,"[5.0, 5.0, 2.0, 2.0, 2.0]",1.0
019be72ca2035269,1.0,1.0,1.0,1.0,0.9016300038831502,1.0,1.0,1.0,0.9648678585296965,True,2021.07.09.15.53.28_veh-38_00184_02293,0,1625847753.00027,664485.6752468536,3996335.8664638447,664481.7691850754,3996299.278489494,0.0,"[5.0, 5.0, 2.0, 2.0, 2.0]",0.8442593762134845
01f29c09064f597d,1.0,1.0,1.0,1.0,1.0,1.0,1.0,1.0,1.0,True,2021.07.09.15.53.28_veh-38_00184_02293,0,1625848246.50085,664430.569332178,3997628.982656898,664430.5601531736,3997631.0129679246,1.0,"[5.0, 5.0, 2.0, 2.0, 2.0]",1.0
02271efb56ca5e62,1.0,1.0,1.0,1.0,1.0,1.0,1.0,1.0,1.0,True,2021.07.09.15.53.28_veh-38_00184_02293,0,1625847222.999892,664440.6755688792,3997107.839757215,664440.4154271089,3997119.6426027254,1.0,"[5.0, 5.0, 2.0, 2.0, 2.0]",1.0
0242cf7ebae4537a,1.0,1.0,1.0,1.0,1.0,1.0,1.0,1.0,1.0,True,2021.07.09.15.53.28_veh-38_00184_02293,0,1625847139.000037,664430.4768617032,3997616.9737510276,664430.147364387,3997637.908595127,1.0,"[5.0, 5.0, 2.0, 2.0, 2.0]",1.0
039d81c335fa5830,1.0,1.0,1.0,1.0,1.0,1.0,1.0,1.0,0.8571428571428571,True,2021.07.09.15.53.28_veh-38_00184_02293,0,1625847590.500031,664220.6179512086,3996249.467649006,664207.8796151414,3996247.0077476357,1.0,"[5.0, 5.0, 2.0, 2.0, 2.0]",1.0
03d3158b8faf5c81,1.0,1.0,1.0,1.0,1.0,1.0,1.0,1.0,1.0,True,2021.07.09.15.53.28_veh-38_00184_02293,0,1625847505.000326,664330.92642932,3996289.6359092826,664351.713689142,3996290.248842409,,"[5.0, 5.0, 2.0, 2.0, 0.0]",1.0
03fe497641cc5a31,1.0,1.0,1.0,1.0,0.74232272053539,1.0,1.0,1.0,0.7651152573340678,True,2021.07.09.15.53.28_veh-38_00184_02293,0,1625847569.9996889,664203.8182028559,3996245.905991009,664200.017887889,3996246.0897019757,1.0,"[5.0, 5.0, 2.0, 2.0, 2.0]",0.9194758501673094
0454457b4d6a5d20,1.0,1.0,1.0,1.0,1.0,1.0,1.0,0.0,0.8571428571428571,True,2021.07.09.15.53.28_veh-38_00184_02293,0,1625846621.000203,664280.5107730958,3996277.752790772,664258.6826298799,3996276.6103798957,,"[5.0, 5.0, 2.0, 2.0, 0.0]",0.8571428571428571
04db6d7b763754ac,1.0,1.0,1.0,1.0,1.0,1.0,1.0,1.0,1.0,True,2021.07.09.15.53.28_veh-38_00184_02293,0,1625848403.500007,664448.7222592224,3996747.187634842,664448.6032525857,3996753.6373081603,1.0,"[5.0, 5.0, 2.0, 2.0, 2.0]",1.0
04eb8d64f2795c58,1.0,0.0,1.0,1.0,1.0,1.0,1.0,1.0,0.0,True,2021.07.09.15.53.28_veh-38_00184_02293,0,1625847610.000352,664265.6764183792,3996277.309732496,664252.93200263,3996269.797120146,,"[5.0, 5.0, 2.0, 2.0, 0.0]",0.0
0683a44547c053e2,1.0,1.0,1.0,1.0,1.0,1.0,1.0,1.0,1.0,True,2021.07.09.15.53.28_veh-38_00184_02293,0,1625846540.999856,664188.7468186155,3996248.085838736,664180.0113282925,3996260.7214338747,1.0,"[5.0, 5.0, 2.0, 2.0, 2.0]",1.0
06c973b2073057ab,1.0,1.0,1.0,1.0,0.8636716050723302,1.0,1.0,1.0,0.9513112875258322,True,2021.07.09.15.53.28_veh-38_00184_02293,0,1625848398.00047,664448.5247180371,3996758.4599208236,664447.5067705602,3996787.563119106,1.0,"[5.0, 5.0, 2.0, 2.0, 2.0]",0.9573973765851032
06f9275753de5cb6,1.0,1.0,1.0,1.0,1.0,1.0,1.0,1.0,1.0,True,2021.07.09.15.53.28_veh-38_00184_02293,0,1625848404.4997249,664448.7033002753,3996747.6038177996,664448.6731443487,3996750.925297389,1.0,"[5.0, 5.0, 2.0, 2.0, 2.0]",1.0
07667d039f5755fc,1.0,1.0,1.0,1.0,1.0,1.0,1.0,1.0,1.0,True,2021.07.09.15.53.28_veh-38_00184_02293,0,1625848186.000669,664555.0585242537,3997899.9162029875,664573.9006696951,3997902.3640841115,1.0,"[5.0, 5.0, 2.0, 2.0, 2.0]",1.0
0818730194515784,1.0,1.0,1.0,1.0,1.0,1.0,1.0,1.0,1.0,True,2021.07.09.15.53.28_veh-38_00184_02293,0,1625846759.999692,664481.0343488159,3996655.155677691,664481.2918418563,3996634.9407358794,1.0,"[5.0, 5.0, 2.0, 2.0, 2.0]",1.0
0845cc2551fa5e03,1.0,1.0,1.0,1.0,1.0,1.0,1.0,1.0,1.0,True,2021.07.09.15.53.28_veh-38_00184_02293,0,1625846534.5004818,664178.0305758792,3996270.8493598695,664188.9064687361,3996282.7192222546,,"[5.0, 5.0, 2.0, 2.0, 0.0]",1.0
08b90ea812f95157,1.0,1.0,1.0,1.0,1.0,1.0,1.0,1.0,1.0,True,2021.07.09.15.53.28_veh-38_00184_02293,0,1625847560.500826,664185.2164632911,3996254.7424597684,664178.6022825864,3996271.0838906434,0.0,"[5.0, 5.0, 2.0, 2.0, 2.0]",0.875
08e86035c86c59cf,1.0,1.0,1.0,1.0,1.0,1.0,1.0,1.0,1.0,True,2021.07.09.15.53.28_veh-38_00184_02293,0,1625848147.500283,664570.9095756536,3997844.736094797,664550.3475292707,3997850.9288327214,1.0,"[5.0, 5.0, 2.0, 2.0, 2.0]",1.0
08fef85e66fe56c4,1.0,1.0,1.0,1.0,0.9255597463855113,1.0,1.0,1.0,0.9734141951376826,True,2021.07.09.15.53.28_veh-38_00184_02293,0,1625848005.9999468,664464.8775785981,3997772.676199067,664465.5003250033,3997744.3801695234,1.0,"[5.0, 5.0, 2.0, 2.0, 2.0]",0.9767374207454722
0a508df3445152b0,1.0,1.0,1.0,1.0,1.0,1.0,1.0,1.0,1.0,True,2021.07.09.15.53.28_veh-38_00184_02293,0,1625846632.0004568,664318.7843054779,3996278.2486793343,664305.2293385629,3996278.068026914,1.0,"[5.0, 5.0, 2.0, 2.0, 2.0]",1.0
0b19cdb05d2c5e68,1.0,1.0,1.0,1.0,0.8778869483105152,1.0,1.0,1.0,0.956388195825184,True,2021.07.09.15.53.28_veh-38_00184_02293,0,1625848399.499879,664448.6789724858,3996752.5059485175,664447.98246279,3996774.484402385,1.0,"[5.0, 5.0, 2.0, 2.0, 2.0]",0.961839671347036
0b22e62e12cf5607,1.0,1.0,1.0,1.0,0.8753198395925369,1.0,1.0,1.0,0.9554713712830488,True,2021.07.09.15.53.28_veh-38_00184_02293,0,1625848399.000164,664448.6390910738,3996754.0805013594,664447.8434724036,3996778.497483404,1.0,"[5.0, 5.0, 2.0, 2.0, 2.0]",0.9610374498726677
0b67d7e9536256af,1.0,1.0,1.0,1.0,0.7665002754619149,1.0,1.0,1.0,0.9166072412363981,True,2021.07.09.15.53.28_veh-38_00184_02293,0,1625846727.000293,664487.0031554911,3996312.9232654693,664470.0179253035,3996290.557103099,0.0,"[5.0, 5.0, 2.0, 2.0, 2.0]",0.8020313360818484
0c6651f095895012,1.0,1.0,1.0,1.0,1.0,1.0,1.0,1.0,1.0,True,2021.07.09.15.53.28_veh-38_00184_02293,0,1625847557.4999208,664178.60783007,3996266.4961589603,664184.5567570543,3996281.634331919,0.0,"[5.0, 5.0, 2.0, 2.0, 2.0]",0.875
0c71f6071ee054a8,1.0,1.0,1.0,1.0,1.0,1.0,1.0,1.0,1.0,True,2021.07.09.15.53.28_veh-38_00184_02293,0,1625847777.000053,664481.8229050755,3996601.045735221,664482.8088288971,3996569.591642426,1.0,"[5.0, 5.0, 2.0, 2.0, 2.0]",1.0
0ce992b41b7854f8,1.0,1.0,1.0,1.0,1.0,1.0,1.0,1.0,0.8571428571428571,True,2021.07.09.15.53.28_veh-38_00184_02293,0,1625847590.0001109,664218.0330706673,3996249.167046462,664206.9213212031,3996246.613958251,,"[5.0, 5.0, 2.0, 2.0, 0.0]",1.0
0daae1bedaae53c5,1.0,1.0,1.0,1.0,0.858136044531276,1.0,1.0,1.0,0.9493343016183129,True,2021.07.09.15.53.28_veh-38_00184_02293,0,1625848245.5003068,664430.5839409685,3997628.565849543,664430.5336227437,3997633.7116748467,1.0,"[5.0, 5.0, 2.0, 2.0, 2.0]",0.9556675139160238
0ee4062c48cc50d9,1.0,1.0,1.0,1.0,0.9770675431741497,1.0,1.0,1.0,0.9918098368479106,True,2021.07.09.15.53.28_veh-38_00184_02293,0,1625847136.49965,664430.3966530336,3997626.660200343,664429.7790495597,3997659.870627022,,"[5.0, 5.0, 2.0, 2.0, 0.0]",0.9918098368479106
0f4042e7f1995020,1.0,1.0,1.0,1.0,1.0,1.0,1.0,1.0,1.0,True,2021.07.09.15.53.28_veh-38_00184_02293,0,1625848341.50032,664437.7979453914,3997066.604222768,664437.7433320717,3997069.70101304,1.0,"[5.0, 5.0, 2.0, 2.0, 2.0]",1.0
0fb7c8347ef25535,1.0,1.0,1.0,1.0,1.0,1.0,1.0,0.0,0.7142857142857143,True,2021.07.09.15.53.28_veh-38_00184_02293,0,1625847612.4990559,664281.6781971295,3996277.97371796,664258.2630049004,3996276.3148842803,,"[5.0, 5.0, 2.0, 2.0, 0.0]",0.8571428571428571
100ed6de0208550f,1.0,1.0,1.0,1.0,1.0,1.0,1.0,1.0,1.0,True,2021.07.09.15.53.28_veh-38_00184_02293,0,1625847843.4999669,664481.5987165801,3996612.627139083,664481.7778846901,3996606.409200829,1.0,"[5.0, 5.0, 2.0, 2.0, 2.0]",1.0
10b7dc9bd96e550a,1.0,1.0,1.0,1.0,1.0,1.0,1.0,1.0,1.0,True,2021.07.09.15.53.28_veh-38_00184_02293,0,1625848179.000095,664584.7877040777,3997896.9456686634,664588.9063894287,3997892.936603736,1.0,"[5.0, 5.0, 2.0, 2.0, 2.0]",1.0
10f0de18ec3d5c9f,1.0,1.0,1.0,1.0,0.9233296650005248,1.0,1.0,1.0,0.9726177375001875,True,2021.07.09.15.53.28_veh-38_00184_02293,0,1625848300.499706,664435.2206107224,3997384.066152285,664434.5109818088,3997412.5776688843,1.0,"[5.0, 5.0, 2.0, 2.0, 2.0]",0.9760405203126641
10f2a63b52ff556a,1.0,1.0,1.0,1.0,1.0,1.0,1.0,1.0,1.0,True,2021.07.09.15.53.28_veh-38_00184_02293,0,1625847922.999891,664470.0562213903,3997477.8342626537,664470.2378441506,3997467.7975871386,1.0,"[5.0, 5.0, 2.0, 2.0, 2.0]",1.0
114020a7beaf5151,1.0,1.0,1.0,1.0,0.9676358578604137,1.0,1.0,1.0,0.9884413778072906,True,2021.07.09.15.53.28_veh-38_00184_02293,0,1625847201.5000849,664440.3962501801,3997125.4148717904,664439.812780308,3997147.5491401386,1.0,"[5.0, 5.0, 2.0, 2.0, 2.0]",0.9898862055813793
1150ab6954775965,1.0,1.0,1.0,1.0,0.9088626904590672,1.0,1.0,1.0,0.9674509608782383,True,2021.07.09.15.53.28_veh-38_00184_02293,0,1625847142.500735,664430.4699810664,3997614.7473887946,664430.4302400793,3997619.224623797,1.0,"[5.0, 5.0, 2.0, 2.0, 2.0]",0.9715195907684585
11fb8402c7ed5f38,1.0,1.0,1.0,1.0,1.0,1.0,1.0,1.0,1.0,True,2021.07.09.15.53.28_veh-38_00184_02293,0,1625847976.5006368,664469.8287654141,3997488.792931592,664470.0703915629,3997476.737370303,1.0,"[5.0, 5.0, 2.0, 2.0, 2.0]",1.0
1201ef26669d52b5,1.0,1.0,1.0,1.0,1.0,1.0,1.0,1.0,1.0,True,2021.07.09.15.53.28_veh-38_00184_02293,0,1625847783.000248,664481.7820998409,3996606.486406348,664481.7812782247,3996605.8072177283,1.0,"[5.0, 5.0, 2.0, 2.0, 2.0]",1.0
122bed8802a05ae2,1.0,1.0,1.0,1.0,1.0,1.0,1.0,1.0,1.0,True,2021.07.09.15.53.28_veh-38_00184_02293,0,1625847261.000066,664449.4982706946,3996705.6289502443,664449.0526493532,3996724.921181845,,"[5.0, 5.0, 2.0, 2.0, 0.0]",1.0
12529e1e5d23525d,1.0,1.0,1.0,1.0,1.0,1.0,1.0,1.0,0.8571428571428571,True,2021.07.09.15.53.28_veh-38_00184_02293,0,1625847607.50027,664255.2953768066,3996274.6215302413,664252.4615387334,3996268.572468831,1.0,"[5.0, 5.0, 2.0, 2.0, 2.0]",1.0
12927478268a52a7,1.0,1.0,1.0,1.0,0.8930466824238245,1.0,1.0,1.0,0.9618023865799373,True,2021.07.09.15.53.28_veh-38_00184_02293,0,1625847752.500568,664486.1044807568,3996331.048781926,664479.4377709648,3996296.1772545977,0.0,"[5.0, 5.0, 2.0, 2.0, 2.0]",0.8415770882574451
12a303e7e3b85492,1.0,1.0,1.0,1.0,0.8757524732618822,1.0,1.0,1.0,0.9556258833078151,True,2021.07.09.15.53.28_veh-38_00184_02293,0,1625848003.5000348,664465.2798631423,3997757.3640513914,664465.7792940263,3997719.466919032,,"[5.0, 5.0, 2.0, 2.0, 0.0]",0.9556258833078151
157d3b777d315364,1.0,1.0,1.0,1.0,1.0,1.0,1.0,1.0,0.8571428571428571,True,2021.07.09.15.53.28_veh-38_00184_02293,0,1625848187.500042,664548.9385590139,3997896.208088569,664566.8638875209,3997902.829062201,1.0,"[5.0, 5.0, 2.0, 2.0, 2.0]",1.0
160b363bd86953af,1.0,1.0,1.0,1.0,1.0,1.0,1.0,1.0,1.0,True,2021.07.09.15.53.28_veh-38_00184_02293,0,1625847141.000053,664430.4467348114,3997614.596466346,664430.3215538191,3997625.199884495,1.0,"[5.0, 5.0, 2.0, 2.0, 2.0]",1.0
166f157b4b935a1e,1.0,1.0,1.0,1.0,1.0,1.0,1.0,1.0,0.8571428571428571,True,2021.07.09.15.53.28_veh-38_00184_02293,0,1625848180.999933,664577.9821272239,3997901.2005169005,664588.5688754756,3997893.3035705434,1.0,"[5.0, 5.0, 2.0, 2.0, 2.0]",1.0
16a726067f77532d,1.0,1.0,1.0,1.0,1.0,1.0,1.0,1.0,1.0,True,2021.07.09.15.53.28_veh-38_00184_02293,0,1625848403.0002759,664448.7261712322,3996747.308548952,664448.5784290023,3996755.292842957,1.0,"[5.0, 5.0, 2.0, 2.0, 2.0]",1.0
17184a5491105047,1.0,1.0,1.0,1.0,0.9516126010233417,1.0,1.0,1.0,0.9827187860797649,True,2021.07.09.15.53.28_veh-38_00184_02293,0,1625847435.00012,664449.7409857574,3996696.8013412263,664449.4107956511,3996706.4907925297,1.0,"[5.0, 5.0, 2.0, 2.0, 2.0]",0.9848789378197943
173ff7e858e65a62,1.0,1.0,1.0,1.0,1.0,1.0,1.0,1.0,1.0,True,2021.07.09.15.53.28_veh-38_00184_02293,0,1625846538.500774,664182.4622803126,3996254.97025543,664178.4280103798,3996270.9833298977,0.0,"[5.0, 5.0, 2.0, 2.0, 2.0]",0.875
17b43b911252571c,1.0,1.0,1.0,1.0,1.0,1.0,1.0,1.0,1.0,True,2021.07.09.15.53.28_veh-38_00184_02293,0,1625848401.5002508,664448.7693134581,3996747.9276518514,664448.4148264973,3996761.7275450346,1.0,"[5.0, 5.0, 2.0, 2.0, 2.0]",1.0
187e7d991c2f5f40,1.0,1.0,1.0,1.0,1.0,1.0,1.0,1.0,0.8571428571428571,True,2021.07.09.15.53.28_veh-38_00184_02293,0,1625848133.000025,664492.7366393288,3997860.8715880024,664470.6107095667,3997860.0287418813,0.0,"[5.0, 5.0, 2.0, 2.0, 2.0]",0.875
19ab8e323ac35fe4,1.0,1.0,1.0,1.0,1.0,1.0,1.0,1.0,1.0,True,2021.07.09.15.53.28_veh-38_00184_02293,0,1625847207.500239,664440.4195575581,3997119.6191324596,664440.4331736316,3997121.17153217,1.0,"[5.0, 5.0, 2.0, 2.0, 2.0]",1.0
1a3449b28c115162,1.0,1.0,1.0,1.0,0.9214640275507217,1.0,1.0,1.0,0.971951438410972,True,2021.07.09.15.53.28_veh-38_00184_02293,0,1625847753.500007,664485.5138357254,3996341.705003665,664483.6246326965,3996302.7986830575,0.0,"[5.0, 5.0, 2.0, 2.0, 2.0]",0.8504575086096005
1afe562ad29b5222,1.0,1.0,1.0,1.0,1.0,1.0,1.0,1.0,1.0,True,2021.07.09.15.53.28_veh-38_00184_02293,0,1625847776.49966,664481.8992232531,3996598.9331811317,664482.9400681588,3996564.5145732537,1.0,"[5.0, 5.0, 2.0, 2.0, 2.0]",1.0
1c773439ca9d5158,1.0,1.0,1.0,1.0,1.0,1.0,1.0,1.0,1.0,True,2021.07.09.15.53.28_veh-38_00184_02293,0,1625846601.500182,664226.9585917799,3996242.89553374,664214.7672973991,3996243.140115652,,"[5.0, 5.0, 2.0, 2.0, 0.0]",1.0
1d190091101d5d75,1.0,1.0,1.0,1.0,0.9629947089875177,1.0,1.0,1.0,0.9867838246383992,True,2021.07.09.15.53.28_veh-38_00184_02293,0,1625848156.500524,664597.785325957,3997871.585468218,664590.7870256677,3997856.4184247414,1.0,"[5.0, 5.0, 2.0, 2.0, 2.0]",0.9884358465585993
1d5c498a699a59e8,1.0,1.0,1.0,1.0,0.8883417312640365,1.0,1.0,1.0,0.960122046880013,True,2021.07.09.15.53.28_veh-38_00184_02293,0,1625848396.4997878,664448.3056793077,3996767.1449972745,664446.8396808042,3996803.4070449714,1.0,"[5.0, 5.0, 2.0, 2.0, 2.0]",0.9651067910200114
1d7f9f198e0c57bc,1.0,1.0,1.0,1.0,0.95528291920171,1.0,1.0,1.0,0.9840296140006107,True,2021.07.09.15.53.28_veh-38_00184_02293,0,1625847924.5000088,664470.0821183249,3997477.2870587423,664470.1460802249,3997472.7959896345,1.0,"[5.0, 5.0, 2.0, 2.0, 2.0]",0.9860259122505344
1f6b057612b05e65,1.0,1.0,1.0,1.0,0.8858636065053328,1.0,1.0,1.0,0.9592370023233332,True,2021.07.09.15.53.28_veh-38_00184_02293,0,1625846458.00002,664443.4641596852,3996297.818749273,664452.6664022799,3996311.614210746,1.0,"[5.0, 5.0, 2.0, 2.0, 2.0]",0.9643323770329165
1f9f230417e15e61,1.0,1.0,1.0,1.0,0.9866233818852369,1.0,1.0,1.0,0.9952226363875846,True,2021.07.09.15.53.28_veh-38_00184_02293,0,1625846360.0005,664440.9922517687,3997087.1456436957,664440.4497110085,3997119.946993145,1.0,"[5.0, 5.0, 2.0, 2.0, 2.0]",0.9958198068391365
2086208681525f54,1.0,1.0,1.0,1.0,1.0,1.0,1.0,1.0,1.0,True,2021.07.09.15.53.28_veh-38_00184_02293,0,1625847562.499881,664191.6771231731,3996249.0403592214,664180.6694463969,3996262.413483206,1.0,"[5.0, 5.0, 2.0, 2.0, 2.0]",1.0
208c2da460fa56a1,1.0,1.0,1.0,1.0,1.0,1.0,1.0,1.0,1.0,True,2021.07.09.15.53.28_veh-38_00184_02293,0,1625848185.000038,664559.2245504273,3997901.755212585,664578.2162531017,3997900.9654108975,,"[5.0, 5.0, 2.0, 2.0, 0.0]",1.0
20e59db136d85ccd,1.0,1.0,1.0,1.0,0.886837982591279,1.0,1.0,1.0,0.8167278509254567,True,2021.07.09.15.53.28_veh-38_00184_02293,0,1625848157.9995198,664597.5662663149,3997876.7162650204,664594.3129078156,3997861.8523267475,1.0,"[5.0, 5.0, 2.0, 2.0, 2.0]",0.9646368695597747
2138f8abf5aa5086,1.0,1.0,1.0,1.0,1.0,1.0,1.0,1.0,1.0,True,2021.07.09.15.53.28_veh-38_00184_02293,0,1625846364.000452,664441.1321895054,3997076.9738960103,664440.975099179,3997088.8948887833,1.0,"[5.0, 5.0, 2.0, 2.0, 2.0]",1.0
213d831946e758b5,1.0,1.0,1.0,1.0,1.0,1.0,1.0,1.0,1.0,True,2021.07.09.15.53.28_veh-38_00184_02293,0,1625847437.500227,664450.3067327567,3996679.7451596204,664449.5112871749,3996703.9479962327,1.0,"[5.0, 5.0, 2.0, 2.0, 2.0]",1.0
219791f316b25308,1.0,1.0,1.0,1.0,0.8992194144938013,1.0,1.0,1.0,0.9640069337477861,True,2021.07.09.15.53.28_veh-38_00184_02293,0,1625846425.000335,664452.2893913822,3996482.790411083,664450.7085597182,3996528.185807914,,"[5.0, 5.0, 2.0, 2.0, 0.0]",0.9640069337477861
21b0e617e7895ac7,1.0,1.0,1.0,1.0,1.0,1.0,1.0,1.0,1.0,True,2021.07.09.15.53.28_veh-38_00184_02293,0,1625847203.000062,664440.4936494557,3997121.2039772877,664440.0931632849,3997138.0102921873,0.0,"[5.0, 5.0, 2.0, 2.0, 2.0]",0.875
21c0033d52fd5d2e,1.0,1.0,1.0,1.0,0.9840664923012177,1.0,1.0,1.0,0.9943094615361492,True,2021.07.09.15.53.28_veh-38_00184_02293,0,1625847523.500242,664268.814452521,3996285.2514821137,664286.8186802312,3996285.9805072453,1.0,"[5.0, 5.0, 2.0, 2.0, 2.0]",0.9950207788441305
2289e9f520ca5cb5,1.0,1.0,1.0,1.0,1.0,1.0,1.0,1.0,0.8571428571428571,True,2021.07.09.15.53.28_veh-38_00184_02293,0,1625847189.500105,664439.1774533442,3997206.890747018,664435.0873827337,3997244.277235958,1.0,"[5.0, 5.0, 2.0, 2.0, 2.0]",1.0
2326cface78153de,1.0,1.0,1.0,1.0,1.0,1.0,1.0,1.0,1.0,True,2021.07.09.15.53.28_veh-38_00184_02293,0,1625847435.999775,664449.9158427764,3996691.528681067,664449.4121883445,3996706.4346932024,1.0,"[5.0, 5.0, 2.0, 2.0, 2.0]",1.0
2376051bafd45146,1.0,1.0,1.0,1.0,1.0,1.0,1.0,1.0,0.8571428571428571,True,2021.07.09.15.53.28_veh-38_00184_02293,0,1625848183.000372,664568.692089622,3997903.3543946217,664584.9629769064,3997896.6971599557,,"[5.0, 5.0, 2.0, 2.0, 0.0]",1.0
23c7e87c04f759c9,1.0,1.0,1.0,1.0,1.0,1.0,1.0,1.0,1.0,True,2021.07.09.15.53.28_veh-38_00184_02293,0,1625846759.500001,664481.0095436187,3996654.196668003,664481.3804943383,3996631.0740335872,1.0,"[5.0, 5.0, 2.0, 2.0, 2.0]",1.0
2406f00812785216,1.0,1.0,1.0,0.0,1.0,1.0,1.0,1.0,0.0,True,2021.07.09.15.53.28_veh-38_00184_02293,0,1625846762.000619,664481.0527612133,3996656.9849118874,664481.0968190271,3996647.5289010787,1.0,"[5.0, 5.0, 2.0, 2.0, 2.0]",0.0
243432f80b85567a,1.0,1.0,1.0,1.0,1.0,1.0,1.0,1.0,1.0,True,2021.07.09.15.53.28_veh-38_00184_02293,0,1625848303.999825,664435.4263841994,3997371.3981095618,664435.0902087463,3997388.003888122,1.0,"[5.0, 5.0, 2.0, 2.0, 2.0]",1.0
24c57bb0eceb546a,1.0,1.0,1.0,1.0,1.0,1.0,1.0,1.0,1.0,True,2021.07.09.15.53.28_veh-38_00184_02293,0,1625847228.0006309,664441.1937984421,3997080.8320975592,664440.6900934009,3997104.7826609737,1.0,"[5.0, 5.0, 2.0, 2.0, 2.0]",1.0
24f6ff800c7758e8,1.0,1.0,1.0,1.0,1.0,1.0,1.0,1.0,1.0,True,2021.07.09.15.53.28_veh-38_00184_02293,0,1625847925.4998019,664470.1036500386,3997476.8096015304,664470.1017636716,3997475.05230796,1.0,"[5.0, 5.0, 2.0, 2.0, 2.0]",1.0
2518c058a2765f66,1.0,1.0,1.0,1.0,1.0,1.0,1.0,1.0,1.0,True,2021.07.09.15.53.28_veh-38_00184_02293,0,1625846362.499879,664441.1314746228,3997078.8361021276,664440.8013237542,3997098.4436309286,1.0,"[5.0, 5.0, 2.0, 2.0, 2.0]",1.0
25b3e3f15fcc5058,1.0,1.0,1.0,1.0,1.0,1.0,1.0,1.0,1.0,True,2021.07.09.15.53.28_veh-38_00184_02293,0,1625847533.9998178,664252.2076244378,3996284.7433690187,664264.3215149706,3996285.0910853934,1.0,"[5.0, 5.0, 2.0, 2.0, 2.0]",1.0
263e3ce08f7e5a9e,1.0,1.0,1.0,1.0,1.0,1.0,1.0,1.0,1.0,True,2021.07.09.15.53.28_veh-38_00184_02293,0,1625846832.499795,664481.4465786755,3996702.361601228,664481.0861252988,3996666.1719276286,1.0,"[5.0, 5.0, 2.0, 2.0, 2.0]",1.0
2660a8dfda2a550d,1.0,1.0,1.0,1.0,1.0,1.0,1.0,1.0,1.0,True,2021.07.09.15.53.28_veh-38_00184_02293,0,1625848197.500038,664505.6635660948,3997877.558822393,664527.6274788106,3997878.650409006,,"[5.0, 5.0, 2.0, 2.0, 0.0]",1.0
276846ef566e5945,1.0,1.0,1.0,1.0,0.8755686308261152,1.0,1.0,1.0,0.9555602252950413,True,2021.07.09.15.53.28_veh-38_00184_02293,0,1625848004.999987,664464.9794456348,3997766.4809600245,664465.692256213,3997734.7007122925,1.0,"[5.0, 5.0, 2.0, 2.0, 2.0]",0.9611151971331611
27d7adfa2e2d541b,1.0,1.0,1.0,1.0,1.0,1.0,1.0,1.0,1.0,True,2021.07.09.15.53.28_veh-38_00184_02293,0,1625847435.4999669,664449.8509100351,3996694.7260674713,664449.4110336232,3996706.4845253527,1.0,"[5.0, 5.0, 2.0, 2.0, 2.0]",1.0
27df9e405dfa51cf,1.0,1.0,1.0,1.0,1.0,1.0,1.0,1.0,1.0,True,2021.07.09.15.53.28_veh-38_00184_02293,0,1625848395.999819,664448.2413275915,3996769.543168647,664446.5776270578,3996809.1436349745,0.0,"[5.0, 5.0, 2.0, 2.0, 2.0]",0.875
2836a66135315e7f,1.0,0.0,1.0,1.0,1.0,1.0,1.0,1.0,0.0,True,2021.07.09.15.53.28_veh-38_00184_02293,0,1625847602.000536,664252.0124870364,3996267.1825712505,664243.4676243373,3996254.593152315,1.0,"[5.0, 5.0, 2.0, 2.0, 2.0]",0.0
293144d2f3ec5131,1.0,1.0,1.0,1.0,1.0,1.0,1.0,1.0,1.0,True,2021.07.09.15.53.28_veh-38_00184_02293,0,1625848342.5004559,664437.7656808873,3997066.908214302,664437.7578814875,3997067.9269031286,1.0,"[5.0, 5.0, 2.0, 2.0, 2.0]",1.0
2962782cdb8e59b1,1.0,1.0,1.0,1.0,1.0,1.0,1.0,1.0,1.0,True,2021.07.09.15.53.28_veh-38_00184_02293,0,1625846512.9999728,664250.0419194578,3996284.691181614,664264.3172498553,3996285.129147121,1.0,"[5.0, 5.0, 2.0, 2.0, 2.0]",1.0
297c4fe13c4c5640,1.0,1.0,1.0,1.0,1.0,1.0,1.0,1.0,1.0,True,2021.07.09.15.53.28_veh-38_00184_02293,0,1625848148.0006258,664573.880516923,3997844.703161591,664552.6485822259,3997849.613591659,1.0,"[5.0, 5.0, 2.0, 2.0, 2.0]",1.0
2999ded848495d55,1.0,1.0,1.0,1.0,1.0,1.0,1.0,1.0,1.0,True,2021.07.09.15.53.28_veh-38_00184_02293,0,1625847535.000109,664246.790667743,3996284.663448046,664263.9566397045,3996285.079100032,1.0,"[5.0, 5.0, 2.0, 2.0, 2.0]",1.0
2add9922dc495e95,1.0,1.0,1.0,1.0,0.8695583195030816,1.0,1.0,1.0,0.9534136855368148,True,2021.07.09.15.53.28_veh-38_00184_02293,0,1625848400.499574,664448.7451587635,3996749.6631765827,664448.214803518,3996767.4699927843,1.0,"[5.0, 5.0, 2.0, 2.0, 2.0]",0.9592369748447129
2bade763a35e571a,1.0,1.0,1.0,1.0,1.0,1.0,1.0,1.0,1.0,True,2021.07.09.15.53.28_veh-38_00184_02293,0,1625846474.4998279,664376.6215069541,3996293.1878363765,664389.9285866764,3996294.272889907,1.0,"[5.0, 5.0, 2.0, 2.0, 2.0]",1.0
2c1db842cc915519,1.0,1.0,1.0,1.0,1.0,1.0,1.0,1.0,1.0,True,2021.07.09.15.53.28_veh-38_00184_02293,0,1625847436.499769,664450.0439471941,3996687.824214592,664449.4226289554,3996706.0580333755,1.0,"[5.0, 5.0, 2.0, 2.0, 2.0]",1.0
2d903e0fb16154d9,1.0,1.0,1.0,1.0,1.0,1.0,1.0,1.0,1.0,True,2021.07.09.15.53.28_veh-38_00184_02293,0,1625846632.5004408,664321.4723503104,3996278.4010327333,664306.0432945186,3996278.0929919197,1.0,"[5.0, 5.0, 2.0, 2.0, 2.0]",1.0
2d9e55899f36514b,1.0,1.0,1.0,1.0,1.0,1.0,1.0,1.0,1.0,True,2021.07.09.15.53.28_veh-38_00184_02293,0,1625846540.499933,664187.2375839943,3996249.0560439806,664179.4358237005,3996262.6131397192,1.0,"[5.0, 5.0, 2.0, 2.0, 2.0]",1.0
2da0a5236af95e03,1.0,1.0,1.0,1.0,0.8960216059536129,1.0,1.0,1.0,0.9628648592691474,True,2021.07.09.15.53.28_veh-38_00184_02293,0,1625846433.500011,664455.7641167396,3996375.2341490583,664454.1058084501,3996426.3428076473,,"[5.0, 5.0, 2.0, 2.0, 0.0]",0.9628648592691474
2f096c8bde855396,1.0,1.0,1.0,1.0,0.9530410560663444,1.0,1.0,1.0,0.983228948595123,True,2021.07.09.15.53.28_veh-38_00184_02293,0,1625848006.999861,664464.8445696549,3997777.1287520677,664465.3083833557,3997752.845300461,1.0,"[5.0, 5.0, 2.0, 2.0, 2.0]",0.9853253300207326
2f2535fbdd395025,1.0,1.0,1.0,1.0,1.0,1.0,1.0,1.0,1.0,True,2021.07.09.15.53.28_veh-38_00184_02293,0,1625846499.000424,664280.6069827323,3996285.6037143096,664303.1125518624,3996287.8552107154,1.0,"[5.0, 5.0, 2.0, 2.0, 2.0]",1.0
308b33a531c35c7a,1.0,1.0,1.0,1.0,0.8529464407354839,1.0,1.0,1.0,0.9474808716912442,True,2021.07.09.15.53.28_veh-38_00184_02293,0,1625847474.000042,664452.5056073559,3996326.25205728,664453.266326804,3996355.334277942,1.0,"[5.0, 5.0, 2.0, 2.0, 2.0]",0.9540457627298387
309d25c4b0535a45,1.0,1.0,1.0,1.0,0.967458567275231,1.0,1.0,1.0,0.988378059741154,True,2021.07.09.15.53.28_veh-38_00184_02293,0,1625847460.999971,664454.890257249,3996397.235697853,664453.7714876599,3996435.31007069,1.0,"[5.0, 5.0, 2.0, 2.0, 2.0]",0.9898308022735097
313b06564bf854e4,1.0,1.0,1.0,1.0,1.0,1.0,1.0,1.0,1.0,True,2021.07.09.15.53.28_veh-38_00184_02293,0,1625847559.500458,664182.5165974462,3996258.1473136395,664179.1615184238,3996275.2615306196,0.0,"[5.0, 5.0, 2.0, 2.0, 2.0]",0.875
321512a956a25984,1.0,1.0,1.0,1.0,0.870465448919945,1.0,1.0,1.0,0.9537376603285518,True,2021.07.09.15.53.28_veh-38_00184_02293,0,1625848004.500231,664465.0340724442,3997764.1272979286,664465.765815078,3997729.6605194183,1.0,"[5.0, 5.0, 2.0, 2.0, 2.0]",0.9595204527874828
34ccd8a9f6eb525f,1.0,1.0,1.0,1.0,0.9044664190511916,1.0,1.0,1.0,0.9658808639468541,True,2021.07.09.15.53.28_veh-38_00184_02293,0,1625847524.000651,664267.7948698634,3996285.1918229633,664284.0956817839,3996285.8480961816,1.0,"[5.0, 5.0, 2.0, 2.0, 2.0]",0.9701457559534974
34d91cf9391650ff,1.0,1.0,1.0,1.0,1.0,1.0,1.0,1.0,1.0,True,2021.07.09.15.53.28_veh-38_00184_02293,0,1625847599.000015,664246.54018145,3996257.6783708637,664234.409481127,3996250.435819376,1.0,"[5.0, 5.0, 2.0, 2.0, 2.0]",1.0
35fa5b32dd805853,1.0,1.0,1.0,1.0,0.7732779827681562,1.0,1.0,1.0,0.9190278509886272,True,2021.07.09.15.53.28_veh-38_00184_02293,0,1625846531.000382,664186.3395900269,3996282.314503018,664194.9561269927,3996283.0756152063,1.0,"[5.0, 5.0, 2.0, 2.0, 2.0]",0.9291493696150488
3670adfe926f58a0,1.0,1.0,1.0,1.0,0.7506584779187759,1.0,1.0,0.0,0.76809231354242,True,2021.07.09.15.53.28_veh-38_00184_02293,0,1625846511.500031,664257.554277345,3996284.948975973,664264.3701449634,3996285.1488091066,,"[5.0, 5.0, 2.0, 2.0, 0.0]",0.76809231354242
367be156a8a05da3,1.0,1.0,1.0,1.0,1.0,1.0,1.0,1.0,1.0,True,2021.07.09.15.53.28_veh-38_00184_02293,0,1625848119.5003018,664463.4146662271,3997822.767066258,664464.4093989645,3997795.876700842,1.0,"[5.0, 5.0, 2.0, 2.0, 2.0]",1.0
36a8cfb3a3f05f1d,1.0,1.0,1.0,1.0,0.8526454805227456,1.0,1.0,1.0,0.9473733859009805,True,2021.07.09.15.53.28_veh-38_00184_02293,0,1625847843.0002918,664481.6355768704,3996610.98950106,664481.7779785746,3996606.406783898,,"[5.0, 5.0, 2.0, 2.0, 0.0]",0.9473733859009805
3756eb6991b05447,1.0,1.0,1.0,1.0,1.0,1.0,1.0,0.0,0.8571428571428571,True,2021.07.09.15.53.28_veh-38_00184_02293,0,1625846461.499696,664422.2689046353,3996296.2669453137,664445.932207976,3996299.237583829,0.0,"[5.0, 5.0, 2.0, 2.0, 2.0]",0.75
375752a086d35d43,1.0,1.0,1.0,1.0,0.8731880956135348,1.0,1.0,1.0,0.9547100341476911,True,2021.07.09.15.53.28_veh-38_00184_02293,0,1625846365.999703,664441.1180435915,3997077.573469049,664441.0568445458,3997080.8500688323,1.0,"[5.0, 5.0, 2.0, 2.0, 2.0]",0.9603712798792297
3898b733bbd9584b,1.0,1.0,1.0,1.0,1.0,1.0,1.0,1.0,1.0,True,2021.07.09.15.53.28_veh-38_00184_02293,0,1625847221.9999769,664440.6062812922,3997111.077357805,664440.409527231,3997119.883222098,,"[5.0, 5.0, 2.0, 2.0, 0.0]",1.0
38b30ef31fcf5fa7,1.0,1.0,1.0,1.0,0.8990935896119284,1.0,1.0,0.0,0.8211048534328315,True,2021.07.09.15.53.28_veh-38_00184_02293,0,1625846532.499678,664181.1062188726,3996278.865633234,664193.2059211569,3996283.0480749407,0.0,"[5.0, 5.0, 2.0, 2.0, 2.0]",0.7184667467537276
38c5e5d2250f5c35,1.0,1.0,1.0,1.0,0.8934514780641173,1.0,1.0,1.0,0.9619469564514704,True,2021.07.09.15.53.28_veh-38_00184_02293,0,1625847506.499759,664327.5083347901,3996289.6821282953,664343.380988022,3996289.806136461,1.0,"[5.0, 5.0, 2.0, 2.0, 2.0]",0.9667035868950367
38fd20139a7c5e3b,1.0,1.0,1.0,1.0,0.868707316664379,1.0,1.0,1.0,0.953109755951564,True,2021.07.09.15.53.28_veh-38_00184_02293,0,1625847751.500345,664486.5140223085,3996321.1305236723,664473.6562468947,3996291.4478861853,0.0,"[5.0, 5.0, 2.0, 2.0, 2.0]",0.8339710364576185
391be454a99b54ff,1.0,1.0,1.0,1.0,0.8577543992255102,1.0,1.0,1.0,0.9491979997233965,True,2021.07.09.15.53.28_veh-38_00184_02293,0,1625846492.4998798,664315.0491891128,3996289.452794931,664325.3462276853,3996289.7618750837,1.0,"[5.0, 5.0, 2.0, 2.0, 2.0]",0.9555482497579719
39940790a4e65d88,1.0,1.0,1.0,1.0,1.0,1.0,1.0,1.0,0.8571428571428571,True,2021.07.09.15.53.28_veh-38_00184_02293,0,1625847569.000474,664204.4120857352,3996245.740157361,664197.8928323089,3996246.420448094,1.0,"[5.0, 5.0, 2.0, 2.0, 2.0]",1.0
39b992f840615959,1.0,1.0,1.0,1.0,1.0,1.0,1.0,1.0,1.0,True,2021.07.09.15.53.28_veh-38_00184_02293,0,1625846377.000342,664441.3663205417,3997061.794501731,664441.1207144602,3997076.9532154584,1.0,"[5.0, 5.0, 2.0, 2.0, 2.0]",1.0
39c553550c3a5111,1.0,1.0,1.0,1.0,0.9826950981510573,1.0,1.0,1.0,0.9938196779110918,True,2021.07.09.15.53.28_veh-38_00184_02293,0,1625848302.500699,664435.3306345281,3997376.08998937,664434.8637546235,3997397.2565409574,1.0,"[5.0, 5.0, 2.0, 2.0, 2.0]",0.9945922181722053
3cabdd7617765132,1.0,1.0,1.0,1.0,0.984671094945359,1.0,1.0,1.0,0.9945253910519138,True,2021.07.09.15.53.28_veh-38_00184_02293,0,1625847459.999619,664454.7644400366,3996405.2095124563,664453.4372831794,3996446.593036512,,"[5.0, 5.0, 2.0, 2.0, 0.0]",0.9945253910519138
3d1c606df74c5140,1.0,1.0,1.0,1.0,1.0,0.0,1.0,1.0,0.5,True,2021.07.09.15.53.28_veh-38_00184_02293,0,1625848160.500082,664594.6957369134,3997883.7606796212,664597.5476778961,3997871.114725941,1.0,"[5.0, 5.0, 2.0, 2.0, 2.0]",0.6875
3d2dfc0d66f65d40,1.0,1.0,1.0,1.0,1.0,1.0,1.0,1.0,0.8571428571428571,True,2021.07.09.15.53.28_veh-38_00184_02293,0,1625848187.000362,664550.7959563808,3997897.615558831,664569.2396925152,3997902.9014078598,1.0,"[5.0, 5.0, 2.0, 2.0, 2.0]",1.0
3d9a843bb43355c8,1.0,1.0,1.0,1.0,1.0,1.0,1.0,1.0,0.0,True,2021.07.09.15.53.28_veh-38_00184_02293,0,1625847116.500758,664429.9264378144,3997832.411672659,664436.7799047271,3997862.5865208167,,"[5.0, 5.0, 2.0, 2.0, 0.0]",1.0
3dee1555ce6f55fb,1.0,1.0,1.0,1.0,1.0,1.0,1.0,1.0,1.0,True,2021.07.09.15.53.28_veh-38_00184_02293,0,1625848243.000237,664430.5984026286,3997629.017717535,664430.317402051,3997646.590465328,1.0,"[5.0, 5.0, 2.0, 2.0, 2.0]",1.0
3df10ba27fc150ed,1.0,1.0,1.0,1.0,1.0,1.0,1.0,1.0,1.0,True,2021.07.09.15.53.28_veh-38_00184_02293,0,1625846549.500329,664206.3322596215,3996245.877748872,664202.3731492084,3996245.9361235206,1.0,"[5.0, 5.0, 2.0, 2.0, 2.0]",1.0
3e0257f56dbc5db0,1.0,1.0,1.0,1.0,1.0,1.0,1.0,1.0,1.0,True,2021.07.09.15.53.28_veh-38_00184_02293,0,1625847519.500175,664285.6841113751,3996285.8868847364,664308.4815670426,3996288.686462878,,"[5.0, 5.0, 2.0, 2.0, 0.0]",1.0
3e34460024d45739,1.0,1.0,1.0,1.0,1.0,1.0,1.0,1.0,1.0,True,2021.07.09.15.53.28_veh-38_00184_02293,0,1625847203.500382,664440.465517102,3997120.313013932,664440.172436391,3997135.2106963987,1.0,"[5.0, 5.0, 2.0, 2.0, 2.0]",1.0
3e9b3b4c0fa85ceb,1.0,1.0,1.0,1.0,1.0,1.0,1.0,1.0,1.0,True,2021.07.09.15.53.28_veh-38_00184_02293,0,1625847496.500757,664374.8070283275,3996293.214382282,664388.6161976546,3996294.206489144,1.0,"[5.0, 5.0, 2.0, 2.0, 2.0]",1.0
3ea3416c97095653,1.0,1.0,1.0,1.0,1.0,1.0,1.0,1.0,1.0,True,2021.07.09.15.53.28_veh-38_00184_02293,0,1625846376.000644,664441.2648214133,3997067.5599339115,664441.1130658339,3997077.7187686157,1.0,"[5.0, 5.0, 2.0, 2.0, 2.0]",1.0
3eca216626d256b3,1.0,1.0,1.0,1.0,1.0,1.0,1.0,1.0,1.0,True,2021.07.09.15.53.28_veh-38_00184_02293,0,1625846367.500301,664441.1033524009,3997078.0409627273,664441.1268015463,3997078.367523675,1.0,"[5.0, 5.0, 2.0, 2.0, 2.0]",1.0
3f19c7116880578a,1.0,1.0,1.0,1.0,1.0,1.0,1.0,1.0,1.0,True,2021.07.09.15.53.28_veh-38_00184_02293,0,1625846640.0003269,664365.558691765,3996281.35884039,664341.3776747792,3996280.396334207,1.0,"[5.0, 5.0, 2.0, 2.0, 2.0]",1.0
3fdb06fa757c5bc4,1.0,1.0,1.0,1.0,1.0,1.0,1.0,1.0,1.0,True,2021.07.09.15.53.28_veh-38_00184_02293,0,1625846602.5000129,664230.3329996555,3996243.7389537273,664217.4882235312,3996242.687798816,1.0,"[5.0, 5.0, 2.0, 2.0, 2.0]",1.0
403a5dbfac5e5dc0,1.0,1.0,1.0,1.0,1.0,1.0,1.0,1.0,1.0,True,2021.07.09.15.53.28_veh-38_00184_02293,0,1625847780.499807,664481.7532455048,3996607.496077788,664482.0160164619,3996597.209735277,1.0,"[5.0, 5.0, 2.0, 2.0, 2.0]",1.0
40f9eae0b93e5fa4,1.0,1.0,1.0,1.0,0.8360571047733109,1.0,1.0,1.0,0.7985918231333253,True,2021.07.09.15.53.28_veh-38_00184_02293,0,1625848158.999964,664596.53382331,3997879.4230158613,664595.9813375336,3997865.6393657085,1.0,"[5.0, 5.0, 2.0, 2.0, 2.0]",0.9487678452416597
41c88af990a15d28,1.0,1.0,1.0,1.0,0.9839251653595463,1.0,1.0,1.0,0.9942589876284094,True,2021.07.09.15.53.28_veh-38_00184_02293,0,1625848240.999966,664430.6041181281,3997634.443970637,664429.9801965689,3997662.2925060145,1.0,"[5.0, 5.0, 2.0, 2.0, 2.0]",0.9949766141748582
426ed461133659f6,1.0,1.0,1.0,1.0,1.0,1.0,1.0,1.0,1.0,True,2021.07.09.15.53.28_veh-38_00184_02293,0,1625847472.500056,664452.5074846209,3996337.268880848,664454.2251512357,3996363.6176388757,,"[5.0, 5.0, 2.0, 2.0, 0.0]",1.0
430e3153311b5792,1.0,1.0,1.0,1.0,1.0,1.0,1.0,1.0,1.0,True,2021.07.09.15.53.28_veh-38_00184_02293,0,1625847522.4993649,664270.8474007202,3996285.318369154,664292.3558622189,3996286.3726396733,1.0,"[5.0, 5.0, 2.0, 2.0, 2.0]",1.0
43780b9368175ad1,1.0,1.0,1.0,1.0,1.0,1.0,1.0,1.0,0.8571428571428571,True,2021.07.09.15.53.28_veh-38_00184_02293,0,1625848131.500299,664483.95258807,3997861.7157377456,664465.4622948412,3997855.8390660267,0.0,"[5.0, 5.0, 2.0, 2.0, 2.0]",0.875
450824ec3ef35679,1.0,1.0,1.0,1.0,0.9671783699781414,1.0,1.0,1.0,0.8454208464207648,True,2021.07.09.15.53.28_veh-38_00184_02293,0,1625847569.500094,664204.1636114118,3996245.7934700646,664198.9718570671,3996246.2318043006,1.0,"[5.0, 5.0, 2.0, 2.0, 2.0]",0.9897432406181692
451778af83945a84,1.0,1.0,1.0,1.0,1.0,1.0,1.0,1.0,0.8571428571428571,True,2021.07.09.15.53.28_veh-38_00184_02293,0,1625847189.000344,664438.7726386348,3997210.690618601,664434.6337121285,3997250.2025903794,0.0,"[5.0, 5.0, 2.0, 2.0, 2.0]",0.875
4531dcdda8b55e7e,1.0,1.0,1.0,1.0,1.0,1.0,1.0,1.0,1.0,True,2021.07.09.15.53.28_veh-38_00184_02293,0,1625848215.9997358,664430.3635419863,3997845.6978054726,664436.2585372111,3997863.977545291,0.0,"[5.0, 5.0, 2.0, 2.0, 2.0]",0.875
454730f7ec7a53d5,1.0,1.0,1.0,0.0,1.0,1.0,1.0,1.0,0.0,True,2021.07.09.15.53.28_veh-38_00184_02293,0,1625846441.500174,664452.5744697545,3996314.993042445,664452.3160452147,3996337.3177234563,1.0,"[5.0, 5.0, 2.0, 2.0, 2.0]",0.0
455a180c084a5fe3,1.0,1.0,1.0,1.0,1.0,1.0,1.0,1.0,1.0,True,2021.07.09.15.53.28_veh-38_00184_02293,0,1625847557.000161,664178.4430982352,3996268.6675296626,664186.3007808051,3996282.3187794792,0.0,"[5.0, 5.0, 2.0, 2.0, 2.0]",0.875
4654d4efac165b55,1.0,1.0,1.0,1.0,1.0,1.0,1.0,1.0,1.0,True,2021.07.09.15.53.28_veh-38_00184_02293,0,1625847777.500391,664481.8003013687,3996602.9422473386,664482.6827267554,3996574.429577842,1.0,"[5.0, 5.0, 2.0, 2.0, 2.0]",1.0
46f4df809f995260,1.0,1.0,1.0,1.0,1.0,1.0,1.0,1.0,1.0,True,2021.07.09.15.53.28_veh-38_00184_02293,0,1625846456.000737,664451.3595277533,3996303.1434039143,664452.5500814012,3996315.0777840572,1.0,"[5.0, 5.0, 2.0, 2.0, 2.0]",1.0
4761f5676fad5760,1.0,1.0,1.0,1.0,0.8975385673297829,1.0,1.0,1.0,0.9634066311892082,True,2021.07.09.15.53.28_veh-38_00184_02293,0,1625847513.99959,664314.2601631449,3996289.4432534873,664325.5821758518,3996289.688754067,1.0,"[5.0, 5.0, 2.0, 2.0, 2.0]",0.9679808022905572
4800b224fabb56f2,1.0,1.0,1.0,1.0,0.8511810947269792,1.0,1.0,1.0,0.9468503909739212,True,2021.07.09.15.53.28_veh-38_00184_02293,0,1625846758.50067,664481.0166796583,3996650.8294990454,664481.5941381532,3996622.6391161857,,"[5.0, 5.0, 2.0, 2.0, 0.0]",0.9468503909739212
48e72666aed858f6,1.0,1.0,1.0,1.0,1.0,1.0,1.0,1.0,1.0,True,2021.07.09.15.53.28_veh-38_00184_02293,0,1625848149.500082,664580.8535305113,3997847.259928175,664560.1610240956,3997846.451955883,1.0,"[5.0, 5.0, 2.0, 2.0, 2.0]",1.0
49de524392295e5e,1.0,1.0,1.0,0.0,1.0,1.0,1.0,1.0,0.0,True,2021.07.09.15.53.28_veh-38_00184_02293,0,1625848217.0000958,664430.3870588681,3997843.606247652,664433.1350956239,3997858.704984054,1.0,"[5.0, 5.0, 2.0, 2.0, 2.0]",0.0
4a0f91eff7365a83,1.0,1.0,1.0,1.0,0.9833479378904899,1.0,1.0,1.0,0.9940528349608891,True,2021.07.09.15.53.28_veh-38_00184_02293,0,1625846888.9998689,664470.4094731725,3997466.0445798337,664471.4778917274,3997415.1359806643,,"[5.0, 5.0, 2.0, 2.0, 0.0]",0.9940528349608891
4b5083dbc8205fd4,1.0,1.0,1.0,1.0,1.0,1.0,1.0,1.0,1.0,True,2021.07.09.15.53.28_veh-38_00184_02293,0,1625848303.0003378,664435.3469197507,3997375.383400278,664434.9466158379,3997393.951483568,1.0,"[5.0, 5.0, 2.0, 2.0, 2.0]",1.0
4bc9550363e85b1a,1.0,1.0,1.0,1.0,1.0,1.0,1.0,1.0,1.0,True,2021.07.09.15.53.28_veh-38_00184_02293,0,1625847228.500675,664441.290005777,3997077.104575396,664440.7373526378,3997102.6834913255,1.0,"[5.0, 5.0, 2.0, 2.0, 2.0]",1.0
4c93ba429cab5645,1.0,1.0,1.0,1.0,1.0,1.0,1.0,1.0,1.0,True,2021.07.09.15.53.28_veh-38_00184_02293,0,1625847779.999843,664481.7121590899,3996607.539045301,664482.1006589171,3996594.26420575,1.0,"[5.0, 5.0, 2.0, 2.0, 2.0]",1.0
4d0eb0b583f853ff,1.0,1.0,1.0,1.0,0.8742847617951347,1.0,1.0,1.0,0.9551017006411195,True,2021.07.09.15.53.28_veh-38_00184_02293,0,1625847782.000553,664481.7591660715,3996606.979596241,664481.8363500905,3996603.6004662565,1.0,"[5.0, 5.0, 2.0, 2.0, 2.0]",0.9607139880609796
4d134b35adf65ce9,1.0,1.0,1.0,1.0,0.975113678529344,1.0,1.0,1.0,0.9911120280461942,True,2021.07.09.15.53.28_veh-38_00184_02293,0,1625846360.5004978,664441.0789913796,3997085.347979058,664440.5414499475,3997115.174114904,1.0,"[5.0, 5.0, 2.0, 2.0, 2.0]",0.99222302454042
4d3bbcab2f7e5b9c,1.0,1.0,1.0,1.0,1.0,1.0,1.0,1.0,1.0,True,2021.07.09.15.53.28_veh-38_00184_02293,0,1625847158.5004508,664430.8940199991,3997592.7130398313,664430.5098496673,3997614.6885198625,1.0,"[5.0, 5.0, 2.0, 2.0, 2.0]",1.0
4e6d17912b905e9e,1.0,1.0,1.0,1.0,1.0,1.0,1.0,1.0,1.0,True,2021.07.09.15.53.28_veh-38_00184_02293,0,1625847779.000339,664481.7464827797,3996606.653138668,664482.3213558438,3996587.2845262256,1.0,"[5.0, 5.0, 2.0, 2.0, 2.0]",1.0
4f1bb67e8f4356a0,1.0,1.0,1.0,1.0,0.9944252730808908,1.0,1.0,1.0,0.998009026100318,True,2021.07.09.15.53.28_veh-38_00184_02293,0,1625848214.9999409,664430.5170063575,3997849.0381452246,664440.6613416466,3997868.7227708814,0.0,"[5.0, 5.0, 2.0, 2.0, 2.0]",0.8732578978377783
4f733785b3b35f8a,1.0,1.0,1.0,1.0,0.659935660196537,1.0,1.0,0.0,0.7356913072130489,True,2021.07.09.15.53.28_veh-38_00184_02293,0,1625847512.500131,664319.9542139018,3996289.6107870787,664327.3052006152,3996289.692995077,,"[5.0, 5.0, 2.0, 2.0, 0.0]",0.7356913072130489
4f8295d76d505277,1.0,1.0,1.0,1.0,0.8331246711586252,1.0,1.0,1.0,0.9404016682709376,True,2021.07.09.15.53.28_veh-38_00184_02293,0,1625848009.499785,664464.6344300692,3997785.268751418,664465.0389731828,3997768.6217015497,1.0,"[5.0, 5.0, 2.0, 2.0, 2.0]",0.9478514597370704
4f9307fe01455d95,1.0,1.0,1.0,1.0,0.7061643207616074,1.0,1.0,1.0,0.8950586859862882,True,2021.07.09.15.53.28_veh-38_00184_02293,0,1625846530.500687,664188.2459415077,3996282.7232782687,664195.5407535711,3996283.072398303,1.0,"[5.0, 5.0, 2.0, 2.0, 2.0]",0.9081763502380023
4fa81c07c7d75515,1.0,1.0,1.0,1.0,1.0,1.0,1.0,0.0,0.8571428571428571,True,2021.07.09.15.53.28_veh-38_00184_02293,0,1625846535.9998598,664178.6811652256,3996264.194856995,664183.2570106101,3996280.5455354075,0.0,"[5.0, 5.0, 2.0, 2.0, 2.0]",0.75
505332fa85dc5953,1.0,1.0,1.0,1.0,1.0,1.0,1.0,1.0,0.0,True,2021.07.09.15.53.28_veh-38_00184_02293,0,1625847117.0004208,664429.9427655588,3997827.2219946673,664434.8806159849,3997859.934709685,0.0,"[5.0, 5.0, 2.0, 2.0, 2.0]",0.875
50a4d68137ac5d01,1.0,1.0,1.0,1.0,1.0,1.0,1.0,1.0,1.0,True,2021.07.09.15.53.28_veh-38_00184_02293,0,1625848403.9997408,664448.7014925219,3996747.5302106016,664448.6369877545,3996752.190991184,1.0,"[5.0, 5.0, 2.0, 2.0, 2.0]",1.0
512f45f4f0ab5a1b,1.0,1.0,1.0,1.0,1.0,1.0,1.0,1.0,1.0,True,2021.07.09.15.53.28_veh-38_00184_02293,0,1625848149.000418,664578.8133121274,3997846.2090869327,664557.5705801268,3997847.3413225934,1.0,"[5.0, 5.0, 2.0, 2.0, 2.0]",1.0
5185fdb2837d502b,1.0,1.0,1.0,1.0,0.996067223276709,1.0,1.0,1.0,0.9985954368845389,True,2021.07.09.15.53.28_veh-38_00184_02293,0,1625847201.99982,664440.4302694569,3997123.429683979,664439.9126315735,3997144.181721541,1.0,"[5.0, 5.0, 2.0, 2.0, 2.0]",0.9987710072739715
5280d017318c5f4f,1.0,1.0,1.0,1.0,1.0,1.0,1.0,1.0,1.0,True,2021.07.09.15.53.28_veh-38_00184_02293,0,1625847143.50018,664430.4602112746,3997615.2341677817,664430.4438534792,3997616.807266118,1.0,"[5.0, 5.0, 2.0, 2.0, 2.0]",1.0
5328c67f17ae5e3e,1.0,1.0,1.0,1.0,0.9064215512795131,1.0,1.0,1.0,0.9665791254569689,True,2021.07.09.15.53.28_veh-38_00184_02293,0,1625848005.499924,664464.9887930552,3997769.9912979794,664465.6014372583,3997739.6518268352,1.0,"[5.0, 5.0, 2.0, 2.0, 2.0]",0.9707567347748478
537866cb077d586d,1.0,1.0,1.0,1.0,1.0,1.0,1.0,1.0,1.0,True,2021.07.09.15.53.28_veh-38_00184_02293,0,1625847782.5005689,664481.7785516778,3996606.6934118997,664481.817084366,3996604.9090563213,1.0,"[5.0, 5.0, 2.0, 2.0, 2.0]",1.0
53947195964b5ddc,1.0,1.0,1.0,1.0,1.0,1.0,1.0,1.0,1.0,True,2021.07.09.15.53.28_veh-38_00184_02293,0,1625847227.5002859,664441.1426139617,3997084.503843236,664440.6553238418,3997106.729886494,1.0,"[5.0, 5.0, 2.0, 2.0, 2.0]",1.0
539519a77270528a,1.0,1.0,1.0,1.0,1.0,1.0,1.0,1.0,1.0,True,2021.07.09.15.53.28_veh-38_00184_02293,0,1625846550.000752,664205.7814605329,3996245.8712537726,664203.5603757063,3996245.924336443,1.0,"[5.0, 5.0, 2.0, 2.0, 2.0]",1.0
54631ddbf6855a9a,1.0,1.0,1.0,1.0,1.0,1.0,1.0,1.0,1.0,True,2021.07.09.15.53.28_veh-38_00184_02293,0,1625848202.499843,664485.7151574912,3997877.295370827,664501.5661783285,3997877.549483802,1.0,"[5.0, 5.0, 2.0, 2.0, 2.0]",1.0
54cabf997c2e54ec,1.0,1.0,1.0,1.0,0.9506980883738327,1.0,1.0,1.0,0.982392174419226,True,2021.07.09.15.53.28_veh-38_00184_02293,0,1625848006.4999158,664464.868875655,3997774.8273066934,664465.3950597366,3997748.803550842,1.0,"[5.0, 5.0, 2.0, 2.0, 2.0]",0.9845931526168228
550c71438a10581d,1.0,1.0,1.0,1.0,1.0,1.0,1.0,1.0,1.0,True,2021.07.09.15.53.28_veh-38_00184_02293,0,1625846367.0001068,664441.1147164232,3997078.0672792476,664441.1203625313,3997078.8993801507,1.0,"[5.0, 5.0, 2.0, 2.0, 2.0]",1.0
55a358158723559c,1.0,1.0,1.0,1.0,1.0,1.0,1.0,1.0,1.0,True,2021.07.09.15.53.28_veh-38_00184_02293,0,1625847977.000308,664469.7939150226,3997491.694489376,664470.0665680977,3997476.9952953346,1.0,"[5.0, 5.0, 2.0, 2.0, 2.0]",1.0
55c60c81e14e5d94,1.0,1.0,1.0,1.0,1.0,1.0,1.0,1.0,1.0,True,2021.07.09.15.53.28_veh-38_00184_02293,0,1625848190.0006669,664540.9642170921,3997887.269596298,664555.4435159988,3997899.862711126,1.0,"[5.0, 5.0, 2.0, 2.0, 2.0]",1.0
562fcb37e4e05697,1.0,1.0,1.0,1.0,1.0,1.0,1.0,1.0,1.0,True,2021.07.09.15.53.28_veh-38_00184_02293,0,1625848143.5002809,664550.74473238,3997850.9177567014,664531.7456377523,3997860.4550230773,1.0,"[5.0, 5.0, 2.0, 2.0, 2.0]",1.0
5648007488815d22,1.0,1.0,1.0,0.0,1.0,1.0,1.0,1.0,0.0,True,2021.07.09.15.53.28_veh-38_00184_02293,0,1625847652.999912,664434.4273866446,3996285.8392259483,664432.2972434753,3996285.760133882,1.0,"[5.0, 5.0, 2.0, 2.0, 2.0]",0.0
56951c953e93531f,1.0,1.0,1.0,1.0,0.9395911162937941,1.0,1.0,1.0,0.978425398676355,True,2021.07.09.15.53.28_veh-38_00184_02293,0,1625848301.500406,664435.2978463932,3997379.858422765,664434.6987232353,3997404.475074524,1.0,"[5.0, 5.0, 2.0, 2.0, 2.0]",0.9811222238418107
56955c6aafab5e58,1.0,1.0,1.0,1.0,0.8358908888244139,1.0,1.0,1.0,0.9413896031515764,True,2021.07.09.15.53.28_veh-38_00184_02293,0,1625846728.4998279,664486.6163251604,3996325.738925961,664478.7482586767,3996295.9832247025,0.0,"[5.0, 5.0, 2.0, 2.0, 2.0]",0.8237159027576293
5727f0aed1fa5000,1.0,1.0,1.0,1.0,1.0,1.0,1.0,1.0,1.0,True,2021.07.09.15.53.28_veh-38_00184_02293,0,1625847846.000763,664481.2386582809,3996624.576469336,664481.7653509601,3996607.6504238728,1.0,"[5.0, 5.0, 2.0, 2.0, 2.0]",1.0
572befcf57675103,1.0,1.0,1.0,1.0,1.0,1.0,1.0,1.0,1.0,True,2021.07.09.15.53.28_veh-38_00184_02293,0,1625846363.5001929,664441.162090466,3997077.1358284545,664440.9204722388,3997091.752630089,1.0,"[5.0, 5.0, 2.0, 2.0, 2.0]",1.0
577dd51dad5c513c,1.0,0.0,1.0,1.0,1.0,1.0,1.0,1.0,0.0,True,2021.07.09.15.53.28_veh-38_00184_02293,0,1625848193.000099,664529.7554533735,3997878.7403552854,664544.4315090225,3997891.3976591867,1.0,"[5.0, 5.0, 2.0, 2.0, 2.0]",0.0
583d770feb1f50e6,1.0,1.0,1.0,1.0,1.0,1.0,1.0,1.0,1.0,True,2021.07.09.15.53.28_veh-38_00184_02293,0,1625847977.500062,664469.7600312686,3997495.159601654,664470.0462680022,3997477.5194157376,1.0,"[5.0, 5.0, 2.0, 2.0, 2.0]",1.0
58405a1838c55fce,1.0,1.0,1.0,1.0,1.0,1.0,1.0,1.0,1.0,True,2021.07.09.15.53.28_veh-38_00184_02293,0,1625847601.5003278,664251.6060067812,3996266.1564688454,664241.9836541113,3996253.3169898596,,"[5.0, 5.0, 2.0, 2.0, 0.0]",1.0
58877588439e5ce1,1.0,1.0,1.0,1.0,0.9445321365689907,1.0,1.0,1.0,0.9801900487746396,True,2021.07.09.15.53.28_veh-38_00184_02293,0,1625846458.499989,664440.1713733277,3996297.5413809624,664452.6609486095,3996310.031887269,1.0,"[5.0, 5.0, 2.0, 2.0, 2.0]",0.9826662926778096
5911aec9fe745d2a,1.0,1.0,1.0,1.0,0.7533410292205175,1.0,1.0,1.0,0.9119075104358991,True,2021.07.09.15.53.28_veh-38_00184_02293,0,1625847623.500021,664312.4151962765,3996278.0056599304,664303.3669834641,3996277.9123065057,1.0,"[5.0, 5.0, 2.0, 2.0, 2.0]",0.9229190716314117
59c510d3bccd5105,1.0,1.0,1.0,1.0,0.9826178847192684,1.0,1.0,1.0,0.993792101685453,True,2021.07.09.15.53.28_veh-38_00184_02293,0,1625848243.999553,664430.6154186777,3997628.376144054,664430.4172975144,3997640.463544566,1.0,"[5.0, 5.0, 2.0, 2.0, 2.0]",0.9945680889747713
5a0d659cee41562b,1.0,1.0,1.0,1.0,1.0,1.0,1.0,1.0,1.0,True,2021.07.09.15.53.28_veh-38_00184_02293,0,1625848342.0004768,664437.7899782223,3997066.5765319085,664437.7456722966,3997068.6900308174,1.0,"[5.0, 5.0, 2.0, 2.0, 2.0]",1.0
5afc918b7a185eaa,1.0,1.0,1.0,1.0,1.0,1.0,1.0,1.0,1.0,True,2021.07.09.15.53.28_veh-38_00184_02293,0,1625848191.000409,664538.0214791275,3997883.707502141,664551.410102982,3997897.6194445146,1.0,"[5.0, 5.0, 2.0, 2.0, 2.0]",1.0
5b1c2e8998585889,1.0,1.0,1.0,1.0,1.0,1.0,1.0,1.0,1.0,True,2021.07.09.15.53.28_veh-38_00184_02293,0,1625847475.999687,664452.870564121,3996313.855978063,664452.4818771003,3996341.8207319696,1.0,"[5.0, 5.0, 2.0, 2.0, 2.0]",1.0
5b31ae74a6235b13,1.0,1.0,1.0,1.0,1.0,1.0,1.0,1.0,1.0,True,2021.07.09.15.53.28_veh-38_00184_02293,0,1625846548.499825,664206.6695898548,3996245.890255089,664199.6774697389,3996245.971143634,1.0,"[5.0, 5.0, 2.0, 2.0, 2.0]",1.0
5b8ed32be3d355d2,1.0,1.0,1.0,1.0,0.985548277895609,1.0,1.0,1.0,0.9948386706770032,True,2021.07.09.15.53.28_veh-38_00184_02293,0,1625847138.0003629,664430.414992379,3997620.2714542365,664430.0219580397,3997646.1114751073,1.0,"[5.0, 5.0, 2.0, 2.0, 2.0]",0.9954838368423777
5bbe0b33a6375afe,1.0,1.0,1.0,1.0,1.0,1.0,1.0,1.0,0.8571428571428571,True,2021.07.09.15.53.28_veh-38_00184_02293,0,1625847570.99998,664203.3260637621,3996245.86459177,664201.9874367532,3996245.9242891967,1.0,"[5.0, 5.0, 2.0, 2.0, 2.0]",1.0
5bdbf4af20945e83,1.0,1.0,1.0,1.0,0.9729364605341673,1.0,1.0,1.0,0.990334450190774,True,2021.07.09.15.53.28_veh-38_00184_02293,0,1625848340.4998028,664437.8162306409,3997066.1524264975,664437.6891310642,3997072.6102210926,1.0,"[5.0, 5.0, 2.0, 2.0, 2.0]",0.9915426439169273
5be2f48d93925c02,1.0,1.0,1.0,1.0,0.7986679509245552,1.0,1.0,1.0,0.9280956967587697,True,2021.07.09.15.53.28_veh-38_00184_02293,0,1625848212.0007079,664435.7235749209,3997864.1164268875,664458.9733718814,3997876.5284141935,,"[5.0, 5.0, 2.0, 2.0, 0.0]",0.9280956967587697
5d0b6e2c0cad53ce,1.0,1.0,1.0,1.0,0.7416012262953448,1.0,1.0,1.0,0.9077147236769089,True,2021.07.09.15.53.28_veh-38_00184_02293,0,1625847512.999945,664318.1888541371,3996289.5448378418,664326.7970958084,3996289.6873522173,1.0,"[5.0, 5.0, 2.0, 2.0, 2.0]",0.9192503832172952
5d95e24db2fa5ada,1.0,1.0,1.0,1.0,1.0,1.0,1.0,1.0,1.0,True,2021.07.09.15.53.28_veh-38_00184_02293,0,1625847206.9999318,664440.4016241109,3997119.5079155904,664440.4275722858,3997122.024239179,1.0,"[5.0, 5.0, 2.0, 2.0, 2.0]",1.0
5eea58c0ed9d5b4d,1.0,1.0,1.0,1.0,1.0,1.0,1.0,1.0,1.0,True,2021.07.09.15.53.28_veh-38_00184_02293,0,1625847143.000397,664430.4813621565,3997614.740996255,664430.4482473236,3997617.865699886,1.0,"[5.0, 5.0, 2.0, 2.0, 2.0]",1.0
5f2e24464be0511a,1.0,1.0,1.0,1.0,1.0,1.0,1.0,1.0,1.0,True,2021.07.09.15.53.28_veh-38_00184_02293,0,1625846361.499984,664441.1322419421,3997081.22696379,664440.6910053546,3997106.2988940165,1.0,"[5.0, 5.0, 2.0, 2.0, 2.0]",1.0
5f5d82af40575c3a,1.0,1.0,1.0,1.0,1.0,1.0,1.0,1.0,1.0,True,2021.07.09.15.53.28_veh-38_00184_02293,0,1625848189.000061,664543.9141974567,3997891.209026413,664559.8277715502,3997901.4933061465,1.0,"[5.0, 5.0, 2.0, 2.0, 2.0]",1.0
5f9d781b4e0a5e25,1.0,1.0,1.0,1.0,1.0,1.0,1.0,1.0,1.0,True,2021.07.09.15.53.28_veh-38_00184_02293,0,1625848118.4996428,664463.6291952576,3997814.687322459,664464.4727979951,3997792.339723009,1.0,"[5.0, 5.0, 2.0, 2.0, 2.0]",1.0
5fbbd408b7395036,1.0,1.0,1.0,1.0,1.0,1.0,1.0,1.0,1.0,True,2021.07.09.15.53.28_veh-38_00184_02293,0,1625846500.999863,664271.3254279449,3996285.2799579706,664292.1263629348,3996286.3405527812,1.0,"[5.0, 5.0, 2.0, 2.0, 2.0]",1.0
606628cc32715abd,1.0,1.0,1.0,1.0,1.0,1.0,1.0,1.0,1.0,True,2021.07.09.15.53.28_veh-38_00184_02293,0,1625848141.999686,664544.4910366508,3997855.4092603805,664523.1091673595,3997860.75538693,,"[5.0, 5.0, 2.0, 2.0, 0.0]",1.0
60966830452a5fdb,1.0,1.0,1.0,1.0,1.0,1.0,1.0,1.0,1.0,True,2021.07.09.15.53.28_veh-38_00184_02293,0,1625846638.4997818,664357.5671031009,3996281.104870361,664332.5142797735,3996279.537304878,1.0,"[5.0, 5.0, 2.0, 2.0, 2.0]",1.0
60c8ea16ac0c5d80,1.0,1.0,1.0,1.0,1.0,1.0,1.0,1.0,0.8571428571428571,True,2021.07.09.15.53.28_veh-38_00184_02293,0,1625847590.999903,664222.1800963636,3996249.582598236,664208.935032107,3996247.4185422435,1.0,"[5.0, 5.0, 2.0, 2.0, 2.0]",1.0
60d83af8e3ec5296,1.0,1.0,1.0,1.0,1.0,1.0,1.0,1.0,1.0,True,2021.07.09.15.53.28_veh-38_00184_02293,0,1625848129.9998379,664475.6157176177,3997861.517853505,664463.5503694391,3997850.827127358,,"[5.0, 5.0, 2.0, 2.0, 0.0]",1.0
615150631a0d5359,1.0,1.0,1.0,1.0,0.9691669773566494,1.0,1.0,1.0,0.9889882061988035,True,2021.07.09.15.53.28_veh-38_00184_02293,0,1625848239.9995909,664430.487703547,3997639.0744459103,664429.7746721801,3997671.621656168,,"[5.0, 5.0, 2.0, 2.0, 0.0]",0.9889882061988035
61b475b0e8de50d4,1.0,1.0,1.0,1.0,0.8915954406456648,1.0,1.0,1.0,0.9612840859448804,True,2021.07.09.15.53.28_veh-38_00184_02293,0,1625848004.000221,664465.1222466406,3997761.6320322333,664465.7902619134,3997724.5875997,1.0,"[5.0, 5.0, 2.0, 2.0, 2.0]",0.9661235752017703
61ec98105b6454d1,1.0,1.0,1.0,1.0,0.6735084751986564,1.0,1.0,1.0,0.8833958839995201,True,2021.07.09.15.53.28_veh-38_00184_02293,0,1625847553.000294,664185.6263016877,3996282.276829802,664194.5799835065,3996283.0710213077,1.0,"[5.0, 5.0, 2.0, 2.0, 2.0]",0.8979713984995801
62292b644c765f2d,1.0,1.0,1.0,1.0,0.7856411027664884,1.0,1.0,1.0,0.9234432509880316,True,2021.07.09.15.53.28_veh-38_00184_02293,0,1625847750.499889,664486.3710259176,3996311.37811996,664467.1268991531,3996288.6708962345,,"[5.0, 5.0, 2.0, 2.0, 0.0]",0.9234432509880316
62eeaae653ad58c0,1.0,1.0,1.0,1.0,1.0,1.0,1.0,1.0,1.0,True,2021.07.09.15.53.28_veh-38_00184_02293,0,1625848146.999991,664568.260667341,3997844.711121981,664548.1340470611,3997852.386642181,1.0,"[5.0, 5.0, 2.0, 2.0, 2.0]",1.0
63e276d858f35dc0,1.0,1.0,1.0,1.0,1.0,1.0,1.0,1.0,1.0,True,2021.07.09.15.53.28_veh-38_00184_02293,0,1625848201.499821,664488.2954353972,3997877.3510985253,664506.67874528,3997877.6524713966,,"[5.0, 5.0, 2.0, 2.0, 0.0]",1.0
644b320b4ec559de,1.0,1.0,1.0,1.0,1.0,1.0,1.0,1.0,1.0,True,2021.07.09.15.53.28_veh-38_00184_02293,0,1625847976.000658,664469.8657318521,3997486.0241151396,664470.0721311349,3997476.665867741,,"[5.0, 5.0, 2.0, 2.0, 0.0]",1.0
6524dc3754d95750,1.0,1.0,1.0,1.0,0.9224458190257785,1.0,1.0,1.0,0.9723020782234923,True,2021.07.09.15.53.28_veh-38_00184_02293,0,1625848395.500083,664448.0875448352,3996773.590462194,664446.2848040855,3996814.993615894,,"[5.0, 5.0, 2.0, 2.0, 0.0]",0.9723020782234923
65cf5ab5da625c92,1.0,1.0,1.0,1.0,1.0,1.0,1.0,1.0,1.0,True,2021.07.09.15.53.28_veh-38_00184_02293,0,1625846512.499789,664252.4506907882,3996284.7605238324,664264.3755663431,3996285.1317754495,1.0,"[5.0, 5.0, 2.0, 2.0, 2.0]",1.0
65dfcaf9f5ae5544,1.0,1.0,1.0,1.0,0.8649097873222917,1.0,1.0,1.0,0.9517534954722471,True,2021.07.09.15.53.28_veh-38_00184_02293,0,1625846729.500411,664486.0171044664,3996335.670573488,664483.2864779594,3996301.693792385,0.0,"[5.0, 5.0, 2.0, 2.0, 2.0]",0.8327843085382162
6639e46adc8a5387,1.0,1.0,1.0,1.0,1.0,1.0,1.0,1.0,0.8571428571428571,True,2021.07.09.15.53.28_veh-38_00184_02293,0,1625847570.499579,664203.7040607217,3996245.8365707113,664201.0324079373,3996245.9892928996,1.0,"[5.0, 5.0, 2.0, 2.0, 2.0]",1.0
685b63993c6750d7,1.0,1.0,1.0,1.0,1.0,1.0,1.0,1.0,1.0,True,2021.07.09.15.53.28_veh-38_00184_02293,0,1625848402.000567,664448.7365703563,3996747.476280982,664448.4835873472,3996759.302345005,1.0,"[5.0, 5.0, 2.0, 2.0, 2.0]",1.0
68d4c704a0fc5cb7,1.0,1.0,1.0,1.0,1.0,1.0,1.0,1.0,1.0,True,2021.07.09.15.53.28_veh-38_00184_02293,0,1625846831.999904,664481.2964305427,3996696.85580826,664481.0815323868,3996663.342791496,,"[5.0, 5.0, 2.0, 2.0, 0.0]",1.0
68d60fd55b6b5436,1.0,1.0,1.0,1.0,0.9617783288783608,1.0,1.0,1.0,0.9863494031708431,True,2021.07.09.15.53.28_veh-38_00184_02293,0,1625846511.999866,664255.5126008242,3996284.8260852937,664264.3729502053,3996285.135004411,1.0,"[5.0, 5.0, 2.0, 2.0, 2.0]",0.9880557277744877
6967bd153dd859aa,1.0,1.0,1.0,1.0,1.0,1.0,1.0,1.0,1.0,True,2021.07.09.15.53.28_veh-38_00184_02293,0,1625848215.499837,664430.2373467094,3997846.9473309885,664438.3049637015,3997866.4499091,0.0,"[5.0, 5.0, 2.0, 2.0, 2.0]",0.875
6985bce9bf3f5165,1.0,1.0,1.0,0.0,1.0,1.0,1.0,1.0,0.0,True,2021.07.09.15.53.28_veh-38_00184_02293,0,1625846761.500349,664481.0503334926,3996656.942932058,664481.1250876249,3996644.8995178076,1.0,"[5.0, 5.0, 2.0, 2.0, 2.0]",0.0
69942d2c55045583,1.0,1.0,1.0,1.0,1.0,1.0,1.0,1.0,1.0,True,2021.07.09.15.53.28_veh-38_00184_02293,0,1625847206.4997609,664440.4147730127,3997119.5933809034,664440.4011617044,3997123.138663927,1.0,"[5.0, 5.0, 2.0, 2.0, 2.0]",1.0
69dc5b99e8495527,1.0,1.0,1.0,1.0,1.0,1.0,1.0,1.0,1.0,True,2021.07.09.15.53.28_veh-38_00184_02293,0,1625846502.0004919,664268.5105108318,3996285.2331764176,664286.7870564737,3996285.935397985,1.0,"[5.0, 5.0, 2.0, 2.0, 2.0]",1.0
6a2c8800bace516a,1.0,1.0,1.0,1.0,0.9283270124531856,1.0,1.0,1.0,0.9744025044475663,True,2021.07.09.15.53.28_veh-38_00184_02293,0,1625848214.0000958,664430.9666462687,3997853.259718141,664446.1840150164,3997872.601920987,0.0,"[5.0, 5.0, 2.0, 2.0, 2.0]",0.8526021913916205
6aaddfb6748e5902,1.0,1.0,1.0,1.0,1.0,1.0,1.0,1.0,1.0,True,2021.07.09.15.53.28_veh-38_00184_02293,0,1625848117.999683,664463.8225342266,3997810.9722310216,664464.4982118234,3997791.150231578,,"[5.0, 5.0, 2.0, 2.0, 0.0]",1.0
6b0342e0299e53b5,1.0,1.0,1.0,1.0,1.0,1.0,1.0,1.0,1.0,True,2021.07.09.15.53.28_veh-38_00184_02293,0,1625846317.00045,664431.2611255976,3997585.0055086906,664430.6703810281,3997604.9692447283,1.0,"[5.0, 5.0, 2.0, 2.0, 2.0]",1.0
6b0d235a84a556ac,1.0,1.0,1.0,1.0,0.952841151841623,1.0,1.0,1.0,0.983157554229151,True,2021.07.09.15.53.28_veh-38_00184_02293,0,1625847496.0007129,664377.2325584325,3996293.388322094,664389.399346159,3996294.268097802,1.0,"[5.0, 5.0, 2.0, 2.0, 2.0]",0.9852628599505071
6c14868b34cd5cbf,1.0,1.0,1.0,1.0,1.0,1.0,1.0,1.0,1.0,True,2021.07.09.15.53.28_veh-38_00184_02293,0,1625846538.000728,664181.6371844135,3996256.7476364207,664178.7012550967,3996273.130100735,1.0,"[5.0, 5.0, 2.0, 2.0, 2.0]",1.0
6c4e378311d55950,1.0,1.0,1.0,1.0,1.0,1.0,1.0,1.0,1.0,True,2021.07.09.15.53.28_veh-38_00184_02293,0,1625847205.500169,664440.4626283549,3997118.79920633,664440.3567377025,3997126.155356248,1.0,"[5.0, 5.0, 2.0, 2.0, 2.0]",1.0
6d041be110a95545,1.0,1.0,1.0,1.0,1.0,1.0,1.0,1.0,1.0,True,2021.07.09.15.53.28_veh-38_00184_02293,0,1625846603.9997408,664235.3789442641,3996245.9072833476,664221.8828926191,3996242.469788923,1.0,"[5.0, 5.0, 2.0, 2.0, 2.0]",1.0
6d44fd636c0953ad,1.0,1.0,1.0,1.0,1.0,1.0,1.0,1.0,1.0,True,2021.07.09.15.53.28_veh-38_00184_02293,0,1625846441.0003848,664452.5288485244,3996316.489929124,664452.5004224876,3996341.6102224,1.0,"[5.0, 5.0, 2.0, 2.0, 2.0]",1.0
6d8cdad401125079,1.0,1.0,1.0,1.0,0.9725437277593889,1.0,1.0,1.0,0.9901941884854961,True,2021.07.09.15.53.28_veh-38_00184_02293,0,1625847625.000016,664318.1521243289,3996278.1456255848,664305.4156473572,3996277.9191031754,1.0,"[5.0, 5.0, 2.0, 2.0, 2.0]",0.9914199149248091
6db0c73631c555b0,1.0,1.0,1.0,1.0,1.0,1.0,1.0,1.0,1.0,True,2021.07.09.15.53.28_veh-38_00184_02293,0,1625847439.0001478,664450.7205507391,3996666.690780795,664449.7339401057,3996697.722936624,1.0,"[5.0, 5.0, 2.0, 2.0, 2.0]",1.0
6dc4975ee9915cb2,1.0,1.0,1.0,1.0,1.0,1.0,1.0,1.0,1.0,True,2021.07.09.15.53.28_veh-38_00184_02293,0,1625848402.5005898,664448.7546851574,3996747.196157675,664448.5233277918,3996757.164490378,1.0,"[5.0, 5.0, 2.0, 2.0, 2.0]",1.0
6dee7c049737527b,1.0,1.0,1.0,1.0,0.8658784103376279,1.0,1.0,1.0,0.9520994322634385,True,2021.07.09.15.53.28_veh-38_00184_02293,0,1625846531.99975,664182.6200655635,3996280.4221245074,664193.7523884751,3996283.065137943,0.0,"[5.0, 5.0, 2.0, 2.0, 2.0]",0.8330870032305087
6e52df2cd43c5bca,1.0,1.0,1.0,1.0,1.0,1.0,1.0,1.0,1.0,True,2021.07.09.15.53.28_veh-38_00184_02293,0,1625846637.5000699,664351.6053305462,3996280.8103917935,664326.763040233,3996278.852941209,,"[5.0, 5.0, 2.0, 2.0, 0.0]",1.0
6e8c5b6b0aaf5f6d,1.0,1.0,1.0,1.0,1.0,1.0,1.0,1.0,1.0,True,2021.07.09.15.53.28_veh-38_00184_02293,0,1625847520.000453,664283.1804449831,3996285.714533933,664306.0262072664,3996288.258728777,1.0,"[5.0, 5.0, 2.0, 2.0, 2.0]",1.0
6f2d8e1d48865f32,1.0,1.0,1.0,1.0,0.8444698194671094,1.0,1.0,1.0,0.944453506952539,True,2021.07.09.15.53.28_veh-38_00184_02293,0,1625846630.999953,664314.3099275542,3996278.1776379882,664303.719337942,3996278.0263740406,1.0,"[5.0, 5.0, 2.0, 2.0, 2.0]",0.9513968185834717
6f4f64fd1b145598,1.0,1.0,1.0,1.0,0.7355089433205678,1.0,1.0,1.0,0.9055389083287742,True,2021.07.09.15.53.28_veh-38_00184_02293,0,1625846473.0000088,664382.7818190522,3996293.7551755193,664391.997185168,3996294.4293646817,,"[5.0, 5.0, 2.0, 2.0, 0.0]",0.9055389083287742
6fdf0151dd905608,1.0,1.0,1.0,1.0,1.0,1.0,1.0,1.0,0.8571428571428571,True,2021.07.09.15.53.28_veh-38_00184_02293,0,1625847592.999928,664228.7332711929,3996250.032983957,664214.4192456537,3996248.71683858,1.0,"[5.0, 5.0, 2.0, 2.0, 2.0]",1.0
6fe8c6e82de65156,1.0,1.0,1.0,1.0,1.0,1.0,1.0,1.0,1.0,True,2021.07.09.15.53.28_veh-38_00184_02293,0,1625848189.500382,664542.5382796235,3997889.2644997514,664557.5957463,3997900.7550549833,1.0,"[5.0, 5.0, 2.0, 2.0, 2.0]",1.0
701c62d42cdf5cfa,1.0,1.0,1.0,1.0,1.0,1.0,1.0,1.0,1.0,True,2021.07.09.15.53.28_veh-38_00184_02293,0,1625846440.500692,664452.4249428669,3996317.3528698916,664452.8749717207,3996346.095333595,1.0,"[5.0, 5.0, 2.0, 2.0, 2.0]",1.0
7221a77c5d955445,1.0,1.0,1.0,1.0,1.0,1.0,1.0,1.0,1.0,True,2021.07.09.15.53.28_veh-38_00184_02293,0,1625846499.5001729,664277.7086403035,3996285.487260193,664300.2843675727,3996287.394114192,1.0,"[5.0, 5.0, 2.0, 2.0, 2.0]",1.0
723350e0feb75963,1.0,1.0,1.0,1.0,1.0,1.0,1.0,1.0,1.0,True,2021.07.09.15.53.28_veh-38_00184_02293,0,1625847561.00049,664186.7458398717,3996253.2717445088,664178.7837568155,3996268.8905539955,0.0,"[5.0, 5.0, 2.0, 2.0, 2.0]",0.875
7293733a32625ec6,1.0,1.0,1.0,1.0,1.0,1.0,1.0,1.0,1.0,True,2021.07.09.15.53.28_veh-38_00184_02293,0,1625848275.999572,664430.7251433547,3997618.758752984,664430.5879969045,3997629.451320932,,"[5.0, 5.0, 2.0, 2.0, 0.0]",1.0
73197a1a03715a15,1.0,1.0,1.0,1.0,1.0,1.0,1.0,1.0,1.0,True,2021.07.09.15.53.28_veh-38_00184_02293,0,1625848216.49975,664430.3946288035,3997844.227553885,664434.5246837819,3997861.3549831775,1.0,"[5.0, 5.0, 2.0, 2.0, 2.0]",1.0
73aa5ff963e656f6,1.0,1.0,1.0,1.0,1.0,1.0,1.0,1.0,1.0,True,2021.07.09.15.53.28_veh-38_00184_02293,0,1625848144.0003889,664553.4222879553,3997849.4473192384,664534.4760776466,3997860.013563359,1.0,"[5.0, 5.0, 2.0, 2.0, 2.0]",1.0
73d1214a1454592d,1.0,1.0,1.0,1.0,1.0,1.0,1.0,1.0,1.0,True,2021.07.09.15.53.28_veh-38_00184_02293,0,1625847779.500082,664481.7181647695,3996607.240322902,664482.202085502,3996590.9533701926,1.0,"[5.0, 5.0, 2.0, 2.0, 2.0]",1.0
74e93b471c195803,1.0,1.0,1.0,1.0,1.0,1.0,1.0,1.0,1.0,True,2021.07.09.15.53.28_veh-38_00184_02293,0,1625847159.999755,664431.2447338575,3997577.023010779,664430.5787816197,3997610.3009253256,1.0,"[5.0, 5.0, 2.0, 2.0, 2.0]",1.0
74ff8f6a618a5f9b,1.0,1.0,1.0,1.0,1.0,1.0,1.0,0.0,0.8571428571428571,True,2021.07.09.15.53.28_veh-38_00184_02293,0,1625847557.999781,664179.6504334834,3996264.2016335833,664182.8403361144,3996280.561445672,0.0,"[5.0, 5.0, 2.0, 2.0, 2.0]",0.75
7500c2c37cbb5228,1.0,1.0,1.0,1.0,1.0,1.0,1.0,1.0,1.0,True,2021.07.09.15.53.28_veh-38_00184_02293,0,1625847472.999996,664452.4987185064,3996333.715570586,664453.8829203312,3996361.0252272813,1.0,"[5.0, 5.0, 2.0, 2.0, 2.0]",1.0
758251c429055016,1.0,1.0,1.0,1.0,1.0,1.0,1.0,1.0,1.0,True,2021.07.09.15.53.28_veh-38_00184_02293,0,1625846439.500349,664452.3551963676,3996322.119884356,664454.0374152632,3996355.5588997323,0.0,"[5.0, 5.0, 2.0, 2.0, 2.0]",0.875
75bbe59a5d305a53,1.0,1.0,1.0,1.0,1.0,1.0,1.0,1.0,0.0,True,2021.07.09.15.53.28_veh-38_00184_02293,0,1625847744.499567,664453.6436060269,3996286.8357231836,664434.662622452,3996285.856845238,1.0,"[5.0, 5.0, 2.0, 2.0, 2.0]",1.0
75eb624e2c925f13,1.0,1.0,1.0,1.0,1.0,1.0,1.0,1.0,1.0,True,2021.07.09.15.53.28_veh-38_00184_02293,0,1625846603.499815,664233.6156675088,3996245.137777729,664220.3760793399,3996242.5006812527,1.0,"[5.0, 5.0, 2.0, 2.0, 2.0]",1.0
763904a315b357a8,1.0,1.0,1.0,1.0,0.9507951772905912,1.0,1.0,1.0,0.982426849032354,True,2021.07.09.15.53.28_veh-38_00184_02293,0,1625848301.000077,664435.2732900328,3997382.1407512426,664434.6083028077,3997408.4242586517,1.0,"[5.0, 5.0, 2.0, 2.0, 2.0]",0.9846234929033097
7729a0ce4e7e5c40,1.0,1.0,1.0,1.0,1.0,1.0,1.0,1.0,1.0,True,2021.07.09.15.53.28_veh-38_00184_02293,0,1625846535.000171,664178.0227205143,3996268.688936029,664187.1117123144,3996282.370232119,0.0,"[5.0, 5.0, 2.0, 2.0, 2.0]",0.875
7738bbe3ec2b5787,1.0,0.0,1.0,1.0,1.0,1.0,1.0,1.0,0.0,True,2021.07.09.15.53.28_veh-38_00184_02293,0,1625848195.0005648,664518.8115520249,3997877.5115757138,664538.5731852185,3997884.152114458,1.0,"[5.0, 5.0, 2.0, 2.0, 2.0]",0.0
78f97b6c3427524b,1.0,1.0,1.0,1.0,1.0,0.0,1.0,1.0,0.6428571428571429,True,2021.07.09.15.53.28_veh-38_00184_02293,0,1625848149.999758,664583.2957794094,3997848.550275735,664562.7824259282,3997845.7493136474,1.0,"[5.0, 5.0, 2.0, 2.0, 2.0]",0.6875
7948de3a2d2a55ef,1.0,1.0,1.0,1.0,1.0,1.0,1.0,0.0,0.8571428571428571,True,2021.07.09.15.53.28_veh-38_00184_02293,0,1625846536.4998639,664179.2809772212,3996262.2664507204,664181.5442318158,3996278.989633094,0.0,"[5.0, 5.0, 2.0, 2.0, 2.0]",0.75
798e9edbcfd65aa8,1.0,1.0,1.0,1.0,1.0,1.0,1.0,1.0,1.0,True,2021.07.09.15.53.28_veh-38_00184_02293,0,1625847533.500082,664254.4824345786,3996284.7989040534,664264.2991357086,3996285.092460429,1.0,"[5.0, 5.0, 2.0, 2.0, 2.0]",1.0
79a0bda4d6df5e2a,1.0,1.0,1.0,1.0,0.7756233369889199,1.0,1.0,1.0,0.9198654774960427,True,2021.07.09.15.53.28_veh-38_00184_02293,0,1625848213.000387,664432.6007627322,3997858.3876509415,664452.5065775582,3997875.280162461,1.0,"[5.0, 5.0, 2.0, 2.0, 2.0]",0.9298822928090374
7a02eea9dbd0517b,1.0,1.0,1.0,1.0,1.0,1.0,1.0,1.0,1.0,True,2021.07.09.15.53.28_veh-38_00184_02293,0,1625846499.99995,664275.1493654052,3996285.243756086,664297.5198688209,3996286.9724868117,1.0,"[5.0, 5.0, 2.0, 2.0, 2.0]",1.0
7a430a9945055acd,1.0,1.0,1.0,1.0,0.9822675130744611,1.0,1.0,1.0,0.9936669689551648,True,2021.07.09.15.53.28_veh-38_00184_02293,0,1625847439.999619,664450.9478440646,3996656.6316315043,664449.9145668794,3996691.8200879088,1.0,"[5.0, 5.0, 2.0, 2.0, 2.0]",0.9944585978357692
7a569fbddc2e53ed,1.0,1.0,1.0,1.0,1.0,1.0,1.0,1.0,1.0,True,2021.07.09.15.53.28_veh-38_00184_02293,0,1625847522.9997768,664269.4036994282,3996285.261407021,664289.5742420249,3996286.1564457207,1.0,"[5.0, 5.0, 2.0, 2.0, 2.0]",1.0
7b3a98e80f525533,1.0,1.0,1.0,1.0,1.0,1.0,1.0,1.0,1.0,True,2021.07.09.15.53.28_veh-38_00184_02293,0,1625847437.000002,664450.2025666747,3996684.0754738147,664449.4535514562,3996705.2205798323,1.0,"[5.0, 5.0, 2.0, 2.0, 2.0]",1.0
7b7c4d1e5ec95f17,1.0,1.0,1.0,1.0,1.0,1.0,1.0,1.0,0.8571428571428571,True,2021.07.09.15.53.28_veh-38_00184_02293,0,1625847189.9999158,664439.2526056769,3997204.2058594143,664435.6009354112,3997238.6609836556,1.0,"[5.0, 5.0, 2.0, 2.0, 2.0]",1.0
7b81b7c982e35adc,1.0,1.0,1.0,1.0,0.9444703733644322,1.0,1.0,1.0,0.9801679904872972,True,2021.07.09.15.53.28_veh-38_00184_02293,0,1625848302.000692,664435.2537502333,3997378.177471537,664434.790312855,3997400.7584577347,1.0,"[5.0, 5.0, 2.0, 2.0, 2.0]",0.982646991676385
7cd693b8880c55b6,1.0,1.0,1.0,1.0,1.0,1.0,1.0,1.0,1.0,True,2021.07.09.15.53.28_veh-38_00184_02293,0,1625847204.5007288,664440.4475796643,3997119.0557185924,664440.2714481711,3997130.2141793407,1.0,"[5.0, 5.0, 2.0, 2.0, 2.0]",1.0
7cfc59f9673752c1,1.0,1.0,1.0,1.0,0.8352294066782534,1.0,1.0,1.0,0.9411533595279477,True,2021.07.09.15.53.28_veh-38_00184_02293,0,1625847919.999935,664470.1170837117,3997472.25848821,664470.6580154765,3997451.3903103825,1.0,"[5.0, 5.0, 2.0, 2.0, 2.0]",0.9485091895869542
7d18e654da9b5ecf,1.0,1.0,1.0,1.0,0.9842810464443081,1.0,1.0,1.0,0.9943860880158244,True,2021.07.09.15.53.28_veh-38_00184_02293,0,1625847775.999698,664482.0306019102,3996595.1265265653,664483.064179471,3996559.2635732987,,"[5.0, 5.0, 2.0, 2.0, 0.0]",0.9943860880158244
7da65eef431c5831,1.0,1.0,1.0,1.0,0.8373367174620749,1.0,1.0,1.0,0.9419059705221696,True,2021.07.09.15.53.28_veh-38_00184_02293,0,1625847918.500223,664470.1817789597,3997466.5620335066,664470.9361609053,3997440.314745951,,"[5.0, 5.0, 2.0, 2.0, 0.0]",0.9419059705221696
7dadf9fcee2e587d,1.0,1.0,1.0,1.0,0.6914495708554711,1.0,1.0,1.0,0.8898034181626683,True,2021.07.09.15.53.28_veh-38_00184_02293,0,1625847623.000274,664310.7996894212,3996277.99315444,664302.8382557195,3996277.905348909,,"[5.0, 5.0, 2.0, 2.0, 0.0]",0.8898034181626683
7e11df067a735f04,1.0,1.0,1.0,1.0,1.0,1.0,1.0,1.0,1.0,True,2021.07.09.15.53.28_veh-38_00184_02293,0,1625848247.000511,664430.577932095,3997629.200555424,664430.5574438303,3997630.188024811,1.0,"[5.0, 5.0, 2.0, 2.0, 2.0]",1.0
7e58a63ae5da5a38,1.0,1.0,1.0,1.0,1.0,1.0,1.0,1.0,1.0,True,2021.07.09.15.53.28_veh-38_00184_02293,0,1625846498.00068,664285.8049181814,3996285.827136332,664308.563493295,3996288.7346902597,,"[5.0, 5.0, 2.0, 2.0, 0.0]",1.0
7e64dd02b985526f,1.0,1.0,1.0,1.0,1.0,1.0,1.0,1.0,1.0,True,2021.07.09.15.53.28_veh-38_00184_02293,0,1625848303.500069,664435.3587458465,3997373.5518020825,664435.0178351532,3997390.8633918175,1.0,"[5.0, 5.0, 2.0, 2.0, 2.0]",1.0
7fe5d84bbda651fd,1.0,1.0,1.0,1.0,1.0,1.0,1.0,1.0,1.0,True,2021.07.09.15.53.28_veh-38_00184_02293,0,1625848155.5002859,664597.1698610015,3997868.0859916303,664587.9942793673,3997853.0835981653,1.0,"[5.0, 5.0, 2.0, 2.0, 2.0]",1.0
80538e78e0805e93,1.0,1.0,1.0,1.0,0.8440870320079655,1.0,1.0,1.0,0.9443167971457019,True,2021.07.09.15.53.28_veh-38_00184_02293,0,1625848335.500097,664437.7224391547,3997076.3578224527,664437.388084738,3997106.3118052315,,"[5.0, 5.0, 2.0, 2.0, 0.0]",0.9443167971457019
80c1301aa1ca5378,1.0,1.0,1.0,1.0,0.962197085382388,1.0,1.0,1.0,0.9864989590651386,True,2021.07.09.15.53.28_veh-38_00184_02293,0,1625847201.000355,664440.4110001401,3997127.047459156,664439.718710986,3997151.081930645,,"[5.0, 5.0, 2.0, 2.0, 0.0]",0.9864989590651386
824fe1c7968256ab,1.0,1.0,1.0,1.0,0.5909781133849381,1.0,1.0,1.0,0.853920754780335,True,2021.07.09.15.53.28_veh-38_00184_02293,0,1625847525.500126,664266.9558014893,3996285.1698595462,664276.3395646531,3996285.5662912903,,"[5.0, 5.0, 2.0, 2.0, 0.0]",0.853920754780335
83a393796b2e57df,1.0,1.0,1.0,1.0,0.9908227644126794,1.0,1.0,1.0,0.9967224158616712,True,2021.07.09.15.53.28_veh-38_00184_02293,0,1625847137.5002298,664430.4103141419,3997621.6998739876,664429.952264235,3997650.5438747774,1.0,"[5.0, 5.0, 2.0, 2.0, 2.0]",0.9971321138789623
8469b20e06015317,1.0,1.0,1.0,1.0,0.9781430141922459,1.0,1.0,1.0,0.9921939336400879,True,2021.07.09.15.53.28_veh-38_00184_02293,0,1625847141.5003898,664430.4747361853,3997614.366335461,664430.3608543177,3997622.8780131135,1.0,"[5.0, 5.0, 2.0, 2.0, 2.0]",0.9931696919350769
84ec0e32bbf45061,1.0,1.0,1.0,1.0,0.9296985548609568,1.0,1.0,1.0,0.9748923410217704,True,2021.07.09.15.53.28_veh-38_00184_02293,0,1625848341.000099,664437.7861955719,3997066.3801561184,664437.7200033714,3997071.0006676107,1.0,"[5.0, 5.0, 2.0, 2.0, 2.0]",0.978030798394049
85b84f9120225591,1.0,1.0,1.0,1.0,0.7343971540495529,1.0,1.0,1.0,0.9051418407319832,True,2021.07.09.15.53.28_veh-38_00184_02293,0,1625847434.500094,664449.6621115467,3996699.2666663653,664449.4109196725,3996706.4907331676,,"[5.0, 5.0, 2.0, 2.0, 0.0]",0.9051418407319832
860685d975df5da5,1.0,1.0,1.0,1.0,0.9864766467575695,1.0,1.0,1.0,0.9951702309848462,True,2021.07.09.15.53.28_veh-38_00184_02293,0,1625846889.500139,664470.0903756415,3997472.6557518225,664471.4154251408,3997421.545977922,1.0,"[5.0, 5.0, 2.0, 2.0, 2.0]",0.9957739521117405
878debfff51656dc,1.0,1.0,1.0,1.0,1.0,1.0,1.0,1.0,1.0,True,2021.07.09.15.53.28_veh-38_00184_02293,0,1625848010.4996278,664464.6293556016,3997787.2153525567,664464.9428088054,3997773.8199723456,1.0,"[5.0, 5.0, 2.0, 2.0, 2.0]",1.0
87c88239e2ae5b90,1.0,1.0,1.0,1.0,0.6694603940773859,1.0,1.0,1.0,0.8819501407419236,True,2021.07.09.15.53.28_veh-38_00184_02293,0,1625848013.0002959,664464.6103441777,3997787.6153616714,664464.7132306423,3997783.507852624,1.0,"[5.0, 5.0, 2.0, 2.0, 2.0]",0.8967063731491831
8925d842a3f0501e,1.0,1.0,1.0,1.0,1.0,1.0,1.0,1.0,0.8571428571428571,True,2021.07.09.15.53.28_veh-38_00184_02293,0,1625847589.000315,664215.0468107695,3996248.822279019,664205.1504109453,3996246.0323079694,,"[5.0, 5.0, 2.0, 2.0, 0.0]",1.0
8ad9a07afc6b5ccc,1.0,1.0,1.0,1.0,0.7344570520182127,1.0,1.0,1.0,0.9051632328636474,True,2021.07.09.15.53.28_veh-38_00184_02293,0,1625846491.999843,664317.0651403796,3996289.5001998683,664326.0138552571,3996289.7748313555,1.0,"[5.0, 5.0, 2.0, 2.0, 2.0]",0.9170178287556915
8c1374efdf3c5f3c,1.0,1.0,1.0,1.0,1.0,1.0,1.0,1.0,1.0,True,2021.07.09.15.53.28_veh-38_00184_02293,0,1625847521.49983,664275.3027874867,3996285.412367896,664298.0377205657,3996286.9380218973,1.0,"[5.0, 5.0, 2.0, 2.0, 2.0]",1.0
8c58465a17645b77,1.0,1.0,1.0,1.0,1.0,1.0,1.0,1.0,1.0,True,2021.07.09.15.53.28_veh-38_00184_02293,0,1625847139.499853,664430.465021365,3997616.0142392684,664430.2025407914,3997634.2429154054,1.0,"[5.0, 5.0, 2.0, 2.0, 2.0]",1.0
8c812c6c4671575c,1.0,1.0,1.0,1.0,0.9771176736166696,1.0,1.0,1.0,0.991827740577382,True,2021.07.09.15.53.28_veh-38_00184_02293,0,1625848244.4995239,664430.5891767308,3997628.351942454,664430.463447376,3997637.8635869087,1.0,"[5.0, 5.0, 2.0, 2.0, 2.0]",0.9928492730052092
8d0e261ba1825130,1.0,1.0,1.0,1.0,1.0,1.0,1.0,0.0,0.8571428571428571,True,2021.07.09.15.53.28_veh-38_00184_02293,0,1625847483.999706,664421.248224254,3996296.124835266,664445.2697546046,3996298.9609925617,0.0,"[5.0, 5.0, 2.0, 2.0, 2.0]",0.75
8e2e4e2a5ba95a41,1.0,0.0,1.0,1.0,0.9611701774525693,1.0,1.0,1.0,0.0,True,2021.07.09.15.53.28_veh-38_00184_02293,0,1625847460.4996128,664454.7082041107,3996402.0297632385,664453.617584747,3996440.912880829,1.0,"[5.0, 5.0, 2.0, 2.0, 2.0]",0.0
8f847886c0595319,1.0,1.0,1.0,1.0,0.875336947861131,1.0,1.0,1.0,0.9554774813789754,True,2021.07.09.15.53.28_veh-38_00184_02293,0,1625848397.500221,664448.499511857,3996760.6966673783,664447.3143457919,3996792.56890171,0.0,"[5.0, 5.0, 2.0, 2.0, 2.0]",0.8360427962066035
907f051528025891,1.0,1.0,1.0,1.0,1.0,1.0,1.0,1.0,1.0,True,2021.07.09.15.53.28_veh-38_00184_02293,0,1625847561.5002098,664188.4104962543,3996251.917911686,664179.2149908772,3996266.666240787,1.0,"[5.0, 5.0, 2.0, 2.0, 2.0]",1.0
9188a3a5aa175e3a,1.0,1.0,1.0,1.0,1.0,1.0,1.0,1.0,1.0,True,2021.07.09.15.53.28_veh-38_00184_02293,0,1625846539.5003119,664184.5157061513,3996252.0671849293,664178.6254716595,3996266.6953111123,1.0,"[5.0, 5.0, 2.0, 2.0, 2.0]",1.0
91927f072cb358b9,1.0,1.0,1.0,1.0,1.0,1.0,1.0,1.0,1.0,True,2021.07.09.15.53.28_veh-38_00184_02293,0,1625847845.500378,664481.342969257,3996621.3788463557,664481.7745236082,3996607.0436125044,1.0,"[5.0, 5.0, 2.0, 2.0, 2.0]",1.0
91b861586e7d53cd,1.0,1.0,1.0,1.0,1.0,1.0,1.0,1.0,0.8571428571428571,True,2021.07.09.15.53.28_veh-38_00184_02293,0,1625848160.000197,664595.1967072922,3997882.5515290755,664597.1611968924,3997869.3406989975,1.0,"[5.0, 5.0, 2.0, 2.0, 2.0]",1.0
9246f3b315b35838,1.0,1.0,1.0,1.0,0.9762327920281386,1.0,1.0,1.0,0.9915117114386209,True,2021.07.09.15.53.28_veh-38_00184_02293,0,1625847137.000057,664430.3696540395,3997624.2186842444,664429.8603668144,3997655.1590885385,1.0,"[5.0, 5.0, 2.0, 2.0, 2.0]",0.9925727475087933
92c22914fbdf5e29,1.0,1.0,1.0,1.0,1.0,1.0,1.0,1.0,1.0,True,2021.07.09.15.53.28_veh-38_00184_02293,0,1625846366.4997149,664441.1062222992,3997077.8692671047,664441.0885155868,3997079.7195479167,1.0,"[5.0, 5.0, 2.0, 2.0, 2.0]",1.0
935628750eb851fa,1.0,1.0,1.0,1.0,1.0,1.0,1.0,1.0,0.8571428571428571,True,2021.07.09.15.53.28_veh-38_00184_02293,0,1625846765.5003898,664481.124798449,3996655.9879600876,664481.0691225997,3996656.001627263,,"[5.0, 5.0, 2.0, 2.0, 0.0]",1.0
945dcb42cd645cc2,1.0,1.0,1.0,1.0,0.7897188723053464,1.0,1.0,1.0,0.9248995972519094,True,2021.07.09.15.53.28_veh-38_00184_02293,0,1625846646.49979,664379.5896905959,3996281.993937407,664370.0380206624,3996281.443305759,1.0,"[5.0, 5.0, 2.0, 2.0, 2.0]",0.9342871475954208
94f18102ecb65d3f,1.0,1.0,1.0,1.0,1.0,1.0,1.0,1.0,1.0,True,2021.07.09.15.53.28_veh-38_00184_02293,0,1625846535.4999208,664178.2682937969,3996266.65282869,664185.1635256249,3996281.679801216,0.0,"[5.0, 5.0, 2.0, 2.0, 2.0]",0.875
95a1611d12f45d32,1.0,1.0,1.0,1.0,0.855667410419092,1.0,1.0,1.0,0.9484526465782471,True,2021.07.09.15.53.28_veh-38_00184_02293,0,1625848336.499744,664437.7033806483,3997072.0265990887,664437.3829536258,3997097.6147604925,1.0,"[5.0, 5.0, 2.0, 2.0, 2.0]",0.9548960657559662
95d2c3ac66245fa5,1.0,1.0,1.0,1.0,1.0,1.0,1.0,1.0,1.0,True,2021.07.09.15.53.28_veh-38_00184_02293,0,1625847559.0001209,664181.3251100866,3996260.015935034,664180.0063060756,3996277.2377882837,0.0,"[5.0, 5.0, 2.0, 2.0, 2.0]",0.875
96198b6e9db0567b,1.0,1.0,1.0,1.0,0.785186688675266,1.0,1.0,1.0,0.9232809602411665,True,2021.07.09.15.53.28_veh-38_00184_02293,0,1625846531.500082,664184.9930866329,3996281.7801338085,664194.3613329167,3996283.072170777,1.0,"[5.0, 5.0, 2.0, 2.0, 2.0]",0.9328708402110206
966ede5b9c8559f9,1.0,1.0,1.0,1.0,0.7920586772261636,1.0,1.0,1.0,0.925735241866487,True,2021.07.09.15.53.28_veh-38_00184_02293,0,1625847513.4997349,664316.6623575169,3996289.511431674,664326.2179901822,3996289.6872207103,1.0,"[5.0, 5.0, 2.0, 2.0, 2.0]",0.9350183366331761
970fa907695456f4,1.0,1.0,1.0,1.0,0.8338135752799775,1.0,1.0,1.0,0.9406477054571347,True,2021.07.09.15.53.28_veh-38_00184_02293,0,1625848400.9999728,664448.7074582106,3996749.293494698,664448.3305889168,3996764.442411293,1.0,"[5.0, 5.0, 2.0, 2.0, 2.0]",0.9480667422749929
972df703db945595,1.0,1.0,1.0,1.0,0.8723855146645588,1.0,1.0,1.0,0.9544233980944854,True,2021.07.09.15.53.28_veh-38_00184_02293,0,1625846730.500779,664485.318573301,3996344.7091697264,664485.9223129929,3996308.854155913,0.0,"[5.0, 5.0, 2.0, 2.0, 2.0]",0.8351204733326747
9753236c37725562,1.0,1.0,1.0,1.0,1.0,1.0,1.0,1.0,1.0,True,2021.07.09.15.53.28_veh-38_00184_02293,0,1625848116.5005229,664464.185199204,3997802.181377732,664464.532390999,3997790.096307747,,"[5.0, 5.0, 2.0, 2.0, 0.0]",1.0
978bac8b6a965c09,1.0,1.0,1.0,1.0,1.0,1.0,1.0,1.0,1.0,True,2021.07.09.15.53.28_veh-38_00184_02293,0,1625846316.50073,664431.1604027646,3997588.81521213,664430.6490161153,3997605.6260475293,,"[5.0, 5.0, 2.0, 2.0, 0.0]",1.0
97bbe0832237514d,1.0,1.0,1.0,1.0,0.853455915736708,1.0,1.0,1.0,0.9476628270488242,True,2021.07.09.15.53.28_veh-38_00184_02293,0,1625847920.999904,664470.0926799021,3997474.8581205215,664470.5039965464,3997457.7473072964,1.0,"[5.0, 5.0, 2.0, 2.0, 2.0]",0.9542049736677212
98546a6b46d7528e,1.0,1.0,1.0,1.0,0.9660727464569672,1.0,1.0,1.0,0.9878831237346312,True,2021.07.09.15.53.28_veh-38_00184_02293,0,1625847186.499729,664436.2487150762,3997232.3358958983,664433.4295989671,3997282.844847573,,"[5.0, 5.0, 2.0, 2.0, 0.0]",0.9878831237346312
987e9ead152a5bef,1.0,1.0,1.0,1.0,0.9652743568895693,1.0,1.0,1.0,0.9875979846034176,True,2021.07.09.15.53.28_veh-38_00184_02293,0,1625846359.500231,664440.9878819897,3997090.6567329373,664440.3597520979,3997124.9018732044,,"[5.0, 5.0, 2.0, 2.0, 0.0]",0.9875979846034176
9953d027249f57fe,1.0,1.0,1.0,1.0,1.0,1.0,1.0,1.0,1.0,True,2021.07.09.15.53.28_veh-38_00184_02293,0,1625846440.000653,664452.4097174242,3996319.50948162,664453.4167075558,3996350.7439918104,1.0,"[5.0, 5.0, 2.0, 2.0, 2.0]",1.0
9aa65c356bad5da4,1.0,1.0,1.0,1.0,0.9589427846296332,1.0,1.0,1.0,0.9853367087962975,True,2021.07.09.15.53.28_veh-38_00184_02293,0,1625848240.499558,664430.5268486418,3997637.2137316586,664429.8769997302,3997666.8338117753,1.0,"[5.0, 5.0, 2.0, 2.0, 2.0]",0.9871696201967604
9b4ca000766657b2,1.0,1.0,1.0,1.0,0.8495864870058183,1.0,1.0,1.0,0.9462808882163637,True,2021.07.09.15.53.28_veh-38_00184_02293,0,1625846729.000092,664486.2448318563,3996330.4718844993,664481.1945840488,3996298.630823427,0.0,"[5.0, 5.0, 2.0, 2.0, 2.0]",0.8279957771893183
9bcee0d1dd015764,1.0,1.0,1.0,1.0,1.0,1.0,1.0,1.0,1.0,True,2021.07.09.15.53.28_veh-38_00184_02293,0,1625848405.5004508,664448.6974023264,3996747.9927577153,664448.7145849604,3996749.0763879623,1.0,"[5.0, 5.0, 2.0, 2.0, 2.0]",1.0
9c2572be2cc259d9,1.0,1.0,1.0,1.0,1.0,1.0,1.0,1.0,1.0,True,2021.07.09.15.53.28_veh-38_00184_02293,0,1625848242.0005069,664430.5842667678,3997630.990283115,664430.1792542976,3997653.9068358433,1.0,"[5.0, 5.0, 2.0, 2.0, 2.0]",1.0
9c33787bfeda5800,1.0,1.0,1.0,1.0,1.0,1.0,1.0,1.0,1.0,True,2021.07.09.15.53.28_veh-38_00184_02293,0,1625847599.4997208,664247.7320676584,3996259.1200429373,664235.9542497479,3996250.661435656,1.0,"[5.0, 5.0, 2.0, 2.0, 2.0]",1.0
9c792517780b5b7d,1.0,1.0,1.0,1.0,1.0,1.0,1.0,1.0,1.0,True,2021.07.09.15.53.28_veh-38_00184_02293,0,1625847202.4997718,664440.4508718812,3997122.233075826,664440.0132225569,3997141.00557167,1.0,"[5.0, 5.0, 2.0, 2.0, 2.0]",1.0
9c83725ca24453f5,1.0,1.0,1.0,1.0,1.0,1.0,1.0,1.0,1.0,True,2021.07.09.15.53.28_veh-38_00184_02293,0,1625846500.499786,664272.944951788,3996285.3447111608,664294.7980618586,3996286.6225494,1.0,"[5.0, 5.0, 2.0, 2.0, 2.0]",1.0
9c891840338e54d4,1.0,1.0,1.0,1.0,0.8518716171267271,1.0,1.0,1.0,0.9470970061166882,True,2021.07.09.15.53.28_veh-38_00184_02293,0,1625847920.499919,664470.0799406744,3997474.090097036,664470.5700888943,3997454.667298618,1.0,"[5.0, 5.0, 2.0, 2.0, 2.0]",0.9537098803521022
9cb25aa118655418,1.0,1.0,1.0,1.0,1.0,1.0,1.0,1.0,1.0,True,2021.07.09.15.53.28_veh-38_00184_02293,0,1625847451.9997408,664452.1794840185,3996494.955544422,664451.0301664904,3996552.540976846,,"[5.0, 5.0, 2.0, 2.0, 0.0]",1.0
9cc73a8bde335ec2,1.0,1.0,1.0,1.0,1.0,1.0,1.0,1.0,1.0,True,2021.07.09.15.53.28_veh-38_00184_02293,0,1625847159.499912,664431.1202932948,3997582.872222042,664430.5485728367,3997612.2975840457,,"[5.0, 5.0, 2.0, 2.0, 0.0]",1.0
9d572fd0a3c0584f,1.0,1.0,1.0,1.0,1.0,1.0,1.0,1.0,1.0,True,2021.07.09.15.53.28_veh-38_00184_02293,0,1625848131.0001159,664481.0958385564,3997861.6519559813,664464.4912248101,3997854.1251210133,0.0,"[5.0, 5.0, 2.0, 2.0, 2.0]",0.875
9d8f4e67c96b5637,1.0,1.0,1.0,1.0,1.0,1.0,1.0,1.0,1.0,True,2021.07.09.15.53.28_veh-38_00184_02293,0,1625848242.500526,664430.6312530898,3997629.876280626,664430.2563801575,3997650.1055763294,1.0,"[5.0, 5.0, 2.0, 2.0, 2.0]",1.0
9db16a5b77095de4,1.0,1.0,1.0,1.0,0.7857862014369333,1.0,1.0,1.0,0.9234950719417618,True,2021.07.09.15.53.28_veh-38_00184_02293,0,1625848246.0007288,664430.5604197114,3997628.8738684845,664430.5508201594,3997632.176123922,1.0,"[5.0, 5.0, 2.0, 2.0, 2.0]",0.9330581879490416
9e7532e485cc5816,1.0,1.0,1.0,1.0,1.0,1.0,1.0,1.0,1.0,True,2021.07.09.15.53.28_veh-38_00184_02293,0,1625848188.499728,664545.4619354659,3997892.975846416,664562.1187996936,3997902.094321612,1.0,"[5.0, 5.0, 2.0, 2.0, 2.0]",1.0
9eac02522d2a5ed3,1.0,1.0,1.0,1.0,1.0,1.0,1.0,1.0,1.0,True,2021.07.09.15.53.28_veh-38_00184_02293,0,1625846759.000331,664480.9690316494,3996652.5065521454,664481.4786977184,3996626.9817458233,1.0,"[5.0, 5.0, 2.0, 2.0, 2.0]",1.0
9f2f87e8c4b558c8,1.0,1.0,1.0,1.0,0.9270805631048188,1.0,1.0,1.0,0.9739573439660066,True,2021.07.09.15.53.28_veh-38_00184_02293,0,1625848157.000208,664597.8992883173,3997873.210543302,664592.0654854213,3997858.1603258336,1.0,"[5.0, 5.0, 2.0, 2.0, 2.0]",0.9772126759702559
9f40f3d09a0c5024,1.0,1.0,1.0,1.0,1.0,1.0,1.0,1.0,1.0,True,2021.07.09.15.53.28_veh-38_00184_02293,0,1625848154.499809,664595.5967128809,3997864.0782892574,664584.5768717999,3997850.0030510225,,"[5.0, 5.0, 2.0, 2.0, 0.0]",1.0
9f56c42b0c4b552c,1.0,1.0,1.0,1.0,1.0,1.0,1.0,1.0,1.0,True,2021.07.09.15.53.28_veh-38_00184_02293,0,1625847205.000423,664440.4789012973,3997119.2210530946,664440.3131950751,3997128.063376702,1.0,"[5.0, 5.0, 2.0, 2.0, 2.0]",1.0
a0036dbb7dd9522a,1.0,1.0,1.0,1.0,1.0,1.0,1.0,1.0,1.0,True,2021.07.09.15.53.28_veh-38_00184_02293,0,1625846542.0002089,664191.8100753529,3996246.51177467,664181.5002726185,3996257.176014623,1.0,"[5.0, 5.0, 2.0, 2.0, 2.0]",1.0
a075a523b64550e9,1.0,1.0,1.0,1.0,0.6859885089582374,1.0,1.0,1.0,0.8878530389136562,True,2021.07.09.15.53.28_veh-38_00184_02293,0,1625846530.0006359,664189.9394001226,3996282.8945413125,664196.08597049,3996283.073969446,1.0,"[5.0, 5.0, 2.0, 2.0, 2.0]",0.9018714090494492
a094176b58375800,1.0,1.0,1.0,1.0,1.0,1.0,1.0,1.0,0.8571428571428571,True,2021.07.09.15.53.28_veh-38_00184_02293,0,1625847568.500851,664204.2937088626,3996245.7734085624,664196.7620152493,3996246.665712819,,"[5.0, 5.0, 2.0, 2.0, 0.0]",1.0
a0c05b04e8fc5d85,1.0,1.0,1.0,1.0,1.0,1.0,1.0,1.0,0.0,True,2021.07.09.15.53.28_veh-38_00184_02293,0,1625847743.999621,664450.4121755649,3996286.718126042,664434.2579782123,3996285.828140367,0.0,"[5.0, 5.0, 2.0, 2.0, 2.0]",0.875
a156a990d01f5a38,1.0,1.0,1.0,1.0,1.0,1.0,1.0,1.0,1.0,True,2021.07.09.15.53.28_veh-38_00184_02293,0,1625847226.9999518,664441.0470072536,3997088.5807971074,664440.6381283415,3997108.5263638846,,"[5.0, 5.0, 2.0, 2.0, 0.0]",1.0
a173aec70e58581c,1.0,1.0,1.0,1.0,1.0,1.0,1.0,1.0,1.0,True,2021.07.09.15.53.28_veh-38_00184_02293,0,1625847475.499806,664452.809751177,3996316.48198947,664452.5991267478,3996345.4347353536,1.0,"[5.0, 5.0, 2.0, 2.0, 2.0]",1.0
a1b196339e23508b,1.0,1.0,1.0,1.0,0.8362963327574239,1.0,1.0,1.0,0.9415344045562228,True,2021.07.09.15.53.28_veh-38_00184_02293,0,1625847623.999821,664314.2550520148,3996278.018475272,664303.986337644,3996277.913524252,1.0,"[5.0, 5.0, 2.0, 2.0, 2.0]",0.948842603986695
a1c0bc234f6b509d,1.0,1.0,1.0,1.0,0.9506527210516242,1.0,1.0,1.0,0.9823759718041515,True,2021.07.09.15.53.28_veh-38_00184_02293,0,1625846631.5002089,664316.740026158,3996278.244714629,664304.4433491705,3996278.045004891,1.0,"[5.0, 5.0, 2.0, 2.0, 2.0]",0.9845789753286326
a29d4b0957d45457,1.0,1.0,1.0,1.0,1.0,1.0,1.0,1.0,0.8571428571428571,True,2021.07.09.15.53.28_veh-38_00184_02293,0,1625848187.999739,664547.3590764859,3997894.6517501315,664564.4800441113,3997902.551900827,1.0,"[5.0, 5.0, 2.0, 2.0, 2.0]",1.0
a3648b6dd505564f,1.0,0.0,1.0,1.0,1.0,1.0,1.0,1.0,0.0,True,2021.07.09.15.53.28_veh-38_00184_02293,0,1625848193.5004718,664527.5790495723,3997878.5087907794,664542.9577349821,3997889.567878744,1.0,"[5.0, 5.0, 2.0, 2.0, 2.0]",0.0
a3b1fb4905615ee0,1.0,1.0,1.0,1.0,0.9487540226577132,1.0,1.0,1.0,0.9816978652348975,True,2021.07.09.15.53.28_veh-38_00184_02293,0,1625847461.5002818,664454.9245094425,3996394.52974154,664453.9264472058,3996429.7885181853,0.0,"[5.0, 5.0, 2.0, 2.0, 2.0]",0.8589856320805354
a3ef1c88095a59da,1.0,1.0,1.0,1.0,0.7389231794276846,1.0,1.0,1.0,0.9067582783670302,True,2021.07.09.15.53.28_veh-38_00184_02293,0,1625847553.5000138,664183.6076249353,3996281.583963742,664193.9860373586,3996283.063520147,1.0,"[5.0, 5.0, 2.0, 2.0, 2.0]",0.9184134935711514
a4ba975c32c95388,1.0,1.0,1.0,1.0,1.0,1.0,1.0,1.0,1.0,True,2021.07.09.15.53.28_veh-38_00184_02293,0,1625846361.999907,664441.1322331982,3997079.522487019,664440.7506476133,3997102.2400144096,1.0,"[5.0, 5.0, 2.0, 2.0, 2.0]",1.0
a501f397b8045aed,1.0,1.0,1.0,1.0,1.0,1.0,1.0,1.0,1.0,True,2021.07.09.15.53.28_veh-38_00184_02293,0,1625848155.000061,664596.3677821177,3997866.0476648575,664586.371509658,3997851.507185613,1.0,"[5.0, 5.0, 2.0, 2.0, 2.0]",1.0
a572a36643565d2d,1.0,1.0,1.0,1.0,1.0,1.0,1.0,1.0,1.0,True,2021.07.09.15.53.28_veh-38_00184_02293,0,1625847599.999625,664248.8210654962,3996261.211408777,664237.4517899266,3996251.0189941814,1.0,"[5.0, 5.0, 2.0, 2.0, 2.0]",1.0
a5bdf8f9621d585c,1.0,1.0,1.0,1.0,1.0,1.0,1.0,1.0,1.0,True,2021.07.09.15.53.28_veh-38_00184_02293,0,1625848191.500128,664536.3021246151,3997882.0130893337,664549.5197039006,3997896.2762318384,1.0,"[5.0, 5.0, 2.0, 2.0, 2.0]",1.0
a5d0fdeecf745214,1.0,1.0,1.0,1.0,1.0,1.0,1.0,1.0,0.8571428571428571,True,2021.07.09.15.53.28_veh-38_00184_02293,0,1625848132.0003629,664486.8092162345,3997861.1350977346,664466.8337444904,3997857.465367604,0.0,"[5.0, 5.0, 2.0, 2.0, 2.0]",0.875
a5fc68e13b4c5653,1.0,1.0,1.0,1.0,1.0,1.0,1.0,1.0,1.0,True,2021.07.09.15.53.28_veh-38_00184_02293,0,1625847521.99948,664273.154167696,3996285.411070231,664295.1889566396,3996286.6177911954,1.0,"[5.0, 5.0, 2.0, 2.0, 2.0]",1.0
a732670827695579,1.0,1.0,1.0,1.0,0.8346855824616188,1.0,1.0,1.0,0.9409591365934353,True,2021.07.09.15.53.28_veh-38_00184_02293,0,1625846473.499903,664381.0467919562,3996293.588367788,664391.290410599,3996294.3781946013,1.0,"[5.0, 5.0, 2.0, 2.0, 2.0]",0.9483392445192559
a7bfd664e59f5640,1.0,1.0,1.0,1.0,0.9604162423308727,1.0,1.0,1.0,0.9858629436895975,True,2021.07.09.15.53.28_veh-38_00184_02293,0,1625848008.000048,664464.7221114327,3997781.6108952435,664465.1862137172,3997759.8868152634,1.0,"[5.0, 5.0, 2.0, 2.0, 2.0]",0.9876300757283978
a7c85687d085540f,1.0,1.0,1.0,1.0,0.9596290872021196,1.0,1.0,1.0,0.9855818168578999,True,2021.07.09.15.53.28_veh-38_00184_02293,0,1625848007.499904,664464.7854005831,3997779.5501924637,664465.2352552335,3997756.4711579774,1.0,"[5.0, 5.0, 2.0, 2.0, 2.0]",0.9873840897506624
a7f219d0ab395e1b,1.0,1.0,1.0,1.0,1.0,1.0,1.0,1.0,1.0,True,2021.07.09.15.53.28_veh-38_00184_02293,0,1625846537.0000389,664179.6643616348,3996260.13599199,664180.1970288114,3996277.165589245,0.0,"[5.0, 5.0, 2.0, 2.0, 2.0]",0.875
a85db33ba720554a,1.0,1.0,1.0,1.0,1.0,1.0,1.0,1.0,1.0,True,2021.07.09.15.53.28_veh-38_00184_02293,0,1625847143.9999819,664430.473079015,3997615.214393981,664430.4490539482,3997616.013323524,1.0,"[5.0, 5.0, 2.0, 2.0, 2.0]",1.0
a890e898c911575d,1.0,1.0,1.0,1.0,1.0,1.0,1.0,1.0,1.0,True,2021.07.09.15.53.28_veh-38_00184_02293,0,1625846639.500072,664362.6691140371,3996281.214172551,664338.3982282397,3996280.1639215983,1.0,"[5.0, 5.0, 2.0, 2.0, 2.0]",1.0
a8e97875efab5ff5,1.0,1.0,1.0,1.0,0.8589353061213747,1.0,1.0,1.0,0.8067626093290624,True,2021.07.09.15.53.28_veh-38_00184_02293,0,1625848158.4995859,664597.2119060139,3997878.1664201384,664595.212512195,3997863.747863299,1.0,"[5.0, 5.0, 2.0, 2.0, 2.0]",0.9559172831629296
a8efb43e09885372,1.0,1.0,1.0,1.0,1.0,1.0,1.0,1.0,1.0,True,2021.07.09.15.53.28_veh-38_00184_02293,0,1625847204.0007088,664440.4707448095,3997119.49562852,664440.2237137936,3997132.605372628,1.0,"[5.0, 5.0, 2.0, 2.0, 2.0]",1.0
a90b5f01478957ee,1.0,1.0,1.0,1.0,0.6824031786983865,1.0,1.0,0.0,0.7437154209637095,True,2021.07.09.15.53.28_veh-38_00184_02293,0,1625846491.499918,664318.5790349429,3996289.6137033137,664326.6667045864,3996289.777067722,,"[5.0, 5.0, 2.0, 2.0, 0.0]",0.7437154209637095
a91aee7fb6255053,1.0,1.0,1.0,1.0,0.8878996939774187,1.0,1.0,1.0,0.9599641764205068,True,2021.07.09.15.53.28_veh-38_00184_02293,0,1625847624.4997818,664316.0504556688,3996278.050958388,664304.6834144423,3996277.91603195,1.0,"[5.0, 5.0, 2.0, 2.0, 2.0]",0.9649686543679434
a9bb657628115cf5,1.0,1.0,1.0,1.0,0.9683414312239799,1.0,1.0,1.0,0.9886933682942785,True,2021.07.09.15.53.28_veh-38_00184_02293,0,1625847781.0000448,664481.7716338879,3996607.3854474975,664481.950448247,3996599.759375328,1.0,"[5.0, 5.0, 2.0, 2.0, 2.0]",0.9901066972574937
aa917b7bd6795583,1.0,1.0,1.0,1.0,1.0,1.0,1.0,1.0,1.0,True,2021.07.09.15.53.28_veh-38_00184_02293,0,1625847778.000654,664481.7436770538,3996604.7783733997,664482.5554705425,3996578.9890088993,1.0,"[5.0, 5.0, 2.0, 2.0, 2.0]",1.0
ac0ca24fd2f158b7,1.0,1.0,1.0,1.0,1.0,1.0,1.0,1.0,1.0,True,2021.07.09.15.53.28_veh-38_00184_02293,0,1625847520.5004978,664280.1855775821,3996285.5492865453,664303.467738564,3996287.7855274584,1.0,"[5.0, 5.0, 2.0, 2.0, 2.0]",1.0
acf90c09814b527d,1.0,1.0,1.0,1.0,1.0,1.0,1.0,1.0,1.0,True,2021.07.09.15.53.28_veh-38_00184_02293,0,1625847843.999673,664481.5312787126,3996614.0940647195,664481.7776747175,3996606.418074936,1.0,"[5.0, 5.0, 2.0, 2.0, 2.0]",1.0
ad4728971bca5a56,1.0,1.0,1.0,1.0,1.0,1.0,1.0,1.0,1.0,True,2021.07.09.15.53.28_veh-38_00184_02293,0,1625846551.000489,664205.9707039418,3996245.8815902234,664205.2848110433,3996245.891821476,1.0,"[5.0, 5.0, 2.0, 2.0, 2.0]",1.0
adeac17732895943,1.0,1.0,1.0,1.0,1.0,1.0,1.0,1.0,1.0,True,2021.07.09.15.53.28_veh-38_00184_02293,0,1625848186.500705,664553.2944632196,3997898.9435474095,664571.5807770654,3997902.7518508784,1.0,"[5.0, 5.0, 2.0, 2.0, 2.0]",1.0
ae101de4cb1b513e,1.0,1.0,1.0,1.0,0.6720507020450702,1.0,1.0,1.0,0.8828752507303823,True,2021.07.09.15.53.28_veh-38_00184_02293,0,1625846645.99996,664377.3955505475,3996281.8700285596,664369.4844713561,3996281.434097534,,"[5.0, 5.0, 2.0, 2.0, 0.0]",0.8828752507303823
ae65f8c63d9757ce,1.0,1.0,1.0,1.0,1.0,1.0,1.0,1.0,1.0,True,2021.07.09.15.53.28_veh-38_00184_02293,0,1625846455.500365,664452.1697709758,3996305.7880950193,664452.5344261609,3996315.260525594,1.0,"[5.0, 5.0, 2.0, 2.0, 2.0]",1.0
ae75038bea395c18,1.0,1.0,1.0,1.0,0.8518386925023544,1.0,1.0,1.0,0.9470852473222695,True,2021.07.09.15.53.28_veh-38_00184_02293,0,1625847919.499934,664470.1295558114,3997470.920221856,664470.7549759775,3997447.90496597,1.0,"[5.0, 5.0, 2.0, 2.0, 2.0]",0.9536995914069858
aefcaaf5aef552eb,1.0,1.0,1.0,1.0,1.0,1.0,1.0,1.0,0.8571428571428571,True,2021.07.09.15.53.28_veh-38_00184_02293,0,1625848132.500202,664490.10305689,3997861.1373973098,664468.5665426152,3997858.882428523,0.0,"[5.0, 5.0, 2.0, 2.0, 2.0]",0.875
b0224834f8b856d8,1.0,1.0,1.0,1.0,0.752841933210139,1.0,1.0,1.0,0.9117292618607639,True,2021.07.09.15.53.28_veh-38_00184_02293,0,1625846726.500582,664486.8784765169,3996309.211884556,664466.8396112856,3996289.4812524295,,"[5.0, 5.0, 2.0, 2.0, 0.0]",0.9117292618607639
b030dec92165592b,1.0,1.0,1.0,1.0,1.0,1.0,1.0,1.0,1.0,True,2021.07.09.15.53.28_veh-38_00184_02293,0,1625847560.000774,664183.7105810675,3996256.234608857,664178.7153577361,3996273.222544281,0.0,"[5.0, 5.0, 2.0, 2.0, 2.0]",0.875
b066a7fc60ff523a,1.0,1.0,1.0,1.0,1.0,1.0,1.0,1.0,1.0,True,2021.07.09.15.53.28_veh-38_00184_02293,0,1625847562.9998598,664193.0879783382,3996248.0691449493,664181.5736939402,3996260.462665763,1.0,"[5.0, 5.0, 2.0, 2.0, 2.0]",1.0
b1c8504629d8571f,1.0,1.0,1.0,1.0,0.8988178562061627,1.0,1.0,1.0,0.9638635200736295,True,2021.07.09.15.53.28_veh-38_00184_02293,0,1625846457.000442,664447.9811308752,3996299.7635851298,664452.629317121,3996313.8684821087,1.0,"[5.0, 5.0, 2.0, 2.0, 2.0]",0.9683805800644258
b23b1644c9845dc3,1.0,0.0,1.0,1.0,1.0,1.0,1.0,1.0,0.0,True,2021.07.09.15.53.28_veh-38_00184_02293,0,1625848194.0008209,664524.8781187568,3997877.9616782432,664541.5479321238,3997887.7179503357,1.0,"[5.0, 5.0, 2.0, 2.0, 2.0]",0.0
b26470d352f35d83,1.0,1.0,1.0,1.0,0.7678166661088774,1.0,1.0,1.0,0.9170773807531705,True,2021.07.09.15.53.28_veh-38_00184_02293,0,1625848012.500623,664464.60980368,3997787.896932099,664464.734002726,3997782.116533218,1.0,"[5.0, 5.0, 2.0, 2.0, 2.0]",0.9274427081590242
b308eee052bc5e70,1.0,1.0,1.0,1.0,0.9665254346013689,1.0,1.0,1.0,0.9880447980719175,True,2021.07.09.15.53.28_veh-38_00184_02293,0,1625847442.0006728,664451.5386760754,3996634.187422954,664450.3421872588,3996676.55334213,1.0,"[5.0, 5.0, 2.0, 2.0, 2.0]",0.9895391983129278
b3786daf3a0357bd,1.0,1.0,1.0,1.0,1.0,1.0,1.0,1.0,0.8571428571428571,True,2021.07.09.15.53.28_veh-38_00184_02293,0,1625847592.499594,664227.3303807466,3996249.9402862974,664212.88084847,3996248.4868124346,1.0,"[5.0, 5.0, 2.0, 2.0, 2.0]",1.0
b39a2ad9b6f050a9,1.0,1.0,1.0,1.0,0.8731238606109295,1.0,1.0,1.0,0.954687093075332,True,2021.07.09.15.53.28_veh-38_00184_02293,0,1625848397.000018,664448.3063775871,3996764.12295929,664447.0952185021,3996797.868111951,1.0,"[5.0, 5.0, 2.0, 2.0, 2.0]",0.9603512064409154
b3fa24000d6f5d8d,1.0,1.0,1.0,1.0,0.7405959689556844,1.0,1.0,1.0,0.9073557031984587,True,2021.07.09.15.53.28_veh-38_00184_02293,0,1625848128.5003839,664468.8571073449,3997859.735185545,664463.2750944283,3997846.789981898,,"[5.0, 5.0, 2.0, 2.0, 0.0]",0.9073557031984587
b4b4b7ff096852e8,1.0,1.0,1.0,1.0,1.0,1.0,1.0,1.0,1.0,True,2021.07.09.15.53.28_veh-38_00184_02293,0,1625847521.0001829,664278.0364543793,3996285.5054373764,664300.8135286394,3996287.3304145364,1.0,"[5.0, 5.0, 2.0, 2.0, 2.0]",1.0
b4da9833a6795b8f,1.0,1.0,1.0,1.0,0.9269398176898225,1.0,1.0,1.0,0.9739070777463652,True,2021.07.09.15.53.28_veh-38_00184_02293,0,1625847187.500304,664437.217682549,3997222.527586759,664433.7472909458,3997269.4261416625,1.0,"[5.0, 5.0, 2.0, 2.0, 2.0]",0.9771686930280695
b632e3d66c445180,1.0,1.0,1.0,0.0,1.0,1.0,1.0,1.0,0.0,True,2021.07.09.15.53.28_veh-38_00184_02293,0,1625846760.4996588,664480.9891900657,3996656.2274591834,664481.2130407606,3996638.563603557,1.0,"[5.0, 5.0, 2.0, 2.0, 2.0]",0.0
b6745c96ac0e5958,1.0,1.0,1.0,1.0,0.9108243690454222,1.0,1.0,1.0,0.9681515603733651,True,2021.07.09.15.53.28_veh-38_00184_02293,0,1625846365.4998798,664441.1046295892,3997077.270248563,664441.0522860199,3997082.3415223714,1.0,"[5.0, 5.0, 2.0, 2.0, 2.0]",0.9721326153266945
b6d928e9508d596b,1.0,1.0,1.0,1.0,1.0,1.0,1.0,1.0,1.0,True,2021.07.09.15.53.28_veh-38_00184_02293,0,1625846638.9998648,664360.4986585234,3996281.2032564553,664335.4449794922,3996279.8760906663,1.0,"[5.0, 5.0, 2.0, 2.0, 2.0]",1.0
b735436ddca45550,1.0,1.0,1.0,1.0,1.0,1.0,1.0,1.0,1.0,True,2021.07.09.15.53.28_veh-38_00184_02293,0,1625848198.0000398,664502.8178992359,3997877.5031162165,664524.9136123976,3997878.3871288104,1.0,"[5.0, 5.0, 2.0, 2.0, 2.0]",1.0
b73a3a2e7064563b,1.0,1.0,1.0,1.0,1.0,1.0,1.0,1.0,1.0,True,2021.07.09.15.53.28_veh-38_00184_02293,0,1625847438.0004818,664450.406458557,3996675.320327284,664449.5811338561,3996702.241541773,1.0,"[5.0, 5.0, 2.0, 2.0, 2.0]",1.0
b7e570107a325b8f,1.0,1.0,1.0,1.0,0.7263398205280941,1.0,1.0,1.0,0.9022642216171766,True,2021.07.09.15.53.28_veh-38_00184_02293,0,1625846630.4998,664311.8595954519,3996278.2033106834,664303.0524253057,3996278.020346803,1.0,"[5.0, 5.0, 2.0, 2.0, 2.0]",0.9144811939150295
b83936f0ca9b5b93,1.0,1.0,1.0,1.0,1.0,1.0,1.0,1.0,1.0,True,2021.07.09.15.53.28_veh-38_00184_02293,0,1625846608.499363,664249.7243901333,3996259.9480699333,664236.5901423544,3996246.5546195745,1.0,"[5.0, 5.0, 2.0, 2.0, 2.0]",1.0
b84c65fdf2155597,1.0,1.0,1.0,1.0,0.8652138566564864,1.0,1.0,1.0,0.9518620916630309,True,2021.07.09.15.53.28_veh-38_00184_02293,0,1625848336.999994,664437.7342945555,3997070.0250777453,664437.4055780545,3997093.5142811798,1.0,"[5.0, 5.0, 2.0, 2.0, 2.0]",0.957879330205152
b941d62667685487,1.0,1.0,1.0,1.0,0.9185660136132993,1.0,1.0,1.0,0.9709164334333212,True,2021.07.09.15.53.28_veh-38_00184_02293,0,1625848299.999717,664435.1562555109,3997386.3829828403,664434.4133488567,3997416.947728432,1.0,"[5.0, 5.0, 2.0, 2.0, 2.0]",0.9745518792541561
b98697803d5453a3,1.0,1.0,1.0,1.0,0.9681181277802751,1.0,1.0,1.0,0.9886136170643839,True,2021.07.09.15.53.28_veh-38_00184_02293,0,1625847441.5003119,664451.4364702629,3996639.958723901,664450.2258632353,3996680.763423274,1.0,"[5.0, 5.0, 2.0, 2.0, 2.0]",0.9900369149313359
b99eaf8d1f355bcc,1.0,1.0,1.0,1.0,0.9273220556119758,1.0,1.0,1.0,0.9740435912899914,True,2021.07.09.15.53.28_veh-38_00184_02293,0,1625846473.999845,664378.9277186432,3996293.4345028643,664390.6293952668,3996294.3334767893,1.0,"[5.0, 5.0, 2.0, 2.0, 2.0]",0.9772881423787425
b9a812dceaec5add,1.0,1.0,1.0,1.0,0.8977739880798539,1.0,1.0,1.0,0.9634907100285192,True,2021.07.09.15.53.28_veh-38_00184_02293,0,1625848299.500017,664435.1572455536,3997389.4430712652,664434.3053964096,3997421.514521517,,"[5.0, 5.0, 2.0, 2.0, 0.0]",0.9634907100285192
ba0a961f7dc355f7,1.0,1.0,1.0,1.0,0.7894364047542018,1.0,1.0,1.0,0.9247987159836436,True,2021.07.09.15.53.28_veh-38_00184_02293,0,1625848212.500726,664433.678084767,3997861.2420179984,664455.7614819778,3997876.0618803836,1.0,"[5.0, 5.0, 2.0, 2.0, 2.0]",0.9341988764856881
ba0f4d8974e75963,1.0,1.0,1.0,1.0,0.9699353645728362,1.0,1.0,1.0,0.9892626302045844,True,2021.07.09.15.53.28_veh-38_00184_02293,0,1625848243.499892,664430.596461411,3997629.022501337,664430.3749758463,3997643.381010398,1.0,"[5.0, 5.0, 2.0, 2.0, 2.0]",0.9906048014290113
bade9ac4b8cb5025,1.0,1.0,1.0,1.0,0.9074516836950158,1.0,1.0,1.0,0.9669470298910772,True,2021.07.09.15.53.28_veh-38_00184_02293,0,1625848244.9999099,664430.5728400492,3997628.5329751917,664430.493067057,3997635.6139691244,1.0,"[5.0, 5.0, 2.0, 2.0, 2.0]",0.9710786511546925
bb452532dfb25d30,1.0,1.0,1.0,1.0,0.9210388084123223,1.0,1.0,1.0,0.9717995744329723,True,2021.07.09.15.53.28_veh-38_00184_02293,0,1625847753.999794,664485.115846945,3996347.0481258826,664484.9315208045,3996306.7180302762,0.0,"[5.0, 5.0, 2.0, 2.0, 2.0]",0.8503246276288507
bcf3fcf890f55beb,1.0,1.0,1.0,1.0,1.0,1.0,1.0,1.0,1.0,True,2021.07.09.15.53.28_veh-38_00184_02293,0,1625847208.500598,664440.3841762238,3997119.997227303,664440.4211471824,3997120.1176516027,1.0,"[5.0, 5.0, 2.0, 2.0, 2.0]",1.0
bd493f896ba85e28,1.0,1.0,1.0,1.0,0.6518375438837716,1.0,1.0,1.0,0.8756562656727755,True,2021.07.09.15.53.28_veh-38_00184_02293,0,1625846629.9999418,664310.2615761776,3996278.186815238,664302.4424671932,3996278.0219278573,,"[5.0, 5.0, 2.0, 2.0, 0.0]",0.8756562656727755
bd656f4e771156cb,1.0,0.0,1.0,1.0,1.0,1.0,1.0,1.0,0.0,True,2021.07.09.15.53.28_veh-38_00184_02293,0,1625848192.4997048,664531.9855653053,3997879.4620543155,664546.0128705893,3997893.14972076,,"[5.0, 5.0, 2.0, 2.0, 0.0]",0.0
bd65a234358f5492,1.0,1.0,1.0,1.0,1.0,1.0,1.0,1.0,1.0,True,2021.07.09.15.53.28_veh-38_00184_02293,0,1625847138.500279,664430.4422623796,3997618.1210427727,664430.0867495178,3997641.8844749797,1.0,"[5.0, 5.0, 2.0, 2.0, 2.0]",1.0
be9b110689c05894,1.0,1.0,1.0,1.0,1.0,1.0,1.0,1.0,1.0,True,2021.07.09.15.53.28_veh-38_00184_02293,0,1625846648.0004768,664386.4486159134,3996282.429604865,664372.0726672816,3996281.551754419,1.0,"[5.0, 5.0, 2.0, 2.0, 2.0]",1.0
beb7c6e766c65d0e,1.0,1.0,1.0,1.0,0.8095023853560109,1.0,1.0,1.0,0.9319651376271467,True,2021.07.09.15.53.28_veh-38_00184_02293,0,1625847751.000093,664486.5705558307,3996315.75699894,664470.4517800565,3996289.8294433723,0.0,"[5.0, 5.0, 2.0, 2.0, 2.0]",0.8154694954237534
bff3326028ec59ab,1.0,1.0,1.0,1.0,0.9093378613381262,1.0,1.0,1.0,0.9676206647636165,True,2021.07.09.15.53.28_veh-38_00184_02293,0,1625846425.500033,664452.5558958894,3996476.624813563,664450.8504399695,3996522.855175269,1.0,"[5.0, 5.0, 2.0, 2.0, 2.0]",0.9716680816681644
c00c768576c85009,1.0,1.0,1.0,1.0,1.0,1.0,1.0,1.0,1.0,True,2021.07.09.15.53.28_veh-38_00184_02293,0,1625847598.5003788,664245.3616604415,3996256.2885153047,664232.8518509631,3996250.2942951326,,"[5.0, 5.0, 2.0, 2.0, 0.0]",1.0
c0a403cdf4c053bc,1.0,1.0,1.0,1.0,1.0,1.0,1.0,1.0,1.0,True,2021.07.09.15.53.28_veh-38_00184_02293,0,1625847844.499661,664481.4631886022,3996616.7915036576,664481.7774727956,3996606.4751168755,1.0,"[5.0, 5.0, 2.0, 2.0, 2.0]",1.0
c0dfedf6168e5ca9,1.0,1.0,1.0,0.0,1.0,1.0,1.0,1.0,0.0,True,2021.07.09.15.53.28_veh-38_00184_02293,0,1625846763.000336,664481.0960581847,3996656.550543625,664481.0516200772,3996651.57279389,1.0,"[5.0, 5.0, 2.0, 2.0, 2.0]",0.0
c11fc5cf8d5a516e,1.0,1.0,1.0,1.0,1.0,1.0,1.0,1.0,1.0,True,2021.07.09.15.53.28_veh-38_00184_02293,0,1625846548.999943,664206.843969322,3996245.8929278865,664201.0676829744,3996245.9572274773,1.0,"[5.0, 5.0, 2.0, 2.0, 2.0]",1.0
c17473f5cacd51be,1.0,1.0,1.0,1.0,1.0,1.0,1.0,1.0,1.0,True,2021.07.09.15.53.28_veh-38_00184_02293,0,1625846537.5003738,664180.6546453421,3996258.6107210885,664179.2642287714,3996275.196353592,0.0,"[5.0, 5.0, 2.0, 2.0, 2.0]",0.875
c368ddc3ee435179,1.0,1.0,1.0,1.0,1.0,1.0,1.0,0.0,0.8571428571428571,True,2021.07.09.15.53.28_veh-38_00184_02293,0,1625847558.4998028,664180.3008804243,3996262.150062526,664181.2745876304,3996279.074353656,0.0,"[5.0, 5.0, 2.0, 2.0, 2.0]",0.75
c3f177935f5f5d5e,1.0,1.0,1.0,1.0,0.9076825282433544,1.0,1.0,1.0,0.9670294743726267,True,2021.07.09.15.53.28_veh-38_00184_02293,0,1625848008.999949,664464.6415036473,3997784.692367246,664465.0854997,3997765.904538278,,"[5.0, 5.0, 2.0, 2.0, 0.0]",0.9670294743726267
c4220658d3095647,1.0,1.0,1.0,1.0,0.870615501653906,1.0,1.0,1.0,0.9537912505906807,True,2021.07.09.15.53.28_veh-38_00184_02293,0,1625846433.999713,664455.7085386326,3996370.351238517,664454.3636867653,3996419.709405674,1.0,"[5.0, 5.0, 2.0, 2.0, 2.0]",0.9595673442668456
c57100ab365351a9,1.0,1.0,1.0,1.0,0.663987777466007,1.0,1.0,1.0,0.8799956348092882,True,2021.07.09.15.53.28_veh-38_00184_02293,0,1625846529.5003328,664190.84461481,3996282.936489298,664196.5674829273,3996283.071640657,,"[5.0, 5.0, 2.0, 2.0, 0.0]",0.8799956348092882
c6de08f6ac3356ed,1.0,1.0,1.0,1.0,1.0,1.0,1.0,1.0,1.0,True,2021.07.09.15.53.28_veh-38_00184_02293,0,1625847922.00015,664470.0650498621,3997476.844238032,664470.346256829,3997463.2411791696,1.0,"[5.0, 5.0, 2.0, 2.0, 2.0]",1.0
c6e5078c49e6512e,1.0,1.0,1.0,1.0,1.0,1.0,1.0,1.0,1.0,True,2021.07.09.15.53.28_veh-38_00184_02293,0,1625846376.5006409,664441.2969160986,3997065.3083263664,664441.1168552468,3997077.3822811013,1.0,"[5.0, 5.0, 2.0, 2.0, 2.0]",1.0
c73e4e862203503a,1.0,1.0,1.0,1.0,0.999329646990182,1.0,1.0,1.0,0.9997605882107793,True,2021.07.09.15.53.28_veh-38_00184_02293,0,1625848241.500252,664430.60842196,3997632.477396013,664430.0822669994,3997657.985500392,1.0,"[5.0, 5.0, 2.0, 2.0, 2.0]",0.9997905146844319
c7ed8536a3815721,1.0,1.0,1.0,1.0,1.0,1.0,1.0,1.0,1.0,True,2021.07.09.15.53.28_veh-38_00184_02293,0,1625847208.000573,664440.4148449762,3997119.799458031,664440.4302105316,3997120.5472885543,1.0,"[5.0, 5.0, 2.0, 2.0, 2.0]",1.0
c9cf9a6acf495b50,1.0,1.0,1.0,1.0,1.0,1.0,1.0,1.0,0.8571428571428571,True,2021.07.09.15.53.28_veh-38_00184_02293,0,1625848183.500026,664566.5071704012,3997903.293148496,664583.5370073421,3997897.805810724,1.0,"[5.0, 5.0, 2.0, 2.0, 2.0]",1.0
caaeabfe1a50535c,1.0,1.0,1.0,1.0,1.0,1.0,1.0,1.0,1.0,True,2021.07.09.15.53.28_veh-38_00184_02293,0,1625848010.999995,664464.6198168762,3997787.4455561405,664464.8794117351,3997776.2646455774,1.0,"[5.0, 5.0, 2.0, 2.0, 2.0]",1.0
cb25d763e7bf5a13,1.0,1.0,1.0,1.0,1.0,1.0,1.0,1.0,1.0,True,2021.07.09.15.53.28_veh-38_00184_02293,0,1625847505.5000699,664329.5254309503,3996289.6296925666,664348.867070685,3996290.0441714446,1.0,"[5.0, 5.0, 2.0, 2.0, 2.0]",1.0
cbb75454103b5430,1.0,1.0,1.0,1.0,0.9988470445284284,1.0,1.0,1.0,0.9995882301887244,True,2021.07.09.15.53.28_veh-38_00184_02293,0,1625847505.9998078,664327.8861162309,3996289.6336164195,664346.0912567104,3996289.9020654815,1.0,"[5.0, 5.0, 2.0, 2.0, 2.0]",0.9996397014151339
cbd9412932fc5ad1,1.0,1.0,1.0,1.0,1.0,1.0,1.0,1.0,1.0,True,2021.07.09.15.53.28_veh-38_00184_02293,0,1625847921.5000188,664470.0913359523,3997475.7729260707,664470.4284913201,3997460.595235168,1.0,"[5.0, 5.0, 2.0, 2.0, 2.0]",1.0
cbd954347b835347,1.0,1.0,1.0,1.0,1.0,1.0,1.0,1.0,0.8571428571428571,True,2021.07.09.15.53.28_veh-38_00184_02293,0,1625847591.49974,664224.2096860006,3996249.78719226,664210.1330670051,3996247.8205602504,1.0,"[5.0, 5.0, 2.0, 2.0, 2.0]",1.0
cbde019469315d96,1.0,1.0,1.0,1.0,1.0,1.0,1.0,1.0,1.0,True,2021.07.09.15.53.28_veh-38_00184_02293,0,1625848223.0004919,664430.6164550864,3997818.5934528885,664430.4534055464,3997842.018478661,1.0,"[5.0, 5.0, 2.0, 2.0, 2.0]",1.0
cc27c4b666135bb2,1.0,1.0,1.0,1.0,0.8972347375207257,1.0,1.0,1.0,0.9632981205431163,True,2021.07.09.15.53.28_veh-38_00184_02293,0,1625848338.000651,664437.7573100148,3997067.8041241183,664437.4655755264,3997086.0171615942,1.0,"[5.0, 5.0, 2.0, 2.0, 2.0]",0.9678858554752268
cd10c3adba835576,1.0,1.0,1.0,1.0,0.8543820378473133,1.0,1.0,1.0,0.8051364420883261,True,2021.07.09.15.53.28_veh-38_00184_02293,0,1625847607.000546,664254.2843993962,3996273.1690566917,664252.367393621,3996268.348573917,,"[5.0, 5.0, 2.0, 2.0, 0.0]",0.947993584945469
cd964face7a55b94,1.0,1.0,1.0,1.0,1.0,1.0,1.0,1.0,1.0,True,2021.07.09.15.53.28_veh-38_00184_02293,0,1625846540.0000749,664185.9526429124,3996250.449044061,664178.9695186529,3996264.613580453,1.0,"[5.0, 5.0, 2.0, 2.0, 2.0]",1.0
cdec4cc7781e5d4d,1.0,1.0,1.0,1.0,1.0,1.0,1.0,1.0,1.0,True,2021.07.09.15.53.28_veh-38_00184_02293,0,1625847188.000599,664437.7420528762,3997218.3988546557,664433.9489578241,3997262.862497553,1.0,"[5.0, 5.0, 2.0, 2.0, 2.0]",1.0
cdf61e643b8e51b2,1.0,1.0,1.0,1.0,0.7785750013253492,1.0,1.0,1.0,0.9209196433304818,True,2021.07.09.15.53.28_veh-38_00184_02293,0,1625847533.0003638,664257.2726201192,3996284.9007390263,664264.311969052,3996285.084328381,,"[5.0, 5.0, 2.0, 2.0, 0.0]",0.9209196433304818
ce22202f19695a70,1.0,1.0,1.0,1.0,0.975259850401343,1.0,1.0,1.0,0.991164232286194,True,2021.07.09.15.53.28_veh-38_00184_02293,0,1625846438.499639,664452.295965735,3996329.0340350284,664455.1557521261,3996365.6903237286,,"[5.0, 5.0, 2.0, 2.0, 0.0]",0.991164232286194
ce256aa4ec3e5725,1.0,1.0,1.0,1.0,1.0,1.0,1.0,0.0,0.8571428571428571,True,2021.07.09.15.53.28_veh-38_00184_02293,0,1625846460.999857,664426.5748456509,3996296.6630281885,664448.1270297946,3996300.3829307873,,"[5.0, 5.0, 2.0, 2.0, 0.0]",0.8571428571428571
cf1679ce3a565466,1.0,1.0,1.0,1.0,1.0,1.0,1.0,1.0,0.0,True,2021.07.09.15.53.28_veh-38_00184_02293,0,1625847743.499958,664447.0154156014,3996286.5546558024,664434.1871555907,3996285.824085667,,"[5.0, 5.0, 2.0, 2.0, 0.0]",1.0
cf3c3737fbc355eb,1.0,1.0,1.0,1.0,1.0,1.0,1.0,1.0,1.0,True,2021.07.09.15.53.28_veh-38_00184_02293,0,1625847924.000002,664470.0783779561,3997477.4506018483,664470.1610036754,3997471.344467572,1.0,"[5.0, 5.0, 2.0, 2.0, 2.0]",1.0
cf53947dbbef5730,1.0,1.0,1.0,1.0,1.0,1.0,1.0,1.0,1.0,True,2021.07.09.15.53.28_veh-38_00184_02293,0,1625847223.5001578,664440.7202274083,3997105.7205735925,664440.4309242656,3997119.1159029505,1.0,"[5.0, 5.0, 2.0, 2.0, 2.0]",1.0
d13ac79c8321555f,1.0,1.0,1.0,1.0,0.9554530055899576,1.0,1.0,1.0,0.9840903591392706,True,2021.07.09.15.53.28_veh-38_00184_02293,0,1625847473.499986,664452.5524496463,3996329.532164409,664453.560091497,3996358.276619536,1.0,"[5.0, 5.0, 2.0, 2.0, 2.0]",0.9860790642468618
d15d534ad5fb5212,1.0,1.0,1.0,1.0,1.0,1.0,1.0,1.0,1.0,True,2021.07.09.15.53.28_veh-38_00184_02293,0,1625846539.0004869,664183.5129506731,3996253.4177757637,664178.4246455404,3996268.829758582,1.0,"[5.0, 5.0, 2.0, 2.0, 2.0]",1.0
d1828b733a4857dd,1.0,0.0,1.0,1.0,0.9012929428453798,1.0,1.0,1.0,0.0,True,2021.07.09.15.53.28_veh-38_00184_02293,0,1625846615.500295,664254.657239068,3996273.621439126,664252.6131219374,3996268.347588045,,"[5.0, 5.0, 2.0, 2.0, 0.0]",0.0
d216d83e53955d24,1.0,1.0,1.0,1.0,1.0,1.0,1.0,1.0,1.0,True,2021.07.09.15.53.28_veh-38_00184_02293,0,1625848190.500701,664539.8174328873,3997885.777209882,664553.3854035567,3997898.81976123,1.0,"[5.0, 5.0, 2.0, 2.0, 2.0]",1.0
d28278a8dbb15ab5,1.0,1.0,1.0,1.0,0.9334072359811869,1.0,1.0,1.0,0.9762168699932811,True,2021.07.09.15.53.28_veh-38_00184_02293,0,1625847781.500284,664481.7617218307,3996607.1718733856,664481.8816727553,3996601.888752712,1.0,"[5.0, 5.0, 2.0, 2.0, 2.0]",0.9791897612441209
d2d0ac3e597b5959,1.0,1.0,1.0,1.0,1.0,1.0,1.0,1.0,1.0,True,2021.07.09.15.53.28_veh-38_00184_02293,0,1625847139.9997358,664430.4962263976,3997615.0163103673,664430.2529483689,3997630.9001213475,1.0,"[5.0, 5.0, 2.0, 2.0, 2.0]",1.0
d2e11ce62743532a,1.0,1.0,1.0,1.0,1.0,1.0,1.0,1.0,1.0,True,2021.07.09.15.53.28_veh-38_00184_02293,0,1625846362.999963,664441.1647128545,3997077.766569734,664440.8690548252,3997094.9424403715,1.0,"[5.0, 5.0, 2.0, 2.0, 2.0]",1.0
d3ac5b4aac44586a,1.0,1.0,1.0,1.0,0.9570583373381277,1.0,1.0,1.0,0.9846636919064741,True,2021.07.09.15.53.28_veh-38_00184_02293,0,1625846365.000134,664441.1190359547,3997077.0229093838,664441.0494816905,3997084.197098298,1.0,"[5.0, 5.0, 2.0, 2.0, 2.0]",0.9865807304181649
d3e39f5f0aed50d1,1.0,1.0,1.0,1.0,1.0,1.0,1.0,1.0,0.8571428571428571,True,2021.07.09.15.53.28_veh-38_00184_02293,0,1625848179.999928,664581.8397754241,3997899.1193918507,664588.9001052236,3997892.9442304275,1.0,"[5.0, 5.0, 2.0, 2.0, 2.0]",1.0
d4bb3dc7c7005656,1.0,1.0,1.0,1.0,0.733358245975314,1.0,1.0,1.0,0.9047708021340407,True,2021.07.09.15.53.28_veh-38_00184_02293,0,1625848129.000036,664470.8966137822,3997860.6146576926,664463.3224395248,3997848.102885747,1.0,"[5.0, 5.0, 2.0, 2.0, 2.0]",0.9166744518672856
d4d0d31bd49b525a,1.0,1.0,1.0,1.0,1.0,1.0,1.0,1.0,1.0,True,2021.07.09.15.53.28_veh-38_00184_02293,0,1625847600.4997408,664249.9749264313,3996262.9614666435,664238.9591738681,3996251.5514942734,1.0,"[5.0, 5.0, 2.0, 2.0, 2.0]",1.0
d5f3fa4290b459df,1.0,1.0,1.0,1.0,0.6998789069824609,1.0,1.0,1.0,0.892813895350879,True,2021.07.09.15.53.28_veh-38_00184_02293,0,1625847494.499696,664383.016694454,3996293.7829662124,664391.354066885,3996294.408387074,,"[5.0, 5.0, 2.0, 2.0, 0.0]",0.892813895350879
d61967204e52594f,1.0,1.0,1.0,1.0,1.0,1.0,1.0,1.0,1.0,True,2021.07.09.15.53.28_veh-38_00184_02293,0,1625846647.5001988,664384.5601907622,3996282.237000634,664371.320746072,3996281.527699858,1.0,"[5.0, 5.0, 2.0, 2.0, 2.0]",1.0
d61a2d5301f15b77,1.0,1.0,1.0,1.0,1.0,1.0,1.0,1.0,1.0,True,2021.07.09.15.53.28_veh-38_00184_02293,0,1625847222.499825,664440.6158420487,3997109.3752519335,664440.4102044028,3997119.8557026633,1.0,"[5.0, 5.0, 2.0, 2.0, 2.0]",1.0
d679a3e70e39596e,1.0,1.0,1.0,0.0,1.0,1.0,1.0,1.0,0.0,True,2021.07.09.15.53.28_veh-38_00184_02293,0,1625846762.5006459,664481.0766486522,3996656.7727337745,664481.0649774902,3996649.74878177,1.0,"[5.0, 5.0, 2.0, 2.0, 2.0]",0.0
d6997b98b3085c2b,1.0,1.0,1.0,1.0,1.0,1.0,1.0,1.0,1.0,True,2021.07.09.15.53.28_veh-38_00184_02293,0,1625847205.9999158,664440.4343867174,3997119.007557588,664440.3735405206,3997124.5097661344,1.0,"[5.0, 5.0, 2.0, 2.0, 2.0]",1.0
d7a0fd1066dc5ce5,1.0,1.0,1.0,1.0,0.9384364171150389,1.0,1.0,1.0,0.9780130061125138,True,2021.07.09.15.53.28_veh-38_00184_02293,0,1625848338.500684,664437.7869093469,3997066.7393633286,664437.5160925344,3997082.6497399695,1.0,"[5.0, 5.0, 2.0, 2.0, 2.0]",0.9807613803484496
d84af418335b5dbe,1.0,1.0,1.0,1.0,1.0,1.0,1.0,1.0,1.0,True,2021.07.09.15.53.28_veh-38_00184_02293,0,1625847571.5003679,664203.3626984289,3996245.87222213,664202.7514479142,3996245.892611453,1.0,"[5.0, 5.0, 2.0, 2.0, 2.0]",1.0
d877af354e355798,1.0,1.0,1.0,1.0,0.9263661056044402,1.0,1.0,1.0,0.9737021805730144,True,2021.07.09.15.53.28_veh-38_00184_02293,0,1625848339.000418,664437.7710789094,3997066.6110670436,664437.5887129976,3997079.585708044,1.0,"[5.0, 5.0, 2.0, 2.0, 2.0]",0.9769894080013876
d8d46f536585556f,1.0,1.0,1.0,1.0,1.0,1.0,1.0,1.0,1.0,True,2021.07.09.15.53.28_veh-38_00184_02293,0,1625846513.500258,664247.3609278252,3996284.5618702127,664263.9435643136,3996285.108746655,1.0,"[5.0, 5.0, 2.0, 2.0, 2.0]",1.0
d8f097f9fa2e52f7,1.0,1.0,1.0,1.0,1.0,1.0,1.0,1.0,1.0,True,2021.07.09.15.53.28_veh-38_00184_02293,0,1625846364.500447,664441.1300626328,3997076.9088913044,664441.0184144937,3997086.3777544904,1.0,"[5.0, 5.0, 2.0, 2.0, 2.0]",1.0
d967ad2a03a1521a,1.0,1.0,1.0,1.0,1.0,1.0,1.0,1.0,1.0,True,2021.07.09.15.53.28_veh-38_00184_02293,0,1625847923.4998999,664470.051556595,3997477.740087276,664470.2033138806,3997469.6926385397,1.0,"[5.0, 5.0, 2.0, 2.0, 2.0]",1.0
d9defa86501154b4,1.0,1.0,1.0,0.0,1.0,1.0,1.0,1.0,0.0,True,2021.07.09.15.53.28_veh-38_00184_02293,0,1625847652.499776,664434.478144997,3996285.8427113704,664430.8549562456,3996285.686355161,1.0,"[5.0, 5.0, 2.0, 2.0, 2.0]",0.0
d9e2c39b092159c4,1.0,1.0,1.0,1.0,1.0,1.0,1.0,1.0,1.0,True,2021.07.09.15.53.28_veh-38_00184_02293,0,1625847534.499743,664249.3764782406,3996284.6910195625,664264.283701789,3996285.089844988,1.0,"[5.0, 5.0, 2.0, 2.0, 2.0]",1.0
da2f830999325306,1.0,1.0,1.0,1.0,0.9721238373997149,1.0,1.0,1.0,0.9900442276427553,True,2021.07.09.15.53.28_veh-38_00184_02293,0,1625847514.49963,664312.3045537489,3996289.2680132114,664324.9252717511,3996289.6800340754,0.0,"[5.0, 5.0, 2.0, 2.0, 2.0]",0.8662886991874109
db5aa5f382f25aaa,1.0,1.0,1.0,1.0,0.8585626148976173,1.0,1.0,1.0,0.9494866481777205,True,2021.07.09.15.53.28_veh-38_00184_02293,0,1625847495.5003898,664379.4583624937,3996293.5663891966,664390.0850834413,3996294.331388347,1.0,"[5.0, 5.0, 2.0, 2.0, 2.0]",0.9558008171555055
dbdde78f03545776,1.0,1.0,1.0,1.0,1.0,1.0,1.0,1.0,0.8571428571428571,True,2021.07.09.15.53.28_veh-38_00184_02293,0,1625848179.49999,664582.9418267648,3997898.3146244893,664588.9064181494,3997892.936504156,1.0,"[5.0, 5.0, 2.0, 2.0, 2.0]",1.0
dbe9196d84d9511c,1.0,1.0,1.0,1.0,1.0,1.0,1.0,1.0,1.0,True,2021.07.09.15.53.28_veh-38_00184_02293,0,1625848011.5003119,664464.6199482845,3997787.5259530484,664464.8213773292,3997778.498658287,1.0,"[5.0, 5.0, 2.0, 2.0, 2.0]",1.0
dca94801958a53aa,1.0,1.0,1.0,1.0,0.9902386367000984,1.0,1.0,1.0,0.9965137988214637,True,2021.07.09.15.53.28_veh-38_00184_02293,0,1625846361.0001218,664441.0713814513,3997083.2152187782,664440.6175938639,3997110.6265276317,1.0,"[5.0, 5.0, 2.0, 2.0, 2.0]",0.9969495739687808
dd35faabfd005af0,1.0,1.0,1.0,1.0,1.0,1.0,1.0,1.0,1.0,True,2021.07.09.15.53.28_veh-38_00184_02293,0,1625847527.000047,664265.0616871872,3996285.085681606,664270.4757327605,3996285.331928761,,"[5.0, 5.0, 2.0, 2.0, 0.0]",1.0
dd4e1fa056b456f3,1.0,1.0,1.0,1.0,1.0,1.0,1.0,1.0,1.0,True,2021.07.09.15.53.28_veh-38_00184_02293,0,1625847158.0003989,664430.8161067591,3997596.906225989,664430.4996245459,3997615.1326171434,0.0,"[5.0, 5.0, 2.0, 2.0, 2.0]",0.875
dd8848619c6f5c22,1.0,1.0,1.0,0.0,1.0,1.0,1.0,1.0,0.0,True,2021.07.09.15.53.28_veh-38_00184_02293,0,1625847651.999948,664434.5565761833,3996285.8603226687,664429.0826612695,3996285.597569611,,"[5.0, 5.0, 2.0, 2.0, 0.0]",0.0
de7549a363f15a36,1.0,1.0,1.0,1.0,0.8335085105448087,1.0,1.0,1.0,0.9405387537660032,True,2021.07.09.15.53.28_veh-38_00184_02293,0,1625848012.000614,664464.6067823189,3997788.0835825787,664464.7669617435,3997780.4490133347,1.0,"[5.0, 5.0, 2.0, 2.0, 2.0]",0.9479714095452527
de99492d90ed5808,1.0,1.0,1.0,1.0,1.0,1.0,1.0,1.0,1.0,True,2021.07.09.15.53.28_veh-38_00184_02293,0,1625846547.500329,664206.6066030851,3996245.906246359,664196.7829583179,3996246.0160800745,,"[5.0, 5.0, 2.0, 2.0, 0.0]",1.0
df09da21f9a35c0c,1.0,1.0,1.0,1.0,1.0,1.0,1.0,1.0,1.0,True,2021.07.09.15.53.28_veh-38_00184_02293,0,1625848339.999852,664437.770673342,3997065.984157929,664437.6759286231,3997074.5587628023,1.0,"[5.0, 5.0, 2.0, 2.0, 2.0]",1.0
df242b87199d5acb,1.0,1.0,1.0,1.0,1.0,1.0,1.0,1.0,1.0,True,2021.07.09.15.53.28_veh-38_00184_02293,0,1625848156.00052,664597.599329626,3997870.0877932822,664589.4511028439,3997854.717939585,1.0,"[5.0, 5.0, 2.0, 2.0, 2.0]",1.0
e003efe0bcee5ce5,1.0,1.0,1.0,1.0,1.0,1.0,1.0,1.0,1.0,True,2021.07.09.15.53.28_veh-38_00184_02293,0,1625847140.499754,664430.5021031381,3997614.1611106177,664430.2812674931,3997627.87129243,1.0,"[5.0, 5.0, 2.0, 2.0, 2.0]",1.0
e0488ea0836c5bf6,1.0,1.0,1.0,1.0,0.9664947267448011,1.0,1.0,1.0,0.9880338309802861,True,2021.07.09.15.53.28_veh-38_00184_02293,0,1625848201.99978,664486.8892292689,3997877.325257442,664504.1018909402,3997877.6020459225,1.0,"[5.0, 5.0, 2.0, 2.0, 2.0]",0.9895296021077503
e07749952a0f5f5d,1.0,1.0,1.0,1.0,0.9770284940067906,1.0,1.0,1.0,0.9917958907167109,True,2021.07.09.15.53.28_veh-38_00184_02293,0,1625847440.499573,664451.0707180875,3996651.1210468346,664449.9971624217,3996688.4231563127,1.0,"[5.0, 5.0, 2.0, 2.0, 2.0]",0.9928214043771221
e0893a06ed5e5bb3,1.0,1.0,1.0,1.0,1.0,1.0,1.0,1.0,0.8571428571428571,True,2021.07.09.15.53.28_veh-38_00184_02293,0,1625847591.999601,664225.8160885575,3996249.79981052,664211.4506902928,3996248.1810544957,1.0,"[5.0, 5.0, 2.0, 2.0, 2.0]",1.0
e24fd0e278275c0b,1.0,1.0,1.0,1.0,1.0,1.0,1.0,1.0,1.0,True,2021.07.09.15.53.28_veh-38_00184_02293,0,1625846550.500829,664206.195156046,3996245.8754057246,664204.5540676106,3996245.907255451,1.0,"[5.0, 5.0, 2.0, 2.0, 2.0]",1.0
e26a0932b153560d,1.0,1.0,1.0,1.0,1.0,1.0,1.0,1.0,1.0,True,2021.07.09.15.53.28_veh-38_00184_02293,0,1625847144.499848,664430.4675434697,3997615.2723776735,664430.4648633011,3997615.4843355357,1.0,"[5.0, 5.0, 2.0, 2.0, 2.0]",1.0
e31bf22d49f454e8,1.0,1.0,1.0,1.0,0.9483482631278316,1.0,1.0,1.0,0.9815529511170826,True,2021.07.09.15.53.28_veh-38_00184_02293,0,1625847922.500109,664470.0894585694,3997477.1639683596,664470.276888172,3997465.647596383,1.0,"[5.0, 5.0, 2.0, 2.0, 2.0]",0.9838588322274473
e340e429f0015853,1.0,1.0,1.0,1.0,1.0,1.0,1.0,1.0,1.0,True,2021.07.09.15.53.28_veh-38_00184_02293,0,1625847438.500476,664450.5730177984,3996670.68755864,664449.654006354,3996700.1680507534,1.0,"[5.0, 5.0, 2.0, 2.0, 2.0]",1.0
e3da0e20e0b556fc,1.0,1.0,1.0,1.0,1.0,1.0,1.0,1.0,1.0,True,2021.07.09.15.53.28_veh-38_00184_02293,0,1625847160.4997299,664431.3943174101,3997571.727087434,664430.6317422438,3997607.7754984475,1.0,"[5.0, 5.0, 2.0, 2.0, 2.0]",1.0
e3e96778dac3541c,1.0,1.0,1.0,1.0,0.8554150216235016,1.0,1.0,1.0,0.9483625077226792,True,2021.07.09.15.53.28_veh-38_00184_02293,0,1625848398.500454,664448.5479479136,3996756.6033059875,664447.6880614007,3996782.865432549,1.0,"[5.0, 5.0, 2.0, 2.0, 2.0]",0.9548171942573442
e43549ea94f75b60,1.0,1.0,1.0,1.0,0.9377151710269809,1.0,1.0,1.0,0.9777554182239216,True,2021.07.09.15.53.28_veh-38_00184_02293,0,1625847186.999991,664436.7686749834,3997227.8467908576,664433.5748605323,3997276.0974454484,1.0,"[5.0, 5.0, 2.0, 2.0, 2.0]",0.9805359909459315
e436b19cf83151cc,1.0,1.0,1.0,1.0,1.0,1.0,1.0,1.0,1.0,True,2021.07.09.15.53.28_veh-38_00184_02293,0,1625848009.999604,664464.6292330562,3997786.747099686,664464.9882026591,3997771.2488878104,1.0,"[5.0, 5.0, 2.0, 2.0, 2.0]",1.0
e4d05b1ce25250bb,1.0,1.0,1.0,1.0,1.0,1.0,1.0,1.0,1.0,True,2021.07.09.15.53.28_veh-38_00184_02293,0,1625846501.500198,664269.6512919808,3996285.2729099873,664289.4722771987,3996286.1066610115,1.0,"[5.0, 5.0, 2.0, 2.0, 2.0]",1.0
e5581fb84ddb5ffb,1.0,1.0,1.0,1.0,1.0,1.0,1.0,1.0,1.0,True,2021.07.09.15.53.28_veh-38_00184_02293,0,1625848119.0000238,664463.6117796696,3997818.4479083177,664464.4474520236,3997793.9190507,1.0,"[5.0, 5.0, 2.0, 2.0, 2.0]",1.0
e58acbf0106153ad,1.0,1.0,1.0,1.0,1.0,1.0,1.0,1.0,1.0,True,2021.07.09.15.53.28_veh-38_00184_02293,0,1625848148.500725,664576.6403396076,3997845.5121338973,664555.0603032004,3997848.41481304,1.0,"[5.0, 5.0, 2.0, 2.0, 2.0]",1.0
e5b1df76988c57a7,1.0,1.0,1.0,1.0,1.0,1.0,1.0,1.0,1.0,True,2021.07.09.15.53.28_veh-38_00184_02293,0,1625848142.4997358,664546.7226442768,3997853.649812994,664526.0478385115,3997860.751218638,1.0,"[5.0, 5.0, 2.0, 2.0, 2.0]",1.0
e614a559776c5e86,1.0,1.0,1.0,1.0,0.828084353543602,1.0,1.0,1.0,0.9386015548370007,True,2021.07.09.15.53.28_veh-38_00184_02293,0,1625846727.999825,664486.6317757813,3996321.496815367,664476.022359613,3996293.7623899137,0.0,"[5.0, 5.0, 2.0, 2.0, 2.0]",0.8212763604823756
e634731f91015bab,1.0,1.0,1.0,1.0,0.8555281480822089,1.0,1.0,1.0,0.9484029100293603,True,2021.07.09.15.53.28_veh-38_00184_02293,0,1625846434.4997048,664455.327105339,3996365.145633327,664454.5954747607,3996413.2077338314,1.0,"[5.0, 5.0, 2.0, 2.0, 2.0]",0.9548525462756903
e6aabd1342ce54e2,1.0,1.0,1.0,1.0,0.8957263598996648,1.0,1.0,1.0,0.9627594142498802,True,2021.07.09.15.53.28_veh-38_00184_02293,0,1625846646.99992,664381.5947362095,3996282.107833507,664370.6483661924,3996281.4859546567,1.0,"[5.0, 5.0, 2.0, 2.0, 2.0]",0.9674144874686452
e6c4af98a23f5868,1.0,1.0,1.0,1.0,1.0,1.0,1.0,1.0,1.0,True,2021.07.09.15.53.28_veh-38_00184_02293,0,1625848130.4998958,664477.9136338977,3997861.526019857,664463.8841531439,3997852.4245872106,1.0,"[5.0, 5.0, 2.0, 2.0, 2.0]",1.0
e6e9a5b8b26755b2,1.0,1.0,1.0,0.0,1.0,1.0,1.0,1.0,0.0,True,2021.07.09.15.53.28_veh-38_00184_02293,0,1625846761.000028,664481.0002561042,3996656.4163359078,664481.1688444747,3996641.8954079933,1.0,"[5.0, 5.0, 2.0, 2.0, 2.0]",0.0
e71499ec7fd254e9,1.0,1.0,1.0,1.0,1.0,1.0,1.0,1.0,1.0,True,2021.07.09.15.53.28_veh-38_00184_02293,0,1625846637.999923,664354.2997760082,3996280.968848177,664329.6220596341,3996279.186266269,1.0,"[5.0, 5.0, 2.0, 2.0, 2.0]",1.0
e732f7c659b45197,1.0,1.0,1.0,1.0,0.8432257087211417,1.0,1.0,1.0,0.8011520388289792,True,2021.07.09.15.53.28_veh-38_00184_02293,0,1625848159.500097,664596.0527765731,3997881.206506612,664596.634982444,3997867.5096286084,1.0,"[5.0, 5.0, 2.0, 2.0, 2.0]",0.9510080339753568
e739a390b2a55648,1.0,1.0,1.0,1.0,1.0,1.0,1.0,1.0,1.0,True,2021.07.09.15.53.28_veh-38_00184_02293,0,1625846602.000068,664228.7026557579,3996243.1986644263,664216.0949425115,3996242.8760632435,1.0,"[5.0, 5.0, 2.0, 2.0, 2.0]",1.0
e76566d4d20c5377,1.0,1.0,1.0,1.0,0.8836083100234762,1.0,1.0,1.0,0.9584315392940985,True,2021.07.09.15.53.28_veh-38_00184_02293,0,1625846730.000717,664485.7045230964,3996340.836925521,664484.8869351284,3996305.1237573717,0.0,"[5.0, 5.0, 2.0, 2.0, 2.0]",0.8386275968823362
e833b6b388c1524e,1.0,1.0,1.0,1.0,0.8374393757163688,1.0,1.0,1.0,0.9419426341844174,True,2021.07.09.15.53.28_veh-38_00184_02293,0,1625847474.5000348,664452.6161136503,3996322.7046972234,664453.0011115558,3996352.203056967,1.0,"[5.0, 5.0, 2.0, 2.0, 2.0]",0.9491998049113652
e842f8018dfe58b3,1.0,1.0,1.0,1.0,0.965995874633626,1.0,1.0,1.0,0.9878556695120092,True,2021.07.09.15.53.28_veh-38_00184_02293,0,1625847442.500748,664451.7180409713,3996628.1696704933,664450.4581696754,3996672.132366013,1.0,"[5.0, 5.0, 2.0, 2.0, 2.0]",0.9893737108230081
e856cc5561ca564e,1.0,1.0,1.0,1.0,0.8756300866138778,1.0,1.0,1.0,0.9555821737906707,True,2021.07.09.15.53.28_veh-38_00184_02293,0,1625848337.5003328,664437.7625356097,3997068.8465205166,664437.4464088703,3997089.6426802343,1.0,"[5.0, 5.0, 2.0, 2.0, 2.0]",0.9611344020668369
e95323b100c25a0a,1.0,1.0,1.0,1.0,0.9557632571058994,1.0,1.0,1.0,0.9842011632521069,True,2021.07.09.15.53.28_veh-38_00184_02293,0,1625848339.5001168,664437.7902669152,3997066.4408036037,664437.6496407258,3997076.881982786,1.0,"[5.0, 5.0, 2.0, 2.0, 2.0]",0.9861760178455936
e96e62b9e81d5042,1.0,1.0,1.0,1.0,1.0,1.0,1.0,1.0,0.8571428571428571,True,2021.07.09.15.53.28_veh-38_00184_02293,0,1625847188.50064,664438.1853022305,3997214.1540081096,664434.2425135507,3997256.41823594,1.0,"[5.0, 5.0, 2.0, 2.0, 2.0]",1.0
e9a30e8cbad951bb,1.0,0.0,1.0,1.0,1.0,1.0,1.0,1.0,0.0,True,2021.07.09.15.53.28_veh-38_00184_02293,0,1625846607.4997249,664247.8722390456,3996255.5159131964,664233.0318157595,3996245.123333622,,"[5.0, 5.0, 2.0, 2.0, 0.0]",0.0
ea31a137b6b45663,1.0,1.0,1.0,1.0,1.0,1.0,1.0,1.0,1.0,True,2021.07.09.15.53.28_veh-38_00184_02293,0,1625846602.9999008,664232.2177359307,3996244.5868632193,664218.9091126674,3996242.582580524,1.0,"[5.0, 5.0, 2.0, 2.0, 2.0]",1.0
ea7675073d935aed,1.0,1.0,1.0,1.0,0.7603498932734772,1.0,1.0,1.0,0.914410676169099,True,2021.07.09.15.53.28_veh-38_00184_02293,0,1625848213.5001879,664431.8669580513,3997856.140071181,664449.2890488708,3997874.126156125,0.0,"[5.0, 5.0, 2.0, 2.0, 2.0]",0.8001093416479617
eaad335cb62c57b0,1.0,1.0,1.0,1.0,0.9648973720032362,1.0,1.0,1.0,0.987463347144013,True,2021.07.09.15.53.28_veh-38_00184_02293,0,1625847142.000706,664430.4718970045,3997614.425805867,664430.3874862919,3997620.8957971316,1.0,"[5.0, 5.0, 2.0, 2.0, 2.0]",0.9890304287510113
eacad86eaed255f7,1.0,1.0,1.0,1.0,0.8358024256043805,1.0,1.0,1.0,0.9413580091444216,True,2021.07.09.15.53.28_veh-38_00184_02293,0,1625847553.999729,664181.8794874892,3996280.4197411872,664193.4342058079,3996283.0680146986,1.0,"[5.0, 5.0, 2.0, 2.0, 2.0]",0.9486882580013689
eb03710881e25401,1.0,1.0,1.0,1.0,1.0,1.0,1.0,1.0,1.0,True,2021.07.09.15.53.28_veh-38_00184_02293,0,1625847157.5001,664430.8072886525,3997600.647026016,664430.4988205397,3997615.2234347207,,"[5.0, 5.0, 2.0, 2.0, 0.0]",1.0
ebb818fca3895a2c,1.0,1.0,1.0,1.0,1.0,1.0,1.0,1.0,1.0,True,2021.07.09.15.53.28_veh-38_00184_02293,0,1625847746.000809,664464.8063276306,3996288.0107263764,664438.667439033,3996286.0779228252,,"[5.0, 5.0, 2.0, 2.0, 0.0]",1.0
ec21e03ea67054d6,1.0,1.0,1.0,1.0,0.9471162739211213,1.0,1.0,1.0,0.981112954971829,True,2021.07.09.15.53.28_veh-38_00184_02293,0,1625846493.000094,664312.8538049306,3996289.2778795874,664324.7092581684,3996289.7426186907,1.0,"[5.0, 5.0, 2.0, 2.0, 2.0]",0.9834738356003504
ec965c8ae1c75447,1.0,1.0,1.0,1.0,0.7875649742733052,1.0,1.0,1.0,0.9241303479547519,True,2021.07.09.15.53.28_veh-38_00184_02293,0,1625846438.99999,664452.3560586954,3996325.501582266,664454.6413982854,3996360.5305777416,1.0,"[5.0, 5.0, 2.0, 2.0, 2.0]",0.9336140544604079
ed29591fde515907,1.0,1.0,1.0,1.0,1.0,1.0,1.0,0.0,0.8571428571428571,True,2021.07.09.15.53.28_veh-38_00184_02293,0,1625847483.4998288,664425.6091419195,3996296.6898435554,664447.4167071851,3996299.948534902,,"[5.0, 5.0, 2.0, 2.0, 0.0]",0.8571428571428571
ee0c42f87de45144,1.0,1.0,1.0,1.0,1.0,1.0,1.0,1.0,1.0,True,2021.07.09.15.53.28_veh-38_00184_02293,0,1625846548.000047,664206.7180443414,3996245.899398863,664198.2501489187,3996245.976289048,1.0,"[5.0, 5.0, 2.0, 2.0, 2.0]",1.0
ee7c43384142579a,1.0,1.0,1.0,1.0,1.0,1.0,1.0,1.0,1.0,True,2021.07.09.15.53.28_veh-38_00184_02293,0,1625847556.5004508,664178.1730555855,3996271.041471022,664187.9823080652,3996282.712360971,,"[5.0, 5.0, 2.0, 2.0, 0.0]",1.0
ee92fc8a2ab55014,1.0,1.0,1.0,1.0,1.0,1.0,1.0,1.0,1.0,True,2021.07.09.15.53.28_veh-38_00184_02293,0,1625848117.000217,664464.077926695,3997804.486803334,664464.5316719022,3997790.125518577,1.0,"[5.0, 5.0, 2.0, 2.0, 2.0]",1.0
eeed45662dfb5a80,1.0,1.0,1.0,1.0,0.9985185424030251,1.0,1.0,1.0,0.9994709080010803,True,2021.07.09.15.53.28_veh-38_00184_02293,0,1625847439.499858,664450.7858376779,3996661.622993899,664449.824733655,3996694.93967932,1.0,"[5.0, 5.0, 2.0, 2.0, 2.0]",0.9995370445009453
eefc6568a4155b8b,1.0,1.0,1.0,1.0,1.0,1.0,1.0,1.0,1.0,True,2021.07.09.15.53.28_veh-38_00184_02293,0,1625848146.499675,664565.6526931393,3997845.0295921997,664546.0269428048,3997853.9266656283,,"[5.0, 5.0, 2.0, 2.0, 0.0]",1.0
ef00d067ff7a582f,1.0,1.0,1.0,1.0,0.9413118661350507,1.0,1.0,1.0,0.9790399521910896,True,2021.07.09.15.53.28_veh-38_00184_02293,0,1625846456.5007908,664449.9693000783,3996301.38393846,664452.5916550535,3996314.6101960535,1.0,"[5.0, 5.0, 2.0, 2.0, 2.0]",0.9816599581672034
eff7dd683f505235,1.0,1.0,1.0,1.0,1.0,1.0,1.0,1.0,1.0,True,2021.07.09.15.53.28_veh-38_00184_02293,0,1625846498.50072,664282.8842076258,3996285.672321682,664305.9060204275,3996288.3276213855,1.0,"[5.0, 5.0, 2.0, 2.0, 2.0]",1.0
f0273e69f5bb54e1,1.0,1.0,1.0,1.0,0.8596002679953898,1.0,1.0,1.0,0.9498572385697821,True,2021.07.09.15.53.28_veh-38_00184_02293,0,1625848399.999589,664448.7107898552,3996751.4909697277,664448.101996733,3996770.821900296,1.0,"[5.0, 5.0, 2.0, 2.0, 2.0]",0.9561250837485593
f0ef32a63b3659a6,1.0,1.0,1.0,1.0,1.0,1.0,1.0,1.0,1.0,True,2021.07.09.15.53.28_veh-38_00184_02293,0,1625848143.000093,664549.0050513961,3997852.0708697215,664528.9290467692,3997860.67699907,1.0,"[5.0, 5.0, 2.0, 2.0, 2.0]",1.0
f16673a85d0e5f75,1.0,1.0,1.0,1.0,1.0,1.0,1.0,1.0,1.0,True,2021.07.09.15.53.28_veh-38_00184_02293,0,1625847229.000316,664441.3907197162,3997072.5819729515,664440.7585185207,3997100.4312487943,1.0,"[5.0, 5.0, 2.0, 2.0, 2.0]",1.0
f295db8f52065e16,1.0,1.0,1.0,1.0,0.8543082608156756,1.0,1.0,1.0,0.9479672360055984,True,2021.07.09.15.53.28_veh-38_00184_02293,0,1625847752.000547,664486.3061924858,3996325.3321667574,664476.6883888104,3996293.5605435665,0.0,"[5.0, 5.0, 2.0, 2.0, 2.0]",0.8294713315048986
f35a76fdbc2259da,1.0,1.0,1.0,1.0,1.0,1.0,1.0,1.0,1.0,True,2021.07.09.15.53.28_veh-38_00184_02293,0,1625846607.9994478,664248.9549077286,3996257.8663889933,664234.7813162577,3996245.821117596,1.0,"[5.0, 5.0, 2.0, 2.0, 2.0]",1.0
f37e5cad3010539f,1.0,1.0,1.0,1.0,1.0,1.0,1.0,1.0,1.0,True,2021.07.09.15.53.28_veh-38_00184_02293,0,1625848194.500871,664521.1871326935,3997877.708177058,664540.1204898448,3997885.8980933763,1.0,"[5.0, 5.0, 2.0, 2.0, 2.0]",1.0
f3d5e1d06f2e5c41,1.0,1.0,1.0,1.0,1.0,1.0,1.0,1.0,1.0,True,2021.07.09.15.53.28_veh-38_00184_02293,0,1625847925.9997659,664470.0684442687,3997476.9339637617,664470.0725630661,3997475.839926595,1.0,"[5.0, 5.0, 2.0, 2.0, 2.0]",1.0
f4454ab06873565e,1.0,1.0,1.0,1.0,0.7738814941354066,1.0,1.0,1.0,0.9192433907626452,True,2021.07.09.15.53.28_veh-38_00184_02293,0,1625847495.000068,664381.3508266604,3996293.6949039204,664390.7287056925,3996294.3707760586,1.0,"[5.0, 5.0, 2.0, 2.0, 2.0]",0.9293379669173145
f45108d76421595f,1.0,1.0,1.0,1.0,0.8382900645554932,1.0,1.0,1.0,0.9422464516269619,True,2021.07.09.15.53.28_veh-38_00184_02293,0,1625847918.9999728,664470.1559426698,3997468.6368152443,664470.8428159922,3997444.21480612,1.0,"[5.0, 5.0, 2.0, 2.0, 2.0]",0.9494656451735917
f65da3ca0d4f55ad,1.0,1.0,1.0,1.0,1.0,1.0,1.0,1.0,1.0,True,2021.07.09.15.53.28_veh-38_00184_02293,0,1625847474.999959,664452.734871729,3996319.827004686,664452.7715087624,3996348.897812981,1.0,"[5.0, 5.0, 2.0, 2.0, 2.0]",1.0
f683ad32ef3f5b4e,1.0,1.0,1.0,1.0,1.0,1.0,1.0,1.0,1.0,True,2021.07.09.15.53.28_veh-38_00184_02293,0,1625846375.500386,664441.242259338,3997069.561329883,664441.1095542762,3997077.982976439,,"[5.0, 5.0, 2.0, 2.0, 0.0]",1.0
f686e9b2f7c35d4c,1.0,1.0,1.0,1.0,1.0,1.0,1.0,1.0,1.0,True,2021.07.09.15.53.28_veh-38_00184_02293,0,1625846541.4999778,664190.4353196011,3996247.0400610236,664180.6929293624,3996258.919258246,1.0,"[5.0, 5.0, 2.0, 2.0, 2.0]",1.0
f6ca17e70e9e53c5,1.0,1.0,1.0,1.0,1.0,1.0,1.0,1.0,0.8571428571428571,True,2021.07.09.15.53.28_veh-38_00184_02293,0,1625848180.499815,664580.0166186298,3997900.241066097,664588.8441964312,3997893.0063717966,1.0,"[5.0, 5.0, 2.0, 2.0, 2.0]",1.0
f6d05b10abff5140,1.0,1.0,1.0,1.0,0.9692047793263716,1.0,1.0,1.0,0.9890017069022756,True,2021.07.09.15.53.28_veh-38_00184_02293,0,1625846457.500181,664445.8036349522,3996298.5603025896,664452.6490434048,3996312.8779693046,1.0,"[5.0, 5.0, 2.0, 2.0, 2.0]",0.9903764935394912
f6d84360042f5d19,1.0,1.0,1.0,1.0,1.0,1.0,1.0,1.0,1.0,True,2021.07.09.15.53.28_veh-38_00184_02293,0,1625847262.50051,664449.4598404089,3996705.29570716,664449.256366677,3996715.0697771474,,"[5.0, 5.0, 2.0, 2.0, 0.0]",1.0
f7b4d7400b585640,1.0,1.0,1.0,1.0,1.0,1.0,1.0,1.0,1.0,True,2021.07.09.15.53.28_veh-38_00184_02293,0,1625848405.000064,664448.7117809837,3996747.711112485,664448.690934437,3996749.8717557206,1.0,"[5.0, 5.0, 2.0, 2.0, 2.0]",1.0
f7d65f30d6075c18,1.0,1.0,1.0,1.0,1.0,1.0,1.0,1.0,1.0,True,2021.07.09.15.53.28_veh-38_00184_02293,0,1625847562.000042,664189.8008125146,3996250.4332238385,664179.8702598681,3996264.4847493414,1.0,"[5.0, 5.0, 2.0, 2.0, 2.0]",1.0
f80bb56c694d55ae,1.0,1.0,1.0,1.0,0.6482765913416595,1.0,1.0,1.0,0.8743844969077355,True,2021.07.09.15.53.28_veh-38_00184_02293,0,1625847552.500628,664186.8770993532,3996282.5520117227,664195.1540932445,3996283.0809307024,,"[5.0, 5.0, 2.0, 2.0, 0.0]",0.8743844969077355
f81f1d9d43f75c37,1.0,1.0,1.0,1.0,1.0,1.0,1.0,1.0,1.0,True,2021.07.09.15.53.28_veh-38_00184_02293,0,1625847261.5003219,664449.4702468965,3996705.275565691,664449.1358163584,3996721.2834674176,1.0,"[5.0, 5.0, 2.0, 2.0, 2.0]",1.0
f83ebda95db35f05,1.0,1.0,1.0,1.0,0.7752567257564393,1.0,1.0,1.0,0.9197345449130141,True,2021.07.09.15.53.28_veh-38_00184_02293,0,1625848178.500366,664585.8290368491,3997896.0148443338,664588.906245503,3997892.9368658424,,"[5.0, 5.0, 2.0, 2.0, 0.0]",0.9197345449130141
f89bd37b0daf5c8a,1.0,1.0,1.0,1.0,1.0,1.0,1.0,1.0,1.0,True,2021.07.09.15.53.28_veh-38_00184_02293,0,1625848185.50037,664557.3271875944,3997900.8494755942,664576.1297038053,3997901.7606304553,1.0,"[5.0, 5.0, 2.0, 2.0, 2.0]",1.0
f8bb1f5f15f0545e,1.0,1.0,1.0,1.0,0.9582791353928424,1.0,1.0,1.0,0.9850996912117295,True,2021.07.09.15.53.28_veh-38_00184_02293,0,1625848214.500058,664430.6379207259,3997850.894025303,664443.3008846397,3997870.7846833537,0.0,"[5.0, 5.0, 2.0, 2.0, 2.0]",0.8619622298102633
f98865ec9ca2540a,1.0,1.0,1.0,1.0,1.0,1.0,1.0,1.0,1.0,True,2021.07.09.15.53.28_veh-38_00184_02293,0,1625846484.499534,664330.8028778567,3996289.7708226,664349.332431101,3996290.00854222,,"[5.0, 5.0, 2.0, 2.0, 0.0]",1.0
f9cc839f6daf59a7,1.0,1.0,1.0,1.0,1.0,1.0,1.0,1.0,1.0,True,2021.07.09.15.53.28_veh-38_00184_02293,0,1625847926.499816,664470.076359451,3997476.7726763343,664470.0749324079,3997476.373946962,1.0,"[5.0, 5.0, 2.0, 2.0, 2.0]",1.0
fab83ce7307f5eb1,1.0,1.0,1.0,1.0,1.0,1.0,1.0,1.0,0.8571428571428571,True,2021.07.09.15.53.28_veh-38_00184_02293,0,1625846605.5001428,664240.6705958927,3996248.520328249,664226.5237240363,3996242.904521474,,"[5.0, 5.0, 2.0, 2.0, 0.0]",1.0
fbaf220f056b5918,1.0,1.0,1.0,1.0,0.9649549107671661,1.0,1.0,1.0,0.9874838967025593,True,2021.07.09.15.53.28_veh-38_00184_02293,0,1625847440.999989,664451.2646096828,3996645.8581012017,664450.1046162323,3996684.7297459496,1.0,"[5.0, 5.0, 2.0, 2.0, 2.0]",0.9890484096147394
fc4b553b82f3573e,1.0,1.0,1.0,1.0,1.0,1.0,1.0,1.0,1.0,True,2021.07.09.15.53.28_veh-38_00184_02293,0,1625847778.5006359,664481.7101286565,3996606.0543424278,664482.4379732023,3996583.295355443,1.0,"[5.0, 5.0, 2.0, 2.0, 2.0]",1.0
fd6714343cac5c89,1.0,1.0,1.0,1.0,1.0,1.0,1.0,1.0,1.0,True,2021.07.09.15.53.28_veh-38_00184_02293,0,1625847845.000015,664481.3980943935,3996618.9061629525,664481.7736757966,3996606.687592469,1.0,"[5.0, 5.0, 2.0, 2.0, 2.0]",1.0
fdab862a77fb5c90,1.0,1.0,1.0,1.0,0.8133573755085951,1.0,1.0,1.0,0.9333419198244982,True,2021.07.09.15.53.28_veh-38_00184_02293,0,1625846727.5000339,664486.7693331543,3996317.492955677,664473.0992854688,3996291.9673334607,0.0,"[5.0, 5.0, 2.0, 2.0, 2.0]",0.816674179846436
fe2ac8c198fa5790,1.0,1.0,1.0,1.0,1.0,1.0,1.0,1.0,1.0,True,2021.07.09.15.53.28_veh-38_00184_02293,0,1625848276.9999619,664430.8538590795,3997612.568113249,664430.589883136,3997629.0695279497,1.0,"[5.0, 5.0, 2.0, 2.0, 2.0]",1.0
fe821d61eef757d7,1.0,1.0,1.0,1.0,1.0,1.0,1.0,1.0,1.0,True,2021.07.09.15.53.28_veh-38_00184_02293,0,1625846317.500166,664431.4165942693,3997580.3889094624,664430.6951657782,3997603.938353081,1.0,"[5.0, 5.0, 2.0, 2.0, 2.0]",1.0
feafc7509f0f51cf,1.0,1.0,1.0,1.0,1.0,1.0,1.0,1.0,1.0,True,2021.07.09.15.53.28_veh-38_00184_02293,0,1625847924.999884,664470.0915389801,3997477.259115142,664470.1327460116,3997474.0336039867,1.0,"[5.0, 5.0, 2.0, 2.0, 2.0]",1.0
fee8806b92c9501e,1.0,1.0,1.0,1.0,1.0,1.0,1.0,1.0,1.0,True,2021.07.09.15.53.28_veh-38_00184_02293,0,1625848222.5008008,664430.5505086452,3997823.1167330802,664430.459498901,3997842.728903296,,"[5.0, 5.0, 2.0, 2.0, 0.0]",1.0
02199704c082520f,1.0,1.0,1.0,1.0,1.0,1.0,1.0,1.0,1.0,True,2021.06.09.12.51.31_veh-35_01729_02626,0,1623259636.000722,664431.2296281195,3997598.4197729235,664430.7299224611,3997619.4967846223,1.0,"[5.0, 5.0, 2.0, 2.0, 2.0]",1.0
0228fd10f8c05bd4,1.0,1.0,1.0,1.0,0.9300891121952037,1.0,1.0,1.0,0.9750318257840014,True,2021.06.09.12.51.31_veh-35_01729_02626,0,1623259784.501042,664449.9506041583,3996702.840919559,664449.4962286951,3996712.38068987,,"[5.0, 5.0, 2.0, 2.0, 0.0]",0.9750318257840014
025b6096a0af5d87,1.0,1.0,1.0,1.0,0.9350817863682641,1.0,1.0,1.0,0.9768149237029515,True,2021.06.09.12.51.31_veh-35_01729_02626,0,1623259886.0008528,664271.5958724732,3996285.375645542,664287.4413905862,3996286.1834913073,1.0,"[5.0, 5.0, 2.0, 2.0, 2.0]",0.9797130582400826
039064e3ab615ba4,1.0,1.0,1.0,1.0,1.0,1.0,1.0,1.0,1.0,True,2021.06.09.12.51.31_veh-35_01729_02626,0,1623259582.501109,664431.1348652042,3997822.2355408794,664431.2025018416,3997843.401858107,1.0,"[5.0, 5.0, 2.0, 2.0, 2.0]",1.0
03e725fe0ab95f02,1.0,1.0,1.0,1.0,1.0,1.0,1.0,1.0,1.0,True,2021.06.09.12.51.31_veh-35_01729_02626,0,1623259939.001186,664178.647703135,3996269.2066191225,664183.4353951477,3996280.64574147,,"[5.0, 5.0, 2.0, 2.0, 0.0]",1.0
047b29ae8a2d50c3,1.0,1.0,1.0,1.0,1.0,1.0,1.0,1.0,1.0,True,2021.06.09.12.51.31_veh-35_01729_02626,0,1623259842.0015578,664388.7965756255,3996290.6766574695,664409.2348717436,3996293.8925818186,1.0,"[5.0, 5.0, 2.0, 2.0, 2.0]",1.0
049ac1985c175ddb,1.0,1.0,1.0,1.0,1.0,1.0,1.0,1.0,1.0,True,2021.06.09.12.51.31_veh-35_01729_02626,0,1623259785.001184,664450.0628939343,3996700.3833903596,664449.4979153654,3996712.3429066767,0.0,"[5.0, 5.0, 2.0, 2.0, 2.0]",0.875
0769d9f9498e5f51,1.0,1.0,1.0,1.0,0.8078322638269818,1.0,1.0,1.0,0.9313686656524934,True,2021.06.09.12.51.31_veh-35_01729_02626,0,1623260054.5003948,664244.9107181131,3996257.374557916,664240.4822661488,3996252.322242296,1.0,"[5.0, 5.0, 2.0, 2.0, 2.0]",0.9399475824459318
0b890a5dbdaf53aa,1.0,1.0,1.0,1.0,1.0,1.0,1.0,1.0,1.0,True,2021.06.09.12.51.31_veh-35_01729_02626,0,1623259934.501248,664184.3958627863,3996281.3127671583,664192.497245737,3996282.9891896183,1.0,"[5.0, 5.0, 2.0, 2.0, 2.0]",1.0
100ee55049cc584e,1.0,1.0,1.0,1.0,1.0,1.0,1.0,1.0,1.0,True,2021.06.09.12.51.31_veh-35_01729_02626,0,1623259955.50069,664199.7504330322,3996246.009576149,664197.8095591182,3996245.988979361,1.0,"[5.0, 5.0, 2.0, 2.0, 2.0]",1.0
102b90da87b851bf,1.0,1.0,1.0,1.0,0.8140640871131661,1.0,1.0,1.0,0.9335943168261308,True,2021.06.09.12.51.31_veh-35_01729_02626,0,1623260131.0008469,664486.5280914701,3996320.1780386395,664474.3785311722,3996292.8364050323,0.0,"[5.0, 5.0, 2.0, 2.0, 2.0]",0.8168950272228644
104fd3ad395d5ded,1.0,1.0,1.0,1.0,1.0,1.0,1.0,1.0,1.0,True,2021.06.09.12.51.31_veh-35_01729_02626,0,1623259944.501236,664183.961755302,3996251.5375942346,664179.4241250617,3996264.4166342975,1.0,"[5.0, 5.0, 2.0, 2.0, 2.0]",1.0
11788fec75b55fe8,1.0,1.0,1.0,1.0,0.98500718545842,1.0,1.0,1.0,0.9946454233780072,True,2021.06.09.12.51.31_veh-35_01729_02626,0,1623259825.501042,664452.9363860833,3996317.164751651,664453.2641475685,3996349.5627028747,1.0,"[5.0, 5.0, 2.0, 2.0, 2.0]",0.9953147454557563
1206c4653bc05297,1.0,1.0,1.0,1.0,1.0,1.0,1.0,1.0,1.0,True,2021.06.09.12.51.31_veh-35_01729_02626,0,1623259901.000804,664246.2375265582,3996284.468476319,664263.2182236632,3996284.9704878554,1.0,"[5.0, 5.0, 2.0, 2.0, 2.0]",1.0
1499e758c6855a74,1.0,1.0,1.0,1.0,0.8605325458217398,1.0,1.0,1.0,0.9501901949363356,True,2021.06.09.12.51.31_veh-35_01729_02626,0,1623259607.501116,664430.6813862135,3997622.0049713864,664430.4509947881,3997640.0623530755,,"[5.0, 5.0, 2.0, 2.0, 0.0]",0.9501901949363356
17efb1d6bb395620,1.0,1.0,1.0,1.0,0.9399765175266296,1.0,1.0,1.0,0.9785630419737963,True,2021.06.09.12.51.31_veh-35_01729_02626,0,1623259824.5012739,664452.8226232115,3996323.298837179,664454.0462891056,3996359.417830454,1.0,"[5.0, 5.0, 2.0, 2.0, 2.0]",0.9812426617270718
191f94dc85fd5899,1.0,1.0,1.0,1.0,0.7783189581337261,1.0,1.0,1.0,0.9208281993334736,True,2021.06.09.12.51.31_veh-35_01729_02626,0,1623260130.000728,664486.9673628568,3996311.32109902,664467.8130748986,3996289.570394657,0.0,"[5.0, 5.0, 2.0, 2.0, 2.0]",0.8057246744167894
1ab37cad7da55237,1.0,1.0,1.0,1.0,1.0,1.0,1.0,1.0,1.0,True,2021.06.09.12.51.31_veh-35_01729_02626,0,1623259885.001406,664274.3106017106,3996285.4745850624,664291.917918807,3996286.5244600843,1.0,"[5.0, 5.0, 2.0, 2.0, 2.0]",1.0
1b6f94eba9bd573c,1.0,1.0,1.0,1.0,1.0,1.0,1.0,1.0,1.0,True,2021.06.09.12.51.31_veh-35_01729_02626,0,1623259727.5003939,664438.5144795055,3997035.261564247,664438.019291695,3997050.8489066516,1.0,"[5.0, 5.0, 2.0, 2.0, 2.0]",1.0
1bef718d3b145858,1.0,1.0,1.0,1.0,0.8256110820016034,1.0,1.0,1.0,0.9377182435720012,True,2021.06.09.12.51.31_veh-35_01729_02626,0,1623260081.0004048,664303.7486397738,3996281.081029133,664289.5443882028,3996279.868214286,1.0,"[5.0, 5.0, 2.0, 2.0, 2.0]",0.945503463125501
1dc5198a0a27562c,1.0,1.0,1.0,1.0,1.0,1.0,1.0,1.0,1.0,True,2021.06.09.12.51.31_veh-35_01729_02626,0,1623260072.000818,664266.6855239613,3996277.542147709,664252.581412632,3996272.7661871095,,"[5.0, 5.0, 2.0, 2.0, 0.0]",1.0
1eb3057c64465de0,1.0,1.0,1.0,1.0,1.0,1.0,1.0,1.0,1.0,True,2021.06.09.12.51.31_veh-35_01729_02626,0,1623260072.5009298,664268.2311804981,3996277.4110364835,664253.6380465331,3996273.873876743,1.0,"[5.0, 5.0, 2.0, 2.0, 2.0]",1.0
1efe2f1b12ec5381,1.0,1.0,1.0,0.0,1.0,1.0,1.0,1.0,0.0,True,2021.06.09.12.51.31_veh-35_01729_02626,0,1623259826.5009968,664452.9627819808,3996312.0504912506,664452.8483528129,3996340.1154653192,1.0,"[5.0, 5.0, 2.0, 2.0, 2.0]",0.0
2146b87b79ce537d,1.0,1.0,1.0,1.0,1.0,1.0,1.0,1.0,1.0,True,2021.06.09.12.51.31_veh-35_01729_02626,0,1623259882.0012689,664286.3380837855,3996286.0182940625,664306.1961938827,3996288.3349587237,,"[5.0, 5.0, 2.0, 2.0, 0.0]",1.0
2395e3e90cdf5b9a,1.0,1.0,1.0,1.0,1.0,1.0,1.0,1.0,1.0,True,2021.06.09.12.51.31_veh-35_01729_02626,0,1623259635.500561,664431.1815823303,3997602.206349906,664430.7243647446,3997620.229039904,1.0,"[5.0, 5.0, 2.0, 2.0, 2.0]",1.0
246269dcd9845878,1.0,1.0,1.0,1.0,0.7455502373043497,1.0,1.0,1.0,0.9091250847515535,True,2021.06.09.12.51.31_veh-35_01729_02626,0,1623260030.500382,664207.0937042673,3996246.0761793167,664202.1724063093,3996246.008353951,,"[5.0, 5.0, 2.0, 2.0, 0.0]",0.9091250847515535
248f2530124b5812,1.0,1.0,1.0,1.0,1.0,1.0,1.0,1.0,1.0,True,2021.06.09.12.51.31_veh-35_01729_02626,0,1623259883.001031,664282.2941403938,3996285.8430030583,664301.4736000871,3996287.6403341074,1.0,"[5.0, 5.0, 2.0, 2.0, 2.0]",1.0
258edbf6a22c5312,1.0,1.0,1.0,1.0,0.8804520860896915,1.0,1.0,1.0,0.9573043164606041,True,2021.06.09.12.51.31_veh-35_01729_02626,0,1623259876.00069,664313.9459539839,3996289.298609703,664324.5756702018,3996289.4853414167,1.0,"[5.0, 5.0, 2.0, 2.0, 2.0]",0.9626412769030286
2ac1b274b9f2525a,1.0,1.0,1.0,1.0,1.0,1.0,1.0,1.0,1.0,True,2021.06.09.12.51.31_veh-35_01729_02626,0,1623260090.001246,664322.3698503531,3996281.380150969,664308.4562430037,3996281.230824338,1.0,"[5.0, 5.0, 2.0, 2.0, 2.0]",1.0
2cdbdd95aaba57f0,1.0,1.0,1.0,1.0,1.0,1.0,1.0,1.0,1.0,True,2021.06.09.12.51.31_veh-35_01729_02626,0,1623259900.000464,664251.493998758,3996284.563462376,664264.3533701235,3996284.9885020587,1.0,"[5.0, 5.0, 2.0, 2.0, 2.0]",1.0
2dc965586c945547,1.0,1.0,1.0,1.0,0.9699493893332424,1.0,1.0,1.0,0.9892676390475865,True,2021.06.09.12.51.31_veh-35_01729_02626,0,1623259825.0010948,664452.894504105,3996319.766103721,664453.6311161349,3996354.4506046227,0.0,"[5.0, 5.0, 2.0, 2.0, 2.0]",0.8656091841666382
2dd00be7ed615ecc,1.0,1.0,1.0,1.0,1.0,1.0,1.0,1.0,1.0,True,2021.06.09.12.51.31_veh-35_01729_02626,0,1623259729.5011358,664439.0814287673,3997017.112893535,664438.153170482,3997047.2623319835,,"[5.0, 5.0, 2.0, 2.0, 0.0]",1.0
338daec6bb7a5aa0,1.0,1.0,1.0,1.0,0.7983516352272838,1.0,1.0,1.0,0.927982726866887,True,2021.06.09.12.51.31_veh-35_01729_02626,0,1623259609.5007138,664430.7336491339,3997620.0766108525,664430.5738712733,3997630.418362055,1.0,"[5.0, 5.0, 2.0, 2.0, 2.0]",0.9369848860085261
33ee0a5e0f7950f2,1.0,1.0,1.0,1.0,0.6835196222821863,1.0,1.0,1.0,0.8869712936722094,True,2021.06.09.12.51.31_veh-35_01729_02626,0,1623259875.001278,664317.6936337143,3996289.4491236964,664325.6956080738,3996289.5072489656,,"[5.0, 5.0, 2.0, 2.0, 0.0]",0.8869712936722094
346d763777e85cd3,1.0,1.0,1.0,1.0,0.8764845359627651,1.0,1.0,0.0,0.8130301914152732,True,2021.06.09.12.51.31_veh-35_01729_02626,0,1623260133.500975,664485.3022031564,3996342.824158525,664485.538193086,3996307.2894359417,0.0,"[5.0, 5.0, 2.0, 2.0, 2.0]",0.711401417488364
3b6f237e05365dcf,1.0,1.0,1.0,1.0,1.0,1.0,1.0,1.0,1.0,True,2021.06.09.12.51.31_veh-35_01729_02626,0,1623259937.501293,664179.0128248722,3996273.964464102,664187.3806514589,3996282.346300578,,"[5.0, 5.0, 2.0, 2.0, 0.0]",1.0
3e9c4cca896a53f7,1.0,1.0,1.0,1.0,1.0,1.0,1.0,1.0,1.0,True,2021.06.09.12.51.31_veh-35_01729_02626,0,1623259882.501179,664284.4196637393,3996285.940893447,664303.867726992,3996287.9963507536,1.0,"[5.0, 5.0, 2.0, 2.0, 2.0]",1.0
3f4ac4bbbdc05fba,1.0,1.0,1.0,1.0,1.0,1.0,1.0,1.0,1.0,True,2021.06.09.12.51.31_veh-35_01729_02626,0,1623259934.001082,664185.7921781553,3996281.871578278,664192.7119641026,3996283.0167297726,1.0,"[5.0, 5.0, 2.0, 2.0, 2.0]",1.0
3f84de43587e5aef,1.0,1.0,1.0,1.0,0.8030243024791647,1.0,1.0,1.0,0.9296515365997016,True,2021.06.09.12.51.31_veh-35_01729_02626,0,1623260130.500721,664487.1855377743,3996315.958927588,664471.198475966,3996291.032295553,0.0,"[5.0, 5.0, 2.0, 2.0, 2.0]",0.8134450945247389
41c8ecae08035b9f,1.0,1.0,1.0,1.0,0.8398071522210043,1.0,1.0,1.0,0.9427882686503588,True,2021.06.09.12.51.31_veh-35_01729_02626,0,1623259609.0012639,664430.7330029538,3997619.9838523297,664430.5577386842,3997632.5505333953,,"[5.0, 5.0, 2.0, 2.0, 0.0]",0.9427882686503588
430bf2218f6454aa,1.0,1.0,1.0,1.0,0.686433765384985,1.0,1.0,1.0,0.8880120590660662,True,2021.06.09.12.51.31_veh-35_01729_02626,0,1623259611.000064,664430.7374256183,3997619.5474836254,664430.6551085701,3997625.165551956,1.0,"[5.0, 5.0, 2.0, 2.0, 2.0]",0.9020105516828079
47758e53165b5478,1.0,1.0,1.0,1.0,0.736821972403919,1.0,1.0,1.0,0.9060078472871139,True,2021.06.09.12.51.31_veh-35_01729_02626,0,1623260129.5008428,664486.1057685937,3996307.7110290853,664464.1909334807,3996288.4147439753,,"[5.0, 5.0, 2.0, 2.0, 0.0]",0.9060078472871139
47dd5e581cf559fd,1.0,1.0,1.0,1.0,1.0,1.0,1.0,1.0,1.0,True,2021.06.09.12.51.31_veh-35_01729_02626,0,1623260073.001,664270.6961596718,3996277.6380192856,664254.9298950408,3996274.9393322854,1.0,"[5.0, 5.0, 2.0, 2.0, 2.0]",1.0
486ae50490cf589c,1.0,1.0,1.0,1.0,1.0,1.0,1.0,1.0,1.0,True,2021.06.09.12.51.31_veh-35_01729_02626,0,1623259883.501065,664279.9984622118,3996285.7183853327,664299.0354502478,3996287.2873426345,1.0,"[5.0, 5.0, 2.0, 2.0, 2.0]",1.0
490822629fe05bc3,1.0,1.0,1.0,1.0,0.8345504655233565,1.0,1.0,1.0,0.9409108805440559,True,2021.06.09.12.51.31_veh-35_01729_02626,0,1623259855.000908,664380.4224781378,3996289.9651679113,664388.2592342577,3996290.6070072786,1.0,"[5.0, 5.0, 2.0, 2.0, 2.0]",0.9482970204760489
4a55e5cc75c55276,1.0,1.0,1.0,1.0,1.0,1.0,1.0,1.0,1.0,True,2021.06.09.12.51.31_veh-35_01729_02626,0,1623259730.501482,664439.338353073,3997006.367245708,664438.2891386923,3997042.462222402,1.0,"[5.0, 5.0, 2.0, 2.0, 2.0]",1.0
4b20e22658c258a4,1.0,1.0,1.0,1.0,1.0,1.0,1.0,1.0,1.0,True,2021.06.09.12.51.31_veh-35_01729_02626,0,1623259940.5003738,664179.2008683594,3996264.167406757,664180.2620559407,3996276.98145328,1.0,"[5.0, 5.0, 2.0, 2.0, 2.0]",1.0
4c1205c3cd395ed2,1.0,1.0,1.0,1.0,1.0,1.0,1.0,1.0,1.0,True,2021.06.09.12.51.31_veh-35_01729_02626,0,1623259728.000561,664438.6634342395,3997031.502527479,664438.0237808947,3997050.627985715,1.0,"[5.0, 5.0, 2.0, 2.0, 2.0]",1.0
4c766faa415253e3,1.0,1.0,1.0,1.0,0.7506624182860661,1.0,1.0,1.0,0.9109508636735951,True,2021.06.09.12.51.31_veh-35_01729_02626,0,1623259875.500907,664316.5150703568,3996289.4034302216,664325.1456700984,3996289.494187177,1.0,"[5.0, 5.0, 2.0, 2.0, 2.0]",0.9220820057143957
4c85b529b06d5b94,1.0,1.0,1.0,1.0,0.7909907806530005,1.0,1.0,1.0,0.9253538502332146,True,2021.06.09.12.51.31_veh-35_01729_02626,0,1623259933.000634,664187.8655707388,3996282.535754867,664192.7534705239,3996283.0214324393,,"[5.0, 5.0, 2.0, 2.0, 0.0]",0.9253538502332146
4d30b4c498505f32,1.0,1.0,1.0,1.0,0.9665198176747275,1.0,1.0,1.0,0.9880427920266884,True,2021.06.09.12.51.31_veh-35_01729_02626,0,1623259876.500439,664312.0634138201,3996289.1571408864,664323.9894266821,3996289.4808820738,0.0,"[5.0, 5.0, 2.0, 2.0, 2.0]",0.8645374430233523
4f54af46fbf95346,1.0,1.0,1.0,1.0,1.0,1.0,1.0,1.0,1.0,True,2021.06.09.12.51.31_veh-35_01729_02626,0,1623259583.501448,664431.1783416356,3997813.6506435815,664431.1835931406,3997841.046644601,1.0,"[5.0, 5.0, 2.0, 2.0, 2.0]",1.0
4fcd13a2adeb5406,1.0,1.0,1.0,1.0,1.0,1.0,1.0,1.0,1.0,True,2021.06.09.12.51.31_veh-35_01729_02626,0,1623259786.501606,664450.3781646884,3996691.8267545607,664449.5666711078,3996710.8444438903,1.0,"[5.0, 5.0, 2.0, 2.0, 2.0]",1.0
4ffe9e73ad0f5c34,1.0,1.0,1.0,1.0,0.7669409069573715,1.0,1.0,1.0,0.9167646096276326,True,2021.06.09.12.51.31_veh-35_01729_02626,0,1623259691.000743,664438.043238446,3997049.87692876,664437.9475443601,3997057.375785292,1.0,"[5.0, 5.0, 2.0, 2.0, 2.0]",0.9271690334241786
50ecb53bbcdd5c19,1.0,1.0,1.0,1.0,0.8321411645547248,1.0,1.0,1.0,0.9400504159124017,True,2021.06.09.12.51.31_veh-35_01729_02626,0,1623259843.001262,664388.1271100905,3996290.5495391805,664403.2488705547,3996292.6180375055,1.0,"[5.0, 5.0, 2.0, 2.0, 2.0]",0.9475441139233515
51649a3ccd735dff,1.0,1.0,1.0,1.0,1.0,1.0,1.0,1.0,1.0,True,2021.06.09.12.51.31_veh-35_01729_02626,0,1623259856.001221,664376.5809474301,3996289.753898503,664388.2133027923,3996290.6027763016,1.0,"[5.0, 5.0, 2.0, 2.0, 2.0]",1.0
5224833f970051df,1.0,1.0,1.0,1.0,0.8604536097361344,1.0,1.0,1.0,0.9501620034771908,True,2021.06.09.12.51.31_veh-35_01729_02626,0,1623259899.00028,664256.3885291695,3996284.7390645584,664264.503205249,3996284.9904052205,1.0,"[5.0, 5.0, 2.0, 2.0, 2.0]",0.956391753042542
522fca1441c455a1,1.0,1.0,1.0,1.0,1.0,1.0,1.0,1.0,1.0,True,2021.06.09.12.51.31_veh-35_01729_02626,0,1623259956.0004458,664199.3151361571,3996246.011331467,664198.3557525094,3996245.9970920784,1.0,"[5.0, 5.0, 2.0, 2.0, 2.0]",1.0
53a2eb4f1d1b5b6e,1.0,1.0,1.0,1.0,1.0,1.0,1.0,1.0,1.0,True,2021.06.09.12.51.31_veh-35_01729_02626,0,1623259726.5002818,664438.3049261835,3997041.5753874723,664438.0185677956,3997050.8741030786,1.0,"[5.0, 5.0, 2.0, 2.0, 2.0]",1.0
53fc4d372fa5530d,1.0,1.0,1.0,1.0,1.0,1.0,1.0,1.0,1.0,True,2021.06.09.12.51.31_veh-35_01729_02626,0,1623259947.001174,664188.8576508011,3996247.3955168896,664181.6281207835,3996256.371035179,1.0,"[5.0, 5.0, 2.0, 2.0, 2.0]",1.0
55bf0e4266ce5eee,1.0,1.0,1.0,1.0,0.8535134766359919,1.0,1.0,1.0,0.9476833845128542,True,2021.06.09.12.51.31_veh-35_01729_02626,0,1623259608.001415,664430.7606205645,3997621.169816159,664430.4835972227,3997637.366391674,0.0,"[5.0, 5.0, 2.0, 2.0, 2.0]",0.8292229614487474
59a1bb2069d057ed,1.0,1.0,1.0,1.0,0.6866186937461495,1.0,1.0,1.0,0.8880781049093391,True,2021.06.09.12.51.31_veh-35_01729_02626,0,1623260114.500414,664377.6177072342,3996281.79282441,664371.4598021097,3996281.3975880947,,"[5.0, 5.0, 2.0, 2.0, 0.0]",0.8880781049093391
59bfda4a7e5956eb,1.0,1.0,1.0,1.0,1.0,1.0,1.0,1.0,1.0,True,2021.06.09.12.51.31_veh-35_01729_02626,0,1623259943.000759,664181.7088180664,3996255.906276534,664178.867402047,3996269.2928073425,1.0,"[5.0, 5.0, 2.0, 2.0, 2.0]",1.0
5a4abee0269d5262,1.0,1.0,1.0,1.0,0.9311824583215301,1.0,1.0,1.0,0.9754223065434037,True,2021.06.09.12.51.31_veh-35_01729_02626,0,1623259842.501535,664388.871402206,3996290.648192881,664406.2667235251,3996293.25591891,1.0,"[5.0, 5.0, 2.0, 2.0, 2.0]",0.9784945182254782
5dc2c6ffad8b5dd5,1.0,1.0,1.0,1.0,0.7943066516465235,1.0,1.0,1.0,0.9265380898737584,True,2021.06.09.12.51.31_veh-35_01729_02626,0,1623260088.500764,664316.0789622803,3996281.382474049,664306.239360471,3996281.1220996235,1.0,"[5.0, 5.0, 2.0, 2.0, 2.0]",0.9357208286395386
5e6051742abd5859,1.0,1.0,1.0,1.0,0.7632848387350546,1.0,1.0,1.0,0.9154588709768052,True,2021.06.09.12.51.31_veh-35_01729_02626,0,1623260031.50065,664208.086456475,3996246.0941336495,664203.0051475607,3996246.0415405277,1.0,"[5.0, 5.0, 2.0, 2.0, 2.0]",0.9260265121047045
60d918263c15569b,1.0,1.0,1.0,1.0,0.7386318380704983,1.0,1.0,1.0,0.9066542278823208,True,2021.06.09.12.51.31_veh-35_01729_02626,0,1623260031.000414,664207.4993111423,3996246.0831169873,664202.5716361845,3996246.017618976,1.0,"[5.0, 5.0, 2.0, 2.0, 2.0]",0.9183224493970307
60dbf95d482051e1,1.0,1.0,1.0,1.0,1.0,1.0,1.0,1.0,1.0,True,2021.06.09.12.51.31_veh-35_01729_02626,0,1623259946.0011048,664186.8018581396,3996248.704042906,664180.572231149,3996259.494343151,1.0,"[5.0, 5.0, 2.0, 2.0, 2.0]",1.0
63747a8878bf5f38,1.0,1.0,1.0,1.0,0.7376121727021727,1.0,1.0,1.0,0.9062900616793473,True,2021.06.09.12.51.31_veh-35_01729_02626,0,1623260055.500813,664245.388075012,3996258.407805674,664241.9954335926,3996253.671822822,1.0,"[5.0, 5.0, 2.0, 2.0, 2.0]",0.9180038039694289
637e5b6294fb5db8,1.0,1.0,1.0,1.0,1.0,1.0,1.0,0.0,0.8571428571428571,True,2021.06.09.12.51.31_veh-35_01729_02626,0,1623259835.000993,664426.2467129375,3996296.6767463624,664447.0259170335,3996299.362983229,0.0,"[5.0, 5.0, 2.0, 2.0, 2.0]",0.75
6483af7092d15ada,1.0,1.0,1.0,1.0,1.0,1.0,1.0,1.0,1.0,True,2021.06.09.12.51.31_veh-35_01729_02626,0,1623259583.001216,664431.2347728692,3997818.045117239,664431.1938716372,3997842.4809564613,1.0,"[5.0, 5.0, 2.0, 2.0, 2.0]",1.0
66817c00a54e53f0,1.0,1.0,1.0,1.0,0.9241292460950719,1.0,1.0,1.0,0.9729033021768113,True,2021.06.09.12.51.31_veh-35_01729_02626,0,1623260115.000619,664379.9757675646,3996281.940689882,664371.4595676039,3996281.3976118728,1.0,"[5.0, 5.0, 2.0, 2.0, 2.0]",0.9762903894047099
6a956d4c705d59fa,1.0,1.0,1.0,1.0,0.8752757311795409,1.0,1.0,1.0,0.9554556182784075,True,2021.06.09.12.51.31_veh-35_01729_02626,0,1623259687.0011978,664437.9597994549,3997056.3811206403,664437.6387279563,3997078.533198291,1.0,"[5.0, 5.0, 2.0, 2.0, 2.0]",0.9610236659936066
6f26763a3a8859a9,1.0,1.0,1.0,1.0,1.0,1.0,1.0,1.0,1.0,True,2021.06.09.12.51.31_veh-35_01729_02626,0,1623259949.500766,664194.4349032101,3996245.9120772933,664185.7590140076,3996249.8697193414,1.0,"[5.0, 5.0, 2.0, 2.0, 2.0]",1.0
71e6ee340d1756fd,1.0,1.0,1.0,1.0,1.0,1.0,1.0,1.0,0.8571428571428571,True,2021.06.09.12.51.31_veh-35_01729_02626,0,1623260080.000536,664302.3642553635,3996281.023532999,664284.7869421815,3996279.0706325853,1.0,"[5.0, 5.0, 2.0, 2.0, 2.0]",1.0
72fc5c8b771758fd,1.0,1.0,1.0,1.0,1.0,1.0,1.0,1.0,1.0,True,2021.06.09.12.51.31_veh-35_01729_02626,0,1623259884.001107,664278.2581009634,3996285.6643479276,664296.6303013052,3996286.986784443,1.0,"[5.0, 5.0, 2.0, 2.0, 2.0]",1.0
7412988f410e545d,1.0,1.0,1.0,1.0,0.8947432775717383,1.0,1.0,0.0,0.8195511705613351,True,2021.06.09.12.51.31_veh-35_01729_02626,0,1623260089.000846,664318.333519213,3996281.3414369836,664306.9362453917,3996281.149852591,1.0,"[5.0, 5.0, 2.0, 2.0, 2.0]",0.8421072742411682
741b40508f9c539f,1.0,1.0,1.0,0.0,1.0,1.0,1.0,1.0,0.0,True,2021.06.09.12.51.31_veh-35_01729_02626,0,1623259826.001003,664452.9429692718,3996314.6879463024,664453.0061033,3996344.7808383955,1.0,"[5.0, 5.0, 2.0, 2.0, 2.0]",0.0
7639e630e475517c,1.0,1.0,1.0,1.0,1.0,1.0,1.0,1.0,0.8571428571428571,True,2021.06.09.12.51.31_veh-35_01729_02626,0,1623259841.501389,664390.6916697456,3996290.7889175853,664412.1326740289,3996294.5209317384,1.0,"[5.0, 5.0, 2.0, 2.0, 2.0]",1.0
76e33b04a2e55b65,1.0,1.0,1.0,1.0,1.0,1.0,1.0,1.0,1.0,True,2021.06.09.12.51.31_veh-35_01729_02626,0,1623260070.000525,664258.5160396071,3996276.7182624848,664250.2860177635,3996269.6738057956,1.0,"[5.0, 5.0, 2.0, 2.0, 2.0]",1.0
77d22252c36859d2,1.0,1.0,1.0,1.0,1.0,1.0,1.0,1.0,1.0,True,2021.06.09.12.51.31_veh-35_01729_02626,0,1623259944.0012128,664183.1184564172,3996252.9764916957,664179.1561045006,3996266.0507230246,1.0,"[5.0, 5.0, 2.0, 2.0, 2.0]",1.0
786c7d0f495e5b08,1.0,1.0,1.0,1.0,0.8778387622504032,1.0,1.0,1.0,0.9563709865180012,True,2021.06.09.12.51.31_veh-35_01729_02626,0,1623259688.5002599,664438.0637785727,3997052.225316673,664437.6862449973,3997068.7547086477,1.0,"[5.0, 5.0, 2.0, 2.0, 2.0]",0.9618246132032511
7980f7ce6e085a30,1.0,1.0,1.0,1.0,1.0,1.0,1.0,1.0,1.0,True,2021.06.09.12.51.31_veh-35_01729_02626,0,1623259946.50103,664187.7071252834,3996248.0177784762,664181.070788537,3996257.9007299263,1.0,"[5.0, 5.0, 2.0, 2.0, 2.0]",1.0
7b7291b626f753ae,1.0,1.0,1.0,1.0,0.8425482013403632,1.0,1.0,1.0,0.9437672147644154,True,2021.06.09.12.51.31_veh-35_01729_02626,0,1623260132.501277,664485.7389287975,3996332.840876756,664482.3403728526,3996300.3926189197,0.0,"[5.0, 5.0, 2.0, 2.0, 2.0]",0.8257963129188635
7d838c40752e5080,1.0,1.0,1.0,1.0,1.0,1.0,1.0,1.0,1.0,True,2021.06.09.12.51.31_veh-35_01729_02626,0,1623259940.000517,664178.9855685177,3996265.7666240353,664181.1102831332,3996278.3850065465,1.0,"[5.0, 5.0, 2.0, 2.0, 2.0]",1.0
7dab96d0e7725a9f,1.0,1.0,1.0,1.0,0.9060490194973585,1.0,1.0,1.0,0.9664460783919138,True,2021.06.09.12.51.31_veh-35_01729_02626,0,1623259824.0011919,664452.8120162266,3996327.0400291593,664454.4268696505,3996364.4495558245,,"[5.0, 5.0, 2.0, 2.0, 0.0]",0.9664460783919138
7e2c3c2ef5e05b19,1.0,1.0,1.0,1.0,1.0,1.0,1.0,1.0,1.0,True,2021.06.09.12.51.31_veh-35_01729_02626,0,1623259957.500515,664199.5348181353,3996245.9822476953,664199.1971106129,3996245.990077543,1.0,"[5.0, 5.0, 2.0, 2.0, 2.0]",1.0
7f5714fc26bb599b,1.0,1.0,1.0,1.0,1.0,1.0,1.0,1.0,0.0,True,2021.06.09.12.51.31_veh-35_01729_02626,0,1623259830.5001159,664448.4876389437,3996299.5535560655,664452.966236928,3996313.300529929,,"[5.0, 5.0, 2.0, 2.0, 0.0]",1.0
8264721b29a65296,1.0,1.0,1.0,1.0,1.0,1.0,1.0,1.0,1.0,True,2021.06.09.12.51.31_veh-35_01729_02626,0,1623259942.500604,664181.1999027373,3996257.6467809314,664178.8720994435,3996270.9049224844,1.0,"[5.0, 5.0, 2.0, 2.0, 2.0]",1.0
827867f4641c53b6,1.0,1.0,1.0,1.0,1.0,1.0,1.0,1.0,1.0,True,2021.06.09.12.51.31_veh-35_01729_02626,0,1623259948.001466,664191.3509966037,3996246.2388625625,664183.0229867783,3996253.4427903905,1.0,"[5.0, 5.0, 2.0, 2.0, 2.0]",1.0
84da0c13f98e58e9,1.0,1.0,1.0,1.0,0.8870960202309722,1.0,1.0,0.0,0.8168200072253473,True,2021.06.09.12.51.31_veh-35_01729_02626,0,1623260134.001236,664485.0351457729,3996347.6173664536,664486.1299510001,3996311.2033532304,0.0,"[5.0, 5.0, 2.0, 2.0, 2.0]",0.7147175063221789
8828feb4e21b5600,1.0,1.0,1.0,1.0,0.7063961956124072,1.0,1.0,1.0,0.8951414984330025,True,2021.06.09.12.51.31_veh-35_01729_02626,0,1623259843.500763,664388.042923179,3996290.561192999,664400.2332212784,3996292.0384520367,1.0,"[5.0, 5.0, 2.0, 2.0, 2.0]",0.9082488111288772
888cb5a4b4c25eab,1.0,1.0,1.0,1.0,1.0,1.0,1.0,1.0,1.0,True,2021.06.09.12.51.31_veh-35_01729_02626,0,1623259727.000237,664438.4798609857,3997038.305487571,664438.0186742415,3997050.869002336,1.0,"[5.0, 5.0, 2.0, 2.0, 2.0]",1.0
88ff3881080b505a,1.0,1.0,1.0,1.0,0.7078986298397286,1.0,1.0,1.0,0.8956780820856174,True,2021.06.09.12.51.31_veh-35_01729_02626,0,1623260081.5006878,664303.7244037613,3996281.0856472016,664291.893580109,3996280.1917113345,1.0,"[5.0, 5.0, 2.0, 2.0, 2.0]",0.9087183218249152
89409b4f6b4f573b,1.0,1.0,1.0,1.0,1.0,1.0,1.0,1.0,1.0,True,2021.06.09.12.51.31_veh-35_01729_02626,0,1623259728.500661,664438.7749577876,3997026.9224869916,664438.0455404454,3997049.995951735,1.0,"[5.0, 5.0, 2.0, 2.0, 2.0]",1.0
8956d19d62c056f6,1.0,1.0,1.0,1.0,0.8201560282823352,1.0,1.0,1.0,0.9357700101008339,True,2021.06.09.12.51.31_veh-35_01729_02626,0,1623259690.00053,664438.0327935208,3997050.575880521,664437.8644388631,3997061.1414739727,1.0,"[5.0, 5.0, 2.0, 2.0, 2.0]",0.9437987588382297
8deaed625cfc5888,1.0,1.0,1.0,1.0,0.896079865408768,1.0,1.0,1.0,0.9628856662174172,True,2021.06.09.12.51.31_veh-35_01729_02626,0,1623259688.0003588,664438.0324859989,3997053.0500491005,664437.6587853951,3997071.76429972,1.0,"[5.0, 5.0, 2.0, 2.0, 2.0]",0.9675249579402401
8f63f1b737e15216,1.0,1.0,1.0,1.0,1.0,1.0,1.0,1.0,1.0,True,2021.06.09.12.51.31_veh-35_01729_02626,0,1623260119.0012228,664408.7480250839,3996284.3369937353,664379.0791504948,3996281.9111105017,1.0,"[5.0, 5.0, 2.0, 2.0, 2.0]",1.0
94de31b161f45bc2,1.0,1.0,1.0,1.0,1.0,1.0,1.0,1.0,1.0,True,2021.06.09.12.51.31_veh-35_01729_02626,0,1623260069.001071,664255.2847495915,3996275.4954359443,664250.103332236,3996269.423406622,0.0,"[5.0, 5.0, 2.0, 2.0, 2.0]",0.875
954da5a56f305ac5,1.0,1.0,1.0,1.0,0.779567204256686,1.0,1.0,1.0,0.921274001520245,True,2021.06.09.12.51.31_veh-35_01729_02626,0,1623259690.50055,664438.0471673098,3997050.347053134,664437.9064293713,3997059.1316815168,1.0,"[5.0, 5.0, 2.0, 2.0, 2.0]",0.9311147513302144
954e72f1c44e5eb3,1.0,1.0,1.0,1.0,0.7675502574720842,1.0,1.0,1.0,0.9169822348114586,True,2021.06.09.12.51.31_veh-35_01729_02626,0,1623259610.00034,664430.7258992373,3997619.748812678,664430.6060382547,3997628.4657616713,1.0,"[5.0, 5.0, 2.0, 2.0, 2.0]",0.9273594554600263
96e24e94933f52c8,1.0,1.0,1.0,1.0,1.0,1.0,1.0,1.0,1.0,True,2021.06.09.12.51.31_veh-35_01729_02626,0,1623259634.000591,664430.8749403881,3997611.355364312,664430.7292292708,3997620.655308631,,"[5.0, 5.0, 2.0, 2.0, 0.0]",1.0
98b7d40a0b4256e1,1.0,1.0,1.0,1.0,0.8421106562341313,1.0,1.0,1.0,0.9436109486550469,True,2021.06.09.12.51.31_veh-35_01729_02626,0,1623260132.0011308,664486.4212393487,3996328.7051623277,664480.0168517982,3996297.4953659754,0.0,"[5.0, 5.0, 2.0, 2.0, 2.0]",0.8256595800731661
9d0c0ca6c0b352b8,1.0,1.0,1.0,1.0,0.9078549100157027,1.0,1.0,1.0,0.9670910392913223,True,2021.06.09.12.51.31_veh-35_01729_02626,0,1623260089.501021,664319.4288687588,3996281.28928137,664307.6671444854,3996281.183518682,1.0,"[5.0, 5.0, 2.0, 2.0, 2.0]",0.9712046593799071
9d87ac4fbc1959d9,1.0,1.0,1.0,1.0,1.0,1.0,1.0,1.0,1.0,True,2021.06.09.12.51.31_veh-35_01729_02626,0,1623259635.000476,664431.0607703294,3997605.487590223,664430.7282311604,3997620.564287511,1.0,"[5.0, 5.0, 2.0, 2.0, 2.0]",1.0
9d87df3517f0557a,1.0,1.0,1.0,1.0,0.884400286108638,1.0,1.0,1.0,0.9587143878959422,True,2021.06.09.12.51.31_veh-35_01729_02626,0,1623260054.00038,664244.7887357975,3996257.175985255,664239.6209382372,3996251.6863730564,,"[5.0, 5.0, 2.0, 2.0, 0.0]",0.9587143878959422
9ebea9056e195897,1.0,1.0,1.0,1.0,0.9068790261182358,1.0,1.0,1.0,0.9667425093279414,True,2021.06.09.12.51.31_veh-35_01729_02626,0,1623260057.001299,664246.5734066822,3996261.275685236,664243.8463802715,3996255.8767528776,1.0,"[5.0, 5.0, 2.0, 2.0, 2.0]",0.9708996956619487
9fabef7447845a3b,1.0,1.0,1.0,1.0,0.8977556796436301,1.0,1.0,1.0,0.8206270284441537,True,2021.06.09.12.51.31_veh-35_01729_02626,0,1623260080.5003638,664302.8026653758,3996281.076292915,664287.1608839434,3996279.506726565,1.0,"[5.0, 5.0, 2.0, 2.0, 2.0]",0.9680486498886345
9fb2a722bf485a1b,1.0,1.0,1.0,1.0,0.8751343061489673,1.0,1.0,1.0,0.9554051093389168,True,2021.06.09.12.51.31_veh-35_01729_02626,0,1623259933.500829,664187.068170483,3996282.2260422395,664192.748293957,3996283.021097687,1.0,"[5.0, 5.0, 2.0, 2.0, 2.0]",0.9609794706715522
a287a8b3726a5d46,1.0,1.0,1.0,1.0,1.0,1.0,1.0,1.0,1.0,True,2021.06.09.12.51.31_veh-35_01729_02626,0,1623260116.000692,664385.5780001308,3996282.4216957293,664371.4850901505,3996281.3993087555,1.0,"[5.0, 5.0, 2.0, 2.0, 2.0]",1.0
a46b9833db705dd8,1.0,1.0,1.0,1.0,0.7157233349912314,1.0,1.0,1.0,0.8984726196397255,True,2021.06.09.12.51.31_veh-35_01729_02626,0,1623259610.5000389,664430.7500778991,3997619.823331557,664430.6427024968,3997626.7162461635,1.0,"[5.0, 5.0, 2.0, 2.0, 2.0]",0.9111635421847598
a636eadfab6a531d,1.0,1.0,1.0,1.0,1.0,1.0,1.0,1.0,1.0,True,2021.06.09.12.51.31_veh-35_01729_02626,0,1623259580.500489,664431.1436221673,3997836.120107071,664431.2387978038,3997845.1918540406,,"[5.0, 5.0, 2.0, 2.0, 0.0]",1.0
a8739782d4355428,1.0,1.0,1.0,1.0,1.0,1.0,1.0,1.0,1.0,True,2021.06.09.12.51.31_veh-35_01729_02626,0,1623259786.001556,664450.2812762404,3996694.772629004,664449.5305108126,3996711.7036242564,1.0,"[5.0, 5.0, 2.0, 2.0, 2.0]",1.0
aa05717ed4265b1a,1.0,1.0,1.0,1.0,0.8785385676882659,1.0,1.0,1.0,0.9566209170315235,True,2021.06.09.12.51.31_veh-35_01729_02626,0,1623259686.501612,664437.9317990552,3997058.0413770117,664437.6148138079,3997082.2807764215,,"[5.0, 5.0, 2.0, 2.0, 0.0]",0.9566209170315235
ac2c3e22fe8c5c6d,1.0,1.0,1.0,1.0,0.8204240295882591,1.0,1.0,1.0,0.9358657248529497,True,2021.06.09.12.51.31_veh-35_01729_02626,0,1623260032.000809,664208.9871712759,3996246.1282775053,664203.4591088035,3996246.059522889,1.0,"[5.0, 5.0, 2.0, 2.0, 2.0]",0.943882509246331
ac5e2264df3958ac,1.0,1.0,1.0,1.0,0.728988310090732,1.0,1.0,1.0,0.7603529678895471,True,2021.06.09.12.51.31_veh-35_01729_02626,0,1623260088.00062,664314.3641612328,3996281.3870975785,664305.5655459516,3996281.085297819,0.0,"[5.0, 5.0, 2.0, 2.0, 2.0]",0.7903088469033537
ad6f2ee944415c58,1.0,1.0,1.0,1.0,1.0,1.0,1.0,1.0,1.0,True,2021.06.09.12.51.31_veh-35_01729_02626,0,1623259956.500208,664199.6735446706,3996246.000018518,664198.7046564943,3996245.9988674205,1.0,"[5.0, 5.0, 2.0, 2.0, 2.0]",1.0
b2119b944b7f5d42,1.0,1.0,1.0,1.0,1.0,1.0,1.0,1.0,1.0,True,2021.06.09.12.51.31_veh-35_01729_02626,0,1623260116.500882,664388.8494507028,3996282.6799939387,664371.7122603804,3996281.4136151923,1.0,"[5.0, 5.0, 2.0, 2.0, 2.0]",1.0
b3e4a0d98ed9509d,1.0,1.0,1.0,1.0,0.796703289753305,1.0,1.0,1.0,0.9273940320547517,True,2021.06.09.12.51.31_veh-35_01729_02626,0,1623260056.501124,664246.0987557463,3996260.2002978926,664243.3362661547,3996255.202661254,1.0,"[5.0, 5.0, 2.0, 2.0, 2.0]",0.9364697780479078
b6714748d40f5d76,1.0,1.0,1.0,1.0,0.6136536345668557,1.0,1.0,1.0,0.7191620123453056,True,2021.06.09.12.51.31_veh-35_01729_02626,0,1623260087.500447,664312.3725254232,3996281.3545885463,664304.9785093338,3996281.053986266,,"[5.0, 5.0, 2.0, 2.0, 0.0]",0.8620191552024484
b9abb89d389351f8,1.0,1.0,1.0,1.0,1.0,1.0,1.0,1.0,1.0,True,2021.06.09.12.51.31_veh-35_01729_02626,0,1623260119.501396,664413.4965016325,3996284.702532205,664381.7693337442,3996282.1285696006,1.0,"[5.0, 5.0, 2.0, 2.0, 2.0]",1.0
bb65c8e693035002,1.0,1.0,1.0,1.0,1.0,1.0,1.0,1.0,0.8571428571428571,True,2021.06.09.12.51.31_veh-35_01729_02626,0,1623259841.001188,664392.0300739406,3996290.935025443,664415.0099889141,3996295.1331421807,,"[5.0, 5.0, 2.0, 2.0, 0.0]",1.0
bd6f57a9bbce532d,1.0,1.0,1.0,1.0,1.0,1.0,1.0,1.0,1.0,True,2021.06.09.12.51.31_veh-35_01729_02626,0,1623259941.000486,664179.6707692632,3996262.226719843,664179.6470841933,3996275.522386677,1.0,"[5.0, 5.0, 2.0, 2.0, 2.0]",1.0
bf2b503b8bff5859,1.0,1.0,1.0,1.0,1.0,1.0,1.0,1.0,1.0,True,2021.06.09.12.51.31_veh-35_01729_02626,0,1623259856.5013108,664374.0710358702,3996289.6925803665,664387.8986470834,3996290.571870335,1.0,"[5.0, 5.0, 2.0, 2.0, 2.0]",1.0
c10584362e7f5f9d,1.0,1.0,1.0,1.0,1.0,1.0,1.0,1.0,0.8571428571428571,True,2021.06.09.12.51.31_veh-35_01729_02626,0,1623260079.5008469,664300.8549345387,3996281.0143586616,664282.3889304168,3996278.626039562,,"[5.0, 5.0, 2.0, 2.0, 0.0]",1.0
c2ab52aa1d45570e,1.0,1.0,1.0,1.0,0.7910705669893813,1.0,1.0,1.0,0.9253823453533504,True,2021.06.09.12.51.31_veh-35_01729_02626,0,1623260056.001045,664245.8519218343,3996259.3372295704,664242.6969580542,3996254.412673718,1.0,"[5.0, 5.0, 2.0, 2.0, 2.0]",0.9347095521841816
c5e10c9e5bc853ec,1.0,1.0,1.0,1.0,1.0,1.0,1.0,1.0,1.0,True,2021.06.09.12.51.31_veh-35_01729_02626,0,1623259943.5010068,664182.3677554885,3996254.4355373858,664178.9641743752,3996267.6749126883,1.0,"[5.0, 5.0, 2.0, 2.0, 2.0]",1.0
c8f3dd66357c59f2,1.0,1.0,1.0,1.0,1.0,1.0,1.0,1.0,1.0,True,2021.06.09.12.51.31_veh-35_01729_02626,0,1623259726.000563,664438.2678314953,3997044.119039652,664438.0185901397,3997050.8741483563,,"[5.0, 5.0, 2.0, 2.0, 0.0]",1.0
c9566605ae1c5861,1.0,1.0,1.0,1.0,1.0,1.0,1.0,1.0,1.0,True,2021.06.09.12.51.31_veh-35_01729_02626,0,1623259730.001421,664439.2012473763,3997011.983719609,664438.2127062095,3997045.124238359,1.0,"[5.0, 5.0, 2.0, 2.0, 2.0]",1.0
ca02f85a9a995448,1.0,1.0,1.0,1.0,0.990869461007459,1.0,1.0,1.0,0.9967390932169496,True,2021.06.09.12.51.31_veh-35_01729_02626,0,1623259885.5012538,664272.656063376,3996285.4236357827,664289.6488809497,3996286.331477087,1.0,"[5.0, 5.0, 2.0, 2.0, 2.0]",0.997146706564831
cca22cc47f235643,1.0,1.0,1.0,1.0,0.8651847087329606,1.0,1.0,1.0,0.9518516816903431,True,2021.06.09.12.51.31_veh-35_01729_02626,0,1623259689.000264,664438.0579239242,3997051.487343333,664437.7394036765,3997065.9733639215,1.0,"[5.0, 5.0, 2.0, 2.0, 2.0]",0.9578702214790502
cdca2eec19585f5e,1.0,1.0,1.0,1.0,1.0,1.0,1.0,1.0,1.0,True,2021.06.09.12.51.31_veh-35_01729_02626,0,1623259942.000589,664180.4906864535,3996258.924711144,664179.0045389858,3996272.4880706,1.0,"[5.0, 5.0, 2.0, 2.0, 2.0]",1.0
d344a8704ee85f35,1.0,1.0,1.0,1.0,1.0,1.0,1.0,1.0,1.0,True,2021.06.09.12.51.31_veh-35_01729_02626,0,1623259877.000546,664309.9584634384,3996288.8997345287,664323.3494776195,3996289.478630844,1.0,"[5.0, 5.0, 2.0, 2.0, 2.0]",1.0
d4fa1b8fc27a5733,1.0,1.0,1.0,1.0,1.0,1.0,1.0,1.0,1.0,True,2021.06.09.12.51.31_veh-35_01729_02626,0,1623259855.501004,664378.0107850502,3996289.837494639,664388.2534372828,3996290.606514556,0.0,"[5.0, 5.0, 2.0, 2.0, 2.0]",0.875
d51990badc6e5787,1.0,1.0,1.0,1.0,0.9839608419644208,1.0,1.0,1.0,0.9942717292730074,True,2021.06.09.12.51.31_veh-35_01729_02626,0,1623259817.0010278,664455.0727672151,3996394.9290848416,664453.8055606385,3996440.9270813507,,"[5.0, 5.0, 2.0, 2.0, 0.0]",0.9942717292730074
d68969642ec45b19,1.0,1.0,1.0,1.0,0.868872335799175,1.0,1.0,1.0,0.8103115484997053,True,2021.06.09.12.51.31_veh-35_01729_02626,0,1623260068.0014548,664253.011565482,3996273.3298552344,664250.1077820763,3996269.4290010044,,"[5.0, 5.0, 2.0, 2.0, 0.0]",0.9531686913568481
d7a938f1b20652bf,1.0,1.0,1.0,1.0,1.0,1.0,1.0,1.0,1.0,True,2021.06.09.12.51.31_veh-35_01729_02626,0,1623260069.500792,664256.8214469159,3996276.338452372,664250.1254192612,3996269.460860105,1.0,"[5.0, 5.0, 2.0, 2.0, 2.0]",1.0
d7e631755e5a54ad,1.0,1.0,1.0,1.0,1.0,1.0,1.0,1.0,1.0,True,2021.06.09.12.51.31_veh-35_01729_02626,0,1623259584.5018258,664431.1890531973,3997804.88809208,664431.1449185724,3997836.657828079,1.0,"[5.0, 5.0, 2.0, 2.0, 2.0]",1.0
d9bb698c62405297,1.0,1.0,1.0,1.0,1.0,1.0,1.0,1.0,1.0,True,2021.06.09.12.51.31_veh-35_01729_02626,0,1623259834.501415,664429.1029902886,3996296.634338496,664448.8147077259,3996300.399905369,,"[5.0, 5.0, 2.0, 2.0, 0.0]",1.0
dbb61fca58fc5037,1.0,1.0,1.0,1.0,1.0,1.0,1.0,1.0,1.0,True,2021.06.09.12.51.31_veh-35_01729_02626,0,1623259957.000293,664199.4999124729,3996245.9735805113,664198.945603174,3996245.9887104984,1.0,"[5.0, 5.0, 2.0, 2.0, 2.0]",1.0
dd2d2dd7d4885bbe,1.0,1.0,1.0,1.0,1.0,1.0,1.0,1.0,1.0,True,2021.06.09.12.51.31_veh-35_01729_02626,0,1623259955.000994,664199.7460394427,3996245.987375145,664197.0339984708,3996245.979821223,1.0,"[5.0, 5.0, 2.0, 2.0, 2.0]",1.0
e069d39ff2ab55bc,1.0,1.0,1.0,1.0,0.8377729824503654,1.0,1.0,1.0,0.942061779446559,True,2021.06.09.12.51.31_veh-35_01729_02626,0,1623259689.5004358,664438.0653969545,3997051.1511821686,664437.8095646992,3997063.4278442673,1.0,"[5.0, 5.0, 2.0, 2.0, 2.0]",0.9493040570157392
e322f2e6452f508e,1.0,1.0,1.0,1.0,1.0,1.0,1.0,1.0,1.0,True,2021.06.09.12.51.31_veh-35_01729_02626,0,1623260115.5005999,664383.1068997926,3996282.1648889994,664371.4632757492,3996281.3980358825,1.0,"[5.0, 5.0, 2.0, 2.0, 2.0]",1.0
e43cc13c56e855d5,1.0,1.0,1.0,1.0,1.0,1.0,1.0,1.0,1.0,True,2021.06.09.12.51.31_veh-35_01729_02626,0,1623260058.5015728,664247.7354336862,3996264.4583996725,664244.5559491646,3996257.045989131,1.0,"[5.0, 5.0, 2.0, 2.0, 2.0]",1.0
e45bba9f532950f7,1.0,1.0,1.0,1.0,0.9480233764830601,1.0,1.0,1.0,0.9814369201725215,True,2021.06.09.12.51.31_veh-35_01729_02626,0,1623259817.501184,664455.1063206746,3996389.4105087738,664453.9215862652,3996435.419238389,1.0,"[5.0, 5.0, 2.0, 2.0, 2.0]",0.9837573051509563
e4eda26dbd53523d,1.0,1.0,1.0,1.0,1.0,1.0,1.0,1.0,1.0,True,2021.06.09.12.51.31_veh-35_01729_02626,0,1623259582.0009558,664431.1529423305,3997826.362977341,664431.1996178852,3997843.8707406907,,"[5.0, 5.0, 2.0, 2.0, 0.0]",1.0
e522cb132d57506a,1.0,1.0,1.0,1.0,1.0,1.0,1.0,1.0,1.0,True,2021.06.09.12.51.31_veh-35_01729_02626,0,1623260073.501206,664273.316061124,3996277.7268264354,664256.4502261537,3996275.815715705,1.0,"[5.0, 5.0, 2.0, 2.0, 2.0]",1.0
e52ef27d2d245c63,1.0,1.0,1.0,1.0,0.8673873170514266,1.0,1.0,1.0,0.9526383275183666,True,2021.06.09.12.51.31_veh-35_01729_02626,0,1623260133.0010738,664485.7319811662,3996337.9445316116,664484.2354589048,3996303.653587112,0.0,"[5.0, 5.0, 2.0, 2.0, 2.0]",0.8335585365785708
e6f686686cc452cf,1.0,1.0,1.0,1.0,1.0,1.0,1.0,1.0,1.0,True,2021.06.09.12.51.31_veh-35_01729_02626,0,1623259884.501221,664276.4379858443,3996285.5563811897,664294.2447924397,3996286.7365443725,1.0,"[5.0, 5.0, 2.0, 2.0, 2.0]",1.0
e799e9f5385a5a2c,1.0,1.0,1.0,1.0,1.0,1.0,1.0,1.0,1.0,True,2021.06.09.12.51.31_veh-35_01729_02626,0,1623259900.5005999,664249.1522137133,3996284.562458025,664263.9468778719,3996284.982787609,1.0,"[5.0, 5.0, 2.0, 2.0, 2.0]",1.0
ea7c22e1d36856c3,1.0,1.0,1.0,1.0,1.0,1.0,1.0,1.0,1.0,True,2021.06.09.12.51.31_veh-35_01729_02626,0,1623259945.001132,664184.9444860405,3996250.2895048405,664179.7536595775,3996262.7750799083,1.0,"[5.0, 5.0, 2.0, 2.0, 2.0]",1.0
eadab740750b5a54,1.0,1.0,1.0,1.0,0.7288767706197699,1.0,1.0,1.0,0.9031702752213464,True,2021.06.09.12.51.31_veh-35_01729_02626,0,1623259898.500172,664257.9537311711,3996284.816142241,664264.5080070631,3996284.9909555693,,"[5.0, 5.0, 2.0, 2.0, 0.0]",0.9031702752213464
ee053b086fb1560c,1.0,1.0,1.0,1.0,0.7595648112250079,1.0,1.0,1.0,0.9141302897232171,True,2021.06.09.12.51.31_veh-35_01729_02626,0,1623260055.000587,664245.027771389,3996257.795905204,664241.257238679,3996252.9772729697,1.0,"[5.0, 5.0, 2.0, 2.0, 2.0]",0.924864003507815
ee7c0c535d415ded,1.0,1.0,1.0,1.0,0.8859848421097639,1.0,1.0,1.0,0.959280300753487,True,2021.06.09.12.51.31_veh-35_01729_02626,0,1623259687.5007699,664438.059242498,3997054.6060239463,664437.6465896217,3997075.025770957,1.0,"[5.0, 5.0, 2.0, 2.0, 2.0]",0.9643702631593012
ee855ade6ba5504c,1.0,1.0,1.0,1.0,1.0,1.0,1.0,1.0,1.0,True,2021.06.09.12.51.31_veh-35_01729_02626,0,1623259954.001242,664200.1932452088,3996245.9947588705,664195.2098304646,3996245.985171328,,"[5.0, 5.0, 2.0, 2.0, 0.0]",1.0
ef5d74901e465a0d,1.0,1.0,1.0,1.0,0.7132741630251612,1.0,1.0,1.0,0.897597915366129,True,2021.06.09.12.51.31_veh-35_01729_02626,0,1623259854.500838,664381.7888819608,3996290.0690532243,664388.2602810013,3996290.6072693723,,"[5.0, 5.0, 2.0, 2.0, 0.0]",0.897597915366129
f00788c502f25587,1.0,1.0,1.0,1.0,1.0,1.0,1.0,1.0,1.0,True,2021.06.09.12.51.31_veh-35_01729_02626,0,1623259584.0017228,664431.241878682,3997809.5649961666,664431.174092019,3997839.093976848,1.0,"[5.0, 5.0, 2.0, 2.0, 2.0]",1.0
f1bf12acb8445268,1.0,1.0,1.0,1.0,1.0,1.0,1.0,1.0,1.0,True,2021.06.09.12.51.31_veh-35_01729_02626,0,1623259949.001226,664193.3889584253,3996245.9291537846,664184.8222659299,3996250.912955231,1.0,"[5.0, 5.0, 2.0, 2.0, 2.0]",1.0
f25726c61f48502f,1.0,1.0,1.0,1.0,1.0,1.0,1.0,1.0,1.0,True,2021.06.09.12.51.31_veh-35_01729_02626,0,1623259939.5008209,664178.8211651031,3996267.238025509,664182.1917669429,3996279.6297813035,1.0,"[5.0, 5.0, 2.0, 2.0, 2.0]",1.0
f285ec68af385fc4,1.0,1.0,1.0,1.0,0.6113514319171445,1.0,1.0,1.0,0.8611969399704087,True,2021.06.09.12.51.31_veh-35_01729_02626,0,1623260082.000841,664303.8833992232,3996281.045681057,664294.1856041203,3996280.4525831807,1.0,"[5.0, 5.0, 2.0, 2.0, 2.0]",0.8785473224741076
f29cff9a8d905f5d,1.0,1.0,1.0,1.0,1.0,1.0,1.0,1.0,1.0,True,2021.06.09.12.51.31_veh-35_01729_02626,0,1623259634.5004818,664430.9424105866,3997608.7446134607,664430.7294850346,3997620.648199686,0.0,"[5.0, 5.0, 2.0, 2.0, 2.0]",0.875
f2bdb5407b145bcd,1.0,1.0,1.0,1.0,1.0,1.0,1.0,1.0,1.0,True,2021.06.09.12.51.31_veh-35_01729_02626,0,1623259948.501499,664192.391031392,3996246.0237099323,664183.878544501,3996252.1065428443,1.0,"[5.0, 5.0, 2.0, 2.0, 2.0]",1.0
f329e674bbb950b3,1.0,1.0,1.0,1.0,1.0,1.0,1.0,1.0,1.0,True,2021.06.09.12.51.31_veh-35_01729_02626,0,1623260068.501483,664254.0953128675,3996274.345992179,664250.1019829747,3996269.4204599224,1.0,"[5.0, 5.0, 2.0, 2.0, 2.0]",1.0
f37d56c3d1f059ec,1.0,1.0,1.0,1.0,0.7115110096953744,1.0,1.0,1.0,0.8969682177483479,True,2021.06.09.12.51.31_veh-35_01729_02626,0,1623259691.501001,664438.0342190943,3997049.9572284617,664437.9812361916,3997055.8231836343,1.0,"[5.0, 5.0, 2.0, 2.0, 2.0]",0.9098471905298045
f44ec48280225191,1.0,1.0,1.0,1.0,1.0,1.0,1.0,1.0,1.0,True,2021.06.09.12.51.31_veh-35_01729_02626,0,1623259954.501297,664200.0950917738,3996245.9803335126,664196.137694846,3996245.9718339,1.0,"[5.0, 5.0, 2.0, 2.0, 2.0]",1.0
f4ec1f572cef5c49,1.0,1.0,1.0,1.0,0.827204924146411,1.0,1.0,1.0,0.9382874729094325,True,2021.06.09.12.51.31_veh-35_01729_02626,0,1623260131.501057,664486.4427970648,3996324.2585965563,664477.318037527,3996294.9949520114,0.0,"[5.0, 5.0, 2.0, 2.0, 2.0]",0.8210015387957534
f4f7c2de2c0656fe,1.0,1.0,1.0,1.0,1.0,1.0,1.0,1.0,1.0,True,2021.06.09.12.51.31_veh-35_01729_02626,0,1623260058.001616,664247.2767234779,3996263.323198418,664244.3582158972,3996256.708586198,,"[5.0, 5.0, 2.0, 2.0, 0.0]",1.0
f606a68831b959bb,1.0,1.0,1.0,1.0,0.6264340235586867,1.0,1.0,1.0,0.8665835798423881,True,2021.06.09.12.51.31_veh-35_01729_02626,0,1623259844.0002549,664387.2963352017,3996290.5311137764,664397.3877152415,3996291.589522687,1.0,"[5.0, 5.0, 2.0, 2.0, 2.0]",0.8832606323620896
f63d23a573a550f3,1.0,1.0,1.0,1.0,1.0,1.0,1.0,1.0,1.0,True,2021.06.09.12.51.31_veh-35_01729_02626,0,1623259785.501324,664450.1577761293,3996698.028874983,664449.5109963532,3996712.1705668243,1.0,"[5.0, 5.0, 2.0, 2.0, 2.0]",1.0
f68dfe3760c25453,1.0,1.0,1.0,1.0,1.0,1.0,1.0,1.0,1.0,True,2021.06.09.12.51.31_veh-35_01729_02626,0,1623260117.001001,664392.3208960035,3996282.9986279327,664372.3332094706,3996281.443224525,1.0,"[5.0, 5.0, 2.0, 2.0, 2.0]",1.0
f8cd764491c15c36,1.0,1.0,1.0,1.0,1.0,1.0,1.0,1.0,1.0,True,2021.06.09.12.51.31_veh-35_01729_02626,0,1623259945.5010939,664185.8454577508,3996249.352359597,664180.13551623,3996261.1253008917,1.0,"[5.0, 5.0, 2.0, 2.0, 2.0]",1.0
f9b9cec54e8759c8,1.0,1.0,1.0,1.0,1.0,1.0,1.0,1.0,1.0,True,2021.06.09.12.51.31_veh-35_01729_02626,0,1623260118.5010378,664404.6895332466,3996284.017008182,664376.7375682514,3996281.7244449407,,"[5.0, 5.0, 2.0, 2.0, 0.0]",1.0
fa88f25a8971596f,1.0,1.0,1.0,1.0,1.0,1.0,1.0,1.0,1.0,True,2021.06.09.12.51.31_veh-35_01729_02626,0,1623259941.5005379,664180.2894499291,3996260.6573070455,664179.2572033112,3996274.032028369,1.0,"[5.0, 5.0, 2.0, 2.0, 2.0]",1.0
fa89a1586e92554d,1.0,1.0,1.0,1.0,0.7890471327428475,1.0,1.0,1.0,0.9246596902653027,True,2021.06.09.12.51.31_veh-35_01729_02626,0,1623260032.5009089,664209.3432360403,3996246.1226672158,664203.9353132489,3996246.083954726,1.0,"[5.0, 5.0, 2.0, 2.0, 2.0]",0.9340772289821399
fb2723881f29596c,1.0,1.0,1.0,1.0,1.0,1.0,1.0,1.0,1.0,True,2021.06.09.12.51.31_veh-35_01729_02626,0,1623259899.5004559,664254.2220204017,3996284.6705780877,664264.4886438152,3996284.988845754,0.0,"[5.0, 5.0, 2.0, 2.0, 2.0]",0.875
fbf80b893a45596c,1.0,1.0,1.0,1.0,1.0,1.0,1.0,1.0,1.0,True,2021.06.09.12.51.31_veh-35_01729_02626,0,1623259947.501318,664190.0146166134,3996246.788106941,664182.267821578,3996254.873308996,1.0,"[5.0, 5.0, 2.0, 2.0, 2.0]",1.0
04892d0279ea5905,1.0,1.0,1.0,1.0,0.8801622936861887,1.0,1.0,1.0,0.9572008191736389,True,2021.06.09.20.26.11_veh-35_00970_01216,0,1623286020.9013379,664429.3561391586,3998401.081466134,664428.4550229172,3998426.907139306,1.0,"[5.0, 5.0, 2.0, 2.0, 2.0]",0.962550716776934
04b8f4a99be85973,1.0,1.0,1.0,1.0,1.0,1.0,1.0,1.0,1.0,True,2021.06.09.20.26.11_veh-35_00970_01216,0,1623285848.9013948,664733.7022535787,3999425.060785467,664745.910290735,3999449.905791491,,"[5.0, 5.0, 2.0, 2.0, 0.0]",1.0
050bc5dc61b05c0c,1.0,1.0,1.0,1.0,0.8755964327981066,1.0,1.0,1.0,0.9555701545707525,True,2021.06.09.20.26.11_veh-35_00970_01216,0,1623285866.9013839,664641.8056038289,3999240.2365281736,664661.6421821715,3999278.8263866575,1.0,"[5.0, 5.0, 2.0, 2.0, 2.0]",0.9611238852494084
05dc6e420d935b8e,1.0,1.0,1.0,1.0,1.0,1.0,1.0,1.0,1.0,True,2021.06.09.20.26.11_veh-35_00970_01216,0,1623285846.4008808,664742.4463057065,3999442.7604049267,664747.5832811219,3999453.2756782,,"[5.0, 5.0, 2.0, 2.0, 0.0]",1.0
083a415c4ea15ef6,1.0,1.0,1.0,1.0,1.0,1.0,1.0,1.0,1.0,True,2021.06.09.20.26.11_veh-35_00970_01216,0,1623286001.900624,664428.6641535398,3998564.473359063,664429.1966755139,3998581.9227603036,1.0,"[5.0, 5.0, 2.0, 2.0, 2.0]",1.0
0fd89914075c5330,1.0,1.0,1.0,1.0,1.0,1.0,1.0,1.0,1.0,True,2021.06.09.20.26.11_veh-35_00970_01216,0,1623286002.400761,664428.6047259283,3998561.2922025262,664429.1531385765,3998581.161355877,1.0,"[5.0, 5.0, 2.0, 2.0, 2.0]",1.0
11b917a7dad65cb3,1.0,1.0,1.0,1.0,1.0,1.0,1.0,1.0,1.0,True,2021.06.09.20.26.11_veh-35_00970_01216,0,1623285932.901404,664610.2574471594,3999180.101849542,664624.9328039786,3999208.018280775,,"[5.0, 5.0, 2.0, 2.0, 0.0]",1.0
179d390028965461,1.0,1.0,1.0,1.0,0.9188348270486265,1.0,1.0,1.0,0.9710124382316524,True,2021.06.09.20.26.11_veh-35_00970_01216,0,1623285988.401042,664429.1845402962,3998582.2661995306,664429.609048602,3998589.491135125,1.0,"[5.0, 5.0, 2.0, 2.0, 2.0]",0.9746358834526958
2156346d5dcf5246,1.0,1.0,1.0,1.0,0.9624128452924584,1.0,1.0,1.0,0.986576016175878,True,2021.06.09.20.26.11_veh-35_00970_01216,0,1623285989.401294,664429.1974340501,3998581.508544903,664429.4592154641,3998586.953756518,1.0,"[5.0, 5.0, 2.0, 2.0, 2.0]",0.9882540141538932
2c1795e29af65a31,1.0,1.0,1.0,1.0,0.8711315292892045,1.0,1.0,1.0,0.9539755461747159,True,2021.06.09.20.26.11_veh-35_00970_01216,0,1623286029.901058,664429.9417544383,3998372.16588439,664429.8088095767,3998380.292210789,1.0,"[5.0, 5.0, 2.0, 2.0, 2.0]",0.9597286029028764
317266217a3b548d,1.0,1.0,1.0,1.0,1.0,1.0,1.0,1.0,1.0,True,2021.06.09.20.26.11_veh-35_00970_01216,0,1623285846.901032,664740.9623725,3999439.821263784,664747.5714905565,3999453.251674004,1.0,"[5.0, 5.0, 2.0, 2.0, 2.0]",1.0
327c4934e82a54cb,1.0,1.0,1.0,1.0,0.8763692561968303,1.0,1.0,1.0,0.9558461629274394,True,2021.06.09.20.26.11_veh-35_00970_01216,0,1623286027.9007158,664429.9673728575,3998373.46288719,664429.5876499093,3998389.6778936097,,"[5.0, 5.0, 2.0, 2.0, 0.0]",0.9558461629274394
346855a3e0115ac3,1.0,1.0,1.0,1.0,1.0,1.0,1.0,1.0,1.0,True,2021.06.09.20.26.11_veh-35_00970_01216,0,1623285953.901695,664492.1997859706,3998924.5964399483,664510.2152030012,3998978.7562087923,1.0,"[5.0, 5.0, 2.0, 2.0, 2.0]",1.0
3b4b55afcacf553e,1.0,1.0,1.0,1.0,0.8510367473753803,1.0,1.0,1.0,0.9467988383483501,True,2021.06.09.20.26.11_veh-35_00970_01216,0,1623286083.400955,664432.4560398508,3998282.8179035513,664431.9129936659,3998302.152328258,,"[5.0, 5.0, 2.0, 2.0, 0.0]",0.9467988383483501
3d62676b9d685b3a,1.0,1.0,1.0,1.0,1.0,1.0,1.0,1.0,1.0,True,2021.06.09.20.26.11_veh-35_00970_01216,0,1623286032.4019709,664429.9246132801,3998372.846293511,664429.9278471789,3998373.730459854,,"[5.0, 5.0, 2.0, 2.0, 0.0]",1.0
3f037c2e281b5c8c,1.0,1.0,1.0,1.0,0.9111070379021126,1.0,1.0,1.0,0.9682525135364688,True,2021.06.09.20.26.11_veh-35_00970_01216,0,1623285984.401475,664429.6340412392,3998588.6253989595,664430.8602730121,3998609.0973593625,1.0,"[5.0, 5.0, 2.0, 2.0, 2.0]",0.9722209493444102
43a10e21990254ae,1.0,1.0,1.0,1.0,0.8992230792092786,1.0,1.0,1.0,0.9640082425747423,True,2021.06.09.20.26.11_veh-35_00970_01216,0,1623285976.900831,664433.1555188878,3998637.4897416956,664437.5449062998,3998681.972858469,0.0,"[5.0, 5.0, 2.0, 2.0, 2.0]",0.8435072122528995
47520165cdf25645,1.0,1.0,1.0,1.0,0.8815474473623177,1.0,1.0,1.0,0.9576955169151135,True,2021.06.09.20.26.11_veh-35_00970_01216,0,1623286028.900637,664429.9751616062,3998372.3227878865,664429.7204350722,3998384.825883363,1.0,"[5.0, 5.0, 2.0, 2.0, 2.0]",0.9629835773007243
490c8875ae7a5f43,1.0,1.0,1.0,1.0,1.0,1.0,1.0,1.0,1.0,True,2021.06.09.20.26.11_veh-35_00970_01216,0,1623286067.401026,664430.0546083895,3998364.7390344343,664429.9219023039,3998372.9989816365,,"[5.0, 5.0, 2.0, 2.0, 0.0]",1.0
49593af9450356f9,1.0,1.0,1.0,1.0,1.0,1.0,1.0,1.0,1.0,True,2021.06.09.20.26.11_veh-35_00970_01216,0,1623285847.4012399,664739.3243370872,3999436.4202753194,664747.4442683413,3999453.001489146,1.0,"[5.0, 5.0, 2.0, 2.0, 2.0]",1.0
4ac26d15063b57c9,1.0,1.0,1.0,1.0,1.0,1.0,1.0,1.0,1.0,True,2021.06.09.20.26.11_veh-35_00970_01216,0,1623286001.4006689,664428.6449102632,3998567.503632351,664429.2218388069,3998582.2709032446,0.0,"[5.0, 5.0, 2.0, 2.0, 2.0]",0.875
4d0efac8ead15d25,1.0,1.0,1.0,1.0,0.9176123560296412,1.0,1.0,1.0,0.9705758414391575,True,2021.06.09.20.26.11_veh-35_00970_01216,0,1623285987.4004228,664429.2550362212,3998583.0357975843,664429.8190667256,3998592.780445252,1.0,"[5.0, 5.0, 2.0, 2.0, 2.0]",0.9742538612592628
56cbb46576da5737,1.0,1.0,1.0,1.0,1.0,1.0,1.0,1.0,1.0,True,2021.06.09.20.26.11_veh-35_00970_01216,0,1623285999.400987,664428.9316138882,3998577.038314391,664429.2258134582,3998582.3398280637,,"[5.0, 5.0, 2.0, 2.0, 0.0]",1.0
5ab86590974953e9,1.0,1.0,1.0,1.0,0.9349903950835403,1.0,1.0,1.0,0.9767822839584073,True,2021.06.09.20.26.11_veh-35_00970_01216,0,1623285974.900161,664435.0495399617,3998658.605473849,664440.8773164842,3998705.88814792,,"[5.0, 5.0, 2.0, 2.0, 0.0]",0.9767822839584073
635bb611aa9a56e9,1.0,1.0,1.0,1.0,0.7904233677963364,1.0,1.0,1.0,0.9251512027844058,True,2021.06.09.20.26.11_veh-35_00970_01216,0,1623286030.401213,664429.9323795547,3998372.4106348897,664429.8551903076,3998378.364663083,1.0,"[5.0, 5.0, 2.0, 2.0, 2.0]",0.934507302436355
649ab25cb5fe57ab,1.0,1.0,1.0,1.0,0.8800893036832241,1.0,1.0,1.0,0.9571747513154373,True,2021.06.09.20.26.11_veh-35_00970_01216,0,1623286019.901517,664429.1968057961,3998405.7810790483,664428.1948014236,3998435.598639059,,"[5.0, 5.0, 2.0, 2.0, 0.0]",0.9571747513154373
6563dc1cfa4f5cce,1.0,1.0,1.0,1.0,0.9217915666766716,1.0,1.0,1.0,0.9720684166702398,True,2021.06.09.20.26.11_veh-35_00970_01216,0,1623285975.900517,664434.0868937006,3998647.5458781025,664439.0779882983,3998693.7572392225,0.0,"[5.0, 5.0, 2.0, 2.0, 2.0]",0.8505598645864598
6a8d143de4885b52,1.0,1.0,1.0,1.0,0.9190213422127191,1.0,1.0,1.0,0.9710790507902569,True,2021.06.09.20.26.11_veh-35_00970_01216,0,1623285983.9012668,664429.6874993457,3998590.095307066,664431.0888758147,3998612.755400891,1.0,"[5.0, 5.0, 2.0, 2.0, 2.0]",0.9746941694414748
7c43ce4287c252da,1.0,1.0,1.0,1.0,1.0,1.0,1.0,1.0,1.0,True,2021.06.09.20.26.11_veh-35_00970_01216,0,1623285849.900522,664729.5541910924,3999416.9781415495,664743.9161177241,3999445.8391492893,1.0,"[5.0, 5.0, 2.0, 2.0, 2.0]",1.0
80725ea45ed953a5,1.0,1.0,1.0,1.0,1.0,1.0,1.0,1.0,1.0,True,2021.06.09.20.26.11_veh-35_00970_01216,0,1623285930.4011638,664620.8129754914,3999200.1529290066,664627.2477407069,3999212.389258777,1.0,"[5.0, 5.0, 2.0, 2.0, 2.0]",1.0
8138d3f674fd5b1f,1.0,1.0,1.0,1.0,1.0,1.0,1.0,1.0,1.0,True,2021.06.09.20.26.11_veh-35_00970_01216,0,1623285847.901469,664737.4827949568,3999432.778653439,664747.1370835426,3999452.3655456854,1.0,"[5.0, 5.0, 2.0, 2.0, 2.0]",1.0
870cb529ffac50e0,1.0,1.0,1.0,1.0,0.8284967687568254,1.0,1.0,1.0,0.9387488459845805,True,2021.06.09.20.26.11_veh-35_00970_01216,0,1623286083.900604,664432.5013803489,3998281.5562011027,664432.0160581227,3998299.372823321,1.0,"[5.0, 5.0, 2.0, 2.0, 2.0]",0.946405240236508
8823d1c7c34b57ac,1.0,1.0,1.0,1.0,0.8847906724779411,1.0,1.0,1.0,0.9588538115992646,True,2021.06.09.20.26.11_veh-35_00970_01216,0,1623285985.900441,664429.3845486983,3998585.1091326936,664430.2458243171,3998599.7216214417,1.0,"[5.0, 5.0, 2.0, 2.0, 2.0]",0.9639970851493566
89e48839087057c4,1.0,1.0,1.0,1.0,0.932953313634034,1.0,1.0,1.0,0.9760547548692978,True,2021.06.09.20.26.11_veh-35_00970_01216,0,1623285981.900688,664430.2249043632,3998597.821694979,664432.3985587718,3998629.4360750453,1.0,"[5.0, 5.0, 2.0, 2.0, 2.0]",0.9790479105106356
8fec4a414ec45ed3,1.0,1.0,1.0,1.0,0.8827884018064427,1.0,1.0,1.0,0.9581387149308724,True,2021.06.09.20.26.11_veh-35_00970_01216,0,1623286021.4009109,664429.4302112424,3998398.8176105274,664428.6211199114,3998422.8362917244,1.0,"[5.0, 5.0, 2.0, 2.0, 2.0]",0.9633713755645134
95b2448f02bb58e6,1.0,1.0,1.0,1.0,1.0,1.0,1.0,1.0,1.0,True,2021.06.09.20.26.11_veh-35_00970_01216,0,1623286068.401469,664430.0913562177,3998361.503228954,664429.9237280205,3998372.806811525,1.0,"[5.0, 5.0, 2.0, 2.0, 2.0]",1.0
99f700e7e9af5407,1.0,1.0,1.0,1.0,1.0,1.0,1.0,1.0,1.0,True,2021.06.09.20.26.11_veh-35_00970_01216,0,1623285990.901301,664429.2185470065,3998581.724703826,664429.3397728958,3998584.5024687406,1.0,"[5.0, 5.0, 2.0, 2.0, 2.0]",1.0
9a4b00e867fc591d,1.0,1.0,1.0,1.0,1.0,1.0,1.0,1.0,1.0,True,2021.06.09.20.26.11_veh-35_00970_01216,0,1623285849.400975,664731.8143370867,3999421.295674626,664745.0177301693,3999448.089203354,1.0,"[5.0, 5.0, 2.0, 2.0, 2.0]",1.0
9b877b869b3d5f89,1.0,1.0,1.0,1.0,1.0,1.0,1.0,1.0,1.0,True,2021.06.09.20.26.11_veh-35_00970_01216,0,1623285990.401346,664429.1930512573,3998581.831950583,664429.3574728362,3998585.170531481,1.0,"[5.0, 5.0, 2.0, 2.0, 2.0]",1.0
9d35cc01a2ca541d,1.0,1.0,1.0,1.0,0.8757504742388766,1.0,1.0,1.0,0.9556251693710275,True,2021.06.09.20.26.11_veh-35_00970_01216,0,1623286028.4005659,664429.9623454552,3998372.7090307805,664429.6522643233,3998387.234850492,1.0,"[5.0, 5.0, 2.0, 2.0, 2.0]",0.961172023199649
9e6d11e4e8385c43,1.0,1.0,1.0,1.0,1.0,1.0,1.0,1.0,1.0,True,2021.06.09.20.26.11_veh-35_00970_01216,0,1623286000.400498,664428.8468764279,3998573.0098458994,664429.2257904686,3998582.3405655255,1.0,"[5.0, 5.0, 2.0, 2.0, 2.0]",1.0
9eba22c564c15cff,1.0,1.0,1.0,1.0,1.0,1.0,1.0,1.0,1.0,True,2021.06.09.20.26.11_veh-35_00970_01216,0,1623286067.901299,664430.081056303,3998363.5500249094,664429.9222915478,3998372.984264873,1.0,"[5.0, 5.0, 2.0, 2.0, 2.0]",1.0
a02f3e19c1ad5991,1.0,1.0,1.0,1.0,1.0,1.0,1.0,1.0,1.0,True,2021.06.09.20.26.11_veh-35_00970_01216,0,1623285999.900729,664428.9150916209,3998575.6278612646,664429.2258059586,3998582.3402115726,1.0,"[5.0, 5.0, 2.0, 2.0, 2.0]",1.0
a1f10af5c1bd57f8,1.0,1.0,1.0,1.0,0.9284562671640878,1.0,1.0,1.0,0.9744486668443171,True,2021.06.09.20.26.11_veh-35_00970_01216,0,1623285975.400354,664434.5714371465,3998653.0891148522,664439.9637009265,3998699.786765823,1.0,"[5.0, 5.0, 2.0, 2.0, 2.0]",0.9776425834887774
a2e8d995e6985d26,1.0,1.0,1.0,1.0,1.0,1.0,1.0,1.0,1.0,True,2021.06.09.20.26.11_veh-35_00970_01216,0,1623285929.9010398,664622.1545746113,3999202.5564488904,664627.2528755316,3999212.399237078,1.0,"[5.0, 5.0, 2.0, 2.0, 2.0]",1.0
a4add302e42c5c7e,1.0,1.0,1.0,1.0,0.8838011254778655,1.0,1.0,1.0,0.9585004019563806,True,2021.06.09.20.26.11_veh-35_00970_01216,0,1623285985.400861,664429.4608392104,3998586.1048647375,664430.4510376637,3998602.590311949,1.0,"[5.0, 5.0, 2.0, 2.0, 2.0]",0.963687851711833
a7678eea2655557f,1.0,1.0,1.0,1.0,0.9433662190878618,1.0,1.0,1.0,0.9797736496742363,True,2021.06.09.20.26.11_veh-35_00970_01216,0,1623285988.9011588,664429.1943872835,3998581.8887222568,664429.533444633,3998588.133071406,1.0,"[5.0, 5.0, 2.0, 2.0, 2.0]",0.9823019434649568
a7a0e345cbe251ff,1.0,1.0,1.0,1.0,1.0,1.0,1.0,1.0,1.0,True,2021.06.09.20.26.11_veh-35_00970_01216,0,1623285953.401592,664494.1318936432,3998930.7369343443,664512.8726496862,3998985.469786259,,"[5.0, 5.0, 2.0, 2.0, 0.0]",1.0
aaa588f7383f52b7,1.0,1.0,1.0,1.0,0.8624936570146513,1.0,1.0,1.0,0.9508905917909469,True,2021.06.09.20.26.11_veh-35_00970_01216,0,1623285929.4009528,664623.2681045721,3999204.7787631857,664627.2542113943,3999212.4017421054,,"[5.0, 5.0, 2.0, 2.0, 0.0]",0.9508905917909469
aae99a84413d5f72,1.0,1.0,1.0,1.0,0.8089258568096576,1.0,1.0,1.0,0.9317592345748776,True,2021.06.09.20.26.11_veh-35_00970_01216,0,1623286084.400436,664432.5286283027,3998280.247275825,664432.105292274,3998296.6004775707,1.0,"[5.0, 5.0, 2.0, 2.0, 2.0]",0.940289330253018
b56363ebc91255ac,1.0,1.0,1.0,1.0,0.8014211657076286,1.0,1.0,1.0,0.9290789877527246,True,2021.06.09.20.26.11_veh-35_00970_01216,0,1623286084.900415,664432.5205954409,3998279.017905505,664432.1776906694,3998293.881192861,1.0,"[5.0, 5.0, 2.0, 2.0, 2.0]",0.937944114283634
b5d7c17fe5375141,1.0,1.0,1.0,1.0,0.9197915800027645,1.0,1.0,1.0,0.971354135715273,True,2021.06.09.20.26.11_veh-35_00970_01216,0,1623286029.400769,664429.9606599228,3998372.068656898,664429.7674134206,3998382.47982261,1.0,"[5.0, 5.0, 2.0, 2.0, 2.0]",0.9749348687508639
bbf8128f3cbd51ef,1.0,1.0,1.0,1.0,1.0,1.0,1.0,1.0,1.0,True,2021.06.09.20.26.11_veh-35_00970_01216,0,1623285931.901612,664614.912535854,3999188.9302640213,664626.4820649856,3999210.9367822916,1.0,"[5.0, 5.0, 2.0, 2.0, 2.0]",1.0
bc1dfb2384b05a4b,1.0,1.0,1.0,1.0,0.9077314813869998,1.0,1.0,1.0,0.9670469576382141,True,2021.06.09.20.26.11_veh-35_00970_01216,0,1623285981.4003909,664430.4025875934,3998601.6668447894,664432.8057202367,3998634.000995176,,"[5.0, 5.0, 2.0, 2.0, 0.0]",0.9670469576382141
c3320ccc8a035eec,1.0,1.0,1.0,1.0,0.8827883749955205,1.0,1.0,1.0,0.958138705355543,True,2021.06.09.20.26.11_veh-35_00970_01216,0,1623285984.901306,664429.5185961693,3998587.311182545,664430.6505244336,3998605.688093217,1.0,"[5.0, 5.0, 2.0, 2.0, 2.0]",0.9633713671861002
c7835426e03a501e,1.0,1.0,1.0,1.0,0.9008460632739823,1.0,1.0,1.0,0.9645878797407079,True,2021.06.09.20.26.11_veh-35_00970_01216,0,1623285983.40119,664429.7894950912,3998592.187613039,664431.3671047124,3998616.682725023,,"[5.0, 5.0, 2.0, 2.0, 0.0]",0.9645878797407079
cc4e7f2a2a7255f5,1.0,1.0,1.0,1.0,0.7015029214583128,1.0,1.0,1.0,0.8933939005208261,True,2021.06.09.20.26.11_veh-35_00970_01216,0,1623286030.901332,664429.9343993876,3998372.4083708664,664429.8888582258,3998376.699022359,1.0,"[5.0, 5.0, 2.0, 2.0, 2.0]",0.9067196629557228
ccfd863b143e5dd5,1.0,1.0,1.0,1.0,0.8778527548428099,1.0,1.0,1.0,0.9563759838724321,True,2021.06.09.20.26.11_veh-35_00970_01216,0,1623286020.4015899,664429.3037503717,3998403.1617256724,664428.30790178,3998431.227708497,1.0,"[5.0, 5.0, 2.0, 2.0, 2.0]",0.9618289858883781
cf4f76be62c25b5f,1.0,1.0,1.0,1.0,1.0,1.0,1.0,1.0,1.0,True,2021.06.09.20.26.11_veh-35_00970_01216,0,1623286000.900586,664428.8070299148,3998570.309968387,664429.2254526492,3998582.332631449,1.0,"[5.0, 5.0, 2.0, 2.0, 2.0]",1.0
cf5cb6cadfbd52e9,1.0,1.0,1.0,1.0,0.9086792476493145,1.0,1.0,1.0,0.9673854455890408,True,2021.06.09.20.26.11_veh-35_00970_01216,0,1623285987.9008088,664429.2298315583,3998582.7062457064,664429.7084739495,3998591.0204869187,1.0,"[5.0, 5.0, 2.0, 2.0, 2.0]",0.9714622648904108
d2906d36973b5d41,1.0,1.0,1.0,1.0,0.8977799546264926,1.0,1.0,1.0,0.9634928409380331,True,2021.06.09.20.26.11_veh-35_00970_01216,0,1623285866.401414,664643.9751200896,3999244.331377775,664664.2247299905,3999284.1983082043,,"[5.0, 5.0, 2.0, 2.0, 0.0]",0.9634928409380331
d4196ca11ef45f55,1.0,1.0,1.0,1.0,1.0,1.0,1.0,1.0,1.0,True,2021.06.09.20.26.11_veh-35_00970_01216,0,1623285930.901315,664619.1629896004,3999197.0434486447,664627.1743706751,3999212.248271568,1.0,"[5.0, 5.0, 2.0, 2.0, 2.0]",1.0
dc5dc0a76c7c546a,1.0,1.0,1.0,1.0,0.9125975391104821,1.0,1.0,1.0,0.9687848353966009,True,2021.06.09.20.26.11_veh-35_00970_01216,0,1623285986.900187,664429.3127519134,3998583.680728969,664429.9424516017,3998594.804808467,1.0,"[5.0, 5.0, 2.0, 2.0, 2.0]",0.9726867309720257
dd0ee62e28ee5eaf,1.0,1.0,1.0,1.0,0.9147914282412817,1.0,1.0,1.0,0.9695683672290292,True,2021.06.09.20.26.11_veh-35_00970_01216,0,1623285986.4002159,664429.3271877737,3998584.3497645026,664430.0854200931,3998597.117045035,1.0,"[5.0, 5.0, 2.0, 2.0, 2.0]",0.9733723213254005
e06b4eb07a9b5be3,1.0,1.0,1.0,1.0,0.9205102737345237,1.0,1.0,1.0,0.9716108120480441,True,2021.06.09.20.26.11_veh-35_00970_01216,0,1623285989.901408,664429.2040768244,3998581.587219942,664429.4049922855,3998585.9751236876,1.0,"[5.0, 5.0, 2.0, 2.0, 2.0]",0.9751594605420386
f1f36e051147572e,1.0,1.0,1.0,1.0,1.0,1.0,1.0,1.0,1.0,True,2021.06.09.20.26.11_veh-35_00970_01216,0,1623285931.401465,664617.0624098367,3999192.957973874,664626.9241781451,3999211.7783944644,1.0,"[5.0, 5.0, 2.0, 2.0, 2.0]",1.0
fd650b8a78ab5706,1.0,1.0,1.0,1.0,0.9044744743252046,1.0,1.0,1.0,0.9658837408304303,True,2021.06.09.20.26.11_veh-35_00970_01216,0,1623285976.4006388,664433.5195962288,3998642.65623811,664438.2787720392,3998687.827286344,1.0,"[5.0, 5.0, 2.0, 2.0, 2.0]",0.9701482732266264
fe288a64350d556b,1.0,1.0,1.0,1.0,0.8278998770668471,1.0,1.0,1.0,0.9385356703810169,True,2021.06.09.20.26.11_veh-35_00970_01216,0,1623286085.400503,664432.5368102326,3998277.464239026,664432.2427120676,3998291.312722391,1.0,"[5.0, 5.0, 2.0, 2.0, 2.0]",0.9462187115833898
017221a69d845d5f,1.0,0.0,1.0,1.0,0.979446119617154,1.0,1.0,1.0,0.0,True,2021.06.23.17.31.36_veh-16_00016_00377,0,1624469845.399838,664948.8107902916,3999643.540724013,664962.8741739035,3999646.8138071653,1.0,"[5.0, 5.0, 2.0, 2.0, 2.0]",0.0
02dff6541a8c574b,1.0,1.0,1.0,1.0,0.7815466050242866,1.0,1.0,1.0,0.9219809303658167,True,2021.06.23.17.31.36_veh-16_00016_00377,0,1624470095.90011,664428.3438163182,3998546.875891592,664428.5030516864,3998555.0673939907,1.0,"[5.0, 5.0, 2.0, 2.0, 2.0]",0.9317333140700896
047ca296724153ed,1.0,1.0,1.0,1.0,1.0,1.0,1.0,1.0,1.0,True,2021.06.23.17.31.36_veh-16_00016_00377,0,1624470057.9001539,664496.7767808551,3998938.948303762,664514.8289824651,3998990.532444625,1.0,"[5.0, 5.0, 2.0, 2.0, 2.0]",1.0
0612ae5a43ea5e14,1.0,1.0,1.0,1.0,1.0,1.0,1.0,1.0,1.0,True,2021.06.23.17.31.36_veh-16_00016_00377,0,1624469998.400157,664842.4693761178,3999638.2102814335,664868.5948014546,3999663.8936650916,0.0,"[5.0, 5.0, 2.0, 2.0, 2.0]",0.875
08309993090158ed,1.0,1.0,1.0,1.0,0.97194912482516,1.0,1.0,1.0,0.9899818302947,True,2021.06.23.17.31.36_veh-16_00016_00377,0,1624469841.8997998,664961.2322832264,3999647.1354670213,664971.4032784665,3999642.2916913866,,"[5.0, 5.0, 2.0, 2.0, 0.0]",0.9899818302947
105b3c761dee5fcb,1.0,1.0,1.0,1.0,1.0,1.0,1.0,1.0,1.0,True,2021.06.23.17.31.36_veh-16_00016_00377,0,1624469997.4005919,664847.8019464285,3999646.8887495534,664875.8000925289,3999664.8647056394,0.0,"[5.0, 5.0, 2.0, 2.0, 2.0]",0.875
1168282af331504e,1.0,1.0,1.0,1.0,1.0,1.0,1.0,1.0,1.0,True,2021.06.23.17.31.36_veh-16_00016_00377,0,1624469832.4000418,664973.0644080614,3999623.3043990135,664962.040322793,3999617.3069359916,0.0,"[5.0, 5.0, 2.0, 2.0, 2.0]",0.875
136d82f937c45885,1.0,1.0,1.0,1.0,1.0,1.0,1.0,1.0,1.0,True,2021.06.23.17.31.36_veh-16_00016_00377,0,1624470058.400192,664494.7208699177,3998931.693610186,664512.2690345179,3998984.1651080605,1.0,"[5.0, 5.0, 2.0, 2.0, 2.0]",1.0
16ea1ed69aed5de1,1.0,1.0,1.0,1.0,1.0,1.0,1.0,1.0,1.0,True,2021.06.23.17.31.36_veh-16_00016_00377,0,1624469831.8998358,664971.872588075,3999621.7935447744,664961.0201838211,3999617.178298964,,"[5.0, 5.0, 2.0, 2.0, 0.0]",1.0
1783be8f68bc560f,1.0,1.0,1.0,1.0,1.0,1.0,1.0,1.0,1.0,True,2021.06.23.17.31.36_veh-16_00016_00377,0,1624469830.8997948,664969.2479633761,3999619.6734370203,664959.9323489058,3999617.101861287,1.0,"[5.0, 5.0, 2.0, 2.0, 2.0]",1.0
17d80f18ee7854c0,1.0,1.0,1.0,1.0,1.0,1.0,1.0,1.0,1.0,True,2021.06.23.17.31.36_veh-16_00016_00377,0,1624469992.90006,664878.7920358729,3999664.978647791,664897.8239117848,3999657.8005493926,,"[5.0, 5.0, 2.0, 2.0, 0.0]",1.0
1c9e768f7d545a89,1.0,1.0,1.0,1.0,1.0,1.0,1.0,1.0,0.8571428571428571,True,2021.06.23.17.31.36_veh-16_00016_00377,0,1624469786.400312,664838.5140130804,3999676.8600859316,664830.1552788476,3999681.665154458,,"[5.0, 5.0, 2.0, 2.0, 0.0]",1.0
1e7bb5730b095273,1.0,1.0,1.0,1.0,1.0,0.0,1.0,1.0,0.6428571428571429,True,2021.06.23.17.31.36_veh-16_00016_00377,0,1624469816.4000978,664958.0058688209,3999616.920218308,664948.3876010199,3999619.832464119,1.0,"[5.0, 5.0, 2.0, 2.0, 2.0]",0.6875
2130fc97f34f5668,1.0,1.0,1.0,1.0,1.0,1.0,1.0,1.0,0.8571428571428571,True,2021.06.23.17.31.36_veh-16_00016_00377,0,1624469998.899927,664840.1669811673,3999633.586689785,664864.9255800098,3999662.571906448,0.0,"[5.0, 5.0, 2.0, 2.0, 2.0]",0.875
23e4660a0f365854,1.0,1.0,1.0,1.0,0.7645548814046706,1.0,1.0,1.0,0.9159124576445252,True,2021.06.23.17.31.36_veh-16_00016_00377,0,1624469843.400568,664956.2386635758,3999646.746826884,664967.2229339178,3999645.3231675443,1.0,"[5.0, 5.0, 2.0, 2.0, 2.0]",0.9264234004389595
252aca165e205caf,1.0,1.0,1.0,1.0,1.0,1.0,1.0,1.0,1.0,True,2021.06.23.17.31.36_veh-16_00016_00377,0,1624470033.9001808,664638.9748150936,3999234.5643137256,664664.536596447,3999284.673783997,1.0,"[5.0, 5.0, 2.0, 2.0, 2.0]",1.0
2546a09ed60755b9,1.0,1.0,1.0,1.0,0.9266386614380387,1.0,1.0,1.0,0.8309423790850138,True,2021.06.23.17.31.36_veh-16_00016_00377,0,1624469754.8997529,664828.6624013613,3999682.576454364,664817.9027047136,3999688.706953213,1.0,"[5.0, 5.0, 2.0, 2.0, 2.0]",0.9770745816993871
29b843e9d1145127,1.0,1.0,1.0,1.0,1.0,1.0,1.0,1.0,1.0,True,2021.06.23.17.31.36_veh-16_00016_00377,0,1624469829.9000928,664966.184507629,3999618.13760459,664959.8531056382,3999617.0966688003,1.0,"[5.0, 5.0, 2.0, 2.0, 2.0]",1.0
2a9ea017fb55572b,1.0,1.0,1.0,1.0,0.958344545049198,1.0,1.0,1.0,0.8422659089461421,True,2021.06.23.17.31.36_veh-16_00016_00377,0,1624469755.8998609,664829.8500814172,3999681.831204867,664821.3205189464,3999686.772794212,1.0,"[5.0, 5.0, 2.0, 2.0, 2.0]",0.9869826703278743
30b7a3bf71b956de,1.0,1.0,1.0,1.0,1.0,1.0,1.0,1.0,1.0,True,2021.06.23.17.31.36_veh-16_00016_00377,0,1624470058.899978,664493.2230578165,3998926.100060834,664509.7715216929,3998977.8070191317,1.0,"[5.0, 5.0, 2.0, 2.0, 2.0]",1.0
3227b869cdd85654,1.0,1.0,1.0,1.0,0.6453880870052745,1.0,1.0,1.0,0.8733528882161695,True,2021.06.23.17.31.36_veh-16_00016_00377,0,1624469819.3995419,664960.3358644485,3999617.0705295075,664955.3577843353,3999617.3974785353,1.0,"[5.0, 5.0, 2.0, 2.0, 2.0]",0.8891837771891483
3fa2f81cff025162,1.0,1.0,1.0,1.0,1.0,1.0,1.0,1.0,1.0,True,2021.06.23.17.31.36_veh-16_00016_00377,0,1624469788.3998718,664847.3719799453,3999671.597595965,664831.4844094286,3999680.923262485,1.0,"[5.0, 5.0, 2.0, 2.0, 2.0]",1.0
404cf17b53805018,1.0,1.0,1.0,1.0,0.7130705773546909,1.0,1.0,1.0,0.8975252061981038,True,2021.06.23.17.31.36_veh-16_00016_00377,0,1624470096.399921,664428.3588695717,3998547.0700644483,664428.4664499803,3998553.23756528,1.0,"[5.0, 5.0, 2.0, 2.0, 2.0]",0.9103345554233409
405732349b21524a,1.0,1.0,1.0,1.0,1.0,1.0,1.0,1.0,1.0,True,2021.06.23.17.31.36_veh-16_00016_00377,0,1624470093.400219,664428.3987681931,3998549.3005530643,664428.7650845869,3998567.975257153,1.0,"[5.0, 5.0, 2.0, 2.0, 2.0]",1.0
4b0db1652aa857f0,1.0,1.0,1.0,1.0,1.0,1.0,1.0,1.0,1.0,True,2021.06.23.17.31.36_veh-16_00016_00377,0,1624470031.3996809,664654.9220477457,3999264.9493777957,664678.5510540373,3999315.109333205,,"[5.0, 5.0, 2.0, 2.0, 0.0]",1.0
4bb5e84b73765d38,1.0,1.0,1.0,1.0,1.0,1.0,1.0,1.0,1.0,True,2021.06.23.17.31.36_veh-16_00016_00377,0,1624470033.4004068,664642.7088663614,3999241.7294708076,664667.4166379048,3999290.7679452077,1.0,"[5.0, 5.0, 2.0, 2.0, 2.0]",1.0
4f9e9b2e8e77599c,1.0,1.0,1.0,1.0,1.0,1.0,1.0,1.0,0.8571428571428571,True,2021.06.23.17.31.36_veh-16_00016_00377,0,1624470000.900279,664830.5488981178,3999613.844202372,664851.6469266284,3999651.3923596223,1.0,"[5.0, 5.0, 2.0, 2.0, 2.0]",1.0
515b07ed8b6a5e82,1.0,1.0,1.0,1.0,1.0,1.0,1.0,1.0,1.0,True,2021.06.23.17.31.36_veh-16_00016_00377,0,1624470054.900179,664509.5099587142,3998976.905640475,664531.3158319219,3999028.929869004,1.0,"[5.0, 5.0, 2.0, 2.0, 2.0]",1.0
547b22ed67af5503,1.0,1.0,1.0,1.0,0.8596680653464539,1.0,1.0,1.0,0.8070243090523049,True,2021.06.23.17.31.36_veh-16_00016_00377,0,1624469758.8998718,664830.8541060649,3999681.2358805356,664827.8654907964,3999682.993551955,1.0,"[5.0, 5.0, 2.0, 2.0, 2.0]",0.9561462704207668
57e56c60ae355a07,1.0,1.0,1.0,1.0,0.7632552545797096,1.0,1.0,1.0,0.9154483052070391,True,2021.06.23.17.31.36_veh-16_00016_00377,0,1624469842.900415,664957.563879544,3999647.0901469695,664968.5965843723,3999644.5358826015,1.0,"[5.0, 5.0, 2.0, 2.0, 2.0]",0.9260172670561593
5a8f0cf120495354,1.0,1.0,1.0,1.0,0.9628379936628277,1.0,1.0,1.0,0.9867278548795814,True,2021.06.23.17.31.36_veh-16_00016_00377,0,1624469837.3999178,664972.5723611361,3999641.3126942823,664974.3828034027,3999626.313596333,1.0,"[5.0, 5.0, 2.0, 2.0, 2.0]",0.9883868730196337
5d6fd74f1a555e69,1.0,1.0,1.0,1.0,0.9851553310698502,1.0,1.0,1.0,0.9946983325249465,True,2021.06.23.17.31.36_veh-16_00016_00377,0,1624469836.3998249,664974.5134455423,3999638.2734184526,664972.4810734178,3999623.0706647956,1.0,"[5.0, 5.0, 2.0, 2.0, 2.0]",0.9953610409593282
6209313b0b66517c,1.0,1.0,1.0,1.0,0.8805539774610757,1.0,1.0,1.0,0.9573407062360985,True,2021.06.23.17.31.36_veh-16_00016_00377,0,1624470090.900236,664428.5356321785,3998558.4670852027,664429.614193311,3998587.794328494,1.0,"[5.0, 5.0, 2.0, 2.0, 2.0]",0.9626731179565862
629a2f2a44f6575d,1.0,1.0,1.0,1.0,0.7265075201247805,1.0,1.0,1.0,0.9023241143302787,True,2021.06.23.17.31.36_veh-16_00016_00377,0,1624469842.4001389,664959.8464474925,3999647.238588959,664970.052232376,3999643.5046952832,1.0,"[5.0, 5.0, 2.0, 2.0, 2.0]",0.9145336000389939
6339f2317047535d,1.0,1.0,1.0,1.0,0.8869702944828375,1.0,1.0,1.0,0.816775105172442,True,2021.06.23.17.31.36_veh-16_00016_00377,0,1624469753.400301,664825.7974516349,3999684.1984244627,664811.6193757441,3999692.343207428,,"[5.0, 5.0, 2.0, 2.0, 0.0]",0.9596322480295848
64f48caa82ee547c,1.0,1.0,1.0,1.0,0.8862318058151218,1.0,1.0,1.0,0.9593685020768292,True,2021.06.23.17.31.36_veh-16_00016_00377,0,1624470091.8996508,664428.4885906657,3998554.2866126914,664429.1675891234,3998578.8519517216,1.0,"[5.0, 5.0, 2.0, 2.0, 2.0]",0.9644474393172255
6513ddef308f553f,1.0,1.0,1.0,1.0,1.0,1.0,1.0,1.0,0.8571428571428571,True,2021.06.23.17.31.36_veh-16_00016_00377,0,1624469753.900075,664826.8278421197,3999683.5995897576,664813.8021857053,3999691.066718409,1.0,"[5.0, 5.0, 2.0, 2.0, 2.0]",1.0
710c63523d4d5e05,1.0,1.0,1.0,1.0,1.0,1.0,1.0,1.0,1.0,True,2021.06.23.17.31.36_veh-16_00016_00377,0,1624469830.399891,664967.5201816037,3999618.8434792017,664959.8621879261,3999617.097375218,1.0,"[5.0, 5.0, 2.0, 2.0, 2.0]",1.0
7385fa0f1ebf5356,1.0,1.0,1.0,1.0,1.0,0.0,1.0,1.0,0.6428571428571429,True,2021.06.23.17.31.36_veh-16_00016_00377,0,1624469816.900297,664958.7880353517,3999616.8442547456,664949.6394481609,3999619.279219394,1.0,"[5.0, 5.0, 2.0, 2.0, 2.0]",0.6875
7567becdd4005b0b,1.0,1.0,1.0,1.0,0.8490122948463917,1.0,1.0,1.0,0.946075819587997,True,2021.06.23.17.31.36_veh-16_00016_00377,0,1624470094.900511,664428.3750490699,3998547.4465685766,664428.5720828339,3998559.5092576626,1.0,"[5.0, 5.0, 2.0, 2.0, 2.0]",0.9528163421394974
77a62006cb995aa7,1.0,1.0,1.0,1.0,1.0,1.0,1.0,1.0,0.8571428571428571,True,2021.06.23.17.31.36_veh-16_00016_00377,0,1624469999.8997898,664835.5427714846,3999623.8516145917,664857.8349158772,3999658.096237213,0.0,"[5.0, 5.0, 2.0, 2.0, 2.0]",0.875
79bc073387755a35,1.0,1.0,1.0,1.0,1.0,1.0,1.0,1.0,1.0,True,2021.06.23.17.31.36_veh-16_00016_00377,0,1624469787.899766,664844.7404656127,3999673.154007519,664830.7092050021,3999681.3596990146,1.0,"[5.0, 5.0, 2.0, 2.0, 2.0]",1.0
79bd7ba72d985b0b,1.0,1.0,1.0,1.0,0.8783825763971682,1.0,1.0,1.0,0.9565652058561316,True,2021.06.23.17.31.36_veh-16_00016_00377,0,1624469844.400064,664952.7103089931,3999645.100148999,664965.0072840325,3999646.2789169266,1.0,"[5.0, 5.0, 2.0, 2.0, 2.0]",0.9619945551241151
79ec50c2dd9352bb,1.0,1.0,1.0,1.0,1.0,1.0,1.0,1.0,1.0,True,2021.06.23.17.31.36_veh-16_00016_00377,0,1624470034.8997939,664632.9680280158,3999223.187339646,664658.5999444476,3999272.5497852396,1.0,"[5.0, 5.0, 2.0, 2.0, 2.0]",1.0
7a6d02ce41635a31,1.0,1.0,1.0,1.0,0.8977144035793622,1.0,1.0,1.0,0.9634694298497722,True,2021.06.23.17.31.36_veh-16_00016_00377,0,1624470091.399953,664428.5154960026,3998555.8160569635,664429.3653812658,3998583.1350072175,1.0,"[5.0, 5.0, 2.0, 2.0, 2.0]",0.9680357511185507
85288108bac2504f,1.0,1.0,1.0,1.0,1.0,1.0,1.0,1.0,1.0,True,2021.06.23.17.31.36_veh-16_00016_00377,0,1624469813.9000368,664952.9091574227,3999618.0519746155,664941.543155905,3999623.112408369,,"[5.0, 5.0, 2.0, 2.0, 0.0]",1.0
863019d9f09155f7,1.0,1.0,1.0,1.0,0.9740065624334401,1.0,1.0,1.0,0.9907166294405142,True,2021.06.23.17.31.36_veh-16_00016_00377,0,1624469836.89993,664973.5527996493,3999639.827419395,664973.5156871555,3999624.598256087,1.0,"[5.0, 5.0, 2.0, 2.0, 2.0]",0.99187705076045
874a3a4f7582531d,1.0,1.0,1.0,1.0,1.0,1.0,1.0,1.0,1.0,True,2021.06.23.17.31.36_veh-16_00016_00377,0,1624469817.9002259,664960.3342080105,3999616.8992765765,664952.0791324143,3999618.356274079,1.0,"[5.0, 5.0, 2.0, 2.0, 2.0]",1.0
883024c704b55ed4,1.0,1.0,1.0,1.0,1.0,1.0,1.0,1.0,1.0,True,2021.06.23.17.31.36_veh-16_00016_00377,0,1624470032.400076,664648.5507578653,3999252.913898704,664673.0071187582,3999302.8873553993,1.0,"[5.0, 5.0, 2.0, 2.0, 2.0]",1.0
8cc27785287f5367,1.0,1.0,1.0,1.0,1.0,1.0,1.0,1.0,1.0,True,2021.06.23.17.31.36_veh-16_00016_00377,0,1624470055.899821,664504.638958408,3998964.3655203367,664525.563850846,3999016.218966088,1.0,"[5.0, 5.0, 2.0, 2.0, 2.0]",1.0
912976ebea0b5dae,1.0,1.0,1.0,1.0,1.0,1.0,1.0,1.0,0.8571428571428571,True,2021.06.23.17.31.36_veh-16_00016_00377,0,1624469754.399905,664827.9310108247,3999682.978487419,664815.8962485136,3999689.8388324017,1.0,"[5.0, 5.0, 2.0, 2.0, 2.0]",1.0
936fbc402ef75a7f,1.0,1.0,1.0,1.0,0.8462369780229205,1.0,1.0,1.0,0.9450846350081858,True,2021.06.23.17.31.36_veh-16_00016_00377,0,1624469829.400303,664964.7026782895,3999617.753335737,664959.8526963578,3999617.096621787,,"[5.0, 5.0, 2.0, 2.0, 0.0]",0.9450846350081858
95e0d89479815fa6,1.0,1.0,1.0,1.0,1.0,1.0,1.0,1.0,1.0,True,2021.06.23.17.31.36_veh-16_00016_00377,0,1624469996.900373,664850.893697524,3999651.1532094367,664879.1832268641,3999664.636030182,,"[5.0, 5.0, 2.0, 2.0, 0.0]",1.0
9742b96a0eee5097,1.0,1.0,1.0,1.0,0.892645239369581,1.0,1.0,1.0,0.9616590140605646,True,2021.06.23.17.31.36_veh-16_00016_00377,0,1624469818.899659,664960.4521873217,3999617.1127301827,664954.3353704988,3999617.651356779,1.0,"[5.0, 5.0, 2.0, 2.0, 2.0]",0.9664516373029941
9ae5a292b89155a0,1.0,1.0,1.0,1.0,1.0,1.0,1.0,1.0,1.0,True,2021.06.23.17.31.36_veh-16_00016_00377,0,1624470054.4003549,664511.9166280044,3998983.4443850294,664534.248468503,3999035.236664359,,"[5.0, 5.0, 2.0, 2.0, 0.0]",1.0
a0134d1c60475b3c,1.0,1.0,1.0,1.0,0.9700940464738429,1.0,1.0,1.0,0.9893193023120868,True,2021.06.23.17.31.36_veh-16_00016_00377,0,1624469835.8998299,664975.1569355105,3999636.2009469313,664971.2950027048,3999621.7408749545,,"[5.0, 5.0, 2.0, 2.0, 0.0]",0.9893193023120868
a1cca44efdc256a2,1.0,1.0,1.0,1.0,1.0,1.0,1.0,1.0,1.0,True,2021.06.23.17.31.36_veh-16_00016_00377,0,1624469838.399858,664970.0316378288,3999643.659992907,664975.3973091588,3999630.07317302,1.0,"[5.0, 5.0, 2.0, 2.0, 2.0]",1.0
a5aa2c07692a5f9b,1.0,1.0,1.0,1.0,1.0,1.0,1.0,1.0,1.0,True,2021.06.23.17.31.36_veh-16_00016_00377,0,1624469832.900204,664973.7736400823,3999624.534187357,664963.13298758,3999617.487972,1.0,"[5.0, 5.0, 2.0, 2.0, 2.0]",1.0
a63d9d8cd31858ae,1.0,1.0,1.0,1.0,0.9078763062191947,1.0,1.0,1.0,0.9670986807925696,True,2021.06.23.17.31.36_veh-16_00016_00377,0,1624470092.899809,664428.4185550906,3998550.4930822575,664428.8800471688,3998571.3205667,1.0,"[5.0, 5.0, 2.0, 2.0, 2.0]",0.9712113456934983
a8c8ce07867e569e,1.0,1.0,1.0,1.0,0.9963206085643314,1.0,1.0,1.0,0.8558287887729755,True,2021.06.23.17.31.36_veh-16_00016_00377,0,1624469757.400452,664831.1295620485,3999681.066130891,664825.0735193087,3999684.608969515,1.0,"[5.0, 5.0, 2.0, 2.0, 2.0]",0.9988501901763536
aac0caff26875b79,1.0,1.0,1.0,1.0,1.0,1.0,1.0,1.0,1.0,True,2021.06.23.17.31.36_veh-16_00016_00377,0,1624470055.399972,664507.1076955792,3998970.696951768,664528.408440088,3999022.596451068,1.0,"[5.0, 5.0, 2.0, 2.0, 2.0]",1.0
ac7ab75271c75a44,1.0,1.0,1.0,1.0,1.0,1.0,1.0,1.0,0.8571428571428571,True,2021.06.23.17.31.36_veh-16_00016_00377,0,1624469759.3997428,664830.635261712,3999681.373478231,664828.570192996,3999682.581802753,1.0,"[5.0, 5.0, 2.0, 2.0, 2.0]",1.0
b6182e45cd3b5d7f,1.0,1.0,1.0,1.0,0.841188952501996,1.0,1.0,1.0,0.9432817687507128,True,2021.06.23.17.31.36_veh-16_00016_00377,0,1624470095.4002979,664428.3526521157,3998546.778663356,664428.5407345172,3998557.171372646,1.0,"[5.0, 5.0, 2.0, 2.0, 2.0]",0.9503715476568737
b6d189e5f2ec50c2,1.0,1.0,1.0,1.0,1.0,1.0,1.0,1.0,1.0,True,2021.06.23.17.31.36_veh-16_00016_00377,0,1624469814.399839,664953.7319527866,3999617.7187749585,664942.9396073688,3999622.4221851164,1.0,"[5.0, 5.0, 2.0, 2.0, 2.0]",1.0
b7b9f10bef7a5622,1.0,1.0,1.0,1.0,0.9454541698790168,1.0,1.0,1.0,0.8376622035282202,True,2021.06.23.17.31.36_veh-16_00016_00377,0,1624469755.399703,664829.3197765248,3999682.1428784435,664819.7203888186,3999687.6807395364,1.0,"[5.0, 5.0, 2.0, 2.0, 2.0]",0.9829544280871927
b81fcf5bd7a4591a,1.0,1.0,1.0,1.0,1.0,1.0,1.0,1.0,0.8571428571428571,True,2021.06.23.17.31.36_veh-16_00016_00377,0,1624469787.399924,664842.6247061201,3999674.4364782567,664830.2787113104,3999681.5952575575,1.0,"[5.0, 5.0, 2.0, 2.0, 2.0]",1.0
b95a7514b8775870,1.0,1.0,1.0,1.0,1.0,1.0,1.0,1.0,1.0,True,2021.06.23.17.31.36_veh-16_00016_00377,0,1624470056.8998508,664500.3244186594,3998951.097960111,664520.0890834569,3999003.332735211,1.0,"[5.0, 5.0, 2.0, 2.0, 2.0]",1.0
c0f92874404d5814,1.0,1.0,1.0,1.0,1.0,0.0,1.0,1.0,0.6428571428571429,True,2021.06.23.17.31.36_veh-16_00016_00377,0,1624469815.8998718,664957.043544248,3999617.0343266875,664947.0919828615,3999620.434654445,1.0,"[5.0, 5.0, 2.0, 2.0, 2.0]",0.6875
c4f3d6c372f75f22,1.0,1.0,1.0,1.0,1.0,1.0,1.0,1.0,0.8571428571428571,True,2021.06.23.17.31.36_veh-16_00016_00377,0,1624469759.8997219,664830.3160614246,3999681.5599590125,664829.1674216434,3999682.237733866,1.0,"[5.0, 5.0, 2.0, 2.0, 2.0]",1.0
c5c83e635ce45982,1.0,1.0,1.0,1.0,0.8841957032792364,1.0,1.0,1.0,0.9586413225997273,True,2021.06.23.17.31.36_veh-16_00016_00377,0,1624470090.400413,664428.6287292666,3998560.9456425942,664429.8998089398,3998592.81361811,,"[5.0, 5.0, 2.0, 2.0, 0.0]",0.9586413225997273
c6cfdd13a63555f9,1.0,1.0,1.0,1.0,1.0,1.0,1.0,1.0,1.0,True,2021.06.23.17.31.36_veh-16_00016_00377,0,1624470056.399756,664502.5866510463,3998958.162831357,664522.7838406033,3999009.7767385514,1.0,"[5.0, 5.0, 2.0, 2.0, 2.0]",1.0
c8072f55706c5f01,1.0,1.0,1.0,1.0,1.0,1.0,1.0,1.0,1.0,True,2021.06.23.17.31.36_veh-16_00016_00377,0,1624470094.400768,664428.3857898238,3998547.770738743,664428.6170194765,3998562.082368185,1.0,"[5.0, 5.0, 2.0, 2.0, 2.0]",1.0
cacc810a5db75d16,1.0,1.0,1.0,1.0,0.821080121900177,1.0,1.0,1.0,0.9361000435357775,True,2021.06.23.17.31.36_veh-16_00016_00377,0,1624469843.900322,664954.5844707894,3999645.9660367044,664966.0657456492,3999645.8760293215,1.0,"[5.0, 5.0, 2.0, 2.0, 2.0]",0.9440875380938053
cb8765fe0d6a535b,1.0,1.0,1.0,1.0,1.0,1.0,1.0,1.0,0.8571428571428571,True,2021.06.23.17.31.36_veh-16_00016_00377,0,1624469760.399978,664830.1640640694,3999681.637548537,664829.6636593097,3999681.95202349,1.0,"[5.0, 5.0, 2.0, 2.0, 2.0]",1.0
cffa453c95b657c1,1.0,1.0,1.0,1.0,0.9018773815108396,1.0,1.0,1.0,0.9649562076824427,True,2021.06.23.17.31.36_veh-16_00016_00377,0,1624470092.3994758,664428.4639165413,3998552.0976429484,664429.0094912701,3998574.935969106,1.0,"[5.0, 5.0, 2.0, 2.0, 2.0]",0.9693366817221374
d2238c0841d254ba,1.0,1.0,1.0,1.0,0.9596433982582612,1.0,1.0,1.0,0.985586927949379,True,2021.06.23.17.31.36_veh-16_00016_00377,0,1624469837.899806,664971.3238980963,3999642.720686185,664975.0178494327,3999628.1626722566,1.0,"[5.0, 5.0, 2.0, 2.0, 2.0]",0.9873885619557066
d253715e74925e00,1.0,1.0,1.0,1.0,1.0,1.0,1.0,1.0,1.0,True,2021.06.23.17.31.36_veh-16_00016_00377,0,1624470032.900317,664646.0495307783,3999247.93543897,664670.2393034243,3999296.836060667,1.0,"[5.0, 5.0, 2.0, 2.0, 2.0]",1.0
d43f45ce61dd52e3,1.0,1.0,1.0,1.0,1.0,1.0,1.0,1.0,1.0,True,2021.06.23.17.31.36_veh-16_00016_00377,0,1624470057.399984,664498.4429201378,3998944.819173339,664517.4302062051,3998996.88369348,1.0,"[5.0, 5.0, 2.0, 2.0, 2.0]",1.0
d53f4d4045e55032,1.0,1.0,1.0,1.0,1.0,1.0,1.0,1.0,1.0,True,2021.06.23.17.31.36_veh-16_00016_00377,0,1624469818.3999288,664960.5555366253,3999617.0776968584,664953.2392642256,3999617.9782963353,0.0,"[5.0, 5.0, 2.0, 2.0, 2.0]",0.875
db812a0eaf435d65,1.0,1.0,1.0,1.0,1.0,1.0,1.0,1.0,1.0,True,2021.06.23.17.31.36_veh-16_00016_00377,0,1624469815.3996248,664955.9450710011,3999617.255753378,664945.7371558947,3999621.0790691767,1.0,"[5.0, 5.0, 2.0, 2.0, 2.0]",1.0
ddc6f1960bc05d62,1.0,1.0,1.0,1.0,1.0,1.0,1.0,1.0,1.0,True,2021.06.23.17.31.36_veh-16_00016_00377,0,1624470034.399947,664636.142189146,3999228.982075722,664661.5901384765,3999278.592017229,1.0,"[5.0, 5.0, 2.0, 2.0, 2.0]",1.0
de1498ad86835196,1.0,1.0,1.0,1.0,0.9810990518885455,1.0,1.0,1.0,0.8503925185316233,True,2021.06.23.17.31.36_veh-16_00016_00377,0,1624469756.400092,664830.5546333086,3999681.4413921703,664822.7327533878,3999685.9707043488,1.0,"[5.0, 5.0, 2.0, 2.0, 2.0]",0.9940934537151704
e2c494b98d885c19,1.0,1.0,1.0,1.0,1.0,1.0,1.0,1.0,1.0,True,2021.06.23.17.31.36_veh-16_00016_00377,0,1624469997.9003909,664845.4984245042,3999643.2632359727,664872.2477144691,3999664.6411636006,0.0,"[5.0, 5.0, 2.0, 2.0, 2.0]",0.875
e503592e74a35c78,1.0,1.0,1.0,1.0,0.931892973134543,1.0,1.0,1.0,0.8328189189766224,True,2021.06.23.17.31.36_veh-16_00016_00377,0,1624469757.9002,664830.8926997406,3999681.1895453506,664826.0893055439,3999684.0296901064,1.0,"[5.0, 5.0, 2.0, 2.0, 2.0]",0.9787165541045446
e8b3c7058c315bca,1.0,1.0,1.0,1.0,0.9334015320456343,1.0,1.0,1.0,0.9762148328734409,True,2021.06.23.17.31.36_veh-16_00016_00377,0,1624469844.899926,664950.7929140832,3999644.3839124623,664963.9589445357,3999646.5820537903,1.0,"[5.0, 5.0, 2.0, 2.0, 2.0]",0.9791879787642608
e97f92e1a63f54b9,1.0,1.0,1.0,1.0,0.8995779143442776,1.0,1.0,1.0,0.9641349694086705,True,2021.06.23.17.31.36_veh-16_00016_00377,0,1624470093.900591,664428.3889208251,3998548.29747848,664428.6743340977,3998564.8961947286,1.0,"[5.0, 5.0, 2.0, 2.0, 2.0]",0.9686180982325867
e980ff490b835222,1.0,1.0,1.0,1.0,1.0,1.0,1.0,1.0,0.8571428571428571,True,2021.06.23.17.31.36_veh-16_00016_00377,0,1624469786.9000728,664840.2872806886,3999675.803498274,664830.1663828965,3999681.6588066886,0.0,"[5.0, 5.0, 2.0, 2.0, 2.0]",0.875
ea1dbf3aec435c27,1.0,1.0,1.0,1.0,1.0,1.0,1.0,1.0,1.0,True,2021.06.23.17.31.36_veh-16_00016_00377,0,1624469833.4002528,664974.780343518,3999626.4638843955,664964.3116279644,3999617.7436292893,1.0,"[5.0, 5.0, 2.0, 2.0, 2.0]",1.0
ea7239e96a555f2c,1.0,1.0,1.0,1.0,1.0,1.0,1.0,1.0,1.0,True,2021.06.23.17.31.36_veh-16_00016_00377,0,1624469817.4004228,664959.3921872027,3999616.872703467,664950.8763630925,3999618.785247363,1.0,"[5.0, 5.0, 2.0, 2.0, 2.0]",1.0
eb1a57fcb1835169,1.0,1.0,1.0,1.0,1.0,1.0,1.0,1.0,1.0,True,2021.06.23.17.31.36_veh-16_00016_00377,0,1624470031.899854,664651.9493886005,3999259.4657142106,664675.7738370475,3999308.9838692565,0.0,"[5.0, 5.0, 2.0, 2.0, 2.0]",0.875
eefa88c125d55aa4,1.0,1.0,1.0,1.0,0.9211106119488717,1.0,1.0,1.0,0.8289680756960257,True,2021.06.23.17.31.36_veh-16_00016_00377,0,1624469758.399986,664830.9310163732,3999681.1790493755,664827.0354414976,3999683.4806401995,1.0,"[5.0, 5.0, 2.0, 2.0, 2.0]",0.9753470662340225
efc7193a7907550e,1.0,1.0,1.0,1.0,1.0,1.0,1.0,1.0,0.8571428571428571,True,2021.06.23.17.31.36_veh-16_00016_00377,0,1624470000.399982,664832.4438447453,3999618.2081087925,664854.6159931037,3999654.9952127375,0.0,"[5.0, 5.0, 2.0, 2.0, 2.0]",0.875
f5d06fd7f2195088,1.0,1.0,1.0,1.0,1.0,1.0,1.0,1.0,0.8571428571428571,True,2021.06.23.17.31.36_veh-16_00016_00377,0,1624469756.9003508,664831.0309283619,3999681.1555845505,664823.9685998713,3999685.2517150594,1.0,"[5.0, 5.0, 2.0, 2.0, 2.0]",1.0
faa2e3893e2f540a,1.0,1.0,1.0,1.0,1.0,1.0,1.0,1.0,1.0,True,2021.06.23.17.31.36_veh-16_00016_00377,0,1624469814.899644,664954.585758217,3999617.537164021,664944.3434543138,3999621.741055942,1.0,"[5.0, 5.0, 2.0, 2.0, 2.0]",1.0
fe3ae84c2c3b5232,1.0,1.0,1.0,1.0,1.0,1.0,1.0,1.0,0.8571428571428571,True,2021.06.23.17.31.36_veh-16_00016_00377,0,1624469999.39973,664837.5118698876,3999628.204603735,664861.3038061186,3999660.633433639,0.0,"[5.0, 5.0, 2.0, 2.0, 2.0]",0.875
038d98b0aef65cc5,1.0,1.0,1.0,1.0,1.0,1.0,1.0,1.0,1.0,True,2021.06.09.17.23.18_veh-38_01598_01750,0,1623275645.100416,664448.924847901,3996732.6290213196,664448.6103566686,3996746.603354537,1.0,"[5.0, 5.0, 2.0, 2.0, 2.0]",1.0
0a50e549c5ed5787,1.0,1.0,1.0,1.0,0.8672772603851311,1.0,1.0,1.0,0.9525990215661182,True,2021.06.09.17.23.18_veh-38_01598_01750,0,1623275621.600283,664448.3623164463,3996760.562969399,664446.9779760562,3996796.104103598,,"[5.0, 5.0, 2.0, 2.0, 0.0]",0.9525990215661182
13bb402c57765d6e,1.0,1.0,1.0,1.0,0.8847372720184689,1.0,1.0,1.0,0.958834740006596,True,2021.06.09.17.23.18_veh-38_01598_01750,0,1623275530.5999088,664430.747535767,3997614.5642287047,664430.6065384785,3997620.919303618,1.0,"[5.0, 5.0, 2.0, 2.0, 2.0]",0.9639803975057715
13dddabad3d65ddf,1.0,1.0,1.0,1.0,0.7798135009323834,1.0,1.0,1.0,0.9213619646187085,True,2021.06.09.17.23.18_veh-38_01598_01750,0,1623275531.5996158,664430.7295034372,3997614.874804182,664430.6592913046,3997617.930979611,1.0,"[5.0, 5.0, 2.0, 2.0, 2.0]",0.9311917190413699
16840451fa765419,1.0,1.0,1.0,1.0,1.0,1.0,1.0,1.0,1.0,True,2021.06.09.17.23.18_veh-38_01598_01750,0,1623275627.0994868,664448.5735850744,3996746.4111985206,664448.465438016,3996753.116585978,1.0,"[5.0, 5.0, 2.0, 2.0, 2.0]",1.0
16df14e0b5fe574f,1.0,1.0,1.0,1.0,0.9294121013447642,1.0,1.0,1.0,0.9747900361945587,True,2021.06.09.17.23.18_veh-38_01598_01750,0,1623275672.6002228,664453.9632030935,3996437.5884417226,664452.7194280358,3996478.3593265098,,"[5.0, 5.0, 2.0, 2.0, 0.0]",0.9747900361945587
1b31ffd5f3ec5f5d,1.0,1.0,1.0,1.0,1.0,1.0,1.0,1.0,1.0,True,2021.06.09.17.23.18_veh-38_01598_01750,0,1623275542.600029,664431.1543549285,3997600.512601138,664430.6930373779,3997614.7178897792,0.0,"[5.0, 5.0, 2.0, 2.0, 2.0]",0.875
21748134e645518e,1.0,1.0,1.0,1.0,1.0,1.0,1.0,1.0,1.0,True,2021.06.09.17.23.18_veh-38_01598_01750,0,1623275625.10026,664448.6226425288,3996746.8227205034,664448.1418739667,3996764.7551179864,1.0,"[5.0, 5.0, 2.0, 2.0, 2.0]",1.0
21c95e7693d35dfd,1.0,1.0,1.0,1.0,1.0,1.0,1.0,1.0,1.0,True,2021.06.09.17.23.18_veh-38_01598_01750,0,1623275543.599591,664431.2426731999,3997592.770309281,664430.7171297821,3997614.2089928556,1.0,"[5.0, 5.0, 2.0, 2.0, 2.0]",1.0
252c2880193354f5,1.0,1.0,1.0,1.0,1.0,1.0,1.0,1.0,1.0,True,2021.06.09.17.23.18_veh-38_01598_01750,0,1623275625.600123,664448.6099462076,3996745.7796244132,664448.2369668272,3996761.3713039756,1.0,"[5.0, 5.0, 2.0, 2.0, 2.0]",1.0
26d62f55fe175782,1.0,1.0,1.0,1.0,0.9927398327892359,1.0,1.0,1.0,0.9974070831390128,True,2021.06.09.17.23.18_veh-38_01598_01750,0,1623275528.6002119,664430.7408278817,3997615.1703711497,664430.4014092706,3997630.2856243495,,"[5.0, 5.0, 2.0, 2.0, 0.0]",0.9974070831390128
2e7a9b2142ec529f,1.0,1.0,1.0,1.0,0.8210349051098267,1.0,1.0,1.0,0.936083894682081,True,2021.06.09.17.23.18_veh-38_01598_01750,0,1623275531.099654,664430.7448440226,3997614.7647260367,664430.6392504936,3997619.2634795434,1.0,"[5.0, 5.0, 2.0, 2.0, 2.0]",0.9440734078468208
34bf46975f2f5276,1.0,1.0,1.0,1.0,0.916051090779212,1.0,1.0,1.0,0.9700182467068614,True,2021.06.09.17.23.18_veh-38_01598_01750,0,1623275673.100662,664454.0276293583,3996434.7294566436,664452.8407010953,3996472.7607331784,0.0,"[5.0, 5.0, 2.0, 2.0, 2.0]",0.8487659658685037
36fd9bb68bca5db1,1.0,1.0,1.0,1.0,0.9321733550452549,1.0,1.0,1.0,0.9757761982304481,True,2021.06.09.17.23.18_veh-38_01598_01750,0,1623275529.600445,664430.7513469527,3997614.9706966346,664430.5176552366,3997625.069691161,1.0,"[5.0, 5.0, 2.0, 2.0, 2.0]",0.9788041734516422
451111f6221956c4,1.0,1.0,1.0,1.0,1.0,1.0,1.0,1.0,1.0,True,2021.06.09.17.23.18_veh-38_01598_01750,0,1623275643.599614,664448.746666946,3996739.8469317514,664448.5997973289,3996747.2483187113,,"[5.0, 5.0, 2.0, 2.0, 0.0]",1.0
4a823fa4423e526b,1.0,1.0,1.0,1.0,1.0,1.0,1.0,1.0,1.0,True,2021.06.09.17.23.18_veh-38_01598_01750,0,1623275645.600375,664449.0646347929,3996728.9123731777,664448.6180906303,3996745.9840432103,1.0,"[5.0, 5.0, 2.0, 2.0, 2.0]",1.0
4ab41adbd94856a2,1.0,1.0,1.0,1.0,0.8418330841590046,1.0,1.0,1.0,0.9435118157710731,True,2021.06.09.17.23.18_veh-38_01598_01750,0,1623275623.099552,664448.4703098779,3996752.5597596164,664447.6354024397,3996780.911727005,1.0,"[5.0, 5.0, 2.0, 2.0, 2.0]",0.950572838799689
5238b46a3bea52ce,1.0,1.0,1.0,1.0,1.0,1.0,1.0,1.0,1.0,True,2021.06.09.17.23.18_veh-38_01598_01750,0,1623275627.599628,664448.5897423124,3996746.184011835,664448.5073763266,3996751.1122873896,1.0,"[5.0, 5.0, 2.0, 2.0, 2.0]",1.0
53ead5dd09575f56,1.0,1.0,1.0,1.0,0.936166979974502,1.0,1.0,1.0,0.9772024928480364,True,2021.06.09.17.23.18_veh-38_01598_01750,0,1623275673.6006699,664454.1385887654,3996431.283277868,664452.9976249686,3996467.2367847,1.0,"[5.0, 5.0, 2.0, 2.0, 2.0]",0.9800521812420319
5827e60e48d756b4,1.0,1.0,1.0,1.0,0.8647746806011921,1.0,1.0,1.0,0.9517052430718544,True,2021.06.09.17.23.18_veh-38_01598_01750,0,1623275622.5997908,664448.4631203328,3996754.4109093547,664447.4477251254,3996785.69691671,1.0,"[5.0, 5.0, 2.0, 2.0, 2.0]",0.9577420876878726
5f6dc8b1b2475507,1.0,1.0,1.0,1.0,1.0,1.0,1.0,1.0,1.0,True,2021.06.09.17.23.18_veh-38_01598_01750,0,1623275644.099946,664448.7836435811,3996737.9797415794,664448.600658603,3996747.183674277,0.0,"[5.0, 5.0, 2.0, 2.0, 2.0]",0.875
61b8de25e8b35665,1.0,1.0,1.0,1.0,0.6758115403781381,1.0,1.0,1.0,0.8842184072779065,True,2021.06.09.17.23.18_veh-38_01598_01750,0,1623275628.099993,664448.5677348624,3996746.8100808095,664448.5455531614,3996749.5308195264,1.0,"[5.0, 5.0, 2.0, 2.0, 2.0]",0.8986911063681682
660a6c8bb9f85c97,1.0,1.0,1.0,1.0,1.0,1.0,1.0,1.0,1.0,True,2021.06.09.17.23.18_veh-38_01598_01750,0,1623275626.099844,664448.622545809,3996745.9128244086,664448.3165993191,3996758.291142475,1.0,"[5.0, 5.0, 2.0, 2.0, 2.0]",1.0
7bf70bd17e9255b7,1.0,1.0,1.0,1.0,1.0,1.0,1.0,0.0,0.8571428571428571,True,2021.06.09.17.23.18_veh-38_01598_01750,0,1623275542.100312,664431.0237414372,3997603.7871944765,664430.6931193572,3997614.724658666,,"[5.0, 5.0, 2.0, 2.0, 0.0]",0.8571428571428571
802050c72cc255d3,1.0,1.0,1.0,1.0,1.0,1.0,1.0,1.0,1.0,True,2021.06.09.17.23.18_veh-38_01598_01750,0,1623275628.600195,664448.5619268672,3996746.9877679376,664448.5484827518,3996748.3691144977,1.0,"[5.0, 5.0, 2.0, 2.0, 2.0]",1.0
931c61a6152e519f,1.0,1.0,1.0,1.0,1.0,1.0,1.0,1.0,1.0,True,2021.06.09.17.23.18_veh-38_01598_01750,0,1623275644.60019,664448.8388975158,3996734.996053895,664448.6048517638,3996746.9843507437,1.0,"[5.0, 5.0, 2.0, 2.0, 2.0]",1.0
940a788763a55b7c,1.0,1.0,1.0,1.0,1.0,1.0,1.0,1.0,1.0,True,2021.06.09.17.23.18_veh-38_01598_01750,0,1623275629.100412,664448.5535810383,3996746.9715434616,664448.5614817733,3996747.598673146,1.0,"[5.0, 5.0, 2.0, 2.0, 2.0]",1.0
94ae5d67804c539d,1.0,1.0,1.0,1.0,0.848010692368361,1.0,1.0,1.0,0.9457181044172718,True,2021.06.09.17.23.18_veh-38_01598_01750,0,1623275623.599668,664448.5953523252,3996749.7700978643,664447.792607776,3996776.43118244,1.0,"[5.0, 5.0, 2.0, 2.0, 2.0]",0.9525033413651128
9cef9bb074dc57a9,1.0,1.0,1.0,1.0,1.0,1.0,1.0,1.0,1.0,True,2021.06.09.17.23.18_veh-38_01598_01750,0,1623275624.100026,664448.6257412941,3996748.078563235,664447.9234425363,3996772.273621,0.0,"[5.0, 5.0, 2.0, 2.0, 2.0]",0.875
9ed6b55afa4251dd,1.0,1.0,1.0,1.0,1.0,1.0,1.0,1.0,1.0,True,2021.06.09.17.23.18_veh-38_01598_01750,0,1623275626.599635,664448.556087158,3996746.3542903336,664448.3998712351,3996755.5220983443,1.0,"[5.0, 5.0, 2.0, 2.0, 2.0]",1.0
b64628fc8a365a5f,1.0,1.0,1.0,1.0,1.0,1.0,1.0,1.0,1.0,True,2021.06.09.17.23.18_veh-38_01598_01750,0,1623275543.099738,664431.2285486829,3997596.4730708585,664430.6959443468,3997614.6373507967,1.0,"[5.0, 5.0, 2.0, 2.0, 2.0]",1.0
c00abd335c885349,1.0,1.0,1.0,1.0,0.9096706557884899,1.0,1.0,1.0,0.9677395199244607,True,2021.06.09.17.23.18_veh-38_01598_01750,0,1623275530.1001508,664430.7699183451,3997614.841634108,664430.5715030528,3997622.8476593248,1.0,"[5.0, 5.0, 2.0, 2.0, 2.0]",0.9717720799339031
cdf07217a5d057ef,1.0,1.0,1.0,1.0,1.0,1.0,1.0,1.0,1.0,True,2021.06.09.17.23.18_veh-38_01598_01750,0,1623275532.09983,664430.7357326314,3997614.846539447,664430.6846452067,3997616.9712722604,1.0,"[5.0, 5.0, 2.0, 2.0, 2.0]",1.0
ce0d30c4ede35e6e,1.0,1.0,1.0,1.0,1.0,1.0,1.0,1.0,1.0,True,2021.06.09.17.23.18_veh-38_01598_01750,0,1623275624.600152,664448.6261344635,3996747.358645295,664448.028535542,3996768.4082877804,1.0,"[5.0, 5.0, 2.0, 2.0, 2.0]",1.0
e49b47bbb0c55e1e,1.0,1.0,1.0,1.0,0.9743139709982225,1.0,1.0,1.0,0.9908264182136508,True,2021.06.09.17.23.18_veh-38_01598_01750,0,1623275529.10053,664430.7602598574,3997614.968481005,664430.4677928584,3997627.5595900617,1.0,"[5.0, 5.0, 2.0, 2.0, 2.0]",0.9919731159369445
ff5e73d54265581f,1.0,1.0,1.0,1.0,0.8640519457463376,1.0,1.0,1.0,0.9514471234808349,True,2021.06.09.17.23.18_veh-38_01598_01750,0,1623275622.100009,664448.3747519236,3996757.478404902,664447.2200424228,3996790.7606514427,1.0,"[5.0, 5.0, 2.0, 2.0, 2.0]",0.9575162330457305
