token,log_name_sft,score_sft,log_name_rl,score_rl,delta
0034182453455593,2021.07.09.15.53.28_veh-38_00184_02293,0.9356073708984944,2021.07.09.15.53.28_veh-38_00184_02293,0.9525623289032619,0.01695495800476743
0063186407485185,2021.07.09.15.53.28_veh-38_00184_02293,1.0,2021.07.09.15.53.28_veh-38_00184_02293,1.0,0.0
00839bb43eed5f3e,2021.08.31.14.01.15_veh-40_01576_01714,0.801790983616192,2021.08.31.14.01.15_veh-40_01576_01714,0.8156569040544771,0.013865920438285051
0090af8e15415a95,2021.06.09.12.06.35_veh-35_01164_01494,0.9302006317120373,2021.06.09.12.06.35_veh-35_01164_01494,0.9482990156730965,0.018098383961059228
00b3f7e6cbfc5fa0,2021.10.11.02.57.41_veh-50_02155_02265,0.9222433533355046,2021.10.11.02.57.41_veh-50_02155_02265,0.937329199460257,0.015085846124752389
00bf064b40495a06,2021.07.09.15.53.28_veh-38_00184_02293,0.9537773345431325,2021.07.09.15.53.28_veh-38_00184_02293,0.9720639695494369,0.01828663500630434
00e32fcdcf455ae8,2021.07.09.15.53.28_veh-38_00184_02293,1.0,2021.07.09.15.53.28_veh-38_00184_02293,1.0,0.0
015173513fc25684,2021.10.05.08.11.15_veh-50_00437_00585,0.8131554817656323,2021.10.05.08.11.15_veh-50_00437_00585,0.8243236494031327,0.011168167637500392
016139f70ba255f4,2021.07.09.15.53.28_veh-38_00184_02293,1.0,2021.07.09.15.53.28_veh-38_00184_02293,1.0,0.0
017221a69d845d5f,2021.06.23.17.31.36_veh-16_00016_00377,0.9730930068779919,2021.06.23.17.31.36_veh-16_00016_00377,0.0,-0.9730930068779919
017f6ea65a675bd0,2021.07.09.15.53.28_veh-38_00184_02293,0.983661087523075,2021.07.09.15.53.28_veh-38_00184_02293,1.0,0.016338912476924983
0191e3cbe7735d02,2021.10.11.02.57.41_veh-50_01028_01289,0.9150689500495859,2021.10.11.02.57.41_veh-50_01028_01289,0.9319443970101295,0.01687544696054366
0192df9f896c5030,2021.07.09.20.26.06_veh-35_02793_03289,1.0,2021.07.09.20.26.06_veh-35_02793_03289,1.0,0.0
019be72ca2035269,2021.07.09.15.53.28_veh-38_00184_02293,0.8335689618945414,2021.07.09.15.53.28_veh-38_00184_02293,0.8442593762134845,0.01069041431894302
01d99dddfff055b4,2021.06.09.12.06.35_veh-35_01164_01494,1.0,2021.06.09.12.06.35_veh-35_01164_01494,1.0,0.0
01f29c09064f597d,2021.07.09.15.53.28_veh-38_00184_02293,1.0,2021.07.09.15.53.28_veh-38_00184_02293,1.0,0.0
02036a881c8757cd,2021.06.09.12.06.35_veh-35_01164_01494,0.9529597635444884,2021.06.09.12.06.35_veh-35_01164_01494,0.9656150420451419,0.01265527850065351
02199704c082520f,2021.06.09.12.51.31_veh-35_01729_02626,1.0,2021.06.09.12.51.31_veh-35_01729_02626,1.0,0.0
02271efb56ca5e62,2021.07.09.15.53.28_veh-38_00184_02293,1.0,2021.07.09.15.53.28_veh-38_00184_02293,1.0,0.0
0228fd10f8c05bd4,2021.06.09.12.51.31_veh-35_01729_02626,0.9261440690252194,2021.06.09.12.51.31_veh-35_01729_02626,0.9750318257840014,0.048887756758781986
0242cf7ebae4537a,2021.07.09.15.53.28_veh-38_00184_02293,0.9813180158860129,2021.07.09.15.53.28_veh-38_00184_02293,1.0,0.018681984113987138
0244b29e92175c74,2021.08.31.14.01.15_veh-40_01576_01714,0.8955683712419746,2021.08.31.14.01.15_veh-40_01576_01714,0.943926341980803,0.048357970738828415
025b6096a0af5d87,2021.06.09.12.51.31_veh-35_01729_02626,0.9515286967632292,2021.06.09.12.51.31_veh-35_01729_02626,0.9797130582400826,0.028184361476853437
0265d0c659745deb,2021.10.05.08.11.15_veh-50_00437_00585,0.9247485044505382,2021.10.05.08.11.15_veh-50_00437_00585,0.9420345332673349,0.01728602881679664
0266adddeefb584b,2021.07.09.20.26.06_veh-35_02793_03289,1.0,2021.07.09.20.26.06_veh-35_02793_03289,1.0,0.0
027d63f008ba518b,2021.10.05.08.11.15_veh-50_00437_00585,0.9726968081689016,2021.10.05.08.11.15_veh-50_00437_00585,0.985750486786086,0.013053678617184428
02831f0823a75275,2021.06.09.12.06.35_veh-35_01164_01494,0.9401404026331048,2021.06.09.12.06.35_veh-35_01164_01494,0.9573105750944917,0.017170172461386857
02be5e5257915894,2021.10.11.02.57.41_veh-50_02155_02265,0.9118013038883659,2021.10.11.02.57.41_veh-50_02155_02265,0.0,-0.9118013038883659
02dff6541a8c574b,2021.06.23.17.31.36_veh-16_00016_00377,0.8942548428099274,2021.06.23.17.31.36_veh-16_00016_00377,0.9317333140700896,0.03747847126016224
038d98b0aef65cc5,2021.06.09.17.23.18_veh-38_01598_01750,1.0,2021.06.09.17.23.18_veh-38_01598_01750,1.0,0.0
039064e3ab615ba4,2021.06.09.12.51.31_veh-35_01729_02626,1.0,2021.06.09.12.51.31_veh-35_01729_02626,1.0,0.0
039d81c335fa5830,2021.07.09.15.53.28_veh-38_00184_02293,1.0,2021.07.09.15.53.28_veh-38_00184_02293,1.0,0.0
03d3158b8faf5c81,2021.07.09.15.53.28_veh-38_00184_02293,1.0,2021.07.09.15.53.28_veh-38_00184_02293,1.0,0.0
03e725fe0ab95f02,2021.06.09.12.51.31_veh-35_01729_02626,1.0,2021.06.09.12.51.31_veh-35_01729_02626,1.0,0.0
03eb9463e1685d1f,2021.10.11.02.57.41_veh-50_02155_02265,0.9079972574912788,2021.10.11.02.57.41_veh-50_02155_02265,0.9221122882135662,0.01411503072228737
03fe497641cc5a31,2021.07.09.15.53.28_veh-38_00184_02293,0.8745005644016968,2021.07.09.15.53.28_veh-38_00184_02293,0.9194758501673094,0.044975285765612605
0424e5fd9a5c5e60,2021.10.11.02.57.41_veh-50_02155_02265,0.9078458327648248,2021.10.11.02.57.41_veh-50_02155_02265,0.921368063193662,0.013522230428837267
044e89f71c845e59,2021.07.09.20.26.06_veh-35_02793_03289,0.967384965186981,2021.07.09.20.26.06_veh-35_02793_03289,0.6788484527896493,-0.2885365123973317
0454457b4d6a5d20,2021.07.09.15.53.28_veh-38_00184_02293,0.8571428571428571,2021.07.09.15.53.28_veh-38_00184_02293,0.8571428571428571,0.0
0461af120ee45dd8,2021.06.09.14.50.36_veh-26_02826_02955,1.0,2021.06.09.14.50.36_veh-26_02826_02955,0.875,-0.125
047b29ae8a2d50c3,2021.06.09.12.51.31_veh-35_01729_02626,1.0,2021.06.09.12.51.31_veh-35_01729_02626,1.0,0.0
047ca296724153ed,2021.06.23.17.31.36_veh-16_00016_00377,0.9975635652560146,2021.06.23.17.31.36_veh-16_00016_00377,1.0,0.0024364347439853606
04892d0279ea5905,2021.06.09.20.26.11_veh-35_00970_01216,0.9449201423197677,2021.06.09.20.26.11_veh-35_00970_01216,0.962550716776934,0.017630574457166315
049ac1985c175ddb,2021.06.09.12.51.31_veh-35_01729_02626,0.8635456606957765,2021.06.09.12.51.31_veh-35_01729_02626,0.875,0.01145433930422346
04a2fff5521b5215,2021.10.11.02.57.41_veh-50_01028_01289,0.9009660957597414,2021.10.11.02.57.41_veh-50_01028_01289,0.7860956345812238,-0.11487046117851762
04b8f4a99be85973,2021.06.09.20.26.11_veh-35_00970_01216,1.0,2021.06.09.20.26.11_veh-35_00970_01216,1.0,0.0
04d3c2f7702750b6,2021.10.05.08.11.15_veh-50_00437_00585,0.9090403721186326,2021.10.05.08.11.15_veh-50_00437_00585,0.919558223362696,0.010517851244063348
04db6d7b763754ac,2021.07.09.15.53.28_veh-38_00184_02293,1.0,2021.07.09.15.53.28_veh-38_00184_02293,1.0,0.0
04eb8d64f2795c58,2021.07.09.15.53.28_veh-38_00184_02293,0.0,2021.07.09.15.53.28_veh-38_00184_02293,0.0,0.0
04ef1bdebb1e5c2b,2021.06.09.14.50.36_veh-26_02826_02955,1.0,2021.06.09.14.50.36_veh-26_02826_02955,1.0,0.0
0502eec8c9615c19,2021.10.11.02.57.41_veh-50_01028_01289,1.0,2021.10.11.02.57.41_veh-50_01028_01289,1.0,0.0
050bc5dc61b05c0c,2021.06.09.20.26.11_veh-35_00970_01216,0.9488664879254824,2021.06.09.20.26.11_veh-35_00970_01216,0.9611238852494084,0.012257397323925945
052f982083e859d7,2021.06.09.12.06.35_veh-35_01164_01494,0.9318506223959999,2021.06.09.12.06.35_veh-35_01164_01494,0.9460973251679792,0.014246702771979258
05dc6e420d935b8e,2021.06.09.20.26.11_veh-35_00970_01216,1.0,2021.06.09.20.26.11_veh-35_00970_01216,1.0,0.0
0612ae5a43ea5e14,2021.06.23.17.31.36_veh-16_00016_00377,0.875,2021.06.23.17.31.36_veh-16_00016_00377,0.875,0.0
066d174c1ee2516a,2021.10.05.08.11.15_veh-50_00437_00585,0.897564068651644,2021.10.05.08.11.15_veh-50_00437_00585,0.9141463946355276,0.01658232598388365
0683a44547c053e2,2021.07.09.15.53.28_veh-38_00184_02293,1.0,2021.07.09.15.53.28_veh-38_00184_02293,1.0,0.0
06c973b2073057ab,2021.07.09.15.53.28_veh-38_00184_02293,0.9414695451973385,2021.07.09.15.53.28_veh-38_00184_02293,0.9573973765851032,0.015927831387764657
06cd8d997cfe5de6,2021.10.11.02.57.41_veh-50_02155_02265,0.9131503431174461,2021.10.11.02.57.41_veh-50_02155_02265,0.9275186749769476,0.014368331859501482
06ecc274857650aa,2021.06.09.14.50.36_veh-26_02826_02955,0.75,2021.06.09.14.50.36_veh-26_02826_02955,0.875,0.125
06f9275753de5cb6,2021.07.09.15.53.28_veh-38_00184_02293,1.0,2021.07.09.15.53.28_veh-38_00184_02293,1.0,0.0
0746ca94fdc85420,2021.10.11.02.57.41_veh-50_02155_02265,0.9278133979133838,2021.10.11.02.57.41_veh-50_02155_02265,0.9446738886184932,0.01686049070510942
07667d039f5755fc,2021.07.09.15.53.28_veh-38_00184_02293,0.875,2021.07.09.15.53.28_veh-38_00184_02293,1.0,0.125
0769d9f9498e5f51,2021.06.09.12.51.31_veh-35_01729_02626,0.8974008134717556,2021.06.09.12.51.31_veh-35_01729_02626,0.9399475824459318,0.0425467689741762
076e73b542175041,2021.10.11.02.57.41_veh-50_01028_01289,0.8858545334099788,2021.10.11.02.57.41_veh-50_01028_01289,0.9094275180177411,0.02357298460776236
077e1ef7a2dd526e,2021.10.05.08.11.15_veh-50_00437_00585,0.8801983508750774,2021.10.05.08.11.15_veh-50_00437_00585,0.896767236233107,0.016568885358029584
079dad1bf4aa53ff,2021.10.05.08.11.15_veh-50_00437_00585,0.8905367671954947,2021.10.05.08.11.15_veh-50_00437_00585,0.9104385409130041,0.019901773717509452
0818730194515784,2021.07.09.15.53.28_veh-38_00184_02293,1.0,2021.07.09.15.53.28_veh-38_00184_02293,1.0,0.0
08309993090158ed,2021.06.23.17.31.36_veh-16_00016_00377,0.9641108059840775,2021.06.23.17.31.36_veh-16_00016_00377,0.9899818302947,0.025871024310622492
0834ee7bd96c524f,2021.07.16.22.40.23_veh-38_00204_00360,1.0,2021.07.16.22.40.23_veh-38_00204_00360,1.0,0.0
083a415c4ea15ef6,2021.06.09.20.26.11_veh-35_00970_01216,1.0,2021.06.09.20.26.11_veh-35_00970_01216,1.0,0.0
0845cc2551fa5e03,2021.07.09.15.53.28_veh-38_00184_02293,1.0,2021.07.09.15.53.28_veh-38_00184_02293,1.0,0.0
089b7c97ae005df7,2021.10.05.07.49.39_veh-52_00770_00905,0.9427574422688856,2021.10.05.07.49.39_veh-52_00770_00905,0.9567808013098791,0.0140233590409935
08b90ea812f95157,2021.07.09.15.53.28_veh-38_00184_02293,0.875,2021.07.09.15.53.28_veh-38_00184_02293,0.875,0.0
08e86035c86c59cf,2021.07.09.15.53.28_veh-38_00184_02293,1.0,2021.07.09.15.53.28_veh-38_00184_02293,1.0,0.0
08fef85e66fe56c4,2021.07.09.15.53.28_veh-38_00184_02293,0.9583871871426368,2021.07.09.15.53.28_veh-38_00184_02293,0.9767374207454722,0.018350233602835386
091a90a5f2855a82,2021.07.09.20.26.06_veh-35_02793_03289,0.927508621184743,2021.07.09.20.26.06_veh-35_02793_03289,0.9482446783836205,0.0207360571988775
093784159a005ddd,2021.07.09.20.26.06_veh-35_02793_03289,0.875,2021.07.09.20.26.06_veh-35_02793_03289,1.0,0.125
0965ca8d343855bd,2021.10.05.08.11.15_veh-50_00437_00585,0.8505060884037517,2021.10.05.08.11.15_veh-50_00437_00585,0.8831772836714142,0.03267119526766249
09909af20007564a,2021.06.09.12.06.35_veh-35_01164_01494,1.0,2021.06.09.12.06.35_veh-35_01164_01494,1.0,0.0
09a440cb0aeb567a,2021.06.09.12.06.35_veh-35_01164_01494,0.9462097855579444,2021.06.09.12.06.35_veh-35_01164_01494,0.964980016679721,0.01877023112177656
09d6aaf7636350e1,2021.10.11.02.57.41_veh-50_02155_02265,0.9303855370196961,2021.10.11.02.57.41_veh-50_02155_02265,0.9460086420794074,0.015623105059711317
0a508df3445152b0,2021.07.09.15.53.28_veh-38_00184_02293,0.9787597361745397,2021.07.09.15.53.28_veh-38_00184_02293,1.0,0.021240263825460293
0a50e549c5ed5787,2021.06.09.17.23.18_veh-38_01598_01750,0.9373950652532425,2021.06.09.17.23.18_veh-38_01598_01750,0.9525990215661182,0.015203956312875744
0a6a37e522035224,2021.06.09.12.06.35_veh-35_01164_01494,0.9693203035339784,2021.06.09.12.06.35_veh-35_01164_01494,0.9849601973658215,0.015639893831843166
0b10c61fbe415c5e,2021.07.16.22.40.23_veh-38_00204_00360,1.0,2021.07.16.22.40.23_veh-38_00204_00360,1.0,0.0
0b19cdb05d2c5e68,2021.07.09.15.53.28_veh-38_00184_02293,0.9396116669893805,2021.07.09.15.53.28_veh-38_00184_02293,0.961839671347036,0.022228004357655484
0b22e62e12cf5607,2021.07.09.15.53.28_veh-38_00184_02293,0.9411418340283351,2021.07.09.15.53.28_veh-38_00184_02293,0.9610374498726677,0.019895615844332637
0b67d7e9536256af,2021.07.09.15.53.28_veh-38_00184_02293,0.793217797410968,2021.07.09.15.53.28_veh-38_00184_02293,0.8020313360818484,0.008813538670880416
0b6d1ed507635a6e,2021.10.01.17.52.06_veh-28_01141_01264,0.9767680767488245,2021.10.01.17.52.06_veh-28_01141_01264,0.9916534175398664,0.014885340791041868
0b890a5dbdaf53aa,2021.06.09.12.51.31_veh-35_01729_02626,1.0,2021.06.09.12.51.31_veh-35_01729_02626,1.0,0.0
0ba5cd65023a5d5c,2021.07.09.20.26.06_veh-35_02793_03289,1.0,2021.07.09.20.26.06_veh-35_02793_03289,0.6428571428571429,-0.3571428571428571
0c6651f095895012,2021.07.09.15.53.28_veh-38_00184_02293,0.875,2021.07.09.15.53.28_veh-38_00184_02293,0.875,0.0
0c71f6071ee054a8,2021.07.09.15.53.28_veh-38_00184_02293,0.9877648206351455,2021.07.09.15.53.28_veh-38_00184_02293,1.0,0.01223517936485452
0ce992b41b7854f8,2021.07.09.15.53.28_veh-38_00184_02293,1.0,2021.07.09.15.53.28_veh-38_00184_02293,1.0,0.0
0d0891893f1d59b5,2021.07.09.20.26.06_veh-35_02793_03289,0.8745140770231102,2021.07.09.20.26.06_veh-35_02793_03289,0.8821464755396776,0.007632398516567385
0d4a4de2ed0551de,2021.07.09.20.26.06_veh-35_02793_03289,1.0,2021.07.09.20.26.06_veh-35_02793_03289,1.0,0.0
0daae1bedaae53c5,2021.07.09.15.53.28_veh-38_00184_02293,0.9090981989436081,2021.07.09.15.53.28_veh-38_00184_02293,0.9556675139160238,0.046569314972415676
0dbe21f7e02a578a,2021.10.05.08.11.15_veh-50_00437_00585,0.9064746354022013,2021.10.05.08.11.15_veh-50_00437_00585,0.9174231163039772,0.010948480901775914
0dc2e306b4485579,2021.10.11.02.57.41_veh-50_02155_02265,0.9156829765915352,2021.10.11.02.57.41_veh-50_02155_02265,0.9295353041215055,0.013852327529970343
0e3398e6271350b4,2021.10.05.08.11.15_veh-50_00437_00585,0.8944328649464486,2021.10.05.08.11.15_veh-50_00437_00585,0.9124165580625399,0.01798369311609127
0ecbcba803ab54e0,2021.10.11.02.57.41_veh-50_02155_02265,0.9076532401300279,2021.10.11.02.57.41_veh-50_02155_02265,0.9229253589773134,0.01527211884728552
0ee4062c48cc50d9,2021.07.09.15.53.28_veh-38_00184_02293,0.9731764516556068,2021.07.09.15.53.28_veh-38_00184_02293,0.9918098368479106,0.01863338519230373
0ef4861884495fee,2021.10.05.08.11.15_veh-50_00437_00585,0.8871823786227788,2021.10.05.08.11.15_veh-50_00437_00585,0.8999583122058796,0.012775933583100807
0f2f7590e2c153c1,2021.10.11.02.57.41_veh-50_01028_01289,1.0,2021.10.11.02.57.41_veh-50_01028_01289,0.6875,-0.3125
0f4042e7f1995020,2021.07.09.15.53.28_veh-38_00184_02293,1.0,2021.07.09.15.53.28_veh-38_00184_02293,1.0,0.0
0fb7c8347ef25535,2021.07.09.15.53.28_veh-38_00184_02293,0.8571428571428571,2021.07.09.15.53.28_veh-38_00184_02293,0.8571428571428571,0.0
0fd89914075c5330,2021.06.09.20.26.11_veh-35_00970_01216,1.0,2021.06.09.20.26.11_veh-35_00970_01216,1.0,0.0
100ed6de0208550f,2021.07.09.15.53.28_veh-38_00184_02293,0.9300523378331018,2021.07.09.15.53.28_veh-38_00184_02293,1.0,0.06994766216689818
100ee55049cc584e,2021.06.09.12.51.31_veh-35_01729_02626,1.0,2021.06.09.12.51.31_veh-35_01729_02626,1.0,0.0
102471e46a565fdf,2021.10.11.02.57.41_veh-50_02155_02265,0.8821781896520153,2021.10.11.02.57.41_veh-50_02155_02265,0.9017483203578158,0.019570130705800493
102b90da87b851bf,2021.06.09.12.51.31_veh-35_01729_02626,0.8070208747747777,2021.06.09.12.51.31_veh-35_01729_02626,0.8168950272228644,0.00987415244808676
1035c6107e4b52d3,2021.06.09.12.06.35_veh-35_01164_01494,0.9689513671814972,2021.06.09.12.06.35_veh-35_01164_01494,0.9858588043705614,0.01690743718906418
103d8446b9a7501b,2021.08.31.11.47.30_veh-40_00919_01000,1.0,2021.08.31.11.47.30_veh-40_00919_01000,1.0,0.0
104fd3ad395d5ded,2021.06.09.12.51.31_veh-35_01729_02626,1.0,2021.06.09.12.51.31_veh-35_01729_02626,1.0,0.0
105b3c761dee5fcb,2021.06.23.17.31.36_veh-16_00016_00377,0.875,2021.06.23.17.31.36_veh-16_00016_00377,0.875,0.0
108c162aabf552ba,2021.06.09.12.06.35_veh-35_01164_01494,0.9102737802669562,2021.06.09.12.06.35_veh-35_01164_01494,0.9716583344950429,0.06138455422808675
10b7dc9bd96e550a,2021.07.09.15.53.28_veh-38_00184_02293,0.9333915882592156,2021.07.09.15.53.28_veh-38_00184_02293,1.0,0.06660841174078436
10da33ea86ba5697,2021.07.16.22.40.23_veh-38_00204_00360,1.0,2021.07.16.22.40.23_veh-38_00204_00360,1.0,0.0
10f0de18ec3d5c9f,2021.07.09.15.53.28_veh-38_00184_02293,0.9585820086113309,2021.07.09.15.53.28_veh-38_00184_02293,0.9760405203126641,0.017458511701333168
10f2a63b52ff556a,2021.07.09.15.53.28_veh-38_00184_02293,0.9841243932488645,2021.07.09.15.53.28_veh-38_00184_02293,1.0,0.01587560675113553
113ce1e07c7a5543,2021.10.05.08.11.15_veh-50_00437_00585,0.9093852228721769,2021.10.05.08.11.15_veh-50_00437_00585,0.9218707193154487,0.012485496443271793
114020a7beaf5151,2021.07.09.15.53.28_veh-38_00184_02293,0.9672048471607733,2021.07.09.15.53.28_veh-38_00184_02293,0.9898862055813793,0.022681358420606035
1150ab6954775965,2021.07.09.15.53.28_veh-38_00184_02293,0.9263571614937869,2021.07.09.15.53.28_veh-38_00184_02293,0.9715195907684585,0.04516242927467162
1168282af331504e,2021.06.23.17.31.36_veh-16_00016_00377,1.0,2021.06.23.17.31.36_veh-16_00016_00377,0.875,-0.125
11788fec75b55fe8,2021.06.09.12.51.31_veh-35_01729_02626,0.9780690009022015,2021.06.09.12.51.31_veh-35_01729_02626,0.9953147454557563,0.017245744553554765
11b917a7dad65cb3,2021.06.09.20.26.11_veh-35_00970_01216,1.0,2021.06.09.20.26.11_veh-35_00970_01216,1.0,0.0
11d448d26126557f,2021.06.09.12.06.35_veh-35_01164_01494,0.9034718206701544,2021.06.09.12.06.35_veh-35_01164_01494,0.9396452976578697,0.036173476987715336
11fb8402c7ed5f38,2021.07.09.15.53.28_veh-38_00184_02293,1.0,2021.07.09.15.53.28_veh-38_00184_02293,1.0,0.0
1201ef26669d52b5,2021.07.09.15.53.28_veh-38_00184_02293,1.0,2021.07.09.15.53.28_veh-38_00184_02293,1.0,0.0
1206c4653bc05297,2021.06.09.12.51.31_veh-35_01729_02626,1.0,2021.06.09.12.51.31_veh-35_01729_02626,1.0,0.0
12127170e93a53e9,2021.06.09.12.06.35_veh-35_01164_01494,0.9129561940800874,2021.06.09.12.06.35_veh-35_01164_01494,0.9361727595393171,0.023216565459229677
122bed8802a05ae2,2021.07.09.15.53.28_veh-38_00184_02293,1.0,2021.07.09.15.53.28_veh-38_00184_02293,1.0,0.0
12529e1e5d23525d,2021.07.09.15.53.28_veh-38_00184_02293,0.987801732925458,2021.07.09.15.53.28_veh-38_00184_02293,1.0,0.012198267074541969
12927478268a52a7,2021.07.09.15.53.28_veh-38_00184_02293,0.8298425570335106,2021.07.09.15.53.28_veh-38_00184_02293,0.8415770882574451,0.01173453122393453
12a303e7e3b85492,2021.07.09.15.53.28_veh-38_00184_02293,0.9385376297781549,2021.07.09.15.53.28_veh-38_00184_02293,0.9556258833078151,0.017088253529660147
12af90c2b8b6512e,2021.08.31.14.01.15_veh-40_01576_01714,0.908230744496777,2021.08.31.14.01.15_veh-40_01576_01714,0.7990536425357765,-0.1091771019610005
134c53ed5241548e,2021.10.11.02.57.41_veh-50_01028_01289,0.9074994143255412,2021.10.11.02.57.41_veh-50_01028_01289,0.9219728241327119,0.014473409807170712
136d82f937c45885,2021.06.23.17.31.36_veh-16_00016_00377,1.0,2021.06.23.17.31.36_veh-16_00016_00377,1.0,0.0
13bb402c57765d6e,2021.06.09.17.23.18_veh-38_01598_01750,0.9208346266091492,2021.06.09.17.23.18_veh-38_01598_01750,0.9639803975057715,0.043145770896622304
13d47325b0b950f1,2021.07.09.20.26.06_veh-35_02793_03289,0.9565065777984478,2021.07.09.20.26.06_veh-35_02793_03289,0.9855795968162226,0.029073019017774815
13dddabad3d65ddf,2021.06.09.17.23.18_veh-38_01598_01750,0.8775726397120498,2021.06.09.17.23.18_veh-38_01598_01750,0.9311917190413699,0.053619079329320085
14489b09baaa54e5,2021.10.11.02.57.41_veh-50_02155_02265,0.9092469252806459,2021.10.11.02.57.41_veh-50_02155_02265,0.9238241352620378,0.014577209981391892
147c06dffbdb5bc4,2021.06.09.12.06.35_veh-35_01164_01494,0.9796493228045753,2021.06.09.12.06.35_veh-35_01164_01494,0.9971036064432401,0.017454283638664858
1499e758c6855a74,2021.06.09.12.51.31_veh-35_01729_02626,0.9215396062137885,2021.06.09.12.51.31_veh-35_01729_02626,0.9501901949363356,0.02865058872254711
15080129531552fe,2021.07.09.20.26.06_veh-35_02793_03289,0.8932043895472817,2021.07.09.20.26.06_veh-35_02793_03289,0.9207829865599053,0.027578597012623662
1543049980f15e78,2021.10.11.02.57.41_veh-50_02155_02265,0.9538727860908955,2021.10.11.02.57.41_veh-50_02155_02265,0.9722171314446098,0.01834434535371421
154f87b0c0ca5624,2021.10.11.02.57.41_veh-50_02155_02265,0.9146102748291756,2021.10.11.02.57.41_veh-50_02155_02265,0.0,-0.9146102748291756
1562991f98315d4d,2021.06.09.12.06.35_veh-35_01164_01494,0.9356470956429062,2021.06.09.12.06.35_veh-35_01164_01494,0.9552039116389539,0.01955681599604775
157d3b777d315364,2021.07.09.15.53.28_veh-38_00184_02293,1.0,2021.07.09.15.53.28_veh-38_00184_02293,1.0,0.0
158eecf778cc5684,2021.06.09.12.06.35_veh-35_01164_01494,0.9479533208598279,2021.06.09.12.06.35_veh-35_01164_01494,0.9605321620807293,0.012578841220901471
160b363bd86953af,2021.07.09.15.53.28_veh-38_00184_02293,0.9701840485590121,2021.07.09.15.53.28_veh-38_00184_02293,1.0,0.02981595144098792
16259719899f5b57,2021.10.11.02.57.41_veh-50_01028_01289,1.0,2021.10.11.02.57.41_veh-50_01028_01289,1.0,0.0
166f157b4b935a1e,2021.07.09.15.53.28_veh-38_00184_02293,1.0,2021.07.09.15.53.28_veh-38_00184_02293,1.0,0.0
16840451fa765419,2021.06.09.17.23.18_veh-38_01598_01750,1.0,2021.06.09.17.23.18_veh-38_01598_01750,1.0,0.0
16a726067f77532d,2021.07.09.15.53.28_veh-38_00184_02293,1.0,2021.07.09.15.53.28_veh-38_00184_02293,1.0,0.0
16c70ee6d6485400,2021.10.05.07.49.39_veh-52_00770_00905,0.9017295870935396,2021.10.05.07.49.39_veh-52_00770_00905,0.9150275217906149,0.013297934697075298
16df14e0b5fe574f,2021.06.09.17.23.18_veh-38_01598_01750,0.9579193275160959,2021.06.09.17.23.18_veh-38_01598_01750,0.9747900361945587,0.016870708678462853
16e38f619b4358cb,2021.10.11.02.57.41_veh-50_01028_01289,1.0,2021.10.11.02.57.41_veh-50_01028_01289,0.0,-1.0
16ea1ed69aed5de1,2021.06.23.17.31.36_veh-16_00016_00377,1.0,2021.06.23.17.31.36_veh-16_00016_00377,1.0,0.0
170594fe8be75468,2021.10.05.07.49.39_veh-52_00770_00905,0.9080829150359916,2021.10.05.07.49.39_veh-52_00770_00905,0.9612146925014551,0.05313177746546349
17184a5491105047,2021.07.09.15.53.28_veh-38_00184_02293,0.9432863785819615,2021.07.09.15.53.28_veh-38_00184_02293,0.9848789378197943,0.04159255923783278
173ff7e858e65a62,2021.07.09.15.53.28_veh-38_00184_02293,0.875,2021.07.09.15.53.28_veh-38_00184_02293,0.875,0.0
1753352ab8255c21,2021.10.01.17.52.06_veh-28_01141_01264,0.9715352883768373,2021.10.01.17.52.06_veh-28_01141_01264,0.9913684649249741,0.019833176548136766
1783be8f68bc560f,2021.06.23.17.31.36_veh-16_00016_00377,1.0,2021.06.23.17.31.36_veh-16_00016_00377,1.0,0.0
179d390028965461,2021.06.09.20.26.11_veh-35_00970_01216,0.9243924539931907,2021.06.09.20.26.11_veh-35_00970_01216,0.9746358834526958,0.05024342945950511
17a899d822e75d16,2021.10.11.02.57.41_veh-50_02155_02265,0.9313221495364382,2021.10.11.02.57.41_veh-50_02155_02265,0.9506311294419738,0.019308979905535595
17b43b911252571c,2021.07.09.15.53.28_veh-38_00184_02293,1.0,2021.07.09.15.53.28_veh-38_00184_02293,1.0,0.0
17bc4c6cc38959d0,2021.10.11.02.57.41_veh-50_02155_02265,0.9052854573658808,2021.10.11.02.57.41_veh-50_02155_02265,0.9165196721998549,0.011234214833974021
17d80f18ee7854c0,2021.06.23.17.31.36_veh-16_00016_00377,1.0,2021.06.23.17.31.36_veh-16_00016_00377,1.0,0.0
17efb1d6bb395620,2021.06.09.12.51.31_veh-35_01729_02626,0.9670404548839534,2021.06.09.12.51.31_veh-35_01729_02626,0.9812426617270718,0.014202206843118348
180266e7ce035fca,2021.10.11.02.57.41_veh-50_02155_02265,0.8880010714441333,2021.10.11.02.57.41_veh-50_02155_02265,0.9050642615119875,0.017063190067854173
18608416606557ed,2021.06.09.14.50.36_veh-26_02826_02955,0.875,2021.06.09.14.50.36_veh-26_02826_02955,0.875,0.0
187e7d991c2f5f40,2021.07.09.15.53.28_veh-38_00184_02293,0.75,2021.07.09.15.53.28_veh-38_00184_02293,0.875,0.125
18a2ed37c162552d,2021.07.09.20.26.06_veh-35_02793_03289,1.0,2021.07.09.20.26.06_veh-35_02793_03289,1.0,0.0
191f94dc85fd5899,2021.06.09.12.51.31_veh-35_01729_02626,0.9217036790019302,2021.06.09.12.51.31_veh-35_01729_02626,0.8057246744167894,-0.11597900458514077
19ab8e323ac35fe4,2021.07.09.15.53.28_veh-38_00184_02293,1.0,2021.07.09.15.53.28_veh-38_00184_02293,1.0,0.0
19c9d08888d65385,2021.10.05.07.49.39_veh-52_00770_00905,0.926254369960506,2021.10.05.07.49.39_veh-52_00770_00905,0.9397705347263351,0.013516164765829064
1a3449b28c115162,2021.07.09.15.53.28_veh-38_00184_02293,0.8386565295757553,2021.07.09.15.53.28_veh-38_00184_02293,0.8504575086096005,0.011800979033845138
1aaa5de27ef2529c,2021.10.05.08.11.15_veh-50_00437_00585,0.9294273173983671,2021.10.05.08.11.15_veh-50_00437_00585,0.0,-0.9294273173983671
1ab37cad7da55237,2021.06.09.12.51.31_veh-35_01729_02626,0.9788357687504526,2021.06.09.12.51.31_veh-35_01729_02626,1.0,0.02116423124954736
1afe562ad29b5222,2021.07.09.15.53.28_veh-38_00184_02293,0.9882559948671369,2021.07.09.15.53.28_veh-38_00184_02293,1.0,0.011744005132863111
1b31ffd5f3ec5f5d,2021.06.09.17.23.18_veh-38_01598_01750,1.0,2021.06.09.17.23.18_veh-38_01598_01750,0.875,-0.125
1b6f94eba9bd573c,2021.06.09.12.51.31_veh-35_01729_02626,1.0,2021.06.09.12.51.31_veh-35_01729_02626,1.0,0.0
1bdb793cdfcd5db0,2021.10.05.08.11.15_veh-50_00437_00585,0.8763185616028405,2021.10.05.08.11.15_veh-50_00437_00585,0.8988174578261223,0.022498896223281828
1bef718d3b145858,2021.06.09.12.51.31_veh-35_01729_02626,0.9206606157709682,2021.06.09.12.51.31_veh-35_01729_02626,0.945503463125501,0.024842847354532793
1c3d27d5767e506d,2021.10.05.07.49.39_veh-52_00770_00905,0.9299628552707255,2021.10.05.07.49.39_veh-52_00770_00905,0.9412476170403501,0.011284761769624563
1c5284923bc85595,2021.07.09.20.26.06_veh-35_02793_03289,0.9689782960577291,2021.07.09.20.26.06_veh-35_02793_03289,1.0,0.031021703942270884
1c59013d80ab5ac4,2021.08.31.14.01.15_veh-40_01576_01714,1.0,2021.08.31.14.01.15_veh-40_01576_01714,1.0,0.0
1c6cfd6bae4954dc,2021.10.05.08.11.15_veh-50_00437_00585,0.8937382747610199,2021.10.05.08.11.15_veh-50_00437_00585,0.9073919795559919,0.013653704794972077
1c773439ca9d5158,2021.07.09.15.53.28_veh-38_00184_02293,1.0,2021.07.09.15.53.28_veh-38_00184_02293,1.0,0.0
1c9a2aafa78b5b21,2021.08.31.11.47.30_veh-40_00919_01000,0.9364673207953157,2021.08.31.11.47.30_veh-40_00919_01000,0.9505142300902198,0.014046909294904153
1c9e768f7d545a89,2021.06.23.17.31.36_veh-16_00016_00377,1.0,2021.06.23.17.31.36_veh-16_00016_00377,1.0,0.0
1cf2faa6760b5e05,2021.06.09.12.06.35_veh-35_01164_01494,1.0,2021.06.09.12.06.35_veh-35_01164_01494,1.0,0.0
1d0ef99351a95bbb,2021.06.09.12.06.35_veh-35_01164_01494,0.8489020568853105,2021.06.09.12.06.35_veh-35_01164_01494,0.9926076920776565,0.14370563519234603
1d158c219842558a,2021.07.09.20.26.06_veh-35_02793_03289,0.9557473894415249,2021.07.09.20.26.06_veh-35_02793_03289,1.0,0.04425261055847507
1d190091101d5d75,2021.07.09.15.53.28_veh-38_00184_02293,0.9693020470172079,2021.07.09.15.53.28_veh-38_00184_02293,0.9884358465585993,0.019133799541391383
1d1a05de41555e8e,2021.06.09.12.06.35_veh-35_01164_01494,1.0,2021.06.09.12.06.35_veh-35_01164_01494,1.0,0.0
1d5c498a699a59e8,2021.07.09.15.53.28_veh-38_00184_02293,0.9509742571530716,2021.07.09.15.53.28_veh-38_00184_02293,0.9651067910200114,0.0141325338669398
1d7f9f198e0c57bc,2021.07.09.15.53.28_veh-38_00184_02293,0.9335658639205016,2021.07.09.15.53.28_veh-38_00184_02293,0.9860259122505344,0.052460048330032816
1d85875eaf9c5a3f,2021.10.01.17.52.06_veh-28_01141_01264,0.9081401637000189,2021.10.01.17.52.06_veh-28_01141_01264,0.9473534423035217,0.039213278603502766
1d9ee8399cf55f9d,2021.10.05.07.49.39_veh-52_00770_00905,0.978561617583974,2021.10.05.07.49.39_veh-52_00770_00905,1.0,0.021438382416026025
1dc5198a0a27562c,2021.06.09.12.51.31_veh-35_01729_02626,0.9827941435797948,2021.06.09.12.51.31_veh-35_01729_02626,1.0,0.017205856420205223
1e7ba1144b7e587f,2021.10.11.02.57.41_veh-50_01028_01289,0.8923258718301215,2021.10.11.02.57.41_veh-50_01028_01289,0.9086706464902197,0.016344774660098205
1e7bb5730b095273,2021.06.23.17.31.36_veh-16_00016_00377,0.9999973690259296,2021.06.23.17.31.36_veh-16_00016_00377,0.6875,-0.3124973690259296
1eb3057c64465de0,2021.06.09.12.51.31_veh-35_01729_02626,1.0,2021.06.09.12.51.31_veh-35_01729_02626,1.0,0.0
1ec5607c174e58db,2021.10.05.08.11.15_veh-50_00437_00585,0.9042381950952809,2021.10.05.08.11.15_veh-50_00437_00585,0.9172469526543978,0.013008757559116901
1ec8d767941a534b,2021.07.16.22.40.23_veh-38_00204_00360,1.0,2021.07.16.22.40.23_veh-38_00204_00360,1.0,0.0
1edaacb093c25e24,2021.10.05.08.11.15_veh-50_00437_00585,0.8547278557368385,2021.10.05.08.11.15_veh-50_00437_00585,0.868559371027125,0.013831515290286478
1efe2f1b12ec5381,2021.06.09.12.51.31_veh-35_01729_02626,0.9815280202746738,2021.06.09.12.51.31_veh-35_01729_02626,0.0,-0.9815280202746738
1f6b057612b05e65,2021.07.09.15.53.28_veh-38_00184_02293,0.9593177216923041,2021.07.09.15.53.28_veh-38_00184_02293,0.9643323770329165,0.005014655340612406
1f9f230417e15e61,2021.07.09.15.53.28_veh-38_00184_02293,0.9773834577575276,2021.07.09.15.53.28_veh-38_00184_02293,0.9958198068391365,0.01843634908160896
2040cae1f2005ace,2021.10.11.02.57.41_veh-50_01028_01289,0.9040467922685815,2021.10.11.02.57.41_veh-50_01028_01289,0.9194885592512541,0.015441766982672522
205cf1f3466a5af6,2021.10.05.08.11.15_veh-50_00437_00585,0.8980368885724387,2021.10.05.08.11.15_veh-50_00437_00585,0.9160599288562423,0.018023040283803637
205ef6aa1e4f54f4,2021.10.11.02.57.41_veh-50_02155_02265,0.8919074827905766,2021.10.11.02.57.41_veh-50_02155_02265,0.0,-0.8919074827905766
2086208681525f54,2021.07.09.15.53.28_veh-38_00184_02293,1.0,2021.07.09.15.53.28_veh-38_00184_02293,1.0,0.0
208c2da460fa56a1,2021.07.09.15.53.28_veh-38_00184_02293,1.0,2021.07.09.15.53.28_veh-38_00184_02293,1.0,0.0
20d97d183741595d,2021.10.05.07.49.39_veh-52_00770_00905,0.9386150987869237,2021.10.05.07.49.39_veh-52_00770_00905,0.9887993121272147,0.050184213340290995
20e59db136d85ccd,2021.07.09.15.53.28_veh-38_00184_02293,0.9449907954847834,2021.07.09.15.53.28_veh-38_00184_02293,0.9646368695597747,0.019646074074991304
20fc3e4c2b93595d,2021.08.31.11.47.30_veh-40_00919_01000,0.9318294752053341,2021.08.31.11.47.30_veh-40_00919_01000,0.9513794934491262,0.0195500182437921
2130fc97f34f5668,2021.06.23.17.31.36_veh-16_00016_00377,0.875,2021.06.23.17.31.36_veh-16_00016_00377,0.875,0.0
2138f8abf5aa5086,2021.07.09.15.53.28_veh-38_00184_02293,0.9740697926502004,2021.07.09.15.53.28_veh-38_00184_02293,1.0,0.02593020734979956
213d831946e758b5,2021.07.09.15.53.28_veh-38_00184_02293,1.0,2021.07.09.15.53.28_veh-38_00184_02293,1.0,0.0
2146b87b79ce537d,2021.06.09.12.51.31_veh-35_01729_02626,1.0,2021.06.09.12.51.31_veh-35_01729_02626,1.0,0.0
2156346d5dcf5246,2021.06.09.20.26.11_veh-35_00970_01216,0.9157848372352535,2021.06.09.20.26.11_veh-35_00970_01216,0.9882540141538932,0.07246917691863974
21748134e645518e,2021.06.09.17.23.18_veh-38_01598_01750,1.0,2021.06.09.17.23.18_veh-38_01598_01750,1.0,0.0
219791f316b25308,2021.07.09.15.53.28_veh-38_00184_02293,0.9495038666847947,2021.07.09.15.53.28_veh-38_00184_02293,0.9640069337477861,0.014503067062991426
219dd3cdd7fd594b,2021.08.31.14.01.15_veh-40_01576_01714,0.9758342179354544,2021.08.31.14.01.15_veh-40_01576_01714,0.9866575217975891,0.010823303862134703
21b0e617e7895ac7,2021.07.09.15.53.28_veh-38_00184_02293,0.9796908890754683,2021.07.09.15.53.28_veh-38_00184_02293,0.875,-0.10469088907546831
21b4fab862a858b8,2021.10.05.08.11.15_veh-50_00437_00585,0.9263527421814669,2021.10.05.08.11.15_veh-50_00437_00585,0.9426181827997786,0.0162654406183117
21c0033d52fd5d2e,2021.07.09.15.53.28_veh-38_00184_02293,0.9690641957107303,2021.07.09.15.53.28_veh-38_00184_02293,0.9950207788441305,0.025956583133400213
21c95e7693d35dfd,2021.06.09.17.23.18_veh-38_01598_01750,1.0,2021.06.09.17.23.18_veh-38_01598_01750,1.0,0.0
220ebf89f21c58e4,2021.07.09.20.26.06_veh-35_02793_03289,1.0,2021.07.09.20.26.06_veh-35_02793_03289,1.0,0.0
22119d9673db504e,2021.10.05.08.11.15_veh-50_00437_00585,0.8825519338785042,2021.10.05.08.11.15_veh-50_00437_00585,0.8955245135883502,0.012972579709846
2289e9f520ca5cb5,2021.07.09.15.53.28_veh-38_00184_02293,1.0,2021.07.09.15.53.28_veh-38_00184_02293,1.0,0.0
22903ed6b4b45809,2021.10.05.08.11.15_veh-50_00437_00585,0.897246572344241,2021.10.05.08.11.15_veh-50_00437_00585,0.9107372517708022,0.013490679426561236
2326cface78153de,2021.07.09.15.53.28_veh-38_00184_02293,1.0,2021.07.09.15.53.28_veh-38_00184_02293,1.0,0.0
23732000986756bd,2021.07.09.20.26.06_veh-35_02793_03289,0.9539659249923848,2021.07.09.20.26.06_veh-35_02793_03289,0.9752891711963733,0.02132324620398851
2376051bafd45146,2021.07.09.15.53.28_veh-38_00184_02293,1.0,2021.07.09.15.53.28_veh-38_00184_02293,1.0,0.0
2395e3e90cdf5b9a,2021.06.09.12.51.31_veh-35_01729_02626,1.0,2021.06.09.12.51.31_veh-35_01729_02626,1.0,0.0
23c7e87c04f759c9,2021.07.09.15.53.28_veh-38_00184_02293,1.0,2021.07.09.15.53.28_veh-38_00184_02293,1.0,0.0
23e4660a0f365854,2021.06.23.17.31.36_veh-16_00016_00377,0.9083404393274931,2021.06.23.17.31.36_veh-16_00016_00377,0.9264234004389595,0.018082961111466456
2406f00812785216,2021.07.09.15.53.28_veh-38_00184_02293,0.9884920344301943,2021.07.09.15.53.28_veh-38_00184_02293,0.0,-0.9884920344301943
243375d424865825,2021.10.11.02.57.41_veh-50_02155_02265,0.9243903108180009,2021.10.11.02.57.41_veh-50_02155_02265,0.9386988391610834,0.014308528343082494
243432f80b85567a,2021.07.09.15.53.28_veh-38_00184_02293,1.0,2021.07.09.15.53.28_veh-38_00184_02293,1.0,0.0
244393f5bb9f567c,2021.06.09.12.06.35_veh-35_01164_01494,1.0,2021.06.09.12.06.35_veh-35_01164_01494,1.0,0.0
2450f437ff34588e,2021.06.09.12.06.35_veh-35_01164_01494,0.9763863682418842,2021.06.09.12.06.35_veh-35_01164_01494,0.9909447278350646,0.014558359593180414
24531603f9315046,2021.10.05.08.11.15_veh-50_00437_00585,0.9686372327530552,2021.10.05.08.11.15_veh-50_00437_00585,0.9840235125211179,0.015386279768062616
246269dcd9845878,2021.06.09.12.51.31_veh-35_01729_02626,0.8425583872844219,2021.06.09.12.51.31_veh-35_01729_02626,0.9091250847515535,0.06656669746713162
248f2530124b5812,2021.06.09.12.51.31_veh-35_01729_02626,1.0,2021.06.09.12.51.31_veh-35_01729_02626,1.0,0.0
24c57bb0eceb546a,2021.07.09.15.53.28_veh-38_00184_02293,1.0,2021.07.09.15.53.28_veh-38_00184_02293,1.0,0.0
24e8dff0a3fb5d73,2021.08.31.11.47.30_veh-40_00919_01000,1.0,2021.08.31.11.47.30_veh-40_00919_01000,1.0,0.0
24f4c4b3cc8554aa,2021.10.05.07.49.39_veh-52_00770_00905,0.8815879049425763,2021.10.05.07.49.39_veh-52_00770_00905,0.8944392958427615,0.012851390900185167
24f6ff800c7758e8,2021.07.09.15.53.28_veh-38_00184_02293,1.0,2021.07.09.15.53.28_veh-38_00184_02293,1.0,0.0
2518c058a2765f66,2021.07.09.15.53.28_veh-38_00184_02293,0.9814956196907085,2021.07.09.15.53.28_veh-38_00184_02293,1.0,0.018504380309291468
252aca165e205caf,2021.06.23.17.31.36_veh-16_00016_00377,1.0,2021.06.23.17.31.36_veh-16_00016_00377,1.0,0.0
252c2880193354f5,2021.06.09.17.23.18_veh-38_01598_01750,1.0,2021.06.09.17.23.18_veh-38_01598_01750,1.0,0.0
252dcf3264285f7e,2021.07.09.20.26.06_veh-35_02793_03289,1.0,2021.07.09.20.26.06_veh-35_02793_03289,1.0,0.0
2546a09ed60755b9,2021.06.23.17.31.36_veh-16_00016_00377,0.9426223304092876,2021.06.23.17.31.36_veh-16_00016_00377,0.9770745816993871,0.034452251290099545
258edbf6a22c5312,2021.06.09.12.51.31_veh-35_01729_02626,0.925694116023253,2021.06.09.12.51.31_veh-35_01729_02626,0.9626412769030286,0.036947160879775565
25b3e3f15fcc5058,2021.07.09.15.53.28_veh-38_00184_02293,1.0,2021.07.09.15.53.28_veh-38_00184_02293,1.0,0.0
25e8140e88165353,2021.10.11.02.57.41_veh-50_02155_02265,0.9364085402082436,2021.10.11.02.57.41_veh-50_02155_02265,0.9518857720819012,0.015477231873657571
25ef4e856bab540e,2021.10.05.07.49.39_veh-52_00770_00905,0.9269982593417109,2021.10.05.07.49.39_veh-52_00770_00905,0.9444467439195735,0.017448484577862633
25f2e28652bc5f06,2021.10.05.08.11.15_veh-50_00437_00585,0.9327555114088351,2021.10.05.08.11.15_veh-50_00437_00585,0.9471451270091001,0.014389615600265082
261221d5c5fc5fa7,2021.10.05.07.49.39_veh-52_00770_00905,0.9335337838665978,2021.10.05.07.49.39_veh-52_00770_00905,0.9447422190429595,0.01120843517636172
263e3ce08f7e5a9e,2021.07.09.15.53.28_veh-38_00184_02293,1.0,2021.07.09.15.53.28_veh-38_00184_02293,1.0,0.0
265d51badd8658b4,2021.10.11.02.57.41_veh-50_02155_02265,0.8935066286397123,2021.10.11.02.57.41_veh-50_02155_02265,0.0,-0.8935066286397123
2660a8dfda2a550d,2021.07.09.15.53.28_veh-38_00184_02293,1.0,2021.07.09.15.53.28_veh-38_00184_02293,1.0,0.0
26a3cea95f035c1d,2021.07.09.20.26.06_veh-35_02793_03289,0.8544083927886231,2021.07.09.20.26.06_veh-35_02793_03289,0.8637494644331686,0.009341071644545451
26d62f55fe175782,2021.06.09.17.23.18_veh-38_01598_01750,0.9629994415949852,2021.06.09.17.23.18_veh-38_01598_01750,0.9974070831390128,0.034407641544027645
27019672a76d5c98,2021.06.09.12.06.35_veh-35_01164_01494,0.9810451033828361,2021.06.09.12.06.35_veh-35_01164_01494,0.9967145004560634,0.01566939707322723
270857aa66a15114,2021.06.09.12.06.35_veh-35_01164_01494,0.9181661453510981,2021.06.09.12.06.35_veh-35_01164_01494,0.9503105970343699,0.032144451683271846
2754ab87df25534c,2021.10.05.08.11.15_veh-50_00437_00585,0.868316733167317,2021.10.05.08.11.15_veh-50_00437_00585,0.8940708915467577,0.025754158379440728
276846ef566e5945,2021.07.09.15.53.28_veh-38_00184_02293,0.8204840110868199,2021.07.09.15.53.28_veh-38_00184_02293,0.9611151971331611,0.14063118604634117
278bbdb04c555733,2021.10.05.07.49.39_veh-52_00770_00905,0.785744332872216,2021.10.05.07.49.39_veh-52_00770_00905,0.799989919284809,0.014245586412592992
279398536da35c2b,2021.06.09.12.06.35_veh-35_01164_01494,0.9392124652283974,2021.06.09.12.06.35_veh-35_01164_01494,0.9614183481664269,0.022205882938029498
27d7adfa2e2d541b,2021.07.09.15.53.28_veh-38_00184_02293,0.9910953585724132,2021.07.09.15.53.28_veh-38_00184_02293,1.0,0.008904641427586846
27df9e405dfa51cf,2021.07.09.15.53.28_veh-38_00184_02293,1.0,2021.07.09.15.53.28_veh-38_00184_02293,0.875,-0.125
282c1d78530d593f,2021.10.05.07.49.39_veh-52_00770_00905,0.9473419751703827,2021.10.05.07.49.39_veh-52_00770_00905,0.9618356705506366,0.014493695380253913
2836a66135315e7f,2021.07.09.15.53.28_veh-38_00184_02293,1.0,2021.07.09.15.53.28_veh-38_00184_02293,0.0,-1.0
28b2841dfc80526b,2021.08.31.14.01.15_veh-40_01576_01714,0.8166846132163308,2021.08.31.14.01.15_veh-40_01576_01714,0.8230755722546041,0.006390959038273358
28d90079bec557cf,2021.10.11.02.57.41_veh-50_02155_02265,0.8936745810761582,2021.10.11.02.57.41_veh-50_02155_02265,0.9069309131789169,0.013256332102758783
28e2bc1f058454a6,2021.07.09.20.26.06_veh-35_02793_03289,0.9350783383083124,2021.07.09.20.26.06_veh-35_02793_03289,0.9774015682733663,0.04232322996505389
293144d2f3ec5131,2021.07.09.15.53.28_veh-38_00184_02293,1.0,2021.07.09.15.53.28_veh-38_00184_02293,1.0,0.0
2962782cdb8e59b1,2021.07.09.15.53.28_veh-38_00184_02293,1.0,2021.07.09.15.53.28_veh-38_00184_02293,1.0,0.0
297c4fe13c4c5640,2021.07.09.15.53.28_veh-38_00184_02293,1.0,2021.07.09.15.53.28_veh-38_00184_02293,1.0,0.0
2999ded848495d55,2021.07.09.15.53.28_veh-38_00184_02293,1.0,2021.07.09.15.53.28_veh-38_00184_02293,1.0,0.0
29b843e9d1145127,2021.06.23.17.31.36_veh-16_00016_00377,0.9616893635788153,2021.06.23.17.31.36_veh-16_00016_00377,1.0,0.03831063642118471
29ff4b56af185819,2021.07.09.20.26.06_veh-35_02793_03289,0.9535327943390516,2021.07.09.20.26.06_veh-35_02793_03289,0.9883097912455521,0.03477699690650049
2a4f7a1a42b759a7,2021.10.11.02.57.41_veh-50_02155_02265,0.9300226238271231,2021.10.11.02.57.41_veh-50_02155_02265,0.943129233004996,0.013106609177872874
2a9ea017fb55572b,2021.06.23.17.31.36_veh-16_00016_00377,0.944471410866845,2021.06.23.17.31.36_veh-16_00016_00377,0.9869826703278743,0.042511259461029294
2ac1b274b9f2525a,2021.06.09.12.51.31_veh-35_01729_02626,0.9670290966270411,2021.06.09.12.51.31_veh-35_01729_02626,1.0,0.03297090337295894
2add9922dc495e95,2021.07.09.15.53.28_veh-38_00184_02293,0.9347019937256947,2021.07.09.15.53.28_veh-38_00184_02293,0.9592369748447129,0.024534981119018195
2ae099469caa5693,2021.08.31.14.01.15_veh-40_01576_01714,0.8251986446808635,2021.08.31.14.01.15_veh-40_01576_01714,0.8331213809971192,0.00792273631625573
2b1b98be0fd55a97,2021.10.11.02.57.41_veh-50_01028_01289,0.7854772598562372,2021.10.11.02.57.41_veh-50_01028_01289,0.7990078371305701,0.013530577274332933
2bade763a35e571a,2021.07.09.15.53.28_veh-38_00184_02293,0.9691506519917521,2021.07.09.15.53.28_veh-38_00184_02293,1.0,0.0308493480082479
2bda22fbdbbb50a8,2021.06.09.12.06.35_veh-35_01164_01494,0.9313391876576786,2021.06.09.12.06.35_veh-35_01164_01494,0.9459787671369861,0.014639579479307496
2c1795e29af65a31,2021.06.09.20.26.11_veh-35_00970_01216,0.9195098692948896,2021.06.09.20.26.11_veh-35_00970_01216,0.9597286029028764,0.04021873360798678
2c1db842cc915519,2021.07.09.15.53.28_veh-38_00184_02293,1.0,2021.07.09.15.53.28_veh-38_00184_02293,1.0,0.0
2c32ea8c5ef05290,2021.10.05.07.49.39_veh-52_00770_00905,0.9710704742277481,2021.10.05.07.49.39_veh-52_00770_00905,1.0,0.02892952577225194
2c45cd8490f850ef,2021.06.09.14.50.36_veh-26_02826_02955,0.9661200858584732,2021.06.09.14.50.36_veh-26_02826_02955,0.9944143790149468,0.028294293156473582
2cdbdd95aaba57f0,2021.06.09.12.51.31_veh-35_01729_02626,1.0,2021.06.09.12.51.31_veh-35_01729_02626,1.0,0.0
2d4ac7e75090575c,2021.10.11.02.57.41_veh-50_02155_02265,0.9091267797375329,2021.10.11.02.57.41_veh-50_02155_02265,0.9193991918944748,0.010272412156941968
2d903e0fb16154d9,2021.07.09.15.53.28_veh-38_00184_02293,1.0,2021.07.09.15.53.28_veh-38_00184_02293,1.0,0.0
2d9e55899f36514b,2021.07.09.15.53.28_veh-38_00184_02293,1.0,2021.07.09.15.53.28_veh-38_00184_02293,1.0,0.0
2da0a5236af95e03,2021.07.09.15.53.28_veh-38_00184_02293,0.950255922954563,2021.07.09.15.53.28_veh-38_00184_02293,0.9628648592691474,0.012608936314584485
2dc965586c945547,2021.06.09.12.51.31_veh-35_01729_02626,0.9757574111043805,2021.06.09.12.51.31_veh-35_01729_02626,0.8656091841666382,-0.11014822693774229
2dd00be7ed615ecc,2021.06.09.12.51.31_veh-35_01729_02626,1.0,2021.06.09.12.51.31_veh-35_01729_02626,1.0,0.0
2deba0b0afad5472,2021.08.31.14.01.15_veh-40_01576_01714,0.6983349417594776,2021.08.31.14.01.15_veh-40_01576_01714,0.7098540997351004,0.011519157975622751
2df6dad2e3c4525a,2021.10.11.02.57.41_veh-50_01028_01289,0.9053373688052491,2021.10.11.02.57.41_veh-50_01028_01289,0.9205036023167558,0.0151662335115067
2e524a06f4bc59e8,2021.06.09.12.06.35_veh-35_01164_01494,0.9170239956852317,2021.06.09.12.06.35_veh-35_01164_01494,0.9417733531795285,0.024749357494296742
2e7a9b2142ec529f,2021.06.09.17.23.18_veh-38_01598_01750,0.8960501357737698,2021.06.09.17.23.18_veh-38_01598_01750,0.9440734078468208,0.048023272073051015
2eb20ba165855d43,2021.07.09.20.26.06_veh-35_02793_03289,1.0,2021.07.09.20.26.06_veh-35_02793_03289,1.0,0.0
2f096c8bde855396,2021.07.09.15.53.28_veh-38_00184_02293,0.9625645267349501,2021.07.09.15.53.28_veh-38_00184_02293,0.9853253300207326,0.02276080328578256
2f1560380fb05985,2021.10.05.07.49.39_veh-52_00770_00905,0.9475884856820288,2021.10.05.07.49.39_veh-52_00770_00905,0.9978562467595082,0.050267761077479434
2f2535fbdd395025,2021.07.09.15.53.28_veh-38_00184_02293,1.0,2021.07.09.15.53.28_veh-38_00184_02293,1.0,0.0
2f2bc1e20be4545e,2021.07.09.20.26.06_veh-35_02793_03289,1.0,2021.07.09.20.26.06_veh-35_02793_03289,1.0,0.0
2f81ef9b7def5cfb,2021.10.11.02.57.41_veh-50_02155_02265,0.924833651819181,2021.10.11.02.57.41_veh-50_02155_02265,0.9391701164255459,0.014336464606364951
2fb80e8e9597522f,2021.06.09.12.06.35_veh-35_01164_01494,0.9524567818066771,2021.06.09.12.06.35_veh-35_01164_01494,0.9650876855764378,0.012630903769760615
2fd7bef75431592e,2021.08.31.11.47.30_veh-40_00919_01000,0.9693900174626144,2021.08.31.11.47.30_veh-40_00919_01000,0.9953767759801133,0.025986758517498876
2fffb118c5535879,2021.06.09.12.06.35_veh-35_01164_01494,0.9414408564145691,2021.06.09.12.06.35_veh-35_01164_01494,0.9617854492691583,0.020344592854589227
308b33a531c35c7a,2021.07.09.15.53.28_veh-38_00184_02293,0.9402206721977122,2021.07.09.15.53.28_veh-38_00184_02293,0.9540457627298387,0.013825090532126438
309d25c4b0535a45,2021.07.09.15.53.28_veh-38_00184_02293,0.0,2021.07.09.15.53.28_veh-38_00184_02293,0.9898308022735097,0.9898308022735097
30b7a3bf71b956de,2021.06.23.17.31.36_veh-16_00016_00377,0.9977307746758866,2021.06.23.17.31.36_veh-16_00016_00377,1.0,0.002269225324113444
30c294d478ee5953,2021.07.09.20.26.06_veh-35_02793_03289,0.9376537564022933,2021.07.09.20.26.06_veh-35_02793_03289,0.995075448762651,0.05742169236035766
30c5555824025240,2021.07.09.20.26.06_veh-35_02793_03289,0.9290188337453478,2021.07.09.20.26.06_veh-35_02793_03289,0.9911605683404185,0.062141734595070774
310a3ad9c0cf5eb6,2021.10.05.07.49.39_veh-52_00770_00905,0.9780978278709245,2021.10.05.07.49.39_veh-52_00770_00905,1.0,0.021902172129075526
31232634fe425baa,2021.07.09.20.26.06_veh-35_02793_03289,0.9364923997827858,2021.07.09.20.26.06_veh-35_02793_03289,0.9554532998861635,0.018960900103377698
313b06564bf854e4,2021.07.09.15.53.28_veh-38_00184_02293,0.875,2021.07.09.15.53.28_veh-38_00184_02293,0.875,0.0
317266217a3b548d,2021.06.09.20.26.11_veh-35_00970_01216,1.0,2021.06.09.20.26.11_veh-35_00970_01216,1.0,0.0
31c01938dab253e7,2021.07.09.20.26.06_veh-35_02793_03289,1.0,2021.07.09.20.26.06_veh-35_02793_03289,1.0,0.0
31c10b004a0d5f1e,2021.06.09.12.06.35_veh-35_01164_01494,0.936481799369318,2021.06.09.12.06.35_veh-35_01164_01494,0.9529638683338395,0.016482068964521535
31faa0734016556d,2021.07.09.20.26.06_veh-35_02793_03289,0.9460184725062094,2021.07.09.20.26.06_veh-35_02793_03289,0.9676196460221542,0.021601173515944816
320bd6309da05bf7,2021.07.09.20.26.06_veh-35_02793_03289,1.0,2021.07.09.20.26.06_veh-35_02793_03289,1.0,0.0
321512a956a25984,2021.07.09.15.53.28_veh-38_00184_02293,0.9435963080355105,2021.07.09.15.53.28_veh-38_00184_02293,0.9595204527874828,0.015924144751972236
3227b869cdd85654,2021.06.23.17.31.36_veh-16_00016_00377,0.8567576324410606,2021.06.23.17.31.36_veh-16_00016_00377,0.8891837771891483,0.03242614474808769
327c4934e82a54cb,2021.06.09.20.26.11_veh-35_00970_01216,0.9238429500736073,2021.06.09.20.26.11_veh-35_00970_01216,0.9558461629274394,0.03200321285383212
32940e6a93e95fd5,2021.06.09.12.06.35_veh-35_01164_01494,0.9829924470338455,2021.06.09.12.06.35_veh-35_01164_01494,1.0,0.017007552966154527
329975be260c50b7,2021.10.11.02.57.41_veh-50_02155_02265,0.9157282780895598,2021.10.11.02.57.41_veh-50_02155_02265,0.9336101997902089,0.01788192170064906
329eb6cc8c325f71,2021.06.09.12.06.35_veh-35_01164_01494,0.9321432375292396,2021.06.09.12.06.35_veh-35_01164_01494,0.9531442918057085,0.021001054276468922
32aea60d7c7d56bf,2021.07.09.20.26.06_veh-35_02793_03289,1.0,2021.07.09.20.26.06_veh-35_02793_03289,1.0,0.0
33173f63a6ff513d,2021.10.05.08.11.15_veh-50_00437_00585,0.9439534537580382,2021.10.05.08.11.15_veh-50_00437_00585,0.9637709818054928,0.019817528047454624
33365d03e762561c,2021.10.11.02.57.41_veh-50_02155_02265,0.9082465472197334,2021.10.11.02.57.41_veh-50_02155_02265,0.9223588714767441,0.0141123242570107
3338316c86985d7e,2021.10.11.02.57.41_veh-50_01028_01289,0.9071527701858226,2021.10.11.02.57.41_veh-50_01028_01289,0.940642074522914,0.03348930433709141
334e0e5d1a825334,2021.10.05.07.49.39_veh-52_00770_00905,0.9192159223601782,2021.10.05.07.49.39_veh-52_00770_00905,0.9318331896624955,0.01261726730231727
3358ac35f0925be9,2021.06.09.14.50.36_veh-26_02826_02955,0.9790489451114175,2021.06.09.14.50.36_veh-26_02826_02955,1.0,0.02095105488858251
338daec6bb7a5aa0,2021.06.09.12.51.31_veh-35_01729_02626,0.9038141558579783,2021.06.09.12.51.31_veh-35_01729_02626,0.9369848860085261,0.033170730150547834
33ee0a5e0f7950f2,2021.06.09.12.51.31_veh-35_01729_02626,0.8454422438225416,2021.06.09.12.51.31_veh-35_01729_02626,0.8869712936722094,0.041529049849667765
344591ad59d7517d,2021.10.05.08.11.15_veh-50_00437_00585,0.9307190473366452,2021.10.05.08.11.15_veh-50_00437_00585,0.9487010619858327,0.017982014649187472
346855a3e0115ac3,2021.06.09.20.26.11_veh-35_00970_01216,1.0,2021.06.09.20.26.11_veh-35_00970_01216,1.0,0.0
346d763777e85cd3,2021.06.09.12.51.31_veh-35_01729_02626,0.6992393990459866,2021.06.09.12.51.31_veh-35_01729_02626,0.711401417488364,0.01216201844237741
34bf46975f2f5276,2021.06.09.17.23.18_veh-38_01598_01750,0.9596757912628785,2021.06.09.17.23.18_veh-38_01598_01750,0.8487659658685037,-0.11090982539437477
34ccd8a9f6eb525f,2021.07.09.15.53.28_veh-38_00184_02293,0.9440488729853027,2021.07.09.15.53.28_veh-38_00184_02293,0.9701457559534974,0.02609688296819468
34d91cf9391650ff,2021.07.09.15.53.28_veh-38_00184_02293,1.0,2021.07.09.15.53.28_veh-38_00184_02293,1.0,0.0
3540468e063052d2,2021.10.11.02.57.41_veh-50_01028_01289,0.8965413564771652,2021.10.11.02.57.41_veh-50_01028_01289,0.9088141770822428,0.012272820605077617
35daae8d6a4a5b90,2021.06.09.14.50.36_veh-26_02826_02955,0.9707611532720746,2021.06.09.14.50.36_veh-26_02826_02955,1.0,0.029238846727925427
35f9bb7297745ff8,2021.10.11.02.57.41_veh-50_02155_02265,0.0,2021.10.11.02.57.41_veh-50_02155_02265,0.0,0.0
35fa5b32dd805853,2021.07.09.15.53.28_veh-38_00184_02293,0.8978453148821127,2021.07.09.15.53.28_veh-38_00184_02293,0.9291493696150488,0.03130405473293607
3670adfe926f58a0,2021.07.09.15.53.28_veh-38_00184_02293,0.7185696475034106,2021.07.09.15.53.28_veh-38_00184_02293,0.76809231354242,0.049522666039009455
367be156a8a05da3,2021.07.09.15.53.28_veh-38_00184_02293,0.9818976233151746,2021.07.09.15.53.28_veh-38_00184_02293,1.0,0.018102376684825394
36a87f95e5a05e75,2021.06.09.12.06.35_veh-35_01164_01494,0.9687919841975777,2021.06.09.12.06.35_veh-35_01164_01494,0.9912314940895891,0.022439509892011378
36a8cfb3a3f05f1d,2021.07.09.15.53.28_veh-38_00184_02293,0.8576621863400139,2021.07.09.15.53.28_veh-38_00184_02293,0.9473733859009805,0.08971119956096663
36bae31710bc5917,2021.10.05.07.49.39_veh-52_00770_00905,0.8725129910528346,2021.10.05.07.49.39_veh-52_00770_00905,0.8861965824955113,0.013683591442676613
36fd9bb68bca5db1,2021.06.09.17.23.18_veh-38_01598_01750,0.943826734412375,2021.06.09.17.23.18_veh-38_01598_01750,0.9788041734516422,0.0349774390392672
3746d6f474565ca0,2021.06.09.12.06.35_veh-35_01164_01494,0.9291846438843204,2021.06.09.12.06.35_veh-35_01164_01494,0.9437176378073959,0.014532993923075499
3756eb6991b05447,2021.07.09.15.53.28_veh-38_00184_02293,0.75,2021.07.09.15.53.28_veh-38_00184_02293,0.75,0.0
375752a086d35d43,2021.07.09.15.53.28_veh-38_00184_02293,0.9013095834104344,2021.07.09.15.53.28_veh-38_00184_02293,0.9603712798792297,0.05906169646879522
3797925f74955b28,2021.10.01.17.52.06_veh-28_01141_01264,0.9704303537651893,2021.10.01.17.52.06_veh-28_01141_01264,0.9853625479260796,0.01493219416089031
37a37c6486205360,2021.06.09.14.50.36_veh-26_02826_02955,1.0,2021.06.09.14.50.36_veh-26_02826_02955,1.0,0.0
37b87186b6bd5777,2021.10.11.02.57.41_veh-50_02155_02265,0.9078777163584539,2021.10.11.02.57.41_veh-50_02155_02265,0.922831763775234,0.01495404741678008
37c824c3fc615763,2021.10.11.02.57.41_veh-50_01028_01289,0.9584807925774326,2021.10.11.02.57.41_veh-50_01028_01289,0.9855538275431609,0.027073034965728326
3847daeaf69250c1,2021.10.01.17.52.06_veh-28_01141_01264,0.9046256779654287,2021.10.01.17.52.06_veh-28_01141_01264,0.9128592645698722,0.00823358660444351
3898b733bbd9584b,2021.07.09.15.53.28_veh-38_00184_02293,1.0,2021.07.09.15.53.28_veh-38_00184_02293,1.0,0.0
38b30ef31fcf5fa7,2021.07.09.15.53.28_veh-38_00184_02293,0.701551540883207,2021.07.09.15.53.28_veh-38_00184_02293,0.7184667467537276,0.016915205870520533
38c5e5d2250f5c35,2021.07.09.15.53.28_veh-38_00184_02293,0.9405954558233813,2021.07.09.15.53.28_veh-38_00184_02293,0.9667035868950367,0.026108131071655327
38ef1d6a2da75115,2021.10.05.07.49.39_veh-52_00770_00905,0.9348047819640289,2021.10.05.07.49.39_veh-52_00770_00905,0.949927916947354,0.01512313498332507
38fd20139a7c5e3b,2021.07.09.15.53.28_veh-38_00184_02293,0.824887242423484,2021.07.09.15.53.28_veh-38_00184_02293,0.8339710364576185,0.009083794034134507
391be454a99b54ff,2021.07.09.15.53.28_veh-38_00184_02293,0.9156724472852209,2021.07.09.15.53.28_veh-38_00184_02293,0.9555482497579719,0.03987580247275102
39940790a4e65d88,2021.07.09.15.53.28_veh-38_00184_02293,0.9755049794297489,2021.07.09.15.53.28_veh-38_00184_02293,1.0,0.024495020570251103
3998d00b80c55db4,2021.10.11.02.57.41_veh-50_02155_02265,0.903104177474658,2021.10.11.02.57.41_veh-50_02155_02265,0.0,-0.903104177474658
39b992f840615959,2021.07.09.15.53.28_veh-38_00184_02293,1.0,2021.07.09.15.53.28_veh-38_00184_02293,1.0,0.0
39c553550c3a5111,2021.07.09.15.53.28_veh-38_00184_02293,0.9699410358813128,2021.07.09.15.53.28_veh-38_00184_02293,0.9945922181722053,0.02465118229089258
3a5d0b9a8778529e,2021.10.11.02.57.41_veh-50_01028_01289,1.0,2021.10.11.02.57.41_veh-50_01028_01289,1.0,0.0
3a95ca3177bc57f0,2021.10.11.02.57.41_veh-50_02155_02265,0.923929124610769,2021.10.11.02.57.41_veh-50_02155_02265,0.9350067296556928,0.011077605044923722
3b4b55afcacf553e,2021.06.09.20.26.11_veh-35_00970_01216,0.9203885497447294,2021.06.09.20.26.11_veh-35_00970_01216,0.9467988383483501,0.026410288603620713
3b6f237e05365dcf,2021.06.09.12.51.31_veh-35_01729_02626,1.0,2021.06.09.12.51.31_veh-35_01729_02626,1.0,0.0
3bcde9ce94de5b6a,2021.10.11.02.57.41_veh-50_01028_01289,0.9015276986933958,2021.10.11.02.57.41_veh-50_01028_01289,0.9161961238147587,0.014668425121362905
3c0e5824b0785582,2021.06.09.12.06.35_veh-35_01164_01494,1.0,2021.06.09.12.06.35_veh-35_01164_01494,1.0,0.0
3c34952a5b2a549e,2021.06.09.14.50.36_veh-26_02826_02955,1.0,2021.06.09.14.50.36_veh-26_02826_02955,0.875,-0.125
3c6c773db2f558e5,2021.06.09.12.06.35_veh-35_01164_01494,0.9384428195030585,2021.06.09.12.06.35_veh-35_01164_01494,0.9572519689172567,0.0188091494141982
3c7e47f60864523a,2021.10.01.17.52.06_veh-28_01141_01264,0.8311407739585219,2021.10.01.17.52.06_veh-28_01141_01264,0.8424017504247996,0.011260976466277661
3cabdd7617765132,2021.07.09.15.53.28_veh-38_00184_02293,0.9783081390603975,2021.07.09.15.53.28_veh-38_00184_02293,0.9945253910519138,0.016217251991516357
3d18f6f0700f5a7b,2021.10.05.07.49.39_veh-52_00770_00905,1.0,2021.10.05.07.49.39_veh-52_00770_00905,1.0,0.0
3d1c606df74c5140,2021.07.09.15.53.28_veh-38_00184_02293,1.0,2021.07.09.15.53.28_veh-38_00184_02293,0.6875,-0.3125
3d2dfc0d66f65d40,2021.07.09.15.53.28_veh-38_00184_02293,1.0,2021.07.09.15.53.28_veh-38_00184_02293,1.0,0.0
3d62676b9d685b3a,2021.06.09.20.26.11_veh-35_00970_01216,1.0,2021.06.09.20.26.11_veh-35_00970_01216,1.0,0.0
3d6d3d1bfafd5c87,2021.07.09.20.26.06_veh-35_02793_03289,1.0,2021.07.09.20.26.06_veh-35_02793_03289,1.0,0.0
3d9a843bb43355c8,2021.07.09.15.53.28_veh-38_00184_02293,1.0,2021.07.09.15.53.28_veh-38_00184_02293,1.0,0.0
3dd3b152b6a95c84,2021.10.11.02.57.41_veh-50_01028_01289,0.8112711141968977,2021.10.11.02.57.41_veh-50_01028_01289,0.973886446396739,0.16261533219984137
3de980a9cef75550,2021.10.01.17.52.06_veh-28_01141_01264,0.9669993452696272,2021.10.01.17.52.06_veh-28_01141_01264,0.9846982963016304,0.01769895103200325
3dee1555ce6f55fb,2021.07.09.15.53.28_veh-38_00184_02293,0.973791150857706,2021.07.09.15.53.28_veh-38_00184_02293,1.0,0.026208849142294044
3df10ba27fc150ed,2021.07.09.15.53.28_veh-38_00184_02293,1.0,2021.07.09.15.53.28_veh-38_00184_02293,1.0,0.0
3df6bd69748e51ec,2021.10.11.02.57.41_veh-50_01028_01289,0.8370817250063917,2021.10.11.02.57.41_veh-50_01028_01289,0.8471877219660277,0.010105996959635988
3e0257f56dbc5db0,2021.07.09.15.53.28_veh-38_00184_02293,1.0,2021.07.09.15.53.28_veh-38_00184_02293,1.0,0.0
3e34460024d45739,2021.07.09.15.53.28_veh-38_00184_02293,0.9806150478923975,2021.07.09.15.53.28_veh-38_00184_02293,1.0,0.019384952107602493
3e36bef4c12f5be7,2021.10.05.08.11.15_veh-50_00437_00585,0.903765961652869,2021.10.05.08.11.15_veh-50_00437_00585,0.9192348891985999,0.015468927545730815
3e80032635bb59d8,2021.07.09.20.26.06_veh-35_02793_03289,1.0,2021.07.09.20.26.06_veh-35_02793_03289,1.0,0.0
3e9b3b4c0fa85ceb,2021.07.09.15.53.28_veh-38_00184_02293,0.9726527484523151,2021.07.09.15.53.28_veh-38_00184_02293,1.0,0.027347251547684914
3e9c4cca896a53f7,2021.06.09.12.51.31_veh-35_01729_02626,1.0,2021.06.09.12.51.31_veh-35_01729_02626,1.0,0.0
3ea3416c97095653,2021.07.09.15.53.28_veh-38_00184_02293,1.0,2021.07.09.15.53.28_veh-38_00184_02293,1.0,0.0
3eca216626d256b3,2021.07.09.15.53.28_veh-38_00184_02293,1.0,2021.07.09.15.53.28_veh-38_00184_02293,1.0,0.0
3f037c2e281b5c8c,2021.06.09.20.26.11_veh-35_00970_01216,0.9508232585179169,2021.06.09.20.26.11_veh-35_00970_01216,0.9722209493444102,0.021397690826493232
3f19c7116880578a,2021.07.09.15.53.28_veh-38_00184_02293,1.0,2021.07.09.15.53.28_veh-38_00184_02293,1.0,0.0
3f1b608fff335993,2021.07.09.20.26.06_veh-35_02793_03289,1.0,2021.07.09.20.26.06_veh-35_02793_03289,1.0,0.0
3f27444710fd5dfc,2021.08.31.11.47.30_veh-40_00919_01000,0.9399466075989253,2021.08.31.11.47.30_veh-40_00919_01000,0.9544472034696189,0.014500595870693522
3f4ac4bbbdc05fba,2021.06.09.12.51.31_veh-35_01729_02626,0.9567506125065898,2021.06.09.12.51.31_veh-35_01729_02626,1.0,0.04324938749341023
3f69fae28f2b5905,2021.06.09.12.06.35_veh-35_01164_01494,0.9961702347019258,2021.06.09.12.06.35_veh-35_01164_01494,1.0,0.003829765298074217
3f83ff89a0b8508a,2021.06.09.12.06.35_veh-35_01164_01494,0.9741002964793715,2021.06.09.12.06.35_veh-35_01164_01494,0.9881753640876252,0.014075067608253722
3f84de43587e5aef,2021.06.09.12.51.31_veh-35_01729_02626,0.8043089559488306,2021.06.09.12.51.31_veh-35_01729_02626,0.8134450945247389,0.009136138575908337
3f89da0001805a55,2021.10.11.02.57.41_veh-50_02155_02265,0.8730796292525853,2021.10.11.02.57.41_veh-50_02155_02265,0.8860939266541923,0.013014297401606978
3fa2f81cff025162,2021.06.23.17.31.36_veh-16_00016_00377,0.9978143664614585,2021.06.23.17.31.36_veh-16_00016_00377,1.0,0.0021856335385415093
3fdaab2718695484,2021.06.09.12.06.35_veh-35_01164_01494,0.9434855051922366,2021.06.09.12.06.35_veh-35_01164_01494,0.9621554054962984,0.018669900304061793
3fdb06fa757c5bc4,2021.07.09.15.53.28_veh-38_00184_02293,1.0,2021.07.09.15.53.28_veh-38_00184_02293,1.0,0.0
3ff65804fed251f6,2021.10.11.02.57.41_veh-50_02155_02265,0.901931942593333,2021.10.11.02.57.41_veh-50_02155_02265,0.9151551250069996,0.013223182413666601
400ad97140e45645,2021.10.11.02.57.41_veh-50_02155_02265,0.0,2021.10.11.02.57.41_veh-50_02155_02265,0.0,0.0
403a5dbfac5e5dc0,2021.07.09.15.53.28_veh-38_00184_02293,0.9646619644127693,2021.07.09.15.53.28_veh-38_00184_02293,1.0,0.0353380355872307
404cf17b53805018,2021.06.23.17.31.36_veh-16_00016_00377,0.8734078905567225,2021.06.23.17.31.36_veh-16_00016_00377,0.9103345554233409,0.03692666486661833
405732349b21524a,2021.06.23.17.31.36_veh-16_00016_00377,1.0,2021.06.23.17.31.36_veh-16_00016_00377,1.0,0.0
40d427a5bcb95ad2,2021.10.05.08.11.15_veh-50_00437_00585,0.9382952779929783,2021.10.05.08.11.15_veh-50_00437_00585,0.9520621653287391,0.013766887335760813
40f9eae0b93e5fa4,2021.07.09.15.53.28_veh-38_00184_02293,0.931061331099371,2021.07.09.15.53.28_veh-38_00184_02293,0.9487678452416597,0.017706514142288743
411704ad095950e8,2021.10.11.02.57.41_veh-50_01028_01289,0.891128627301794,2021.10.11.02.57.41_veh-50_01028_01289,0.9051731734308401,0.014044546129046154
411aeffde8b7585c,2021.07.09.20.26.06_veh-35_02793_03289,0.863969635506373,2021.07.09.20.26.06_veh-35_02793_03289,0.8953154460869012,0.03134581058052821
4153f9fad2735b7d,2021.07.09.20.26.06_veh-35_02793_03289,0.8921835061626855,2021.07.09.20.26.06_veh-35_02793_03289,0.9290882488529432,0.036904742690257675
41c88af990a15d28,2021.07.09.15.53.28_veh-38_00184_02293,0.9764689657465808,2021.07.09.15.53.28_veh-38_00184_02293,0.9949766141748582,0.018507648428277346
41c8ecae08035b9f,2021.06.09.12.51.31_veh-35_01729_02626,0.9077909258683158,2021.06.09.12.51.31_veh-35_01729_02626,0.9427882686503588,0.03499734278204303
4209beddef055db5,2021.10.11.02.57.41_veh-50_02155_02265,0.9246534410023418,2021.10.11.02.57.41_veh-50_02155_02265,0.9395609639069619,0.014907522904620052
426ed461133659f6,2021.07.09.15.53.28_veh-38_00184_02293,1.0,2021.07.09.15.53.28_veh-38_00184_02293,1.0,0.0
42ba979bc4555510,2021.06.09.12.06.35_veh-35_01164_01494,0.9907436332330313,2021.06.09.12.06.35_veh-35_01164_01494,1.0,0.009256366766968727
430bf2218f6454aa,2021.06.09.12.51.31_veh-35_01729_02626,0.8607671548792709,2021.06.09.12.51.31_veh-35_01729_02626,0.9020105516828079,0.04124339680353695
430e3153311b5792,2021.07.09.15.53.28_veh-38_00184_02293,1.0,2021.07.09.15.53.28_veh-38_00184_02293,1.0,0.0
43344715c88b50bc,2021.10.05.07.49.39_veh-52_00770_00905,0.9127448606368072,2021.10.05.07.49.39_veh-52_00770_00905,0.9255516005508961,0.012806739914088983
433f5b72f4465952,2021.06.09.12.06.35_veh-35_01164_01494,0.9588514671608886,2021.06.09.12.06.35_veh-35_01164_01494,0.9735135901270033,0.014662122966114688
43780b9368175ad1,2021.07.09.15.53.28_veh-38_00184_02293,0.875,2021.07.09.15.53.28_veh-38_00184_02293,0.875,0.0
43a10e21990254ae,2021.06.09.20.26.11_veh-35_00970_01216,0.9565671823467954,2021.06.09.20.26.11_veh-35_00970_01216,0.8435072122528995,-0.1130599700938959
43ab1fa546f15565,2021.07.09.20.26.06_veh-35_02793_03289,0.9397664770550945,2021.07.09.20.26.06_veh-35_02793_03289,0.9643197153213388,0.024553238266244226
43e443ef433256ae,2021.06.09.14.50.36_veh-26_02826_02955,0.9280476476122945,2021.06.09.14.50.36_veh-26_02826_02955,0.8567718737199694,-0.07127577389232509
4447336863e85fee,2021.10.11.02.57.41_veh-50_02155_02265,0.9235845179706034,2021.10.11.02.57.41_veh-50_02155_02265,0.9380358173676908,0.014451299397087447
44ff523a46c05629,2021.10.05.07.49.39_veh-52_00770_00905,0.9085653740929706,2021.10.05.07.49.39_veh-52_00770_00905,0.9236582294514586,0.015092855358488033
45024816c0275064,2021.10.05.07.49.39_veh-52_00770_00905,0.9043019985841262,2021.10.05.07.49.39_veh-52_00770_00905,0.9176424255341645,0.013340426950038342
450824ec3ef35679,2021.07.09.15.53.28_veh-38_00184_02293,0.9283176516909273,2021.07.09.15.53.28_veh-38_00184_02293,0.9897432406181692,0.061425588927241925
450f27a1f39652ec,2021.07.09.20.26.06_veh-35_02793_03289,0.9461192184835642,2021.07.09.20.26.06_veh-35_02793_03289,1.0,0.05388078151643583
451111f6221956c4,2021.06.09.17.23.18_veh-38_01598_01750,1.0,2021.06.09.17.23.18_veh-38_01598_01750,1.0,0.0
45141a99f80a5ca4,2021.10.11.02.57.41_veh-50_02155_02265,0.9046242534576052,2021.10.11.02.57.41_veh-50_02155_02265,0.9184663483764612,0.013842094918856018
451778af83945a84,2021.07.09.15.53.28_veh-38_00184_02293,1.0,2021.07.09.15.53.28_veh-38_00184_02293,0.875,-0.125
4531dcdda8b55e7e,2021.07.09.15.53.28_veh-38_00184_02293,1.0,2021.07.09.15.53.28_veh-38_00184_02293,0.875,-0.125
454730f7ec7a53d5,2021.07.09.15.53.28_veh-38_00184_02293,1.0,2021.07.09.15.53.28_veh-38_00184_02293,0.0,-1.0
455a180c084a5fe3,2021.07.09.15.53.28_veh-38_00184_02293,1.0,2021.07.09.15.53.28_veh-38_00184_02293,0.875,-0.125
459f16faaa0e51bf,2021.10.11.02.57.41_veh-50_01028_01289,0.8951016027744096,2021.10.11.02.57.41_veh-50_01028_01289,0.9144148316737228,0.019313228899313195
4654d4efac165b55,2021.07.09.15.53.28_veh-38_00184_02293,0.9892542835193265,2021.07.09.15.53.28_veh-38_00184_02293,1.0,0.010745716480673462
46f4df809f995260,2021.07.09.15.53.28_veh-38_00184_02293,1.0,2021.07.09.15.53.28_veh-38_00184_02293,1.0,0.0
473469a94bd255b5,2021.06.09.12.06.35_veh-35_01164_01494,0.9147040961296563,2021.06.09.12.06.35_veh-35_01164_01494,0.9659236995893337,0.051219603459677354
47520165cdf25645,2021.06.09.20.26.11_veh-35_00970_01216,0.9293754561554113,2021.06.09.20.26.11_veh-35_00970_01216,0.9629835773007243,0.033608121145312975
4761f5676fad5760,2021.07.09.15.53.28_veh-38_00184_02293,0.933487068239118,2021.07.09.15.53.28_veh-38_00184_02293,0.9679808022905572,0.034493734051439184
47758e53165b5478,2021.06.09.12.51.31_veh-35_01729_02626,0.8959463694014892,2021.06.09.12.51.31_veh-35_01729_02626,0.9060078472871139,0.010061477885624726
47dd5e581cf559fd,2021.06.09.12.51.31_veh-35_01729_02626,1.0,2021.06.09.12.51.31_veh-35_01729_02626,1.0,0.0
4800b224fabb56f2,2021.07.09.15.53.28_veh-38_00184_02293,0.9280954286254326,2021.07.09.15.53.28_veh-38_00184_02293,0.9468503909739212,0.018754962348488613
486ae50490cf589c,2021.06.09.12.51.31_veh-35_01729_02626,0.9983760434353998,2021.06.09.12.51.31_veh-35_01729_02626,1.0,0.0016239565646002374
4876b61c929f5180,2021.10.05.08.11.15_veh-50_00437_00585,0.9480617503489897,2021.10.05.08.11.15_veh-50_00437_00585,0.9670553055237492,0.018993555174759535
4878391796105da9,2021.10.05.08.11.15_veh-50_00437_00585,0.8823356259500793,2021.10.05.08.11.15_veh-50_00437_00585,0.9017962133272874,0.019460587377208127
48e72666aed858f6,2021.07.09.15.53.28_veh-38_00184_02293,1.0,2021.07.09.15.53.28_veh-38_00184_02293,1.0,0.0
48ed922936d85f0d,2021.07.09.20.26.06_veh-35_02793_03289,0.9151520728253312,2021.07.09.20.26.06_veh-35_02793_03289,0.9318809459555979,0.01672887313026672
48fc3189008a5754,2021.08.31.11.47.30_veh-40_00919_01000,0.9590373121763578,2021.08.31.11.47.30_veh-40_00919_01000,0.9933300461530729,0.03429273397671506
48ff23d4f1d15802,2021.06.09.12.06.35_veh-35_01164_01494,0.9807388532510154,2021.06.09.12.06.35_veh-35_01164_01494,1.0,0.019261146748984603
490822629fe05bc3,2021.06.09.12.51.31_veh-35_01729_02626,0.8997831314292495,2021.06.09.12.51.31_veh-35_01729_02626,0.9482970204760489,0.04851388904679943
490c8875ae7a5f43,2021.06.09.20.26.11_veh-35_00970_01216,1.0,2021.06.09.20.26.11_veh-35_00970_01216,1.0,0.0
492174f0a0be5e87,2021.07.09.20.26.06_veh-35_02793_03289,0.9608196153533424,2021.07.09.20.26.06_veh-35_02793_03289,1.0,0.03918038464665763
49593af9450356f9,2021.06.09.20.26.11_veh-35_00970_01216,1.0,2021.06.09.20.26.11_veh-35_00970_01216,1.0,0.0
49de524392295e5e,2021.07.09.15.53.28_veh-38_00184_02293,1.0,2021.07.09.15.53.28_veh-38_00184_02293,0.0,-1.0
4a0f91eff7365a83,2021.07.09.15.53.28_veh-38_00184_02293,0.9804486723995175,2021.07.09.15.53.28_veh-38_00184_02293,0.9940528349608891,0.013604162561371647
4a55e5cc75c55276,2021.06.09.12.51.31_veh-35_01729_02626,1.0,2021.06.09.12.51.31_veh-35_01729_02626,1.0,0.0
4a823fa4423e526b,2021.06.09.17.23.18_veh-38_01598_01750,1.0,2021.06.09.17.23.18_veh-38_01598_01750,1.0,0.0
4aa20b4afd5d585e,2021.06.09.12.06.35_veh-35_01164_01494,0.9346075503144615,2021.06.09.12.06.35_veh-35_01164_01494,0.9866433257981184,0.0520357754836569
4ab41adbd94856a2,2021.06.09.17.23.18_veh-38_01598_01750,0.9343548426775721,2021.06.09.17.23.18_veh-38_01598_01750,0.950572838799689,0.01621799612211694
4ac26d15063b57c9,2021.06.09.20.26.11_veh-35_00970_01216,1.0,2021.06.09.20.26.11_veh-35_00970_01216,0.875,-0.125
4b012a201ee458a0,2021.07.09.20.26.06_veh-35_02793_03289,0.9200374214289392,2021.07.09.20.26.06_veh-35_02793_03289,0.9410231395912392,0.020985718162299993
4b0684256b7c514b,2021.06.09.12.06.35_veh-35_01164_01494,0.9631467197904567,2021.06.09.12.06.35_veh-35_01164_01494,0.9773407081137168,0.01419398832326002
4b0db1652aa857f0,2021.06.23.17.31.36_veh-16_00016_00377,1.0,2021.06.23.17.31.36_veh-16_00016_00377,1.0,0.0
4b20e22658c258a4,2021.06.09.12.51.31_veh-35_01729_02626,1.0,2021.06.09.12.51.31_veh-35_01729_02626,1.0,0.0
4b5083dbc8205fd4,2021.07.09.15.53.28_veh-38_00184_02293,0.9769989945583057,2021.07.09.15.53.28_veh-38_00184_02293,1.0,0.023001005441694256
4b66fd3a626b5be8,2021.10.01.17.52.06_veh-28_01141_01264,0.9930357979864781,2021.10.01.17.52.06_veh-28_01141_01264,1.0,0.006964202013521881
4b8081ab8642513d,2021.10.11.02.57.41_veh-50_02155_02265,0.8997297058614142,2021.10.11.02.57.41_veh-50_02155_02265,0.9132646666081887,0.013534960746774516
4b9cb144a34f517d,2021.10.05.07.49.39_veh-52_00770_00905,0.9097348279969619,2021.10.05.07.49.39_veh-52_00770_00905,0.9230510538020726,0.013316225805110715
4bb5e84b73765d38,2021.06.23.17.31.36_veh-16_00016_00377,1.0,2021.06.23.17.31.36_veh-16_00016_00377,1.0,0.0
4bc9550363e85b1a,2021.07.09.15.53.28_veh-38_00184_02293,1.0,2021.07.09.15.53.28_veh-38_00184_02293,1.0,0.0
4c1205c3cd395ed2,2021.06.09.12.51.31_veh-35_01729_02626,1.0,2021.06.09.12.51.31_veh-35_01729_02626,1.0,0.0
4c2f4189a319584d,2021.10.01.17.52.06_veh-28_01141_01264,0.8485121585648244,2021.10.01.17.52.06_veh-28_01141_01264,0.8939478436781548,0.045435685113330404
4c353752376d5c25,2021.06.09.12.06.35_veh-35_01164_01494,0.9635475654996362,2021.06.09.12.06.35_veh-35_01164_01494,0.8538173653866741,-0.10973020011296208
4c766faa415253e3,2021.06.09.12.51.31_veh-35_01729_02626,0.8869821420004167,2021.06.09.12.51.31_veh-35_01729_02626,0.9220820057143957,0.035099863713978996
4c85b529b06d5b94,2021.06.09.12.51.31_veh-35_01729_02626,0.8646229655634254,2021.06.09.12.51.31_veh-35_01729_02626,0.9253538502332146,0.060730884669789154
4c93ba429cab5645,2021.07.09.15.53.28_veh-38_00184_02293,0.9782649022228505,2021.07.09.15.53.28_veh-38_00184_02293,1.0,0.021735097777149548
4d0eb0b583f853ff,2021.07.09.15.53.28_veh-38_00184_02293,0.9158583747524425,2021.07.09.15.53.28_veh-38_00184_02293,0.9607139880609796,0.04485561330853716
4d0efac8ead15d25,2021.06.09.20.26.11_veh-35_00970_01216,0.9353502120059598,2021.06.09.20.26.11_veh-35_00970_01216,0.9742538612592628,0.03890364925330303
4d134b35adf65ce9,2021.07.09.15.53.28_veh-38_00184_02293,0.9751733652451775,2021.07.09.15.53.28_veh-38_00184_02293,0.99222302454042,0.017049659295242492
4d30b4c498505f32,2021.06.09.12.51.31_veh-35_01729_02626,0.9513244212661466,2021.06.09.12.51.31_veh-35_01729_02626,0.8645374430233523,-0.08678697824279424
4d3bbcab2f7e5b9c,2021.07.09.15.53.28_veh-38_00184_02293,1.0,2021.07.09.15.53.28_veh-38_00184_02293,1.0,0.0
4d431311516d5e88,2021.10.01.17.52.06_veh-28_01141_01264,0.8574177814935469,2021.10.01.17.52.06_veh-28_01141_01264,0.875,0.01758221850645314
4d492375c1705fc3,2021.10.11.02.57.41_veh-50_02155_02265,0.8466209585244575,2021.10.11.02.57.41_veh-50_02155_02265,0.8549183945858709,0.008297436061413421
4d4d6e694a7f5712,2021.10.11.02.57.41_veh-50_02155_02265,0.903992980026416,2021.10.11.02.57.41_veh-50_02155_02265,0.9189514443896334,0.01495846436321735
4d540daaddb15826,2021.10.11.02.57.41_veh-50_01028_01289,0.9377147200303105,2021.10.11.02.57.41_veh-50_01028_01289,0.9731209495571892,0.03540622952687866
4dc05b556a2657fa,2021.10.05.07.49.39_veh-52_00770_00905,0.7788506896226066,2021.10.05.07.49.39_veh-52_00770_00905,0.7924687422705549,0.013618052647948242
4dcfadf46bc25e5e,2021.10.05.07.49.39_veh-52_00770_00905,0.9292407419359228,2021.10.05.07.49.39_veh-52_00770_00905,0.9448254500921021,0.015584708156179294
4e658bb5f80a5664,2021.07.16.22.40.23_veh-38_00204_00360,0.9332910088157679,2021.07.16.22.40.23_veh-38_00204_00360,0.8265739846611433,-0.10671702415462458
4e6d17912b905e9e,2021.07.09.15.53.28_veh-38_00184_02293,0.9880829424754984,2021.07.09.15.53.28_veh-38_00184_02293,1.0,0.011917057524501562
4e9c5280dadd5f24,2021.10.05.07.49.39_veh-52_00770_00905,0.9494282262898118,2021.10.05.07.49.39_veh-52_00770_00905,0.9646533586113631,0.015225132321551316
4f02764ce23c5c1d,2021.10.11.02.57.41_veh-50_01028_01289,0.875,2021.10.11.02.57.41_veh-50_01028_01289,0.875,0.0
4f1bb67e8f4356a0,2021.07.09.15.53.28_veh-38_00184_02293,0.9817037456180684,2021.07.09.15.53.28_veh-38_00184_02293,0.8732578978377783,-0.1084458477802901
4f3e703c35e05679,2021.07.09.20.26.06_veh-35_02793_03289,1.0,2021.07.09.20.26.06_veh-35_02793_03289,1.0,0.0
4f54af46fbf95346,2021.06.09.12.51.31_veh-35_01729_02626,1.0,2021.06.09.12.51.31_veh-35_01729_02626,1.0,0.0
4f733785b3b35f8a,2021.07.09.15.53.28_veh-38_00184_02293,0.6947357315329646,2021.07.09.15.53.28_veh-38_00184_02293,0.7356913072130489,0.04095557568008423
4f8295d76d505277,2021.07.09.15.53.28_veh-38_00184_02293,0.9230933621833638,2021.07.09.15.53.28_veh-38_00184_02293,0.9478514597370704,0.024758097553706615
4f9307fe01455d95,2021.07.09.15.53.28_veh-38_00184_02293,0.8733152000106748,2021.07.09.15.53.28_veh-38_00184_02293,0.9081763502380023,0.0348611502273275
4f9e9b2e8e77599c,2021.06.23.17.31.36_veh-16_00016_00377,0.875,2021.06.23.17.31.36_veh-16_00016_00377,1.0,0.125
4fa81c07c7d75515,2021.07.09.15.53.28_veh-38_00184_02293,0.75,2021.07.09.15.53.28_veh-38_00184_02293,0.75,0.0
4fcd13a2adeb5406,2021.06.09.12.51.31_veh-35_01729_02626,0.989719454974532,2021.06.09.12.51.31_veh-35_01729_02626,1.0,0.010280545025468046
4fd253304da7581e,2021.10.05.07.49.39_veh-52_00770_00905,0.931370155718896,2021.10.05.07.49.39_veh-52_00770_00905,0.9485735251037948,0.017203369384898748
4fe2c5e04d795883,2021.10.11.02.57.41_veh-50_01028_01289,0.9072115190840002,2021.10.11.02.57.41_veh-50_01028_01289,0.9218542308918544,0.014642711807854147
4ff0a2b15a835463,2021.10.11.02.57.41_veh-50_01028_01289,0.8829520901748724,2021.10.11.02.57.41_veh-50_01028_01289,0.8928501643876408,0.009898074212768337
4ffe9e73ad0f5c34,2021.06.09.12.51.31_veh-35_01729_02626,0.8868919201094381,2021.06.09.12.51.31_veh-35_01729_02626,0.9271690334241786,0.04027711331474049
5007e9f5013b5580,2021.08.31.14.01.15_veh-40_01576_01714,0.8187667213692017,2021.08.31.14.01.15_veh-40_01576_01714,0.8321080613666889,0.013341339997487212
505332fa85dc5953,2021.07.09.15.53.28_veh-38_00184_02293,0.875,2021.07.09.15.53.28_veh-38_00184_02293,0.875,0.0
50a4d68137ac5d01,2021.07.09.15.53.28_veh-38_00184_02293,1.0,2021.07.09.15.53.28_veh-38_00184_02293,1.0,0.0
50b0ab9dfc405cae,2021.06.09.12.06.35_veh-35_01164_01494,0.9345589496232554,2021.06.09.12.06.35_veh-35_01164_01494,0.9786307183439512,0.04407176872069585
50d1a9ffaa2c54a4,2021.07.09.20.26.06_veh-35_02793_03289,1.0,2021.07.09.20.26.06_veh-35_02793_03289,1.0,0.0
50de3d17be6c5ced,2021.07.09.20.26.06_veh-35_02793_03289,1.0,2021.07.09.20.26.06_veh-35_02793_03289,1.0,0.0
50ecb53bbcdd5c19,2021.06.09.12.51.31_veh-35_01729_02626,0.9208468655180588,2021.06.09.12.51.31_veh-35_01729_02626,0.9475441139233515,0.02669724840529264
512f45f4f0ab5a1b,2021.07.09.15.53.28_veh-38_00184_02293,1.0,2021.07.09.15.53.28_veh-38_00184_02293,1.0,0.0
515b07ed8b6a5e82,2021.06.23.17.31.36_veh-16_00016_00377,1.0,2021.06.23.17.31.36_veh-16_00016_00377,1.0,0.0
51649a3ccd735dff,2021.06.09.12.51.31_veh-35_01729_02626,0.9852989737474898,2021.06.09.12.51.31_veh-35_01729_02626,1.0,0.01470102625251024
5185fdb2837d502b,2021.07.09.15.53.28_veh-38_00184_02293,0.9736125093132948,2021.07.09.15.53.28_veh-38_00184_02293,0.9987710072739715,0.025158497960676707
51bfd099a0795409,2021.08.31.11.47.30_veh-40_00919_01000,0.9477900429089452,2021.08.31.11.47.30_veh-40_00919_01000,0.996720753460072,0.048930710551126855
51dc80968c9c5e08,2021.10.05.08.11.15_veh-50_00437_00585,0.9145389945061854,2021.10.05.08.11.15_veh-50_00437_00585,0.9306325915033261,0.016093596997140747
51f7835e4ba057be,2021.10.01.17.52.06_veh-28_01141_01264,0.8118352527801567,2021.10.01.17.52.06_veh-28_01141_01264,0.8207903743692477,0.008955121589091064
5224265091a55a68,2021.10.05.07.49.39_veh-52_00770_00905,0.8569623413639049,2021.10.05.07.49.39_veh-52_00770_00905,0.8740606867481155,0.017098345384210623
5224833f970051df,2021.06.09.12.51.31_veh-35_01729_02626,0.9088874568784866,2021.06.09.12.51.31_veh-35_01729_02626,0.956391753042542,0.04750429616405538
522fca1441c455a1,2021.06.09.12.51.31_veh-35_01729_02626,1.0,2021.06.09.12.51.31_veh-35_01729_02626,1.0,0.0
5238b46a3bea52ce,2021.06.09.17.23.18_veh-38_01598_01750,1.0,2021.06.09.17.23.18_veh-38_01598_01750,1.0,0.0
5280d017318c5f4f,2021.07.09.15.53.28_veh-38_00184_02293,1.0,2021.07.09.15.53.28_veh-38_00184_02293,1.0,0.0
52c34d4f01925f11,2021.10.11.02.57.41_veh-50_02155_02265,0.8965272960648616,2021.10.11.02.57.41_veh-50_02155_02265,0.7830477166852567,-0.11347957937960484
52d9b7c0daa5529a,2021.07.09.20.26.06_veh-35_02793_03289,1.0,2021.07.09.20.26.06_veh-35_02793_03289,1.0,0.0
5328c67f17ae5e3e,2021.07.09.15.53.28_veh-38_00184_02293,0.9542340858040439,2021.07.09.15.53.28_veh-38_00184_02293,0.9707567347748478,0.01652264897080391
537866cb077d586d,2021.07.09.15.53.28_veh-38_00184_02293,1.0,2021.07.09.15.53.28_veh-38_00184_02293,1.0,0.0
5385779df4685a12,2021.06.09.14.50.36_veh-26_02826_02955,1.0,2021.06.09.14.50.36_veh-26_02826_02955,1.0,0.0
539393ec03d3569f,2021.10.11.02.57.41_veh-50_01028_01289,0.905652713079464,2021.10.11.02.57.41_veh-50_01028_01289,0.9151073007393031,0.009454587659839087
53947195964b5ddc,2021.07.09.15.53.28_veh-38_00184_02293,1.0,2021.07.09.15.53.28_veh-38_00184_02293,1.0,0.0
539519a77270528a,2021.07.09.15.53.28_veh-38_00184_02293,1.0,2021.07.09.15.53.28_veh-38_00184_02293,1.0,0.0
53a2eb4f1d1b5b6e,2021.06.09.12.51.31_veh-35_01729_02626,1.0,2021.06.09.12.51.31_veh-35_01729_02626,1.0,0.0
53ead5dd09575f56,2021.06.09.17.23.18_veh-38_01598_01750,0.9646989152837856,2021.06.09.17.23.18_veh-38_01598_01750,0.9800521812420319,0.015353265958246265
53fbf0500ccf5c81,2021.10.11.02.57.41_veh-50_01028_01289,1.0,2021.10.11.02.57.41_veh-50_01028_01289,1.0,0.0
53fc4d372fa5530d,2021.06.09.12.51.31_veh-35_01729_02626,1.0,2021.06.09.12.51.31_veh-35_01729_02626,1.0,0.0
54631ddbf6855a9a,2021.07.09.15.53.28_veh-38_00184_02293,1.0,2021.07.09.15.53.28_veh-38_00184_02293,1.0,0.0
547b22ed67af5503,2021.06.23.17.31.36_veh-16_00016_00377,0.8900457912364005,2021.06.23.17.31.36_veh-16_00016_00377,0.9561462704207668,0.06610047918436635
54cabf997c2e54ec,2021.07.09.15.53.28_veh-38_00184_02293,0.964153577642485,2021.07.09.15.53.28_veh-38_00184_02293,0.9845931526168228,0.020439574974337793
54d3068f889b58ee,2021.07.09.20.26.06_veh-35_02793_03289,0.911098099308034,2021.07.09.20.26.06_veh-35_02793_03289,0.9375197580541625,0.026421658746128562
54ea093eed9f5c7f,2021.06.09.12.06.35_veh-35_01164_01494,0.9509757169403628,2021.06.09.12.06.35_veh-35_01164_01494,0.9645960940143238,0.01362037707396102
550c71438a10581d,2021.07.09.15.53.28_veh-38_00184_02293,1.0,2021.07.09.15.53.28_veh-38_00184_02293,1.0,0.0
551a93bd32f95ef1,2021.10.11.02.57.41_veh-50_02155_02265,0.9032150164995676,2021.10.11.02.57.41_veh-50_02155_02265,0.9197721727790876,0.016557156279520036
55934aa7214d511e,2021.07.09.20.26.06_veh-35_02793_03289,0.9293089461139644,2021.07.09.20.26.06_veh-35_02793_03289,0.9496093530307739,0.020300406916809455
559a7a5262b355c3,2021.10.11.02.57.41_veh-50_02155_02265,0.9090431199523717,2021.10.11.02.57.41_veh-50_02155_02265,0.9238670360445019,0.014823916092130185
55a358158723559c,2021.07.09.15.53.28_veh-38_00184_02293,1.0,2021.07.09.15.53.28_veh-38_00184_02293,1.0,0.0
55bf0e4266ce5eee,2021.06.09.12.51.31_veh-35_01729_02626,0.8025102231980528,2021.06.09.12.51.31_veh-35_01729_02626,0.8292229614487474,0.026712738250694645
55c60c81e14e5d94,2021.07.09.15.53.28_veh-38_00184_02293,1.0,2021.07.09.15.53.28_veh-38_00184_02293,1.0,0.0
55d627edf1c05c6c,2021.06.09.12.06.35_veh-35_01164_01494,1.0,2021.06.09.12.06.35_veh-35_01164_01494,1.0,0.0
55d8e5c3dd4657d5,2021.10.11.02.57.41_veh-50_01028_01289,0.9111453249254302,2021.10.11.02.57.41_veh-50_01028_01289,0.9274302903329066,0.01628496540747637
56197cc9035d51a9,2021.07.09.20.26.06_veh-35_02793_03289,0.9690569095550869,2021.07.09.20.26.06_veh-35_02793_03289,0.9833825041546906,0.014325594599603697
562fcb37e4e05697,2021.07.09.15.53.28_veh-38_00184_02293,1.0,2021.07.09.15.53.28_veh-38_00184_02293,1.0,0.0
5648007488815d22,2021.07.09.15.53.28_veh-38_00184_02293,1.0,2021.07.09.15.53.28_veh-38_00184_02293,0.0,-1.0
566e8d71b2da589a,2021.10.05.07.49.39_veh-52_00770_00905,1.0,2021.10.05.07.49.39_veh-52_00770_00905,1.0,0.0
5689b5417b1b59fa,2021.10.11.02.57.41_veh-50_01028_01289,0.9093426588167043,2021.10.11.02.57.41_veh-50_01028_01289,0.927505629920022,0.01816297110331766
56910770f2c1527a,2021.07.09.20.26.06_veh-35_02793_03289,1.0,2021.07.09.20.26.06_veh-35_02793_03289,1.0,0.0
56951c953e93531f,2021.07.09.15.53.28_veh-38_00184_02293,0.9609194426875112,2021.07.09.15.53.28_veh-38_00184_02293,0.9811222238418107,0.02020278115429952
56955c6aafab5e58,2021.07.09.15.53.28_veh-38_00184_02293,0.8126263308863342,2021.07.09.15.53.28_veh-38_00184_02293,0.8237159027576293,0.011089571871295112
56c1c01423045c64,2021.07.09.20.26.06_veh-35_02793_03289,1.0,2021.07.09.20.26.06_veh-35_02793_03289,1.0,0.0
56cbb46576da5737,2021.06.09.20.26.11_veh-35_00970_01216,0.9314788114565484,2021.06.09.20.26.11_veh-35_00970_01216,1.0,0.06852118854345157
5727f0aed1fa5000,2021.07.09.15.53.28_veh-38_00184_02293,1.0,2021.07.09.15.53.28_veh-38_00184_02293,1.0,0.0
572befcf57675103,2021.07.09.15.53.28_veh-38_00184_02293,0.9803679898632361,2021.07.09.15.53.28_veh-38_00184_02293,1.0,0.019632010136763856
577dd51dad5c513c,2021.07.09.15.53.28_veh-38_00184_02293,1.0,2021.07.09.15.53.28_veh-38_00184_02293,0.0,-1.0
57e56c60ae355a07,2021.06.23.17.31.36_veh-16_00016_00377,0.907817607074209,2021.06.23.17.31.36_veh-16_00016_00377,0.9260172670561593,0.018199659981950278
57ee8b6bcf335177,2021.08.31.14.01.15_veh-40_01576_01714,1.0,2021.08.31.14.01.15_veh-40_01576_01714,1.0,0.0
57f67c6a726a5dd2,2021.10.11.02.57.41_veh-50_02155_02265,0.8701534998717368,2021.10.11.02.57.41_veh-50_02155_02265,0.8783775776884083,0.008224077816671449
5827e60e48d756b4,2021.06.09.17.23.18_veh-38_01598_01750,0.9418681126087559,2021.06.09.17.23.18_veh-38_01598_01750,0.9577420876878726,0.015873975079116698
583d770feb1f50e6,2021.07.09.15.53.28_veh-38_00184_02293,1.0,2021.07.09.15.53.28_veh-38_00184_02293,1.0,0.0
58405a1838c55fce,2021.07.09.15.53.28_veh-38_00184_02293,1.0,2021.07.09.15.53.28_veh-38_00184_02293,1.0,0.0
58877588439e5ce1,2021.07.09.15.53.28_veh-38_00184_02293,0.0,2021.07.09.15.53.28_veh-38_00184_02293,0.9826662926778096,0.9826662926778096
58be05020c705538,2021.06.09.14.50.36_veh-26_02826_02955,1.0,2021.06.09.14.50.36_veh-26_02826_02955,0.875,-0.125
58bfaccfd1865d81,2021.10.11.02.57.41_veh-50_02155_02265,0.9254395442182963,2021.10.11.02.57.41_veh-50_02155_02265,0.9412663932040486,0.015826848985752262
58d478dd02905d2e,2021.10.05.07.49.39_veh-52_00770_00905,0.9099258630587745,2021.10.05.07.49.39_veh-52_00770_00905,0.8331967264897184,-0.07672913656905611
5911aec9fe745d2a,2021.07.09.15.53.28_veh-38_00184_02293,0.8866260027795365,2021.07.09.15.53.28_veh-38_00184_02293,0.9229190716314117,0.03629306885187522
592e6aa71cc85423,2021.06.09.12.06.35_veh-35_01164_01494,0.9525985189015732,2021.06.09.12.06.35_veh-35_01164_01494,1.0,0.04740148109842679
594cd290a93f538a,2021.10.05.07.49.39_veh-52_00770_00905,0.92649452288849,2021.10.05.07.49.39_veh-52_00770_00905,0.9710224230977671,0.044527900209277105
5980823125de5b77,2021.06.09.12.06.35_veh-35_01164_01494,0.9277963364879062,2021.06.09.12.06.35_veh-35_01164_01494,0.9435340555029799,0.015737719015073703
59a1bb2069d057ed,2021.06.09.12.51.31_veh-35_01729_02626,0.8380804103851176,2021.06.09.12.51.31_veh-35_01729_02626,0.8880781049093391,0.049997694524221536
59bfda4a7e5956eb,2021.06.09.12.51.31_veh-35_01729_02626,1.0,2021.06.09.12.51.31_veh-35_01729_02626,1.0,0.0
59c510d3bccd5105,2021.07.09.15.53.28_veh-38_00184_02293,0.9606734948139353,2021.07.09.15.53.28_veh-38_00184_02293,0.9945680889747713,0.03389459416083607
59cd72291d1b5c61,2021.06.09.12.06.35_veh-35_01164_01494,0.9766754042704875,2021.06.09.12.06.35_veh-35_01164_01494,0.9969292800941567,0.02025387582366922
5a0d659cee41562b,2021.07.09.15.53.28_veh-38_00184_02293,1.0,2021.07.09.15.53.28_veh-38_00184_02293,1.0,0.0
5a4abee0269d5262,2021.06.09.12.51.31_veh-35_01729_02626,0.9530232540700366,2021.06.09.12.51.31_veh-35_01729_02626,0.9784945182254782,0.025471264155441542
5a8f0cf120495354,2021.06.23.17.31.36_veh-16_00016_00377,0.9725798780317344,2021.06.23.17.31.36_veh-16_00016_00377,0.9883868730196337,0.01580699498789928
5a9dd500d2f15c87,2021.07.16.22.40.23_veh-38_00204_00360,0.9744193242720072,2021.07.16.22.40.23_veh-38_00204_00360,0.9948928159058381,0.020473491633830943
5ab86590974953e9,2021.06.09.20.26.11_veh-35_00970_01216,0.9639264704469718,2021.06.09.20.26.11_veh-35_00970_01216,0.9767822839584073,0.012855813511435499
5ad9e7defd1150e4,2021.10.05.08.11.15_veh-50_00437_00585,0.9232051922155835,2021.10.05.08.11.15_veh-50_00437_00585,0.9362596192697666,0.013054427054183138
5afc918b7a185eaa,2021.07.09.15.53.28_veh-38_00184_02293,1.0,2021.07.09.15.53.28_veh-38_00184_02293,1.0,0.0
5b03bd8400375f7e,2021.08.31.14.01.15_veh-40_01576_01714,0.7272148250269201,2021.08.31.14.01.15_veh-40_01576_01714,0.7382183763047907,0.01100355127787056
5b1c2e8998585889,2021.07.09.15.53.28_veh-38_00184_02293,1.0,2021.07.09.15.53.28_veh-38_00184_02293,1.0,0.0
5b1c7c1d71e85bd9,2021.06.09.12.06.35_veh-35_01164_01494,0.9449045581740775,2021.06.09.12.06.35_veh-35_01164_01494,0.985618116898317,0.04071355872423954
5b31ae74a6235b13,2021.07.09.15.53.28_veh-38_00184_02293,0.978621433766498,2021.07.09.15.53.28_veh-38_00184_02293,1.0,0.021378566233501983
5b33f44a53c35e48,2021.07.09.20.26.06_veh-35_02793_03289,1.0,2021.07.09.20.26.06_veh-35_02793_03289,1.0,0.0
5b7e8c4975ba58ec,2021.07.09.20.26.06_veh-35_02793_03289,1.0,2021.07.09.20.26.06_veh-35_02793_03289,1.0,0.0
5b8ed32be3d355d2,2021.07.09.15.53.28_veh-38_00184_02293,0.9756385022178449,2021.07.09.15.53.28_veh-38_00184_02293,0.9954838368423777,0.019845334624532862
5b9d89b5e90257d8,2021.06.09.12.06.35_veh-35_01164_01494,0.9917714462311416,2021.06.09.12.06.35_veh-35_01164_01494,1.0,0.008228553768858449
5bb0b67e360f5a85,2021.08.31.11.47.30_veh-40_00919_01000,0.9447817085597534,2021.08.31.11.47.30_veh-40_00919_01000,0.9626183249695897,0.017836616409836248
5bbe0b33a6375afe,2021.07.09.15.53.28_veh-38_00184_02293,1.0,2021.07.09.15.53.28_veh-38_00184_02293,1.0,0.0
5bdbf4af20945e83,2021.07.09.15.53.28_veh-38_00184_02293,0.9417062325858839,2021.07.09.15.53.28_veh-38_00184_02293,0.9915426439169273,0.04983641133104333
5be2f48d93925c02,2021.07.09.15.53.28_veh-38_00184_02293,0.9175436532605119,2021.07.09.15.53.28_veh-38_00184_02293,0.9280956967587697,0.01055204349825778
5bf6deabdf1355a1,2021.10.11.02.57.41_veh-50_02155_02265,0.9279880320562789,2021.10.11.02.57.41_veh-50_02155_02265,0.9426003106498454,0.014612278593566508
5bfc2ed8a9e55b31,2021.10.11.02.57.41_veh-50_01028_01289,0.8754006644183971,2021.10.11.02.57.41_veh-50_01028_01289,0.8887506693555424,0.013350004937145221
5c62daecead15772,2021.08.31.14.01.15_veh-40_01576_01714,0.8450597832642781,2021.08.31.14.01.15_veh-40_01576_01714,0.8597012819678558,0.014641498703577671
5d0b6e2c0cad53ce,2021.07.09.15.53.28_veh-38_00184_02293,0.8829734760654229,2021.07.09.15.53.28_veh-38_00184_02293,0.9192503832172952,0.03627690715187237
5d2ee5c23b555bac,2021.06.09.12.06.35_veh-35_01164_01494,0.9910694204739616,2021.06.09.12.06.35_veh-35_01164_01494,1.0,0.008930579526038374
5d5971cc468954e3,2021.08.31.14.01.15_veh-40_01576_01714,0.8110367943333496,2021.08.31.14.01.15_veh-40_01576_01714,0.8236794173135524,0.0126426229802028
5d626b0485e65f74,2021.10.11.02.57.41_veh-50_01028_01289,0.8635523155859501,2021.10.11.02.57.41_veh-50_01028_01289,0.875,0.011447684414049863
5d64663f086f5773,2021.10.05.07.49.39_veh-52_00770_00905,0.875,2021.10.05.07.49.39_veh-52_00770_00905,0.875,0.0
5d6fd74f1a555e69,2021.06.23.17.31.36_veh-16_00016_00377,0.97847560439012,2021.06.23.17.31.36_veh-16_00016_00377,0.9953610409593282,0.016885436569208156
5d95e24db2fa5ada,2021.07.09.15.53.28_veh-38_00184_02293,1.0,2021.07.09.15.53.28_veh-38_00184_02293,1.0,0.0
5dc2c6ffad8b5dd5,2021.06.09.12.51.31_veh-35_01729_02626,0.8981864813996856,2021.06.09.12.51.31_veh-35_01729_02626,0.9357208286395386,0.03753434723985305
5ded7f2e94075a10,2021.07.16.22.40.23_veh-38_00204_00360,1.0,2021.07.16.22.40.23_veh-38_00204_00360,1.0,0.0
5e6051742abd5859,2021.06.09.12.51.31_veh-35_01729_02626,0.867707892552393,2021.06.09.12.51.31_veh-35_01729_02626,0.9260265121047045,0.058318619552311546
5eea58c0ed9d5b4d,2021.07.09.15.53.28_veh-38_00184_02293,1.0,2021.07.09.15.53.28_veh-38_00184_02293,1.0,0.0
5f1d8aea61145907,2021.10.11.02.57.41_veh-50_01028_01289,0.8911897342812709,2021.10.11.02.57.41_veh-50_01028_01289,0.9124512207036874,0.021261486422416542
5f2e24464be0511a,2021.07.09.15.53.28_veh-38_00184_02293,0.9805590705870242,2021.07.09.15.53.28_veh-38_00184_02293,1.0,0.019440929412975816
5f5d82af40575c3a,2021.07.09.15.53.28_veh-38_00184_02293,1.0,2021.07.09.15.53.28_veh-38_00184_02293,1.0,0.0
5f6dc8b1b2475507,2021.06.09.17.23.18_veh-38_01598_01750,1.0,2021.06.09.17.23.18_veh-38_01598_01750,0.875,-0.125
5f7dadb16c9858e6,2021.10.11.02.57.41_veh-50_01028_01289,0.9035315888256044,2021.10.11.02.57.41_veh-50_01028_01289,0.917763559685177,0.014231970859572618
5f9d781b4e0a5e25,2021.07.09.15.53.28_veh-38_00184_02293,1.0,2021.07.09.15.53.28_veh-38_00184_02293,1.0,0.0
5fbbd408b7395036,2021.07.09.15.53.28_veh-38_00184_02293,1.0,2021.07.09.15.53.28_veh-38_00184_02293,1.0,0.0
5fec23f5a5d052cd,2021.06.09.12.06.35_veh-35_01164_01494,0.9689662280358791,2021.06.09.12.06.35_veh-35_01164_01494,0.9862124262201842,0.017246198184305173
600b68fede18549b,2021.07.09.20.26.06_veh-35_02793_03289,0.9912325427892766,2021.07.09.20.26.06_veh-35_02793_03289,1.0,0.008767457210723362
6033b22b61b55675,2021.10.05.07.49.39_veh-52_00770_00905,0.8907034381926299,2021.10.05.07.49.39_veh-52_00770_00905,0.899745701450924,0.009042263258294159
606628cc32715abd,2021.07.09.15.53.28_veh-38_00184_02293,1.0,2021.07.09.15.53.28_veh-38_00184_02293,1.0,0.0
60966830452a5fdb,2021.07.09.15.53.28_veh-38_00184_02293,1.0,2021.07.09.15.53.28_veh-38_00184_02293,1.0,0.0
60c8ea16ac0c5d80,2021.07.09.15.53.28_veh-38_00184_02293,1.0,2021.07.09.15.53.28_veh-38_00184_02293,1.0,0.0
60d83af8e3ec5296,2021.07.09.15.53.28_veh-38_00184_02293,0.9981516178474781,2021.07.09.15.53.28_veh-38_00184_02293,1.0,0.0018483821525219213
60d918263c15569b,2021.06.09.12.51.31_veh-35_01729_02626,0.8659167956964952,2021.06.09.12.51.31_veh-35_01729_02626,0.9183224493970307,0.052405653700535515
60dbf95d482051e1,2021.06.09.12.51.31_veh-35_01729_02626,1.0,2021.06.09.12.51.31_veh-35_01729_02626,1.0,0.0
615150631a0d5359,2021.07.09.15.53.28_veh-38_00184_02293,0.9688184717199378,2021.07.09.15.53.28_veh-38_00184_02293,0.9889882061988035,0.02016973447886561
6158d35892e55941,2021.10.05.08.11.15_veh-50_00437_00585,0.9916214253337341,2021.10.05.08.11.15_veh-50_00437_00585,1.0,0.008378574666265903
619751e2f7d45698,2021.07.09.20.26.06_veh-35_02793_03289,1.0,2021.07.09.20.26.06_veh-35_02793_03289,1.0,0.0
619b51912d2b518f,2021.10.11.02.57.41_veh-50_01028_01289,0.9094206232581604,2021.10.11.02.57.41_veh-50_01028_01289,0.9240107894392975,0.014590166181137065
61a1cff677ad53ae,2021.07.09.20.26.06_veh-35_02793_03289,1.0,2021.07.09.20.26.06_veh-35_02793_03289,1.0,0.0
61b475b0e8de50d4,2021.07.09.15.53.28_veh-38_00184_02293,0.9511738805730193,2021.07.09.15.53.28_veh-38_00184_02293,0.9661235752017703,0.014949694628750954
61b8de25e8b35665,2021.06.09.17.23.18_veh-38_01598_01750,0.8622909908692067,2021.06.09.17.23.18_veh-38_01598_01750,0.8986911063681682,0.036400115498961494
61ec98105b6454d1,2021.07.09.15.53.28_veh-38_00184_02293,0.8726536625520017,2021.07.09.15.53.28_veh-38_00184_02293,0.8979713984995801,0.025317735947578357
6209313b0b66517c,2021.06.23.17.31.36_veh-16_00016_00377,0.9474739231213779,2021.06.23.17.31.36_veh-16_00016_00377,0.9626731179565862,0.015199194835208263
62292b644c765f2d,2021.07.09.15.53.28_veh-38_00184_02293,0.9137967556529235,2021.07.09.15.53.28_veh-38_00184_02293,0.9234432509880316,0.009646495335108085
629a2f2a44f6575d,2021.06.23.17.31.36_veh-16_00016_00377,0.8963251319229074,2021.06.23.17.31.36_veh-16_00016_00377,0.9145336000389939,0.01820846811608645
62eeaae653ad58c0,2021.07.09.15.53.28_veh-38_00184_02293,1.0,2021.07.09.15.53.28_veh-38_00184_02293,1.0,0.0
6312e02de8755c63,2021.10.11.02.57.41_veh-50_01028_01289,0.9481567997812066,2021.10.11.02.57.41_veh-50_01028_01289,0.9790476846417713,0.030890884860564682
6320ecb991675a39,2021.10.05.08.11.15_veh-50_00437_00585,0.8962316159499343,2021.10.05.08.11.15_veh-50_00437_00585,0.9090881499204477,0.01285653397051345
6339f2317047535d,2021.06.23.17.31.36_veh-16_00016_00377,0.9275462136196703,2021.06.23.17.31.36_veh-16_00016_00377,0.9596322480295848,0.03208603440991453
633ee0b9bc865394,2021.06.09.12.06.35_veh-35_01164_01494,0.9160908759061299,2021.06.09.12.06.35_veh-35_01164_01494,0.9593121605367809,0.043221284630651
635bb611aa9a56e9,2021.06.09.20.26.11_veh-35_00970_01216,0.8958786786736728,2021.06.09.20.26.11_veh-35_00970_01216,0.934507302436355,0.03862862376268228
63747a8878bf5f38,2021.06.09.12.51.31_veh-35_01729_02626,0.8762481649643454,2021.06.09.12.51.31_veh-35_01729_02626,0.9180038039694289,0.0417556390050835
637e5b6294fb5db8,2021.06.09.12.51.31_veh-35_01729_02626,0.75,2021.06.09.12.51.31_veh-35_01729_02626,0.75,0.0
63c8f3d715e85c4f,2021.10.05.08.11.15_veh-50_00437_00585,0.9195769976544458,2021.10.05.08.11.15_veh-50_00437_00585,0.9331861865104598,0.013609188856014032
63e276d858f35dc0,2021.07.09.15.53.28_veh-38_00184_02293,0.9767625379920956,2021.07.09.15.53.28_veh-38_00184_02293,1.0,0.02323746200790444
63f9372237ab5b50,2021.10.11.02.57.41_veh-50_01028_01289,1.0,2021.10.11.02.57.41_veh-50_01028_01289,1.0,0.0
6440483e348d5f99,2021.07.09.20.26.06_veh-35_02793_03289,1.0,2021.07.09.20.26.06_veh-35_02793_03289,1.0,0.0
644b320b4ec559de,2021.07.09.15.53.28_veh-38_00184_02293,1.0,2021.07.09.15.53.28_veh-38_00184_02293,1.0,0.0
64832cd542ba5fbc,2021.07.09.20.26.06_veh-35_02793_03289,0.8276844606830278,2021.07.09.20.26.06_veh-35_02793_03289,0.8444716193982156,0.016787158715187767
6483af7092d15ada,2021.06.09.12.51.31_veh-35_01729_02626,1.0,2021.06.09.12.51.31_veh-35_01729_02626,1.0,0.0
649ab25cb5fe57ab,2021.06.09.20.26.11_veh-35_00970_01216,0.9402997371592475,2021.06.09.20.26.11_veh-35_00970_01216,0.9571747513154373,0.01687501415618975
64f48caa82ee547c,2021.06.23.17.31.36_veh-16_00016_00377,0.9451199062059659,2021.06.23.17.31.36_veh-16_00016_00377,0.9644474393172255,0.019327533111259676
6513ddef308f553f,2021.06.23.17.31.36_veh-16_00016_00377,1.0,2021.06.23.17.31.36_veh-16_00016_00377,1.0,0.0
6524dc3754d95750,2021.07.09.15.53.28_veh-38_00184_02293,0.9568604644527122,2021.07.09.15.53.28_veh-38_00184_02293,0.9723020782234923,0.015441613770780127
6563dc1cfa4f5cce,2021.06.09.20.26.11_veh-35_00970_01216,0.9634258320071487,2021.06.09.20.26.11_veh-35_00970_01216,0.8505598645864598,-0.11286596742068888
65cf5ab5da625c92,2021.07.09.15.53.28_veh-38_00184_02293,1.0,2021.07.09.15.53.28_veh-38_00184_02293,1.0,0.0
65dfcaf9f5ae5544,2021.07.09.15.53.28_veh-38_00184_02293,0.8208975270848252,2021.07.09.15.53.28_veh-38_00184_02293,0.8327843085382162,0.011886781453390949
65eb702f91da53f9,2021.07.09.20.26.06_veh-35_02793_03289,1.0,2021.07.09.20.26.06_veh-35_02793_03289,1.0,0.0
660a6c8bb9f85c97,2021.06.09.17.23.18_veh-38_01598_01750,1.0,2021.06.09.17.23.18_veh-38_01598_01750,1.0,0.0
6639e46adc8a5387,2021.07.09.15.53.28_veh-38_00184_02293,1.0,2021.07.09.15.53.28_veh-38_00184_02293,1.0,0.0
66817c00a54e53f0,2021.06.09.12.51.31_veh-35_01729_02626,0.9269716136292082,2021.06.09.12.51.31_veh-35_01729_02626,0.9762903894047099,0.0493187757755017
66d11076d8de59c1,2021.07.09.20.26.06_veh-35_02793_03289,0.950060108660298,2021.07.09.20.26.06_veh-35_02793_03289,0.9955564246287765,0.045496315968478473
66d20874271b558f,2021.08.31.14.01.15_veh-40_01576_01714,0.8151963507984504,2021.08.31.14.01.15_veh-40_01576_01714,0.8235003861950099,0.00830403539655944
679848c50acb5b02,2021.06.09.12.06.35_veh-35_01164_01494,1.0,2021.06.09.12.06.35_veh-35_01164_01494,1.0,0.0
67a4f804ff5556cb,2021.08.31.11.47.30_veh-40_00919_01000,0.9238434164531121,2021.08.31.11.47.30_veh-40_00919_01000,0.939152711978003,0.015309295524890909
67b3098372645d8b,2021.10.11.02.57.41_veh-50_01028_01289,0.8798359433934942,2021.10.11.02.57.41_veh-50_01028_01289,0.8901287480092317,0.01029280461573745
685b63993c6750d7,2021.07.09.15.53.28_veh-38_00184_02293,1.0,2021.07.09.15.53.28_veh-38_00184_02293,1.0,0.0
6860494f3bf55348,2021.07.09.20.26.06_veh-35_02793_03289,0.9423549040208229,2021.07.09.20.26.06_veh-35_02793_03289,0.9580232524289701,0.015668348408147237
68aeef84783d53ea,2021.07.09.20.26.06_veh-35_02793_03289,1.0,2021.07.09.20.26.06_veh-35_02793_03289,1.0,0.0
68d4c704a0fc5cb7,2021.07.09.15.53.28_veh-38_00184_02293,1.0,2021.07.09.15.53.28_veh-38_00184_02293,1.0,0.0
68d60fd55b6b5436,2021.07.09.15.53.28_veh-38_00184_02293,0.9411120887177891,2021.07.09.15.53.28_veh-38_00184_02293,0.9880557277744877,0.04694363905669863
694febdb81105aa6,2021.06.09.12.06.35_veh-35_01164_01494,1.0,2021.06.09.12.06.35_veh-35_01164_01494,1.0,0.0
6967bd153dd859aa,2021.07.09.15.53.28_veh-38_00184_02293,0.9973940310440509,2021.07.09.15.53.28_veh-38_00184_02293,0.875,-0.12239403104405089
6985bce9bf3f5165,2021.07.09.15.53.28_veh-38_00184_02293,1.0,2021.07.09.15.53.28_veh-38_00184_02293,0.0,-1.0
69912c13560f5d32,2021.07.09.20.26.06_veh-35_02793_03289,1.0,2021.07.09.20.26.06_veh-35_02793_03289,1.0,0.0
69942d2c55045583,2021.07.09.15.53.28_veh-38_00184_02293,1.0,2021.07.09.15.53.28_veh-38_00184_02293,1.0,0.0
69dc5b99e8495527,2021.07.09.15.53.28_veh-38_00184_02293,0.9745385690948144,2021.07.09.15.53.28_veh-38_00184_02293,1.0,0.0254614309051856
6a0942a7edb6507e,2021.07.16.22.40.23_veh-38_00204_00360,1.0,2021.07.16.22.40.23_veh-38_00204_00360,1.0,0.0
6a2198d9282c54ea,2021.07.09.20.26.06_veh-35_02793_03289,0.9492782137225153,2021.07.09.20.26.06_veh-35_02793_03289,1.0,0.05072178627748469
6a2c8800bace516a,2021.07.09.15.53.28_veh-38_00184_02293,0.9655135696316623,2021.07.09.15.53.28_veh-38_00184_02293,0.8526021913916205,-0.11291137824004183
6a5e2d6a365e51e3,2021.10.05.07.49.39_veh-52_00770_00905,1.0,2021.10.05.07.49.39_veh-52_00770_00905,1.0,0.0
6a8d143de4885b52,2021.06.09.20.26.11_veh-35_00970_01216,0.9536932895512076,2021.06.09.20.26.11_veh-35_00970_01216,0.9746941694414748,0.02100087989026722
6a956d4c705d59fa,2021.06.09.12.51.31_veh-35_01729_02626,0.941200999409774,2021.06.09.12.51.31_veh-35_01729_02626,0.9610236659936066,0.019822666583832582
6a9a24d0bacf5229,2021.06.09.12.06.35_veh-35_01164_01494,0.921111965641495,2021.06.09.12.06.35_veh-35_01164_01494,0.9522580422515418,0.031146076610046758
6a9bb2303a4c5c72,2021.08.31.11.47.30_veh-40_00919_01000,0.904436149886143,2021.08.31.11.47.30_veh-40_00919_01000,0.9687736083724058,0.06433745848626282
6aaddfb6748e5902,2021.07.09.15.53.28_veh-38_00184_02293,1.0,2021.07.09.15.53.28_veh-38_00184_02293,1.0,0.0
6b0342e0299e53b5,2021.07.09.15.53.28_veh-38_00184_02293,1.0,2021.07.09.15.53.28_veh-38_00184_02293,1.0,0.0
6b0d235a84a556ac,2021.07.09.15.53.28_veh-38_00184_02293,0.9485523781250685,2021.07.09.15.53.28_veh-38_00184_02293,0.9852628599505071,0.03671048182543857
6b309e6010535fcc,2021.07.09.20.26.06_veh-35_02793_03289,1.0,2021.07.09.20.26.06_veh-35_02793_03289,1.0,0.0
6bb2613a221e5fc8,2021.08.31.11.47.30_veh-40_00919_01000,1.0,2021.08.31.11.47.30_veh-40_00919_01000,1.0,0.0
6bd9815c03125877,2021.10.11.02.57.41_veh-50_02155_02265,0.9002847617039474,2021.10.11.02.57.41_veh-50_02155_02265,0.9113186280085778,0.011033866304630324
6c00f7eb11a35083,2021.10.11.02.57.41_veh-50_02155_02265,0.75,2021.10.11.02.57.41_veh-50_02155_02265,0.75,0.0
6c14868b34cd5cbf,2021.07.09.15.53.28_veh-38_00184_02293,1.0,2021.07.09.15.53.28_veh-38_00184_02293,1.0,0.0
6c4e378311d55950,2021.07.09.15.53.28_veh-38_00184_02293,0.9666943328813651,2021.07.09.15.53.28_veh-38_00184_02293,1.0,0.03330566711863492
6c96474a9c865359,2021.10.05.08.11.15_veh-50_00437_00585,0.9098406685474036,2021.10.05.08.11.15_veh-50_00437_00585,0.7976114829312358,-0.11222918561616779
6ce1ef9b8d515884,2021.10.11.02.57.41_veh-50_02155_02265,0.8436197405754154,2021.10.11.02.57.41_veh-50_02155_02265,0.0,-0.8436197405754154
6d00b13ae44d54a2,2021.07.09.20.26.06_veh-35_02793_03289,1.0,2021.07.09.20.26.06_veh-35_02793_03289,1.0,0.0
6d041be110a95545,2021.07.09.15.53.28_veh-38_00184_02293,1.0,2021.07.09.15.53.28_veh-38_00184_02293,1.0,0.0
6d44fd636c0953ad,2021.07.09.15.53.28_veh-38_00184_02293,1.0,2021.07.09.15.53.28_veh-38_00184_02293,1.0,0.0
6d8cdad401125079,2021.07.09.15.53.28_veh-38_00184_02293,0.9594641878385524,2021.07.09.15.53.28_veh-38_00184_02293,0.9914199149248091,0.03195572708625671
6d9f1b3847705ce1,2021.07.09.20.26.06_veh-35_02793_03289,0.9405807962839898,2021.07.09.20.26.06_veh-35_02793_03289,0.959728253561942,0.019147457277952196
6da35526f29f550a,2021.07.09.20.26.06_veh-35_02793_03289,1.0,2021.07.09.20.26.06_veh-35_02793_03289,1.0,0.0
6db0c73631c555b0,2021.07.09.15.53.28_veh-38_00184_02293,0.984163727981245,2021.07.09.15.53.28_veh-38_00184_02293,1.0,0.015836272018755038
6dc4975ee9915cb2,2021.07.09.15.53.28_veh-38_00184_02293,1.0,2021.07.09.15.53.28_veh-38_00184_02293,1.0,0.0
6dee7c049737527b,2021.07.09.15.53.28_veh-38_00184_02293,0.8114381743272714,2021.07.09.15.53.28_veh-38_00184_02293,0.8330870032305087,0.02164882890323727
6e2af7ec92495e06,2021.07.09.20.26.06_veh-35_02793_03289,0.9485963670838307,2021.07.09.20.26.06_veh-35_02793_03289,0.9692386370685702,0.020642269984739503
6e52df2cd43c5bca,2021.07.09.15.53.28_veh-38_00184_02293,1.0,2021.07.09.15.53.28_veh-38_00184_02293,1.0,0.0
6e8c5b6b0aaf5f6d,2021.07.09.15.53.28_veh-38_00184_02293,1.0,2021.07.09.15.53.28_veh-38_00184_02293,1.0,0.0
6ee8095e2d8b599c,2021.06.09.12.06.35_veh-35_01164_01494,0.9803854845961011,2021.06.09.12.06.35_veh-35_01164_01494,1.0,0.019614515403898913
6ef77d4b725a5cf4,2021.10.05.08.11.15_veh-50_00437_00585,0.8795686998867994,2021.10.05.08.11.15_veh-50_00437_00585,0.8983481857097304,0.018779485822930986
6f26763a3a8859a9,2021.06.09.12.51.31_veh-35_01729_02626,1.0,2021.06.09.12.51.31_veh-35_01729_02626,1.0,0.0
6f2d8e1d48865f32,2021.07.09.15.53.28_veh-38_00184_02293,0.9151221455550113,2021.07.09.15.53.28_veh-38_00184_02293,0.9513968185834717,0.036274673028460436
6f4f64fd1b145598,2021.07.09.15.53.28_veh-38_00184_02293,0.865468749142401,2021.07.09.15.53.28_veh-38_00184_02293,0.9055389083287742,0.04007015918637313
6f6d3439591151c0,2021.06.09.12.06.35_veh-35_01164_01494,1.0,2021.06.09.12.06.35_veh-35_01164_01494,1.0,0.0
6fcb034448195e87,2021.06.09.12.06.35_veh-35_01164_01494,0.9599114780610668,2021.06.09.12.06.35_veh-35_01164_01494,0.9761375414813274,0.01622606342026056
6fdf0151dd905608,2021.07.09.15.53.28_veh-38_00184_02293,1.0,2021.07.09.15.53.28_veh-38_00184_02293,1.0,0.0
6fe8c6e82de65156,2021.07.09.15.53.28_veh-38_00184_02293,1.0,2021.07.09.15.53.28_veh-38_00184_02293,1.0,0.0
701c62d42cdf5cfa,2021.07.09.15.53.28_veh-38_00184_02293,1.0,2021.07.09.15.53.28_veh-38_00184_02293,1.0,0.0
7020151396535655,2021.08.31.14.01.15_veh-40_01576_01714,1.0,2021.08.31.14.01.15_veh-40_01576_01714,0.875,-0.125
703f27b09d325c11,2021.06.09.12.06.35_veh-35_01164_01494,0.975934967945689,2021.06.09.12.06.35_veh-35_01164_01494,0.9917630412184845,0.01582807327279545
7081f406cf8352ad,2021.10.05.07.49.39_veh-52_00770_00905,0.9279370371232011,2021.10.05.07.49.39_veh-52_00770_00905,0.940559167625378,0.012622130502176865
70c37dde93f25c64,2021.06.09.12.06.35_veh-35_01164_01494,0.9717867791175274,2021.06.09.12.06.35_veh-35_01164_01494,0.9859215333877227,0.014134754270195282
710c63523d4d5e05,2021.06.23.17.31.36_veh-16_00016_00377,1.0,2021.06.23.17.31.36_veh-16_00016_00377,1.0,0.0
71e6ee340d1756fd,2021.06.09.12.51.31_veh-35_01729_02626,0.9757575978781564,2021.06.09.12.51.31_veh-35_01729_02626,1.0,0.024242402121843587
71e9fdd5d6315495,2021.07.09.20.26.06_veh-35_02793_03289,1.0,2021.07.09.20.26.06_veh-35_02793_03289,1.0,0.0
7221a77c5d955445,2021.07.09.15.53.28_veh-38_00184_02293,1.0,2021.07.09.15.53.28_veh-38_00184_02293,1.0,0.0
723350e0feb75963,2021.07.09.15.53.28_veh-38_00184_02293,0.875,2021.07.09.15.53.28_veh-38_00184_02293,0.875,0.0
7293733a32625ec6,2021.07.09.15.53.28_veh-38_00184_02293,1.0,2021.07.09.15.53.28_veh-38_00184_02293,1.0,0.0
729f4b4121e35124,2021.07.09.20.26.06_veh-35_02793_03289,0.935560496577585,2021.07.09.20.26.06_veh-35_02793_03289,0.955540386391974,0.01997988981438903
72ba153a1fc059c6,2021.06.09.12.06.35_veh-35_01164_01494,0.9928427889020196,2021.06.09.12.06.35_veh-35_01164_01494,1.0,0.007157211097980398
72ca346213465d94,2021.10.05.07.49.39_veh-52_00770_00905,0.8914209491270448,2021.10.05.07.49.39_veh-52_00770_00905,0.904822632233172,0.013401683106127216
72ebf07a88b25937,2021.10.05.08.11.15_veh-50_00437_00585,0.8266506773523321,2021.10.05.08.11.15_veh-50_00437_00585,0.8419111812228233,0.01526050387049116
72fc5c8b771758fd,2021.06.09.12.51.31_veh-35_01729_02626,0.9894915645655196,2021.06.09.12.51.31_veh-35_01729_02626,1.0,0.010508435434480434
7307e312a7755908,2021.10.05.08.11.15_veh-50_00437_00585,0.9128543367689324,2021.10.05.08.11.15_veh-50_00437_00585,0.9249929903375196,0.012138653568587232
73197a1a03715a15,2021.07.09.15.53.28_veh-38_00184_02293,1.0,2021.07.09.15.53.28_veh-38_00184_02293,1.0,0.0
7372d89535355cb2,2021.08.31.14.01.15_veh-40_01576_01714,1.0,2021.08.31.14.01.15_veh-40_01576_01714,0.875,-0.125
7385fa0f1ebf5356,2021.06.23.17.31.36_veh-16_00016_00377,0.9826317074270308,2021.06.23.17.31.36_veh-16_00016_00377,0.6875,-0.29513170742703076
73aa5ff963e656f6,2021.07.09.15.53.28_veh-38_00184_02293,1.0,2021.07.09.15.53.28_veh-38_00184_02293,1.0,0.0
73d1214a1454592d,2021.07.09.15.53.28_veh-38_00184_02293,0.981618139909443,2021.07.09.15.53.28_veh-38_00184_02293,1.0,0.01838186009055698
73fc68b82f045907,2021.10.11.02.57.41_veh-50_02155_02265,0.9227531060100246,2021.10.11.02.57.41_veh-50_02155_02265,0.9368589831391183,0.014105877129093725
7412988f410e545d,2021.06.09.12.51.31_veh-35_01729_02626,0.804062852160059,2021.06.09.12.51.31_veh-35_01729_02626,0.8421072742411682,0.03804442208110914
741b40508f9c539f,2021.06.09.12.51.31_veh-35_01729_02626,0.875,2021.06.09.12.51.31_veh-35_01729_02626,0.0,-0.875
7470512d36f45c26,2021.07.09.20.26.06_veh-35_02793_03289,0.9479854036802673,2021.07.09.20.26.06_veh-35_02793_03289,1.0,0.05201459631973271
74c5a4e255b950f7,2021.06.09.12.06.35_veh-35_01164_01494,0.9785698997104,2021.06.09.12.06.35_veh-35_01164_01494,0.9966003678196529,0.018030468109252906
74e93b471c195803,2021.07.09.15.53.28_veh-38_00184_02293,1.0,2021.07.09.15.53.28_veh-38_00184_02293,1.0,0.0
74f9e35f089d523a,2021.07.09.20.26.06_veh-35_02793_03289,1.0,2021.07.09.20.26.06_veh-35_02793_03289,1.0,0.0
74ff8f6a618a5f9b,2021.07.09.15.53.28_veh-38_00184_02293,0.75,2021.07.09.15.53.28_veh-38_00184_02293,0.75,0.0
7500c2c37cbb5228,2021.07.09.15.53.28_veh-38_00184_02293,1.0,2021.07.09.15.53.28_veh-38_00184_02293,1.0,0.0
7502b22480435c30,2021.10.05.07.49.39_veh-52_00770_00905,0.9335425010380579,2021.10.05.07.49.39_veh-52_00770_00905,0.9472493762095946,0.013706875171536681
7567becdd4005b0b,2021.06.23.17.31.36_veh-16_00016_00377,0.9207384782189231,2021.06.23.17.31.36_veh-16_00016_00377,0.9528163421394974,0.03207786392057432
756a836fafd05442,2021.10.05.08.11.15_veh-50_00437_00585,0.9645230491773114,2021.10.05.08.11.15_veh-50_00437_00585,0.9764547617514413,0.011931712574129949
758251c429055016,2021.07.09.15.53.28_veh-38_00184_02293,1.0,2021.07.09.15.53.28_veh-38_00184_02293,0.875,-0.125
75981c1acbe65a34,2021.07.09.20.26.06_veh-35_02793_03289,0.9334112557324034,2021.07.09.20.26.06_veh-35_02793_03289,0.953517531393647,0.020106275661243678
75bbe59a5d305a53,2021.07.09.15.53.28_veh-38_00184_02293,1.0,2021.07.09.15.53.28_veh-38_00184_02293,1.0,0.0
75c6224df9b25b6d,2021.10.11.02.57.41_veh-50_02155_02265,0.9163864244006258,2021.10.11.02.57.41_veh-50_02155_02265,0.9299744674349603,0.013588043034334474
75eb624e2c925f13,2021.07.09.15.53.28_veh-38_00184_02293,1.0,2021.07.09.15.53.28_veh-38_00184_02293,1.0,0.0
7616cee0eba15c75,2021.10.11.02.57.41_veh-50_01028_01289,0.7823455399101875,2021.10.11.02.57.41_veh-50_01028_01289,0.7944238128414063,0.01207827293121877
763904a315b357a8,2021.07.09.15.53.28_veh-38_00184_02293,0.965626900211746,2021.07.09.15.53.28_veh-38_00184_02293,0.9846234929033097,0.01899659269156373
7639e630e475517c,2021.06.09.12.51.31_veh-35_01729_02626,1.0,2021.06.09.12.51.31_veh-35_01729_02626,1.0,0.0
76e33b04a2e55b65,2021.06.09.12.51.31_veh-35_01729_02626,1.0,2021.06.09.12.51.31_veh-35_01729_02626,1.0,0.0
76f38770875550d4,2021.10.11.02.57.41_veh-50_01028_01289,0.8884718290566873,2021.10.11.02.57.41_veh-50_01028_01289,0.7786076337691673,-0.10986419528752
770cf5148b3353a3,2021.10.05.08.11.15_veh-50_00437_00585,0.9054450442572823,2021.10.05.08.11.15_veh-50_00437_00585,0.9160468027640503,0.010601758506767922
7729a0ce4e7e5c40,2021.07.09.15.53.28_veh-38_00184_02293,1.0,2021.07.09.15.53.28_veh-38_00184_02293,0.875,-0.125
7738bbe3ec2b5787,2021.07.09.15.53.28_veh-38_00184_02293,1.0,2021.07.09.15.53.28_veh-38_00184_02293,0.0,-1.0
774923d838b959cd,2021.07.09.20.26.06_veh-35_02793_03289,0.9460218991839037,2021.07.09.20.26.06_veh-35_02793_03289,0.9651254082795588,0.01910350909565517
774f3eae89d35589,2021.10.11.02.57.41_veh-50_01028_01289,0.8843223402106126,2021.10.11.02.57.41_veh-50_01028_01289,0.8989331256580853,0.01461078544747263
7768af5461fb5dab,2021.10.11.02.57.41_veh-50_02155_02265,0.9197900532368513,2021.10.11.02.57.41_veh-50_02155_02265,0.8069118468037564,-0.11287820643309487
77a62006cb995aa7,2021.06.23.17.31.36_veh-16_00016_00377,0.875,2021.06.23.17.31.36_veh-16_00016_00377,0.875,0.0
77d22252c36859d2,2021.06.09.12.51.31_veh-35_01729_02626,1.0,2021.06.09.12.51.31_veh-35_01729_02626,1.0,0.0
77f9f0c203cb5048,2021.08.31.11.47.30_veh-40_00919_01000,0.9324323192506323,2021.08.31.11.47.30_veh-40_00919_01000,0.9934983020969693,0.06106598284633702
786c7d0f495e5b08,2021.06.09.12.51.31_veh-35_01729_02626,0.9369388202645441,2021.06.09.12.51.31_veh-35_01729_02626,0.9618246132032511,0.024885792938706963
78bd4a0ea3e35682,2021.06.09.12.06.35_veh-35_01164_01494,0.9350240592411214,2021.06.09.12.06.35_veh-35_01164_01494,0.9606227138094297,0.025598654568308232
78f97b6c3427524b,2021.07.09.15.53.28_veh-38_00184_02293,1.0,2021.07.09.15.53.28_veh-38_00184_02293,0.6875,-0.3125
78f9d78599da56f0,2021.06.09.14.50.36_veh-26_02826_02955,1.0,2021.06.09.14.50.36_veh-26_02826_02955,1.0,0.0
790e1bf672715bf1,2021.10.11.02.57.41_veh-50_02155_02265,0.9133347199314367,2021.10.11.02.57.41_veh-50_02155_02265,0.9319292113666924,0.01859449143525571
790f41b0bd3f51ea,2021.10.11.02.57.41_veh-50_02155_02265,0.9121415962202888,2021.10.11.02.57.41_veh-50_02155_02265,0.9236549109760153,0.011513314755726478
792875d97ce5574d,2021.10.11.02.57.41_veh-50_01028_01289,0.7480957436965956,2021.10.11.02.57.41_veh-50_01028_01289,0.7634634221931642,0.015367678496568615
79433fe543ae5e50,2021.10.05.07.49.39_veh-52_00770_00905,0.9208125212977899,2021.10.05.07.49.39_veh-52_00770_00905,0.9341934937939159,0.01338097249612602
7948de3a2d2a55ef,2021.07.09.15.53.28_veh-38_00184_02293,0.75,2021.07.09.15.53.28_veh-38_00184_02293,0.75,0.0
796da6bb8d1d553f,2021.07.09.20.26.06_veh-35_02793_03289,1.0,2021.07.09.20.26.06_veh-35_02793_03289,1.0,0.0
7980f7ce6e085a30,2021.06.09.12.51.31_veh-35_01729_02626,1.0,2021.06.09.12.51.31_veh-35_01729_02626,1.0,0.0
798e9edbcfd65aa8,2021.07.09.15.53.28_veh-38_00184_02293,0.9664924036560294,2021.07.09.15.53.28_veh-38_00184_02293,1.0,0.0335075963439706
79a0bda4d6df5e2a,2021.07.09.15.53.28_veh-38_00184_02293,0.7950613488019295,2021.07.09.15.53.28_veh-38_00184_02293,0.9298822928090374,0.13482094400710798
79bc073387755a35,2021.06.23.17.31.36_veh-16_00016_00377,1.0,2021.06.23.17.31.36_veh-16_00016_00377,1.0,0.0
79bd7ba72d985b0b,2021.06.23.17.31.36_veh-16_00016_00377,0.9427948910661723,2021.06.23.17.31.36_veh-16_00016_00377,0.9619945551241151,0.019199664057942822
79ec50c2dd9352bb,2021.06.23.17.31.36_veh-16_00016_00377,1.0,2021.06.23.17.31.36_veh-16_00016_00377,1.0,0.0
7a02eea9dbd0517b,2021.07.09.15.53.28_veh-38_00184_02293,1.0,2021.07.09.15.53.28_veh-38_00184_02293,1.0,0.0
7a430a9945055acd,2021.07.09.15.53.28_veh-38_00184_02293,0.9792273253460502,2021.07.09.15.53.28_veh-38_00184_02293,0.9944585978357692,0.015231272489719005
7a569fbddc2e53ed,2021.07.09.15.53.28_veh-38_00184_02293,1.0,2021.07.09.15.53.28_veh-38_00184_02293,1.0,0.0
7a6d02ce41635a31,2021.06.23.17.31.36_veh-16_00016_00377,0.9506484853592536,2021.06.23.17.31.36_veh-16_00016_00377,0.9680357511185507,0.017387265759297055
7ac722bce1da568e,2021.10.05.07.49.39_veh-52_00770_00905,0.9207603790083372,2021.10.05.07.49.39_veh-52_00770_00905,0.9314180895061678,0.010657710497830597
7b3a98e80f525533,2021.07.09.15.53.28_veh-38_00184_02293,1.0,2021.07.09.15.53.28_veh-38_00184_02293,1.0,0.0
7b7291b626f753ae,2021.06.09.12.51.31_veh-35_01729_02626,0.8149054682082055,2021.06.09.12.51.31_veh-35_01729_02626,0.8257963129188635,0.010890844710657932
7b7c4d1e5ec95f17,2021.07.09.15.53.28_veh-38_00184_02293,1.0,2021.07.09.15.53.28_veh-38_00184_02293,1.0,0.0
7b81b7c982e35adc,2021.07.09.15.53.28_veh-38_00184_02293,0.9606106804748076,2021.07.09.15.53.28_veh-38_00184_02293,0.982646991676385,0.022036311201577452
7ba1003726915e44,2021.07.09.20.26.06_veh-35_02793_03289,0.9452969141611359,2021.07.09.20.26.06_veh-35_02793_03289,0.9689567365944046,0.023659822433268696
7bf70bd17e9255b7,2021.06.09.17.23.18_veh-38_01598_01750,1.0,2021.06.09.17.23.18_veh-38_01598_01750,0.8571428571428571,-0.1428571428571429
7c1389a3e4a55975,2021.10.11.02.57.41_veh-50_02155_02265,0.8955602539231845,2021.10.11.02.57.41_veh-50_02155_02265,0.7823132053124999,-0.11324704861068458
7c31c611152b5a9c,2021.10.11.02.57.41_veh-50_01028_01289,0.8821651085314831,2021.10.11.02.57.41_veh-50_01028_01289,0.8960410276858315,0.013875919154348382
7c43ce4287c252da,2021.06.09.20.26.11_veh-35_00970_01216,1.0,2021.06.09.20.26.11_veh-35_00970_01216,1.0,0.0
7cd693b8880c55b6,2021.07.09.15.53.28_veh-38_00184_02293,0.987105169770399,2021.07.09.15.53.28_veh-38_00184_02293,1.0,0.012894830229601029
7cf3f478246b5da6,2021.10.05.08.11.15_veh-50_00437_00585,0.8790908940905547,2021.10.05.08.11.15_veh-50_00437_00585,0.895944304521031,0.01685341043047628
7cfc59f9673752c1,2021.07.09.15.53.28_veh-38_00184_02293,0.9276770083069648,2021.07.09.15.53.28_veh-38_00184_02293,0.9485091895869542,0.020832181279989426
7d045ced792f563a,2021.08.31.14.01.15_veh-40_01576_01714,0.9904599214087476,2021.08.31.14.01.15_veh-40_01576_01714,0.875,-0.11545992140874761
7d14dc9e1394504c,2021.06.09.12.06.35_veh-35_01164_01494,1.0,2021.06.09.12.06.35_veh-35_01164_01494,1.0,0.0
7d18e654da9b5ecf,2021.07.09.15.53.28_veh-38_00184_02293,0.9765826365943029,2021.07.09.15.53.28_veh-38_00184_02293,0.9943860880158244,0.01780345142152151
7d61f2ab3a145a20,2021.08.31.11.47.30_veh-40_00919_01000,1.0,2021.08.31.11.47.30_veh-40_00919_01000,1.0,0.0
7d838c40752e5080,2021.06.09.12.51.31_veh-35_01729_02626,0.875,2021.06.09.12.51.31_veh-35_01729_02626,1.0,0.125
7da65eef431c5831,2021.07.09.15.53.28_veh-38_00184_02293,0.9226914520600105,2021.07.09.15.53.28_veh-38_00184_02293,0.9419059705221696,0.019214518462159158
7dab96d0e7725a9f,2021.06.09.12.51.31_veh-35_01729_02626,0.9500559922594424,2021.06.09.12.51.31_veh-35_01729_02626,0.9664460783919138,0.016390086132471393
7dadf9fcee2e587d,2021.07.09.15.53.28_veh-38_00184_02293,0.8492915217675758,2021.07.09.15.53.28_veh-38_00184_02293,0.8898034181626683,0.04051189639509245
7dc37d18911457a8,2021.06.09.12.06.35_veh-35_01164_01494,0.9290261744109922,2021.06.09.12.06.35_veh-35_01164_01494,0.9439355571655049,0.014909382754512701
7e02b53ea6ba556a,2021.10.01.17.52.06_veh-28_01141_01264,0.9796257157614854,2021.10.01.17.52.06_veh-28_01141_01264,0.993190689148677,0.013564973387191648
7e11df067a735f04,2021.07.09.15.53.28_veh-38_00184_02293,1.0,2021.07.09.15.53.28_veh-38_00184_02293,1.0,0.0
7e1afa248931544e,2021.08.31.14.01.15_veh-40_01576_01714,0.8537000883880421,2021.08.31.14.01.15_veh-40_01576_01714,0.8648195805779839,0.011119492189941793
7e2c3c2ef5e05b19,2021.06.09.12.51.31_veh-35_01729_02626,1.0,2021.06.09.12.51.31_veh-35_01729_02626,1.0,0.0
7e58a63ae5da5a38,2021.07.09.15.53.28_veh-38_00184_02293,1.0,2021.07.09.15.53.28_veh-38_00184_02293,1.0,0.0
7e64dd02b985526f,2021.07.09.15.53.28_veh-38_00184_02293,0.993554171686285,2021.07.09.15.53.28_veh-38_00184_02293,1.0,0.006445828313714985
7e664b90d195584d,2021.06.09.12.06.35_veh-35_01164_01494,0.9840702464903489,2021.06.09.12.06.35_veh-35_01164_01494,1.0,0.01592975350965109
7e682022c639513c,2021.06.09.12.06.35_veh-35_01164_01494,1.0,2021.06.09.12.06.35_veh-35_01164_01494,1.0,0.0
7eb6beaba2e45001,2021.10.11.02.57.41_veh-50_01028_01289,0.9183798443680073,2021.10.11.02.57.41_veh-50_01028_01289,0.9326399547391914,0.01426011037118402
7eb9806c2ac25fd6,2021.06.09.12.06.35_veh-35_01164_01494,1.0,2021.06.09.12.06.35_veh-35_01164_01494,1.0,0.0
7f12e4a7eb7e51c7,2021.10.01.17.52.06_veh-28_01141_01264,0.8054801938192417,2021.10.01.17.52.06_veh-28_01141_01264,0.8131251935113837,0.0076449996921419405
7f5714fc26bb599b,2021.06.09.12.51.31_veh-35_01729_02626,1.0,2021.06.09.12.51.31_veh-35_01729_02626,1.0,0.0
7f7a0a36daf65495,2021.10.05.07.49.39_veh-52_00770_00905,0.9111245407766091,2021.10.05.07.49.39_veh-52_00770_00905,0.9257218952849658,0.014597354508356752
7f7fa83384215a69,2021.10.05.07.49.39_veh-52_00770_00905,0.7748672899250351,2021.10.05.07.49.39_veh-52_00770_00905,0.7824075136639607,0.0075402237389256
7f8be3abc0f45edf,2021.10.05.08.11.15_veh-50_00437_00585,0.829157450781014,2021.10.05.08.11.15_veh-50_00437_00585,0.8624046250192102,0.03324717423819623
7f8f1f6b90575d91,2021.10.11.02.57.41_veh-50_02155_02265,0.8750138123733366,2021.10.11.02.57.41_veh-50_02155_02265,0.893763540455746,0.018749728082409378
7fd6309dcdaf525e,2021.07.09.20.26.06_veh-35_02793_03289,1.0,2021.07.09.20.26.06_veh-35_02793_03289,1.0,0.0
7fe5d84bbda651fd,2021.07.09.15.53.28_veh-38_00184_02293,0.983025038694135,2021.07.09.15.53.28_veh-38_00184_02293,1.0,0.016974961305864955
8002902e2efe5c94,2021.10.11.02.57.41_veh-50_02155_02265,0.8488427618215042,2021.10.11.02.57.41_veh-50_02155_02265,0.8580355845223818,0.009192822700877623
802050c72cc255d3,2021.06.09.17.23.18_veh-38_01598_01750,1.0,2021.06.09.17.23.18_veh-38_01598_01750,1.0,0.0
80538e78e0805e93,2021.07.09.15.53.28_veh-38_00184_02293,0.9270699334742423,2021.07.09.15.53.28_veh-38_00184_02293,0.9443167971457019,0.017246863671459667
80725ea45ed953a5,2021.06.09.20.26.11_veh-35_00970_01216,1.0,2021.06.09.20.26.11_veh-35_00970_01216,1.0,0.0
807c9c96f42c597d,2021.10.11.02.57.41_veh-50_02155_02265,0.8838820547747108,2021.10.11.02.57.41_veh-50_02155_02265,0.9027322431254148,0.018850188350703956
80c1301aa1ca5378,2021.07.09.15.53.28_veh-38_00184_02293,0.9622426311915205,2021.07.09.15.53.28_veh-38_00184_02293,0.9864989590651386,0.02425632787361809
8138d3f674fd5b1f,2021.06.09.20.26.11_veh-35_00970_01216,1.0,2021.06.09.20.26.11_veh-35_00970_01216,1.0,0.0
8156a66cbc595259,2021.07.16.22.40.23_veh-38_00204_00360,0.875,2021.07.16.22.40.23_veh-38_00204_00360,1.0,0.125
824fe1c7968256ab,2021.07.09.15.53.28_veh-38_00184_02293,0.8270616559620186,2021.07.09.15.53.28_veh-38_00184_02293,0.853920754780335,0.026859098818316385
8264721b29a65296,2021.06.09.12.51.31_veh-35_01729_02626,1.0,2021.06.09.12.51.31_veh-35_01729_02626,1.0,0.0
827867f4641c53b6,2021.06.09.12.51.31_veh-35_01729_02626,1.0,2021.06.09.12.51.31_veh-35_01729_02626,1.0,0.0
83422f60bebd506c,2021.10.05.07.49.39_veh-52_00770_00905,0.9299039131822836,2021.10.05.07.49.39_veh-52_00770_00905,0.9426800873306813,0.012776174148397712
8381aa53dbb55c90,2021.06.09.12.06.35_veh-35_01164_01494,0.9542682590571245,2021.06.09.12.06.35_veh-35_01164_01494,0.9803995451496232,0.026131286092498707
8393b89f1fbd56fc,2021.07.09.20.26.06_veh-35_02793_03289,0.9471067781321298,2021.07.09.20.26.06_veh-35_02793_03289,0.9690355678269096,0.021928789694779738
83a393796b2e57df,2021.07.09.15.53.28_veh-38_00184_02293,0.9787303752882532,2021.07.09.15.53.28_veh-38_00184_02293,0.9971321138789623,0.018401738590709038
83bc7727c42c5a0f,2021.10.05.07.49.39_veh-52_00770_00905,0.0,2021.10.05.07.49.39_veh-52_00770_00905,0.9416741435708441,0.9416741435708441
83cbc1063ce1591d,2021.10.11.02.57.41_veh-50_02155_02265,0.75,2021.10.11.02.57.41_veh-50_02155_02265,0.75,0.0
83d4827aebe85832,2021.10.05.08.11.15_veh-50_00437_00585,0.8782347196156051,2021.10.05.08.11.15_veh-50_00437_00585,0.9005360875135298,0.022301367897924695
83dc2afeb98950a4,2021.10.11.02.57.41_veh-50_02155_02265,0.90492039251145,2021.10.11.02.57.41_veh-50_02155_02265,0.9200438518711576,0.015123459359707603
8469b20e06015317,2021.07.09.15.53.28_veh-38_00184_02293,0.95225682210081,2021.07.09.15.53.28_veh-38_00184_02293,0.9931696919350769,0.040912869834266896
84b9bc99160c578f,2021.10.05.08.11.15_veh-50_00437_00585,0.930173560982285,2021.10.05.08.11.15_veh-50_00437_00585,0.9433761759533017,0.013202614971016713
84da0c13f98e58e9,2021.06.09.12.51.31_veh-35_01729_02626,0.7007266103996299,2021.06.09.12.51.31_veh-35_01729_02626,0.7147175063221789,0.013990895922548985
84ec0e32bbf45061,2021.07.09.15.53.28_veh-38_00184_02293,0.921182469825546,2021.07.09.15.53.28_veh-38_00184_02293,0.978030798394049,0.05684832856850308
85288108bac2504f,2021.06.23.17.31.36_veh-16_00016_00377,1.0,2021.06.23.17.31.36_veh-16_00016_00377,1.0,0.0
85b84f9120225591,2021.07.09.15.53.28_veh-38_00184_02293,0.8579306479853338,2021.07.09.15.53.28_veh-38_00184_02293,0.9051418407319832,0.04721119274664942
85d8f4b6752152e2,2021.10.05.07.49.39_veh-52_00770_00905,0.9180031392954651,2021.10.05.07.49.39_veh-52_00770_00905,0.932214500482887,0.014211361187421945
860685d975df5da5,2021.07.09.15.53.28_veh-38_00184_02293,0.9841828687791633,2021.07.09.15.53.28_veh-38_00184_02293,0.9957739521117405,0.01159108333257719
863019d9f09155f7,2021.06.23.17.31.36_veh-16_00016_00377,0.9766338621127373,2021.06.23.17.31.36_veh-16_00016_00377,0.99187705076045,0.01524318864771268
8672b0d007fa5c49,2021.08.31.11.47.30_veh-40_00919_01000,0.9475346521146616,2021.08.31.11.47.30_veh-40_00919_01000,0.9652579610287743,0.017723308914112668
86a9ef645f195f81,2021.10.11.02.57.41_veh-50_02155_02265,0.908937762472078,2021.10.11.02.57.41_veh-50_02155_02265,0.923905886261884,0.014968123789805943
86ac4c5dc3e756cf,2021.10.05.07.49.39_veh-52_00770_00905,0.9842280618054756,2021.10.05.07.49.39_veh-52_00770_00905,1.0,0.015771938194524382
8708f5ee85ca50b1,2021.10.11.02.57.41_veh-50_02155_02265,0.9181490709394857,2021.10.11.02.57.41_veh-50_02155_02265,0.9334759133805375,0.015326842441051758
870cb529ffac50e0,2021.06.09.20.26.11_veh-35_00970_01216,0.9213460296351148,2021.06.09.20.26.11_veh-35_00970_01216,0.946405240236508,0.025059210601393156
872380f71a9f5c73,2021.08.31.14.01.15_veh-40_01576_01714,1.0,2021.08.31.14.01.15_veh-40_01576_01714,0.875,-0.125
872ae71c24805cd8,2021.10.11.02.57.41_veh-50_01028_01289,0.9030073580206723,2021.10.11.02.57.41_veh-50_01028_01289,0.9128040691363851,0.009796711115712786
874a3a4f7582531d,2021.06.23.17.31.36_veh-16_00016_00377,1.0,2021.06.23.17.31.36_veh-16_00016_00377,1.0,0.0
87516e1eaafc5107,2021.10.05.08.11.15_veh-50_00437_00585,0.952561384716918,2021.10.05.08.11.15_veh-50_00437_00585,0.9831132606699986,0.03055187595308062
876d2dd881f55f91,2021.10.05.07.49.39_veh-52_00770_00905,0.874183513180774,2021.10.05.07.49.39_veh-52_00770_00905,0.8883305989585794,0.014147085777805324
877ca71cd9ac5b59,2021.08.31.11.47.30_veh-40_00919_01000,0.9611632708013415,2021.08.31.11.47.30_veh-40_00919_01000,1.0,0.03883672919865855
878debfff51656dc,2021.07.09.15.53.28_veh-38_00184_02293,1.0,2021.07.09.15.53.28_veh-38_00184_02293,1.0,0.0
87c7d995609e51c9,2021.10.05.07.49.39_veh-52_00770_00905,0.7764164761298125,2021.10.05.07.49.39_veh-52_00770_00905,0.7846632922430363,0.008246816113223865
87c88239e2ae5b90,2021.07.09.15.53.28_veh-38_00184_02293,0.8518365177993978,2021.07.09.15.53.28_veh-38_00184_02293,0.8967063731491831,0.04486985534978527
8823d1c7c34b57ac,2021.06.09.20.26.11_veh-35_00970_01216,0.9367248358135148,2021.06.09.20.26.11_veh-35_00970_01216,0.9639970851493566,0.027272249335841714
8828feb4e21b5600,2021.06.09.12.51.31_veh-35_01729_02626,0.8829523672264072,2021.06.09.12.51.31_veh-35_01729_02626,0.9082488111288772,0.02529644390246999
883024c704b55ed4,2021.06.23.17.31.36_veh-16_00016_00377,1.0,2021.06.23.17.31.36_veh-16_00016_00377,1.0,0.0
888476b1a13b51db,2021.07.09.20.26.06_veh-35_02793_03289,0.9383003887647225,2021.07.09.20.26.06_veh-35_02793_03289,0.9573888675785838,0.01908847881386122
888cb5a4b4c25eab,2021.06.09.12.51.31_veh-35_01729_02626,1.0,2021.06.09.12.51.31_veh-35_01729_02626,1.0,0.0
88bc213aa3495b88,2021.06.09.14.50.36_veh-26_02826_02955,0.9895669563092379,2021.06.09.14.50.36_veh-26_02826_02955,1.0,0.010433043690762145
88ff3881080b505a,2021.06.09.12.51.31_veh-35_01729_02626,0.8842733170607534,2021.06.09.12.51.31_veh-35_01729_02626,0.9087183218249152,0.024445004764161782
8902a3e760a7504d,2021.07.09.20.26.06_veh-35_02793_03289,0.9507830313089985,2021.07.09.20.26.06_veh-35_02793_03289,1.0,0.04921696869100145
8925d842a3f0501e,2021.07.09.15.53.28_veh-38_00184_02293,1.0,2021.07.09.15.53.28_veh-38_00184_02293,1.0,0.0
8935f0d3af6b51fd,2021.08.31.14.01.15_veh-40_01576_01714,0.8171107794768215,2021.08.31.14.01.15_veh-40_01576_01714,0.8284094645237055,0.011298685046883916
89409b4f6b4f573b,2021.06.09.12.51.31_veh-35_01729_02626,1.0,2021.06.09.12.51.31_veh-35_01729_02626,1.0,0.0
8956d19d62c056f6,2021.06.09.12.51.31_veh-35_01729_02626,0.9120743874763932,2021.06.09.12.51.31_veh-35_01729_02626,0.9437987588382297,0.03172437136183648
89e48839087057c4,2021.06.09.20.26.11_veh-35_00970_01216,0.9623057940338837,2021.06.09.20.26.11_veh-35_00970_01216,0.9790479105106356,0.016742116476751834
8a2496c5d7d15cc1,2021.10.11.02.57.41_veh-50_01028_01289,0.7767737411843152,2021.10.11.02.57.41_veh-50_01028_01289,0.7883767595411104,0.011603018356795225
8a9a5ab59dcd51d7,2021.08.31.14.01.15_veh-40_01576_01714,0.8420780112429367,2021.08.31.14.01.15_veh-40_01576_01714,0.8544339327603234,0.012355921517386736
8ac887d1ccb95be5,2021.10.11.02.57.41_veh-50_01028_01289,0.8933202195762147,2021.10.11.02.57.41_veh-50_01028_01289,0.9129155995691489,0.01959537999293426
8ad9a07afc6b5ccc,2021.07.09.15.53.28_veh-38_00184_02293,0.8789915612728796,2021.07.09.15.53.28_veh-38_00184_02293,0.9170178287556915,0.038026267482811904
8bb9b664551e5148,2021.06.09.12.06.35_veh-35_01164_01494,1.0,2021.06.09.12.06.35_veh-35_01164_01494,1.0,0.0
8c1374efdf3c5f3c,2021.07.09.15.53.28_veh-38_00184_02293,1.0,2021.07.09.15.53.28_veh-38_00184_02293,1.0,0.0
8c1c77e3c8a35388,2021.10.05.07.49.39_veh-52_00770_00905,0.9358373836491778,2021.10.05.07.49.39_veh-52_00770_00905,0.9498010345079514,0.013963650858773602
8c58465a17645b77,2021.07.09.15.53.28_veh-38_00184_02293,0.9808397576390909,2021.07.09.15.53.28_veh-38_00184_02293,1.0,0.019160242360909074
8c61ae7bb33b54ad,2021.10.05.07.49.39_veh-52_00770_00905,0.8982314163621885,2021.10.05.07.49.39_veh-52_00770_00905,0.7799378347587727,-0.11829358160341585
8c627a1fb8225bc0,2021.10.05.08.11.15_veh-50_00437_00585,0.9202471858427558,2021.10.05.08.11.15_veh-50_00437_00585,0.9418339823068536,0.02158679646409778
8c812c6c4671575c,2021.07.09.15.53.28_veh-38_00184_02293,0.9567120185276861,2021.07.09.15.53.28_veh-38_00184_02293,0.9928492730052092,0.03613725447752314
8ca04ffe31395059,2021.07.09.20.26.06_veh-35_02793_03289,0.9684156967198405,2021.07.09.20.26.06_veh-35_02793_03289,0.9842891904310473,0.015873493711206832
8cc27785287f5367,2021.06.23.17.31.36_veh-16_00016_00377,1.0,2021.06.23.17.31.36_veh-16_00016_00377,1.0,0.0
8d0e261ba1825130,2021.07.09.15.53.28_veh-38_00184_02293,0.75,2021.07.09.15.53.28_veh-38_00184_02293,0.75,0.0
8d40c021d3cb5fca,2021.10.05.07.49.39_veh-52_00770_00905,0.9168229281132204,2021.10.05.07.49.39_veh-52_00770_00905,0.9299294564332098,0.013106528319989375
8d80fb7fefcd513b,2021.10.01.17.52.06_veh-28_01141_01264,1.0,2021.10.01.17.52.06_veh-28_01141_01264,1.0,0.0
8deaed625cfc5888,2021.06.09.12.51.31_veh-35_01729_02626,0.9438482179332078,2021.06.09.12.51.31_veh-35_01729_02626,0.9675249579402401,0.023676740007032238
8e19623e78d15d60,2021.07.09.20.26.06_veh-35_02793_03289,0.8362390308383558,2021.07.09.20.26.06_veh-35_02793_03289,0.8730119141104106,0.036772883272054746
8e2e4e2a5ba95a41,2021.07.09.15.53.28_veh-38_00184_02293,0.0,2021.07.09.15.53.28_veh-38_00184_02293,0.0,0.0
8e5a6cdce75d50dd,2021.10.11.02.57.41_veh-50_02155_02265,0.8761222570712914,2021.10.11.02.57.41_veh-50_02155_02265,0.8916225174396434,0.015500260368351948
8ecb60a273c55931,2021.08.31.11.47.30_veh-40_00919_01000,0.9473842586834691,2021.08.31.11.47.30_veh-40_00919_01000,0.961917552891479,0.014533294208009861
8f4878c4dcf5558e,2021.10.05.07.49.39_veh-52_00770_00905,1.0,2021.10.05.07.49.39_veh-52_00770_00905,1.0,0.0
8f63f1b737e15216,2021.06.09.12.51.31_veh-35_01729_02626,1.0,2021.06.09.12.51.31_veh-35_01729_02626,1.0,0.0
8f64f90706655f53,2021.08.31.11.47.30_veh-40_00919_01000,0.9484991353436889,2021.08.31.11.47.30_veh-40_00919_01000,0.9711838030826812,0.022684667738992248
8f7463455b225dfb,2021.10.05.08.11.15_veh-50_00437_00585,0.895544667413439,2021.10.05.08.11.15_veh-50_00437_00585,0.9303849162085027,0.034840248795063755
8f847886c0595319,2021.07.09.15.53.28_veh-38_00184_02293,0.9464455865721045,2021.07.09.15.53.28_veh-38_00184_02293,0.8360427962066035,-0.11040279036550105
8fc1509fbdee54ac,2021.06.09.12.06.35_veh-35_01164_01494,0.9166721113372758,2021.06.09.12.06.35_veh-35_01164_01494,0.9446132492461691,0.0279411379088933
8fec4a414ec45ed3,2021.06.09.20.26.11_veh-35_00970_01216,0.9427912533195497,2021.06.09.20.26.11_veh-35_00970_01216,0.9633713755645134,0.02058012224496364
900e4ffd108f5f95,2021.08.31.11.47.30_veh-40_00919_01000,0.9419080133346018,2021.08.31.11.47.30_veh-40_00919_01000,0.9971033174532888,0.055195304118687005
90679ae84c8b5d05,2021.10.05.07.49.39_veh-52_00770_00905,0.8680874106671015,2021.10.05.07.49.39_veh-52_00770_00905,0.9156625521615622,0.04757514149446074
907f051528025891,2021.07.09.15.53.28_veh-38_00184_02293,1.0,2021.07.09.15.53.28_veh-38_00184_02293,1.0,0.0
90f98ca1978a5457,2021.08.31.14.01.15_veh-40_01576_01714,1.0,2021.08.31.14.01.15_veh-40_01576_01714,1.0,0.0
912976ebea0b5dae,2021.06.23.17.31.36_veh-16_00016_00377,1.0,2021.06.23.17.31.36_veh-16_00016_00377,1.0,0.0
9188a3a5aa175e3a,2021.07.09.15.53.28_veh-38_00184_02293,1.0,2021.07.09.15.53.28_veh-38_00184_02293,1.0,0.0
91927f072cb358b9,2021.07.09.15.53.28_veh-38_00184_02293,1.0,2021.07.09.15.53.28_veh-38_00184_02293,1.0,0.0
91b861586e7d53cd,2021.07.09.15.53.28_veh-38_00184_02293,1.0,2021.07.09.15.53.28_veh-38_00184_02293,1.0,0.0
92292554325a5fad,2021.10.05.08.11.15_veh-50_00437_00585,0.8833358259899703,2021.10.05.08.11.15_veh-50_00437_00585,0.90334559556432,0.020009769574349745
9246f3b315b35838,2021.07.09.15.53.28_veh-38_00184_02293,0.9755621356280875,2021.07.09.15.53.28_veh-38_00184_02293,0.9925727475087933,0.01701061188070585
927258a11f395044,2021.06.09.14.50.36_veh-26_02826_02955,0.9553328157298061,2021.06.09.14.50.36_veh-26_02826_02955,1.0,0.044667184270193894
92a19adc03e55fc5,2021.10.11.02.57.41_veh-50_01028_01289,0.8855783783575707,2021.10.11.02.57.41_veh-50_01028_01289,0.9007946786333705,0.015216300275799788
92c22914fbdf5e29,2021.07.09.15.53.28_veh-38_00184_02293,1.0,2021.07.09.15.53.28_veh-38_00184_02293,1.0,0.0
92f1b2f9782b5ab2,2021.10.11.02.57.41_veh-50_02155_02265,0.8378539875021577,2021.10.11.02.57.41_veh-50_02155_02265,0.84490920907291,0.007055221570752335
931c61a6152e519f,2021.06.09.17.23.18_veh-38_01598_01750,1.0,2021.06.09.17.23.18_veh-38_01598_01750,1.0,0.0
935628750eb851fa,2021.07.09.15.53.28_veh-38_00184_02293,1.0,2021.07.09.15.53.28_veh-38_00184_02293,1.0,0.0
936fbc402ef75a7f,2021.06.23.17.31.36_veh-16_00016_00377,0.8761661319371541,2021.06.23.17.31.36_veh-16_00016_00377,0.9450846350081858,0.06891850307103176
93f4a7c97bf55154,2021.10.01.17.52.06_veh-28_01141_01264,0.7984790496292591,2021.10.01.17.52.06_veh-28_01141_01264,0.9306420756670989,0.1321630260378398
93fa17215ed5505c,2021.10.05.07.49.39_veh-52_00770_00905,0.7851413852184175,2021.10.05.07.49.39_veh-52_00770_00905,0.798801559829387,0.013660174610969578
940a788763a55b7c,2021.06.09.17.23.18_veh-38_01598_01750,1.0,2021.06.09.17.23.18_veh-38_01598_01750,1.0,0.0
9453e27e0bc25019,2021.06.09.12.06.35_veh-35_01164_01494,0.9931815351919469,2021.06.09.12.06.35_veh-35_01164_01494,1.0,0.0068184648080531485
945dcb42cd645cc2,2021.07.09.15.53.28_veh-38_00184_02293,0.8961915279177012,2021.07.09.15.53.28_veh-38_00184_02293,0.9342871475954208,0.03809561967771957
946cb4c69bd85da6,2021.06.09.12.06.35_veh-35_01164_01494,0.953209540674042,2021.06.09.12.06.35_veh-35_01164_01494,0.9815516218282951,0.028342081154253185
94ae5d67804c539d,2021.06.09.17.23.18_veh-38_01598_01750,0.9344274913376192,2021.06.09.17.23.18_veh-38_01598_01750,0.9525033413651128,0.01807585002749368
94de31b161f45bc2,2021.06.09.12.51.31_veh-35_01729_02626,1.0,2021.06.09.12.51.31_veh-35_01729_02626,0.875,-0.125
94e4f5f0f22655d2,2021.07.09.20.26.06_veh-35_02793_03289,0.9423408842812859,2021.07.09.20.26.06_veh-35_02793_03289,0.9616754602443878,0.01933457596310184
94f18102ecb65d3f,2021.07.09.15.53.28_veh-38_00184_02293,0.875,2021.07.09.15.53.28_veh-38_00184_02293,0.875,0.0
954da5a56f305ac5,2021.06.09.12.51.31_veh-35_01729_02626,0.8955744935564776,2021.06.09.12.51.31_veh-35_01729_02626,0.9311147513302144,0.035540257773736816
954e72f1c44e5eb3,2021.06.09.12.51.31_veh-35_01729_02626,0.8930799140385566,2021.06.09.12.51.31_veh-35_01729_02626,0.9273594554600263,0.03427954142146972
955e0d97f2f35bc4,2021.10.11.02.57.41_veh-50_01028_01289,0.8932920179679283,2021.10.11.02.57.41_veh-50_01028_01289,0.9126572234246306,0.019365205456702284
95a1611d12f45d32,2021.07.09.15.53.28_veh-38_00184_02293,0.9367415766626888,2021.07.09.15.53.28_veh-38_00184_02293,0.9548960657559662,0.018154489093277437
95b2448f02bb58e6,2021.06.09.20.26.11_veh-35_00970_01216,1.0,2021.06.09.20.26.11_veh-35_00970_01216,1.0,0.0
95ccbbe1810c5e38,2021.07.09.20.26.06_veh-35_02793_03289,0.9194274606428434,2021.07.09.20.26.06_veh-35_02793_03289,0.9867714781834684,0.06734401754062502
95d2c3ac66245fa5,2021.07.09.15.53.28_veh-38_00184_02293,0.875,2021.07.09.15.53.28_veh-38_00184_02293,0.875,0.0
95e0d89479815fa6,2021.06.23.17.31.36_veh-16_00016_00377,1.0,2021.06.23.17.31.36_veh-16_00016_00377,1.0,0.0
9608c9c656695dd6,2021.10.11.02.57.41_veh-50_02155_02265,0.9068681649712362,2021.10.11.02.57.41_veh-50_02155_02265,0.922270782160752,0.015402617189515744
96198b6e9db0567b,2021.07.09.15.53.28_veh-38_00184_02293,0.9061642886121932,2021.07.09.15.53.28_veh-38_00184_02293,0.9328708402110206,0.0267065515988274
962977e974885acd,2021.10.01.17.52.06_veh-28_01141_01264,0.8885189086328014,2021.10.01.17.52.06_veh-28_01141_01264,0.9432629864070508,0.05474407777424939
966cdeadbc375041,2021.07.09.20.26.06_veh-35_02793_03289,0.9495122126352682,2021.07.09.20.26.06_veh-35_02793_03289,0.9787454117963174,0.02923319916104916
966ede5b9c8559f9,2021.07.09.15.53.28_veh-38_00184_02293,0.8987029467482479,2021.07.09.15.53.28_veh-38_00184_02293,0.9350183366331761,0.03631538988492822
9694f4c94c0c55bf,2021.10.01.17.52.06_veh-28_01141_01264,1.0,2021.10.01.17.52.06_veh-28_01141_01264,1.0,0.0
96d3136946945a05,2021.06.09.14.50.36_veh-26_02826_02955,0.75,2021.06.09.14.50.36_veh-26_02826_02955,0.75,0.0
96e24e94933f52c8,2021.06.09.12.51.31_veh-35_01729_02626,1.0,2021.06.09.12.51.31_veh-35_01729_02626,1.0,0.0
970fa907695456f4,2021.07.09.15.53.28_veh-38_00184_02293,0.9214319109806934,2021.07.09.15.53.28_veh-38_00184_02293,0.9480667422749929,0.026634831294299444
972df703db945595,2021.07.09.15.53.28_veh-38_00184_02293,0.821602540355943,2021.07.09.15.53.28_veh-38_00184_02293,0.8351204733326747,0.01351793297673165
9742b96a0eee5097,2021.06.23.17.31.36_veh-16_00016_00377,0.9245899692875156,2021.06.23.17.31.36_veh-16_00016_00377,0.9664516373029941,0.041861668015478526
9753236c37725562,2021.07.09.15.53.28_veh-38_00184_02293,1.0,2021.07.09.15.53.28_veh-38_00184_02293,1.0,0.0
978bac8b6a965c09,2021.07.09.15.53.28_veh-38_00184_02293,1.0,2021.07.09.15.53.28_veh-38_00184_02293,1.0,0.0
97a3fc19fc7b508e,2021.10.01.17.52.06_veh-28_01141_01264,0.9887777843203159,2021.10.01.17.52.06_veh-28_01141_01264,1.0,0.011222215679684067
97b60971053a5a8f,2021.06.09.12.06.35_veh-35_01164_01494,0.9455747654103659,2021.06.09.12.06.35_veh-35_01164_01494,0.9808936620027855,0.0353188965924196
97b9c6b0d3aa5e6b,2021.10.05.07.49.39_veh-52_00770_00905,1.0,2021.10.05.07.49.39_veh-52_00770_00905,1.0,0.0
97bbe0832237514d,2021.07.09.15.53.28_veh-38_00184_02293,0.9322660269302449,2021.07.09.15.53.28_veh-38_00184_02293,0.9542049736677212,0.021938946737476317
97cd0485dadc5c44,2021.10.05.07.49.39_veh-52_00770_00905,0.9657735904047047,2021.10.05.07.49.39_veh-52_00770_00905,0.9957694334743901,0.02999584306968539
98546a6b46d7528e,2021.07.09.15.53.28_veh-38_00184_02293,0.9751372776431019,2021.07.09.15.53.28_veh-38_00184_02293,0.9878831237346312,0.01274584609152929
987e9ead152a5bef,2021.07.09.15.53.28_veh-38_00184_02293,0.9683378300489558,2021.07.09.15.53.28_veh-38_00184_02293,0.9875979846034176,0.01926015455446184
98b7d40a0b4256e1,2021.06.09.12.51.31_veh-35_01729_02626,0.815835739317474,2021.06.09.12.51.31_veh-35_01729_02626,0.8256595800731661,0.009823840755692093
98e1c86704b75bce,2021.08.31.11.47.30_veh-40_00919_01000,0.9616570885799448,2021.08.31.11.47.30_veh-40_00919_01000,1.0,0.03834291142005519
98f62d9131da5913,2021.10.11.02.57.41_veh-50_01028_01289,0.8279470925537569,2021.10.11.02.57.41_veh-50_01028_01289,0.8585085730086132,0.030561480454856293
9915a6132edb5b6f,2021.06.09.14.50.36_veh-26_02826_02955,1.0,2021.06.09.14.50.36_veh-26_02826_02955,0.8571428571428571,-0.1428571428571429
994cdcf16f475b72,2021.10.11.02.57.41_veh-50_02155_02265,0.9319769606876586,2021.10.11.02.57.41_veh-50_02155_02265,0.9481616550645857,0.016184694376927156
9953d027249f57fe,2021.07.09.15.53.28_veh-38_00184_02293,1.0,2021.07.09.15.53.28_veh-38_00184_02293,1.0,0.0
997140e8419051b4,2021.10.11.02.57.41_veh-50_01028_01289,0.8969393293731908,2021.10.11.02.57.41_veh-50_01028_01289,0.9169951525877797,0.020055823214588986
99c4a687ed1a599a,2021.07.16.22.40.23_veh-38_00204_00360,1.0,2021.07.16.22.40.23_veh-38_00204_00360,1.0,0.0
99ded0a5f4475071,2021.06.09.12.06.35_veh-35_01164_01494,0.9562901005561258,2021.06.09.12.06.35_veh-35_01164_01494,0.9752453505687102,0.018955250012584357
99f700e7e9af5407,2021.06.09.20.26.11_veh-35_00970_01216,1.0,2021.06.09.20.26.11_veh-35_00970_01216,1.0,0.0
9a1dbb392efc5e89,2021.08.31.11.47.30_veh-40_00919_01000,0.9696236286471664,2021.08.31.11.47.30_veh-40_00919_01000,0.999652905056384,0.030029276409217598
9a3297e2227653e7,2021.06.09.12.06.35_veh-35_01164_01494,0.9109535277218703,2021.06.09.12.06.35_veh-35_01164_01494,0.9663107146460637,0.055357186924193336
9a45431d78665797,2021.10.11.02.57.41_veh-50_01028_01289,0.9055566429136777,2021.10.11.02.57.41_veh-50_01028_01289,0.9250808651702337,0.019524222256556034
9a4b00e867fc591d,2021.06.09.20.26.11_veh-35_00970_01216,1.0,2021.06.09.20.26.11_veh-35_00970_01216,1.0,0.0
9a5fc2035a655005,2021.10.11.02.57.41_veh-50_02155_02265,0.9296492850465992,2021.10.11.02.57.41_veh-50_02155_02265,0.9451081256012583,0.015458840554659181
9aa65c356bad5da4,2021.07.09.15.53.28_veh-38_00184_02293,0.9700290695076711,2021.07.09.15.53.28_veh-38_00184_02293,0.9871696201967604,0.017140550689089262
9abce3eae2005739,2021.10.11.02.57.41_veh-50_01028_01289,0.9114918190339985,2021.10.11.02.57.41_veh-50_01028_01289,0.9292353657777834,0.017743546743784977
9ad2cc6c97365873,2021.07.09.20.26.06_veh-35_02793_03289,0.9183039304744105,2021.07.09.20.26.06_veh-35_02793_03289,0.936820156592297,0.018516226117886503
9ae5a292b89155a0,2021.06.23.17.31.36_veh-16_00016_00377,1.0,2021.06.23.17.31.36_veh-16_00016_00377,1.0,0.0
9aeb31473be659b4,2021.10.11.02.57.41_veh-50_02155_02265,0.9031028730676561,2021.10.11.02.57.41_veh-50_02155_02265,0.9182805208368156,0.01517764776915942
9b3708708fbd550f,2021.06.09.12.06.35_veh-35_01164_01494,0.9473149084328341,2021.06.09.12.06.35_veh-35_01164_01494,0.9639521695654061,0.016637261132572023
9b4247d0fd87569c,2021.07.09.20.26.06_veh-35_02793_03289,0.9209888531098105,2021.07.09.20.26.06_veh-35_02793_03289,0.9740553070549991,0.05306645394518861
9b4ca000766657b2,2021.07.09.15.53.28_veh-38_00184_02293,0.8168475629235359,2021.07.09.15.53.28_veh-38_00184_02293,0.8279957771893183,0.011148214265782386
9b7196827b5859df,2021.06.09.14.50.36_veh-26_02826_02955,0.875,2021.06.09.14.50.36_veh-26_02826_02955,0.875,0.0
9b877b869b3d5f89,2021.06.09.20.26.11_veh-35_00970_01216,1.0,2021.06.09.20.26.11_veh-35_00970_01216,1.0,0.0
9bbdf96591265339,2021.08.31.14.01.15_veh-40_01576_01714,0.8478558073741211,2021.08.31.14.01.15_veh-40_01576_01714,0.8910738440739413,0.04321803669982016
9bcee0d1dd015764,2021.07.09.15.53.28_veh-38_00184_02293,1.0,2021.07.09.15.53.28_veh-38_00184_02293,1.0,0.0
9be9272eca74587d,2021.10.11.02.57.41_veh-50_02155_02265,0.9206479487335191,2021.10.11.02.57.41_veh-50_02155_02265,0.9350098350819088,0.014361886348389752
9c084095533b564c,2021.10.05.07.49.39_veh-52_00770_00905,0.8850961876756405,2021.10.05.07.49.39_veh-52_00770_00905,0.9375875362699047,0.05249134859426419
9c2572be2cc259d9,2021.07.09.15.53.28_veh-38_00184_02293,0.9789340014127391,2021.07.09.15.53.28_veh-38_00184_02293,1.0,0.02106599858726088
9c33787bfeda5800,2021.07.09.15.53.28_veh-38_00184_02293,1.0,2021.07.09.15.53.28_veh-38_00184_02293,1.0,0.0
9c792517780b5b7d,2021.07.09.15.53.28_veh-38_00184_02293,0.9763327603611164,2021.07.09.15.53.28_veh-38_00184_02293,1.0,0.02366723963888362
9c83725ca24453f5,2021.07.09.15.53.28_veh-38_00184_02293,1.0,2021.07.09.15.53.28_veh-38_00184_02293,1.0,0.0
9c891840338e54d4,2021.07.09.15.53.28_veh-38_00184_02293,0.9309043869712009,2021.07.09.15.53.28_veh-38_00184_02293,0.9537098803521022,0.02280549338090132
9cb25aa118655418,2021.07.09.15.53.28_veh-38_00184_02293,1.0,2021.07.09.15.53.28_veh-38_00184_02293,1.0,0.0
9cb570dc6b2b5355,2021.06.09.12.06.35_veh-35_01164_01494,0.9410161262371843,2021.06.09.12.06.35_veh-35_01164_01494,0.964210126782304,0.023194000545119664
9cc73a8bde335ec2,2021.07.09.15.53.28_veh-38_00184_02293,1.0,2021.07.09.15.53.28_veh-38_00184_02293,1.0,0.0
9ce14bde80df5bab,2021.10.05.08.11.15_veh-50_00437_00585,0.75,2021.10.05.08.11.15_veh-50_00437_00585,0.875,0.125
9cef9bb074dc57a9,2021.06.09.17.23.18_veh-38_01598_01750,1.0,2021.06.09.17.23.18_veh-38_01598_01750,0.875,-0.125
9d0c0ca6c0b352b8,2021.06.09.12.51.31_veh-35_01729_02626,0.9345484553034862,2021.06.09.12.51.31_veh-35_01729_02626,0.9712046593799071,0.036656204076420895
9d35cc01a2ca541d,2021.06.09.20.26.11_veh-35_00970_01216,0.9317015913628276,2021.06.09.20.26.11_veh-35_00970_01216,0.961172023199649,0.02947043183682141
9d572fd0a3c0584f,2021.07.09.15.53.28_veh-38_00184_02293,0.875,2021.07.09.15.53.28_veh-38_00184_02293,0.875,0.0
9d87ac4fbc1959d9,2021.06.09.12.51.31_veh-35_01729_02626,1.0,2021.06.09.12.51.31_veh-35_01729_02626,1.0,0.0
9d87df3517f0557a,2021.06.09.12.51.31_veh-35_01729_02626,0.9140914052566304,2021.06.09.12.51.31_veh-35_01729_02626,0.9587143878959422,0.04462298263931186
9d8f4e67c96b5637,2021.07.09.15.53.28_veh-38_00184_02293,0.9777796874218568,2021.07.09.15.53.28_veh-38_00184_02293,1.0,0.022220312578143164
9db16a5b77095de4,2021.07.09.15.53.28_veh-38_00184_02293,0.8906496154569523,2021.07.09.15.53.28_veh-38_00184_02293,0.9330581879490416,0.04240857249208929
9e6d11e4e8385c43,2021.06.09.20.26.11_veh-35_00970_01216,1.0,2021.06.09.20.26.11_veh-35_00970_01216,1.0,0.0
9e7532e485cc5816,2021.07.09.15.53.28_veh-38_00184_02293,1.0,2021.07.09.15.53.28_veh-38_00184_02293,1.0,0.0
9eac02522d2a5ed3,2021.07.09.15.53.28_veh-38_00184_02293,1.0,2021.07.09.15.53.28_veh-38_00184_02293,1.0,0.0
9eae5a2e43535977,2021.10.11.02.57.41_veh-50_01028_01289,0.0,2021.10.11.02.57.41_veh-50_01028_01289,0.0,0.0
9eba22c564c15cff,2021.06.09.20.26.11_veh-35_00970_01216,1.0,2021.06.09.20.26.11_veh-35_00970_01216,1.0,0.0
9ebea9056e195897,2021.06.09.12.51.31_veh-35_01729_02626,0.9104279761933274,2021.06.09.12.51.31_veh-35_01729_02626,0.9708996956619487,0.06047171946862129
9ed6b55afa4251dd,2021.06.09.17.23.18_veh-38_01598_01750,1.0,2021.06.09.17.23.18_veh-38_01598_01750,1.0,0.0
9f2f87e8c4b558c8,2021.07.09.15.53.28_veh-38_00184_02293,0.9598213087950593,2021.07.09.15.53.28_veh-38_00184_02293,0.9772126759702559,0.017391367175196515
9f40f3d09a0c5024,2021.07.09.15.53.28_veh-38_00184_02293,0.986691167635273,2021.07.09.15.53.28_veh-38_00184_02293,1.0,0.013308832364727019
9f56c42b0c4b552c,2021.07.09.15.53.28_veh-38_00184_02293,0.9622487603188121,2021.07.09.15.53.28_veh-38_00184_02293,1.0,0.037751239681187876
9f7def7fc5e4570e,2021.07.09.20.26.06_veh-35_02793_03289,0.8981205785300891,2021.07.09.20.26.06_veh-35_02793_03289,0.9252430631354489,0.02712248460535982
9f885abfb8cd5675,2021.07.16.22.40.23_veh-38_00204_00360,1.0,2021.07.16.22.40.23_veh-38_00204_00360,0.875,-0.125
9fabef7447845a3b,2021.06.09.12.51.31_veh-35_01729_02626,0.94102686745897,2021.06.09.12.51.31_veh-35_01729_02626,0.9680486498886345,0.027021782429664465
9fb2a722bf485a1b,2021.06.09.12.51.31_veh-35_01729_02626,0.9117552379817184,2021.06.09.12.51.31_veh-35_01729_02626,0.9609794706715522,0.04922423268983378
a0036dbb7dd9522a,2021.07.09.15.53.28_veh-38_00184_02293,1.0,2021.07.09.15.53.28_veh-38_00184_02293,1.0,0.0
a0134d1c60475b3c,2021.06.23.17.31.36_veh-16_00016_00377,0.9701627005294553,2021.06.23.17.31.36_veh-16_00016_00377,0.9893193023120868,0.019156601782631455
a01fa5eb5be95c2a,2021.07.09.20.26.06_veh-35_02793_03289,0.925321126895645,2021.07.09.20.26.06_veh-35_02793_03289,0.9495525310315748,0.024231404135929724
a02f3e19c1ad5991,2021.06.09.20.26.11_veh-35_00970_01216,0.9625129818374717,2021.06.09.20.26.11_veh-35_00970_01216,1.0,0.03748701816252831
a0493e8185235ec7,2021.10.05.07.49.39_veh-52_00770_00905,0.9772846219828344,2021.10.05.07.49.39_veh-52_00770_00905,1.0,0.02271537801716561
a0757b8313a15615,2021.10.11.02.57.41_veh-50_02155_02265,0.9003840971360679,2021.10.11.02.57.41_veh-50_02155_02265,0.9149925623360236,0.014608465199955623
a075a523b64550e9,2021.07.09.15.53.28_veh-38_00184_02293,0.8625169390675951,2021.07.09.15.53.28_veh-38_00184_02293,0.9018714090494492,0.0393544699818541
a094176b58375800,2021.07.09.15.53.28_veh-38_00184_02293,1.0,2021.07.09.15.53.28_veh-38_00184_02293,1.0,0.0
a0c05b04e8fc5d85,2021.07.09.15.53.28_veh-38_00184_02293,1.0,2021.07.09.15.53.28_veh-38_00184_02293,0.875,-0.125
a156a990d01f5a38,2021.07.09.15.53.28_veh-38_00184_02293,1.0,2021.07.09.15.53.28_veh-38_00184_02293,1.0,0.0
a1722fd06916560d,2021.06.09.12.06.35_veh-35_01164_01494,0.930023101336703,2021.06.09.12.06.35_veh-35_01164_01494,0.9682530181185058,0.038229916781802875
a173aec70e58581c,2021.07.09.15.53.28_veh-38_00184_02293,1.0,2021.07.09.15.53.28_veh-38_00184_02293,1.0,0.0
a17b55560d22530f,2021.10.05.07.49.39_veh-52_00770_00905,1.0,2021.10.05.07.49.39_veh-52_00770_00905,1.0,0.0
a1b196339e23508b,2021.07.09.15.53.28_veh-38_00184_02293,0.9119261450423111,2021.07.09.15.53.28_veh-38_00184_02293,0.948842603986695,0.03691645894438389
a1c0bc234f6b509d,2021.07.09.15.53.28_veh-38_00184_02293,0.9511002356100334,2021.07.09.15.53.28_veh-38_00184_02293,0.9845789753286326,0.03347873971859916
a1cca44efdc256a2,2021.06.23.17.31.36_veh-16_00016_00377,1.0,2021.06.23.17.31.36_veh-16_00016_00377,1.0,0.0
a1e1af9908e45556,2021.10.11.02.57.41_veh-50_02155_02265,0.9017295391122063,2021.10.11.02.57.41_veh-50_02155_02265,0.0,-0.9017295391122063
a1f10af5c1bd57f8,2021.06.09.20.26.11_veh-35_00970_01216,0.9661239328888409,2021.06.09.20.26.11_veh-35_00970_01216,0.9776425834887774,0.011518650599936509
a22e6b1ef8655ecf,2021.06.09.12.06.35_veh-35_01164_01494,0.9192419392612241,2021.06.09.12.06.35_veh-35_01164_01494,0.9531260413036302,0.033884102042406106
a27a8a02217d5ade,2021.08.31.11.47.30_veh-40_00919_01000,0.9451110648640496,2021.08.31.11.47.30_veh-40_00919_01000,0.9688632289605211,0.023752164096471517
a287a8b3726a5d46,2021.06.09.12.51.31_veh-35_01729_02626,1.0,2021.06.09.12.51.31_veh-35_01729_02626,1.0,0.0
a29d4b0957d45457,2021.07.09.15.53.28_veh-38_00184_02293,1.0,2021.07.09.15.53.28_veh-38_00184_02293,1.0,0.0
a2e8d995e6985d26,2021.06.09.20.26.11_veh-35_00970_01216,0.9800876901897102,2021.06.09.20.26.11_veh-35_00970_01216,1.0,0.019912309810289797
a30635daffc75118,2021.06.09.12.06.35_veh-35_01164_01494,1.0,2021.06.09.12.06.35_veh-35_01164_01494,1.0,0.0
a3421711e5dc50e5,2021.07.09.20.26.06_veh-35_02793_03289,0.75,2021.07.09.20.26.06_veh-35_02793_03289,0.75,0.0
a3648b6dd505564f,2021.07.09.15.53.28_veh-38_00184_02293,1.0,2021.07.09.15.53.28_veh-38_00184_02293,0.0,-1.0
a3886a0066ca51e0,2021.10.11.02.57.41_veh-50_01028_01289,0.8978220021001184,2021.10.11.02.57.41_veh-50_01028_01289,0.7836280692307452,-0.11419393286937318
a3b1fb4905615ee0,2021.07.09.15.53.28_veh-38_00184_02293,0.0,2021.07.09.15.53.28_veh-38_00184_02293,0.8589856320805354,0.8589856320805354
a3ef1c88095a59da,2021.07.09.15.53.28_veh-38_00184_02293,0.8964340621351353,2021.07.09.15.53.28_veh-38_00184_02293,0.9184134935711514,0.021979431436016106
a43022f0434c530b,2021.10.01.17.52.06_veh-28_01141_01264,0.9850687411827556,2021.10.01.17.52.06_veh-28_01141_01264,1.0,0.014931258817244442
a46b9833db705dd8,2021.06.09.12.51.31_veh-35_01729_02626,0.8741902526067515,2021.06.09.12.51.31_veh-35_01729_02626,0.9111635421847598,0.03697328957800827
a47149d13d5a5b74,2021.10.11.02.57.41_veh-50_02155_02265,0.9289612016036763,2021.10.11.02.57.41_veh-50_02155_02265,0.9449484005151367,0.015987198911460387
a4add302e42c5c7e,2021.06.09.20.26.11_veh-35_00970_01216,0.9380935618743171,2021.06.09.20.26.11_veh-35_00970_01216,0.963687851711833,0.025594289837515882
a4ba975c32c95388,2021.07.09.15.53.28_veh-38_00184_02293,0.9863138163522148,2021.07.09.15.53.28_veh-38_00184_02293,1.0,0.013686183647785177
a501f397b8045aed,2021.07.09.15.53.28_veh-38_00184_02293,0.9892994626324091,2021.07.09.15.53.28_veh-38_00184_02293,1.0,0.010700537367590912
a5051ac6e15551e7,2021.08.31.11.47.30_veh-40_00919_01000,0.9587901385397064,2021.08.31.11.47.30_veh-40_00919_01000,0.989501111532247,0.030710972992540553
a572a36643565d2d,2021.07.09.15.53.28_veh-38_00184_02293,1.0,2021.07.09.15.53.28_veh-38_00184_02293,1.0,0.0
a5aa2c07692a5f9b,2021.06.23.17.31.36_veh-16_00016_00377,1.0,2021.06.23.17.31.36_veh-16_00016_00377,1.0,0.0
a5bdf8f9621d585c,2021.07.09.15.53.28_veh-38_00184_02293,1.0,2021.07.09.15.53.28_veh-38_00184_02293,1.0,0.0
a5d0fdeecf745214,2021.07.09.15.53.28_veh-38_00184_02293,0.875,2021.07.09.15.53.28_veh-38_00184_02293,0.875,0.0
a5fc68e13b4c5653,2021.07.09.15.53.28_veh-38_00184_02293,1.0,2021.07.09.15.53.28_veh-38_00184_02293,1.0,0.0
a60f2627cee15fd4,2021.10.11.02.57.41_veh-50_02155_02265,0.8938580441942625,2021.10.11.02.57.41_veh-50_02155_02265,0.0,-0.8938580441942625
a614f0e213bc5b3c,2021.10.11.02.57.41_veh-50_02155_02265,0.8701284140008938,2021.10.11.02.57.41_veh-50_02155_02265,0.8801614045971087,0.010032990596214875
a61c2bbd0f3d5d8b,2021.06.09.12.06.35_veh-35_01164_01494,0.9929604522846973,2021.06.09.12.06.35_veh-35_01164_01494,1.0,0.007039547715302685
a636eadfab6a531d,2021.06.09.12.51.31_veh-35_01729_02626,1.0,2021.06.09.12.51.31_veh-35_01729_02626,1.0,0.0
a63d9d8cd31858ae,2021.06.23.17.31.36_veh-16_00016_00377,0.9487167215459652,2021.06.23.17.31.36_veh-16_00016_00377,0.9712113456934983,0.022494624147533115
a661c633fa3e5a59,2021.08.31.14.01.15_veh-40_01576_01714,1.0,2021.08.31.14.01.15_veh-40_01576_01714,0.875,-0.125
a7052e45ec88505e,2021.07.09.20.26.06_veh-35_02793_03289,0.9453794187758251,2021.07.09.20.26.06_veh-35_02793_03289,0.964669515040478,0.019290096264652945
a732670827695579,2021.07.09.15.53.28_veh-38_00184_02293,0.9110896587996452,2021.07.09.15.53.28_veh-38_00184_02293,0.9483392445192559,0.03724958571961068
a7678eea2655557f,2021.06.09.20.26.11_veh-35_00970_01216,0.9238569660835585,2021.06.09.20.26.11_veh-35_00970_01216,0.9823019434649568,0.05844497738139831
a77bff075d7c5d85,2021.10.11.02.57.41_veh-50_01028_01289,0.721531415145312,2021.10.11.02.57.41_veh-50_01028_01289,0.7448707991263384,0.023339383981026307
a7a0e345cbe251ff,2021.06.09.20.26.11_veh-35_00970_01216,1.0,2021.06.09.20.26.11_veh-35_00970_01216,1.0,0.0
a7bfd664e59f5640,2021.07.09.15.53.28_veh-38_00184_02293,0.9638399489714762,2021.07.09.15.53.28_veh-38_00184_02293,0.9876300757283978,0.023790126756921604
a7c85687d085540f,2021.07.09.15.53.28_veh-38_00184_02293,0.9652363662536961,2021.07.09.15.53.28_veh-38_00184_02293,0.9873840897506624,0.022147723496966254
a7f219d0ab395e1b,2021.07.09.15.53.28_veh-38_00184_02293,0.875,2021.07.09.15.53.28_veh-38_00184_02293,0.875,0.0
a85db33ba720554a,2021.07.09.15.53.28_veh-38_00184_02293,1.0,2021.07.09.15.53.28_veh-38_00184_02293,1.0,0.0
a8739782d4355428,2021.06.09.12.51.31_veh-35_01729_02626,1.0,2021.06.09.12.51.31_veh-35_01729_02626,1.0,0.0
a890e898c911575d,2021.07.09.15.53.28_veh-38_00184_02293,1.0,2021.07.09.15.53.28_veh-38_00184_02293,1.0,0.0
a8c8ce07867e569e,2021.06.23.17.31.36_veh-16_00016_00377,0.9381587056698701,2021.06.23.17.31.36_veh-16_00016_00377,0.9988501901763536,0.06069148450648343
a8e97875efab5ff5,2021.07.09.15.53.28_veh-38_00184_02293,0.9379990481213272,2021.07.09.15.53.28_veh-38_00184_02293,0.9559172831629296,0.017918235041602393
a8efb43e09885372,2021.07.09.15.53.28_veh-38_00184_02293,0.9851463161663125,2021.07.09.15.53.28_veh-38_00184_02293,1.0,0.014853683833687459
a8f42d585ae55630,2021.07.09.20.26.06_veh-35_02793_03289,0.9619187252047758,2021.07.09.20.26.06_veh-35_02793_03289,0.9781415012434307,0.01622277603865485
a90b5f01478957ee,2021.07.09.15.53.28_veh-38_00184_02293,0.7030630026745932,2021.07.09.15.53.28_veh-38_00184_02293,0.7437154209637095,0.040652418289116254
a91aee7fb6255053,2021.07.09.15.53.28_veh-38_00184_02293,0.9307799093512611,2021.07.09.15.53.28_veh-38_00184_02293,0.9649686543679434,0.03418874501668234
a92a5c623e9a5906,2021.08.31.14.01.15_veh-40_01576_01714,0.8246252287823176,2021.08.31.14.01.15_veh-40_01576_01714,0.8347644986518704,0.010139269869552825
a99dbc17a6f35fa0,2021.10.05.08.11.15_veh-50_00437_00585,0.9119667564410983,2021.10.05.08.11.15_veh-50_00437_00585,0.924805201224341,0.012838444783242697
a99fef2dc48459b8,2021.10.11.02.57.41_veh-50_02155_02265,0.920867695656881,2021.10.11.02.57.41_veh-50_02155_02265,0.9372298199817538,0.01636212432487283
a9bb657628115cf5,2021.07.09.15.53.28_veh-38_00184_02293,0.9469044804391213,2021.07.09.15.53.28_veh-38_00184_02293,0.9901066972574937,0.04320221681837233
aa05717ed4265b1a,2021.06.09.12.51.31_veh-35_01729_02626,0.9345965861157971,2021.06.09.12.51.31_veh-35_01729_02626,0.9566209170315235,0.02202433091572642
aa22e0c0be2b588c,2021.07.09.20.26.06_veh-35_02793_03289,1.0,2021.07.09.20.26.06_veh-35_02793_03289,1.0,0.0
aa5c5efeeafd563c,2021.08.31.14.01.15_veh-40_01576_01714,0.9389706088920237,2021.08.31.14.01.15_veh-40_01576_01714,0.9478054336001264,0.008834824708102706
aa8326c244e85a40,2021.10.11.02.57.41_veh-50_02155_02265,0.913808366584726,2021.10.11.02.57.41_veh-50_02155_02265,0.927577449003466,0.013769082418739975
aa917b7bd6795583,2021.07.09.15.53.28_veh-38_00184_02293,0.9921253436240212,2021.07.09.15.53.28_veh-38_00184_02293,1.0,0.007874656375978839
aa9798a62fd05f92,2021.07.09.20.26.06_veh-35_02793_03289,0.9534733019980062,2021.07.09.20.26.06_veh-35_02793_03289,0.970832067453183,0.017358765455176783
aaa588f7383f52b7,2021.06.09.20.26.11_veh-35_00970_01216,0.9018744375612362,2021.06.09.20.26.11_veh-35_00970_01216,0.9508905917909469,0.04901615422971073
aac0caff26875b79,2021.06.23.17.31.36_veh-16_00016_00377,1.0,2021.06.23.17.31.36_veh-16_00016_00377,1.0,0.0
aae99a84413d5f72,2021.06.09.20.26.11_veh-35_00970_01216,0.9147800854962409,2021.06.09.20.26.11_veh-35_00970_01216,0.940289330253018,0.025509244756777072
ab53984253715cdd,2021.10.11.02.57.41_veh-50_02155_02265,0.9055923767633602,2021.10.11.02.57.41_veh-50_02155_02265,0.9195521432118756,0.013959766448515376
aba976ffd9c451de,2021.10.01.17.52.06_veh-28_01141_01264,0.9630771833883149,2021.10.01.17.52.06_veh-28_01141_01264,0.987126835907955,0.024049652519640086
abc8238662a8569e,2021.07.09.20.26.06_veh-35_02793_03289,0.9506630465555871,2021.07.09.20.26.06_veh-35_02793_03289,0.9665027105693371,0.015839664013750032
abc8c3e51f5857d5,2021.10.05.08.11.15_veh-50_00437_00585,0.9943648111849099,2021.10.05.08.11.15_veh-50_00437_00585,1.0,0.005635188815090064
abc9f2cbeaeb55f6,2021.10.11.02.57.41_veh-50_01028_01289,0.9390029753662275,2021.10.11.02.57.41_veh-50_01028_01289,0.9541938427212646,0.015190867355037163
abeedf530cf3573d,2021.10.11.02.57.41_veh-50_01028_01289,0.8330492935900481,2021.10.11.02.57.41_veh-50_01028_01289,0.0,-0.8330492935900481
abf1cce3aa57532a,2021.10.05.08.11.15_veh-50_00437_00585,0.9370129030471575,2021.10.05.08.11.15_veh-50_00437_00585,0.9526459185496398,0.015633015502482306
ac0ca24fd2f158b7,2021.07.09.15.53.28_veh-38_00184_02293,1.0,2021.07.09.15.53.28_veh-38_00184_02293,1.0,0.0
ac2c3e22fe8c5c6d,2021.06.09.12.51.31_veh-35_01729_02626,0.88394993433705,2021.06.09.12.51.31_veh-35_01729_02626,0.943882509246331,0.059932574909280945
ac5e2264df3958ac,2021.06.09.12.51.31_veh-35_01729_02626,0.7557728685347032,2021.06.09.12.51.31_veh-35_01729_02626,0.7903088469033537,0.03453597836865052
ac681c2a50795ba0,2021.08.31.11.47.30_veh-40_00919_01000,1.0,2021.08.31.11.47.30_veh-40_00919_01000,1.0,0.0
ac7799ea12475109,2021.10.01.17.52.06_veh-28_01141_01264,0.9768409027440799,2021.10.01.17.52.06_veh-28_01141_01264,0.9907412429724918,0.013900340228411912
ac7ab75271c75a44,2021.06.23.17.31.36_veh-16_00016_00377,1.0,2021.06.23.17.31.36_veh-16_00016_00377,1.0,0.0
acf90c09814b527d,2021.07.09.15.53.28_veh-38_00184_02293,0.9628389085445009,2021.07.09.15.53.28_veh-38_00184_02293,1.0,0.03716109145549906
ad4728971bca5a56,2021.07.09.15.53.28_veh-38_00184_02293,1.0,2021.07.09.15.53.28_veh-38_00184_02293,1.0,0.0
ad6f2ee944415c58,2021.06.09.12.51.31_veh-35_01729_02626,1.0,2021.06.09.12.51.31_veh-35_01729_02626,1.0,0.0
ad75c0abe73d52c7,2021.10.11.02.57.41_veh-50_01028_01289,0.8896934705722456,2021.10.11.02.57.41_veh-50_01028_01289,0.9060989165514026,0.01640544597915705
ad8f2bc5ddb055c9,2021.07.09.20.26.06_veh-35_02793_03289,0.9146434163340471,2021.07.09.20.26.06_veh-35_02793_03289,0.9540649757634014,0.039421559429354325
ad9c60ee22de5163,2021.08.31.11.47.30_veh-40_00919_01000,0.9521224437828312,2021.08.31.11.47.30_veh-40_00919_01000,0.9788543114437585,0.026731867660927278
add1ea7b7e845845,2021.07.09.20.26.06_veh-35_02793_03289,1.0,2021.07.09.20.26.06_veh-35_02793_03289,1.0,0.0
adeac17732895943,2021.07.09.15.53.28_veh-38_00184_02293,1.0,2021.07.09.15.53.28_veh-38_00184_02293,1.0,0.0
adf1f42c50905604,2021.07.09.20.26.06_veh-35_02793_03289,1.0,2021.07.09.20.26.06_veh-35_02793_03289,1.0,0.0
ae0c0121c32e5e5c,2021.07.09.20.26.06_veh-35_02793_03289,0.8617128519401293,2021.07.09.20.26.06_veh-35_02793_03289,0.8989297105816774,0.03721685864154811
ae101de4cb1b513e,2021.07.09.15.53.28_veh-38_00184_02293,0.8416133663138164,2021.07.09.15.53.28_veh-38_00184_02293,0.8828752507303823,0.041261884416565864
ae1ce6b276645fd1,2021.10.11.02.57.41_veh-50_02155_02265,0.907668960787162,2021.10.11.02.57.41_veh-50_02155_02265,0.9225526847044593,0.014883723917297309
ae2807f88fea5904,2021.10.11.02.57.41_veh-50_01028_01289,0.8636330510422896,2021.10.11.02.57.41_veh-50_01028_01289,0.8829238172464594,0.019290766204169807
ae423ca6966757cf,2021.10.01.17.52.06_veh-28_01141_01264,0.9842379174131014,2021.10.01.17.52.06_veh-28_01141_01264,1.0,0.015762082586898596
ae65f8c63d9757ce,2021.07.09.15.53.28_veh-38_00184_02293,1.0,2021.07.09.15.53.28_veh-38_00184_02293,1.0,0.0
ae75038bea395c18,2021.07.09.15.53.28_veh-38_00184_02293,0.9348502724128125,2021.07.09.15.53.28_veh-38_00184_02293,0.9536995914069858,0.018849318994173303
ae7aec1b18255951,2021.10.05.07.49.39_veh-52_00770_00905,1.0,2021.10.05.07.49.39_veh-52_00770_00905,1.0,0.0
aeac6b9b55cb5709,2021.10.05.08.11.15_veh-50_00437_00585,0.9063789701733188,2021.10.05.08.11.15_veh-50_00437_00585,0.9198078359411933,0.013428865767874498
aee6f2e930d550e1,2021.10.05.07.49.39_veh-52_00770_00905,0.9606299372387885,2021.10.05.07.49.39_veh-52_00770_00905,0.9905008930319961,0.029870955793207532
aefcaaf5aef552eb,2021.07.09.15.53.28_veh-38_00184_02293,0.875,2021.07.09.15.53.28_veh-38_00184_02293,0.875,0.0
af1647f044bf5353,2021.07.09.20.26.06_veh-35_02793_03289,1.0,2021.07.09.20.26.06_veh-35_02793_03289,1.0,0.0
af5340a6db3a56dc,2021.10.11.02.57.41_veh-50_02155_02265,0.9139482913020291,2021.10.11.02.57.41_veh-50_02155_02265,0.9312221851434901,0.01727389384146094
af72d87120a75e89,2021.06.09.12.06.35_veh-35_01164_01494,1.0,2021.06.09.12.06.35_veh-35_01164_01494,1.0,0.0
afcacc1536c75f9f,2021.10.11.02.57.41_veh-50_01028_01289,0.7764255295311457,2021.10.11.02.57.41_veh-50_01028_01289,0.7927675916946031,0.01634206216345735
b007973e1a8c56cb,2021.06.09.12.06.35_veh-35_01164_01494,0.9721171515470033,2021.06.09.12.06.35_veh-35_01164_01494,0.9868488363289938,0.014731684781990495
b017af1b89af5241,2021.07.09.20.26.06_veh-35_02793_03289,1.0,2021.07.09.20.26.06_veh-35_02793_03289,0.875,-0.125
b0224834f8b856d8,2021.07.09.15.53.28_veh-38_00184_02293,0.90152491944722,2021.07.09.15.53.28_veh-38_00184_02293,0.9117292618607639,0.010204342413543843
b02f4daf44f952d5,2021.06.09.14.50.36_veh-26_02826_02955,1.0,2021.06.09.14.50.36_veh-26_02826_02955,0.875,-0.125
b030dec92165592b,2021.07.09.15.53.28_veh-38_00184_02293,0.875,2021.07.09.15.53.28_veh-38_00184_02293,0.875,0.0
b042f8b582f453d8,2021.10.11.02.57.41_veh-50_02155_02265,0.9060376195012516,2021.10.11.02.57.41_veh-50_02155_02265,0.9209596680938037,0.014922048592552084
b066a7fc60ff523a,2021.07.09.15.53.28_veh-38_00184_02293,1.0,2021.07.09.15.53.28_veh-38_00184_02293,1.0,0.0
b08f0c9d23f054dc,2021.10.05.08.11.15_veh-50_00437_00585,0.8972827091578612,2021.10.05.08.11.15_veh-50_00437_00585,0.9126507527591731,0.015368043601311832
b0ab79add8315a10,2021.10.11.02.57.41_veh-50_02155_02265,0.9219399849357606,2021.10.11.02.57.41_veh-50_02155_02265,0.9364044566934866,0.014464471757726027
b0fbd8c8185b5ba8,2021.07.09.20.26.06_veh-35_02793_03289,1.0,2021.07.09.20.26.06_veh-35_02793_03289,1.0,0.0
b1c8504629d8571f,2021.07.09.15.53.28_veh-38_00184_02293,0.9567396637021277,2021.07.09.15.53.28_veh-38_00184_02293,0.9683805800644258,0.011640916362298137
b1dfcdc2c85b536b,2021.10.01.17.52.06_veh-28_01141_01264,0.8218665025708543,2021.10.01.17.52.06_veh-28_01141_01264,0.8314486726927435,0.009582170121889222
b2119b944b7f5d42,2021.06.09.12.51.31_veh-35_01729_02626,1.0,2021.06.09.12.51.31_veh-35_01729_02626,1.0,0.0
b23b1644c9845dc3,2021.07.09.15.53.28_veh-38_00184_02293,1.0,2021.07.09.15.53.28_veh-38_00184_02293,0.0,-1.0
b23ede9a183b5b71,2021.06.09.12.06.35_veh-35_01164_01494,0.9297587769702916,2021.06.09.12.06.35_veh-35_01164_01494,0.9431076804704284,0.013348903500136733
b26470d352f35d83,2021.07.09.15.53.28_veh-38_00184_02293,0.8806067285676913,2021.07.09.15.53.28_veh-38_00184_02293,0.9274427081590242,0.0468359795913329
b2b97b044f3d52f5,2021.10.11.02.57.41_veh-50_02155_02265,0.9134125568593023,2021.10.11.02.57.41_veh-50_02155_02265,0.9263146693838593,0.012902112524556975
b2dffb44dcbd58e6,2021.10.05.07.49.39_veh-52_00770_00905,0.9279331839910935,2021.10.05.07.49.39_veh-52_00770_00905,0.9425193183284817,0.014586134337388201
b308eee052bc5e70,2021.07.09.15.53.28_veh-38_00184_02293,0.9752321076464696,2021.07.09.15.53.28_veh-38_00184_02293,0.9895391983129278,0.014307090666458189
b31cfbd91b505320,2021.07.09.20.26.06_veh-35_02793_03289,0.8418512181456599,2021.07.09.20.26.06_veh-35_02793_03289,0.9861352227688396,0.1442840046231797
b3786daf3a0357bd,2021.07.09.15.53.28_veh-38_00184_02293,1.0,2021.07.09.15.53.28_veh-38_00184_02293,1.0,0.0
b3811cb7cd8b5bee,2021.07.09.20.26.06_veh-35_02793_03289,1.0,2021.07.09.20.26.06_veh-35_02793_03289,1.0,0.0
b39a2ad9b6f050a9,2021.07.09.15.53.28_veh-38_00184_02293,0.9458065870052368,2021.07.09.15.53.28_veh-38_00184_02293,0.9603512064409154,0.01454461943567864
b3c10c514af95e75,2021.10.11.02.57.41_veh-50_01028_01289,0.9447041179597753,2021.10.11.02.57.41_veh-50_01028_01289,0.9672118274530178,0.022507709493242545
b3d05d10a7075767,2021.10.11.02.57.41_veh-50_01028_01289,0.7721327011579466,2021.10.11.02.57.41_veh-50_01028_01289,0.6628809950745631,-0.10925170608338353
b3e4a0d98ed9509d,2021.06.09.12.51.31_veh-35_01729_02626,0.8891763403037032,2021.06.09.12.51.31_veh-35_01729_02626,0.9364697780479078,0.04729343774420458
b3fa24000d6f5d8d,2021.07.09.15.53.28_veh-38_00184_02293,0.8963238200281712,2021.07.09.15.53.28_veh-38_00184_02293,0.9073557031984587,0.011031883170287471
b434729c2a2154c3,2021.10.11.02.57.41_veh-50_02155_02265,0.9543229753400674,2021.10.11.02.57.41_veh-50_02155_02265,0.9757707350309852,0.021447759690917834
b462555081035453,2021.07.09.20.26.06_veh-35_02793_03289,0.9662573632552143,2021.07.09.20.26.06_veh-35_02793_03289,0.980867012022899,0.01460964876768478
b49af1daed2a5108,2021.10.05.08.11.15_veh-50_00437_00585,0.8839249941120859,2021.10.05.08.11.15_veh-50_00437_00585,0.8964064481997092,0.012481454087623245
b4b4b7ff096852e8,2021.07.09.15.53.28_veh-38_00184_02293,1.0,2021.07.09.15.53.28_veh-38_00184_02293,1.0,0.0
b4da9833a6795b8f,2021.07.09.15.53.28_veh-38_00184_02293,0.8401043121189594,2021.07.09.15.53.28_veh-38_00184_02293,0.9771686930280695,0.1370643809091101
b5099ae80a345e3e,2021.10.05.08.11.15_veh-50_00437_00585,0.8816553048539352,2021.10.05.08.11.15_veh-50_00437_00585,0.8974518469265709,0.0157965420726357
b518972e5c74575f,2021.07.09.20.26.06_veh-35_02793_03289,0.8232510565915867,2021.07.09.20.26.06_veh-35_02793_03289,0.9677696885963347,0.14451863200474802
b56363ebc91255ac,2021.06.09.20.26.11_veh-35_00970_01216,0.9108908550393864,2021.06.09.20.26.11_veh-35_00970_01216,0.937944114283634,0.02705325924424762
b57bd30f8dbd5371,2021.10.11.02.57.41_veh-50_01028_01289,0.875,2021.10.11.02.57.41_veh-50_01028_01289,0.875,0.0
b5bc586e807859b9,2021.07.09.20.26.06_veh-35_02793_03289,0.9693326753678172,2021.07.09.20.26.06_veh-35_02793_03289,0.9786308470962422,0.009298171728424953
b5d7c17fe5375141,2021.06.09.20.26.11_veh-35_00970_01216,0.9371038520559924,2021.06.09.20.26.11_veh-35_00970_01216,0.9749348687508639,0.03783101669487143
b5de22e724db5143,2021.06.09.12.06.35_veh-35_01164_01494,0.8769077337745794,2021.06.09.12.06.35_veh-35_01164_01494,0.9566966419008732,0.0797889081262938
b5e45ceeb763563d,2021.07.09.20.26.06_veh-35_02793_03289,1.0,2021.07.09.20.26.06_veh-35_02793_03289,1.0,0.0
b6182e45cd3b5d7f,2021.06.23.17.31.36_veh-16_00016_00377,0.9155457363198647,2021.06.23.17.31.36_veh-16_00016_00377,0.9503715476568737,0.034825811337009016
b632e3d66c445180,2021.07.09.15.53.28_veh-38_00184_02293,1.0,2021.07.09.15.53.28_veh-38_00184_02293,0.0,-1.0
b63e45593b79588a,2021.10.11.02.57.41_veh-50_02155_02265,0.9260483222360012,2021.10.11.02.57.41_veh-50_02155_02265,0.9418745900710729,0.015826267835071683
b64628fc8a365a5f,2021.06.09.17.23.18_veh-38_01598_01750,1.0,2021.06.09.17.23.18_veh-38_01598_01750,1.0,0.0
b64e4fd64ae55427,2021.10.05.07.49.39_veh-52_00770_00905,0.8977176191263847,2021.10.05.07.49.39_veh-52_00770_00905,0.9041099391165162,0.0063923199901314565
b6714748d40f5d76,2021.06.09.12.51.31_veh-35_01729_02626,0.8212220123255166,2021.06.09.12.51.31_veh-35_01729_02626,0.8620191552024484,0.04079714287693181
b6745c96ac0e5958,2021.07.09.15.53.28_veh-38_00184_02293,0.9258165057481539,2021.07.09.15.53.28_veh-38_00184_02293,0.9721326153266945,0.0463161095785406
b6aac26e82e05762,2021.06.09.12.06.35_veh-35_01164_01494,0.9805232990046656,2021.06.09.12.06.35_veh-35_01164_01494,1.0,0.019476700995334384
b6d189e5f2ec50c2,2021.06.23.17.31.36_veh-16_00016_00377,1.0,2021.06.23.17.31.36_veh-16_00016_00377,1.0,0.0
b6d928e9508d596b,2021.07.09.15.53.28_veh-38_00184_02293,1.0,2021.07.09.15.53.28_veh-38_00184_02293,1.0,0.0
b735436ddca45550,2021.07.09.15.53.28_veh-38_00184_02293,1.0,2021.07.09.15.53.28_veh-38_00184_02293,1.0,0.0
b73a3a2e7064563b,2021.07.09.15.53.28_veh-38_00184_02293,1.0,2021.07.09.15.53.28_veh-38_00184_02293,1.0,0.0
b7b9f10bef7a5622,2021.06.23.17.31.36_veh-16_00016_00377,0.9449368750636374,2021.06.23.17.31.36_veh-16_00016_00377,0.9829544280871927,0.03801755302355525
b7bf330d5c115db3,2021.06.09.12.06.35_veh-35_01164_01494,0.9770770629857889,2021.06.09.12.06.35_veh-35_01164_01494,1.0,0.02292293701421111
b7c1be361c1d5615,2021.07.09.20.26.06_veh-35_02793_03289,0.9283992099690992,2021.07.09.20.26.06_veh-35_02793_03289,0.9766468158622805,0.04824760589318133
b7e570107a325b8f,2021.07.09.15.53.28_veh-38_00184_02293,0.8801903330088194,2021.07.09.15.53.28_veh-38_00184_02293,0.9144811939150295,0.03429086090621003
b81fcf5bd7a4591a,2021.06.23.17.31.36_veh-16_00016_00377,1.0,2021.06.23.17.31.36_veh-16_00016_00377,1.0,0.0
b83936f0ca9b5b93,2021.07.09.15.53.28_veh-38_00184_02293,1.0,2021.07.09.15.53.28_veh-38_00184_02293,1.0,0.0
b84c65fdf2155597,2021.07.09.15.53.28_veh-38_00184_02293,0.9389610349896145,2021.07.09.15.53.28_veh-38_00184_02293,0.957879330205152,0.01891829521553756
b85595849a165d8f,2021.10.05.08.11.15_veh-50_00437_00585,0.9238686801370336,2021.10.05.08.11.15_veh-50_00437_00585,0.9394611894591065,0.0155925093220729
b91fedc2a88751e1,2021.06.09.12.06.35_veh-35_01164_01494,1.0,2021.06.09.12.06.35_veh-35_01164_01494,1.0,0.0
b92d3260427a573d,2021.10.11.02.57.41_veh-50_02155_02265,0.8812004731821423,2021.10.11.02.57.41_veh-50_02155_02265,0.8972419122449923,0.016041439062849938
b941d62667685487,2021.07.09.15.53.28_veh-38_00184_02293,0.9573039743031589,2021.07.09.15.53.28_veh-38_00184_02293,0.9745518792541561,0.01724790495099715
b94a09f5d1b550ea,2021.10.11.02.57.41_veh-50_02155_02265,0.9039148527287033,2021.10.11.02.57.41_veh-50_02155_02265,0.9373904481134383,0.03347559538473499
b95a7514b8775870,2021.06.23.17.31.36_veh-16_00016_00377,1.0,2021.06.23.17.31.36_veh-16_00016_00377,1.0,0.0
b964d00130375a88,2021.10.05.07.49.39_veh-52_00770_00905,0.9425832812549483,2021.10.05.07.49.39_veh-52_00770_00905,0.9569528119309076,0.014369530675959363
b97938c4b1ac52af,2021.07.09.20.26.06_veh-35_02793_03289,0.9683691300718804,2021.07.09.20.26.06_veh-35_02793_03289,0.9988064321574239,0.030437302085543516
b98697803d5453a3,2021.07.09.15.53.28_veh-38_00184_02293,0.9753705662341106,2021.07.09.15.53.28_veh-38_00184_02293,0.9900369149313359,0.014666348697225384
b98a4b4bc2ee5b6a,2021.07.09.20.26.06_veh-35_02793_03289,0.9411523793586217,2021.07.09.20.26.06_veh-35_02793_03289,0.9993049411860428,0.05815256182742112
b99eaf8d1f355bcc,2021.07.09.15.53.28_veh-38_00184_02293,0.9413653554974217,2021.07.09.15.53.28_veh-38_00184_02293,0.9772881423787425,0.03592278688132078
b9a812dceaec5add,2021.07.09.15.53.28_veh-38_00184_02293,0.9461183504742532,2021.07.09.15.53.28_veh-38_00184_02293,0.9634907100285192,0.01737235955426597
b9abb89d389351f8,2021.06.09.12.51.31_veh-35_01729_02626,1.0,2021.06.09.12.51.31_veh-35_01729_02626,1.0,0.0
ba0a961f7dc355f7,2021.07.09.15.53.28_veh-38_00184_02293,0.7999982290342803,2021.07.09.15.53.28_veh-38_00184_02293,0.9341988764856881,0.1342006474514078
ba0f4d8974e75963,2021.07.09.15.53.28_veh-38_00184_02293,0.9583433271416341,2021.07.09.15.53.28_veh-38_00184_02293,0.9906048014290113,0.032261474287377245
bade9ac4b8cb5025,2021.07.09.15.53.28_veh-38_00184_02293,0.9295602762329532,2021.07.09.15.53.28_veh-38_00184_02293,0.9710786511546925,0.041518374921739265
baf2dbf6552f5de4,2021.10.11.02.57.41_veh-50_02155_02265,0.9336660800991884,2021.10.11.02.57.41_veh-50_02155_02265,0.9497388472258043,0.016072767126615872
bb22dd65cf5b51dd,2021.10.05.07.49.39_veh-52_00770_00905,0.9375466330353738,2021.10.05.07.49.39_veh-52_00770_00905,0.9513274316422368,0.013780798606862987
bb452532dfb25d30,2021.07.09.15.53.28_veh-38_00184_02293,0.8388852851631663,2021.07.09.15.53.28_veh-38_00184_02293,0.8503246276288507,0.011439342465684454
bb65c8e693035002,2021.06.09.12.51.31_veh-35_01729_02626,1.0,2021.06.09.12.51.31_veh-35_01729_02626,1.0,0.0
bb83b26d840d56b6,2021.10.11.02.57.41_veh-50_01028_01289,0.8968167448175187,2021.10.11.02.57.41_veh-50_01028_01289,0.9140511680999607,0.017234423282441957
bb9c2a9a955450bc,2021.07.09.20.26.06_veh-35_02793_03289,1.0,2021.07.09.20.26.06_veh-35_02793_03289,1.0,0.0
bba3291877d059ac,2021.07.16.22.40.23_veh-38_00204_00360,0.9942155985800739,2021.07.16.22.40.23_veh-38_00204_00360,1.0,0.0057844014199260885
bbf8128f3cbd51ef,2021.06.09.20.26.11_veh-35_00970_01216,1.0,2021.06.09.20.26.11_veh-35_00970_01216,1.0,0.0
bbf94133c5e75ca5,2021.10.11.02.57.41_veh-50_02155_02265,0.9103913509007893,2021.10.11.02.57.41_veh-50_02155_02265,0.9246245741051871,0.014233223204397794
bc1dfb2384b05a4b,2021.06.09.20.26.11_veh-35_00970_01216,0.9485023283030846,2021.06.09.20.26.11_veh-35_00970_01216,0.9670469576382141,0.01854462933512957
bc445c24b7545106,2021.07.09.20.26.06_veh-35_02793_03289,0.975621883590275,2021.07.09.20.26.06_veh-35_02793_03289,0.9857575391692553,0.01013565557898033
bcf3fcf890f55beb,2021.07.09.15.53.28_veh-38_00184_02293,1.0,2021.07.09.15.53.28_veh-38_00184_02293,1.0,0.0
bd40634c00f1577c,2021.06.09.14.50.36_veh-26_02826_02955,0.9907482531554206,2021.06.09.14.50.36_veh-26_02826_02955,1.0,0.009251746844579412
bd493f896ba85e28,2021.07.09.15.53.28_veh-38_00184_02293,0.8370321850961376,2021.07.09.15.53.28_veh-38_00184_02293,0.8756562656727755,0.03862408057663791
bd656f4e771156cb,2021.07.09.15.53.28_veh-38_00184_02293,1.0,2021.07.09.15.53.28_veh-38_00184_02293,0.0,-1.0
bd65a234358f5492,2021.07.09.15.53.28_veh-38_00184_02293,0.9806420388825758,2021.07.09.15.53.28_veh-38_00184_02293,1.0,0.01935796111742416
bd6f57a9bbce532d,2021.06.09.12.51.31_veh-35_01729_02626,1.0,2021.06.09.12.51.31_veh-35_01729_02626,1.0,0.0
bd8da61ec9b053a6,2021.07.09.20.26.06_veh-35_02793_03289,1.0,2021.07.09.20.26.06_veh-35_02793_03289,1.0,0.0
be0a4fadbbf8555a,2021.07.09.20.26.06_veh-35_02793_03289,0.9511708531903775,2021.07.09.20.26.06_veh-35_02793_03289,0.971264816691411,0.02009396350103343
be8cd276bd665f61,2021.06.09.12.06.35_veh-35_01164_01494,0.9326530158013828,2021.06.09.12.06.35_veh-35_01164_01494,0.9559427383472892,0.023289722545906333
be9b110689c05894,2021.07.09.15.53.28_veh-38_00184_02293,0.9928933370864814,2021.07.09.15.53.28_veh-38_00184_02293,1.0,0.00710666291351858
beb7c6e766c65d0e,2021.07.09.15.53.28_veh-38_00184_02293,0.8063114018095189,2021.07.09.15.53.28_veh-38_00184_02293,0.8154694954237534,0.009158093614234475
bef6605735245959,2021.10.11.02.57.41_veh-50_01028_01289,0.6490663889241406,2021.10.11.02.57.41_veh-50_01028_01289,0.6670536006164305,0.017987211692289895
bf12b61919e85002,2021.10.05.08.11.15_veh-50_00437_00585,0.9937523089087579,2021.10.05.08.11.15_veh-50_00437_00585,1.0,0.006247691091242125
bf2b503b8bff5859,2021.06.09.12.51.31_veh-35_01729_02626,1.0,2021.06.09.12.51.31_veh-35_01729_02626,1.0,0.0
bff3326028ec59ab,2021.07.09.15.53.28_veh-38_00184_02293,0.9600787782500302,2021.07.09.15.53.28_veh-38_00184_02293,0.9716680816681644,0.011589303418134245
c00abd335c885349,2021.06.09.17.23.18_veh-38_01598_01750,0.9316451872817781,2021.06.09.17.23.18_veh-38_01598_01750,0.9717720799339031,0.04012689265212499
c00c768576c85009,2021.07.09.15.53.28_veh-38_00184_02293,1.0,2021.07.09.15.53.28_veh-38_00184_02293,1.0,0.0
c050331009ac5df2,2021.10.05.07.49.39_veh-52_00770_00905,0.9351022446214176,2021.10.05.07.49.39_veh-52_00770_00905,0.8212210731840504,-0.1138811714373672
c0921d509e2c502d,2021.10.05.07.49.39_veh-52_00770_00905,1.0,2021.10.05.07.49.39_veh-52_00770_00905,1.0,0.0
c0a403cdf4c053bc,2021.07.09.15.53.28_veh-38_00184_02293,1.0,2021.07.09.15.53.28_veh-38_00184_02293,1.0,0.0
c0d603acd14d5441,2021.07.09.20.26.06_veh-35_02793_03289,0.940051847936255,2021.07.09.20.26.06_veh-35_02793_03289,0.9864963544246501,0.046444506488395154
c0dfedf6168e5ca9,2021.07.09.15.53.28_veh-38_00184_02293,0.9780109286225462,2021.07.09.15.53.28_veh-38_00184_02293,0.0,-0.9780109286225462
c0e018420a2359b3,2021.10.05.07.49.39_veh-52_00770_00905,0.9038993469719876,2021.10.05.07.49.39_veh-52_00770_00905,0.95751901464037,0.05361966766838244
c0f92874404d5814,2021.06.23.17.31.36_veh-16_00016_00377,1.0,2021.06.23.17.31.36_veh-16_00016_00377,0.6875,-0.3125
c10584362e7f5f9d,2021.06.09.12.51.31_veh-35_01729_02626,0.988161170062228,2021.06.09.12.51.31_veh-35_01729_02626,1.0,0.011838829937771966
c11f2df51dd65f35,2021.07.09.20.26.06_veh-35_02793_03289,0.9626179062069339,2021.07.09.20.26.06_veh-35_02793_03289,0.9800284035984266,0.017410497391492696
c11fc5cf8d5a516e,2021.07.09.15.53.28_veh-38_00184_02293,0.9586351709096728,2021.07.09.15.53.28_veh-38_00184_02293,1.0,0.04136482909032724
c13bf60d0e065292,2021.10.11.02.57.41_veh-50_02155_02265,0.9211547744031093,2021.10.11.02.57.41_veh-50_02155_02265,0.935673141267425,0.014518366864315624
c13c48577f9255c8,2021.08.31.14.01.15_veh-40_01576_01714,1.0,2021.08.31.14.01.15_veh-40_01576_01714,1.0,0.0
c14c33af349e53d0,2021.07.09.20.26.06_veh-35_02793_03289,0.9699634649494647,2021.07.09.20.26.06_veh-35_02793_03289,0.9865533273610294,0.016589862411564682
c17473f5cacd51be,2021.07.09.15.53.28_veh-38_00184_02293,0.875,2021.07.09.15.53.28_veh-38_00184_02293,0.875,0.0
c1e04a28d50f5105,2021.06.09.12.06.35_veh-35_01164_01494,1.0,2021.06.09.12.06.35_veh-35_01164_01494,1.0,0.0
c1e4bb8da1655e19,2021.08.31.14.01.15_veh-40_01576_01714,1.0,2021.08.31.14.01.15_veh-40_01576_01714,1.0,0.0
c2ab52aa1d45570e,2021.06.09.12.51.31_veh-35_01729_02626,0.8859420574369812,2021.06.09.12.51.31_veh-35_01729_02626,0.9347095521841816,0.048767494747200435
c3320ccc8a035eec,2021.06.09.20.26.11_veh-35_00970_01216,0.9408982915202397,2021.06.09.20.26.11_veh-35_00970_01216,0.9633713671861002,0.02247307566586043
c368ddc3ee435179,2021.07.09.15.53.28_veh-38_00184_02293,0.75,2021.07.09.15.53.28_veh-38_00184_02293,0.75,0.0
c3b1d706a2335cc9,2021.10.01.17.52.06_veh-28_01141_01264,1.0,2021.10.01.17.52.06_veh-28_01141_01264,1.0,0.0
c3f177935f5f5d5e,2021.07.09.15.53.28_veh-38_00184_02293,0.9382142128467708,2021.07.09.15.53.28_veh-38_00184_02293,0.9670294743726267,0.028815261525855895
c4220658d3095647,2021.07.09.15.53.28_veh-38_00184_02293,0.9492045253058716,2021.07.09.15.53.28_veh-38_00184_02293,0.9595673442668456,0.010362818960974018
c47ae82409da5780,2021.10.11.02.57.41_veh-50_01028_01289,0.912229571125826,2021.10.11.02.57.41_veh-50_01028_01289,0.928109082463421,0.01587951133759502
c4f3d6c372f75f22,2021.06.23.17.31.36_veh-16_00016_00377,1.0,2021.06.23.17.31.36_veh-16_00016_00377,1.0,0.0
c4fc1ccdc82752ef,2021.07.09.20.26.06_veh-35_02793_03289,0.9335891619061519,2021.07.09.20.26.06_veh-35_02793_03289,0.9795402489794353,0.045951087073283325
c57100ab365351a9,2021.07.09.15.53.28_veh-38_00184_02293,0.833323686259786,2021.07.09.15.53.28_veh-38_00184_02293,0.8799956348092882,0.046671948549502185
c588c26050e057b1,2021.06.09.12.06.35_veh-35_01164_01494,1.0,2021.06.09.12.06.35_veh-35_01164_01494,1.0,0.0
c5c83e635ce45982,2021.06.23.17.31.36_veh-16_00016_00377,0.9410047148276052,2021.06.23.17.31.36_veh-16_00016_00377,0.9586413225997273,0.01763660777212217
c5e10c9e5bc853ec,2021.06.09.12.51.31_veh-35_01729_02626,1.0,2021.06.09.12.51.31_veh-35_01729_02626,1.0,0.0
c5f68fedccf05348,2021.07.09.20.26.06_veh-35_02793_03289,1.0,2021.07.09.20.26.06_veh-35_02793_03289,1.0,0.0
c6cd57d4069b55bb,2021.07.09.20.26.06_veh-35_02793_03289,0.9685791572317354,2021.07.09.20.26.06_veh-35_02793_03289,0.9836782474847141,0.01509909025297873
c6cfdd13a63555f9,2021.06.23.17.31.36_veh-16_00016_00377,1.0,2021.06.23.17.31.36_veh-16_00016_00377,1.0,0.0
c6de08f6ac3356ed,2021.07.09.15.53.28_veh-38_00184_02293,1.0,2021.07.09.15.53.28_veh-38_00184_02293,1.0,0.0
c6e5078c49e6512e,2021.07.09.15.53.28_veh-38_00184_02293,1.0,2021.07.09.15.53.28_veh-38_00184_02293,1.0,0.0
c73b0140d9f153a8,2021.07.09.20.26.06_veh-35_02793_03289,0.9651149856582227,2021.07.09.20.26.06_veh-35_02793_03289,0.9858175541948558,0.020702568536633104
c73e4e862203503a,2021.07.09.15.53.28_veh-38_00184_02293,0.9787551582606372,2021.07.09.15.53.28_veh-38_00184_02293,0.9997905146844319,0.021035356423794727
c77b059c1f3a5674,2021.10.05.07.49.39_veh-52_00770_00905,0.9446226307235042,2021.10.05.07.49.39_veh-52_00770_00905,0.9591910556552161,0.014568424931711954
c781e2c428ee5b12,2021.10.11.02.57.41_veh-50_01028_01289,0.9205021862418827,2021.10.11.02.57.41_veh-50_01028_01289,0.9338947823065332,0.013392596064650486
c782b0ff62235fda,2021.10.05.08.11.15_veh-50_00437_00585,0.7999088055782242,2021.10.05.08.11.15_veh-50_00437_00585,0.8106811887274867,0.010772383149262543
c7835426e03a501e,2021.06.09.20.26.11_veh-35_00970_01216,0.942873884961419,2021.06.09.20.26.11_veh-35_00970_01216,0.9645878797407079,0.021713994779288925
c790a13084305af6,2021.08.31.14.01.15_veh-40_01576_01714,1.0,2021.08.31.14.01.15_veh-40_01576_01714,0.875,-0.125
c7a4ef2685fe5928,2021.10.05.08.11.15_veh-50_00437_00585,0.86886735235853,2021.10.05.08.11.15_veh-50_00437_00585,0.894650497182459,0.02578314482392907
c7d20bed29e95a90,2021.10.05.07.49.39_veh-52_00770_00905,1.0,2021.10.05.07.49.39_veh-52_00770_00905,1.0,0.0
c7e729ba460a565d,2021.10.05.08.11.15_veh-50_00437_00585,0.8308047067088259,2021.10.05.08.11.15_veh-50_00437_00585,0.8437668865142115,0.01296217980538561
c7ed8536a3815721,2021.07.09.15.53.28_veh-38_00184_02293,1.0,2021.07.09.15.53.28_veh-38_00184_02293,1.0,0.0
c8072f55706c5f01,2021.06.23.17.31.36_veh-16_00016_00377,1.0,2021.06.23.17.31.36_veh-16_00016_00377,1.0,0.0
c817fbce92d158c4,2021.10.11.02.57.41_veh-50_01028_01289,0.8777044061377671,2021.10.11.02.57.41_veh-50_01028_01289,0.8993840543640009,0.021679648226233805
c8359786d5db538c,2021.07.09.20.26.06_veh-35_02793_03289,1.0,2021.07.09.20.26.06_veh-35_02793_03289,1.0,0.0
c876b08cdb7b50ef,2021.10.05.07.49.39_veh-52_00770_00905,0.9270832987126998,2021.10.05.07.49.39_veh-52_00770_00905,0.9425213210153423,0.015438022302642462
c8b5826567975fc0,2021.06.09.12.06.35_veh-35_01164_01494,1.0,2021.06.09.12.06.35_veh-35_01164_01494,1.0,0.0
c8f3dd66357c59f2,2021.06.09.12.51.31_veh-35_01729_02626,1.0,2021.06.09.12.51.31_veh-35_01729_02626,1.0,0.0
c9566605ae1c5861,2021.06.09.12.51.31_veh-35_01729_02626,1.0,2021.06.09.12.51.31_veh-35_01729_02626,1.0,0.0
c9cf9a6acf495b50,2021.07.09.15.53.28_veh-38_00184_02293,1.0,2021.07.09.15.53.28_veh-38_00184_02293,1.0,0.0
ca02f85a9a995448,2021.06.09.12.51.31_veh-35_01729_02626,0.9686968082426107,2021.06.09.12.51.31_veh-35_01729_02626,0.997146706564831,0.028449898322220224
ca0eb08315185167,2021.07.09.20.26.06_veh-35_02793_03289,1.0,2021.07.09.20.26.06_veh-35_02793_03289,1.0,0.0
ca31b7933f8256e2,2021.08.31.14.01.15_veh-40_01576_01714,0.8185989035619289,2021.08.31.14.01.15_veh-40_01576_01714,0.8288147073527887,0.010215803790859845
ca5e5cecc6e05022,2021.08.31.14.01.15_veh-40_01576_01714,1.0,2021.08.31.14.01.15_veh-40_01576_01714,1.0,0.0
ca626e7ddb9c5a11,2021.06.09.12.06.35_veh-35_01164_01494,1.0,2021.06.09.12.06.35_veh-35_01164_01494,1.0,0.0
caaeabfe1a50535c,2021.07.09.15.53.28_veh-38_00184_02293,1.0,2021.07.09.15.53.28_veh-38_00184_02293,1.0,0.0
cacc810a5db75d16,2021.06.23.17.31.36_veh-16_00016_00377,0.9253244678299474,2021.06.23.17.31.36_veh-16_00016_00377,0.9440875380938053,0.01876307026385793
cb0ae811d2c95ead,2021.07.09.20.26.06_veh-35_02793_03289,1.0,2021.07.09.20.26.06_veh-35_02793_03289,1.0,0.0
cb25d763e7bf5a13,2021.07.09.15.53.28_veh-38_00184_02293,0.9896135906859461,2021.07.09.15.53.28_veh-38_00184_02293,1.0,0.01038640931405388
cb8765fe0d6a535b,2021.06.23.17.31.36_veh-16_00016_00377,1.0,2021.06.23.17.31.36_veh-16_00016_00377,1.0,0.0
cbb75454103b5430,2021.07.09.15.53.28_veh-38_00184_02293,0.9731072737994996,2021.07.09.15.53.28_veh-38_00184_02293,0.9996397014151339,0.026532427615634346
cbd9412932fc5ad1,2021.07.09.15.53.28_veh-38_00184_02293,1.0,2021.07.09.15.53.28_veh-38_00184_02293,1.0,0.0
cbd954347b835347,2021.07.09.15.53.28_veh-38_00184_02293,1.0,2021.07.09.15.53.28_veh-38_00184_02293,1.0,0.0
cbde019469315d96,2021.07.09.15.53.28_veh-38_00184_02293,1.0,2021.07.09.15.53.28_veh-38_00184_02293,1.0,0.0
cc27c4b666135bb2,2021.07.09.15.53.28_veh-38_00184_02293,0.9438024559593834,2021.07.09.15.53.28_veh-38_00184_02293,0.9678858554752268,0.024083399515843373
cc4e7f2a2a7255f5,2021.06.09.20.26.11_veh-35_00970_01216,0.86735966847734,2021.06.09.20.26.11_veh-35_00970_01216,0.9067196629557228,0.03935999447838279
cc8b959e3fcb5079,2021.10.11.02.57.41_veh-50_02155_02265,0.8927189501427976,2021.10.11.02.57.41_veh-50_02155_02265,0.0,-0.8927189501427976
cc9156b10b5855ff,2021.07.09.20.26.06_veh-35_02793_03289,0.9083462776975517,2021.07.09.20.26.06_veh-35_02793_03289,0.9493082819329539,0.040962004235402194
cc94486698ff58d1,2021.07.09.20.26.06_veh-35_02793_03289,0.929922957365157,2021.07.09.20.26.06_veh-35_02793_03289,0.9568301390026794,0.02690718163752248
cca22cc47f235643,2021.06.09.12.51.31_veh-35_01729_02626,0.9304212741376797,2021.06.09.12.51.31_veh-35_01729_02626,0.9578702214790502,0.02744894734137049
cca7823320d05bc3,2021.07.16.22.40.23_veh-38_00204_00360,1.0,2021.07.16.22.40.23_veh-38_00204_00360,1.0,0.0
ccace872c29a5f29,2021.10.11.02.57.41_veh-50_02155_02265,0.921764401086632,2021.10.11.02.57.41_veh-50_02155_02265,0.9465709666453144,0.024806565558682325
ccd64ddebcda50f6,2021.07.09.20.26.06_veh-35_02793_03289,0.9238567433638605,2021.07.09.20.26.06_veh-35_02793_03289,0.9702426787302161,0.0463859353663556
cce0038c37ca56a3,2021.10.05.08.11.15_veh-50_00437_00585,0.8922266106343917,2021.10.05.08.11.15_veh-50_00437_00585,0.9328039534991299,0.04057734286473824
cce0aae6d8a853d2,2021.07.09.20.26.06_veh-35_02793_03289,0.970690808063136,2021.07.09.20.26.06_veh-35_02793_03289,0.8661342028712036,-0.10455660519193244
ccfd863b143e5dd5,2021.06.09.20.26.11_veh-35_00970_01216,0.945816130033553,2021.06.09.20.26.11_veh-35_00970_01216,0.9618289858883781,0.016012855854825037
cd10c3adba835576,2021.07.09.15.53.28_veh-38_00184_02293,0.8880722824906698,2021.07.09.15.53.28_veh-38_00184_02293,0.947993584945469,0.05992130245479921
cd880952086a553c,2021.06.09.12.06.35_veh-35_01164_01494,0.9529103948703641,2021.06.09.12.06.35_veh-35_01164_01494,0.968000927984649,0.015090533114284876
cd964face7a55b94,2021.07.09.15.53.28_veh-38_00184_02293,1.0,2021.07.09.15.53.28_veh-38_00184_02293,1.0,0.0
cdbb81fdded65262,2021.10.11.02.57.41_veh-50_02155_02265,0.764139052741895,2021.10.11.02.57.41_veh-50_02155_02265,0.7717803859874559,0.007641333245560933
cdc78adcdfae53a0,2021.10.05.08.11.15_veh-50_00437_00585,1.0,2021.10.05.08.11.15_veh-50_00437_00585,1.0,0.0
cdca2eec19585f5e,2021.06.09.12.51.31_veh-35_01729_02626,1.0,2021.06.09.12.51.31_veh-35_01729_02626,1.0,0.0
cdec4cc7781e5d4d,2021.07.09.15.53.28_veh-38_00184_02293,0.875,2021.07.09.15.53.28_veh-38_00184_02293,1.0,0.125
cdf07217a5d057ef,2021.06.09.17.23.18_veh-38_01598_01750,1.0,2021.06.09.17.23.18_veh-38_01598_01750,1.0,0.0
cdf61e643b8e51b2,2021.07.09.15.53.28_veh-38_00184_02293,0.8663240445329086,2021.07.09.15.53.28_veh-38_00184_02293,0.9209196433304818,0.05459559879757325
ce0d30c4ede35e6e,2021.06.09.17.23.18_veh-38_01598_01750,1.0,2021.06.09.17.23.18_veh-38_01598_01750,1.0,0.0
ce22202f19695a70,2021.07.09.15.53.28_veh-38_00184_02293,0.974183007853413,2021.07.09.15.53.28_veh-38_00184_02293,0.991164232286194,0.01698122443278094
ce256aa4ec3e5725,2021.07.09.15.53.28_veh-38_00184_02293,0.0,2021.07.09.15.53.28_veh-38_00184_02293,0.8571428571428571,0.8571428571428571
ce2ce7fb20ef570c,2021.10.11.02.57.41_veh-50_02155_02265,0.8924807868289237,2021.10.11.02.57.41_veh-50_02155_02265,0.0,-0.8924807868289237
ce77e05891225999,2021.08.31.14.01.15_veh-40_01576_01714,0.9515237187346872,2021.08.31.14.01.15_veh-40_01576_01714,0.9927504440099704,0.04122672527528315
ceb16c2c18d252f3,2021.08.31.14.01.15_veh-40_01576_01714,1.0,2021.08.31.14.01.15_veh-40_01576_01714,1.0,0.0
cf11598e8f995d83,2021.06.09.12.06.35_veh-35_01164_01494,0.9641733316543772,2021.06.09.12.06.35_veh-35_01164_01494,0.9864475958694687,0.022274264215091488
cf1679ce3a565466,2021.07.09.15.53.28_veh-38_00184_02293,1.0,2021.07.09.15.53.28_veh-38_00184_02293,1.0,0.0
cf1b07486b655b3a,2021.10.01.17.52.06_veh-28_01141_01264,0.9872368517019091,2021.10.01.17.52.06_veh-28_01141_01264,1.0,0.012763148298090887
cf3c3737fbc355eb,2021.07.09.15.53.28_veh-38_00184_02293,0.9496580778510753,2021.07.09.15.53.28_veh-38_00184_02293,1.0,0.050341922148924745
cf4f76be62c25b5f,2021.06.09.20.26.11_veh-35_00970_01216,1.0,2021.06.09.20.26.11_veh-35_00970_01216,1.0,0.0
cf53947dbbef5730,2021.07.09.15.53.28_veh-38_00184_02293,0.9960152135111306,2021.07.09.15.53.28_veh-38_00184_02293,1.0,0.003984786488869352
cf5cb6cadfbd52e9,2021.06.09.20.26.11_veh-35_00970_01216,0.9259943993618738,2021.06.09.20.26.11_veh-35_00970_01216,0.9714622648904108,0.04546786552853699
cffa453c95b657c1,2021.06.23.17.31.36_veh-16_00016_00377,0.9496014227357656,2021.06.23.17.31.36_veh-16_00016_00377,0.9693366817221374,0.01973525898637174
d024230338045f83,2021.10.11.02.57.41_veh-50_01028_01289,0.9871759066616139,2021.10.11.02.57.41_veh-50_01028_01289,1.0,0.012824093338386078
d06c2bb897f05b5c,2021.10.11.02.57.41_veh-50_02155_02265,0.9205654082600527,2021.10.11.02.57.41_veh-50_02155_02265,0.9348358360299289,0.014270427769876193
d13ac79c8321555f,2021.07.09.15.53.28_veh-38_00184_02293,0.9687469201226353,2021.07.09.15.53.28_veh-38_00184_02293,0.9860790642468618,0.017332144124226456
d15d534ad5fb5212,2021.07.09.15.53.28_veh-38_00184_02293,1.0,2021.07.09.15.53.28_veh-38_00184_02293,1.0,0.0
d1828b733a4857dd,2021.07.09.15.53.28_veh-38_00184_02293,0.909568744989504,2021.07.09.15.53.28_veh-38_00184_02293,0.0,-0.909568744989504
d1b49eebe00059c4,2021.07.09.20.26.06_veh-35_02793_03289,1.0,2021.07.09.20.26.06_veh-35_02793_03289,1.0,0.0
d1fc6c37998c5b40,2021.06.09.12.06.35_veh-35_01164_01494,0.9470872854192636,2021.06.09.12.06.35_veh-35_01164_01494,0.9780812736651846,0.030993988245921034
d216d83e53955d24,2021.07.09.15.53.28_veh-38_00184_02293,1.0,2021.07.09.15.53.28_veh-38_00184_02293,1.0,0.0
d22040e885bf5509,2021.08.31.14.01.15_veh-40_01576_01714,1.0,2021.08.31.14.01.15_veh-40_01576_01714,0.875,-0.125
d2238c0841d254ba,2021.06.23.17.31.36_veh-16_00016_00377,0.9725147272738333,2021.06.23.17.31.36_veh-16_00016_00377,0.9873885619557066,0.01487383468187331
d253715e74925e00,2021.06.23.17.31.36_veh-16_00016_00377,0.9989133204385068,2021.06.23.17.31.36_veh-16_00016_00377,1.0,0.00108667956149322
d28278a8dbb15ab5,2021.07.09.15.53.28_veh-38_00184_02293,0.936942521823279,2021.07.09.15.53.28_veh-38_00184_02293,0.9791897612441209,0.042247239420841964
d2906d36973b5d41,2021.06.09.20.26.11_veh-35_00970_01216,0.9497374940389849,2021.06.09.20.26.11_veh-35_00970_01216,0.9634928409380331,0.013755346899048226
d2b44693e1fe5019,2021.10.11.02.57.41_veh-50_02155_02265,0.9026561227367197,2021.10.11.02.57.41_veh-50_02155_02265,0.9199289831577981,0.01727286042107845
d2d0ac3e597b5959,2021.07.09.15.53.28_veh-38_00184_02293,0.9821523820043825,2021.07.09.15.53.28_veh-38_00184_02293,1.0,0.017847617995617515
d2e11ce62743532a,2021.07.09.15.53.28_veh-38_00184_02293,0.9806611509297154,2021.07.09.15.53.28_veh-38_00184_02293,1.0,0.019338849070284603
d3229ec0bd73520c,2021.10.11.02.57.41_veh-50_02155_02265,0.9166365407496103,2021.10.11.02.57.41_veh-50_02155_02265,0.9302944755100235,0.013657934760413215
d344a8704ee85f35,2021.06.09.12.51.31_veh-35_01729_02626,0.8505003490006328,2021.06.09.12.51.31_veh-35_01729_02626,1.0,0.14949965099936724
d3ac5b4aac44586a,2021.07.09.15.53.28_veh-38_00184_02293,0.940602405624501,2021.07.09.15.53.28_veh-38_00184_02293,0.9865807304181649,0.045978324793663816
d3addd2ca8c15a58,2021.06.09.12.06.35_veh-35_01164_01494,0.9379478954142431,2021.06.09.12.06.35_veh-35_01164_01494,0.9603411657969723,0.022393270382729202
d3e39f5f0aed50d1,2021.07.09.15.53.28_veh-38_00184_02293,1.0,2021.07.09.15.53.28_veh-38_00184_02293,1.0,0.0
d4196ca11ef45f55,2021.06.09.20.26.11_veh-35_00970_01216,1.0,2021.06.09.20.26.11_veh-35_00970_01216,1.0,0.0
d43f45ce61dd52e3,2021.06.23.17.31.36_veh-16_00016_00377,1.0,2021.06.23.17.31.36_veh-16_00016_00377,1.0,0.0
d4a4be0043ee53d8,2021.07.09.20.26.06_veh-35_02793_03289,0.9617491311298835,2021.07.09.20.26.06_veh-35_02793_03289,1.0,0.03825086887011653
d4aca7a7d5ba5ff7,2021.07.09.20.26.06_veh-35_02793_03289,0.9708581908552466,2021.07.09.20.26.06_veh-35_02793_03289,0.9906804943445817,0.019822303489335114
d4bb3dc7c7005656,2021.07.09.15.53.28_veh-38_00184_02293,0.9091438074468771,2021.07.09.15.53.28_veh-38_00184_02293,0.9166744518672856,0.0075306444204085166
d4d0d31bd49b525a,2021.07.09.15.53.28_veh-38_00184_02293,1.0,2021.07.09.15.53.28_veh-38_00184_02293,1.0,0.0
d4fa1b8fc27a5733,2021.06.09.12.51.31_veh-35_01729_02626,0.9640928043995753,2021.06.09.12.51.31_veh-35_01729_02626,0.875,-0.08909280439957534
d51990badc6e5787,2021.06.09.12.51.31_veh-35_01729_02626,0.9791238321614608,2021.06.09.12.51.31_veh-35_01729_02626,0.9942717292730074,0.015147897111546627
d53f4d4045e55032,2021.06.23.17.31.36_veh-16_00016_00377,1.0,2021.06.23.17.31.36_veh-16_00016_00377,0.875,-0.125
d5f3fa4290b459df,2021.07.09.15.53.28_veh-38_00184_02293,0.8526331755417385,2021.07.09.15.53.28_veh-38_00184_02293,0.892813895350879,0.04018071980914051
d61967204e52594f,2021.07.09.15.53.28_veh-38_00184_02293,0.9757251288047337,2021.07.09.15.53.28_veh-38_00184_02293,1.0,0.02427487119526628
d61a2d5301f15b77,2021.07.09.15.53.28_veh-38_00184_02293,1.0,2021.07.09.15.53.28_veh-38_00184_02293,1.0,0.0
d662eafbf56753f4,2021.07.09.20.26.06_veh-35_02793_03289,0.9608948127243755,2021.07.09.20.26.06_veh-35_02793_03289,0.981990310689488,0.021095497965112564
d679a3e70e39596e,2021.07.09.15.53.28_veh-38_00184_02293,0.9841840525595043,2021.07.09.15.53.28_veh-38_00184_02293,0.0,-0.9841840525595043
d68969642ec45b19,2021.06.09.12.51.31_veh-35_01729_02626,0.8793376033246553,2021.06.09.12.51.31_veh-35_01729_02626,0.9531686913568481,0.07383108803219285
d6997b98b3085c2b,2021.07.09.15.53.28_veh-38_00184_02293,0.9568963393540632,2021.07.09.15.53.28_veh-38_00184_02293,1.0,0.04310366064593685
d728b2624f4055ea,2021.10.11.02.57.41_veh-50_02155_02265,0.8900720254940344,2021.10.11.02.57.41_veh-50_02155_02265,0.910827875002439,0.02075584950840459
d72a31dfc0ec5e11,2021.10.01.17.52.06_veh-28_01141_01264,0.9760896500939902,2021.10.01.17.52.06_veh-28_01141_01264,0.9901541388950775,0.01406448880108735
d7a0fd1066dc5ce5,2021.07.09.15.53.28_veh-38_00184_02293,0.9534483775104999,2021.07.09.15.53.28_veh-38_00184_02293,0.9807613803484496,0.027313002837949685
d7a938f1b20652bf,2021.06.09.12.51.31_veh-35_01729_02626,1.0,2021.06.09.12.51.31_veh-35_01729_02626,1.0,0.0
d7b9d08eb35e54b4,2021.08.31.14.01.15_veh-40_01576_01714,0.8192442451724129,2021.08.31.14.01.15_veh-40_01576_01714,0.8264981984503504,0.0072539532779375415
d7e370e3315453ae,2021.07.09.20.26.06_veh-35_02793_03289,0.850226437566207,2021.07.09.20.26.06_veh-35_02793_03289,0.8948746815980633,0.0446482440318563
d7e631755e5a54ad,2021.06.09.12.51.31_veh-35_01729_02626,0.9906615035687409,2021.06.09.12.51.31_veh-35_01729_02626,1.0,0.009338496431259058
d7e69541e68a5b3b,2021.07.09.20.26.06_veh-35_02793_03289,0.9649338396775946,2021.07.09.20.26.06_veh-35_02793_03289,0.9855905271259393,0.0206566874483447
d8118f444d4d574e,2021.07.09.20.26.06_veh-35_02793_03289,0.75,2021.07.09.20.26.06_veh-35_02793_03289,0.75,0.0
d84af418335b5dbe,2021.07.09.15.53.28_veh-38_00184_02293,1.0,2021.07.09.15.53.28_veh-38_00184_02293,1.0,0.0
d877af354e355798,2021.07.09.15.53.28_veh-38_00184_02293,0.9470108852422712,2021.07.09.15.53.28_veh-38_00184_02293,0.9769894080013876,0.02997852275911639
d8c8e4dbeb2158b0,2021.10.11.02.57.41_veh-50_01028_01289,1.0,2021.10.11.02.57.41_veh-50_01028_01289,1.0,0.0
d8d46f536585556f,2021.07.09.15.53.28_veh-38_00184_02293,1.0,2021.07.09.15.53.28_veh-38_00184_02293,1.0,0.0
d8e282ed6cff5dac,2021.10.11.02.57.41_veh-50_02155_02265,0.8927147158530787,2021.10.11.02.57.41_veh-50_02155_02265,0.9106944219214371,0.017979706068358414
d8f097f9fa2e52f7,2021.07.09.15.53.28_veh-38_00184_02293,0.9614749305436158,2021.07.09.15.53.28_veh-38_00184_02293,1.0,0.03852506945638423
d9132b3c692558c8,2021.07.09.20.26.06_veh-35_02793_03289,1.0,2021.07.09.20.26.06_veh-35_02793_03289,1.0,0.0
d967ad2a03a1521a,2021.07.09.15.53.28_veh-38_00184_02293,0.9619716121859909,2021.07.09.15.53.28_veh-38_00184_02293,1.0,0.03802838781400908
d9a26b78907c5afa,2021.10.05.07.49.39_veh-52_00770_00905,0.9006008553472782,2021.10.05.07.49.39_veh-52_00770_00905,0.9133628148456665,0.01276195949838832
d9bb698c62405297,2021.06.09.12.51.31_veh-35_01729_02626,1.0,2021.06.09.12.51.31_veh-35_01729_02626,1.0,0.0
d9d4ea61407b50cf,2021.06.09.12.06.35_veh-35_01164_01494,0.9606400457049517,2021.06.09.12.06.35_veh-35_01164_01494,0.980479518457814,0.019839472752862353
d9defa86501154b4,2021.07.09.15.53.28_veh-38_00184_02293,1.0,2021.07.09.15.53.28_veh-38_00184_02293,0.0,-1.0
d9e2c39b092159c4,2021.07.09.15.53.28_veh-38_00184_02293,1.0,2021.07.09.15.53.28_veh-38_00184_02293,1.0,0.0
d9e7a7614b095a0b,2021.10.05.08.11.15_veh-50_00437_00585,0.8194683726076716,2021.10.05.08.11.15_veh-50_00437_00585,0.8317141707222947,0.012245798114623119
da2f830999325306,2021.07.09.15.53.28_veh-38_00184_02293,0.8326012490408936,2021.07.09.15.53.28_veh-38_00184_02293,0.8662886991874109,0.033687450146517306
da378bcae7675636,2021.10.11.02.57.41_veh-50_02155_02265,0.8046162536197305,2021.10.11.02.57.41_veh-50_02155_02265,0.8136950599268673,0.009078806307136755
daa2dd83846355d1,2021.07.09.20.26.06_veh-35_02793_03289,0.9534738540287062,2021.07.09.20.26.06_veh-35_02793_03289,1.0,0.046526145971293786
db5aa5f382f25aaa,2021.07.09.15.53.28_veh-38_00184_02293,0.9200737198104727,2021.07.09.15.53.28_veh-38_00184_02293,0.9558008171555055,0.035727097345032766
db812a0eaf435d65,2021.06.23.17.31.36_veh-16_00016_00377,1.0,2021.06.23.17.31.36_veh-16_00016_00377,1.0,0.0
db9df85eaa605bd1,2021.10.05.07.49.39_veh-52_00770_00905,0.885024921093993,2021.10.05.07.49.39_veh-52_00770_00905,0.8940369486424969,0.009012027548503942
dbb61fca58fc5037,2021.06.09.12.51.31_veh-35_01729_02626,1.0,2021.06.09.12.51.31_veh-35_01729_02626,1.0,0.0
dbdde78f03545776,2021.07.09.15.53.28_veh-38_00184_02293,1.0,2021.07.09.15.53.28_veh-38_00184_02293,1.0,0.0
dbe9196d84d9511c,2021.07.09.15.53.28_veh-38_00184_02293,1.0,2021.07.09.15.53.28_veh-38_00184_02293,1.0,0.0
dc5adf1f1c2e5567,2021.10.05.07.49.39_veh-52_00770_00905,0.9244066482021243,2021.10.05.07.49.39_veh-52_00770_00905,0.9417658169315334,0.017359168729409125
dc5d48591a565e58,2021.10.11.02.57.41_veh-50_01028_01289,1.0,2021.10.11.02.57.41_veh-50_01028_01289,1.0,0.0
dc5dc0a76c7c546a,2021.06.09.20.26.11_veh-35_00970_01216,0.9354360422451917,2021.06.09.20.26.11_veh-35_00970_01216,0.9726867309720257,0.037250688726834014
dc70a7b62c155d19,2021.08.31.14.01.15_veh-40_01576_01714,0.8143412009910242,2021.08.31.14.01.15_veh-40_01576_01714,0.8228298210651661,0.008488620074141862
dc7ec70fa4d050be,2021.10.11.02.57.41_veh-50_02155_02265,0.9042636748827062,2021.10.11.02.57.41_veh-50_02155_02265,0.9181759743388084,0.013912299456102173
dca94801958a53aa,2021.07.09.15.53.28_veh-38_00184_02293,0.9776194680200061,2021.07.09.15.53.28_veh-38_00184_02293,0.9969495739687808,0.019330105948774712
dcc745e412fe5fbd,2021.06.09.12.06.35_veh-35_01164_01494,0.9357108386197197,2021.06.09.12.06.35_veh-35_01164_01494,0.9632061379298631,0.027495299310143384
dccfde2da28d5dbe,2021.10.05.07.49.39_veh-52_00770_00905,0.9287280303236409,2021.10.05.07.49.39_veh-52_00770_00905,0.8172626372187224,-0.11146539310491854
dd0ee62e28ee5eaf,2021.06.09.20.26.11_veh-35_00970_01216,0.9409738883408536,2021.06.09.20.26.11_veh-35_00970_01216,0.9733723213254005,0.03239843298454692
dd11bc3330605dfd,2021.06.09.14.50.36_veh-26_02826_02955,0.875,2021.06.09.14.50.36_veh-26_02826_02955,0.875,0.0
dd2d2dd7d4885bbe,2021.06.09.12.51.31_veh-35_01729_02626,1.0,2021.06.09.12.51.31_veh-35_01729_02626,1.0,0.0
dd35faabfd005af0,2021.07.09.15.53.28_veh-38_00184_02293,1.0,2021.07.09.15.53.28_veh-38_00184_02293,1.0,0.0
dd4e1fa056b456f3,2021.07.09.15.53.28_veh-38_00184_02293,1.0,2021.07.09.15.53.28_veh-38_00184_02293,0.875,-0.125
dd73b1a1de5253b0,2021.10.05.07.49.39_veh-52_00770_00905,0.9465022781559709,2021.10.05.07.49.39_veh-52_00770_00905,0.9598878143467686,0.013385536190797742
dd8848619c6f5c22,2021.07.09.15.53.28_veh-38_00184_02293,0.9795604045309406,2021.07.09.15.53.28_veh-38_00184_02293,0.0,-0.9795604045309406
dd8b61c70dc05550,2021.07.16.22.40.23_veh-38_00204_00360,1.0,2021.07.16.22.40.23_veh-38_00204_00360,1.0,0.0
dd9d8e686a345f74,2021.10.05.07.49.39_veh-52_00770_00905,0.9120777541922884,2021.10.05.07.49.39_veh-52_00770_00905,0.9244666463982135,0.012388892205925095
ddc6f1960bc05d62,2021.06.23.17.31.36_veh-16_00016_00377,1.0,2021.06.23.17.31.36_veh-16_00016_00377,1.0,0.0
de1498ad86835196,2021.06.23.17.31.36_veh-16_00016_00377,0.9464890108686587,2021.06.23.17.31.36_veh-16_00016_00377,0.9940934537151704,0.047604442846511774
de72514102555fab,2021.10.11.02.57.41_veh-50_02155_02265,0.9192894173235711,2021.10.11.02.57.41_veh-50_02155_02265,0.932567250241897,0.01327783291832596
de7549a363f15a36,2021.07.09.15.53.28_veh-38_00184_02293,0.904199710953053,2021.07.09.15.53.28_veh-38_00184_02293,0.9479714095452527,0.04377169859219976
de99492d90ed5808,2021.07.09.15.53.28_veh-38_00184_02293,0.970231456645033,2021.07.09.15.53.28_veh-38_00184_02293,1.0,0.029768543354967036
de9c0d8341d65b55,2021.07.16.22.40.23_veh-38_00204_00360,1.0,2021.07.16.22.40.23_veh-38_00204_00360,1.0,0.0
dee420665f2d5ee5,2021.10.11.02.57.41_veh-50_02155_02265,0.9263444968335787,2021.10.11.02.57.41_veh-50_02155_02265,0.9420702351678798,0.01572573833430113
df09da21f9a35c0c,2021.07.09.15.53.28_veh-38_00184_02293,0.962183896754055,2021.07.09.15.53.28_veh-38_00184_02293,1.0,0.037816103245944976
df242b87199d5acb,2021.07.09.15.53.28_veh-38_00184_02293,0.9804186159550088,2021.07.09.15.53.28_veh-38_00184_02293,1.0,0.019581384044991212
dfe3214ab3e850a3,2021.08.31.14.01.15_veh-40_01576_01714,0.8459709110684299,2021.08.31.14.01.15_veh-40_01576_01714,0.8577921671083308,0.011821256039900918
e003efe0bcee5ce5,2021.07.09.15.53.28_veh-38_00184_02293,0.9863178621632471,2021.07.09.15.53.28_veh-38_00184_02293,1.0,0.013682137836752872
e0488ea0836c5bf6,2021.07.09.15.53.28_veh-38_00184_02293,0.9608588440993714,2021.07.09.15.53.28_veh-38_00184_02293,0.9895296021077503,0.028670758008378927
e06108e069b55486,2021.07.09.20.26.06_veh-35_02793_03289,0.9462354947066656,2021.07.09.20.26.06_veh-35_02793_03289,0.8357635469094916,-0.11047194779717395
e069d39ff2ab55bc,2021.06.09.12.51.31_veh-35_01729_02626,0.9208293161832612,2021.06.09.12.51.31_veh-35_01729_02626,0.9493040570157392,0.02847474083247792
e06b4eb07a9b5be3,2021.06.09.20.26.11_veh-35_00970_01216,0.9046226533112525,2021.06.09.20.26.11_veh-35_00970_01216,0.9751594605420386,0.07053680723078615
e07749952a0f5f5d,2021.07.09.15.53.28_veh-38_00184_02293,0.9778957135133541,2021.07.09.15.53.28_veh-38_00184_02293,0.9928214043771221,0.014925690863767938
e0893a06ed5e5bb3,2021.07.09.15.53.28_veh-38_00184_02293,1.0,2021.07.09.15.53.28_veh-38_00184_02293,1.0,0.0
e0990db225ab5e2b,2021.07.09.20.26.06_veh-35_02793_03289,0.9528050263179015,2021.07.09.20.26.06_veh-35_02793_03289,0.9912557371047932,0.03845071078689166
e0aa4d3682c6594a,2021.06.09.12.06.35_veh-35_01164_01494,0.9569069281552368,2021.06.09.12.06.35_veh-35_01164_01494,0.9711384335677224,0.014231505412485634
e1320bebb7f25f65,2021.07.09.20.26.06_veh-35_02793_03289,0.9592064465026857,2021.07.09.20.26.06_veh-35_02793_03289,1.0,0.04079355349731428
e1a9b17e1fee5fe5,2021.10.11.02.57.41_veh-50_01028_01289,0.9124662493617266,2021.10.11.02.57.41_veh-50_01028_01289,0.926697247936949,0.014230998575222364
e24fd0e278275c0b,2021.07.09.15.53.28_veh-38_00184_02293,1.0,2021.07.09.15.53.28_veh-38_00184_02293,1.0,0.0
e25b028f941158d3,2021.10.05.08.11.15_veh-50_00437_00585,0.8875831790050657,2021.10.05.08.11.15_veh-50_00437_00585,0.9040882811122821,0.01650510210721645
e26a0932b153560d,2021.07.09.15.53.28_veh-38_00184_02293,1.0,2021.07.09.15.53.28_veh-38_00184_02293,1.0,0.0
e26edc6457f85a2c,2021.10.05.08.11.15_veh-50_00437_00585,0.9013121952458609,2021.10.05.08.11.15_veh-50_00437_00585,0.9155786542723658,0.014266459026504918
e27c4e988e10569a,2021.07.09.20.26.06_veh-35_02793_03289,0.8831262315304119,2021.07.09.20.26.06_veh-35_02793_03289,0.890027249006377,0.0069010174759650544
e2898986047c5b29,2021.10.11.02.57.41_veh-50_02155_02265,0.8801402133908669,2021.10.11.02.57.41_veh-50_02155_02265,0.8932719730981136,0.01313175970724667
e2c494b98d885c19,2021.06.23.17.31.36_veh-16_00016_00377,0.875,2021.06.23.17.31.36_veh-16_00016_00377,0.875,0.0
e2f005a68443572a,2021.10.11.02.57.41_veh-50_02155_02265,0.9099227188438221,2021.10.11.02.57.41_veh-50_02155_02265,0.9247004928193052,0.014777773975483077
e2ff3a9fc9e0580d,2021.06.09.12.06.35_veh-35_01164_01494,0.9645064762965929,2021.06.09.12.06.35_veh-35_01164_01494,0.9832863663173688,0.018779890020775847
e31bf22d49f454e8,2021.07.09.15.53.28_veh-38_00184_02293,0.9464381912470476,2021.07.09.15.53.28_veh-38_00184_02293,0.9838588322274473,0.037420640980399655
e322f2e6452f508e,2021.06.09.12.51.31_veh-35_01729_02626,1.0,2021.06.09.12.51.31_veh-35_01729_02626,1.0,0.0
e340e429f0015853,2021.07.09.15.53.28_veh-38_00184_02293,0.9966737492364527,2021.07.09.15.53.28_veh-38_00184_02293,1.0,0.0033262507635473115
e34cae2fefab55b8,2021.07.09.20.26.06_veh-35_02793_03289,0.9448742104371574,2021.07.09.20.26.06_veh-35_02793_03289,1.0,0.05512578956284264
e3da0e20e0b556fc,2021.07.09.15.53.28_veh-38_00184_02293,1.0,2021.07.09.15.53.28_veh-38_00184_02293,1.0,0.0
e3e96778dac3541c,2021.07.09.15.53.28_veh-38_00184_02293,0.9372614223837962,2021.07.09.15.53.28_veh-38_00184_02293,0.9548171942573442,0.017555771873548065
e43549ea94f75b60,2021.07.09.15.53.28_veh-38_00184_02293,0.9690841331603287,2021.07.09.15.53.28_veh-38_00184_02293,0.9805359909459315,0.01145185778560276
e436b19cf83151cc,2021.07.09.15.53.28_veh-38_00184_02293,1.0,2021.07.09.15.53.28_veh-38_00184_02293,1.0,0.0
e43cc13c56e855d5,2021.06.09.12.51.31_veh-35_01729_02626,0.9984281881889996,2021.06.09.12.51.31_veh-35_01729_02626,1.0,0.001571811811000412
e447ace78361537e,2021.10.05.07.49.39_veh-52_00770_00905,1.0,2021.10.05.07.49.39_veh-52_00770_00905,1.0,0.0
e45bba9f532950f7,2021.06.09.12.51.31_veh-35_01729_02626,0.0,2021.06.09.12.51.31_veh-35_01729_02626,0.9837573051509563,0.9837573051509563
e49b47bbb0c55e1e,2021.06.09.17.23.18_veh-38_01598_01750,0.9577418293391203,2021.06.09.17.23.18_veh-38_01598_01750,0.9919731159369445,0.03423128659782415
e4bf21cd63585bf7,2021.07.09.20.26.06_veh-35_02793_03289,0.9450875780462633,2021.07.09.20.26.06_veh-35_02793_03289,0.9650836164384449,0.01999603839218156
e4c4b061d1845fd6,2021.10.11.02.57.41_veh-50_01028_01289,1.0,2021.10.11.02.57.41_veh-50_01028_01289,1.0,0.0
e4d05b1ce25250bb,2021.07.09.15.53.28_veh-38_00184_02293,0.9996828804502822,2021.07.09.15.53.28_veh-38_00184_02293,1.0,0.00031711954971780365
e4d2a56f36c45c20,2021.06.09.14.50.36_veh-26_02826_02955,1.0,2021.06.09.14.50.36_veh-26_02826_02955,1.0,0.0
e4eda26dbd53523d,2021.06.09.12.51.31_veh-35_01729_02626,1.0,2021.06.09.12.51.31_veh-35_01729_02626,1.0,0.0
e503592e74a35c78,2021.06.23.17.31.36_veh-16_00016_00377,0.9185204368530295,2021.06.23.17.31.36_veh-16_00016_00377,0.9787165541045446,0.06019611725151508
e507573c08815f9e,2021.07.09.20.26.06_veh-35_02793_03289,0.916442790572796,2021.07.09.20.26.06_veh-35_02793_03289,0.968489437505273,0.05204664693247707
e522cb132d57506a,2021.06.09.12.51.31_veh-35_01729_02626,0.864075437223902,2021.06.09.12.51.31_veh-35_01729_02626,1.0,0.135924562776098
e52ef27d2d245c63,2021.06.09.12.51.31_veh-35_01729_02626,0.8212811141718246,2021.06.09.12.51.31_veh-35_01729_02626,0.8335585365785708,0.01227742240674623
e5581fb84ddb5ffb,2021.07.09.15.53.28_veh-38_00184_02293,0.9870010735891799,2021.07.09.15.53.28_veh-38_00184_02293,1.0,0.012998926410820122
e58acbf0106153ad,2021.07.09.15.53.28_veh-38_00184_02293,1.0,2021.07.09.15.53.28_veh-38_00184_02293,1.0,0.0
e59bd5d207065b9a,2021.06.09.12.06.35_veh-35_01164_01494,0.9275449226047296,2021.06.09.12.06.35_veh-35_01164_01494,0.9424928459750107,0.014947923370281058
e5a4f230a7a05b18,2021.08.31.14.01.15_veh-40_01576_01714,0.8139589784272403,2021.08.31.14.01.15_veh-40_01576_01714,0.8247320317979017,0.010773053370661367
e5b1df76988c57a7,2021.07.09.15.53.28_veh-38_00184_02293,1.0,2021.07.09.15.53.28_veh-38_00184_02293,1.0,0.0
e614a559776c5e86,2021.07.09.15.53.28_veh-38_00184_02293,0.8108870855824976,2021.07.09.15.53.28_veh-38_00184_02293,0.8212763604823756,0.010389274899878065
e634731f91015bab,2021.07.09.15.53.28_veh-38_00184_02293,0.0,2021.07.09.15.53.28_veh-38_00184_02293,0.9548525462756903,0.9548525462756903
e6422bb22e125756,2021.08.31.11.47.30_veh-40_00919_01000,1.0,2021.08.31.11.47.30_veh-40_00919_01000,1.0,0.0
e699ef478771586b,2021.08.31.11.47.30_veh-40_00919_01000,0.9372174946744978,2021.08.31.11.47.30_veh-40_00919_01000,0.9510388634509779,0.013821368776480103
e69baaae152259ad,2021.10.11.02.57.41_veh-50_02155_02265,0.9159554765594943,2021.10.11.02.57.41_veh-50_02155_02265,0.9290842152219243,0.013128738662430028
e6aabd1342ce54e2,2021.07.09.15.53.28_veh-38_00184_02293,0.9291206116713502,2021.07.09.15.53.28_veh-38_00184_02293,0.9674144874686452,0.03829387579729504
e6c4af98a23f5868,2021.07.09.15.53.28_veh-38_00184_02293,1.0,2021.07.09.15.53.28_veh-38_00184_02293,1.0,0.0
e6e9a5b8b26755b2,2021.07.09.15.53.28_veh-38_00184_02293,0.997052847484708,2021.07.09.15.53.28_veh-38_00184_02293,0.0,-0.997052847484708
e6f686686cc452cf,2021.06.09.12.51.31_veh-35_01729_02626,0.9820156354002069,2021.06.09.12.51.31_veh-35_01729_02626,1.0,0.017984364599793135
e6fa8db6e41a5139,2021.10.11.02.57.41_veh-50_02155_02265,0.9127780600573594,2021.10.11.02.57.41_veh-50_02155_02265,0.9268071970239635,0.014029136966604128
e70a9c0c51675ea1,2021.10.11.02.57.41_veh-50_01028_01289,0.9072860225600373,2021.10.11.02.57.41_veh-50_01028_01289,0.9221044106553511,0.014818388095313773
e71499ec7fd254e9,2021.07.09.15.53.28_veh-38_00184_02293,1.0,2021.07.09.15.53.28_veh-38_00184_02293,1.0,0.0
e72a95807de45328,2021.08.31.14.01.15_veh-40_01576_01714,0.8425914864049594,2021.08.31.14.01.15_veh-40_01576_01714,0.7280364419399519,-0.11455504446500753
e732f7c659b45197,2021.07.09.15.53.28_veh-38_00184_02293,0.9326448101820939,2021.07.09.15.53.28_veh-38_00184_02293,0.9510080339753568,0.01836322379326294
e739a390b2a55648,2021.07.09.15.53.28_veh-38_00184_02293,1.0,2021.07.09.15.53.28_veh-38_00184_02293,1.0,0.0
e76566d4d20c5377,2021.07.09.15.53.28_veh-38_00184_02293,0.8268393280123405,2021.07.09.15.53.28_veh-38_00184_02293,0.8386275968823362,0.011788268869995733
e799e9f5385a5a2c,2021.06.09.12.51.31_veh-35_01729_02626,1.0,2021.06.09.12.51.31_veh-35_01729_02626,1.0,0.0
e80eed1fab2c5cfd,2021.06.09.12.06.35_veh-35_01164_01494,1.0,2021.06.09.12.06.35_veh-35_01164_01494,1.0,0.0
e8289b430daa5695,2021.10.11.02.57.41_veh-50_02155_02265,0.8089358139416246,2021.10.11.02.57.41_veh-50_02155_02265,0.9485136671785348,0.1395778532369102
e833b6b388c1524e,2021.07.09.15.53.28_veh-38_00184_02293,0.9334059561478995,2021.07.09.15.53.28_veh-38_00184_02293,0.9491998049113652,0.01579384876346579
e842f8018dfe58b3,2021.07.09.15.53.28_veh-38_00184_02293,0.976018251185401,2021.07.09.15.53.28_veh-38_00184_02293,0.9893737108230081,0.013355459637607092
e856cc5561ca564e,2021.07.09.15.53.28_veh-38_00184_02293,0.940157184543618,2021.07.09.15.53.28_veh-38_00184_02293,0.9611344020668369,0.020977217523218905
e8b3c7058c315bca,2021.06.23.17.31.36_veh-16_00016_00377,0.9586507287946857,2021.06.23.17.31.36_veh-16_00016_00377,0.9791879787642608,0.020537249969575067
e8f2bc430a065486,2021.06.09.12.06.35_veh-35_01164_01494,0.912405144912097,2021.06.09.12.06.35_veh-35_01164_01494,0.9332374834895071,0.02083233857741007
e90d6cecf29d53cc,2021.07.09.20.26.06_veh-35_02793_03289,0.0,2021.07.09.20.26.06_veh-35_02793_03289,0.75,0.75
e95323b100c25a0a,2021.07.09.15.53.28_veh-38_00184_02293,0.9478828583474331,2021.07.09.15.53.28_veh-38_00184_02293,0.9861760178455936,0.03829315949816048
e96e62b9e81d5042,2021.07.09.15.53.28_veh-38_00184_02293,1.0,2021.07.09.15.53.28_veh-38_00184_02293,1.0,0.0
e97f92e1a63f54b9,2021.06.23.17.31.36_veh-16_00016_00377,0.9413003736563008,2021.06.23.17.31.36_veh-16_00016_00377,0.9686180982325867,0.027317724576285896
e980ff490b835222,2021.06.23.17.31.36_veh-16_00016_00377,0.875,2021.06.23.17.31.36_veh-16_00016_00377,0.875,0.0
e9a30e8cbad951bb,2021.07.09.15.53.28_veh-38_00184_02293,1.0,2021.07.09.15.53.28_veh-38_00184_02293,0.0,-1.0
e9be03d5069b52bc,2021.10.01.17.52.06_veh-28_01141_01264,0.9842021626306431,2021.10.01.17.52.06_veh-28_01141_01264,0.9979835105725019,0.013781347941858813
e9f76526b6d05e5c,2021.10.05.08.11.15_veh-50_00437_00585,0.9415789925609619,2021.10.05.08.11.15_veh-50_00437_00585,0.9589976011596807,0.0174186085987188
ea1dbf3aec435c27,2021.06.23.17.31.36_veh-16_00016_00377,1.0,2021.06.23.17.31.36_veh-16_00016_00377,1.0,0.0
ea31a137b6b45663,2021.07.09.15.53.28_veh-38_00184_02293,1.0,2021.07.09.15.53.28_veh-38_00184_02293,1.0,0.0
ea43967ed8ad5dc0,2021.10.11.02.57.41_veh-50_01028_01289,1.0,2021.10.11.02.57.41_veh-50_01028_01289,0.6875,-0.3125
ea7239e96a555f2c,2021.06.23.17.31.36_veh-16_00016_00377,1.0,2021.06.23.17.31.36_veh-16_00016_00377,1.0,0.0
ea7675073d935aed,2021.07.09.15.53.28_veh-38_00184_02293,0.9151670318957886,2021.07.09.15.53.28_veh-38_00184_02293,0.8001093416479617,-0.11505769024782697
ea7c22e1d36856c3,2021.06.09.12.51.31_veh-35_01729_02626,1.0,2021.06.09.12.51.31_veh-35_01729_02626,1.0,0.0
eaad335cb62c57b0,2021.07.09.15.53.28_veh-38_00184_02293,0.9398332522750781,2021.07.09.15.53.28_veh-38_00184_02293,0.9890304287510113,0.049197176475933246
eacad86eaed255f7,2021.07.09.15.53.28_veh-38_00184_02293,0.9295727902223907,2021.07.09.15.53.28_veh-38_00184_02293,0.9486882580013689,0.019115467778978212
eadab740750b5a54,2021.06.09.12.51.31_veh-35_01729_02626,0.8470897736024351,2021.06.09.12.51.31_veh-35_01729_02626,0.9031702752213464,0.056080501618911316
eb03710881e25401,2021.07.09.15.53.28_veh-38_00184_02293,1.0,2021.07.09.15.53.28_veh-38_00184_02293,1.0,0.0
eb1a57fcb1835169,2021.06.23.17.31.36_veh-16_00016_00377,1.0,2021.06.23.17.31.36_veh-16_00016_00377,0.875,-0.125
eb6e558901af58af,2021.10.11.02.57.41_veh-50_01028_01289,0.9436869653448506,2021.10.11.02.57.41_veh-50_01028_01289,0.9696090765285212,0.025922111183670604
ebb818fca3895a2c,2021.07.09.15.53.28_veh-38_00184_02293,1.0,2021.07.09.15.53.28_veh-38_00184_02293,1.0,0.0
ebca7e0c22b65deb,2021.10.11.02.57.41_veh-50_01028_01289,0.8412493236928152,2021.10.11.02.57.41_veh-50_01028_01289,0.8577360205687455,0.016486696875930296
ebe11a6789745477,2021.10.11.02.57.41_veh-50_02155_02265,0.9051576456623084,2021.10.11.02.57.41_veh-50_02155_02265,0.9212303924485914,0.01607274678628301
ec0f3cc6c0fd590e,2021.07.09.20.26.06_veh-35_02793_03289,1.0,2021.07.09.20.26.06_veh-35_02793_03289,1.0,0.0
ec21e03ea67054d6,2021.07.09.15.53.28_veh-38_00184_02293,0.9480202508003392,2021.07.09.15.53.28_veh-38_00184_02293,0.9834738356003504,0.03545358480001115
ec37ecf537d15383,2021.10.05.08.11.15_veh-50_00437_00585,0.9519589362012434,2021.10.05.08.11.15_veh-50_00437_00585,0.985710533617954,0.03375159741671063
ec965c8ae1c75447,2021.07.09.15.53.28_veh-38_00184_02293,0.9207458150539934,2021.07.09.15.53.28_veh-38_00184_02293,0.9336140544604079,0.012868239406414461
ecd1986832c7521a,2021.10.11.02.57.41_veh-50_02155_02265,0.8729057875306646,2021.10.11.02.57.41_veh-50_02155_02265,0.8891840442694594,0.016278256738794794
ed29591fde515907,2021.07.09.15.53.28_veh-38_00184_02293,0.0,2021.07.09.15.53.28_veh-38_00184_02293,0.8571428571428571,0.8571428571428571
edd18606d29e5285,2021.07.09.20.26.06_veh-35_02793_03289,1.0,2021.07.09.20.26.06_veh-35_02793_03289,1.0,0.0
ee053b086fb1560c,2021.06.09.12.51.31_veh-35_01729_02626,0.8835017548593931,2021.06.09.12.51.31_veh-35_01729_02626,0.924864003507815,0.04136224864842186
ee0c42f87de45144,2021.07.09.15.53.28_veh-38_00184_02293,0.9729937664749619,2021.07.09.15.53.28_veh-38_00184_02293,1.0,0.02700623352503806
ee7343c491db5537,2021.10.05.07.49.39_veh-52_00770_00905,0.9156257628186522,2021.10.05.07.49.39_veh-52_00770_00905,0.927947785365272,0.012322022546619849
ee7c0c535d415ded,2021.06.09.12.51.31_veh-35_01729_02626,0.9427779799967277,2021.06.09.12.51.31_veh-35_01729_02626,0.9643702631593012,0.021592283162573445
ee7c43384142579a,2021.07.09.15.53.28_veh-38_00184_02293,1.0,2021.07.09.15.53.28_veh-38_00184_02293,1.0,0.0
ee855ade6ba5504c,2021.06.09.12.51.31_veh-35_01729_02626,1.0,2021.06.09.12.51.31_veh-35_01729_02626,1.0,0.0
ee92fc8a2ab55014,2021.07.09.15.53.28_veh-38_00184_02293,1.0,2021.07.09.15.53.28_veh-38_00184_02293,1.0,0.0
eebdbcf854975ae9,2021.07.09.20.26.06_veh-35_02793_03289,1.0,2021.07.09.20.26.06_veh-35_02793_03289,1.0,0.0
eeed45662dfb5a80,2021.07.09.15.53.28_veh-38_00184_02293,0.9828740564508958,2021.07.09.15.53.28_veh-38_00184_02293,0.9995370445009453,0.01666298805004951
eefa88c125d55aa4,2021.06.23.17.31.36_veh-16_00016_00377,0.9123012104797569,2021.06.23.17.31.36_veh-16_00016_00377,0.9753470662340225,0.06304585575426558
eefc6568a4155b8b,2021.07.09.15.53.28_veh-38_00184_02293,0.8571428571428571,2021.07.09.15.53.28_veh-38_00184_02293,1.0,0.1428571428571429
ef00d067ff7a582f,2021.07.09.15.53.28_veh-38_00184_02293,0.96324730778406,2021.07.09.15.53.28_veh-38_00184_02293,0.9816599581672034,0.018412650383143436
ef10184224ba5d25,2021.06.09.12.06.35_veh-35_01164_01494,0.9529747354661622,2021.06.09.12.06.35_veh-35_01164_01494,0.9699024695573486,0.01692773409118642
ef5318b8d9285443,2021.06.09.14.50.36_veh-26_02826_02955,0.875,2021.06.09.14.50.36_veh-26_02826_02955,0.875,0.0
ef5d74901e465a0d,2021.06.09.12.51.31_veh-35_01729_02626,0.8390738353279826,2021.06.09.12.51.31_veh-35_01729_02626,0.897597915366129,0.05852408003814635
ef7fb7627f735a41,2021.06.09.12.06.35_veh-35_01164_01494,1.0,2021.06.09.12.06.35_veh-35_01164_01494,1.0,0.0
efc7193a7907550e,2021.06.23.17.31.36_veh-16_00016_00377,0.875,2021.06.23.17.31.36_veh-16_00016_00377,0.875,0.0
efe50170f67a57dc,2021.07.09.20.26.06_veh-35_02793_03289,1.0,2021.07.09.20.26.06_veh-35_02793_03289,1.0,0.0
eff7dd683f505235,2021.07.09.15.53.28_veh-38_00184_02293,1.0,2021.07.09.15.53.28_veh-38_00184_02293,1.0,0.0
f00788c502f25587,2021.06.09.12.51.31_veh-35_01729_02626,1.0,2021.06.09.12.51.31_veh-35_01729_02626,1.0,0.0
f0273e69f5bb54e1,2021.07.09.15.53.28_veh-38_00184_02293,0.934880801839933,2021.07.09.15.53.28_veh-38_00184_02293,0.9561250837485593,0.02124428190862626
f062fb353fc1540f,2021.10.05.07.49.39_veh-52_00770_00905,0.9295472498673427,2021.10.05.07.49.39_veh-52_00770_00905,0.8306520193678326,-0.0988952304995101
f09b140e2fc05b0a,2021.10.11.02.57.41_veh-50_02155_02265,0.8798238019759166,2021.10.11.02.57.41_veh-50_02155_02265,0.8872562258611129,0.007432423885196271
f0ef32a63b3659a6,2021.07.09.15.53.28_veh-38_00184_02293,1.0,2021.07.09.15.53.28_veh-38_00184_02293,1.0,0.0
f16673a85d0e5f75,2021.07.09.15.53.28_veh-38_00184_02293,1.0,2021.07.09.15.53.28_veh-38_00184_02293,1.0,0.0
f177501cd1555b76,2021.07.09.20.26.06_veh-35_02793_03289,1.0,2021.07.09.20.26.06_veh-35_02793_03289,1.0,0.0
f17b89de6fc75614,2021.06.09.14.50.36_veh-26_02826_02955,1.0,2021.06.09.14.50.36_veh-26_02826_02955,1.0,0.0
f1bf12acb8445268,2021.06.09.12.51.31_veh-35_01729_02626,1.0,2021.06.09.12.51.31_veh-35_01729_02626,1.0,0.0
f1f36e051147572e,2021.06.09.20.26.11_veh-35_00970_01216,1.0,2021.06.09.20.26.11_veh-35_00970_01216,1.0,0.0
f25726c61f48502f,2021.06.09.12.51.31_veh-35_01729_02626,1.0,2021.06.09.12.51.31_veh-35_01729_02626,1.0,0.0
f285ec68af385fc4,2021.06.09.12.51.31_veh-35_01729_02626,0.8543297000515797,2021.06.09.12.51.31_veh-35_01729_02626,0.8785473224741076,0.024217622422527896
f295b9b2ee545520,2021.10.11.02.57.41_veh-50_01028_01289,0.8908891594271376,2021.10.11.02.57.41_veh-50_01028_01289,0.9069236497103249,0.016034490283187264
f295db8f52065e16,2021.07.09.15.53.28_veh-38_00184_02293,0.819463504821677,2021.07.09.15.53.28_veh-38_00184_02293,0.8294713315048986,0.010007826683221643
f29cff9a8d905f5d,2021.06.09.12.51.31_veh-35_01729_02626,1.0,2021.06.09.12.51.31_veh-35_01729_02626,0.875,-0.125
f2bdb5407b145bcd,2021.06.09.12.51.31_veh-35_01729_02626,1.0,2021.06.09.12.51.31_veh-35_01729_02626,1.0,0.0
f329e674bbb950b3,2021.06.09.12.51.31_veh-35_01729_02626,0.9708357065173909,2021.06.09.12.51.31_veh-35_01729_02626,1.0,0.02916429348260907
f35a76fdbc2259da,2021.07.09.15.53.28_veh-38_00184_02293,1.0,2021.07.09.15.53.28_veh-38_00184_02293,1.0,0.0
f37d56c3d1f059ec,2021.06.09.12.51.31_veh-35_01729_02626,0.8684440029932066,2021.06.09.12.51.31_veh-35_01729_02626,0.9098471905298045,0.041403187536597885
f37e5cad3010539f,2021.07.09.15.53.28_veh-38_00184_02293,1.0,2021.07.09.15.53.28_veh-38_00184_02293,1.0,0.0
f3d5e1d06f2e5c41,2021.07.09.15.53.28_veh-38_00184_02293,1.0,2021.07.09.15.53.28_veh-38_00184_02293,1.0,0.0
f4188f0f2c17514d,2021.10.01.17.52.06_veh-28_01141_01264,0.9582408399493392,2021.10.01.17.52.06_veh-28_01141_01264,1.0,0.041759160050660826
f42717531e645bd0,2021.07.09.20.26.06_veh-35_02793_03289,0.88890582860644,2021.07.09.20.26.06_veh-35_02793_03289,0.9486083929436329,0.0597025643371929
f4454ab06873565e,2021.07.09.15.53.28_veh-38_00184_02293,0.8927266802101972,2021.07.09.15.53.28_veh-38_00184_02293,0.9293379669173145,0.03661128670711733
f44ec48280225191,2021.06.09.12.51.31_veh-35_01729_02626,1.0,2021.06.09.12.51.31_veh-35_01729_02626,1.0,0.0
f45108d76421595f,2021.07.09.15.53.28_veh-38_00184_02293,0.9313480282243844,2021.07.09.15.53.28_veh-38_00184_02293,0.9494656451735917,0.018117616949207216
f46d7a713a035a80,2021.10.11.02.57.41_veh-50_02155_02265,0.9137120290849404,2021.10.11.02.57.41_veh-50_02155_02265,0.9317045476384802,0.017992518553539782
f4ec1f572cef5c49,2021.06.09.12.51.31_veh-35_01729_02626,0.81082449853875,2021.06.09.12.51.31_veh-35_01729_02626,0.8210015387957534,0.010177040257003389
f4f7c2de2c0656fe,2021.06.09.12.51.31_veh-35_01729_02626,0.961368440629709,2021.06.09.12.51.31_veh-35_01729_02626,1.0,0.03863155937029095
f52e85080d085ad3,2021.10.05.08.11.15_veh-50_00437_00585,0.9856119547845269,2021.10.05.08.11.15_veh-50_00437_00585,1.0,0.0143880452154731
f56dfbb996385805,2021.06.09.12.06.35_veh-35_01164_01494,0.8901633136402334,2021.06.09.12.06.35_veh-35_01164_01494,0.9545092738421719,0.0643459602019385
f5b35beed72e5aec,2021.10.05.08.11.15_veh-50_00437_00585,1.0,2021.10.05.08.11.15_veh-50_00437_00585,0.0,-1.0
f5d06fd7f2195088,2021.06.23.17.31.36_veh-16_00016_00377,0.94532278184001,2021.06.23.17.31.36_veh-16_00016_00377,1.0,0.05467721815999005
f606a68831b959bb,2021.06.09.12.51.31_veh-35_01729_02626,0.8566518315796624,2021.06.09.12.51.31_veh-35_01729_02626,0.8832606323620896,0.026608800782427222
f63d23a573a550f3,2021.06.09.12.51.31_veh-35_01729_02626,1.0,2021.06.09.12.51.31_veh-35_01729_02626,1.0,0.0
f6522a382ccb5589,2021.07.09.20.26.06_veh-35_02793_03289,1.0,2021.07.09.20.26.06_veh-35_02793_03289,1.0,0.0
f65da3ca0d4f55ad,2021.07.09.15.53.28_veh-38_00184_02293,1.0,2021.07.09.15.53.28_veh-38_00184_02293,1.0,0.0
f683ad32ef3f5b4e,2021.07.09.15.53.28_veh-38_00184_02293,1.0,2021.07.09.15.53.28_veh-38_00184_02293,1.0,0.0
f686e9b2f7c35d4c,2021.07.09.15.53.28_veh-38_00184_02293,1.0,2021.07.09.15.53.28_veh-38_00184_02293,1.0,0.0
f68dfe3760c25453,2021.06.09.12.51.31_veh-35_01729_02626,1.0,2021.06.09.12.51.31_veh-35_01729_02626,1.0,0.0
f6ca17e70e9e53c5,2021.07.09.15.53.28_veh-38_00184_02293,1.0,2021.07.09.15.53.28_veh-38_00184_02293,1.0,0.0
f6d05b10abff5140,2021.07.09.15.53.28_veh-38_00184_02293,0.9792903860168543,2021.07.09.15.53.28_veh-38_00184_02293,0.9903764935394912,0.011086107522636945
f6d84360042f5d19,2021.07.09.15.53.28_veh-38_00184_02293,1.0,2021.07.09.15.53.28_veh-38_00184_02293,1.0,0.0
f6e7cfd22eaa5a4f,2021.10.11.02.57.41_veh-50_01028_01289,0.828754893410738,2021.10.11.02.57.41_veh-50_01028_01289,0.8543359978539115,0.025581104443173408
f79dbdc306a15120,2021.07.09.20.26.06_veh-35_02793_03289,1.0,2021.07.09.20.26.06_veh-35_02793_03289,1.0,0.0
f7b4d7400b585640,2021.07.09.15.53.28_veh-38_00184_02293,1.0,2021.07.09.15.53.28_veh-38_00184_02293,1.0,0.0
f7d51773081653ac,2021.10.11.02.57.41_veh-50_01028_01289,0.9119519654277308,2021.10.11.02.57.41_veh-50_01028_01289,0.92841624144557,0.016464276017839174
f7d65f30d6075c18,2021.07.09.15.53.28_veh-38_00184_02293,1.0,2021.07.09.15.53.28_veh-38_00184_02293,1.0,0.0
f80bb56c694d55ae,2021.07.09.15.53.28_veh-38_00184_02293,0.8436982110864586,2021.07.09.15.53.28_veh-38_00184_02293,0.8743844969077355,0.03068628582127686
f81f1d9d43f75c37,2021.07.09.15.53.28_veh-38_00184_02293,1.0,2021.07.09.15.53.28_veh-38_00184_02293,1.0,0.0
f83624d80fbf5b86,2021.10.11.02.57.41_veh-50_01028_01289,0.8597726500296589,2021.10.11.02.57.41_veh-50_01028_01289,0.9032728031963523,0.04350015316669342
f83ebda95db35f05,2021.07.09.15.53.28_veh-38_00184_02293,0.8520472708111374,2021.07.09.15.53.28_veh-38_00184_02293,0.9197345449130141,0.0676872741018767
f89bd37b0daf5c8a,2021.07.09.15.53.28_veh-38_00184_02293,1.0,2021.07.09.15.53.28_veh-38_00184_02293,1.0,0.0
f8bb1f5f15f0545e,2021.07.09.15.53.28_veh-38_00184_02293,0.9717769543015257,2021.07.09.15.53.28_veh-38_00184_02293,0.8619622298102633,-0.1098147244912624
f8cd764491c15c36,2021.06.09.12.51.31_veh-35_01729_02626,1.0,2021.06.09.12.51.31_veh-35_01729_02626,1.0,0.0
f93dafb45c965ab2,2021.10.11.02.57.41_veh-50_02155_02265,0.9159184477747766,2021.10.11.02.57.41_veh-50_02155_02265,0.0,-0.9159184477747766
f954d393a5615fec,2021.06.09.14.50.36_veh-26_02826_02955,0.9765619275179253,2021.06.09.14.50.36_veh-26_02826_02955,1.0,0.023438072482074745
f95fc48b693b53c2,2021.07.09.20.26.06_veh-35_02793_03289,0.9070695168219394,2021.07.09.20.26.06_veh-35_02793_03289,0.9727973854375345,0.0657278686155951
f96c2bfcfa0b5adc,2021.08.31.14.01.15_veh-40_01576_01714,0.8189658737639172,2021.08.31.14.01.15_veh-40_01576_01714,0.9594461902842106,0.14048031652029347
f98865ec9ca2540a,2021.07.09.15.53.28_veh-38_00184_02293,0.9900194629274391,2021.07.09.15.53.28_veh-38_00184_02293,1.0,0.009980537072560858
f9b9cec54e8759c8,2021.06.09.12.51.31_veh-35_01729_02626,1.0,2021.06.09.12.51.31_veh-35_01729_02626,1.0,0.0
f9cc839f6daf59a7,2021.07.09.15.53.28_veh-38_00184_02293,1.0,2021.07.09.15.53.28_veh-38_00184_02293,1.0,0.0
fa18ed9dac89551d,2021.08.31.14.01.15_veh-40_01576_01714,0.8472765104789328,2021.08.31.14.01.15_veh-40_01576_01714,0.861180640640334,0.01390413016140113
fa570010ca00540d,2021.10.05.08.11.15_veh-50_00437_00585,0.9293935367148374,2021.10.05.08.11.15_veh-50_00437_00585,0.9472204471784991,0.017826910463661694
fa6d09b953e85996,2021.07.09.20.26.06_veh-35_02793_03289,0.9435858920603201,2021.07.09.20.26.06_veh-35_02793_03289,0.9885030391965935,0.04491714713627348
fa88f25a8971596f,2021.06.09.12.51.31_veh-35_01729_02626,1.0,2021.06.09.12.51.31_veh-35_01729_02626,1.0,0.0
fa89a1586e92554d,2021.06.09.12.51.31_veh-35_01729_02626,0.8789159790635825,2021.06.09.12.51.31_veh-35_01729_02626,0.9340772289821399,0.05516124991855731
faa10d766e1e5675,2021.06.09.12.06.35_veh-35_01164_01494,0.9757220160823938,2021.06.09.12.06.35_veh-35_01164_01494,0.871560350919603,-0.1041616651627908
faa1719d97b65c1e,2021.10.05.08.11.15_veh-50_00437_00585,1.0,2021.10.05.08.11.15_veh-50_00437_00585,0.0,-1.0
faa2e3893e2f540a,2021.06.23.17.31.36_veh-16_00016_00377,1.0,2021.06.23.17.31.36_veh-16_00016_00377,1.0,0.0
fab83ce7307f5eb1,2021.07.09.15.53.28_veh-38_00184_02293,1.0,2021.07.09.15.53.28_veh-38_00184_02293,1.0,0.0
fac63ed354f95c7b,2021.10.05.07.49.39_veh-52_00770_00905,0.9005621704689193,2021.10.05.07.49.39_veh-52_00770_00905,0.9132135051195938,0.012651334650674473
faf084d60e455e01,2021.07.09.20.26.06_veh-35_02793_03289,0.0,2021.07.09.20.26.06_veh-35_02793_03289,1.0,1.0
fb2723881f29596c,2021.06.09.12.51.31_veh-35_01729_02626,0.9658837562800867,2021.06.09.12.51.31_veh-35_01729_02626,0.875,-0.09088375628008671
fb2dd85945315007,2021.10.11.02.57.41_veh-50_02155_02265,0.8748125633007747,2021.10.11.02.57.41_veh-50_02155_02265,0.8825814251870219,0.007768861886247147
fb50a35ed72b5a18,2021.10.11.02.57.41_veh-50_02155_02265,0.9096951737493365,2021.10.11.02.57.41_veh-50_02155_02265,0.9256068753402081,0.01591170159087163
fb62245532a251c2,2021.07.09.20.26.06_veh-35_02793_03289,0.9380944900176387,2021.07.09.20.26.06_veh-35_02793_03289,1.0,0.06190550998236133
fba22c6ccd535dd0,2021.07.09.20.26.06_veh-35_02793_03289,1.0,2021.07.09.20.26.06_veh-35_02793_03289,1.0,0.0
fba4ada6e76d51d5,2021.06.09.12.06.35_veh-35_01164_01494,0.8841482392517319,2021.06.09.12.06.35_veh-35_01164_01494,0.9468749012076534,0.06272666195592147
fbaf220f056b5918,2021.07.09.15.53.28_veh-38_00184_02293,0.9750407151449179,2021.07.09.15.53.28_veh-38_00184_02293,0.9890484096147394,0.01400769446982153
fbb2aa2813125b32,2021.10.11.02.57.41_veh-50_02155_02265,0.9285703753196504,2021.10.11.02.57.41_veh-50_02155_02265,0.9444355045952457,0.015865129275595358
fbd62cf89a7d5308,2021.07.09.20.26.06_veh-35_02793_03289,0.7811097826780626,2021.07.09.20.26.06_veh-35_02793_03289,0.9548483980611895,0.17373861538312685
fbde637d36f557c2,2021.10.11.02.57.41_veh-50_02155_02265,0.8921135270909093,2021.10.11.02.57.41_veh-50_02155_02265,0.9078362762427017,0.015722749151792392
fbf80b893a45596c,2021.06.09.12.51.31_veh-35_01729_02626,1.0,2021.06.09.12.51.31_veh-35_01729_02626,1.0,0.0
fc4b553b82f3573e,2021.07.09.15.53.28_veh-38_00184_02293,0.9928835036719632,2021.07.09.15.53.28_veh-38_00184_02293,1.0,0.007116496328036792
fd266017475c571a,2021.07.09.20.26.06_veh-35_02793_03289,0.9538797206960596,2021.07.09.20.26.06_veh-35_02793_03289,0.9695429466214981,0.01566322592543845
fd650b8a78ab5706,2021.06.09.20.26.11_veh-35_00970_01216,0.9584191776355343,2021.06.09.20.26.11_veh-35_00970_01216,0.9701482732266264,0.011729095591092142
fd6714343cac5c89,2021.07.09.15.53.28_veh-38_00184_02293,1.0,2021.07.09.15.53.28_veh-38_00184_02293,1.0,0.0
fd88394324a05329,2021.07.09.20.26.06_veh-35_02793_03289,1.0,2021.07.09.20.26.06_veh-35_02793_03289,1.0,0.0
fdab862a77fb5c90,2021.07.09.15.53.28_veh-38_00184_02293,0.8067284167509399,2021.07.09.15.53.28_veh-38_00184_02293,0.816674179846436,0.009945763095496107
fdc30f8fc86655b0,2021.06.09.12.06.35_veh-35_01164_01494,0.9315696664871284,2021.06.09.12.06.35_veh-35_01164_01494,0.960787431829042,0.02921776534191367
fdfec9ef7201528e,2021.10.11.02.57.41_veh-50_02155_02265,0.8618909952515799,2021.10.11.02.57.41_veh-50_02155_02265,0.8711688571893546,0.00927786193777469
fe07ab55cffb5cb9,2021.07.09.20.26.06_veh-35_02793_03289,0.9365849467716892,2021.07.09.20.26.06_veh-35_02793_03289,0.9671548641291439,0.030569917357454623
fe1838e14f915f8f,2021.10.05.07.49.39_veh-52_00770_00905,0.9215615662203401,2021.10.05.07.49.39_veh-52_00770_00905,0.9382480297163089,0.016686463495968806
fe288a64350d556b,2021.06.09.20.26.11_veh-35_00970_01216,0.9144876437353081,2021.06.09.20.26.11_veh-35_00970_01216,0.9462187115833898,0.03173106784808166
fe2ac8c198fa5790,2021.07.09.15.53.28_veh-38_00184_02293,1.0,2021.07.09.15.53.28_veh-38_00184_02293,1.0,0.0
fe3ae84c2c3b5232,2021.06.23.17.31.36_veh-16_00016_00377,0.875,2021.06.23.17.31.36_veh-16_00016_00377,0.875,0.0
fe61c9b75ca85f61,2021.07.09.20.26.06_veh-35_02793_03289,0.9914848258697782,2021.07.09.20.26.06_veh-35_02793_03289,1.0,0.008515174130221848
fe821d61eef757d7,2021.07.09.15.53.28_veh-38_00184_02293,1.0,2021.07.09.15.53.28_veh-38_00184_02293,1.0,0.0
feafc7509f0f51cf,2021.07.09.15.53.28_veh-38_00184_02293,1.0,2021.07.09.15.53.28_veh-38_00184_02293,1.0,0.0
fee8806b92c9501e,2021.07.09.15.53.28_veh-38_00184_02293,1.0,2021.07.09.15.53.28_veh-38_00184_02293,1.0,0.0
ff31fde84ea55ab8,2021.10.11.02.57.41_veh-50_02155_02265,0.9221933216810039,2021.10.11.02.57.41_veh-50_02155_02265,0.9362754255560959,0.014082103875092011
ff409a68b88e5ac0,2021.10.05.08.11.15_veh-50_00437_00585,0.8781284657766999,2021.10.05.08.11.15_veh-50_00437_00585,0.8934043823705211,0.015275916593821215
ff5e73d54265581f,2021.06.09.17.23.18_veh-38_01598_01750,0.9424849875846179,2021.06.09.17.23.18_veh-38_01598_01750,0.9575162330457305,0.015031245461112674
ffd3019de9f75d89,2021.06.09.12.06.35_veh-35_01164_01494,0.9041145526905516,2021.06.09.12.06.35_veh-35_01164_01494,0.9578101462667444,0.0536955935761928
