/root/miniconda3/envs/ddp/lib/python3.10/site-packages/torch/cuda/__init__.py:61: FutureWarning: The pynvml package is deprecated. Please install nvidia-ml-py instead. If you did not install pynvml directly, please report this to the maintainers of the package that installed pynvml for you.
  import pynvml  # type: ignore[import]
/root/miniconda3/envs/ddp/lib/python3.10/site-packages/torch/cuda/__init__.py:61: FutureWarning: The pynvml package is deprecated. Please install nvidia-ml-py instead. If you did not install pynvml directly, please report this to the maintainers of the package that installed pynvml for you.
  import pynvml  # type: ignore[import]
/root/miniconda3/envs/ddp/lib/python3.10/site-packages/torch/cuda/__init__.py:61: FutureWarning: The pynvml package is deprecated. Please install nvidia-ml-py instead. If you did not install pynvml directly, please report this to the maintainers of the package that installed pynvml for you.
  import pynvml  # type: ignore[import]
/root/miniconda3/envs/ddp/lib/python3.10/site-packages/torch/cuda/__init__.py:61: FutureWarning: The pynvml package is deprecated. Please install nvidia-ml-py instead. If you did not install pynvml directly, please report this to the maintainers of the package that installed pynvml for you.
  import pynvml  # type: ignore[import]
/root/miniconda3/envs/ddp/lib/python3.10/site-packages/torch/cuda/__init__.py:61: FutureWarning: The pynvml package is deprecated. Please install nvidia-ml-py instead. If you did not install pynvml directly, please report this to the maintainers of the package that installed pynvml for you.
  import pynvml  # type: ignore[import]
loading 10000 data.
loading 10000 data.
loading 10000 data.
loading 10000 data.
/mnt/project/DriveDreamer-Policy-paired/starVLA/model/modules/video_model/videox_fun/dist/wan_xfuser.py:22: FutureWarning: `torch.cuda.amp.autocast(args...)` is deprecated. Please use `torch.amp.autocast('cuda', args...)` instead.
  @amp.autocast(enabled=False)
/mnt/project/DriveDreamer-Policy-paired/starVLA/model/modules/video_model/videox_fun/dist/wan_xfuser.py:113: FutureWarning: `torch.cuda.amp.autocast(args...)` is deprecated. Please use `torch.amp.autocast('cuda', args...)` instead.
  @amp.autocast(enabled=False)
/mnt/project/DriveDreamer-Policy-paired/starVLA/model/modules/video_model/videox_fun/models/wan_transformer3d.py:44: FutureWarning: `torch.cuda.amp.autocast(args...)` is deprecated. Please use `torch.amp.autocast('cuda', args...)` instead.
  @amp.autocast(enabled=False)
/mnt/project/DriveDreamer-Policy-paired/starVLA/model/modules/video_model/videox_fun/models/wan_transformer3d.py:56: FutureWarning: `torch.cuda.amp.autocast(args...)` is deprecated. Please use `torch.amp.autocast('cuda', args...)` instead.
  @amp.autocast(enabled=False)
/mnt/project/DriveDreamer-Policy-paired/starVLA/model/modules/video_model/videox_fun/models/wan_transformer3d.py:135: FutureWarning: `torch.cuda.amp.autocast(args...)` is deprecated. Please use `torch.amp.autocast('cuda', args...)` instead.
  @amp.autocast(enabled=False)
/mnt/project/DriveDreamer-Policy-paired/starVLA/model/modules/video_model/videox_fun/models/wan_audio_injector.py:103: FutureWarning: `torch.cuda.amp.autocast(args...)` is deprecated. Please use `torch.amp.autocast('cuda', args...)` instead.
  @amp.autocast(enabled=False)
/mnt/project/DriveDreamer-Policy-paired/starVLA/model/modules/video_model/videox_fun/models/wan_audio_injector.py:114: FutureWarning: `torch.cuda.amp.autocast(args...)` is deprecated. Please use `torch.amp.autocast('cuda', args...)` instead.
  @amp.autocast(enabled=False)
/mnt/project/DriveDreamer-Policy-paired/starVLA/model/modules/video_model/videox_fun/models/wan_transformer3d_s2v.py:55: FutureWarning: `torch.cuda.amp.autocast(args...)` is deprecated. Please use `torch.amp.autocast('cuda', args...)` instead.
  @amp.autocast(enabled=False)
/mnt/project/DriveDreamer-Policy-paired/starVLA/model/modules/video_model/videox_fun/dist/wan_xfuser.py:22: FutureWarning: `torch.cuda.amp.autocast(args...)` is deprecated. Please use `torch.amp.autocast('cuda', args...)` instead.
  @amp.autocast(enabled=False)
/mnt/project/DriveDreamer-Policy-paired/starVLA/model/modules/video_model/videox_fun/dist/wan_xfuser.py:113: FutureWarning: `torch.cuda.amp.autocast(args...)` is deprecated. Please use `torch.amp.autocast('cuda', args...)` instead.
  @amp.autocast(enabled=False)
/mnt/project/DriveDreamer-Policy-paired/starVLA/model/modules/video_model/videox_fun/dist/wan_xfuser.py:22: FutureWarning: `torch.cuda.amp.autocast(args...)` is deprecated. Please use `torch.amp.autocast('cuda', args...)` instead.
  @amp.autocast(enabled=False)
/mnt/project/DriveDreamer-Policy-paired/starVLA/model/modules/video_model/videox_fun/dist/wan_xfuser.py:113: FutureWarning: `torch.cuda.amp.autocast(args...)` is deprecated. Please use `torch.amp.autocast('cuda', args...)` instead.
  @amp.autocast(enabled=False)
09/17 [16:26:57] WARNING  | >> xFormers not available            attention.py:25
                 WARNING  | >> xFormers not available                block.py:32
/mnt/project/DriveDreamer-Policy-paired/starVLA/model/modules/video_model/videox_fun/models/wan_transformer3d.py:44: FutureWarning: `torch.cuda.amp.autocast(args...)` is deprecated. Please use `torch.amp.autocast('cuda', args...)` instead.
  @amp.autocast(enabled=False)
/mnt/project/DriveDreamer-Policy-paired/starVLA/model/modules/video_model/videox_fun/models/wan_transformer3d.py:56: FutureWarning: `torch.cuda.amp.autocast(args...)` is deprecated. Please use `torch.amp.autocast('cuda', args...)` instead.
  @amp.autocast(enabled=False)
/mnt/project/DriveDreamer-Policy-paired/starVLA/model/modules/video_model/videox_fun/models/wan_transformer3d.py:135: FutureWarning: `torch.cuda.amp.autocast(args...)` is deprecated. Please use `torch.amp.autocast('cuda', args...)` instead.
  @amp.autocast(enabled=False)
/mnt/project/DriveDreamer-Policy-paired/starVLA/model/modules/video_model/videox_fun/models/wan_audio_injector.py:103: FutureWarning: `torch.cuda.amp.autocast(args...)` is deprecated. Please use `torch.amp.autocast('cuda', args...)` instead.
  @amp.autocast(enabled=False)
/mnt/project/DriveDreamer-Policy-paired/starVLA/model/modules/video_model/videox_fun/models/wan_audio_injector.py:114: FutureWarning: `torch.cuda.amp.autocast(args...)` is deprecated. Please use `torch.amp.autocast('cuda', args...)` instead.
  @amp.autocast(enabled=False)
/mnt/project/DriveDreamer-Policy-paired/starVLA/model/modules/video_model/videox_fun/models/wan_transformer3d_s2v.py:55: FutureWarning: `torch.cuda.amp.autocast(args...)` is deprecated. Please use `torch.amp.autocast('cuda', args...)` instead.
  @amp.autocast(enabled=False)
/mnt/project/DriveDreamer-Policy-paired/starVLA/model/modules/video_model/videox_fun/models/wan_transformer3d.py:44: FutureWarning: `torch.cuda.amp.autocast(args...)` is deprecated. Please use `torch.amp.autocast('cuda', args...)` instead.
  @amp.autocast(enabled=False)
/mnt/project/DriveDreamer-Policy-paired/starVLA/model/modules/video_model/videox_fun/models/wan_transformer3d.py:56: FutureWarning: `torch.cuda.amp.autocast(args...)` is deprecated. Please use `torch.amp.autocast('cuda', args...)` instead.
  @amp.autocast(enabled=False)
/mnt/project/DriveDreamer-Policy-paired/starVLA/model/modules/video_model/videox_fun/models/wan_transformer3d.py:135: FutureWarning: `torch.cuda.amp.autocast(args...)` is deprecated. Please use `torch.amp.autocast('cuda', args...)` instead.
  @amp.autocast(enabled=False)
/mnt/project/DriveDreamer-Policy-paired/starVLA/model/modules/video_model/videox_fun/models/wan_audio_injector.py:103: FutureWarning: `torch.cuda.amp.autocast(args...)` is deprecated. Please use `torch.amp.autocast('cuda', args...)` instead.
  @amp.autocast(enabled=False)
/mnt/project/DriveDreamer-Policy-paired/starVLA/model/modules/video_model/videox_fun/models/wan_audio_injector.py:114: FutureWarning: `torch.cuda.amp.autocast(args...)` is deprecated. Please use `torch.amp.autocast('cuda', args...)` instead.
  @amp.autocast(enabled=False)
/mnt/project/DriveDreamer-Policy-paired/starVLA/model/modules/video_model/videox_fun/models/wan_transformer3d_s2v.py:55: FutureWarning: `torch.cuda.amp.autocast(args...)` is deprecated. Please use `torch.amp.autocast('cuda', args...)` instead.
  @amp.autocast(enabled=False)
Warning: Failed to auto-import framework submodules: No module named 'starVLA.model.modules.gs_model'
09/17 [16:26:57] WARNING  | >> xFormers not available            attention.py:25
                 WARNING  | >> xFormers not available                block.py:32
09/17 [16:26:57] WARNING  | >> xFormers not available            attention.py:25
                 WARNING  | >> xFormers not available                block.py:32
Warning: Failed to auto-import framework submodules: No module named 'starVLA.model.modules.gs_model'
Warning: Failed to auto-import framework submodules: No module named 'starVLA.model.modules.gs_model'
/mnt/project/DriveDreamer-Policy-paired/starVLA/model/modules/video_model/videox_fun/dist/wan_xfuser.py:22: FutureWarning: `torch.cuda.amp.autocast(args...)` is deprecated. Please use `torch.amp.autocast('cuda', args...)` instead.
  @amp.autocast(enabled=False)
/mnt/project/DriveDreamer-Policy-paired/starVLA/model/modules/video_model/videox_fun/dist/wan_xfuser.py:113: FutureWarning: `torch.cuda.amp.autocast(args...)` is deprecated. Please use `torch.amp.autocast('cuda', args...)` instead.
  @amp.autocast(enabled=False)
/mnt/project/DriveDreamer-Policy-paired/starVLA/model/modules/video_model/videox_fun/models/wan_transformer3d.py:44: FutureWarning: `torch.cuda.amp.autocast(args...)` is deprecated. Please use `torch.amp.autocast('cuda', args...)` instead.
  @amp.autocast(enabled=False)
/mnt/project/DriveDreamer-Policy-paired/starVLA/model/modules/video_model/videox_fun/models/wan_transformer3d.py:56: FutureWarning: `torch.cuda.amp.autocast(args...)` is deprecated. Please use `torch.amp.autocast('cuda', args...)` instead.
  @amp.autocast(enabled=False)
/mnt/project/DriveDreamer-Policy-paired/starVLA/model/modules/video_model/videox_fun/models/wan_transformer3d.py:135: FutureWarning: `torch.cuda.amp.autocast(args...)` is deprecated. Please use `torch.amp.autocast('cuda', args...)` instead.
  @amp.autocast(enabled=False)
/mnt/project/DriveDreamer-Policy-paired/starVLA/model/modules/video_model/videox_fun/models/wan_audio_injector.py:103: FutureWarning: `torch.cuda.amp.autocast(args...)` is deprecated. Please use `torch.amp.autocast('cuda', args...)` instead.
  @amp.autocast(enabled=False)
/mnt/project/DriveDreamer-Policy-paired/starVLA/model/modules/video_model/videox_fun/models/wan_audio_injector.py:114: FutureWarning: `torch.cuda.amp.autocast(args...)` is deprecated. Please use `torch.amp.autocast('cuda', args...)` instead.
  @amp.autocast(enabled=False)
/mnt/project/DriveDreamer-Policy-paired/starVLA/model/modules/video_model/videox_fun/models/wan_transformer3d_s2v.py:55: FutureWarning: `torch.cuda.amp.autocast(args...)` is deprecated. Please use `torch.amp.autocast('cuda', args...)` instead.
  @amp.autocast(enabled=False)
09/17 [16:26:57] WARNING  | >> xFormers not available            attention.py:25
                 WARNING  | >> xFormers not available                block.py:32
Warning: Failed to auto-import framework submodules: No module named 'starVLA.model.modules.gs_model'
🚨 `return_pre_norm_hidden_state` is part of Qwen3VLTextModel.forward's signature, but not documented. Make sure to add it to the docstring of the function in /mnt/project/DriveDreamer-Policy-paired/starVLA/model/modules/vlm/qwen3_vl/modeling_qwen3_vl.py.
🚨 `return_pre_norm_hidden_state` is part of Qwen3VLTextModel.forward's signature, but not documented. Make sure to add it to the docstring of the function in /mnt/project/DriveDreamer-Policy-paired/starVLA/model/modules/vlm/qwen3_vl/modeling_qwen3_vl.py.
🚨 `return_pre_norm_hidden_state` is part of Qwen3VLTextModel.forward's signature, but not documented. Make sure to add it to the docstring of the function in /mnt/project/DriveDreamer-Policy-paired/starVLA/model/modules/vlm/qwen3_vl/modeling_qwen3_vl.py.
🚨 `return_pre_norm_hidden_state` is part of Qwen3VLTextModel.forward's signature, but not documented. Make sure to add it to the docstring of the function in /mnt/project/DriveDreamer-Policy-paired/starVLA/model/modules/vlm/qwen3_vl/modeling_qwen3_vl.py.
loaded name_or_path: /mnt/project/DriveDreamer-Policy/models/Qwen3-VL-2B-WorldAction
vocab/emb size: 152130 151863
image_token_id: 151655
loaded name_or_path: /mnt/project/DriveDreamer-Policy/models/Qwen3-VL-2B-WorldAction
loaded name_or_path: /mnt/project/DriveDreamer-Policy/models/Qwen3-VL-2B-WorldAction
vocab/emb size: 152130 151863
image_token_id: 151655
vocab/emb size: 152130 151863
image_token_id: 151655
loaded name_or_path: /mnt/project/DriveDreamer-Policy/models/Qwen3-VL-2B-WorldAction
vocab/emb size: 152130 151863
image_token_id: 151655
Total number of DiT parameters:  802967040
Total number of DiT parameters:  802967040
Total number of DiT parameters:  802967040
Total number of DiT parameters:  802967040
⚠️ learning-rate module path does not exist: rgb_model
⚠️ learning-rate module path does not exist: gs_model
⚠️ learning-rate module path does not exist: reward_model
⚠️ learning-rate module path does not exist: rgb_model
⚠️ learning-rate module path does not exist: gs_model
⚠️ learning-rate module path does not exist: reward_model
⚠️ learning-rate module path does not exist: rgb_model
⚠️ learning-rate module path does not exist: gs_model
⚠️ learning-rate module path does not exist: reward_model
⚠️ learning-rate module path does not exist: rgb_model
⚠️ learning-rate module path does not exist: gs_model
⚠️ learning-rate module path does not exist: reward_model
⚠️ learning-rate module path does not exist: rgb_model
⚠️ learning-rate module path does not exist: gs_model
⚠️ learning-rate module path does not exist: reward_model
⚠️ learning-rate module path does not exist: rgb_model
⚠️ learning-rate module path does not exist: gs_model
⚠️ learning-rate module path does not exist: reward_model
⚠️ learning-rate module path does not exist: rgb_model
⚠️ learning-rate module path does not exist: gs_model
⚠️ learning-rate module path does not exist: reward_model
⚠️ learning-rate module path does not exist: rgb_model
⚠️ learning-rate module path does not exist: gs_model
⚠️ learning-rate module path does not exist: reward_model
[2026-09-17 16:27:26,278] [INFO] [real_accelerator.py:254:get_accelerator] Setting ds_accelerator to cuda (auto detect)
[2026-09-17 16:27:26,286] [INFO] [real_accelerator.py:254:get_accelerator] Setting ds_accelerator to cuda (auto detect)
df: /mnt/project/DriveDreamer-Policy-paired/runs/review2_u_resumed/triton: No such file or directory
09/17 [16:27:26] INFO     | >> gcc -pthread -B                       spawn.py:77
                          /root/miniconda3/envs/ddp/compiler_compat             
                          -Wno-unused-result -Wsign-compare -DNDEBUG            
                          -fwrapv -O2 -Wall -fPIC -O2 -isystem                  
                          /root/miniconda3/envs/ddp/include -fPIC               
                          -O2 -isystem                                          
                          /root/miniconda3/envs/ddp/include -fPIC -c            
                          /tmp/tmpaqstd_4q/test.c -o                            
                          /tmp/tmpaqstd_4q/test.o                               
09/17 [16:27:26] INFO     | >> gcc -pthread -B                       spawn.py:77
                          /root/miniconda3/envs/ddp/compiler_compat             
                          -Wno-unused-result -Wsign-compare -DNDEBUG            
                          -fwrapv -O2 -Wall -fPIC -O2 -isystem                  
                          /root/miniconda3/envs/ddp/include -fPIC               
                          -O2 -isystem                                          
                          /root/miniconda3/envs/ddp/include -fPIC -c            
                          /tmp/tmpfondfo0w/test.c -o                            
                          /tmp/tmpfondfo0w/test.o                               
[2026-09-17 16:27:26,373] [INFO] [real_accelerator.py:254:get_accelerator] Setting ds_accelerator to cuda (auto detect)
                 INFO     | >> gcc -pthread -B                       spawn.py:77
                          /root/miniconda3/envs/ddp/compiler_compat             
                          /tmp/tmpaqstd_4q/test.o -laio -o                      
                          /tmp/tmpaqstd_4q/a.out                                
                 INFO     | >> gcc -pthread -B                       spawn.py:77
                          /root/miniconda3/envs/ddp/compiler_compat             
                          /tmp/tmpfondfo0w/test.o -laio -o                      
                          /tmp/tmpfondfo0w/a.out                                
09/17 [16:27:26] INFO     | >> gcc -pthread -B                       spawn.py:77
                          /root/miniconda3/envs/ddp/compiler_compat             
                          -Wno-unused-result -Wsign-compare -DNDEBUG            
                          -fwrapv -O2 -Wall -fPIC -O2 -isystem                  
                          /root/miniconda3/envs/ddp/include -fPIC               
                          -O2 -isystem                                          
                          /root/miniconda3/envs/ddp/include -fPIC -c            
                          /tmp/tmp4qmg_rm7/test.c -o                            
                          /tmp/tmp4qmg_rm7/test.o                               
                 INFO     | >> gcc -pthread -B                       spawn.py:77
                          /root/miniconda3/envs/ddp/compiler_compat             
                          /tmp/tmp4qmg_rm7/test.o -laio -o                      
                          /tmp/tmp4qmg_rm7/a.out                                
[2026-09-17 16:27:26,567] [INFO] [real_accelerator.py:254:get_accelerator] Setting ds_accelerator to cuda (auto detect)
09/17 [16:27:26] INFO     | >> gcc -pthread -B                       spawn.py:77
                          /root/miniconda3/envs/ddp/compiler_compat             
                          -Wno-unused-result -Wsign-compare -DNDEBUG            
                          -fwrapv -O2 -Wall -fPIC -O2 -isystem                  
                          /root/miniconda3/envs/ddp/include -fPIC               
                          -O2 -isystem                                          
                          /root/miniconda3/envs/ddp/include -fPIC -c            
                          /tmp/tmpwha54jc4/test.c -o                            
                          /tmp/tmpwha54jc4/test.o                               
                 INFO     | >> gcc -pthread -B                       spawn.py:77
                          /root/miniconda3/envs/ddp/compiler_compat             
                          /tmp/tmpwha54jc4/test.o -laio -o                      
                          /tmp/tmpwha54jc4/a.out                                
09/17 [16:27:27] INFO     | >> gcc -pthread -B                       spawn.py:77
                          /root/miniconda3/envs/ddp/compiler_compat             
                          -Wno-unused-result -Wsign-compare -DNDEBUG            
                          -fwrapv -O2 -Wall -fPIC -O2 -isystem                  
                          /root/miniconda3/envs/ddp/include -fPIC               
                          -O2 -isystem                                          
                          /root/miniconda3/envs/ddp/include -fPIC -c            
                          /tmp/tmpx71p1t5v/test.c -o                            
                          /tmp/tmpx71p1t5v/test.o                               
09/17 [16:27:27] INFO     | >> gcc -pthread -B                       spawn.py:77
                          /root/miniconda3/envs/ddp/compiler_compat             
                          -Wno-unused-result -Wsign-compare -DNDEBUG            
                          -fwrapv -O2 -Wall -fPIC -O2 -isystem                  
                          /root/miniconda3/envs/ddp/include -fPIC               
                          -O2 -isystem                                          
                          /root/miniconda3/envs/ddp/include -fPIC -c            
                          /tmp/tmplnstmtrg/test.c -o                            
                          /tmp/tmplnstmtrg/test.o                               
                 INFO     | >> gcc -pthread -B                       spawn.py:77
                          /root/miniconda3/envs/ddp/compiler_compat             
                          /tmp/tmpx71p1t5v/test.o -L/usr/local/cuda             
                          -L/usr/local/cuda/lib64 -lcufile -o                   
                          /tmp/tmpx71p1t5v/a.out                                
                 INFO     | >> gcc -pthread -B                       spawn.py:77
                          /root/miniconda3/envs/ddp/compiler_compat             
                          /tmp/tmplnstmtrg/test.o -L/usr/local/cuda             
                          -L/usr/local/cuda/lib64 -lcufile -o                   
                          /tmp/tmplnstmtrg/a.out                                
                 INFO     | >> gcc -pthread -B                       spawn.py:77
                          /root/miniconda3/envs/ddp/compiler_compat             
                          -Wno-unused-result -Wsign-compare -DNDEBUG            
                          -fwrapv -O2 -Wall -fPIC -O2 -isystem                  
                          /root/miniconda3/envs/ddp/include -fPIC               
                          -O2 -isystem                                          
                          /root/miniconda3/envs/ddp/include -fPIC -c            
                          /tmp/tmprne44oe4/test.c -o                            
                          /tmp/tmprne44oe4/test.o                               
                 INFO     | >> gcc -pthread -B                       spawn.py:77
                          /root/miniconda3/envs/ddp/compiler_compat             
                          -Wno-unused-result -Wsign-compare -DNDEBUG            
                          -fwrapv -O2 -Wall -fPIC -O2 -isystem                  
                          /root/miniconda3/envs/ddp/include -fPIC               
                          -O2 -isystem                                          
                          /root/miniconda3/envs/ddp/include -fPIC -c            
                          /tmp/tmpcdkhyuk6/test.c -o                            
                          /tmp/tmpcdkhyuk6/test.o                               
09/17 [16:27:27] INFO     | >> gcc -pthread -B                       spawn.py:77
                          /root/miniconda3/envs/ddp/compiler_compat             
                          -Wno-unused-result -Wsign-compare -DNDEBUG            
                          -fwrapv -O2 -Wall -fPIC -O2 -isystem                  
                          /root/miniconda3/envs/ddp/include -fPIC               
                          -O2 -isystem                                          
                          /root/miniconda3/envs/ddp/include -fPIC -c            
                          /tmp/tmpm46t9laf/test.c -o                            
                          /tmp/tmpm46t9laf/test.o                               
                 INFO     | >> gcc -pthread -B                       spawn.py:77
                          /root/miniconda3/envs/ddp/compiler_compat             
                          /tmp/tmprne44oe4/test.o -laio -o                      
                          /tmp/tmprne44oe4/a.out                                
                 INFO     | >> gcc -pthread -B                       spawn.py:77
                          /root/miniconda3/envs/ddp/compiler_compat             
                          /tmp/tmpcdkhyuk6/test.o -laio -o                      
                          /tmp/tmpcdkhyuk6/a.out                                
                 INFO     | >> gcc -pthread -B                       spawn.py:77
                          /root/miniconda3/envs/ddp/compiler_compat             
                          /tmp/tmpm46t9laf/test.o -L/usr/local/cuda             
                          -L/usr/local/cuda/lib64 -lcufile -o                   
                          /tmp/tmpm46t9laf/a.out                                
09/17 [16:27:27] INFO     | >> gcc -pthread -B                       spawn.py:77
                          /root/miniconda3/envs/ddp/compiler_compat             
                          -Wno-unused-result -Wsign-compare -DNDEBUG            
                          -fwrapv -O2 -Wall -fPIC -O2 -isystem                  
                          /root/miniconda3/envs/ddp/include -fPIC               
                          -O2 -isystem                                          
                          /root/miniconda3/envs/ddp/include -fPIC -c            
                          /tmp/tmpxefivzg5/test.c -o                            
                          /tmp/tmpxefivzg5/test.o                               
                 INFO     | >> gcc -pthread -B                       spawn.py:77
                          /root/miniconda3/envs/ddp/compiler_compat             
                          -Wno-unused-result -Wsign-compare -DNDEBUG            
                          -fwrapv -O2 -Wall -fPIC -O2 -isystem                  
                          /root/miniconda3/envs/ddp/include -fPIC               
                          -O2 -isystem                                          
                          /root/miniconda3/envs/ddp/include -fPIC -c            
                          /tmp/tmpr4kvhgjp/test.c -o                            
                          /tmp/tmpr4kvhgjp/test.o                               
                 INFO     | >> gcc -pthread -B                       spawn.py:77
                          /root/miniconda3/envs/ddp/compiler_compat             
                          /tmp/tmpxefivzg5/test.o -L/usr/local/cuda             
                          -L/usr/local/cuda/lib64 -lcufile -o                   
                          /tmp/tmpxefivzg5/a.out                                
                 INFO     | >> gcc -pthread -B                       spawn.py:77
                          /root/miniconda3/envs/ddp/compiler_compat             
                          /tmp/tmpr4kvhgjp/test.o -laio -o                      
                          /tmp/tmpr4kvhgjp/a.out                                
                 INFO     | >> gcc -pthread -B                       spawn.py:77
                          /root/miniconda3/envs/ddp/compiler_compat             
                          -Wno-unused-result -Wsign-compare -DNDEBUG            
                          -fwrapv -O2 -Wall -fPIC -O2 -isystem                  
                          /root/miniconda3/envs/ddp/include -fPIC               
                          -O2 -isystem                                          
                          /root/miniconda3/envs/ddp/include -fPIC -c            
                          /tmp/tmpqv4w8_5f/test.c -o                            
                          /tmp/tmpqv4w8_5f/test.o                               
                 INFO     | >> gcc -pthread -B                       spawn.py:77
                          /root/miniconda3/envs/ddp/compiler_compat             
                          /tmp/tmpqv4w8_5f/test.o -laio -o                      
                          /tmp/tmpqv4w8_5f/a.out                                
[2026-09-17 16:27:27,488] [INFO] [logging.py:107:log_dist] [Rank -1] DeepSpeed info: version=0.16.9, git-hash=unknown, git-branch=unknown
[2026-09-17 16:27:27,488] [INFO] [comm.py:669:init_distributed] cdb=None
[2026-09-17 16:27:27,488] [INFO] [config.py:735:__init__] Config mesh_device None world_size = 4
[2026-09-17 16:27:27,490] [INFO] [logging.py:107:log_dist] [Rank -1] DeepSpeed info: version=0.16.9, git-hash=unknown, git-branch=unknown
[2026-09-17 16:27:27,491] [INFO] [comm.py:669:init_distributed] cdb=None
[2026-09-17 16:27:27,491] [INFO] [config.py:735:__init__] Config mesh_device None world_size = 4
[2026-09-17 16:27:27,565] [INFO] [logging.py:107:log_dist] [Rank -1] DeepSpeed info: version=0.16.9, git-hash=unknown, git-branch=unknown
[2026-09-17 16:27:27,565] [INFO] [comm.py:669:init_distributed] cdb=None
[2026-09-17 16:27:27,565] [INFO] [config.py:735:__init__] Config mesh_device None world_size = 4
[2026-09-17 16:27:27,762] [INFO] [logging.py:107:log_dist] [Rank -1] DeepSpeed info: version=0.16.9, git-hash=unknown, git-branch=unknown
[2026-09-17 16:27:27,763] [INFO] [comm.py:669:init_distributed] cdb=None
[2026-09-17 16:27:27,763] [INFO] [config.py:735:__init__] Config mesh_device None world_size = 4
/root/miniconda3/envs/ddp/lib/python3.10/site-packages/torch/cuda/__init__.py:61: FutureWarning: The pynvml package is deprecated. Please install nvidia-ml-py instead. If you did not install pynvml directly, please report this to the maintainers of the package that installed pynvml for you.
  import pynvml  # type: ignore[import]
/root/miniconda3/envs/ddp/lib/python3.10/site-packages/torch/cuda/__init__.py:61: FutureWarning: The pynvml package is deprecated. Please install nvidia-ml-py instead. If you did not install pynvml directly, please report this to the maintainers of the package that installed pynvml for you.
  import pynvml  # type: ignore[import]
/root/miniconda3/envs/ddp/lib/python3.10/site-packages/torch/cuda/__init__.py:61: FutureWarning: The pynvml package is deprecated. Please install nvidia-ml-py instead. If you did not install pynvml directly, please report this to the maintainers of the package that installed pynvml for you.
  import pynvml  # type: ignore[import]
/root/miniconda3/envs/ddp/lib/python3.10/site-packages/torch/cuda/__init__.py:61: FutureWarning: The pynvml package is deprecated. Please install nvidia-ml-py instead. If you did not install pynvml directly, please report this to the maintainers of the package that installed pynvml for you.
  import pynvml  # type: ignore[import]
[2026-09-17 16:27:28,453] [INFO] [logging.py:107:log_dist] [Rank 0] DeepSpeed Flops Profiler Enabled: False
[2026-09-17 16:27:28,455] [INFO] [logging.py:107:log_dist] [Rank 0] Using client Optimizer as basic optimizer
[2026-09-17 16:27:28,455] [INFO] [logging.py:107:log_dist] [Rank 0] Removing param_group that has no 'params' in the basic Optimizer
[2026-09-17 16:27:28,501] [INFO] [logging.py:107:log_dist] [Rank 0] DeepSpeed Basic Optimizer = AdamW
[2026-09-17 16:27:28,501] [INFO] [utils.py:59:is_zero_supported_optimizer] Checking ZeRO support for optimizer=AdamW type=<class 'torch.optim.adamw.AdamW'>
[2026-09-17 16:27:28,501] [INFO] [logging.py:107:log_dist] [Rank 0] Creating torch.bfloat16 ZeRO stage 2 optimizer
[2026-09-17 16:27:28,501] [INFO] [stage_1_and_2.py:150:__init__] Reduce bucket size 50000000
[2026-09-17 16:27:28,501] [INFO] [stage_1_and_2.py:151:__init__] Allgather bucket size 50000000
[2026-09-17 16:27:28,501] [INFO] [stage_1_and_2.py:152:__init__] CPU Offload: False
[2026-09-17 16:27:28,501] [INFO] [stage_1_and_2.py:153:__init__] Round robin gradient partitioning: False
[2026-09-17 16:27:32,125] [INFO] [utils.py:781:see_memory_usage] Before initializing optimizer states
[2026-09-17 16:27:32,125] [INFO] [utils.py:782:see_memory_usage] MA 7.59 GB         Max_MA 7.59 GB         CA 8.04 GB         Max_CA 8 GB 
[2026-09-17 16:27:32,126] [INFO] [utils.py:789:see_memory_usage] CPU Virtual Memory:  used = 222.37 GB, percent = 22.1%
[2026-09-17 16:27:32,385] [INFO] [utils.py:781:see_memory_usage] After initializing optimizer states
[2026-09-17 16:27:32,386] [INFO] [utils.py:782:see_memory_usage] MA 7.59 GB         Max_MA 9.67 GB         CA 10.12 GB         Max_CA 10 GB 
[2026-09-17 16:27:32,386] [INFO] [utils.py:789:see_memory_usage] CPU Virtual Memory:  used = 220.43 GB, percent = 21.9%
[2026-09-17 16:27:32,386] [INFO] [stage_1_and_2.py:557:__init__] optimizer state initialized
[2026-09-17 16:27:32,643] [INFO] [utils.py:781:see_memory_usage] After initializing ZeRO optimizer
[2026-09-17 16:27:32,643] [INFO] [utils.py:782:see_memory_usage] MA 7.59 GB         Max_MA 7.59 GB         CA 10.12 GB         Max_CA 10 GB 
[2026-09-17 16:27:32,643] [INFO] [utils.py:789:see_memory_usage] CPU Virtual Memory:  used = 219.47 GB, percent = 21.8%
[2026-09-17 16:27:32,648] [INFO] [logging.py:107:log_dist] [Rank 0] DeepSpeed Final Optimizer = DeepSpeedZeroOptimizer
[2026-09-17 16:27:32,648] [INFO] [logging.py:107:log_dist] [Rank 0] DeepSpeed using configured LR scheduler = None
[2026-09-17 16:27:32,649] [INFO] [logging.py:107:log_dist] [Rank 0] DeepSpeed LR Scheduler = None
[2026-09-17 16:27:32,649] [INFO] [logging.py:107:log_dist] [Rank 0] step=0, skipped=0, lr=[1.0000000000000002e-06, 1.0000000000000002e-06, 1.0000000000000002e-06], mom=[(0.9, 0.95), (0.9, 0.95), (0.9, 0.95)]
[2026-09-17 16:27:32,651] [INFO] [config.py:1003:print] DeepSpeedEngine configuration:
[2026-09-17 16:27:32,652] [INFO] [config.py:1007:print]   activation_checkpointing_config  {
    "partition_activations": false, 
    "contiguous_memory_optimization": false, 
    "cpu_checkpointing": false, 
    "number_checkpoints": null, 
    "synchronize_checkpoint_boundary": false, 
    "profile": false
}
[2026-09-17 16:27:32,652] [INFO] [config.py:1007:print]   aio_config ................... {'block_size': 1048576, 'queue_depth': 8, 'intra_op_parallelism': 1, 'single_submit': False, 'overlap_events': True, 'use_gds': False}
[2026-09-17 16:27:32,652] [INFO] [config.py:1007:print]   amp_enabled .................. False
[2026-09-17 16:27:32,652] [INFO] [config.py:1007:print]   amp_params ................... False
[2026-09-17 16:27:32,652] [INFO] [config.py:1007:print]   autotuning_config ............ {
    "enabled": false, 
    "start_step": null, 
    "end_step": null, 
    "metric_path": null, 
    "arg_mappings": null, 
    "metric": "throughput", 
    "model_info": null, 
    "results_dir": "autotuning_results", 
    "exps_dir": "autotuning_exps", 
    "overwrite": true, 
    "fast": true, 
    "start_profile_step": 3, 
    "end_profile_step": 5, 
    "tuner_type": "gridsearch", 
    "tuner_early_stopping": 5, 
    "tuner_num_trials": 50, 
    "model_info_path": null, 
    "mp_size": 1, 
    "max_train_batch_size": null, 
    "min_train_batch_size": 1, 
    "max_train_micro_batch_size_per_gpu": 1.024000e+03, 
    "min_train_micro_batch_size_per_gpu": 1, 
    "num_tuning_micro_batch_sizes": 3
}
[2026-09-17 16:27:32,652] [INFO] [config.py:1007:print]   bfloat16_enabled ............. True
[2026-09-17 16:27:32,652] [INFO] [config.py:1007:print]   bfloat16_immediate_grad_update  True
[2026-09-17 16:27:32,652] [INFO] [config.py:1007:print]   checkpoint_parallel_write_pipeline  False
[2026-09-17 16:27:32,652] [INFO] [config.py:1007:print]   checkpoint_tag_validation_enabled  True
[2026-09-17 16:27:32,652] [INFO] [config.py:1007:print]   checkpoint_tag_validation_fail  False
[2026-09-17 16:27:32,652] [INFO] [config.py:1007:print]   comms_config ................. <deepspeed.comm.config.DeepSpeedCommsConfig object at 0x7f112af12d70>
[2026-09-17 16:27:32,652] [INFO] [config.py:1007:print]   communication_data_type ...... torch.float32
[2026-09-17 16:27:32,652] [INFO] [config.py:1007:print]   compile_config ............... deepcompile=False free_activation=False offload_activation=False offload_opt_states=False double_buffer=True symmetric_memory=False debug_log=False offload_parameters=False sync_before_reduce=False sync_after_reduce=False sync_before_allgather=False sync_after_allgather=False
[2026-09-17 16:27:32,652] [INFO] [config.py:1007:print]   compression_config ........... {'weight_quantization': {'shared_parameters': {'enabled': False, 'quantizer_kernel': False, 'schedule_offset': 0, 'quantize_groups': 1, 'quantize_verbose': False, 'quantization_type': 'symmetric', 'quantize_weight_in_forward': False, 'rounding': 'nearest', 'fp16_mixed_quantize': False, 'quantize_change_ratio': 0.001}, 'different_groups': {}}, 'activation_quantization': {'shared_parameters': {'enabled': False, 'quantization_type': 'symmetric', 'range_calibration': 'dynamic', 'schedule_offset': 1000}, 'different_groups': {}}, 'sparse_pruning': {'shared_parameters': {'enabled': False, 'method': 'l1', 'schedule_offset': 1000}, 'different_groups': {}}, 'row_pruning': {'shared_parameters': {'enabled': False, 'method': 'l1', 'schedule_offset': 1000}, 'different_groups': {}}, 'head_pruning': {'shared_parameters': {'enabled': False, 'method': 'topk', 'schedule_offset': 1000}, 'different_groups': {}}, 'channel_pruning': {'shared_parameters': {'enabled': False, 'method': 'l1', 'schedule_offset': 1000}, 'different_groups': {}}, 'layer_reduction': {'enabled': False}}
[2026-09-17 16:27:32,652] [INFO] [config.py:1007:print]   curriculum_enabled_legacy .... False
[2026-09-17 16:27:32,652] [INFO] [config.py:1007:print]   curriculum_params_legacy ..... False
[2026-09-17 16:27:32,653] [INFO] [config.py:1007:print]   data_efficiency_config ....... {'enabled': False, 'seed': 1234, 'data_sampling': {'enabled': False, 'num_epochs': 1000, 'num_workers': 0, 'pin_memory': False, 'curriculum_learning': {'enabled': False}, 'dynamic_batching': {'enabled': False, 'lr_scaling_method': 'linear', 'min_batch_size': 1, 'max_batch_size': None, 'sequence_picking_order': 'dataloader', 'verbose': False}}, 'data_routing': {'enabled': False, 'random_ltd': {'enabled': False, 'layer_token_lr_schedule': {'enabled': False}}}}
[2026-09-17 16:27:32,653] [INFO] [config.py:1007:print]   data_efficiency_enabled ...... False
[2026-09-17 16:27:32,653] [INFO] [config.py:1007:print]   dataloader_drop_last ......... False
[2026-09-17 16:27:32,653] [INFO] [config.py:1007:print]   disable_allgather ............ False
[2026-09-17 16:27:32,653] [INFO] [config.py:1007:print]   dump_state ................... False
[2026-09-17 16:27:32,653] [INFO] [config.py:1007:print]   dynamic_loss_scale_args ...... None
[2026-09-17 16:27:32,653] [INFO] [config.py:1007:print]   eigenvalue_enabled ........... False
[2026-09-17 16:27:32,653] [INFO] [config.py:1007:print]   eigenvalue_gas_boundary_resolution  1
[2026-09-17 16:27:32,653] [INFO] [config.py:1007:print]   eigenvalue_layer_name ........ bert.encoder.layer
[2026-09-17 16:27:32,653] [INFO] [config.py:1007:print]   eigenvalue_layer_num ......... 0
[2026-09-17 16:27:32,653] [INFO] [config.py:1007:print]   eigenvalue_max_iter .......... 100
[2026-09-17 16:27:32,653] [INFO] [config.py:1007:print]   eigenvalue_stability ......... 1e-06
[2026-09-17 16:27:32,653] [INFO] [config.py:1007:print]   eigenvalue_tol ............... 0.01
[2026-09-17 16:27:32,653] [INFO] [config.py:1007:print]   eigenvalue_verbose ........... False
[2026-09-17 16:27:32,653] [INFO] [config.py:1007:print]   elasticity_enabled ........... False
[2026-09-17 16:27:32,653] [INFO] [config.py:1007:print]   flops_profiler_config ........ {
    "enabled": false, 
    "recompute_fwd_factor": 0.0, 
    "profile_step": 1, 
    "module_depth": -1, 
    "top_modules": 1, 
    "detailed": true, 
    "output_file": null
}
[2026-09-17 16:27:32,653] [INFO] [config.py:1007:print]   fp16_auto_cast ............... None
[2026-09-17 16:27:32,653] [INFO] [config.py:1007:print]   fp16_enabled ................. False
[2026-09-17 16:27:32,653] [INFO] [config.py:1007:print]   fp16_master_weights_and_gradients  False
[2026-09-17 16:27:32,653] [INFO] [config.py:1007:print]   global_rank .................. 0
[2026-09-17 16:27:32,653] [INFO] [config.py:1007:print]   grad_accum_dtype ............. fp32
[2026-09-17 16:27:32,653] [INFO] [config.py:1007:print]   gradient_accumulation_steps .. 4
[2026-09-17 16:27:32,653] [INFO] [config.py:1007:print]   gradient_clipping ............ 1.0
[2026-09-17 16:27:32,653] [INFO] [config.py:1007:print]   gradient_predivide_factor .... 1.0
[2026-09-17 16:27:32,653] [INFO] [config.py:1007:print]   graph_harvesting ............. False
[2026-09-17 16:27:32,653] [INFO] [config.py:1007:print]   hybrid_engine ................ enabled=False max_out_tokens=512 inference_tp_size=1 release_inference_cache=False pin_parameters=True tp_gather_partition_size=8
[2026-09-17 16:27:32,653] [INFO] [config.py:1007:print]   initial_dynamic_scale ........ 1
[2026-09-17 16:27:32,653] [INFO] [config.py:1007:print]   load_universal_checkpoint .... False
[2026-09-17 16:27:32,653] [INFO] [config.py:1007:print]   loss_scale ................... 1.0
[2026-09-17 16:27:32,653] [INFO] [config.py:1007:print]   memory_breakdown ............. False
[2026-09-17 16:27:32,653] [INFO] [config.py:1007:print]   mics_hierarchial_params_gather  False
[2026-09-17 16:27:32,653] [INFO] [config.py:1007:print]   mics_shard_size .............. -1
[2026-09-17 16:27:32,653] [INFO] [config.py:1007:print]   monitor_config ............... tensorboard=TensorBoardConfig(enabled=False, output_path='', job_name='DeepSpeedJobName') comet=CometConfig(enabled=False, samples_log_interval=100, project=None, workspace=None, api_key=None, experiment_name=None, experiment_key=None, online=None, mode=None) wandb=WandbConfig(enabled=False, group=None, team=None, project='deepspeed') csv_monitor=CSVConfig(enabled=False, output_path='', job_name='DeepSpeedJobName')
[2026-09-17 16:27:32,653] [INFO] [config.py:1007:print]   nebula_config ................ {
    "enabled": false, 
    "persistent_storage_path": null, 
    "persistent_time_interval": 100, 
    "num_of_version_in_retention": 2, 
    "enable_nebula_load": true, 
    "load_path": null
}
[2026-09-17 16:27:32,653] [INFO] [config.py:1007:print]   optimizer_legacy_fusion ...... False
[2026-09-17 16:27:32,653] [INFO] [config.py:1007:print]   optimizer_name ............... None
[2026-09-17 16:27:32,653] [INFO] [config.py:1007:print]   optimizer_params ............. None
[2026-09-17 16:27:32,653] [INFO] [config.py:1007:print]   pipeline ..................... {'stages': 'auto', 'partition': 'best', 'seed_layers': False, 'activation_checkpoint_interval': 0, 'pipe_partitioned': True, 'grad_partitioned': True}
[2026-09-17 16:27:32,653] [INFO] [config.py:1007:print]   pld_enabled .................. False
[2026-09-17 16:27:32,653] [INFO] [config.py:1007:print]   pld_params ................... False
[2026-09-17 16:27:32,653] [INFO] [config.py:1007:print]   prescale_gradients ........... False
[2026-09-17 16:27:32,653] [INFO] [config.py:1007:print]   scheduler_name ............... None
[2026-09-17 16:27:32,654] [INFO] [config.py:1007:print]   scheduler_params ............. None
[2026-09-17 16:27:32,654] [INFO] [config.py:1007:print]   seq_parallel_communication_data_type  torch.float32
[2026-09-17 16:27:32,654] [INFO] [config.py:1007:print]   sparse_attention ............. None
[2026-09-17 16:27:32,654] [INFO] [config.py:1007:print]   sparse_gradients_enabled ..... False
[2026-09-17 16:27:32,654] [INFO] [config.py:1007:print]   steps_per_print .............. inf
[2026-09-17 16:27:32,654] [INFO] [config.py:1007:print]   tensor_parallel_config ....... dtype=torch.float16 autotp_size=0 tp_overlap_comm=False tensor_parallel=TPConfig(tp_size=1, tp_grain_size=1, mpu=None, tp_group=None) injection_policy_tuple=None keep_module_on_host=False replace_with_kernel_inject=False
[2026-09-17 16:27:32,654] [INFO] [config.py:1007:print]   timers_config ................ enabled=True synchronized=True
[2026-09-17 16:27:32,654] [INFO] [config.py:1007:print]   train_batch_size ............. 16
[2026-09-17 16:27:32,654] [INFO] [config.py:1007:print]   train_micro_batch_size_per_gpu  1
[2026-09-17 16:27:32,654] [INFO] [config.py:1007:print]   use_data_before_expert_parallel_  False
[2026-09-17 16:27:32,654] [INFO] [config.py:1007:print]   use_node_local_storage ....... False
[2026-09-17 16:27:32,654] [INFO] [config.py:1007:print]   wall_clock_breakdown ......... False
[2026-09-17 16:27:32,654] [INFO] [config.py:1007:print]   weight_quantization_config ... None
[2026-09-17 16:27:32,654] [INFO] [config.py:1007:print]   world_size ................... 4
[2026-09-17 16:27:32,654] [INFO] [config.py:1007:print]   zero_allow_untested_optimizer  True
[2026-09-17 16:27:32,654] [INFO] [config.py:1007:print]   zero_config .................. stage=2 contiguous_gradients=True reduce_scatter=True reduce_bucket_size=50000000 use_multi_rank_bucket_allreduce=True allgather_partitions=True allgather_bucket_size=50000000 overlap_comm=False load_from_fp32_weights=True elastic_checkpoint=False offload_param=None offload_optimizer=None sub_group_size=1000000000 cpu_offload_param=None cpu_offload_use_pin_memory=None cpu_offload=None prefetch_bucket_size=50000000 param_persistence_threshold=100000 model_persistence_threshold=9223372036854775807 max_live_parameters=1000000000 max_reuse_distance=1000000000 gather_16bit_weights_on_model_save=False module_granularity_threshold=0 use_all_reduce_for_fetch_params=False stage3_gather_fp16_weights_on_model_save=False ignore_unused_parameters=True legacy_stage1=False round_robin_gradients=False zero_hpz_partition_size=1 zero_quantized_weights=False zero_quantized_nontrainable_weights=False zero_quantized_gradients=False zeropp_loco_param=None mics_shard_size=-1 mics_hierarchical_params_gather=False memory_efficient_linear=True pipeline_loading_checkpoint=False override_module_apply=True log_trace_cache_warnings=False
[2026-09-17 16:27:32,654] [INFO] [config.py:1007:print]   zero_enabled ................. True
[2026-09-17 16:27:32,654] [INFO] [config.py:1007:print]   zero_force_ds_cpu_optimizer .. True
[2026-09-17 16:27:32,654] [INFO] [config.py:1007:print]   zero_optimization_stage ...... 2
[2026-09-17 16:27:32,654] [INFO] [config.py:993:print_user_config]   json = {
    "bf16": {
        "enabled": true
    }, 
    "fp16": {
        "enabled": false
    }, 
    "data_types": {
        "grad_accum_dtype": "fp32"
    }, 
    "communication_data_type": "fp32", 
    "train_micro_batch_size_per_gpu": 1, 
    "gradient_accumulation_steps": 4, 
    "train_batch_size": 16, 
    "zero_optimization": {
        "stage": 2, 
        "overlap_comm": false, 
        "contiguous_gradients": true, 
        "reduce_bucket_size": 5.000000e+07, 
        "allgather_bucket_size": 5.000000e+07
    }, 
    "gradient_clipping": 1.0, 
    "steps_per_print": inf, 
    "zero_allow_untested_optimizer": true
}
[2026-09-17 16:27:43,383] [INFO] [torch_checkpoint_engine.py:27:load] [Torch] Loading checkpoint from runs/review2_u_cont_fixed/checkpoints/update_000001/pytorch_model/mp_rank_00_model_states.pt...
[2026-09-17 16:27:43,383] [INFO] [torch_checkpoint_engine.py:27:load] [Torch] Loading checkpoint from runs/review2_u_cont_fixed/checkpoints/update_000001/pytorch_model/mp_rank_00_model_states.pt...
[2026-09-17 16:27:43,383] [INFO] [torch_checkpoint_engine.py:27:load] [Torch] Loading checkpoint from runs/review2_u_cont_fixed/checkpoints/update_000001/pytorch_model/mp_rank_00_model_states.pt...
[2026-09-17 16:27:43,383] [INFO] [torch_checkpoint_engine.py:27:load] [Torch] Loading checkpoint from runs/review2_u_cont_fixed/checkpoints/update_000001/pytorch_model/mp_rank_00_model_states.pt...
[2026-09-17 16:27:49,434] [INFO] [torch_checkpoint_engine.py:29:load] [Torch] Loaded checkpoint from runs/review2_u_cont_fixed/checkpoints/update_000001/pytorch_model/mp_rank_00_model_states.pt.
[2026-09-17 16:27:49,434] [INFO] [torch_checkpoint_engine.py:29:load] [Torch] Loaded checkpoint from runs/review2_u_cont_fixed/checkpoints/update_000001/pytorch_model/mp_rank_00_model_states.pt.
[2026-09-17 16:27:49,434] [INFO] [torch_checkpoint_engine.py:29:load] [Torch] Loaded checkpoint from runs/review2_u_cont_fixed/checkpoints/update_000001/pytorch_model/mp_rank_00_model_states.pt.
[2026-09-17 16:27:49,435] [INFO] [torch_checkpoint_engine.py:29:load] [Torch] Loaded checkpoint from runs/review2_u_cont_fixed/checkpoints/update_000001/pytorch_model/mp_rank_00_model_states.pt.
[2026-09-17 16:27:49,451] [INFO] [torch_checkpoint_engine.py:27:load] [Torch] Loading checkpoint from runs/review2_u_cont_fixed/checkpoints/update_000001/pytorch_model/mp_rank_00_model_states.pt...
[2026-09-17 16:27:49,452] [INFO] [torch_checkpoint_engine.py:27:load] [Torch] Loading checkpoint from runs/review2_u_cont_fixed/checkpoints/update_000001/pytorch_model/mp_rank_00_model_states.pt...
[2026-09-17 16:27:49,452] [INFO] [torch_checkpoint_engine.py:27:load] [Torch] Loading checkpoint from runs/review2_u_cont_fixed/checkpoints/update_000001/pytorch_model/mp_rank_00_model_states.pt...
[2026-09-17 16:27:49,456] [INFO] [torch_checkpoint_engine.py:27:load] [Torch] Loading checkpoint from runs/review2_u_cont_fixed/checkpoints/update_000001/pytorch_model/mp_rank_00_model_states.pt...
[2026-09-17 16:27:51,746] [INFO] [torch_checkpoint_engine.py:29:load] [Torch] Loaded checkpoint from runs/review2_u_cont_fixed/checkpoints/update_000001/pytorch_model/mp_rank_00_model_states.pt.
[2026-09-17 16:27:51,910] [INFO] [torch_checkpoint_engine.py:29:load] [Torch] Loaded checkpoint from runs/review2_u_cont_fixed/checkpoints/update_000001/pytorch_model/mp_rank_00_model_states.pt.
[2026-09-17 16:27:52,002] [INFO] [torch_checkpoint_engine.py:29:load] [Torch] Loaded checkpoint from runs/review2_u_cont_fixed/checkpoints/update_000001/pytorch_model/mp_rank_00_model_states.pt.
[2026-09-17 16:27:52,006] [INFO] [torch_checkpoint_engine.py:29:load] [Torch] Loaded checkpoint from runs/review2_u_cont_fixed/checkpoints/update_000001/pytorch_model/mp_rank_00_model_states.pt.
[2026-09-17 16:27:52,863] [INFO] [torch_checkpoint_engine.py:27:load] [Torch] Loading checkpoint from runs/review2_u_cont_fixed/checkpoints/update_000001/pytorch_model/bf16_zero_pp_rank_2_mp_rank_00_optim_states.pt...
[2026-09-17 16:27:52,942] [INFO] [torch_checkpoint_engine.py:27:load] [Torch] Loading checkpoint from runs/review2_u_cont_fixed/checkpoints/update_000001/pytorch_model/bf16_zero_pp_rank_3_mp_rank_00_optim_states.pt...
[2026-09-17 16:27:52,959] [INFO] [torch_checkpoint_engine.py:27:load] [Torch] Loading checkpoint from runs/review2_u_cont_fixed/checkpoints/update_000001/pytorch_model/bf16_zero_pp_rank_1_mp_rank_00_optim_states.pt...
[2026-09-17 16:27:53,086] [INFO] [torch_checkpoint_engine.py:27:load] [Torch] Loading checkpoint from runs/review2_u_cont_fixed/checkpoints/update_000001/pytorch_model/bf16_zero_pp_rank_0_mp_rank_00_optim_states.pt...
[2026-09-17 16:27:58,495] [INFO] [torch_checkpoint_engine.py:29:load] [Torch] Loaded checkpoint from runs/review2_u_cont_fixed/checkpoints/update_000001/pytorch_model/bf16_zero_pp_rank_2_mp_rank_00_optim_states.pt.
[2026-09-17 16:27:58,495] [INFO] [engine.py:3241:_get_all_zero_checkpoint_state_dicts] successfully read 4 ZeRO state_dicts for rank 2
[2026-09-17 16:27:58,868] [INFO] [torch_checkpoint_engine.py:29:load] [Torch] Loaded checkpoint from runs/review2_u_cont_fixed/checkpoints/update_000001/pytorch_model/bf16_zero_pp_rank_3_mp_rank_00_optim_states.pt.
[2026-09-17 16:27:58,868] [INFO] [engine.py:3241:_get_all_zero_checkpoint_state_dicts] successfully read 4 ZeRO state_dicts for rank 3
[2026-09-17 16:27:59,201] [INFO] [torch_checkpoint_engine.py:29:load] [Torch] Loaded checkpoint from runs/review2_u_cont_fixed/checkpoints/update_000001/pytorch_model/bf16_zero_pp_rank_0_mp_rank_00_optim_states.pt.
[2026-09-17 16:27:59,201] [INFO] [engine.py:3241:_get_all_zero_checkpoint_state_dicts] successfully read 4 ZeRO state_dicts for rank 0
[2026-09-17 16:27:59,250] [INFO] [engine.py:3191:_load_zero_checkpoint] loading 4 zero partition checkpoints for rank 2
[2026-09-17 16:27:59,920] [INFO] [engine.py:3191:_load_zero_checkpoint] loading 4 zero partition checkpoints for rank 0
[2026-09-17 16:27:59,962] [INFO] [engine.py:3191:_load_zero_checkpoint] loading 4 zero partition checkpoints for rank 3
Flow-GRPO full SFT: 2,233,120,260 trainable parameters; start=1, stop=4
[2026-09-17 16:28:01,110] [INFO] [torch_checkpoint_engine.py:29:load] [Torch] Loaded checkpoint from runs/review2_u_cont_fixed/checkpoints/update_000001/pytorch_model/bf16_zero_pp_rank_1_mp_rank_00_optim_states.pt.
[2026-09-17 16:28:01,110] [INFO] [engine.py:3241:_get_all_zero_checkpoint_state_dicts] successfully read 4 ZeRO state_dicts for rank 1
[2026-09-17 16:28:01,808] [INFO] [engine.py:3191:_load_zero_checkpoint] loading 4 zero partition checkpoints for rank 1
{"pre_update_ratio_min": 0.9592474699020386, "pre_update_ratio_max": 1.016967535018921, "pre_update_ratio_mean": 0.9998570303432643, "pre_update_ratio_clip_fraction": 0.0015625, "pre_update_ratio_count": 1280.0, "pre_update_ratio_quantiles": {"0.0": 0.9592474699020386, "0.01": 0.9897868889570236, "0.5": 0.9999922215938568, "0.99": 1.0085287058353425, "1.0": 1.016967535018921}, "loss": 0.0005482339092850452, "grpo": -0.00019953595869992569, "reference": 0.00010983021144284066, "sft": 0.0074667154549388215, "old_policy_drift": 3.9313920879094355e-06, "reward": 0.9606154500506818, "reward_zero_fraction": 0.0, "all_zero_groups": 0.0, "all_equal_groups": 0.4375, "scene_count": 16.0, "candidate_count": 128.0, "replay_scene_count": 16.0, "sft_component/action_loss": 0.0074667154549388215, "sft_component/rgb_loss": 0.0, "sft_component/gs_loss": 0.0, "sft_component/reward_loss": 0.0, "sft_component/agent_dino_loss": 0.0, "reward_component/no_at_fault_collisions": 1.0, "reward_component/drivable_area_compliance": 1.0, "reward_component/driving_direction_compliance": 1.0, "reward_component/traffic_light_compliance": 1.0, "reward_component/ego_progress": 0.8897232633707775, "reward_component/time_to_collision_within_bound": 1.0, "reward_component/lane_keeping": 1.0, "reward_component/history_comfort": 1.0, "reward_component/pdm_score": 0.9516868797752778, "reward_component/score": 0.9606154512038492, "post_update_probe_ratio_min": 0.9134884476661682, "post_update_probe_ratio_max": 1.0503926277160645, "post_update_probe_ratio_mean": 0.9993633612990379, "post_update_probe_ratio_clip_fraction": 0.02109375, "post_update_probe_ratio_count": 1280.0, "post_update_probe_ratio_quantiles": {"0.0": 0.9134884476661682, "0.01": 0.9722456228733063, "0.5": 0.9999936521053314, "0.99": 1.0139034175872803, "1.0": 1.0503926277160645}, "update": 2, "policy_version": 0, "inner_epoch": 1, "loss_coefficients": {"grpo": 1.0, "reference": 0.01, "sft": 0.1}, "lr": [1.0000000000000002e-06, 1.0000000000000002e-06, 1.0000000000000002e-06], "pre_clip_grad_norm": 1.2391376495361328, "clip_scale": 0.8070121938124895, "post_clip_grad_norm": null, "grad_norm_status": "pre: backend global norm; scale: backend formula; post: unavailable", "ranks": [{"pre_update_ratio_min": 0.9592474699020386, "pre_update_ratio_max": 1.016170859336853, "pre_update_ratio_mean": 0.9999757766723633, "pre_update_ratio_clip_fraction": 0.003125, "pre_update_ratio_count": 320.0, "pre_update_ratio_quantiles": {"0.0": 0.9592474699020386, "0.01": 0.9937369650602341, "0.5": 0.9999995827674866, "0.99": 1.0077750623226165, "1.0": 1.016170859336853}, "loss": 0.0002989353015436791, "grpo": -3.093257691944018e-05, "reference": 0.0001284341578866588, "sft": 0.003285835264250636, "old_policy_drift": 5.475511034669367e-06, "reward": 0.9895535539835691, "reward_zero_fraction": 0.0, "all_zero_groups": 0.0, "all_equal_groups": 0.75, "scene_count": 4.0, "candidate_count": 32.0, "replay_scene_count": 4.0, "sft_component/action_loss": 0.003285835264250636, "sft_component/rgb_loss": 0.0, "sft_component/gs_loss": 0.0, "sft_component/reward_loss": 0.0, "sft_component/agent_dino_loss": 0.0, "reward_component/no_at_fault_collisions": 1.0, "reward_component/drivable_area_compliance": 1.0, "reward_component/driving_direction_compliance": 1.0, "reward_component/traffic_light_compliance": 1.0, "reward_component/ego_progress": 0.9707499496881721, "reward_component/time_to_collision_within_bound": 1.0, "reward_component/lane_keeping": 1.0, "reward_component/history_comfort": 1.0, "reward_component/pdm_score": 0.9895535534600615, "reward_component/score": 0.9895535534600615, "post_update_probe_ratio_min": 0.9802811741828918, "post_update_probe_ratio_max": 1.0211024284362793, "post_update_probe_ratio_mean": 1.0001476053148508, "post_update_probe_ratio_clip_fraction": 0.003125, "post_update_probe_ratio_count": 320.0, "post_update_probe_ratio_quantiles": {"0.0": 0.9802811741828918, "0.01": 0.9944123893976211, "0.5": 1.0000033378601074, "0.99": 1.0103414750099182, "1.0": 1.0211024284362793}, "local_backward_contribution_l2": {"action_model": 0.5414806008338928, "qwen_vl_interface": 0.36875519156455994, "action_input_model": 0.12606212496757507}, "gradient_tensors": 672, "gradient_hook_scope": "local sum of squared backward contributions; not optimizer gradient norm", "module_parameter_probe_delta_l2": {"qwen_vl_interface": 2.63991387328133e-05, "action_input_model": 3.814697265625e-06, "action_model": 3.840045246761292e-05}, "parameter_probe_values": 10740, "pre_clip_grad_norm": 1.2391376495361328, "clip_scale": 0.8070121938124895, "post_clip_grad_norm": null, "grad_norm_status": "pre: backend global norm; scale: backend formula; post: unavailable", "update": 2, "policy_version": 0, "inner_epoch": 1, "rank": 0, "device": {"type": "cuda", "index": 0, "name": "NVIDIA A800-SXM4-80GB"}, "behavior_sha256": ["bedcf42bbc17fddd991bb2229a9f90463effc6f4fd75d15462869b30127906a5", "2e1f57d00d8953ef90d35b1bbbb7b0fb37d7e544053389edae87510a599f8a9e", "9ea1f08d38d968c1051be2e66cb879df9fb4b198fd0c116585ae9810397c7d92", "f429ca507552f2d3df6637934df3c0b869c08f19bd7da655069e6c0675b19458"], "scene_tokens": [["fb7f5f4fd1a25f13"], ["af37a2e32a9e510a"], ["71241e5c844d5947"], ["856849aa30155d85"]], "replay_tokens": ["eb8b19af93e4538e", "9048c89e9d8b516f", "f051f0358fe057c0", "836925f4abc15984"], "rollout_score_reference_seconds": 0.004941845312714577, "update_seconds": 82.16712892986834, "peak_gpu_gib": 25.930819988250732, "loss_coefficients": {"grpo": 1.0, "reference": 0.01, "sft": 0.1}, "lr": [1.0000000000000002e-06, 1.0000000000000002e-06, 1.0000000000000002e-06], "reward_errors": 0, "dtype_before_step": {"parameters": {"torch.bfloat16": 994}, "gradients": {}, "parameter_grad_accum": {}, "communication_buffers": ["torch.float32"], "accumulation_dtype": "torch.float32", "communication_dtype": "torch.float32", "partition_buffers": ["torch.bfloat16", "torch.bfloat16", "torch.bfloat16", "torch.bfloat16", "torch.bfloat16", "torch.bfloat16", "torch.bfloat16", "torch.bfloat16", "torch.bfloat16", "torch.bfloat16", "torch.bfloat16", "torch.bfloat16", "torch.bfloat16", "torch.bfloat16", "torch.bfloat16", "torch.bfloat16", "torch.bfloat16", "torch.bfloat16", "torch.bfloat16", "torch.bfloat16", "torch.bfloat16", "torch.bfloat16", "torch.bfloat16", "torch.bfloat16", "torch.bfloat16", "torch.bfloat16", "torch.bfloat16", "torch.bfloat16", "torch.bfloat16", "torch.bfloat16", "torch.bfloat16", "torch.bfloat16", "torch.bfloat16", "torch.bfloat16", "torch.bfloat16", "torch.bfloat16", "torch.bfloat16", "torch.bfloat16", "torch.bfloat16", "torch.bfloat16", "torch.bfloat16", "torch.bfloat16", "torch.bfloat16", "torch.bfloat16", "torch.bfloat16", "torch.bfloat16", "torch.bfloat16", "torch.bfloat16", "torch.bfloat16", "torch.bfloat16", "torch.bfloat16", "torch.bfloat16", "torch.bfloat16", "torch.bfloat16", "torch.bfloat16", "torch.bfloat16", "torch.bfloat16", "torch.bfloat16", "torch.bfloat16", "torch.bfloat16", "torch.bfloat16", "torch.bfloat16", "torch.bfloat16", "torch.bfloat16", "torch.bfloat16", "torch.bfloat16", "torch.bfloat16", "torch.bfloat16", "torch.bfloat16", "torch.bfloat16", "torch.bfloat16", "torch.bfloat16", "torch.bfloat16", "torch.bfloat16", "torch.bfloat16", "torch.bfloat16", "torch.bfloat16", "torch.bfloat16", "torch.bfloat16", "torch.bfloat16", "torch.bfloat16", "torch.bfloat16", "torch.bfloat16", "torch.bfloat16", "torch.bfloat16", "torch.bfloat16", "torch.bfloat16", "torch.bfloat16", "torch.bfloat16", "torch.bfloat16", "torch.bfloat16", "torch.bfloat16", "torch.bfloat16", "torch.bfloat16", "torch.bfloat16", "torch.bfloat16", "torch.bfloat16", "torch.bfloat16", "torch.bfloat16", "torch.bfloat16", "torch.bfloat16", "torch.bfloat16", "torch.bfloat16", "torch.bfloat16", "torch.bfloat16", "torch.bfloat16", "torch.bfloat16", "torch.bfloat16", "torch.bfloat16", "torch.bfloat16", "torch.bfloat16", "torch.bfloat16", "torch.bfloat16", "torch.bfloat16", "torch.bfloat16", "torch.bfloat16", "torch.bfloat16", "torch.bfloat16", "torch.bfloat16", "torch.bfloat16", "torch.bfloat16", "torch.bfloat16", "torch.bfloat16", "torch.bfloat16", "torch.bfloat16", "torch.bfloat16", "torch.bfloat16", "torch.bfloat16", "torch.bfloat16", "torch.bfloat16", "torch.bfloat16", "torch.bfloat16", "torch.bfloat16", "torch.bfloat16", "torch.bfloat16", "torch.bfloat16", "torch.bfloat16", "torch.bfloat16", "torch.bfloat16", "torch.bfloat16", "torch.bfloat16", "torch.bfloat16", "torch.bfloat16", "torch.bfloat16", "torch.bfloat16", "torch.bfloat16", "torch.bfloat16", "torch.bfloat16", "torch.bfloat16", "torch.bfloat16", "torch.bfloat16", "torch.bfloat16", "torch.bfloat16", "torch.bfloat16", "torch.bfloat16", "torch.bfloat16", "torch.bfloat16", "torch.bfloat16", "torch.bfloat16", "torch.bfloat16", "torch.bfloat16", "torch.bfloat16", "torch.bfloat16", "torch.bfloat16", "torch.bfloat16", "torch.bfloat16", "torch.bfloat16", "torch.bfloat16", "torch.bfloat16", "torch.bfloat16"], "master_weights": ["torch.float32", "torch.float32", "torch.float32"], "optimizer_states": {"torch.float32": 9}}, "activation_dtypes": {"qwen_vl_interface.model.visual": {"input": ["torch.bfloat16"], "output": ["torch.bfloat16"], "parameter": ["torch.bfloat16"]}, "action_input_model": {"input": ["torch.float32"], "output": ["torch.float32"], "parameter": ["torch.bfloat16"]}, "qwen_vl_interface.model.model.language_model": {"input": [], "output": ["torch.bfloat16"], "parameter": ["torch.bfloat16"]}, "action_model.qwen_proj": {"input": ["torch.bfloat16"], "output": ["torch.float32"], "parameter": ["torch.bfloat16"]}, "action_model.action_encoder": {"input": ["torch.float32", "torch.int64"], "output": ["torch.float32"], "parameter": ["torch.bfloat16"]}, "action_model.model": {"input": [], "output": ["torch.float32"], "parameter": ["torch.bfloat16"]}}, "dtype": {"parameters": {"torch.bfloat16": 994}, "gradients": {}, "parameter_grad_accum": {}, "communication_buffers": ["torch.float32"], "accumulation_dtype": "torch.float32", "communication_dtype": "torch.float32", "partition_buffers": [], "master_weights": ["torch.float32", "torch.float32", "torch.float32"], "optimizer_states": {"torch.float32": 9}}}, {"pre_update_ratio_min": 0.9831688404083252, "pre_update_ratio_max": 1.009767770767212, "pre_update_ratio_mean": 0.9999089425429701, "pre_update_ratio_clip_fraction": 0.0, "pre_update_ratio_count": 320.0, "pre_update_ratio_quantiles": {"0.0": 0.9831688404083252, "0.01": 0.9920720332860946, "0.5": 0.9999992847442627, "0.99": 1.0055555832386016, "1.0": 1.009767770767212}, "loss": 8.557428736821748e-05, "grpo": -0.00011296235061308835, "reference": 7.728045602561906e-05, "sft": 0.001977638225071132, "old_policy_drift": 2.080741233734251e-06, "reward": 0.9516809955239296, "reward_zero_fraction": 0.0, "all_zero_groups": 0.0, "all_equal_groups": 0.25, "scene_count": 4.0, "candidate_count": 32.0, "replay_scene_count": 4.0, "sft_component/action_loss": 0.001977638225071132, "sft_component/rgb_loss": 0.0, "sft_component/gs_loss": 0.0, "sft_component/reward_loss": 0.0, "sft_component/agent_dino_loss": 0.0, "reward_component/no_at_fault_collisions": 1.0, "reward_component/drivable_area_compliance": 1.0, "reward_component/driving_direction_compliance": 1.0, "reward_component/traffic_light_compliance": 1.0, "reward_component/ego_progress": 0.8647067986343675, "reward_component/time_to_collision_within_bound": 1.0, "reward_component/lane_keeping": 1.0, "reward_component/history_comfort": 1.0, "reward_component/pdm_score": 0.9159667137979886, "reward_component/score": 0.9516809995122743, "post_update_probe_ratio_min": 0.949716329574585, "post_update_probe_ratio_max": 1.0227926969528198, "post_update_probe_ratio_mean": 0.9997153526172042, "post_update_probe_ratio_clip_fraction": 0.015625, "post_update_probe_ratio_count": 320.0, "post_update_probe_ratio_quantiles": {"0.0": 0.949716329574585, "0.01": 0.9753526794910431, "0.5": 1.0000306367874146, "0.99": 1.0159497559070587, "1.0": 1.0227926969528198}, "local_backward_contribution_l2": {"action_model": 2.8607537746429443, "qwen_vl_interface": 1.1544640064239502, "action_input_model": 0.65167635679245}, "gradient_tensors": 672, "gradient_hook_scope": "local sum of squared backward contributions; not optimizer gradient norm", "module_parameter_probe_delta_l2": {"qwen_vl_interface": 2.63991387328133e-05, "action_input_model": 3.814697265625e-06, "action_model": 3.840045246761292e-05}, "parameter_probe_values": 10740, "pre_clip_grad_norm": 1.2391376495361328, "clip_scale": 0.8070121938124895, "post_clip_grad_norm": null, "grad_norm_status": "pre: backend global norm; scale: backend formula; post: unavailable", "update": 2, "policy_version": 0, "inner_epoch": 1, "rank": 1, "device": {"type": "cuda", "index": 1, "name": "NVIDIA A800-SXM4-80GB"}, "behavior_sha256": ["af29ceccbc62626dccd8483714b5fc8f25674a338e08b648edb15058c451bf3d", "7a7366a26436cd23e863b51603527f5e3117d7a21e2587b2fa3deccee60996e5", "fa7cd58c2cee1905af4fc443e771a114ff51bc89a2cc7153edd0bb1ff66ad7ae", "8a78aa652d9105a4ccdcc54f9511331a72a7b3580be83e71ee4db34a965336c9"], "scene_tokens": [["5ee47a34fcec50d7"], ["1d784440aa1d5839"], ["9d7b5e598edb5c90"], ["018492d66a515b64"]], "replay_tokens": ["56aefa9d2d005e70", "18099cc5101e5fdb", "2eaaa0c583285ec5", "d6352d5b7ec3595b"], "rollout_score_reference_seconds": 0.004973016679286957, "update_seconds": 81.85735765658319, "peak_gpu_gib": 25.938863277435303, "loss_coefficients": {"grpo": 1.0, "reference": 0.01, "sft": 0.1}, "lr": [1.0000000000000002e-06, 1.0000000000000002e-06, 1.0000000000000002e-06], "reward_errors": 0, "dtype_before_step": {"parameters": {"torch.bfloat16": 994}, "gradients": {}, "parameter_grad_accum": {}, "communication_buffers": ["torch.float32"], "accumulation_dtype": "torch.float32", "communication_dtype": "torch.float32", "partition_buffers": ["torch.bfloat16", "torch.bfloat16", "torch.bfloat16", "torch.bfloat16", "torch.bfloat16", "torch.bfloat16", "torch.bfloat16", "torch.bfloat16", "torch.bfloat16", "torch.bfloat16", "torch.bfloat16", "torch.bfloat16", "torch.bfloat16", "torch.bfloat16", "torch.bfloat16", "torch.bfloat16", "torch.bfloat16", "torch.bfloat16", "torch.bfloat16", "torch.bfloat16", "torch.bfloat16", "torch.bfloat16", "torch.bfloat16", "torch.bfloat16", "torch.bfloat16", "torch.bfloat16", "torch.bfloat16", "torch.bfloat16", "torch.bfloat16", "torch.bfloat16", "torch.bfloat16", "torch.bfloat16", "torch.bfloat16", "torch.bfloat16", "torch.bfloat16", "torch.bfloat16", "torch.bfloat16", "torch.bfloat16", "torch.bfloat16", "torch.bfloat16", "torch.bfloat16", "torch.bfloat16", "torch.bfloat16", "torch.bfloat16", "torch.bfloat16", "torch.bfloat16", "torch.bfloat16", "torch.bfloat16", "torch.bfloat16", "torch.bfloat16", "torch.bfloat16", "torch.bfloat16", "torch.bfloat16", "torch.bfloat16", "torch.bfloat16", "torch.bfloat16", "torch.bfloat16", "torch.bfloat16", "torch.bfloat16", "torch.bfloat16", "torch.bfloat16", "torch.bfloat16", "torch.bfloat16", "torch.bfloat16", "torch.bfloat16", "torch.bfloat16", "torch.bfloat16", "torch.bfloat16", "torch.bfloat16", "torch.bfloat16", "torch.bfloat16", "torch.bfloat16", "torch.bfloat16", "torch.bfloat16", "torch.bfloat16", "torch.bfloat16", "torch.bfloat16", "torch.bfloat16", "torch.bfloat16", "torch.bfloat16", "torch.bfloat16", "torch.bfloat16", "torch.bfloat16", "torch.bfloat16", "torch.bfloat16", "torch.bfloat16", "torch.bfloat16", "torch.bfloat16", "torch.bfloat16", "torch.bfloat16", "torch.bfloat16", "torch.bfloat16", "torch.bfloat16", "torch.bfloat16", "torch.bfloat16", "torch.bfloat16", "torch.bfloat16", "torch.bfloat16", "torch.bfloat16", "torch.bfloat16", "torch.bfloat16", "torch.bfloat16", "torch.bfloat16", "torch.bfloat16", "torch.bfloat16", "torch.bfloat16", "torch.bfloat16", "torch.bfloat16", "torch.bfloat16", "torch.bfloat16", "torch.bfloat16", "torch.bfloat16", "torch.bfloat16", "torch.bfloat16", "torch.bfloat16", "torch.bfloat16", "torch.bfloat16", "torch.bfloat16", "torch.bfloat16", "torch.bfloat16", "torch.bfloat16", "torch.bfloat16", "torch.bfloat16", "torch.bfloat16", "torch.bfloat16", "torch.bfloat16", "torch.bfloat16", "torch.bfloat16", "torch.bfloat16", "torch.bfloat16", "torch.bfloat16", "torch.bfloat16", "torch.bfloat16", "torch.bfloat16", "torch.bfloat16", "torch.bfloat16", "torch.bfloat16", "torch.bfloat16", "torch.bfloat16", "torch.bfloat16", "torch.bfloat16", "torch.bfloat16", "torch.bfloat16", "torch.bfloat16", "torch.bfloat16", "torch.bfloat16", "torch.bfloat16", "torch.bfloat16", "torch.bfloat16", "torch.bfloat16", "torch.bfloat16", "torch.bfloat16", "torch.bfloat16", "torch.bfloat16", "torch.bfloat16", "torch.bfloat16", "torch.bfloat16", "torch.bfloat16", "torch.bfloat16", "torch.bfloat16", "torch.bfloat16", "torch.bfloat16", "torch.bfloat16", "torch.bfloat16", "torch.bfloat16", "torch.bfloat16", "torch.bfloat16", "torch.bfloat16", "torch.bfloat16", "torch.bfloat16"], "master_weights": ["torch.float32", "torch.float32", "torch.float32"], "optimizer_states": {"torch.float32": 9}}, "activation_dtypes": {"qwen_vl_interface.model.visual": {"input": ["torch.bfloat16"], "output": ["torch.bfloat16"], "parameter": ["torch.bfloat16"]}, "action_input_model": {"input": ["torch.float32"], "output": ["torch.float32"], "parameter": ["torch.bfloat16"]}, "qwen_vl_interface.model.model.language_model": {"input": [], "output": ["torch.bfloat16"], "parameter": ["torch.bfloat16"]}, "action_model.qwen_proj": {"input": ["torch.bfloat16"], "output": ["torch.float32"], "parameter": ["torch.bfloat16"]}, "action_model.action_encoder": {"input": ["torch.float32", "torch.int64"], "output": ["torch.float32"], "parameter": ["torch.bfloat16"]}, "action_model.model": {"input": [], "output": ["torch.float32"], "parameter": ["torch.bfloat16"]}}, "dtype": {"parameters": {"torch.bfloat16": 994}, "gradients": {}, "parameter_grad_accum": {}, "communication_buffers": ["torch.float32"], "accumulation_dtype": "torch.float32", "communication_dtype": "torch.float32", "partition_buffers": [], "master_weights": ["torch.float32", "torch.float32", "torch.float32"], "optimizer_states": {"torch.float32": 9}}}, {"pre_update_ratio_min": 0.9779780507087708, "pre_update_ratio_max": 1.016967535018921, "pre_update_ratio_mean": 0.999664276652038, "pre_update_ratio_clip_fraction": 0.003125, "pre_update_ratio_count": 320.0, "pre_update_ratio_quantiles": {"0.0": 0.9779780507087708, "0.01": 0.9877011919021607, "0.5": 0.9999840259552002, "0.99": 1.011271505355835, "1.0": 1.016967535018921}, "loss": 0.0012588186837092508, "grpo": -0.00044955165867577307, "reference": 0.00013935390506958356, "sft": 0.01706976754940115, "old_policy_drift": 4.905110841446625e-06, "reward": 0.9542351756244898, "reward_zero_fraction": 0.0, "all_zero_groups": 0.0, "all_equal_groups": 0.25, "scene_count": 4.0, "candidate_count": 32.0, "replay_scene_count": 4.0, "sft_component/action_loss": 0.01706976754940115, "sft_component/rgb_loss": 0.0, "sft_component/gs_loss": 0.0, "sft_component/reward_loss": 0.0, "sft_component/agent_dino_loss": 0.0, "reward_component/no_at_fault_collisions": 1.0, "reward_component/drivable_area_compliance": 1.0, "reward_component/driving_direction_compliance": 1.0, "reward_component/traffic_light_compliance": 1.0, "reward_component/ego_progress": 0.8718584964766708, "reward_component/time_to_collision_within_bound": 1.0, "reward_component/lane_keeping": 1.0, "reward_component/history_comfort": 1.0, "reward_component/pdm_score": 0.9542351773130968, "reward_component/score": 0.9542351773130968, "post_update_probe_ratio_min": 0.9134884476661682, "post_update_probe_ratio_max": 1.0503926277160645, "post_update_probe_ratio_mean": 0.9983221923932433, "post_update_probe_ratio_clip_fraction": 0.046875, "post_update_probe_ratio_count": 320.0, "post_update_probe_ratio_quantiles": {"0.0": 0.9134884476661682, "0.01": 0.9488350003957748, "0.5": 0.9999176859855652, "0.99": 1.015056483745575, "1.0": 1.0503926277160645}, "local_backward_contribution_l2": {"action_model": 1.8124725818634033, "qwen_vl_interface": 1.5531766414642334, "action_input_model": 1.0449824333190918}, "gradient_tensors": 672, "gradient_hook_scope": "local sum of squared backward contributions; not optimizer gradient norm", "module_parameter_probe_delta_l2": {"qwen_vl_interface": 2.63991387328133e-05, "action_input_model": 3.814697265625e-06, "action_model": 3.840045246761292e-05}, "parameter_probe_values": 10740, "pre_clip_grad_norm": 1.2391376495361328, "clip_scale": 0.8070121938124895, "post_clip_grad_norm": null, "grad_norm_status": "pre: backend global norm; scale: backend formula; post: unavailable", "update": 2, "policy_version": 0, "inner_epoch": 1, "rank": 2, "device": {"type": "cuda", "index": 2, "name": "NVIDIA A800-SXM4-80GB"}, "behavior_sha256": ["5f31932921ded7cea9c9e5b3d64f1b0724340a3456a13227d92b0b61eb3bce94", "7d8f5ddc013293b001a10b05abe8a20d73ab70d82fd28c01c7ebb627522eb0a9", "f6d8c8300834c151f30aedc00037d7b4443364687f9901a6223f26550f2b4559", "79f2799e4b7e27c62e72e7855e141b2f5dc4468ee7342290acb3cb263f438246"], "scene_tokens": [["62f3e6790e3f5894"], ["51153328f6bc54f8"], ["9f0f80fa77cf5cb7"], ["9fb2208eaeeb5a13"]], "replay_tokens": ["64f1f060282d55d6", "af1594640cef5ee4", "0422dac2df5f5e1c", "29528ac395aa52f2"], "rollout_score_reference_seconds": 0.005322348326444626, "update_seconds": 82.0000605341047, "peak_gpu_gib": 25.94397735595703, "loss_coefficients": {"grpo": 1.0, "reference": 0.01, "sft": 0.1}, "lr": [1.0000000000000002e-06, 1.0000000000000002e-06, 1.0000000000000002e-06], "reward_errors": 0, "dtype_before_step": {"parameters": {"torch.bfloat16": 994}, "gradients": {}, "parameter_grad_accum": {}, "communication_buffers": ["torch.float32"], "accumulation_dtype": "torch.float32", "communication_dtype": "torch.float32", "partition_buffers": ["torch.bfloat16", "torch.bfloat16", "torch.bfloat16", "torch.bfloat16", "torch.bfloat16", "torch.bfloat16", "torch.bfloat16", "torch.bfloat16", "torch.bfloat16", "torch.bfloat16", "torch.bfloat16", "torch.bfloat16", "torch.bfloat16", "torch.bfloat16", "torch.bfloat16", "torch.bfloat16", "torch.bfloat16", "torch.bfloat16", "torch.bfloat16", "torch.bfloat16", "torch.bfloat16", "torch.bfloat16", "torch.bfloat16", "torch.bfloat16", "torch.bfloat16", "torch.bfloat16", "torch.bfloat16", "torch.bfloat16", "torch.bfloat16", "torch.bfloat16", "torch.bfloat16", "torch.bfloat16", "torch.bfloat16", "torch.bfloat16", "torch.bfloat16", "torch.bfloat16", "torch.bfloat16", "torch.bfloat16", "torch.bfloat16", "torch.bfloat16", "torch.bfloat16", "torch.bfloat16", "torch.bfloat16", "torch.bfloat16", "torch.bfloat16", "torch.bfloat16", "torch.bfloat16", "torch.bfloat16", "torch.bfloat16", "torch.bfloat16", "torch.bfloat16", "torch.bfloat16", "torch.bfloat16", "torch.bfloat16", "torch.bfloat16", "torch.bfloat16", "torch.bfloat16", "torch.bfloat16", "torch.bfloat16", "torch.bfloat16", "torch.bfloat16", "torch.bfloat16", "torch.bfloat16", "torch.bfloat16", "torch.bfloat16", "torch.bfloat16", "torch.bfloat16", "torch.bfloat16", "torch.bfloat16", "torch.bfloat16", "torch.bfloat16", "torch.bfloat16", "torch.bfloat16", "torch.bfloat16", "torch.bfloat16", "torch.bfloat16", "torch.bfloat16", "torch.bfloat16", "torch.bfloat16", "torch.bfloat16", "torch.bfloat16", "torch.bfloat16", "torch.bfloat16", "torch.bfloat16", "torch.bfloat16", "torch.bfloat16", "torch.bfloat16", "torch.bfloat16", "torch.bfloat16", "torch.bfloat16", "torch.bfloat16", "torch.bfloat16", "torch.bfloat16", "torch.bfloat16", "torch.bfloat16", "torch.bfloat16", "torch.bfloat16", "torch.bfloat16", "torch.bfloat16", "torch.bfloat16", "torch.bfloat16", "torch.bfloat16", "torch.bfloat16", "torch.bfloat16", "torch.bfloat16", "torch.bfloat16", "torch.bfloat16", "torch.bfloat16", "torch.bfloat16", "torch.bfloat16", "torch.bfloat16", "torch.bfloat16", "torch.bfloat16", "torch.bfloat16", "torch.bfloat16", "torch.bfloat16", "torch.bfloat16", "torch.bfloat16", "torch.bfloat16", "torch.bfloat16", "torch.bfloat16", "torch.bfloat16", "torch.bfloat16", "torch.bfloat16", "torch.bfloat16", "torch.bfloat16", "torch.bfloat16", "torch.bfloat16", "torch.bfloat16", "torch.bfloat16", "torch.bfloat16", "torch.bfloat16", "torch.bfloat16", "torch.bfloat16", "torch.bfloat16", "torch.bfloat16", "torch.bfloat16", "torch.bfloat16", "torch.bfloat16", "torch.bfloat16", "torch.bfloat16", "torch.bfloat16", "torch.bfloat16", "torch.bfloat16", "torch.bfloat16", "torch.bfloat16", "torch.bfloat16", "torch.bfloat16", "torch.bfloat16", "torch.bfloat16", "torch.bfloat16", "torch.bfloat16", "torch.bfloat16", "torch.bfloat16", "torch.bfloat16", "torch.bfloat16", "torch.bfloat16", "torch.bfloat16", "torch.bfloat16", "torch.bfloat16", "torch.bfloat16", "torch.bfloat16", "torch.bfloat16", "torch.bfloat16", "torch.bfloat16", "torch.bfloat16", "torch.bfloat16", "torch.bfloat16"], "master_weights": ["torch.float32", "torch.float32", "torch.float32"], "optimizer_states": {"torch.float32": 9}}, "activation_dtypes": {"qwen_vl_interface.model.visual": {"input": ["torch.bfloat16"], "output": ["torch.bfloat16"], "parameter": ["torch.bfloat16"]}, "action_input_model": {"input": ["torch.float32"], "output": ["torch.float32"], "parameter": ["torch.bfloat16"]}, "qwen_vl_interface.model.model.language_model": {"input": [], "output": ["torch.bfloat16"], "parameter": ["torch.bfloat16"]}, "action_model.qwen_proj": {"input": ["torch.bfloat16"], "output": ["torch.float32"], "parameter": ["torch.bfloat16"]}, "action_model.action_encoder": {"input": ["torch.float32", "torch.int64"], "output": ["torch.float32"], "parameter": ["torch.bfloat16"]}, "action_model.model": {"input": [], "output": ["torch.float32"], "parameter": ["torch.bfloat16"]}}, "dtype": {"parameters": {"torch.bfloat16": 994}, "gradients": {}, "parameter_grad_accum": {}, "communication_buffers": ["torch.float32"], "accumulation_dtype": "torch.float32", "communication_dtype": "torch.float32", "partition_buffers": [], "master_weights": ["torch.float32", "torch.float32", "torch.float32"], "optimizer_states": {"torch.float32": 9}}}, {"pre_update_ratio_min": 0.9825068116188049, "pre_update_ratio_max": 1.015350103378296, "pre_update_ratio_mean": 0.9998791255056858, "pre_update_ratio_clip_fraction": 0.0, "pre_update_ratio_count": 320.0, "pre_update_ratio_quantiles": {"0.0": 0.9825068116188049, "0.01": 0.98984798848629, "0.5": 0.9999722540378571, "0.99": 1.0096013629436493, "1.0": 1.015350103378296}, "loss": 0.0005496073645190336, "grpo": -0.00020469724859140115, "reference": 9.425232678950124e-05, "sft": 0.0075336207810323685, "old_policy_drift": 3.264205241787499e-06, "reward": 0.9469920750707388, "reward_zero_fraction": 0.0, "all_zero_groups": 0.0, "all_equal_groups": 0.5, "scene_count": 4.0, "candidate_count": 32.0, "replay_scene_count": 4.0, "sft_component/action_loss": 0.0075336207810323685, "sft_component/rgb_loss": 0.0, "sft_component/gs_loss": 0.0, "sft_component/reward_loss": 0.0, "sft_component/agent_dino_loss": 0.0, "reward_component/no_at_fault_collisions": 1.0, "reward_component/drivable_area_compliance": 1.0, "reward_component/driving_direction_compliance": 1.0, "reward_component/traffic_light_compliance": 1.0, "reward_component/ego_progress": 0.8515778086838994, "reward_component/time_to_collision_within_bound": 1.0, "reward_component/lane_keeping": 1.0, "reward_component/history_comfort": 1.0, "reward_component/pdm_score": 0.9469920745299641, "reward_component/score": 0.9469920745299641, "post_update_probe_ratio_min": 0.9430691599845886, "post_update_probe_ratio_max": 1.0185621976852417, "post_update_probe_ratio_mean": 0.9992682948708534, "post_update_probe_ratio_clip_fraction": 0.01875, "post_update_probe_ratio_count": 320.0, "post_update_probe_ratio_quantiles": {"0.0": 0.9430691599845886, "0.01": 0.97694531083107, "0.5": 0.9999754726886749, "0.99": 1.0114962315559388, "1.0": 1.0185621976852417}, "local_backward_contribution_l2": {"action_model": 1.88401460647583, "qwen_vl_interface": 1.0713615417480469, "action_input_model": 0.278010755777359}, "gradient_tensors": 672, "gradient_hook_scope": "local sum of squared backward contributions; not optimizer gradient norm", "module_parameter_probe_delta_l2": {"qwen_vl_interface": 2.63991387328133e-05, "action_input_model": 3.814697265625e-06, "action_model": 3.840045246761292e-05}, "parameter_probe_values": 10740, "pre_clip_grad_norm": 1.2391376495361328, "clip_scale": 0.8070121938124895, "post_clip_grad_norm": null, "grad_norm_status": "pre: backend global norm; scale: backend formula; post: unavailable", "update": 2, "policy_version": 0, "inner_epoch": 1, "rank": 3, "device": {"type": "cuda", "index": 3, "name": "NVIDIA A800-SXM4-80GB"}, "behavior_sha256": ["9a19c0c4674bc06f84547e26d1726c71d248bd694a682352c0639034410b3ec5", "cc5eef18b8dce085f0cb2893cf4d1d9e38974a515288a76d832a8dfd213c6599", "4260ddb07f0d97cb08ef0b72cd1f065879c5841a74f5682fcfca9eaed3d41156", "13530b7e7b16fc7de8373ea208aad5ca5c08e13235dff6834f7331fb969ed22e"], "scene_tokens": [["49215fd7909a5039"], ["e7a0c2f466c254f0"], ["02e8a483947b5f21"], ["3e51a8cdc97a5c7c"]], "replay_tokens": ["a5fb311b574f5f2a", "8c2254cc2c8a57eb", "1b49245c089b5f62", "1724faf16eff51bf"], "rollout_score_reference_seconds": 0.004121748730540276, "update_seconds": 81.3505186252296, "peak_gpu_gib": 26.71264934539795, "loss_coefficients": {"grpo": 1.0, "reference": 0.01, "sft": 0.1}, "lr": [1.0000000000000002e-06, 1.0000000000000002e-06, 1.0000000000000002e-06], "reward_errors": 0, "dtype_before_step": {"parameters": {"torch.bfloat16": 994}, "gradients": {}, "parameter_grad_accum": {}, "communication_buffers": ["torch.float32"], "accumulation_dtype": "torch.float32", "communication_dtype": "torch.float32", "partition_buffers": ["torch.bfloat16", "torch.bfloat16", "torch.bfloat16", "torch.bfloat16", "torch.bfloat16", "torch.bfloat16", "torch.bfloat16", "torch.bfloat16", "torch.bfloat16", "torch.bfloat16", "torch.bfloat16", "torch.bfloat16", "torch.bfloat16", "torch.bfloat16", "torch.bfloat16", "torch.bfloat16", "torch.bfloat16", "torch.bfloat16", "torch.bfloat16", "torch.bfloat16", "torch.bfloat16", "torch.bfloat16", "torch.bfloat16", "torch.bfloat16", "torch.bfloat16", "torch.bfloat16", "torch.bfloat16", "torch.bfloat16", "torch.bfloat16", "torch.bfloat16", "torch.bfloat16", "torch.bfloat16", "torch.bfloat16", "torch.bfloat16", "torch.bfloat16", "torch.bfloat16", "torch.bfloat16", "torch.bfloat16", "torch.bfloat16", "torch.bfloat16", "torch.bfloat16", "torch.bfloat16", "torch.bfloat16", "torch.bfloat16", "torch.bfloat16", "torch.bfloat16", "torch.bfloat16", "torch.bfloat16", "torch.bfloat16", "torch.bfloat16", "torch.bfloat16", "torch.bfloat16", "torch.bfloat16", "torch.bfloat16", "torch.bfloat16", "torch.bfloat16", "torch.bfloat16", "torch.bfloat16", "torch.bfloat16", "torch.bfloat16", "torch.bfloat16", "torch.bfloat16", "torch.bfloat16", "torch.bfloat16", "torch.bfloat16", "torch.bfloat16", "torch.bfloat16", "torch.bfloat16", "torch.bfloat16", "torch.bfloat16", "torch.bfloat16", "torch.bfloat16", "torch.bfloat16", "torch.bfloat16", "torch.bfloat16", "torch.bfloat16", "torch.bfloat16", "torch.bfloat16", "torch.bfloat16", "torch.bfloat16", "torch.bfloat16", "torch.bfloat16", "torch.bfloat16", "torch.bfloat16", "torch.bfloat16", "torch.bfloat16", "torch.bfloat16", "torch.bfloat16", "torch.bfloat16", "torch.bfloat16", "torch.bfloat16", "torch.bfloat16", "torch.bfloat16", "torch.float32", "torch.bfloat16", "torch.bfloat16", "torch.bfloat16", "torch.bfloat16", "torch.bfloat16", "torch.bfloat16", "torch.bfloat16", "torch.bfloat16", "torch.bfloat16", "torch.bfloat16", "torch.bfloat16", "torch.bfloat16", "torch.bfloat16", "torch.bfloat16", "torch.bfloat16", "torch.bfloat16", "torch.bfloat16", "torch.bfloat16", "torch.bfloat16", "torch.bfloat16", "torch.bfloat16", "torch.bfloat16", "torch.bfloat16", "torch.bfloat16", "torch.bfloat16", "torch.bfloat16", "torch.bfloat16", "torch.bfloat16", "torch.bfloat16", "torch.bfloat16", "torch.bfloat16", "torch.bfloat16", "torch.bfloat16", "torch.bfloat16", "torch.bfloat16", "torch.bfloat16", "torch.bfloat16", "torch.bfloat16", "torch.bfloat16", "torch.bfloat16", "torch.bfloat16", "torch.bfloat16", "torch.bfloat16", "torch.bfloat16", "torch.bfloat16", "torch.bfloat16", "torch.bfloat16", "torch.bfloat16", "torch.bfloat16", "torch.bfloat16", "torch.bfloat16", "torch.bfloat16", "torch.bfloat16", "torch.bfloat16", "torch.bfloat16", "torch.bfloat16", "torch.bfloat16", "torch.bfloat16", "torch.bfloat16", "torch.bfloat16", "torch.bfloat16", "torch.bfloat16", "torch.bfloat16", "torch.bfloat16", "torch.bfloat16", "torch.bfloat16", "torch.bfloat16", "torch.bfloat16", "torch.bfloat16", "torch.bfloat16", "torch.bfloat16", "torch.bfloat16", "torch.bfloat16", "torch.bfloat16", "torch.bfloat16", "torch.bfloat16", "torch.bfloat16", "torch.bfloat16", "torch.bfloat16", "torch.bfloat16"], "master_weights": ["torch.float32", "torch.float32", "torch.float32"], "optimizer_states": {"torch.float32": 9}}, "activation_dtypes": {"qwen_vl_interface.model.visual": {"input": ["torch.bfloat16"], "output": ["torch.bfloat16"], "parameter": ["torch.bfloat16"]}, "action_input_model": {"input": ["torch.float32"], "output": ["torch.float32"], "parameter": ["torch.bfloat16"]}, "qwen_vl_interface.model.model.language_model": {"input": [], "output": ["torch.bfloat16"], "parameter": ["torch.bfloat16"]}, "action_model.qwen_proj": {"input": ["torch.bfloat16"], "output": ["torch.float32"], "parameter": ["torch.bfloat16"]}, "action_model.action_encoder": {"input": ["torch.float32", "torch.int64"], "output": ["torch.float32"], "parameter": ["torch.bfloat16"]}, "action_model.model": {"input": [], "output": ["torch.float32"], "parameter": ["torch.bfloat16"]}}, "dtype": {"parameters": {"torch.bfloat16": 994}, "gradients": {}, "parameter_grad_accum": {}, "communication_buffers": ["torch.float32"], "accumulation_dtype": "torch.float32", "communication_dtype": "torch.float32", "partition_buffers": [], "master_weights": ["torch.float32", "torch.float32", "torch.float32"], "optimizer_states": {"torch.float32": 9}}}], "peak_gpu_gib_by_rank": [25.930819988250732, 25.938863277435303, 25.94397735595703, 26.71264934539795], "peak_gpu_gib_max": 26.71264934539795, "reward_errors": 0}
[2026-09-17 16:29:48,858] [INFO] [logging.py:107:log_dist] [Rank 0] [Torch] Checkpoint pytorch_model is about to be saved!
[2026-09-17 16:29:49,525] [INFO] [logging.py:107:log_dist] [Rank 0] Saving model checkpoint: /mnt/project/DriveDreamer-Policy-paired/runs/review2_u_resumed/checkpoints/.update_000002.incomplete/pytorch_model/mp_rank_00_model_states.pt
[2026-09-17 16:29:49,525] [INFO] [torch_checkpoint_engine.py:21:save] [Torch] Saving /mnt/project/DriveDreamer-Policy-paired/runs/review2_u_resumed/checkpoints/.update_000002.incomplete/pytorch_model/mp_rank_00_model_states.pt...
[2026-09-17 16:30:01,713] [INFO] [torch_checkpoint_engine.py:23:save] [Torch] Saved /mnt/project/DriveDreamer-Policy-paired/runs/review2_u_resumed/checkpoints/.update_000002.incomplete/pytorch_model/mp_rank_00_model_states.pt.
[2026-09-17 16:30:01,760] [INFO] [torch_checkpoint_engine.py:21:save] [Torch] Saving /mnt/project/DriveDreamer-Policy-paired/runs/review2_u_resumed/checkpoints/.update_000002.incomplete/pytorch_model/bf16_zero_pp_rank_0_mp_rank_00_optim_states.pt...
[2026-09-17 16:30:01,760] [INFO] [torch_checkpoint_engine.py:21:save] [Torch] Saving /mnt/project/DriveDreamer-Policy-paired/runs/review2_u_resumed/checkpoints/.update_000002.incomplete/pytorch_model/bf16_zero_pp_rank_3_mp_rank_00_optim_states.pt...
[2026-09-17 16:30:01,760] [INFO] [torch_checkpoint_engine.py:21:save] [Torch] Saving /mnt/project/DriveDreamer-Policy-paired/runs/review2_u_resumed/checkpoints/.update_000002.incomplete/pytorch_model/bf16_zero_pp_rank_1_mp_rank_00_optim_states.pt...
[2026-09-17 16:30:01,760] [INFO] [torch_checkpoint_engine.py:21:save] [Torch] Saving /mnt/project/DriveDreamer-Policy-paired/runs/review2_u_resumed/checkpoints/.update_000002.incomplete/pytorch_model/bf16_zero_pp_rank_2_mp_rank_00_optim_states.pt...
[2026-09-17 16:30:11,675] [INFO] [torch_checkpoint_engine.py:23:save] [Torch] Saved /mnt/project/DriveDreamer-Policy-paired/runs/review2_u_resumed/checkpoints/.update_000002.incomplete/pytorch_model/bf16_zero_pp_rank_3_mp_rank_00_optim_states.pt.
[2026-09-17 16:30:11,676] [INFO] [engine.py:3701:_save_zero_checkpoint] zero checkpoint saved /mnt/project/DriveDreamer-Policy-paired/runs/review2_u_resumed/checkpoints/.update_000002.incomplete/pytorch_model/bf16_zero_pp_rank_3_mp_rank_00_optim_states.pt
[2026-09-17 16:30:11,676] [INFO] [torch_checkpoint_engine.py:33:commit] [Torch] Checkpoint pytorch_model is ready now!
[2026-09-17 16:30:13,010] [INFO] [torch_checkpoint_engine.py:23:save] [Torch] Saved /mnt/project/DriveDreamer-Policy-paired/runs/review2_u_resumed/checkpoints/.update_000002.incomplete/pytorch_model/bf16_zero_pp_rank_2_mp_rank_00_optim_states.pt.
[2026-09-17 16:30:13,011] [INFO] [engine.py:3701:_save_zero_checkpoint] zero checkpoint saved /mnt/project/DriveDreamer-Policy-paired/runs/review2_u_resumed/checkpoints/.update_000002.incomplete/pytorch_model/bf16_zero_pp_rank_2_mp_rank_00_optim_states.pt
[2026-09-17 16:30:13,011] [INFO] [torch_checkpoint_engine.py:33:commit] [Torch] Checkpoint pytorch_model is ready now!
[2026-09-17 16:30:14,854] [INFO] [torch_checkpoint_engine.py:23:save] [Torch] Saved /mnt/project/DriveDreamer-Policy-paired/runs/review2_u_resumed/checkpoints/.update_000002.incomplete/pytorch_model/bf16_zero_pp_rank_1_mp_rank_00_optim_states.pt.
[2026-09-17 16:30:14,854] [INFO] [engine.py:3701:_save_zero_checkpoint] zero checkpoint saved /mnt/project/DriveDreamer-Policy-paired/runs/review2_u_resumed/checkpoints/.update_000002.incomplete/pytorch_model/bf16_zero_pp_rank_1_mp_rank_00_optim_states.pt
[2026-09-17 16:30:14,854] [INFO] [torch_checkpoint_engine.py:33:commit] [Torch] Checkpoint pytorch_model is ready now!
[2026-09-17 16:30:15,654] [INFO] [torch_checkpoint_engine.py:23:save] [Torch] Saved /mnt/project/DriveDreamer-Policy-paired/runs/review2_u_resumed/checkpoints/.update_000002.incomplete/pytorch_model/bf16_zero_pp_rank_0_mp_rank_00_optim_states.pt.
[2026-09-17 16:30:15,657] [INFO] [engine.py:3701:_save_zero_checkpoint] zero checkpoint saved /mnt/project/DriveDreamer-Policy-paired/runs/review2_u_resumed/checkpoints/.update_000002.incomplete/pytorch_model/bf16_zero_pp_rank_0_mp_rank_00_optim_states.pt
[2026-09-17 16:30:15,657] [INFO] [torch_checkpoint_engine.py:33:commit] [Torch] Checkpoint pytorch_model is ready now!
/root/miniconda3/envs/ddp/lib/python3.10/site-packages/torch/cuda/__init__.py:61: FutureWarning: The pynvml package is deprecated. Please install nvidia-ml-py instead. If you did not install pynvml directly, please report this to the maintainers of the package that installed pynvml for you.
  import pynvml  # type: ignore[import]
/root/miniconda3/envs/ddp/lib/python3.10/site-packages/torch/cuda/__init__.py:61: FutureWarning: The pynvml package is deprecated. Please install nvidia-ml-py instead. If you did not install pynvml directly, please report this to the maintainers of the package that installed pynvml for you.
  import pynvml  # type: ignore[import]
/root/miniconda3/envs/ddp/lib/python3.10/site-packages/torch/cuda/__init__.py:61: FutureWarning: The pynvml package is deprecated. Please install nvidia-ml-py instead. If you did not install pynvml directly, please report this to the maintainers of the package that installed pynvml for you.
  import pynvml  # type: ignore[import]
/root/miniconda3/envs/ddp/lib/python3.10/site-packages/torch/cuda/__init__.py:61: FutureWarning: The pynvml package is deprecated. Please install nvidia-ml-py instead. If you did not install pynvml directly, please report this to the maintainers of the package that installed pynvml for you.
  import pynvml  # type: ignore[import]
/root/miniconda3/envs/ddp/lib/python3.10/site-packages/lightning_fabric/__init__.py:41: pkg_resources is deprecated as an API. See https://setuptools.pypa.io/en/latest/pkg_resources.html. The pkg_resources package is slated for removal as early as 2025-11-30. Refrain from using this package or pin to Setuptools<81.
/root/miniconda3/envs/ddp/lib/python3.10/site-packages/lightning_fabric/__init__.py:41: pkg_resources is deprecated as an API. See https://setuptools.pypa.io/en/latest/pkg_resources.html. The pkg_resources package is slated for removal as early as 2025-11-30. Refrain from using this package or pin to Setuptools<81.
/root/miniconda3/envs/ddp/lib/python3.10/site-packages/lightning_fabric/__init__.py:41: pkg_resources is deprecated as an API. See https://setuptools.pypa.io/en/latest/pkg_resources.html. The pkg_resources package is slated for removal as early as 2025-11-30. Refrain from using this package or pin to Setuptools<81.
/root/miniconda3/envs/ddp/lib/python3.10/site-packages/lightning_fabric/__init__.py:41: pkg_resources is deprecated as an API. See https://setuptools.pypa.io/en/latest/pkg_resources.html. The pkg_resources package is slated for removal as early as 2025-11-30. Refrain from using this package or pin to Setuptools<81.
{"pre_update_ratio_min": 1.0, "pre_update_ratio_max": 1.0, "pre_update_ratio_mean": 1.0, "pre_update_ratio_clip_fraction": 0.0, "pre_update_ratio_count": 1280.0, "pre_update_ratio_quantiles": {"0.0": 1.0, "0.01": 1.0, "0.5": 1.0, "0.99": 1.0, "1.0": 1.0}, "loss": 0.0003688698047881189, "grpo": -3.3132730790086384e-06, "reference": 0.0002496976403563167, "sft": 0.0036968609201721847, "old_policy_drift": 0.0, "reward": 0.957156213466078, "reward_zero_fraction": 0.0078125, "all_zero_groups": 0.0, "all_equal_groups": 0.5625, "scene_count": 16.0, "candidate_count": 128.0, "replay_scene_count": 16.0, "sft_component/action_loss": 0.0036968609201721847, "sft_component/rgb_loss": 0.0, "sft_component/gs_loss": 0.0, "sft_component/reward_loss": 0.0, "sft_component/agent_dino_loss": 0.0, "reward_component/no_at_fault_collisions": 1.0, "reward_component/drivable_area_compliance": 0.9921875, "reward_component/driving_direction_compliance": 1.0, "reward_component/traffic_light_compliance": 1.0, "reward_component/ego_progress": 0.9010679676355311, "reward_component/time_to_collision_within_bound": 1.0, "reward_component/lane_keeping": 1.0, "reward_component/history_comfort": 1.0, "reward_component/pdm_score": 0.9392990708756577, "reward_component/score": 0.9571562137328005, "post_update_probe_ratio_min": 0.9450550675392151, "post_update_probe_ratio_max": 1.0278555154800415, "post_update_probe_ratio_mean": 0.9998461563605815, "post_update_probe_ratio_clip_fraction": 0.00859375, "post_update_probe_ratio_count": 1280.0, "post_update_probe_ratio_quantiles": {"0.0": 0.9450550675392151, "0.01": 0.9855242085456848, "0.5": 0.9999836981296539, "0.99": 1.010911318063736, "1.0": 1.0278555154800415}, "update": 3, "policy_version": 1, "inner_epoch": 0, "loss_coefficients": {"grpo": 1.0, "reference": 0.01, "sft": 0.1}, "lr": [1.0000000000000002e-06, 1.0000000000000002e-06, 1.0000000000000002e-06], "pre_clip_grad_norm": 1.3793258666992188, "clip_scale": 0.7249913157952457, "post_clip_grad_norm": null, "grad_norm_status": "pre: backend global norm; scale: backend formula; post: unavailable", "ranks": [{"pre_update_ratio_min": 1.0, "pre_update_ratio_max": 1.0, "pre_update_ratio_mean": 1.0, "pre_update_ratio_clip_fraction": 0.0, "pre_update_ratio_count": 320.0, "pre_update_ratio_quantiles": {"0.0": 1.0, "0.01": 1.0, "0.5": 1.0, "0.99": 1.0, "1.0": 1.0}, "loss": 0.0003125302646367345, "grpo": -4.410743713378906e-06, "reference": 0.0002960269175673602, "sft": 0.0031398073479067534, "old_policy_drift": 0.0, "reward": 0.9660919681191444, "reward_zero_fraction": 0.0, "all_zero_groups": 0.0, "all_equal_groups": 0.5, "scene_count": 4.0, "candidate_count": 32.0, "replay_scene_count": 4.0, "sft_component/action_loss": 0.0031398073479067534, "sft_component/rgb_loss": 0.0, "sft_component/gs_loss": 0.0, "sft_component/reward_loss": 0.0, "sft_component/agent_dino_loss": 0.0, "reward_component/no_at_fault_collisions": 1.0, "reward_component/drivable_area_compliance": 1.0, "reward_component/driving_direction_compliance": 1.0, "reward_component/traffic_light_compliance": 1.0, "reward_component/ego_progress": 0.9050575079534352, "reward_component/time_to_collision_within_bound": 1.0, "reward_component/lane_keeping": 1.0, "reward_component/history_comfort": 1.0, "reward_component/pdm_score": 0.9660919671262269, "reward_component/score": 0.9660919671262269, "post_update_probe_ratio_min": 0.9602728486061096, "post_update_probe_ratio_max": 1.0278555154800415, "post_update_probe_ratio_mean": 0.9998146202415228, "post_update_probe_ratio_clip_fraction": 0.0125, "post_update_probe_ratio_count": 320.0, "post_update_probe_ratio_quantiles": {"0.0": 0.9602728486061096, "0.01": 0.985574499964714, "0.5": 0.9999865293502808, "0.99": 1.0129762947559358, "1.0": 1.0278555154800415}, "local_backward_contribution_l2": {"action_model": 3.6206624507904053, "qwen_vl_interface": 1.2315328121185303, "action_input_model": 0.8854064345359802}, "gradient_tensors": 672, "gradient_hook_scope": "local sum of squared backward contributions; not optimizer gradient norm", "module_parameter_probe_delta_l2": {"qwen_vl_interface": 1.1929270840482786e-05, "action_input_model": 0.0, "action_model": 2.4091579689411446e-05}, "parameter_probe_values": 10740, "pre_clip_grad_norm": 1.3793258666992188, "clip_scale": 0.7249913157952457, "post_clip_grad_norm": null, "grad_norm_status": "pre: backend global norm; scale: backend formula; post: unavailable", "update": 3, "policy_version": 1, "inner_epoch": 0, "rank": 0, "device": {"type": "cuda", "index": 0, "name": "NVIDIA A800-SXM4-80GB"}, "behavior_sha256": ["353b0224e1a645edf40204087343e9353cf0e19ae2f295204081a16cf04789a8", "cff661534dcf2350a9ca9ddc20b3e4f84dd80e66004afe56eabff8059a63bd8f", "b4aee7e45283f32776f133a8428226c795db5235859e90fc5d2b1bd270acb840", "d847f5871bbf3de43abde7f72771231ce879b1bcd7154cc602b79c54274f4f7b"], "scene_tokens": [["1b98190fceaa5b27"], ["27da9497a6865507"], ["48a8a32f684551c2"], ["ce621aea34365fe7"]], "replay_tokens": ["bb29b666f7fb5449", "30a016d1ab355938", "0b1817f04a49512a", "890bd9a9d7a55725"], "rollout_score_reference_seconds": 48.1708530113101, "update_seconds": 77.12605386041105, "peak_gpu_gib": 25.930838584899902, "loss_coefficients": {"grpo": 1.0, "reference": 0.01, "sft": 0.1}, "lr": [1.0000000000000002e-06, 1.0000000000000002e-06, 1.0000000000000002e-06], "reward_errors": 0, "dtype_before_step": {"parameters": {"torch.bfloat16": 994}, "gradients": {}, "parameter_grad_accum": {}, "communication_buffers": ["torch.float32"], "accumulation_dtype": "torch.float32", "communication_dtype": "torch.float32", "partition_buffers": ["torch.bfloat16", "torch.bfloat16", "torch.bfloat16", "torch.bfloat16", "torch.bfloat16", "torch.bfloat16", "torch.bfloat16", "torch.bfloat16", "torch.bfloat16", "torch.bfloat16", "torch.bfloat16", "torch.bfloat16", "torch.bfloat16", "torch.bfloat16", "torch.bfloat16", "torch.bfloat16", "torch.bfloat16", "torch.bfloat16", "torch.bfloat16", "torch.bfloat16", "torch.bfloat16", "torch.bfloat16", "torch.bfloat16", "torch.bfloat16", "torch.bfloat16", "torch.bfloat16", "torch.bfloat16", "torch.bfloat16", "torch.bfloat16", "torch.bfloat16", "torch.bfloat16", "torch.bfloat16", "torch.bfloat16", "torch.bfloat16", "torch.bfloat16", "torch.bfloat16", "torch.bfloat16", "torch.bfloat16", "torch.bfloat16", "torch.bfloat16", "torch.bfloat16", "torch.bfloat16", "torch.bfloat16", "torch.bfloat16", "torch.bfloat16", "torch.bfloat16", "torch.bfloat16", "torch.bfloat16", "torch.bfloat16", "torch.bfloat16", "torch.bfloat16", "torch.bfloat16", "torch.bfloat16", "torch.bfloat16", "torch.bfloat16", "torch.bfloat16", "torch.bfloat16", "torch.bfloat16", "torch.bfloat16", "torch.bfloat16", "torch.bfloat16", "torch.bfloat16", "torch.bfloat16", "torch.bfloat16", "torch.bfloat16", "torch.bfloat16", "torch.bfloat16", "torch.bfloat16", "torch.bfloat16", "torch.bfloat16", "torch.bfloat16", "torch.bfloat16", "torch.bfloat16", "torch.bfloat16", "torch.bfloat16", "torch.bfloat16", "torch.bfloat16", "torch.bfloat16", "torch.bfloat16", "torch.bfloat16", "torch.bfloat16", "torch.bfloat16", "torch.bfloat16", "torch.bfloat16", "torch.bfloat16", "torch.bfloat16", "torch.bfloat16", "torch.bfloat16", "torch.bfloat16", "torch.bfloat16", "torch.bfloat16", "torch.bfloat16", "torch.bfloat16", "torch.bfloat16", "torch.bfloat16", "torch.bfloat16", "torch.bfloat16", "torch.bfloat16", "torch.bfloat16", "torch.bfloat16", "torch.bfloat16", "torch.bfloat16", "torch.bfloat16", "torch.bfloat16", "torch.bfloat16", "torch.bfloat16", "torch.bfloat16", "torch.bfloat16", "torch.bfloat16", "torch.bfloat16", "torch.bfloat16", "torch.bfloat16", "torch.bfloat16", "torch.bfloat16", "torch.bfloat16", "torch.bfloat16", "torch.bfloat16", "torch.bfloat16", "torch.bfloat16", "torch.bfloat16", "torch.bfloat16", "torch.bfloat16", "torch.bfloat16", "torch.bfloat16", "torch.bfloat16", "torch.bfloat16", "torch.bfloat16", "torch.bfloat16", "torch.bfloat16", "torch.bfloat16", "torch.bfloat16", "torch.bfloat16", "torch.bfloat16", "torch.bfloat16", "torch.bfloat16", "torch.bfloat16", "torch.bfloat16", "torch.bfloat16", "torch.bfloat16", "torch.bfloat16", "torch.bfloat16", "torch.bfloat16", "torch.bfloat16", "torch.bfloat16", "torch.bfloat16", "torch.bfloat16", "torch.bfloat16", "torch.bfloat16", "torch.bfloat16", "torch.bfloat16", "torch.bfloat16", "torch.bfloat16", "torch.bfloat16", "torch.bfloat16", "torch.bfloat16", "torch.bfloat16", "torch.bfloat16", "torch.bfloat16", "torch.bfloat16", "torch.bfloat16", "torch.bfloat16", "torch.bfloat16", "torch.bfloat16", "torch.bfloat16", "torch.bfloat16", "torch.bfloat16", "torch.bfloat16", "torch.bfloat16", "torch.bfloat16", "torch.bfloat16"], "master_weights": ["torch.float32", "torch.float32", "torch.float32"], "optimizer_states": {"torch.float32": 9}}, "activation_dtypes": {"qwen_vl_interface.model.visual": {"input": ["torch.bfloat16"], "output": ["torch.bfloat16"], "parameter": ["torch.bfloat16"]}, "action_input_model": {"input": ["torch.float32"], "output": ["torch.float32"], "parameter": ["torch.bfloat16"]}, "qwen_vl_interface.model.model.language_model": {"input": [], "output": ["torch.bfloat16"], "parameter": ["torch.bfloat16"]}, "action_model.qwen_proj": {"input": ["torch.bfloat16"], "output": ["torch.float32"], "parameter": ["torch.bfloat16"]}, "action_model.action_encoder": {"input": ["torch.float32", "torch.int64"], "output": ["torch.float32"], "parameter": ["torch.bfloat16"]}, "action_model.model": {"input": [], "output": ["torch.float32"], "parameter": ["torch.bfloat16"]}}, "dtype": {"parameters": {"torch.bfloat16": 994}, "gradients": {}, "parameter_grad_accum": {}, "communication_buffers": ["torch.float32"], "accumulation_dtype": "torch.float32", "communication_dtype": "torch.float32", "partition_buffers": [], "master_weights": ["torch.float32", "torch.float32", "torch.float32"], "optimizer_states": {"torch.float32": 9}}}, {"pre_update_ratio_min": 1.0, "pre_update_ratio_max": 1.0, "pre_update_ratio_mean": 1.0, "pre_update_ratio_clip_fraction": 0.0, "pre_update_ratio_count": 320.0, "pre_update_ratio_quantiles": {"0.0": 1.0, "0.01": 1.0, "0.5": 1.0, "0.99": 1.0, "1.0": 1.0}, "loss": 0.0007233712822198868, "grpo": -4.17232506322307e-08, "reference": 0.00021028155424573924, "sft": 0.0072131015767809, "old_policy_drift": 0.0, "reward": 0.9599938839673996, "reward_zero_fraction": 0.03125, "all_zero_groups": 0.0, "all_equal_groups": 0.75, "scene_count": 4.0, "candidate_count": 32.0, "replay_scene_count": 4.0, "sft_component/action_loss": 0.0072131015767809, "sft_component/rgb_loss": 0.0, "sft_component/gs_loss": 0.0, "sft_component/reward_loss": 0.0, "sft_component/agent_dino_loss": 0.0, "reward_component/no_at_fault_collisions": 1.0, "reward_component/drivable_area_compliance": 0.96875, "reward_component/driving_direction_compliance": 1.0, "reward_component/traffic_light_compliance": 1.0, "reward_component/ego_progress": 0.9721051552770753, "reward_component/time_to_collision_within_bound": 1.0, "reward_component/lane_keeping": 1.0, "reward_component/history_comfort": 1.0, "reward_component/pdm_score": 0.924279599479399, "reward_component/score": 0.9599938851936848, "post_update_probe_ratio_min": 0.9738649725914001, "post_update_probe_ratio_max": 1.0209622383117676, "post_update_probe_ratio_mean": 0.9999090107157826, "post_update_probe_ratio_clip_fraction": 0.00625, "post_update_probe_ratio_count": 320.0, "post_update_probe_ratio_quantiles": {"0.0": 0.9738649725914001, "0.01": 0.9921347105503082, "0.5": 0.999984472990036, "0.99": 1.0079728114604949, "1.0": 1.0209622383117676}, "local_backward_contribution_l2": {"action_model": 1.2860912084579468, "qwen_vl_interface": 0.49097076058387756, "action_input_model": 0.16275209188461304}, "gradient_tensors": 672, "gradient_hook_scope": "local sum of squared backward contributions; not optimizer gradient norm", "module_parameter_probe_delta_l2": {"qwen_vl_interface": 1.1929270840482786e-05, "action_input_model": 0.0, "action_model": 2.4091579689411446e-05}, "parameter_probe_values": 10740, "pre_clip_grad_norm": 1.3793258666992188, "clip_scale": 0.7249913157952457, "post_clip_grad_norm": null, "grad_norm_status": "pre: backend global norm; scale: backend formula; post: unavailable", "update": 3, "policy_version": 1, "inner_epoch": 0, "rank": 1, "device": {"type": "cuda", "index": 1, "name": "NVIDIA A800-SXM4-80GB"}, "behavior_sha256": ["fd8be3655739815477d03ef4c084e9954bb9ab35f658c068cffb6a271124962c", "5df9c1da6aef16869982247c2fa97aff8f8273475bfcd7436c06c4d78f6279df", "901fa1e88023c7e3d3affbc83e2d9ef334bdfdfac71d86962b673635b7a236fa", "a7830e389f0d2b077e53f7e7a85211eb0aac8088d13322e5f8d15d6bee69997a"], "scene_tokens": [["9a430b03acf956a0"], ["7a358ec6e65357bf"], ["91b15ef45800550e"], ["2c651f5065fa5429"]], "replay_tokens": ["8a773438aac055ec", "ce82af709bc35432", "80282ce6a7b056dd", "5f2df5cf85ef5ab2"], "rollout_score_reference_seconds": 48.170984238386154, "update_seconds": 76.39939597994089, "peak_gpu_gib": 25.938881874084473, "loss_coefficients": {"grpo": 1.0, "reference": 0.01, "sft": 0.1}, "lr": [1.0000000000000002e-06, 1.0000000000000002e-06, 1.0000000000000002e-06], "reward_errors": 0, "dtype_before_step": {"parameters": {"torch.bfloat16": 994}, "gradients": {}, "parameter_grad_accum": {}, "communication_buffers": ["torch.float32"], "accumulation_dtype": "torch.float32", "communication_dtype": "torch.float32", "partition_buffers": ["torch.bfloat16", "torch.bfloat16", "torch.bfloat16", "torch.bfloat16", "torch.bfloat16", "torch.bfloat16", "torch.bfloat16", "torch.bfloat16", "torch.bfloat16", "torch.bfloat16", "torch.bfloat16", "torch.bfloat16", "torch.bfloat16", "torch.bfloat16", "torch.bfloat16", "torch.bfloat16", "torch.bfloat16", "torch.bfloat16", "torch.bfloat16", "torch.bfloat16", "torch.bfloat16", "torch.bfloat16", "torch.bfloat16", "torch.bfloat16", "torch.bfloat16", "torch.bfloat16", "torch.bfloat16", "torch.bfloat16", "torch.bfloat16", "torch.bfloat16", "torch.bfloat16", "torch.bfloat16", "torch.bfloat16", "torch.bfloat16", "torch.bfloat16", "torch.bfloat16", "torch.bfloat16", "torch.bfloat16", "torch.bfloat16", "torch.bfloat16", "torch.bfloat16", "torch.bfloat16", "torch.bfloat16", "torch.bfloat16", "torch.bfloat16", "torch.bfloat16", "torch.bfloat16", "torch.bfloat16", "torch.bfloat16", "torch.bfloat16", "torch.bfloat16", "torch.bfloat16", "torch.bfloat16", "torch.bfloat16", "torch.bfloat16", "torch.bfloat16", "torch.bfloat16", "torch.bfloat16", "torch.bfloat16", "torch.bfloat16", "torch.bfloat16", "torch.bfloat16", "torch.bfloat16", "torch.bfloat16", "torch.bfloat16", "torch.bfloat16", "torch.bfloat16", "torch.bfloat16", "torch.bfloat16", "torch.bfloat16", "torch.bfloat16", "torch.bfloat16", "torch.bfloat16", "torch.bfloat16", "torch.bfloat16", "torch.bfloat16", "torch.bfloat16", "torch.bfloat16", "torch.bfloat16", "torch.bfloat16", "torch.bfloat16", "torch.bfloat16", "torch.bfloat16", "torch.bfloat16", "torch.bfloat16", "torch.bfloat16", "torch.bfloat16", "torch.bfloat16", "torch.bfloat16", "torch.bfloat16", "torch.bfloat16", "torch.bfloat16", "torch.bfloat16", "torch.bfloat16", "torch.bfloat16", "torch.bfloat16", "torch.bfloat16", "torch.bfloat16", "torch.bfloat16", "torch.bfloat16", "torch.bfloat16", "torch.bfloat16", "torch.bfloat16", "torch.bfloat16", "torch.bfloat16", "torch.bfloat16", "torch.bfloat16", "torch.bfloat16", "torch.bfloat16", "torch.bfloat16", "torch.bfloat16", "torch.bfloat16", "torch.bfloat16", "torch.bfloat16", "torch.bfloat16", "torch.bfloat16", "torch.bfloat16", "torch.bfloat16", "torch.bfloat16", "torch.bfloat16", "torch.bfloat16", "torch.bfloat16", "torch.bfloat16", "torch.bfloat16", "torch.bfloat16", "torch.bfloat16", "torch.bfloat16", "torch.bfloat16", "torch.bfloat16", "torch.bfloat16", "torch.bfloat16", "torch.bfloat16", "torch.bfloat16", "torch.bfloat16", "torch.bfloat16", "torch.bfloat16", "torch.bfloat16", "torch.bfloat16", "torch.bfloat16", "torch.bfloat16", "torch.bfloat16", "torch.bfloat16", "torch.bfloat16", "torch.bfloat16", "torch.bfloat16", "torch.bfloat16", "torch.bfloat16", "torch.bfloat16", "torch.bfloat16", "torch.bfloat16", "torch.bfloat16", "torch.bfloat16", "torch.bfloat16", "torch.bfloat16", "torch.bfloat16", "torch.bfloat16", "torch.bfloat16", "torch.bfloat16", "torch.bfloat16", "torch.bfloat16", "torch.bfloat16", "torch.bfloat16", "torch.bfloat16", "torch.bfloat16", "torch.bfloat16", "torch.bfloat16", "torch.bfloat16", "torch.bfloat16", "torch.bfloat16", "torch.bfloat16"], "master_weights": ["torch.float32", "torch.float32", "torch.float32"], "optimizer_states": {"torch.float32": 9}}, "activation_dtypes": {"qwen_vl_interface.model.visual": {"input": ["torch.bfloat16"], "output": ["torch.bfloat16"], "parameter": ["torch.bfloat16"]}, "action_input_model": {"input": ["torch.float32"], "output": ["torch.float32"], "parameter": ["torch.bfloat16"]}, "qwen_vl_interface.model.model.language_model": {"input": [], "output": ["torch.bfloat16"], "parameter": ["torch.bfloat16"]}, "action_model.qwen_proj": {"input": ["torch.bfloat16"], "output": ["torch.float32"], "parameter": ["torch.bfloat16"]}, "action_model.action_encoder": {"input": ["torch.float32", "torch.int64"], "output": ["torch.float32"], "parameter": ["torch.bfloat16"]}, "action_model.model": {"input": [], "output": ["torch.float32"], "parameter": ["torch.bfloat16"]}}, "dtype": {"parameters": {"torch.bfloat16": 994}, "gradients": {}, "parameter_grad_accum": {}, "communication_buffers": ["torch.float32"], "accumulation_dtype": "torch.float32", "communication_dtype": "torch.float32", "partition_buffers": [], "master_weights": ["torch.float32", "torch.float32", "torch.float32"], "optimizer_states": {"torch.float32": 9}}}, {"pre_update_ratio_min": 1.0, "pre_update_ratio_max": 1.0, "pre_update_ratio_mean": 1.0, "pre_update_ratio_clip_fraction": 0.0, "pre_update_ratio_count": 320.0, "pre_update_ratio_quantiles": {"0.0": 1.0, "0.01": 1.0, "0.5": 1.0, "0.99": 1.0, "1.0": 1.0}, "loss": 0.00016511504327354487, "grpo": -1.3384222711465554e-05, "reference": 0.00033339104084006976, "sft": 0.0017516535590402782, "old_policy_drift": 0.0, "reward": 0.9537146613001823, "reward_zero_fraction": 0.0, "all_zero_groups": 0.0, "all_equal_groups": 0.5, "scene_count": 4.0, "candidate_count": 32.0, "replay_scene_count": 4.0, "sft_component/action_loss": 0.0017516535590402782, "sft_component/rgb_loss": 0.0, "sft_component/gs_loss": 0.0, "sft_component/reward_loss": 0.0, "sft_component/agent_dino_loss": 0.0, "reward_component/no_at_fault_collisions": 1.0, "reward_component/drivable_area_compliance": 1.0, "reward_component/driving_direction_compliance": 1.0, "reward_component/traffic_light_compliance": 1.0, "reward_component/ego_progress": 0.8704010598275579, "reward_component/time_to_collision_within_bound": 1.0, "reward_component/lane_keeping": 1.0, "reward_component/history_comfort": 1.0, "reward_component/pdm_score": 0.9537146642241279, "reward_component/score": 0.9537146642241279, "post_update_probe_ratio_min": 0.9819058775901794, "post_update_probe_ratio_max": 1.021033525466919, "post_update_probe_ratio_mean": 1.0001513240858912, "post_update_probe_ratio_clip_fraction": 0.003125, "post_update_probe_ratio_count": 320.0, "post_update_probe_ratio_quantiles": {"0.0": 0.9819058775901794, "0.01": 0.9878956472873688, "0.5": 0.9999984204769135, "0.99": 1.010376089811325, "1.0": 1.021033525466919}, "local_backward_contribution_l2": {"action_model": 1.9109032154083252, "qwen_vl_interface": 0.8252458572387695, "action_input_model": 0.5471845865249634}, "gradient_tensors": 672, "gradient_hook_scope": "local sum of squared backward contributions; not optimizer gradient norm", "module_parameter_probe_delta_l2": {"qwen_vl_interface": 1.1929270840482786e-05, "action_input_model": 0.0, "action_model": 2.4091579689411446e-05}, "parameter_probe_values": 10740, "pre_clip_grad_norm": 1.3793258666992188, "clip_scale": 0.7249913157952457, "post_clip_grad_norm": null, "grad_norm_status": "pre: backend global norm; scale: backend formula; post: unavailable", "update": 3, "policy_version": 1, "inner_epoch": 0, "rank": 2, "device": {"type": "cuda", "index": 2, "name": "NVIDIA A800-SXM4-80GB"}, "behavior_sha256": ["0c2256ce2318b09fe017093bd060fad3b363cb9a1a65b8d3cc6ce7bd9ab38c58", "c69492e92a8a0d22e3c0bfc13849fe971c83f8b3a6bc211786fb2889420d9bc7", "c2e7943ae658f4f9e9e48ce47e43719d16b4ca2e1808f6304852e326b851c1f1", "039f0ace7df3d445a39cc677f2e7520902547af81fb3aef9d83a5070ebc719f7"], "scene_tokens": [["7014fdaa700f564c"], ["5ead086fd3f35634"], ["cfe22f5d8edd5067"], ["a49d7bf25d295068"]], "replay_tokens": ["80fe9ed10cc9541c", "e22c42717cd35ba2", "b26116b48bfb5b72", "e4f10036f6c153eb"], "rollout_score_reference_seconds": 48.170780358836055, "update_seconds": 76.69460310414433, "peak_gpu_gib": 25.9439959526062, "loss_coefficients": {"grpo": 1.0, "reference": 0.01, "sft": 0.1}, "lr": [1.0000000000000002e-06, 1.0000000000000002e-06, 1.0000000000000002e-06], "reward_errors": 0, "dtype_before_step": {"parameters": {"torch.bfloat16": 994}, "gradients": {}, "parameter_grad_accum": {}, "communication_buffers": ["torch.float32"], "accumulation_dtype": "torch.float32", "communication_dtype": "torch.float32", "partition_buffers": ["torch.bfloat16", "torch.bfloat16", "torch.bfloat16", "torch.bfloat16", "torch.bfloat16", "torch.bfloat16", "torch.bfloat16", "torch.bfloat16", "torch.bfloat16", "torch.bfloat16", "torch.bfloat16", "torch.bfloat16", "torch.bfloat16", "torch.bfloat16", "torch.bfloat16", "torch.bfloat16", "torch.bfloat16", "torch.bfloat16", "torch.bfloat16", "torch.bfloat16", "torch.bfloat16", "torch.bfloat16", "torch.bfloat16", "torch.bfloat16", "torch.bfloat16", "torch.bfloat16", "torch.bfloat16", "torch.bfloat16", "torch.bfloat16", "torch.bfloat16", "torch.bfloat16", "torch.bfloat16", "torch.bfloat16", "torch.bfloat16", "torch.bfloat16", "torch.bfloat16", "torch.bfloat16", "torch.bfloat16", "torch.bfloat16", "torch.bfloat16", "torch.bfloat16", "torch.bfloat16", "torch.bfloat16", "torch.bfloat16", "torch.bfloat16", "torch.bfloat16", "torch.bfloat16", "torch.bfloat16", "torch.bfloat16", "torch.bfloat16", "torch.bfloat16", "torch.bfloat16", "torch.bfloat16", "torch.bfloat16", "torch.bfloat16", "torch.bfloat16", "torch.bfloat16", "torch.bfloat16", "torch.bfloat16", "torch.bfloat16", "torch.bfloat16", "torch.bfloat16", "torch.bfloat16", "torch.bfloat16", "torch.bfloat16", "torch.bfloat16", "torch.bfloat16", "torch.bfloat16", "torch.bfloat16", "torch.bfloat16", "torch.bfloat16", "torch.bfloat16", "torch.bfloat16", "torch.bfloat16", "torch.bfloat16", "torch.bfloat16", "torch.bfloat16", "torch.bfloat16", "torch.bfloat16", "torch.bfloat16", "torch.bfloat16", "torch.bfloat16", "torch.bfloat16", "torch.bfloat16", "torch.bfloat16", "torch.bfloat16", "torch.bfloat16", "torch.bfloat16", "torch.bfloat16", "torch.bfloat16", "torch.bfloat16", "torch.bfloat16", "torch.bfloat16", "torch.bfloat16", "torch.bfloat16", "torch.bfloat16", "torch.bfloat16", "torch.bfloat16", "torch.bfloat16", "torch.bfloat16", "torch.bfloat16", "torch.bfloat16", "torch.bfloat16", "torch.bfloat16", "torch.bfloat16", "torch.bfloat16", "torch.bfloat16", "torch.bfloat16", "torch.bfloat16", "torch.bfloat16", "torch.bfloat16", "torch.bfloat16", "torch.bfloat16", "torch.bfloat16", "torch.bfloat16", "torch.bfloat16", "torch.bfloat16", "torch.bfloat16", "torch.bfloat16", "torch.bfloat16", "torch.bfloat16", "torch.bfloat16", "torch.bfloat16", "torch.bfloat16", "torch.bfloat16", "torch.bfloat16", "torch.bfloat16", "torch.bfloat16", "torch.bfloat16", "torch.bfloat16", "torch.bfloat16", "torch.bfloat16", "torch.bfloat16", "torch.bfloat16", "torch.bfloat16", "torch.bfloat16", "torch.bfloat16", "torch.bfloat16", "torch.bfloat16", "torch.bfloat16", "torch.bfloat16", "torch.bfloat16", "torch.bfloat16", "torch.bfloat16", "torch.bfloat16", "torch.bfloat16", "torch.bfloat16", "torch.bfloat16", "torch.bfloat16", "torch.bfloat16", "torch.bfloat16", "torch.bfloat16", "torch.bfloat16", "torch.bfloat16", "torch.bfloat16", "torch.bfloat16", "torch.bfloat16", "torch.bfloat16", "torch.bfloat16", "torch.bfloat16", "torch.bfloat16", "torch.bfloat16", "torch.bfloat16", "torch.bfloat16", "torch.bfloat16", "torch.bfloat16", "torch.bfloat16", "torch.bfloat16"], "master_weights": ["torch.float32", "torch.float32", "torch.float32"], "optimizer_states": {"torch.float32": 9}}, "activation_dtypes": {"qwen_vl_interface.model.visual": {"input": ["torch.bfloat16"], "output": ["torch.bfloat16"], "parameter": ["torch.bfloat16"]}, "action_input_model": {"input": ["torch.float32"], "output": ["torch.float32"], "parameter": ["torch.bfloat16"]}, "qwen_vl_interface.model.model.language_model": {"input": [], "output": ["torch.bfloat16"], "parameter": ["torch.bfloat16"]}, "action_model.qwen_proj": {"input": ["torch.bfloat16"], "output": ["torch.float32"], "parameter": ["torch.bfloat16"]}, "action_model.action_encoder": {"input": ["torch.float32", "torch.int64"], "output": ["torch.float32"], "parameter": ["torch.bfloat16"]}, "action_model.model": {"input": [], "output": ["torch.float32"], "parameter": ["torch.bfloat16"]}}, "dtype": {"parameters": {"torch.bfloat16": 994}, "gradients": {}, "parameter_grad_accum": {}, "communication_buffers": ["torch.float32"], "accumulation_dtype": "torch.float32", "communication_dtype": "torch.float32", "partition_buffers": [], "master_weights": ["torch.float32", "torch.float32", "torch.float32"], "optimizer_states": {"torch.float32": 9}}}, {"pre_update_ratio_min": 1.0, "pre_update_ratio_max": 1.0, "pre_update_ratio_mean": 1.0, "pre_update_ratio_clip_fraction": 0.0, "pre_update_ratio_count": 320.0, "pre_update_ratio_quantiles": {"0.0": 1.0, "0.01": 1.0, "0.5": 1.0, "0.99": 1.0, "1.0": 1.0}, "loss": 0.00027446262902230956, "grpo": 4.5835973594421375e-06, "reference": 0.00015909104877209757, "sft": 0.002682881196960807, "old_policy_drift": 0.0, "reward": 0.9488243404775858, "reward_zero_fraction": 0.0, "all_zero_groups": 0.0, "all_equal_groups": 0.5, "scene_count": 4.0, "candidate_count": 32.0, "replay_scene_count": 4.0, "sft_component/action_loss": 0.002682881196960807, "sft_component/rgb_loss": 0.0, "sft_component/gs_loss": 0.0, "sft_component/reward_loss": 0.0, "sft_component/agent_dino_loss": 0.0, "reward_component/no_at_fault_collisions": 1.0, "reward_component/drivable_area_compliance": 1.0, "reward_component/driving_direction_compliance": 1.0, "reward_component/traffic_light_compliance": 1.0, "reward_component/ego_progress": 0.8567081474840557, "reward_component/time_to_collision_within_bound": 1.0, "reward_component/lane_keeping": 1.0, "reward_component/history_comfort": 1.0, "reward_component/pdm_score": 0.9131100526728768, "reward_component/score": 0.9488243383871626, "post_update_probe_ratio_min": 0.9450550675392151, "post_update_probe_ratio_max": 1.0199145078659058, "post_update_probe_ratio_mean": 0.9995096703991294, "post_update_probe_ratio_clip_fraction": 0.0125, "post_update_probe_ratio_count": 320.0, "post_update_probe_ratio_quantiles": {"0.0": 0.9450550675392151, "0.01": 0.977425960302353, "0.5": 0.9999640583992004, "0.99": 1.0067529666423798, "1.0": 1.0199145078659058}, "local_backward_contribution_l2": {"action_model": 1.399430274963379, "qwen_vl_interface": 1.0772558450698853, "action_input_model": 0.5168831944465637}, "gradient_tensors": 672, "gradient_hook_scope": "local sum of squared backward contributions; not optimizer gradient norm", "module_parameter_probe_delta_l2": {"qwen_vl_interface": 1.1929270840482786e-05, "action_input_model": 0.0, "action_model": 2.4091579689411446e-05}, "parameter_probe_values": 10740, "pre_clip_grad_norm": 1.3793258666992188, "clip_scale": 0.7249913157952457, "post_clip_grad_norm": null, "grad_norm_status": "pre: backend global norm; scale: backend formula; post: unavailable", "update": 3, "policy_version": 1, "inner_epoch": 0, "rank": 3, "device": {"type": "cuda", "index": 3, "name": "NVIDIA A800-SXM4-80GB"}, "behavior_sha256": ["ce071fa518a4184c7c854b2ed6444eedeb9a7c6556034870cd933817e5fef908", "e83783bc5e6dd144aadaca10e4e113b447d877d11a3ee592e290f41c80d53f75", "a16148500e50a60b34bb515d2eeb0e1098cb73615ca7ce9ac1dc3e9dc9a743af", "86847f9411e17b19ef03235acb71b5bb043435e694cb3dd31c22958685d35459"], "scene_tokens": [["0d910daaa400574a"], ["cc49ebbbb0b754fa"], ["f3139a36eb03571e"], ["fb90916923ae50f9"]], "replay_tokens": ["d61f861b149e551e", "b62f755a0b6b583b", "379b9337542359bd", "a35e7ff6851b5e3e"], "rollout_score_reference_seconds": 48.170792523771524, "update_seconds": 77.02995991520584, "peak_gpu_gib": 26.71266794204712, "loss_coefficients": {"grpo": 1.0, "reference": 0.01, "sft": 0.1}, "lr": [1.0000000000000002e-06, 1.0000000000000002e-06, 1.0000000000000002e-06], "reward_errors": 0, "dtype_before_step": {"parameters": {"torch.bfloat16": 994}, "gradients": {}, "parameter_grad_accum": {}, "communication_buffers": ["torch.float32"], "accumulation_dtype": "torch.float32", "communication_dtype": "torch.float32", "partition_buffers": ["torch.bfloat16", "torch.bfloat16", "torch.bfloat16", "torch.bfloat16", "torch.bfloat16", "torch.bfloat16", "torch.bfloat16", "torch.bfloat16", "torch.bfloat16", "torch.bfloat16", "torch.bfloat16", "torch.bfloat16", "torch.bfloat16", "torch.bfloat16", "torch.bfloat16", "torch.bfloat16", "torch.bfloat16", "torch.bfloat16", "torch.bfloat16", "torch.bfloat16", "torch.bfloat16", "torch.bfloat16", "torch.bfloat16", "torch.bfloat16", "torch.bfloat16", "torch.bfloat16", "torch.bfloat16", "torch.bfloat16", "torch.bfloat16", "torch.bfloat16", "torch.bfloat16", "torch.bfloat16", "torch.bfloat16", "torch.bfloat16", "torch.bfloat16", "torch.bfloat16", "torch.bfloat16", "torch.bfloat16", "torch.bfloat16", "torch.bfloat16", "torch.bfloat16", "torch.bfloat16", "torch.bfloat16", "torch.bfloat16", "torch.bfloat16", "torch.bfloat16", "torch.bfloat16", "torch.bfloat16", "torch.bfloat16", "torch.bfloat16", "torch.bfloat16", "torch.bfloat16", "torch.bfloat16", "torch.bfloat16", "torch.bfloat16", "torch.bfloat16", "torch.bfloat16", "torch.bfloat16", "torch.bfloat16", "torch.bfloat16", "torch.bfloat16", "torch.bfloat16", "torch.bfloat16", "torch.bfloat16", "torch.bfloat16", "torch.bfloat16", "torch.bfloat16", "torch.bfloat16", "torch.bfloat16", "torch.bfloat16", "torch.bfloat16", "torch.bfloat16", "torch.bfloat16", "torch.bfloat16", "torch.bfloat16", "torch.bfloat16", "torch.bfloat16", "torch.bfloat16", "torch.bfloat16", "torch.bfloat16", "torch.bfloat16", "torch.bfloat16", "torch.bfloat16", "torch.bfloat16", "torch.bfloat16", "torch.bfloat16", "torch.bfloat16", "torch.bfloat16", "torch.bfloat16", "torch.bfloat16", "torch.bfloat16", "torch.bfloat16", "torch.bfloat16", "torch.float32", "torch.bfloat16", "torch.bfloat16", "torch.bfloat16", "torch.bfloat16", "torch.bfloat16", "torch.bfloat16", "torch.bfloat16", "torch.bfloat16", "torch.bfloat16", "torch.bfloat16", "torch.bfloat16", "torch.bfloat16", "torch.bfloat16", "torch.bfloat16", "torch.bfloat16", "torch.bfloat16", "torch.bfloat16", "torch.bfloat16", "torch.bfloat16", "torch.bfloat16", "torch.bfloat16", "torch.bfloat16", "torch.bfloat16", "torch.bfloat16", "torch.bfloat16", "torch.bfloat16", "torch.bfloat16", "torch.bfloat16", "torch.bfloat16", "torch.bfloat16", "torch.bfloat16", "torch.bfloat16", "torch.bfloat16", "torch.bfloat16", "torch.bfloat16", "torch.bfloat16", "torch.bfloat16", "torch.bfloat16", "torch.bfloat16", "torch.bfloat16", "torch.bfloat16", "torch.bfloat16", "torch.bfloat16", "torch.bfloat16", "torch.bfloat16", "torch.bfloat16", "torch.bfloat16", "torch.bfloat16", "torch.bfloat16", "torch.bfloat16", "torch.bfloat16", "torch.bfloat16", "torch.bfloat16", "torch.bfloat16", "torch.bfloat16", "torch.bfloat16", "torch.bfloat16", "torch.bfloat16", "torch.bfloat16", "torch.bfloat16", "torch.bfloat16", "torch.bfloat16", "torch.bfloat16", "torch.bfloat16", "torch.bfloat16", "torch.bfloat16", "torch.bfloat16", "torch.bfloat16", "torch.bfloat16", "torch.bfloat16", "torch.bfloat16", "torch.bfloat16", "torch.bfloat16", "torch.bfloat16", "torch.bfloat16", "torch.bfloat16", "torch.bfloat16", "torch.bfloat16", "torch.bfloat16", "torch.bfloat16"], "master_weights": ["torch.float32", "torch.float32", "torch.float32"], "optimizer_states": {"torch.float32": 9}}, "activation_dtypes": {"qwen_vl_interface.model.visual": {"input": ["torch.bfloat16"], "output": ["torch.bfloat16"], "parameter": ["torch.bfloat16"]}, "action_input_model": {"input": ["torch.float32"], "output": ["torch.float32"], "parameter": ["torch.bfloat16"]}, "qwen_vl_interface.model.model.language_model": {"input": [], "output": ["torch.bfloat16"], "parameter": ["torch.bfloat16"]}, "action_model.qwen_proj": {"input": ["torch.bfloat16"], "output": ["torch.float32"], "parameter": ["torch.bfloat16"]}, "action_model.action_encoder": {"input": ["torch.float32", "torch.int64"], "output": ["torch.float32"], "parameter": ["torch.bfloat16"]}, "action_model.model": {"input": [], "output": ["torch.float32"], "parameter": ["torch.bfloat16"]}}, "dtype": {"parameters": {"torch.bfloat16": 994}, "gradients": {}, "parameter_grad_accum": {}, "communication_buffers": ["torch.float32"], "accumulation_dtype": "torch.float32", "communication_dtype": "torch.float32", "partition_buffers": [], "master_weights": ["torch.float32", "torch.float32", "torch.float32"], "optimizer_states": {"torch.float32": 9}}}], "peak_gpu_gib_by_rank": [25.930838584899902, 25.938881874084473, 25.9439959526062, 26.71266794204712], "peak_gpu_gib_max": 26.71266794204712, "reward_errors": 0}
[2026-09-17 16:33:08,622] [INFO] [logging.py:107:log_dist] [Rank 0] [Torch] Checkpoint pytorch_model is about to be saved!
[2026-09-17 16:33:09,121] [INFO] [logging.py:107:log_dist] [Rank 0] Saving model checkpoint: /mnt/project/DriveDreamer-Policy-paired/runs/review2_u_resumed/checkpoints/.update_000003.incomplete/pytorch_model/mp_rank_00_model_states.pt
[2026-09-17 16:33:09,121] [INFO] [torch_checkpoint_engine.py:21:save] [Torch] Saving /mnt/project/DriveDreamer-Policy-paired/runs/review2_u_resumed/checkpoints/.update_000003.incomplete/pytorch_model/mp_rank_00_model_states.pt...
[2026-09-17 16:33:18,227] [INFO] [torch_checkpoint_engine.py:23:save] [Torch] Saved /mnt/project/DriveDreamer-Policy-paired/runs/review2_u_resumed/checkpoints/.update_000003.incomplete/pytorch_model/mp_rank_00_model_states.pt.
[2026-09-17 16:33:18,248] [INFO] [torch_checkpoint_engine.py:21:save] [Torch] Saving /mnt/project/DriveDreamer-Policy-paired/runs/review2_u_resumed/checkpoints/.update_000003.incomplete/pytorch_model/bf16_zero_pp_rank_0_mp_rank_00_optim_states.pt...
[2026-09-17 16:33:18,248] [INFO] [torch_checkpoint_engine.py:21:save] [Torch] Saving /mnt/project/DriveDreamer-Policy-paired/runs/review2_u_resumed/checkpoints/.update_000003.incomplete/pytorch_model/bf16_zero_pp_rank_1_mp_rank_00_optim_states.pt...
[2026-09-17 16:33:18,248] [INFO] [torch_checkpoint_engine.py:21:save] [Torch] Saving /mnt/project/DriveDreamer-Policy-paired/runs/review2_u_resumed/checkpoints/.update_000003.incomplete/pytorch_model/bf16_zero_pp_rank_3_mp_rank_00_optim_states.pt...
[2026-09-17 16:33:18,248] [INFO] [torch_checkpoint_engine.py:21:save] [Torch] Saving /mnt/project/DriveDreamer-Policy-paired/runs/review2_u_resumed/checkpoints/.update_000003.incomplete/pytorch_model/bf16_zero_pp_rank_2_mp_rank_00_optim_states.pt...
[2026-09-17 16:33:27,313] [INFO] [torch_checkpoint_engine.py:23:save] [Torch] Saved /mnt/project/DriveDreamer-Policy-paired/runs/review2_u_resumed/checkpoints/.update_000003.incomplete/pytorch_model/bf16_zero_pp_rank_1_mp_rank_00_optim_states.pt.
[2026-09-17 16:33:27,313] [INFO] [engine.py:3701:_save_zero_checkpoint] zero checkpoint saved /mnt/project/DriveDreamer-Policy-paired/runs/review2_u_resumed/checkpoints/.update_000003.incomplete/pytorch_model/bf16_zero_pp_rank_1_mp_rank_00_optim_states.pt
[2026-09-17 16:33:27,313] [INFO] [torch_checkpoint_engine.py:33:commit] [Torch] Checkpoint pytorch_model is ready now!
[2026-09-17 16:33:28,118] [INFO] [torch_checkpoint_engine.py:23:save] [Torch] Saved /mnt/project/DriveDreamer-Policy-paired/runs/review2_u_resumed/checkpoints/.update_000003.incomplete/pytorch_model/bf16_zero_pp_rank_2_mp_rank_00_optim_states.pt.
[2026-09-17 16:33:28,119] [INFO] [engine.py:3701:_save_zero_checkpoint] zero checkpoint saved /mnt/project/DriveDreamer-Policy-paired/runs/review2_u_resumed/checkpoints/.update_000003.incomplete/pytorch_model/bf16_zero_pp_rank_2_mp_rank_00_optim_states.pt
[2026-09-17 16:33:28,119] [INFO] [torch_checkpoint_engine.py:33:commit] [Torch] Checkpoint pytorch_model is ready now!
[2026-09-17 16:33:29,081] [INFO] [torch_checkpoint_engine.py:23:save] [Torch] Saved /mnt/project/DriveDreamer-Policy-paired/runs/review2_u_resumed/checkpoints/.update_000003.incomplete/pytorch_model/bf16_zero_pp_rank_3_mp_rank_00_optim_states.pt.
[2026-09-17 16:33:29,086] [INFO] [engine.py:3701:_save_zero_checkpoint] zero checkpoint saved /mnt/project/DriveDreamer-Policy-paired/runs/review2_u_resumed/checkpoints/.update_000003.incomplete/pytorch_model/bf16_zero_pp_rank_3_mp_rank_00_optim_states.pt
[2026-09-17 16:33:29,086] [INFO] [torch_checkpoint_engine.py:33:commit] [Torch] Checkpoint pytorch_model is ready now!
[2026-09-17 16:33:33,923] [INFO] [torch_checkpoint_engine.py:23:save] [Torch] Saved /mnt/project/DriveDreamer-Policy-paired/runs/review2_u_resumed/checkpoints/.update_000003.incomplete/pytorch_model/bf16_zero_pp_rank_0_mp_rank_00_optim_states.pt.
[2026-09-17 16:33:33,926] [INFO] [engine.py:3701:_save_zero_checkpoint] zero checkpoint saved /mnt/project/DriveDreamer-Policy-paired/runs/review2_u_resumed/checkpoints/.update_000003.incomplete/pytorch_model/bf16_zero_pp_rank_0_mp_rank_00_optim_states.pt
[2026-09-17 16:33:33,927] [INFO] [torch_checkpoint_engine.py:33:commit] [Torch] Checkpoint pytorch_model is ready now!
{"pre_update_ratio_min": 0.9450550675392151, "pre_update_ratio_max": 1.0278555154800415, "pre_update_ratio_mean": 0.9998461563605815, "pre_update_ratio_clip_fraction": 0.00859375, "pre_update_ratio_count": 1280.0, "pre_update_ratio_quantiles": {"0.0": 0.9450550675392151, "0.01": 0.9855242085456848, "0.5": 0.9999836981296539, "0.99": 1.010911318063736, "1.0": 1.0278555154800415}, "loss": 0.00015176825172602548, "grpo": -0.00022614747194893425, "reference": 0.00034652394151635235, "sft": 0.0037445045927597675, "old_policy_drift": 8.387437548189325e-06, "reward": 0.957156213466078, "reward_zero_fraction": 0.0078125, "all_zero_groups": 0.0, "all_equal_groups": 0.5625, "scene_count": 16.0, "candidate_count": 128.0, "replay_scene_count": 16.0, "sft_component/action_loss": 0.0037445045927597675, "sft_component/rgb_loss": 0.0, "sft_component/gs_loss": 0.0, "sft_component/reward_loss": 0.0, "sft_component/agent_dino_loss": 0.0, "reward_component/no_at_fault_collisions": 1.0, "reward_component/drivable_area_compliance": 0.9921875, "reward_component/driving_direction_compliance": 1.0, "reward_component/traffic_light_compliance": 1.0, "reward_component/ego_progress": 0.9010679676355311, "reward_component/time_to_collision_within_bound": 1.0, "reward_component/lane_keeping": 1.0, "reward_component/history_comfort": 1.0, "reward_component/pdm_score": 0.9392990708756577, "reward_component/score": 0.9571562137328005, "post_update_probe_ratio_min": 0.8987816572189331, "post_update_probe_ratio_max": 1.058664083480835, "post_update_probe_ratio_mean": 0.9998562474735081, "post_update_probe_ratio_clip_fraction": 0.02265625, "post_update_probe_ratio_count": 1280.0, "post_update_probe_ratio_quantiles": {"0.0": 0.8987816572189331, "0.01": 0.9779609310626983, "0.5": 0.9999933838844299, "0.99": 1.0199945878982544, "1.0": 1.058664083480835}, "update": 4, "policy_version": 1, "inner_epoch": 1, "loss_coefficients": {"grpo": 1.0, "reference": 0.01, "sft": 0.1}, "lr": [1.0000000000000002e-06, 1.0000000000000002e-06, 1.0000000000000002e-06], "pre_clip_grad_norm": 0.8461592793464661, "clip_scale": 1.0, "post_clip_grad_norm": null, "grad_norm_status": "pre: backend global norm; scale: backend formula; post: unavailable", "ranks": [{"pre_update_ratio_min": 0.9602728486061096, "pre_update_ratio_max": 1.0278555154800415, "pre_update_ratio_mean": 0.9998146202415228, "pre_update_ratio_clip_fraction": 0.0125, "pre_update_ratio_count": 320.0, "pre_update_ratio_quantiles": {"0.0": 0.9602728486061096, "0.01": 0.985574499964714, "0.5": 0.9999865293502808, "0.99": 1.0129762947559358, "1.0": 1.0278555154800415}, "loss": 0.00016524087186553515, "grpo": -0.0001598149501660373, "reference": 0.0004663423642341513, "sft": 0.003203923683031462, "old_policy_drift": 1.1152125468949503e-05, "reward": 0.9660919681191444, "reward_zero_fraction": 0.0, "all_zero_groups": 0.0, "all_equal_groups": 0.5, "scene_count": 4.0, "candidate_count": 32.0, "replay_scene_count": 4.0, "sft_component/action_loss": 0.003203923683031462, "sft_component/rgb_loss": 0.0, "sft_component/gs_loss": 0.0, "sft_component/reward_loss": 0.0, "sft_component/agent_dino_loss": 0.0, "reward_component/no_at_fault_collisions": 1.0, "reward_component/drivable_area_compliance": 1.0, "reward_component/driving_direction_compliance": 1.0, "reward_component/traffic_light_compliance": 1.0, "reward_component/ego_progress": 0.9050575079534352, "reward_component/time_to_collision_within_bound": 1.0, "reward_component/lane_keeping": 1.0, "reward_component/history_comfort": 1.0, "reward_component/pdm_score": 0.9660919671262269, "reward_component/score": 0.9660919671262269, "post_update_probe_ratio_min": 0.8987816572189331, "post_update_probe_ratio_max": 1.029789686203003, "post_update_probe_ratio_mean": 0.9994611853733659, "post_update_probe_ratio_clip_fraction": 0.03125, "post_update_probe_ratio_count": 320.0, "post_update_probe_ratio_quantiles": {"0.0": 0.8987816572189331, "0.01": 0.9764666903018951, "0.5": 0.9999478161334991, "0.99": 1.0232327806949615, "1.0": 1.029789686203003}, "local_backward_contribution_l2": {"action_model": 1.1328643560409546, "qwen_vl_interface": 0.4140932559967041, "action_input_model": 0.22670412063598633}, "gradient_tensors": 672, "gradient_hook_scope": "local sum of squared backward contributions; not optimizer gradient norm", "module_parameter_probe_delta_l2": {"qwen_vl_interface": 3.704590562847443e-05, "action_input_model": 3.814697265625e-06, "action_model": 4.548501601675525e-05}, "parameter_probe_values": 10740, "pre_clip_grad_norm": 0.8461592793464661, "clip_scale": 1.0, "post_clip_grad_norm": null, "grad_norm_status": "pre: backend global norm; scale: backend formula; post: unavailable", "update": 4, "policy_version": 1, "inner_epoch": 1, "rank": 0, "device": {"type": "cuda", "index": 0, "name": "NVIDIA A800-SXM4-80GB"}, "behavior_sha256": ["353b0224e1a645edf40204087343e9353cf0e19ae2f295204081a16cf04789a8", "cff661534dcf2350a9ca9ddc20b3e4f84dd80e66004afe56eabff8059a63bd8f", "b4aee7e45283f32776f133a8428226c795db5235859e90fc5d2b1bd270acb840", "d847f5871bbf3de43abde7f72771231ce879b1bcd7154cc602b79c54274f4f7b"], "scene_tokens": [["1b98190fceaa5b27"], ["27da9497a6865507"], ["48a8a32f684551c2"], ["ce621aea34365fe7"]], "replay_tokens": ["bb29b666f7fb5449", "30a016d1ab355938", "0b1817f04a49512a", "890bd9a9d7a55725"], "rollout_score_reference_seconds": 48.1708530113101, "update_seconds": 74.30500844307244, "peak_gpu_gib": 25.93085765838623, "loss_coefficients": {"grpo": 1.0, "reference": 0.01, "sft": 0.1}, "lr": [1.0000000000000002e-06, 1.0000000000000002e-06, 1.0000000000000002e-06], "reward_errors": 0, "dtype_before_step": {"parameters": {"torch.bfloat16": 994}, "gradients": {}, "parameter_grad_accum": {}, "communication_buffers": ["torch.float32"], "accumulation_dtype": "torch.float32", "communication_dtype": "torch.float32", "partition_buffers": ["torch.bfloat16", "torch.bfloat16", "torch.bfloat16", "torch.bfloat16", "torch.bfloat16", "torch.bfloat16", "torch.bfloat16", "torch.bfloat16", "torch.bfloat16", "torch.bfloat16", "torch.bfloat16", "torch.bfloat16", "torch.bfloat16", "torch.bfloat16", "torch.bfloat16", "torch.bfloat16", "torch.bfloat16", "torch.bfloat16", "torch.bfloat16", "torch.bfloat16", "torch.bfloat16", "torch.bfloat16", "torch.bfloat16", "torch.bfloat16", "torch.bfloat16", "torch.bfloat16", "torch.bfloat16", "torch.bfloat16", "torch.bfloat16", "torch.bfloat16", "torch.bfloat16", "torch.bfloat16", "torch.bfloat16", "torch.bfloat16", "torch.bfloat16", "torch.bfloat16", "torch.bfloat16", "torch.bfloat16", "torch.bfloat16", "torch.bfloat16", "torch.bfloat16", "torch.bfloat16", "torch.bfloat16", "torch.bfloat16", "torch.bfloat16", "torch.bfloat16", "torch.bfloat16", "torch.bfloat16", "torch.bfloat16", "torch.bfloat16", "torch.bfloat16", "torch.bfloat16", "torch.bfloat16", "torch.bfloat16", "torch.bfloat16", "torch.bfloat16", "torch.bfloat16", "torch.bfloat16", "torch.bfloat16", "torch.bfloat16", "torch.bfloat16", "torch.bfloat16", "torch.bfloat16", "torch.bfloat16", "torch.bfloat16", "torch.bfloat16", "torch.bfloat16", "torch.bfloat16", "torch.bfloat16", "torch.bfloat16", "torch.bfloat16", "torch.bfloat16", "torch.bfloat16", "torch.bfloat16", "torch.bfloat16", "torch.bfloat16", "torch.bfloat16", "torch.bfloat16", "torch.bfloat16", "torch.bfloat16", "torch.bfloat16", "torch.bfloat16", "torch.bfloat16", "torch.bfloat16", "torch.bfloat16", "torch.bfloat16", "torch.bfloat16", "torch.bfloat16", "torch.bfloat16", "torch.bfloat16", "torch.bfloat16", "torch.bfloat16", "torch.bfloat16", "torch.bfloat16", "torch.bfloat16", "torch.bfloat16", "torch.bfloat16", "torch.bfloat16", "torch.bfloat16", "torch.bfloat16", "torch.bfloat16", "torch.bfloat16", "torch.bfloat16", "torch.bfloat16", "torch.bfloat16", "torch.bfloat16", "torch.bfloat16", "torch.bfloat16", "torch.bfloat16", "torch.bfloat16", "torch.bfloat16", "torch.bfloat16", "torch.bfloat16", "torch.bfloat16", "torch.bfloat16", "torch.bfloat16", "torch.bfloat16", "torch.bfloat16", "torch.bfloat16", "torch.bfloat16", "torch.bfloat16", "torch.bfloat16", "torch.bfloat16", "torch.bfloat16", "torch.bfloat16", "torch.bfloat16", "torch.bfloat16", "torch.bfloat16", "torch.bfloat16", "torch.bfloat16", "torch.bfloat16", "torch.bfloat16", "torch.bfloat16", "torch.bfloat16", "torch.bfloat16", "torch.bfloat16", "torch.bfloat16", "torch.bfloat16", "torch.bfloat16", "torch.bfloat16", "torch.bfloat16", "torch.bfloat16", "torch.bfloat16", "torch.bfloat16", "torch.bfloat16", "torch.bfloat16", "torch.bfloat16", "torch.bfloat16", "torch.bfloat16", "torch.bfloat16", "torch.bfloat16", "torch.bfloat16", "torch.bfloat16", "torch.bfloat16", "torch.bfloat16", "torch.bfloat16", "torch.bfloat16", "torch.bfloat16", "torch.bfloat16", "torch.bfloat16", "torch.bfloat16", "torch.bfloat16", "torch.bfloat16", "torch.bfloat16", "torch.bfloat16", "torch.bfloat16", "torch.bfloat16", "torch.bfloat16", "torch.bfloat16", "torch.bfloat16"], "master_weights": ["torch.float32", "torch.float32", "torch.float32"], "optimizer_states": {"torch.float32": 9}}, "activation_dtypes": {"qwen_vl_interface.model.visual": {"input": ["torch.bfloat16"], "output": ["torch.bfloat16"], "parameter": ["torch.bfloat16"]}, "action_input_model": {"input": ["torch.float32"], "output": ["torch.float32"], "parameter": ["torch.bfloat16"]}, "qwen_vl_interface.model.model.language_model": {"input": [], "output": ["torch.bfloat16"], "parameter": ["torch.bfloat16"]}, "action_model.qwen_proj": {"input": ["torch.bfloat16"], "output": ["torch.float32"], "parameter": ["torch.bfloat16"]}, "action_model.action_encoder": {"input": ["torch.float32", "torch.int64"], "output": ["torch.float32"], "parameter": ["torch.bfloat16"]}, "action_model.model": {"input": [], "output": ["torch.float32"], "parameter": ["torch.bfloat16"]}}, "dtype": {"parameters": {"torch.bfloat16": 994}, "gradients": {}, "parameter_grad_accum": {}, "communication_buffers": ["torch.float32"], "accumulation_dtype": "torch.float32", "communication_dtype": "torch.float32", "partition_buffers": [], "master_weights": ["torch.float32", "torch.float32", "torch.float32"], "optimizer_states": {"torch.float32": 9}}}, {"pre_update_ratio_min": 0.9738649725914001, "pre_update_ratio_max": 1.0209622383117676, "pre_update_ratio_mean": 0.9999090107157826, "pre_update_ratio_clip_fraction": 0.00625, "pre_update_ratio_count": 320.0, "pre_update_ratio_quantiles": {"0.0": 0.9738649725914001, "0.01": 0.9921347105503082, "0.5": 0.999984472990036, "0.99": 1.0079728114604949, "1.0": 1.0209622383117676}, "loss": 0.0006203472730703652, "grpo": -0.00010854900028789416, "reference": 9.915903501678258e-05, "sft": 0.007279046345502138, "old_policy_drift": 4.168510288848903e-06, "reward": 0.9599938839673996, "reward_zero_fraction": 0.03125, "all_zero_groups": 0.0, "all_equal_groups": 0.75, "scene_count": 4.0, "candidate_count": 32.0, "replay_scene_count": 4.0, "sft_component/action_loss": 0.007279046345502138, "sft_component/rgb_loss": 0.0, "sft_component/gs_loss": 0.0, "sft_component/reward_loss": 0.0, "sft_component/agent_dino_loss": 0.0, "reward_component/no_at_fault_collisions": 1.0, "reward_component/drivable_area_compliance": 0.96875, "reward_component/driving_direction_compliance": 1.0, "reward_component/traffic_light_compliance": 1.0, "reward_component/ego_progress": 0.9721051552770753, "reward_component/time_to_collision_within_bound": 1.0, "reward_component/lane_keeping": 1.0, "reward_component/history_comfort": 1.0, "reward_component/pdm_score": 0.924279599479399, "reward_component/score": 0.9599938851936848, "post_update_probe_ratio_min": 0.9687134623527527, "post_update_probe_ratio_max": 1.022916555404663, "post_update_probe_ratio_mean": 0.9998222006484866, "post_update_probe_ratio_clip_fraction": 0.015625, "post_update_probe_ratio_count": 320.0, "post_update_probe_ratio_quantiles": {"0.0": 0.9687134623527527, "0.01": 0.9820477819442749, "0.5": 1.000037133693695, "0.99": 1.01559845328331, "1.0": 1.022916555404663}, "local_backward_contribution_l2": {"action_model": 1.1586573123931885, "qwen_vl_interface": 0.4548339247703552, "action_input_model": 0.131133571267128}, "gradient_tensors": 672, "gradient_hook_scope": "local sum of squared backward contributions; not optimizer gradient norm", "module_parameter_probe_delta_l2": {"qwen_vl_interface": 3.704590562847443e-05, "action_input_model": 3.814697265625e-06, "action_model": 4.548501601675525e-05}, "parameter_probe_values": 10740, "pre_clip_grad_norm": 0.8461592793464661, "clip_scale": 1.0, "post_clip_grad_norm": null, "grad_norm_status": "pre: backend global norm; scale: backend formula; post: unavailable", "update": 4, "policy_version": 1, "inner_epoch": 1, "rank": 1, "device": {"type": "cuda", "index": 1, "name": "NVIDIA A800-SXM4-80GB"}, "behavior_sha256": ["fd8be3655739815477d03ef4c084e9954bb9ab35f658c068cffb6a271124962c", "5df9c1da6aef16869982247c2fa97aff8f8273475bfcd7436c06c4d78f6279df", "901fa1e88023c7e3d3affbc83e2d9ef334bdfdfac71d86962b673635b7a236fa", "a7830e389f0d2b077e53f7e7a85211eb0aac8088d13322e5f8d15d6bee69997a"], "scene_tokens": [["9a430b03acf956a0"], ["7a358ec6e65357bf"], ["91b15ef45800550e"], ["2c651f5065fa5429"]], "replay_tokens": ["8a773438aac055ec", "ce82af709bc35432", "80282ce6a7b056dd", "5f2df5cf85ef5ab2"], "rollout_score_reference_seconds": 48.170984238386154, "update_seconds": 74.02017708495259, "peak_gpu_gib": 25.9389009475708, "loss_coefficients": {"grpo": 1.0, "reference": 0.01, "sft": 0.1}, "lr": [1.0000000000000002e-06, 1.0000000000000002e-06, 1.0000000000000002e-06], "reward_errors": 0, "dtype_before_step": {"parameters": {"torch.bfloat16": 994}, "gradients": {}, "parameter_grad_accum": {}, "communication_buffers": ["torch.float32"], "accumulation_dtype": "torch.float32", "communication_dtype": "torch.float32", "partition_buffers": ["torch.bfloat16", "torch.bfloat16", "torch.bfloat16", "torch.bfloat16", "torch.bfloat16", "torch.bfloat16", "torch.bfloat16", "torch.bfloat16", "torch.bfloat16", "torch.bfloat16", "torch.bfloat16", "torch.bfloat16", "torch.bfloat16", "torch.bfloat16", "torch.bfloat16", "torch.bfloat16", "torch.bfloat16", "torch.bfloat16", "torch.bfloat16", "torch.bfloat16", "torch.bfloat16", "torch.bfloat16", "torch.bfloat16", "torch.bfloat16", "torch.bfloat16", "torch.bfloat16", "torch.bfloat16", "torch.bfloat16", "torch.bfloat16", "torch.bfloat16", "torch.bfloat16", "torch.bfloat16", "torch.bfloat16", "torch.bfloat16", "torch.bfloat16", "torch.bfloat16", "torch.bfloat16", "torch.bfloat16", "torch.bfloat16", "torch.bfloat16", "torch.bfloat16", "torch.bfloat16", "torch.bfloat16", "torch.bfloat16", "torch.bfloat16", "torch.bfloat16", "torch.bfloat16", "torch.bfloat16", "torch.bfloat16", "torch.bfloat16", "torch.bfloat16", "torch.bfloat16", "torch.bfloat16", "torch.bfloat16", "torch.bfloat16", "torch.bfloat16", "torch.bfloat16", "torch.bfloat16", "torch.bfloat16", "torch.bfloat16", "torch.bfloat16", "torch.bfloat16", "torch.bfloat16", "torch.bfloat16", "torch.bfloat16", "torch.bfloat16", "torch.bfloat16", "torch.bfloat16", "torch.bfloat16", "torch.bfloat16", "torch.bfloat16", "torch.bfloat16", "torch.bfloat16", "torch.bfloat16", "torch.bfloat16", "torch.bfloat16", "torch.bfloat16", "torch.bfloat16", "torch.bfloat16", "torch.bfloat16", "torch.bfloat16", "torch.bfloat16", "torch.bfloat16", "torch.bfloat16", "torch.bfloat16", "torch.bfloat16", "torch.bfloat16", "torch.bfloat16", "torch.bfloat16", "torch.bfloat16", "torch.bfloat16", "torch.bfloat16", "torch.bfloat16", "torch.bfloat16", "torch.bfloat16", "torch.bfloat16", "torch.bfloat16", "torch.bfloat16", "torch.bfloat16", "torch.bfloat16", "torch.bfloat16", "torch.bfloat16", "torch.bfloat16", "torch.bfloat16", "torch.bfloat16", "torch.bfloat16", "torch.bfloat16", "torch.bfloat16", "torch.bfloat16", "torch.bfloat16", "torch.bfloat16", "torch.bfloat16", "torch.bfloat16", "torch.bfloat16", "torch.bfloat16", "torch.bfloat16", "torch.bfloat16", "torch.bfloat16", "torch.bfloat16", "torch.bfloat16", "torch.bfloat16", "torch.bfloat16", "torch.bfloat16", "torch.bfloat16", "torch.bfloat16", "torch.bfloat16", "torch.bfloat16", "torch.bfloat16", "torch.bfloat16", "torch.bfloat16", "torch.bfloat16", "torch.bfloat16", "torch.bfloat16", "torch.bfloat16", "torch.bfloat16", "torch.bfloat16", "torch.bfloat16", "torch.bfloat16", "torch.bfloat16", "torch.bfloat16", "torch.bfloat16", "torch.bfloat16", "torch.bfloat16", "torch.bfloat16", "torch.bfloat16", "torch.bfloat16", "torch.bfloat16", "torch.bfloat16", "torch.bfloat16", "torch.bfloat16", "torch.bfloat16", "torch.bfloat16", "torch.bfloat16", "torch.bfloat16", "torch.bfloat16", "torch.bfloat16", "torch.bfloat16", "torch.bfloat16", "torch.bfloat16", "torch.bfloat16", "torch.bfloat16", "torch.bfloat16", "torch.bfloat16", "torch.bfloat16", "torch.bfloat16", "torch.bfloat16", "torch.bfloat16", "torch.bfloat16", "torch.bfloat16", "torch.bfloat16"], "master_weights": ["torch.float32", "torch.float32", "torch.float32"], "optimizer_states": {"torch.float32": 9}}, "activation_dtypes": {"qwen_vl_interface.model.visual": {"input": ["torch.bfloat16"], "output": ["torch.bfloat16"], "parameter": ["torch.bfloat16"]}, "action_input_model": {"input": ["torch.float32"], "output": ["torch.float32"], "parameter": ["torch.bfloat16"]}, "qwen_vl_interface.model.model.language_model": {"input": [], "output": ["torch.bfloat16"], "parameter": ["torch.bfloat16"]}, "action_model.qwen_proj": {"input": ["torch.bfloat16"], "output": ["torch.float32"], "parameter": ["torch.bfloat16"]}, "action_model.action_encoder": {"input": ["torch.float32", "torch.int64"], "output": ["torch.float32"], "parameter": ["torch.bfloat16"]}, "action_model.model": {"input": [], "output": ["torch.float32"], "parameter": ["torch.bfloat16"]}}, "dtype": {"parameters": {"torch.bfloat16": 994}, "gradients": {}, "parameter_grad_accum": {}, "communication_buffers": ["torch.float32"], "accumulation_dtype": "torch.float32", "communication_dtype": "torch.float32", "partition_buffers": [], "master_weights": ["torch.float32", "torch.float32", "torch.float32"], "optimizer_states": {"torch.float32": 9}}}, {"pre_update_ratio_min": 0.9819058775901794, "pre_update_ratio_max": 1.021033525466919, "pre_update_ratio_mean": 1.0001513240858912, "pre_update_ratio_clip_fraction": 0.003125, "pre_update_ratio_count": 320.0, "pre_update_ratio_quantiles": {"0.0": 0.9819058775901794, "0.01": 0.9878956472873688, "0.5": 0.9999984204769135, "0.99": 1.010376089811325, "1.0": 1.021033525466919}, "loss": -0.00013239096915640403, "grpo": -0.00031416118144989014, "reference": 0.0005393958344939165, "sft": 0.0017637624987401068, "old_policy_drift": 4.96437120397486e-06, "reward": 0.9537146613001823, "reward_zero_fraction": 0.0, "all_zero_groups": 0.0, "all_equal_groups": 0.5, "scene_count": 4.0, "candidate_count": 32.0, "replay_scene_count": 4.0, "sft_component/action_loss": 0.0017637624987401068, "sft_component/rgb_loss": 0.0, "sft_component/gs_loss": 0.0, "sft_component/reward_loss": 0.0, "sft_component/agent_dino_loss": 0.0, "reward_component/no_at_fault_collisions": 1.0, "reward_component/drivable_area_compliance": 1.0, "reward_component/driving_direction_compliance": 1.0, "reward_component/traffic_light_compliance": 1.0, "reward_component/ego_progress": 0.8704010598275579, "reward_component/time_to_collision_within_bound": 1.0, "reward_component/lane_keeping": 1.0, "reward_component/history_comfort": 1.0, "reward_component/pdm_score": 0.9537146642241279, "reward_component/score": 0.9537146642241279, "post_update_probe_ratio_min": 0.9628244042396545, "post_update_probe_ratio_max": 1.058664083480835, "post_update_probe_ratio_mean": 1.0002315288409591, "post_update_probe_ratio_clip_fraction": 0.021875, "post_update_probe_ratio_count": 320.0, "post_update_probe_ratio_quantiles": {"0.0": 0.9628244042396545, "0.01": 0.9828246581554413, "0.5": 0.9999836385250092, "0.99": 1.020405900478363, "1.0": 1.058664083480835}, "local_backward_contribution_l2": {"action_model": 1.6993649005889893, "qwen_vl_interface": 0.7988759279251099, "action_input_model": 0.5012481808662415}, "gradient_tensors": 672, "gradient_hook_scope": "local sum of squared backward contributions; not optimizer gradient norm", "module_parameter_probe_delta_l2": {"qwen_vl_interface": 3.704590562847443e-05, "action_input_model": 3.814697265625e-06, "action_model": 4.548501601675525e-05}, "parameter_probe_values": 10740, "pre_clip_grad_norm": 0.8461592793464661, "clip_scale": 1.0, "post_clip_grad_norm": null, "grad_norm_status": "pre: backend global norm; scale: backend formula; post: unavailable", "update": 4, "policy_version": 1, "inner_epoch": 1, "rank": 2, "device": {"type": "cuda", "index": 2, "name": "NVIDIA A800-SXM4-80GB"}, "behavior_sha256": ["0c2256ce2318b09fe017093bd060fad3b363cb9a1a65b8d3cc6ce7bd9ab38c58", "c69492e92a8a0d22e3c0bfc13849fe971c83f8b3a6bc211786fb2889420d9bc7", "c2e7943ae658f4f9e9e48ce47e43719d16b4ca2e1808f6304852e326b851c1f1", "039f0ace7df3d445a39cc677f2e7520902547af81fb3aef9d83a5070ebc719f7"], "scene_tokens": [["7014fdaa700f564c"], ["5ead086fd3f35634"], ["cfe22f5d8edd5067"], ["a49d7bf25d295068"]], "replay_tokens": ["80fe9ed10cc9541c", "e22c42717cd35ba2", "b26116b48bfb5b72", "e4f10036f6c153eb"], "rollout_score_reference_seconds": 48.170780358836055, "update_seconds": 75.10918649472296, "peak_gpu_gib": 25.94401502609253, "loss_coefficients": {"grpo": 1.0, "reference": 0.01, "sft": 0.1}, "lr": [1.0000000000000002e-06, 1.0000000000000002e-06, 1.0000000000000002e-06], "reward_errors": 0, "dtype_before_step": {"parameters": {"torch.bfloat16": 994}, "gradients": {}, "parameter_grad_accum": {}, "communication_buffers": ["torch.float32"], "accumulation_dtype": "torch.float32", "communication_dtype": "torch.float32", "partition_buffers": ["torch.bfloat16", "torch.bfloat16", "torch.bfloat16", "torch.bfloat16", "torch.bfloat16", "torch.bfloat16", "torch.bfloat16", "torch.bfloat16", "torch.bfloat16", "torch.bfloat16", "torch.bfloat16", "torch.bfloat16", "torch.bfloat16", "torch.bfloat16", "torch.bfloat16", "torch.bfloat16", "torch.bfloat16", "torch.bfloat16", "torch.bfloat16", "torch.bfloat16", "torch.bfloat16", "torch.bfloat16", "torch.bfloat16", "torch.bfloat16", "torch.bfloat16", "torch.bfloat16", "torch.bfloat16", "torch.bfloat16", "torch.bfloat16", "torch.bfloat16", "torch.bfloat16", "torch.bfloat16", "torch.bfloat16", "torch.bfloat16", "torch.bfloat16", "torch.bfloat16", "torch.bfloat16", "torch.bfloat16", "torch.bfloat16", "torch.bfloat16", "torch.bfloat16", "torch.bfloat16", "torch.bfloat16", "torch.bfloat16", "torch.bfloat16", "torch.bfloat16", "torch.bfloat16", "torch.bfloat16", "torch.bfloat16", "torch.bfloat16", "torch.bfloat16", "torch.bfloat16", "torch.bfloat16", "torch.bfloat16", "torch.bfloat16", "torch.bfloat16", "torch.bfloat16", "torch.bfloat16", "torch.bfloat16", "torch.bfloat16", "torch.bfloat16", "torch.bfloat16", "torch.bfloat16", "torch.bfloat16", "torch.bfloat16", "torch.bfloat16", "torch.bfloat16", "torch.bfloat16", "torch.bfloat16", "torch.bfloat16", "torch.bfloat16", "torch.bfloat16", "torch.bfloat16", "torch.bfloat16", "torch.bfloat16", "torch.bfloat16", "torch.bfloat16", "torch.bfloat16", "torch.bfloat16", "torch.bfloat16", "torch.bfloat16", "torch.bfloat16", "torch.bfloat16", "torch.bfloat16", "torch.bfloat16", "torch.bfloat16", "torch.bfloat16", "torch.bfloat16", "torch.bfloat16", "torch.bfloat16", "torch.bfloat16", "torch.bfloat16", "torch.bfloat16", "torch.bfloat16", "torch.bfloat16", "torch.bfloat16", "torch.bfloat16", "torch.bfloat16", "torch.bfloat16", "torch.bfloat16", "torch.bfloat16", "torch.bfloat16", "torch.bfloat16", "torch.bfloat16", "torch.bfloat16", "torch.bfloat16", "torch.bfloat16", "torch.bfloat16", "torch.bfloat16", "torch.bfloat16", "torch.bfloat16", "torch.bfloat16", "torch.bfloat16", "torch.bfloat16", "torch.bfloat16", "torch.bfloat16", "torch.bfloat16", "torch.bfloat16", "torch.bfloat16", "torch.bfloat16", "torch.bfloat16", "torch.bfloat16", "torch.bfloat16", "torch.bfloat16", "torch.bfloat16", "torch.bfloat16", "torch.bfloat16", "torch.bfloat16", "torch.bfloat16", "torch.bfloat16", "torch.bfloat16", "torch.bfloat16", "torch.bfloat16", "torch.bfloat16", "torch.bfloat16", "torch.bfloat16", "torch.bfloat16", "torch.bfloat16", "torch.bfloat16", "torch.bfloat16", "torch.bfloat16", "torch.bfloat16", "torch.bfloat16", "torch.bfloat16", "torch.bfloat16", "torch.bfloat16", "torch.bfloat16", "torch.bfloat16", "torch.bfloat16", "torch.bfloat16", "torch.bfloat16", "torch.bfloat16", "torch.bfloat16", "torch.bfloat16", "torch.bfloat16", "torch.bfloat16", "torch.bfloat16", "torch.bfloat16", "torch.bfloat16", "torch.bfloat16", "torch.bfloat16", "torch.bfloat16", "torch.bfloat16", "torch.bfloat16", "torch.bfloat16", "torch.bfloat16", "torch.bfloat16", "torch.bfloat16"], "master_weights": ["torch.float32", "torch.float32", "torch.float32"], "optimizer_states": {"torch.float32": 9}}, "activation_dtypes": {"qwen_vl_interface.model.visual": {"input": ["torch.bfloat16"], "output": ["torch.bfloat16"], "parameter": ["torch.bfloat16"]}, "action_input_model": {"input": ["torch.float32"], "output": ["torch.float32"], "parameter": ["torch.bfloat16"]}, "qwen_vl_interface.model.model.language_model": {"input": [], "output": ["torch.bfloat16"], "parameter": ["torch.bfloat16"]}, "action_model.qwen_proj": {"input": ["torch.bfloat16"], "output": ["torch.float32"], "parameter": ["torch.bfloat16"]}, "action_model.action_encoder": {"input": ["torch.float32", "torch.int64"], "output": ["torch.float32"], "parameter": ["torch.bfloat16"]}, "action_model.model": {"input": [], "output": ["torch.float32"], "parameter": ["torch.bfloat16"]}}, "dtype": {"parameters": {"torch.bfloat16": 994}, "gradients": {}, "parameter_grad_accum": {}, "communication_buffers": ["torch.float32"], "accumulation_dtype": "torch.float32", "communication_dtype": "torch.float32", "partition_buffers": [], "master_weights": ["torch.float32", "torch.float32", "torch.float32"], "optimizer_states": {"torch.float32": 9}}}, {"pre_update_ratio_min": 0.9450550675392151, "pre_update_ratio_max": 1.0199145078659058, "pre_update_ratio_mean": 0.9995096703991294, "pre_update_ratio_clip_fraction": 0.0125, "pre_update_ratio_count": 320.0, "pre_update_ratio_quantiles": {"0.0": 0.9450550675392151, "0.01": 0.977425960302353, "0.5": 0.9999640583992004, "0.99": 1.0067529666423798, "1.0": 1.0199145078659058}, "loss": -4.612416887539439e-05, "grpo": -0.0003220647558919154, "reference": 0.000281198532320559, "sft": 0.002731285843765363, "old_policy_drift": 1.3264743230984033e-05, "reward": 0.9488243404775858, "reward_zero_fraction": 0.0, "all_zero_groups": 0.0, "all_equal_groups": 0.5, "scene_count": 4.0, "candidate_count": 32.0, "replay_scene_count": 4.0, "sft_component/action_loss": 0.002731285843765363, "sft_component/rgb_loss": 0.0, "sft_component/gs_loss": 0.0, "sft_component/reward_loss": 0.0, "sft_component/agent_dino_loss": 0.0, "reward_component/no_at_fault_collisions": 1.0, "reward_component/drivable_area_compliance": 1.0, "reward_component/driving_direction_compliance": 1.0, "reward_component/traffic_light_compliance": 1.0, "reward_component/ego_progress": 0.8567081474840557, "reward_component/time_to_collision_within_bound": 1.0, "reward_component/lane_keeping": 1.0, "reward_component/history_comfort": 1.0, "reward_component/pdm_score": 0.9131100526728768, "reward_component/score": 0.9488243383871626, "post_update_probe_ratio_min": 0.9467371702194214, "post_update_probe_ratio_max": 1.0354818105697632, "post_update_probe_ratio_mean": 0.9999100750312209, "post_update_probe_ratio_clip_fraction": 0.021875, "post_update_probe_ratio_count": 320.0, "post_update_probe_ratio_quantiles": {"0.0": 0.9467371702194214, "0.01": 0.9743714880943298, "0.5": 0.9999983906745911, "0.99": 1.0178994631767273, "1.0": 1.0354818105697632}, "local_backward_contribution_l2": {"action_model": 1.1280426979064941, "qwen_vl_interface": 0.7917287349700928, "action_input_model": 0.21839465200901031}, "gradient_tensors": 672, "gradient_hook_scope": "local sum of squared backward contributions; not optimizer gradient norm", "module_parameter_probe_delta_l2": {"qwen_vl_interface": 3.704590562847443e-05, "action_input_model": 3.814697265625e-06, "action_model": 4.548501601675525e-05}, "parameter_probe_values": 10740, "pre_clip_grad_norm": 0.8461592793464661, "clip_scale": 1.0, "post_clip_grad_norm": null, "grad_norm_status": "pre: backend global norm; scale: backend formula; post: unavailable", "update": 4, "policy_version": 1, "inner_epoch": 1, "rank": 3, "device": {"type": "cuda", "index": 3, "name": "NVIDIA A800-SXM4-80GB"}, "behavior_sha256": ["ce071fa518a4184c7c854b2ed6444eedeb9a7c6556034870cd933817e5fef908", "e83783bc5e6dd144aadaca10e4e113b447d877d11a3ee592e290f41c80d53f75", "a16148500e50a60b34bb515d2eeb0e1098cb73615ca7ce9ac1dc3e9dc9a743af", "86847f9411e17b19ef03235acb71b5bb043435e694cb3dd31c22958685d35459"], "scene_tokens": [["0d910daaa400574a"], ["cc49ebbbb0b754fa"], ["f3139a36eb03571e"], ["fb90916923ae50f9"]], "replay_tokens": ["d61f861b149e551e", "b62f755a0b6b583b", "379b9337542359bd", "a35e7ff6851b5e3e"], "rollout_score_reference_seconds": 48.170792523771524, "update_seconds": 74.42384344153106, "peak_gpu_gib": 26.712687015533447, "loss_coefficients": {"grpo": 1.0, "reference": 0.01, "sft": 0.1}, "lr": [1.0000000000000002e-06, 1.0000000000000002e-06, 1.0000000000000002e-06], "reward_errors": 0, "dtype_before_step": {"parameters": {"torch.bfloat16": 994}, "gradients": {}, "parameter_grad_accum": {}, "communication_buffers": ["torch.float32"], "accumulation_dtype": "torch.float32", "communication_dtype": "torch.float32", "partition_buffers": ["torch.bfloat16", "torch.bfloat16", "torch.bfloat16", "torch.bfloat16", "torch.bfloat16", "torch.bfloat16", "torch.bfloat16", "torch.bfloat16", "torch.bfloat16", "torch.bfloat16", "torch.bfloat16", "torch.bfloat16", "torch.bfloat16", "torch.bfloat16", "torch.bfloat16", "torch.bfloat16", "torch.bfloat16", "torch.bfloat16", "torch.bfloat16", "torch.bfloat16", "torch.bfloat16", "torch.bfloat16", "torch.bfloat16", "torch.bfloat16", "torch.bfloat16", "torch.bfloat16", "torch.bfloat16", "torch.bfloat16", "torch.bfloat16", "torch.bfloat16", "torch.bfloat16", "torch.bfloat16", "torch.bfloat16", "torch.bfloat16", "torch.bfloat16", "torch.bfloat16", "torch.bfloat16", "torch.bfloat16", "torch.bfloat16", "torch.bfloat16", "torch.bfloat16", "torch.bfloat16", "torch.bfloat16", "torch.bfloat16", "torch.bfloat16", "torch.bfloat16", "torch.bfloat16", "torch.bfloat16", "torch.bfloat16", "torch.bfloat16", "torch.bfloat16", "torch.bfloat16", "torch.bfloat16", "torch.bfloat16", "torch.bfloat16", "torch.bfloat16", "torch.bfloat16", "torch.bfloat16", "torch.bfloat16", "torch.bfloat16", "torch.bfloat16", "torch.bfloat16", "torch.bfloat16", "torch.bfloat16", "torch.bfloat16", "torch.bfloat16", "torch.bfloat16", "torch.bfloat16", "torch.bfloat16", "torch.bfloat16", "torch.bfloat16", "torch.bfloat16", "torch.bfloat16", "torch.bfloat16", "torch.bfloat16", "torch.bfloat16", "torch.bfloat16", "torch.bfloat16", "torch.bfloat16", "torch.bfloat16", "torch.bfloat16", "torch.bfloat16", "torch.bfloat16", "torch.bfloat16", "torch.bfloat16", "torch.bfloat16", "torch.bfloat16", "torch.bfloat16", "torch.bfloat16", "torch.bfloat16", "torch.bfloat16", "torch.bfloat16", "torch.bfloat16", "torch.float32", "torch.bfloat16", "torch.bfloat16", "torch.bfloat16", "torch.bfloat16", "torch.bfloat16", "torch.bfloat16", "torch.bfloat16", "torch.bfloat16", "torch.bfloat16", "torch.bfloat16", "torch.bfloat16", "torch.bfloat16", "torch.bfloat16", "torch.bfloat16", "torch.bfloat16", "torch.bfloat16", "torch.bfloat16", "torch.bfloat16", "torch.bfloat16", "torch.bfloat16", "torch.bfloat16", "torch.bfloat16", "torch.bfloat16", "torch.bfloat16", "torch.bfloat16", "torch.bfloat16", "torch.bfloat16", "torch.bfloat16", "torch.bfloat16", "torch.bfloat16", "torch.bfloat16", "torch.bfloat16", "torch.bfloat16", "torch.bfloat16", "torch.bfloat16", "torch.bfloat16", "torch.bfloat16", "torch.bfloat16", "torch.bfloat16", "torch.bfloat16", "torch.bfloat16", "torch.bfloat16", "torch.bfloat16", "torch.bfloat16", "torch.bfloat16", "torch.bfloat16", "torch.bfloat16", "torch.bfloat16", "torch.bfloat16", "torch.bfloat16", "torch.bfloat16", "torch.bfloat16", "torch.bfloat16", "torch.bfloat16", "torch.bfloat16", "torch.bfloat16", "torch.bfloat16", "torch.bfloat16", "torch.bfloat16", "torch.bfloat16", "torch.bfloat16", "torch.bfloat16", "torch.bfloat16", "torch.bfloat16", "torch.bfloat16", "torch.bfloat16", "torch.bfloat16", "torch.bfloat16", "torch.bfloat16", "torch.bfloat16", "torch.bfloat16", "torch.bfloat16", "torch.bfloat16", "torch.bfloat16", "torch.bfloat16", "torch.bfloat16", "torch.bfloat16", "torch.bfloat16", "torch.bfloat16", "torch.bfloat16"], "master_weights": ["torch.float32", "torch.float32", "torch.float32"], "optimizer_states": {"torch.float32": 9}}, "activation_dtypes": {"qwen_vl_interface.model.visual": {"input": ["torch.bfloat16"], "output": ["torch.bfloat16"], "parameter": ["torch.bfloat16"]}, "action_input_model": {"input": ["torch.float32"], "output": ["torch.float32"], "parameter": ["torch.bfloat16"]}, "qwen_vl_interface.model.model.language_model": {"input": [], "output": ["torch.bfloat16"], "parameter": ["torch.bfloat16"]}, "action_model.qwen_proj": {"input": ["torch.bfloat16"], "output": ["torch.float32"], "parameter": ["torch.bfloat16"]}, "action_model.action_encoder": {"input": ["torch.float32", "torch.int64"], "output": ["torch.float32"], "parameter": ["torch.bfloat16"]}, "action_model.model": {"input": [], "output": ["torch.float32"], "parameter": ["torch.bfloat16"]}}, "dtype": {"parameters": {"torch.bfloat16": 994}, "gradients": {}, "parameter_grad_accum": {}, "communication_buffers": ["torch.float32"], "accumulation_dtype": "torch.float32", "communication_dtype": "torch.float32", "partition_buffers": [], "master_weights": ["torch.float32", "torch.float32", "torch.float32"], "optimizer_states": {"torch.float32": 9}}}], "peak_gpu_gib_by_rank": [25.93085765838623, 25.9389009475708, 25.94401502609253, 26.712687015533447], "peak_gpu_gib_max": 26.712687015533447, "reward_errors": 0}
[2026-09-17 16:35:39,102] [INFO] [logging.py:107:log_dist] [Rank 0] [Torch] Checkpoint pytorch_model is about to be saved!
[2026-09-17 16:35:39,710] [INFO] [logging.py:107:log_dist] [Rank 0] Saving model checkpoint: /mnt/project/DriveDreamer-Policy-paired/runs/review2_u_resumed/checkpoints/.update_000004.incomplete/pytorch_model/mp_rank_00_model_states.pt
[2026-09-17 16:35:39,710] [INFO] [torch_checkpoint_engine.py:21:save] [Torch] Saving /mnt/project/DriveDreamer-Policy-paired/runs/review2_u_resumed/checkpoints/.update_000004.incomplete/pytorch_model/mp_rank_00_model_states.pt...
[2026-09-17 16:35:49,170] [INFO] [torch_checkpoint_engine.py:23:save] [Torch] Saved /mnt/project/DriveDreamer-Policy-paired/runs/review2_u_resumed/checkpoints/.update_000004.incomplete/pytorch_model/mp_rank_00_model_states.pt.
[2026-09-17 16:35:49,181] [INFO] [torch_checkpoint_engine.py:21:save] [Torch] Saving /mnt/project/DriveDreamer-Policy-paired/runs/review2_u_resumed/checkpoints/.update_000004.incomplete/pytorch_model/bf16_zero_pp_rank_0_mp_rank_00_optim_states.pt...
[2026-09-17 16:35:49,180] [INFO] [torch_checkpoint_engine.py:21:save] [Torch] Saving /mnt/project/DriveDreamer-Policy-paired/runs/review2_u_resumed/checkpoints/.update_000004.incomplete/pytorch_model/bf16_zero_pp_rank_3_mp_rank_00_optim_states.pt...
[2026-09-17 16:35:49,181] [INFO] [torch_checkpoint_engine.py:21:save] [Torch] Saving /mnt/project/DriveDreamer-Policy-paired/runs/review2_u_resumed/checkpoints/.update_000004.incomplete/pytorch_model/bf16_zero_pp_rank_1_mp_rank_00_optim_states.pt...
[2026-09-17 16:35:49,181] [INFO] [torch_checkpoint_engine.py:21:save] [Torch] Saving /mnt/project/DriveDreamer-Policy-paired/runs/review2_u_resumed/checkpoints/.update_000004.incomplete/pytorch_model/bf16_zero_pp_rank_2_mp_rank_00_optim_states.pt...
[2026-09-17 16:35:59,474] [INFO] [torch_checkpoint_engine.py:23:save] [Torch] Saved /mnt/project/DriveDreamer-Policy-paired/runs/review2_u_resumed/checkpoints/.update_000004.incomplete/pytorch_model/bf16_zero_pp_rank_3_mp_rank_00_optim_states.pt.
[2026-09-17 16:35:59,474] [INFO] [engine.py:3701:_save_zero_checkpoint] zero checkpoint saved /mnt/project/DriveDreamer-Policy-paired/runs/review2_u_resumed/checkpoints/.update_000004.incomplete/pytorch_model/bf16_zero_pp_rank_3_mp_rank_00_optim_states.pt
[2026-09-17 16:35:59,475] [INFO] [torch_checkpoint_engine.py:33:commit] [Torch] Checkpoint pytorch_model is ready now!
[2026-09-17 16:35:59,563] [INFO] [torch_checkpoint_engine.py:23:save] [Torch] Saved /mnt/project/DriveDreamer-Policy-paired/runs/review2_u_resumed/checkpoints/.update_000004.incomplete/pytorch_model/bf16_zero_pp_rank_0_mp_rank_00_optim_states.pt.
[2026-09-17 16:35:59,805] [INFO] [torch_checkpoint_engine.py:23:save] [Torch] Saved /mnt/project/DriveDreamer-Policy-paired/runs/review2_u_resumed/checkpoints/.update_000004.incomplete/pytorch_model/bf16_zero_pp_rank_2_mp_rank_00_optim_states.pt.
[2026-09-17 16:35:59,805] [INFO] [engine.py:3701:_save_zero_checkpoint] zero checkpoint saved /mnt/project/DriveDreamer-Policy-paired/runs/review2_u_resumed/checkpoints/.update_000004.incomplete/pytorch_model/bf16_zero_pp_rank_2_mp_rank_00_optim_states.pt
[2026-09-17 16:35:59,806] [INFO] [torch_checkpoint_engine.py:33:commit] [Torch] Checkpoint pytorch_model is ready now!
[2026-09-17 16:35:59,863] [INFO] [engine.py:3701:_save_zero_checkpoint] zero checkpoint saved /mnt/project/DriveDreamer-Policy-paired/runs/review2_u_resumed/checkpoints/.update_000004.incomplete/pytorch_model/bf16_zero_pp_rank_0_mp_rank_00_optim_states.pt
[2026-09-17 16:35:59,863] [INFO] [torch_checkpoint_engine.py:33:commit] [Torch] Checkpoint pytorch_model is ready now!
[2026-09-17 16:36:00,505] [INFO] [torch_checkpoint_engine.py:23:save] [Torch] Saved /mnt/project/DriveDreamer-Policy-paired/runs/review2_u_resumed/checkpoints/.update_000004.incomplete/pytorch_model/bf16_zero_pp_rank_1_mp_rank_00_optim_states.pt.
[2026-09-17 16:36:00,505] [INFO] [engine.py:3701:_save_zero_checkpoint] zero checkpoint saved /mnt/project/DriveDreamer-Policy-paired/runs/review2_u_resumed/checkpoints/.update_000004.incomplete/pytorch_model/bf16_zero_pp_rank_1_mp_rank_00_optim_states.pt
[2026-09-17 16:36:00,505] [INFO] [torch_checkpoint_engine.py:33:commit] [Torch] Checkpoint pytorch_model is ready now!
