token,log_name_sft,score_sft,log_name_rl,score_rl,delta
015173513fc25684,2021.10.05.08.11.15_veh-50_00437_00585,0.8131554817656323,2021.10.05.08.11.15_veh-50_00437_00585,0.813315513954068,0.0001600321884356326
0265d0c659745deb,2021.10.05.08.11.15_veh-50_00437_00585,0.9247485044505382,2021.10.05.08.11.15_veh-50_00437_00585,0.9250647302219267,0.0003162257713884564
027d63f008ba518b,2021.10.05.08.11.15_veh-50_00437_00585,0.9726968081689016,2021.10.05.08.11.15_veh-50_00437_00585,0.9730213933104224,0.00032458514152078344
04d3c2f7702750b6,2021.10.05.08.11.15_veh-50_00437_00585,0.9090403721186326,2021.10.05.08.11.15_veh-50_00437_00585,0.9087939734606221,-0.0002463986580105715
066d174c1ee2516a,2021.10.05.08.11.15_veh-50_00437_00585,0.897564068651644,2021.10.05.08.11.15_veh-50_00437_00585,0.8981123584028221,0.0005482897511781548
077e1ef7a2dd526e,2021.10.05.08.11.15_veh-50_00437_00585,0.8801983508750774,2021.10.05.08.11.15_veh-50_00437_00585,0.8804899328158198,0.0002915819407424136
079dad1bf4aa53ff,2021.10.05.08.11.15_veh-50_00437_00585,0.8905367671954947,2021.10.05.08.11.15_veh-50_00437_00585,0.8909143187937862,0.00037755159829155893
0965ca8d343855bd,2021.10.05.08.11.15_veh-50_00437_00585,0.8505060884037517,2021.10.05.08.11.15_veh-50_00437_00585,0.8510453043845766,0.0005392159808248476
0dbe21f7e02a578a,2021.10.05.08.11.15_veh-50_00437_00585,0.9064746354022013,2021.10.05.08.11.15_veh-50_00437_00585,0.9063753588597037,-9.92765424976394e-05
0e3398e6271350b4,2021.10.05.08.11.15_veh-50_00437_00585,0.8944328649464486,2021.10.05.08.11.15_veh-50_00437_00585,0.8945911555492758,0.00015829060282723795
0ef4861884495fee,2021.10.05.08.11.15_veh-50_00437_00585,0.8871823786227788,2021.10.05.08.11.15_veh-50_00437_00585,0.8873501243267451,0.0001677457039662711
113ce1e07c7a5543,2021.10.05.08.11.15_veh-50_00437_00585,0.9093852228721769,2021.10.05.08.11.15_veh-50_00437_00585,0.909751093430491,0.000365870558314052
1aaa5de27ef2529c,2021.10.05.08.11.15_veh-50_00437_00585,0.9294273173983671,2021.10.05.08.11.15_veh-50_00437_00585,0.9298048013943204,0.0003774839959532761
1bdb793cdfcd5db0,2021.10.05.08.11.15_veh-50_00437_00585,0.8763185616028405,2021.10.05.08.11.15_veh-50_00437_00585,0.876896827872838,0.0005782662699974628
1c6cfd6bae4954dc,2021.10.05.08.11.15_veh-50_00437_00585,0.8937382747610199,2021.10.05.08.11.15_veh-50_00437_00585,0.8939132660986184,0.00017499133759857344
1ec5607c174e58db,2021.10.05.08.11.15_veh-50_00437_00585,0.9042381950952809,2021.10.05.08.11.15_veh-50_00437_00585,0.903980432247211,-0.0002577628480698868
1edaacb093c25e24,2021.10.05.08.11.15_veh-50_00437_00585,0.8547278557368385,2021.10.05.08.11.15_veh-50_00437_00585,0.8550736493425733,0.0003457936057348343
205cf1f3466a5af6,2021.10.05.08.11.15_veh-50_00437_00585,0.8980368885724387,2021.10.05.08.11.15_veh-50_00437_00585,0.898017146008327,-1.9742564111635552e-05
21b4fab862a858b8,2021.10.05.08.11.15_veh-50_00437_00585,0.9263527421814669,2021.10.05.08.11.15_veh-50_00437_00585,0.9269087566331926,0.000556014451725706
22119d9673db504e,2021.10.05.08.11.15_veh-50_00437_00585,0.8825519338785042,2021.10.05.08.11.15_veh-50_00437_00585,0.8826454986743707,9.356479586652977e-05
22903ed6b4b45809,2021.10.05.08.11.15_veh-50_00437_00585,0.897246572344241,2021.10.05.08.11.15_veh-50_00437_00585,0.897244029521258,-2.5428229829538296e-06
24531603f9315046,2021.10.05.08.11.15_veh-50_00437_00585,0.9686372327530552,2021.10.05.08.11.15_veh-50_00437_00585,0.9691819229187737,0.0005446901657184533
25f2e28652bc5f06,2021.10.05.08.11.15_veh-50_00437_00585,0.9327555114088351,2021.10.05.08.11.15_veh-50_00437_00585,0.9331667594331314,0.0004112480242963734
2754ab87df25534c,2021.10.05.08.11.15_veh-50_00437_00585,0.868316733167317,2021.10.05.08.11.15_veh-50_00437_00585,0.8688483034136005,0.0005315702462835858
33173f63a6ff513d,2021.10.05.08.11.15_veh-50_00437_00585,0.9439534537580382,2021.10.05.08.11.15_veh-50_00437_00585,0.9438931963922478,-6.025736579040597e-05
344591ad59d7517d,2021.10.05.08.11.15_veh-50_00437_00585,0.9307190473366452,2021.10.05.08.11.15_veh-50_00437_00585,0.9312201916455394,0.0005011443088941414
3e36bef4c12f5be7,2021.10.05.08.11.15_veh-50_00437_00585,0.903765961652869,2021.10.05.08.11.15_veh-50_00437_00585,0.9041870749381847,0.0004211132853156885
40d427a5bcb95ad2,2021.10.05.08.11.15_veh-50_00437_00585,0.9382952779929783,2021.10.05.08.11.15_veh-50_00437_00585,0.9387282721093055,0.0004329941163272455
4876b61c929f5180,2021.10.05.08.11.15_veh-50_00437_00585,0.9480617503489897,2021.10.05.08.11.15_veh-50_00437_00585,0.9481345436106519,7.279326166220734e-05
4878391796105da9,2021.10.05.08.11.15_veh-50_00437_00585,0.8823356259500793,2021.10.05.08.11.15_veh-50_00437_00585,0.8828039629369225,0.0004683369868432319
51dc80968c9c5e08,2021.10.05.08.11.15_veh-50_00437_00585,0.9145389945061854,2021.10.05.08.11.15_veh-50_00437_00585,0.9148313480377306,0.0002923535315452197
5ad9e7defd1150e4,2021.10.05.08.11.15_veh-50_00437_00585,0.9232051922155835,2021.10.05.08.11.15_veh-50_00437_00585,0.9235258215241241,0.0003206293085405987
6158d35892e55941,2021.10.05.08.11.15_veh-50_00437_00585,0.9916214253337341,2021.10.05.08.11.15_veh-50_00437_00585,0.9920596467529696,0.0004382214192355516
6320ecb991675a39,2021.10.05.08.11.15_veh-50_00437_00585,0.8962316159499343,2021.10.05.08.11.15_veh-50_00437_00585,0.8964171494633535,0.00018553351341921154
63c8f3d715e85c4f,2021.10.05.08.11.15_veh-50_00437_00585,0.9195769976544458,2021.10.05.08.11.15_veh-50_00437_00585,0.9199020219619185,0.00032502430747272104
6c96474a9c865359,2021.10.05.08.11.15_veh-50_00437_00585,0.9098406685474036,2021.10.05.08.11.15_veh-50_00437_00585,0.9102232354067372,0.00038256685933357737
6ef77d4b725a5cf4,2021.10.05.08.11.15_veh-50_00437_00585,0.8795686998867994,2021.10.05.08.11.15_veh-50_00437_00585,0.87985802001352,0.0002893201267205603
72ebf07a88b25937,2021.10.05.08.11.15_veh-50_00437_00585,0.8266506773523321,2021.10.05.08.11.15_veh-50_00437_00585,0.8273064807782429,0.0006558034259107615
7307e312a7755908,2021.10.05.08.11.15_veh-50_00437_00585,0.9128543367689324,2021.10.05.08.11.15_veh-50_00437_00585,0.9131497847534706,0.00029544798453828847
756a836fafd05442,2021.10.05.08.11.15_veh-50_00437_00585,0.9645230491773114,2021.10.05.08.11.15_veh-50_00437_00585,0.9645441907125041,2.114153519272577e-05
770cf5148b3353a3,2021.10.05.08.11.15_veh-50_00437_00585,0.9054450442572823,2021.10.05.08.11.15_veh-50_00437_00585,0.9057100359161462,0.00026499165886384457
7cf3f478246b5da6,2021.10.05.08.11.15_veh-50_00437_00585,0.8790908940905547,2021.10.05.08.11.15_veh-50_00437_00585,0.8791221762326388,3.128214208403257e-05
7f8be3abc0f45edf,2021.10.05.08.11.15_veh-50_00437_00585,0.829157450781014,2021.10.05.08.11.15_veh-50_00437_00585,0.8296179294076467,0.0004604786266326766
83d4827aebe85832,2021.10.05.08.11.15_veh-50_00437_00585,0.8782347196156051,2021.10.05.08.11.15_veh-50_00437_00585,0.87877272514124,0.000538005525634988
84b9bc99160c578f,2021.10.05.08.11.15_veh-50_00437_00585,0.930173560982285,2021.10.05.08.11.15_veh-50_00437_00585,0.93057321712419,0.00039965614190506926
87516e1eaafc5107,2021.10.05.08.11.15_veh-50_00437_00585,0.952561384716918,2021.10.05.08.11.15_veh-50_00437_00585,0.9535048566210316,0.0009434719041135908
8c627a1fb8225bc0,2021.10.05.08.11.15_veh-50_00437_00585,0.9202471858427558,2021.10.05.08.11.15_veh-50_00437_00585,0.9207303318213924,0.00048314597863663433
8f7463455b225dfb,2021.10.05.08.11.15_veh-50_00437_00585,0.895544667413439,2021.10.05.08.11.15_veh-50_00437_00585,0.8970417620629008,0.0014970946494617943
92292554325a5fad,2021.10.05.08.11.15_veh-50_00437_00585,0.8833358259899703,2021.10.05.08.11.15_veh-50_00437_00585,0.8836769694338324,0.00034114344386215745
9ce14bde80df5bab,2021.10.05.08.11.15_veh-50_00437_00585,0.75,2021.10.05.08.11.15_veh-50_00437_00585,0.75,0.0
a99dbc17a6f35fa0,2021.10.05.08.11.15_veh-50_00437_00585,0.9119667564410983,2021.10.05.08.11.15_veh-50_00437_00585,0.9123355302561575,0.00036877381505928675
abc8c3e51f5857d5,2021.10.05.08.11.15_veh-50_00437_00585,0.9943648111849099,2021.10.05.08.11.15_veh-50_00437_00585,0.9949719012422076,0.0006070900572976434
abf1cce3aa57532a,2021.10.05.08.11.15_veh-50_00437_00585,0.9370129030471575,2021.10.05.08.11.15_veh-50_00437_00585,0.9376489391013809,0.0006360360542234655
aeac6b9b55cb5709,2021.10.05.08.11.15_veh-50_00437_00585,0.9063789701733188,2021.10.05.08.11.15_veh-50_00437_00585,0.9068846465422958,0.0005056763689770261
b08f0c9d23f054dc,2021.10.05.08.11.15_veh-50_00437_00585,0.8972827091578612,2021.10.05.08.11.15_veh-50_00437_00585,0.8975269784925157,0.00024426933465448997
b49af1daed2a5108,2021.10.05.08.11.15_veh-50_00437_00585,0.8839249941120859,2021.10.05.08.11.15_veh-50_00437_00585,0.8843092518064759,0.0003842576943899889
b5099ae80a345e3e,2021.10.05.08.11.15_veh-50_00437_00585,0.8816553048539352,2021.10.05.08.11.15_veh-50_00437_00585,0.8820625441573838,0.0004072393034486588
b85595849a165d8f,2021.10.05.08.11.15_veh-50_00437_00585,0.9238686801370336,2021.10.05.08.11.15_veh-50_00437_00585,0.9241414220475936,0.00027274191056003705
bf12b61919e85002,2021.10.05.08.11.15_veh-50_00437_00585,0.9937523089087579,2021.10.05.08.11.15_veh-50_00437_00585,0.9937966987964514,4.4389887693507823e-05
c782b0ff62235fda,2021.10.05.08.11.15_veh-50_00437_00585,0.7999088055782242,2021.10.05.08.11.15_veh-50_00437_00585,0.8004934551247178,0.0005846495464936208
c7a4ef2685fe5928,2021.10.05.08.11.15_veh-50_00437_00585,0.86886735235853,2021.10.05.08.11.15_veh-50_00437_00585,0.8695483499411603,0.0006809975826302939
c7e729ba460a565d,2021.10.05.08.11.15_veh-50_00437_00585,0.8308047067088259,2021.10.05.08.11.15_veh-50_00437_00585,0.8312737129581549,0.00046900624932899593
cce0038c37ca56a3,2021.10.05.08.11.15_veh-50_00437_00585,0.8922266106343917,2021.10.05.08.11.15_veh-50_00437_00585,0.8932525165008789,0.001025905866487209
cdc78adcdfae53a0,2021.10.05.08.11.15_veh-50_00437_00585,1.0,2021.10.05.08.11.15_veh-50_00437_00585,1.0,0.0
d9e7a7614b095a0b,2021.10.05.08.11.15_veh-50_00437_00585,0.8194683726076716,2021.10.05.08.11.15_veh-50_00437_00585,0.819924723864539,0.0004563512568673822
e25b028f941158d3,2021.10.05.08.11.15_veh-50_00437_00585,0.8875831790050657,2021.10.05.08.11.15_veh-50_00437_00585,0.8883532438766039,0.0007700648715381897
e26edc6457f85a2c,2021.10.05.08.11.15_veh-50_00437_00585,0.9013121952458609,2021.10.05.08.11.15_veh-50_00437_00585,0.9015688723561953,0.0002566771103343912
e9f76526b6d05e5c,2021.10.05.08.11.15_veh-50_00437_00585,0.9415789925609619,2021.10.05.08.11.15_veh-50_00437_00585,0.941948832327122,0.00036983976616011827
ec37ecf537d15383,2021.10.05.08.11.15_veh-50_00437_00585,0.9519589362012434,2021.10.05.08.11.15_veh-50_00437_00585,0.9522131346468592,0.0002541984456158053
f52e85080d085ad3,2021.10.05.08.11.15_veh-50_00437_00585,0.9856119547845269,2021.10.05.08.11.15_veh-50_00437_00585,0.9863205591258075,0.0007086043412806164
f5b35beed72e5aec,2021.10.05.08.11.15_veh-50_00437_00585,1.0,2021.10.05.08.11.15_veh-50_00437_00585,1.0,0.0
fa570010ca00540d,2021.10.05.08.11.15_veh-50_00437_00585,0.9293935367148374,2021.10.05.08.11.15_veh-50_00437_00585,0.9296240564563887,0.00023051974155130495
faa1719d97b65c1e,2021.10.05.08.11.15_veh-50_00437_00585,1.0,2021.10.05.08.11.15_veh-50_00437_00585,1.0,0.0
ff409a68b88e5ac0,2021.10.05.08.11.15_veh-50_00437_00585,0.8781284657766999,2021.10.05.08.11.15_veh-50_00437_00585,0.8785922185238593,0.00046375274715937387
0192df9f896c5030,2021.07.09.20.26.06_veh-35_02793_03289,1.0,2021.07.09.20.26.06_veh-35_02793_03289,1.0,0.0
0266adddeefb584b,2021.07.09.20.26.06_veh-35_02793_03289,1.0,2021.07.09.20.26.06_veh-35_02793_03289,1.0,0.0
044e89f71c845e59,2021.07.09.20.26.06_veh-35_02793_03289,0.967384965186981,2021.07.09.20.26.06_veh-35_02793_03289,0.9676462396095495,0.00026127442256851374
091a90a5f2855a82,2021.07.09.20.26.06_veh-35_02793_03289,0.927508621184743,2021.07.09.20.26.06_veh-35_02793_03289,0.9280116816894166,0.0005030605046736358
093784159a005ddd,2021.07.09.20.26.06_veh-35_02793_03289,0.875,2021.07.09.20.26.06_veh-35_02793_03289,0.875,0.0
0ba5cd65023a5d5c,2021.07.09.20.26.06_veh-35_02793_03289,1.0,2021.07.09.20.26.06_veh-35_02793_03289,1.0,0.0
0d0891893f1d59b5,2021.07.09.20.26.06_veh-35_02793_03289,0.8745140770231102,2021.07.09.20.26.06_veh-35_02793_03289,0.8743629167622725,-0.00015116026083772383
0d4a4de2ed0551de,2021.07.09.20.26.06_veh-35_02793_03289,1.0,2021.07.09.20.26.06_veh-35_02793_03289,1.0,0.0
13d47325b0b950f1,2021.07.09.20.26.06_veh-35_02793_03289,0.9565065777984478,2021.07.09.20.26.06_veh-35_02793_03289,0.9571765614971547,0.0006699836987068553
15080129531552fe,2021.07.09.20.26.06_veh-35_02793_03289,0.8932043895472817,2021.07.09.20.26.06_veh-35_02793_03289,0.893952207031087,0.0007478174838053686
18a2ed37c162552d,2021.07.09.20.26.06_veh-35_02793_03289,1.0,2021.07.09.20.26.06_veh-35_02793_03289,1.0,0.0
1c5284923bc85595,2021.07.09.20.26.06_veh-35_02793_03289,0.9689782960577291,2021.07.09.20.26.06_veh-35_02793_03289,0.9695537461672118,0.000575450109482678
1d158c219842558a,2021.07.09.20.26.06_veh-35_02793_03289,0.9557473894415249,2021.07.09.20.26.06_veh-35_02793_03289,0.95682961833358,0.0010822288920551149
220ebf89f21c58e4,2021.07.09.20.26.06_veh-35_02793_03289,1.0,2021.07.09.20.26.06_veh-35_02793_03289,1.0,0.0
23732000986756bd,2021.07.09.20.26.06_veh-35_02793_03289,0.9539659249923848,2021.07.09.20.26.06_veh-35_02793_03289,0.9546524474476672,0.0006865224552824456
252dcf3264285f7e,2021.07.09.20.26.06_veh-35_02793_03289,1.0,2021.07.09.20.26.06_veh-35_02793_03289,1.0,0.0
26a3cea95f035c1d,2021.07.09.20.26.06_veh-35_02793_03289,0.8544083927886231,2021.07.09.20.26.06_veh-35_02793_03289,0.8545977837447276,0.00018939095610448486
28e2bc1f058454a6,2021.07.09.20.26.06_veh-35_02793_03289,0.9350783383083124,2021.07.09.20.26.06_veh-35_02793_03289,0.9363503084565122,0.001271970148199797
29ff4b56af185819,2021.07.09.20.26.06_veh-35_02793_03289,0.9535327943390516,2021.07.09.20.26.06_veh-35_02793_03289,0.9545692785759411,0.0010364842368895122
2eb20ba165855d43,2021.07.09.20.26.06_veh-35_02793_03289,1.0,2021.07.09.20.26.06_veh-35_02793_03289,1.0,0.0
2f2bc1e20be4545e,2021.07.09.20.26.06_veh-35_02793_03289,1.0,2021.07.09.20.26.06_veh-35_02793_03289,1.0,0.0
30c294d478ee5953,2021.07.09.20.26.06_veh-35_02793_03289,0.9376537564022933,2021.07.09.20.26.06_veh-35_02793_03289,0.9396822569053271,0.0020285005030338255
30c5555824025240,2021.07.09.20.26.06_veh-35_02793_03289,0.9290188337453478,2021.07.09.20.26.06_veh-35_02793_03289,0.9302893834611152,0.001270549715767455
31232634fe425baa,2021.07.09.20.26.06_veh-35_02793_03289,0.9364923997827858,2021.07.09.20.26.06_veh-35_02793_03289,0.9366785255622666,0.00018612577948085018
31c01938dab253e7,2021.07.09.20.26.06_veh-35_02793_03289,1.0,2021.07.09.20.26.06_veh-35_02793_03289,1.0,0.0
31faa0734016556d,2021.07.09.20.26.06_veh-35_02793_03289,0.9460184725062094,2021.07.09.20.26.06_veh-35_02793_03289,0.9469397479163062,0.000921275410096789
320bd6309da05bf7,2021.07.09.20.26.06_veh-35_02793_03289,1.0,2021.07.09.20.26.06_veh-35_02793_03289,1.0,0.0
32aea60d7c7d56bf,2021.07.09.20.26.06_veh-35_02793_03289,1.0,2021.07.09.20.26.06_veh-35_02793_03289,1.0,0.0
3d6d3d1bfafd5c87,2021.07.09.20.26.06_veh-35_02793_03289,1.0,2021.07.09.20.26.06_veh-35_02793_03289,1.0,0.0
3e80032635bb59d8,2021.07.09.20.26.06_veh-35_02793_03289,1.0,2021.07.09.20.26.06_veh-35_02793_03289,1.0,0.0
3f1b608fff335993,2021.07.09.20.26.06_veh-35_02793_03289,1.0,2021.07.09.20.26.06_veh-35_02793_03289,1.0,0.0
411aeffde8b7585c,2021.07.09.20.26.06_veh-35_02793_03289,0.863969635506373,2021.07.09.20.26.06_veh-35_02793_03289,0.8650674691958901,0.0010978336895171026
4153f9fad2735b7d,2021.07.09.20.26.06_veh-35_02793_03289,0.8921835061626855,2021.07.09.20.26.06_veh-35_02793_03289,0.8929434109296298,0.0007599047669443193
43ab1fa546f15565,2021.07.09.20.26.06_veh-35_02793_03289,0.9397664770550945,2021.07.09.20.26.06_veh-35_02793_03289,0.940428291301571,0.0006618142464764887
450f27a1f39652ec,2021.07.09.20.26.06_veh-35_02793_03289,0.9461192184835642,2021.07.09.20.26.06_veh-35_02793_03289,0.9490714230501583,0.0029522045665941743
48ed922936d85f0d,2021.07.09.20.26.06_veh-35_02793_03289,0.9151520728253312,2021.07.09.20.26.06_veh-35_02793_03289,0.9154362228907159,0.0002841500653847362
492174f0a0be5e87,2021.07.09.20.26.06_veh-35_02793_03289,0.9608196153533424,2021.07.09.20.26.06_veh-35_02793_03289,0.9635055915351298,0.002685976181787453
4b012a201ee458a0,2021.07.09.20.26.06_veh-35_02793_03289,0.9200374214289392,2021.07.09.20.26.06_veh-35_02793_03289,0.9201492856585844,0.00011186422964526432
4f3e703c35e05679,2021.07.09.20.26.06_veh-35_02793_03289,1.0,2021.07.09.20.26.06_veh-35_02793_03289,1.0,0.0
50d1a9ffaa2c54a4,2021.07.09.20.26.06_veh-35_02793_03289,1.0,2021.07.09.20.26.06_veh-35_02793_03289,1.0,0.0
50de3d17be6c5ced,2021.07.09.20.26.06_veh-35_02793_03289,1.0,2021.07.09.20.26.06_veh-35_02793_03289,1.0,0.0
52d9b7c0daa5529a,2021.07.09.20.26.06_veh-35_02793_03289,1.0,2021.07.09.20.26.06_veh-35_02793_03289,1.0,0.0
54d3068f889b58ee,2021.07.09.20.26.06_veh-35_02793_03289,0.911098099308034,2021.07.09.20.26.06_veh-35_02793_03289,0.91138524866191,0.0002871493538759706
55934aa7214d511e,2021.07.09.20.26.06_veh-35_02793_03289,0.9293089461139644,2021.07.09.20.26.06_veh-35_02793_03289,0.9295382598712567,0.0002293137572922932
56197cc9035d51a9,2021.07.09.20.26.06_veh-35_02793_03289,0.9690569095550869,2021.07.09.20.26.06_veh-35_02793_03289,0.9697106604120826,0.0006537508569957051
56910770f2c1527a,2021.07.09.20.26.06_veh-35_02793_03289,1.0,2021.07.09.20.26.06_veh-35_02793_03289,1.0,0.0
56c1c01423045c64,2021.07.09.20.26.06_veh-35_02793_03289,1.0,2021.07.09.20.26.06_veh-35_02793_03289,1.0,0.0
5b33f44a53c35e48,2021.07.09.20.26.06_veh-35_02793_03289,1.0,2021.07.09.20.26.06_veh-35_02793_03289,1.0,0.0
5b7e8c4975ba58ec,2021.07.09.20.26.06_veh-35_02793_03289,1.0,2021.07.09.20.26.06_veh-35_02793_03289,1.0,0.0
600b68fede18549b,2021.07.09.20.26.06_veh-35_02793_03289,0.9912325427892766,2021.07.09.20.26.06_veh-35_02793_03289,0.9915312393959683,0.0002986966066916841
619751e2f7d45698,2021.07.09.20.26.06_veh-35_02793_03289,1.0,2021.07.09.20.26.06_veh-35_02793_03289,1.0,0.0
61a1cff677ad53ae,2021.07.09.20.26.06_veh-35_02793_03289,1.0,2021.07.09.20.26.06_veh-35_02793_03289,1.0,0.0
6440483e348d5f99,2021.07.09.20.26.06_veh-35_02793_03289,1.0,2021.07.09.20.26.06_veh-35_02793_03289,1.0,0.0
64832cd542ba5fbc,2021.07.09.20.26.06_veh-35_02793_03289,0.8276844606830278,2021.07.09.20.26.06_veh-35_02793_03289,0.8285232899928917,0.0008388293098638977
65eb702f91da53f9,2021.07.09.20.26.06_veh-35_02793_03289,1.0,2021.07.09.20.26.06_veh-35_02793_03289,1.0,0.0
66d11076d8de59c1,2021.07.09.20.26.06_veh-35_02793_03289,0.950060108660298,2021.07.09.20.26.06_veh-35_02793_03289,0.9512009025015279,0.0011407938412298924
6860494f3bf55348,2021.07.09.20.26.06_veh-35_02793_03289,0.9423549040208229,2021.07.09.20.26.06_veh-35_02793_03289,0.9425362627401246,0.00018135871930169412
68aeef84783d53ea,2021.07.09.20.26.06_veh-35_02793_03289,1.0,2021.07.09.20.26.06_veh-35_02793_03289,1.0,0.0
69912c13560f5d32,2021.07.09.20.26.06_veh-35_02793_03289,1.0,2021.07.09.20.26.06_veh-35_02793_03289,1.0,0.0
6a2198d9282c54ea,2021.07.09.20.26.06_veh-35_02793_03289,0.9492782137225153,2021.07.09.20.26.06_veh-35_02793_03289,0.9510260707712924,0.0017478570487771128
6b309e6010535fcc,2021.07.09.20.26.06_veh-35_02793_03289,1.0,2021.07.09.20.26.06_veh-35_02793_03289,1.0,0.0
6d00b13ae44d54a2,2021.07.09.20.26.06_veh-35_02793_03289,1.0,2021.07.09.20.26.06_veh-35_02793_03289,1.0,0.0
6d9f1b3847705ce1,2021.07.09.20.26.06_veh-35_02793_03289,0.9405807962839898,2021.07.09.20.26.06_veh-35_02793_03289,0.9409563974040034,0.00037560112001355783
6da35526f29f550a,2021.07.09.20.26.06_veh-35_02793_03289,1.0,2021.07.09.20.26.06_veh-35_02793_03289,1.0,0.0
6e2af7ec92495e06,2021.07.09.20.26.06_veh-35_02793_03289,0.9485963670838307,2021.07.09.20.26.06_veh-35_02793_03289,0.9486875969805824,9.12298967516989e-05
71e9fdd5d6315495,2021.07.09.20.26.06_veh-35_02793_03289,1.0,2021.07.09.20.26.06_veh-35_02793_03289,1.0,0.0
729f4b4121e35124,2021.07.09.20.26.06_veh-35_02793_03289,0.935560496577585,2021.07.09.20.26.06_veh-35_02793_03289,0.9361818237443515,0.0006213271667665499
7470512d36f45c26,2021.07.09.20.26.06_veh-35_02793_03289,0.9479854036802673,2021.07.09.20.26.06_veh-35_02793_03289,0.949755443477338,0.0017700397970706883
74f9e35f089d523a,2021.07.09.20.26.06_veh-35_02793_03289,1.0,2021.07.09.20.26.06_veh-35_02793_03289,1.0,0.0
75981c1acbe65a34,2021.07.09.20.26.06_veh-35_02793_03289,0.9334112557324034,2021.07.09.20.26.06_veh-35_02793_03289,0.9344272827168922,0.0010160269844888825
774923d838b959cd,2021.07.09.20.26.06_veh-35_02793_03289,0.9460218991839037,2021.07.09.20.26.06_veh-35_02793_03289,0.9471048591864089,0.0010829600025051844
796da6bb8d1d553f,2021.07.09.20.26.06_veh-35_02793_03289,1.0,2021.07.09.20.26.06_veh-35_02793_03289,1.0,0.0
7ba1003726915e44,2021.07.09.20.26.06_veh-35_02793_03289,0.9452969141611359,2021.07.09.20.26.06_veh-35_02793_03289,0.9458581303859335,0.000561216224797545
7fd6309dcdaf525e,2021.07.09.20.26.06_veh-35_02793_03289,1.0,2021.07.09.20.26.06_veh-35_02793_03289,1.0,0.0
8393b89f1fbd56fc,2021.07.09.20.26.06_veh-35_02793_03289,0.9471067781321298,2021.07.09.20.26.06_veh-35_02793_03289,0.9475324431751533,0.00042566504302343766
888476b1a13b51db,2021.07.09.20.26.06_veh-35_02793_03289,0.9383003887647225,2021.07.09.20.26.06_veh-35_02793_03289,0.9385734100895211,0.00027302132479856134
8902a3e760a7504d,2021.07.09.20.26.06_veh-35_02793_03289,0.9507830313089985,2021.07.09.20.26.06_veh-35_02793_03289,0.9513842830421017,0.0006012517331031031
8ca04ffe31395059,2021.07.09.20.26.06_veh-35_02793_03289,0.9684156967198405,2021.07.09.20.26.06_veh-35_02793_03289,0.9690524963863518,0.0006367996665113118
8e19623e78d15d60,2021.07.09.20.26.06_veh-35_02793_03289,0.8362390308383558,2021.07.09.20.26.06_veh-35_02793_03289,0.8371710363088614,0.000932005470505537
94e4f5f0f22655d2,2021.07.09.20.26.06_veh-35_02793_03289,0.9423408842812859,2021.07.09.20.26.06_veh-35_02793_03289,0.9430411614242102,0.0007002771429243104
95ccbbe1810c5e38,2021.07.09.20.26.06_veh-35_02793_03289,0.9194274606428434,2021.07.09.20.26.06_veh-35_02793_03289,0.9211462439042313,0.0017187832613878573
966cdeadbc375041,2021.07.09.20.26.06_veh-35_02793_03289,0.9495122126352682,2021.07.09.20.26.06_veh-35_02793_03289,0.9500142864076608,0.0005020737723926416
9ad2cc6c97365873,2021.07.09.20.26.06_veh-35_02793_03289,0.9183039304744105,2021.07.09.20.26.06_veh-35_02793_03289,0.9190199449712164,0.0007160144968059168
9b4247d0fd87569c,2021.07.09.20.26.06_veh-35_02793_03289,0.9209888531098105,2021.07.09.20.26.06_veh-35_02793_03289,0.922577644098046,0.0015887909882355
9f7def7fc5e4570e,2021.07.09.20.26.06_veh-35_02793_03289,0.8981205785300891,2021.07.09.20.26.06_veh-35_02793_03289,0.8986909886521008,0.0005704101220117552
a01fa5eb5be95c2a,2021.07.09.20.26.06_veh-35_02793_03289,0.925321126895645,2021.07.09.20.26.06_veh-35_02793_03289,0.9255332570572465,0.000212130161601487
a3421711e5dc50e5,2021.07.09.20.26.06_veh-35_02793_03289,0.75,2021.07.09.20.26.06_veh-35_02793_03289,0.75,0.0
a7052e45ec88505e,2021.07.09.20.26.06_veh-35_02793_03289,0.9453794187758251,2021.07.09.20.26.06_veh-35_02793_03289,0.9459117989216285,0.0005323801458033683
a8f42d585ae55630,2021.07.09.20.26.06_veh-35_02793_03289,0.9619187252047758,2021.07.09.20.26.06_veh-35_02793_03289,0.962529819861202,0.0006110946564261699
aa22e0c0be2b588c,2021.07.09.20.26.06_veh-35_02793_03289,1.0,2021.07.09.20.26.06_veh-35_02793_03289,1.0,0.0
aa9798a62fd05f92,2021.07.09.20.26.06_veh-35_02793_03289,0.9534733019980062,2021.07.09.20.26.06_veh-35_02793_03289,0.9538299994547378,0.0003566974567316139
abc8238662a8569e,2021.07.09.20.26.06_veh-35_02793_03289,0.9506630465555871,2021.07.09.20.26.06_veh-35_02793_03289,0.9510899819054301,0.0004269353498430606
ad8f2bc5ddb055c9,2021.07.09.20.26.06_veh-35_02793_03289,0.9146434163340471,2021.07.09.20.26.06_veh-35_02793_03289,0.915295008006968,0.0006515916729208371
add1ea7b7e845845,2021.07.09.20.26.06_veh-35_02793_03289,1.0,2021.07.09.20.26.06_veh-35_02793_03289,1.0,0.0
adf1f42c50905604,2021.07.09.20.26.06_veh-35_02793_03289,1.0,2021.07.09.20.26.06_veh-35_02793_03289,1.0,0.0
ae0c0121c32e5e5c,2021.07.09.20.26.06_veh-35_02793_03289,0.8617128519401293,2021.07.09.20.26.06_veh-35_02793_03289,0.8626838616374792,0.0009710096973499782
af1647f044bf5353,2021.07.09.20.26.06_veh-35_02793_03289,1.0,2021.07.09.20.26.06_veh-35_02793_03289,1.0,0.0
b017af1b89af5241,2021.07.09.20.26.06_veh-35_02793_03289,1.0,2021.07.09.20.26.06_veh-35_02793_03289,1.0,0.0
b0fbd8c8185b5ba8,2021.07.09.20.26.06_veh-35_02793_03289,1.0,2021.07.09.20.26.06_veh-35_02793_03289,1.0,0.0
b31cfbd91b505320,2021.07.09.20.26.06_veh-35_02793_03289,0.8418512181456599,2021.07.09.20.26.06_veh-35_02793_03289,0.8425537786637147,0.00070256051805484
b3811cb7cd8b5bee,2021.07.09.20.26.06_veh-35_02793_03289,1.0,2021.07.09.20.26.06_veh-35_02793_03289,1.0,0.0
b462555081035453,2021.07.09.20.26.06_veh-35_02793_03289,0.9662573632552143,2021.07.09.20.26.06_veh-35_02793_03289,0.9665661657577025,0.0003088025024882146
b518972e5c74575f,2021.07.09.20.26.06_veh-35_02793_03289,0.8232510565915867,2021.07.09.20.26.06_veh-35_02793_03289,0.9489202280923015,0.12566917150071477
b5bc586e807859b9,2021.07.09.20.26.06_veh-35_02793_03289,0.9693326753678172,2021.07.09.20.26.06_veh-35_02793_03289,0.9687773704732565,-0.000555304894560682
b5e45ceeb763563d,2021.07.09.20.26.06_veh-35_02793_03289,1.0,2021.07.09.20.26.06_veh-35_02793_03289,1.0,0.0
b7c1be361c1d5615,2021.07.09.20.26.06_veh-35_02793_03289,0.9283992099690992,2021.07.09.20.26.06_veh-35_02793_03289,0.929588643738746,0.0011894337696467527
b97938c4b1ac52af,2021.07.09.20.26.06_veh-35_02793_03289,0.9683691300718804,2021.07.09.20.26.06_veh-35_02793_03289,0.968998725378058,0.0006295953061775661
b98a4b4bc2ee5b6a,2021.07.09.20.26.06_veh-35_02793_03289,0.9411523793586217,2021.07.09.20.26.06_veh-35_02793_03289,0.9426566511692583,0.0015042718106366149
bb9c2a9a955450bc,2021.07.09.20.26.06_veh-35_02793_03289,1.0,2021.07.09.20.26.06_veh-35_02793_03289,1.0,0.0
bc445c24b7545106,2021.07.09.20.26.06_veh-35_02793_03289,0.975621883590275,2021.07.09.20.26.06_veh-35_02793_03289,0.9753366043130545,-0.00028527927722055146
bd8da61ec9b053a6,2021.07.09.20.26.06_veh-35_02793_03289,1.0,2021.07.09.20.26.06_veh-35_02793_03289,1.0,0.0
be0a4fadbbf8555a,2021.07.09.20.26.06_veh-35_02793_03289,0.9511708531903775,2021.07.09.20.26.06_veh-35_02793_03289,0.951195268087395,2.4414897017432935e-05
c0d603acd14d5441,2021.07.09.20.26.06_veh-35_02793_03289,0.940051847936255,2021.07.09.20.26.06_veh-35_02793_03289,0.9416771091972768,0.0016252612610218042
c11f2df51dd65f35,2021.07.09.20.26.06_veh-35_02793_03289,0.9626179062069339,2021.07.09.20.26.06_veh-35_02793_03289,0.9630727691443425,0.0004548629374085955
c14c33af349e53d0,2021.07.09.20.26.06_veh-35_02793_03289,0.9699634649494647,2021.07.09.20.26.06_veh-35_02793_03289,0.9702159646137156,0.00025249966425089365
c4fc1ccdc82752ef,2021.07.09.20.26.06_veh-35_02793_03289,0.9335891619061519,2021.07.09.20.26.06_veh-35_02793_03289,0.9345515023301701,0.0009623404240182154
c5f68fedccf05348,2021.07.09.20.26.06_veh-35_02793_03289,1.0,2021.07.09.20.26.06_veh-35_02793_03289,1.0,0.0
c6cd57d4069b55bb,2021.07.09.20.26.06_veh-35_02793_03289,0.9685791572317354,2021.07.09.20.26.06_veh-35_02793_03289,0.9688848022148339,0.0003056449830984853
c73b0140d9f153a8,2021.07.09.20.26.06_veh-35_02793_03289,0.9651149856582227,2021.07.09.20.26.06_veh-35_02793_03289,0.9655144774823955,0.00039949182417275964
c8359786d5db538c,2021.07.09.20.26.06_veh-35_02793_03289,1.0,2021.07.09.20.26.06_veh-35_02793_03289,1.0,0.0
ca0eb08315185167,2021.07.09.20.26.06_veh-35_02793_03289,1.0,2021.07.09.20.26.06_veh-35_02793_03289,1.0,0.0
cb0ae811d2c95ead,2021.07.09.20.26.06_veh-35_02793_03289,1.0,2021.07.09.20.26.06_veh-35_02793_03289,1.0,0.0
cc9156b10b5855ff,2021.07.09.20.26.06_veh-35_02793_03289,0.9083462776975517,2021.07.09.20.26.06_veh-35_02793_03289,0.9096262177703436,0.001279940072791863
cc94486698ff58d1,2021.07.09.20.26.06_veh-35_02793_03289,0.929922957365157,2021.07.09.20.26.06_veh-35_02793_03289,0.9303310546307277,0.00040809726557078374
ccd64ddebcda50f6,2021.07.09.20.26.06_veh-35_02793_03289,0.9238567433638605,2021.07.09.20.26.06_veh-35_02793_03289,0.9249346969463337,0.0010779535824732012
cce0aae6d8a853d2,2021.07.09.20.26.06_veh-35_02793_03289,0.970690808063136,2021.07.09.20.26.06_veh-35_02793_03289,0.9712493188616769,0.0005585107985408566
d1b49eebe00059c4,2021.07.09.20.26.06_veh-35_02793_03289,1.0,2021.07.09.20.26.06_veh-35_02793_03289,1.0,0.0
d4a4be0043ee53d8,2021.07.09.20.26.06_veh-35_02793_03289,0.9617491311298835,2021.07.09.20.26.06_veh-35_02793_03289,0.9633635194349559,0.001614388305072434
d4aca7a7d5ba5ff7,2021.07.09.20.26.06_veh-35_02793_03289,0.9708581908552466,2021.07.09.20.26.06_veh-35_02793_03289,0.9712800196252794,0.00042182877003282826
d662eafbf56753f4,2021.07.09.20.26.06_veh-35_02793_03289,0.9608948127243755,2021.07.09.20.26.06_veh-35_02793_03289,0.9613720120426683,0.00047719931829282025
d7e370e3315453ae,2021.07.09.20.26.06_veh-35_02793_03289,0.850226437566207,2021.07.09.20.26.06_veh-35_02793_03289,0.8516569548317346,0.0014305172655276754
d7e69541e68a5b3b,2021.07.09.20.26.06_veh-35_02793_03289,0.9649338396775946,2021.07.09.20.26.06_veh-35_02793_03289,0.9656563000083609,0.0007224603307662836
d8118f444d4d574e,2021.07.09.20.26.06_veh-35_02793_03289,0.75,2021.07.09.20.26.06_veh-35_02793_03289,0.75,0.0
d9132b3c692558c8,2021.07.09.20.26.06_veh-35_02793_03289,1.0,2021.07.09.20.26.06_veh-35_02793_03289,1.0,0.0
daa2dd83846355d1,2021.07.09.20.26.06_veh-35_02793_03289,0.9534738540287062,2021.07.09.20.26.06_veh-35_02793_03289,0.955234644946902,0.0017607909181958092
e06108e069b55486,2021.07.09.20.26.06_veh-35_02793_03289,0.9462354947066656,2021.07.09.20.26.06_veh-35_02793_03289,0.9466255672147501,0.00039007250808453797
e0990db225ab5e2b,2021.07.09.20.26.06_veh-35_02793_03289,0.9528050263179015,2021.07.09.20.26.06_veh-35_02793_03289,0.9542557272110587,0.0014507008931571308
e1320bebb7f25f65,2021.07.09.20.26.06_veh-35_02793_03289,0.9592064465026857,2021.07.09.20.26.06_veh-35_02793_03289,0.9601233131834082,0.000916866680722439
e27c4e988e10569a,2021.07.09.20.26.06_veh-35_02793_03289,0.8831262315304119,2021.07.09.20.26.06_veh-35_02793_03289,0.8830915553417618,-3.467618865016231e-05
e34cae2fefab55b8,2021.07.09.20.26.06_veh-35_02793_03289,0.9448742104371574,2021.07.09.20.26.06_veh-35_02793_03289,0.9467204178715828,0.0018462074344254287
e4bf21cd63585bf7,2021.07.09.20.26.06_veh-35_02793_03289,0.9450875780462633,2021.07.09.20.26.06_veh-35_02793_03289,0.9458466822420663,0.0007591041958029399
e507573c08815f9e,2021.07.09.20.26.06_veh-35_02793_03289,0.916442790572796,2021.07.09.20.26.06_veh-35_02793_03289,0.9184632470785974,0.0020204565058014046
e90d6cecf29d53cc,2021.07.09.20.26.06_veh-35_02793_03289,0.0,2021.07.09.20.26.06_veh-35_02793_03289,0.0,0.0
ec0f3cc6c0fd590e,2021.07.09.20.26.06_veh-35_02793_03289,1.0,2021.07.09.20.26.06_veh-35_02793_03289,1.0,0.0
edd18606d29e5285,2021.07.09.20.26.06_veh-35_02793_03289,1.0,2021.07.09.20.26.06_veh-35_02793_03289,1.0,0.0
eebdbcf854975ae9,2021.07.09.20.26.06_veh-35_02793_03289,1.0,2021.07.09.20.26.06_veh-35_02793_03289,1.0,0.0
efe50170f67a57dc,2021.07.09.20.26.06_veh-35_02793_03289,1.0,2021.07.09.20.26.06_veh-35_02793_03289,1.0,0.0
f177501cd1555b76,2021.07.09.20.26.06_veh-35_02793_03289,1.0,2021.07.09.20.26.06_veh-35_02793_03289,1.0,0.0
f42717531e645bd0,2021.07.09.20.26.06_veh-35_02793_03289,0.88890582860644,2021.07.09.20.26.06_veh-35_02793_03289,0.8910117742240944,0.0021059456176544256
f6522a382ccb5589,2021.07.09.20.26.06_veh-35_02793_03289,1.0,2021.07.09.20.26.06_veh-35_02793_03289,1.0,0.0
f79dbdc306a15120,2021.07.09.20.26.06_veh-35_02793_03289,1.0,2021.07.09.20.26.06_veh-35_02793_03289,1.0,0.0
f95fc48b693b53c2,2021.07.09.20.26.06_veh-35_02793_03289,0.9070695168219394,2021.07.09.20.26.06_veh-35_02793_03289,0.9086985594782047,0.0016290426562652893
fa6d09b953e85996,2021.07.09.20.26.06_veh-35_02793_03289,0.9435858920603201,2021.07.09.20.26.06_veh-35_02793_03289,0.9454264175611092,0.0018405255007891697
faf084d60e455e01,2021.07.09.20.26.06_veh-35_02793_03289,0.0,2021.07.09.20.26.06_veh-35_02793_03289,0.0,0.0
fb62245532a251c2,2021.07.09.20.26.06_veh-35_02793_03289,0.9380944900176387,2021.07.09.20.26.06_veh-35_02793_03289,0.9392267584526544,0.001132268435015682
fba22c6ccd535dd0,2021.07.09.20.26.06_veh-35_02793_03289,1.0,2021.07.09.20.26.06_veh-35_02793_03289,1.0,0.0
fbd62cf89a7d5308,2021.07.09.20.26.06_veh-35_02793_03289,0.7811097826780626,2021.07.09.20.26.06_veh-35_02793_03289,0.9080643350583588,0.12695455238029618
fd266017475c571a,2021.07.09.20.26.06_veh-35_02793_03289,0.9538797206960596,2021.07.09.20.26.06_veh-35_02793_03289,0.9543107793991139,0.00043105870305426564
fd88394324a05329,2021.07.09.20.26.06_veh-35_02793_03289,1.0,2021.07.09.20.26.06_veh-35_02793_03289,1.0,0.0
fe07ab55cffb5cb9,2021.07.09.20.26.06_veh-35_02793_03289,0.9365849467716892,2021.07.09.20.26.06_veh-35_02793_03289,0.9375260472372979,0.0009411004656086908
fe61c9b75ca85f61,2021.07.09.20.26.06_veh-35_02793_03289,0.9914848258697782,2021.07.09.20.26.06_veh-35_02793_03289,0.991040977119581,-0.0004438487501972066
0191e3cbe7735d02,2021.10.11.02.57.41_veh-50_01028_01289,0.9150689500495859,2021.10.11.02.57.41_veh-50_01028_01289,0.9152105955258144,0.00014164547622852464
04a2fff5521b5215,2021.10.11.02.57.41_veh-50_01028_01289,0.9009660957597414,2021.10.11.02.57.41_veh-50_01028_01289,0.9011305856160603,0.00016448985631889457
0502eec8c9615c19,2021.10.11.02.57.41_veh-50_01028_01289,1.0,2021.10.11.02.57.41_veh-50_01028_01289,1.0,0.0
076e73b542175041,2021.10.11.02.57.41_veh-50_01028_01289,0.8858545334099788,2021.10.11.02.57.41_veh-50_01028_01289,0.8861892554099358,0.00033472199995698837
0f2f7590e2c153c1,2021.10.11.02.57.41_veh-50_01028_01289,1.0,2021.10.11.02.57.41_veh-50_01028_01289,1.0,0.0
134c53ed5241548e,2021.10.11.02.57.41_veh-50_01028_01289,0.9074994143255412,2021.10.11.02.57.41_veh-50_01028_01289,0.9071262296176283,-0.00037318470791281033
16259719899f5b57,2021.10.11.02.57.41_veh-50_01028_01289,1.0,2021.10.11.02.57.41_veh-50_01028_01289,1.0,0.0
16e38f619b4358cb,2021.10.11.02.57.41_veh-50_01028_01289,1.0,2021.10.11.02.57.41_veh-50_01028_01289,1.0,0.0
1e7ba1144b7e587f,2021.10.11.02.57.41_veh-50_01028_01289,0.8923258718301215,2021.10.11.02.57.41_veh-50_01028_01289,0.8925450034682938,0.00021913163817233183
2040cae1f2005ace,2021.10.11.02.57.41_veh-50_01028_01289,0.9040467922685815,2021.10.11.02.57.41_veh-50_01028_01289,0.9040872871754677,4.0494906886179294e-05
2b1b98be0fd55a97,2021.10.11.02.57.41_veh-50_01028_01289,0.7854772598562372,2021.10.11.02.57.41_veh-50_01028_01289,0.78592241233634,0.00044515248010279507
2df6dad2e3c4525a,2021.10.11.02.57.41_veh-50_01028_01289,0.9053373688052491,2021.10.11.02.57.41_veh-50_01028_01289,0.9056750671383141,0.0003376983330650729
3338316c86985d7e,2021.10.11.02.57.41_veh-50_01028_01289,0.9071527701858226,2021.10.11.02.57.41_veh-50_01028_01289,0.9072867014581768,0.0001339312723541708
3540468e063052d2,2021.10.11.02.57.41_veh-50_01028_01289,0.8965413564771652,2021.10.11.02.57.41_veh-50_01028_01289,0.8966767576812883,0.00013540120412314227
37c824c3fc615763,2021.10.11.02.57.41_veh-50_01028_01289,0.9584807925774326,2021.10.11.02.57.41_veh-50_01028_01289,0.9587945666642086,0.0003137740867760197
3a5d0b9a8778529e,2021.10.11.02.57.41_veh-50_01028_01289,1.0,2021.10.11.02.57.41_veh-50_01028_01289,1.0,0.0
3bcde9ce94de5b6a,2021.10.11.02.57.41_veh-50_01028_01289,0.9015276986933958,2021.10.11.02.57.41_veh-50_01028_01289,0.9017000608772842,0.00017236218388838598
3dd3b152b6a95c84,2021.10.11.02.57.41_veh-50_01028_01289,0.8112711141968977,2021.10.11.02.57.41_veh-50_01028_01289,0.8118341111975492,0.0005629970006515439
3df6bd69748e51ec,2021.10.11.02.57.41_veh-50_01028_01289,0.8370817250063917,2021.10.11.02.57.41_veh-50_01028_01289,0.8371606036266782,7.88786202865488e-05
411704ad095950e8,2021.10.11.02.57.41_veh-50_01028_01289,0.891128627301794,2021.10.11.02.57.41_veh-50_01028_01289,0.8911801819188832,5.1554617089166754e-05
459f16faaa0e51bf,2021.10.11.02.57.41_veh-50_01028_01289,0.8951016027744096,2021.10.11.02.57.41_veh-50_01028_01289,0.89553615262265,0.0004345498482403176
4d540daaddb15826,2021.10.11.02.57.41_veh-50_01028_01289,0.9377147200303105,2021.10.11.02.57.41_veh-50_01028_01289,0.9391041457156751,0.001389425685364598
4f02764ce23c5c1d,2021.10.11.02.57.41_veh-50_01028_01289,0.875,2021.10.11.02.57.41_veh-50_01028_01289,1.0,0.125
4fe2c5e04d795883,2021.10.11.02.57.41_veh-50_01028_01289,0.9072115190840002,2021.10.11.02.57.41_veh-50_01028_01289,0.9074110051965272,0.0001994861125269587
4ff0a2b15a835463,2021.10.11.02.57.41_veh-50_01028_01289,0.8829520901748724,2021.10.11.02.57.41_veh-50_01028_01289,0.8830111239799823,5.903380510985379e-05
539393ec03d3569f,2021.10.11.02.57.41_veh-50_01028_01289,0.905652713079464,2021.10.11.02.57.41_veh-50_01028_01289,0.9060615357355241,0.000408822656060015
53fbf0500ccf5c81,2021.10.11.02.57.41_veh-50_01028_01289,1.0,2021.10.11.02.57.41_veh-50_01028_01289,1.0,0.0
55d8e5c3dd4657d5,2021.10.11.02.57.41_veh-50_01028_01289,0.9111453249254302,2021.10.11.02.57.41_veh-50_01028_01289,0.9115059319212466,0.00036060699581641487
5689b5417b1b59fa,2021.10.11.02.57.41_veh-50_01028_01289,0.9093426588167043,2021.10.11.02.57.41_veh-50_01028_01289,0.9097445382640779,0.0004018794473735765
5bfc2ed8a9e55b31,2021.10.11.02.57.41_veh-50_01028_01289,0.8754006644183971,2021.10.11.02.57.41_veh-50_01028_01289,0.8753614591811383,-3.920523725886582e-05
5d626b0485e65f74,2021.10.11.02.57.41_veh-50_01028_01289,0.8635523155859501,2021.10.11.02.57.41_veh-50_01028_01289,0.8637337446551974,0.0001814290692472298
5f1d8aea61145907,2021.10.11.02.57.41_veh-50_01028_01289,0.8911897342812709,2021.10.11.02.57.41_veh-50_01028_01289,0.891259979288935,7.024500766406039e-05
5f7dadb16c9858e6,2021.10.11.02.57.41_veh-50_01028_01289,0.9035315888256044,2021.10.11.02.57.41_veh-50_01028_01289,0.903894474566484,0.0003628857408796149
619b51912d2b518f,2021.10.11.02.57.41_veh-50_01028_01289,0.9094206232581604,2021.10.11.02.57.41_veh-50_01028_01289,0.9094182058939835,-2.4173641769431597e-06
6312e02de8755c63,2021.10.11.02.57.41_veh-50_01028_01289,0.9481567997812066,2021.10.11.02.57.41_veh-50_01028_01289,0.9487614612456924,0.0006046614644857895
63f9372237ab5b50,2021.10.11.02.57.41_veh-50_01028_01289,1.0,2021.10.11.02.57.41_veh-50_01028_01289,1.0,0.0
67b3098372645d8b,2021.10.11.02.57.41_veh-50_01028_01289,0.8798359433934942,2021.10.11.02.57.41_veh-50_01028_01289,0.8796434628694831,-0.00019248052401110716
7616cee0eba15c75,2021.10.11.02.57.41_veh-50_01028_01289,0.7823455399101875,2021.10.11.02.57.41_veh-50_01028_01289,0.7826648247740635,0.0003192848638760015
76f38770875550d4,2021.10.11.02.57.41_veh-50_01028_01289,0.8884718290566873,2021.10.11.02.57.41_veh-50_01028_01289,0.8884314195770886,-4.0409479598713105e-05
774f3eae89d35589,2021.10.11.02.57.41_veh-50_01028_01289,0.8843223402106126,2021.10.11.02.57.41_veh-50_01028_01289,0.8846854459474441,0.0003631057368315149
792875d97ce5574d,2021.10.11.02.57.41_veh-50_01028_01289,0.7480957436965956,2021.10.11.02.57.41_veh-50_01028_01289,0.7480691744686383,-2.6569227957295993e-05
7c31c611152b5a9c,2021.10.11.02.57.41_veh-50_01028_01289,0.8821651085314831,2021.10.11.02.57.41_veh-50_01028_01289,0.8821231161713676,-4.1992360115483685e-05
7eb6beaba2e45001,2021.10.11.02.57.41_veh-50_01028_01289,0.9183798443680073,2021.10.11.02.57.41_veh-50_01028_01289,0.9186749773422894,0.0002951329742820752
872ae71c24805cd8,2021.10.11.02.57.41_veh-50_01028_01289,0.9030073580206723,2021.10.11.02.57.41_veh-50_01028_01289,0.9031900949327052,0.0001827369120328548
8a2496c5d7d15cc1,2021.10.11.02.57.41_veh-50_01028_01289,0.7767737411843152,2021.10.11.02.57.41_veh-50_01028_01289,0.7771599213449112,0.0003861801605959947
8ac887d1ccb95be5,2021.10.11.02.57.41_veh-50_01028_01289,0.8933202195762147,2021.10.11.02.57.41_veh-50_01028_01289,0.8937436770886815,0.0004234575124668627
92a19adc03e55fc5,2021.10.11.02.57.41_veh-50_01028_01289,0.8855783783575707,2021.10.11.02.57.41_veh-50_01028_01289,0.8861011612414398,0.0005227828838690884
955e0d97f2f35bc4,2021.10.11.02.57.41_veh-50_01028_01289,0.8932920179679283,2021.10.11.02.57.41_veh-50_01028_01289,0.8934431269259986,0.00015110895807024516
98f62d9131da5913,2021.10.11.02.57.41_veh-50_01028_01289,0.8279470925537569,2021.10.11.02.57.41_veh-50_01028_01289,0.8282545800627555,0.0003074875089986717
997140e8419051b4,2021.10.11.02.57.41_veh-50_01028_01289,0.8969393293731908,2021.10.11.02.57.41_veh-50_01028_01289,0.8972659089517087,0.00032657957851789376
9a45431d78665797,2021.10.11.02.57.41_veh-50_01028_01289,0.9055566429136777,2021.10.11.02.57.41_veh-50_01028_01289,0.9060904207157569,0.0005337778020791939
9abce3eae2005739,2021.10.11.02.57.41_veh-50_01028_01289,0.9114918190339985,2021.10.11.02.57.41_veh-50_01028_01289,0.911733913742271,0.00024209470827252222
9eae5a2e43535977,2021.10.11.02.57.41_veh-50_01028_01289,0.0,2021.10.11.02.57.41_veh-50_01028_01289,0.0,0.0
a3886a0066ca51e0,2021.10.11.02.57.41_veh-50_01028_01289,0.8978220021001184,2021.10.11.02.57.41_veh-50_01028_01289,0.8981006522052293,0.00027865010511085586
a77bff075d7c5d85,2021.10.11.02.57.41_veh-50_01028_01289,0.721531415145312,2021.10.11.02.57.41_veh-50_01028_01289,0.7213321344024796,-0.0001992807428324861
abc9f2cbeaeb55f6,2021.10.11.02.57.41_veh-50_01028_01289,0.9390029753662275,2021.10.11.02.57.41_veh-50_01028_01289,0.9391563802419114,0.0001534048756839379
abeedf530cf3573d,2021.10.11.02.57.41_veh-50_01028_01289,0.8330492935900481,2021.10.11.02.57.41_veh-50_01028_01289,0.8339834104577452,0.0009341168676970657
ad75c0abe73d52c7,2021.10.11.02.57.41_veh-50_01028_01289,0.8896934705722456,2021.10.11.02.57.41_veh-50_01028_01289,0.8902285365671109,0.0005350659948653025
ae2807f88fea5904,2021.10.11.02.57.41_veh-50_01028_01289,0.8636330510422896,2021.10.11.02.57.41_veh-50_01028_01289,0.8639912082127921,0.0003581571705024711
afcacc1536c75f9f,2021.10.11.02.57.41_veh-50_01028_01289,0.7764255295311457,2021.10.11.02.57.41_veh-50_01028_01289,0.7771059264629167,0.0006803969317709102
b3c10c514af95e75,2021.10.11.02.57.41_veh-50_01028_01289,0.9447041179597753,2021.10.11.02.57.41_veh-50_01028_01289,0.9459186058219343,0.0012144878621590527
b3d05d10a7075767,2021.10.11.02.57.41_veh-50_01028_01289,0.7721327011579466,2021.10.11.02.57.41_veh-50_01028_01289,0.7726246979654481,0.0004919968075014491
b57bd30f8dbd5371,2021.10.11.02.57.41_veh-50_01028_01289,0.875,2021.10.11.02.57.41_veh-50_01028_01289,0.875,0.0
bb83b26d840d56b6,2021.10.11.02.57.41_veh-50_01028_01289,0.8968167448175187,2021.10.11.02.57.41_veh-50_01028_01289,0.8970616409971449,0.00024489617962619725
bef6605735245959,2021.10.11.02.57.41_veh-50_01028_01289,0.6490663889241406,2021.10.11.02.57.41_veh-50_01028_01289,0.649393225701435,0.00032683677729439253
c47ae82409da5780,2021.10.11.02.57.41_veh-50_01028_01289,0.912229571125826,2021.10.11.02.57.41_veh-50_01028_01289,0.9126367034682235,0.00040713234239742047
c781e2c428ee5b12,2021.10.11.02.57.41_veh-50_01028_01289,0.9205021862418827,2021.10.11.02.57.41_veh-50_01028_01289,0.9206650938264079,0.00016290758452519594
c817fbce92d158c4,2021.10.11.02.57.41_veh-50_01028_01289,0.8777044061377671,2021.10.11.02.57.41_veh-50_01028_01289,0.8779586220796449,0.00025421594187780006
d024230338045f83,2021.10.11.02.57.41_veh-50_01028_01289,0.9871759066616139,2021.10.11.02.57.41_veh-50_01028_01289,0.9872502770250189,7.437036340496306e-05
d8c8e4dbeb2158b0,2021.10.11.02.57.41_veh-50_01028_01289,1.0,2021.10.11.02.57.41_veh-50_01028_01289,1.0,0.0
dc5d48591a565e58,2021.10.11.02.57.41_veh-50_01028_01289,1.0,2021.10.11.02.57.41_veh-50_01028_01289,1.0,0.0
e1a9b17e1fee5fe5,2021.10.11.02.57.41_veh-50_01028_01289,0.9124662493617266,2021.10.11.02.57.41_veh-50_01028_01289,0.9130322396676142,0.0005659903058875537
e4c4b061d1845fd6,2021.10.11.02.57.41_veh-50_01028_01289,1.0,2021.10.11.02.57.41_veh-50_01028_01289,1.0,0.0
e70a9c0c51675ea1,2021.10.11.02.57.41_veh-50_01028_01289,0.9072860225600373,2021.10.11.02.57.41_veh-50_01028_01289,0.9075650471978217,0.00027902463778439746
ea43967ed8ad5dc0,2021.10.11.02.57.41_veh-50_01028_01289,1.0,2021.10.11.02.57.41_veh-50_01028_01289,1.0,0.0
eb6e558901af58af,2021.10.11.02.57.41_veh-50_01028_01289,0.9436869653448506,2021.10.11.02.57.41_veh-50_01028_01289,0.9440821747742081,0.00039520942935744596
ebca7e0c22b65deb,2021.10.11.02.57.41_veh-50_01028_01289,0.8412493236928152,2021.10.11.02.57.41_veh-50_01028_01289,0.8416929388210562,0.0004436151282409817
f295b9b2ee545520,2021.10.11.02.57.41_veh-50_01028_01289,0.8908891594271376,2021.10.11.02.57.41_veh-50_01028_01289,0.8912543770538203,0.0003652176266826235
f6e7cfd22eaa5a4f,2021.10.11.02.57.41_veh-50_01028_01289,0.828754893410738,2021.10.11.02.57.41_veh-50_01028_01289,0.8294161582738954,0.0006612648631573181
f7d51773081653ac,2021.10.11.02.57.41_veh-50_01028_01289,0.9119519654277308,2021.10.11.02.57.41_veh-50_01028_01289,0.912168972573403,0.00021700714567218782
f83624d80fbf5b86,2021.10.11.02.57.41_veh-50_01028_01289,0.8597726500296589,2021.10.11.02.57.41_veh-50_01028_01289,0.8602338739529757,0.0004612239233168225
00b3f7e6cbfc5fa0,2021.10.11.02.57.41_veh-50_02155_02265,0.9222433533355046,2021.10.11.02.57.41_veh-50_02155_02265,0.9227524185127518,0.0005090651772472476
02be5e5257915894,2021.10.11.02.57.41_veh-50_02155_02265,0.9118013038883659,2021.10.11.02.57.41_veh-50_02155_02265,0.9119544634247139,0.00015315953634797985
03eb9463e1685d1f,2021.10.11.02.57.41_veh-50_02155_02265,0.9079972574912788,2021.10.11.02.57.41_veh-50_02155_02265,0.9080138671077237,1.660961644489589e-05
0424e5fd9a5c5e60,2021.10.11.02.57.41_veh-50_02155_02265,0.9078458327648248,2021.10.11.02.57.41_veh-50_02155_02265,0.908037045790018,0.00019121302519320427
06cd8d997cfe5de6,2021.10.11.02.57.41_veh-50_02155_02265,0.9131503431174461,2021.10.11.02.57.41_veh-50_02155_02265,0.9135923475835495,0.00044200446610331845
0746ca94fdc85420,2021.10.11.02.57.41_veh-50_02155_02265,0.9278133979133838,2021.10.11.02.57.41_veh-50_02155_02265,0.927732732203455,-8.066570992881772e-05
09d6aaf7636350e1,2021.10.11.02.57.41_veh-50_02155_02265,0.9303855370196961,2021.10.11.02.57.41_veh-50_02155_02265,0.9308026448438422,0.00041710782414616787
0dc2e306b4485579,2021.10.11.02.57.41_veh-50_02155_02265,0.9156829765915352,2021.10.11.02.57.41_veh-50_02155_02265,0.9158502906723874,0.0001673140808522433
0ecbcba803ab54e0,2021.10.11.02.57.41_veh-50_02155_02265,0.9076532401300279,2021.10.11.02.57.41_veh-50_02155_02265,0.9081561878894896,0.0005029477594616916
102471e46a565fdf,2021.10.11.02.57.41_veh-50_02155_02265,0.8821781896520153,2021.10.11.02.57.41_veh-50_02155_02265,0.8824503950735343,0.0002722054215189562
14489b09baaa54e5,2021.10.11.02.57.41_veh-50_02155_02265,0.9092469252806459,2021.10.11.02.57.41_veh-50_02155_02265,0.9095392979352799,0.00029237265463399886
1543049980f15e78,2021.10.11.02.57.41_veh-50_02155_02265,0.9538727860908955,2021.10.11.02.57.41_veh-50_02155_02265,0.9545316289738839,0.0006588428829883419
154f87b0c0ca5624,2021.10.11.02.57.41_veh-50_02155_02265,0.9146102748291756,2021.10.11.02.57.41_veh-50_02155_02265,0.9148562318469993,0.0002459570178237058
17a899d822e75d16,2021.10.11.02.57.41_veh-50_02155_02265,0.9313221495364382,2021.10.11.02.57.41_veh-50_02155_02265,0.9317637993120577,0.00044164977561944596
17bc4c6cc38959d0,2021.10.11.02.57.41_veh-50_02155_02265,0.9052854573658808,2021.10.11.02.57.41_veh-50_02155_02265,0.9055276222665207,0.00024216490063988516
180266e7ce035fca,2021.10.11.02.57.41_veh-50_02155_02265,0.8880010714441333,2021.10.11.02.57.41_veh-50_02155_02265,0.8881368542974779,0.0001357828533445904
205ef6aa1e4f54f4,2021.10.11.02.57.41_veh-50_02155_02265,0.8919074827905766,2021.10.11.02.57.41_veh-50_02155_02265,0.8920769987365087,0.00016951594593206387
243375d424865825,2021.10.11.02.57.41_veh-50_02155_02265,0.9243903108180009,2021.10.11.02.57.41_veh-50_02155_02265,0.9247287807944886,0.0003384699764876764
25e8140e88165353,2021.10.11.02.57.41_veh-50_02155_02265,0.9364085402082436,2021.10.11.02.57.41_veh-50_02155_02265,0.936555144243282,0.00014660403503841124
265d51badd8658b4,2021.10.11.02.57.41_veh-50_02155_02265,0.8935066286397123,2021.10.11.02.57.41_veh-50_02155_02265,0.8937102466989336,0.00020361805922131104
28d90079bec557cf,2021.10.11.02.57.41_veh-50_02155_02265,0.8936745810761582,2021.10.11.02.57.41_veh-50_02155_02265,0.8938843176598157,0.00020973658365752712
2a4f7a1a42b759a7,2021.10.11.02.57.41_veh-50_02155_02265,0.9300226238271231,2021.10.11.02.57.41_veh-50_02155_02265,0.9301727973237353,0.0001501734966121715
2d4ac7e75090575c,2021.10.11.02.57.41_veh-50_02155_02265,0.9091267797375329,2021.10.11.02.57.41_veh-50_02155_02265,0.9092794252671227,0.00015264552958982325
2f81ef9b7def5cfb,2021.10.11.02.57.41_veh-50_02155_02265,0.924833651819181,2021.10.11.02.57.41_veh-50_02155_02265,0.9252314535075611,0.0003978016883801061
329975be260c50b7,2021.10.11.02.57.41_veh-50_02155_02265,0.9157282780895598,2021.10.11.02.57.41_veh-50_02155_02265,0.9162239460565801,0.0004956679670202746
33365d03e762561c,2021.10.11.02.57.41_veh-50_02155_02265,0.9082465472197334,2021.10.11.02.57.41_veh-50_02155_02265,0.9087294410048473,0.0004828937851139026
35f9bb7297745ff8,2021.10.11.02.57.41_veh-50_02155_02265,0.0,2021.10.11.02.57.41_veh-50_02155_02265,0.0,0.0
37b87186b6bd5777,2021.10.11.02.57.41_veh-50_02155_02265,0.9078777163584539,2021.10.11.02.57.41_veh-50_02155_02265,0.9079856955803727,0.00010797922191874143
3998d00b80c55db4,2021.10.11.02.57.41_veh-50_02155_02265,0.903104177474658,2021.10.11.02.57.41_veh-50_02155_02265,0.9031715744582461,6.739698358815271e-05
3a95ca3177bc57f0,2021.10.11.02.57.41_veh-50_02155_02265,0.923929124610769,2021.10.11.02.57.41_veh-50_02155_02265,0.9240373479025858,0.00010822329181681134
3f89da0001805a55,2021.10.11.02.57.41_veh-50_02155_02265,0.8730796292525853,2021.10.11.02.57.41_veh-50_02155_02265,0.8735746038252497,0.0004949745726643417
3ff65804fed251f6,2021.10.11.02.57.41_veh-50_02155_02265,0.901931942593333,2021.10.11.02.57.41_veh-50_02155_02265,0.902138451444423,0.0002065088510899704
400ad97140e45645,2021.10.11.02.57.41_veh-50_02155_02265,0.0,2021.10.11.02.57.41_veh-50_02155_02265,0.0,0.0
4209beddef055db5,2021.10.11.02.57.41_veh-50_02155_02265,0.9246534410023418,2021.10.11.02.57.41_veh-50_02155_02265,0.9253329950638052,0.0006795540614633611
4447336863e85fee,2021.10.11.02.57.41_veh-50_02155_02265,0.9235845179706034,2021.10.11.02.57.41_veh-50_02155_02265,0.9237957858992611,0.00021126792865777677
45141a99f80a5ca4,2021.10.11.02.57.41_veh-50_02155_02265,0.9046242534576052,2021.10.11.02.57.41_veh-50_02155_02265,0.9049358473925547,0.0003115939349495056
4b8081ab8642513d,2021.10.11.02.57.41_veh-50_02155_02265,0.8997297058614142,2021.10.11.02.57.41_veh-50_02155_02265,0.8998882185522763,0.0001585126908620893
4d492375c1705fc3,2021.10.11.02.57.41_veh-50_02155_02265,0.8466209585244575,2021.10.11.02.57.41_veh-50_02155_02265,0.8469611725252547,0.000340214000797201
4d4d6e694a7f5712,2021.10.11.02.57.41_veh-50_02155_02265,0.903992980026416,2021.10.11.02.57.41_veh-50_02155_02265,0.9041496288441516,0.00015664881773558292
52c34d4f01925f11,2021.10.11.02.57.41_veh-50_02155_02265,0.8965272960648616,2021.10.11.02.57.41_veh-50_02155_02265,0.8966823066651983,0.00015501060033673575
551a93bd32f95ef1,2021.10.11.02.57.41_veh-50_02155_02265,0.9032150164995676,2021.10.11.02.57.41_veh-50_02155_02265,0.9038071455484536,0.0005921290488860587
559a7a5262b355c3,2021.10.11.02.57.41_veh-50_02155_02265,0.9090431199523717,2021.10.11.02.57.41_veh-50_02155_02265,0.9092594966097004,0.00021637665732865408
57f67c6a726a5dd2,2021.10.11.02.57.41_veh-50_02155_02265,0.8701534998717368,2021.10.11.02.57.41_veh-50_02155_02265,0.8702568843649752,0.00010338449323832322
58bfaccfd1865d81,2021.10.11.02.57.41_veh-50_02155_02265,0.9254395442182963,2021.10.11.02.57.41_veh-50_02155_02265,0.9257143769793872,0.00027483276109085963
5bf6deabdf1355a1,2021.10.11.02.57.41_veh-50_02155_02265,0.9279880320562789,2021.10.11.02.57.41_veh-50_02155_02265,0.9284410404596293,0.0004530084033503856
6bd9815c03125877,2021.10.11.02.57.41_veh-50_02155_02265,0.9002847617039474,2021.10.11.02.57.41_veh-50_02155_02265,0.9004668256959105,0.00018206399196307732
6c00f7eb11a35083,2021.10.11.02.57.41_veh-50_02155_02265,0.75,2021.10.11.02.57.41_veh-50_02155_02265,0.75,0.0
6ce1ef9b8d515884,2021.10.11.02.57.41_veh-50_02155_02265,0.8436197405754154,2021.10.11.02.57.41_veh-50_02155_02265,0.8437529349195687,0.0001331943441532646
73fc68b82f045907,2021.10.11.02.57.41_veh-50_02155_02265,0.9227531060100246,2021.10.11.02.57.41_veh-50_02155_02265,0.9230699076957992,0.00031680168577463697
75c6224df9b25b6d,2021.10.11.02.57.41_veh-50_02155_02265,0.9163864244006258,2021.10.11.02.57.41_veh-50_02155_02265,0.917013316787938,0.0006268923873121723
7768af5461fb5dab,2021.10.11.02.57.41_veh-50_02155_02265,0.9197900532368513,2021.10.11.02.57.41_veh-50_02155_02265,0.9198666643228728,7.661108602152744e-05
790e1bf672715bf1,2021.10.11.02.57.41_veh-50_02155_02265,0.9133347199314367,2021.10.11.02.57.41_veh-50_02155_02265,0.9138102339405331,0.0004755140090964005
790f41b0bd3f51ea,2021.10.11.02.57.41_veh-50_02155_02265,0.9121415962202888,2021.10.11.02.57.41_veh-50_02155_02265,0.9123929872712968,0.00025139105100802084
7c1389a3e4a55975,2021.10.11.02.57.41_veh-50_02155_02265,0.8955602539231845,2021.10.11.02.57.41_veh-50_02155_02265,0.8957521029954121,0.00019184907222757897
7f8f1f6b90575d91,2021.10.11.02.57.41_veh-50_02155_02265,0.8750138123733366,2021.10.11.02.57.41_veh-50_02155_02265,0.8753873927928623,0.00037358041952562093
8002902e2efe5c94,2021.10.11.02.57.41_veh-50_02155_02265,0.8488427618215042,2021.10.11.02.57.41_veh-50_02155_02265,0.849008280151369,0.00016551832986477777
807c9c96f42c597d,2021.10.11.02.57.41_veh-50_02155_02265,0.8838820547747108,2021.10.11.02.57.41_veh-50_02155_02265,0.8844796511139135,0.000597596339202644
83cbc1063ce1591d,2021.10.11.02.57.41_veh-50_02155_02265,0.75,2021.10.11.02.57.41_veh-50_02155_02265,0.75,0.0
83dc2afeb98950a4,2021.10.11.02.57.41_veh-50_02155_02265,0.90492039251145,2021.10.11.02.57.41_veh-50_02155_02265,0.9051260583464857,0.00020566583503578428
86a9ef645f195f81,2021.10.11.02.57.41_veh-50_02155_02265,0.908937762472078,2021.10.11.02.57.41_veh-50_02155_02265,0.909527152575151,0.0005893901030730175
8708f5ee85ca50b1,2021.10.11.02.57.41_veh-50_02155_02265,0.9181490709394857,2021.10.11.02.57.41_veh-50_02155_02265,0.9184165621863761,0.0002674912468904056
8e5a6cdce75d50dd,2021.10.11.02.57.41_veh-50_02155_02265,0.8761222570712914,2021.10.11.02.57.41_veh-50_02155_02265,0.876254019420808,0.00013176234951661758
92f1b2f9782b5ab2,2021.10.11.02.57.41_veh-50_02155_02265,0.8378539875021577,2021.10.11.02.57.41_veh-50_02155_02265,0.8379068722069063,5.288470474862361e-05
9608c9c656695dd6,2021.10.11.02.57.41_veh-50_02155_02265,0.9068681649712362,2021.10.11.02.57.41_veh-50_02155_02265,0.9071203483198054,0.00025218334856913494
994cdcf16f475b72,2021.10.11.02.57.41_veh-50_02155_02265,0.9319769606876586,2021.10.11.02.57.41_veh-50_02155_02265,0.932582348190317,0.0006053875026584832
9a5fc2035a655005,2021.10.11.02.57.41_veh-50_02155_02265,0.9296492850465992,2021.10.11.02.57.41_veh-50_02155_02265,0.9297059420264119,5.665697981271922e-05
9aeb31473be659b4,2021.10.11.02.57.41_veh-50_02155_02265,0.9031028730676561,2021.10.11.02.57.41_veh-50_02155_02265,0.9034345590308873,0.0003316859632311875
9be9272eca74587d,2021.10.11.02.57.41_veh-50_02155_02265,0.9206479487335191,2021.10.11.02.57.41_veh-50_02155_02265,0.9211434709194833,0.00049552218596427
a0757b8313a15615,2021.10.11.02.57.41_veh-50_02155_02265,0.9003840971360679,2021.10.11.02.57.41_veh-50_02155_02265,0.9005804225771886,0.00019632544112069272
a1e1af9908e45556,2021.10.11.02.57.41_veh-50_02155_02265,0.9017295391122063,2021.10.11.02.57.41_veh-50_02155_02265,0.9020777506738908,0.0003482115616845194
a47149d13d5a5b74,2021.10.11.02.57.41_veh-50_02155_02265,0.9289612016036763,2021.10.11.02.57.41_veh-50_02155_02265,0.9293102488840118,0.0003490472803354683
a60f2627cee15fd4,2021.10.11.02.57.41_veh-50_02155_02265,0.8938580441942625,2021.10.11.02.57.41_veh-50_02155_02265,0.894226259805593,0.0003682156113304913
a614f0e213bc5b3c,2021.10.11.02.57.41_veh-50_02155_02265,0.8701284140008938,2021.10.11.02.57.41_veh-50_02155_02265,0.8703651884146579,0.00023677441376412922
a99fef2dc48459b8,2021.10.11.02.57.41_veh-50_02155_02265,0.920867695656881,2021.10.11.02.57.41_veh-50_02155_02265,0.9213024272448385,0.000434731587957482
aa8326c244e85a40,2021.10.11.02.57.41_veh-50_02155_02265,0.913808366584726,2021.10.11.02.57.41_veh-50_02155_02265,0.9143355694907034,0.0005272029059774086
ab53984253715cdd,2021.10.11.02.57.41_veh-50_02155_02265,0.9055923767633602,2021.10.11.02.57.41_veh-50_02155_02265,0.9059321925305511,0.00033981576719088746
ae1ce6b276645fd1,2021.10.11.02.57.41_veh-50_02155_02265,0.907668960787162,2021.10.11.02.57.41_veh-50_02155_02265,0.9080679831202079,0.0003990223330458953
af5340a6db3a56dc,2021.10.11.02.57.41_veh-50_02155_02265,0.9139482913020291,2021.10.11.02.57.41_veh-50_02155_02265,0.9143870322169453,0.00043874091491613587
b042f8b582f453d8,2021.10.11.02.57.41_veh-50_02155_02265,0.9060376195012516,2021.10.11.02.57.41_veh-50_02155_02265,0.9064792218159998,0.0004416023147482129
b0ab79add8315a10,2021.10.11.02.57.41_veh-50_02155_02265,0.9219399849357606,2021.10.11.02.57.41_veh-50_02155_02265,0.922289602625981,0.00034961769022046063
b2b97b044f3d52f5,2021.10.11.02.57.41_veh-50_02155_02265,0.9134125568593023,2021.10.11.02.57.41_veh-50_02155_02265,0.9136459280699064,0.00023337121060407195
b434729c2a2154c3,2021.10.11.02.57.41_veh-50_02155_02265,0.9543229753400674,2021.10.11.02.57.41_veh-50_02155_02265,0.9546972863716818,0.00037431103161444934
b63e45593b79588a,2021.10.11.02.57.41_veh-50_02155_02265,0.9260483222360012,2021.10.11.02.57.41_veh-50_02155_02265,0.9263968793923099,0.0003485571563086598
b92d3260427a573d,2021.10.11.02.57.41_veh-50_02155_02265,0.8812004731821423,2021.10.11.02.57.41_veh-50_02155_02265,0.8813687883329572,0.00016831515081483506
b94a09f5d1b550ea,2021.10.11.02.57.41_veh-50_02155_02265,0.9039148527287033,2021.10.11.02.57.41_veh-50_02155_02265,0.9053610032059869,0.001446150477283581
baf2dbf6552f5de4,2021.10.11.02.57.41_veh-50_02155_02265,0.9336660800991884,2021.10.11.02.57.41_veh-50_02155_02265,0.9341081877875843,0.00044210768839592074
bbf94133c5e75ca5,2021.10.11.02.57.41_veh-50_02155_02265,0.9103913509007893,2021.10.11.02.57.41_veh-50_02155_02265,0.9106778553643881,0.0002865044635987912
c13bf60d0e065292,2021.10.11.02.57.41_veh-50_02155_02265,0.9211547744031093,2021.10.11.02.57.41_veh-50_02155_02265,0.921652767811384,0.0004979934082747217
cc8b959e3fcb5079,2021.10.11.02.57.41_veh-50_02155_02265,0.8927189501427976,2021.10.11.02.57.41_veh-50_02155_02265,0.8930851706734617,0.00036622053066415194
ccace872c29a5f29,2021.10.11.02.57.41_veh-50_02155_02265,0.921764401086632,2021.10.11.02.57.41_veh-50_02155_02265,0.9220253144883662,0.0002609134017341752
cdbb81fdded65262,2021.10.11.02.57.41_veh-50_02155_02265,0.764139052741895,2021.10.11.02.57.41_veh-50_02155_02265,0.7639067279540338,-0.00023232478786117117
ce2ce7fb20ef570c,2021.10.11.02.57.41_veh-50_02155_02265,0.8924807868289237,2021.10.11.02.57.41_veh-50_02155_02265,0.892683631186507,0.00020284435758322061
d06c2bb897f05b5c,2021.10.11.02.57.41_veh-50_02155_02265,0.9205654082600527,2021.10.11.02.57.41_veh-50_02155_02265,0.9208339958400499,0.0002685875799971482
d2b44693e1fe5019,2021.10.11.02.57.41_veh-50_02155_02265,0.9026561227367197,2021.10.11.02.57.41_veh-50_02155_02265,0.9025935978537749,-6.252488294478109e-05
d3229ec0bd73520c,2021.10.11.02.57.41_veh-50_02155_02265,0.9166365407496103,2021.10.11.02.57.41_veh-50_02155_02265,0.9170083724048828,0.00037183165527243656
d728b2624f4055ea,2021.10.11.02.57.41_veh-50_02155_02265,0.8900720254940344,2021.10.11.02.57.41_veh-50_02155_02265,0.8901649387312365,9.291323720206357e-05
d8e282ed6cff5dac,2021.10.11.02.57.41_veh-50_02155_02265,0.8927147158530787,2021.10.11.02.57.41_veh-50_02155_02265,0.8930869340424347,0.0003722181893559551
da378bcae7675636,2021.10.11.02.57.41_veh-50_02155_02265,0.8046162536197305,2021.10.11.02.57.41_veh-50_02155_02265,0.8043881476246311,-0.00022810599509948126
dc7ec70fa4d050be,2021.10.11.02.57.41_veh-50_02155_02265,0.9042636748827062,2021.10.11.02.57.41_veh-50_02155_02265,0.9045045427930221,0.0002408679103158562
de72514102555fab,2021.10.11.02.57.41_veh-50_02155_02265,0.9192894173235711,2021.10.11.02.57.41_veh-50_02155_02265,0.9194140015392241,0.00012458421565308964
dee420665f2d5ee5,2021.10.11.02.57.41_veh-50_02155_02265,0.9263444968335787,2021.10.11.02.57.41_veh-50_02155_02265,0.9266531847465906,0.0003086879130119735
e2898986047c5b29,2021.10.11.02.57.41_veh-50_02155_02265,0.8801402133908669,2021.10.11.02.57.41_veh-50_02155_02265,0.880699005078571,0.0005587916877041188
e2f005a68443572a,2021.10.11.02.57.41_veh-50_02155_02265,0.9099227188438221,2021.10.11.02.57.41_veh-50_02155_02265,0.9103581988376986,0.0004354799938764975
e69baaae152259ad,2021.10.11.02.57.41_veh-50_02155_02265,0.9159554765594943,2021.10.11.02.57.41_veh-50_02155_02265,0.9160950784106413,0.00013960185114703094
e6fa8db6e41a5139,2021.10.11.02.57.41_veh-50_02155_02265,0.9127780600573594,2021.10.11.02.57.41_veh-50_02155_02265,0.9131750909880937,0.00039703093073428786
e8289b430daa5695,2021.10.11.02.57.41_veh-50_02155_02265,0.8089358139416246,2021.10.11.02.57.41_veh-50_02155_02265,0.8091150159048456,0.00017920196322096515
ebe11a6789745477,2021.10.11.02.57.41_veh-50_02155_02265,0.9051576456623084,2021.10.11.02.57.41_veh-50_02155_02265,0.9054985654242199,0.00034091976191152895
ecd1986832c7521a,2021.10.11.02.57.41_veh-50_02155_02265,0.8729057875306646,2021.10.11.02.57.41_veh-50_02155_02265,0.8736113561734273,0.0007055686427627217
f09b140e2fc05b0a,2021.10.11.02.57.41_veh-50_02155_02265,0.8798238019759166,2021.10.11.02.57.41_veh-50_02155_02265,0.8795851713819753,-0.00023863059394124697
f46d7a713a035a80,2021.10.11.02.57.41_veh-50_02155_02265,0.9137120290849404,2021.10.11.02.57.41_veh-50_02155_02265,0.9141767461364599,0.00046471705151951426
f93dafb45c965ab2,2021.10.11.02.57.41_veh-50_02155_02265,0.9159184477747766,2021.10.11.02.57.41_veh-50_02155_02265,0.916137179249161,0.00021873147438444818
fb2dd85945315007,2021.10.11.02.57.41_veh-50_02155_02265,0.8748125633007747,2021.10.11.02.57.41_veh-50_02155_02265,0.8748547649759234,4.2201675148678675e-05
fb50a35ed72b5a18,2021.10.11.02.57.41_veh-50_02155_02265,0.9096951737493365,2021.10.11.02.57.41_veh-50_02155_02265,0.9100777363775178,0.00038256262818125997
fbb2aa2813125b32,2021.10.11.02.57.41_veh-50_02155_02265,0.9285703753196504,2021.10.11.02.57.41_veh-50_02155_02265,0.9288751670977662,0.0003047917781158205
fbde637d36f557c2,2021.10.11.02.57.41_veh-50_02155_02265,0.8921135270909093,2021.10.11.02.57.41_veh-50_02155_02265,0.8923291116163153,0.0002155845254060429
fdfec9ef7201528e,2021.10.11.02.57.41_veh-50_02155_02265,0.8618909952515799,2021.10.11.02.57.41_veh-50_02155_02265,0.861841963419277,-4.903183230287045e-05
ff31fde84ea55ab8,2021.10.11.02.57.41_veh-50_02155_02265,0.9221933216810039,2021.10.11.02.57.41_veh-50_02155_02265,0.9226602305155504,0.0004669088345464756
00839bb43eed5f3e,2021.08.31.14.01.15_veh-40_01576_01714,0.801790983616192,2021.08.31.14.01.15_veh-40_01576_01714,0.8022932960363135,0.0005023124201214424
0244b29e92175c74,2021.08.31.14.01.15_veh-40_01576_01714,0.8955683712419746,2021.08.31.14.01.15_veh-40_01576_01714,0.8965307755668989,0.0009624043249242265
12af90c2b8b6512e,2021.08.31.14.01.15_veh-40_01576_01714,0.908230744496777,2021.08.31.14.01.15_veh-40_01576_01714,0.9091493717388192,0.0009186272420421693
1c59013d80ab5ac4,2021.08.31.14.01.15_veh-40_01576_01714,1.0,2021.08.31.14.01.15_veh-40_01576_01714,1.0,0.0
219dd3cdd7fd594b,2021.08.31.14.01.15_veh-40_01576_01714,0.9758342179354544,2021.08.31.14.01.15_veh-40_01576_01714,0.9760833294121033,0.0002491114766488556
28b2841dfc80526b,2021.08.31.14.01.15_veh-40_01576_01714,0.8166846132163308,2021.08.31.14.01.15_veh-40_01576_01714,0.8167469499535567,6.233673722588762e-05
2ae099469caa5693,2021.08.31.14.01.15_veh-40_01576_01714,0.8251986446808635,2021.08.31.14.01.15_veh-40_01576_01714,0.8253098832629118,0.00011123858204831194
2deba0b0afad5472,2021.08.31.14.01.15_veh-40_01576_01714,0.6983349417594776,2021.08.31.14.01.15_veh-40_01576_01714,0.6991064409180658,0.000771499158588207
5007e9f5013b5580,2021.08.31.14.01.15_veh-40_01576_01714,0.8187667213692017,2021.08.31.14.01.15_veh-40_01576_01714,0.8191053246349893,0.000338603265787607
57ee8b6bcf335177,2021.08.31.14.01.15_veh-40_01576_01714,1.0,2021.08.31.14.01.15_veh-40_01576_01714,1.0,0.0
5b03bd8400375f7e,2021.08.31.14.01.15_veh-40_01576_01714,0.7272148250269201,2021.08.31.14.01.15_veh-40_01576_01714,0.7275911700586164,0.0003763450316962569
5c62daecead15772,2021.08.31.14.01.15_veh-40_01576_01714,0.8450597832642781,2021.08.31.14.01.15_veh-40_01576_01714,0.8458632990659913,0.0008035158017132282
5d5971cc468954e3,2021.08.31.14.01.15_veh-40_01576_01714,0.8110367943333496,2021.08.31.14.01.15_veh-40_01576_01714,0.811535313906336,0.0004985195729864111
66d20874271b558f,2021.08.31.14.01.15_veh-40_01576_01714,0.8151963507984504,2021.08.31.14.01.15_veh-40_01576_01714,0.8152258997955226,2.954899707219294e-05
7020151396535655,2021.08.31.14.01.15_veh-40_01576_01714,1.0,2021.08.31.14.01.15_veh-40_01576_01714,1.0,0.0
7372d89535355cb2,2021.08.31.14.01.15_veh-40_01576_01714,1.0,2021.08.31.14.01.15_veh-40_01576_01714,1.0,0.0
7d045ced792f563a,2021.08.31.14.01.15_veh-40_01576_01714,0.9904599214087476,2021.08.31.14.01.15_veh-40_01576_01714,0.9905277740391831,6.785263043551648e-05
7e1afa248931544e,2021.08.31.14.01.15_veh-40_01576_01714,0.8537000883880421,2021.08.31.14.01.15_veh-40_01576_01714,0.8539324097079417,0.0002323213198995866
872380f71a9f5c73,2021.08.31.14.01.15_veh-40_01576_01714,1.0,2021.08.31.14.01.15_veh-40_01576_01714,1.0,0.0
8935f0d3af6b51fd,2021.08.31.14.01.15_veh-40_01576_01714,0.8171107794768215,2021.08.31.14.01.15_veh-40_01576_01714,0.8173357298926902,0.00022495041586867437
8a9a5ab59dcd51d7,2021.08.31.14.01.15_veh-40_01576_01714,0.8420780112429367,2021.08.31.14.01.15_veh-40_01576_01714,0.8425573180055744,0.0004793067626377434
90f98ca1978a5457,2021.08.31.14.01.15_veh-40_01576_01714,1.0,2021.08.31.14.01.15_veh-40_01576_01714,1.0,0.0
9bbdf96591265339,2021.08.31.14.01.15_veh-40_01576_01714,0.8478558073741211,2021.08.31.14.01.15_veh-40_01576_01714,0.8496852715904376,0.0018294642163164676
a661c633fa3e5a59,2021.08.31.14.01.15_veh-40_01576_01714,1.0,2021.08.31.14.01.15_veh-40_01576_01714,1.0,0.0
a92a5c623e9a5906,2021.08.31.14.01.15_veh-40_01576_01714,0.8246252287823176,2021.08.31.14.01.15_veh-40_01576_01714,0.8247547443579792,0.00012951557566165395
aa5c5efeeafd563c,2021.08.31.14.01.15_veh-40_01576_01714,0.9389706088920237,2021.08.31.14.01.15_veh-40_01576_01714,0.9388418405180774,-0.00012876837394626417
c13c48577f9255c8,2021.08.31.14.01.15_veh-40_01576_01714,1.0,2021.08.31.14.01.15_veh-40_01576_01714,1.0,0.0
c1e4bb8da1655e19,2021.08.31.14.01.15_veh-40_01576_01714,1.0,2021.08.31.14.01.15_veh-40_01576_01714,1.0,0.0
c790a13084305af6,2021.08.31.14.01.15_veh-40_01576_01714,1.0,2021.08.31.14.01.15_veh-40_01576_01714,1.0,0.0
ca31b7933f8256e2,2021.08.31.14.01.15_veh-40_01576_01714,0.8185989035619289,2021.08.31.14.01.15_veh-40_01576_01714,0.8185607501560288,-3.815340590007654e-05
ca5e5cecc6e05022,2021.08.31.14.01.15_veh-40_01576_01714,1.0,2021.08.31.14.01.15_veh-40_01576_01714,1.0,0.0
ce77e05891225999,2021.08.31.14.01.15_veh-40_01576_01714,0.9515237187346872,2021.08.31.14.01.15_veh-40_01576_01714,0.9521875195703948,0.0006638008357076064
ceb16c2c18d252f3,2021.08.31.14.01.15_veh-40_01576_01714,1.0,2021.08.31.14.01.15_veh-40_01576_01714,1.0,0.0
d22040e885bf5509,2021.08.31.14.01.15_veh-40_01576_01714,1.0,2021.08.31.14.01.15_veh-40_01576_01714,1.0,0.0
d7b9d08eb35e54b4,2021.08.31.14.01.15_veh-40_01576_01714,0.8192442451724129,2021.08.31.14.01.15_veh-40_01576_01714,0.8191649094026601,-7.933576975283074e-05
dc70a7b62c155d19,2021.08.31.14.01.15_veh-40_01576_01714,0.8143412009910242,2021.08.31.14.01.15_veh-40_01576_01714,0.8144162792239604,7.507823293617655e-05
dfe3214ab3e850a3,2021.08.31.14.01.15_veh-40_01576_01714,0.8459709110684299,2021.08.31.14.01.15_veh-40_01576_01714,0.8464770149105629,0.00050610384213301
e5a4f230a7a05b18,2021.08.31.14.01.15_veh-40_01576_01714,0.8139589784272403,2021.08.31.14.01.15_veh-40_01576_01714,0.8142584717371633,0.0002994933099229602
e72a95807de45328,2021.08.31.14.01.15_veh-40_01576_01714,0.8425914864049594,2021.08.31.14.01.15_veh-40_01576_01714,0.8427148675462257,0.00012338114126630995
f96c2bfcfa0b5adc,2021.08.31.14.01.15_veh-40_01576_01714,0.8189658737639172,2021.08.31.14.01.15_veh-40_01576_01714,0.8193842508281212,0.0004183770642040008
fa18ed9dac89551d,2021.08.31.14.01.15_veh-40_01576_01714,0.8472765104789328,2021.08.31.14.01.15_veh-40_01576_01714,0.8476659755632989,0.00038946508436610294
103d8446b9a7501b,2021.08.31.11.47.30_veh-40_00919_01000,1.0,2021.08.31.11.47.30_veh-40_00919_01000,1.0,0.0
1c9a2aafa78b5b21,2021.08.31.11.47.30_veh-40_00919_01000,0.9364673207953157,2021.08.31.11.47.30_veh-40_00919_01000,0.9367092319011515,0.00024191110583582365
20fc3e4c2b93595d,2021.08.31.11.47.30_veh-40_00919_01000,0.9318294752053341,2021.08.31.11.47.30_veh-40_00919_01000,0.932392305895685,0.0005628306903509017
24e8dff0a3fb5d73,2021.08.31.11.47.30_veh-40_00919_01000,1.0,2021.08.31.11.47.30_veh-40_00919_01000,1.0,0.0
2fd7bef75431592e,2021.08.31.11.47.30_veh-40_00919_01000,0.9693900174626144,2021.08.31.11.47.30_veh-40_00919_01000,0.9700714765606402,0.0006814590980257496
3f27444710fd5dfc,2021.08.31.11.47.30_veh-40_00919_01000,0.9399466075989253,2021.08.31.11.47.30_veh-40_00919_01000,0.9402955855276518,0.00034897792872645716
48fc3189008a5754,2021.08.31.11.47.30_veh-40_00919_01000,0.9590373121763578,2021.08.31.11.47.30_veh-40_00919_01000,0.9596286937563714,0.0005913815800135946
51bfd099a0795409,2021.08.31.11.47.30_veh-40_00919_01000,0.9477900429089452,2021.08.31.11.47.30_veh-40_00919_01000,0.9493057169938659,0.001515674084920704
5bb0b67e360f5a85,2021.08.31.11.47.30_veh-40_00919_01000,0.9447817085597534,2021.08.31.11.47.30_veh-40_00919_01000,0.9452987651828775,0.0005170566231240681
67a4f804ff5556cb,2021.08.31.11.47.30_veh-40_00919_01000,0.9238434164531121,2021.08.31.11.47.30_veh-40_00919_01000,0.9242584156293933,0.0004149991762811833
6a9bb2303a4c5c72,2021.08.31.11.47.30_veh-40_00919_01000,0.904436149886143,2021.08.31.11.47.30_veh-40_00919_01000,0.9061645240132135,0.0017283741270704978
6bb2613a221e5fc8,2021.08.31.11.47.30_veh-40_00919_01000,1.0,2021.08.31.11.47.30_veh-40_00919_01000,1.0,0.0
77f9f0c203cb5048,2021.08.31.11.47.30_veh-40_00919_01000,0.9324323192506323,2021.08.31.11.47.30_veh-40_00919_01000,0.9334843537979431,0.0010520345473108428
7d61f2ab3a145a20,2021.08.31.11.47.30_veh-40_00919_01000,1.0,2021.08.31.11.47.30_veh-40_00919_01000,1.0,0.0
8672b0d007fa5c49,2021.08.31.11.47.30_veh-40_00919_01000,0.9475346521146616,2021.08.31.11.47.30_veh-40_00919_01000,0.9479022549328244,0.0003676028181628377
877ca71cd9ac5b59,2021.08.31.11.47.30_veh-40_00919_01000,0.9611632708013415,2021.08.31.11.47.30_veh-40_00919_01000,0.9621013201422721,0.0009380493409306689
8ecb60a273c55931,2021.08.31.11.47.30_veh-40_00919_01000,0.9473842586834691,2021.08.31.11.47.30_veh-40_00919_01000,0.9478826339176704,0.0004983752342012648
8f64f90706655f53,2021.08.31.11.47.30_veh-40_00919_01000,0.9484991353436889,2021.08.31.11.47.30_veh-40_00919_01000,0.9493923422094444,0.0008932068657554471
900e4ffd108f5f95,2021.08.31.11.47.30_veh-40_00919_01000,0.9419080133346018,2021.08.31.11.47.30_veh-40_00919_01000,0.9431897734778192,0.0012817601432173475
98e1c86704b75bce,2021.08.31.11.47.30_veh-40_00919_01000,0.9616570885799448,2021.08.31.11.47.30_veh-40_00919_01000,0.9627484308224539,0.0010913422425090635
9a1dbb392efc5e89,2021.08.31.11.47.30_veh-40_00919_01000,0.9696236286471664,2021.08.31.11.47.30_veh-40_00919_01000,0.9702318423066008,0.000608213659434309
a27a8a02217d5ade,2021.08.31.11.47.30_veh-40_00919_01000,0.9451110648640496,2021.08.31.11.47.30_veh-40_00919_01000,0.9458608563117353,0.0007497914476857215
a5051ac6e15551e7,2021.08.31.11.47.30_veh-40_00919_01000,0.9587901385397064,2021.08.31.11.47.30_veh-40_00919_01000,0.9595345868865233,0.0007444483468168617
ac681c2a50795ba0,2021.08.31.11.47.30_veh-40_00919_01000,1.0,2021.08.31.11.47.30_veh-40_00919_01000,1.0,0.0
ad9c60ee22de5163,2021.08.31.11.47.30_veh-40_00919_01000,0.9521224437828312,2021.08.31.11.47.30_veh-40_00919_01000,0.9527749416013324,0.0006524978185011854
e6422bb22e125756,2021.08.31.11.47.30_veh-40_00919_01000,1.0,2021.08.31.11.47.30_veh-40_00919_01000,1.0,0.0
e699ef478771586b,2021.08.31.11.47.30_veh-40_00919_01000,0.9372174946744978,2021.08.31.11.47.30_veh-40_00919_01000,0.9377458299462248,0.0005283352717270207
0834ee7bd96c524f,2021.07.16.22.40.23_veh-38_00204_00360,1.0,2021.07.16.22.40.23_veh-38_00204_00360,1.0,0.0
0b10c61fbe415c5e,2021.07.16.22.40.23_veh-38_00204_00360,1.0,2021.07.16.22.40.23_veh-38_00204_00360,1.0,0.0
10da33ea86ba5697,2021.07.16.22.40.23_veh-38_00204_00360,1.0,2021.07.16.22.40.23_veh-38_00204_00360,1.0,0.0
1ec8d767941a534b,2021.07.16.22.40.23_veh-38_00204_00360,1.0,2021.07.16.22.40.23_veh-38_00204_00360,1.0,0.0
4e658bb5f80a5664,2021.07.16.22.40.23_veh-38_00204_00360,0.9332910088157679,2021.07.16.22.40.23_veh-38_00204_00360,0.9338616260544658,0.0005706172386978903
5a9dd500d2f15c87,2021.07.16.22.40.23_veh-38_00204_00360,0.9744193242720072,2021.07.16.22.40.23_veh-38_00204_00360,0.9750368103547205,0.0006174860827132811
5ded7f2e94075a10,2021.07.16.22.40.23_veh-38_00204_00360,1.0,2021.07.16.22.40.23_veh-38_00204_00360,1.0,0.0
6a0942a7edb6507e,2021.07.16.22.40.23_veh-38_00204_00360,1.0,2021.07.16.22.40.23_veh-38_00204_00360,1.0,0.0
8156a66cbc595259,2021.07.16.22.40.23_veh-38_00204_00360,0.875,2021.07.16.22.40.23_veh-38_00204_00360,0.875,0.0
99c4a687ed1a599a,2021.07.16.22.40.23_veh-38_00204_00360,1.0,2021.07.16.22.40.23_veh-38_00204_00360,1.0,0.0
9f885abfb8cd5675,2021.07.16.22.40.23_veh-38_00204_00360,1.0,2021.07.16.22.40.23_veh-38_00204_00360,1.0,0.0
bba3291877d059ac,2021.07.16.22.40.23_veh-38_00204_00360,0.9942155985800739,2021.07.16.22.40.23_veh-38_00204_00360,0.9951695444752302,0.000953945895156294
cca7823320d05bc3,2021.07.16.22.40.23_veh-38_00204_00360,1.0,2021.07.16.22.40.23_veh-38_00204_00360,1.0,0.0
dd8b61c70dc05550,2021.07.16.22.40.23_veh-38_00204_00360,1.0,2021.07.16.22.40.23_veh-38_00204_00360,1.0,0.0
de9c0d8341d65b55,2021.07.16.22.40.23_veh-38_00204_00360,1.0,2021.07.16.22.40.23_veh-38_00204_00360,1.0,0.0
0461af120ee45dd8,2021.06.09.14.50.36_veh-26_02826_02955,1.0,2021.06.09.14.50.36_veh-26_02826_02955,1.0,0.0
04ef1bdebb1e5c2b,2021.06.09.14.50.36_veh-26_02826_02955,1.0,2021.06.09.14.50.36_veh-26_02826_02955,1.0,0.0
06ecc274857650aa,2021.06.09.14.50.36_veh-26_02826_02955,0.75,2021.06.09.14.50.36_veh-26_02826_02955,0.75,0.0
18608416606557ed,2021.06.09.14.50.36_veh-26_02826_02955,0.875,2021.06.09.14.50.36_veh-26_02826_02955,0.875,0.0
2c45cd8490f850ef,2021.06.09.14.50.36_veh-26_02826_02955,0.9661200858584732,2021.06.09.14.50.36_veh-26_02826_02955,0.9664329938645067,0.00031290800603345215
3358ac35f0925be9,2021.06.09.14.50.36_veh-26_02826_02955,0.9790489451114175,2021.06.09.14.50.36_veh-26_02826_02955,0.9800864758033443,0.0010375306919268024
35daae8d6a4a5b90,2021.06.09.14.50.36_veh-26_02826_02955,0.9707611532720746,2021.06.09.14.50.36_veh-26_02826_02955,0.9725722117579518,0.0018110584858772594
37a37c6486205360,2021.06.09.14.50.36_veh-26_02826_02955,1.0,2021.06.09.14.50.36_veh-26_02826_02955,1.0,0.0
3c34952a5b2a549e,2021.06.09.14.50.36_veh-26_02826_02955,1.0,2021.06.09.14.50.36_veh-26_02826_02955,1.0,0.0
43e443ef433256ae,2021.06.09.14.50.36_veh-26_02826_02955,0.9280476476122945,2021.06.09.14.50.36_veh-26_02826_02955,0.9293682637892424,0.0013206161769478975
5385779df4685a12,2021.06.09.14.50.36_veh-26_02826_02955,1.0,2021.06.09.14.50.36_veh-26_02826_02955,1.0,0.0
58be05020c705538,2021.06.09.14.50.36_veh-26_02826_02955,1.0,2021.06.09.14.50.36_veh-26_02826_02955,1.0,0.0
78f9d78599da56f0,2021.06.09.14.50.36_veh-26_02826_02955,1.0,2021.06.09.14.50.36_veh-26_02826_02955,1.0,0.0
88bc213aa3495b88,2021.06.09.14.50.36_veh-26_02826_02955,0.9895669563092379,2021.06.09.14.50.36_veh-26_02826_02955,0.9905265869590842,0.000959630649846388
927258a11f395044,2021.06.09.14.50.36_veh-26_02826_02955,0.9553328157298061,2021.06.09.14.50.36_veh-26_02826_02955,0.9575900963874924,0.002257280657686267
96d3136946945a05,2021.06.09.14.50.36_veh-26_02826_02955,0.75,2021.06.09.14.50.36_veh-26_02826_02955,0.75,0.0
9915a6132edb5b6f,2021.06.09.14.50.36_veh-26_02826_02955,1.0,2021.06.09.14.50.36_veh-26_02826_02955,1.0,0.0
9b7196827b5859df,2021.06.09.14.50.36_veh-26_02826_02955,0.875,2021.06.09.14.50.36_veh-26_02826_02955,0.875,0.0
b02f4daf44f952d5,2021.06.09.14.50.36_veh-26_02826_02955,1.0,2021.06.09.14.50.36_veh-26_02826_02955,1.0,0.0
bd40634c00f1577c,2021.06.09.14.50.36_veh-26_02826_02955,0.9907482531554206,2021.06.09.14.50.36_veh-26_02826_02955,0.9917135648990447,0.000965311743624131
dd11bc3330605dfd,2021.06.09.14.50.36_veh-26_02826_02955,0.875,2021.06.09.14.50.36_veh-26_02826_02955,0.875,0.0
e4d2a56f36c45c20,2021.06.09.14.50.36_veh-26_02826_02955,1.0,2021.06.09.14.50.36_veh-26_02826_02955,1.0,0.0
ef5318b8d9285443,2021.06.09.14.50.36_veh-26_02826_02955,0.875,2021.06.09.14.50.36_veh-26_02826_02955,0.875,0.0
f17b89de6fc75614,2021.06.09.14.50.36_veh-26_02826_02955,1.0,2021.06.09.14.50.36_veh-26_02826_02955,1.0,0.0
f954d393a5615fec,2021.06.09.14.50.36_veh-26_02826_02955,0.9765619275179253,2021.06.09.14.50.36_veh-26_02826_02955,0.9775973302923759,0.0010354027744506888
089b7c97ae005df7,2021.10.05.07.49.39_veh-52_00770_00905,0.9427574422688856,2021.10.05.07.49.39_veh-52_00770_00905,0.9430329532664504,0.0002755109975648429
16c70ee6d6485400,2021.10.05.07.49.39_veh-52_00770_00905,0.9017295870935396,2021.10.05.07.49.39_veh-52_00770_00905,0.9021223047662363,0.00039271767269677404
170594fe8be75468,2021.10.05.07.49.39_veh-52_00770_00905,0.9080829150359916,2021.10.05.07.49.39_veh-52_00770_00905,0.9094902526703871,0.001407337634395489
19c9d08888d65385,2021.10.05.07.49.39_veh-52_00770_00905,0.926254369960506,2021.10.05.07.49.39_veh-52_00770_00905,0.9266199958318382,0.00036562587133215363
1c3d27d5767e506d,2021.10.05.07.49.39_veh-52_00770_00905,0.9299628552707255,2021.10.05.07.49.39_veh-52_00770_00905,0.9299994311305978,3.6575859872267635e-05
1d9ee8399cf55f9d,2021.10.05.07.49.39_veh-52_00770_00905,0.978561617583974,2021.10.05.07.49.39_veh-52_00770_00905,0.9789843073483805,0.0004226897644065142
20d97d183741595d,2021.10.05.07.49.39_veh-52_00770_00905,0.9386150987869237,2021.10.05.07.49.39_veh-52_00770_00905,0.9396052517588507,0.0009901529719269497
24f4c4b3cc8554aa,2021.10.05.07.49.39_veh-52_00770_00905,0.8815879049425763,2021.10.05.07.49.39_veh-52_00770_00905,0.8814328545115236,-0.00015505043105268346
25ef4e856bab540e,2021.10.05.07.49.39_veh-52_00770_00905,0.9269982593417109,2021.10.05.07.49.39_veh-52_00770_00905,0.9277285986466088,0.0007303393048979645
261221d5c5fc5fa7,2021.10.05.07.49.39_veh-52_00770_00905,0.9335337838665978,2021.10.05.07.49.39_veh-52_00770_00905,0.9337504664458672,0.0002166825792694338
278bbdb04c555733,2021.10.05.07.49.39_veh-52_00770_00905,0.785744332872216,2021.10.05.07.49.39_veh-52_00770_00905,0.7860811298928168,0.0003367970206007431
282c1d78530d593f,2021.10.05.07.49.39_veh-52_00770_00905,0.9473419751703827,2021.10.05.07.49.39_veh-52_00770_00905,0.9480417141035473,0.000699738933164662
2c32ea8c5ef05290,2021.10.05.07.49.39_veh-52_00770_00905,0.9710704742277481,2021.10.05.07.49.39_veh-52_00770_00905,0.9725626363182134,0.001492162090465321
2f1560380fb05985,2021.10.05.07.49.39_veh-52_00770_00905,0.9475884856820288,2021.10.05.07.49.39_veh-52_00770_00905,0.948827089545718,0.001238603863689236
310a3ad9c0cf5eb6,2021.10.05.07.49.39_veh-52_00770_00905,0.9780978278709245,2021.10.05.07.49.39_veh-52_00770_00905,0.9792827383512364,0.0011849104803118848
334e0e5d1a825334,2021.10.05.07.49.39_veh-52_00770_00905,0.9192159223601782,2021.10.05.07.49.39_veh-52_00770_00905,0.919494810893801,0.00027888853362278976
36bae31710bc5917,2021.10.05.07.49.39_veh-52_00770_00905,0.8725129910528346,2021.10.05.07.49.39_veh-52_00770_00905,0.8729634319330462,0.0004504408802115112
38ef1d6a2da75115,2021.10.05.07.49.39_veh-52_00770_00905,0.9348047819640289,2021.10.05.07.49.39_veh-52_00770_00905,0.9354737234831385,0.0006689415191095671
3d18f6f0700f5a7b,2021.10.05.07.49.39_veh-52_00770_00905,1.0,2021.10.05.07.49.39_veh-52_00770_00905,1.0,0.0
43344715c88b50bc,2021.10.05.07.49.39_veh-52_00770_00905,0.9127448606368072,2021.10.05.07.49.39_veh-52_00770_00905,0.9130847088609257,0.0003398482241185885
44ff523a46c05629,2021.10.05.07.49.39_veh-52_00770_00905,0.9085653740929706,2021.10.05.07.49.39_veh-52_00770_00905,0.9088858257743752,0.0003204516814045988
45024816c0275064,2021.10.05.07.49.39_veh-52_00770_00905,0.9043019985841262,2021.10.05.07.49.39_veh-52_00770_00905,0.9044027099806536,0.00010071139652745309
4b9cb144a34f517d,2021.10.05.07.49.39_veh-52_00770_00905,0.9097348279969619,2021.10.05.07.49.39_veh-52_00770_00905,0.9101341404382478,0.0003993124412858817
4dc05b556a2657fa,2021.10.05.07.49.39_veh-52_00770_00905,0.7788506896226066,2021.10.05.07.49.39_veh-52_00770_00905,0.7791923624126939,0.00034167279008723295
4dcfadf46bc25e5e,2021.10.05.07.49.39_veh-52_00770_00905,0.9292407419359228,2021.10.05.07.49.39_veh-52_00770_00905,0.9294882579843144,0.00024751604839168273
4e9c5280dadd5f24,2021.10.05.07.49.39_veh-52_00770_00905,0.9494282262898118,2021.10.05.07.49.39_veh-52_00770_00905,0.9497160280668473,0.00028780177703546794
4fd253304da7581e,2021.10.05.07.49.39_veh-52_00770_00905,0.931370155718896,2021.10.05.07.49.39_veh-52_00770_00905,0.9316847288635264,0.0003145731446303479
5224265091a55a68,2021.10.05.07.49.39_veh-52_00770_00905,0.8569623413639049,2021.10.05.07.49.39_veh-52_00770_00905,0.8569930949589086,3.0753595003707446e-05
566e8d71b2da589a,2021.10.05.07.49.39_veh-52_00770_00905,1.0,2021.10.05.07.49.39_veh-52_00770_00905,1.0,0.0
58d478dd02905d2e,2021.10.05.07.49.39_veh-52_00770_00905,0.9099258630587745,2021.10.05.07.49.39_veh-52_00770_00905,0.9113600697100301,0.0014342066512555984
594cd290a93f538a,2021.10.05.07.49.39_veh-52_00770_00905,0.92649452288849,2021.10.05.07.49.39_veh-52_00770_00905,0.9271458727943482,0.000651349905858245
5d64663f086f5773,2021.10.05.07.49.39_veh-52_00770_00905,0.875,2021.10.05.07.49.39_veh-52_00770_00905,0.875,0.0
6033b22b61b55675,2021.10.05.07.49.39_veh-52_00770_00905,0.8907034381926299,2021.10.05.07.49.39_veh-52_00770_00905,0.8907334776745737,3.0039481943799906e-05
6a5e2d6a365e51e3,2021.10.05.07.49.39_veh-52_00770_00905,1.0,2021.10.05.07.49.39_veh-52_00770_00905,1.0,0.0
7081f406cf8352ad,2021.10.05.07.49.39_veh-52_00770_00905,0.9279370371232011,2021.10.05.07.49.39_veh-52_00770_00905,0.9282555017864211,0.00031846466322005273
72ca346213465d94,2021.10.05.07.49.39_veh-52_00770_00905,0.8914209491270448,2021.10.05.07.49.39_veh-52_00770_00905,0.891575231596944,0.0001542824698991252
7502b22480435c30,2021.10.05.07.49.39_veh-52_00770_00905,0.9335425010380579,2021.10.05.07.49.39_veh-52_00770_00905,0.9338529985425501,0.00031049750449219093
79433fe543ae5e50,2021.10.05.07.49.39_veh-52_00770_00905,0.9208125212977899,2021.10.05.07.49.39_veh-52_00770_00905,0.9212063542247086,0.00039383292691874683
7ac722bce1da568e,2021.10.05.07.49.39_veh-52_00770_00905,0.9207603790083372,2021.10.05.07.49.39_veh-52_00770_00905,0.9208235821298807,6.320312154350916e-05
7f7a0a36daf65495,2021.10.05.07.49.39_veh-52_00770_00905,0.9111245407766091,2021.10.05.07.49.39_veh-52_00770_00905,0.9114831354162807,0.00035859463967158334
7f7fa83384215a69,2021.10.05.07.49.39_veh-52_00770_00905,0.7748672899250351,2021.10.05.07.49.39_veh-52_00770_00905,0.7747539235822347,-0.0001133663428003473
83422f60bebd506c,2021.10.05.07.49.39_veh-52_00770_00905,0.9299039131822836,2021.10.05.07.49.39_veh-52_00770_00905,0.9305479184242225,0.0006440052419388609
83bc7727c42c5a0f,2021.10.05.07.49.39_veh-52_00770_00905,0.0,2021.10.05.07.49.39_veh-52_00770_00905,0.0,0.0
85d8f4b6752152e2,2021.10.05.07.49.39_veh-52_00770_00905,0.9180031392954651,2021.10.05.07.49.39_veh-52_00770_00905,0.9184855316472189,0.0004823923517538464
86ac4c5dc3e756cf,2021.10.05.07.49.39_veh-52_00770_00905,0.9842280618054756,2021.10.05.07.49.39_veh-52_00770_00905,0.9847660266023411,0.0005379647968655199
876d2dd881f55f91,2021.10.05.07.49.39_veh-52_00770_00905,0.874183513180774,2021.10.05.07.49.39_veh-52_00770_00905,0.874415661220545,0.0002321480397710074
87c7d995609e51c9,2021.10.05.07.49.39_veh-52_00770_00905,0.7764164761298125,2021.10.05.07.49.39_veh-52_00770_00905,0.7763997721820768,-1.6703947735674518e-05
8c1c77e3c8a35388,2021.10.05.07.49.39_veh-52_00770_00905,0.9358373836491778,2021.10.05.07.49.39_veh-52_00770_00905,0.9363134047794422,0.000476021130264459
8c61ae7bb33b54ad,2021.10.05.07.49.39_veh-52_00770_00905,0.8982314163621885,2021.10.05.07.49.39_veh-52_00770_00905,0.8982249658911051,-6.4504710833857e-06
8d40c021d3cb5fca,2021.10.05.07.49.39_veh-52_00770_00905,0.9168229281132204,2021.10.05.07.49.39_veh-52_00770_00905,0.9172303639785804,0.0004074358653599619
8f4878c4dcf5558e,2021.10.05.07.49.39_veh-52_00770_00905,1.0,2021.10.05.07.49.39_veh-52_00770_00905,1.0,0.0
90679ae84c8b5d05,2021.10.05.07.49.39_veh-52_00770_00905,0.8680874106671015,2021.10.05.07.49.39_veh-52_00770_00905,0.8694597697208806,0.001372359053779082
93fa17215ed5505c,2021.10.05.07.49.39_veh-52_00770_00905,0.7851413852184175,2021.10.05.07.49.39_veh-52_00770_00905,0.7851069577328621,-3.4427485555377224e-05
97b9c6b0d3aa5e6b,2021.10.05.07.49.39_veh-52_00770_00905,1.0,2021.10.05.07.49.39_veh-52_00770_00905,1.0,0.0
97cd0485dadc5c44,2021.10.05.07.49.39_veh-52_00770_00905,0.9657735904047047,2021.10.05.07.49.39_veh-52_00770_00905,0.9667708637080087,0.0009972733033040138
9c084095533b564c,2021.10.05.07.49.39_veh-52_00770_00905,0.8850961876756405,2021.10.05.07.49.39_veh-52_00770_00905,0.8869425439062304,0.0018463562305899295
a0493e8185235ec7,2021.10.05.07.49.39_veh-52_00770_00905,0.9772846219828344,2021.10.05.07.49.39_veh-52_00770_00905,0.9781108931068871,0.0008262711240527576
a17b55560d22530f,2021.10.05.07.49.39_veh-52_00770_00905,1.0,2021.10.05.07.49.39_veh-52_00770_00905,1.0,0.0
ae7aec1b18255951,2021.10.05.07.49.39_veh-52_00770_00905,1.0,2021.10.05.07.49.39_veh-52_00770_00905,1.0,0.0
aee6f2e930d550e1,2021.10.05.07.49.39_veh-52_00770_00905,0.9606299372387885,2021.10.05.07.49.39_veh-52_00770_00905,0.9612594153514207,0.0006294781126321425
b2dffb44dcbd58e6,2021.10.05.07.49.39_veh-52_00770_00905,0.9279331839910935,2021.10.05.07.49.39_veh-52_00770_00905,0.9282660368579008,0.0003328528668072872
b64e4fd64ae55427,2021.10.05.07.49.39_veh-52_00770_00905,0.8977176191263847,2021.10.05.07.49.39_veh-52_00770_00905,0.8978014280450567,8.380891867199036e-05
b964d00130375a88,2021.10.05.07.49.39_veh-52_00770_00905,0.9425832812549483,2021.10.05.07.49.39_veh-52_00770_00905,0.9432752187916957,0.0006919375367474556
bb22dd65cf5b51dd,2021.10.05.07.49.39_veh-52_00770_00905,0.9375466330353738,2021.10.05.07.49.39_veh-52_00770_00905,0.9380646962583933,0.0005180632230195048
c050331009ac5df2,2021.10.05.07.49.39_veh-52_00770_00905,0.9351022446214176,2021.10.05.07.49.39_veh-52_00770_00905,0.9356598596294879,0.000557615008070389
c0921d509e2c502d,2021.10.05.07.49.39_veh-52_00770_00905,1.0,2021.10.05.07.49.39_veh-52_00770_00905,1.0,0.0
c0e018420a2359b3,2021.10.05.07.49.39_veh-52_00770_00905,0.9038993469719876,2021.10.05.07.49.39_veh-52_00770_00905,0.9056254913296449,0.0017261443576572777
c77b059c1f3a5674,2021.10.05.07.49.39_veh-52_00770_00905,0.9446226307235042,2021.10.05.07.49.39_veh-52_00770_00905,0.9449529882432496,0.0003303575197454167
c7d20bed29e95a90,2021.10.05.07.49.39_veh-52_00770_00905,1.0,2021.10.05.07.49.39_veh-52_00770_00905,1.0,0.0
c876b08cdb7b50ef,2021.10.05.07.49.39_veh-52_00770_00905,0.9270832987126998,2021.10.05.07.49.39_veh-52_00770_00905,0.9276841667404419,0.000600868027742063
d9a26b78907c5afa,2021.10.05.07.49.39_veh-52_00770_00905,0.9006008553472782,2021.10.05.07.49.39_veh-52_00770_00905,0.9008489850683128,0.00024812972103460673
db9df85eaa605bd1,2021.10.05.07.49.39_veh-52_00770_00905,0.885024921093993,2021.10.05.07.49.39_veh-52_00770_00905,0.8851322283624946,0.00010730726850161076
dc5adf1f1c2e5567,2021.10.05.07.49.39_veh-52_00770_00905,0.9244066482021243,2021.10.05.07.49.39_veh-52_00770_00905,0.924811502944804,0.00040485474267970556
dccfde2da28d5dbe,2021.10.05.07.49.39_veh-52_00770_00905,0.9287280303236409,2021.10.05.07.49.39_veh-52_00770_00905,0.9291924354688126,0.00046440514517165354
dd73b1a1de5253b0,2021.10.05.07.49.39_veh-52_00770_00905,0.9465022781559709,2021.10.05.07.49.39_veh-52_00770_00905,0.9471123886987918,0.0006101105428208964
dd9d8e686a345f74,2021.10.05.07.49.39_veh-52_00770_00905,0.9120777541922884,2021.10.05.07.49.39_veh-52_00770_00905,0.9125912109677898,0.0005134567755014086
e447ace78361537e,2021.10.05.07.49.39_veh-52_00770_00905,1.0,2021.10.05.07.49.39_veh-52_00770_00905,1.0,0.0
ee7343c491db5537,2021.10.05.07.49.39_veh-52_00770_00905,0.9156257628186522,2021.10.05.07.49.39_veh-52_00770_00905,0.9159557010248477,0.0003299382061955347
f062fb353fc1540f,2021.10.05.07.49.39_veh-52_00770_00905,0.9295472498673427,2021.10.05.07.49.39_veh-52_00770_00905,0.9301017497791171,0.0005544999117743643
fac63ed354f95c7b,2021.10.05.07.49.39_veh-52_00770_00905,0.9005621704689193,2021.10.05.07.49.39_veh-52_00770_00905,0.9009431283205689,0.0003809578516495993
fe1838e14f915f8f,2021.10.05.07.49.39_veh-52_00770_00905,0.9215615662203401,2021.10.05.07.49.39_veh-52_00770_00905,0.9217041032118948,0.0001425369915546426
0b6d1ed507635a6e,2021.10.01.17.52.06_veh-28_01141_01264,0.9767680767488245,2021.10.01.17.52.06_veh-28_01141_01264,0.9771455255951389,0.0003774488463144099
1753352ab8255c21,2021.10.01.17.52.06_veh-28_01141_01264,0.9715352883768373,2021.10.01.17.52.06_veh-28_01141_01264,0.971752552054424,0.00021726367758667653
1d85875eaf9c5a3f,2021.10.01.17.52.06_veh-28_01141_01264,0.9081401637000189,2021.10.01.17.52.06_veh-28_01141_01264,0.9093318654871164,0.0011917017870974878
3797925f74955b28,2021.10.01.17.52.06_veh-28_01141_01264,0.9704303537651893,2021.10.01.17.52.06_veh-28_01141_01264,0.9710385412335568,0.0006081874683675492
3847daeaf69250c1,2021.10.01.17.52.06_veh-28_01141_01264,0.9046256779654287,2021.10.01.17.52.06_veh-28_01141_01264,0.9047745073411468,0.00014882937571814026
3c7e47f60864523a,2021.10.01.17.52.06_veh-28_01141_01264,0.8311407739585219,2021.10.01.17.52.06_veh-28_01141_01264,0.8312558196374771,0.00011504567895515017
3de980a9cef75550,2021.10.01.17.52.06_veh-28_01141_01264,0.9669993452696272,2021.10.01.17.52.06_veh-28_01141_01264,0.9675998402142749,0.0006004949446477559
4b66fd3a626b5be8,2021.10.01.17.52.06_veh-28_01141_01264,0.9930357979864781,2021.10.01.17.52.06_veh-28_01141_01264,0.9937744908783006,0.00073869289182249
4c2f4189a319584d,2021.10.01.17.52.06_veh-28_01141_01264,0.8485121585648244,2021.10.01.17.52.06_veh-28_01141_01264,0.850063554867926,0.0015513963031015265
4d431311516d5e88,2021.10.01.17.52.06_veh-28_01141_01264,0.8574177814935469,2021.10.01.17.52.06_veh-28_01141_01264,0.8583640868200917,0.0009463053265448274
51f7835e4ba057be,2021.10.01.17.52.06_veh-28_01141_01264,0.8118352527801567,2021.10.01.17.52.06_veh-28_01141_01264,0.8121332844770888,0.0002980316969320995
7e02b53ea6ba556a,2021.10.01.17.52.06_veh-28_01141_01264,0.9796257157614854,2021.10.01.17.52.06_veh-28_01141_01264,0.979985062506677,0.00035934674519166876
7f12e4a7eb7e51c7,2021.10.01.17.52.06_veh-28_01141_01264,0.8054801938192417,2021.10.01.17.52.06_veh-28_01141_01264,0.8056859633758189,0.00020576955657714002
8d80fb7fefcd513b,2021.10.01.17.52.06_veh-28_01141_01264,1.0,2021.10.01.17.52.06_veh-28_01141_01264,1.0,0.0
93f4a7c97bf55154,2021.10.01.17.52.06_veh-28_01141_01264,0.7984790496292591,2021.10.01.17.52.06_veh-28_01141_01264,0.9236232123378028,0.12514416270854367
962977e974885acd,2021.10.01.17.52.06_veh-28_01141_01264,0.8885189086328014,2021.10.01.17.52.06_veh-28_01141_01264,0.8899713734797345,0.001452464846933177
9694f4c94c0c55bf,2021.10.01.17.52.06_veh-28_01141_01264,1.0,2021.10.01.17.52.06_veh-28_01141_01264,1.0,0.0
97a3fc19fc7b508e,2021.10.01.17.52.06_veh-28_01141_01264,0.9887777843203159,2021.10.01.17.52.06_veh-28_01141_01264,0.989199258956622,0.00042147463630604065
a43022f0434c530b,2021.10.01.17.52.06_veh-28_01141_01264,0.9850687411827556,2021.10.01.17.52.06_veh-28_01141_01264,0.9858557228368452,0.0007869816540896357
aba976ffd9c451de,2021.10.01.17.52.06_veh-28_01141_01264,0.9630771833883149,2021.10.01.17.52.06_veh-28_01141_01264,0.9640747034606046,0.0009975200722897037
ac7799ea12475109,2021.10.01.17.52.06_veh-28_01141_01264,0.9768409027440799,2021.10.01.17.52.06_veh-28_01141_01264,0.9774902942807361,0.0006493915366562186
ae423ca6966757cf,2021.10.01.17.52.06_veh-28_01141_01264,0.9842379174131014,2021.10.01.17.52.06_veh-28_01141_01264,0.9844407130775237,0.00020279566442227281
b1dfcdc2c85b536b,2021.10.01.17.52.06_veh-28_01141_01264,0.8218665025708543,2021.10.01.17.52.06_veh-28_01141_01264,0.8220891263816655,0.00022262381081128435
c3b1d706a2335cc9,2021.10.01.17.52.06_veh-28_01141_01264,1.0,2021.10.01.17.52.06_veh-28_01141_01264,1.0,0.0
cf1b07486b655b3a,2021.10.01.17.52.06_veh-28_01141_01264,0.9872368517019091,2021.10.01.17.52.06_veh-28_01141_01264,0.987795151963316,0.0005583002614069077
d72a31dfc0ec5e11,2021.10.01.17.52.06_veh-28_01141_01264,0.9760896500939902,2021.10.01.17.52.06_veh-28_01141_01264,0.9766793028871208,0.0005896527931306128
e9be03d5069b52bc,2021.10.01.17.52.06_veh-28_01141_01264,0.9842021626306431,2021.10.01.17.52.06_veh-28_01141_01264,0.984162782685355,-3.93799452881316e-05
f4188f0f2c17514d,2021.10.01.17.52.06_veh-28_01141_01264,0.9582408399493392,2021.10.01.17.52.06_veh-28_01141_01264,0.959603685419766,0.0013628454704268655
0090af8e15415a95,2021.06.09.12.06.35_veh-35_01164_01494,0.9302006317120373,2021.06.09.12.06.35_veh-35_01164_01494,0.9304983029128621,0.0002976712008248006
01d99dddfff055b4,2021.06.09.12.06.35_veh-35_01164_01494,1.0,2021.06.09.12.06.35_veh-35_01164_01494,1.0,0.0
02036a881c8757cd,2021.06.09.12.06.35_veh-35_01164_01494,0.9529597635444884,2021.06.09.12.06.35_veh-35_01164_01494,0.9534367651571529,0.00047700161266450714
02831f0823a75275,2021.06.09.12.06.35_veh-35_01164_01494,0.9401404026331048,2021.06.09.12.06.35_veh-35_01164_01494,0.9406050320012678,0.00046462936816293876
052f982083e859d7,2021.06.09.12.06.35_veh-35_01164_01494,0.9318506223959999,2021.06.09.12.06.35_veh-35_01164_01494,0.932330251119934,0.00047962872393403355
09909af20007564a,2021.06.09.12.06.35_veh-35_01164_01494,1.0,2021.06.09.12.06.35_veh-35_01164_01494,1.0,0.0
09a440cb0aeb567a,2021.06.09.12.06.35_veh-35_01164_01494,0.9462097855579444,2021.06.09.12.06.35_veh-35_01164_01494,0.9464563766289943,0.0002465910710498509
0a6a37e522035224,2021.06.09.12.06.35_veh-35_01164_01494,0.9693203035339784,2021.06.09.12.06.35_veh-35_01164_01494,0.9696681484548876,0.0003478449209092238
1035c6107e4b52d3,2021.06.09.12.06.35_veh-35_01164_01494,0.9689513671814972,2021.06.09.12.06.35_veh-35_01164_01494,0.9692543756743072,0.000303008492809953
108c162aabf552ba,2021.06.09.12.06.35_veh-35_01164_01494,0.9102737802669562,2021.06.09.12.06.35_veh-35_01164_01494,0.9115554580713601,0.0012816778044039134
11d448d26126557f,2021.06.09.12.06.35_veh-35_01164_01494,0.9034718206701544,2021.06.09.12.06.35_veh-35_01164_01494,0.9043061973587102,0.0008343766885557935
12127170e93a53e9,2021.06.09.12.06.35_veh-35_01164_01494,0.9129561940800874,2021.06.09.12.06.35_veh-35_01164_01494,0.9134170156501539,0.00046082157006643865
147c06dffbdb5bc4,2021.06.09.12.06.35_veh-35_01164_01494,0.9796493228045753,2021.06.09.12.06.35_veh-35_01164_01494,0.9805962775804629,0.0009469547758875763
1562991f98315d4d,2021.06.09.12.06.35_veh-35_01164_01494,0.9356470956429062,2021.06.09.12.06.35_veh-35_01164_01494,0.9360105006960284,0.0003634050531222677
158eecf778cc5684,2021.06.09.12.06.35_veh-35_01164_01494,0.9479533208598279,2021.06.09.12.06.35_veh-35_01164_01494,0.9481382269386586,0.00018490607883070442
1cf2faa6760b5e05,2021.06.09.12.06.35_veh-35_01164_01494,1.0,2021.06.09.12.06.35_veh-35_01164_01494,1.0,0.0
1d0ef99351a95bbb,2021.06.09.12.06.35_veh-35_01164_01494,0.8489020568853105,2021.06.09.12.06.35_veh-35_01164_01494,0.8493909468667594,0.0004888899814489145
1d1a05de41555e8e,2021.06.09.12.06.35_veh-35_01164_01494,1.0,2021.06.09.12.06.35_veh-35_01164_01494,1.0,0.0
244393f5bb9f567c,2021.06.09.12.06.35_veh-35_01164_01494,1.0,2021.06.09.12.06.35_veh-35_01164_01494,1.0,0.0
2450f437ff34588e,2021.06.09.12.06.35_veh-35_01164_01494,0.9763863682418842,2021.06.09.12.06.35_veh-35_01164_01494,0.9765486553737184,0.0001622871318341934
27019672a76d5c98,2021.06.09.12.06.35_veh-35_01164_01494,0.9810451033828361,2021.06.09.12.06.35_veh-35_01164_01494,0.9816315179691089,0.0005864145862727321
270857aa66a15114,2021.06.09.12.06.35_veh-35_01164_01494,0.9181661453510981,2021.06.09.12.06.35_veh-35_01164_01494,0.9188437814324997,0.0006776360814015892
279398536da35c2b,2021.06.09.12.06.35_veh-35_01164_01494,0.9392124652283974,2021.06.09.12.06.35_veh-35_01164_01494,0.9396861762560653,0.0004737110276679113
2bda22fbdbbb50a8,2021.06.09.12.06.35_veh-35_01164_01494,0.9313391876576786,2021.06.09.12.06.35_veh-35_01164_01494,0.9320929261122193,0.0007537384545406312
2e524a06f4bc59e8,2021.06.09.12.06.35_veh-35_01164_01494,0.9170239956852317,2021.06.09.12.06.35_veh-35_01164_01494,0.917665628450178,0.0006416327649462206
2fb80e8e9597522f,2021.06.09.12.06.35_veh-35_01164_01494,0.9524567818066771,2021.06.09.12.06.35_veh-35_01164_01494,0.9530067832596751,0.0005500014529979946
2fffb118c5535879,2021.06.09.12.06.35_veh-35_01164_01494,0.9414408564145691,2021.06.09.12.06.35_veh-35_01164_01494,0.9421173938713034,0.0006765374567343496
31c10b004a0d5f1e,2021.06.09.12.06.35_veh-35_01164_01494,0.936481799369318,2021.06.09.12.06.35_veh-35_01164_01494,0.9371999222725199,0.0007181229032019454
32940e6a93e95fd5,2021.06.09.12.06.35_veh-35_01164_01494,0.9829924470338455,2021.06.09.12.06.35_veh-35_01164_01494,0.9835855074611263,0.0005930604272808004
329eb6cc8c325f71,2021.06.09.12.06.35_veh-35_01164_01494,0.9321432375292396,2021.06.09.12.06.35_veh-35_01164_01494,0.9328264867056111,0.0006832491763715254
36a87f95e5a05e75,2021.06.09.12.06.35_veh-35_01164_01494,0.9687919841975777,2021.06.09.12.06.35_veh-35_01164_01494,0.9696321632617195,0.0008401790641417994
3746d6f474565ca0,2021.06.09.12.06.35_veh-35_01164_01494,0.9291846438843204,2021.06.09.12.06.35_veh-35_01164_01494,0.9297573907180842,0.0005727468337637376
3c0e5824b0785582,2021.06.09.12.06.35_veh-35_01164_01494,1.0,2021.06.09.12.06.35_veh-35_01164_01494,1.0,0.0
3c6c773db2f558e5,2021.06.09.12.06.35_veh-35_01164_01494,0.9384428195030585,2021.06.09.12.06.35_veh-35_01164_01494,0.938998765704866,0.0005559462018074335
3f69fae28f2b5905,2021.06.09.12.06.35_veh-35_01164_01494,0.9961702347019258,2021.06.09.12.06.35_veh-35_01164_01494,0.9964991665177578,0.00032893181583204534
3f83ff89a0b8508a,2021.06.09.12.06.35_veh-35_01164_01494,0.9741002964793715,2021.06.09.12.06.35_veh-35_01164_01494,0.9744914781107028,0.00039118163133133876
3fdaab2718695484,2021.06.09.12.06.35_veh-35_01164_01494,0.9434855051922366,2021.06.09.12.06.35_veh-35_01164_01494,0.9444301836784736,0.0009446784862370272
42ba979bc4555510,2021.06.09.12.06.35_veh-35_01164_01494,0.9907436332330313,2021.06.09.12.06.35_veh-35_01164_01494,0.991807348801652,0.0010637155686207267
433f5b72f4465952,2021.06.09.12.06.35_veh-35_01164_01494,0.9588514671608886,2021.06.09.12.06.35_veh-35_01164_01494,0.9589982636093894,0.00014679644850079665
473469a94bd255b5,2021.06.09.12.06.35_veh-35_01164_01494,0.9147040961296563,2021.06.09.12.06.35_veh-35_01164_01494,0.9160371837497813,0.001333087620124962
48ff23d4f1d15802,2021.06.09.12.06.35_veh-35_01164_01494,0.9807388532510154,2021.06.09.12.06.35_veh-35_01164_01494,0.981561386549394,0.0008225332983785583
4aa20b4afd5d585e,2021.06.09.12.06.35_veh-35_01164_01494,0.9346075503144615,2021.06.09.12.06.35_veh-35_01164_01494,0.9367960854069997,0.0021885350925381353
4b0684256b7c514b,2021.06.09.12.06.35_veh-35_01164_01494,0.9631467197904567,2021.06.09.12.06.35_veh-35_01164_01494,0.9633666676841104,0.0002199478936536492
4c353752376d5c25,2021.06.09.12.06.35_veh-35_01164_01494,0.9635475654996362,2021.06.09.12.06.35_veh-35_01164_01494,0.9641665620728677,0.0006189965732315006
50b0ab9dfc405cae,2021.06.09.12.06.35_veh-35_01164_01494,0.9345589496232554,2021.06.09.12.06.35_veh-35_01164_01494,0.9354496998513052,0.0008907502280498525
54ea093eed9f5c7f,2021.06.09.12.06.35_veh-35_01164_01494,0.9509757169403628,2021.06.09.12.06.35_veh-35_01164_01494,0.951283334346264,0.0003076174059012393
55d627edf1c05c6c,2021.06.09.12.06.35_veh-35_01164_01494,1.0,2021.06.09.12.06.35_veh-35_01164_01494,1.0,0.0
592e6aa71cc85423,2021.06.09.12.06.35_veh-35_01164_01494,0.9525985189015732,2021.06.09.12.06.35_veh-35_01164_01494,0.9558351109265377,0.003236592024964513
5980823125de5b77,2021.06.09.12.06.35_veh-35_01164_01494,0.9277963364879062,2021.06.09.12.06.35_veh-35_01164_01494,0.928226211410219,0.000429874922312834
59cd72291d1b5c61,2021.06.09.12.06.35_veh-35_01164_01494,0.9766754042704875,2021.06.09.12.06.35_veh-35_01164_01494,0.9776550180126178,0.000979613742130292
5b1c7c1d71e85bd9,2021.06.09.12.06.35_veh-35_01164_01494,0.9449045581740775,2021.06.09.12.06.35_veh-35_01164_01494,0.946365603390374,0.0014610452162965304
5b9d89b5e90257d8,2021.06.09.12.06.35_veh-35_01164_01494,0.9917714462311416,2021.06.09.12.06.35_veh-35_01164_01494,0.9924602015299986,0.0006887552988570356
5d2ee5c23b555bac,2021.06.09.12.06.35_veh-35_01164_01494,0.9910694204739616,2021.06.09.12.06.35_veh-35_01164_01494,0.9918510724539749,0.0007816519800132316
5fec23f5a5d052cd,2021.06.09.12.06.35_veh-35_01164_01494,0.9689662280358791,2021.06.09.12.06.35_veh-35_01164_01494,0.9694461566160416,0.00047992858016254747
633ee0b9bc865394,2021.06.09.12.06.35_veh-35_01164_01494,0.9160908759061299,2021.06.09.12.06.35_veh-35_01164_01494,0.9168690457088637,0.0007781698027338191
679848c50acb5b02,2021.06.09.12.06.35_veh-35_01164_01494,1.0,2021.06.09.12.06.35_veh-35_01164_01494,1.0,0.0
694febdb81105aa6,2021.06.09.12.06.35_veh-35_01164_01494,1.0,2021.06.09.12.06.35_veh-35_01164_01494,1.0,0.0
6a9a24d0bacf5229,2021.06.09.12.06.35_veh-35_01164_01494,0.921111965641495,2021.06.09.12.06.35_veh-35_01164_01494,0.9222682946803206,0.0011563290388255654
6ee8095e2d8b599c,2021.06.09.12.06.35_veh-35_01164_01494,0.9803854845961011,2021.06.09.12.06.35_veh-35_01164_01494,0.9808644226288517,0.00047893803275056435
6f6d3439591151c0,2021.06.09.12.06.35_veh-35_01164_01494,1.0,2021.06.09.12.06.35_veh-35_01164_01494,1.0,0.0
6fcb034448195e87,2021.06.09.12.06.35_veh-35_01164_01494,0.9599114780610668,2021.06.09.12.06.35_veh-35_01164_01494,0.9605143493674737,0.0006028713064069047
703f27b09d325c11,2021.06.09.12.06.35_veh-35_01164_01494,0.975934967945689,2021.06.09.12.06.35_veh-35_01164_01494,0.9763417720282399,0.0004068040825508934
70c37dde93f25c64,2021.06.09.12.06.35_veh-35_01164_01494,0.9717867791175274,2021.06.09.12.06.35_veh-35_01164_01494,0.9721461415284444,0.0003593624109169413
72ba153a1fc059c6,2021.06.09.12.06.35_veh-35_01164_01494,0.9928427889020196,2021.06.09.12.06.35_veh-35_01164_01494,0.9936416204282812,0.0007988315262615897
74c5a4e255b950f7,2021.06.09.12.06.35_veh-35_01164_01494,0.9785698997104,2021.06.09.12.06.35_veh-35_01164_01494,0.978896280738063,0.00032638102766302524
78bd4a0ea3e35682,2021.06.09.12.06.35_veh-35_01164_01494,0.9350240592411214,2021.06.09.12.06.35_veh-35_01164_01494,0.9357448047934831,0.000720745552361679
7d14dc9e1394504c,2021.06.09.12.06.35_veh-35_01164_01494,1.0,2021.06.09.12.06.35_veh-35_01164_01494,1.0,0.0
7dc37d18911457a8,2021.06.09.12.06.35_veh-35_01164_01494,0.9290261744109922,2021.06.09.12.06.35_veh-35_01164_01494,0.9295296471004384,0.0005034726894461716
7e664b90d195584d,2021.06.09.12.06.35_veh-35_01164_01494,0.9840702464903489,2021.06.09.12.06.35_veh-35_01164_01494,0.9844797910615267,0.0004095445711778112
7e682022c639513c,2021.06.09.12.06.35_veh-35_01164_01494,1.0,2021.06.09.12.06.35_veh-35_01164_01494,1.0,0.0
7eb9806c2ac25fd6,2021.06.09.12.06.35_veh-35_01164_01494,1.0,2021.06.09.12.06.35_veh-35_01164_01494,1.0,0.0
8381aa53dbb55c90,2021.06.09.12.06.35_veh-35_01164_01494,0.9542682590571245,2021.06.09.12.06.35_veh-35_01164_01494,0.9552536879809677,0.0009854289238431235
8bb9b664551e5148,2021.06.09.12.06.35_veh-35_01164_01494,1.0,2021.06.09.12.06.35_veh-35_01164_01494,1.0,0.0
8fc1509fbdee54ac,2021.06.09.12.06.35_veh-35_01164_01494,0.9166721113372758,2021.06.09.12.06.35_veh-35_01164_01494,0.9174827594346432,0.0008106480973674168
9453e27e0bc25019,2021.06.09.12.06.35_veh-35_01164_01494,0.9931815351919469,2021.06.09.12.06.35_veh-35_01164_01494,0.9939155701616098,0.0007340349696629556
946cb4c69bd85da6,2021.06.09.12.06.35_veh-35_01164_01494,0.953209540674042,2021.06.09.12.06.35_veh-35_01164_01494,0.9541595624084594,0.0009500217344174944
97b60971053a5a8f,2021.06.09.12.06.35_veh-35_01164_01494,0.9455747654103659,2021.06.09.12.06.35_veh-35_01164_01494,0.9471817587802223,0.0016069933698563688
99ded0a5f4475071,2021.06.09.12.06.35_veh-35_01164_01494,0.9562901005561258,2021.06.09.12.06.35_veh-35_01164_01494,0.9567627783776579,0.0004726778215320415
9a3297e2227653e7,2021.06.09.12.06.35_veh-35_01164_01494,0.9109535277218703,2021.06.09.12.06.35_veh-35_01164_01494,0.912452004306598,0.0014984765847276815
9b3708708fbd550f,2021.06.09.12.06.35_veh-35_01164_01494,0.9473149084328341,2021.06.09.12.06.35_veh-35_01164_01494,0.9479899270887041,0.0006750186558700522
9cb570dc6b2b5355,2021.06.09.12.06.35_veh-35_01164_01494,0.9410161262371843,2021.06.09.12.06.35_veh-35_01164_01494,0.9414902164254785,0.0004740901882941406
a1722fd06916560d,2021.06.09.12.06.35_veh-35_01164_01494,0.930023101336703,2021.06.09.12.06.35_veh-35_01164_01494,0.9307996568974457,0.0007765555607427421
a22e6b1ef8655ecf,2021.06.09.12.06.35_veh-35_01164_01494,0.9192419392612241,2021.06.09.12.06.35_veh-35_01164_01494,0.9198462151885627,0.0006042759273385823
a30635daffc75118,2021.06.09.12.06.35_veh-35_01164_01494,1.0,2021.06.09.12.06.35_veh-35_01164_01494,1.0,0.0
a61c2bbd0f3d5d8b,2021.06.09.12.06.35_veh-35_01164_01494,0.9929604522846973,2021.06.09.12.06.35_veh-35_01164_01494,0.9935677267948239,0.0006072745101265431
af72d87120a75e89,2021.06.09.12.06.35_veh-35_01164_01494,1.0,2021.06.09.12.06.35_veh-35_01164_01494,1.0,0.0
b007973e1a8c56cb,2021.06.09.12.06.35_veh-35_01164_01494,0.9721171515470033,2021.06.09.12.06.35_veh-35_01164_01494,0.9724898880652371,0.00037273651823377385
b23ede9a183b5b71,2021.06.09.12.06.35_veh-35_01164_01494,0.9297587769702916,2021.06.09.12.06.35_veh-35_01164_01494,0.9300475309395828,0.0002887539692911778
b5de22e724db5143,2021.06.09.12.06.35_veh-35_01164_01494,0.8769077337745794,2021.06.09.12.06.35_veh-35_01164_01494,0.8809050284289459,0.00399729465436649
b6aac26e82e05762,2021.06.09.12.06.35_veh-35_01164_01494,0.9805232990046656,2021.06.09.12.06.35_veh-35_01164_01494,0.9809626983079274,0.000439399303261756
b7bf330d5c115db3,2021.06.09.12.06.35_veh-35_01164_01494,0.9770770629857889,2021.06.09.12.06.35_veh-35_01164_01494,0.9777984872382711,0.0007214242524822279
b91fedc2a88751e1,2021.06.09.12.06.35_veh-35_01164_01494,1.0,2021.06.09.12.06.35_veh-35_01164_01494,1.0,0.0
be8cd276bd665f61,2021.06.09.12.06.35_veh-35_01164_01494,0.9326530158013828,2021.06.09.12.06.35_veh-35_01164_01494,0.9332394129781032,0.0005863971767203768
c1e04a28d50f5105,2021.06.09.12.06.35_veh-35_01164_01494,1.0,2021.06.09.12.06.35_veh-35_01164_01494,1.0,0.0
c588c26050e057b1,2021.06.09.12.06.35_veh-35_01164_01494,1.0,2021.06.09.12.06.35_veh-35_01164_01494,1.0,0.0
c8b5826567975fc0,2021.06.09.12.06.35_veh-35_01164_01494,1.0,2021.06.09.12.06.35_veh-35_01164_01494,1.0,0.0
ca626e7ddb9c5a11,2021.06.09.12.06.35_veh-35_01164_01494,1.0,2021.06.09.12.06.35_veh-35_01164_01494,1.0,0.0
cd880952086a553c,2021.06.09.12.06.35_veh-35_01164_01494,0.9529103948703641,2021.06.09.12.06.35_veh-35_01164_01494,0.9534646828186053,0.0005542879482411944
cf11598e8f995d83,2021.06.09.12.06.35_veh-35_01164_01494,0.9641733316543772,2021.06.09.12.06.35_veh-35_01164_01494,0.9651418471219048,0.0009685154675275198
d1fc6c37998c5b40,2021.06.09.12.06.35_veh-35_01164_01494,0.9470872854192636,2021.06.09.12.06.35_veh-35_01164_01494,0.9482762432852132,0.0011889578659496358
d3addd2ca8c15a58,2021.06.09.12.06.35_veh-35_01164_01494,0.9379478954142431,2021.06.09.12.06.35_veh-35_01164_01494,0.938500520972819,0.0005526255585759365
d9d4ea61407b50cf,2021.06.09.12.06.35_veh-35_01164_01494,0.9606400457049517,2021.06.09.12.06.35_veh-35_01164_01494,0.9613696420833319,0.0007295963783802151
dcc745e412fe5fbd,2021.06.09.12.06.35_veh-35_01164_01494,0.9357108386197197,2021.06.09.12.06.35_veh-35_01164_01494,0.9368231098824472,0.0011122712627275044
e0aa4d3682c6594a,2021.06.09.12.06.35_veh-35_01164_01494,0.9569069281552368,2021.06.09.12.06.35_veh-35_01164_01494,0.9571397153614944,0.00023278720625763416
e2ff3a9fc9e0580d,2021.06.09.12.06.35_veh-35_01164_01494,0.9645064762965929,2021.06.09.12.06.35_veh-35_01164_01494,0.9652592774976174,0.0007528012010245
e59bd5d207065b9a,2021.06.09.12.06.35_veh-35_01164_01494,0.9275449226047296,2021.06.09.12.06.35_veh-35_01164_01494,0.9277506025424513,0.00020567993772169224
e80eed1fab2c5cfd,2021.06.09.12.06.35_veh-35_01164_01494,1.0,2021.06.09.12.06.35_veh-35_01164_01494,1.0,0.0
e8f2bc430a065486,2021.06.09.12.06.35_veh-35_01164_01494,0.912405144912097,2021.06.09.12.06.35_veh-35_01164_01494,0.9129577977543806,0.000552652842283563
ef10184224ba5d25,2021.06.09.12.06.35_veh-35_01164_01494,0.9529747354661622,2021.06.09.12.06.35_veh-35_01164_01494,0.9535979542417584,0.0006232187755962348
ef7fb7627f735a41,2021.06.09.12.06.35_veh-35_01164_01494,1.0,2021.06.09.12.06.35_veh-35_01164_01494,1.0,0.0
f56dfbb996385805,2021.06.09.12.06.35_veh-35_01164_01494,0.8901633136402334,2021.06.09.12.06.35_veh-35_01164_01494,0.8911433773761728,0.000980063735939396
faa10d766e1e5675,2021.06.09.12.06.35_veh-35_01164_01494,0.9757220160823938,2021.06.09.12.06.35_veh-35_01164_01494,0.9763619886962231,0.0006399726138293094
fba4ada6e76d51d5,2021.06.09.12.06.35_veh-35_01164_01494,0.8841482392517319,2021.06.09.12.06.35_veh-35_01164_01494,0.8865509679698589,0.0024027287181269674
fdc30f8fc86655b0,2021.06.09.12.06.35_veh-35_01164_01494,0.9315696664871284,2021.06.09.12.06.35_veh-35_01164_01494,0.9328613968543806,0.001291730367252275
ffd3019de9f75d89,2021.06.09.12.06.35_veh-35_01164_01494,0.9041145526905516,2021.06.09.12.06.35_veh-35_01164_01494,0.9061069328261309,0.0019923801355792303
0034182453455593,2021.07.09.15.53.28_veh-38_00184_02293,0.9356073708984944,2021.07.09.15.53.28_veh-38_00184_02293,0.9360790654322201,0.00047169453372564174
0063186407485185,2021.07.09.15.53.28_veh-38_00184_02293,1.0,2021.07.09.15.53.28_veh-38_00184_02293,1.0,0.0
00bf064b40495a06,2021.07.09.15.53.28_veh-38_00184_02293,0.9537773345431325,2021.07.09.15.53.28_veh-38_00184_02293,0.9541891019972488,0.00041176745411630744
00e32fcdcf455ae8,2021.07.09.15.53.28_veh-38_00184_02293,1.0,2021.07.09.15.53.28_veh-38_00184_02293,1.0,0.0
016139f70ba255f4,2021.07.09.15.53.28_veh-38_00184_02293,1.0,2021.07.09.15.53.28_veh-38_00184_02293,1.0,0.0
017f6ea65a675bd0,2021.07.09.15.53.28_veh-38_00184_02293,0.983661087523075,2021.07.09.15.53.28_veh-38_00184_02293,0.9845867259802532,0.0009256384571781906
019be72ca2035269,2021.07.09.15.53.28_veh-38_00184_02293,0.8335689618945414,2021.07.09.15.53.28_veh-38_00184_02293,0.8339513968189844,0.0003824349244430092
01f29c09064f597d,2021.07.09.15.53.28_veh-38_00184_02293,1.0,2021.07.09.15.53.28_veh-38_00184_02293,1.0,0.0
02271efb56ca5e62,2021.07.09.15.53.28_veh-38_00184_02293,1.0,2021.07.09.15.53.28_veh-38_00184_02293,1.0,0.0
0242cf7ebae4537a,2021.07.09.15.53.28_veh-38_00184_02293,0.9813180158860129,2021.07.09.15.53.28_veh-38_00184_02293,0.9819408856791891,0.0006228697931762728
039d81c335fa5830,2021.07.09.15.53.28_veh-38_00184_02293,1.0,2021.07.09.15.53.28_veh-38_00184_02293,1.0,0.0
03d3158b8faf5c81,2021.07.09.15.53.28_veh-38_00184_02293,1.0,2021.07.09.15.53.28_veh-38_00184_02293,1.0,0.0
03fe497641cc5a31,2021.07.09.15.53.28_veh-38_00184_02293,0.8745005644016968,2021.07.09.15.53.28_veh-38_00184_02293,0.8758866590735228,0.0013860946718260436
0454457b4d6a5d20,2021.07.09.15.53.28_veh-38_00184_02293,0.8571428571428571,2021.07.09.15.53.28_veh-38_00184_02293,0.8571428571428571,0.0
04db6d7b763754ac,2021.07.09.15.53.28_veh-38_00184_02293,1.0,2021.07.09.15.53.28_veh-38_00184_02293,1.0,0.0
04eb8d64f2795c58,2021.07.09.15.53.28_veh-38_00184_02293,0.0,2021.07.09.15.53.28_veh-38_00184_02293,0.0,0.0
0683a44547c053e2,2021.07.09.15.53.28_veh-38_00184_02293,1.0,2021.07.09.15.53.28_veh-38_00184_02293,1.0,0.0
06c973b2073057ab,2021.07.09.15.53.28_veh-38_00184_02293,0.9414695451973385,2021.07.09.15.53.28_veh-38_00184_02293,0.941824346707219,0.0003548015098805424
06f9275753de5cb6,2021.07.09.15.53.28_veh-38_00184_02293,1.0,2021.07.09.15.53.28_veh-38_00184_02293,1.0,0.0
07667d039f5755fc,2021.07.09.15.53.28_veh-38_00184_02293,0.875,2021.07.09.15.53.28_veh-38_00184_02293,0.875,0.0
0818730194515784,2021.07.09.15.53.28_veh-38_00184_02293,1.0,2021.07.09.15.53.28_veh-38_00184_02293,1.0,0.0
0845cc2551fa5e03,2021.07.09.15.53.28_veh-38_00184_02293,1.0,2021.07.09.15.53.28_veh-38_00184_02293,1.0,0.0
08b90ea812f95157,2021.07.09.15.53.28_veh-38_00184_02293,0.875,2021.07.09.15.53.28_veh-38_00184_02293,0.875,0.0
08e86035c86c59cf,2021.07.09.15.53.28_veh-38_00184_02293,1.0,2021.07.09.15.53.28_veh-38_00184_02293,1.0,0.0
08fef85e66fe56c4,2021.07.09.15.53.28_veh-38_00184_02293,0.9583871871426368,2021.07.09.15.53.28_veh-38_00184_02293,0.9590786069220334,0.0006914197793965737
0a508df3445152b0,2021.07.09.15.53.28_veh-38_00184_02293,0.9787597361745397,2021.07.09.15.53.28_veh-38_00184_02293,0.9802335353761682,0.0014737992016284895
0b19cdb05d2c5e68,2021.07.09.15.53.28_veh-38_00184_02293,0.9396116669893805,2021.07.09.15.53.28_veh-38_00184_02293,0.9404644340556516,0.0008527670662711317
0b22e62e12cf5607,2021.07.09.15.53.28_veh-38_00184_02293,0.9411418340283351,2021.07.09.15.53.28_veh-38_00184_02293,0.9422368096179365,0.0010949755896014768
0b67d7e9536256af,2021.07.09.15.53.28_veh-38_00184_02293,0.793217797410968,2021.07.09.15.53.28_veh-38_00184_02293,0.7935621337759712,0.000344336365003195
0c6651f095895012,2021.07.09.15.53.28_veh-38_00184_02293,0.875,2021.07.09.15.53.28_veh-38_00184_02293,0.875,0.0
0c71f6071ee054a8,2021.07.09.15.53.28_veh-38_00184_02293,0.9877648206351455,2021.07.09.15.53.28_veh-38_00184_02293,0.9885128958186977,0.0007480751835522437
0ce992b41b7854f8,2021.07.09.15.53.28_veh-38_00184_02293,1.0,2021.07.09.15.53.28_veh-38_00184_02293,1.0,0.0
0daae1bedaae53c5,2021.07.09.15.53.28_veh-38_00184_02293,0.9090981989436081,2021.07.09.15.53.28_veh-38_00184_02293,0.9102046802033873,0.0011064812597791907
0ee4062c48cc50d9,2021.07.09.15.53.28_veh-38_00184_02293,0.9731764516556068,2021.07.09.15.53.28_veh-38_00184_02293,0.9734456080025099,0.00026915634690305446
0f4042e7f1995020,2021.07.09.15.53.28_veh-38_00184_02293,1.0,2021.07.09.15.53.28_veh-38_00184_02293,1.0,0.0
0fb7c8347ef25535,2021.07.09.15.53.28_veh-38_00184_02293,0.8571428571428571,2021.07.09.15.53.28_veh-38_00184_02293,0.8571428571428571,0.0
100ed6de0208550f,2021.07.09.15.53.28_veh-38_00184_02293,0.9300523378331018,2021.07.09.15.53.28_veh-38_00184_02293,0.9346699851137712,0.004617647280669379
10b7dc9bd96e550a,2021.07.09.15.53.28_veh-38_00184_02293,0.9333915882592156,2021.07.09.15.53.28_veh-38_00184_02293,0.934849406745311,0.0014578184860953858
10f0de18ec3d5c9f,2021.07.09.15.53.28_veh-38_00184_02293,0.9585820086113309,2021.07.09.15.53.28_veh-38_00184_02293,0.9594004245752827,0.000818415963951824
10f2a63b52ff556a,2021.07.09.15.53.28_veh-38_00184_02293,0.9841243932488645,2021.07.09.15.53.28_veh-38_00184_02293,0.98544127664726,0.0013168833983955297
114020a7beaf5151,2021.07.09.15.53.28_veh-38_00184_02293,0.9672048471607733,2021.07.09.15.53.28_veh-38_00184_02293,0.9678134589211412,0.0006086117603679719
1150ab6954775965,2021.07.09.15.53.28_veh-38_00184_02293,0.9263571614937869,2021.07.09.15.53.28_veh-38_00184_02293,0.9271041543589693,0.0007469928651824276
11fb8402c7ed5f38,2021.07.09.15.53.28_veh-38_00184_02293,1.0,2021.07.09.15.53.28_veh-38_00184_02293,1.0,0.0
1201ef26669d52b5,2021.07.09.15.53.28_veh-38_00184_02293,1.0,2021.07.09.15.53.28_veh-38_00184_02293,1.0,0.0
122bed8802a05ae2,2021.07.09.15.53.28_veh-38_00184_02293,1.0,2021.07.09.15.53.28_veh-38_00184_02293,1.0,0.0
12529e1e5d23525d,2021.07.09.15.53.28_veh-38_00184_02293,0.987801732925458,2021.07.09.15.53.28_veh-38_00184_02293,0.9886805412294964,0.0008788083040384143
12927478268a52a7,2021.07.09.15.53.28_veh-38_00184_02293,0.8298425570335106,2021.07.09.15.53.28_veh-38_00184_02293,0.8303707869403097,0.000528229906799127
12a303e7e3b85492,2021.07.09.15.53.28_veh-38_00184_02293,0.9385376297781549,2021.07.09.15.53.28_veh-38_00184_02293,0.939005322397413,0.0004676926192580533
157d3b777d315364,2021.07.09.15.53.28_veh-38_00184_02293,1.0,2021.07.09.15.53.28_veh-38_00184_02293,1.0,0.0
160b363bd86953af,2021.07.09.15.53.28_veh-38_00184_02293,0.9701840485590121,2021.07.09.15.53.28_veh-38_00184_02293,0.9715560932682816,0.0013720447092695487
166f157b4b935a1e,2021.07.09.15.53.28_veh-38_00184_02293,1.0,2021.07.09.15.53.28_veh-38_00184_02293,1.0,0.0
16a726067f77532d,2021.07.09.15.53.28_veh-38_00184_02293,1.0,2021.07.09.15.53.28_veh-38_00184_02293,1.0,0.0
17184a5491105047,2021.07.09.15.53.28_veh-38_00184_02293,0.9432863785819615,2021.07.09.15.53.28_veh-38_00184_02293,0.9439048777114614,0.0006184991294998499
173ff7e858e65a62,2021.07.09.15.53.28_veh-38_00184_02293,0.875,2021.07.09.15.53.28_veh-38_00184_02293,0.875,0.0
17b43b911252571c,2021.07.09.15.53.28_veh-38_00184_02293,1.0,2021.07.09.15.53.28_veh-38_00184_02293,1.0,0.0
187e7d991c2f5f40,2021.07.09.15.53.28_veh-38_00184_02293,0.75,2021.07.09.15.53.28_veh-38_00184_02293,0.75,0.0
19ab8e323ac35fe4,2021.07.09.15.53.28_veh-38_00184_02293,1.0,2021.07.09.15.53.28_veh-38_00184_02293,1.0,0.0
1a3449b28c115162,2021.07.09.15.53.28_veh-38_00184_02293,0.8386565295757553,2021.07.09.15.53.28_veh-38_00184_02293,0.8391321551760884,0.0004756256003330961
1afe562ad29b5222,2021.07.09.15.53.28_veh-38_00184_02293,0.9882559948671369,2021.07.09.15.53.28_veh-38_00184_02293,0.9886191343177084,0.00036313945057153685
1c773439ca9d5158,2021.07.09.15.53.28_veh-38_00184_02293,1.0,2021.07.09.15.53.28_veh-38_00184_02293,1.0,0.0
1d190091101d5d75,2021.07.09.15.53.28_veh-38_00184_02293,0.9693020470172079,2021.07.09.15.53.28_veh-38_00184_02293,0.9696945126882798,0.00039246567107187325
1d5c498a699a59e8,2021.07.09.15.53.28_veh-38_00184_02293,0.9509742571530716,2021.07.09.15.53.28_veh-38_00184_02293,0.9514774638695251,0.0005032067164535414
1d7f9f198e0c57bc,2021.07.09.15.53.28_veh-38_00184_02293,0.9335658639205016,2021.07.09.15.53.28_veh-38_00184_02293,0.9345461329679635,0.0009802690474619569
1f6b057612b05e65,2021.07.09.15.53.28_veh-38_00184_02293,0.9593177216923041,2021.07.09.15.53.28_veh-38_00184_02293,0.9589115230943519,-0.000406198597952212
1f9f230417e15e61,2021.07.09.15.53.28_veh-38_00184_02293,0.9773834577575276,2021.07.09.15.53.28_veh-38_00184_02293,0.9775992275952359,0.00021576983770832392
2086208681525f54,2021.07.09.15.53.28_veh-38_00184_02293,1.0,2021.07.09.15.53.28_veh-38_00184_02293,1.0,0.0
208c2da460fa56a1,2021.07.09.15.53.28_veh-38_00184_02293,1.0,2021.07.09.15.53.28_veh-38_00184_02293,1.0,0.0
20e59db136d85ccd,2021.07.09.15.53.28_veh-38_00184_02293,0.9449907954847834,2021.07.09.15.53.28_veh-38_00184_02293,0.9455546883945274,0.0005638929097440126
2138f8abf5aa5086,2021.07.09.15.53.28_veh-38_00184_02293,0.9740697926502004,2021.07.09.15.53.28_veh-38_00184_02293,0.9750372513456602,0.0009674586954597775
213d831946e758b5,2021.07.09.15.53.28_veh-38_00184_02293,1.0,2021.07.09.15.53.28_veh-38_00184_02293,1.0,0.0
219791f316b25308,2021.07.09.15.53.28_veh-38_00184_02293,0.9495038666847947,2021.07.09.15.53.28_veh-38_00184_02293,0.9503094738629214,0.0008056071781267216
21b0e617e7895ac7,2021.07.09.15.53.28_veh-38_00184_02293,0.9796908890754683,2021.07.09.15.53.28_veh-38_00184_02293,0.9807481378076075,0.0010572487321391932
21c0033d52fd5d2e,2021.07.09.15.53.28_veh-38_00184_02293,0.9690641957107303,2021.07.09.15.53.28_veh-38_00184_02293,0.9694983467325095,0.0004341510217791278
2289e9f520ca5cb5,2021.07.09.15.53.28_veh-38_00184_02293,1.0,2021.07.09.15.53.28_veh-38_00184_02293,1.0,0.0
2326cface78153de,2021.07.09.15.53.28_veh-38_00184_02293,1.0,2021.07.09.15.53.28_veh-38_00184_02293,1.0,0.0
2376051bafd45146,2021.07.09.15.53.28_veh-38_00184_02293,1.0,2021.07.09.15.53.28_veh-38_00184_02293,1.0,0.0
23c7e87c04f759c9,2021.07.09.15.53.28_veh-38_00184_02293,1.0,2021.07.09.15.53.28_veh-38_00184_02293,1.0,0.0
2406f00812785216,2021.07.09.15.53.28_veh-38_00184_02293,0.9884920344301943,2021.07.09.15.53.28_veh-38_00184_02293,0.989787624505623,0.0012955900754286764
243432f80b85567a,2021.07.09.15.53.28_veh-38_00184_02293,1.0,2021.07.09.15.53.28_veh-38_00184_02293,1.0,0.0
24c57bb0eceb546a,2021.07.09.15.53.28_veh-38_00184_02293,1.0,2021.07.09.15.53.28_veh-38_00184_02293,1.0,0.0
24f6ff800c7758e8,2021.07.09.15.53.28_veh-38_00184_02293,1.0,2021.07.09.15.53.28_veh-38_00184_02293,1.0,0.0
2518c058a2765f66,2021.07.09.15.53.28_veh-38_00184_02293,0.9814956196907085,2021.07.09.15.53.28_veh-38_00184_02293,0.9818622749840189,0.0003666552933103695
25b3e3f15fcc5058,2021.07.09.15.53.28_veh-38_00184_02293,1.0,2021.07.09.15.53.28_veh-38_00184_02293,1.0,0.0
263e3ce08f7e5a9e,2021.07.09.15.53.28_veh-38_00184_02293,1.0,2021.07.09.15.53.28_veh-38_00184_02293,1.0,0.0
2660a8dfda2a550d,2021.07.09.15.53.28_veh-38_00184_02293,1.0,2021.07.09.15.53.28_veh-38_00184_02293,1.0,0.0
276846ef566e5945,2021.07.09.15.53.28_veh-38_00184_02293,0.8204840110868199,2021.07.09.15.53.28_veh-38_00184_02293,0.8209367176142615,0.0004527065274415598
27d7adfa2e2d541b,2021.07.09.15.53.28_veh-38_00184_02293,0.9910953585724132,2021.07.09.15.53.28_veh-38_00184_02293,0.9924066410372192,0.0013112824648060517
27df9e405dfa51cf,2021.07.09.15.53.28_veh-38_00184_02293,1.0,2021.07.09.15.53.28_veh-38_00184_02293,1.0,0.0
2836a66135315e7f,2021.07.09.15.53.28_veh-38_00184_02293,1.0,2021.07.09.15.53.28_veh-38_00184_02293,1.0,0.0
293144d2f3ec5131,2021.07.09.15.53.28_veh-38_00184_02293,1.0,2021.07.09.15.53.28_veh-38_00184_02293,1.0,0.0
2962782cdb8e59b1,2021.07.09.15.53.28_veh-38_00184_02293,1.0,2021.07.09.15.53.28_veh-38_00184_02293,1.0,0.0
297c4fe13c4c5640,2021.07.09.15.53.28_veh-38_00184_02293,1.0,2021.07.09.15.53.28_veh-38_00184_02293,1.0,0.0
2999ded848495d55,2021.07.09.15.53.28_veh-38_00184_02293,1.0,2021.07.09.15.53.28_veh-38_00184_02293,1.0,0.0
2add9922dc495e95,2021.07.09.15.53.28_veh-38_00184_02293,0.9347019937256947,2021.07.09.15.53.28_veh-38_00184_02293,0.9351942957980749,0.0004923020723801574
2bade763a35e571a,2021.07.09.15.53.28_veh-38_00184_02293,0.9691506519917521,2021.07.09.15.53.28_veh-38_00184_02293,0.9703674858557577,0.0012168338640056175
2c1db842cc915519,2021.07.09.15.53.28_veh-38_00184_02293,1.0,2021.07.09.15.53.28_veh-38_00184_02293,1.0,0.0
2d903e0fb16154d9,2021.07.09.15.53.28_veh-38_00184_02293,1.0,2021.07.09.15.53.28_veh-38_00184_02293,1.0,0.0
2d9e55899f36514b,2021.07.09.15.53.28_veh-38_00184_02293,1.0,2021.07.09.15.53.28_veh-38_00184_02293,1.0,0.0
2da0a5236af95e03,2021.07.09.15.53.28_veh-38_00184_02293,0.950255922954563,2021.07.09.15.53.28_veh-38_00184_02293,0.9506136274331046,0.000357704478541665
2f096c8bde855396,2021.07.09.15.53.28_veh-38_00184_02293,0.9625645267349501,2021.07.09.15.53.28_veh-38_00184_02293,0.9633651198645944,0.0008005931296443114
2f2535fbdd395025,2021.07.09.15.53.28_veh-38_00184_02293,1.0,2021.07.09.15.53.28_veh-38_00184_02293,1.0,0.0
308b33a531c35c7a,2021.07.09.15.53.28_veh-38_00184_02293,0.9402206721977122,2021.07.09.15.53.28_veh-38_00184_02293,0.9403643413868665,0.00014366918915431626
309d25c4b0535a45,2021.07.09.15.53.28_veh-38_00184_02293,0.0,2021.07.09.15.53.28_veh-38_00184_02293,0.975181797062761,0.975181797062761
313b06564bf854e4,2021.07.09.15.53.28_veh-38_00184_02293,0.875,2021.07.09.15.53.28_veh-38_00184_02293,0.875,0.0
321512a956a25984,2021.07.09.15.53.28_veh-38_00184_02293,0.9435963080355105,2021.07.09.15.53.28_veh-38_00184_02293,0.944325375217484,0.0007290671819735195
34ccd8a9f6eb525f,2021.07.09.15.53.28_veh-38_00184_02293,0.9440488729853027,2021.07.09.15.53.28_veh-38_00184_02293,0.9446472641036083,0.000598391118305619
34d91cf9391650ff,2021.07.09.15.53.28_veh-38_00184_02293,1.0,2021.07.09.15.53.28_veh-38_00184_02293,1.0,0.0
35fa5b32dd805853,2021.07.09.15.53.28_veh-38_00184_02293,0.8978453148821127,2021.07.09.15.53.28_veh-38_00184_02293,0.8979148549309857,6.95400488729403e-05
3670adfe926f58a0,2021.07.09.15.53.28_veh-38_00184_02293,0.7185696475034106,2021.07.09.15.53.28_veh-38_00184_02293,0.7196755382282107,0.0011058907248001626
367be156a8a05da3,2021.07.09.15.53.28_veh-38_00184_02293,0.9818976233151746,2021.07.09.15.53.28_veh-38_00184_02293,0.982634646734827,0.0007370234196524272
36a8cfb3a3f05f1d,2021.07.09.15.53.28_veh-38_00184_02293,0.8576621863400139,2021.07.09.15.53.28_veh-38_00184_02293,0.8587983278224305,0.001136141482416586
3756eb6991b05447,2021.07.09.15.53.28_veh-38_00184_02293,0.75,2021.07.09.15.53.28_veh-38_00184_02293,0.75,0.0
375752a086d35d43,2021.07.09.15.53.28_veh-38_00184_02293,0.9013095834104344,2021.07.09.15.53.28_veh-38_00184_02293,0.9023218967231055,0.0010123133126710426
3898b733bbd9584b,2021.07.09.15.53.28_veh-38_00184_02293,1.0,2021.07.09.15.53.28_veh-38_00184_02293,1.0,0.0
38b30ef31fcf5fa7,2021.07.09.15.53.28_veh-38_00184_02293,0.701551540883207,2021.07.09.15.53.28_veh-38_00184_02293,0.7013847184734616,-0.00016682240974541518
38c5e5d2250f5c35,2021.07.09.15.53.28_veh-38_00184_02293,0.9405954558233813,2021.07.09.15.53.28_veh-38_00184_02293,0.9417848339641632,0.0011893781407819048
38fd20139a7c5e3b,2021.07.09.15.53.28_veh-38_00184_02293,0.824887242423484,2021.07.09.15.53.28_veh-38_00184_02293,0.8251747061129371,0.00028746368945309353
391be454a99b54ff,2021.07.09.15.53.28_veh-38_00184_02293,0.9156724472852209,2021.07.09.15.53.28_veh-38_00184_02293,0.9162790352392225,0.0006065879540015917
39940790a4e65d88,2021.07.09.15.53.28_veh-38_00184_02293,0.9755049794297489,2021.07.09.15.53.28_veh-38_00184_02293,0.9783306236692615,0.0028256442395125925
39b992f840615959,2021.07.09.15.53.28_veh-38_00184_02293,1.0,2021.07.09.15.53.28_veh-38_00184_02293,1.0,0.0
39c553550c3a5111,2021.07.09.15.53.28_veh-38_00184_02293,0.9699410358813128,2021.07.09.15.53.28_veh-38_00184_02293,0.9703792437480181,0.0004382078667053424
3cabdd7617765132,2021.07.09.15.53.28_veh-38_00184_02293,0.9783081390603975,2021.07.09.15.53.28_veh-38_00184_02293,0.9786053731520938,0.0002972340916963523
3d1c606df74c5140,2021.07.09.15.53.28_veh-38_00184_02293,1.0,2021.07.09.15.53.28_veh-38_00184_02293,1.0,0.0
3d2dfc0d66f65d40,2021.07.09.15.53.28_veh-38_00184_02293,1.0,2021.07.09.15.53.28_veh-38_00184_02293,1.0,0.0
3d9a843bb43355c8,2021.07.09.15.53.28_veh-38_00184_02293,1.0,2021.07.09.15.53.28_veh-38_00184_02293,1.0,0.0
3dee1555ce6f55fb,2021.07.09.15.53.28_veh-38_00184_02293,0.973791150857706,2021.07.09.15.53.28_veh-38_00184_02293,0.9747389810558041,0.0009478301980981874
3df10ba27fc150ed,2021.07.09.15.53.28_veh-38_00184_02293,1.0,2021.07.09.15.53.28_veh-38_00184_02293,1.0,0.0
3e0257f56dbc5db0,2021.07.09.15.53.28_veh-38_00184_02293,1.0,2021.07.09.15.53.28_veh-38_00184_02293,1.0,0.0
3e34460024d45739,2021.07.09.15.53.28_veh-38_00184_02293,0.9806150478923975,2021.07.09.15.53.28_veh-38_00184_02293,0.9814610975364438,0.0008460496440463317
3e9b3b4c0fa85ceb,2021.07.09.15.53.28_veh-38_00184_02293,0.9726527484523151,2021.07.09.15.53.28_veh-38_00184_02293,0.9744928745051427,0.0018401260528275731
3ea3416c97095653,2021.07.09.15.53.28_veh-38_00184_02293,1.0,2021.07.09.15.53.28_veh-38_00184_02293,1.0,0.0
3eca216626d256b3,2021.07.09.15.53.28_veh-38_00184_02293,1.0,2021.07.09.15.53.28_veh-38_00184_02293,1.0,0.0
3f19c7116880578a,2021.07.09.15.53.28_veh-38_00184_02293,1.0,2021.07.09.15.53.28_veh-38_00184_02293,1.0,0.0
3fdb06fa757c5bc4,2021.07.09.15.53.28_veh-38_00184_02293,1.0,2021.07.09.15.53.28_veh-38_00184_02293,1.0,0.0
403a5dbfac5e5dc0,2021.07.09.15.53.28_veh-38_00184_02293,0.9646619644127693,2021.07.09.15.53.28_veh-38_00184_02293,0.9661685015908443,0.0015065371780750292
40f9eae0b93e5fa4,2021.07.09.15.53.28_veh-38_00184_02293,0.931061331099371,2021.07.09.15.53.28_veh-38_00184_02293,0.9316450403600194,0.0005837092606484351
41c88af990a15d28,2021.07.09.15.53.28_veh-38_00184_02293,0.9764689657465808,2021.07.09.15.53.28_veh-38_00184_02293,0.9766976545400186,0.00022868879343773685
426ed461133659f6,2021.07.09.15.53.28_veh-38_00184_02293,1.0,2021.07.09.15.53.28_veh-38_00184_02293,1.0,0.0
430e3153311b5792,2021.07.09.15.53.28_veh-38_00184_02293,1.0,2021.07.09.15.53.28_veh-38_00184_02293,1.0,0.0
43780b9368175ad1,2021.07.09.15.53.28_veh-38_00184_02293,0.875,2021.07.09.15.53.28_veh-38_00184_02293,0.875,0.0
450824ec3ef35679,2021.07.09.15.53.28_veh-38_00184_02293,0.9283176516909273,2021.07.09.15.53.28_veh-38_00184_02293,0.9301184663392704,0.0018008146483431409
451778af83945a84,2021.07.09.15.53.28_veh-38_00184_02293,1.0,2021.07.09.15.53.28_veh-38_00184_02293,1.0,0.0
4531dcdda8b55e7e,2021.07.09.15.53.28_veh-38_00184_02293,1.0,2021.07.09.15.53.28_veh-38_00184_02293,1.0,0.0
454730f7ec7a53d5,2021.07.09.15.53.28_veh-38_00184_02293,1.0,2021.07.09.15.53.28_veh-38_00184_02293,1.0,0.0
455a180c084a5fe3,2021.07.09.15.53.28_veh-38_00184_02293,1.0,2021.07.09.15.53.28_veh-38_00184_02293,1.0,0.0
4654d4efac165b55,2021.07.09.15.53.28_veh-38_00184_02293,0.9892542835193265,2021.07.09.15.53.28_veh-38_00184_02293,0.9899615510955941,0.0007072675762676006
46f4df809f995260,2021.07.09.15.53.28_veh-38_00184_02293,1.0,2021.07.09.15.53.28_veh-38_00184_02293,1.0,0.0
4761f5676fad5760,2021.07.09.15.53.28_veh-38_00184_02293,0.933487068239118,2021.07.09.15.53.28_veh-38_00184_02293,0.9343904784046704,0.0009034101655523985
4800b224fabb56f2,2021.07.09.15.53.28_veh-38_00184_02293,0.9280954286254326,2021.07.09.15.53.28_veh-38_00184_02293,0.928883927764892,0.0007884991394594421
48e72666aed858f6,2021.07.09.15.53.28_veh-38_00184_02293,1.0,2021.07.09.15.53.28_veh-38_00184_02293,1.0,0.0
49de524392295e5e,2021.07.09.15.53.28_veh-38_00184_02293,1.0,2021.07.09.15.53.28_veh-38_00184_02293,1.0,0.0
4a0f91eff7365a83,2021.07.09.15.53.28_veh-38_00184_02293,0.9804486723995175,2021.07.09.15.53.28_veh-38_00184_02293,0.9810773346058159,0.0006286622062984248
4b5083dbc8205fd4,2021.07.09.15.53.28_veh-38_00184_02293,0.9769989945583057,2021.07.09.15.53.28_veh-38_00184_02293,0.9774959443880107,0.0004969498297049402
4bc9550363e85b1a,2021.07.09.15.53.28_veh-38_00184_02293,1.0,2021.07.09.15.53.28_veh-38_00184_02293,1.0,0.0
4c93ba429cab5645,2021.07.09.15.53.28_veh-38_00184_02293,0.9782649022228505,2021.07.09.15.53.28_veh-38_00184_02293,0.9801948202684978,0.0019299180456473497
4d0eb0b583f853ff,2021.07.09.15.53.28_veh-38_00184_02293,0.9158583747524425,2021.07.09.15.53.28_veh-38_00184_02293,0.9170650479019509,0.001206673149508397
4d134b35adf65ce9,2021.07.09.15.53.28_veh-38_00184_02293,0.9751733652451775,2021.07.09.15.53.28_veh-38_00184_02293,0.9757825165391397,0.0006091512939622179
4d3bbcab2f7e5b9c,2021.07.09.15.53.28_veh-38_00184_02293,1.0,2021.07.09.15.53.28_veh-38_00184_02293,1.0,0.0
4e6d17912b905e9e,2021.07.09.15.53.28_veh-38_00184_02293,0.9880829424754984,2021.07.09.15.53.28_veh-38_00184_02293,0.9889613815111444,0.0008784390356459948
4f1bb67e8f4356a0,2021.07.09.15.53.28_veh-38_00184_02293,0.9817037456180684,2021.07.09.15.53.28_veh-38_00184_02293,0.9820960275577157,0.00039228193964735425
4f733785b3b35f8a,2021.07.09.15.53.28_veh-38_00184_02293,0.6947357315329646,2021.07.09.15.53.28_veh-38_00184_02293,0.6957419061891592,0.0010061746561945695
4f8295d76d505277,2021.07.09.15.53.28_veh-38_00184_02293,0.9230933621833638,2021.07.09.15.53.28_veh-38_00184_02293,0.9240383956220322,0.0009450334386683634
4f9307fe01455d95,2021.07.09.15.53.28_veh-38_00184_02293,0.8733152000106748,2021.07.09.15.53.28_veh-38_00184_02293,0.8742471398021118,0.0009319397914370198
4fa81c07c7d75515,2021.07.09.15.53.28_veh-38_00184_02293,0.75,2021.07.09.15.53.28_veh-38_00184_02293,0.75,0.0
505332fa85dc5953,2021.07.09.15.53.28_veh-38_00184_02293,0.875,2021.07.09.15.53.28_veh-38_00184_02293,0.875,0.0
50a4d68137ac5d01,2021.07.09.15.53.28_veh-38_00184_02293,1.0,2021.07.09.15.53.28_veh-38_00184_02293,1.0,0.0
512f45f4f0ab5a1b,2021.07.09.15.53.28_veh-38_00184_02293,1.0,2021.07.09.15.53.28_veh-38_00184_02293,1.0,0.0
5185fdb2837d502b,2021.07.09.15.53.28_veh-38_00184_02293,0.9736125093132948,2021.07.09.15.53.28_veh-38_00184_02293,0.9744536900336052,0.0008411807203103638
5280d017318c5f4f,2021.07.09.15.53.28_veh-38_00184_02293,1.0,2021.07.09.15.53.28_veh-38_00184_02293,1.0,0.0
5328c67f17ae5e3e,2021.07.09.15.53.28_veh-38_00184_02293,0.9542340858040439,2021.07.09.15.53.28_veh-38_00184_02293,0.9547138716407586,0.00047978583671470787
537866cb077d586d,2021.07.09.15.53.28_veh-38_00184_02293,1.0,2021.07.09.15.53.28_veh-38_00184_02293,1.0,0.0
53947195964b5ddc,2021.07.09.15.53.28_veh-38_00184_02293,1.0,2021.07.09.15.53.28_veh-38_00184_02293,1.0,0.0
539519a77270528a,2021.07.09.15.53.28_veh-38_00184_02293,1.0,2021.07.09.15.53.28_veh-38_00184_02293,1.0,0.0
54631ddbf6855a9a,2021.07.09.15.53.28_veh-38_00184_02293,1.0,2021.07.09.15.53.28_veh-38_00184_02293,1.0,0.0
54cabf997c2e54ec,2021.07.09.15.53.28_veh-38_00184_02293,0.964153577642485,2021.07.09.15.53.28_veh-38_00184_02293,0.9648816410472661,0.0007280634047811541
550c71438a10581d,2021.07.09.15.53.28_veh-38_00184_02293,1.0,2021.07.09.15.53.28_veh-38_00184_02293,1.0,0.0
55a358158723559c,2021.07.09.15.53.28_veh-38_00184_02293,1.0,2021.07.09.15.53.28_veh-38_00184_02293,1.0,0.0
55c60c81e14e5d94,2021.07.09.15.53.28_veh-38_00184_02293,1.0,2021.07.09.15.53.28_veh-38_00184_02293,1.0,0.0
562fcb37e4e05697,2021.07.09.15.53.28_veh-38_00184_02293,1.0,2021.07.09.15.53.28_veh-38_00184_02293,1.0,0.0
5648007488815d22,2021.07.09.15.53.28_veh-38_00184_02293,1.0,2021.07.09.15.53.28_veh-38_00184_02293,1.0,0.0
56951c953e93531f,2021.07.09.15.53.28_veh-38_00184_02293,0.9609194426875112,2021.07.09.15.53.28_veh-38_00184_02293,0.9621011121207557,0.0011816694332444921
56955c6aafab5e58,2021.07.09.15.53.28_veh-38_00184_02293,0.8126263308863342,2021.07.09.15.53.28_veh-38_00184_02293,0.8131910612426565,0.0005647303563223183
5727f0aed1fa5000,2021.07.09.15.53.28_veh-38_00184_02293,1.0,2021.07.09.15.53.28_veh-38_00184_02293,1.0,0.0
572befcf57675103,2021.07.09.15.53.28_veh-38_00184_02293,0.9803679898632361,2021.07.09.15.53.28_veh-38_00184_02293,0.9813324131422979,0.0009644232790617657
577dd51dad5c513c,2021.07.09.15.53.28_veh-38_00184_02293,1.0,2021.07.09.15.53.28_veh-38_00184_02293,1.0,0.0
583d770feb1f50e6,2021.07.09.15.53.28_veh-38_00184_02293,1.0,2021.07.09.15.53.28_veh-38_00184_02293,1.0,0.0
58405a1838c55fce,2021.07.09.15.53.28_veh-38_00184_02293,1.0,2021.07.09.15.53.28_veh-38_00184_02293,1.0,0.0
58877588439e5ce1,2021.07.09.15.53.28_veh-38_00184_02293,0.0,2021.07.09.15.53.28_veh-38_00184_02293,0.0,0.0
5911aec9fe745d2a,2021.07.09.15.53.28_veh-38_00184_02293,0.8866260027795365,2021.07.09.15.53.28_veh-38_00184_02293,0.8875840131612545,0.0009580103817179442
59c510d3bccd5105,2021.07.09.15.53.28_veh-38_00184_02293,0.9606734948139353,2021.07.09.15.53.28_veh-38_00184_02293,0.9619000279330325,0.0012265331190972617
5a0d659cee41562b,2021.07.09.15.53.28_veh-38_00184_02293,1.0,2021.07.09.15.53.28_veh-38_00184_02293,1.0,0.0
5afc918b7a185eaa,2021.07.09.15.53.28_veh-38_00184_02293,1.0,2021.07.09.15.53.28_veh-38_00184_02293,1.0,0.0
5b1c2e8998585889,2021.07.09.15.53.28_veh-38_00184_02293,1.0,2021.07.09.15.53.28_veh-38_00184_02293,1.0,0.0
5b31ae74a6235b13,2021.07.09.15.53.28_veh-38_00184_02293,0.978621433766498,2021.07.09.15.53.28_veh-38_00184_02293,0.9801918181401197,0.0015703843736216694
5b8ed32be3d355d2,2021.07.09.15.53.28_veh-38_00184_02293,0.9756385022178449,2021.07.09.15.53.28_veh-38_00184_02293,0.9758057177182482,0.00016721550040332822
5bbe0b33a6375afe,2021.07.09.15.53.28_veh-38_00184_02293,1.0,2021.07.09.15.53.28_veh-38_00184_02293,1.0,0.0
5bdbf4af20945e83,2021.07.09.15.53.28_veh-38_00184_02293,0.9417062325858839,2021.07.09.15.53.28_veh-38_00184_02293,0.9432302531714094,0.0015240205855254763
5be2f48d93925c02,2021.07.09.15.53.28_veh-38_00184_02293,0.9175436532605119,2021.07.09.15.53.28_veh-38_00184_02293,0.9176757216735363,0.00013206841302437766
5d0b6e2c0cad53ce,2021.07.09.15.53.28_veh-38_00184_02293,0.8829734760654229,2021.07.09.15.53.28_veh-38_00184_02293,0.8841442725673714,0.0011707965019485123
5d95e24db2fa5ada,2021.07.09.15.53.28_veh-38_00184_02293,1.0,2021.07.09.15.53.28_veh-38_00184_02293,1.0,0.0
5eea58c0ed9d5b4d,2021.07.09.15.53.28_veh-38_00184_02293,1.0,2021.07.09.15.53.28_veh-38_00184_02293,1.0,0.0
5f2e24464be0511a,2021.07.09.15.53.28_veh-38_00184_02293,0.9805590705870242,2021.07.09.15.53.28_veh-38_00184_02293,0.9808092785280391,0.00025020794101493493
5f5d82af40575c3a,2021.07.09.15.53.28_veh-38_00184_02293,1.0,2021.07.09.15.53.28_veh-38_00184_02293,1.0,0.0
5f9d781b4e0a5e25,2021.07.09.15.53.28_veh-38_00184_02293,1.0,2021.07.09.15.53.28_veh-38_00184_02293,1.0,0.0
5fbbd408b7395036,2021.07.09.15.53.28_veh-38_00184_02293,1.0,2021.07.09.15.53.28_veh-38_00184_02293,1.0,0.0
606628cc32715abd,2021.07.09.15.53.28_veh-38_00184_02293,1.0,2021.07.09.15.53.28_veh-38_00184_02293,1.0,0.0
60966830452a5fdb,2021.07.09.15.53.28_veh-38_00184_02293,1.0,2021.07.09.15.53.28_veh-38_00184_02293,1.0,0.0
60c8ea16ac0c5d80,2021.07.09.15.53.28_veh-38_00184_02293,1.0,2021.07.09.15.53.28_veh-38_00184_02293,1.0,0.0
60d83af8e3ec5296,2021.07.09.15.53.28_veh-38_00184_02293,0.9981516178474781,2021.07.09.15.53.28_veh-38_00184_02293,0.997949922664641,-0.00020169518283708054
615150631a0d5359,2021.07.09.15.53.28_veh-38_00184_02293,0.9688184717199378,2021.07.09.15.53.28_veh-38_00184_02293,0.9694728380944129,0.0006543663744750239
61b475b0e8de50d4,2021.07.09.15.53.28_veh-38_00184_02293,0.9511738805730193,2021.07.09.15.53.28_veh-38_00184_02293,0.9517090194795639,0.0005351389065445522
61ec98105b6454d1,2021.07.09.15.53.28_veh-38_00184_02293,0.8726536625520017,2021.07.09.15.53.28_veh-38_00184_02293,0.8730509619744276,0.00039729942242583416
62292b644c765f2d,2021.07.09.15.53.28_veh-38_00184_02293,0.9137967556529235,2021.07.09.15.53.28_veh-38_00184_02293,0.913985864591872,0.00018910893894852343
62eeaae653ad58c0,2021.07.09.15.53.28_veh-38_00184_02293,1.0,2021.07.09.15.53.28_veh-38_00184_02293,1.0,0.0
63e276d858f35dc0,2021.07.09.15.53.28_veh-38_00184_02293,0.9767625379920956,2021.07.09.15.53.28_veh-38_00184_02293,0.977964687629836,0.0012021496377404572
644b320b4ec559de,2021.07.09.15.53.28_veh-38_00184_02293,1.0,2021.07.09.15.53.28_veh-38_00184_02293,1.0,0.0
6524dc3754d95750,2021.07.09.15.53.28_veh-38_00184_02293,0.9568604644527122,2021.07.09.15.53.28_veh-38_00184_02293,0.9569949137740489,0.00013444932133666043
65cf5ab5da625c92,2021.07.09.15.53.28_veh-38_00184_02293,1.0,2021.07.09.15.53.28_veh-38_00184_02293,1.0,0.0
65dfcaf9f5ae5544,2021.07.09.15.53.28_veh-38_00184_02293,0.8208975270848252,2021.07.09.15.53.28_veh-38_00184_02293,0.821585995152599,0.0006884680677737842
6639e46adc8a5387,2021.07.09.15.53.28_veh-38_00184_02293,1.0,2021.07.09.15.53.28_veh-38_00184_02293,1.0,0.0
685b63993c6750d7,2021.07.09.15.53.28_veh-38_00184_02293,1.0,2021.07.09.15.53.28_veh-38_00184_02293,1.0,0.0
68d4c704a0fc5cb7,2021.07.09.15.53.28_veh-38_00184_02293,1.0,2021.07.09.15.53.28_veh-38_00184_02293,1.0,0.0
68d60fd55b6b5436,2021.07.09.15.53.28_veh-38_00184_02293,0.9411120887177891,2021.07.09.15.53.28_veh-38_00184_02293,0.942006418880863,0.000894330163073942
6967bd153dd859aa,2021.07.09.15.53.28_veh-38_00184_02293,0.9973940310440509,2021.07.09.15.53.28_veh-38_00184_02293,0.9979845629159321,0.0005905318718811836
6985bce9bf3f5165,2021.07.09.15.53.28_veh-38_00184_02293,1.0,2021.07.09.15.53.28_veh-38_00184_02293,1.0,0.0
69942d2c55045583,2021.07.09.15.53.28_veh-38_00184_02293,1.0,2021.07.09.15.53.28_veh-38_00184_02293,1.0,0.0
69dc5b99e8495527,2021.07.09.15.53.28_veh-38_00184_02293,0.9745385690948144,2021.07.09.15.53.28_veh-38_00184_02293,0.9754241784369151,0.0008856093421006905
6a2c8800bace516a,2021.07.09.15.53.28_veh-38_00184_02293,0.9655135696316623,2021.07.09.15.53.28_veh-38_00184_02293,0.9658218929388636,0.00030832330720120815
6aaddfb6748e5902,2021.07.09.15.53.28_veh-38_00184_02293,1.0,2021.07.09.15.53.28_veh-38_00184_02293,1.0,0.0
6b0342e0299e53b5,2021.07.09.15.53.28_veh-38_00184_02293,1.0,2021.07.09.15.53.28_veh-38_00184_02293,1.0,0.0
6b0d235a84a556ac,2021.07.09.15.53.28_veh-38_00184_02293,0.9485523781250685,2021.07.09.15.53.28_veh-38_00184_02293,0.9496753901573209,0.0011230120322524018
6c14868b34cd5cbf,2021.07.09.15.53.28_veh-38_00184_02293,1.0,2021.07.09.15.53.28_veh-38_00184_02293,1.0,0.0
6c4e378311d55950,2021.07.09.15.53.28_veh-38_00184_02293,0.9666943328813651,2021.07.09.15.53.28_veh-38_00184_02293,0.9674539246224536,0.0007595917410885278
6d041be110a95545,2021.07.09.15.53.28_veh-38_00184_02293,1.0,2021.07.09.15.53.28_veh-38_00184_02293,1.0,0.0
6d44fd636c0953ad,2021.07.09.15.53.28_veh-38_00184_02293,1.0,2021.07.09.15.53.28_veh-38_00184_02293,1.0,0.0
6d8cdad401125079,2021.07.09.15.53.28_veh-38_00184_02293,0.9594641878385524,2021.07.09.15.53.28_veh-38_00184_02293,0.9601028563636365,0.0006386685250840962
6db0c73631c555b0,2021.07.09.15.53.28_veh-38_00184_02293,0.984163727981245,2021.07.09.15.53.28_veh-38_00184_02293,0.984665972729345,0.0005022447481000114
6dc4975ee9915cb2,2021.07.09.15.53.28_veh-38_00184_02293,1.0,2021.07.09.15.53.28_veh-38_00184_02293,1.0,0.0
6dee7c049737527b,2021.07.09.15.53.28_veh-38_00184_02293,0.8114381743272714,2021.07.09.15.53.28_veh-38_00184_02293,0.8114381743272714,0.0
6e52df2cd43c5bca,2021.07.09.15.53.28_veh-38_00184_02293,1.0,2021.07.09.15.53.28_veh-38_00184_02293,1.0,0.0
6e8c5b6b0aaf5f6d,2021.07.09.15.53.28_veh-38_00184_02293,1.0,2021.07.09.15.53.28_veh-38_00184_02293,1.0,0.0
6f2d8e1d48865f32,2021.07.09.15.53.28_veh-38_00184_02293,0.9151221455550113,2021.07.09.15.53.28_veh-38_00184_02293,0.9155530538762227,0.00043090832121139844
6f4f64fd1b145598,2021.07.09.15.53.28_veh-38_00184_02293,0.865468749142401,2021.07.09.15.53.28_veh-38_00184_02293,0.8662580135816288,0.000789264439227777
6fdf0151dd905608,2021.07.09.15.53.28_veh-38_00184_02293,1.0,2021.07.09.15.53.28_veh-38_00184_02293,1.0,0.0
6fe8c6e82de65156,2021.07.09.15.53.28_veh-38_00184_02293,1.0,2021.07.09.15.53.28_veh-38_00184_02293,1.0,0.0
701c62d42cdf5cfa,2021.07.09.15.53.28_veh-38_00184_02293,1.0,2021.07.09.15.53.28_veh-38_00184_02293,1.0,0.0
7221a77c5d955445,2021.07.09.15.53.28_veh-38_00184_02293,1.0,2021.07.09.15.53.28_veh-38_00184_02293,1.0,0.0
723350e0feb75963,2021.07.09.15.53.28_veh-38_00184_02293,0.875,2021.07.09.15.53.28_veh-38_00184_02293,0.875,0.0
7293733a32625ec6,2021.07.09.15.53.28_veh-38_00184_02293,1.0,2021.07.09.15.53.28_veh-38_00184_02293,1.0,0.0
73197a1a03715a15,2021.07.09.15.53.28_veh-38_00184_02293,1.0,2021.07.09.15.53.28_veh-38_00184_02293,1.0,0.0
73aa5ff963e656f6,2021.07.09.15.53.28_veh-38_00184_02293,1.0,2021.07.09.15.53.28_veh-38_00184_02293,1.0,0.0
73d1214a1454592d,2021.07.09.15.53.28_veh-38_00184_02293,0.981618139909443,2021.07.09.15.53.28_veh-38_00184_02293,0.982212773545851,0.0005946336364079929
74e93b471c195803,2021.07.09.15.53.28_veh-38_00184_02293,1.0,2021.07.09.15.53.28_veh-38_00184_02293,1.0,0.0
74ff8f6a618a5f9b,2021.07.09.15.53.28_veh-38_00184_02293,0.75,2021.07.09.15.53.28_veh-38_00184_02293,0.75,0.0
7500c2c37cbb5228,2021.07.09.15.53.28_veh-38_00184_02293,1.0,2021.07.09.15.53.28_veh-38_00184_02293,1.0,0.0
758251c429055016,2021.07.09.15.53.28_veh-38_00184_02293,1.0,2021.07.09.15.53.28_veh-38_00184_02293,1.0,0.0
75bbe59a5d305a53,2021.07.09.15.53.28_veh-38_00184_02293,1.0,2021.07.09.15.53.28_veh-38_00184_02293,1.0,0.0
75eb624e2c925f13,2021.07.09.15.53.28_veh-38_00184_02293,1.0,2021.07.09.15.53.28_veh-38_00184_02293,1.0,0.0
763904a315b357a8,2021.07.09.15.53.28_veh-38_00184_02293,0.965626900211746,2021.07.09.15.53.28_veh-38_00184_02293,0.9662461866355349,0.000619286423788834
7729a0ce4e7e5c40,2021.07.09.15.53.28_veh-38_00184_02293,1.0,2021.07.09.15.53.28_veh-38_00184_02293,1.0,0.0
7738bbe3ec2b5787,2021.07.09.15.53.28_veh-38_00184_02293,1.0,2021.07.09.15.53.28_veh-38_00184_02293,1.0,0.0
78f97b6c3427524b,2021.07.09.15.53.28_veh-38_00184_02293,1.0,2021.07.09.15.53.28_veh-38_00184_02293,1.0,0.0
7948de3a2d2a55ef,2021.07.09.15.53.28_veh-38_00184_02293,0.75,2021.07.09.15.53.28_veh-38_00184_02293,0.75,0.0
798e9edbcfd65aa8,2021.07.09.15.53.28_veh-38_00184_02293,0.9664924036560294,2021.07.09.15.53.28_veh-38_00184_02293,0.9673659551521119,0.0008735514960824808
79a0bda4d6df5e2a,2021.07.09.15.53.28_veh-38_00184_02293,0.7950613488019295,2021.07.09.15.53.28_veh-38_00184_02293,0.7952566706997002,0.00019532189777071718
7a02eea9dbd0517b,2021.07.09.15.53.28_veh-38_00184_02293,1.0,2021.07.09.15.53.28_veh-38_00184_02293,1.0,0.0
7a430a9945055acd,2021.07.09.15.53.28_veh-38_00184_02293,0.9792273253460502,2021.07.09.15.53.28_veh-38_00184_02293,0.9794477818198154,0.00022045647376522925
7a569fbddc2e53ed,2021.07.09.15.53.28_veh-38_00184_02293,1.0,2021.07.09.15.53.28_veh-38_00184_02293,1.0,0.0
7b3a98e80f525533,2021.07.09.15.53.28_veh-38_00184_02293,1.0,2021.07.09.15.53.28_veh-38_00184_02293,1.0,0.0
7b7c4d1e5ec95f17,2021.07.09.15.53.28_veh-38_00184_02293,1.0,2021.07.09.15.53.28_veh-38_00184_02293,1.0,0.0
7b81b7c982e35adc,2021.07.09.15.53.28_veh-38_00184_02293,0.9606106804748076,2021.07.09.15.53.28_veh-38_00184_02293,0.9614023804820969,0.0007917000072893421
7cd693b8880c55b6,2021.07.09.15.53.28_veh-38_00184_02293,0.987105169770399,2021.07.09.15.53.28_veh-38_00184_02293,0.9878956385205391,0.0007904687501401053
7cfc59f9673752c1,2021.07.09.15.53.28_veh-38_00184_02293,0.9276770083069648,2021.07.09.15.53.28_veh-38_00184_02293,0.9280887032775414,0.0004116949705766926
7d18e654da9b5ecf,2021.07.09.15.53.28_veh-38_00184_02293,0.9765826365943029,2021.07.09.15.53.28_veh-38_00184_02293,0.9770447182824604,0.00046208168815753403
7da65eef431c5831,2021.07.09.15.53.28_veh-38_00184_02293,0.9226914520600105,2021.07.09.15.53.28_veh-38_00184_02293,0.9229194642707007,0.0002280122106902427
7dadf9fcee2e587d,2021.07.09.15.53.28_veh-38_00184_02293,0.8492915217675758,2021.07.09.15.53.28_veh-38_00184_02293,0.8503945248892756,0.0011030031216997527
7e11df067a735f04,2021.07.09.15.53.28_veh-38_00184_02293,1.0,2021.07.09.15.53.28_veh-38_00184_02293,1.0,0.0
7e58a63ae5da5a38,2021.07.09.15.53.28_veh-38_00184_02293,1.0,2021.07.09.15.53.28_veh-38_00184_02293,1.0,0.0
7e64dd02b985526f,2021.07.09.15.53.28_veh-38_00184_02293,0.993554171686285,2021.07.09.15.53.28_veh-38_00184_02293,0.9939685728559171,0.00041440116963209483
7fe5d84bbda651fd,2021.07.09.15.53.28_veh-38_00184_02293,0.983025038694135,2021.07.09.15.53.28_veh-38_00184_02293,0.9835110058890953,0.0004859671949603017
80538e78e0805e93,2021.07.09.15.53.28_veh-38_00184_02293,0.9270699334742423,2021.07.09.15.53.28_veh-38_00184_02293,0.927438598619072,0.00036866514482969404
80c1301aa1ca5378,2021.07.09.15.53.28_veh-38_00184_02293,0.9622426311915205,2021.07.09.15.53.28_veh-38_00184_02293,0.9630040369918672,0.0007614058003466706
824fe1c7968256ab,2021.07.09.15.53.28_veh-38_00184_02293,0.8270616559620186,2021.07.09.15.53.28_veh-38_00184_02293,0.8281900256813521,0.0011283697193334996
83a393796b2e57df,2021.07.09.15.53.28_veh-38_00184_02293,0.9787303752882532,2021.07.09.15.53.28_veh-38_00184_02293,0.9792028048845252,0.00047242959627191716
8469b20e06015317,2021.07.09.15.53.28_veh-38_00184_02293,0.95225682210081,2021.07.09.15.53.28_veh-38_00184_02293,0.9535736654050879,0.0013168433042779482
84ec0e32bbf45061,2021.07.09.15.53.28_veh-38_00184_02293,0.921182469825546,2021.07.09.15.53.28_veh-38_00184_02293,0.9229432640986737,0.001760794273127697
85b84f9120225591,2021.07.09.15.53.28_veh-38_00184_02293,0.8579306479853338,2021.07.09.15.53.28_veh-38_00184_02293,0.8590747633428544,0.0011441153575205698
860685d975df5da5,2021.07.09.15.53.28_veh-38_00184_02293,0.9841828687791633,2021.07.09.15.53.28_veh-38_00184_02293,0.9846904630134968,0.0005075942343335527
878debfff51656dc,2021.07.09.15.53.28_veh-38_00184_02293,1.0,2021.07.09.15.53.28_veh-38_00184_02293,1.0,0.0
87c88239e2ae5b90,2021.07.09.15.53.28_veh-38_00184_02293,0.8518365177993978,2021.07.09.15.53.28_veh-38_00184_02293,0.8530246433928851,0.0011881255934872437
8925d842a3f0501e,2021.07.09.15.53.28_veh-38_00184_02293,1.0,2021.07.09.15.53.28_veh-38_00184_02293,1.0,0.0
8ad9a07afc6b5ccc,2021.07.09.15.53.28_veh-38_00184_02293,0.8789915612728796,2021.07.09.15.53.28_veh-38_00184_02293,0.8801482067257138,0.0011566454528342263
8c1374efdf3c5f3c,2021.07.09.15.53.28_veh-38_00184_02293,1.0,2021.07.09.15.53.28_veh-38_00184_02293,1.0,0.0
8c58465a17645b77,2021.07.09.15.53.28_veh-38_00184_02293,0.9808397576390909,2021.07.09.15.53.28_veh-38_00184_02293,0.9815573876910078,0.0007176300519168288
8c812c6c4671575c,2021.07.09.15.53.28_veh-38_00184_02293,0.9567120185276861,2021.07.09.15.53.28_veh-38_00184_02293,0.957850008554795,0.0011379900271089038
8d0e261ba1825130,2021.07.09.15.53.28_veh-38_00184_02293,0.75,2021.07.09.15.53.28_veh-38_00184_02293,0.75,0.0
8e2e4e2a5ba95a41,2021.07.09.15.53.28_veh-38_00184_02293,0.0,2021.07.09.15.53.28_veh-38_00184_02293,0.0,0.0
8f847886c0595319,2021.07.09.15.53.28_veh-38_00184_02293,0.9464455865721045,2021.07.09.15.53.28_veh-38_00184_02293,0.9466580920172363,0.00021250544513173875
907f051528025891,2021.07.09.15.53.28_veh-38_00184_02293,1.0,2021.07.09.15.53.28_veh-38_00184_02293,1.0,0.0
9188a3a5aa175e3a,2021.07.09.15.53.28_veh-38_00184_02293,1.0,2021.07.09.15.53.28_veh-38_00184_02293,1.0,0.0
91927f072cb358b9,2021.07.09.15.53.28_veh-38_00184_02293,1.0,2021.07.09.15.53.28_veh-38_00184_02293,1.0,0.0
91b861586e7d53cd,2021.07.09.15.53.28_veh-38_00184_02293,1.0,2021.07.09.15.53.28_veh-38_00184_02293,1.0,0.0
9246f3b315b35838,2021.07.09.15.53.28_veh-38_00184_02293,0.9755621356280875,2021.07.09.15.53.28_veh-38_00184_02293,0.976396171723078,0.0008340360949905534
92c22914fbdf5e29,2021.07.09.15.53.28_veh-38_00184_02293,1.0,2021.07.09.15.53.28_veh-38_00184_02293,1.0,0.0
935628750eb851fa,2021.07.09.15.53.28_veh-38_00184_02293,1.0,2021.07.09.15.53.28_veh-38_00184_02293,1.0,0.0
945dcb42cd645cc2,2021.07.09.15.53.28_veh-38_00184_02293,0.8961915279177012,2021.07.09.15.53.28_veh-38_00184_02293,0.8979872456445172,0.0017957177268159707
94f18102ecb65d3f,2021.07.09.15.53.28_veh-38_00184_02293,0.875,2021.07.09.15.53.28_veh-38_00184_02293,0.875,0.0
95a1611d12f45d32,2021.07.09.15.53.28_veh-38_00184_02293,0.9367415766626888,2021.07.09.15.53.28_veh-38_00184_02293,0.936829806938031,8.823027534221595e-05
95d2c3ac66245fa5,2021.07.09.15.53.28_veh-38_00184_02293,0.875,2021.07.09.15.53.28_veh-38_00184_02293,0.875,0.0
96198b6e9db0567b,2021.07.09.15.53.28_veh-38_00184_02293,0.9061642886121932,2021.07.09.15.53.28_veh-38_00184_02293,0.9075442820503644,0.0013799934381711898
966ede5b9c8559f9,2021.07.09.15.53.28_veh-38_00184_02293,0.8987029467482479,2021.07.09.15.53.28_veh-38_00184_02293,0.8995681373564678,0.000865190608219879
970fa907695456f4,2021.07.09.15.53.28_veh-38_00184_02293,0.9214319109806934,2021.07.09.15.53.28_veh-38_00184_02293,0.9223560999970338,0.0009241890163403932
972df703db945595,2021.07.09.15.53.28_veh-38_00184_02293,0.821602540355943,2021.07.09.15.53.28_veh-38_00184_02293,0.8220475445353757,0.0004450041794326065
9753236c37725562,2021.07.09.15.53.28_veh-38_00184_02293,1.0,2021.07.09.15.53.28_veh-38_00184_02293,1.0,0.0
978bac8b6a965c09,2021.07.09.15.53.28_veh-38_00184_02293,1.0,2021.07.09.15.53.28_veh-38_00184_02293,1.0,0.0
97bbe0832237514d,2021.07.09.15.53.28_veh-38_00184_02293,0.9322660269302449,2021.07.09.15.53.28_veh-38_00184_02293,0.9325103875386017,0.0002443606083568639
98546a6b46d7528e,2021.07.09.15.53.28_veh-38_00184_02293,0.9751372776431019,2021.07.09.15.53.28_veh-38_00184_02293,0.9756070537938076,0.0004697761507057585
987e9ead152a5bef,2021.07.09.15.53.28_veh-38_00184_02293,0.9683378300489558,2021.07.09.15.53.28_veh-38_00184_02293,0.969221361208499,0.0008835311595432049
9953d027249f57fe,2021.07.09.15.53.28_veh-38_00184_02293,1.0,2021.07.09.15.53.28_veh-38_00184_02293,1.0,0.0
9aa65c356bad5da4,2021.07.09.15.53.28_veh-38_00184_02293,0.9700290695076711,2021.07.09.15.53.28_veh-38_00184_02293,0.9703854075096614,0.0003563380019903084
9b4ca000766657b2,2021.07.09.15.53.28_veh-38_00184_02293,0.8168475629235359,2021.07.09.15.53.28_veh-38_00184_02293,0.8174035059295587,0.0005559430060227966
9bcee0d1dd015764,2021.07.09.15.53.28_veh-38_00184_02293,1.0,2021.07.09.15.53.28_veh-38_00184_02293,1.0,0.0
9c2572be2cc259d9,2021.07.09.15.53.28_veh-38_00184_02293,0.9789340014127391,2021.07.09.15.53.28_veh-38_00184_02293,0.9798391300187206,0.0009051286059814645
9c33787bfeda5800,2021.07.09.15.53.28_veh-38_00184_02293,1.0,2021.07.09.15.53.28_veh-38_00184_02293,1.0,0.0
9c792517780b5b7d,2021.07.09.15.53.28_veh-38_00184_02293,0.9763327603611164,2021.07.09.15.53.28_veh-38_00184_02293,0.977491259916437,0.0011584995553206578
9c83725ca24453f5,2021.07.09.15.53.28_veh-38_00184_02293,1.0,2021.07.09.15.53.28_veh-38_00184_02293,1.0,0.0
9c891840338e54d4,2021.07.09.15.53.28_veh-38_00184_02293,0.9309043869712009,2021.07.09.15.53.28_veh-38_00184_02293,0.9315009592785597,0.000596572307358767
9cb25aa118655418,2021.07.09.15.53.28_veh-38_00184_02293,1.0,2021.07.09.15.53.28_veh-38_00184_02293,1.0,0.0
9cc73a8bde335ec2,2021.07.09.15.53.28_veh-38_00184_02293,1.0,2021.07.09.15.53.28_veh-38_00184_02293,1.0,0.0
9d572fd0a3c0584f,2021.07.09.15.53.28_veh-38_00184_02293,0.875,2021.07.09.15.53.28_veh-38_00184_02293,0.875,0.0
9d8f4e67c96b5637,2021.07.09.15.53.28_veh-38_00184_02293,0.9777796874218568,2021.07.09.15.53.28_veh-38_00184_02293,0.9787778123916888,0.0009981249698319816
9db16a5b77095de4,2021.07.09.15.53.28_veh-38_00184_02293,0.8906496154569523,2021.07.09.15.53.28_veh-38_00184_02293,0.8912026712406242,0.0005530557836719296
9e7532e485cc5816,2021.07.09.15.53.28_veh-38_00184_02293,1.0,2021.07.09.15.53.28_veh-38_00184_02293,1.0,0.0
9eac02522d2a5ed3,2021.07.09.15.53.28_veh-38_00184_02293,1.0,2021.07.09.15.53.28_veh-38_00184_02293,1.0,0.0
9f2f87e8c4b558c8,2021.07.09.15.53.28_veh-38_00184_02293,0.9598213087950593,2021.07.09.15.53.28_veh-38_00184_02293,0.9605713889893253,0.000750080194265923
9f40f3d09a0c5024,2021.07.09.15.53.28_veh-38_00184_02293,0.986691167635273,2021.07.09.15.53.28_veh-38_00184_02293,0.9874935822948249,0.0008024146595518866
9f56c42b0c4b552c,2021.07.09.15.53.28_veh-38_00184_02293,0.9622487603188121,2021.07.09.15.53.28_veh-38_00184_02293,0.9635204866229836,0.0012717263041714943
a0036dbb7dd9522a,2021.07.09.15.53.28_veh-38_00184_02293,1.0,2021.07.09.15.53.28_veh-38_00184_02293,1.0,0.0
a075a523b64550e9,2021.07.09.15.53.28_veh-38_00184_02293,0.8625169390675951,2021.07.09.15.53.28_veh-38_00184_02293,0.8636215286272484,0.0011045895596533128
a094176b58375800,2021.07.09.15.53.28_veh-38_00184_02293,1.0,2021.07.09.15.53.28_veh-38_00184_02293,1.0,0.0
a0c05b04e8fc5d85,2021.07.09.15.53.28_veh-38_00184_02293,1.0,2021.07.09.15.53.28_veh-38_00184_02293,1.0,0.0
a156a990d01f5a38,2021.07.09.15.53.28_veh-38_00184_02293,1.0,2021.07.09.15.53.28_veh-38_00184_02293,1.0,0.0
a173aec70e58581c,2021.07.09.15.53.28_veh-38_00184_02293,1.0,2021.07.09.15.53.28_veh-38_00184_02293,1.0,0.0
a1b196339e23508b,2021.07.09.15.53.28_veh-38_00184_02293,0.9119261450423111,2021.07.09.15.53.28_veh-38_00184_02293,0.9129237642611068,0.000997619218795709
a1c0bc234f6b509d,2021.07.09.15.53.28_veh-38_00184_02293,0.9511002356100334,2021.07.09.15.53.28_veh-38_00184_02293,0.9516376351697298,0.0005373995596963388
a29d4b0957d45457,2021.07.09.15.53.28_veh-38_00184_02293,1.0,2021.07.09.15.53.28_veh-38_00184_02293,1.0,0.0
a3648b6dd505564f,2021.07.09.15.53.28_veh-38_00184_02293,1.0,2021.07.09.15.53.28_veh-38_00184_02293,1.0,0.0
a3b1fb4905615ee0,2021.07.09.15.53.28_veh-38_00184_02293,0.0,2021.07.09.15.53.28_veh-38_00184_02293,0.0,0.0
a3ef1c88095a59da,2021.07.09.15.53.28_veh-38_00184_02293,0.8964340621351353,2021.07.09.15.53.28_veh-38_00184_02293,0.8969707115251491,0.0005366493900137437
a4ba975c32c95388,2021.07.09.15.53.28_veh-38_00184_02293,0.9863138163522148,2021.07.09.15.53.28_veh-38_00184_02293,0.986601007350848,0.0002871909986331689
a501f397b8045aed,2021.07.09.15.53.28_veh-38_00184_02293,0.9892994626324091,2021.07.09.15.53.28_veh-38_00184_02293,0.9898869282497627,0.0005874656173535664
a572a36643565d2d,2021.07.09.15.53.28_veh-38_00184_02293,1.0,2021.07.09.15.53.28_veh-38_00184_02293,1.0,0.0
a5bdf8f9621d585c,2021.07.09.15.53.28_veh-38_00184_02293,1.0,2021.07.09.15.53.28_veh-38_00184_02293,1.0,0.0
a5d0fdeecf745214,2021.07.09.15.53.28_veh-38_00184_02293,0.875,2021.07.09.15.53.28_veh-38_00184_02293,0.875,0.0
a5fc68e13b4c5653,2021.07.09.15.53.28_veh-38_00184_02293,1.0,2021.07.09.15.53.28_veh-38_00184_02293,1.0,0.0
a732670827695579,2021.07.09.15.53.28_veh-38_00184_02293,0.9110896587996452,2021.07.09.15.53.28_veh-38_00184_02293,0.911977058098203,0.000887399298557745
a7bfd664e59f5640,2021.07.09.15.53.28_veh-38_00184_02293,0.9638399489714762,2021.07.09.15.53.28_veh-38_00184_02293,0.9640588119383993,0.0002188629669230835
a7c85687d085540f,2021.07.09.15.53.28_veh-38_00184_02293,0.9652363662536961,2021.07.09.15.53.28_veh-38_00184_02293,0.9657397594619908,0.0005033932082946224
a7f219d0ab395e1b,2021.07.09.15.53.28_veh-38_00184_02293,0.875,2021.07.09.15.53.28_veh-38_00184_02293,0.875,0.0
a85db33ba720554a,2021.07.09.15.53.28_veh-38_00184_02293,1.0,2021.07.09.15.53.28_veh-38_00184_02293,1.0,0.0
a890e898c911575d,2021.07.09.15.53.28_veh-38_00184_02293,1.0,2021.07.09.15.53.28_veh-38_00184_02293,1.0,0.0
a8e97875efab5ff5,2021.07.09.15.53.28_veh-38_00184_02293,0.9379990481213272,2021.07.09.15.53.28_veh-38_00184_02293,0.9386545933770194,0.0006555452556922248
a8efb43e09885372,2021.07.09.15.53.28_veh-38_00184_02293,0.9851463161663125,2021.07.09.15.53.28_veh-38_00184_02293,0.9858049666998798,0.0006586505335672843
a90b5f01478957ee,2021.07.09.15.53.28_veh-38_00184_02293,0.7030630026745932,2021.07.09.15.53.28_veh-38_00184_02293,0.7041259859628702,0.0010629832882770307
a91aee7fb6255053,2021.07.09.15.53.28_veh-38_00184_02293,0.9307799093512611,2021.07.09.15.53.28_veh-38_00184_02293,0.931456301263876,0.0006763919126149265
a9bb657628115cf5,2021.07.09.15.53.28_veh-38_00184_02293,0.9469044804391213,2021.07.09.15.53.28_veh-38_00184_02293,0.9480288672401944,0.001124386801073074
aa917b7bd6795583,2021.07.09.15.53.28_veh-38_00184_02293,0.9921253436240212,2021.07.09.15.53.28_veh-38_00184_02293,0.9927938218967042,0.0006684782726830152
ac0ca24fd2f158b7,2021.07.09.15.53.28_veh-38_00184_02293,1.0,2021.07.09.15.53.28_veh-38_00184_02293,1.0,0.0
acf90c09814b527d,2021.07.09.15.53.28_veh-38_00184_02293,0.9628389085445009,2021.07.09.15.53.28_veh-38_00184_02293,0.9654350719963071,0.0025961634518061327
ad4728971bca5a56,2021.07.09.15.53.28_veh-38_00184_02293,1.0,2021.07.09.15.53.28_veh-38_00184_02293,1.0,0.0
adeac17732895943,2021.07.09.15.53.28_veh-38_00184_02293,1.0,2021.07.09.15.53.28_veh-38_00184_02293,1.0,0.0
ae101de4cb1b513e,2021.07.09.15.53.28_veh-38_00184_02293,0.8416133663138164,2021.07.09.15.53.28_veh-38_00184_02293,0.8425618399014877,0.0009484735876712502
ae65f8c63d9757ce,2021.07.09.15.53.28_veh-38_00184_02293,1.0,2021.07.09.15.53.28_veh-38_00184_02293,1.0,0.0
ae75038bea395c18,2021.07.09.15.53.28_veh-38_00184_02293,0.9348502724128125,2021.07.09.15.53.28_veh-38_00184_02293,0.9352567246211156,0.0004064522083031541
aefcaaf5aef552eb,2021.07.09.15.53.28_veh-38_00184_02293,0.875,2021.07.09.15.53.28_veh-38_00184_02293,0.875,0.0
b0224834f8b856d8,2021.07.09.15.53.28_veh-38_00184_02293,0.90152491944722,2021.07.09.15.53.28_veh-38_00184_02293,0.9019732775202599,0.0004483580730398895
b030dec92165592b,2021.07.09.15.53.28_veh-38_00184_02293,0.875,2021.07.09.15.53.28_veh-38_00184_02293,0.875,0.0
b066a7fc60ff523a,2021.07.09.15.53.28_veh-38_00184_02293,1.0,2021.07.09.15.53.28_veh-38_00184_02293,1.0,0.0
b1c8504629d8571f,2021.07.09.15.53.28_veh-38_00184_02293,0.9567396637021277,2021.07.09.15.53.28_veh-38_00184_02293,0.9565151487900104,-0.00022451491211727959
b23b1644c9845dc3,2021.07.09.15.53.28_veh-38_00184_02293,1.0,2021.07.09.15.53.28_veh-38_00184_02293,1.0,0.0
b26470d352f35d83,2021.07.09.15.53.28_veh-38_00184_02293,0.8806067285676913,2021.07.09.15.53.28_veh-38_00184_02293,0.8820430335960691,0.0014363050283777712
b308eee052bc5e70,2021.07.09.15.53.28_veh-38_00184_02293,0.9752321076464696,2021.07.09.15.53.28_veh-38_00184_02293,0.975671109614371,0.0004390019679013646
b3786daf3a0357bd,2021.07.09.15.53.28_veh-38_00184_02293,1.0,2021.07.09.15.53.28_veh-38_00184_02293,1.0,0.0
b39a2ad9b6f050a9,2021.07.09.15.53.28_veh-38_00184_02293,0.9458065870052368,2021.07.09.15.53.28_veh-38_00184_02293,0.9458880199760886,8.143297085183576e-05
b3fa24000d6f5d8d,2021.07.09.15.53.28_veh-38_00184_02293,0.8963238200281712,2021.07.09.15.53.28_veh-38_00184_02293,0.8966459581005755,0.0003221380724042211
b4b4b7ff096852e8,2021.07.09.15.53.28_veh-38_00184_02293,1.0,2021.07.09.15.53.28_veh-38_00184_02293,1.0,0.0
b4da9833a6795b8f,2021.07.09.15.53.28_veh-38_00184_02293,0.8401043121189594,2021.07.09.15.53.28_veh-38_00184_02293,0.8406686278231541,0.0005643157041946845
b632e3d66c445180,2021.07.09.15.53.28_veh-38_00184_02293,1.0,2021.07.09.15.53.28_veh-38_00184_02293,1.0,0.0
b6745c96ac0e5958,2021.07.09.15.53.28_veh-38_00184_02293,0.9258165057481539,2021.07.09.15.53.28_veh-38_00184_02293,0.9269963919021881,0.0011798861540341932
b6d928e9508d596b,2021.07.09.15.53.28_veh-38_00184_02293,1.0,2021.07.09.15.53.28_veh-38_00184_02293,1.0,0.0
b735436ddca45550,2021.07.09.15.53.28_veh-38_00184_02293,1.0,2021.07.09.15.53.28_veh-38_00184_02293,1.0,0.0
b73a3a2e7064563b,2021.07.09.15.53.28_veh-38_00184_02293,1.0,2021.07.09.15.53.28_veh-38_00184_02293,1.0,0.0
b7e570107a325b8f,2021.07.09.15.53.28_veh-38_00184_02293,0.8801903330088194,2021.07.09.15.53.28_veh-38_00184_02293,0.8813132986022889,0.0011229655934694716
b83936f0ca9b5b93,2021.07.09.15.53.28_veh-38_00184_02293,1.0,2021.07.09.15.53.28_veh-38_00184_02293,1.0,0.0
b84c65fdf2155597,2021.07.09.15.53.28_veh-38_00184_02293,0.9389610349896145,2021.07.09.15.53.28_veh-38_00184_02293,0.9394604713368698,0.0004994363472553554
b941d62667685487,2021.07.09.15.53.28_veh-38_00184_02293,0.9573039743031589,2021.07.09.15.53.28_veh-38_00184_02293,0.9576500457723014,0.00034607146914245046
b98697803d5453a3,2021.07.09.15.53.28_veh-38_00184_02293,0.9753705662341106,2021.07.09.15.53.28_veh-38_00184_02293,0.9758016553840793,0.00043108914996869974
b99eaf8d1f355bcc,2021.07.09.15.53.28_veh-38_00184_02293,0.9413653554974217,2021.07.09.15.53.28_veh-38_00184_02293,0.9421334514560669,0.0007680959586451319
b9a812dceaec5add,2021.07.09.15.53.28_veh-38_00184_02293,0.9461183504742532,2021.07.09.15.53.28_veh-38_00184_02293,0.9467926066919331,0.0006742562176799138
ba0a961f7dc355f7,2021.07.09.15.53.28_veh-38_00184_02293,0.7999982290342803,2021.07.09.15.53.28_veh-38_00184_02293,0.8002506330929124,0.00025240405863213855
ba0f4d8974e75963,2021.07.09.15.53.28_veh-38_00184_02293,0.9583433271416341,2021.07.09.15.53.28_veh-38_00184_02293,0.959124612109274,0.0007812849676399614
bade9ac4b8cb5025,2021.07.09.15.53.28_veh-38_00184_02293,0.9295602762329532,2021.07.09.15.53.28_veh-38_00184_02293,0.930454908959277,0.0008946327263237297
bb452532dfb25d30,2021.07.09.15.53.28_veh-38_00184_02293,0.8388852851631663,2021.07.09.15.53.28_veh-38_00184_02293,0.8392075937814955,0.000322308618329159
bcf3fcf890f55beb,2021.07.09.15.53.28_veh-38_00184_02293,1.0,2021.07.09.15.53.28_veh-38_00184_02293,1.0,0.0
bd493f896ba85e28,2021.07.09.15.53.28_veh-38_00184_02293,0.8370321850961376,2021.07.09.15.53.28_veh-38_00184_02293,0.8382567677336817,0.0012245826375441027
bd656f4e771156cb,2021.07.09.15.53.28_veh-38_00184_02293,1.0,2021.07.09.15.53.28_veh-38_00184_02293,1.0,0.0
bd65a234358f5492,2021.07.09.15.53.28_veh-38_00184_02293,0.9806420388825758,2021.07.09.15.53.28_veh-38_00184_02293,0.9816735004822066,0.0010314615996307452
be9b110689c05894,2021.07.09.15.53.28_veh-38_00184_02293,0.9928933370864814,2021.07.09.15.53.28_veh-38_00184_02293,0.9940218777051089,0.0011285406186274383
beb7c6e766c65d0e,2021.07.09.15.53.28_veh-38_00184_02293,0.8063114018095189,2021.07.09.15.53.28_veh-38_00184_02293,0.8067567085415015,0.00044530673198261983
bff3326028ec59ab,2021.07.09.15.53.28_veh-38_00184_02293,0.9600787782500302,2021.07.09.15.53.28_veh-38_00184_02293,0.9605624211790471,0.0004836429290169253
c00c768576c85009,2021.07.09.15.53.28_veh-38_00184_02293,1.0,2021.07.09.15.53.28_veh-38_00184_02293,1.0,0.0
c0a403cdf4c053bc,2021.07.09.15.53.28_veh-38_00184_02293,1.0,2021.07.09.15.53.28_veh-38_00184_02293,1.0,0.0
c0dfedf6168e5ca9,2021.07.09.15.53.28_veh-38_00184_02293,0.9780109286225462,2021.07.09.15.53.28_veh-38_00184_02293,0.979370416241219,0.0013594876186727722
c11fc5cf8d5a516e,2021.07.09.15.53.28_veh-38_00184_02293,0.9586351709096728,2021.07.09.15.53.28_veh-38_00184_02293,0.9599577660086211,0.001322595098948387
c17473f5cacd51be,2021.07.09.15.53.28_veh-38_00184_02293,0.875,2021.07.09.15.53.28_veh-38_00184_02293,0.875,0.0
c368ddc3ee435179,2021.07.09.15.53.28_veh-38_00184_02293,0.75,2021.07.09.15.53.28_veh-38_00184_02293,0.75,0.0
c3f177935f5f5d5e,2021.07.09.15.53.28_veh-38_00184_02293,0.9382142128467708,2021.07.09.15.53.28_veh-38_00184_02293,0.9385763015720799,0.00036208872530918423
c4220658d3095647,2021.07.09.15.53.28_veh-38_00184_02293,0.9492045253058716,2021.07.09.15.53.28_veh-38_00184_02293,0.9496802843999527,0.0004757590940810408
c57100ab365351a9,2021.07.09.15.53.28_veh-38_00184_02293,0.833323686259786,2021.07.09.15.53.28_veh-38_00184_02293,0.8345742577381287,0.0012505714783426214
c6de08f6ac3356ed,2021.07.09.15.53.28_veh-38_00184_02293,1.0,2021.07.09.15.53.28_veh-38_00184_02293,1.0,0.0
c6e5078c49e6512e,2021.07.09.15.53.28_veh-38_00184_02293,1.0,2021.07.09.15.53.28_veh-38_00184_02293,1.0,0.0
c73e4e862203503a,2021.07.09.15.53.28_veh-38_00184_02293,0.9787551582606372,2021.07.09.15.53.28_veh-38_00184_02293,0.9797137236048674,0.0009585653442302222
c7ed8536a3815721,2021.07.09.15.53.28_veh-38_00184_02293,1.0,2021.07.09.15.53.28_veh-38_00184_02293,1.0,0.0
c9cf9a6acf495b50,2021.07.09.15.53.28_veh-38_00184_02293,1.0,2021.07.09.15.53.28_veh-38_00184_02293,1.0,0.0
caaeabfe1a50535c,2021.07.09.15.53.28_veh-38_00184_02293,1.0,2021.07.09.15.53.28_veh-38_00184_02293,1.0,0.0
cb25d763e7bf5a13,2021.07.09.15.53.28_veh-38_00184_02293,0.9896135906859461,2021.07.09.15.53.28_veh-38_00184_02293,0.9899502960269386,0.0003367053409925047
cbb75454103b5430,2021.07.09.15.53.28_veh-38_00184_02293,0.9731072737994996,2021.07.09.15.53.28_veh-38_00184_02293,0.9735452209697588,0.00043794717025924523
cbd9412932fc5ad1,2021.07.09.15.53.28_veh-38_00184_02293,1.0,2021.07.09.15.53.28_veh-38_00184_02293,1.0,0.0
cbd954347b835347,2021.07.09.15.53.28_veh-38_00184_02293,1.0,2021.07.09.15.53.28_veh-38_00184_02293,1.0,0.0
cbde019469315d96,2021.07.09.15.53.28_veh-38_00184_02293,1.0,2021.07.09.15.53.28_veh-38_00184_02293,1.0,0.0
cc27c4b666135bb2,2021.07.09.15.53.28_veh-38_00184_02293,0.9438024559593834,2021.07.09.15.53.28_veh-38_00184_02293,0.9439127768841071,0.00011032092472373911
cd10c3adba835576,2021.07.09.15.53.28_veh-38_00184_02293,0.8880722824906698,2021.07.09.15.53.28_veh-38_00184_02293,0.890475388799014,0.0024031063083441717
cd964face7a55b94,2021.07.09.15.53.28_veh-38_00184_02293,1.0,2021.07.09.15.53.28_veh-38_00184_02293,1.0,0.0
cdec4cc7781e5d4d,2021.07.09.15.53.28_veh-38_00184_02293,0.875,2021.07.09.15.53.28_veh-38_00184_02293,1.0,0.125
cdf61e643b8e51b2,2021.07.09.15.53.28_veh-38_00184_02293,0.8663240445329086,2021.07.09.15.53.28_veh-38_00184_02293,0.8681403938575171,0.0018163493246085016
ce22202f19695a70,2021.07.09.15.53.28_veh-38_00184_02293,0.974183007853413,2021.07.09.15.53.28_veh-38_00184_02293,0.9750487644549184,0.0008657566015053408
ce256aa4ec3e5725,2021.07.09.15.53.28_veh-38_00184_02293,0.0,2021.07.09.15.53.28_veh-38_00184_02293,0.0,0.0
cf1679ce3a565466,2021.07.09.15.53.28_veh-38_00184_02293,1.0,2021.07.09.15.53.28_veh-38_00184_02293,1.0,0.0
cf3c3737fbc355eb,2021.07.09.15.53.28_veh-38_00184_02293,0.9496580778510753,2021.07.09.15.53.28_veh-38_00184_02293,0.9510910018173656,0.001432923966290356
cf53947dbbef5730,2021.07.09.15.53.28_veh-38_00184_02293,0.9960152135111306,2021.07.09.15.53.28_veh-38_00184_02293,0.9972258501447021,0.0012106366335714602
d13ac79c8321555f,2021.07.09.15.53.28_veh-38_00184_02293,0.9687469201226353,2021.07.09.15.53.28_veh-38_00184_02293,0.9692446909471788,0.0004977708245434975
d15d534ad5fb5212,2021.07.09.15.53.28_veh-38_00184_02293,1.0,2021.07.09.15.53.28_veh-38_00184_02293,1.0,0.0
d1828b733a4857dd,2021.07.09.15.53.28_veh-38_00184_02293,0.909568744989504,2021.07.09.15.53.28_veh-38_00184_02293,0.9108491527034379,0.0012804077139338954
d216d83e53955d24,2021.07.09.15.53.28_veh-38_00184_02293,1.0,2021.07.09.15.53.28_veh-38_00184_02293,1.0,0.0
d28278a8dbb15ab5,2021.07.09.15.53.28_veh-38_00184_02293,0.936942521823279,2021.07.09.15.53.28_veh-38_00184_02293,0.9385072757733264,0.001564753950047404
d2d0ac3e597b5959,2021.07.09.15.53.28_veh-38_00184_02293,0.9821523820043825,2021.07.09.15.53.28_veh-38_00184_02293,0.9829150939611928,0.0007627119568103247
d2e11ce62743532a,2021.07.09.15.53.28_veh-38_00184_02293,0.9806611509297154,2021.07.09.15.53.28_veh-38_00184_02293,0.9818511774793164,0.0011900265496009865
d3ac5b4aac44586a,2021.07.09.15.53.28_veh-38_00184_02293,0.940602405624501,2021.07.09.15.53.28_veh-38_00184_02293,0.9422021821093576,0.001599776484856541
d3e39f5f0aed50d1,2021.07.09.15.53.28_veh-38_00184_02293,1.0,2021.07.09.15.53.28_veh-38_00184_02293,1.0,0.0
d4bb3dc7c7005656,2021.07.09.15.53.28_veh-38_00184_02293,0.9091438074468771,2021.07.09.15.53.28_veh-38_00184_02293,0.9089990342733874,-0.00014477317348970953
d4d0d31bd49b525a,2021.07.09.15.53.28_veh-38_00184_02293,1.0,2021.07.09.15.53.28_veh-38_00184_02293,1.0,0.0
d5f3fa4290b459df,2021.07.09.15.53.28_veh-38_00184_02293,0.8526331755417385,2021.07.09.15.53.28_veh-38_00184_02293,0.8534136354347837,0.0007804598930452045
d61967204e52594f,2021.07.09.15.53.28_veh-38_00184_02293,0.9757251288047337,2021.07.09.15.53.28_veh-38_00184_02293,0.976541868615405,0.0008167398106713186
d61a2d5301f15b77,2021.07.09.15.53.28_veh-38_00184_02293,1.0,2021.07.09.15.53.28_veh-38_00184_02293,1.0,0.0
d679a3e70e39596e,2021.07.09.15.53.28_veh-38_00184_02293,0.9841840525595043,2021.07.09.15.53.28_veh-38_00184_02293,0.9853851789135126,0.001201126354008375
d6997b98b3085c2b,2021.07.09.15.53.28_veh-38_00184_02293,0.9568963393540632,2021.07.09.15.53.28_veh-38_00184_02293,0.958300683088892,0.0014043437348288945
d7a0fd1066dc5ce5,2021.07.09.15.53.28_veh-38_00184_02293,0.9534483775104999,2021.07.09.15.53.28_veh-38_00184_02293,0.9542705884022278,0.0008222108917278481
d84af418335b5dbe,2021.07.09.15.53.28_veh-38_00184_02293,1.0,2021.07.09.15.53.28_veh-38_00184_02293,1.0,0.0
d877af354e355798,2021.07.09.15.53.28_veh-38_00184_02293,0.9470108852422712,2021.07.09.15.53.28_veh-38_00184_02293,0.9479500217147967,0.0009391364725255258
d8d46f536585556f,2021.07.09.15.53.28_veh-38_00184_02293,1.0,2021.07.09.15.53.28_veh-38_00184_02293,1.0,0.0
d8f097f9fa2e52f7,2021.07.09.15.53.28_veh-38_00184_02293,0.9614749305436158,2021.07.09.15.53.28_veh-38_00184_02293,0.9629599857113584,0.001485055167742666
d967ad2a03a1521a,2021.07.09.15.53.28_veh-38_00184_02293,0.9619716121859909,2021.07.09.15.53.28_veh-38_00184_02293,0.9633204564222217,0.0013488442362308284
d9defa86501154b4,2021.07.09.15.53.28_veh-38_00184_02293,1.0,2021.07.09.15.53.28_veh-38_00184_02293,1.0,0.0
d9e2c39b092159c4,2021.07.09.15.53.28_veh-38_00184_02293,1.0,2021.07.09.15.53.28_veh-38_00184_02293,1.0,0.0
da2f830999325306,2021.07.09.15.53.28_veh-38_00184_02293,0.8326012490408936,2021.07.09.15.53.28_veh-38_00184_02293,0.8335815149206363,0.0009802658797426478
db5aa5f382f25aaa,2021.07.09.15.53.28_veh-38_00184_02293,0.9200737198104727,2021.07.09.15.53.28_veh-38_00184_02293,0.9213126467537969,0.00123892694332417
dbdde78f03545776,2021.07.09.15.53.28_veh-38_00184_02293,1.0,2021.07.09.15.53.28_veh-38_00184_02293,1.0,0.0
dbe9196d84d9511c,2021.07.09.15.53.28_veh-38_00184_02293,1.0,2021.07.09.15.53.28_veh-38_00184_02293,1.0,0.0
dca94801958a53aa,2021.07.09.15.53.28_veh-38_00184_02293,0.9776194680200061,2021.07.09.15.53.28_veh-38_00184_02293,0.9778307918425327,0.0002113238225266434
dd35faabfd005af0,2021.07.09.15.53.28_veh-38_00184_02293,1.0,2021.07.09.15.53.28_veh-38_00184_02293,1.0,0.0
dd4e1fa056b456f3,2021.07.09.15.53.28_veh-38_00184_02293,1.0,2021.07.09.15.53.28_veh-38_00184_02293,1.0,0.0
dd8848619c6f5c22,2021.07.09.15.53.28_veh-38_00184_02293,0.9795604045309406,2021.07.09.15.53.28_veh-38_00184_02293,0.9805698451947501,0.00100944066380948
de7549a363f15a36,2021.07.09.15.53.28_veh-38_00184_02293,0.904199710953053,2021.07.09.15.53.28_veh-38_00184_02293,0.9060068823334217,0.0018071713803687883
de99492d90ed5808,2021.07.09.15.53.28_veh-38_00184_02293,0.970231456645033,2021.07.09.15.53.28_veh-38_00184_02293,0.9716521466624161,0.0014206900173830972
df09da21f9a35c0c,2021.07.09.15.53.28_veh-38_00184_02293,0.962183896754055,2021.07.09.15.53.28_veh-38_00184_02293,0.9631113264022633,0.0009274296482082445
df242b87199d5acb,2021.07.09.15.53.28_veh-38_00184_02293,0.9804186159550088,2021.07.09.15.53.28_veh-38_00184_02293,0.9809203491476818,0.0005017331926729929
e003efe0bcee5ce5,2021.07.09.15.53.28_veh-38_00184_02293,0.9863178621632471,2021.07.09.15.53.28_veh-38_00184_02293,0.9871496418939638,0.0008317797307166863
e0488ea0836c5bf6,2021.07.09.15.53.28_veh-38_00184_02293,0.9608588440993714,2021.07.09.15.53.28_veh-38_00184_02293,0.961443392119381,0.0005845480200096231
e07749952a0f5f5d,2021.07.09.15.53.28_veh-38_00184_02293,0.9778957135133541,2021.07.09.15.53.28_veh-38_00184_02293,0.9780123932199565,0.00011667970660234062
e0893a06ed5e5bb3,2021.07.09.15.53.28_veh-38_00184_02293,1.0,2021.07.09.15.53.28_veh-38_00184_02293,1.0,0.0
e24fd0e278275c0b,2021.07.09.15.53.28_veh-38_00184_02293,1.0,2021.07.09.15.53.28_veh-38_00184_02293,1.0,0.0
e26a0932b153560d,2021.07.09.15.53.28_veh-38_00184_02293,1.0,2021.07.09.15.53.28_veh-38_00184_02293,1.0,0.0
e31bf22d49f454e8,2021.07.09.15.53.28_veh-38_00184_02293,0.9464381912470476,2021.07.09.15.53.28_veh-38_00184_02293,0.9480809678956983,0.0016427766486506457
e340e429f0015853,2021.07.09.15.53.28_veh-38_00184_02293,0.9966737492364527,2021.07.09.15.53.28_veh-38_00184_02293,0.9977084131723921,0.0010346639359394283
e3da0e20e0b556fc,2021.07.09.15.53.28_veh-38_00184_02293,1.0,2021.07.09.15.53.28_veh-38_00184_02293,1.0,0.0
e3e96778dac3541c,2021.07.09.15.53.28_veh-38_00184_02293,0.9372614223837962,2021.07.09.15.53.28_veh-38_00184_02293,0.9379986694105853,0.0007372470267891229
e43549ea94f75b60,2021.07.09.15.53.28_veh-38_00184_02293,0.9690841331603287,2021.07.09.15.53.28_veh-38_00184_02293,0.969719024541193,0.0006348913808642553
e436b19cf83151cc,2021.07.09.15.53.28_veh-38_00184_02293,1.0,2021.07.09.15.53.28_veh-38_00184_02293,1.0,0.0
e4d05b1ce25250bb,2021.07.09.15.53.28_veh-38_00184_02293,0.9996828804502822,2021.07.09.15.53.28_veh-38_00184_02293,1.0,0.00031711954971780365
e5581fb84ddb5ffb,2021.07.09.15.53.28_veh-38_00184_02293,0.9870010735891799,2021.07.09.15.53.28_veh-38_00184_02293,0.9876423649573152,0.0006412913681352883
e58acbf0106153ad,2021.07.09.15.53.28_veh-38_00184_02293,1.0,2021.07.09.15.53.28_veh-38_00184_02293,1.0,0.0
e5b1df76988c57a7,2021.07.09.15.53.28_veh-38_00184_02293,1.0,2021.07.09.15.53.28_veh-38_00184_02293,1.0,0.0
e614a559776c5e86,2021.07.09.15.53.28_veh-38_00184_02293,0.8108870855824976,2021.07.09.15.53.28_veh-38_00184_02293,0.81132224329557,0.00043515771307245377
e634731f91015bab,2021.07.09.15.53.28_veh-38_00184_02293,0.0,2021.07.09.15.53.28_veh-38_00184_02293,0.0,0.0
e6aabd1342ce54e2,2021.07.09.15.53.28_veh-38_00184_02293,0.9291206116713502,2021.07.09.15.53.28_veh-38_00184_02293,0.9298477216478499,0.000727109976499718
e6c4af98a23f5868,2021.07.09.15.53.28_veh-38_00184_02293,1.0,2021.07.09.15.53.28_veh-38_00184_02293,1.0,0.0
e6e9a5b8b26755b2,2021.07.09.15.53.28_veh-38_00184_02293,0.997052847484708,2021.07.09.15.53.28_veh-38_00184_02293,0.9976823357263302,0.0006294882416222336
e71499ec7fd254e9,2021.07.09.15.53.28_veh-38_00184_02293,1.0,2021.07.09.15.53.28_veh-38_00184_02293,1.0,0.0
e732f7c659b45197,2021.07.09.15.53.28_veh-38_00184_02293,0.9326448101820939,2021.07.09.15.53.28_veh-38_00184_02293,0.9330342551152011,0.00038944493310721917
e739a390b2a55648,2021.07.09.15.53.28_veh-38_00184_02293,1.0,2021.07.09.15.53.28_veh-38_00184_02293,1.0,0.0
e76566d4d20c5377,2021.07.09.15.53.28_veh-38_00184_02293,0.8268393280123405,2021.07.09.15.53.28_veh-38_00184_02293,0.8274997630476889,0.0006604350353484056
e833b6b388c1524e,2021.07.09.15.53.28_veh-38_00184_02293,0.9334059561478995,2021.07.09.15.53.28_veh-38_00184_02293,0.9337989261018794,0.00039296995397997136
e842f8018dfe58b3,2021.07.09.15.53.28_veh-38_00184_02293,0.976018251185401,2021.07.09.15.53.28_veh-38_00184_02293,0.976205099701524,0.00018684851612305042
e856cc5561ca564e,2021.07.09.15.53.28_veh-38_00184_02293,0.940157184543618,2021.07.09.15.53.28_veh-38_00184_02293,0.9401880391131203,3.0854569502358764e-05
e95323b100c25a0a,2021.07.09.15.53.28_veh-38_00184_02293,0.9478828583474331,2021.07.09.15.53.28_veh-38_00184_02293,0.9491997991800449,0.0013169408326118015
e96e62b9e81d5042,2021.07.09.15.53.28_veh-38_00184_02293,1.0,2021.07.09.15.53.28_veh-38_00184_02293,1.0,0.0
e9a30e8cbad951bb,2021.07.09.15.53.28_veh-38_00184_02293,1.0,2021.07.09.15.53.28_veh-38_00184_02293,1.0,0.0
ea31a137b6b45663,2021.07.09.15.53.28_veh-38_00184_02293,1.0,2021.07.09.15.53.28_veh-38_00184_02293,1.0,0.0
ea7675073d935aed,2021.07.09.15.53.28_veh-38_00184_02293,0.9151670318957886,2021.07.09.15.53.28_veh-38_00184_02293,0.9156187654116219,0.0004517335158332747
eaad335cb62c57b0,2021.07.09.15.53.28_veh-38_00184_02293,0.9398332522750781,2021.07.09.15.53.28_veh-38_00184_02293,0.9409565607860555,0.0011233085109774166
eacad86eaed255f7,2021.07.09.15.53.28_veh-38_00184_02293,0.9295727902223907,2021.07.09.15.53.28_veh-38_00184_02293,0.9294933914656576,-7.93987567331289e-05
eb03710881e25401,2021.07.09.15.53.28_veh-38_00184_02293,1.0,2021.07.09.15.53.28_veh-38_00184_02293,1.0,0.0
ebb818fca3895a2c,2021.07.09.15.53.28_veh-38_00184_02293,1.0,2021.07.09.15.53.28_veh-38_00184_02293,1.0,0.0
ec21e03ea67054d6,2021.07.09.15.53.28_veh-38_00184_02293,0.9480202508003392,2021.07.09.15.53.28_veh-38_00184_02293,0.9483902546141518,0.0003700038138125805
ec965c8ae1c75447,2021.07.09.15.53.28_veh-38_00184_02293,0.9207458150539934,2021.07.09.15.53.28_veh-38_00184_02293,0.921198124716194,0.00045230966220055624
ed29591fde515907,2021.07.09.15.53.28_veh-38_00184_02293,0.0,2021.07.09.15.53.28_veh-38_00184_02293,0.0,0.0
ee0c42f87de45144,2021.07.09.15.53.28_veh-38_00184_02293,0.9729937664749619,2021.07.09.15.53.28_veh-38_00184_02293,0.97415121390762,0.0011574474326581097
ee7c43384142579a,2021.07.09.15.53.28_veh-38_00184_02293,1.0,2021.07.09.15.53.28_veh-38_00184_02293,1.0,0.0
ee92fc8a2ab55014,2021.07.09.15.53.28_veh-38_00184_02293,1.0,2021.07.09.15.53.28_veh-38_00184_02293,1.0,0.0
eeed45662dfb5a80,2021.07.09.15.53.28_veh-38_00184_02293,0.9828740564508958,2021.07.09.15.53.28_veh-38_00184_02293,0.9834029494084235,0.0005288929575277823
eefc6568a4155b8b,2021.07.09.15.53.28_veh-38_00184_02293,0.8571428571428571,2021.07.09.15.53.28_veh-38_00184_02293,0.8571428571428571,0.0
ef00d067ff7a582f,2021.07.09.15.53.28_veh-38_00184_02293,0.96324730778406,2021.07.09.15.53.28_veh-38_00184_02293,0.9640201394936811,0.000772831709621169
eff7dd683f505235,2021.07.09.15.53.28_veh-38_00184_02293,1.0,2021.07.09.15.53.28_veh-38_00184_02293,1.0,0.0
f0273e69f5bb54e1,2021.07.09.15.53.28_veh-38_00184_02293,0.934880801839933,2021.07.09.15.53.28_veh-38_00184_02293,0.9357346985062484,0.0008538966663153014
f0ef32a63b3659a6,2021.07.09.15.53.28_veh-38_00184_02293,1.0,2021.07.09.15.53.28_veh-38_00184_02293,1.0,0.0
f16673a85d0e5f75,2021.07.09.15.53.28_veh-38_00184_02293,1.0,2021.07.09.15.53.28_veh-38_00184_02293,1.0,0.0
f295db8f52065e16,2021.07.09.15.53.28_veh-38_00184_02293,0.819463504821677,2021.07.09.15.53.28_veh-38_00184_02293,0.8197421802683338,0.00027867544665682864
f35a76fdbc2259da,2021.07.09.15.53.28_veh-38_00184_02293,1.0,2021.07.09.15.53.28_veh-38_00184_02293,1.0,0.0
f37e5cad3010539f,2021.07.09.15.53.28_veh-38_00184_02293,1.0,2021.07.09.15.53.28_veh-38_00184_02293,1.0,0.0
f3d5e1d06f2e5c41,2021.07.09.15.53.28_veh-38_00184_02293,1.0,2021.07.09.15.53.28_veh-38_00184_02293,1.0,0.0
f4454ab06873565e,2021.07.09.15.53.28_veh-38_00184_02293,0.8927266802101972,2021.07.09.15.53.28_veh-38_00184_02293,0.8936907900402986,0.0009641098301014228
f45108d76421595f,2021.07.09.15.53.28_veh-38_00184_02293,0.9313480282243844,2021.07.09.15.53.28_veh-38_00184_02293,0.9317512567409436,0.00040322851655916203
f65da3ca0d4f55ad,2021.07.09.15.53.28_veh-38_00184_02293,1.0,2021.07.09.15.53.28_veh-38_00184_02293,1.0,0.0
f683ad32ef3f5b4e,2021.07.09.15.53.28_veh-38_00184_02293,1.0,2021.07.09.15.53.28_veh-38_00184_02293,1.0,0.0
f686e9b2f7c35d4c,2021.07.09.15.53.28_veh-38_00184_02293,1.0,2021.07.09.15.53.28_veh-38_00184_02293,1.0,0.0
f6ca17e70e9e53c5,2021.07.09.15.53.28_veh-38_00184_02293,1.0,2021.07.09.15.53.28_veh-38_00184_02293,1.0,0.0
f6d05b10abff5140,2021.07.09.15.53.28_veh-38_00184_02293,0.9792903860168543,2021.07.09.15.53.28_veh-38_00184_02293,0.9793335589865548,4.3172969700577823e-05
f6d84360042f5d19,2021.07.09.15.53.28_veh-38_00184_02293,1.0,2021.07.09.15.53.28_veh-38_00184_02293,1.0,0.0
f7b4d7400b585640,2021.07.09.15.53.28_veh-38_00184_02293,1.0,2021.07.09.15.53.28_veh-38_00184_02293,1.0,0.0
f7d65f30d6075c18,2021.07.09.15.53.28_veh-38_00184_02293,1.0,2021.07.09.15.53.28_veh-38_00184_02293,1.0,0.0
f80bb56c694d55ae,2021.07.09.15.53.28_veh-38_00184_02293,0.8436982110864586,2021.07.09.15.53.28_veh-38_00184_02293,0.843892581017799,0.00019436993134036573
f81f1d9d43f75c37,2021.07.09.15.53.28_veh-38_00184_02293,1.0,2021.07.09.15.53.28_veh-38_00184_02293,1.0,0.0
f83ebda95db35f05,2021.07.09.15.53.28_veh-38_00184_02293,0.8520472708111374,2021.07.09.15.53.28_veh-38_00184_02293,0.8536959375466421,0.001648666735504678
f89bd37b0daf5c8a,2021.07.09.15.53.28_veh-38_00184_02293,1.0,2021.07.09.15.53.28_veh-38_00184_02293,1.0,0.0
f8bb1f5f15f0545e,2021.07.09.15.53.28_veh-38_00184_02293,0.9717769543015257,2021.07.09.15.53.28_veh-38_00184_02293,0.9724335145673473,0.0006565602658216152
f98865ec9ca2540a,2021.07.09.15.53.28_veh-38_00184_02293,0.9900194629274391,2021.07.09.15.53.28_veh-38_00184_02293,0.9902324576705713,0.0002129947431321888
f9cc839f6daf59a7,2021.07.09.15.53.28_veh-38_00184_02293,1.0,2021.07.09.15.53.28_veh-38_00184_02293,1.0,0.0
fab83ce7307f5eb1,2021.07.09.15.53.28_veh-38_00184_02293,1.0,2021.07.09.15.53.28_veh-38_00184_02293,1.0,0.0
fbaf220f056b5918,2021.07.09.15.53.28_veh-38_00184_02293,0.9750407151449179,2021.07.09.15.53.28_veh-38_00184_02293,0.975756316939537,0.0007156017946191584
fc4b553b82f3573e,2021.07.09.15.53.28_veh-38_00184_02293,0.9928835036719632,2021.07.09.15.53.28_veh-38_00184_02293,0.9936029075089997,0.000719403837036503
fd6714343cac5c89,2021.07.09.15.53.28_veh-38_00184_02293,1.0,2021.07.09.15.53.28_veh-38_00184_02293,1.0,0.0
fdab862a77fb5c90,2021.07.09.15.53.28_veh-38_00184_02293,0.8067284167509399,2021.07.09.15.53.28_veh-38_00184_02293,0.8069969833802481,0.00026856662930818676
fe2ac8c198fa5790,2021.07.09.15.53.28_veh-38_00184_02293,1.0,2021.07.09.15.53.28_veh-38_00184_02293,1.0,0.0
fe821d61eef757d7,2021.07.09.15.53.28_veh-38_00184_02293,1.0,2021.07.09.15.53.28_veh-38_00184_02293,1.0,0.0
feafc7509f0f51cf,2021.07.09.15.53.28_veh-38_00184_02293,1.0,2021.07.09.15.53.28_veh-38_00184_02293,1.0,0.0
fee8806b92c9501e,2021.07.09.15.53.28_veh-38_00184_02293,1.0,2021.07.09.15.53.28_veh-38_00184_02293,1.0,0.0
02199704c082520f,2021.06.09.12.51.31_veh-35_01729_02626,1.0,2021.06.09.12.51.31_veh-35_01729_02626,1.0,0.0
0228fd10f8c05bd4,2021.06.09.12.51.31_veh-35_01729_02626,0.9261440690252194,2021.06.09.12.51.31_veh-35_01729_02626,0.9269510662055814,0.0008069971803620346
025b6096a0af5d87,2021.06.09.12.51.31_veh-35_01729_02626,0.9515286967632292,2021.06.09.12.51.31_veh-35_01729_02626,0.9522648753175091,0.000736178554279987
039064e3ab615ba4,2021.06.09.12.51.31_veh-35_01729_02626,1.0,2021.06.09.12.51.31_veh-35_01729_02626,1.0,0.0
03e725fe0ab95f02,2021.06.09.12.51.31_veh-35_01729_02626,1.0,2021.06.09.12.51.31_veh-35_01729_02626,1.0,0.0
047b29ae8a2d50c3,2021.06.09.12.51.31_veh-35_01729_02626,1.0,2021.06.09.12.51.31_veh-35_01729_02626,1.0,0.0
049ac1985c175ddb,2021.06.09.12.51.31_veh-35_01729_02626,0.8635456606957765,2021.06.09.12.51.31_veh-35_01729_02626,0.9896144179912865,0.12606875729550993
0769d9f9498e5f51,2021.06.09.12.51.31_veh-35_01729_02626,0.8974008134717556,2021.06.09.12.51.31_veh-35_01729_02626,0.897700935149941,0.00030012167818538327
0b890a5dbdaf53aa,2021.06.09.12.51.31_veh-35_01729_02626,1.0,2021.06.09.12.51.31_veh-35_01729_02626,1.0,0.0
100ee55049cc584e,2021.06.09.12.51.31_veh-35_01729_02626,1.0,2021.06.09.12.51.31_veh-35_01729_02626,1.0,0.0
102b90da87b851bf,2021.06.09.12.51.31_veh-35_01729_02626,0.8070208747747777,2021.06.09.12.51.31_veh-35_01729_02626,0.8073181311950356,0.00029725642025790755
104fd3ad395d5ded,2021.06.09.12.51.31_veh-35_01729_02626,1.0,2021.06.09.12.51.31_veh-35_01729_02626,1.0,0.0
11788fec75b55fe8,2021.06.09.12.51.31_veh-35_01729_02626,0.9780690009022015,2021.06.09.12.51.31_veh-35_01729_02626,0.9785082277685577,0.00043922686635622377
1206c4653bc05297,2021.06.09.12.51.31_veh-35_01729_02626,1.0,2021.06.09.12.51.31_veh-35_01729_02626,1.0,0.0
1499e758c6855a74,2021.06.09.12.51.31_veh-35_01729_02626,0.9215396062137885,2021.06.09.12.51.31_veh-35_01729_02626,0.9219045599616458,0.0003649537478572773
17efb1d6bb395620,2021.06.09.12.51.31_veh-35_01729_02626,0.9670404548839534,2021.06.09.12.51.31_veh-35_01729_02626,0.9678199003947208,0.0007794455107673626
191f94dc85fd5899,2021.06.09.12.51.31_veh-35_01729_02626,0.9217036790019302,2021.06.09.12.51.31_veh-35_01729_02626,0.9220427627265926,0.00033908372466240344
1ab37cad7da55237,2021.06.09.12.51.31_veh-35_01729_02626,0.9788357687504526,2021.06.09.12.51.31_veh-35_01729_02626,0.9794255106975353,0.0005897419470826115
1b6f94eba9bd573c,2021.06.09.12.51.31_veh-35_01729_02626,1.0,2021.06.09.12.51.31_veh-35_01729_02626,1.0,0.0
1bef718d3b145858,2021.06.09.12.51.31_veh-35_01729_02626,0.9206606157709682,2021.06.09.12.51.31_veh-35_01729_02626,0.9212220528157509,0.00056143704478262
1dc5198a0a27562c,2021.06.09.12.51.31_veh-35_01729_02626,0.9827941435797948,2021.06.09.12.51.31_veh-35_01729_02626,0.9830736664317402,0.00027952285194543514
1eb3057c64465de0,2021.06.09.12.51.31_veh-35_01729_02626,1.0,2021.06.09.12.51.31_veh-35_01729_02626,1.0,0.0
1efe2f1b12ec5381,2021.06.09.12.51.31_veh-35_01729_02626,0.9815280202746738,2021.06.09.12.51.31_veh-35_01729_02626,0.9815953963157547,6.737604108086881e-05
2146b87b79ce537d,2021.06.09.12.51.31_veh-35_01729_02626,1.0,2021.06.09.12.51.31_veh-35_01729_02626,1.0,0.0
2395e3e90cdf5b9a,2021.06.09.12.51.31_veh-35_01729_02626,1.0,2021.06.09.12.51.31_veh-35_01729_02626,1.0,0.0
246269dcd9845878,2021.06.09.12.51.31_veh-35_01729_02626,0.8425583872844219,2021.06.09.12.51.31_veh-35_01729_02626,0.8444495652545836,0.0018911779701616949
248f2530124b5812,2021.06.09.12.51.31_veh-35_01729_02626,1.0,2021.06.09.12.51.31_veh-35_01729_02626,1.0,0.0
258edbf6a22c5312,2021.06.09.12.51.31_veh-35_01729_02626,0.925694116023253,2021.06.09.12.51.31_veh-35_01729_02626,0.9271667438854629,0.0014726278622099187
2ac1b274b9f2525a,2021.06.09.12.51.31_veh-35_01729_02626,0.9670290966270411,2021.06.09.12.51.31_veh-35_01729_02626,0.9677803531355524,0.0007512565085113776
2cdbdd95aaba57f0,2021.06.09.12.51.31_veh-35_01729_02626,1.0,2021.06.09.12.51.31_veh-35_01729_02626,1.0,0.0
2dc965586c945547,2021.06.09.12.51.31_veh-35_01729_02626,0.9757574111043805,2021.06.09.12.51.31_veh-35_01729_02626,0.9764070762765257,0.000649665172145153
2dd00be7ed615ecc,2021.06.09.12.51.31_veh-35_01729_02626,1.0,2021.06.09.12.51.31_veh-35_01729_02626,1.0,0.0
338daec6bb7a5aa0,2021.06.09.12.51.31_veh-35_01729_02626,0.9038141558579783,2021.06.09.12.51.31_veh-35_01729_02626,0.9048848053491311,0.0010706494911527642
33ee0a5e0f7950f2,2021.06.09.12.51.31_veh-35_01729_02626,0.8454422438225416,2021.06.09.12.51.31_veh-35_01729_02626,0.8467046015442433,0.0012623577217016901
346d763777e85cd3,2021.06.09.12.51.31_veh-35_01729_02626,0.6992393990459866,2021.06.09.12.51.31_veh-35_01729_02626,0.6994043062502414,0.00016490720425477168
3b6f237e05365dcf,2021.06.09.12.51.31_veh-35_01729_02626,1.0,2021.06.09.12.51.31_veh-35_01729_02626,1.0,0.0
3e9c4cca896a53f7,2021.06.09.12.51.31_veh-35_01729_02626,1.0,2021.06.09.12.51.31_veh-35_01729_02626,1.0,0.0
3f4ac4bbbdc05fba,2021.06.09.12.51.31_veh-35_01729_02626,0.9567506125065898,2021.06.09.12.51.31_veh-35_01729_02626,0.958947945172389,0.0021973326657992454
3f84de43587e5aef,2021.06.09.12.51.31_veh-35_01729_02626,0.8043089559488306,2021.06.09.12.51.31_veh-35_01729_02626,0.8046795407591302,0.0003705848102996123
41c8ecae08035b9f,2021.06.09.12.51.31_veh-35_01729_02626,0.9077909258683158,2021.06.09.12.51.31_veh-35_01729_02626,0.9092779755519992,0.0014870496836834057
430bf2218f6454aa,2021.06.09.12.51.31_veh-35_01729_02626,0.8607671548792709,2021.06.09.12.51.31_veh-35_01729_02626,0.8619189369189633,0.0011517820396923506
47758e53165b5478,2021.06.09.12.51.31_veh-35_01729_02626,0.8959463694014892,2021.06.09.12.51.31_veh-35_01729_02626,0.8965190195052994,0.0005726501038102461
47dd5e581cf559fd,2021.06.09.12.51.31_veh-35_01729_02626,1.0,2021.06.09.12.51.31_veh-35_01729_02626,1.0,0.0
486ae50490cf589c,2021.06.09.12.51.31_veh-35_01729_02626,0.9983760434353998,2021.06.09.12.51.31_veh-35_01729_02626,0.9989727343083894,0.0005966908729896359
490822629fe05bc3,2021.06.09.12.51.31_veh-35_01729_02626,0.8997831314292495,2021.06.09.12.51.31_veh-35_01729_02626,0.9013778937197107,0.0015947622904611825
4a55e5cc75c55276,2021.06.09.12.51.31_veh-35_01729_02626,1.0,2021.06.09.12.51.31_veh-35_01729_02626,1.0,0.0
4b20e22658c258a4,2021.06.09.12.51.31_veh-35_01729_02626,1.0,2021.06.09.12.51.31_veh-35_01729_02626,1.0,0.0
4c1205c3cd395ed2,2021.06.09.12.51.31_veh-35_01729_02626,1.0,2021.06.09.12.51.31_veh-35_01729_02626,1.0,0.0
4c766faa415253e3,2021.06.09.12.51.31_veh-35_01729_02626,0.8869821420004167,2021.06.09.12.51.31_veh-35_01729_02626,0.8877519334754305,0.0007697914750137702
4c85b529b06d5b94,2021.06.09.12.51.31_veh-35_01729_02626,0.8646229655634254,2021.06.09.12.51.31_veh-35_01729_02626,0.866752721331557,0.0021297557681315693
4d30b4c498505f32,2021.06.09.12.51.31_veh-35_01729_02626,0.9513244212661466,2021.06.09.12.51.31_veh-35_01729_02626,0.9521058120360579,0.0007813907699113498
4f54af46fbf95346,2021.06.09.12.51.31_veh-35_01729_02626,1.0,2021.06.09.12.51.31_veh-35_01729_02626,1.0,0.0
4fcd13a2adeb5406,2021.06.09.12.51.31_veh-35_01729_02626,0.989719454974532,2021.06.09.12.51.31_veh-35_01729_02626,0.9902941260419796,0.0005746710674476851
4ffe9e73ad0f5c34,2021.06.09.12.51.31_veh-35_01729_02626,0.8868919201094381,2021.06.09.12.51.31_veh-35_01729_02626,0.8877681105694832,0.0008761904600451675
50ecb53bbcdd5c19,2021.06.09.12.51.31_veh-35_01729_02626,0.9208468655180588,2021.06.09.12.51.31_veh-35_01729_02626,0.921645485904751,0.0007986203866922059
51649a3ccd735dff,2021.06.09.12.51.31_veh-35_01729_02626,0.9852989737474898,2021.06.09.12.51.31_veh-35_01729_02626,0.9868239337237364,0.001524959976246687
5224833f970051df,2021.06.09.12.51.31_veh-35_01729_02626,0.9088874568784866,2021.06.09.12.51.31_veh-35_01729_02626,0.9097994313715283,0.0009119744930417006
522fca1441c455a1,2021.06.09.12.51.31_veh-35_01729_02626,1.0,2021.06.09.12.51.31_veh-35_01729_02626,1.0,0.0
53a2eb4f1d1b5b6e,2021.06.09.12.51.31_veh-35_01729_02626,1.0,2021.06.09.12.51.31_veh-35_01729_02626,1.0,0.0
53fc4d372fa5530d,2021.06.09.12.51.31_veh-35_01729_02626,1.0,2021.06.09.12.51.31_veh-35_01729_02626,1.0,0.0
55bf0e4266ce5eee,2021.06.09.12.51.31_veh-35_01729_02626,0.8025102231980528,2021.06.09.12.51.31_veh-35_01729_02626,0.8032727405443644,0.0007625173463116086
59a1bb2069d057ed,2021.06.09.12.51.31_veh-35_01729_02626,0.8380804103851176,2021.06.09.12.51.31_veh-35_01729_02626,0.839355954541479,0.0012755441563614411
59bfda4a7e5956eb,2021.06.09.12.51.31_veh-35_01729_02626,1.0,2021.06.09.12.51.31_veh-35_01729_02626,1.0,0.0
5a4abee0269d5262,2021.06.09.12.51.31_veh-35_01729_02626,0.9530232540700366,2021.06.09.12.51.31_veh-35_01729_02626,0.9539796473782096,0.000956393308172987
5dc2c6ffad8b5dd5,2021.06.09.12.51.31_veh-35_01729_02626,0.8981864813996856,2021.06.09.12.51.31_veh-35_01729_02626,0.8989974193389112,0.0008109379392255978
5e6051742abd5859,2021.06.09.12.51.31_veh-35_01729_02626,0.867707892552393,2021.06.09.12.51.31_veh-35_01729_02626,0.8695748075123764,0.0018669149599833679
60d918263c15569b,2021.06.09.12.51.31_veh-35_01729_02626,0.8659167956964952,2021.06.09.12.51.31_veh-35_01729_02626,0.8676443765703564,0.0017275808738612675
60dbf95d482051e1,2021.06.09.12.51.31_veh-35_01729_02626,1.0,2021.06.09.12.51.31_veh-35_01729_02626,1.0,0.0
63747a8878bf5f38,2021.06.09.12.51.31_veh-35_01729_02626,0.8762481649643454,2021.06.09.12.51.31_veh-35_01729_02626,0.8776963445178956,0.001448179553550144
637e5b6294fb5db8,2021.06.09.12.51.31_veh-35_01729_02626,0.75,2021.06.09.12.51.31_veh-35_01729_02626,0.75,0.0
6483af7092d15ada,2021.06.09.12.51.31_veh-35_01729_02626,1.0,2021.06.09.12.51.31_veh-35_01729_02626,1.0,0.0
66817c00a54e53f0,2021.06.09.12.51.31_veh-35_01729_02626,0.9269716136292082,2021.06.09.12.51.31_veh-35_01729_02626,0.9278457057964286,0.0008740921672203417
6a956d4c705d59fa,2021.06.09.12.51.31_veh-35_01729_02626,0.941200999409774,2021.06.09.12.51.31_veh-35_01729_02626,0.9416793895471571,0.0004783901373831556
6f26763a3a8859a9,2021.06.09.12.51.31_veh-35_01729_02626,1.0,2021.06.09.12.51.31_veh-35_01729_02626,1.0,0.0
71e6ee340d1756fd,2021.06.09.12.51.31_veh-35_01729_02626,0.9757575978781564,2021.06.09.12.51.31_veh-35_01729_02626,0.9762306273155611,0.00047302943740468173
72fc5c8b771758fd,2021.06.09.12.51.31_veh-35_01729_02626,0.9894915645655196,2021.06.09.12.51.31_veh-35_01729_02626,0.99010985981939,0.0006182952538704711
7412988f410e545d,2021.06.09.12.51.31_veh-35_01729_02626,0.804062852160059,2021.06.09.12.51.31_veh-35_01729_02626,0.8054604160217106,0.001397563861651574
741b40508f9c539f,2021.06.09.12.51.31_veh-35_01729_02626,0.875,2021.06.09.12.51.31_veh-35_01729_02626,1.0,0.125
7639e630e475517c,2021.06.09.12.51.31_veh-35_01729_02626,1.0,2021.06.09.12.51.31_veh-35_01729_02626,1.0,0.0
76e33b04a2e55b65,2021.06.09.12.51.31_veh-35_01729_02626,1.0,2021.06.09.12.51.31_veh-35_01729_02626,1.0,0.0
77d22252c36859d2,2021.06.09.12.51.31_veh-35_01729_02626,1.0,2021.06.09.12.51.31_veh-35_01729_02626,1.0,0.0
786c7d0f495e5b08,2021.06.09.12.51.31_veh-35_01729_02626,0.9369388202645441,2021.06.09.12.51.31_veh-35_01729_02626,0.937954933989148,0.001016113724603862
7980f7ce6e085a30,2021.06.09.12.51.31_veh-35_01729_02626,1.0,2021.06.09.12.51.31_veh-35_01729_02626,1.0,0.0
7b7291b626f753ae,2021.06.09.12.51.31_veh-35_01729_02626,0.8149054682082055,2021.06.09.12.51.31_veh-35_01729_02626,0.8154315477322945,0.000526079524089007
7d838c40752e5080,2021.06.09.12.51.31_veh-35_01729_02626,0.875,2021.06.09.12.51.31_veh-35_01729_02626,0.875,0.0
7dab96d0e7725a9f,2021.06.09.12.51.31_veh-35_01729_02626,0.9500559922594424,2021.06.09.12.51.31_veh-35_01729_02626,0.9506960294110062,0.0006400371515637993
7e2c3c2ef5e05b19,2021.06.09.12.51.31_veh-35_01729_02626,1.0,2021.06.09.12.51.31_veh-35_01729_02626,1.0,0.0
7f5714fc26bb599b,2021.06.09.12.51.31_veh-35_01729_02626,1.0,2021.06.09.12.51.31_veh-35_01729_02626,1.0,0.0
8264721b29a65296,2021.06.09.12.51.31_veh-35_01729_02626,1.0,2021.06.09.12.51.31_veh-35_01729_02626,1.0,0.0
827867f4641c53b6,2021.06.09.12.51.31_veh-35_01729_02626,1.0,2021.06.09.12.51.31_veh-35_01729_02626,1.0,0.0
84da0c13f98e58e9,2021.06.09.12.51.31_veh-35_01729_02626,0.7007266103996299,2021.06.09.12.51.31_veh-35_01729_02626,0.7011616331734074,0.00043502277377749365
8828feb4e21b5600,2021.06.09.12.51.31_veh-35_01729_02626,0.8829523672264072,2021.06.09.12.51.31_veh-35_01729_02626,0.8838964910260929,0.00094412379968567
888cb5a4b4c25eab,2021.06.09.12.51.31_veh-35_01729_02626,1.0,2021.06.09.12.51.31_veh-35_01729_02626,1.0,0.0
88ff3881080b505a,2021.06.09.12.51.31_veh-35_01729_02626,0.8842733170607534,2021.06.09.12.51.31_veh-35_01729_02626,0.8848951187057696,0.00062180164501624
89409b4f6b4f573b,2021.06.09.12.51.31_veh-35_01729_02626,1.0,2021.06.09.12.51.31_veh-35_01729_02626,1.0,0.0
8956d19d62c056f6,2021.06.09.12.51.31_veh-35_01729_02626,0.9120743874763932,2021.06.09.12.51.31_veh-35_01729_02626,0.9129256666168232,0.000851279140429928
8deaed625cfc5888,2021.06.09.12.51.31_veh-35_01729_02626,0.9438482179332078,2021.06.09.12.51.31_veh-35_01729_02626,0.9441853957094453,0.0003371777762374295
8f63f1b737e15216,2021.06.09.12.51.31_veh-35_01729_02626,1.0,2021.06.09.12.51.31_veh-35_01729_02626,1.0,0.0
94de31b161f45bc2,2021.06.09.12.51.31_veh-35_01729_02626,1.0,2021.06.09.12.51.31_veh-35_01729_02626,1.0,0.0
954da5a56f305ac5,2021.06.09.12.51.31_veh-35_01729_02626,0.8955744935564776,2021.06.09.12.51.31_veh-35_01729_02626,0.8965460440164768,0.0009715504599991931
954e72f1c44e5eb3,2021.06.09.12.51.31_veh-35_01729_02626,0.8930799140385566,2021.06.09.12.51.31_veh-35_01729_02626,0.8938681670870916,0.0007882530485350259
96e24e94933f52c8,2021.06.09.12.51.31_veh-35_01729_02626,1.0,2021.06.09.12.51.31_veh-35_01729_02626,1.0,0.0
98b7d40a0b4256e1,2021.06.09.12.51.31_veh-35_01729_02626,0.815835739317474,2021.06.09.12.51.31_veh-35_01729_02626,0.8161340140992936,0.00029827478181965184
9d0c0ca6c0b352b8,2021.06.09.12.51.31_veh-35_01729_02626,0.9345484553034862,2021.06.09.12.51.31_veh-35_01729_02626,0.9352941916281554,0.0007457363246692328
9d87ac4fbc1959d9,2021.06.09.12.51.31_veh-35_01729_02626,1.0,2021.06.09.12.51.31_veh-35_01729_02626,1.0,0.0
9d87df3517f0557a,2021.06.09.12.51.31_veh-35_01729_02626,0.9140914052566304,2021.06.09.12.51.31_veh-35_01729_02626,0.9154715152397884,0.0013801099831580732
9ebea9056e195897,2021.06.09.12.51.31_veh-35_01729_02626,0.9104279761933274,2021.06.09.12.51.31_veh-35_01729_02626,0.9110364556662516,0.0006084794729241949
9fabef7447845a3b,2021.06.09.12.51.31_veh-35_01729_02626,0.94102686745897,2021.06.09.12.51.31_veh-35_01729_02626,0.9416416324473292,0.0006147649883592177
9fb2a722bf485a1b,2021.06.09.12.51.31_veh-35_01729_02626,0.9117552379817184,2021.06.09.12.51.31_veh-35_01729_02626,0.9135806201899894,0.001825382208270998
a287a8b3726a5d46,2021.06.09.12.51.31_veh-35_01729_02626,1.0,2021.06.09.12.51.31_veh-35_01729_02626,1.0,0.0
a46b9833db705dd8,2021.06.09.12.51.31_veh-35_01729_02626,0.8741902526067515,2021.06.09.12.51.31_veh-35_01729_02626,0.8752410545014677,0.0010508018947161801
a636eadfab6a531d,2021.06.09.12.51.31_veh-35_01729_02626,1.0,2021.06.09.12.51.31_veh-35_01729_02626,1.0,0.0
a8739782d4355428,2021.06.09.12.51.31_veh-35_01729_02626,1.0,2021.06.09.12.51.31_veh-35_01729_02626,1.0,0.0
aa05717ed4265b1a,2021.06.09.12.51.31_veh-35_01729_02626,0.9345965861157971,2021.06.09.12.51.31_veh-35_01729_02626,0.9353023084459112,0.0007057223301141224
ac2c3e22fe8c5c6d,2021.06.09.12.51.31_veh-35_01729_02626,0.88394993433705,2021.06.09.12.51.31_veh-35_01729_02626,0.8853476300242125,0.0013976956871624147
ac5e2264df3958ac,2021.06.09.12.51.31_veh-35_01729_02626,0.7557728685347032,2021.06.09.12.51.31_veh-35_01729_02626,0.7563993475964743,0.0006264790617711569
ad6f2ee944415c58,2021.06.09.12.51.31_veh-35_01729_02626,1.0,2021.06.09.12.51.31_veh-35_01729_02626,1.0,0.0
b2119b944b7f5d42,2021.06.09.12.51.31_veh-35_01729_02626,1.0,2021.06.09.12.51.31_veh-35_01729_02626,1.0,0.0
b3e4a0d98ed9509d,2021.06.09.12.51.31_veh-35_01729_02626,0.8891763403037032,2021.06.09.12.51.31_veh-35_01729_02626,0.8900533887669606,0.0008770484632574238
b6714748d40f5d76,2021.06.09.12.51.31_veh-35_01729_02626,0.8212220123255166,2021.06.09.12.51.31_veh-35_01729_02626,0.8222015271802384,0.000979514854721808
b9abb89d389351f8,2021.06.09.12.51.31_veh-35_01729_02626,1.0,2021.06.09.12.51.31_veh-35_01729_02626,1.0,0.0
bb65c8e693035002,2021.06.09.12.51.31_veh-35_01729_02626,1.0,2021.06.09.12.51.31_veh-35_01729_02626,1.0,0.0
bd6f57a9bbce532d,2021.06.09.12.51.31_veh-35_01729_02626,1.0,2021.06.09.12.51.31_veh-35_01729_02626,1.0,0.0
bf2b503b8bff5859,2021.06.09.12.51.31_veh-35_01729_02626,1.0,2021.06.09.12.51.31_veh-35_01729_02626,1.0,0.0
c10584362e7f5f9d,2021.06.09.12.51.31_veh-35_01729_02626,0.988161170062228,2021.06.09.12.51.31_veh-35_01729_02626,0.9889866627018237,0.0008254926395956375
c2ab52aa1d45570e,2021.06.09.12.51.31_veh-35_01729_02626,0.8859420574369812,2021.06.09.12.51.31_veh-35_01729_02626,0.8869996882668143,0.0010576308298331227
c5e10c9e5bc853ec,2021.06.09.12.51.31_veh-35_01729_02626,1.0,2021.06.09.12.51.31_veh-35_01729_02626,1.0,0.0
c8f3dd66357c59f2,2021.06.09.12.51.31_veh-35_01729_02626,1.0,2021.06.09.12.51.31_veh-35_01729_02626,1.0,0.0
c9566605ae1c5861,2021.06.09.12.51.31_veh-35_01729_02626,1.0,2021.06.09.12.51.31_veh-35_01729_02626,1.0,0.0
ca02f85a9a995448,2021.06.09.12.51.31_veh-35_01729_02626,0.9686968082426107,2021.06.09.12.51.31_veh-35_01729_02626,0.9691535778392546,0.00045676959664386896
cca22cc47f235643,2021.06.09.12.51.31_veh-35_01729_02626,0.9304212741376797,2021.06.09.12.51.31_veh-35_01729_02626,0.9311252913536574,0.0007040172159776814
cdca2eec19585f5e,2021.06.09.12.51.31_veh-35_01729_02626,1.0,2021.06.09.12.51.31_veh-35_01729_02626,1.0,0.0
d344a8704ee85f35,2021.06.09.12.51.31_veh-35_01729_02626,0.8505003490006328,2021.06.09.12.51.31_veh-35_01729_02626,0.9757087930167141,0.12520844401608133
d4fa1b8fc27a5733,2021.06.09.12.51.31_veh-35_01729_02626,0.9640928043995753,2021.06.09.12.51.31_veh-35_01729_02626,0.9655308278814942,0.0014380234819189042
d51990badc6e5787,2021.06.09.12.51.31_veh-35_01729_02626,0.9791238321614608,2021.06.09.12.51.31_veh-35_01729_02626,0.9794749216238438,0.00035108946238293637
d68969642ec45b19,2021.06.09.12.51.31_veh-35_01729_02626,0.8793376033246553,2021.06.09.12.51.31_veh-35_01729_02626,0.8815491381455539,0.002211534820898642
d7a938f1b20652bf,2021.06.09.12.51.31_veh-35_01729_02626,1.0,2021.06.09.12.51.31_veh-35_01729_02626,1.0,0.0
d7e631755e5a54ad,2021.06.09.12.51.31_veh-35_01729_02626,0.9906615035687409,2021.06.09.12.51.31_veh-35_01729_02626,0.9910319691719454,0.00037046560320441735
d9bb698c62405297,2021.06.09.12.51.31_veh-35_01729_02626,1.0,2021.06.09.12.51.31_veh-35_01729_02626,1.0,0.0
dbb61fca58fc5037,2021.06.09.12.51.31_veh-35_01729_02626,1.0,2021.06.09.12.51.31_veh-35_01729_02626,1.0,0.0
dd2d2dd7d4885bbe,2021.06.09.12.51.31_veh-35_01729_02626,1.0,2021.06.09.12.51.31_veh-35_01729_02626,1.0,0.0
e069d39ff2ab55bc,2021.06.09.12.51.31_veh-35_01729_02626,0.9208293161832612,2021.06.09.12.51.31_veh-35_01729_02626,0.9215616863152317,0.0007323701319704723
e322f2e6452f508e,2021.06.09.12.51.31_veh-35_01729_02626,1.0,2021.06.09.12.51.31_veh-35_01729_02626,1.0,0.0
e43cc13c56e855d5,2021.06.09.12.51.31_veh-35_01729_02626,0.9984281881889996,2021.06.09.12.51.31_veh-35_01729_02626,1.0,0.001571811811000412
e45bba9f532950f7,2021.06.09.12.51.31_veh-35_01729_02626,0.0,2021.06.09.12.51.31_veh-35_01729_02626,0.0,0.0
e4eda26dbd53523d,2021.06.09.12.51.31_veh-35_01729_02626,1.0,2021.06.09.12.51.31_veh-35_01729_02626,1.0,0.0
e522cb132d57506a,2021.06.09.12.51.31_veh-35_01729_02626,0.864075437223902,2021.06.09.12.51.31_veh-35_01729_02626,0.8642316584297056,0.00015622120580360832
e52ef27d2d245c63,2021.06.09.12.51.31_veh-35_01729_02626,0.8212811141718246,2021.06.09.12.51.31_veh-35_01729_02626,0.8219177164220905,0.0006366022502659607
e6f686686cc452cf,2021.06.09.12.51.31_veh-35_01729_02626,0.9820156354002069,2021.06.09.12.51.31_veh-35_01729_02626,0.9823056224987725,0.0002899870985656472
e799e9f5385a5a2c,2021.06.09.12.51.31_veh-35_01729_02626,1.0,2021.06.09.12.51.31_veh-35_01729_02626,1.0,0.0
ea7c22e1d36856c3,2021.06.09.12.51.31_veh-35_01729_02626,1.0,2021.06.09.12.51.31_veh-35_01729_02626,1.0,0.0
eadab740750b5a54,2021.06.09.12.51.31_veh-35_01729_02626,0.8470897736024351,2021.06.09.12.51.31_veh-35_01729_02626,0.8475603043483471,0.00047053074591196786
ee053b086fb1560c,2021.06.09.12.51.31_veh-35_01729_02626,0.8835017548593931,2021.06.09.12.51.31_veh-35_01729_02626,0.8850001147589426,0.0014983598995494951
ee7c0c535d415ded,2021.06.09.12.51.31_veh-35_01729_02626,0.9427779799967277,2021.06.09.12.51.31_veh-35_01729_02626,0.9430988504014157,0.00032087040468797845
ee855ade6ba5504c,2021.06.09.12.51.31_veh-35_01729_02626,1.0,2021.06.09.12.51.31_veh-35_01729_02626,1.0,0.0
ef5d74901e465a0d,2021.06.09.12.51.31_veh-35_01729_02626,0.8390738353279826,2021.06.09.12.51.31_veh-35_01729_02626,0.8406597400550171,0.0015859047270344595
f00788c502f25587,2021.06.09.12.51.31_veh-35_01729_02626,1.0,2021.06.09.12.51.31_veh-35_01729_02626,1.0,0.0
f1bf12acb8445268,2021.06.09.12.51.31_veh-35_01729_02626,1.0,2021.06.09.12.51.31_veh-35_01729_02626,1.0,0.0
f25726c61f48502f,2021.06.09.12.51.31_veh-35_01729_02626,1.0,2021.06.09.12.51.31_veh-35_01729_02626,1.0,0.0
f285ec68af385fc4,2021.06.09.12.51.31_veh-35_01729_02626,0.8543297000515797,2021.06.09.12.51.31_veh-35_01729_02626,0.8546205381081766,0.0002908380565969093
f29cff9a8d905f5d,2021.06.09.12.51.31_veh-35_01729_02626,1.0,2021.06.09.12.51.31_veh-35_01729_02626,1.0,0.0
f2bdb5407b145bcd,2021.06.09.12.51.31_veh-35_01729_02626,1.0,2021.06.09.12.51.31_veh-35_01729_02626,1.0,0.0
f329e674bbb950b3,2021.06.09.12.51.31_veh-35_01729_02626,0.9708357065173909,2021.06.09.12.51.31_veh-35_01729_02626,0.9723206736038505,0.001484967086459621
f37d56c3d1f059ec,2021.06.09.12.51.31_veh-35_01729_02626,0.8684440029932066,2021.06.09.12.51.31_veh-35_01729_02626,0.8697566677947293,0.0013126648015227005
f44ec48280225191,2021.06.09.12.51.31_veh-35_01729_02626,1.0,2021.06.09.12.51.31_veh-35_01729_02626,1.0,0.0
f4ec1f572cef5c49,2021.06.09.12.51.31_veh-35_01729_02626,0.81082449853875,2021.06.09.12.51.31_veh-35_01729_02626,0.8112683261436815,0.000443827604931446
f4f7c2de2c0656fe,2021.06.09.12.51.31_veh-35_01729_02626,0.961368440629709,2021.06.09.12.51.31_veh-35_01729_02626,0.9629460511571876,0.0015776105274785124
f606a68831b959bb,2021.06.09.12.51.31_veh-35_01729_02626,0.8566518315796624,2021.06.09.12.51.31_veh-35_01729_02626,0.857487913078947,0.0008360814992846022
f63d23a573a550f3,2021.06.09.12.51.31_veh-35_01729_02626,1.0,2021.06.09.12.51.31_veh-35_01729_02626,1.0,0.0
f68dfe3760c25453,2021.06.09.12.51.31_veh-35_01729_02626,1.0,2021.06.09.12.51.31_veh-35_01729_02626,1.0,0.0
f8cd764491c15c36,2021.06.09.12.51.31_veh-35_01729_02626,1.0,2021.06.09.12.51.31_veh-35_01729_02626,1.0,0.0
f9b9cec54e8759c8,2021.06.09.12.51.31_veh-35_01729_02626,1.0,2021.06.09.12.51.31_veh-35_01729_02626,1.0,0.0
fa88f25a8971596f,2021.06.09.12.51.31_veh-35_01729_02626,1.0,2021.06.09.12.51.31_veh-35_01729_02626,1.0,0.0
fa89a1586e92554d,2021.06.09.12.51.31_veh-35_01729_02626,0.8789159790635825,2021.06.09.12.51.31_veh-35_01729_02626,0.8809834027331772,0.00206742366959467
fb2723881f29596c,2021.06.09.12.51.31_veh-35_01729_02626,0.9658837562800867,2021.06.09.12.51.31_veh-35_01729_02626,0.9665743536784237,0.0006905973983369895
fbf80b893a45596c,2021.06.09.12.51.31_veh-35_01729_02626,1.0,2021.06.09.12.51.31_veh-35_01729_02626,1.0,0.0
04892d0279ea5905,2021.06.09.20.26.11_veh-35_00970_01216,0.9449201423197677,2021.06.09.20.26.11_veh-35_00970_01216,0.9457800452796621,0.0008599029598943542
04b8f4a99be85973,2021.06.09.20.26.11_veh-35_00970_01216,1.0,2021.06.09.20.26.11_veh-35_00970_01216,1.0,0.0
050bc5dc61b05c0c,2021.06.09.20.26.11_veh-35_00970_01216,0.9488664879254824,2021.06.09.20.26.11_veh-35_00970_01216,0.9492289858704699,0.0003624979449874388
05dc6e420d935b8e,2021.06.09.20.26.11_veh-35_00970_01216,1.0,2021.06.09.20.26.11_veh-35_00970_01216,1.0,0.0
083a415c4ea15ef6,2021.06.09.20.26.11_veh-35_00970_01216,1.0,2021.06.09.20.26.11_veh-35_00970_01216,1.0,0.0
0fd89914075c5330,2021.06.09.20.26.11_veh-35_00970_01216,1.0,2021.06.09.20.26.11_veh-35_00970_01216,1.0,0.0
11b917a7dad65cb3,2021.06.09.20.26.11_veh-35_00970_01216,1.0,2021.06.09.20.26.11_veh-35_00970_01216,1.0,0.0
179d390028965461,2021.06.09.20.26.11_veh-35_00970_01216,0.9243924539931907,2021.06.09.20.26.11_veh-35_00970_01216,0.9258172797159723,0.0014248257227815753
2156346d5dcf5246,2021.06.09.20.26.11_veh-35_00970_01216,0.9157848372352535,2021.06.09.20.26.11_veh-35_00970_01216,0.9185005866044919,0.0027157493692383516
2c1795e29af65a31,2021.06.09.20.26.11_veh-35_00970_01216,0.9195098692948896,2021.06.09.20.26.11_veh-35_00970_01216,0.9210910679255437,0.0015811986306540904
317266217a3b548d,2021.06.09.20.26.11_veh-35_00970_01216,1.0,2021.06.09.20.26.11_veh-35_00970_01216,1.0,0.0
327c4934e82a54cb,2021.06.09.20.26.11_veh-35_00970_01216,0.9238429500736073,2021.06.09.20.26.11_veh-35_00970_01216,0.9240940844146172,0.0002511343410098732
346855a3e0115ac3,2021.06.09.20.26.11_veh-35_00970_01216,1.0,2021.06.09.20.26.11_veh-35_00970_01216,1.0,0.0
3b4b55afcacf553e,2021.06.09.20.26.11_veh-35_00970_01216,0.9203885497447294,2021.06.09.20.26.11_veh-35_00970_01216,0.9211412254850885,0.0007526757403590878
3d62676b9d685b3a,2021.06.09.20.26.11_veh-35_00970_01216,1.0,2021.06.09.20.26.11_veh-35_00970_01216,1.0,0.0
3f037c2e281b5c8c,2021.06.09.20.26.11_veh-35_00970_01216,0.9508232585179169,2021.06.09.20.26.11_veh-35_00970_01216,0.951629692778698,0.0008064342607810859
43a10e21990254ae,2021.06.09.20.26.11_veh-35_00970_01216,0.9565671823467954,2021.06.09.20.26.11_veh-35_00970_01216,0.9568991147893802,0.0003319324425847814
47520165cdf25645,2021.06.09.20.26.11_veh-35_00970_01216,0.9293754561554113,2021.06.09.20.26.11_veh-35_00970_01216,0.9304651268111168,0.0010896706557055325
490c8875ae7a5f43,2021.06.09.20.26.11_veh-35_00970_01216,1.0,2021.06.09.20.26.11_veh-35_00970_01216,1.0,0.0
49593af9450356f9,2021.06.09.20.26.11_veh-35_00970_01216,1.0,2021.06.09.20.26.11_veh-35_00970_01216,1.0,0.0
4ac26d15063b57c9,2021.06.09.20.26.11_veh-35_00970_01216,1.0,2021.06.09.20.26.11_veh-35_00970_01216,1.0,0.0
4d0efac8ead15d25,2021.06.09.20.26.11_veh-35_00970_01216,0.9353502120059598,2021.06.09.20.26.11_veh-35_00970_01216,0.9366348794790873,0.0012846674731274987
56cbb46576da5737,2021.06.09.20.26.11_veh-35_00970_01216,0.9314788114565484,2021.06.09.20.26.11_veh-35_00970_01216,0.9340264601152892,0.0025476486587407976
5ab86590974953e9,2021.06.09.20.26.11_veh-35_00970_01216,0.9639264704469718,2021.06.09.20.26.11_veh-35_00970_01216,0.9646010998066696,0.0006746293596978647
635bb611aa9a56e9,2021.06.09.20.26.11_veh-35_00970_01216,0.8958786786736728,2021.06.09.20.26.11_veh-35_00970_01216,0.896930807076284,0.0010521284026112632
649ab25cb5fe57ab,2021.06.09.20.26.11_veh-35_00970_01216,0.9402997371592475,2021.06.09.20.26.11_veh-35_00970_01216,0.9402327835181874,-6.695364106013013e-05
6563dc1cfa4f5cce,2021.06.09.20.26.11_veh-35_00970_01216,0.9634258320071487,2021.06.09.20.26.11_veh-35_00970_01216,0.9638677946403105,0.0004419626331617632
6a8d143de4885b52,2021.06.09.20.26.11_veh-35_00970_01216,0.9536932895512076,2021.06.09.20.26.11_veh-35_00970_01216,0.9540635440599932,0.0003702545087855835
7c43ce4287c252da,2021.06.09.20.26.11_veh-35_00970_01216,1.0,2021.06.09.20.26.11_veh-35_00970_01216,1.0,0.0
80725ea45ed953a5,2021.06.09.20.26.11_veh-35_00970_01216,1.0,2021.06.09.20.26.11_veh-35_00970_01216,1.0,0.0
8138d3f674fd5b1f,2021.06.09.20.26.11_veh-35_00970_01216,1.0,2021.06.09.20.26.11_veh-35_00970_01216,1.0,0.0
870cb529ffac50e0,2021.06.09.20.26.11_veh-35_00970_01216,0.9213460296351148,2021.06.09.20.26.11_veh-35_00970_01216,0.921900972366438,0.0005549427313231714
8823d1c7c34b57ac,2021.06.09.20.26.11_veh-35_00970_01216,0.9367248358135148,2021.06.09.20.26.11_veh-35_00970_01216,0.9373366655486407,0.0006118297351258573
89e48839087057c4,2021.06.09.20.26.11_veh-35_00970_01216,0.9623057940338837,2021.06.09.20.26.11_veh-35_00970_01216,0.9627566728901262,0.00045087885624250923
8fec4a414ec45ed3,2021.06.09.20.26.11_veh-35_00970_01216,0.9427912533195497,2021.06.09.20.26.11_veh-35_00970_01216,0.9436262163562307,0.000834963036680958
95b2448f02bb58e6,2021.06.09.20.26.11_veh-35_00970_01216,1.0,2021.06.09.20.26.11_veh-35_00970_01216,1.0,0.0
99f700e7e9af5407,2021.06.09.20.26.11_veh-35_00970_01216,1.0,2021.06.09.20.26.11_veh-35_00970_01216,1.0,0.0
9a4b00e867fc591d,2021.06.09.20.26.11_veh-35_00970_01216,1.0,2021.06.09.20.26.11_veh-35_00970_01216,1.0,0.0
9b877b869b3d5f89,2021.06.09.20.26.11_veh-35_00970_01216,1.0,2021.06.09.20.26.11_veh-35_00970_01216,1.0,0.0
9d35cc01a2ca541d,2021.06.09.20.26.11_veh-35_00970_01216,0.9317015913628276,2021.06.09.20.26.11_veh-35_00970_01216,0.9320185904264614,0.0003169990636338049
9e6d11e4e8385c43,2021.06.09.20.26.11_veh-35_00970_01216,1.0,2021.06.09.20.26.11_veh-35_00970_01216,1.0,0.0
9eba22c564c15cff,2021.06.09.20.26.11_veh-35_00970_01216,1.0,2021.06.09.20.26.11_veh-35_00970_01216,1.0,0.0
a02f3e19c1ad5991,2021.06.09.20.26.11_veh-35_00970_01216,0.9625129818374717,2021.06.09.20.26.11_veh-35_00970_01216,0.9647089667157444,0.002195984878272661
a1f10af5c1bd57f8,2021.06.09.20.26.11_veh-35_00970_01216,0.9661239328888409,2021.06.09.20.26.11_veh-35_00970_01216,0.96652604380004,0.00040211091119912723
a2e8d995e6985d26,2021.06.09.20.26.11_veh-35_00970_01216,0.9800876901897102,2021.06.09.20.26.11_veh-35_00970_01216,0.981142947467883,0.0010552572781727942
a4add302e42c5c7e,2021.06.09.20.26.11_veh-35_00970_01216,0.9380935618743171,2021.06.09.20.26.11_veh-35_00970_01216,0.9384727903080068,0.000379228433689649
a7678eea2655557f,2021.06.09.20.26.11_veh-35_00970_01216,0.9238569660835585,2021.06.09.20.26.11_veh-35_00970_01216,0.9255006057876254,0.0016436397040668904
a7a0e345cbe251ff,2021.06.09.20.26.11_veh-35_00970_01216,1.0,2021.06.09.20.26.11_veh-35_00970_01216,1.0,0.0
aaa588f7383f52b7,2021.06.09.20.26.11_veh-35_00970_01216,0.9018744375612362,2021.06.09.20.26.11_veh-35_00970_01216,0.9032251740365483,0.001350736475312142
aae99a84413d5f72,2021.06.09.20.26.11_veh-35_00970_01216,0.9147800854962409,2021.06.09.20.26.11_veh-35_00970_01216,0.9157099202512935,0.0009298347550525943
b56363ebc91255ac,2021.06.09.20.26.11_veh-35_00970_01216,0.9108908550393864,2021.06.09.20.26.11_veh-35_00970_01216,0.9119253802343842,0.001034525194997804
b5d7c17fe5375141,2021.06.09.20.26.11_veh-35_00970_01216,0.9371038520559924,2021.06.09.20.26.11_veh-35_00970_01216,0.9380893195246826,0.0009854674686901044
bbf8128f3cbd51ef,2021.06.09.20.26.11_veh-35_00970_01216,1.0,2021.06.09.20.26.11_veh-35_00970_01216,1.0,0.0
bc1dfb2384b05a4b,2021.06.09.20.26.11_veh-35_00970_01216,0.9485023283030846,2021.06.09.20.26.11_veh-35_00970_01216,0.9493528406171438,0.000850512314059193
c3320ccc8a035eec,2021.06.09.20.26.11_veh-35_00970_01216,0.9408982915202397,2021.06.09.20.26.11_veh-35_00970_01216,0.941533383220347,0.0006350917001072265
c7835426e03a501e,2021.06.09.20.26.11_veh-35_00970_01216,0.942873884961419,2021.06.09.20.26.11_veh-35_00970_01216,0.943983078362305,0.0011091934008859994
cc4e7f2a2a7255f5,2021.06.09.20.26.11_veh-35_00970_01216,0.86735966847734,2021.06.09.20.26.11_veh-35_00970_01216,0.8688307750798151,0.0014711066024750696
ccfd863b143e5dd5,2021.06.09.20.26.11_veh-35_00970_01216,0.945816130033553,2021.06.09.20.26.11_veh-35_00970_01216,0.9464091196445703,0.0005929896110172805
cf4f76be62c25b5f,2021.06.09.20.26.11_veh-35_00970_01216,1.0,2021.06.09.20.26.11_veh-35_00970_01216,1.0,0.0
cf5cb6cadfbd52e9,2021.06.09.20.26.11_veh-35_00970_01216,0.9259943993618738,2021.06.09.20.26.11_veh-35_00970_01216,0.9277032915900887,0.0017088922282149088
d2906d36973b5d41,2021.06.09.20.26.11_veh-35_00970_01216,0.9497374940389849,2021.06.09.20.26.11_veh-35_00970_01216,0.9504077502452285,0.0006702562062436135
d4196ca11ef45f55,2021.06.09.20.26.11_veh-35_00970_01216,1.0,2021.06.09.20.26.11_veh-35_00970_01216,1.0,0.0
dc5dc0a76c7c546a,2021.06.09.20.26.11_veh-35_00970_01216,0.9354360422451917,2021.06.09.20.26.11_veh-35_00970_01216,0.936905585378597,0.0014695431334053044
dd0ee62e28ee5eaf,2021.06.09.20.26.11_veh-35_00970_01216,0.9409738883408536,2021.06.09.20.26.11_veh-35_00970_01216,0.9418213503788401,0.0008474620379864684
e06b4eb07a9b5be3,2021.06.09.20.26.11_veh-35_00970_01216,0.9046226533112525,2021.06.09.20.26.11_veh-35_00970_01216,0.9070413558645467,0.0024187025532942386
f1f36e051147572e,2021.06.09.20.26.11_veh-35_00970_01216,1.0,2021.06.09.20.26.11_veh-35_00970_01216,1.0,0.0
fd650b8a78ab5706,2021.06.09.20.26.11_veh-35_00970_01216,0.9584191776355343,2021.06.09.20.26.11_veh-35_00970_01216,0.9589415388889495,0.0005223612534152045
fe288a64350d556b,2021.06.09.20.26.11_veh-35_00970_01216,0.9144876437353081,2021.06.09.20.26.11_veh-35_00970_01216,0.9155463318195464,0.0010586880842382573
017221a69d845d5f,2021.06.23.17.31.36_veh-16_00016_00377,0.9730930068779919,2021.06.23.17.31.36_veh-16_00016_00377,0.9741831734464822,0.0010901665684902584
02dff6541a8c574b,2021.06.23.17.31.36_veh-16_00016_00377,0.8942548428099274,2021.06.23.17.31.36_veh-16_00016_00377,0.8953105887064248,0.0010557458964973732
047ca296724153ed,2021.06.23.17.31.36_veh-16_00016_00377,0.9975635652560146,2021.06.23.17.31.36_veh-16_00016_00377,0.9978262411602434,0.00026267590422879294
0612ae5a43ea5e14,2021.06.23.17.31.36_veh-16_00016_00377,0.875,2021.06.23.17.31.36_veh-16_00016_00377,0.875,0.0
08309993090158ed,2021.06.23.17.31.36_veh-16_00016_00377,0.9641108059840775,2021.06.23.17.31.36_veh-16_00016_00377,0.9647584777414041,0.0006476717573266066
105b3c761dee5fcb,2021.06.23.17.31.36_veh-16_00016_00377,0.875,2021.06.23.17.31.36_veh-16_00016_00377,0.875,0.0
1168282af331504e,2021.06.23.17.31.36_veh-16_00016_00377,1.0,2021.06.23.17.31.36_veh-16_00016_00377,1.0,0.0
136d82f937c45885,2021.06.23.17.31.36_veh-16_00016_00377,1.0,2021.06.23.17.31.36_veh-16_00016_00377,1.0,0.0
16ea1ed69aed5de1,2021.06.23.17.31.36_veh-16_00016_00377,1.0,2021.06.23.17.31.36_veh-16_00016_00377,1.0,0.0
1783be8f68bc560f,2021.06.23.17.31.36_veh-16_00016_00377,1.0,2021.06.23.17.31.36_veh-16_00016_00377,1.0,0.0
17d80f18ee7854c0,2021.06.23.17.31.36_veh-16_00016_00377,1.0,2021.06.23.17.31.36_veh-16_00016_00377,1.0,0.0
1c9e768f7d545a89,2021.06.23.17.31.36_veh-16_00016_00377,1.0,2021.06.23.17.31.36_veh-16_00016_00377,1.0,0.0
1e7bb5730b095273,2021.06.23.17.31.36_veh-16_00016_00377,0.9999973690259296,2021.06.23.17.31.36_veh-16_00016_00377,1.0,2.630974070383374e-06
2130fc97f34f5668,2021.06.23.17.31.36_veh-16_00016_00377,0.875,2021.06.23.17.31.36_veh-16_00016_00377,0.875,0.0
23e4660a0f365854,2021.06.23.17.31.36_veh-16_00016_00377,0.9083404393274931,2021.06.23.17.31.36_veh-16_00016_00377,0.9088087422725653,0.0004683029450721632
252aca165e205caf,2021.06.23.17.31.36_veh-16_00016_00377,1.0,2021.06.23.17.31.36_veh-16_00016_00377,1.0,0.0
2546a09ed60755b9,2021.06.23.17.31.36_veh-16_00016_00377,0.9426223304092876,2021.06.23.17.31.36_veh-16_00016_00377,0.9435629530656485,0.0009406226563609676
29b843e9d1145127,2021.06.23.17.31.36_veh-16_00016_00377,0.9616893635788153,2021.06.23.17.31.36_veh-16_00016_00377,0.9626494439641027,0.0009600803852873874
2a9ea017fb55572b,2021.06.23.17.31.36_veh-16_00016_00377,0.944471410866845,2021.06.23.17.31.36_veh-16_00016_00377,0.9452341196418348,0.0007627087749897399
30b7a3bf71b956de,2021.06.23.17.31.36_veh-16_00016_00377,0.9977307746758866,2021.06.23.17.31.36_veh-16_00016_00377,0.9979714056765929,0.00024063100070637056
3227b869cdd85654,2021.06.23.17.31.36_veh-16_00016_00377,0.8567576324410606,2021.06.23.17.31.36_veh-16_00016_00377,0.8572007821261697,0.0004431496851090566
3fa2f81cff025162,2021.06.23.17.31.36_veh-16_00016_00377,0.9978143664614585,2021.06.23.17.31.36_veh-16_00016_00377,0.9990728156094877,0.0012584491480291948
404cf17b53805018,2021.06.23.17.31.36_veh-16_00016_00377,0.8734078905567225,2021.06.23.17.31.36_veh-16_00016_00377,0.874792348887613,0.0013844583308905145
405732349b21524a,2021.06.23.17.31.36_veh-16_00016_00377,1.0,2021.06.23.17.31.36_veh-16_00016_00377,1.0,0.0
4b0db1652aa857f0,2021.06.23.17.31.36_veh-16_00016_00377,1.0,2021.06.23.17.31.36_veh-16_00016_00377,1.0,0.0
4bb5e84b73765d38,2021.06.23.17.31.36_veh-16_00016_00377,1.0,2021.06.23.17.31.36_veh-16_00016_00377,1.0,0.0
4f9e9b2e8e77599c,2021.06.23.17.31.36_veh-16_00016_00377,0.875,2021.06.23.17.31.36_veh-16_00016_00377,0.875,0.0
515b07ed8b6a5e82,2021.06.23.17.31.36_veh-16_00016_00377,1.0,2021.06.23.17.31.36_veh-16_00016_00377,1.0,0.0
547b22ed67af5503,2021.06.23.17.31.36_veh-16_00016_00377,0.8900457912364005,2021.06.23.17.31.36_veh-16_00016_00377,0.8910469941730269,0.001001202936626422
57e56c60ae355a07,2021.06.23.17.31.36_veh-16_00016_00377,0.907817607074209,2021.06.23.17.31.36_veh-16_00016_00377,0.9080937137050484,0.00027610663083943443
5a8f0cf120495354,2021.06.23.17.31.36_veh-16_00016_00377,0.9725798780317344,2021.06.23.17.31.36_veh-16_00016_00377,0.9727232127301455,0.0001433346984111017
5d6fd74f1a555e69,2021.06.23.17.31.36_veh-16_00016_00377,0.97847560439012,2021.06.23.17.31.36_veh-16_00016_00377,0.9787121759237705,0.00023657153365042038
6209313b0b66517c,2021.06.23.17.31.36_veh-16_00016_00377,0.9474739231213779,2021.06.23.17.31.36_veh-16_00016_00377,0.948021839870526,0.0005479167491481141
629a2f2a44f6575d,2021.06.23.17.31.36_veh-16_00016_00377,0.8963251319229074,2021.06.23.17.31.36_veh-16_00016_00377,0.897222025491313,0.0008968935684056101
6339f2317047535d,2021.06.23.17.31.36_veh-16_00016_00377,0.9275462136196703,2021.06.23.17.31.36_veh-16_00016_00377,0.929212973185172,0.0016667595655017742
64f48caa82ee547c,2021.06.23.17.31.36_veh-16_00016_00377,0.9451199062059659,2021.06.23.17.31.36_veh-16_00016_00377,0.9453982907112544,0.0002783845052884981
6513ddef308f553f,2021.06.23.17.31.36_veh-16_00016_00377,1.0,2021.06.23.17.31.36_veh-16_00016_00377,1.0,0.0
710c63523d4d5e05,2021.06.23.17.31.36_veh-16_00016_00377,1.0,2021.06.23.17.31.36_veh-16_00016_00377,1.0,0.0
7385fa0f1ebf5356,2021.06.23.17.31.36_veh-16_00016_00377,0.9826317074270308,2021.06.23.17.31.36_veh-16_00016_00377,0.9829342399087928,0.00030253248176204117
7567becdd4005b0b,2021.06.23.17.31.36_veh-16_00016_00377,0.9207384782189231,2021.06.23.17.31.36_veh-16_00016_00377,0.921945134102641,0.001206655883717933
77a62006cb995aa7,2021.06.23.17.31.36_veh-16_00016_00377,0.875,2021.06.23.17.31.36_veh-16_00016_00377,0.875,0.0
79bc073387755a35,2021.06.23.17.31.36_veh-16_00016_00377,1.0,2021.06.23.17.31.36_veh-16_00016_00377,1.0,0.0
79bd7ba72d985b0b,2021.06.23.17.31.36_veh-16_00016_00377,0.9427948910661723,2021.06.23.17.31.36_veh-16_00016_00377,0.9431835502537833,0.0003886591876109957
79ec50c2dd9352bb,2021.06.23.17.31.36_veh-16_00016_00377,1.0,2021.06.23.17.31.36_veh-16_00016_00377,1.0,0.0
7a6d02ce41635a31,2021.06.23.17.31.36_veh-16_00016_00377,0.9506484853592536,2021.06.23.17.31.36_veh-16_00016_00377,0.9507798930690046,0.0001314077097509525
85288108bac2504f,2021.06.23.17.31.36_veh-16_00016_00377,1.0,2021.06.23.17.31.36_veh-16_00016_00377,1.0,0.0
863019d9f09155f7,2021.06.23.17.31.36_veh-16_00016_00377,0.9766338621127373,2021.06.23.17.31.36_veh-16_00016_00377,0.9770406300725758,0.00040676795983851655
874a3a4f7582531d,2021.06.23.17.31.36_veh-16_00016_00377,1.0,2021.06.23.17.31.36_veh-16_00016_00377,1.0,0.0
883024c704b55ed4,2021.06.23.17.31.36_veh-16_00016_00377,1.0,2021.06.23.17.31.36_veh-16_00016_00377,1.0,0.0
8cc27785287f5367,2021.06.23.17.31.36_veh-16_00016_00377,1.0,2021.06.23.17.31.36_veh-16_00016_00377,1.0,0.0
912976ebea0b5dae,2021.06.23.17.31.36_veh-16_00016_00377,1.0,2021.06.23.17.31.36_veh-16_00016_00377,1.0,0.0
936fbc402ef75a7f,2021.06.23.17.31.36_veh-16_00016_00377,0.8761661319371541,2021.06.23.17.31.36_veh-16_00016_00377,0.8776568119212852,0.0014906799841311047
95e0d89479815fa6,2021.06.23.17.31.36_veh-16_00016_00377,1.0,2021.06.23.17.31.36_veh-16_00016_00377,1.0,0.0
9742b96a0eee5097,2021.06.23.17.31.36_veh-16_00016_00377,0.9245899692875156,2021.06.23.17.31.36_veh-16_00016_00377,0.925967812040768,0.0013778427532523674
9ae5a292b89155a0,2021.06.23.17.31.36_veh-16_00016_00377,1.0,2021.06.23.17.31.36_veh-16_00016_00377,1.0,0.0
a0134d1c60475b3c,2021.06.23.17.31.36_veh-16_00016_00377,0.9701627005294553,2021.06.23.17.31.36_veh-16_00016_00377,0.9704915709371861,0.0003288704077307747
a1cca44efdc256a2,2021.06.23.17.31.36_veh-16_00016_00377,1.0,2021.06.23.17.31.36_veh-16_00016_00377,1.0,0.0
a5aa2c07692a5f9b,2021.06.23.17.31.36_veh-16_00016_00377,1.0,2021.06.23.17.31.36_veh-16_00016_00377,1.0,0.0
a63d9d8cd31858ae,2021.06.23.17.31.36_veh-16_00016_00377,0.9487167215459652,2021.06.23.17.31.36_veh-16_00016_00377,0.9493869664874613,0.0006702449414961453
a8c8ce07867e569e,2021.06.23.17.31.36_veh-16_00016_00377,0.9381587056698701,2021.06.23.17.31.36_veh-16_00016_00377,0.939683900276673,0.0015251946068028932
aac0caff26875b79,2021.06.23.17.31.36_veh-16_00016_00377,1.0,2021.06.23.17.31.36_veh-16_00016_00377,1.0,0.0
ac7ab75271c75a44,2021.06.23.17.31.36_veh-16_00016_00377,1.0,2021.06.23.17.31.36_veh-16_00016_00377,1.0,0.0
b6182e45cd3b5d7f,2021.06.23.17.31.36_veh-16_00016_00377,0.9155457363198647,2021.06.23.17.31.36_veh-16_00016_00377,0.9164779419900841,0.0009322056702194548
b6d189e5f2ec50c2,2021.06.23.17.31.36_veh-16_00016_00377,1.0,2021.06.23.17.31.36_veh-16_00016_00377,1.0,0.0
b7b9f10bef7a5622,2021.06.23.17.31.36_veh-16_00016_00377,0.9449368750636374,2021.06.23.17.31.36_veh-16_00016_00377,0.9459794880516081,0.0010426129879707036
b81fcf5bd7a4591a,2021.06.23.17.31.36_veh-16_00016_00377,1.0,2021.06.23.17.31.36_veh-16_00016_00377,1.0,0.0
b95a7514b8775870,2021.06.23.17.31.36_veh-16_00016_00377,1.0,2021.06.23.17.31.36_veh-16_00016_00377,1.0,0.0
c0f92874404d5814,2021.06.23.17.31.36_veh-16_00016_00377,1.0,2021.06.23.17.31.36_veh-16_00016_00377,1.0,0.0
c4f3d6c372f75f22,2021.06.23.17.31.36_veh-16_00016_00377,1.0,2021.06.23.17.31.36_veh-16_00016_00377,1.0,0.0
c5c83e635ce45982,2021.06.23.17.31.36_veh-16_00016_00377,0.9410047148276052,2021.06.23.17.31.36_veh-16_00016_00377,0.9414714969292934,0.00046678210168826784
c6cfdd13a63555f9,2021.06.23.17.31.36_veh-16_00016_00377,1.0,2021.06.23.17.31.36_veh-16_00016_00377,1.0,0.0
c8072f55706c5f01,2021.06.23.17.31.36_veh-16_00016_00377,1.0,2021.06.23.17.31.36_veh-16_00016_00377,1.0,0.0
cacc810a5db75d16,2021.06.23.17.31.36_veh-16_00016_00377,0.9253244678299474,2021.06.23.17.31.36_veh-16_00016_00377,0.9257655520098688,0.0004410841799213916
cb8765fe0d6a535b,2021.06.23.17.31.36_veh-16_00016_00377,1.0,2021.06.23.17.31.36_veh-16_00016_00377,1.0,0.0
cffa453c95b657c1,2021.06.23.17.31.36_veh-16_00016_00377,0.9496014227357656,2021.06.23.17.31.36_veh-16_00016_00377,0.9502268447512101,0.0006254220154444656
d2238c0841d254ba,2021.06.23.17.31.36_veh-16_00016_00377,0.9725147272738333,2021.06.23.17.31.36_veh-16_00016_00377,0.9727234236188222,0.00020869634498899003
d253715e74925e00,2021.06.23.17.31.36_veh-16_00016_00377,0.9989133204385068,2021.06.23.17.31.36_veh-16_00016_00377,0.9995887371491222,0.0006754167106154396
d43f45ce61dd52e3,2021.06.23.17.31.36_veh-16_00016_00377,1.0,2021.06.23.17.31.36_veh-16_00016_00377,1.0,0.0
d53f4d4045e55032,2021.06.23.17.31.36_veh-16_00016_00377,1.0,2021.06.23.17.31.36_veh-16_00016_00377,1.0,0.0
db812a0eaf435d65,2021.06.23.17.31.36_veh-16_00016_00377,1.0,2021.06.23.17.31.36_veh-16_00016_00377,1.0,0.0
ddc6f1960bc05d62,2021.06.23.17.31.36_veh-16_00016_00377,1.0,2021.06.23.17.31.36_veh-16_00016_00377,1.0,0.0
de1498ad86835196,2021.06.23.17.31.36_veh-16_00016_00377,0.9464890108686587,2021.06.23.17.31.36_veh-16_00016_00377,0.947429448116129,0.0009404372474702827
e2c494b98d885c19,2021.06.23.17.31.36_veh-16_00016_00377,0.875,2021.06.23.17.31.36_veh-16_00016_00377,0.875,0.0
e503592e74a35c78,2021.06.23.17.31.36_veh-16_00016_00377,0.9185204368530295,2021.06.23.17.31.36_veh-16_00016_00377,0.920009048225289,0.0014886113722594185
e8b3c7058c315bca,2021.06.23.17.31.36_veh-16_00016_00377,0.9586507287946857,2021.06.23.17.31.36_veh-16_00016_00377,0.958764693906365,0.00011396511167927059
e97f92e1a63f54b9,2021.06.23.17.31.36_veh-16_00016_00377,0.9413003736563008,2021.06.23.17.31.36_veh-16_00016_00377,0.9423062896212646,0.0010059159649637994
e980ff490b835222,2021.06.23.17.31.36_veh-16_00016_00377,0.875,2021.06.23.17.31.36_veh-16_00016_00377,0.875,0.0
ea1dbf3aec435c27,2021.06.23.17.31.36_veh-16_00016_00377,1.0,2021.06.23.17.31.36_veh-16_00016_00377,1.0,0.0
ea7239e96a555f2c,2021.06.23.17.31.36_veh-16_00016_00377,1.0,2021.06.23.17.31.36_veh-16_00016_00377,1.0,0.0
eb1a57fcb1835169,2021.06.23.17.31.36_veh-16_00016_00377,1.0,2021.06.23.17.31.36_veh-16_00016_00377,1.0,0.0
eefa88c125d55aa4,2021.06.23.17.31.36_veh-16_00016_00377,0.9123012104797569,2021.06.23.17.31.36_veh-16_00016_00377,0.913812711920585,0.0015115014408281224
efc7193a7907550e,2021.06.23.17.31.36_veh-16_00016_00377,0.875,2021.06.23.17.31.36_veh-16_00016_00377,0.875,0.0
f5d06fd7f2195088,2021.06.23.17.31.36_veh-16_00016_00377,0.94532278184001,2021.06.23.17.31.36_veh-16_00016_00377,0.9478618957454024,0.0025391139053924094
faa2e3893e2f540a,2021.06.23.17.31.36_veh-16_00016_00377,1.0,2021.06.23.17.31.36_veh-16_00016_00377,1.0,0.0
fe3ae84c2c3b5232,2021.06.23.17.31.36_veh-16_00016_00377,0.875,2021.06.23.17.31.36_veh-16_00016_00377,0.875,0.0
038d98b0aef65cc5,2021.06.09.17.23.18_veh-38_01598_01750,1.0,2021.06.09.17.23.18_veh-38_01598_01750,1.0,0.0
0a50e549c5ed5787,2021.06.09.17.23.18_veh-38_01598_01750,0.9373950652532425,2021.06.09.17.23.18_veh-38_01598_01750,0.9380543628786074,0.0006592976253649852
13bb402c57765d6e,2021.06.09.17.23.18_veh-38_01598_01750,0.9208346266091492,2021.06.09.17.23.18_veh-38_01598_01750,0.9223390132499772,0.0015043866408280815
13dddabad3d65ddf,2021.06.09.17.23.18_veh-38_01598_01750,0.8775726397120498,2021.06.09.17.23.18_veh-38_01598_01750,0.8785459022619837,0.0009732625499339065
16840451fa765419,2021.06.09.17.23.18_veh-38_01598_01750,1.0,2021.06.09.17.23.18_veh-38_01598_01750,1.0,0.0
16df14e0b5fe574f,2021.06.09.17.23.18_veh-38_01598_01750,0.9579193275160959,2021.06.09.17.23.18_veh-38_01598_01750,0.9582814218326294,0.0003620943165335566
1b31ffd5f3ec5f5d,2021.06.09.17.23.18_veh-38_01598_01750,1.0,2021.06.09.17.23.18_veh-38_01598_01750,1.0,0.0
21748134e645518e,2021.06.09.17.23.18_veh-38_01598_01750,1.0,2021.06.09.17.23.18_veh-38_01598_01750,1.0,0.0
21c95e7693d35dfd,2021.06.09.17.23.18_veh-38_01598_01750,1.0,2021.06.09.17.23.18_veh-38_01598_01750,1.0,0.0
252c2880193354f5,2021.06.09.17.23.18_veh-38_01598_01750,1.0,2021.06.09.17.23.18_veh-38_01598_01750,1.0,0.0
26d62f55fe175782,2021.06.09.17.23.18_veh-38_01598_01750,0.9629994415949852,2021.06.09.17.23.18_veh-38_01598_01750,0.9639644019281545,0.0009649603331692846
2e7a9b2142ec529f,2021.06.09.17.23.18_veh-38_01598_01750,0.8960501357737698,2021.06.09.17.23.18_veh-38_01598_01750,0.8975840715587813,0.0015339357850114865
34bf46975f2f5276,2021.06.09.17.23.18_veh-38_01598_01750,0.9596757912628785,2021.06.09.17.23.18_veh-38_01598_01750,0.9605637692875841,0.0008879780247056379
36fd9bb68bca5db1,2021.06.09.17.23.18_veh-38_01598_01750,0.943826734412375,2021.06.09.17.23.18_veh-38_01598_01750,0.9444735248701088,0.000646790457733859
451111f6221956c4,2021.06.09.17.23.18_veh-38_01598_01750,1.0,2021.06.09.17.23.18_veh-38_01598_01750,1.0,0.0
4a823fa4423e526b,2021.06.09.17.23.18_veh-38_01598_01750,1.0,2021.06.09.17.23.18_veh-38_01598_01750,1.0,0.0
4ab41adbd94856a2,2021.06.09.17.23.18_veh-38_01598_01750,0.9343548426775721,2021.06.09.17.23.18_veh-38_01598_01750,0.934458142260239,0.00010329958266697137
5238b46a3bea52ce,2021.06.09.17.23.18_veh-38_01598_01750,1.0,2021.06.09.17.23.18_veh-38_01598_01750,1.0,0.0
53ead5dd09575f56,2021.06.09.17.23.18_veh-38_01598_01750,0.9646989152837856,2021.06.09.17.23.18_veh-38_01598_01750,0.9650572263017793,0.00035831101799366216
5827e60e48d756b4,2021.06.09.17.23.18_veh-38_01598_01750,0.9418681126087559,2021.06.09.17.23.18_veh-38_01598_01750,0.9422835038846475,0.00041539127589163005
5f6dc8b1b2475507,2021.06.09.17.23.18_veh-38_01598_01750,1.0,2021.06.09.17.23.18_veh-38_01598_01750,1.0,0.0
61b8de25e8b35665,2021.06.09.17.23.18_veh-38_01598_01750,0.8622909908692067,2021.06.09.17.23.18_veh-38_01598_01750,0.8634043571520681,0.0011133662828614055
660a6c8bb9f85c97,2021.06.09.17.23.18_veh-38_01598_01750,1.0,2021.06.09.17.23.18_veh-38_01598_01750,1.0,0.0
7bf70bd17e9255b7,2021.06.09.17.23.18_veh-38_01598_01750,1.0,2021.06.09.17.23.18_veh-38_01598_01750,1.0,0.0
802050c72cc255d3,2021.06.09.17.23.18_veh-38_01598_01750,1.0,2021.06.09.17.23.18_veh-38_01598_01750,1.0,0.0
931c61a6152e519f,2021.06.09.17.23.18_veh-38_01598_01750,1.0,2021.06.09.17.23.18_veh-38_01598_01750,1.0,0.0
940a788763a55b7c,2021.06.09.17.23.18_veh-38_01598_01750,1.0,2021.06.09.17.23.18_veh-38_01598_01750,1.0,0.0
94ae5d67804c539d,2021.06.09.17.23.18_veh-38_01598_01750,0.9344274913376192,2021.06.09.17.23.18_veh-38_01598_01750,0.934933401695079,0.0005059103574598378
9cef9bb074dc57a9,2021.06.09.17.23.18_veh-38_01598_01750,1.0,2021.06.09.17.23.18_veh-38_01598_01750,1.0,0.0
9ed6b55afa4251dd,2021.06.09.17.23.18_veh-38_01598_01750,1.0,2021.06.09.17.23.18_veh-38_01598_01750,1.0,0.0
b64628fc8a365a5f,2021.06.09.17.23.18_veh-38_01598_01750,1.0,2021.06.09.17.23.18_veh-38_01598_01750,1.0,0.0
c00abd335c885349,2021.06.09.17.23.18_veh-38_01598_01750,0.9316451872817781,2021.06.09.17.23.18_veh-38_01598_01750,0.9319396354996852,0.00029444821790702846
cdf07217a5d057ef,2021.06.09.17.23.18_veh-38_01598_01750,1.0,2021.06.09.17.23.18_veh-38_01598_01750,1.0,0.0
ce0d30c4ede35e6e,2021.06.09.17.23.18_veh-38_01598_01750,1.0,2021.06.09.17.23.18_veh-38_01598_01750,1.0,0.0
e49b47bbb0c55e1e,2021.06.09.17.23.18_veh-38_01598_01750,0.9577418293391203,2021.06.09.17.23.18_veh-38_01598_01750,0.9585320125902741,0.0007901832511537643
ff5e73d54265581f,2021.06.09.17.23.18_veh-38_01598_01750,0.9424849875846179,2021.06.09.17.23.18_veh-38_01598_01750,0.9429046668595373,0.0004196792749194822
