bootstrap_samples,channel,channel_index,ci_high,ci_low,confidence,method,metric,point,seed
1000,candidate_relative_dynamic_occupancy,0,0.14873686689381546,0.12787336161484442,0.95,factual_only,auprc,0.13729157508012182,20260821
1000,candidate_relative_dynamic_occupancy,0,1.095372241978559,1.0049622537363947,0.95,factual_only,balanced_bce,1.0512289806231117,20260821
1000,candidate_relative_dynamic_occupancy,0,0.07485201078913017,0.06287647763722926,0.95,factual_only,iou,0.06849149235241507,20260821
1000,drivable_area_sdf,1,0.0675552051964216,0.060740087168756875,0.95,factual_only,huber,0.06412540894374251,20260821
1000,drivable_area_sdf,1,0.2890647681541741,0.27364349759072065,0.95,factual_only,normalized_l1,0.2818419776558876,20260821
1000,lane_sdf,2,0.060765281531214715,0.0545340238195844,0.95,factual_only,huber,0.05759202697314322,20260821
1000,lane_sdf,2,0.2731594414476305,0.25829003844335674,0.95,factual_only,normalized_l1,0.26593567928671835,20260821
1000,route_sdf,3,0.05998692856563721,0.0507298125408357,0.95,factual_only,huber,0.05505213642213493,20260821
1000,route_sdf,3,0.2599876194719225,0.2415511034294963,0.95,factual_only,normalized_l1,0.25060906654596327,20260821
1000,relative_longitudinal_velocity,4,0.03405027392213621,0.0274983162896145,0.95,factual_only,masked_huber,0.030641894900569847,20260821
1000,relative_longitudinal_velocity,4,0.1950899026542902,0.17595093124759537,0.95,factual_only,masked_l1,0.18551120243500918,20260821
1000,relative_lateral_velocity,5,0.03279906381623732,0.025652671880682952,0.95,factual_only,masked_huber,0.029298879588895942,20260821
1000,relative_lateral_velocity,5,0.19456441062308538,0.17106419616534063,0.95,factual_only,masked_l1,0.18279091326209407,20260821
1000,dynamic_clearance,6,0.03757211322044022,0.0334404314168496,0.95,factual_only,huber,0.03546284246724099,20260821
1000,dynamic_clearance,6,0.21801945134066045,0.2038296085782349,0.95,factual_only,normalized_l1,0.21076519446074962,20260821
1000,dynamic_collision_field,7,0.43985777575297924,0.3937571620914731,0.95,factual_only,auprc,0.4168979826029436,20260821
1000,dynamic_collision_field,7,0.8871116346900066,0.8324440329857963,0.95,factual_only,balanced_bce,0.8604251485730181,20260821
1000,dynamic_collision_field,7,0.29442233653143207,0.25167907179954563,0.95,factual_only,iou,0.27264473846031456,20260821
1000,ego_swept_footprint,8,0.9913841321220033,0.9890291060545816,0.95,factual_only,auprc,0.9902538429517224,20260821
1000,ego_swept_footprint,8,0.08291217792232661,0.06107066072608499,0.95,factual_only,balanced_bce,0.07149206199228468,20260821
1000,ego_swept_footprint,8,0.9356388010114431,0.9272099211126565,0.95,factual_only,dice,0.9314730862379074,20260821
1000,ego_swept_footprint,8,0.9002374949478537,0.8863000553886655,0.95,factual_only,iou,0.8933371949763044,20260821
1000,all,-1,0.2202899035587907,0.21350362372621895,0.95,factual_only,structured_effect_mae,0.2167982822358608,20260821
1000,candidate_relative_dynamic_occupancy,0,0.0055630418375738466,0.0045992599578382936,0.95,factual_only,predicted_action_gap,0.005076527952261476,20260821
1000,candidate_relative_dynamic_occupancy,0,109384039.68420906,15229482.276936647,0.95,factual_only,predicted_target_sensitivity_ratio,51396538.44615052,20260821
1000,candidate_relative_dynamic_occupancy,0,0.14953813238148697,0.13623101218357173,0.95,factual_only,target_action_gap,0.14264755005494628,20260821
1000,drivable_area_sdf,1,0.006656780778735083,0.005516257278466991,0.95,factual_only,predicted_action_gap,0.006088099396728121,20260821
1000,drivable_area_sdf,1,21517500.646600604,0.08417653922997748,0.95,factual_only,predicted_target_sensitivity_ratio,8086008.12931226,20260821
1000,drivable_area_sdf,1,0.08669259818842844,0.08068321466572374,0.95,factual_only,target_action_gap,0.08359363173829103,20260821
1000,lane_sdf,2,0.006634445505429884,0.00549070705284568,0.95,factual_only,predicted_action_gap,0.00606421322632302,20260821
1000,lane_sdf,2,8525986.786700744,0.07449400434429014,0.95,factual_only,predicted_target_sensitivity_ratio,2841995.649787519,20260821
1000,lane_sdf,2,0.09553734142481798,0.08783151239517009,0.95,factual_only,target_action_gap,0.09147007767400094,20260821
1000,route_sdf,3,0.008652900180399667,0.007114561889493573,0.95,factual_only,predicted_action_gap,0.007884434502870888,20260821
1000,route_sdf,3,19848405.794184297,0.12332127961212803,0.95,factual_only,predicted_target_sensitivity_ratio,7862436.559620993,20260821
1000,route_sdf,3,0.07346289954293753,0.06760430525002825,0.95,factual_only,target_action_gap,0.07036854761074586,20260821
1000,relative_longitudinal_velocity,4,0.004122210542745647,0.0034411851122521167,0.95,factual_only,predicted_action_gap,0.0037816536702440975,20260821
1000,relative_longitudinal_velocity,4,80071020.75754076,15618477.598494304,0.95,factual_only,predicted_target_sensitivity_ratio,40897580.93825904,20260821
1000,relative_longitudinal_velocity,4,0.03128839352106971,0.02724980728933525,0.95,factual_only,target_action_gap,0.029274825456327404,20260821
1000,relative_lateral_velocity,5,0.002766511141119516,0.002324752772155675,0.95,factual_only,predicted_action_gap,0.0025477981393562696,20260821
1000,relative_lateral_velocity,5,62016336.90377899,12049623.255899036,0.95,factual_only,predicted_target_sensitivity_ratio,31525558.10839776,20260821
1000,relative_lateral_velocity,5,0.025748426414206892,0.021929919229752817,0.95,factual_only,target_action_gap,0.023816985822436278,20260821
1000,dynamic_clearance,6,0.0042098596144357755,0.0035283557061355736,0.95,factual_only,predicted_action_gap,0.00386952188154251,20260821
1000,dynamic_clearance,6,107538416.26630469,18619352.040755406,0.95,factual_only,predicted_target_sensitivity_ratio,52593710.889369026,20260821
1000,dynamic_clearance,6,0.05201329677434716,0.04732907520641487,0.95,factual_only,target_action_gap,0.049639782884884784,20260821
1000,dynamic_collision_field,7,0.005162408282439927,0.004263890865903203,0.95,factual_only,predicted_action_gap,0.004721704943033822,20260821
1000,dynamic_collision_field,7,141977725.47318092,26804748.685766324,0.95,factual_only,predicted_target_sensitivity_ratio,78018629.51825073,20260821
1000,dynamic_collision_field,7,0.19791487331716276,0.1829736174283018,0.95,factual_only,target_action_gap,0.19030467258261494,20260821
1000,ego_swept_footprint,8,0.0018213207991305692,0.0014060339728857228,0.95,factual_only,predicted_action_gap,0.0016071294817011064,20260821
1000,ego_swept_footprint,8,144936212.01120123,57655394.23519139,0.95,factual_only,predicted_target_sensitivity_ratio,99097528.08794025,20260821
1000,ego_swept_footprint,8,0.029481818524430405,0.025851818386475097,0.95,factual_only,target_action_gap,0.027631223495549858,20260821
1000,candidate_relative_dynamic_occupancy,0,0.14496265866540062,0.1257294187716222,0.95,factual_only,auprc,0.1347566636194294,20260822
1000,candidate_relative_dynamic_occupancy,0,1.1056150987323794,1.0141984146185128,0.95,factual_only,balanced_bce,1.0599075526209387,20260822
1000,candidate_relative_dynamic_occupancy,0,0.07817450098911258,0.06255824015872727,0.95,factual_only,iou,0.06972737563399542,20260822
1000,drivable_area_sdf,1,0.06892224230216816,0.06233744186405092,0.95,factual_only,huber,0.06546825778484344,20260822
1000,drivable_area_sdf,1,0.29405833573788404,0.2799067115671933,0.95,factual_only,normalized_l1,0.28661227923631666,20260822
1000,lane_sdf,2,0.062365578007837756,0.05615977989779786,0.95,factual_only,huber,0.05934248586371541,20260822
1000,lane_sdf,2,0.2793654864139855,0.2651821114569902,0.95,factual_only,normalized_l1,0.27242240411043167,20260822
1000,route_sdf,3,0.0601594334339723,0.05071110704776365,0.95,factual_only,huber,0.05528706290293485,20260822
1000,route_sdf,3,0.2592741486661136,0.2407753107432276,0.95,factual_only,normalized_l1,0.24957561272382736,20260822
1000,relative_longitudinal_velocity,4,0.03657131202994151,0.028362897995684765,0.95,factual_only,masked_huber,0.03230000090607064,20260822
1000,relative_longitudinal_velocity,4,0.19975595919861613,0.17879767451338316,0.95,factual_only,masked_l1,0.18896612039146324,20260822
1000,relative_lateral_velocity,5,0.034308315125745135,0.027410796853546342,0.95,factual_only,masked_huber,0.03074458801590178,20260822
1000,relative_lateral_velocity,5,0.20129212174933248,0.1785015579443037,0.95,factual_only,masked_l1,0.1898418006952852,20260822
1000,dynamic_clearance,6,0.036705073771253226,0.0324681787957903,0.95,factual_only,huber,0.034662910306826236,20260822
1000,dynamic_clearance,6,0.21741687400415538,0.20393887588046491,0.95,factual_only,normalized_l1,0.21085099136829377,20260822
1000,dynamic_collision_field,7,0.4427693914602823,0.39676868813411564,0.95,factual_only,auprc,0.4203150565653508,20260822
1000,dynamic_collision_field,7,0.8891056927658071,0.8320939821459686,0.95,factual_only,balanced_bce,0.8615156467334537,20260822
1000,dynamic_collision_field,7,0.29752969862432516,0.2567365025179228,0.95,factual_only,iou,0.27701824360088584,20260822
1000,ego_swept_footprint,8,0.9917294001201551,0.9894742368944416,0.95,factual_only,auprc,0.9906414217071291,20260822
1000,ego_swept_footprint,8,0.08737881704833932,0.06412352692081606,0.95,factual_only,balanced_bce,0.07521839845432308,20260822
1000,ego_swept_footprint,8,0.939720639449358,0.9315218610852957,0.95,factual_only,dice,0.9357214212417603,20260822
1000,ego_swept_footprint,8,0.9093336009122353,0.8958691100071721,0.95,factual_only,iou,0.9026164837058186,20260822
1000,all,-1,0.22421468904390932,0.2175886192880571,0.95,factual_only,structured_effect_mae,0.22096978455781938,20260822
1000,candidate_relative_dynamic_occupancy,0,0.004642170870264134,0.0037451374934923073,0.95,factual_only,predicted_action_gap,0.004193458532489754,20260822
1000,candidate_relative_dynamic_occupancy,0,100358204.87070112,16426025.929103084,0.95,factual_only,predicted_target_sensitivity_ratio,49698552.8510778,20260822
1000,candidate_relative_dynamic_occupancy,0,0.1493800155645094,0.13580676598957608,0.95,factual_only,target_action_gap,0.14264755005494628,20260822
1000,drivable_area_sdf,1,0.004708646868196662,0.003798988018754777,0.95,factual_only,predicted_action_gap,0.004259012143063893,20260822
1000,drivable_area_sdf,1,55985611.12023863,0.05794447143493547,0.95,factual_only,predicted_target_sensitivity_ratio,19766335.94050587,20260822
1000,drivable_area_sdf,1,0.08677806188640935,0.08064147210765253,0.95,factual_only,target_action_gap,0.08359363173829103,20260822
1000,lane_sdf,2,0.004502603812882406,0.003636666172694496,0.95,factual_only,predicted_action_gap,0.004072060652231749,20260822
1000,lane_sdf,2,9678975.654820548,0.05083966190666354,0.95,factual_only,predicted_target_sensitivity_ratio,3226325.25342481,20260822
1000,lane_sdf,2,0.09546083703286874,0.08767521878285936,0.95,factual_only,target_action_gap,0.09147007767400094,20260822
1000,route_sdf,3,0.005752362537664183,0.004596878355772756,0.95,factual_only,predicted_action_gap,0.005156441556993804,20260822
1000,route_sdf,3,21129800.235311978,0.08006227816520392,0.95,factual_only,predicted_target_sensitivity_ratio,8302724.5310575655,20260822
1000,route_sdf,3,0.07331027674096323,0.06757453758814493,0.95,factual_only,target_action_gap,0.07036854761074586,20260822
1000,relative_longitudinal_velocity,4,0.0031397862521912586,0.0025565679616334066,0.95,factual_only,predicted_action_gap,0.002851890890269715,20260822
1000,relative_longitudinal_velocity,4,114424666.56024013,20328789.62838694,0.95,factual_only,predicted_target_sensitivity_ratio,58477125.14454391,20260822
1000,relative_longitudinal_velocity,4,0.031380116162202695,0.02729834013469701,0.95,factual_only,target_action_gap,0.029274825456327404,20260822
1000,relative_lateral_velocity,5,0.0024177272308885094,0.001969816164491617,0.95,factual_only,predicted_action_gap,0.002195603437720475,20260822
1000,relative_lateral_velocity,5,81344365.31906196,15140169.243137736,0.95,factual_only,predicted_target_sensitivity_ratio,41664109.79067867,20260822
1000,relative_lateral_velocity,5,0.02572536618819617,0.021994101263188553,0.95,factual_only,target_action_gap,0.023816985822436278,20260822
1000,dynamic_clearance,6,0.0031864784775436795,0.002589977290240156,0.95,factual_only,predicted_action_gap,0.0028921315361630745,20260822
1000,dynamic_clearance,6,110228214.99088094,21628304.79423433,0.95,factual_only,predicted_target_sensitivity_ratio,57870403.36151339,20260822
1000,dynamic_clearance,6,0.05232863430116187,0.047171410425264564,0.95,factual_only,target_action_gap,0.049639782884884784,20260822
1000,dynamic_collision_field,7,0.004378661440029943,0.003554590029240648,0.95,factual_only,predicted_action_gap,0.003966782988770539,20260822
1000,dynamic_collision_field,7,110206659.07794128,24741102.92081813,0.95,factual_only,predicted_target_sensitivity_ratio,60006902.55891264,20260822
1000,dynamic_collision_field,7,0.19731607838122475,0.18286901176173884,0.95,factual_only,target_action_gap,0.19030467258261494,20260822
1000,ego_swept_footprint,8,0.0024184065956684817,0.0018477158922869906,0.95,factual_only,predicted_action_gap,0.0021376885592215345,20260822
1000,ego_swept_footprint,8,229695703.00835785,73429225.80052374,0.95,factual_only,predicted_target_sensitivity_ratio,140871436.44392967,20260822
1000,ego_swept_footprint,8,0.02963726231347241,0.025663049659632287,0.95,factual_only,target_action_gap,0.027631223495549858,20260822
1000,candidate_relative_dynamic_occupancy,0,0.14906534937838756,0.12794216609875633,0.95,factual_only,auprc,0.13868428887002945,20260823
1000,candidate_relative_dynamic_occupancy,0,1.0924578851710445,1.007643020436468,0.95,factual_only,balanced_bce,1.0506218003484835,20260823
1000,candidate_relative_dynamic_occupancy,0,0.07560025250992133,0.06235480810393704,0.95,factual_only,iou,0.06866116347396324,20260823
1000,drivable_area_sdf,1,0.06730431850696914,0.05998432830958627,0.95,factual_only,huber,0.06384179099462926,20260823
1000,drivable_area_sdf,1,0.28438211967647076,0.2685291056644171,0.95,factual_only,normalized_l1,0.2768702591061592,20260823
1000,lane_sdf,2,0.060167416869336736,0.053817058290774,0.95,factual_only,huber,0.057208814734593036,20260823
1000,lane_sdf,2,0.2692071252200752,0.25477177808843554,0.95,factual_only,normalized_l1,0.26269622360169886,20260823
1000,route_sdf,3,0.05597609363072552,0.0472482076972723,0.95,factual_only,huber,0.05165384747739881,20260823
1000,route_sdf,3,0.248377574435994,0.2307237683493644,0.95,factual_only,normalized_l1,0.23971692369878292,20260823
1000,relative_longitudinal_velocity,4,0.033541102466248654,0.026489539278615363,0.95,factual_only,masked_huber,0.029865666493424214,20260823
1000,relative_longitudinal_velocity,4,0.19294012618483977,0.17244367474049796,0.95,factual_only,masked_l1,0.18207282395257304,20260823
1000,relative_lateral_velocity,5,0.03334362010677069,0.026107734239364314,0.95,factual_only,masked_huber,0.029446828710933914,20260823
1000,relative_lateral_velocity,5,0.19469617494168534,0.1721139084507013,0.95,factual_only,masked_l1,0.18257465482844662,20260823
1000,dynamic_clearance,6,0.03953436018349603,0.03518262652098201,0.95,factual_only,huber,0.03729852519184351,20260823
1000,dynamic_clearance,6,0.22932013186216355,0.2158351074900478,0.95,factual_only,normalized_l1,0.2224399735033512,20260823
1000,dynamic_collision_field,7,0.44061612133133377,0.39356180643333694,0.95,factual_only,auprc,0.4177589317246089,20260823
1000,dynamic_collision_field,7,0.8875390465442883,0.8334355153368819,0.95,factual_only,balanced_bce,0.8614716898476283,20260823
1000,dynamic_collision_field,7,0.28809900807972544,0.24919944648424194,0.95,factual_only,iou,0.26869449455209343,20260823
1000,ego_swept_footprint,8,0.9917274790195225,0.9894412206289007,0.95,factual_only,auprc,0.9907185843377263,20260823
1000,ego_swept_footprint,8,0.0693873627202274,0.05072917293838662,0.95,factual_only,balanced_bce,0.05928293181461949,20260823
1000,ego_swept_footprint,8,0.9338467493414879,0.9248226359605789,0.95,factual_only,dice,0.9296383954286576,20260823
1000,ego_swept_footprint,8,0.9039461240770696,0.8887481890065149,0.95,factual_only,iou,0.8968721167680597,20260823
1000,all,-1,0.2224751402646303,0.2159985256768763,0.95,factual_only,structured_effect_mae,0.2192879662811756,20260823
1000,candidate_relative_dynamic_occupancy,0,0.0032865714146608077,0.002690901577226794,0.95,factual_only,predicted_action_gap,0.002980560062904511,20260823
1000,candidate_relative_dynamic_occupancy,0,84637840.2859831,22854519.45718867,0.95,factual_only,predicted_target_sensitivity_ratio,50839808.45023673,20260823
1000,candidate_relative_dynamic_occupancy,0,0.14959345539020183,0.13626842655408083,0.95,factual_only,target_action_gap,0.14264755005494628,20260823
1000,drivable_area_sdf,1,0.003837238363507822,0.0031282477977246626,0.95,factual_only,predicted_action_gap,0.003477625095503503,20260823
1000,drivable_area_sdf,1,38614383.23455949,0.048803561399615614,0.95,factual_only,predicted_target_sensitivity_ratio,13987160.96913995,20260823
1000,drivable_area_sdf,1,0.08661267088978564,0.0804980353311764,0.95,factual_only,target_action_gap,0.08359363173829103,20260823
1000,lane_sdf,2,0.0037297177205040306,0.003022700123099263,0.95,factual_only,predicted_action_gap,0.0033666602103353243,20260823
1000,lane_sdf,2,11300809.927345267,0.04281316052047788,0.95,factual_only,predicted_target_sensitivity_ratio,3766936.6727485247,20260823
1000,lane_sdf,2,0.09510291361065323,0.08807804645696486,0.95,factual_only,target_action_gap,0.09147007767400094,20260823
1000,route_sdf,3,0.005020494367785244,0.003940203310080819,0.95,factual_only,predicted_action_gap,0.0044617494145470496,20260823
1000,route_sdf,3,23456729.031282846,0.07028290478670127,0.95,factual_only,predicted_target_sensitivity_ratio,9027791.509263815,20260823
1000,route_sdf,3,0.07320944831805938,0.06758382063497516,0.95,factual_only,target_action_gap,0.07036854761074586,20260823
1000,relative_longitudinal_velocity,4,0.002264325319197269,0.0019010139899090315,0.95,factual_only,predicted_action_gap,0.0020799712327312465,20260823
1000,relative_longitudinal_velocity,4,80560099.67595308,20769177.24661585,0.95,factual_only,predicted_target_sensitivity_ratio,48164498.334752746,20260823
1000,relative_longitudinal_velocity,4,0.031298478585854196,0.027296826991411356,0.95,factual_only,target_action_gap,0.029274825456327404,20260823
1000,relative_lateral_velocity,5,0.0016626905861930308,0.0013934277010924957,0.95,factual_only,predicted_action_gap,0.001524473215199421,20260823
1000,relative_lateral_velocity,5,62070825.598512515,16406303.523359327,0.95,factual_only,predicted_target_sensitivity_ratio,37495544.20764821,20260823
1000,relative_lateral_velocity,5,0.025728293376238887,0.021998349859075398,0.95,factual_only,target_action_gap,0.023816985822436278,20260823
1000,dynamic_clearance,6,0.002531700727262558,0.002122810071660626,0.95,factual_only,predicted_action_gap,0.00232311751269349,20260823
1000,dynamic_clearance,6,97307321.6835404,27566459.44385553,0.95,factual_only,predicted_target_sensitivity_ratio,60178068.51771555,20260823
1000,dynamic_clearance,6,0.05224035152541232,0.047213909172895564,0.95,factual_only,target_action_gap,0.049639782884884784,20260823
1000,dynamic_collision_field,7,0.0032068814523031194,0.002616706925851006,0.95,factual_only,predicted_action_gap,0.0029012749722165483,20260823
1000,dynamic_collision_field,7,83890109.63207026,27182799.717442237,0.95,factual_only,predicted_target_sensitivity_ratio,53261618.89979672,20260823
1000,dynamic_collision_field,7,0.19796736888228195,0.1833869873206101,0.95,factual_only,target_action_gap,0.19030467258261494,20260823
1000,ego_swept_footprint,8,0.0015242975878489405,0.0012020720428326164,0.95,factual_only,predicted_action_gap,0.0013579193685135861,20260823
1000,ego_swept_footprint,8,161788246.9091382,64348600.85949798,0.95,factual_only,predicted_target_sensitivity_ratio,107574979.5095556,20260823
1000,ego_swept_footprint,8,0.02947469170505491,0.025691061734217112,0.95,factual_only,target_action_gap,0.027631223495549858,20260823
1000,candidate_relative_dynamic_occupancy,0,0.15180001669152718,0.13157628581672448,0.95,multi_candidate_absolute,auprc,0.14114984559472663,20260821
1000,candidate_relative_dynamic_occupancy,0,1.0957143523415631,1.0001841751886469,0.95,multi_candidate_absolute,balanced_bce,1.0488313707142525,20260821
1000,candidate_relative_dynamic_occupancy,0,0.08647755705451353,0.0680689032273806,0.95,multi_candidate_absolute,iou,0.07650890640649217,20260821
1000,drivable_area_sdf,1,0.0663496043748688,0.0592684576548636,0.95,multi_candidate_absolute,huber,0.06279053251445293,20260821
1000,drivable_area_sdf,1,0.28002574213370685,0.2641782566379756,0.95,multi_candidate_absolute,normalized_l1,0.2721444559842348,20260821
1000,lane_sdf,2,0.05999888843682129,0.053413241933798414,0.95,multi_candidate_absolute,huber,0.056551481770351526,20260821
1000,lane_sdf,2,0.2656710883278399,0.2502052067864686,0.95,multi_candidate_absolute,normalized_l1,0.2578120419830084,20260821
1000,route_sdf,3,0.05778257013557013,0.048899229947687126,0.95,multi_candidate_absolute,huber,0.05301247698068619,20260821
1000,route_sdf,3,0.25314337825030087,0.23439889833852648,0.95,multi_candidate_absolute,normalized_l1,0.24331383982300758,20260821
1000,relative_longitudinal_velocity,4,0.04060938735501016,0.03281784296563273,0.95,multi_candidate_absolute,masked_huber,0.03649238932509131,20260821
1000,relative_longitudinal_velocity,4,0.218193221144611,0.19727720612563038,0.95,multi_candidate_absolute,masked_l1,0.20702772335304567,20260821
1000,relative_lateral_velocity,5,0.033315716540582796,0.02577828843797761,0.95,multi_candidate_absolute,masked_huber,0.029501380331930706,20260821
1000,relative_lateral_velocity,5,0.19506504467203437,0.17101849990470025,0.95,multi_candidate_absolute,masked_l1,0.18338750704036405,20260821
1000,dynamic_clearance,6,0.038553094637964386,0.03360218235758366,0.95,multi_candidate_absolute,huber,0.03610420686611906,20260821
1000,dynamic_clearance,6,0.21829690046086908,0.20269144954625518,0.95,multi_candidate_absolute,normalized_l1,0.21020435509085655,20260821
1000,dynamic_collision_field,7,0.45015830190157474,0.4019371857939968,0.95,multi_candidate_absolute,auprc,0.4250867953678499,20260821
1000,dynamic_collision_field,7,0.8836089762878979,0.8256228731887169,0.95,multi_candidate_absolute,balanced_bce,0.8555478900525703,20260821
1000,dynamic_collision_field,7,0.29052797431975286,0.24770396212574922,0.95,multi_candidate_absolute,iou,0.26879986391575084,20260821
1000,ego_swept_footprint,8,0.9924900882883303,0.9902224659387586,0.95,multi_candidate_absolute,auprc,0.9913783148506072,20260821
1000,ego_swept_footprint,8,0.07209385176998843,0.05242515003439032,0.95,multi_candidate_absolute,balanced_bce,0.06187077315809964,20260821
1000,ego_swept_footprint,8,0.9382996047288179,0.9295194665253163,0.95,multi_candidate_absolute,dice,0.9339112274646759,20260821
1000,ego_swept_footprint,8,0.9065255637350167,0.8917838856642852,0.95,multi_candidate_absolute,iou,0.8989667412558084,20260821
1000,all,-1,0.22034063521996142,0.2127763462278992,0.95,multi_candidate_absolute,structured_effect_mae,0.2164183618426323,20260821
1000,candidate_relative_dynamic_occupancy,0,0.01784612080040978,0.0139913712412365,0.95,multi_candidate_absolute,predicted_action_gap,0.01593387899562662,20260821
1000,candidate_relative_dynamic_occupancy,0,372805877.09230006,11476593.496218964,0.95,multi_candidate_absolute,predicted_target_sensitivity_ratio,135519751.84484473,20260821
1000,candidate_relative_dynamic_occupancy,0,0.14953813238148697,0.13623101218357173,0.95,multi_candidate_absolute,target_action_gap,0.14264755005494628,20260821
1000,drivable_area_sdf,1,0.018906882477218178,0.014887639900976427,0.95,multi_candidate_absolute,predicted_action_gap,0.016913401342615795,20260821
1000,drivable_area_sdf,1,496015956.4906677,0.2485303858345533,0.95,multi_candidate_absolute,predicted_target_sensitivity_ratio,168885654.5833902,20260821
1000,drivable_area_sdf,1,0.08669259818842844,0.08068321466572374,0.95,multi_candidate_absolute,target_action_gap,0.08359363173829103,20260821
1000,lane_sdf,2,0.01811284575604955,0.014292737580766981,0.95,multi_candidate_absolute,predicted_action_gap,0.016229513283931362,20260821
1000,lane_sdf,2,30675236.825950474,0.19950112223888677,0.95,multi_candidate_absolute,predicted_target_sensitivity_ratio,10225079.090747189,20260821
1000,lane_sdf,2,0.09553734142481798,0.08783151239517009,0.95,multi_candidate_absolute,target_action_gap,0.09147007767400094,20260821
1000,route_sdf,3,0.023407391785509265,0.01832046777193023,0.95,multi_candidate_absolute,predicted_action_gap,0.02092562933975042,20260821
1000,route_sdf,3,46585479.60540779,0.3208762967340185,0.95,multi_candidate_absolute,predicted_target_sensitivity_ratio,19367454.93639571,20260821
1000,route_sdf,3,0.07346289954293753,0.06760430525002825,0.95,multi_candidate_absolute,target_action_gap,0.07036854761074586,20260821
1000,relative_longitudinal_velocity,4,0.01312751323194232,0.010357241792889752,0.95,multi_candidate_absolute,predicted_action_gap,0.011751904599538553,20260821
1000,relative_longitudinal_velocity,4,323638336.09202003,14099500.920679815,0.95,multi_candidate_absolute,predicted_target_sensitivity_ratio,120733566.16236117,20260821
1000,relative_longitudinal_velocity,4,0.03128839352106971,0.02724980728933525,0.95,multi_candidate_absolute,target_action_gap,0.029274825456327404,20260821
1000,relative_lateral_velocity,5,0.009414051261695743,0.007420818730027131,0.95,multi_candidate_absolute,predicted_action_gap,0.008425809546742099,20260821
1000,relative_lateral_velocity,5,257007560.17840016,11420696.16432035,0.95,multi_candidate_absolute,predicted_target_sensitivity_ratio,96153196.0190904,20260821
1000,relative_lateral_velocity,5,0.025748426414206892,0.021929919229752817,0.95,multi_candidate_absolute,target_action_gap,0.023816985822436278,20260821
1000,dynamic_clearance,6,0.012103911005713066,0.009683504052361121,0.95,multi_candidate_absolute,predicted_action_gap,0.010877373209448957,20260821
1000,dynamic_clearance,6,371394458.94075274,19823337.06549998,0.95,multi_candidate_absolute,predicted_target_sensitivity_ratio,143331057.5013569,20260821
1000,dynamic_clearance,6,0.05201329677434716,0.04732907520641487,0.95,multi_candidate_absolute,target_action_gap,0.049639782884884784,20260821
1000,dynamic_collision_field,7,0.013422515598680634,0.01053177578206636,0.95,multi_candidate_absolute,predicted_action_gap,0.012002924275881515,20260821
1000,dynamic_collision_field,7,322640506.82552767,17508966.809743628,0.95,multi_candidate_absolute,predicted_target_sensitivity_ratio,125857539.51347755,20260821
1000,dynamic_collision_field,7,0.19791487331716276,0.1829736174283018,0.95,multi_candidate_absolute,target_action_gap,0.19030467258261494,20260821
1000,ego_swept_footprint,8,0.007449634034736178,0.005515623142796181,0.95,multi_candidate_absolute,predicted_action_gap,0.006486645517437127,20260821
1000,ego_swept_footprint,8,785605114.1673228,294123487.10698396,0.95,multi_candidate_absolute,predicted_target_sensitivity_ratio,500398707.6848394,20260821
1000,ego_swept_footprint,8,0.029481818524430405,0.025851818386475097,0.95,multi_candidate_absolute,target_action_gap,0.027631223495549858,20260821
1000,candidate_relative_dynamic_occupancy,0,0.1510584989977602,0.1308245379264054,0.95,multi_candidate_absolute,auprc,0.14058692393421363,20260822
1000,candidate_relative_dynamic_occupancy,0,1.080545833692772,0.9905004577100016,0.95,multi_candidate_absolute,balanced_bce,1.0349289055519824,20260822
1000,candidate_relative_dynamic_occupancy,0,0.07615335405683592,0.06423634361374074,0.95,multi_candidate_absolute,iou,0.06985535936097406,20260822
1000,drivable_area_sdf,1,0.06745915976399557,0.06048705743188039,0.95,multi_candidate_absolute,huber,0.06405419654771685,20260822
1000,drivable_area_sdf,1,0.2867814847338945,0.2714556278925389,0.95,multi_candidate_absolute,normalized_l1,0.2791308797448874,20260822
1000,lane_sdf,2,0.061593731996277344,0.05496079591177404,0.95,multi_candidate_absolute,huber,0.05834495808929205,20260822
1000,lane_sdf,2,0.27324035986885425,0.2584060877725482,0.95,multi_candidate_absolute,normalized_l1,0.2658220759630203,20260822
1000,route_sdf,3,0.056963999978802166,0.04866153924954124,0.95,multi_candidate_absolute,huber,0.05269533695653081,20260822
1000,route_sdf,3,0.2506510160822421,0.2331356801290065,0.95,multi_candidate_absolute,normalized_l1,0.2413803338855505,20260822
1000,relative_longitudinal_velocity,4,0.034425056649688486,0.02690378994100077,0.95,multi_candidate_absolute,masked_huber,0.030462333039273894,20260822
1000,relative_longitudinal_velocity,4,0.19343502992511882,0.17292920370198164,0.95,multi_candidate_absolute,masked_l1,0.1826248571664716,20260822
1000,relative_lateral_velocity,5,0.033483485190675615,0.026280188798233822,0.95,multi_candidate_absolute,masked_huber,0.029775553136278176,20260822
1000,relative_lateral_velocity,5,0.197693287441507,0.17427583918188855,0.95,multi_candidate_absolute,masked_l1,0.18591638649037728,20260822
1000,dynamic_clearance,6,0.03733825349488762,0.03331328616952523,0.95,multi_candidate_absolute,huber,0.03536284936312586,20260822
1000,dynamic_clearance,6,0.220685955292359,0.2074131730221212,0.95,multi_candidate_absolute,normalized_l1,0.21420986333489417,20260822
1000,dynamic_collision_field,7,0.45056553224642,0.4025881218219027,0.95,multi_candidate_absolute,auprc,0.4259498188156499,20260822
1000,dynamic_collision_field,7,0.8726522229616563,0.8188728439328709,0.95,multi_candidate_absolute,balanced_bce,0.8466118369887566,20260822
1000,dynamic_collision_field,7,0.3028267309657242,0.2601761206255174,0.95,multi_candidate_absolute,iou,0.2806757353827704,20260822
1000,ego_swept_footprint,8,0.9922874047573172,0.9900688642104128,0.95,multi_candidate_absolute,auprc,0.9911680593971223,20260822
1000,ego_swept_footprint,8,0.06384929629083491,0.04692870070220926,0.95,multi_candidate_absolute,balanced_bce,0.05511960708674712,20260822
1000,ego_swept_footprint,8,0.9332414874792099,0.9242072992682457,0.95,multi_candidate_absolute,dice,0.9288583853244782,20260822
1000,ego_swept_footprint,8,0.9059602354218168,0.891210024498504,0.95,multi_candidate_absolute,iou,0.8987667140382469,20260822
1000,all,-1,0.2212939901150763,0.21479174889139832,0.95,multi_candidate_absolute,structured_effect_mae,0.21816449019312859,20260822
1000,candidate_relative_dynamic_occupancy,0,0.02085851329441515,0.015722379715222015,0.95,multi_candidate_absolute,predicted_action_gap,0.018265721643446937,20260822
1000,candidate_relative_dynamic_occupancy,0,361264205.1854011,16457265.083815522,0.95,multi_candidate_absolute,predicted_target_sensitivity_ratio,138676336.98512518,20260822
1000,candidate_relative_dynamic_occupancy,0,0.1493800155645094,0.13580676598957608,0.95,multi_candidate_absolute,target_action_gap,0.14264755005494628,20260822
1000,drivable_area_sdf,1,0.018082590477575683,0.013758719264822125,0.95,multi_candidate_absolute,predicted_action_gap,0.015927361029188715,20260822
1000,drivable_area_sdf,1,560582107.8941017,0.2290744303384118,0.95,multi_candidate_absolute,predicted_target_sensitivity_ratio,188554367.4267253,20260822
1000,drivable_area_sdf,1,0.08677806188640935,0.08064147210765253,0.95,multi_candidate_absolute,target_action_gap,0.08359363173829103,20260822
1000,lane_sdf,2,0.017455638790698717,0.01323560424392044,0.95,multi_candidate_absolute,predicted_action_gap,0.015353109275377487,20260822
1000,lane_sdf,2,15490016.240158437,0.1829687393390074,0.95,multi_candidate_absolute,predicted_target_sensitivity_ratio,5163338.876267677,20260822
1000,lane_sdf,2,0.09546083703286874,0.08767521878285936,0.95,multi_candidate_absolute,target_action_gap,0.09147007767400094,20260822
1000,route_sdf,3,0.019926003299573933,0.015254571937507849,0.95,multi_candidate_absolute,predicted_action_gap,0.017630092286771256,20260822
1000,route_sdf,3,23915309.54481429,0.27903888449209474,0.95,multi_candidate_absolute,predicted_target_sensitivity_ratio,9150838.965108257,20260822
1000,route_sdf,3,0.07331027674096323,0.06757453758814493,0.95,multi_candidate_absolute,target_action_gap,0.07036854761074586,20260822
1000,relative_longitudinal_velocity,4,0.0146808487480704,0.011113930275394462,0.95,multi_candidate_absolute,predicted_action_gap,0.012932023058746037,20260822
1000,relative_longitudinal_velocity,4,241139429.18349797,13699267.822021635,0.95,multi_candidate_absolute,predicted_target_sensitivity_ratio,93179093.55805911,20260822
1000,relative_longitudinal_velocity,4,0.031380116162202695,0.02729834013469701,0.95,multi_candidate_absolute,target_action_gap,0.029274825456327404,20260822
1000,relative_lateral_velocity,5,0.009502856841822904,0.007259603964286631,0.95,multi_candidate_absolute,predicted_action_gap,0.008377536905817547,20260822
1000,relative_lateral_velocity,5,194298054.7825133,11927669.218676008,0.95,multi_candidate_absolute,predicted_target_sensitivity_ratio,75439412.61143842,20260822
1000,relative_lateral_velocity,5,0.02572536618819617,0.021994101263188553,0.95,multi_candidate_absolute,target_action_gap,0.023816985822436278,20260822
1000,dynamic_clearance,6,0.01354595629736258,0.010371721536903508,0.95,multi_candidate_absolute,predicted_action_gap,0.011938358823342776,20260822
1000,dynamic_clearance,6,330754154.22714204,23738044.062834166,0.95,multi_candidate_absolute,predicted_target_sensitivity_ratio,131696138.01922147,20260822
1000,dynamic_clearance,6,0.05232863430116187,0.047171410425264564,0.95,multi_candidate_absolute,target_action_gap,0.049639782884884784,20260822
1000,dynamic_collision_field,7,0.013562337489264368,0.010530810986318587,0.95,multi_candidate_absolute,predicted_action_gap,0.012021660564971233,20260822
1000,dynamic_collision_field,7,353769323.373468,25387336.398383155,0.95,multi_candidate_absolute,predicted_target_sensitivity_ratio,144949065.37160087,20260822
1000,dynamic_collision_field,7,0.19731607838122475,0.18286901176173884,0.95,multi_candidate_absolute,target_action_gap,0.19030467258261494,20260822
1000,ego_swept_footprint,8,0.00802682200628913,0.006015728028930066,0.95,multi_candidate_absolute,predicted_action_gap,0.007032855451501127,20260822
1000,ego_swept_footprint,8,972113466.1295531,357464500.67320824,0.95,multi_candidate_absolute,predicted_target_sensitivity_ratio,618087895.8357625,20260822
1000,ego_swept_footprint,8,0.02963726231347241,0.025663049659632287,0.95,multi_candidate_absolute,target_action_gap,0.027631223495549858,20260822
1000,candidate_relative_dynamic_occupancy,0,0.15104873094674642,0.1291119276073274,0.95,multi_candidate_absolute,auprc,0.14016700714419136,20260823
1000,candidate_relative_dynamic_occupancy,0,1.0823688974695298,0.9934407148904906,0.95,multi_candidate_absolute,balanced_bce,1.0388221768321106,20260823
1000,candidate_relative_dynamic_occupancy,0,0.08629007834873825,0.06839679700879102,0.95,multi_candidate_absolute,iou,0.07711006699174239,20260823
1000,drivable_area_sdf,1,0.06401792817204259,0.05722278077262454,0.95,multi_candidate_absolute,huber,0.06074835357628763,20260823
1000,drivable_area_sdf,1,0.2789768521443009,0.26372878864072263,0.95,multi_candidate_absolute,normalized_l1,0.2717303490638733,20260823
1000,lane_sdf,2,0.056902422932675105,0.050828583842795344,0.95,multi_candidate_absolute,huber,0.05410308454558253,20260823
1000,lane_sdf,2,0.2621384471617639,0.24832744693271816,0.95,multi_candidate_absolute,normalized_l1,0.2558754452317953,20260823
1000,route_sdf,3,0.05083328117036726,0.04346038896320388,0.95,multi_candidate_absolute,huber,0.047280971896834674,20260823
1000,route_sdf,3,0.23947533368617296,0.22282180665917695,0.95,multi_candidate_absolute,normalized_l1,0.2312189822345972,20260823
1000,relative_longitudinal_velocity,4,0.03491357274709154,0.027431779172466125,0.95,multi_candidate_absolute,masked_huber,0.03086456053195737,20260823
1000,relative_longitudinal_velocity,4,0.196193200192453,0.1747777738427976,0.95,multi_candidate_absolute,masked_l1,0.18471396054762104,20260823
1000,relative_lateral_velocity,5,0.03382264600186318,0.026418489201065917,0.95,multi_candidate_absolute,masked_huber,0.029962552773213247,20260823
1000,relative_lateral_velocity,5,0.19747756998888993,0.17462335642679438,0.95,multi_candidate_absolute,masked_l1,0.18555237461502352,20260823
1000,dynamic_clearance,6,0.03710955968610942,0.032356406210619026,0.95,multi_candidate_absolute,huber,0.034726066175848246,20260823
1000,dynamic_clearance,6,0.21525334153696893,0.20079879841953516,0.95,multi_candidate_absolute,normalized_l1,0.2080803156644106,20260823
1000,dynamic_collision_field,7,0.4490037513942694,0.4015767744342557,0.95,multi_candidate_absolute,auprc,0.42687142835270614,20260823
1000,dynamic_collision_field,7,0.8754252733541831,0.817279195411089,0.95,multi_candidate_absolute,balanced_bce,0.8470170385855942,20260823
1000,dynamic_collision_field,7,0.3082023158748824,0.2660375728378143,0.95,multi_candidate_absolute,iou,0.2861003613906038,20260823
1000,ego_swept_footprint,8,0.9923381301847899,0.990208939009549,0.95,multi_candidate_absolute,auprc,0.9913438756807923,20260823
1000,ego_swept_footprint,8,0.06530688379006665,0.04773507401883952,0.95,multi_candidate_absolute,balanced_bce,0.05600350669880994,20260823
1000,ego_swept_footprint,8,0.9317010065019131,0.92352345289886,0.95,multi_candidate_absolute,dice,0.9279604873657227,20260823
1000,ego_swept_footprint,8,0.898454108633133,0.8852438814950458,0.95,multi_candidate_absolute,iou,0.8924633229776806,20260823
1000,all,-1,0.2123269423160702,0.20565203177705407,0.95,multi_candidate_absolute,structured_effect_mae,0.20901678401231766,20260823
1000,candidate_relative_dynamic_occupancy,0,0.022201998616936315,0.016728763266196673,0.95,multi_candidate_absolute,predicted_action_gap,0.0193950767695226,20260823
1000,candidate_relative_dynamic_occupancy,0,481521350.1685488,10544051.753792867,0.95,multi_candidate_absolute,predicted_target_sensitivity_ratio,177058733.82440224,20260823
1000,candidate_relative_dynamic_occupancy,0,0.14959345539020183,0.13626842655408083,0.95,multi_candidate_absolute,target_action_gap,0.14264755005494628,20260823
1000,drivable_area_sdf,1,0.019283964030891467,0.014929363832528719,0.95,multi_candidate_absolute,predicted_action_gap,0.017050197003551024,20260823
1000,drivable_area_sdf,1,450777645.871795,0.24965266362265817,0.95,multi_candidate_absolute,predicted_target_sensitivity_ratio,153039149.29966825,20260823
1000,drivable_area_sdf,1,0.08661267088978564,0.0804980353311764,0.95,multi_candidate_absolute,target_action_gap,0.08359363173829103,20260823
1000,lane_sdf,2,0.018814527770507933,0.01449938141975524,0.95,multi_candidate_absolute,predicted_action_gap,0.016635359367024524,20260823
1000,lane_sdf,2,25567728.373204242,0.20048526763245825,0.95,multi_candidate_absolute,predicted_target_sensitivity_ratio,8522576.272634672,20260823
1000,lane_sdf,2,0.09510291361065323,0.08807804645696486,0.95,multi_candidate_absolute,target_action_gap,0.09147007767400094,20260823
1000,route_sdf,3,0.022716387227133684,0.01743000592646475,0.95,multi_candidate_absolute,predicted_action_gap,0.020011343476841737,20260823
1000,route_sdf,3,32997048.948445424,0.30946192281340357,0.95,multi_candidate_absolute,predicted_target_sensitivity_ratio,13020891.501930745,20260823
1000,route_sdf,3,0.07320944831805938,0.06758382063497516,0.95,multi_candidate_absolute,target_action_gap,0.07036854761074586,20260823
1000,relative_longitudinal_velocity,4,0.014653903789654765,0.011212610073732384,0.95,multi_candidate_absolute,predicted_action_gap,0.012886968316299065,20260823
1000,relative_longitudinal_velocity,4,430135706.69691175,16645620.978143679,0.95,multi_candidate_absolute,predicted_target_sensitivity_ratio,164609853.81667498,20260823
1000,relative_longitudinal_velocity,4,0.031298478585854196,0.027296826991411356,0.95,multi_candidate_absolute,target_action_gap,0.029274825456327404,20260823
1000,relative_lateral_velocity,5,0.009750117439315984,0.0075040432591561455,0.95,multi_candidate_absolute,predicted_action_gap,0.008592953881926123,20260823
1000,relative_lateral_velocity,5,263391506.6584208,11052913.51205275,0.95,multi_candidate_absolute,predicted_target_sensitivity_ratio,101692135.07794863,20260823
1000,relative_lateral_velocity,5,0.025728293376238887,0.021998349859075398,0.95,multi_candidate_absolute,target_action_gap,0.023816985822436278,20260823
1000,dynamic_clearance,6,0.012604932937213185,0.009793415564622435,0.95,multi_candidate_absolute,predicted_action_gap,0.011223340830211186,20260823
1000,dynamic_clearance,6,561080124.052957,18382552.4665031,0.95,multi_candidate_absolute,predicted_target_sensitivity_ratio,211796029.75097716,20260823
1000,dynamic_clearance,6,0.05224035152541232,0.047213909172895564,0.95,multi_candidate_absolute,target_action_gap,0.049639782884884784,20260823
1000,dynamic_collision_field,7,0.01494059676439194,0.011593634802717988,0.95,multi_candidate_absolute,predicted_action_gap,0.013248681754538635,20260823
1000,dynamic_collision_field,7,476462663.67154664,18023563.296721347,0.95,multi_candidate_absolute,predicted_target_sensitivity_ratio,181487211.23896185,20260823
1000,dynamic_collision_field,7,0.19796736888228195,0.1833869873206101,0.95,multi_candidate_absolute,target_action_gap,0.19030467258261494,20260823
1000,ego_swept_footprint,8,0.007524319665386636,0.005604133234693522,0.95,multi_candidate_absolute,predicted_action_gap,0.006559686215017917,20260823
1000,ego_swept_footprint,8,828565086.6952906,245353315.75473756,0.95,multi_candidate_absolute,predicted_target_sensitivity_ratio,500858978.66585195,20260823
1000,ego_swept_footprint,8,0.02947469170505491,0.025691061734217112,0.95,multi_candidate_absolute,target_action_gap,0.027631223495549858,20260823
1000,candidate_relative_dynamic_occupancy,0,0.15533964732688813,0.13368816684176804,0.95,global_separation,auprc,0.14385819390631535,20260821
1000,candidate_relative_dynamic_occupancy,0,1.0917315580598717,0.9989926550380825,0.95,global_separation,balanced_bce,1.0461416195273487,20260821
1000,candidate_relative_dynamic_occupancy,0,0.08289227801643476,0.06612043967416924,0.95,global_separation,iou,0.07371866795405144,20260821
1000,drivable_area_sdf,1,0.06498090976057573,0.05824822945501655,0.95,global_separation,huber,0.061529909392818806,20260821
1000,drivable_area_sdf,1,0.2793388887822628,0.26428199313245715,0.95,global_separation,normalized_l1,0.2719283451884985,20260821
1000,lane_sdf,2,0.059131546363257806,0.05311662662874442,0.95,global_separation,huber,0.05604971666261554,20260821
1000,lane_sdf,2,0.26538733598180114,0.25092083280980587,0.95,global_separation,normalized_l1,0.2581122808605433,20260821
1000,route_sdf,3,0.057829649488581346,0.04935044300213922,0.95,global_separation,huber,0.05335570505820215,20260821
1000,route_sdf,3,0.25430890134610235,0.2360700777772814,0.95,global_separation,normalized_l1,0.24496150073409081,20260821
1000,relative_longitudinal_velocity,4,0.03929722836208384,0.032089427033060926,0.95,global_separation,masked_huber,0.03546254818696373,20260821
1000,relative_longitudinal_velocity,4,0.21408167812973258,0.19487292093690486,0.95,global_separation,masked_l1,0.2039264457145085,20260821
1000,relative_lateral_velocity,5,0.03325522337502358,0.02592857624609072,0.95,global_separation,masked_huber,0.029676969808739764,20260821
1000,relative_lateral_velocity,5,0.1964552198156404,0.17267881290055812,0.95,global_separation,masked_l1,0.18499650428226838,20260821
1000,dynamic_clearance,6,0.03910802559850272,0.03397150742495433,0.95,global_separation,huber,0.03645159268565476,20260821
1000,dynamic_clearance,6,0.21640662821121515,0.20097468354925516,0.95,global_separation,normalized_l1,0.2087899981737137,20260821
1000,dynamic_collision_field,7,0.44900189358782144,0.4003528843545763,0.95,global_separation,auprc,0.4240485228486291,20260821
1000,dynamic_collision_field,7,0.8889033679852333,0.8315716700439072,0.95,global_separation,balanced_bce,0.8605839054085263,20260821
1000,dynamic_collision_field,7,0.29682710432501874,0.25386928954186233,0.95,global_separation,iou,0.275021861179342,20260821
1000,ego_swept_footprint,8,0.993126995115948,0.9911197905720162,0.95,global_separation,auprc,0.9921395450892292,20260821
1000,ego_swept_footprint,8,0.0703123561959304,0.051118346872005185,0.95,global_separation,balanced_bce,0.06043243296395485,20260821
1000,ego_swept_footprint,8,0.9416361823588609,0.9330221172511578,0.95,global_separation,dice,0.9371787860393525,20260821
1000,ego_swept_footprint,8,0.9135159258334195,0.8993721428620646,0.95,global_separation,iou,0.9064065526521994,20260821
1000,all,-1,0.22231518822833896,0.21479248544573784,0.95,global_separation,structured_effect_mae,0.21848103798925878,20260821
1000,candidate_relative_dynamic_occupancy,0,0.023466287126784818,0.018792578173261142,0.95,global_separation,predicted_action_gap,0.021213139626132912,20260821
1000,candidate_relative_dynamic_occupancy,0,433345488.2629369,18417506.78872404,0.95,global_separation,predicted_target_sensitivity_ratio,162714365.4586391,20260821
1000,candidate_relative_dynamic_occupancy,0,0.14953813238148697,0.13623101218357173,0.95,global_separation,target_action_gap,0.14264755005494628,20260821
1000,drivable_area_sdf,1,0.024896959781244732,0.020088566236892865,0.95,global_separation,predicted_action_gap,0.02254667325805399,20260821
1000,drivable_area_sdf,1,481981356.91679704,0.331620963565048,0.95,global_separation,predicted_target_sensitivity_ratio,164883945.22629282,20260821
1000,drivable_area_sdf,1,0.08669259818842844,0.08068321466572374,0.95,global_separation,target_action_gap,0.08359363173829103,20260821
1000,lane_sdf,2,0.023526241640063054,0.018971875536014742,0.95,global_separation,predicted_action_gap,0.02130550577357067,20260821
1000,lane_sdf,2,35622968.366880625,0.2660358315987148,0.95,global_separation,predicted_target_sensitivity_ratio,11874322.986606486,20260821
1000,lane_sdf,2,0.09553734142481798,0.08783151239517009,0.95,global_separation,target_action_gap,0.09147007767400094,20260821
1000,route_sdf,3,0.029466903733651666,0.023777773232205653,0.95,global_separation,predicted_action_gap,0.0266185931117873,20260821
1000,route_sdf,3,50461684.90871803,0.4250786639879077,0.95,global_separation,predicted_target_sensitivity_ratio,20761093.46658273,20260821
1000,route_sdf,3,0.07346289954293753,0.06760430525002825,0.95,global_separation,target_action_gap,0.07036854761074586,20260821
1000,relative_longitudinal_velocity,4,0.01715654623712986,0.013905115596083243,0.95,global_separation,predicted_action_gap,0.015502877921068735,20260821
1000,relative_longitudinal_velocity,4,428607813.9655931,21572208.53464508,0.95,global_separation,predicted_target_sensitivity_ratio,165021061.72551158,20260821
1000,relative_longitudinal_velocity,4,0.03128839352106971,0.02724980728933525,0.95,global_separation,target_action_gap,0.029274825456327404,20260821
1000,relative_lateral_velocity,5,0.012204502805534033,0.00986601113289445,0.95,global_separation,predicted_action_gap,0.011031814174798612,20260821
1000,relative_lateral_velocity,5,288333522.3423826,16299910.063448712,0.95,global_separation,predicted_target_sensitivity_ratio,112860334.53214067,20260821
1000,relative_lateral_velocity,5,0.025748426414206892,0.021929919229752817,0.95,global_separation,target_action_gap,0.023816985822436278,20260821
1000,dynamic_clearance,6,0.01662558560412733,0.013537103343054665,0.95,global_separation,predicted_action_gap,0.01505852168721221,20260821
1000,dynamic_clearance,6,495347873.70666057,33101366.15216901,0.95,global_separation,predicted_target_sensitivity_ratio,202137340.62384945,20260821
1000,dynamic_clearance,6,0.05201329677434716,0.04732907520641487,0.95,global_separation,target_action_gap,0.049639782884884784,20260821
1000,dynamic_collision_field,7,0.018368863689365047,0.014763487755357315,0.95,global_separation,predicted_action_gap,0.016528838341416524,20260821
1000,dynamic_collision_field,7,459530045.2610311,43568926.28332037,0.95,global_separation,predicted_target_sensitivity_ratio,200193884.63918725,20260821
1000,dynamic_collision_field,7,0.19791487331716276,0.1829736174283018,0.95,global_separation,target_action_gap,0.19030467258261494,20260821
1000,ego_swept_footprint,8,0.00721929323819347,0.005594070636091626,0.95,global_separation,predicted_action_gap,0.006377011705963249,20260821
1000,ego_swept_footprint,8,900783442.8468548,358060457.7872732,0.95,global_separation,predicted_target_sensitivity_ratio,595723996.2560427,20260821
1000,ego_swept_footprint,8,0.029481818524430405,0.025851818386475097,0.95,global_separation,target_action_gap,0.027631223495549858,20260821
1000,candidate_relative_dynamic_occupancy,0,0.1517834525708904,0.13136828451019175,0.95,global_separation,auprc,0.14148946357033754,20260822
1000,candidate_relative_dynamic_occupancy,0,1.0846580325923443,0.9934682474144301,0.95,global_separation,balanced_bce,1.038591771153974,20260822
1000,candidate_relative_dynamic_occupancy,0,0.0809573204373235,0.06644107626425443,0.95,global_separation,iou,0.07316188440200513,20260822
1000,drivable_area_sdf,1,0.0680503835489042,0.06077301288964227,0.95,global_separation,huber,0.06448060770891607,20260822
1000,drivable_area_sdf,1,0.2862276997242123,0.27050647032670677,0.95,global_separation,normalized_l1,0.27872467987239363,20260822
1000,lane_sdf,2,0.06239171293792315,0.055248393056495114,0.95,global_separation,huber,0.058965979423373935,20260822
1000,lane_sdf,2,0.2734164421968162,0.25821566341370344,0.95,global_separation,normalized_l1,0.2660583091378212,20260822
1000,route_sdf,3,0.05712138947455678,0.04892613440598361,0.95,global_separation,huber,0.05280208456888795,20260822
1000,route_sdf,3,0.25186963641233745,0.2340651262562722,0.95,global_separation,normalized_l1,0.24270880050957203,20260822
1000,relative_longitudinal_velocity,4,0.033663294320322924,0.0261620579087086,0.95,global_separation,masked_huber,0.029682874981972418,20260822
1000,relative_longitudinal_velocity,4,0.19047604744012156,0.17056407130692,0.95,global_separation,masked_l1,0.1800922487784798,20260822
1000,relative_lateral_velocity,5,0.03372213208270598,0.026347052808111285,0.95,global_separation,masked_huber,0.029886561967092953,20260822
1000,relative_lateral_velocity,5,0.19803318093123382,0.17501674654874175,0.95,global_separation,masked_l1,0.18630287285583716,20260822
1000,dynamic_clearance,6,0.03967346612839028,0.03554450520190876,0.95,global_separation,huber,0.03767950833495706,20260822
1000,dynamic_clearance,6,0.22851916303448377,0.21557845593355596,0.95,global_separation,normalized_l1,0.2221933776885271,20260822
1000,dynamic_collision_field,7,0.4505275472824782,0.4036330524075415,0.95,global_separation,auprc,0.42705062461283394,20260822
1000,dynamic_collision_field,7,0.8754126009711077,0.8221233554089541,0.95,global_separation,balanced_bce,0.8499402367969309,20260822
1000,dynamic_collision_field,7,0.3001350870569988,0.25706611137750085,0.95,global_separation,iou,0.2778971891404477,20260822
1000,ego_swept_footprint,8,0.9928396599828198,0.9906031789775871,0.95,global_separation,auprc,0.9917323606203745,20260822
1000,ego_swept_footprint,8,0.06535334157045544,0.04819463181465084,0.95,global_separation,balanced_bce,0.056538081264118745,20260822
1000,ego_swept_footprint,8,0.9383110765337944,0.9300711744576693,0.95,global_separation,dice,0.9341972219944,20260822
1000,ego_swept_footprint,8,0.9130385052099005,0.8997146681587146,0.95,global_separation,iou,0.9064649613388868,20260822
1000,all,-1,0.22039280090630056,0.2138912941325456,0.95,global_separation,structured_effect_mae,0.21723130832612514,20260822
1000,candidate_relative_dynamic_occupancy,0,0.024531758436688145,0.019173678323925837,0.95,global_separation,predicted_action_gap,0.02189193461083113,20260822
1000,candidate_relative_dynamic_occupancy,0,434654179.4058317,26611316.40160531,0.95,global_separation,predicted_target_sensitivity_ratio,177101763.3543151,20260822
1000,candidate_relative_dynamic_occupancy,0,0.1493800155645094,0.13580676598957608,0.95,global_separation,target_action_gap,0.14264755005494628,20260822
1000,drivable_area_sdf,1,0.022008442994277583,0.017517270949802283,0.95,global_separation,predicted_action_gap,0.01976806708146263,20260822
1000,drivable_area_sdf,1,513661608.96380365,0.28368493325833927,0.95,global_separation,predicted_target_sensitivity_ratio,173349272.97008947,20260822
1000,drivable_area_sdf,1,0.08677806188640935,0.08064147210765253,0.95,global_separation,target_action_gap,0.08359363173829103,20260822
1000,lane_sdf,2,0.021055376320636053,0.016741718235704774,0.95,global_separation,predicted_action_gap,0.018932283657642105,20260822
1000,lane_sdf,2,19465546.326478723,0.23160765294631783,0.95,global_separation,predicted_target_sensitivity_ratio,6488515.602123015,20260822
1000,lane_sdf,2,0.09546083703286874,0.08767521878285936,0.95,global_separation,target_action_gap,0.09147007767400094,20260822
1000,route_sdf,3,0.024695918765042606,0.019615296467402694,0.95,global_separation,predicted_action_gap,0.022163690454143417,20260822
1000,route_sdf,3,35158914.67860566,0.3471922907126539,0.95,global_separation,predicted_target_sensitivity_ratio,13037621.220638223,20260822
1000,route_sdf,3,0.07331027674096323,0.06757453758814493,0.95,global_separation,target_action_gap,0.07036854761074586,20260822
1000,relative_longitudinal_velocity,4,0.015914164255077044,0.012488740009200684,0.95,global_separation,predicted_action_gap,0.014230306664134771,20260822
1000,relative_longitudinal_velocity,4,352382866.0188216,17634509.536021695,0.95,global_separation,predicted_target_sensitivity_ratio,138368803.16874173,20260822
1000,relative_longitudinal_velocity,4,0.031380116162202695,0.02729834013469701,0.95,global_separation,target_action_gap,0.029274825456327404,20260822
1000,relative_lateral_velocity,5,0.011027086021608973,0.00879569901029017,0.95,global_separation,predicted_action_gap,0.009952167014881556,20260822
1000,relative_lateral_velocity,5,265636589.86890537,15754263.810816122,0.95,global_separation,predicted_target_sensitivity_ratio,106295965.40846153,20260822
1000,relative_lateral_velocity,5,0.02572536618819617,0.021994101263188553,0.95,global_separation,target_action_gap,0.023816985822436278,20260822
1000,dynamic_clearance,6,0.016197845493314256,0.013176774110404259,0.95,global_separation,predicted_action_gap,0.014668491251854746,20260822
1000,dynamic_clearance,6,363514420.6090143,34576422.2037367,0.95,global_separation,predicted_target_sensitivity_ratio,156437489.57421148,20260822
1000,dynamic_clearance,6,0.05232863430116187,0.047171410425264564,0.95,global_separation,target_action_gap,0.049639782884884784,20260822
1000,dynamic_collision_field,7,0.01701757772479972,0.013610094871073434,0.95,global_separation,predicted_action_gap,0.015327701693422568,20260822
1000,dynamic_collision_field,7,420844291.0699075,42641071.652647056,0.95,global_separation,predicted_target_sensitivity_ratio,185836528.56037563,20260822
1000,dynamic_collision_field,7,0.19731607838122475,0.18286901176173884,0.95,global_separation,target_action_gap,0.19030467258261494,20260822
1000,ego_swept_footprint,8,0.007658270882951013,0.005755826907016052,0.95,global_separation,predicted_action_gap,0.006683786694649457,20260822
1000,ego_swept_footprint,8,887559269.6164387,278219065.6825723,0.95,global_separation,predicted_target_sensitivity_ratio,543870745.9893382,20260822
1000,ego_swept_footprint,8,0.02963726231347241,0.025663049659632287,0.95,global_separation,target_action_gap,0.027631223495549858,20260822
1000,candidate_relative_dynamic_occupancy,0,0.1531532077848269,0.12983007748753903,0.95,global_separation,auprc,0.14114868557084012,20260823
1000,candidate_relative_dynamic_occupancy,0,1.080215712893285,0.9921466632430057,0.95,global_separation,balanced_bce,1.037249619510922,20260823
1000,candidate_relative_dynamic_occupancy,0,0.08261690538256179,0.06526872209223093,0.95,global_separation,iou,0.07355140722891423,20260823
1000,drivable_area_sdf,1,0.06330531476936303,0.05673131465744227,0.95,global_separation,huber,0.060102549850940705,20260823
1000,drivable_area_sdf,1,0.27648543905913825,0.26163172024674713,0.95,global_separation,normalized_l1,0.26945977325737475,20260823
1000,lane_sdf,2,0.05702632165816613,0.05104180896733888,0.95,global_separation,huber,0.054202709088101986,20260823
1000,lane_sdf,2,0.2615539400596172,0.24765170872434975,0.95,global_separation,normalized_l1,0.2550410888791084,20260823
1000,route_sdf,3,0.05229281871120911,0.044361965287080966,0.95,global_separation,huber,0.04847281388845295,20260823
1000,route_sdf,3,0.24029742339998483,0.22345778025239707,0.95,global_separation,normalized_l1,0.23206902535259724,20260823
1000,relative_longitudinal_velocity,4,0.033065100375771025,0.025935355933702338,0.95,global_separation,masked_huber,0.029257491354868156,20260823
1000,relative_longitudinal_velocity,4,0.19105207029885302,0.1711069583242837,0.95,global_separation,masked_l1,0.18054972970858216,20260823
1000,relative_lateral_velocity,5,0.03336588153742923,0.026036200089492922,0.95,global_separation,masked_huber,0.02943886662033037,20260823
1000,relative_lateral_velocity,5,0.19554939190779502,0.17327167148430211,0.95,global_separation,masked_l1,0.18348615271194527,20260823
1000,dynamic_clearance,6,0.03681501586209052,0.032319288395042535,0.95,global_separation,huber,0.03452641890849918,20260823
1000,dynamic_clearance,6,0.21419480152465403,0.199930238147825,0.95,global_separation,normalized_l1,0.20688460578024387,20260823
1000,dynamic_collision_field,7,0.45114920644779527,0.4034866422397614,0.95,global_separation,auprc,0.4284678300223439,20260823
1000,dynamic_collision_field,7,0.8730820403075961,0.8174543602070682,0.95,global_separation,balanced_bce,0.8465379947086838,20260823
1000,dynamic_collision_field,7,0.30999553142828545,0.26781366669842727,0.95,global_separation,iou,0.28837806656014897,20260823
1000,ego_swept_footprint,8,0.9927796920412539,0.9906363155486143,0.95,global_separation,auprc,0.9917792567410347,20260823
1000,ego_swept_footprint,8,0.06372513184576378,0.045449071181736175,0.95,global_separation,balanced_bce,0.053944291600819934,20260823
1000,ego_swept_footprint,8,0.9317643271923065,0.9238592463612556,0.95,global_separation,dice,0.9281069594621658,20260823
1000,ego_swept_footprint,8,0.9002590325120331,0.886974053755329,0.95,global_separation,iou,0.8942250370321632,20260823
1000,all,-1,0.21492726965658365,0.20797322694398462,0.95,global_separation,structured_effect_mae,0.21157799482345582,20260823
1000,candidate_relative_dynamic_occupancy,0,0.02453293660294427,0.019026984955359365,0.95,global_separation,predicted_action_gap,0.021700895599169285,20260823
1000,candidate_relative_dynamic_occupancy,0,389053244.75368494,9315442.602517633,0.95,global_separation,predicted_target_sensitivity_ratio,145937874.37677506,20260823
1000,candidate_relative_dynamic_occupancy,0,0.14959345539020183,0.13626842655408083,0.95,global_separation,target_action_gap,0.14264755005494628,20260823
1000,drivable_area_sdf,1,0.020960653545962327,0.016628828277774527,0.95,global_separation,predicted_action_gap,0.018771172758032004,20260823
1000,drivable_area_sdf,1,447164040.0437974,0.2810874735789413,0.95,global_separation,predicted_target_sensitivity_ratio,151693953.2258339,20260823
1000,drivable_area_sdf,1,0.08661267088978564,0.0804980353311764,0.95,global_separation,target_action_gap,0.08359363173829103,20260823
1000,lane_sdf,2,0.020533075431951837,0.016196589550891705,0.95,global_separation,predicted_action_gap,0.018321854990439344,20260823
1000,lane_sdf,2,22540133.184521835,0.22468488316663301,0.95,global_separation,predicted_target_sensitivity_ratio,7513377.892746724,20260823
1000,lane_sdf,2,0.09510291361065323,0.08807804645696486,0.95,global_separation,target_action_gap,0.09147007767400094,20260823
1000,route_sdf,3,0.0247055630409038,0.019380772223877917,0.95,global_separation,predicted_action_gap,0.02193468248643857,20260823
1000,route_sdf,3,29645720.029322006,0.34278249522687115,0.95,global_separation,predicted_target_sensitivity_ratio,11825898.290551437,20260823
1000,route_sdf,3,0.07320944831805938,0.06758382063497516,0.95,global_separation,target_action_gap,0.07036854761074586,20260823
1000,relative_longitudinal_velocity,4,0.016549998362735754,0.013112416347682702,0.95,global_separation,predicted_action_gap,0.014791886938963154,20260823
1000,relative_longitudinal_velocity,4,411523862.0427536,13338289.204429055,0.95,global_separation,predicted_target_sensitivity_ratio,158119034.31984016,20260823
1000,relative_longitudinal_velocity,4,0.031298478585854196,0.027296826991411356,0.95,global_separation,target_action_gap,0.029274825456327404,20260823
1000,relative_lateral_velocity,5,0.010986856271523689,0.008634207748673363,0.95,global_separation,predicted_action_gap,0.009778813963952542,20260823
1000,relative_lateral_velocity,5,278338788.42338705,9225532.906297881,0.95,global_separation,predicted_target_sensitivity_ratio,105961688.44888833,20260823
1000,relative_lateral_velocity,5,0.025728293376238887,0.021998349859075398,0.95,global_separation,target_action_gap,0.023816985822436278,20260823
1000,dynamic_clearance,6,0.013446329415981789,0.010628899104824148,0.95,global_separation,predicted_action_gap,0.0119758957632163,20260823
1000,dynamic_clearance,6,416587883.92531735,15365681.93023396,0.95,global_separation,predicted_target_sensitivity_ratio,159264693.51300812,20260823
1000,dynamic_clearance,6,0.05224035152541232,0.047213909172895564,0.95,global_separation,target_action_gap,0.049639782884884784,20260823
1000,dynamic_collision_field,7,0.016170941697629164,0.01276818502270242,0.95,global_separation,predicted_action_gap,0.014402680832682594,20260823
1000,dynamic_collision_field,7,388993912.0226838,27758210.305500787,0.95,global_separation,predicted_target_sensitivity_ratio,162458663.70758757,20260823
1000,dynamic_collision_field,7,0.19796736888228195,0.1833869873206101,0.95,global_separation,target_action_gap,0.19030467258261494,20260823
1000,ego_swept_footprint,8,0.008081324051597763,0.006091289075686207,0.95,global_separation,predicted_action_gap,0.007118702955161662,20260823
1000,ego_swept_footprint,8,945250972.5640742,319476201.9199108,0.95,global_separation,predicted_target_sensitivity_ratio,591790080.4366875,20260823
1000,ego_swept_footprint,8,0.02947469170505491,0.025691061734217112,0.95,global_separation,target_action_gap,0.027631223495549858,20260823
1000,candidate_relative_dynamic_occupancy,0,0.1521101407116737,0.13141054777563907,0.95,aee,auprc,0.14139243399433835,20260821
1000,candidate_relative_dynamic_occupancy,0,1.1045979120034097,1.0073138509539599,0.95,aee,balanced_bce,1.0574218778252333,20260821
1000,candidate_relative_dynamic_occupancy,0,0.08120848827788714,0.0653260110061261,0.95,aee,iou,0.07289239649368497,20260821
1000,drivable_area_sdf,1,0.06660574419382027,0.05963115067980253,0.95,aee,huber,0.06317573661915958,20260821
1000,drivable_area_sdf,1,0.2827293897435069,0.26656223143935204,0.95,aee,normalized_l1,0.27490551108121875,20260821
1000,lane_sdf,2,0.060384530649241056,0.05371914894366637,0.95,aee,huber,0.05710261038783938,20260821
1000,lane_sdf,2,0.2676621115766466,0.25211436511203644,0.95,aee,normalized_l1,0.2600508695691824,20260821
1000,route_sdf,3,0.05870330332904122,0.049596046168264005,0.95,aee,huber,0.053940607055090364,20260821
1000,route_sdf,3,0.2542821446031332,0.23598293448090554,0.95,aee,normalized_l1,0.24501077169179916,20260821
1000,relative_longitudinal_velocity,4,0.03928671467393845,0.03211478365883522,0.95,aee,masked_huber,0.03554057078896828,20260821
1000,relative_longitudinal_velocity,4,0.21584871961618773,0.19592643343280844,0.95,aee,masked_l1,0.205567993891115,20260821
1000,relative_lateral_velocity,5,0.03333670141548888,0.025874311207583864,0.95,aee,masked_huber,0.029597361918907456,20260821
1000,relative_lateral_velocity,5,0.19507321622882348,0.17145567366465306,0.95,aee,masked_l1,0.18349530682899057,20260821
1000,dynamic_clearance,6,0.042979685120657085,0.036649075557140164,0.95,aee,huber,0.03981715225661173,20260821
1000,dynamic_clearance,6,0.22673735607154666,0.2089749024827033,0.95,aee,normalized_l1,0.21769029574096202,20260821
1000,dynamic_collision_field,7,0.4499706210062606,0.4004686142252506,0.95,aee,auprc,0.4252954116502299,20260821
1000,dynamic_collision_field,7,0.8926941849900463,0.8345790022053784,0.95,aee,balanced_bce,0.8639705106373364,20260821
1000,dynamic_collision_field,7,0.28915971056243034,0.24459132718493373,0.95,aee,iou,0.2660024993710097,20260821
1000,ego_swept_footprint,8,0.9927625744431584,0.9905424526877682,0.95,aee,auprc,0.9916680048329503,20260821
1000,ego_swept_footprint,8,0.07679998871560814,0.0561239920021815,0.95,aee,balanced_bce,0.06593899161167198,20260821
1000,ego_swept_footprint,8,0.9428335925847292,0.9342884872466326,0.95,aee,dice,0.9385191220045089,20260821
1000,ego_swept_footprint,8,0.9118304022976045,0.8977796587803901,0.95,aee,iou,0.9047342719089669,20260821
1000,all,-1,0.2208973321467638,0.2132550503320992,0.95,aee,structured_effect_mae,0.21693765242397786,20260821
1000,candidate_relative_dynamic_occupancy,0,0.022382439884827635,0.017543631815524232,0.95,aee,predicted_action_gap,0.019933593450857722,20260821
1000,candidate_relative_dynamic_occupancy,0,602028676.2592909,17049702.518035043,0.95,aee,predicted_target_sensitivity_ratio,217527613.9755912,20260821
1000,candidate_relative_dynamic_occupancy,0,0.14953813238148697,0.13623101218357173,0.95,aee,target_action_gap,0.14264755005494628,20260821
1000,drivable_area_sdf,1,0.025415061396918272,0.020087658946129617,0.95,aee,predicted_action_gap,0.02268786209477749,20260821
1000,drivable_area_sdf,1,835651026.3528256,0.3295523010940686,0.95,aee,predicted_target_sensitivity_ratio,282526004.5464135,20260821
1000,drivable_area_sdf,1,0.08669259818842844,0.08068321466572374,0.95,aee,target_action_gap,0.08359363173829103,20260821
1000,lane_sdf,2,0.024103659707439277,0.019056060495154268,0.95,aee,predicted_action_gap,0.021532346077288697,20260821
1000,lane_sdf,2,36120315.70605821,0.26461430972464023,0.95,aee,predicted_target_sensitivity_ratio,12040105.432855647,20260821
1000,lane_sdf,2,0.09553734142481798,0.08783151239517009,0.95,aee,target_action_gap,0.09147007767400094,20260821
1000,route_sdf,3,0.030267255977389204,0.02379146492418354,0.95,aee,predicted_action_gap,0.02703180737488106,20260821
1000,route_sdf,3,67446828.90401493,0.4205238496133366,0.95,aee,predicted_target_sensitivity_ratio,27336790.84785977,20260821
1000,route_sdf,3,0.07346289954293753,0.06760430525002825,0.95,aee,target_action_gap,0.07036854761074586,20260821
1000,relative_longitudinal_velocity,4,0.017100265910819652,0.013679230116816864,0.95,aee,predicted_action_gap,0.015388158836215334,20260821
1000,relative_longitudinal_velocity,4,410241815.9951906,22990749.12793213,0.95,aee,predicted_target_sensitivity_ratio,158997013.7504924,20260821
1000,relative_longitudinal_velocity,4,0.03128839352106971,0.02724980728933525,0.95,aee,target_action_gap,0.029274825456327404,20260821
1000,relative_lateral_velocity,5,0.01175280632904199,0.009380287820258987,0.95,aee,predicted_action_gap,0.010573765563847325,20260821
1000,relative_lateral_velocity,5,321582635.2615188,17699733.60076933,0.95,aee,predicted_target_sensitivity_ratio,124036029.07618052,20260821
1000,relative_lateral_velocity,5,0.025748426414206892,0.021929919229752817,0.95,aee,target_action_gap,0.023816985822436278,20260821
1000,dynamic_clearance,6,0.01648201981398917,0.013234827473971908,0.95,aee,predicted_action_gap,0.014921322617612594,20260821
1000,dynamic_clearance,6,669143190.2235752,28369480.682075664,0.95,aee,predicted_target_sensitivity_ratio,250740037.84643263,20260821
1000,dynamic_clearance,6,0.05201329677434716,0.04732907520641487,0.95,aee,target_action_gap,0.049639782884884784,20260821
1000,dynamic_collision_field,7,0.01666581355167213,0.01312686106980985,0.95,aee,predicted_action_gap,0.01493696548856923,20260821
1000,dynamic_collision_field,7,697078461.2769058,31770539.750650976,0.95,aee,predicted_target_sensitivity_ratio,290576917.5608219,20260821
1000,dynamic_collision_field,7,0.19791487331716276,0.1829736174283018,0.95,aee,target_action_gap,0.19030467258261494,20260821
1000,ego_swept_footprint,8,0.0073411442563761685,0.005574401115674389,0.95,aee,predicted_action_gap,0.0064377946719693276,20260821
1000,ego_swept_footprint,8,823307716.0360451,301414450.63758403,0.95,aee,predicted_target_sensitivity_ratio,537864818.3307258,20260821
1000,ego_swept_footprint,8,0.029481818524430405,0.025851818386475097,0.95,aee,target_action_gap,0.027631223495549858,20260821
1000,candidate_relative_dynamic_occupancy,0,0.151885100907576,0.13150000129967182,0.95,aee,auprc,0.14151298612013682,20260822
1000,candidate_relative_dynamic_occupancy,0,1.0811364630000413,0.9894612030846468,0.95,aee,balanced_bce,1.0352729352440493,20260822
1000,candidate_relative_dynamic_occupancy,0,0.07700542585312282,0.06501948215028526,0.95,aee,iou,0.07070609674332891,20260822
1000,drivable_area_sdf,1,0.06716225548977964,0.060316372445318844,0.95,aee,huber,0.06379769611917437,20260822
1000,drivable_area_sdf,1,0.28549689097069203,0.27087480940259995,0.95,aee,normalized_l1,0.2783345554023981,20260822
1000,lane_sdf,2,0.06153420409727842,0.05512877269354649,0.95,aee,huber,0.058428655184805396,20260822
1000,lane_sdf,2,0.2732824298519641,0.2591835669785738,0.95,aee,normalized_l1,0.2661967410594225,20260822
1000,route_sdf,3,0.059381158867222256,0.050955124520021496,0.95,aee,huber,0.05498736038804054,20260822
1000,route_sdf,3,0.2572552781082689,0.23948266239501537,0.95,aee,normalized_l1,0.24785590067505836,20260822
1000,relative_longitudinal_velocity,4,0.03285373653458313,0.02612407535916949,0.95,aee,masked_huber,0.029275905964095728,20260822
1000,relative_longitudinal_velocity,4,0.19091957131866366,0.17158040969632568,0.95,aee,masked_l1,0.18075158761348575,20260822
1000,relative_lateral_velocity,5,0.033316629851700176,0.026114795476205474,0.95,aee,masked_huber,0.029587242075892087,20260822
1000,relative_lateral_velocity,5,0.1966808902697327,0.17353520667141614,0.95,aee,masked_l1,0.18490553550266972,20260822
1000,dynamic_clearance,6,0.03854192712504882,0.034933423717715774,0.95,aee,huber,0.03667464186903089,20260822
1000,dynamic_clearance,6,0.22700689704827962,0.21517167508974672,0.95,aee,normalized_l1,0.22106246243417263,20260822
1000,dynamic_collision_field,7,0.4490530142773475,0.4028241725131554,0.95,aee,auprc,0.4250958900680805,20260822
1000,dynamic_collision_field,7,0.8724649018468515,0.8177844438503811,0.95,aee,balanced_bce,0.8467025293612246,20260822
1000,dynamic_collision_field,7,0.29771947329030696,0.2543967562587977,0.95,aee,iou,0.27604256328095605,20260822
1000,ego_swept_footprint,8,0.9924181589167603,0.9898868480869545,0.95,aee,auprc,0.9911625146558296,20260822
1000,ego_swept_footprint,8,0.053577210106590875,0.03920955628106964,0.95,aee,balanced_bce,0.04617477547138246,20260822
1000,ego_swept_footprint,8,0.9269022945612669,0.9169019803464412,0.95,aee,dice,0.9218256363868713,20260822
1000,ego_swept_footprint,8,0.8980059437619312,0.8820121206269257,0.95,aee,iou,0.8900324582257683,20260822
1000,all,-1,0.21857926179915665,0.21197864230014385,0.95,aee,structured_effect_mae,0.21540811167657375,20260822
1000,candidate_relative_dynamic_occupancy,0,0.02422414637464777,0.018847490841836075,0.95,aee,predicted_action_gap,0.021621478718339734,20260822
1000,candidate_relative_dynamic_occupancy,0,452852349.99513686,18388044.163005065,0.95,aee,predicted_target_sensitivity_ratio,174921545.50877863,20260822
1000,candidate_relative_dynamic_occupancy,0,0.1493800155645094,0.13580676598957608,0.95,aee,target_action_gap,0.14264755005494628,20260822
1000,drivable_area_sdf,1,0.021058083559011,0.016732789068430128,0.95,aee,predicted_action_gap,0.01890673719703798,20260822
1000,drivable_area_sdf,1,522967432.2850176,0.2703082722792735,0.95,aee,predicted_target_sensitivity_ratio,176288157.69065094,20260822
1000,drivable_area_sdf,1,0.08677806188640935,0.08064147210765253,0.95,aee,target_action_gap,0.08359363173829103,20260822
1000,lane_sdf,2,0.020129069268445366,0.015912765576321566,0.95,aee,predicted_action_gap,0.018043709217087374,20260822
1000,lane_sdf,2,17170846.78866862,0.21759700417703165,0.95,aee,predicted_target_sensitivity_ratio,5723615.746429274,20260822
1000,lane_sdf,2,0.09546083703286874,0.08767521878285936,0.95,aee,target_action_gap,0.09147007767400094,20260822
1000,route_sdf,3,0.024926616589321635,0.019659899327737956,0.95,aee,predicted_action_gap,0.02235046637649467,20260822
1000,route_sdf,3,34205475.364012375,0.346336622105158,0.95,aee,predicted_target_sensitivity_ratio,11625304.663206728,20260822
1000,route_sdf,3,0.07331027674096323,0.06757453758814493,0.95,aee,target_action_gap,0.07036854761074586,20260822
1000,relative_longitudinal_velocity,4,0.016375002121126192,0.012778471113909779,0.95,aee,predicted_action_gap,0.014594390733299375,20260822
1000,relative_longitudinal_velocity,4,354573091.0807432,14620248.136407172,0.95,aee,predicted_target_sensitivity_ratio,135966525.40677187,20260822
1000,relative_longitudinal_velocity,4,0.031380116162202695,0.02729834013469701,0.95,aee,target_action_gap,0.029274825456327404,20260822
1000,relative_lateral_velocity,5,0.011045870870738139,0.008728893599832505,0.95,aee,predicted_action_gap,0.009930905892596112,20260822
1000,relative_lateral_velocity,5,274487952.7697079,13326181.647400998,0.95,aee,predicted_target_sensitivity_ratio,106190269.12975937,20260822
1000,relative_lateral_velocity,5,0.02572536618819617,0.021994101263188553,0.95,aee,target_action_gap,0.023816985822436278,20260822
1000,dynamic_clearance,6,0.016155286175419326,0.01306560741991626,0.95,aee,predicted_action_gap,0.014634561986644383,20260822
1000,dynamic_clearance,6,483631617.6727648,27201084.51328176,0.95,aee,predicted_target_sensitivity_ratio,187133680.49690035,20260822
1000,dynamic_clearance,6,0.05232863430116187,0.047171410425264564,0.95,aee,target_action_gap,0.049639782884884784,20260822
1000,dynamic_collision_field,7,0.015426335711385006,0.01232228604329121,0.95,aee,predicted_action_gap,0.013942575504196267,20260822
1000,dynamic_collision_field,7,453655159.3307034,31626085.316376,0.95,aee,predicted_target_sensitivity_ratio,188482404.91913402,20260822
1000,dynamic_collision_field,7,0.19731607838122475,0.18286901176173884,0.95,aee,target_action_gap,0.19030467258261494,20260822
1000,ego_swept_footprint,8,0.008086378369484663,0.0061462095319891165,0.95,aee,predicted_action_gap,0.0071155111899382315,20260822
1000,ego_swept_footprint,8,1019322248.9194423,387706926.4251818,0.95,aee,predicted_target_sensitivity_ratio,669451729.5576425,20260822
1000,ego_swept_footprint,8,0.02963726231347241,0.025663049659632287,0.95,aee,target_action_gap,0.027631223495549858,20260822
1000,candidate_relative_dynamic_occupancy,0,0.15160918301237197,0.12979959858187165,0.95,aee,auprc,0.14069699828556742,20260823
1000,candidate_relative_dynamic_occupancy,0,1.083388984142658,0.9919443005805305,0.95,aee,balanced_bce,1.0384492520499216,20260823
1000,candidate_relative_dynamic_occupancy,0,0.08964190517151482,0.06977373077008996,0.95,aee,iou,0.07918414448199292,20260823
1000,drivable_area_sdf,1,0.06321594459614717,0.05695744764721021,0.95,aee,huber,0.060194408547133205,20260823
1000,drivable_area_sdf,1,0.2773408180333674,0.26314325565919283,0.95,aee,normalized_l1,0.27047790721058845,20260823
1000,lane_sdf,2,0.05677330616721883,0.050926118926052005,0.95,aee,huber,0.054019864283502105,20260823
1000,lane_sdf,2,0.2617251014687121,0.24799231127500534,0.95,aee,normalized_l1,0.25521591246128084,20260823
1000,route_sdf,3,0.05114893167368136,0.043595564319263216,0.95,aee,huber,0.04749367630016059,20260823
1000,route_sdf,3,0.23868151247501374,0.22218291003853083,0.95,aee,normalized_l1,0.23054470255970955,20260823
1000,relative_longitudinal_velocity,4,0.034473441087866374,0.027193521129314224,0.95,aee,masked_huber,0.0305649333424905,20260823
1000,relative_longitudinal_velocity,4,0.19592630540661046,0.17516756127413827,0.95,aee,masked_l1,0.1849151763599366,20260823
1000,relative_lateral_velocity,5,0.03370031165308925,0.026305665938076952,0.95,aee,masked_huber,0.02980078900582157,20260823
1000,relative_lateral_velocity,5,0.19677472591904613,0.17416666629617492,0.95,aee,masked_l1,0.1847093862054559,20260823
1000,dynamic_clearance,6,0.03730449731429108,0.03247780096342321,0.95,aee,huber,0.03484862060658634,20260823
1000,dynamic_clearance,6,0.21427410336621106,0.19927728768512606,0.95,aee,normalized_l1,0.2066312200576067,20260823
1000,dynamic_collision_field,7,0.4516289003239927,0.4042551935459051,0.95,aee,auprc,0.4287486542921407,20260823
1000,dynamic_collision_field,7,0.8766397284527172,0.8173679064018277,0.95,aee,balanced_bce,0.847951267380656,20260823
1000,dynamic_collision_field,7,0.30755621396566807,0.2632168150316546,0.95,aee,iou,0.2855343982121401,20260823
1000,ego_swept_footprint,8,0.992732213356612,0.9907054115048087,0.95,aee,auprc,0.9917599047020801,20260823
1000,ego_swept_footprint,8,0.0642038045429207,0.04690208667903074,0.95,aee,balanced_bce,0.05489768732155146,20260823
1000,ego_swept_footprint,8,0.9353286380648613,0.927367822510004,0.95,aee,dice,0.9315228148698806,20260823
1000,ego_swept_footprint,8,0.906030635086442,0.8926658113908192,0.95,aee,iou,0.8998988709984408,20260823
1000,all,-1,0.21080874517150225,0.20407691291719673,0.95,aee,structured_effect_mae,0.20748323480784894,20260823
1000,candidate_relative_dynamic_occupancy,0,0.024642392081102176,0.019364674127597608,0.95,aee,predicted_action_gap,0.021926300712336876,20260823
1000,candidate_relative_dynamic_occupancy,0,459513294.38315254,9620581.498413203,0.95,aee,predicted_target_sensitivity_ratio,169207765.64258218,20260823
1000,candidate_relative_dynamic_occupancy,0,0.14959345539020183,0.13626842655408083,0.95,aee,target_action_gap,0.14264755005494628,20260823
1000,drivable_area_sdf,1,0.0219362582124161,0.0175565392308068,0.95,aee,predicted_action_gap,0.019688149659643762,20260823
1000,drivable_area_sdf,1,508419021.5482,0.290277551869967,0.95,aee,predicted_target_sensitivity_ratio,173792985.96478504,20260823
1000,drivable_area_sdf,1,0.08661267088978564,0.0804980353311764,0.95,aee,target_action_gap,0.08359363173829103,20260823
1000,lane_sdf,2,0.02159621489253337,0.017205095528874906,0.95,aee,predicted_action_gap,0.019312015495070854,20260823
1000,lane_sdf,2,39723362.871295966,0.23870701130300384,0.95,aee,predicted_target_sensitivity_ratio,13241121.129991412,20260823
1000,lane_sdf,2,0.09510291361065323,0.08807804645696486,0.95,aee,target_action_gap,0.09147007767400094,20260823
1000,route_sdf,3,0.026968833227494448,0.021179699924033263,0.95,aee,predicted_action_gap,0.024004968998991082,20260823
1000,route_sdf,3,65205400.551584624,0.37040143012035853,0.95,aee,predicted_target_sensitivity_ratio,24754909.198592894,20260823
1000,route_sdf,3,0.07320944831805938,0.06758382063497516,0.95,aee,target_action_gap,0.07036854761074586,20260823
1000,relative_longitudinal_velocity,4,0.016248845306286685,0.012986756450168443,0.95,aee,predicted_action_gap,0.014567984128822492,20260823
1000,relative_longitudinal_velocity,4,370890616.70308137,15033011.65791553,0.95,aee,predicted_target_sensitivity_ratio,145787358.76725656,20260823
1000,relative_longitudinal_velocity,4,0.031298478585854196,0.027296826991411356,0.95,aee,target_action_gap,0.029274825456327404,20260823
1000,relative_lateral_velocity,5,0.011606676182889807,0.00917467404854835,0.95,aee,predicted_action_gap,0.010363058583560156,20260823
1000,relative_lateral_velocity,5,241417697.27790177,10113258.529612698,0.95,aee,predicted_target_sensitivity_ratio,94311800.84200944,20260823
1000,relative_lateral_velocity,5,0.025728293376238887,0.021998349859075398,0.95,aee,target_action_gap,0.023816985822436278,20260823
1000,dynamic_clearance,6,0.015232382533878895,0.012206800903473338,0.95,aee,predicted_action_gap,0.01368300150164126,20260823
1000,dynamic_clearance,6,394663196.8282551,16351199.649479823,0.95,aee,predicted_target_sensitivity_ratio,155241606.00418356,20260823
1000,dynamic_clearance,6,0.05224035152541232,0.047213909172895564,0.95,aee,target_action_gap,0.049639782884884784,20260823
1000,dynamic_collision_field,7,0.01743989855721738,0.013935383707671424,0.95,aee,predicted_action_gap,0.01563584761636556,20260823
1000,dynamic_collision_field,7,485846405.3397521,22200515.788962796,0.95,aee,predicted_target_sensitivity_ratio,189556016.65234572,20260823
1000,dynamic_collision_field,7,0.19796736888228195,0.1833869873206101,0.95,aee,target_action_gap,0.19030467258261494,20260823
1000,ego_swept_footprint,8,0.007890095225660969,0.005923026096500612,0.95,aee,predicted_action_gap,0.006936865932355682,20260823
1000,ego_swept_footprint,8,839671984.5274078,271184837.43633264,0.95,aee,predicted_target_sensitivity_ratio,510373841.85231715,20260823
1000,ego_swept_footprint,8,0.02947469170505491,0.025691061734217112,0.95,aee,target_action_gap,0.027631223495549858,20260823
1000,candidate_relative_dynamic_occupancy,0,0.15351798549116125,0.13240057309531403,0.95,confidence_aee,auprc,0.14225532626836448,20260821
1000,candidate_relative_dynamic_occupancy,0,1.100732764413672,1.0048971289133792,0.95,confidence_aee,balanced_bce,1.054049306207524,20260821
1000,candidate_relative_dynamic_occupancy,0,0.0946530313229603,0.07316922372914877,0.95,confidence_aee,iou,0.08349640977797239,20260821
1000,drivable_area_sdf,1,0.0655392007894814,0.058732783007994296,0.95,confidence_aee,huber,0.06215327366441488,20260821
1000,drivable_area_sdf,1,0.28040107320286334,0.26484563817456364,0.95,confidence_aee,normalized_l1,0.2727331565767527,20260821
1000,lane_sdf,2,0.0595522908594925,0.05318271276091691,0.95,confidence_aee,huber,0.05633278693631291,20260821
1000,lane_sdf,2,0.2662189692594111,0.2509175235316157,0.95,confidence_aee,normalized_l1,0.2585510358512402,20260821
1000,route_sdf,3,0.058152729533775704,0.04917820970616303,0.95,confidence_aee,huber,0.05346068809274584,20260821
1000,route_sdf,3,0.2539155417636037,0.23556294990107418,0.95,confidence_aee,normalized_l1,0.2444760728776455,20260821
1000,relative_longitudinal_velocity,4,0.04049605622868209,0.032967024232020775,0.95,confidence_aee,masked_huber,0.03656513257859236,20260821
1000,relative_longitudinal_velocity,4,0.21928515302832238,0.19886838298058138,0.95,confidence_aee,masked_l1,0.20872923937470964,20260821
1000,relative_lateral_velocity,5,0.03376232077036548,0.026267531851572132,0.95,confidence_aee,masked_huber,0.029979755009117072,20260821
1000,relative_lateral_velocity,5,0.1962339449902841,0.17307727075104293,0.95,confidence_aee,masked_l1,0.18481145616775999,20260821
1000,dynamic_clearance,6,0.03984851804478094,0.03447642779827584,0.95,confidence_aee,huber,0.03712639848608524,20260821
1000,dynamic_clearance,6,0.21874909956902264,0.2024570137269795,0.95,confidence_aee,normalized_l1,0.21046480016410352,20260821
1000,dynamic_collision_field,7,0.4499294302751152,0.4005859918277198,0.95,confidence_aee,auprc,0.4247657066982621,20260821
1000,dynamic_collision_field,7,0.8912503239243901,0.8318854700494052,0.95,confidence_aee,balanced_bce,0.8622942951448983,20260821
1000,dynamic_collision_field,7,0.2970941391916548,0.252625915862391,0.95,confidence_aee,iou,0.2744574909884305,20260821
1000,ego_swept_footprint,8,0.9929651271760983,0.9908775067796343,0.95,confidence_aee,auprc,0.9919296911926435,20260821
1000,ego_swept_footprint,8,0.07414258490124759,0.05385845483613471,0.95,confidence_aee,balanced_bce,0.06346846720404943,20260821
1000,ego_swept_footprint,8,0.943558337444067,0.935401310530305,0.95,confidence_aee,dice,0.9393367155790329,20260821
1000,ego_swept_footprint,8,0.9137196856409967,0.9005772173599137,0.95,confidence_aee,iou,0.907074515955444,20260821
1000,all,-1,0.22007492483146487,0.21230549691431225,0.95,confidence_aee,structured_effect_mae,0.2160003787279129,20260821
1000,candidate_relative_dynamic_occupancy,0,0.0228876866294076,0.018145351264896473,0.95,confidence_aee,predicted_action_gap,0.020538872632861402,20260821
1000,candidate_relative_dynamic_occupancy,0,489348555.6777328,15082665.694067081,0.95,confidence_aee,predicted_target_sensitivity_ratio,179235374.94133317,20260821
1000,candidate_relative_dynamic_occupancy,0,0.14953813238148697,0.13623101218357173,0.95,confidence_aee,target_action_gap,0.14264755005494628,20260821
1000,drivable_area_sdf,1,0.02574487105103987,0.020767570640227547,0.95,confidence_aee,predicted_action_gap,0.0232548825097183,20260821
1000,drivable_area_sdf,1,630880288.8660082,0.3376819469332643,0.95,confidence_aee,predicted_target_sensitivity_ratio,213028213.1082629,20260821
1000,drivable_area_sdf,1,0.08669259818842844,0.08068321466572374,0.95,confidence_aee,target_action_gap,0.08359363173829103,20260821
1000,lane_sdf,2,0.02448462484619697,0.019732792335193594,0.95,confidence_aee,predicted_action_gap,0.022087592205746753,20260821
1000,lane_sdf,2,24230665.83820894,0.27134432113584217,0.95,confidence_aee,predicted_target_sensitivity_ratio,8076888.812076384,20260821
1000,lane_sdf,2,0.09553734142481798,0.08783151239517009,0.95,confidence_aee,target_action_gap,0.09147007767400094,20260821
1000,route_sdf,3,0.030113213794692426,0.023942138364047644,0.95,confidence_aee,predicted_action_gap,0.027104240534315288,20260821
1000,route_sdf,3,43227788.35646377,0.4188880045160836,0.95,confidence_aee,predicted_target_sensitivity_ratio,17546535.247012883,20260821
1000,route_sdf,3,0.07346289954293753,0.06760430525002825,0.95,confidence_aee,target_action_gap,0.07036854761074586,20260821
1000,relative_longitudinal_velocity,4,0.017316777745210447,0.013959135844332445,0.95,confidence_aee,predicted_action_gap,0.01566473189572646,20260821
1000,relative_longitudinal_velocity,4,384955154.83427656,20998325.741566908,0.95,confidence_aee,predicted_target_sensitivity_ratio,149196226.82300928,20260821
1000,relative_longitudinal_velocity,4,0.03128839352106971,0.02724980728933525,0.95,confidence_aee,target_action_gap,0.029274825456327404,20260821
1000,relative_lateral_velocity,5,0.01214897063404633,0.009748985702820642,0.95,confidence_aee,predicted_action_gap,0.010972073511546679,20260821
1000,relative_lateral_velocity,5,300984064.6438779,17227553.805631593,0.95,confidence_aee,predicted_target_sensitivity_ratio,117700179.44169809,20260821
1000,relative_lateral_velocity,5,0.025748426414206892,0.021929919229752817,0.95,confidence_aee,target_action_gap,0.023816985822436278,20260821
1000,dynamic_clearance,6,0.01666616582018174,0.01354170817968648,0.95,confidence_aee,predicted_action_gap,0.01514040201217195,20260821
1000,dynamic_clearance,6,471918249.7217494,26805493.44453371,0.95,confidence_aee,predicted_target_sensitivity_ratio,186129875.21519145,20260821
1000,dynamic_clearance,6,0.05201329677434716,0.04732907520641487,0.95,confidence_aee,target_action_gap,0.049639782884884784,20260821
1000,dynamic_collision_field,7,0.01753798405162217,0.014045072080805233,0.95,confidence_aee,predicted_action_gap,0.015852581201443172,20260821
1000,dynamic_collision_field,7,513483216.055147,31410134.273181345,0.95,confidence_aee,predicted_target_sensitivity_ratio,217834926.9189548,20260821
1000,dynamic_collision_field,7,0.19791487331716276,0.1829736174283018,0.95,confidence_aee,target_action_gap,0.19030467258261494,20260821
1000,ego_swept_footprint,8,0.007469836454059696,0.005598262241946078,0.95,confidence_aee,predicted_action_gap,0.006476460583906702,20260821
1000,ego_swept_footprint,8,811200416.4751978,291921677.1635828,0.95,confidence_aee,predicted_target_sensitivity_ratio,515947974.26595515,20260821
1000,ego_swept_footprint,8,0.029481818524430405,0.025851818386475097,0.95,confidence_aee,target_action_gap,0.027631223495549858,20260821
1000,candidate_relative_dynamic_occupancy,0,0.15031426475808954,0.12996049358963388,0.95,confidence_aee,auprc,0.13991902872589654,20260822
1000,candidate_relative_dynamic_occupancy,0,1.0838244749728334,0.9910504283214484,0.95,confidence_aee,balanced_bce,1.0369710766013416,20260822
1000,candidate_relative_dynamic_occupancy,0,0.07790795265614789,0.06571389632594266,0.95,confidence_aee,iou,0.0713584849669404,20260822
1000,drivable_area_sdf,1,0.06770997752775439,0.060778291832795366,0.95,confidence_aee,huber,0.06441630247049034,20260822
1000,drivable_area_sdf,1,0.28740827234610916,0.2721103421200067,0.95,confidence_aee,normalized_l1,0.2797067006081343,20260822
1000,lane_sdf,2,0.06170449317819439,0.055093479374051096,0.95,confidence_aee,huber,0.05848605282604694,20260822
1000,lane_sdf,2,0.27340520952157676,0.2589470066316426,0.95,confidence_aee,normalized_l1,0.26618453274667264,20260822
1000,route_sdf,3,0.05776158635460305,0.04956030400521123,0.95,confidence_aee,huber,0.053424921679310504,20260822
1000,route_sdf,3,0.2535350943412632,0.23602872088290752,0.95,confidence_aee,normalized_l1,0.24457542988657952,20260822
1000,relative_longitudinal_velocity,4,0.03343639268114202,0.026436325164345364,0.95,confidence_aee,masked_huber,0.02973595265654391,20260822
1000,relative_longitudinal_velocity,4,0.19145677606167738,0.1719666577730095,0.95,confidence_aee,masked_l1,0.18129201694391667,20260822
1000,relative_lateral_velocity,5,0.03314163527892864,0.025966807323111425,0.95,confidence_aee,masked_huber,0.029422929903375916,20260822
1000,relative_lateral_velocity,5,0.19597002615026818,0.17296665487384116,0.95,confidence_aee,masked_l1,0.18431133610817294,20260822
1000,dynamic_clearance,6,0.037298240445414556,0.03353436470658053,0.95,confidence_aee,huber,0.03542836329340935,20260822
1000,dynamic_clearance,6,0.22248283783495426,0.20997883014194668,0.95,confidence_aee,normalized_l1,0.21618187361955643,20260822
1000,dynamic_collision_field,7,0.44961741291531004,0.40332792478344526,0.95,confidence_aee,auprc,0.4262133780795316,20260822
1000,dynamic_collision_field,7,0.8727929178263506,0.8166896700995683,0.95,confidence_aee,balanced_bce,0.8460714429202997,20260822
1000,dynamic_collision_field,7,0.29622947203946276,0.2526866881586834,0.95,confidence_aee,iou,0.27362338844906114,20260822
1000,ego_swept_footprint,8,0.9916890696402788,0.988832791681148,0.95,confidence_aee,auprc,0.9902601350603049,20260822
1000,ego_swept_footprint,8,0.05773940559994304,0.04223634718047329,0.95,confidence_aee,balanced_bce,0.04991194199864542,20260822
1000,ego_swept_footprint,8,0.9263373206287623,0.9160299557834863,0.95,confidence_aee,dice,0.9210743145942688,20260822
1000,ego_swept_footprint,8,0.8946287662671639,0.8783162531575076,0.95,confidence_aee,iou,0.886517689745662,20260822
1000,all,-1,0.21727806136310102,0.21078573564030229,0.95,confidence_aee,structured_effect_mae,0.21413825733959674,20260822
1000,candidate_relative_dynamic_occupancy,0,0.027400898476752377,0.0216755859175519,0.95,confidence_aee,predicted_action_gap,0.024616985521278962,20260822
1000,candidate_relative_dynamic_occupancy,0,861304120.7460747,16348552.288966557,0.95,confidence_aee,predicted_target_sensitivity_ratio,319279937.7286258,20260822
1000,candidate_relative_dynamic_occupancy,0,0.1493800155645094,0.13580676598957608,0.95,confidence_aee,target_action_gap,0.14264755005494628,20260822
1000,drivable_area_sdf,1,0.02402177098963891,0.01934983034806041,0.95,confidence_aee,predicted_action_gap,0.021710957933684202,20260822
1000,drivable_area_sdf,1,637073442.4968935,0.3154492864752025,0.95,confidence_aee,predicted_target_sensitivity_ratio,214389013.37148935,20260822
1000,drivable_area_sdf,1,0.08677806188640935,0.08064147210765253,0.95,confidence_aee,target_action_gap,0.08359363173829103,20260822
1000,lane_sdf,2,0.022859685669255544,0.018346262999011743,0.95,confidence_aee,predicted_action_gap,0.02063471890982453,20260822
1000,lane_sdf,2,18369212.11941322,0.2538975118673205,0.95,confidence_aee,predicted_target_sensitivity_ratio,6123070.881534791,20260822
1000,lane_sdf,2,0.09546083703286874,0.08767521878285936,0.95,confidence_aee,target_action_gap,0.09147007767400094,20260822
1000,route_sdf,3,0.02833953072679692,0.022748387222053804,0.95,confidence_aee,predicted_action_gap,0.02557530059380826,20260822
1000,route_sdf,3,36472490.76445005,0.41716266265257135,0.95,confidence_aee,predicted_target_sensitivity_ratio,13875589.8246521,20260822
1000,route_sdf,3,0.07331027674096323,0.06757453758814493,0.95,confidence_aee,target_action_gap,0.07036854761074586,20260822
1000,relative_longitudinal_velocity,4,0.017455830290594443,0.013967388090401496,0.95,confidence_aee,predicted_action_gap,0.015721247897043465,20260822
1000,relative_longitudinal_velocity,4,512644861.9575762,13340139.93474261,0.95,confidence_aee,predicted_target_sensitivity_ratio,191672142.31654483,20260822
1000,relative_longitudinal_velocity,4,0.031380116162202695,0.02729834013469701,0.95,confidence_aee,target_action_gap,0.029274825456327404,20260822
1000,relative_lateral_velocity,5,0.012507040981594447,0.010054121624206156,0.95,confidence_aee,predicted_action_gap,0.011323067066251528,20260822
1000,relative_lateral_velocity,5,371345226.20268947,11263313.629881842,0.95,confidence_aee,predicted_target_sensitivity_ratio,140468816.40774924,20260822
1000,relative_lateral_velocity,5,0.02572536618819617,0.021994101263188553,0.95,confidence_aee,target_action_gap,0.023816985822436278,20260822
1000,dynamic_clearance,6,0.01828160745715979,0.014837111152584431,0.95,confidence_aee,predicted_action_gap,0.016564597579323666,20260822
1000,dynamic_clearance,6,712355983.7627374,22581215.17359583,0.95,confidence_aee,predicted_target_sensitivity_ratio,270446240.11827046,20260822
1000,dynamic_clearance,6,0.05232863430116187,0.047171410425264564,0.95,confidence_aee,target_action_gap,0.049639782884884784,20260822
1000,dynamic_collision_field,7,0.01853158443890085,0.014811136059653689,0.95,confidence_aee,predicted_action_gap,0.016664654277543253,20260822
1000,dynamic_collision_field,7,849323550.0370971,33745503.2342225,0.95,confidence_aee,predicted_target_sensitivity_ratio,340914333.6168638,20260822
1000,dynamic_collision_field,7,0.19731607838122475,0.18286901176173884,0.95,confidence_aee,target_action_gap,0.19030467258261494,20260822
1000,ego_swept_footprint,8,0.0090498923461688,0.006951554438403844,0.95,confidence_aee,predicted_action_gap,0.007991341476752198,20260822
1000,ego_swept_footprint,8,1052725686.8352023,433797742.11581594,0.95,confidence_aee,predicted_target_sensitivity_ratio,704994804.079703,20260822
1000,ego_swept_footprint,8,0.02963726231347241,0.025663049659632287,0.95,confidence_aee,target_action_gap,0.027631223495549858,20260822
1000,candidate_relative_dynamic_occupancy,0,0.15163007096542958,0.1300009869037919,0.95,confidence_aee,auprc,0.14068268940415235,20260823
1000,candidate_relative_dynamic_occupancy,0,1.0810167005716396,0.9910792755479904,0.95,confidence_aee,balanced_bce,1.036391056083278,20260823
1000,candidate_relative_dynamic_occupancy,0,0.08433481508128172,0.06728905270201731,0.95,confidence_aee,iou,0.07556881275066304,20260823
1000,drivable_area_sdf,1,0.06380733872270213,0.05760295032639987,0.95,confidence_aee,huber,0.06085344549268484,20260823
1000,drivable_area_sdf,1,0.2785838300064206,0.2644384849499911,0.95,confidence_aee,normalized_l1,0.27195499555766584,20260823
1000,lane_sdf,2,0.057436721979361026,0.05168356574140489,0.95,confidence_aee,huber,0.05476784125342965,20260823
1000,lane_sdf,2,0.2636163889415562,0.2499123329885304,0.95,confidence_aee,normalized_l1,0.2570359069406986,20260823
1000,route_sdf,3,0.053084470733627674,0.04565054507011082,0.95,confidence_aee,huber,0.04945619461778551,20260823
1000,route_sdf,3,0.24526314939446747,0.22888121193423866,0.95,confidence_aee,normalized_l1,0.2371548982411623,20260823
1000,relative_longitudinal_velocity,4,0.03480270487225842,0.02739165061650378,0.95,confidence_aee,masked_huber,0.03076518154664427,20260823
1000,relative_longitudinal_velocity,4,0.19620553752601455,0.17480242533919713,0.95,confidence_aee,masked_l1,0.1851025660444672,20260823
1000,relative_lateral_velocity,5,0.033296180961630166,0.026020893679379924,0.95,confidence_aee,masked_huber,0.029462368533935055,20260823
1000,relative_lateral_velocity,5,0.19565867272341467,0.17271957400410126,0.95,confidence_aee,masked_l1,0.1833672871735568,20260823
1000,dynamic_clearance,6,0.03825731159877032,0.03327821641706396,0.95,confidence_aee,huber,0.03559129561111331,20260823
1000,dynamic_clearance,6,0.2167078227236867,0.20141737621724606,0.95,confidence_aee,normalized_l1,0.20881700241565704,20260823
1000,dynamic_collision_field,7,0.44979091672317967,0.4019692544101246,0.95,confidence_aee,auprc,0.42669628831849615,20260823
1000,dynamic_collision_field,7,0.874692507121159,0.8174847323582674,0.95,confidence_aee,balanced_bce,0.8469231642455772,20260823
1000,dynamic_collision_field,7,0.31073654100201753,0.26916896944659596,0.95,confidence_aee,iou,0.2898891436882628,20260823
1000,ego_swept_footprint,8,0.9929468409452042,0.9910022743833196,0.95,confidence_aee,auprc,0.9920424476946836,20260823
1000,ego_swept_footprint,8,0.06427729769278007,0.047142131337423794,0.95,confidence_aee,balanced_bce,0.05504013301053935,20260823
1000,ego_swept_footprint,8,0.9367836776614189,0.9292604624271392,0.95,confidence_aee,dice,0.9332089558839798,20260823
1000,ego_swept_footprint,8,0.9059739471363767,0.8934724346702725,0.95,confidence_aee,iou,0.9003835688046099,20260823
1000,all,-1,0.21344315783008933,0.20660831062719226,0.95,confidence_aee,structured_effect_mae,0.21011100381612777,20260823
1000,candidate_relative_dynamic_occupancy,0,0.024481136736028475,0.019128130171815555,0.95,confidence_aee,predicted_action_gap,0.02176126804714182,20260823
1000,candidate_relative_dynamic_occupancy,0,526621702.11028194,12855818.099783288,0.95,confidence_aee,predicted_target_sensitivity_ratio,196154390.75211003,20260823
1000,candidate_relative_dynamic_occupancy,0,0.14959345539020183,0.13626842655408083,0.95,confidence_aee,target_action_gap,0.14264755005494628,20260823
1000,drivable_area_sdf,1,0.020820041961068736,0.016714339023322845,0.95,confidence_aee,predicted_action_gap,0.018711569436257784,20260823
1000,drivable_area_sdf,1,415188533.63122666,0.28003974732258474,0.95,confidence_aee,predicted_target_sensitivity_ratio,143810059.24323693,20260823
1000,drivable_area_sdf,1,0.08661267088978564,0.0804980353311764,0.95,confidence_aee,target_action_gap,0.08359363173829103,20260823
1000,lane_sdf,2,0.020187673835533226,0.01612840864826906,0.95,confidence_aee,predicted_action_gap,0.018102336078613758,20260823
1000,lane_sdf,2,48586388.47087081,0.22624046222978422,0.95,confidence_aee,predicted_target_sensitivity_ratio,16195462.987470198,20260823
1000,lane_sdf,2,0.09510291361065323,0.08807804645696486,0.95,confidence_aee,target_action_gap,0.09147007767400094,20260823
1000,route_sdf,3,0.024870544186182997,0.01946476222980797,0.95,confidence_aee,predicted_action_gap,0.022108105781845896,20260823
1000,route_sdf,3,62945920.53322694,0.3424710730458632,0.95,confidence_aee,predicted_target_sensitivity_ratio,24961180.559902437,20260823
1000,route_sdf,3,0.07320944831805938,0.06758382063497516,0.95,confidence_aee,target_action_gap,0.07036854761074586,20260823
1000,relative_longitudinal_velocity,4,0.01662748764379534,0.013262018251729669,0.95,confidence_aee,predicted_action_gap,0.014908109586830788,20260823
1000,relative_longitudinal_velocity,4,406795297.91160595,17621596.3776533,0.95,confidence_aee,predicted_target_sensitivity_ratio,157644220.27367246,20260823
1000,relative_longitudinal_velocity,4,0.031298478585854196,0.027296826991411356,0.95,confidence_aee,target_action_gap,0.029274825456327404,20260823
1000,relative_lateral_velocity,5,0.011677121521940675,0.009222161469796025,0.95,confidence_aee,predicted_action_gap,0.010448452363373785,20260823
1000,relative_lateral_velocity,5,264533902.1028951,10920216.776972901,0.95,confidence_aee,predicted_target_sensitivity_ratio,101244657.8855476,20260823
1000,relative_lateral_velocity,5,0.025728293376238887,0.021998349859075398,0.95,confidence_aee,target_action_gap,0.023816985822436278,20260823
1000,dynamic_clearance,6,0.01450767356695984,0.011569055535357683,0.95,confidence_aee,predicted_action_gap,0.013024518218932418,20260823
1000,dynamic_clearance,6,413702816.54663104,17657413.06798396,0.95,confidence_aee,predicted_target_sensitivity_ratio,162699138.88745478,20260823
1000,dynamic_clearance,6,0.05224035152541232,0.047213909172895564,0.95,confidence_aee,target_action_gap,0.049639782884884784,20260823
1000,dynamic_collision_field,7,0.016722508509025343,0.013350718290169832,0.95,confidence_aee,predicted_action_gap,0.015039107281656219,20260823
1000,dynamic_collision_field,7,500586402.08396566,35332091.42072957,0.95,confidence_aee,predicted_target_sensitivity_ratio,203696398.04706186,20260823
1000,dynamic_collision_field,7,0.19796736888228195,0.1833869873206101,0.95,confidence_aee,target_action_gap,0.19030467258261494,20260823
1000,ego_swept_footprint,8,0.008459484522050247,0.006403680587146709,0.95,confidence_aee,predicted_action_gap,0.007430728101984767,20260823
1000,ego_swept_footprint,8,817705741.6490093,264139113.9683702,0.95,confidence_aee,predicted_target_sensitivity_ratio,502680958.1146895,20260823
1000,ego_swept_footprint,8,0.02947469170505491,0.025691061734217112,0.95,confidence_aee,target_action_gap,0.027631223495549858,20260823
1000,candidate_relative_dynamic_occupancy,0,0.1545337347370698,0.13367085251340216,0.95,scene_only_control,auprc,0.14340617518007986,20260821
1000,candidate_relative_dynamic_occupancy,0,1.1065799980350035,1.0105465020014726,0.95,scene_only_control,balanced_bce,1.0588857526185456,20260821
1000,candidate_relative_dynamic_occupancy,0,0.08444828077305985,0.06678691659831458,0.95,scene_only_control,iou,0.07534980858954543,20260821
1000,drivable_area_sdf,1,0.06598544010887854,0.059023286744160575,0.95,scene_only_control,huber,0.062457581508904694,20260821
1000,drivable_area_sdf,1,0.28121347134672103,0.26606194944903255,0.95,scene_only_control,normalized_l1,0.2737080620974302,20260821
1000,lane_sdf,2,0.06014505315595306,0.05359880377119407,0.95,scene_only_control,huber,0.05672267092764378,20260821
1000,lane_sdf,2,0.26797219150960444,0.25293196036405863,0.95,scene_only_control,normalized_l1,0.2601677821278572,20260821
1000,route_sdf,3,0.05767364138378762,0.048885656123538505,0.95,scene_only_control,huber,0.05310884839016944,20260821
1000,route_sdf,3,0.2528533471941948,0.2342420806724578,0.95,scene_only_control,normalized_l1,0.243401326328516,20260821
1000,relative_longitudinal_velocity,4,0.041149571656296756,0.033474895824329,0.95,scene_only_control,masked_huber,0.037109497917117554,20260821
1000,relative_longitudinal_velocity,4,0.21958682403531082,0.19906994111758347,0.95,scene_only_control,masked_l1,0.2088126188532139,20260821
1000,relative_lateral_velocity,5,0.033414961423422936,0.02602308388856424,0.95,scene_only_control,masked_huber,0.02977756780189035,20260821
1000,relative_lateral_velocity,5,0.19541235460550524,0.1718774225145656,0.95,scene_only_control,masked_l1,0.18401627689599992,20260821
1000,dynamic_clearance,6,0.038807295089785476,0.03380548645228846,0.95,scene_only_control,huber,0.03627107088407502,20260821
1000,dynamic_clearance,6,0.21633789226897063,0.20058964742422103,0.95,scene_only_control,normalized_l1,0.20817062759399413,20260821
1000,dynamic_collision_field,7,0.44856921844720465,0.40005712105353275,0.95,scene_only_control,auprc,0.4234269838378094,20260821
1000,dynamic_collision_field,7,0.8944041294876083,0.8340778630270035,0.95,scene_only_control,balanced_bce,0.8655960673443067,20260821
1000,dynamic_collision_field,7,0.29244782095216015,0.24974171250626667,0.95,scene_only_control,iou,0.2707524691787836,20260821
1000,ego_swept_footprint,8,0.9922369173919398,0.9898797818376693,0.95,scene_only_control,auprc,0.9911058547785869,20260821
1000,ego_swept_footprint,8,0.07499647332288059,0.05511613594101124,0.95,scene_only_control,balanced_bce,0.06448168037055559,20260821
1000,ego_swept_footprint,8,0.9406449522793293,0.9323988316714763,0.95,scene_only_control,dice,0.9363495841026306,20260821
1000,ego_swept_footprint,8,0.9109573155060093,0.8975738388544903,0.95,scene_only_control,iou,0.9041346270956999,20260821
1000,all,-1,0.22125642819851637,0.21351410588771105,0.95,scene_only_control,structured_effect_mae,0.21736358924210072,20260821
1000,candidate_relative_dynamic_occupancy,0,0.0,0.0,0.95,scene_only_control,predicted_action_gap,0.0,20260821
1000,candidate_relative_dynamic_occupancy,0,0.0,0.0,0.95,scene_only_control,predicted_target_sensitivity_ratio,0.0,20260821
1000,candidate_relative_dynamic_occupancy,0,0.14953813238148697,0.13623101218357173,0.95,scene_only_control,target_action_gap,0.14264755005494628,20260821
1000,drivable_area_sdf,1,0.0,0.0,0.95,scene_only_control,predicted_action_gap,0.0,20260821
1000,drivable_area_sdf,1,0.0,0.0,0.95,scene_only_control,predicted_target_sensitivity_ratio,0.0,20260821
1000,drivable_area_sdf,1,0.08669259818842844,0.08068321466572374,0.95,scene_only_control,target_action_gap,0.08359363173829103,20260821
1000,lane_sdf,2,0.0,0.0,0.95,scene_only_control,predicted_action_gap,0.0,20260821
1000,lane_sdf,2,0.0,0.0,0.95,scene_only_control,predicted_target_sensitivity_ratio,0.0,20260821
1000,lane_sdf,2,0.09553734142481798,0.08783151239517009,0.95,scene_only_control,target_action_gap,0.09147007767400094,20260821
1000,route_sdf,3,0.0,0.0,0.95,scene_only_control,predicted_action_gap,0.0,20260821
1000,route_sdf,3,0.0,0.0,0.95,scene_only_control,predicted_target_sensitivity_ratio,0.0,20260821
1000,route_sdf,3,0.07346289954293753,0.06760430525002825,0.95,scene_only_control,target_action_gap,0.07036854761074586,20260821
1000,relative_longitudinal_velocity,4,0.0,0.0,0.95,scene_only_control,predicted_action_gap,0.0,20260821
1000,relative_longitudinal_velocity,4,0.0,0.0,0.95,scene_only_control,predicted_target_sensitivity_ratio,0.0,20260821
1000,relative_longitudinal_velocity,4,0.03128839352106971,0.02724980728933525,0.95,scene_only_control,target_action_gap,0.029274825456327404,20260821
1000,relative_lateral_velocity,5,0.0,0.0,0.95,scene_only_control,predicted_action_gap,0.0,20260821
1000,relative_lateral_velocity,5,0.0,0.0,0.95,scene_only_control,predicted_target_sensitivity_ratio,0.0,20260821
1000,relative_lateral_velocity,5,0.025748426414206892,0.021929919229752817,0.95,scene_only_control,target_action_gap,0.023816985822436278,20260821
1000,dynamic_clearance,6,0.0,0.0,0.95,scene_only_control,predicted_action_gap,0.0,20260821
1000,dynamic_clearance,6,0.0,0.0,0.95,scene_only_control,predicted_target_sensitivity_ratio,0.0,20260821
1000,dynamic_clearance,6,0.05201329677434716,0.04732907520641487,0.95,scene_only_control,target_action_gap,0.049639782884884784,20260821
1000,dynamic_collision_field,7,0.0,0.0,0.95,scene_only_control,predicted_action_gap,0.0,20260821
1000,dynamic_collision_field,7,0.0,0.0,0.95,scene_only_control,predicted_target_sensitivity_ratio,0.0,20260821
1000,dynamic_collision_field,7,0.19791487331716276,0.1829736174283018,0.95,scene_only_control,target_action_gap,0.19030467258261494,20260821
1000,ego_swept_footprint,8,0.0,0.0,0.95,scene_only_control,predicted_action_gap,0.0,20260821
1000,ego_swept_footprint,8,0.0,0.0,0.95,scene_only_control,predicted_target_sensitivity_ratio,0.0,20260821
1000,ego_swept_footprint,8,0.029481818524430405,0.025851818386475097,0.95,scene_only_control,target_action_gap,0.027631223495549858,20260821
1000,candidate_relative_dynamic_occupancy,0,0.15084783351808145,0.1307730027364237,0.95,scene_only_control,auprc,0.14032798442134217,20260822
1000,candidate_relative_dynamic_occupancy,0,1.0778454336091674,0.989127188472762,0.95,scene_only_control,balanced_bce,1.0324711263016393,20260822
1000,candidate_relative_dynamic_occupancy,0,0.08035993599912152,0.0659548008670242,0.95,scene_only_control,iou,0.0724658629895178,20260822
1000,drivable_area_sdf,1,0.06786389255314135,0.06122522335411049,0.95,scene_only_control,huber,0.06456745371595025,20260822
1000,drivable_area_sdf,1,0.2884084068067372,0.2734601502552628,0.95,scene_only_control,normalized_l1,0.2810265439450741,20260822
1000,lane_sdf,2,0.06191158582735807,0.05552462109983899,0.95,scene_only_control,huber,0.058779894545674324,20260822
1000,lane_sdf,2,0.27470864746645096,0.2608349267676473,0.95,scene_only_control,normalized_l1,0.26793382000923155,20260822
1000,route_sdf,3,0.0570448608199833,0.04851733966881875,0.95,scene_only_control,huber,0.05257696516253054,20260822
1000,route_sdf,3,0.25051092796027663,0.2326901695355773,0.95,scene_only_control,normalized_l1,0.24106793907284738,20260822
1000,relative_longitudinal_velocity,4,0.03379722904783459,0.02650860852154324,0.95,scene_only_control,masked_huber,0.02990695141998761,20260822
1000,relative_longitudinal_velocity,4,0.19150245541357433,0.1721263732306155,0.95,scene_only_control,masked_l1,0.18138542271917685,20260822
1000,relative_lateral_velocity,5,0.03363851174639421,0.026263188664506745,0.95,scene_only_control,masked_huber,0.029875405795852808,20260822
1000,relative_lateral_velocity,5,0.19691800964676076,0.17313658660985917,0.95,scene_only_control,masked_l1,0.18494096969176704,20260822
1000,dynamic_clearance,6,0.03822510446475353,0.03435172175860498,0.95,scene_only_control,huber,0.036312778202816844,20260822
1000,dynamic_clearance,6,0.22530321034789083,0.2131112767081708,0.95,scene_only_control,normalized_l1,0.21933021730184554,20260822
1000,dynamic_collision_field,7,0.44856129499265246,0.40089429095425977,0.95,scene_only_control,auprc,0.42429434271451766,20260822
1000,dynamic_collision_field,7,0.8674917800712925,0.8144563509059656,0.95,scene_only_control,balanced_bce,0.8421299676956312,20260822
1000,dynamic_collision_field,7,0.2962053252041618,0.25286811883624466,0.95,scene_only_control,iou,0.2738237329097509,20260822
1000,ego_swept_footprint,8,0.9915197339251813,0.9889904078207212,0.95,scene_only_control,auprc,0.9902193878344101,20260822
1000,ego_swept_footprint,8,0.06826486587953558,0.051147450183456095,0.95,scene_only_control,balanced_bce,0.05948046653221891,20260822
1000,ego_swept_footprint,8,0.9325219600081445,0.9228732110023499,0.95,scene_only_control,dice,0.9278169480562211,20260822
1000,ego_swept_footprint,8,0.9034293613391813,0.887248157296103,0.95,scene_only_control,iou,0.8956518710701514,20260822
1000,all,-1,0.22221078590601684,0.21560471872985362,0.95,scene_only_control,structured_effect_mae,0.21894659397006036,20260822
1000,candidate_relative_dynamic_occupancy,0,0.0,0.0,0.95,scene_only_control,predicted_action_gap,0.0,20260822
1000,candidate_relative_dynamic_occupancy,0,0.0,0.0,0.95,scene_only_control,predicted_target_sensitivity_ratio,0.0,20260822
1000,candidate_relative_dynamic_occupancy,0,0.1493800155645094,0.13580676598957608,0.95,scene_only_control,target_action_gap,0.14264755005494628,20260822
1000,drivable_area_sdf,1,0.0,0.0,0.95,scene_only_control,predicted_action_gap,0.0,20260822
1000,drivable_area_sdf,1,0.0,0.0,0.95,scene_only_control,predicted_target_sensitivity_ratio,0.0,20260822
1000,drivable_area_sdf,1,0.08677806188640935,0.08064147210765253,0.95,scene_only_control,target_action_gap,0.08359363173829103,20260822
1000,lane_sdf,2,0.0,0.0,0.95,scene_only_control,predicted_action_gap,0.0,20260822
1000,lane_sdf,2,0.0,0.0,0.95,scene_only_control,predicted_target_sensitivity_ratio,0.0,20260822
1000,lane_sdf,2,0.09546083703286874,0.08767521878285936,0.95,scene_only_control,target_action_gap,0.09147007767400094,20260822
1000,route_sdf,3,0.0,0.0,0.95,scene_only_control,predicted_action_gap,0.0,20260822
1000,route_sdf,3,0.0,0.0,0.95,scene_only_control,predicted_target_sensitivity_ratio,0.0,20260822
1000,route_sdf,3,0.07331027674096323,0.06757453758814493,0.95,scene_only_control,target_action_gap,0.07036854761074586,20260822
1000,relative_longitudinal_velocity,4,0.0,0.0,0.95,scene_only_control,predicted_action_gap,0.0,20260822
1000,relative_longitudinal_velocity,4,0.0,0.0,0.95,scene_only_control,predicted_target_sensitivity_ratio,0.0,20260822
1000,relative_longitudinal_velocity,4,0.031380116162202695,0.02729834013469701,0.95,scene_only_control,target_action_gap,0.029274825456327404,20260822
1000,relative_lateral_velocity,5,0.0,0.0,0.95,scene_only_control,predicted_action_gap,0.0,20260822
1000,relative_lateral_velocity,5,0.0,0.0,0.95,scene_only_control,predicted_target_sensitivity_ratio,0.0,20260822
1000,relative_lateral_velocity,5,0.02572536618819617,0.021994101263188553,0.95,scene_only_control,target_action_gap,0.023816985822436278,20260822
1000,dynamic_clearance,6,0.0,0.0,0.95,scene_only_control,predicted_action_gap,0.0,20260822
1000,dynamic_clearance,6,0.0,0.0,0.95,scene_only_control,predicted_target_sensitivity_ratio,0.0,20260822
1000,dynamic_clearance,6,0.05232863430116187,0.047171410425264564,0.95,scene_only_control,target_action_gap,0.049639782884884784,20260822
1000,dynamic_collision_field,7,0.0,0.0,0.95,scene_only_control,predicted_action_gap,0.0,20260822
1000,dynamic_collision_field,7,0.0,0.0,0.95,scene_only_control,predicted_target_sensitivity_ratio,0.0,20260822
1000,dynamic_collision_field,7,0.19731607838122475,0.18286901176173884,0.95,scene_only_control,target_action_gap,0.19030467258261494,20260822
1000,ego_swept_footprint,8,0.0,0.0,0.95,scene_only_control,predicted_action_gap,0.0,20260822
1000,ego_swept_footprint,8,0.0,0.0,0.95,scene_only_control,predicted_target_sensitivity_ratio,0.0,20260822
1000,ego_swept_footprint,8,0.02963726231347241,0.025663049659632287,0.95,scene_only_control,target_action_gap,0.027631223495549858,20260822
1000,candidate_relative_dynamic_occupancy,0,0.1536226410317686,0.13140324149893293,0.95,scene_only_control,auprc,0.14214621829994012,20260823
1000,candidate_relative_dynamic_occupancy,0,1.0850658554017647,0.9946990429196914,0.95,scene_only_control,balanced_bce,1.0417360972431307,20260823
1000,candidate_relative_dynamic_occupancy,0,0.0882965579121832,0.06845223086213051,0.95,scene_only_control,iou,0.07809140397063095,20260823
1000,drivable_area_sdf,1,0.06554877448584884,0.05874391568917781,0.95,scene_only_control,huber,0.06234561948291957,20260823
1000,drivable_area_sdf,1,0.28378098732456564,0.26824571238532663,0.95,scene_only_control,normalized_l1,0.27647362288832666,20260823
1000,lane_sdf,2,0.058275191261339926,0.05189292807709426,0.95,scene_only_control,huber,0.055390697097405794,20260823
1000,lane_sdf,2,0.2666547593213618,0.25187631130889054,0.95,scene_only_control,normalized_l1,0.2599478770196438,20260823
1000,route_sdf,3,0.05315130074911285,0.0449067100134911,0.95,scene_only_control,huber,0.04904731606319547,20260823
1000,route_sdf,3,0.24403882746323943,0.22752730854414405,0.95,scene_only_control,normalized_l1,0.2358992281407118,20260823
1000,relative_longitudinal_velocity,4,0.0366945498046213,0.02853415066986296,0.95,scene_only_control,masked_huber,0.032290268668778786,20260823
1000,relative_longitudinal_velocity,4,0.20131854372370678,0.17872064387833234,0.95,scene_only_control,masked_l1,0.189068752558281,20260823
1000,relative_lateral_velocity,5,0.0336364817517339,0.026281536492315356,0.95,scene_only_control,masked_huber,0.029781183345767202,20260823
1000,relative_lateral_velocity,5,0.1962797981921661,0.17337070010039798,0.95,scene_only_control,masked_l1,0.1841398253105581,20260823
1000,dynamic_clearance,6,0.036815453471732325,0.03229247496097814,0.95,scene_only_control,huber,0.034560401983559134,20260823
1000,dynamic_clearance,6,0.2159114249125123,0.20150080950781704,0.95,scene_only_control,normalized_l1,0.2087103309035301,20260823
1000,dynamic_collision_field,7,0.4512123523510989,0.40464639600210117,0.95,scene_only_control,auprc,0.4291862041481412,20260823
1000,dynamic_collision_field,7,0.877426255613153,0.8194761347636305,0.95,scene_only_control,balanced_bce,0.8492129383147531,20260823
1000,dynamic_collision_field,7,0.3104021240232076,0.2672992833750028,0.95,scene_only_control,iou,0.2880623886806067,20260823
1000,ego_swept_footprint,8,0.9925234998230453,0.9905175520366505,0.95,scene_only_control,auprc,0.9916074910999091,20260823
1000,ego_swept_footprint,8,0.06223562566174898,0.04526241051343243,0.95,scene_only_control,balanced_bce,0.053236534148134354,20260823
1000,ego_swept_footprint,8,0.9335908672064542,0.9255530114233493,0.95,scene_only_control,dice,0.9298095170259476,20260823
1000,ego_swept_footprint,8,0.9056204713004101,0.8919982918211952,0.95,scene_only_control,iou,0.8991221411995682,20260823
1000,all,-1,0.2144650052253157,0.20744450752399862,0.95,scene_only_control,structured_effect_mae,0.21107632330060005,20260823
1000,candidate_relative_dynamic_occupancy,0,0.0,0.0,0.95,scene_only_control,predicted_action_gap,0.0,20260823
1000,candidate_relative_dynamic_occupancy,0,0.0,0.0,0.95,scene_only_control,predicted_target_sensitivity_ratio,0.0,20260823
1000,candidate_relative_dynamic_occupancy,0,0.14959345539020183,0.13626842655408083,0.95,scene_only_control,target_action_gap,0.14264755005494628,20260823
1000,drivable_area_sdf,1,0.0,0.0,0.95,scene_only_control,predicted_action_gap,0.0,20260823
1000,drivable_area_sdf,1,0.0,0.0,0.95,scene_only_control,predicted_target_sensitivity_ratio,0.0,20260823
1000,drivable_area_sdf,1,0.08661267088978564,0.0804980353311764,0.95,scene_only_control,target_action_gap,0.08359363173829103,20260823
1000,lane_sdf,2,0.0,0.0,0.95,scene_only_control,predicted_action_gap,0.0,20260823
1000,lane_sdf,2,0.0,0.0,0.95,scene_only_control,predicted_target_sensitivity_ratio,0.0,20260823
1000,lane_sdf,2,0.09510291361065323,0.08807804645696486,0.95,scene_only_control,target_action_gap,0.09147007767400094,20260823
1000,route_sdf,3,0.0,0.0,0.95,scene_only_control,predicted_action_gap,0.0,20260823
1000,route_sdf,3,0.0,0.0,0.95,scene_only_control,predicted_target_sensitivity_ratio,0.0,20260823
1000,route_sdf,3,0.07320944831805938,0.06758382063497516,0.95,scene_only_control,target_action_gap,0.07036854761074586,20260823
1000,relative_longitudinal_velocity,4,0.0,0.0,0.95,scene_only_control,predicted_action_gap,0.0,20260823
1000,relative_longitudinal_velocity,4,0.0,0.0,0.95,scene_only_control,predicted_target_sensitivity_ratio,0.0,20260823
1000,relative_longitudinal_velocity,4,0.031298478585854196,0.027296826991411356,0.95,scene_only_control,target_action_gap,0.029274825456327404,20260823
1000,relative_lateral_velocity,5,0.0,0.0,0.95,scene_only_control,predicted_action_gap,0.0,20260823
1000,relative_lateral_velocity,5,0.0,0.0,0.95,scene_only_control,predicted_target_sensitivity_ratio,0.0,20260823
1000,relative_lateral_velocity,5,0.025728293376238887,0.021998349859075398,0.95,scene_only_control,target_action_gap,0.023816985822436278,20260823
1000,dynamic_clearance,6,0.0,0.0,0.95,scene_only_control,predicted_action_gap,0.0,20260823
1000,dynamic_clearance,6,0.0,0.0,0.95,scene_only_control,predicted_target_sensitivity_ratio,0.0,20260823
1000,dynamic_clearance,6,0.05224035152541232,0.047213909172895564,0.95,scene_only_control,target_action_gap,0.049639782884884784,20260823
1000,dynamic_collision_field,7,0.0,0.0,0.95,scene_only_control,predicted_action_gap,0.0,20260823
1000,dynamic_collision_field,7,0.0,0.0,0.95,scene_only_control,predicted_target_sensitivity_ratio,0.0,20260823
1000,dynamic_collision_field,7,0.19796736888228195,0.1833869873206101,0.95,scene_only_control,target_action_gap,0.19030467258261494,20260823
1000,ego_swept_footprint,8,0.0,0.0,0.95,scene_only_control,predicted_action_gap,0.0,20260823
1000,ego_swept_footprint,8,0.0,0.0,0.95,scene_only_control,predicted_target_sensitivity_ratio,0.0,20260823
1000,ego_swept_footprint,8,0.02947469170505491,0.025691061734217112,0.95,scene_only_control,target_action_gap,0.027631223495549858,20260823
1000,candidate_relative_dynamic_occupancy,0,0.10654285279427142,0.0920104903846921,0.95,mean_control,auprc,0.09890675211181839,20260821
1000,candidate_relative_dynamic_occupancy,0,2.974999870511341,2.5651289540203566,0.95,mean_control,balanced_bce,2.7850694029154472,20260821
1000,candidate_relative_dynamic_occupancy,0,0.058,0.024,0.95,mean_control,iou,0.04,20260821
1000,drivable_area_sdf,1,0.08945840201219543,0.07943121375143528,0.95,mean_control,huber,0.08473010251671076,20260821
1000,drivable_area_sdf,1,0.33123601007014514,0.31145243908837433,0.95,mean_control,normalized_l1,0.3218675807714462,20260821
1000,lane_sdf,2,0.08218365319529548,0.07332267060102896,0.95,mean_control,huber,0.07770358956977726,20260821
1000,lane_sdf,2,0.31606491812020543,0.29822793358191846,0.95,mean_control,normalized_l1,0.3074797191619873,20260821
1000,route_sdf,3,0.0862364894866012,0.07530279288715683,0.95,mean_control,huber,0.0806715678665787,20260821
1000,route_sdf,3,0.3206496322005987,0.30179218714274464,0.95,mean_control,normalized_l1,0.31124461510777474,20260821
1000,relative_longitudinal_velocity,4,0.03686649772726814,0.029250214569136828,0.95,mean_control,masked_huber,0.03299782595778235,20260821
1000,relative_longitudinal_velocity,4,0.1971021216280254,0.17292707738090637,0.95,mean_control,masked_l1,0.18537408475628278,20260821
1000,relative_lateral_velocity,5,0.029786329360209623,0.022884451527720406,0.95,mean_control,masked_huber,0.026351425163772764,20260821
1000,relative_lateral_velocity,5,0.18232721689162643,0.15750356603981347,0.95,mean_control,masked_l1,0.1703385569160067,20260821
1000,dynamic_clearance,6,0.054188643876463174,0.047174724169494586,0.95,mean_control,huber,0.05082185609824955,20260821
1000,dynamic_clearance,6,0.27569176584184174,0.25622435832992196,0.95,mean_control,normalized_l1,0.26656767559051514,20260821
1000,dynamic_collision_field,7,0.3857860307035781,0.3414339543423651,0.95,mean_control,auprc,0.3629092489913804,20260821
1000,dynamic_collision_field,7,1.284841040678978,1.165205652227056,0.95,mean_control,balanced_bce,1.2287836281810185,20260821
1000,dynamic_collision_field,7,0.074,0.034,0.95,mean_control,iou,0.054,20260821
1000,ego_swept_footprint,8,0.9765569315949294,0.9697063620401264,0.95,mean_control,auprc,0.9730386922109604,20260821
1000,ego_swept_footprint,8,0.381391637774263,0.3155505863182359,0.95,mean_control,balanced_bce,0.3483042627035356,20260821
1000,ego_swept_footprint,8,0.8460880944132805,0.8359088241457939,0.95,mean_control,dice,0.8408878937959671,20260821
1000,ego_swept_footprint,8,0.8246649925625468,0.8026772404067832,0.95,mean_control,iou,0.8134981592208897,20260821
1000,all,-1,0.1871677486527711,0.1810409689679742,0.95,mean_control,structured_effect_mae,0.1841916294246912,20260821
1000,candidate_relative_dynamic_occupancy,0,0.04477835094673359,0.03877740511872643,0.95,zero_control,auprc,0.041793543718846866,20260821
1000,candidate_relative_dynamic_occupancy,0,13.54460933725745,11.6332913963497,0.95,zero_control,balanced_bce,12.645895613113316,20260821
1000,candidate_relative_dynamic_occupancy,0,0.058,0.024,0.95,zero_control,iou,0.04,20260821
1000,drivable_area_sdf,1,0.13205282945502547,0.12079741646014154,0.95,zero_control,huber,0.126398134380579,20260821
1000,drivable_area_sdf,1,0.4252798030719161,0.40586176877990365,0.95,zero_control,normalized_l1,0.41568790963292124,20260821
1000,lane_sdf,2,0.1210229983110912,0.11112361712278798,0.95,zero_control,huber,0.1158771933875978,20260821
1000,lane_sdf,2,0.40449559236541394,0.38668875133991243,0.95,zero_control,normalized_l1,0.3955415991842747,20260821
1000,route_sdf,3,0.1565293858250603,0.14790831449609249,0.95,zero_control,huber,0.15219976223260165,20260821
1000,route_sdf,3,0.47021707416400316,0.45608221115618947,0.95,zero_control,normalized_l1,0.4631633712053299,20260821
1000,relative_longitudinal_velocity,4,0.03721889720886548,0.02950374533004151,0.95,zero_control,masked_huber,0.033353578464608326,20260821
1000,relative_longitudinal_velocity,4,0.19804741557177294,0.17392388467278883,0.95,zero_control,masked_l1,0.1862769749007081,20260821
1000,relative_lateral_velocity,5,0.02978854351537802,0.022904248751040166,0.95,zero_control,masked_huber,0.02635915335069002,20260821
1000,relative_lateral_velocity,5,0.1823532149688314,0.15759753422602446,0.95,zero_control,masked_l1,0.17037769981834572,20260821
1000,dynamic_clearance,6,0.15225813124119303,0.12897627273537218,0.95,zero_control,huber,0.14026875825598836,20260821
1000,dynamic_clearance,6,0.44093935318365696,0.39952759327441456,0.95,zero_control,normalized_l1,0.4196279530972242,20260821
1000,dynamic_collision_field,7,0.2585671738545701,0.23031635082232002,0.95,zero_control,auprc,0.24469862478673737,20260821
1000,dynamic_collision_field,7,10.811688652652382,9.504951137371515,0.95,zero_control,balanced_bce,10.203455897276367,20260821
1000,dynamic_collision_field,7,0.074,0.034,0.95,zero_control,iou,0.054,20260821
1000,ego_swept_footprint,8,0.022684691702814872,0.021996093265684333,0.95,zero_control,auprc,0.022342247753331736,20260821
1000,ego_swept_footprint,8,13.80468037999394,13.385636526035446,0.95,zero_control,balanced_bce,13.596287469672859,20260821
1000,ego_swept_footprint,8,0.015184464798681439,0.014645004776399583,0.95,zero_control,dice,0.014909022629261017,20260821
1000,ego_swept_footprint,8,0.0,0.0,0.95,zero_control,iou,0.0,20260821
1000,all,-1,0.22500768962055445,0.21936136951819063,0.95,zero_control,structured_effect_mae,0.22223813688755034,20260821
