scene_token,log_name,horizon_s,resolved_frame_index,timestamp_error_s,front_camera_record_available,front_camera_file_available,ego_pose_available,annotations_available,traffic_light_field_available,track_token_field_available,candidate_relative_target_available,synchronized_all
0005d2681afd597b,2021.10.01.13.28.54_veh-28_01767_01883,0.5,4,8.399999999997299e-05,True,True,True,True,True,True,True,True
0005d2681afd597b,2021.10.01.13.28.54_veh-28_01767_01883,1.0,5,0.00019800000000003148,True,True,True,True,True,True,True,True
0005d2681afd597b,2021.10.01.13.28.54_veh-28_01767_01883,2.0,7,4.899999999996574e-05,True,True,True,True,True,True,True,True
0005d2681afd597b,2021.10.01.13.28.54_veh-28_01767_01883,4.0,11,0.00017099999999992122,True,True,True,True,True,True,True,True
008a9f9434c75b99,2021.09.14.18.43.41_veh-45_00965_01195,0.5,4,0.00019400000000002748,True,True,True,True,True,True,True,True
008a9f9434c75b99,2021.09.14.18.43.41_veh-45_00965_01195,1.0,5,0.0005809999999999427,True,True,True,True,True,True,True,True
008a9f9434c75b99,2021.09.14.18.43.41_veh-45_00965_01195,2.0,7,0.0012170000000000236,True,True,True,True,True,True,True,True
008a9f9434c75b99,2021.09.14.18.43.41_veh-45_00965_01195,4.0,11,0.00017599999999973193,True,True,True,True,True,True,True,True
00ba15b1edea52fd,2021.06.09.18.23.43_veh-35_02086_02333,0.5,4,8.900000000000574e-05,True,True,True,True,True,True,True,True
00ba15b1edea52fd,2021.06.09.18.23.43_veh-35_02086_02333,1.0,5,0.00026199999999998447,True,True,True,True,True,True,True,True
00ba15b1edea52fd,2021.06.09.18.23.43_veh-35_02086_02333,2.0,7,0.0005869999999998932,True,True,True,True,True,True,True,True
00ba15b1edea52fd,2021.06.09.18.23.43_veh-35_02086_02333,4.0,11,0.0010339999999997573,True,True,True,True,True,True,True,True
011b69ae584655cc,2021.06.09.17.23.18_veh-38_03425_04047,0.5,4,0.0002790000000000292,True,True,True,True,True,True,True,True
011b69ae584655cc,2021.06.09.17.23.18_veh-38_03425_04047,1.0,5,0.0005759999999999099,True,True,True,True,True,True,True,True
011b69ae584655cc,2021.06.09.17.23.18_veh-38_03425_04047,2.0,7,0.0008189999999999031,True,True,True,True,True,True,True,True
011b69ae584655cc,2021.06.09.17.23.18_veh-38_03425_04047,4.0,11,9.000000000369823e-06,True,True,True,True,True,True,True,True
01dcab46b55d5e8c,2021.06.09.18.23.43_veh-35_02086_02333,0.5,4,0.00013900000000000023,True,True,True,True,True,True,True,True
01dcab46b55d5e8c,2021.06.09.18.23.43_veh-35_02086_02333,1.0,5,0.0005950000000000122,True,True,True,True,True,True,True,True
01dcab46b55d5e8c,2021.06.09.18.23.43_veh-35_02086_02333,2.0,7,0.001686999999999994,True,True,True,True,True,True,True,True
01dcab46b55d5e8c,2021.06.09.18.23.43_veh-35_02086_02333,4.0,11,0.0006289999999999907,True,True,True,True,True,True,True,True
02018657f0825d92,2021.06.09.17.23.18_veh-38_03425_04047,0.5,4,0.00026399999999998647,True,True,True,True,True,True,True,True
02018657f0825d92,2021.06.09.17.23.18_veh-38_03425_04047,1.0,5,0.00022999999999995246,True,True,True,True,True,True,True,True
02018657f0825d92,2021.06.09.17.23.18_veh-38_03425_04047,2.0,7,0.00039999999999995595,True,True,True,True,True,True,True,True
02018657f0825d92,2021.06.09.17.23.18_veh-38_03425_04047,4.0,11,0.00013600000000035806,True,True,True,True,True,True,True,True
0213d7e6fe7b5a41,2021.09.14.18.43.41_veh-45_00965_01195,0.5,4,0.000248000000000026,True,True,True,True,True,True,True,True
0213d7e6fe7b5a41,2021.09.14.18.43.41_veh-45_00965_01195,1.0,5,8.099999999999774e-05,True,True,True,True,True,True,True,True
0213d7e6fe7b5a41,2021.09.14.18.43.41_veh-45_00965_01195,2.0,7,0.0005219999999999114,True,True,True,True,True,True,True,True
0213d7e6fe7b5a41,2021.09.14.18.43.41_veh-45_00965_01195,4.0,11,1.8999999999991246e-05,True,True,True,True,True,True,True,True
025a0d1540ef5632,2021.09.14.18.43.41_veh-45_00965_01195,0.5,4,0.00044599999999994644,True,True,True,True,True,True,True,True
025a0d1540ef5632,2021.09.14.18.43.41_veh-45_00965_01195,1.0,5,0.0009630000000000472,True,True,True,True,True,True,True,True
025a0d1540ef5632,2021.09.14.18.43.41_veh-45_00965_01195,2.0,7,0.0006490000000001217,True,True,True,True,True,True,True,True
025a0d1540ef5632,2021.09.14.18.43.41_veh-45_00965_01195,4.0,11,8.000000000230045e-06,True,True,True,True,True,True,True,True
02fe9f456dea53d0,2021.09.14.18.43.41_veh-45_00965_01195,0.5,4,0.00029200000000001447,True,True,True,True,True,True,True,True
02fe9f456dea53d0,2021.09.14.18.43.41_veh-45_00965_01195,1.0,5,0.00021499999999996522,True,True,True,True,True,True,True,True
02fe9f456dea53d0,2021.09.14.18.43.41_veh-45_00965_01195,2.0,7,0.00043199999999998795,True,True,True,True,True,True,True,True
02fe9f456dea53d0,2021.09.14.18.43.41_veh-45_00965_01195,4.0,11,9.000000000014552e-05,True,True,True,True,True,True,True,True
03115209f49f556f,2021.06.14.16.48.02_veh-12_02412_02506,0.5,4,0.00010100000000001774,True,True,True,True,True,True,True,True
03115209f49f556f,2021.06.14.16.48.02_veh-12_02412_02506,1.0,5,9.000000000036756e-06,True,True,True,True,True,True,True,True
03115209f49f556f,2021.06.14.16.48.02_veh-12_02412_02506,2.0,7,0.0006379999999999164,True,True,True,True,True,True,True,True
03115209f49f556f,2021.06.14.16.48.02_veh-12_02412_02506,4.0,11,0.00022799999999989495,True,True,True,True,True,True,True,True
03c35a9388305765,2021.06.09.17.23.18_veh-38_03425_04047,0.5,4,8.699999999994823e-05,True,True,True,True,True,True,True,True
03c35a9388305765,2021.06.09.17.23.18_veh-38_03425_04047,1.0,5,0.0004710000000001102,True,True,True,True,True,True,True,True
03c35a9388305765,2021.06.09.17.23.18_veh-38_03425_04047,2.0,7,0.0010040000000000049,True,True,True,True,True,True,True,True
03c35a9388305765,2021.06.09.17.23.18_veh-38_03425_04047,4.0,11,0.00017900000000015126,True,True,True,True,True,True,True,True
041189c9e5d955c4,2021.06.09.18.23.43_veh-35_02086_02333,0.5,4,0.00043599999999999195,True,True,True,True,True,True,True,True
041189c9e5d955c4,2021.06.09.18.23.43_veh-35_02086_02333,1.0,5,0.0006789999999999852,True,True,True,True,True,True,True,True
041189c9e5d955c4,2021.06.09.18.23.43_veh-35_02086_02333,2.0,7,0.0007749999999999702,True,True,True,True,True,True,True,True
041189c9e5d955c4,2021.06.09.18.23.43_veh-35_02086_02333,4.0,11,0.0004940000000002165,True,True,True,True,True,True,True,True
052c497d8bbd5b96,2021.06.14.16.48.02_veh-12_02412_02506,0.5,4,9.900000000001574e-05,True,True,True,True,True,True,True,True
052c497d8bbd5b96,2021.06.14.16.48.02_veh-12_02412_02506,1.0,5,1.399999999995849e-05,True,True,True,True,True,True,True,True
052c497d8bbd5b96,2021.06.14.16.48.02_veh-12_02412_02506,2.0,7,0.0006159999999999499,True,True,True,True,True,True,True,True
052c497d8bbd5b96,2021.06.14.16.48.02_veh-12_02412_02506,4.0,11,0.0001829999999998222,True,True,True,True,True,True,True,True
06a29ce27b43524b,2021.06.09.17.23.18_veh-38_03425_04047,0.5,4,0.00020300000000000873,True,True,True,True,True,True,True,True
06a29ce27b43524b,2021.06.09.17.23.18_veh-38_03425_04047,1.0,5,0.00033600000000000296,True,True,True,True,True,True,True,True
06a29ce27b43524b,2021.06.09.17.23.18_veh-38_03425_04047,2.0,7,1.100000000020529e-05,True,True,True,True,True,True,True,True
06a29ce27b43524b,2021.06.09.17.23.18_veh-38_03425_04047,4.0,11,0.0003060000000001395,True,True,True,True,True,True,True,True
07765eff350b552b,2021.10.01.13.28.54_veh-28_01767_01883,0.5,4,5.699999999997374e-05,True,True,True,True,True,True,True,True
07765eff350b552b,2021.10.01.13.28.54_veh-28_01767_01883,1.0,5,0.0002329999999999277,True,True,True,True,True,True,True,True
07765eff350b552b,2021.10.01.13.28.54_veh-28_01767_01883,2.0,7,9.499999999995623e-05,True,True,True,True,True,True,True,True
07765eff350b552b,2021.10.01.13.28.54_veh-28_01767_01883,4.0,11,0.00016700000000025028,True,True,True,True,True,True,True,True
07d24c3d7a345e80,2021.10.01.13.28.54_veh-28_01767_01883,0.5,4,0.000136000000000025,True,True,True,True,True,True,True,True
07d24c3d7a345e80,2021.10.01.13.28.54_veh-28_01767_01883,1.0,5,5.199999999994098e-05,True,True,True,True,True,True,True,True
07d24c3d7a345e80,2021.10.01.13.28.54_veh-28_01767_01883,2.0,7,0.00010400000000010401,True,True,True,True,True,True,True,True
07d24c3d7a345e80,2021.10.01.13.28.54_veh-28_01767_01883,4.0,11,0.0001020000000000465,True,True,True,True,True,True,True,True
07d71d9b5a7f5e26,2021.10.11.05.34.05_veh-50_01718_02261,0.5,4,0.00021100000000001673,True,True,True,True,True,True,True,True
07d71d9b5a7f5e26,2021.10.11.05.34.05_veh-50_01718_02261,1.0,5,0.00044200000000005346,True,True,True,True,True,True,True,True
07d71d9b5a7f5e26,2021.10.11.05.34.05_veh-50_01718_02261,2.0,7,4.899999999996574e-05,True,True,True,True,True,True,True,True
07d71d9b5a7f5e26,2021.10.11.05.34.05_veh-50_01718_02261,4.0,11,0.00043799999999993844,True,True,True,True,True,True,True,True
09270528a5285354,2021.10.11.05.34.05_veh-50_01718_02261,0.5,4,0.00020599999999998397,True,True,True,True,True,True,True,True
09270528a5285354,2021.10.11.05.34.05_veh-50_01718_02261,1.0,5,0.00017999999999995797,True,True,True,True,True,True,True,True
09270528a5285354,2021.10.11.05.34.05_veh-50_01718_02261,2.0,7,0.00044300000000019324,True,True,True,True,True,True,True,True
09270528a5285354,2021.10.11.05.34.05_veh-50_01718_02261,4.0,11,0.0002890000000004278,True,True,True,True,True,True,True,True
09557d67f16c58da,2021.10.11.05.34.05_veh-50_01718_02261,0.5,4,0.00026799999999999047,True,True,True,True,True,True,True,True
09557d67f16c58da,2021.10.11.05.34.05_veh-50_01718_02261,1.0,5,0.00043999999999999595,True,True,True,True,True,True,True,True
09557d67f16c58da,2021.10.11.05.34.05_veh-50_01718_02261,2.0,7,0.00019100000000005224,True,True,True,True,True,True,True,True
09557d67f16c58da,2021.10.11.05.34.05_veh-50_01718_02261,4.0,11,0.00014299999999956015,True,True,True,True,True,True,True,True
099d280ec17e512c,2021.10.01.13.28.54_veh-28_01767_01883,0.5,4,0.0002950000000000452,True,True,True,True,True,True,True,True
099d280ec17e512c,2021.10.01.13.28.54_veh-28_01767_01883,1.0,5,9.999999999177334e-07,True,True,True,True,True,True,True,True
099d280ec17e512c,2021.10.01.13.28.54_veh-28_01767_01883,2.0,7,0.00010500000000002174,True,True,True,True,True,True,True,True
099d280ec17e512c,2021.10.01.13.28.54_veh-28_01767_01883,4.0,11,3.0999999999892225e-05,True,True,True,True,True,True,True,True
09b85beb333e5a74,2021.06.09.18.23.43_veh-35_02086_02333,0.5,4,0.000164000000000053,True,True,True,True,True,True,True,True
09b85beb333e5a74,2021.06.09.18.23.43_veh-35_02086_02333,1.0,5,3.4000000000089514e-05,True,True,True,True,True,True,True,True
09b85beb333e5a74,2021.06.09.18.23.43_veh-35_02086_02333,2.0,7,0.000320000000000098,True,True,True,True,True,True,True,True
09b85beb333e5a74,2021.06.09.18.23.43_veh-35_02086_02333,4.0,11,0.0007100000000002105,True,True,True,True,True,True,True,True
0a8f0a77c6355811,2021.09.14.18.43.41_veh-45_00965_01195,0.5,4,3.599999999998049e-05,True,True,True,True,True,True,True,True
0a8f0a77c6355811,2021.09.14.18.43.41_veh-45_00965_01195,1.0,5,3.900000000001125e-05,True,True,True,True,True,True,True,True
0a8f0a77c6355811,2021.09.14.18.43.41_veh-45_00965_01195,2.0,7,0.00031599999999998296,True,True,True,True,True,True,True,True
0a8f0a77c6355811,2021.09.14.18.43.41_veh-45_00965_01195,4.0,11,0.0005709999999998772,True,True,True,True,True,True,True,True
0c08c94580aa5b38,2021.06.14.16.48.02_veh-12_02412_02506,0.5,4,4.300000000001525e-05,True,True,True,True,True,True,True,True
0c08c94580aa5b38,2021.06.14.16.48.02_veh-12_02412_02506,1.0,5,0.00010799999999999699,True,True,True,True,True,True,True,True
0c08c94580aa5b38,2021.06.14.16.48.02_veh-12_02412_02506,2.0,7,0.00012199999999995548,True,True,True,True,True,True,True,True
0c08c94580aa5b38,2021.06.14.16.48.02_veh-12_02412_02506,4.0,11,0.00044399999999988893,True,True,True,True,True,True,True,True
0c6f8baa2977524f,2021.09.14.18.43.41_veh-45_00965_01195,0.5,4,0.00022800000000000598,True,True,True,True,True,True,True,True
0c6f8baa2977524f,2021.09.14.18.43.41_veh-45_00965_01195,1.0,5,0.00036800000000003497,True,True,True,True,True,True,True,True
0c6f8baa2977524f,2021.09.14.18.43.41_veh-45_00965_01195,2.0,7,3.999999999981796e-05,True,True,True,True,True,True,True,True
0c6f8baa2977524f,2021.09.14.18.43.41_veh-45_00965_01195,4.0,11,0.0001020000000000465,True,True,True,True,True,True,True,True
0c7c6ed779fc52b7,2021.09.14.18.43.41_veh-45_00965_01195,0.5,4,0.0004370000000000207,True,True,True,True,True,True,True,True
0c7c6ed779fc52b7,2021.09.14.18.43.41_veh-45_00965_01195,1.0,5,0.0001420000000000865,True,True,True,True,True,True,True,True
0c7c6ed779fc52b7,2021.09.14.18.43.41_veh-45_00965_01195,2.0,7,0.0007470000000000532,True,True,True,True,True,True,True,True
0c7c6ed779fc52b7,2021.09.14.18.43.41_veh-45_00965_01195,4.0,11,0.0003269999999999662,True,True,True,True,True,True,True,True
0d0f04b424665129,2021.06.09.17.23.18_veh-38_03425_04047,0.5,4,0.00025799999999998047,True,True,True,True,True,True,True,True
0d0f04b424665129,2021.06.09.17.23.18_veh-38_03425_04047,1.0,5,0.00047200000000002795,True,True,True,True,True,True,True,True
0d0f04b424665129,2021.06.09.17.23.18_veh-38_03425_04047,2.0,7,5.999999999994898e-05,True,True,True,True,True,True,True,True
0d0f04b424665129,2021.06.09.17.23.18_veh-38_03425_04047,4.0,11,4.6999999999908226e-05,True,True,True,True,True,True,True,True
0d7a0fd77b60538a,2021.06.09.17.23.18_veh-38_03425_04047,0.5,4,0.000248000000000026,True,True,True,True,True,True,True,True
0d7a0fd77b60538a,2021.06.09.17.23.18_veh-38_03425_04047,1.0,5,0.0005129999999999857,True,True,True,True,True,True,True,True
0d7a0fd77b60538a,2021.06.09.17.23.18_veh-38_03425_04047,2.0,7,0.0007999999999999119,True,True,True,True,True,True,True,True
0d7a0fd77b60538a,2021.06.09.17.23.18_veh-38_03425_04047,4.0,11,0.00011600000000022703,True,True,True,True,True,True,True,True
0d7bbb4da297553e,2021.06.09.17.23.18_veh-38_03425_04047,0.5,4,0.00022400000000000198,True,True,True,True,True,True,True,True
0d7bbb4da297553e,2021.06.09.17.23.18_veh-38_03425_04047,1.0,5,0.0004489999999999217,True,True,True,True,True,True,True,True
0d7bbb4da297553e,2021.06.09.17.23.18_veh-38_03425_04047,2.0,7,0.0005679999999999019,True,True,True,True,True,True,True,True
0d7bbb4da297553e,2021.06.09.17.23.18_veh-38_03425_04047,4.0,11,0.0001500000000000945,True,True,True,True,True,True,True,True
0dd21c9f24745116,2021.10.11.05.34.05_veh-50_01718_02261,0.5,4,0.0003029999999999977,True,True,True,True,True,True,True,True
0dd21c9f24745116,2021.10.11.05.34.05_veh-50_01718_02261,1.0,5,0.0004889999999999617,True,True,True,True,True,True,True,True
0dd21c9f24745116,2021.10.11.05.34.05_veh-50_01718_02261,2.0,7,2.999999999997449e-05,True,True,True,True,True,True,True,True
0dd21c9f24745116,2021.10.11.05.34.05_veh-50_01718_02261,4.0,11,0.00012499999999970868,True,True,True,True,True,True,True,True
0e34dec4d79c5bac,2021.06.09.17.23.18_veh-38_03425_04047,0.5,4,9.500000000001174e-05,True,True,True,True,True,True,True,True
0e34dec4d79c5bac,2021.06.09.17.23.18_veh-38_03425_04047,1.0,5,0.00039199999999994795,True,True,True,True,True,True,True,True
0e34dec4d79c5bac,2021.06.09.17.23.18_veh-38_03425_04047,2.0,7,0.0007719999999999949,True,True,True,True,True,True,True,True
0e34dec4d79c5bac,2021.06.09.17.23.18_veh-38_03425_04047,4.0,11,0.00030999999999981043,True,True,True,True,True,True,True,True
0e40718b97485e10,2021.10.11.05.34.05_veh-50_01718_02261,0.5,4,0.0002929999999999877,True,True,True,True,True,True,True,True
0e40718b97485e10,2021.10.11.05.34.05_veh-50_01718_02261,1.0,5,0.00044599999999994644,True,True,True,True,True,True,True,True
0e40718b97485e10,2021.10.11.05.34.05_veh-50_01718_02261,2.0,7,3.6999999999842714e-05,True,True,True,True,True,True,True,True
0e40718b97485e10,2021.10.11.05.34.05_veh-50_01718_02261,4.0,11,0.00014100000000016877,True,True,True,True,True,True,True,True
0f12c162f6fa5d71,2021.09.14.18.43.41_veh-45_00965_01195,0.5,4,2.9999999999752447e-06,True,True,True,True,True,True,True,True
0f12c162f6fa5d71,2021.09.14.18.43.41_veh-45_00965_01195,1.0,5,9.300000000000974e-05,True,True,True,True,True,True,True,True
0f12c162f6fa5d71,2021.09.14.18.43.41_veh-45_00965_01195,2.0,7,9.700000000001374e-05,True,True,True,True,True,True,True,True
0f12c162f6fa5d71,2021.09.14.18.43.41_veh-45_00965_01195,4.0,11,0.00041500000000027626,True,True,True,True,True,True,True,True
1049b61c6d47500e,2021.09.14.18.43.41_veh-45_00965_01195,0.5,4,0.00020399999999998197,True,True,True,True,True,True,True,True
1049b61c6d47500e,2021.09.14.18.43.41_veh-45_00965_01195,1.0,5,6.899999999998574e-05,True,True,True,True,True,True,True,True
1049b61c6d47500e,2021.09.14.18.43.41_veh-45_00965_01195,2.0,7,0.0003750000000000142,True,True,True,True,True,True,True,True
1049b61c6d47500e,2021.09.14.18.43.41_veh-45_00965_01195,4.0,11,0.00015400000000020952,True,True,True,True,True,True,True,True
116c97fd52875fa3,2021.09.14.18.43.41_veh-45_00965_01195,0.5,4,0.00014799999999998148,True,True,True,True,True,True,True,True
116c97fd52875fa3,2021.09.14.18.43.41_veh-45_00965_01195,1.0,5,2.999999999997449e-05,True,True,True,True,True,True,True,True
116c97fd52875fa3,2021.09.14.18.43.41_veh-45_00965_01195,2.0,7,0.0005340000000000344,True,True,True,True,True,True,True,True
116c97fd52875fa3,2021.09.14.18.43.41_veh-45_00965_01195,4.0,11,0.00018500000000010175,True,True,True,True,True,True,True,True
11a584e1083050e3,2021.06.09.18.23.43_veh-35_02086_02333,0.5,4,0.0002990000000000492,True,True,True,True,True,True,True,True
11a584e1083050e3,2021.06.09.18.23.43_veh-35_02086_02333,1.0,5,0.00021599999999999397,True,True,True,True,True,True,True,True
11a584e1083050e3,2021.06.09.18.23.43_veh-35_02086_02333,2.0,7,0.0007479999999999709,True,True,True,True,True,True,True,True
11a584e1083050e3,2021.06.09.18.23.43_veh-35_02086_02333,4.0,11,0.001046999999999798,True,True,True,True,True,True,True,True
11e7bfbe7e29593e,2021.06.09.17.23.18_veh-38_03425_04047,0.5,4,0.00022800000000000598,True,True,True,True,True,True,True,True
11e7bfbe7e29593e,2021.06.09.17.23.18_veh-38_03425_04047,1.0,5,0.0004709999999999992,True,True,True,True,True,True,True,True
11e7bfbe7e29593e,2021.06.09.17.23.18_veh-38_03425_04047,2.0,7,1.3000000000040757e-05,True,True,True,True,True,True,True,True
11e7bfbe7e29593e,2021.06.09.17.23.18_veh-38_03425_04047,4.0,11,0.00014800000000025904,True,True,True,True,True,True,True,True
123d061df94f514b,2021.10.01.13.28.54_veh-28_01767_01883,0.5,4,0.00020599999999998397,True,True,True,True,True,True,True,True
123d061df94f514b,2021.10.01.13.28.54_veh-28_01767_01883,1.0,5,0.00028399999999995096,True,True,True,True,True,True,True,True
123d061df94f514b,2021.10.01.13.28.54_veh-28_01767_01883,2.0,7,0.00017299999999997873,True,True,True,True,True,True,True,True
123d061df94f514b,2021.10.01.13.28.54_veh-28_01767_01883,4.0,11,0.00012599999999984846,True,True,True,True,True,True,True,True
1263ae5b3f4055d8,2021.10.11.05.34.05_veh-50_01718_02261,0.5,4,0.00018600000000001948,True,True,True,True,True,True,True,True
1263ae5b3f4055d8,2021.10.11.05.34.05_veh-50_01718_02261,1.0,5,7.199999999996098e-05,True,True,True,True,True,True,True,True
1263ae5b3f4055d8,2021.10.11.05.34.05_veh-50_01718_02261,2.0,7,0.0005459999999999354,True,True,True,True,True,True,True,True
1263ae5b3f4055d8,2021.10.11.05.34.05_veh-50_01718_02261,4.0,11,0.0001230000000003173,True,True,True,True,True,True,True,True
128991ed1dc25fb8,2021.10.01.13.28.54_veh-28_01767_01883,0.5,4,0.00021499999999996522,True,True,True,True,True,True,True,True
128991ed1dc25fb8,2021.10.01.13.28.54_veh-28_01767_01883,1.0,5,0.00011099999999997223,True,True,True,True,True,True,True,True
128991ed1dc25fb8,2021.10.01.13.28.54_veh-28_01767_01883,2.0,7,4.500000000007276e-05,True,True,True,True,True,True,True,True
128991ed1dc25fb8,2021.10.01.13.28.54_veh-28_01767_01883,4.0,11,9.700000000023579e-05,True,True,True,True,True,True,True,True
12f795d386d05ed6,2021.06.09.18.23.43_veh-35_02086_02333,0.5,4,0.00010299999999996423,True,True,True,True,True,True,True,True
12f795d386d05ed6,2021.06.09.18.23.43_veh-35_02086_02333,1.0,5,0.00017700000000009375,True,True,True,True,True,True,True,True
12f795d386d05ed6,2021.06.09.18.23.43_veh-35_02086_02333,2.0,7,0.00028100000000019776,True,True,True,True,True,True,True,True
12f795d386d05ed6,2021.06.09.18.23.43_veh-35_02086_02333,4.0,11,0.0009090000000000487,True,True,True,True,True,True,True,True
13ebaabdf9805611,2021.06.09.18.23.43_veh-35_02086_02333,0.5,4,0.00012699999999998823,True,True,True,True,True,True,True,True
13ebaabdf9805611,2021.06.09.18.23.43_veh-35_02086_02333,1.0,5,0.0004309999999999592,True,True,True,True,True,True,True,True
13ebaabdf9805611,2021.06.09.18.23.43_veh-35_02086_02333,2.0,7,0.0011630000000000251,True,True,True,True,True,True,True,True
13ebaabdf9805611,2021.06.09.18.23.43_veh-35_02086_02333,4.0,11,0.0005779999999999674,True,True,True,True,True,True,True,True
144b919f2f58529b,2021.10.01.13.28.54_veh-28_01767_01883,0.5,4,0.00014899999999995472,True,True,True,True,True,True,True,True
144b919f2f58529b,2021.10.01.13.28.54_veh-28_01767_01883,1.0,5,0.00034700000000009723,True,True,True,True,True,True,True,True
144b919f2f58529b,2021.10.01.13.28.54_veh-28_01767_01883,2.0,7,2.4000000000024002e-05,True,True,True,True,True,True,True,True
144b919f2f58529b,2021.10.01.13.28.54_veh-28_01767_01883,4.0,11,3.900000000012227e-05,True,True,True,True,True,True,True,True
14c0aa171e5a5e81,2021.10.11.05.34.05_veh-50_01718_02261,0.5,4,0.0002969999999999917,True,True,True,True,True,True,True,True
14c0aa171e5a5e81,2021.10.11.05.34.05_veh-50_01718_02261,1.0,5,0.0005230000000000512,True,True,True,True,True,True,True,True
14c0aa171e5a5e81,2021.10.11.05.34.05_veh-50_01718_02261,2.0,7,0.0004690000000000527,True,True,True,True,True,True,True,True
14c0aa171e5a5e81,2021.10.11.05.34.05_veh-50_01718_02261,4.0,11,0.00042100000000022675,True,True,True,True,True,True,True,True
150e2e020e4e5546,2021.06.09.18.23.43_veh-35_02086_02333,0.5,4,0.000156000000000045,True,True,True,True,True,True,True,True
150e2e020e4e5546,2021.06.09.18.23.43_veh-35_02086_02333,1.0,5,0.0003889999999999727,True,True,True,True,True,True,True,True
150e2e020e4e5546,2021.06.09.18.23.43_veh-35_02086_02333,2.0,7,0.0006390000000000562,True,True,True,True,True,True,True,True
150e2e020e4e5546,2021.06.09.18.23.43_veh-35_02086_02333,4.0,11,0.0013569999999996085,True,True,True,True,True,True,True,True
158540ccc8c552a4,2021.06.09.18.23.43_veh-35_02086_02333,0.5,4,7.40000000000185e-05,True,True,True,True,True,True,True,True
158540ccc8c552a4,2021.06.09.18.23.43_veh-35_02086_02333,1.0,5,0.00011500000000008725,True,True,True,True,True,True,True,True
158540ccc8c552a4,2021.06.09.18.23.43_veh-35_02086_02333,2.0,7,0.000484000000000151,True,True,True,True,True,True,True,True
158540ccc8c552a4,2021.06.09.18.23.43_veh-35_02086_02333,4.0,11,0.0003500000000000725,True,True,True,True,True,True,True,True
158deb3b34c25339,2021.06.09.18.23.43_veh-35_02086_02333,0.5,4,0.0003210000000000157,True,True,True,True,True,True,True,True
158deb3b34c25339,2021.06.09.18.23.43_veh-35_02086_02333,1.0,5,0.0005760000000000209,True,True,True,True,True,True,True,True
158deb3b34c25339,2021.06.09.18.23.43_veh-35_02086_02333,2.0,7,0.0007330000000000947,True,True,True,True,True,True,True,True
158deb3b34c25339,2021.06.09.18.23.43_veh-35_02086_02333,4.0,11,0.0002089999999999037,True,True,True,True,True,True,True,True
16287dd2c58e5bdb,2021.06.09.18.23.43_veh-35_02086_02333,0.5,4,0.00018799999999996597,True,True,True,True,True,True,True,True
16287dd2c58e5bdb,2021.06.09.18.23.43_veh-35_02086_02333,1.0,5,0.00031800000000004047,True,True,True,True,True,True,True,True
16287dd2c58e5bdb,2021.06.09.18.23.43_veh-35_02086_02333,2.0,7,0.0008159999999999279,True,True,True,True,True,True,True,True
16287dd2c58e5bdb,2021.06.09.18.23.43_veh-35_02086_02333,4.0,11,0.0009969999999999146,True,True,True,True,True,True,True,True
16973e1c8f115438,2021.06.09.18.23.43_veh-35_02086_02333,0.5,4,0.00016100000000002224,True,True,True,True,True,True,True,True
16973e1c8f115438,2021.06.09.18.23.43_veh-35_02086_02333,1.0,5,6.20000000000065e-05,True,True,True,True,True,True,True,True
16973e1c8f115438,2021.06.09.18.23.43_veh-35_02086_02333,2.0,7,0.0003329999999999167,True,True,True,True,True,True,True,True
16973e1c8f115438,2021.06.09.18.23.43_veh-35_02086_02333,4.0,11,0.0011450000000001737,True,True,True,True,True,True,True,True
17786f57108b5486,2021.09.14.18.43.41_veh-45_00965_01195,0.5,4,0.000160000000000049,True,True,True,True,True,True,True,True
17786f57108b5486,2021.09.14.18.43.41_veh-45_00965_01195,1.0,5,0.00040400000000007097,True,True,True,True,True,True,True,True
17786f57108b5486,2021.09.14.18.43.41_veh-45_00965_01195,2.0,7,0.00038399999999993994,True,True,True,True,True,True,True,True
17786f57108b5486,2021.09.14.18.43.41_veh-45_00965_01195,4.0,11,4.000000000115023e-06,True,True,True,True,True,True,True,True
17c40bec14d45b1c,2021.06.09.17.23.18_veh-38_03425_04047,0.5,4,7.80000000000225e-05,True,True,True,True,True,True,True,True
17c40bec14d45b1c,2021.06.09.17.23.18_veh-38_03425_04047,1.0,5,0.0004009999999999847,True,True,True,True,True,True,True,True
17c40bec14d45b1c,2021.06.09.17.23.18_veh-38_03425_04047,2.0,7,0.0008969999999999256,True,True,True,True,True,True,True,True
17c40bec14d45b1c,2021.06.09.17.23.18_veh-38_03425_04047,4.0,11,0.00017300000000020077,True,True,True,True,True,True,True,True
17ed67f42eaf574a,2021.06.09.18.23.43_veh-35_02086_02333,0.5,4,0.0002630000000000132,True,True,True,True,True,True,True,True
17ed67f42eaf574a,2021.06.09.18.23.43_veh-35_02086_02333,1.0,5,0.00036000000000002697,True,True,True,True,True,True,True,True
17ed67f42eaf574a,2021.06.09.18.23.43_veh-35_02086_02333,2.0,7,8.60000000000305e-05,True,True,True,True,True,True,True,True
17ed67f42eaf574a,2021.06.09.18.23.43_veh-35_02086_02333,4.0,11,0.0004770000000000607,True,True,True,True,True,True,True,True
17fb1b3c3cff5a03,2021.10.11.05.34.05_veh-50_01718_02261,0.5,4,0.00020799999999998597,True,True,True,True,True,True,True,True
17fb1b3c3cff5a03,2021.10.11.05.34.05_veh-50_01718_02261,1.0,5,0.00041599999999997195,True,True,True,True,True,True,True,True
17fb1b3c3cff5a03,2021.10.11.05.34.05_veh-50_01718_02261,2.0,7,0.0005150000000000432,True,True,True,True,True,True,True,True
17fb1b3c3cff5a03,2021.10.11.05.34.05_veh-50_01718_02261,4.0,11,0.0009630000000000472,True,True,True,True,True,True,True,True
18d1a6470364538e,2021.06.14.16.48.02_veh-12_02412_02506,0.5,4,0.00021500000000002073,True,True,True,True,True,True,True,True
18d1a6470364538e,2021.06.14.16.48.02_veh-12_02412_02506,1.0,5,0.00047600000000003195,True,True,True,True,True,True,True,True
18d1a6470364538e,2021.06.14.16.48.02_veh-12_02412_02506,2.0,7,4.599999999999049e-05,True,True,True,True,True,True,True,True
18d1a6470364538e,2021.06.14.16.48.02_veh-12_02412_02506,4.0,11,0.0005389999999998452,True,True,True,True,True,True,True,True
19188e8475415502,2021.06.09.17.23.18_veh-38_03425_04047,0.5,4,0.00034599999999995745,True,True,True,True,True,True,True,True
19188e8475415502,2021.06.09.17.23.18_veh-38_03425_04047,1.0,5,0.0006289999999999907,True,True,True,True,True,True,True,True
19188e8475415502,2021.06.09.17.23.18_veh-38_03425_04047,2.0,7,0.0007939999999999614,True,True,True,True,True,True,True,True
19188e8475415502,2021.06.09.17.23.18_veh-38_03425_04047,4.0,11,7.800000000024454e-05,True,True,True,True,True,True,True,True
1945aeb7b5c05995,2021.06.09.18.23.43_veh-35_02086_02333,0.5,4,0.0004899999999999904,True,True,True,True,True,True,True,True
1945aeb7b5c05995,2021.06.09.18.23.43_veh-35_02086_02333,1.0,5,0.0009350000000000191,True,True,True,True,True,True,True,True
1945aeb7b5c05995,2021.06.09.18.23.43_veh-35_02086_02333,2.0,7,0.0012950000000000461,True,True,True,True,True,True,True,True
1945aeb7b5c05995,2021.06.09.18.23.43_veh-35_02086_02333,4.0,11,0.0005739999999998524,True,True,True,True,True,True,True,True
194cc7247dc7556b,2021.06.14.16.48.02_veh-12_02412_02506,0.5,4,0.0003830000000000222,True,True,True,True,True,True,True,True
194cc7247dc7556b,2021.06.14.16.48.02_veh-12_02412_02506,1.0,5,0.0007490000000001107,True,True,True,True,True,True,True,True
194cc7247dc7556b,2021.06.14.16.48.02_veh-12_02412_02506,2.0,7,0.001126999999999878,True,True,True,True,True,True,True,True
194cc7247dc7556b,2021.06.14.16.48.02_veh-12_02412_02506,4.0,11,0.00013500000000021828,True,True,True,True,True,True,True,True
19647efe20395ec5,2021.09.14.18.43.41_veh-45_00965_01195,0.5,4,0.00022699999999997722,True,True,True,True,True,True,True,True
19647efe20395ec5,2021.09.14.18.43.41_veh-45_00965_01195,1.0,5,0.0005779999999999674,True,True,True,True,True,True,True,True
19647efe20395ec5,2021.09.14.18.43.41_veh-45_00965_01195,2.0,7,0.0012019999999999254,True,True,True,True,True,True,True,True
19647efe20395ec5,2021.09.14.18.43.41_veh-45_00965_01195,4.0,11,0.0006779999999997344,True,True,True,True,True,True,True,True
19e694e235055629,2021.09.14.18.43.41_veh-45_00965_01195,0.5,4,0.00019499999999994522,True,True,True,True,True,True,True,True
19e694e235055629,2021.09.14.18.43.41_veh-45_00965_01195,1.0,5,3.2999999999949736e-05,True,True,True,True,True,True,True,True
19e694e235055629,2021.09.14.18.43.41_veh-45_00965_01195,2.0,7,0.0004669999999999952,True,True,True,True,True,True,True,True
19e694e235055629,2021.09.14.18.43.41_veh-45_00965_01195,4.0,11,0.00012499999999970868,True,True,True,True,True,True,True,True
1a4da9d357ea51a2,2021.09.14.18.43.41_veh-45_00965_01195,0.5,4,0.00017200000000000548,True,True,True,True,True,True,True,True
1a4da9d357ea51a2,2021.09.14.18.43.41_veh-45_00965_01195,1.0,5,2.9999999999752447e-06,True,True,True,True,True,True,True,True
1a4da9d357ea51a2,2021.09.14.18.43.41_veh-45_00965_01195,2.0,7,0.0006729999999999237,True,True,True,True,True,True,True,True
1a4da9d357ea51a2,2021.09.14.18.43.41_veh-45_00965_01195,4.0,11,0.00022099999999980469,True,True,True,True,True,True,True,True
1a55bb45202a57ca,2021.09.14.18.43.41_veh-45_00965_01195,0.5,4,0.00017200000000000548,True,True,True,True,True,True,True,True
1a55bb45202a57ca,2021.09.14.18.43.41_veh-45_00965_01195,1.0,5,0.00031999999999998696,True,True,True,True,True,True,True,True
1a55bb45202a57ca,2021.09.14.18.43.41_veh-45_00965_01195,2.0,7,9.69999999997917e-05,True,True,True,True,True,True,True,True
1a55bb45202a57ca,2021.09.14.18.43.41_veh-45_00965_01195,4.0,11,0.0001769999999998717,True,True,True,True,True,True,True,True
1acf8b62ef115b6c,2021.09.14.18.43.41_veh-45_00965_01195,0.5,4,0.00024099999999999122,True,True,True,True,True,True,True,True
1acf8b62ef115b6c,2021.09.14.18.43.41_veh-45_00965_01195,1.0,5,0.0004969999999999697,True,True,True,True,True,True,True,True
1acf8b62ef115b6c,2021.09.14.18.43.41_veh-45_00965_01195,2.0,7,7.100000000015427e-05,True,True,True,True,True,True,True,True
1acf8b62ef115b6c,2021.09.14.18.43.41_veh-45_00965_01195,4.0,11,0.00020799999999976393,True,True,True,True,True,True,True,True
1d41bf824318525f,2021.09.14.18.43.41_veh-45_00965_01195,0.5,4,0.0002889999999999837,True,True,True,True,True,True,True,True
1d41bf824318525f,2021.09.14.18.43.41_veh-45_00965_01195,1.0,5,0.0005139999999999034,True,True,True,True,True,True,True,True
1d41bf824318525f,2021.09.14.18.43.41_veh-45_00965_01195,2.0,7,8.100000000021979e-05,True,True,True,True,True,True,True,True
1d41bf824318525f,2021.09.14.18.43.41_veh-45_00965_01195,4.0,11,0.0001340000000000785,True,True,True,True,True,True,True,True
1d7ac95addcc5ce4,2021.06.09.18.23.43_veh-35_02086_02333,0.5,4,0.00021000000000004349,True,True,True,True,True,True,True,True
1d7ac95addcc5ce4,2021.06.09.18.23.43_veh-35_02086_02333,1.0,5,7.099999999993223e-05,True,True,True,True,True,True,True,True
1d7ac95addcc5ce4,2021.06.09.18.23.43_veh-35_02086_02333,2.0,7,0.0008989999999999831,True,True,True,True,True,True,True,True
1d7ac95addcc5ce4,2021.06.09.18.23.43_veh-35_02086_02333,4.0,11,0.0006800000000000139,True,True,True,True,True,True,True,True
1e9934287b615763,2021.06.14.16.48.02_veh-12_02412_02506,0.5,4,0.0002670000000000172,True,True,True,True,True,True,True,True
1e9934287b615763,2021.06.14.16.48.02_veh-12_02412_02506,1.0,5,0.00050400000000006,True,True,True,True,True,True,True,True
1e9934287b615763,2021.06.14.16.48.02_veh-12_02412_02506,2.0,7,0.00042099999999978266,True,True,True,True,True,True,True,True
1e9934287b615763,2021.06.14.16.48.02_veh-12_02412_02506,4.0,11,2.199999999996649e-05,True,True,True,True,True,True,True,True
1ee489091e7854fd,2021.06.09.17.23.18_veh-38_03425_04047,0.5,4,0.00021400000000004749,True,True,True,True,True,True,True,True
1ee489091e7854fd,2021.06.09.17.23.18_veh-38_03425_04047,1.0,5,0.0001100000000000545,True,True,True,True,True,True,True,True
1ee489091e7854fd,2021.06.09.17.23.18_veh-38_03425_04047,2.0,7,0.00043799999999993844,True,True,True,True,True,True,True,True
1ee489091e7854fd,2021.06.09.17.23.18_veh-38_03425_04047,4.0,11,0.00012699999999998823,True,True,True,True,True,True,True,True
1eeebd4cc4295d8e,2021.10.01.13.28.54_veh-28_01767_01883,0.5,4,0.00019099999999999673,True,True,True,True,True,True,True,True
1eeebd4cc4295d8e,2021.10.01.13.28.54_veh-28_01767_01883,1.0,5,0.00034199999999995345,True,True,True,True,True,True,True,True
1eeebd4cc4295d8e,2021.10.01.13.28.54_veh-28_01767_01883,2.0,7,3.900000000012227e-05,True,True,True,True,True,True,True,True
1eeebd4cc4295d8e,2021.10.01.13.28.54_veh-28_01767_01883,4.0,11,3.000000000419334e-06,True,True,True,True,True,True,True,True
1ef152807db258b3,2021.09.14.18.43.41_veh-45_00965_01195,0.5,4,0.00030799999999997496,True,True,True,True,True,True,True,True
1ef152807db258b3,2021.09.14.18.43.41_veh-45_00965_01195,1.0,5,0.0005600000000000049,True,True,True,True,True,True,True,True
1ef152807db258b3,2021.09.14.18.43.41_veh-45_00965_01195,2.0,7,0.0007749999999999702,True,True,True,True,True,True,True,True
1ef152807db258b3,2021.09.14.18.43.41_veh-45_00965_01195,4.0,11,4.6999999999908226e-05,True,True,True,True,True,True,True,True
1ffd6c911ebc5a03,2021.06.09.18.23.43_veh-35_02086_02333,0.5,4,4.599999999999049e-05,True,True,True,True,True,True,True,True
1ffd6c911ebc5a03,2021.06.09.18.23.43_veh-35_02086_02333,1.0,5,0.000124000000000013,True,True,True,True,True,True,True,True
1ffd6c911ebc5a03,2021.06.09.18.23.43_veh-35_02086_02333,2.0,7,0.0003500000000000725,True,True,True,True,True,True,True,True
1ffd6c911ebc5a03,2021.06.09.18.23.43_veh-35_02086_02333,4.0,11,0.001454999999999984,True,True,True,True,True,True,True,True
205455c9183159c4,2021.06.09.18.23.43_veh-35_02086_02333,0.5,4,0.00017299999999997873,True,True,True,True,True,True,True,True
205455c9183159c4,2021.06.09.18.23.43_veh-35_02086_02333,1.0,5,0.00039199999999994795,True,True,True,True,True,True,True,True
205455c9183159c4,2021.06.09.18.23.43_veh-35_02086_02333,2.0,7,0.00037799999999998946,True,True,True,True,True,True,True,True
205455c9183159c4,2021.06.09.18.23.43_veh-35_02086_02333,4.0,11,0.0009169999999998346,True,True,True,True,True,True,True,True
2083a316b8d55d7e,2021.09.14.18.43.41_veh-45_00965_01195,0.5,4,0.0003429999999999822,True,True,True,True,True,True,True,True
2083a316b8d55d7e,2021.09.14.18.43.41_veh-45_00965_01195,1.0,5,0.0006299999999999084,True,True,True,True,True,True,True,True
2083a316b8d55d7e,2021.09.14.18.43.41_veh-45_00965_01195,2.0,7,0.00023200000000000998,True,True,True,True,True,True,True,True
2083a316b8d55d7e,2021.09.14.18.43.41_veh-45_00965_01195,4.0,11,0.0002369999999998207,True,True,True,True,True,True,True,True
210342177b4a5f99,2021.06.14.16.48.02_veh-12_02412_02506,0.5,4,4.4000000000044004e-05,True,True,True,True,True,True,True,True
210342177b4a5f99,2021.06.14.16.48.02_veh-12_02412_02506,1.0,5,0.000124000000000013,True,True,True,True,True,True,True,True
210342177b4a5f99,2021.06.14.16.48.02_veh-12_02412_02506,2.0,7,8.60000000000305e-05,True,True,True,True,True,True,True,True
210342177b4a5f99,2021.06.14.16.48.02_veh-12_02412_02506,4.0,11,3.6000000000147026e-05,True,True,True,True,True,True,True,True
21412dd0c5f95d12,2021.09.14.18.43.41_veh-45_00965_01195,0.5,4,0.0002849999999999797,True,True,True,True,True,True,True,True
21412dd0c5f95d12,2021.09.14.18.43.41_veh-45_00965_01195,1.0,5,0.0006690000000000307,True,True,True,True,True,True,True,True
21412dd0c5f95d12,2021.09.14.18.43.41_veh-45_00965_01195,2.0,7,0.0010909999999999531,True,True,True,True,True,True,True,True
21412dd0c5f95d12,2021.09.14.18.43.41_veh-45_00965_01195,4.0,11,0.00078400000000034,True,True,True,True,True,True,True,True
22421d5a4b3a5a53,2021.10.01.13.28.54_veh-28_01767_01883,0.5,4,0.00018700000000004824,True,True,True,True,True,True,True,True
22421d5a4b3a5a53,2021.10.01.13.28.54_veh-28_01767_01883,1.0,5,8.800000000008801e-05,True,True,True,True,True,True,True,True
22421d5a4b3a5a53,2021.10.01.13.28.54_veh-28_01767_01883,2.0,7,0.000156000000000045,True,True,True,True,True,True,True,True
22421d5a4b3a5a53,2021.10.01.13.28.54_veh-28_01767_01883,4.0,11,7.49999999998252e-05,True,True,True,True,True,True,True,True
235dcb12358a5b1f,2021.06.14.16.48.02_veh-12_02412_02506,0.5,4,0.00035200000000001896,True,True,True,True,True,True,True,True
235dcb12358a5b1f,2021.06.14.16.48.02_veh-12_02412_02506,1.0,5,0.0006189999999999252,True,True,True,True,True,True,True,True
235dcb12358a5b1f,2021.06.14.16.48.02_veh-12_02412_02506,2.0,7,0.0009269999999999001,True,True,True,True,True,True,True,True
235dcb12358a5b1f,2021.06.14.16.48.02_veh-12_02412_02506,4.0,11,1.1999999999900979e-05,True,True,True,True,True,True,True,True
236ba1210ea25e80,2021.10.11.05.34.05_veh-50_01718_02261,0.5,4,0.0002529999999999477,True,True,True,True,True,True,True,True
236ba1210ea25e80,2021.10.11.05.34.05_veh-50_01718_02261,1.0,5,0.0004329999999999057,True,True,True,True,True,True,True,True
236ba1210ea25e80,2021.10.11.05.34.05_veh-50_01718_02261,2.0,7,7.00000000000145e-05,True,True,True,True,True,True,True,True
236ba1210ea25e80,2021.10.11.05.34.05_veh-50_01718_02261,4.0,11,0.0001229999999998732,True,True,True,True,True,True,True,True
23d660069ef458f3,2021.06.14.16.48.02_veh-12_02412_02506,0.5,4,0.00037799999999998946,True,True,True,True,True,True,True,True
23d660069ef458f3,2021.06.14.16.48.02_veh-12_02412_02506,1.0,5,0.0004899999999999904,True,True,True,True,True,True,True,True
23d660069ef458f3,2021.06.14.16.48.02_veh-12_02412_02506,2.0,7,0.0004939999999999944,True,True,True,True,True,True,True,True
23d660069ef458f3,2021.06.14.16.48.02_veh-12_02412_02506,4.0,11,0.00011099999999997223,True,True,True,True,True,True,True,True
258dc0d5a9725ed5,2021.10.01.13.28.54_veh-28_01767_01883,0.5,4,0.00017599999999995397,True,True,True,True,True,True,True,True
258dc0d5a9725ed5,2021.10.01.13.28.54_veh-28_01767_01883,1.0,5,0.00011300000000002974,True,True,True,True,True,True,True,True
258dc0d5a9725ed5,2021.10.01.13.28.54_veh-28_01767_01883,2.0,7,5.200000000016303e-05,True,True,True,True,True,True,True,True
258dc0d5a9725ed5,2021.10.01.13.28.54_veh-28_01767_01883,4.0,11,5.699999999997374e-05,True,True,True,True,True,True,True,True
25af32d69e705ab1,2021.09.14.18.43.41_veh-45_00965_01195,0.5,4,0.00015299999999995872,True,True,True,True,True,True,True,True
25af32d69e705ab1,2021.09.14.18.43.41_veh-45_00965_01195,1.0,5,0.00027800000000000047,True,True,True,True,True,True,True,True
25af32d69e705ab1,2021.09.14.18.43.41_veh-45_00965_01195,2.0,7,0.0002260000000000595,True,True,True,True,True,True,True,True
25af32d69e705ab1,2021.09.14.18.43.41_veh-45_00965_01195,4.0,11,0.0004770000000000607,True,True,True,True,True,True,True,True
2637b1382cbe55ba,2021.06.09.18.23.43_veh-35_02086_02333,0.5,4,0.00018600000000001948,True,True,True,True,True,True,True,True
2637b1382cbe55ba,2021.06.09.18.23.43_veh-35_02086_02333,1.0,5,8.999999999925734e-06,True,True,True,True,True,True,True,True
2637b1382cbe55ba,2021.06.09.18.23.43_veh-35_02086_02333,2.0,7,0.0009440000000000559,True,True,True,True,True,True,True,True
2637b1382cbe55ba,2021.06.09.18.23.43_veh-35_02086_02333,4.0,11,0.0009619999999999074,True,True,True,True,True,True,True,True
26e609ae4e9a5e37,2021.10.11.05.34.05_veh-50_01718_02261,0.5,4,0.00021000000000004349,True,True,True,True,True,True,True,True
26e609ae4e9a5e37,2021.10.11.05.34.05_veh-50_01718_02261,1.0,5,0.00050400000000006,True,True,True,True,True,True,True,True
26e609ae4e9a5e37,2021.10.11.05.34.05_veh-50_01718_02261,2.0,7,0.0006529999999997926,True,True,True,True,True,True,True,True
26e609ae4e9a5e37,2021.10.11.05.34.05_veh-50_01718_02261,4.0,11,3.400000000031156e-05,True,True,True,True,True,True,True,True
275eea956cb15302,2021.10.01.13.28.54_veh-28_01767_01883,0.5,4,0.00020399999999998197,True,True,True,True,True,True,True,True
275eea956cb15302,2021.10.01.13.28.54_veh-28_01767_01883,1.0,5,2.1000000000048757e-05,True,True,True,True,True,True,True,True
275eea956cb15302,2021.10.01.13.28.54_veh-28_01767_01883,2.0,7,1.1999999999900979e-05,True,True,True,True,True,True,True,True
275eea956cb15302,2021.10.01.13.28.54_veh-28_01767_01883,4.0,11,4.999999999810711e-06,True,True,True,True,True,True,True,True
288b8128e36b594c,2021.09.14.18.43.41_veh-45_00965_01195,0.5,4,0.0002969999999999917,True,True,True,True,True,True,True,True
288b8128e36b594c,2021.09.14.18.43.41_veh-45_00965_01195,1.0,5,0.0005220000000000224,True,True,True,True,True,True,True,True
288b8128e36b594c,2021.09.14.18.43.41_veh-45_00965_01195,2.0,7,0.0005189999999999362,True,True,True,True,True,True,True,True
288b8128e36b594c,2021.09.14.18.43.41_veh-45_00965_01195,4.0,11,0.00022199999999994446,True,True,True,True,True,True,True,True
28908a5c196d53a0,2021.06.14.16.48.02_veh-12_02412_02506,0.5,4,7.80000000000225e-05,True,True,True,True,True,True,True,True
28908a5c196d53a0,2021.06.14.16.48.02_veh-12_02412_02506,1.0,5,8.099999999999774e-05,True,True,True,True,True,True,True,True
28908a5c196d53a0,2021.06.14.16.48.02_veh-12_02412_02506,2.0,7,0.0008379999999998944,True,True,True,True,True,True,True,True
28908a5c196d53a0,2021.06.14.16.48.02_veh-12_02412_02506,4.0,11,0.0007359999999998479,True,True,True,True,True,True,True,True
28a602e76e1b5fb2,2021.06.14.16.48.02_veh-12_02412_02506,0.5,4,0.00036599999999997745,True,True,True,True,True,True,True,True
28a602e76e1b5fb2,2021.06.14.16.48.02_veh-12_02412_02506,1.0,5,0.0006660000000000554,True,True,True,True,True,True,True,True
28a602e76e1b5fb2,2021.06.14.16.48.02_veh-12_02412_02506,2.0,7,0.0005850000000000577,True,True,True,True,True,True,True,True
28a602e76e1b5fb2,2021.06.14.16.48.02_veh-12_02412_02506,4.0,11,0.00017500000000003624,True,True,True,True,True,True,True,True
29d137c769dc5102,2021.06.09.17.23.18_veh-38_03425_04047,0.5,4,3.399999999997849e-05,True,True,True,True,True,True,True,True
29d137c769dc5102,2021.06.09.17.23.18_veh-38_03425_04047,1.0,5,0.0003690000000000637,True,True,True,True,True,True,True,True
29d137c769dc5102,2021.06.09.17.23.18_veh-38_03425_04047,2.0,7,0.0009980000000000544,True,True,True,True,True,True,True,True
29d137c769dc5102,2021.06.09.17.23.18_veh-38_03425_04047,4.0,11,0.00019599999999986295,True,True,True,True,True,True,True,True
2a64974af63a5094,2021.10.11.05.34.05_veh-50_01718_02261,0.5,4,0.0002849999999999797,True,True,True,True,True,True,True,True
2a64974af63a5094,2021.10.11.05.34.05_veh-50_01718_02261,1.0,5,0.00014500000000006175,True,True,True,True,True,True,True,True
2a64974af63a5094,2021.10.11.05.34.05_veh-50_01718_02261,2.0,7,0.00013799999999997148,True,True,True,True,True,True,True,True
2a64974af63a5094,2021.10.11.05.34.05_veh-50_01718_02261,4.0,11,0.0001509999999997902,True,True,True,True,True,True,True,True
2a84b69160335c6c,2021.10.11.05.34.05_veh-50_01718_02261,0.5,4,0.00028000000000000247,True,True,True,True,True,True,True,True
2a84b69160335c6c,2021.10.11.05.34.05_veh-50_01718_02261,1.0,5,0.00015699999999996272,True,True,True,True,True,True,True,True
2a84b69160335c6c,2021.10.11.05.34.05_veh-50_01718_02261,2.0,7,0.0003229999999998512,True,True,True,True,True,True,True,True
2a84b69160335c6c,2021.10.11.05.34.05_veh-50_01718_02261,4.0,11,0.00010699999999985721,True,True,True,True,True,True,True,True
2af6bdfb35345412,2021.10.11.05.34.05_veh-50_01718_02261,0.5,4,0.00037200000000003897,True,True,True,True,True,True,True,True
2af6bdfb35345412,2021.10.11.05.34.05_veh-50_01718_02261,1.0,5,0.0006909999999999972,True,True,True,True,True,True,True,True
2af6bdfb35345412,2021.10.11.05.34.05_veh-50_01718_02261,2.0,7,0.0003340000000000565,True,True,True,True,True,True,True,True
2af6bdfb35345412,2021.10.11.05.34.05_veh-50_01718_02261,4.0,11,0.00030399999999985994,True,True,True,True,True,True,True,True
2b74a6a9127058e9,2021.06.09.18.23.43_veh-35_02086_02333,0.5,4,0.0003469999999999862,True,True,True,True,True,True,True,True
2b74a6a9127058e9,2021.06.09.18.23.43_veh-35_02086_02333,1.0,5,0.0008989999999999831,True,True,True,True,True,True,True,True
2b74a6a9127058e9,2021.06.09.18.23.43_veh-35_02086_02333,2.0,7,0.0018050000000000566,True,True,True,True,True,True,True,True
2b74a6a9127058e9,2021.06.09.18.23.43_veh-35_02086_02333,4.0,11,0.0011329999999998286,True,True,True,True,True,True,True,True
2bdec37bef52574f,2021.06.09.18.23.43_veh-35_02086_02333,0.5,4,3.399999999997849e-05,True,True,True,True,True,True,True,True
2bdec37bef52574f,2021.06.09.18.23.43_veh-35_02086_02333,1.0,5,0.00015699999999996272,True,True,True,True,True,True,True,True
2bdec37bef52574f,2021.06.09.18.23.43_veh-35_02086_02333,2.0,7,8.100000000021979e-05,True,True,True,True,True,True,True,True
2bdec37bef52574f,2021.06.09.18.23.43_veh-35_02086_02333,4.0,11,0.0006550000000000722,True,True,True,True,True,True,True,True
2c459236eddc5140,2021.09.14.18.43.41_veh-45_00965_01195,0.5,4,0.00030000000000002247,True,True,True,True,True,True,True,True
2c459236eddc5140,2021.09.14.18.43.41_veh-45_00965_01195,1.0,5,0.00033600000000000296,True,True,True,True,True,True,True,True
2c459236eddc5140,2021.09.14.18.43.41_veh-45_00965_01195,2.0,7,0.0004290000000000127,True,True,True,True,True,True,True,True
2c459236eddc5140,2021.09.14.18.43.41_veh-45_00965_01195,4.0,11,9.800000000037556e-05,True,True,True,True,True,True,True,True
2c4a8ee2aa8a5010,2021.10.11.05.34.05_veh-50_01718_02261,0.5,4,0.00021599999999999397,True,True,True,True,True,True,True,True
2c4a8ee2aa8a5010,2021.10.11.05.34.05_veh-50_01718_02261,1.0,5,0.00011699999999992272,True,True,True,True,True,True,True,True
2c4a8ee2aa8a5010,2021.10.11.05.34.05_veh-50_01718_02261,2.0,7,0.00032399999999999096,True,True,True,True,True,True,True,True
2c4a8ee2aa8a5010,2021.10.11.05.34.05_veh-50_01718_02261,4.0,11,2.200000000041058e-05,True,True,True,True,True,True,True,True
2d834f6a168954a5,2021.10.01.13.28.54_veh-28_01767_01883,0.5,4,0.00012899999999999023,True,True,True,True,True,True,True,True
2d834f6a168954a5,2021.10.01.13.28.54_veh-28_01767_01883,1.0,5,0.00023899999999998922,True,True,True,True,True,True,True,True
2d834f6a168954a5,2021.10.01.13.28.54_veh-28_01767_01883,2.0,7,0.00011899999999998023,True,True,True,True,True,True,True,True
2d834f6a168954a5,2021.10.01.13.28.54_veh-28_01767_01883,4.0,11,0.00010900000000013677,True,True,True,True,True,True,True,True
2dfb5d3bbfb95b6b,2021.09.14.18.43.41_veh-45_00965_01195,0.5,4,8.999999999997899e-05,True,True,True,True,True,True,True,True
2dfb5d3bbfb95b6b,2021.09.14.18.43.41_veh-45_00965_01195,1.0,5,0.0002769999999999717,True,True,True,True,True,True,True,True
2dfb5d3bbfb95b6b,2021.09.14.18.43.41_veh-45_00965_01195,2.0,7,0.00023900000000010024,True,True,True,True,True,True,True,True
2dfb5d3bbfb95b6b,2021.09.14.18.43.41_veh-45_00965_01195,4.0,11,9.899999999962716e-05,True,True,True,True,True,True,True,True
2e5e5a6d2fcb5f7e,2021.10.11.05.34.05_veh-50_01718_02261,0.5,4,0.00020500000000001073,True,True,True,True,True,True,True,True
2e5e5a6d2fcb5f7e,2021.10.11.05.34.05_veh-50_01718_02261,1.0,5,0.00033600000000000296,True,True,True,True,True,True,True,True
2e5e5a6d2fcb5f7e,2021.10.11.05.34.05_veh-50_01718_02261,2.0,7,1.3000000000040757e-05,True,True,True,True,True,True,True,True
2e5e5a6d2fcb5f7e,2021.10.11.05.34.05_veh-50_01718_02261,4.0,11,0.00025399999999997647,True,True,True,True,True,True,True,True
2f2d4e69aa225c41,2021.06.14.16.48.02_veh-12_02412_02506,0.5,4,8.500000000000174e-05,True,True,True,True,True,True,True,True
2f2d4e69aa225c41,2021.06.14.16.48.02_veh-12_02412_02506,1.0,5,0.0003889999999999727,True,True,True,True,True,True,True,True
2f2d4e69aa225c41,2021.06.14.16.48.02_veh-12_02412_02506,2.0,7,0.0008289999999999687,True,True,True,True,True,True,True,True
2f2d4e69aa225c41,2021.06.14.16.48.02_veh-12_02412_02506,4.0,11,4.900000000018778e-05,True,True,True,True,True,True,True,True
2f3bc314c66d5f26,2021.09.14.18.43.41_veh-45_00965_01195,0.5,4,0.00030400000000002647,True,True,True,True,True,True,True,True
2f3bc314c66d5f26,2021.09.14.18.43.41_veh-45_00965_01195,1.0,5,0.0005319999999999769,True,True,True,True,True,True,True,True
2f3bc314c66d5f26,2021.09.14.18.43.41_veh-45_00965_01195,2.0,7,0.0005820000000000825,True,True,True,True,True,True,True,True
2f3bc314c66d5f26,2021.09.14.18.43.41_veh-45_00965_01195,4.0,11,0.0003220000000001555,True,True,True,True,True,True,True,True
306f77e944b853da,2021.09.14.18.43.41_veh-45_00965_01195,0.5,4,3.599999999998049e-05,True,True,True,True,True,True,True,True
306f77e944b853da,2021.09.14.18.43.41_veh-45_00965_01195,1.0,5,6.799999999995698e-05,True,True,True,True,True,True,True,True
306f77e944b853da,2021.09.14.18.43.41_veh-45_00965_01195,2.0,7,0.0003910000000000302,True,True,True,True,True,True,True,True
306f77e944b853da,2021.09.14.18.43.41_veh-45_00965_01195,4.0,11,0.00010099999999990672,True,True,True,True,True,True,True,True
30b79e38519e537d,2021.06.14.16.48.02_veh-12_02412_02506,0.5,4,0.00029999999999996696,True,True,True,True,True,True,True,True
30b79e38519e537d,2021.06.14.16.48.02_veh-12_02412_02506,1.0,5,0.00037799999999998946,True,True,True,True,True,True,True,True
30b79e38519e537d,2021.06.14.16.48.02_veh-12_02412_02506,2.0,7,0.00017399999999989646,True,True,True,True,True,True,True,True
30b79e38519e537d,2021.06.14.16.48.02_veh-12_02412_02506,4.0,11,0.0005020000000000024,True,True,True,True,True,True,True,True
317c68afecf35485,2021.10.11.05.34.05_veh-50_01718_02261,0.5,4,5.900000000003125e-05,True,True,True,True,True,True,True,True
317c68afecf35485,2021.10.11.05.34.05_veh-50_01718_02261,1.0,5,0.00026900000000007473,True,True,True,True,True,True,True,True
317c68afecf35485,2021.10.11.05.34.05_veh-50_01718_02261,2.0,7,0.0007899999999998464,True,True,True,True,True,True,True,True
317c68afecf35485,2021.10.11.05.34.05_veh-50_01718_02261,4.0,11,0.00018000000000029104,True,True,True,True,True,True,True,True
31d9047da8d35c82,2021.10.11.05.34.05_veh-50_01718_02261,0.5,4,0.00016599999999999948,True,True,True,True,True,True,True,True
31d9047da8d35c82,2021.10.11.05.34.05_veh-50_01718_02261,1.0,5,5.3999999999998494e-05,True,True,True,True,True,True,True,True
31d9047da8d35c82,2021.10.11.05.34.05_veh-50_01718_02261,2.0,7,0.0006650000000001377,True,True,True,True,True,True,True,True
31d9047da8d35c82,2021.10.11.05.34.05_veh-50_01718_02261,4.0,11,0.0005980000000000985,True,True,True,True,True,True,True,True
3201f1464a485a8b,2021.09.14.18.43.41_veh-45_00965_01195,0.5,4,0.00017100000000003224,True,True,True,True,True,True,True,True
3201f1464a485a8b,2021.09.14.18.43.41_veh-45_00965_01195,1.0,5,0.0005599999999998939,True,True,True,True,True,True,True,True
3201f1464a485a8b,2021.09.14.18.43.41_veh-45_00965_01195,2.0,7,0.0010919999999998709,True,True,True,True,True,True,True,True
3201f1464a485a8b,2021.09.14.18.43.41_veh-45_00965_01195,4.0,11,0.00011799999999961841,True,True,True,True,True,True,True,True
3379cc119af559cc,2021.10.01.13.28.54_veh-28_01767_01883,0.5,4,6.299999999997974e-05,True,True,True,True,True,True,True,True
3379cc119af559cc,2021.10.01.13.28.54_veh-28_01767_01883,1.0,5,0.00013799999999997148,True,True,True,True,True,True,True,True
3379cc119af559cc,2021.10.01.13.28.54_veh-28_01767_01883,2.0,7,8.099999999999774e-05,True,True,True,True,True,True,True,True
3379cc119af559cc,2021.10.01.13.28.54_veh-28_01767_01883,4.0,11,0.00013800000000019352,True,True,True,True,True,True,True,True
338a350da4a2588e,2021.06.09.18.23.43_veh-35_02086_02333,0.5,4,0.000130000000000019,True,True,True,True,True,True,True,True
338a350da4a2588e,2021.06.09.18.23.43_veh-35_02086_02333,1.0,5,0.00016300000000002424,True,True,True,True,True,True,True,True
338a350da4a2588e,2021.06.09.18.23.43_veh-35_02086_02333,2.0,7,0.0007390000000000452,True,True,True,True,True,True,True,True
338a350da4a2588e,2021.06.09.18.23.43_veh-35_02086_02333,4.0,11,0.0006580000000000474,True,True,True,True,True,True,True,True
34e2c77c79a2579f,2021.09.14.18.43.41_veh-45_00965_01195,0.5,4,0.0002789999999999737,True,True,True,True,True,True,True,True
34e2c77c79a2579f,2021.09.14.18.43.41_veh-45_00965_01195,1.0,5,0.0004269999999999552,True,True,True,True,True,True,True,True
34e2c77c79a2579f,2021.09.14.18.43.41_veh-45_00965_01195,2.0,7,0.0004949999999999122,True,True,True,True,True,True,True,True
34e2c77c79a2579f,2021.09.14.18.43.41_veh-45_00965_01195,4.0,11,0.0007299999999998974,True,True,True,True,True,True,True,True
359cfddaac1a569f,2021.10.11.05.34.05_veh-50_01718_02261,0.5,4,0.0002909999999999857,True,True,True,True,True,True,True,True
359cfddaac1a569f,2021.10.11.05.34.05_veh-50_01718_02261,1.0,5,0.0005840000000000289,True,True,True,True,True,True,True,True
359cfddaac1a569f,2021.10.11.05.34.05_veh-50_01718_02261,2.0,7,0.000552000000000108,True,True,True,True,True,True,True,True
359cfddaac1a569f,2021.10.11.05.34.05_veh-50_01718_02261,4.0,11,0.00024999999999986144,True,True,True,True,True,True,True,True
36dd5289f7ad5d39,2021.10.11.05.34.05_veh-50_01718_02261,0.5,4,6.999999999979245e-06,True,True,True,True,True,True,True,True
36dd5289f7ad5d39,2021.10.11.05.34.05_veh-50_01718_02261,1.0,5,9.899999999996023e-05,True,True,True,True,True,True,True,True
36dd5289f7ad5d39,2021.10.11.05.34.05_veh-50_01718_02261,2.0,7,0.0005450000000000177,True,True,True,True,True,True,True,True
36dd5289f7ad5d39,2021.10.11.05.34.05_veh-50_01718_02261,4.0,11,0.00013299999999993872,True,True,True,True,True,True,True,True
37bc68660a6c514a,2021.09.14.18.43.41_veh-45_00965_01195,0.5,4,1.2999999999985246e-05,True,True,True,True,True,True,True,True
37bc68660a6c514a,2021.09.14.18.43.41_veh-45_00965_01195,1.0,5,0.00034199999999995345,True,True,True,True,True,True,True,True
37bc68660a6c514a,2021.09.14.18.43.41_veh-45_00965_01195,2.0,7,0.0009619999999999074,True,True,True,True,True,True,True,True
37bc68660a6c514a,2021.09.14.18.43.41_veh-45_00965_01195,4.0,11,0.0012780000000001124,True,True,True,True,True,True,True,True
38082f1ca49751b8,2021.09.14.18.43.41_veh-45_00965_01195,0.5,4,0.0002510000000000012,True,True,True,True,True,True,True,True
38082f1ca49751b8,2021.09.14.18.43.41_veh-45_00965_01195,1.0,5,0.00045200000000000795,True,True,True,True,True,True,True,True
38082f1ca49751b8,2021.09.14.18.43.41_veh-45_00965_01195,2.0,7,0.0005729999999999347,True,True,True,True,True,True,True,True
38082f1ca49751b8,2021.09.14.18.43.41_veh-45_00965_01195,4.0,11,1.699999999971169e-05,True,True,True,True,True,True,True,True
380bec175f1e5e9f,2021.06.09.17.23.18_veh-38_03425_04047,0.5,4,0.00012000000000000899,True,True,True,True,True,True,True,True
380bec175f1e5e9f,2021.06.09.17.23.18_veh-38_03425_04047,1.0,5,8.699999999994823e-05,True,True,True,True,True,True,True,True
380bec175f1e5e9f,2021.06.09.17.23.18_veh-38_03425_04047,2.0,7,0.0006940000000001945,True,True,True,True,True,True,True,True
380bec175f1e5e9f,2021.06.09.17.23.18_veh-38_03425_04047,4.0,11,0.0003799999999998249,True,True,True,True,True,True,True,True
3834525cfcfb5a1e,2021.10.11.05.34.05_veh-50_01718_02261,0.5,4,8.900000000000574e-05,True,True,True,True,True,True,True,True
3834525cfcfb5a1e,2021.10.11.05.34.05_veh-50_01718_02261,1.0,5,0.00035500000000010523,True,True,True,True,True,True,True,True
3834525cfcfb5a1e,2021.10.11.05.34.05_veh-50_01718_02261,2.0,7,0.0010270000000001112,True,True,True,True,True,True,True,True
3834525cfcfb5a1e,2021.10.11.05.34.05_veh-50_01718_02261,4.0,11,0.00018000000000029104,True,True,True,True,True,True,True,True
386a403f36c85d87,2021.10.11.05.34.05_veh-50_01718_02261,0.5,4,2.599999999997049e-05,True,True,True,True,True,True,True,True
386a403f36c85d87,2021.10.11.05.34.05_veh-50_01718_02261,1.0,5,0.00025399999999997647,True,True,True,True,True,True,True,True
386a403f36c85d87,2021.10.11.05.34.05_veh-50_01718_02261,2.0,7,0.0009929999999997996,True,True,True,True,True,True,True,True
386a403f36c85d87,2021.10.11.05.34.05_veh-50_01718_02261,4.0,11,0.0005020000000000024,True,True,True,True,True,True,True,True
38e069bc6e365bd3,2021.06.09.18.23.43_veh-35_02086_02333,0.5,4,0.00014899999999995472,True,True,True,True,True,True,True,True
38e069bc6e365bd3,2021.06.09.18.23.43_veh-35_02086_02333,1.0,5,0.0002629999999999022,True,True,True,True,True,True,True,True
38e069bc6e365bd3,2021.06.09.18.23.43_veh-35_02086_02333,2.0,7,3.8999999999900226e-05,True,True,True,True,True,True,True,True
38e069bc6e365bd3,2021.06.09.18.23.43_veh-35_02086_02333,4.0,11,0.00020799999999976393,True,True,True,True,True,True,True,True
38e88e66caa156b3,2021.09.14.18.43.41_veh-45_00965_01195,0.5,4,0.0002869999999999817,True,True,True,True,True,True,True,True
38e88e66caa156b3,2021.09.14.18.43.41_veh-45_00965_01195,1.0,5,0.0004589999999999872,True,True,True,True,True,True,True,True
38e88e66caa156b3,2021.09.14.18.43.41_veh-45_00965_01195,2.0,7,0.0004889999999999617,True,True,True,True,True,True,True,True
38e88e66caa156b3,2021.09.14.18.43.41_veh-45_00965_01195,4.0,11,0.00010499999999957765,True,True,True,True,True,True,True,True
390270ff37045615,2021.10.11.05.34.05_veh-50_01718_02261,0.5,4,7.80000000000225e-05,True,True,True,True,True,True,True,True
390270ff37045615,2021.10.11.05.34.05_veh-50_01718_02261,1.0,5,0.00021400000000004749,True,True,True,True,True,True,True,True
390270ff37045615,2021.10.11.05.34.05_veh-50_01718_02261,2.0,7,0.0006559999999999899,True,True,True,True,True,True,True,True
390270ff37045615,2021.10.11.05.34.05_veh-50_01718_02261,4.0,11,0.0006089999999998597,True,True,True,True,True,True,True,True
3918753ebf98550a,2021.09.14.18.43.41_veh-45_00965_01195,0.5,4,0.000152000000000041,True,True,True,True,True,True,True,True
3918753ebf98550a,2021.09.14.18.43.41_veh-45_00965_01195,1.0,5,0.0004900000000001015,True,True,True,True,True,True,True,True
3918753ebf98550a,2021.09.14.18.43.41_veh-45_00965_01195,2.0,7,0.0010040000000000049,True,True,True,True,True,True,True,True
3918753ebf98550a,2021.09.14.18.43.41_veh-45_00965_01195,4.0,11,0.00013099999999965917,True,True,True,True,True,True,True,True
39a1d8c3ea2550df,2021.06.09.17.23.18_veh-38_03425_04047,0.5,4,0.00014599999999997948,True,True,True,True,True,True,True,True
39a1d8c3ea2550df,2021.06.09.17.23.18_veh-38_03425_04047,1.0,5,1.1999999999900979e-05,True,True,True,True,True,True,True,True
39a1d8c3ea2550df,2021.06.09.17.23.18_veh-38_03425_04047,2.0,7,0.0004919999999999369,True,True,True,True,True,True,True,True
39a1d8c3ea2550df,2021.06.09.17.23.18_veh-38_03425_04047,4.0,11,0.00011100000000041632,True,True,True,True,True,True,True,True
3ac6f1b0fe0d524b,2021.09.14.18.43.41_veh-45_00965_01195,0.5,4,0.00016399999999999748,True,True,True,True,True,True,True,True
3ac6f1b0fe0d524b,2021.09.14.18.43.41_veh-45_00965_01195,1.0,5,0.0003589999999999982,True,True,True,True,True,True,True,True
3ac6f1b0fe0d524b,2021.09.14.18.43.41_veh-45_00965_01195,2.0,7,0.0002089999999999037,True,True,True,True,True,True,True,True
3ac6f1b0fe0d524b,2021.09.14.18.43.41_veh-45_00965_01195,4.0,11,1.09999999997612e-05,True,True,True,True,True,True,True,True
3afbb23b3a485ae7,2021.06.14.16.48.02_veh-12_02412_02506,0.5,4,0.0003929999999999767,True,True,True,True,True,True,True,True
3afbb23b3a485ae7,2021.06.14.16.48.02_veh-12_02412_02506,1.0,5,0.0007570000000000077,True,True,True,True,True,True,True,True
3afbb23b3a485ae7,2021.06.14.16.48.02_veh-12_02412_02506,2.0,7,0.0007600000000000939,True,True,True,True,True,True,True,True
3afbb23b3a485ae7,2021.06.14.16.48.02_veh-12_02412_02506,4.0,11,0.0007190000000001362,True,True,True,True,True,True,True,True
3b625d214e5c5862,2021.06.09.18.23.43_veh-35_02086_02333,0.5,4,0.00015100000000001224,True,True,True,True,True,True,True,True
3b625d214e5c5862,2021.06.09.18.23.43_veh-35_02086_02333,1.0,5,0.00029799999999990945,True,True,True,True,True,True,True,True
3b625d214e5c5862,2021.06.09.18.23.43_veh-35_02086_02333,2.0,7,0.00016499999999997073,True,True,True,True,True,True,True,True
3b625d214e5c5862,2021.06.09.18.23.43_veh-35_02086_02333,4.0,11,0.0006099999999999994,True,True,True,True,True,True,True,True
3b6dcba91a535502,2021.10.01.13.28.54_veh-28_01767_01883,0.5,4,0.000246000000000024,True,True,True,True,True,True,True,True
3b6dcba91a535502,2021.10.01.13.28.54_veh-28_01767_01883,1.0,5,0.00026599999999998847,True,True,True,True,True,True,True,True
3b6dcba91a535502,2021.10.01.13.28.54_veh-28_01767_01883,2.0,7,0.0002089999999999037,True,True,True,True,True,True,True,True
3b6dcba91a535502,2021.10.01.13.28.54_veh-28_01767_01883,4.0,11,1.9999999998354667e-06,True,True,True,True,True,True,True,True
3c2797ee26ce5ddf,2021.10.11.05.34.05_veh-50_01718_02261,0.5,4,0.00018299999999998873,True,True,True,True,True,True,True,True
3c2797ee26ce5ddf,2021.10.11.05.34.05_veh-50_01718_02261,1.0,5,8.900000000000574e-05,True,True,True,True,True,True,True,True
3c2797ee26ce5ddf,2021.10.11.05.34.05_veh-50_01718_02261,2.0,7,0.00039200000000017,True,True,True,True,True,True,True,True
3c2797ee26ce5ddf,2021.10.11.05.34.05_veh-50_01718_02261,4.0,11,0.00025399999999997647,True,True,True,True,True,True,True,True
3c67272121df5b60,2021.09.14.18.43.41_veh-45_00965_01195,0.5,4,3.6999999999953737e-05,True,True,True,True,True,True,True,True
3c67272121df5b60,2021.09.14.18.43.41_veh-45_00965_01195,1.0,5,0.0005919999999999259,True,True,True,True,True,True,True,True
3c67272121df5b60,2021.09.14.18.43.41_veh-45_00965_01195,2.0,7,0.0019249999999999545,True,True,True,True,True,True,True,True
3c67272121df5b60,2021.09.14.18.43.41_veh-45_00965_01195,4.0,11,0.0009629999999996031,True,True,True,True,True,True,True,True
3c781490fb335509,2021.06.09.18.23.43_veh-35_02086_02333,0.5,4,0.00012699999999998823,True,True,True,True,True,True,True,True
3c781490fb335509,2021.06.09.18.23.43_veh-35_02086_02333,1.0,5,0.00021999999999999797,True,True,True,True,True,True,True,True
3c781490fb335509,2021.06.09.18.23.43_veh-35_02086_02333,2.0,7,0.0012399999999999078,True,True,True,True,True,True,True,True
3c781490fb335509,2021.06.09.18.23.43_veh-35_02086_02333,4.0,11,0.0013169999999997906,True,True,True,True,True,True,True,True
3c8ca91387ce569e,2021.09.14.18.43.41_veh-45_00965_01195,0.5,4,0.00018399999999996197,True,True,True,True,True,True,True,True
3c8ca91387ce569e,2021.09.14.18.43.41_veh-45_00965_01195,1.0,5,6.499999999998174e-05,True,True,True,True,True,True,True,True
3c8ca91387ce569e,2021.09.14.18.43.41_veh-45_00965_01195,2.0,7,0.0005290000000000017,True,True,True,True,True,True,True,True
3c8ca91387ce569e,2021.09.14.18.43.41_veh-45_00965_01195,4.0,11,2.0999999999826713e-05,True,True,True,True,True,True,True,True
3ca1f4d2bd1b5173,2021.06.09.18.23.43_veh-35_02086_02333,0.5,4,0.00031599999999998296,True,True,True,True,True,True,True,True
3ca1f4d2bd1b5173,2021.06.09.18.23.43_veh-35_02086_02333,1.0,5,0.00036199999999997345,True,True,True,True,True,True,True,True
3ca1f4d2bd1b5173,2021.06.09.18.23.43_veh-35_02086_02333,2.0,7,0.0005389999999998452,True,True,True,True,True,True,True,True
3ca1f4d2bd1b5173,2021.06.09.18.23.43_veh-35_02086_02333,4.0,11,0.0007009999999998406,True,True,True,True,True,True,True,True
3cdbb9a66ccf5155,2021.09.14.18.43.41_veh-45_00965_01195,0.5,4,0.00023899999999998922,True,True,True,True,True,True,True,True
3cdbb9a66ccf5155,2021.09.14.18.43.41_veh-45_00965_01195,1.0,5,7.500000000004725e-05,True,True,True,True,True,True,True,True
3cdbb9a66ccf5155,2021.09.14.18.43.41_veh-45_00965_01195,2.0,7,0.0005539999999999434,True,True,True,True,True,True,True,True
3cdbb9a66ccf5155,2021.09.14.18.43.41_veh-45_00965_01195,4.0,11,2.3999999999801958e-05,True,True,True,True,True,True,True,True
3d182f05141857aa,2021.06.09.18.23.43_veh-35_02086_02333,0.5,4,0.00020399999999998197,True,True,True,True,True,True,True,True
3d182f05141857aa,2021.06.09.18.23.43_veh-35_02086_02333,1.0,5,0.0005929999999999547,True,True,True,True,True,True,True,True
3d182f05141857aa,2021.06.09.18.23.43_veh-35_02086_02333,2.0,7,0.001250999999999891,True,True,True,True,True,True,True,True
3d182f05141857aa,2021.06.09.18.23.43_veh-35_02086_02333,4.0,11,0.0008799999999999919,True,True,True,True,True,True,True,True
3d59f36d91195610,2021.10.01.13.28.54_veh-28_01767_01883,0.5,4,0.00022499999999997522,True,True,True,True,True,True,True,True
3d59f36d91195610,2021.10.01.13.28.54_veh-28_01767_01883,1.0,5,0.00035200000000001896,True,True,True,True,True,True,True,True
3d59f36d91195610,2021.10.01.13.28.54_veh-28_01767_01883,2.0,7,3.599999999992498e-05,True,True,True,True,True,True,True,True
3d59f36d91195610,2021.10.01.13.28.54_veh-28_01767_01883,4.0,11,7.799999999980045e-05,True,True,True,True,True,True,True,True
3d76286269775f49,2021.09.14.18.43.41_veh-45_00965_01195,0.5,4,0.00024400000000002198,True,True,True,True,True,True,True,True
3d76286269775f49,2021.09.14.18.43.41_veh-45_00965_01195,1.0,5,0.00020600000000003948,True,True,True,True,True,True,True,True
3d76286269775f49,2021.09.14.18.43.41_veh-45_00965_01195,2.0,7,0.0003210000000000157,True,True,True,True,True,True,True,True
3d76286269775f49,2021.09.14.18.43.41_veh-45_00965_01195,4.0,11,0.00014599999999997948,True,True,True,True,True,True,True,True
3d85c8d0fe4d542b,2021.10.11.05.34.05_veh-50_01718_02261,0.5,4,0.00023099999999998122,True,True,True,True,True,True,True,True
3d85c8d0fe4d542b,2021.10.11.05.34.05_veh-50_01718_02261,1.0,5,0.00016499999999997073,True,True,True,True,True,True,True,True
3d85c8d0fe4d542b,2021.10.11.05.34.05_veh-50_01718_02261,2.0,7,0.0006230000000000402,True,True,True,True,True,True,True,True
3d85c8d0fe4d542b,2021.10.11.05.34.05_veh-50_01718_02261,4.0,11,0.0003580000000003025,True,True,True,True,True,True,True,True
3dca9d26e41d5caa,2021.06.14.16.48.02_veh-12_02412_02506,0.5,4,7.999999999996898e-05,True,True,True,True,True,True,True,True
3dca9d26e41d5caa,2021.06.14.16.48.02_veh-12_02412_02506,1.0,5,6.499999999998174e-05,True,True,True,True,True,True,True,True
3dca9d26e41d5caa,2021.06.14.16.48.02_veh-12_02412_02506,2.0,7,9.999999999177334e-07,True,True,True,True,True,True,True,True
3dca9d26e41d5caa,2021.06.14.16.48.02_veh-12_02412_02506,4.0,11,0.00022400000000022402,True,True,True,True,True,True,True,True
3e657470a9925d9d,2021.06.09.18.23.43_veh-35_02086_02333,0.5,4,7.899999999999574e-05,True,True,True,True,True,True,True,True
3e657470a9925d9d,2021.06.09.18.23.43_veh-35_02086_02333,1.0,5,0.00032799999999999496,True,True,True,True,True,True,True,True
3e657470a9925d9d,2021.06.09.18.23.43_veh-35_02086_02333,2.0,7,0.0004729999999999457,True,True,True,True,True,True,True,True
3e657470a9925d9d,2021.06.09.18.23.43_veh-35_02086_02333,4.0,11,0.00013000000000040757,True,True,True,True,True,True,True,True
3e7c95b0955e5aba,2021.09.14.18.43.41_veh-45_00965_01195,0.5,4,8.300000000005525e-05,True,True,True,True,True,True,True,True
3e7c95b0955e5aba,2021.09.14.18.43.41_veh-45_00965_01195,1.0,5,0.000496000000000052,True,True,True,True,True,True,True,True
3e7c95b0955e5aba,2021.09.14.18.43.41_veh-45_00965_01195,2.0,7,0.001459000000000099,True,True,True,True,True,True,True,True
3e7c95b0955e5aba,2021.09.14.18.43.41_veh-45_00965_01195,4.0,11,0.0010009999999995856,True,True,True,True,True,True,True,True
3ec5019035345cb4,2021.10.11.05.34.05_veh-50_01718_02261,0.5,4,0.00026599999999998847,True,True,True,True,True,True,True,True
3ec5019035345cb4,2021.10.11.05.34.05_veh-50_01718_02261,1.0,5,0.0006500000000000394,True,True,True,True,True,True,True,True
3ec5019035345cb4,2021.10.11.05.34.05_veh-50_01718_02261,2.0,7,0.0008140000000000924,True,True,True,True,True,True,True,True
3ec5019035345cb4,2021.10.11.05.34.05_veh-50_01718_02261,4.0,11,0.00011700000000036681,True,True,True,True,True,True,True,True
3f2167ba8ae153ba,2021.06.09.18.23.43_veh-35_02086_02333,0.5,4,9.700000000001374e-05,True,True,True,True,True,True,True,True
3f2167ba8ae153ba,2021.06.09.18.23.43_veh-35_02086_02333,1.0,5,7.199999999996098e-05,True,True,True,True,True,True,True,True
3f2167ba8ae153ba,2021.06.09.18.23.43_veh-35_02086_02333,2.0,7,0.000468000000000135,True,True,True,True,True,True,True,True
3f2167ba8ae153ba,2021.06.09.18.23.43_veh-35_02086_02333,4.0,11,0.0007390000000002672,True,True,True,True,True,True,True,True
3f3f1dca35b15e52,2021.06.09.17.23.18_veh-38_03425_04047,0.5,4,0.0002750000000000252,True,True,True,True,True,True,True,True
3f3f1dca35b15e52,2021.06.09.17.23.18_veh-38_03425_04047,1.0,5,0.0005669999999999842,True,True,True,True,True,True,True,True
3f3f1dca35b15e52,2021.06.09.17.23.18_veh-38_03425_04047,2.0,7,0.00022099999999980469,True,True,True,True,True,True,True,True
3f3f1dca35b15e52,2021.06.09.17.23.18_veh-38_03425_04047,4.0,11,0.00034700000000009723,True,True,True,True,True,True,True,True
40631646047153ce,2021.06.09.18.23.43_veh-35_02086_02333,0.5,4,0.00017299999999997873,True,True,True,True,True,True,True,True
40631646047153ce,2021.06.09.18.23.43_veh-35_02086_02333,1.0,5,0.000288000000000066,True,True,True,True,True,True,True,True
40631646047153ce,2021.06.09.18.23.43_veh-35_02086_02333,2.0,7,0.0004780000000002005,True,True,True,True,True,True,True,True
40631646047153ce,2021.06.09.18.23.43_veh-35_02086_02333,4.0,11,0.0006580000000000474,True,True,True,True,True,True,True,True
40647d0df87752f2,2021.09.14.18.43.41_veh-45_00965_01195,0.5,4,0.00018300000000004424,True,True,True,True,True,True,True,True
40647d0df87752f2,2021.09.14.18.43.41_veh-45_00965_01195,1.0,5,0.0005159999999999609,True,True,True,True,True,True,True,True
40647d0df87752f2,2021.09.14.18.43.41_veh-45_00965_01195,2.0,7,0.0008870000000000822,True,True,True,True,True,True,True,True
40647d0df87752f2,2021.09.14.18.43.41_veh-45_00965_01195,4.0,11,0.00018099999999998673,True,True,True,True,True,True,True,True
40e239fed9c25be3,2021.06.09.18.23.43_veh-35_02086_02333,0.5,4,0.0005009999999999737,True,True,True,True,True,True,True,True
40e239fed9c25be3,2021.06.09.18.23.43_veh-35_02086_02333,1.0,5,0.0009639999999999649,True,True,True,True,True,True,True,True
40e239fed9c25be3,2021.06.09.18.23.43_veh-35_02086_02333,2.0,7,0.0016000000000000458,True,True,True,True,True,True,True,True
40e239fed9c25be3,2021.06.09.18.23.43_veh-35_02086_02333,4.0,11,0.0009450000000001957,True,True,True,True,True,True,True,True
41151e19772b531d,2021.09.14.18.43.41_veh-45_00965_01195,0.5,4,3.399999999997849e-05,True,True,True,True,True,True,True,True
41151e19772b531d,2021.09.14.18.43.41_veh-45_00965_01195,1.0,5,0.00019400000000002748,True,True,True,True,True,True,True,True
41151e19772b531d,2021.09.14.18.43.41_veh-45_00965_01195,2.0,7,0.0006149999999998101,True,True,True,True,True,True,True,True
41151e19772b531d,2021.09.14.18.43.41_veh-45_00965_01195,4.0,11,0.000172000000000061,True,True,True,True,True,True,True,True
41271921fb6f5b97,2021.06.09.17.23.18_veh-38_03425_04047,0.5,4,0.0002650000000000152,True,True,True,True,True,True,True,True
41271921fb6f5b97,2021.06.09.17.23.18_veh-38_03425_04047,1.0,5,0.0005370000000000097,True,True,True,True,True,True,True,True
41271921fb6f5b97,2021.06.09.17.23.18_veh-38_03425_04047,2.0,7,0.0002729999999999677,True,True,True,True,True,True,True,True
41271921fb6f5b97,2021.06.09.17.23.18_veh-38_03425_04047,4.0,11,8.09999999997757e-05,True,True,True,True,True,True,True,True
4138296007675467,2021.10.01.13.28.54_veh-28_01767_01883,0.5,4,7.499999999999174e-05,True,True,True,True,True,True,True,True
4138296007675467,2021.10.01.13.28.54_veh-28_01767_01883,1.0,5,6.099999999997774e-05,True,True,True,True,True,True,True,True
4138296007675467,2021.10.01.13.28.54_veh-28_01767_01883,2.0,7,2.3999999999801958e-05,True,True,True,True,True,True,True,True
4138296007675467,2021.10.01.13.28.54_veh-28_01767_01883,4.0,11,6.099999999964467e-05,True,True,True,True,True,True,True,True
419167797c185a22,2021.06.09.17.23.18_veh-38_03425_04047,0.5,4,0.00020700000000001273,True,True,True,True,True,True,True,True
419167797c185a22,2021.06.09.17.23.18_veh-38_03425_04047,1.0,5,0.00038800000000005497,True,True,True,True,True,True,True,True
419167797c185a22,2021.06.09.17.23.18_veh-38_03425_04047,2.0,7,0.00010600000000016152,True,True,True,True,True,True,True,True
419167797c185a22,2021.06.09.17.23.18_veh-38_03425_04047,4.0,11,0.0002839999999997289,True,True,True,True,True,True,True,True
419cc02586ca563c,2021.10.01.13.28.54_veh-28_01767_01883,0.5,4,0.00013999999999997348,True,True,True,True,True,True,True,True
419cc02586ca563c,2021.10.01.13.28.54_veh-28_01767_01883,1.0,5,8.999999999925734e-06,True,True,True,True,True,True,True,True
419cc02586ca563c,2021.10.01.13.28.54_veh-28_01767_01883,2.0,7,1.6999999999933735e-05,True,True,True,True,True,True,True,True
419cc02586ca563c,2021.10.01.13.28.54_veh-28_01767_01883,4.0,11,2.799999999991698e-05,True,True,True,True,True,True,True,True
42706fcec339541b,2021.09.14.18.43.41_veh-45_00965_01195,0.5,4,0.00011799999999995148,True,True,True,True,True,True,True,True
42706fcec339541b,2021.09.14.18.43.41_veh-45_00965_01195,1.0,5,0.0004169999999998897,True,True,True,True,True,True,True,True
42706fcec339541b,2021.09.14.18.43.41_veh-45_00965_01195,2.0,7,0.0008610000000000007,True,True,True,True,True,True,True,True
42706fcec339541b,2021.09.14.18.43.41_veh-45_00965_01195,4.0,11,0.00013799999999974943,True,True,True,True,True,True,True,True
4305ed820e295a7b,2021.06.09.18.23.43_veh-35_02086_02333,0.5,4,0.00010100000000001774,True,True,True,True,True,True,True,True
4305ed820e295a7b,2021.06.09.18.23.43_veh-35_02086_02333,1.0,5,1.2000000000012001e-05,True,True,True,True,True,True,True,True
4305ed820e295a7b,2021.06.09.18.23.43_veh-35_02086_02333,2.0,7,0.00035100000000021225,True,True,True,True,True,True,True,True
4305ed820e295a7b,2021.06.09.18.23.43_veh-35_02086_02333,4.0,11,0.0008359999999996148,True,True,True,True,True,True,True,True
43939c47d84951fa,2021.06.14.16.48.02_veh-12_02412_02506,0.5,4,0.000130000000000019,True,True,True,True,True,True,True,True
43939c47d84951fa,2021.06.14.16.48.02_veh-12_02412_02506,1.0,5,0.00034400000000001096,True,True,True,True,True,True,True,True
43939c47d84951fa,2021.06.14.16.48.02_veh-12_02412_02506,2.0,7,0.0005470000000000752,True,True,True,True,True,True,True,True
43939c47d84951fa,2021.06.14.16.48.02_veh-12_02412_02506,4.0,11,0.00024900000000016576,True,True,True,True,True,True,True,True
4400376cfced5bec,2021.10.11.05.34.05_veh-50_01718_02261,0.5,4,9.999999999998899e-05,True,True,True,True,True,True,True,True
4400376cfced5bec,2021.10.11.05.34.05_veh-50_01718_02261,1.0,5,0.0003849999999999687,True,True,True,True,True,True,True,True
4400376cfced5bec,2021.10.11.05.34.05_veh-50_01718_02261,2.0,7,0.0009689999999999976,True,True,True,True,True,True,True,True
4400376cfced5bec,2021.10.11.05.34.05_veh-50_01718_02261,4.0,11,0.000332000000000221,True,True,True,True,True,True,True,True
444e28100ad75b52,2021.06.09.17.23.18_veh-38_03425_04047,0.5,4,0.00024400000000002198,True,True,True,True,True,True,True,True
444e28100ad75b52,2021.06.09.17.23.18_veh-38_03425_04047,1.0,5,0.0004990000000000272,True,True,True,True,True,True,True,True
444e28100ad75b52,2021.06.09.17.23.18_veh-38_03425_04047,2.0,7,0.0002409999999999357,True,True,True,True,True,True,True,True
444e28100ad75b52,2021.06.09.17.23.18_veh-38_03425_04047,4.0,11,2.6000000000081513e-05,True,True,True,True,True,True,True,True
44837765dfe257ea,2021.09.14.18.43.41_veh-45_00965_01195,0.5,4,0.00021199999999998997,True,True,True,True,True,True,True,True
44837765dfe257ea,2021.09.14.18.43.41_veh-45_00965_01195,1.0,5,0.00039600000000006297,True,True,True,True,True,True,True,True
44837765dfe257ea,2021.09.14.18.43.41_veh-45_00965_01195,2.0,7,1.4000000000180535e-05,True,True,True,True,True,True,True,True
44837765dfe257ea,2021.09.14.18.43.41_veh-45_00965_01195,4.0,11,0.00016199999999999548,True,True,True,True,True,True,True,True
449e612761315a74,2021.09.14.18.43.41_veh-45_00965_01195,0.5,4,8.500000000000174e-05,True,True,True,True,True,True,True,True
449e612761315a74,2021.09.14.18.43.41_veh-45_00965_01195,1.0,5,2.199999999996649e-05,True,True,True,True,True,True,True,True
449e612761315a74,2021.09.14.18.43.41_veh-45_00965_01195,2.0,7,0.00039200000000017,True,True,True,True,True,True,True,True
449e612761315a74,2021.09.14.18.43.41_veh-45_00965_01195,4.0,11,0.0003709999999998992,True,True,True,True,True,True,True,True
453a71a67a105628,2021.09.14.18.43.41_veh-45_00965_01195,0.5,4,0.00022499999999997522,True,True,True,True,True,True,True,True
453a71a67a105628,2021.09.14.18.43.41_veh-45_00965_01195,1.0,5,0.0004290000000000127,True,True,True,True,True,True,True,True
453a71a67a105628,2021.09.14.18.43.41_veh-45_00965_01195,2.0,7,6.20000000000065e-05,True,True,True,True,True,True,True,True
453a71a67a105628,2021.09.14.18.43.41_veh-45_00965_01195,4.0,11,4.8000000000048004e-05,True,True,True,True,True,True,True,True
45c77d83b57e5e4c,2021.06.14.16.48.02_veh-12_02412_02506,0.5,4,1.4999999999987246e-05,True,True,True,True,True,True,True,True
45c77d83b57e5e4c,2021.06.14.16.48.02_veh-12_02412_02506,1.0,5,3.799999999998249e-05,True,True,True,True,True,True,True,True
45c77d83b57e5e4c,2021.06.14.16.48.02_veh-12_02412_02506,2.0,7,0.00014599999999997948,True,True,True,True,True,True,True,True
45c77d83b57e5e4c,2021.06.14.16.48.02_veh-12_02412_02506,4.0,11,0.00046999999999997044,True,True,True,True,True,True,True,True
463815f761ca5d0f,2021.10.11.05.34.05_veh-50_01718_02261,0.5,4,0.0002690000000000192,True,True,True,True,True,True,True,True
463815f761ca5d0f,2021.10.11.05.34.05_veh-50_01718_02261,1.0,5,0.0005720000000000169,True,True,True,True,True,True,True,True
463815f761ca5d0f,2021.10.11.05.34.05_veh-50_01718_02261,2.0,7,0.0006440000000000889,True,True,True,True,True,True,True,True
463815f761ca5d0f,2021.10.11.05.34.05_veh-50_01718_02261,4.0,11,0.00014700000000011926,True,True,True,True,True,True,True,True
4663427b76535770,2021.10.11.05.34.05_veh-50_01718_02261,0.5,4,0.00014599999999997948,True,True,True,True,True,True,True,True
4663427b76535770,2021.10.11.05.34.05_veh-50_01718_02261,1.0,5,0.00029199999999995896,True,True,True,True,True,True,True,True
4663427b76535770,2021.10.11.05.34.05_veh-50_01718_02261,2.0,7,0.00033599999999989194,True,True,True,True,True,True,True,True
4663427b76535770,2021.10.11.05.34.05_veh-50_01718_02261,4.0,11,0.00022699999999975518,True,True,True,True,True,True,True,True
4822fb01da6e5c66,2021.09.14.18.43.41_veh-45_00965_01195,0.5,4,0.00017900000000004024,True,True,True,True,True,True,True,True
4822fb01da6e5c66,2021.09.14.18.43.41_veh-45_00965_01195,1.0,5,2.999999999997449e-05,True,True,True,True,True,True,True,True
4822fb01da6e5c66,2021.09.14.18.43.41_veh-45_00965_01195,2.0,7,0.0003489999999999327,True,True,True,True,True,True,True,True
4822fb01da6e5c66,2021.09.14.18.43.41_veh-45_00965_01195,4.0,11,5.599999999983396e-05,True,True,True,True,True,True,True,True
490d947225a55571,2021.09.14.18.43.41_veh-45_00965_01195,0.5,4,0.00047999999999998044,True,True,True,True,True,True,True,True
490d947225a55571,2021.09.14.18.43.41_veh-45_00965_01195,1.0,5,0.0008890000000000287,True,True,True,True,True,True,True,True
490d947225a55571,2021.09.14.18.43.41_veh-45_00965_01195,2.0,7,0.0011239999999999029,True,True,True,True,True,True,True,True
490d947225a55571,2021.09.14.18.43.41_veh-45_00965_01195,4.0,11,0.00047400000000008546,True,True,True,True,True,True,True,True
49b369fb8b5a5a87,2021.10.01.13.28.54_veh-28_01767_01883,0.5,4,0.00019800000000003148,True,True,True,True,True,True,True,True
49b369fb8b5a5a87,2021.10.01.13.28.54_veh-28_01767_01883,1.0,5,2.599999999997049e-05,True,True,True,True,True,True,True,True
49b369fb8b5a5a87,2021.10.01.13.28.54_veh-28_01767_01883,2.0,7,2.6000000000081513e-05,True,True,True,True,True,True,True,True
49b369fb8b5a5a87,2021.10.01.13.28.54_veh-28_01767_01883,4.0,11,1.100000000020529e-05,True,True,True,True,True,True,True,True
49bcf9e596ca5d52,2021.06.09.18.23.43_veh-35_02086_02333,0.5,4,2.6999999999999247e-05,True,True,True,True,True,True,True,True
49bcf9e596ca5d52,2021.06.09.18.23.43_veh-35_02086_02333,1.0,5,0.00012999999999996348,True,True,True,True,True,True,True,True
49bcf9e596ca5d52,2021.06.09.18.23.43_veh-35_02086_02333,2.0,7,0.00024500000000005073,True,True,True,True,True,True,True,True
49bcf9e596ca5d52,2021.06.09.18.23.43_veh-35_02086_02333,4.0,11,0.0010750000000001592,True,True,True,True,True,True,True,True
4adc4cf4cfc75da4,2021.10.11.05.34.05_veh-50_01718_02261,0.5,4,9.900000000001574e-05,True,True,True,True,True,True,True,True
4adc4cf4cfc75da4,2021.10.11.05.34.05_veh-50_01718_02261,1.0,5,0.0003589999999999982,True,True,True,True,True,True,True,True
4adc4cf4cfc75da4,2021.10.11.05.34.05_veh-50_01718_02261,2.0,7,0.0007569999999998966,True,True,True,True,True,True,True,True
4adc4cf4cfc75da4,2021.10.11.05.34.05_veh-50_01718_02261,4.0,11,3.300000000017178e-05,True,True,True,True,True,True,True,True
4ba9137ea86750d1,2021.10.11.05.34.05_veh-50_01718_02261,0.5,4,0.00021999999999999797,True,True,True,True,True,True,True,True
4ba9137ea86750d1,2021.10.11.05.34.05_veh-50_01718_02261,1.0,5,0.0005129999999999857,True,True,True,True,True,True,True,True
4ba9137ea86750d1,2021.10.11.05.34.05_veh-50_01718_02261,2.0,7,0.0010900000000000354,True,True,True,True,True,True,True,True
4ba9137ea86750d1,2021.10.11.05.34.05_veh-50_01718_02261,4.0,11,0.00035600000000002296,True,True,True,True,True,True,True,True
4c3a4d20cfe75f61,2021.10.11.05.34.05_veh-50_01718_02261,0.5,4,2.2999999999995246e-05,True,True,True,True,True,True,True,True
4c3a4d20cfe75f61,2021.10.11.05.34.05_veh-50_01718_02261,1.0,5,0.00020100000000000673,True,True,True,True,True,True,True,True
4c3a4d20cfe75f61,2021.10.11.05.34.05_veh-50_01718_02261,2.0,7,0.0006409999999998917,True,True,True,True,True,True,True,True
4c3a4d20cfe75f61,2021.10.11.05.34.05_veh-50_01718_02261,4.0,11,0.0002990000000000492,True,True,True,True,True,True,True,True
4c3d1302a0625576,2021.06.09.18.23.43_veh-35_02086_02333,0.5,4,0.00011799999999995148,True,True,True,True,True,True,True,True
4c3d1302a0625576,2021.06.09.18.23.43_veh-35_02086_02333,1.0,5,0.00028500000000009074,True,True,True,True,True,True,True,True
4c3d1302a0625576,2021.06.09.18.23.43_veh-35_02086_02333,2.0,7,0.00037799999999998946,True,True,True,True,True,True,True,True
4c3d1302a0625576,2021.06.09.18.23.43_veh-35_02086_02333,4.0,11,9.499999999995623e-05,True,True,True,True,True,True,True,True
4c838dd386bd5e1c,2021.06.09.18.23.43_veh-35_02086_02333,0.5,4,7.80000000000225e-05,True,True,True,True,True,True,True,True
4c838dd386bd5e1c,2021.06.09.18.23.43_veh-35_02086_02333,1.0,5,0.00017700000000009375,True,True,True,True,True,True,True,True
4c838dd386bd5e1c,2021.06.09.18.23.43_veh-35_02086_02333,2.0,7,4.300000000001525e-05,True,True,True,True,True,True,True,True
4c838dd386bd5e1c,2021.06.09.18.23.43_veh-35_02086_02333,4.0,11,0.0016280000000001849,True,True,True,True,True,True,True,True
4cd6e40431e65081,2021.10.11.05.34.05_veh-50_01718_02261,0.5,4,0.0002929999999999877,True,True,True,True,True,True,True,True
4cd6e40431e65081,2021.10.11.05.34.05_veh-50_01718_02261,1.0,5,0.0006109999999999172,True,True,True,True,True,True,True,True
4cd6e40431e65081,2021.10.11.05.34.05_veh-50_01718_02261,2.0,7,0.0008900000000000574,True,True,True,True,True,True,True,True
4cd6e40431e65081,2021.10.11.05.34.05_veh-50_01718_02261,4.0,11,2.000000000279556e-06,True,True,True,True,True,True,True,True
4d729549f50450ee,2021.06.09.18.23.43_veh-35_02086_02333,0.5,4,0.00013099999999999223,True,True,True,True,True,True,True,True
4d729549f50450ee,2021.06.09.18.23.43_veh-35_02086_02333,1.0,5,0.00029999999999996696,True,True,True,True,True,True,True,True
4d729549f50450ee,2021.06.09.18.23.43_veh-35_02086_02333,2.0,7,0.0006479999999999819,True,True,True,True,True,True,True,True
4d729549f50450ee,2021.06.09.18.23.43_veh-35_02086_02333,4.0,11,9.099999999984121e-05,True,True,True,True,True,True,True,True
4dd5c9007edf5789,2021.09.14.18.43.41_veh-45_00965_01195,0.5,4,0.00023200000000000998,True,True,True,True,True,True,True,True
4dd5c9007edf5789,2021.09.14.18.43.41_veh-45_00965_01195,1.0,5,0.00044400000000011097,True,True,True,True,True,True,True,True
4dd5c9007edf5789,2021.09.14.18.43.41_veh-45_00965_01195,2.0,7,0.0005090000000000927,True,True,True,True,True,True,True,True
4dd5c9007edf5789,2021.09.14.18.43.41_veh-45_00965_01195,4.0,11,0.0003169999999999007,True,True,True,True,True,True,True,True
4e4b68e07ec454aa,2021.09.14.18.43.41_veh-45_00965_01195,0.5,4,0.0003809999999999647,True,True,True,True,True,True,True,True
4e4b68e07ec454aa,2021.09.14.18.43.41_veh-45_00965_01195,1.0,5,0.0006699999999999484,True,True,True,True,True,True,True,True
4e4b68e07ec454aa,2021.09.14.18.43.41_veh-45_00965_01195,2.0,7,0.0007410000000001027,True,True,True,True,True,True,True,True
4e4b68e07ec454aa,2021.09.14.18.43.41_veh-45_00965_01195,4.0,11,1.100000000020529e-05,True,True,True,True,True,True,True,True
4e651c3661db5ab1,2021.09.14.18.43.41_veh-45_00965_01195,0.5,4,0.00011899999999998023,True,True,True,True,True,True,True,True
4e651c3661db5ab1,2021.09.14.18.43.41_veh-45_00965_01195,1.0,5,0.00039800000000000946,True,True,True,True,True,True,True,True
4e651c3661db5ab1,2021.09.14.18.43.41_veh-45_00965_01195,2.0,7,0.0005820000000000825,True,True,True,True,True,True,True,True
4e651c3661db5ab1,2021.09.14.18.43.41_veh-45_00965_01195,4.0,11,0.0008829999999999671,True,True,True,True,True,True,True,True
4f2570571bd35ea6,2021.06.09.17.23.18_veh-38_03425_04047,0.5,4,0.00014099999999994672,True,True,True,True,True,True,True,True
4f2570571bd35ea6,2021.06.09.17.23.18_veh-38_03425_04047,1.0,5,0.00034700000000009723,True,True,True,True,True,True,True,True
4f2570571bd35ea6,2021.06.09.17.23.18_veh-38_03425_04047,2.0,7,0.0005209999999999937,True,True,True,True,True,True,True,True
4f2570571bd35ea6,2021.06.09.17.23.18_veh-38_03425_04047,4.0,11,4.2000000000097515e-05,True,True,True,True,True,True,True,True
4fcbfdb6104b5489,2021.06.09.18.23.43_veh-35_02086_02333,0.5,4,0.00018399999999996197,True,True,True,True,True,True,True,True
4fcbfdb6104b5489,2021.06.09.18.23.43_veh-35_02086_02333,1.0,5,0.00034800000000001496,True,True,True,True,True,True,True,True
4fcbfdb6104b5489,2021.06.09.18.23.43_veh-35_02086_02333,2.0,7,0.00018500000000010175,True,True,True,True,True,True,True,True
4fcbfdb6104b5489,2021.06.09.18.23.43_veh-35_02086_02333,4.0,11,0.000548000000000215,True,True,True,True,True,True,True,True
4ffdb07c8b265a1f,2021.09.14.18.43.41_veh-45_00965_01195,0.5,4,0.00024400000000002198,True,True,True,True,True,True,True,True
4ffdb07c8b265a1f,2021.09.14.18.43.41_veh-45_00965_01195,1.0,5,0.0004509999999999792,True,True,True,True,True,True,True,True
4ffdb07c8b265a1f,2021.09.14.18.43.41_veh-45_00965_01195,2.0,7,0.00021500000000007624,True,True,True,True,True,True,True,True
4ffdb07c8b265a1f,2021.09.14.18.43.41_veh-45_00965_01195,4.0,11,0.0002149999999998542,True,True,True,True,True,True,True,True
51c388f37316514d,2021.06.09.17.23.18_veh-38_03425_04047,0.5,4,9.199999999998099e-05,True,True,True,True,True,True,True,True
51c388f37316514d,2021.06.09.17.23.18_veh-38_03425_04047,1.0,5,0.0004049999999999887,True,True,True,True,True,True,True,True
51c388f37316514d,2021.06.09.17.23.18_veh-38_03425_04047,2.0,7,0.0008399999999999519,True,True,True,True,True,True,True,True
51c388f37316514d,2021.06.09.17.23.18_veh-38_03425_04047,4.0,11,5.599999999983396e-05,True,True,True,True,True,True,True,True
51c4c97139815d1a,2021.09.14.18.43.41_veh-45_00965_01195,0.5,4,0.00019500000000000073,True,True,True,True,True,True,True,True
51c4c97139815d1a,2021.09.14.18.43.41_veh-45_00965_01195,1.0,5,0.0003130000000000077,True,True,True,True,True,True,True,True
51c4c97139815d1a,2021.09.14.18.43.41_veh-45_00965_01195,2.0,7,0.00029300000000009874,True,True,True,True,True,True,True,True
51c4c97139815d1a,2021.09.14.18.43.41_veh-45_00965_01195,4.0,11,0.0001449999999998397,True,True,True,True,True,True,True,True
523d6903969d577a,2021.06.09.18.23.43_veh-35_02086_02333,0.5,4,0.00017299999999997873,True,True,True,True,True,True,True,True
523d6903969d577a,2021.06.09.18.23.43_veh-35_02086_02333,1.0,5,0.0003629999999998912,True,True,True,True,True,True,True,True
523d6903969d577a,2021.06.09.18.23.43_veh-35_02086_02333,2.0,7,0.0005500000000000504,True,True,True,True,True,True,True,True
523d6903969d577a,2021.06.09.18.23.43_veh-35_02086_02333,4.0,11,0.0007149999999995771,True,True,True,True,True,True,True,True
52510b1f6a2c5f21,2021.06.09.18.23.43_veh-35_02086_02333,0.5,4,0.00019999999999997797,True,True,True,True,True,True,True,True
52510b1f6a2c5f21,2021.06.09.18.23.43_veh-35_02086_02333,1.0,5,0.0003969999999999807,True,True,True,True,True,True,True,True
52510b1f6a2c5f21,2021.06.09.18.23.43_veh-35_02086_02333,2.0,7,0.0005890000000001727,True,True,True,True,True,True,True,True
52510b1f6a2c5f21,2021.06.09.18.23.43_veh-35_02086_02333,4.0,11,0.0007700000000001594,True,True,True,True,True,True,True,True
5278feb1c10856c2,2021.10.01.13.28.54_veh-28_01767_01883,0.5,4,0.00017999999999995797,True,True,True,True,True,True,True,True
5278feb1c10856c2,2021.10.01.13.28.54_veh-28_01767_01883,1.0,5,0.0004750000000000032,True,True,True,True,True,True,True,True
5278feb1c10856c2,2021.10.01.13.28.54_veh-28_01767_01883,2.0,7,8.900000000000574e-05,True,True,True,True,True,True,True,True
5278feb1c10856c2,2021.10.01.13.28.54_veh-28_01767_01883,4.0,11,0.0,True,True,True,True,True,True,True,True
55304ecc51755681,2021.06.09.17.23.18_veh-38_03425_04047,0.5,4,0.00011799999999995148,True,True,True,True,True,True,True,True
55304ecc51755681,2021.06.09.17.23.18_veh-38_03425_04047,1.0,5,6.300000000003525e-05,True,True,True,True,True,True,True,True
55304ecc51755681,2021.06.09.17.23.18_veh-38_03425_04047,2.0,7,0.0003260000000000485,True,True,True,True,True,True,True,True
55304ecc51755681,2021.06.09.17.23.18_veh-38_03425_04047,4.0,11,0.0004390000000000782,True,True,True,True,True,True,True,True
5532c4cb47625129,2021.06.09.17.23.18_veh-38_03425_04047,0.5,4,7.40000000000185e-05,True,True,True,True,True,True,True,True
5532c4cb47625129,2021.06.09.17.23.18_veh-38_03425_04047,1.0,5,0.00035799999999996945,True,True,True,True,True,True,True,True
5532c4cb47625129,2021.06.09.17.23.18_veh-38_03425_04047,2.0,7,0.0007459999999999134,True,True,True,True,True,True,True,True
5532c4cb47625129,2021.06.09.17.23.18_veh-38_03425_04047,4.0,11,0.0003159999999997609,True,True,True,True,True,True,True,True
553ae01731b65355,2021.09.14.18.43.41_veh-45_00965_01195,0.5,4,0.00016699999999997273,True,True,True,True,True,True,True,True
553ae01731b65355,2021.09.14.18.43.41_veh-45_00965_01195,1.0,5,0.0004690000000000527,True,True,True,True,True,True,True,True
553ae01731b65355,2021.09.14.18.43.41_veh-45_00965_01195,2.0,7,0.0011710000000000331,True,True,True,True,True,True,True,True
553ae01731b65355,2021.09.14.18.43.41_veh-45_00965_01195,4.0,11,0.000288000000000288,True,True,True,True,True,True,True,True
558a5b88987f54f7,2021.09.14.18.43.41_veh-45_00965_01195,0.5,4,0.0003750000000000142,True,True,True,True,True,True,True,True
558a5b88987f54f7,2021.09.14.18.43.41_veh-45_00965_01195,1.0,5,0.0007179999999999964,True,True,True,True,True,True,True,True
558a5b88987f54f7,2021.09.14.18.43.41_veh-45_00965_01195,2.0,7,0.0008859999999999424,True,True,True,True,True,True,True,True
558a5b88987f54f7,2021.09.14.18.43.41_veh-45_00965_01195,4.0,11,0.0003909999999995861,True,True,True,True,True,True,True,True
55a4877961f6505b,2021.10.11.05.34.05_veh-50_01718_02261,0.5,4,0.00015300000000001424,True,True,True,True,True,True,True,True
55a4877961f6505b,2021.10.11.05.34.05_veh-50_01718_02261,1.0,5,3.2000000000032e-05,True,True,True,True,True,True,True,True
55a4877961f6505b,2021.10.11.05.34.05_veh-50_01718_02261,2.0,7,0.0006370000000002207,True,True,True,True,True,True,True,True
55a4877961f6505b,2021.10.11.05.34.05_veh-50_01718_02261,4.0,11,3.999999999981796e-05,True,True,True,True,True,True,True,True
5619cf6f6489577e,2021.06.09.18.23.43_veh-35_02086_02333,0.5,4,0.00024299999999999322,True,True,True,True,True,True,True,True
5619cf6f6489577e,2021.06.09.18.23.43_veh-35_02086_02333,1.0,5,0.00036599999999997745,True,True,True,True,True,True,True,True
5619cf6f6489577e,2021.06.09.18.23.43_veh-35_02086_02333,2.0,7,0.00023599999999990295,True,True,True,True,True,True,True,True
5619cf6f6489577e,2021.06.09.18.23.43_veh-35_02086_02333,4.0,11,0.000248000000000026,True,True,True,True,True,True,True,True
561aa5f0ff7d507a,2021.06.09.18.23.43_veh-35_02086_02333,0.5,4,0.00046800000000002395,True,True,True,True,True,True,True,True
561aa5f0ff7d507a,2021.06.09.18.23.43_veh-35_02086_02333,1.0,5,0.0009059999999999624,True,True,True,True,True,True,True,True
561aa5f0ff7d507a,2021.06.09.18.23.43_veh-35_02086_02333,2.0,7,0.0008410000000000917,True,True,True,True,True,True,True,True
561aa5f0ff7d507a,2021.06.09.18.23.43_veh-35_02086_02333,4.0,11,0.00012599999999984846,True,True,True,True,True,True,True,True
567b6f2925415f3d,2021.10.01.13.28.54_veh-28_01767_01883,0.5,4,0.00014900000000001024,True,True,True,True,True,True,True,True
567b6f2925415f3d,2021.10.01.13.28.54_veh-28_01767_01883,1.0,5,4.000000000004e-06,True,True,True,True,True,True,True,True
567b6f2925415f3d,2021.10.01.13.28.54_veh-28_01767_01883,2.0,7,4.2000000000097515e-05,True,True,True,True,True,True,True,True
567b6f2925415f3d,2021.10.01.13.28.54_veh-28_01767_01883,4.0,11,0.00022199999999994446,True,True,True,True,True,True,True,True
56c54b97f4c95736,2021.06.09.17.23.18_veh-38_03425_04047,0.5,4,0.0002569999999999517,True,True,True,True,True,True,True,True
56c54b97f4c95736,2021.06.09.17.23.18_veh-38_03425_04047,1.0,5,0.00016499999999997073,True,True,True,True,True,True,True,True
56c54b97f4c95736,2021.06.09.17.23.18_veh-38_03425_04047,2.0,7,0.0003750000000000142,True,True,True,True,True,True,True,True
56c54b97f4c95736,2021.06.09.17.23.18_veh-38_03425_04047,4.0,11,3.000000000419334e-06,True,True,True,True,True,True,True,True
56dc56bb57755100,2021.09.14.18.43.41_veh-45_00965_01195,0.5,4,0.0003509999999999902,True,True,True,True,True,True,True,True
56dc56bb57755100,2021.09.14.18.43.41_veh-45_00965_01195,1.0,5,0.0006920000000000259,True,True,True,True,True,True,True,True
56dc56bb57755100,2021.09.14.18.43.41_veh-45_00965_01195,2.0,7,0.0006559999999999899,True,True,True,True,True,True,True,True
56dc56bb57755100,2021.09.14.18.43.41_veh-45_00965_01195,4.0,11,0.0006099999999999994,True,True,True,True,True,True,True,True
58782f34716e5058,2021.10.01.13.28.54_veh-28_01767_01883,0.5,4,0.00010999999999999899,True,True,True,True,True,True,True,True
58782f34716e5058,2021.10.01.13.28.54_veh-28_01767_01883,1.0,5,0.00019299999999999873,True,True,True,True,True,True,True,True
58782f34716e5058,2021.10.01.13.28.54_veh-28_01767_01883,2.0,7,0.00017999999999984695,True,True,True,True,True,True,True,True
58782f34716e5058,2021.10.01.13.28.54_veh-28_01767_01883,4.0,11,0.0002259999999996154,True,True,True,True,True,True,True,True
58c830af1efa5257,2021.06.09.18.23.43_veh-35_02086_02333,0.5,4,0.00013499999999999623,True,True,True,True,True,True,True,True
58c830af1efa5257,2021.06.09.18.23.43_veh-35_02086_02333,1.0,5,0.00018699999999993722,True,True,True,True,True,True,True,True
58c830af1efa5257,2021.06.09.18.23.43_veh-35_02086_02333,2.0,7,0.00048499999999984666,True,True,True,True,True,True,True,True
58c830af1efa5257,2021.06.09.18.23.43_veh-35_02086_02333,4.0,11,0.0003269999999999662,True,True,True,True,True,True,True,True
592b37821b345351,2021.09.14.18.43.41_veh-45_00965_01195,0.5,4,0.00018699999999999273,True,True,True,True,True,True,True,True
592b37821b345351,2021.09.14.18.43.41_veh-45_00965_01195,1.0,5,3.6999999999953737e-05,True,True,True,True,True,True,True,True
592b37821b345351,2021.09.14.18.43.41_veh-45_00965_01195,2.0,7,0.0006810000000001537,True,True,True,True,True,True,True,True
592b37821b345351,2021.09.14.18.43.41_veh-45_00965_01195,4.0,11,0.0004220000000003665,True,True,True,True,True,True,True,True
59ea4c20b390527d,2021.06.09.17.23.18_veh-38_03425_04047,0.5,4,0.00017699999999998273,True,True,True,True,True,True,True,True
59ea4c20b390527d,2021.06.09.17.23.18_veh-38_03425_04047,1.0,5,0.00038000000000004697,True,True,True,True,True,True,True,True
59ea4c20b390527d,2021.06.09.17.23.18_veh-38_03425_04047,2.0,7,0.00037200000000003897,True,True,True,True,True,True,True,True
59ea4c20b390527d,2021.06.09.17.23.18_veh-38_03425_04047,4.0,11,0.00027599999999994296,True,True,True,True,True,True,True,True
59f3be62091959fd,2021.10.11.05.34.05_veh-50_01718_02261,0.5,4,0.00023399999999995647,True,True,True,True,True,True,True,True
59f3be62091959fd,2021.10.11.05.34.05_veh-50_01718_02261,1.0,5,0.0004869999999999042,True,True,True,True,True,True,True,True
59f3be62091959fd,2021.10.11.05.34.05_veh-50_01718_02261,2.0,7,0.0005370000000000097,True,True,True,True,True,True,True,True
59f3be62091959fd,2021.10.11.05.34.05_veh-50_01718_02261,4.0,11,0.00017999999999984695,True,True,True,True,True,True,True,True
5aaf82d9ec5c5168,2021.09.14.18.43.41_veh-45_00965_01195,0.5,4,0.00022100000000002673,True,True,True,True,True,True,True,True
5aaf82d9ec5c5168,2021.09.14.18.43.41_veh-45_00965_01195,1.0,5,0.0002929999999999877,True,True,True,True,True,True,True,True
5aaf82d9ec5c5168,2021.09.14.18.43.41_veh-45_00965_01195,2.0,7,0.0003029999999999422,True,True,True,True,True,True,True,True
5aaf82d9ec5c5168,2021.09.14.18.43.41_veh-45_00965_01195,4.0,11,0.00034099999999970265,True,True,True,True,True,True,True,True
5aef1594dead5a07,2021.06.14.16.48.02_veh-12_02412_02506,0.5,4,0.0002610000000000112,True,True,True,True,True,True,True,True
5aef1594dead5a07,2021.06.14.16.48.02_veh-12_02412_02506,1.0,5,0.00021400000000004749,True,True,True,True,True,True,True,True
5aef1594dead5a07,2021.06.14.16.48.02_veh-12_02412_02506,2.0,7,0.0005350000000001742,True,True,True,True,True,True,True,True
5aef1594dead5a07,2021.06.14.16.48.02_veh-12_02412_02506,4.0,11,0.0003609999999998337,True,True,True,True,True,True,True,True
5b5ec3e6d6485750,2021.09.14.18.43.41_veh-45_00965_01195,0.5,4,0.00017500000000003624,True,True,True,True,True,True,True,True
5b5ec3e6d6485750,2021.09.14.18.43.41_veh-45_00965_01195,1.0,5,0.0005560000000000009,True,True,True,True,True,True,True,True
5b5ec3e6d6485750,2021.09.14.18.43.41_veh-45_00965_01195,2.0,7,0.0010699999999999044,True,True,True,True,True,True,True,True
5b5ec3e6d6485750,2021.09.14.18.43.41_veh-45_00965_01195,4.0,11,0.00018600000000024153,True,True,True,True,True,True,True,True
5b6d1a803deb586f,2021.09.14.18.43.41_veh-45_00965_01195,0.5,4,0.00014999999999998348,True,True,True,True,True,True,True,True
5b6d1a803deb586f,2021.09.14.18.43.41_veh-45_00965_01195,1.0,5,0.0006570000000000187,True,True,True,True,True,True,True,True
5b6d1a803deb586f,2021.09.14.18.43.41_veh-45_00965_01195,2.0,7,0.0012639999999999318,True,True,True,True,True,True,True,True
5b6d1a803deb586f,2021.09.14.18.43.41_veh-45_00965_01195,4.0,11,0.0012080000000000979,True,True,True,True,True,True,True,True
5bf5d76a6f3659fa,2021.09.14.18.43.41_veh-45_00965_01195,0.5,4,0.0002829999999999777,True,True,True,True,True,True,True,True
5bf5d76a6f3659fa,2021.09.14.18.43.41_veh-45_00965_01195,1.0,5,3.599999999992498e-05,True,True,True,True,True,True,True,True
5bf5d76a6f3659fa,2021.09.14.18.43.41_veh-45_00965_01195,2.0,7,0.0011600000000000499,True,True,True,True,True,True,True,True
5bf5d76a6f3659fa,2021.09.14.18.43.41_veh-45_00965_01195,4.0,11,0.0004129999999999967,True,True,True,True,True,True,True,True
5c11b7780c6f5924,2021.09.14.18.43.41_veh-45_00965_01195,0.5,4,0.00014900000000001024,True,True,True,True,True,True,True,True
5c11b7780c6f5924,2021.09.14.18.43.41_veh-45_00965_01195,1.0,5,0.00036400000000003097,True,True,True,True,True,True,True,True
5c11b7780c6f5924,2021.09.14.18.43.41_veh-45_00965_01195,2.0,7,0.0007230000000000292,True,True,True,True,True,True,True,True
5c11b7780c6f5924,2021.09.14.18.43.41_veh-45_00965_01195,4.0,11,0.00010300000000018628,True,True,True,True,True,True,True,True
5c283c717ea65eff,2021.06.14.16.48.02_veh-12_02412_02506,0.5,4,0.0003260000000000485,True,True,True,True,True,True,True,True
5c283c717ea65eff,2021.06.14.16.48.02_veh-12_02412_02506,1.0,5,0.00043999999999999595,True,True,True,True,True,True,True,True
5c283c717ea65eff,2021.06.14.16.48.02_veh-12_02412_02506,2.0,7,9.999999999998899e-05,True,True,True,True,True,True,True,True
5c283c717ea65eff,2021.06.14.16.48.02_veh-12_02412_02506,4.0,11,0.00018100000000043082,True,True,True,True,True,True,True,True
5c3dffa76a685f50,2021.06.14.16.48.02_veh-12_02412_02506,0.5,4,0.00029600000000001847,True,True,True,True,True,True,True,True
5c3dffa76a685f50,2021.06.14.16.48.02_veh-12_02412_02506,1.0,5,0.0006420000000000314,True,True,True,True,True,True,True,True
5c3dffa76a685f50,2021.06.14.16.48.02_veh-12_02412_02506,2.0,7,0.0006919999999999149,True,True,True,True,True,True,True,True
5c3dffa76a685f50,2021.06.14.16.48.02_veh-12_02412_02506,4.0,11,0.0006059999999998844,True,True,True,True,True,True,True,True
5ce2916775495ca0,2021.10.11.05.34.05_veh-50_01718_02261,0.5,4,0.0002849999999999797,True,True,True,True,True,True,True,True
5ce2916775495ca0,2021.10.11.05.34.05_veh-50_01718_02261,1.0,5,0.0005760000000000209,True,True,True,True,True,True,True,True
5ce2916775495ca0,2021.10.11.05.34.05_veh-50_01718_02261,2.0,7,0.0010220000000000784,True,True,True,True,True,True,True,True
5ce2916775495ca0,2021.10.11.05.34.05_veh-50_01718_02261,4.0,11,0.0003860000000002195,True,True,True,True,True,True,True,True
5d2b115ae2e15fb7,2021.10.11.05.34.05_veh-50_01718_02261,0.5,4,0.00012199999999995548,True,True,True,True,True,True,True,True
5d2b115ae2e15fb7,2021.10.11.05.34.05_veh-50_01718_02261,1.0,5,0.00024700000000010824,True,True,True,True,True,True,True,True
5d2b115ae2e15fb7,2021.10.11.05.34.05_veh-50_01718_02261,2.0,7,0.0003540000000001875,True,True,True,True,True,True,True,True
5d2b115ae2e15fb7,2021.10.11.05.34.05_veh-50_01718_02261,4.0,11,0.00023399999999984544,True,True,True,True,True,True,True,True
5d3f9e33b1ae5b50,2021.09.14.18.43.41_veh-45_00965_01195,0.5,4,0.00011800000000000699,True,True,True,True,True,True,True,True
5d3f9e33b1ae5b50,2021.09.14.18.43.41_veh-45_00965_01195,1.0,5,0.0001500000000000945,True,True,True,True,True,True,True,True
5d3f9e33b1ae5b50,2021.09.14.18.43.41_veh-45_00965_01195,2.0,7,0.0008259999999999934,True,True,True,True,True,True,True,True
5d3f9e33b1ae5b50,2021.09.14.18.43.41_veh-45_00965_01195,4.0,11,0.00023399999999984544,True,True,True,True,True,True,True,True
5ddccc6fcff05291,2021.09.14.18.43.41_veh-45_00965_01195,0.5,4,0.000268000000000046,True,True,True,True,True,True,True,True
5ddccc6fcff05291,2021.09.14.18.43.41_veh-45_00965_01195,1.0,5,0.0005159999999999609,True,True,True,True,True,True,True,True
5ddccc6fcff05291,2021.09.14.18.43.41_veh-45_00965_01195,2.0,7,4.6999999999908226e-05,True,True,True,True,True,True,True,True
5ddccc6fcff05291,2021.09.14.18.43.41_veh-45_00965_01195,4.0,11,0.00015900000000002024,True,True,True,True,True,True,True,True
5df8d69ca4475123,2021.06.09.17.23.18_veh-38_03425_04047,0.5,4,0.0003130000000000077,True,True,True,True,True,True,True,True
5df8d69ca4475123,2021.06.09.17.23.18_veh-38_03425_04047,1.0,5,0.0005399999999999849,True,True,True,True,True,True,True,True
5df8d69ca4475123,2021.06.09.17.23.18_veh-38_03425_04047,2.0,7,0.0007159999999999389,True,True,True,True,True,True,True,True
5df8d69ca4475123,2021.06.09.17.23.18_veh-38_03425_04047,4.0,11,7.399999999968543e-05,True,True,True,True,True,True,True,True
5e61b75de2f65409,2021.06.09.17.23.18_veh-38_03425_04047,0.5,4,0.00042200000000003346,True,True,True,True,True,True,True,True
5e61b75de2f65409,2021.06.09.17.23.18_veh-38_03425_04047,1.0,5,0.0007850000000000357,True,True,True,True,True,True,True,True
5e61b75de2f65409,2021.06.09.17.23.18_veh-38_03425_04047,2.0,7,0.0003869999999999152,True,True,True,True,True,True,True,True
5e61b75de2f65409,2021.06.09.17.23.18_veh-38_03425_04047,4.0,11,0.00014599999999997948,True,True,True,True,True,True,True,True
5e933054619a5ced,2021.06.09.17.23.18_veh-38_03425_04047,0.5,4,1.0000000000287557e-06,True,True,True,True,True,True,True,True
5e933054619a5ced,2021.06.09.17.23.18_veh-38_03425_04047,1.0,5,0.000280000000000058,True,True,True,True,True,True,True,True
5e933054619a5ced,2021.06.09.17.23.18_veh-38_03425_04047,2.0,7,0.0009149999999999991,True,True,True,True,True,True,True,True
5e933054619a5ced,2021.06.09.17.23.18_veh-38_03425_04047,4.0,11,0.00014299999999956015,True,True,True,True,True,True,True,True
5e96eaf5ceca57a1,2021.06.09.18.23.43_veh-35_02086_02333,0.5,4,0.00016899999999997473,True,True,True,True,True,True,True,True
5e96eaf5ceca57a1,2021.06.09.18.23.43_veh-35_02086_02333,1.0,5,0.0003530000000000477,True,True,True,True,True,True,True,True
5e96eaf5ceca57a1,2021.06.09.18.23.43_veh-35_02086_02333,2.0,7,0.0003869999999999152,True,True,True,True,True,True,True,True
5e96eaf5ceca57a1,2021.06.09.18.23.43_veh-35_02086_02333,4.0,11,0.00025599999999981193,True,True,True,True,True,True,True,True
5eccfea6539d57f2,2021.09.14.18.43.41_veh-45_00965_01195,0.5,4,0.0003870000000000262,True,True,True,True,True,True,True,True
5eccfea6539d57f2,2021.09.14.18.43.41_veh-45_00965_01195,1.0,5,0.0007399999999999629,True,True,True,True,True,True,True,True
5eccfea6539d57f2,2021.09.14.18.43.41_veh-45_00965_01195,2.0,7,0.0008620000000001404,True,True,True,True,True,True,True,True
5eccfea6539d57f2,2021.09.14.18.43.41_veh-45_00965_01195,4.0,11,0.00017900000000015126,True,True,True,True,True,True,True,True
5ece0a0e6d8652ac,2021.06.14.16.48.02_veh-12_02412_02506,0.5,4,4.700000000001925e-05,True,True,True,True,True,True,True,True
5ece0a0e6d8652ac,2021.06.14.16.48.02_veh-12_02412_02506,1.0,5,0.00042999999999993044,True,True,True,True,True,True,True,True
5ece0a0e6d8652ac,2021.06.14.16.48.02_veh-12_02412_02506,2.0,7,0.0010959999999999859,True,True,True,True,True,True,True,True
5ece0a0e6d8652ac,2021.06.14.16.48.02_veh-12_02412_02506,4.0,11,0.0002579999999996474,True,True,True,True,True,True,True,True
5f2d06cad58b5cf9,2021.06.09.17.23.18_veh-38_03425_04047,0.5,4,0.00020699999999995722,True,True,True,True,True,True,True,True
5f2d06cad58b5cf9,2021.06.09.17.23.18_veh-38_03425_04047,1.0,5,0.00050400000000006,True,True,True,True,True,True,True,True
5f2d06cad58b5cf9,2021.06.09.17.23.18_veh-38_03425_04047,2.0,7,0.0007649999999999046,True,True,True,True,True,True,True,True
5f2d06cad58b5cf9,2021.06.09.17.23.18_veh-38_03425_04047,4.0,11,0.00018900000000021677,True,True,True,True,True,True,True,True
5fea319f9b1c59e6,2021.06.09.18.23.43_veh-35_02086_02333,0.5,4,0.00014599999999997948,True,True,True,True,True,True,True,True
5fea319f9b1c59e6,2021.06.09.18.23.43_veh-35_02086_02333,1.0,5,0.00021099999999996122,True,True,True,True,True,True,True,True
5fea319f9b1c59e6,2021.06.09.18.23.43_veh-35_02086_02333,2.0,7,0.000700000000000145,True,True,True,True,True,True,True,True
5fea319f9b1c59e6,2021.06.09.18.23.43_veh-35_02086_02333,4.0,11,0.0008390000000000342,True,True,True,True,True,True,True,True
6001a908de9c518a,2021.10.01.13.28.54_veh-28_01767_01883,0.5,4,9.900000000001574e-05,True,True,True,True,True,True,True,True
6001a908de9c518a,2021.10.01.13.28.54_veh-28_01767_01883,1.0,5,0.00019400000000002748,True,True,True,True,True,True,True,True
6001a908de9c518a,2021.10.01.13.28.54_veh-28_01767_01883,2.0,7,0.00019799999999992046,True,True,True,True,True,True,True,True
6001a908de9c518a,2021.10.01.13.28.54_veh-28_01767_01883,4.0,11,0.0003449999999998177,True,True,True,True,True,True,True,True
6049b02be43a5a23,2021.09.14.18.43.41_veh-45_00965_01195,0.5,4,0.0002889999999999837,True,True,True,True,True,True,True,True
6049b02be43a5a23,2021.09.14.18.43.41_veh-45_00965_01195,1.0,5,0.0004370000000000207,True,True,True,True,True,True,True,True
6049b02be43a5a23,2021.09.14.18.43.41_veh-45_00965_01195,2.0,7,0.0004150000000000542,True,True,True,True,True,True,True,True
6049b02be43a5a23,2021.09.14.18.43.41_veh-45_00965_01195,4.0,11,0.0001389999999998892,True,True,True,True,True,True,True,True
60523e8c9c5c57b1,2021.09.14.18.43.41_veh-45_00965_01195,0.5,4,0.0006859999999999644,True,True,True,True,True,True,True,True
60523e8c9c5c57b1,2021.09.14.18.43.41_veh-45_00965_01195,1.0,5,0.0013330000000000286,True,True,True,True,True,True,True,True
60523e8c9c5c57b1,2021.09.14.18.43.41_veh-45_00965_01195,2.0,7,0.0009909999999999641,True,True,True,True,True,True,True,True
60523e8c9c5c57b1,2021.09.14.18.43.41_veh-45_00965_01195,4.0,11,0.000332000000000221,True,True,True,True,True,True,True,True
60706e0630b25c82,2021.10.01.13.28.54_veh-28_01767_01883,0.5,4,0.00014700000000000824,True,True,True,True,True,True,True,True
60706e0630b25c82,2021.10.01.13.28.54_veh-28_01767_01883,1.0,5,0.0,True,True,True,True,True,True,True,True
60706e0630b25c82,2021.10.01.13.28.54_veh-28_01767_01883,2.0,7,1.0999999999983245e-05,True,True,True,True,True,True,True,True
60706e0630b25c82,2021.10.01.13.28.54_veh-28_01767_01883,4.0,11,5.999999999950489e-06,True,True,True,True,True,True,True,True
61186f13f384525c,2021.06.09.18.23.43_veh-35_02086_02333,0.5,4,0.00019199999999996997,True,True,True,True,True,True,True,True
61186f13f384525c,2021.06.09.18.23.43_veh-35_02086_02333,1.0,5,0.00029999999999996696,True,True,True,True,True,True,True,True
61186f13f384525c,2021.06.09.18.23.43_veh-35_02086_02333,2.0,7,0.0005350000000001742,True,True,True,True,True,True,True,True
61186f13f384525c,2021.06.09.18.23.43_veh-35_02086_02333,4.0,11,0.0005350000000001742,True,True,True,True,True,True,True,True
61a0edb63fac5177,2021.10.01.13.28.54_veh-28_01767_01883,0.5,4,0.00017699999999998273,True,True,True,True,True,True,True,True
61a0edb63fac5177,2021.10.01.13.28.54_veh-28_01767_01883,1.0,5,0.0003809999999999647,True,True,True,True,True,True,True,True
61a0edb63fac5177,2021.10.01.13.28.54_veh-28_01767_01883,2.0,7,2.9000000000056758e-05,True,True,True,True,True,True,True,True
61a0edb63fac5177,2021.10.01.13.28.54_veh-28_01767_01883,4.0,11,3.499999999956316e-05,True,True,True,True,True,True,True,True
63001b527e555723,2021.09.14.18.43.41_veh-45_00965_01195,0.5,4,0.00024099999999999122,True,True,True,True,True,True,True,True
63001b527e555723,2021.09.14.18.43.41_veh-45_00965_01195,1.0,5,0.0005199999999999649,True,True,True,True,True,True,True,True
63001b527e555723,2021.09.14.18.43.41_veh-45_00965_01195,2.0,7,6.899999999987472e-05,True,True,True,True,True,True,True,True
63001b527e555723,2021.09.14.18.43.41_veh-45_00965_01195,4.0,11,0.0001239999999995689,True,True,True,True,True,True,True,True
63403e5c9f045683,2021.09.14.18.43.41_veh-45_00965_01195,0.5,4,0.00018699999999999273,True,True,True,True,True,True,True,True
63403e5c9f045683,2021.09.14.18.43.41_veh-45_00965_01195,1.0,5,4.000000000004e-06,True,True,True,True,True,True,True,True
63403e5c9f045683,2021.09.14.18.43.41_veh-45_00965_01195,2.0,7,0.0005269999999999442,True,True,True,True,True,True,True,True
63403e5c9f045683,2021.09.14.18.43.41_veh-45_00965_01195,4.0,11,0.00012200000000017752,True,True,True,True,True,True,True,True
634bf61a74a155e3,2021.10.11.05.34.05_veh-50_01718_02261,0.5,4,6.60000000000105e-05,True,True,True,True,True,True,True,True
634bf61a74a155e3,2021.10.11.05.34.05_veh-50_01718_02261,1.0,5,0.0003930000000000877,True,True,True,True,True,True,True,True
634bf61a74a155e3,2021.10.11.05.34.05_veh-50_01718_02261,2.0,7,0.0012650000000000716,True,True,True,True,True,True,True,True
634bf61a74a155e3,2021.10.11.05.34.05_veh-50_01718_02261,4.0,11,0.0002959999999996299,True,True,True,True,True,True,True,True
659a86253f555420,2021.09.14.18.43.41_veh-45_00965_01195,0.5,4,6.899999999998574e-05,True,True,True,True,True,True,True,True
659a86253f555420,2021.09.14.18.43.41_veh-45_00965_01195,1.0,5,0.0003189999999999582,True,True,True,True,True,True,True,True
659a86253f555420,2021.09.14.18.43.41_veh-45_00965_01195,2.0,7,0.0007999999999999119,True,True,True,True,True,True,True,True
659a86253f555420,2021.09.14.18.43.41_veh-45_00965_01195,4.0,11,0.0003959999999998409,True,True,True,True,True,True,True,True
662a7f68c6f0562b,2021.10.11.05.34.05_veh-50_01718_02261,0.5,4,0.00018700000000004824,True,True,True,True,True,True,True,True
662a7f68c6f0562b,2021.10.11.05.34.05_veh-50_01718_02261,1.0,5,0.0003709999999998992,True,True,True,True,True,True,True,True
662a7f68c6f0562b,2021.10.11.05.34.05_veh-50_01718_02261,2.0,7,0.00015700000000018477,True,True,True,True,True,True,True,True
662a7f68c6f0562b,2021.10.11.05.34.05_veh-50_01718_02261,4.0,11,0.00010799999999999699,True,True,True,True,True,True,True,True
664f70145a5d52f7,2021.09.14.18.43.41_veh-45_00965_01195,0.5,4,0.0003790000000000182,True,True,True,True,True,True,True,True
664f70145a5d52f7,2021.09.14.18.43.41_veh-45_00965_01195,1.0,5,0.0006470000000000642,True,True,True,True,True,True,True,True
664f70145a5d52f7,2021.09.14.18.43.41_veh-45_00965_01195,2.0,7,0.0007280000000000619,True,True,True,True,True,True,True,True
664f70145a5d52f7,2021.09.14.18.43.41_veh-45_00965_01195,4.0,11,0.0001929999999998877,True,True,True,True,True,True,True,True
666aa98878475353,2021.06.14.16.48.02_veh-12_02412_02506,0.5,4,2.2999999999995246e-05,True,True,True,True,True,True,True,True
666aa98878475353,2021.06.14.16.48.02_veh-12_02412_02506,1.0,5,6.60000000000105e-05,True,True,True,True,True,True,True,True
666aa98878475353,2021.06.14.16.48.02_veh-12_02412_02506,2.0,7,0.00022999999999995246,True,True,True,True,True,True,True,True
666aa98878475353,2021.06.14.16.48.02_veh-12_02412_02506,4.0,11,0.0005990000000002382,True,True,True,True,True,True,True,True
66a199ff3cc3598d,2021.09.14.18.43.41_veh-45_00965_01195,0.5,4,7.699999999999374e-05,True,True,True,True,True,True,True,True
66a199ff3cc3598d,2021.09.14.18.43.41_veh-45_00965_01195,1.0,5,0.00045600000000001195,True,True,True,True,True,True,True,True
66a199ff3cc3598d,2021.09.14.18.43.41_veh-45_00965_01195,2.0,7,0.0009719999999999729,True,True,True,True,True,True,True,True
66a199ff3cc3598d,2021.09.14.18.43.41_veh-45_00965_01195,4.0,11,0.0001989999999998382,True,True,True,True,True,True,True,True
676b85e7733c5881,2021.06.09.17.23.18_veh-38_03425_04047,0.5,4,0.00018099999999998673,True,True,True,True,True,True,True,True
676b85e7733c5881,2021.06.09.17.23.18_veh-38_03425_04047,1.0,5,7.199999999996098e-05,True,True,True,True,True,True,True,True
676b85e7733c5881,2021.06.09.17.23.18_veh-38_03425_04047,2.0,7,0.0006170000000000897,True,True,True,True,True,True,True,True
676b85e7733c5881,2021.06.09.17.23.18_veh-38_03425_04047,4.0,11,0.0002990000000000492,True,True,True,True,True,True,True,True
678fff0875975490,2021.09.14.18.43.41_veh-45_00965_01195,0.5,4,0.0004009999999999847,True,True,True,True,True,True,True,True
678fff0875975490,2021.09.14.18.43.41_veh-45_00965_01195,1.0,5,0.00031800000000004047,True,True,True,True,True,True,True,True
678fff0875975490,2021.09.14.18.43.41_veh-45_00965_01195,2.0,7,0.0005410000000001247,True,True,True,True,True,True,True,True
678fff0875975490,2021.09.14.18.43.41_veh-45_00965_01195,4.0,11,0.000664000000000442,True,True,True,True,True,True,True,True
67a5f056420f5e39,2021.09.14.18.43.41_veh-45_00965_01195,0.5,4,0.00042599999999998195,True,True,True,True,True,True,True,True
67a5f056420f5e39,2021.09.14.18.43.41_veh-45_00965_01195,1.0,5,0.00023200000000000998,True,True,True,True,True,True,True,True
67a5f056420f5e39,2021.09.14.18.43.41_veh-45_00965_01195,2.0,7,0.0005079999999999529,True,True,True,True,True,True,True,True
67a5f056420f5e39,2021.09.14.18.43.41_veh-45_00965_01195,4.0,11,2.4999999999941735e-05,True,True,True,True,True,True,True,True
6853b8c7445b5ccd,2021.10.11.05.34.05_veh-50_01718_02261,0.5,4,0.00010500000000002174,True,True,True,True,True,True,True,True
6853b8c7445b5ccd,2021.10.11.05.34.05_veh-50_01718_02261,1.0,5,0.0003109999999999502,True,True,True,True,True,True,True,True
6853b8c7445b5ccd,2021.10.11.05.34.05_veh-50_01718_02261,2.0,7,0.0007079999999999309,True,True,True,True,True,True,True,True
6853b8c7445b5ccd,2021.10.11.05.34.05_veh-50_01718_02261,4.0,11,0.00015199999999992997,True,True,True,True,True,True,True,True
6899c79732245ee0,2021.06.09.17.23.18_veh-38_03425_04047,0.5,4,0.00028400000000000647,True,True,True,True,True,True,True,True
6899c79732245ee0,2021.06.09.17.23.18_veh-38_03425_04047,1.0,5,0.0004910000000000192,True,True,True,True,True,True,True,True
6899c79732245ee0,2021.06.09.17.23.18_veh-38_03425_04047,2.0,7,0.0005630000000000912,True,True,True,True,True,True,True,True
6899c79732245ee0,2021.06.09.17.23.18_veh-38_03425_04047,4.0,11,0.0002890000000004278,True,True,True,True,True,True,True,True
6910763cb19e5c0d,2021.09.14.18.43.41_veh-45_00965_01195,0.5,4,0.00023799999999996047,True,True,True,True,True,True,True,True
6910763cb19e5c0d,2021.09.14.18.43.41_veh-45_00965_01195,1.0,5,7.099999999993223e-05,True,True,True,True,True,True,True,True
6910763cb19e5c0d,2021.09.14.18.43.41_veh-45_00965_01195,2.0,7,0.0004310000000000702,True,True,True,True,True,True,True,True
6910763cb19e5c0d,2021.09.14.18.43.41_veh-45_00965_01195,4.0,11,5.599999999983396e-05,True,True,True,True,True,True,True,True
69395c5bade05784,2021.09.14.18.43.41_veh-45_00965_01195,0.5,4,0.00025199999999997447,True,True,True,True,True,True,True,True
69395c5bade05784,2021.09.14.18.43.41_veh-45_00965_01195,1.0,5,0.0005439999999999889,True,True,True,True,True,True,True,True
69395c5bade05784,2021.09.14.18.43.41_veh-45_00965_01195,2.0,7,8.800000000008801e-05,True,True,True,True,True,True,True,True
69395c5bade05784,2021.09.14.18.43.41_veh-45_00965_01195,4.0,11,4.099999999995774e-05,True,True,True,True,True,True,True,True
6b0de122978c5d6c,2021.10.01.13.28.54_veh-28_01767_01883,0.5,4,0.00016699999999997273,True,True,True,True,True,True,True,True
6b0de122978c5d6c,2021.10.01.13.28.54_veh-28_01767_01883,1.0,5,7.199999999996098e-05,True,True,True,True,True,True,True,True
6b0de122978c5d6c,2021.10.01.13.28.54_veh-28_01767_01883,2.0,7,1.999999999990898e-05,True,True,True,True,True,True,True,True
6b0de122978c5d6c,2021.10.01.13.28.54_veh-28_01767_01883,4.0,11,2.3999999999801958e-05,True,True,True,True,True,True,True,True
6ba2b45ee96a5580,2021.09.14.18.43.41_veh-45_00965_01195,0.5,4,0.00034599999999995745,True,True,True,True,True,True,True,True
6ba2b45ee96a5580,2021.09.14.18.43.41_veh-45_00965_01195,1.0,5,0.0005999999999999339,True,True,True,True,True,True,True,True
6ba2b45ee96a5580,2021.09.14.18.43.41_veh-45_00965_01195,2.0,7,0.0006750000000002032,True,True,True,True,True,True,True,True
6ba2b45ee96a5580,2021.09.14.18.43.41_veh-45_00965_01195,4.0,11,7.700000000010476e-05,True,True,True,True,True,True,True,True
6bdd282a97db513f,2021.06.09.17.23.18_veh-38_03425_04047,0.5,4,9.199999999998099e-05,True,True,True,True,True,True,True,True
6bdd282a97db513f,2021.06.09.17.23.18_veh-38_03425_04047,1.0,5,0.00039800000000000946,True,True,True,True,True,True,True,True
6bdd282a97db513f,2021.06.09.17.23.18_veh-38_03425_04047,2.0,7,0.0008969999999999256,True,True,True,True,True,True,True,True
6bdd282a97db513f,2021.06.09.17.23.18_veh-38_03425_04047,4.0,11,4.099999999995774e-05,True,True,True,True,True,True,True,True
6c54f87740ec5581,2021.09.14.18.43.41_veh-45_00965_01195,0.5,4,0.000128000000000017,True,True,True,True,True,True,True,True
6c54f87740ec5581,2021.09.14.18.43.41_veh-45_00965_01195,1.0,5,1.399999999995849e-05,True,True,True,True,True,True,True,True
6c54f87740ec5581,2021.09.14.18.43.41_veh-45_00965_01195,2.0,7,0.0005109999999999282,True,True,True,True,True,True,True,True
6c54f87740ec5581,2021.09.14.18.43.41_veh-45_00965_01195,4.0,11,2.6000000000081513e-05,True,True,True,True,True,True,True,True
6cae0a0bbb125c20,2021.10.11.05.34.05_veh-50_01718_02261,0.5,4,0.0003189999999999582,True,True,True,True,True,True,True,True
6cae0a0bbb125c20,2021.10.11.05.34.05_veh-50_01718_02261,1.0,5,0.00023100000000009224,True,True,True,True,True,True,True,True
6cae0a0bbb125c20,2021.10.11.05.34.05_veh-50_01718_02261,2.0,7,0.0003409999999999247,True,True,True,True,True,True,True,True
6cae0a0bbb125c20,2021.10.11.05.34.05_veh-50_01718_02261,4.0,11,0.00020500000000023277,True,True,True,True,True,True,True,True
6d7bbcdf60ef58ed,2021.06.09.17.23.18_veh-38_03425_04047,0.5,4,0.00013299999999999423,True,True,True,True,True,True,True,True
6d7bbcdf60ef58ed,2021.06.09.17.23.18_veh-38_03425_04047,1.0,5,8.000000000008e-06,True,True,True,True,True,True,True,True
6d7bbcdf60ef58ed,2021.06.09.17.23.18_veh-38_03425_04047,2.0,7,0.0004620000000001845,True,True,True,True,True,True,True,True
6d7bbcdf60ef58ed,2021.06.09.17.23.18_veh-38_03425_04047,4.0,11,0.000284000000000173,True,True,True,True,True,True,True,True
6d896e0a5e535e23,2021.06.09.17.23.18_veh-38_03425_04047,0.5,4,0.00020100000000000673,True,True,True,True,True,True,True,True
6d896e0a5e535e23,2021.06.09.17.23.18_veh-38_03425_04047,1.0,5,0.0003610000000000557,True,True,True,True,True,True,True,True
6d896e0a5e535e23,2021.06.09.17.23.18_veh-38_03425_04047,2.0,7,1.0999999999983245e-05,True,True,True,True,True,True,True,True
6d896e0a5e535e23,2021.06.09.17.23.18_veh-38_03425_04047,4.0,11,9.000000000369823e-06,True,True,True,True,True,True,True,True
6ef6b888fe135981,2021.09.14.18.43.41_veh-45_00965_01195,0.5,4,0.0002909999999999857,True,True,True,True,True,True,True,True
6ef6b888fe135981,2021.09.14.18.43.41_veh-45_00965_01195,1.0,5,0.0005849999999999467,True,True,True,True,True,True,True,True
6ef6b888fe135981,2021.09.14.18.43.41_veh-45_00965_01195,2.0,7,2.4999999999941735e-05,True,True,True,True,True,True,True,True
6ef6b888fe135981,2021.09.14.18.43.41_veh-45_00965_01195,4.0,11,7.700000000010476e-05,True,True,True,True,True,True,True,True
6f856b3c3af95734,2021.06.14.16.48.02_veh-12_02412_02506,0.5,4,5.1999999999996493e-05,True,True,True,True,True,True,True,True
6f856b3c3af95734,2021.06.14.16.48.02_veh-12_02412_02506,1.0,5,4.999999999999449e-05,True,True,True,True,True,True,True,True
6f856b3c3af95734,2021.06.14.16.48.02_veh-12_02412_02506,2.0,7,7.400000000012952e-05,True,True,True,True,True,True,True,True
6f856b3c3af95734,2021.06.14.16.48.02_veh-12_02412_02506,4.0,11,7.199999999984996e-05,True,True,True,True,True,True,True,True
6fb62627db8c5f0c,2021.06.09.18.23.43_veh-35_02086_02333,0.5,4,9.899999999996023e-05,True,True,True,True,True,True,True,True
6fb62627db8c5f0c,2021.06.09.18.23.43_veh-35_02086_02333,1.0,5,0.0002260000000000595,True,True,True,True,True,True,True,True
6fb62627db8c5f0c,2021.06.09.18.23.43_veh-35_02086_02333,2.0,7,0.0006729999999999237,True,True,True,True,True,True,True,True
6fb62627db8c5f0c,2021.06.09.18.23.43_veh-35_02086_02333,4.0,11,0.0015139999999997933,True,True,True,True,True,True,True,True
71a33350d40e593f,2021.09.14.18.43.41_veh-45_00965_01195,0.5,4,0.00014799999999998148,True,True,True,True,True,True,True,True
71a33350d40e593f,2021.09.14.18.43.41_veh-45_00965_01195,1.0,5,0.00023300000000003873,True,True,True,True,True,True,True,True
71a33350d40e593f,2021.09.14.18.43.41_veh-45_00965_01195,2.0,7,9.099999999984121e-05,True,True,True,True,True,True,True,True
71a33350d40e593f,2021.09.14.18.43.41_veh-45_00965_01195,4.0,11,0.00013500000000021828,True,True,True,True,True,True,True,True
728d8cabf90c5de6,2021.09.14.18.43.41_veh-45_00965_01195,0.5,4,0.00031800000000004047,True,True,True,True,True,True,True,True
728d8cabf90c5de6,2021.09.14.18.43.41_veh-45_00965_01195,1.0,5,0.0004930000000000767,True,True,True,True,True,True,True,True
728d8cabf90c5de6,2021.09.14.18.43.41_veh-45_00965_01195,2.0,7,0.0004789999999998962,True,True,True,True,True,True,True,True
728d8cabf90c5de6,2021.09.14.18.43.41_veh-45_00965_01195,4.0,11,3.799999999998249e-05,True,True,True,True,True,True,True,True
72e5cf6ed52153a4,2021.06.09.18.23.43_veh-35_02086_02333,0.5,4,0.00010399999999999299,True,True,True,True,True,True,True,True
72e5cf6ed52153a4,2021.06.09.18.23.43_veh-35_02086_02333,1.0,5,0.000304000000000082,True,True,True,True,True,True,True,True
72e5cf6ed52153a4,2021.06.09.18.23.43_veh-35_02086_02333,2.0,7,0.0005749999999999922,True,True,True,True,True,True,True,True
72e5cf6ed52153a4,2021.06.09.18.23.43_veh-35_02086_02333,4.0,11,0.0009529999999999816,True,True,True,True,True,True,True,True
7311a0b27f235d4a,2021.06.09.17.23.18_veh-38_03425_04047,0.5,4,1.8000000000018e-05,True,True,True,True,True,True,True,True
7311a0b27f235d4a,2021.06.09.17.23.18_veh-38_03425_04047,1.0,5,0.0001420000000000865,True,True,True,True,True,True,True,True
7311a0b27f235d4a,2021.06.09.17.23.18_veh-38_03425_04047,2.0,7,0.000640000000000196,True,True,True,True,True,True,True,True
7311a0b27f235d4a,2021.06.09.17.23.18_veh-38_03425_04047,4.0,11,3.0000000000196536e-05,True,True,True,True,True,True,True,True
733ff86b5b2957c2,2021.06.09.18.23.43_veh-35_02086_02333,0.5,4,0.0002550000000000052,True,True,True,True,True,True,True,True
733ff86b5b2957c2,2021.06.09.18.23.43_veh-35_02086_02333,1.0,5,0.0002889999999999837,True,True,True,True,True,True,True,True
733ff86b5b2957c2,2021.06.09.18.23.43_veh-35_02086_02333,2.0,7,0.00038999999999989043,True,True,True,True,True,True,True,True
733ff86b5b2957c2,2021.06.09.18.23.43_veh-35_02086_02333,4.0,11,0.0002849999999998687,True,True,True,True,True,True,True,True
7348a29aba705404,2021.06.09.18.23.43_veh-35_02086_02333,0.5,4,0.0004449999999999732,True,True,True,True,True,True,True,True
7348a29aba705404,2021.06.09.18.23.43_veh-35_02086_02333,1.0,5,0.0007080000000000419,True,True,True,True,True,True,True,True
7348a29aba705404,2021.06.09.18.23.43_veh-35_02086_02333,2.0,7,0.0007800000000000029,True,True,True,True,True,True,True,True
7348a29aba705404,2021.06.09.18.23.43_veh-35_02086_02333,4.0,11,3.6000000000147026e-05,True,True,True,True,True,True,True,True
73493994df89540a,2021.06.09.17.23.18_veh-38_03425_04047,0.5,4,0.0002830000000000332,True,True,True,True,True,True,True,True
73493994df89540a,2021.06.09.17.23.18_veh-38_03425_04047,1.0,5,0.0005399999999999849,True,True,True,True,True,True,True,True
73493994df89540a,2021.06.09.17.23.18_veh-38_03425_04047,2.0,7,0.00013500000000021828,True,True,True,True,True,True,True,True
73493994df89540a,2021.06.09.17.23.18_veh-38_03425_04047,4.0,11,0.0,True,True,True,True,True,True,True,True
7421c60a2abe5f9e,2021.10.01.13.28.54_veh-28_01767_01883,0.5,4,0.000124000000000013,True,True,True,True,True,True,True,True
7421c60a2abe5f9e,2021.10.01.13.28.54_veh-28_01767_01883,1.0,5,0.000264000000000042,True,True,True,True,True,True,True,True
7421c60a2abe5f9e,2021.10.01.13.28.54_veh-28_01767_01883,2.0,7,8.300000000005525e-05,True,True,True,True,True,True,True,True
7421c60a2abe5f9e,2021.10.01.13.28.54_veh-28_01767_01883,4.0,11,3.900000000012227e-05,True,True,True,True,True,True,True,True
74aa8ba925475270,2021.09.14.18.43.41_veh-45_00965_01195,0.5,4,0.000264000000000042,True,True,True,True,True,True,True,True
74aa8ba925475270,2021.09.14.18.43.41_veh-45_00965_01195,1.0,5,0.0005319999999999769,True,True,True,True,True,True,True,True
74aa8ba925475270,2021.09.14.18.43.41_veh-45_00965_01195,2.0,7,0.0001020000000000465,True,True,True,True,True,True,True,True
74aa8ba925475270,2021.09.14.18.43.41_veh-45_00965_01195,4.0,11,1.4000000000180535e-05,True,True,True,True,True,True,True,True
74bcb0c7c64b5960,2021.10.11.05.34.05_veh-50_01718_02261,0.5,4,0.00020799999999998597,True,True,True,True,True,True,True,True
74bcb0c7c64b5960,2021.10.11.05.34.05_veh-50_01718_02261,1.0,5,0.00020100000000000673,True,True,True,True,True,True,True,True
74bcb0c7c64b5960,2021.10.11.05.34.05_veh-50_01718_02261,2.0,7,0.0005379999999999274,True,True,True,True,True,True,True,True
74bcb0c7c64b5960,2021.10.11.05.34.05_veh-50_01718_02261,4.0,11,0.0005530000000000257,True,True,True,True,True,True,True,True
74bfe312f4485b22,2021.06.09.18.23.43_veh-35_02086_02333,0.5,4,0.0004950000000000232,True,True,True,True,True,True,True,True
74bfe312f4485b22,2021.06.09.18.23.43_veh-35_02086_02333,1.0,5,0.0009529999999999816,True,True,True,True,True,True,True,True
74bfe312f4485b22,2021.06.09.18.23.43_veh-35_02086_02333,2.0,7,0.0013600000000000279,True,True,True,True,True,True,True,True
74bfe312f4485b22,2021.06.09.18.23.43_veh-35_02086_02333,4.0,11,0.0007209999999999717,True,True,True,True,True,True,True,True
74f3574134645a2d,2021.10.11.05.34.05_veh-50_01718_02261,0.5,4,8.799999999997699e-05,True,True,True,True,True,True,True,True
74f3574134645a2d,2021.10.11.05.34.05_veh-50_01718_02261,1.0,5,0.0003570000000000517,True,True,True,True,True,True,True,True
74f3574134645a2d,2021.10.11.05.34.05_veh-50_01718_02261,2.0,7,0.0008459999999999024,True,True,True,True,True,True,True,True
74f3574134645a2d,2021.10.11.05.34.05_veh-50_01718_02261,4.0,11,0.00010599999999971743,True,True,True,True,True,True,True,True
75108cca90f65be4,2021.09.14.18.43.41_veh-45_00965_01195,0.5,4,0.0004589999999999872,True,True,True,True,True,True,True,True
75108cca90f65be4,2021.09.14.18.43.41_veh-45_00965_01195,1.0,5,0.00042200000000003346,True,True,True,True,True,True,True,True
75108cca90f65be4,2021.09.14.18.43.41_veh-45_00965_01195,2.0,7,0.0008189999999999031,True,True,True,True,True,True,True,True
75108cca90f65be4,2021.09.14.18.43.41_veh-45_00965_01195,4.0,11,0.0008039999999995828,True,True,True,True,True,True,True,True
75810017ce7c5729,2021.09.14.18.43.41_veh-45_00965_01195,0.5,4,0.00024599999999996847,True,True,True,True,True,True,True,True
75810017ce7c5729,2021.09.14.18.43.41_veh-45_00965_01195,1.0,5,0.0004409999999999137,True,True,True,True,True,True,True,True
75810017ce7c5729,2021.09.14.18.43.41_veh-45_00965_01195,2.0,7,2.0000000000131024e-05,True,True,True,True,True,True,True,True
75810017ce7c5729,2021.09.14.18.43.41_veh-45_00965_01195,4.0,11,8.900000000000574e-05,True,True,True,True,True,True,True,True
75e1a2de195c5139,2021.06.09.17.23.18_veh-38_03425_04047,0.5,4,0.000160000000000049,True,True,True,True,True,True,True,True
75e1a2de195c5139,2021.06.09.17.23.18_veh-38_03425_04047,1.0,5,9.299999999989872e-05,True,True,True,True,True,True,True,True
75e1a2de195c5139,2021.06.09.17.23.18_veh-38_03425_04047,2.0,7,0.00039799999999989844,True,True,True,True,True,True,True,True
75e1a2de195c5139,2021.06.09.17.23.18_veh-38_03425_04047,4.0,11,2.1000000000270802e-05,True,True,True,True,True,True,True,True
7614a008fc5d5f54,2021.10.01.13.28.54_veh-28_01767_01883,0.5,4,1.399999999995849e-05,True,True,True,True,True,True,True,True
7614a008fc5d5f54,2021.10.01.13.28.54_veh-28_01767_01883,1.0,5,5.699999999997374e-05,True,True,True,True,True,True,True,True
7614a008fc5d5f54,2021.10.01.13.28.54_veh-28_01767_01883,2.0,7,7.199999999984996e-05,True,True,True,True,True,True,True,True
7614a008fc5d5f54,2021.10.01.13.28.54_veh-28_01767_01883,4.0,11,5.200000000016303e-05,True,True,True,True,True,True,True,True
76715095dcba50b0,2021.09.14.18.43.41_veh-45_00965_01195,0.5,4,7.899999999999574e-05,True,True,True,True,True,True,True,True
76715095dcba50b0,2021.09.14.18.43.41_veh-45_00965_01195,1.0,5,9.99999999995449e-06,True,True,True,True,True,True,True,True
76715095dcba50b0,2021.09.14.18.43.41_veh-45_00965_01195,2.0,7,0.00045999999999990493,True,True,True,True,True,True,True,True
76715095dcba50b0,2021.09.14.18.43.41_veh-45_00965_01195,4.0,11,8.100000000021979e-05,True,True,True,True,True,True,True,True
76a1fc66c8765640,2021.06.09.18.23.43_veh-35_02086_02333,0.5,4,0.00037399999999998546,True,True,True,True,True,True,True,True
76a1fc66c8765640,2021.06.09.18.23.43_veh-35_02086_02333,1.0,5,0.0004070000000000462,True,True,True,True,True,True,True,True
76a1fc66c8765640,2021.06.09.18.23.43_veh-35_02086_02333,2.0,7,1.8000000000073513e-05,True,True,True,True,True,True,True,True
76a1fc66c8765640,2021.06.09.18.23.43_veh-35_02086_02333,4.0,11,0.0006830000000004333,True,True,True,True,True,True,True,True
76ee867a127e5ab9,2021.09.14.18.43.41_veh-45_00965_01195,0.5,4,0.000276000000000054,True,True,True,True,True,True,True,True
76ee867a127e5ab9,2021.09.14.18.43.41_veh-45_00965_01195,1.0,5,0.0005139999999999034,True,True,True,True,True,True,True,True
76ee867a127e5ab9,2021.09.14.18.43.41_veh-45_00965_01195,2.0,7,7.00000000000145e-05,True,True,True,True,True,True,True,True
76ee867a127e5ab9,2021.09.14.18.43.41_veh-45_00965_01195,4.0,11,8.000000000230045e-06,True,True,True,True,True,True,True,True
77fe126f85755c2a,2021.10.11.05.34.05_veh-50_01718_02261,0.5,4,0.00012299999999998423,True,True,True,True,True,True,True,True
77fe126f85755c2a,2021.10.11.05.34.05_veh-50_01718_02261,1.0,5,0.0003370000000000317,True,True,True,True,True,True,True,True
77fe126f85755c2a,2021.10.11.05.34.05_veh-50_01718_02261,2.0,7,0.0008279999999998289,True,True,True,True,True,True,True,True
77fe126f85755c2a,2021.10.11.05.34.05_veh-50_01718_02261,4.0,11,7.000000000090267e-06,True,True,True,True,True,True,True,True
7847339000cc5cbb,2021.09.14.18.43.41_veh-45_00965_01195,0.5,4,3.199999999997649e-05,True,True,True,True,True,True,True,True
7847339000cc5cbb,2021.09.14.18.43.41_veh-45_00965_01195,1.0,5,0.0002849999999999797,True,True,True,True,True,True,True,True
7847339000cc5cbb,2021.09.14.18.43.41_veh-45_00965_01195,2.0,7,0.00030100000000010674,True,True,True,True,True,True,True,True
7847339000cc5cbb,2021.09.14.18.43.41_veh-45_00965_01195,4.0,11,0.00031400000000036954,True,True,True,True,True,True,True,True
792e27ed6e5b5e24,2021.10.11.05.34.05_veh-50_01718_02261,0.5,4,0.00038400000000005097,True,True,True,True,True,True,True,True
792e27ed6e5b5e24,2021.10.11.05.34.05_veh-50_01718_02261,1.0,5,0.0006720000000000059,True,True,True,True,True,True,True,True
792e27ed6e5b5e24,2021.10.11.05.34.05_veh-50_01718_02261,2.0,7,0.00018900000000021677,True,True,True,True,True,True,True,True
792e27ed6e5b5e24,2021.10.11.05.34.05_veh-50_01718_02261,4.0,11,7.900000000038432e-05,True,True,True,True,True,True,True,True
7961f3601132526e,2021.09.14.18.43.41_veh-45_00965_01195,0.5,4,0.0003409999999999802,True,True,True,True,True,True,True,True
7961f3601132526e,2021.09.14.18.43.41_veh-45_00965_01195,1.0,5,0.0006239999999999579,True,True,True,True,True,True,True,True
7961f3601132526e,2021.09.14.18.43.41_veh-45_00965_01195,2.0,7,0.00028700000000014825,True,True,True,True,True,True,True,True
7961f3601132526e,2021.09.14.18.43.41_veh-45_00965_01195,4.0,11,0.00048099999999973164,True,True,True,True,True,True,True,True
797f5e1252b058c8,2021.06.09.18.23.43_veh-35_02086_02333,0.5,4,0.00017699999999998273,True,True,True,True,True,True,True,True
797f5e1252b058c8,2021.06.09.18.23.43_veh-35_02086_02333,1.0,5,0.00047599999999992093,True,True,True,True,True,True,True,True
797f5e1252b058c8,2021.06.09.18.23.43_veh-35_02086_02333,2.0,7,0.00010799999999999699,True,True,True,True,True,True,True,True
797f5e1252b058c8,2021.06.09.18.23.43_veh-35_02086_02333,4.0,11,0.001126999999999878,True,True,True,True,True,True,True,True
7a0d27ce93f25679,2021.06.09.18.23.43_veh-35_02086_02333,0.5,4,0.0004770000000000052,True,True,True,True,True,True,True,True
7a0d27ce93f25679,2021.06.09.18.23.43_veh-35_02086_02333,1.0,5,0.0006380000000000274,True,True,True,True,True,True,True,True
7a0d27ce93f25679,2021.06.09.18.23.43_veh-35_02086_02333,2.0,7,0.00028999999999990145,True,True,True,True,True,True,True,True
7a0d27ce93f25679,2021.06.09.18.23.43_veh-35_02086_02333,4.0,11,0.00040999999999957737,True,True,True,True,True,True,True,True
7a114b6a9bf95759,2021.06.09.18.23.43_veh-35_02086_02333,0.5,4,0.00017299999999997873,True,True,True,True,True,True,True,True
7a114b6a9bf95759,2021.06.09.18.23.43_veh-35_02086_02333,1.0,5,9.300000000000974e-05,True,True,True,True,True,True,True,True
7a114b6a9bf95759,2021.06.09.18.23.43_veh-35_02086_02333,2.0,7,0.00035199999999990794,True,True,True,True,True,True,True,True
7a114b6a9bf95759,2021.06.09.18.23.43_veh-35_02086_02333,4.0,11,0.0010830000000003892,True,True,True,True,True,True,True,True
7a8fa8cd83ee5664,2021.10.11.05.34.05_veh-50_01718_02261,0.5,4,9.40000000000385e-05,True,True,True,True,True,True,True,True
7a8fa8cd83ee5664,2021.10.11.05.34.05_veh-50_01718_02261,1.0,5,0.00029300000000009874,True,True,True,True,True,True,True,True
7a8fa8cd83ee5664,2021.10.11.05.34.05_veh-50_01718_02261,2.0,7,0.0008599999999998609,True,True,True,True,True,True,True,True
7a8fa8cd83ee5664,2021.10.11.05.34.05_veh-50_01718_02261,4.0,11,0.0002319999999995659,True,True,True,True,True,True,True,True
7acd6eb1e5ab5b86,2021.06.09.18.23.43_veh-35_02086_02333,0.5,4,0.00019000000000002348,True,True,True,True,True,True,True,True
7acd6eb1e5ab5b86,2021.06.09.18.23.43_veh-35_02086_02333,1.0,5,0.0003249999999999087,True,True,True,True,True,True,True,True
7acd6eb1e5ab5b86,2021.06.09.18.23.43_veh-35_02086_02333,2.0,7,0.000528000000000084,True,True,True,True,True,True,True,True
7acd6eb1e5ab5b86,2021.06.09.18.23.43_veh-35_02086_02333,4.0,11,0.00010599999999971743,True,True,True,True,True,True,True,True
7c93a457b8ec5b34,2021.06.09.17.23.18_veh-38_03425_04047,0.5,4,0.00024299999999999322,True,True,True,True,True,True,True,True
7c93a457b8ec5b34,2021.06.09.17.23.18_veh-38_03425_04047,1.0,5,0.00010500000000002174,True,True,True,True,True,True,True,True
7c93a457b8ec5b34,2021.06.09.17.23.18_veh-38_03425_04047,2.0,7,0.0005239999999999689,True,True,True,True,True,True,True,True
7c93a457b8ec5b34,2021.06.09.17.23.18_veh-38_03425_04047,4.0,11,0.0001490000000003988,True,True,True,True,True,True,True,True
7d2361cbbd935871,2021.06.09.18.23.43_veh-35_02086_02333,0.5,4,0.00014399999999997748,True,True,True,True,True,True,True,True
7d2361cbbd935871,2021.06.09.18.23.43_veh-35_02086_02333,1.0,5,0.000140000000000029,True,True,True,True,True,True,True,True
7d2361cbbd935871,2021.06.09.18.23.43_veh-35_02086_02333,2.0,7,5.699999999997374e-05,True,True,True,True,True,True,True,True
7d2361cbbd935871,2021.06.09.18.23.43_veh-35_02086_02333,4.0,11,0.0006459999999997024,True,True,True,True,True,True,True,True
7d383b57d2465ebb,2021.10.11.05.34.05_veh-50_01718_02261,0.5,4,0.00012500000000004174,True,True,True,True,True,True,True,True
7d383b57d2465ebb,2021.10.11.05.34.05_veh-50_01718_02261,1.0,5,0.0002089999999999037,True,True,True,True,True,True,True,True
7d383b57d2465ebb,2021.10.11.05.34.05_veh-50_01718_02261,2.0,7,7.999999999785956e-06,True,True,True,True,True,True,True,True
7d383b57d2465ebb,2021.10.11.05.34.05_veh-50_01718_02261,4.0,11,0.0001829999999998222,True,True,True,True,True,True,True,True
7d5294e5ee28597a,2021.06.09.17.23.18_veh-38_03425_04047,0.5,4,7.00000000000145e-05,True,True,True,True,True,True,True,True
7d5294e5ee28597a,2021.06.09.17.23.18_veh-38_03425_04047,1.0,5,0.00042800000000009497,True,True,True,True,True,True,True,True
7d5294e5ee28597a,2021.06.09.17.23.18_veh-38_03425_04047,2.0,7,0.0009000000000001229,True,True,True,True,True,True,True,True
7d5294e5ee28597a,2021.06.09.17.23.18_veh-38_03425_04047,4.0,11,1.0000000000065512e-05,True,True,True,True,True,True,True,True
7e27117eafe35efb,2021.06.09.17.23.18_veh-38_03425_04047,0.5,4,0.0002829999999999777,True,True,True,True,True,True,True,True
7e27117eafe35efb,2021.06.09.17.23.18_veh-38_03425_04047,1.0,5,0.0005110000000000392,True,True,True,True,True,True,True,True
7e27117eafe35efb,2021.06.09.17.23.18_veh-38_03425_04047,2.0,7,0.0006159999999999499,True,True,True,True,True,True,True,True
7e27117eafe35efb,2021.06.09.17.23.18_veh-38_03425_04047,4.0,11,0.00017800000000001148,True,True,True,True,True,True,True,True
7f1f2fcc39db53cc,2021.06.09.17.23.18_veh-38_03425_04047,0.5,4,0.00022500000000003073,True,True,True,True,True,True,True,True
7f1f2fcc39db53cc,2021.06.09.17.23.18_veh-38_03425_04047,1.0,5,0.0004509999999999792,True,True,True,True,True,True,True,True
7f1f2fcc39db53cc,2021.06.09.17.23.18_veh-38_03425_04047,2.0,7,4.8000000000048004e-05,True,True,True,True,True,True,True,True
7f1f2fcc39db53cc,2021.06.09.17.23.18_veh-38_03425_04047,4.0,11,4.899999999974369e-05,True,True,True,True,True,True,True,True
80bb843236195a45,2021.10.01.13.28.54_veh-28_01767_01883,0.5,4,0.00022400000000000198,True,True,True,True,True,True,True,True
80bb843236195a45,2021.10.01.13.28.54_veh-28_01767_01883,1.0,5,0.0003710000000000102,True,True,True,True,True,True,True,True
80bb843236195a45,2021.10.01.13.28.54_veh-28_01767_01883,2.0,7,4.399999999993298e-05,True,True,True,True,True,True,True,True
80bb843236195a45,2021.10.01.13.28.54_veh-28_01767_01883,4.0,11,4.999999999810711e-06,True,True,True,True,True,True,True,True
8111bebf2fd65565,2021.10.11.05.34.05_veh-50_01718_02261,0.5,4,0.0003950000000000342,True,True,True,True,True,True,True,True
8111bebf2fd65565,2021.10.11.05.34.05_veh-50_01718_02261,1.0,5,0.0007390000000000452,True,True,True,True,True,True,True,True
8111bebf2fd65565,2021.10.11.05.34.05_veh-50_01718_02261,2.0,7,0.00044900000000014373,True,True,True,True,True,True,True,True
8111bebf2fd65565,2021.10.11.05.34.05_veh-50_01718_02261,4.0,11,8.900000000000574e-05,True,True,True,True,True,True,True,True
81360bfb62205a5b,2021.06.09.17.23.18_veh-38_03425_04047,0.5,4,0.00022699999999997722,True,True,True,True,True,True,True,True
81360bfb62205a5b,2021.06.09.17.23.18_veh-38_03425_04047,1.0,5,0.0004349999999999632,True,True,True,True,True,True,True,True
81360bfb62205a5b,2021.06.09.17.23.18_veh-38_03425_04047,2.0,7,0.00013499999999999623,True,True,True,True,True,True,True,True
81360bfb62205a5b,2021.06.09.17.23.18_veh-38_03425_04047,4.0,11,7.00000000000145e-05,True,True,True,True,True,True,True,True
824c667524bd54be,2021.09.14.18.43.41_veh-45_00965_01195,0.5,4,0.0005410000000000137,True,True,True,True,True,True,True,True
824c667524bd54be,2021.09.14.18.43.41_veh-45_00965_01195,1.0,5,0.0003910000000000302,True,True,True,True,True,True,True,True
824c667524bd54be,2021.09.14.18.43.41_veh-45_00965_01195,2.0,7,0.00041000000000002146,True,True,True,True,True,True,True,True
824c667524bd54be,2021.09.14.18.43.41_veh-45_00965_01195,4.0,11,0.0007329999999998726,True,True,True,True,True,True,True,True
832d48e374e55a5f,2021.10.11.05.34.05_veh-50_01718_02261,0.5,4,0.000136000000000025,True,True,True,True,True,True,True,True
832d48e374e55a5f,2021.10.11.05.34.05_veh-50_01718_02261,1.0,5,0.00032300000000007323,True,True,True,True,True,True,True,True
832d48e374e55a5f,2021.10.11.05.34.05_veh-50_01718_02261,2.0,7,0.0004290000000000127,True,True,True,True,True,True,True,True
832d48e374e55a5f,2021.10.11.05.34.05_veh-50_01718_02261,4.0,11,8.300000000005525e-05,True,True,True,True,True,True,True,True
83504b200d7d553e,2021.06.14.16.48.02_veh-12_02412_02506,0.5,4,9.199999999998099e-05,True,True,True,True,True,True,True,True
83504b200d7d553e,2021.06.14.16.48.02_veh-12_02412_02506,1.0,5,0.0004980000000001095,True,True,True,True,True,True,True,True
83504b200d7d553e,2021.06.14.16.48.02_veh-12_02412_02506,2.0,7,0.0007959999999997969,True,True,True,True,True,True,True,True
83504b200d7d553e,2021.06.14.16.48.02_veh-12_02412_02506,4.0,11,0.00011099999999997223,True,True,True,True,True,True,True,True
83959b87ed8e5cf4,2021.09.14.18.43.41_veh-45_00965_01195,0.5,4,0.00020799999999998597,True,True,True,True,True,True,True,True
83959b87ed8e5cf4,2021.09.14.18.43.41_veh-45_00965_01195,1.0,5,0.0005260000000000264,True,True,True,True,True,True,True,True
83959b87ed8e5cf4,2021.09.14.18.43.41_veh-45_00965_01195,2.0,7,0.0008289999999999687,True,True,True,True,True,True,True,True
83959b87ed8e5cf4,2021.09.14.18.43.41_veh-45_00965_01195,4.0,11,8.000000000230045e-06,True,True,True,True,True,True,True,True
851c9b1c3afe5cc8,2021.10.11.05.34.05_veh-50_01718_02261,0.5,4,0.00022400000000000198,True,True,True,True,True,True,True,True
851c9b1c3afe5cc8,2021.10.11.05.34.05_veh-50_01718_02261,1.0,5,0.000492000000000048,True,True,True,True,True,True,True,True
851c9b1c3afe5cc8,2021.10.11.05.34.05_veh-50_01718_02261,2.0,7,0.0005880000000000329,True,True,True,True,True,True,True,True
851c9b1c3afe5cc8,2021.10.11.05.34.05_veh-50_01718_02261,4.0,11,0.0001879999999996329,True,True,True,True,True,True,True,True
8672e3382a465261,2021.10.11.05.34.05_veh-50_01718_02261,0.5,4,0.00022800000000000598,True,True,True,True,True,True,True,True
8672e3382a465261,2021.10.11.05.34.05_veh-50_01718_02261,1.0,5,0.0006230000000000402,True,True,True,True,True,True,True,True
8672e3382a465261,2021.10.11.05.34.05_veh-50_01718_02261,2.0,7,0.0008849999999998026,True,True,True,True,True,True,True,True
8672e3382a465261,2021.10.11.05.34.05_veh-50_01718_02261,4.0,11,0.0003700000000002035,True,True,True,True,True,True,True,True
867a6ffa7b8556c9,2021.10.01.13.28.54_veh-28_01767_01883,0.5,4,2.6999999999999247e-05,True,True,True,True,True,True,True,True
867a6ffa7b8556c9,2021.10.01.13.28.54_veh-28_01767_01883,1.0,5,0.00019400000000002748,True,True,True,True,True,True,True,True
867a6ffa7b8556c9,2021.10.01.13.28.54_veh-28_01767_01883,2.0,7,3.6999999999842714e-05,True,True,True,True,True,True,True,True
867a6ffa7b8556c9,2021.10.01.13.28.54_veh-28_01767_01883,4.0,11,1.1999999999900979e-05,True,True,True,True,True,True,True,True
868641d8cbb35e7f,2021.10.11.05.34.05_veh-50_01718_02261,0.5,4,0.00020599999999998397,True,True,True,True,True,True,True,True
868641d8cbb35e7f,2021.10.11.05.34.05_veh-50_01718_02261,1.0,5,0.00041999999999997595,True,True,True,True,True,True,True,True
868641d8cbb35e7f,2021.10.11.05.34.05_veh-50_01718_02261,2.0,7,0.0005090000000000927,True,True,True,True,True,True,True,True
868641d8cbb35e7f,2021.10.11.05.34.05_veh-50_01718_02261,4.0,11,0.00011700000000036681,True,True,True,True,True,True,True,True
86bf9ad9b6ba5d6a,2021.06.09.18.23.43_veh-35_02086_02333,0.5,4,0.00017699999999998273,True,True,True,True,True,True,True,True
86bf9ad9b6ba5d6a,2021.06.09.18.23.43_veh-35_02086_02333,1.0,5,0.0006720000000000059,True,True,True,True,True,True,True,True
86bf9ad9b6ba5d6a,2021.06.09.18.23.43_veh-35_02086_02333,2.0,7,0.0015039999999999498,True,True,True,True,True,True,True,True
86bf9ad9b6ba5d6a,2021.06.09.18.23.43_veh-35_02086_02333,4.0,11,0.0009779999999999234,True,True,True,True,True,True,True,True
86d1ad43aabf5584,2021.06.09.17.23.18_veh-38_03425_04047,0.5,4,0.00024200000000001998,True,True,True,True,True,True,True,True
86d1ad43aabf5584,2021.06.09.17.23.18_veh-38_03425_04047,1.0,5,0.00017199999999994997,True,True,True,True,True,True,True,True
86d1ad43aabf5584,2021.06.09.17.23.18_veh-38_03425_04047,2.0,7,0.00044399999999988893,True,True,True,True,True,True,True,True
86d1ad43aabf5584,2021.06.09.17.23.18_veh-38_03425_04047,4.0,11,5.999999999950489e-06,True,True,True,True,True,True,True,True
86fa5c1e10d3528b,2021.06.09.18.23.43_veh-35_02086_02333,0.5,4,5.900000000003125e-05,True,True,True,True,True,True,True,True
86fa5c1e10d3528b,2021.06.09.18.23.43_veh-35_02086_02333,1.0,5,0.0003580000000000805,True,True,True,True,True,True,True,True
86fa5c1e10d3528b,2021.06.09.18.23.43_veh-35_02086_02333,2.0,7,0.0007199999999998319,True,True,True,True,True,True,True,True
86fa5c1e10d3528b,2021.06.09.18.23.43_veh-35_02086_02333,4.0,11,0.0006769999999995946,True,True,True,True,True,True,True,True
871c9c049ca559a2,2021.10.11.05.34.05_veh-50_01718_02261,0.5,4,0.00021700000000002273,True,True,True,True,True,True,True,True
871c9c049ca559a2,2021.10.11.05.34.05_veh-50_01718_02261,1.0,5,0.00015799999999999148,True,True,True,True,True,True,True,True
871c9c049ca559a2,2021.10.11.05.34.05_veh-50_01718_02261,2.0,7,0.00034599999999995745,True,True,True,True,True,True,True,True
871c9c049ca559a2,2021.10.11.05.34.05_veh-50_01718_02261,4.0,11,0.00013600000000035806,True,True,True,True,True,True,True,True
87614427be85525b,2021.10.11.05.34.05_veh-50_01718_02261,0.5,4,0.00022699999999997722,True,True,True,True,True,True,True,True
87614427be85525b,2021.10.11.05.34.05_veh-50_01718_02261,1.0,5,0.00014899999999995472,True,True,True,True,True,True,True,True
87614427be85525b,2021.10.11.05.34.05_veh-50_01718_02261,2.0,7,0.00021000000000004349,True,True,True,True,True,True,True,True
87614427be85525b,2021.10.11.05.34.05_veh-50_01718_02261,4.0,11,0.00022300000000008424,True,True,True,True,True,True,True,True
87ce28ca979b5a9f,2021.10.11.05.34.05_veh-50_01718_02261,0.5,4,0.0002929999999999877,True,True,True,True,True,True,True,True
87ce28ca979b5a9f,2021.10.11.05.34.05_veh-50_01718_02261,1.0,5,0.0007009999999999517,True,True,True,True,True,True,True,True
87ce28ca979b5a9f,2021.10.11.05.34.05_veh-50_01718_02261,2.0,7,0.0006120000000000569,True,True,True,True,True,True,True,True
87ce28ca979b5a9f,2021.10.11.05.34.05_veh-50_01718_02261,4.0,11,0.0005589999999999762,True,True,True,True,True,True,True,True
891f2ba66dcb5a33,2021.10.11.05.34.05_veh-50_01718_02261,0.5,4,0.00028799999999995496,True,True,True,True,True,True,True,True
891f2ba66dcb5a33,2021.10.11.05.34.05_veh-50_01718_02261,1.0,5,0.000164000000000053,True,True,True,True,True,True,True,True
891f2ba66dcb5a33,2021.10.11.05.34.05_veh-50_01718_02261,2.0,7,0.0003530000000000477,True,True,True,True,True,True,True,True
891f2ba66dcb5a33,2021.10.11.05.34.05_veh-50_01718_02261,4.0,11,9.000000000014552e-05,True,True,True,True,True,True,True,True
8b2165b89f1d51c7,2021.06.09.17.23.18_veh-38_03425_04047,0.5,4,0.0003349999999999742,True,True,True,True,True,True,True,True
8b2165b89f1d51c7,2021.06.09.17.23.18_veh-38_03425_04047,1.0,5,0.0005029999999999202,True,True,True,True,True,True,True,True
8b2165b89f1d51c7,2021.06.09.17.23.18_veh-38_03425_04047,2.0,7,0.000440000000000218,True,True,True,True,True,True,True,True
8b2165b89f1d51c7,2021.06.09.17.23.18_veh-38_03425_04047,4.0,11,0.0001660000000001105,True,True,True,True,True,True,True,True
8b6932233cba5181,2021.06.09.17.23.18_veh-38_03425_04047,0.5,4,8.799999999997699e-05,True,True,True,True,True,True,True,True
8b6932233cba5181,2021.06.09.17.23.18_veh-38_03425_04047,1.0,5,0.00033600000000000296,True,True,True,True,True,True,True,True
8b6932233cba5181,2021.06.09.17.23.18_veh-38_03425_04047,2.0,7,0.0008729999999999016,True,True,True,True,True,True,True,True
8b6932233cba5181,2021.06.09.17.23.18_veh-38_03425_04047,4.0,11,8.699999999972619e-05,True,True,True,True,True,True,True,True
8b814c20c5045137,2021.09.14.18.43.41_veh-45_00965_01195,0.5,4,0.00014199999999997548,True,True,True,True,True,True,True,True
8b814c20c5045137,2021.09.14.18.43.41_veh-45_00965_01195,1.0,5,0.0004939999999999944,True,True,True,True,True,True,True,True
8b814c20c5045137,2021.09.14.18.43.41_veh-45_00965_01195,2.0,7,0.0009959999999999969,True,True,True,True,True,True,True,True
8b814c20c5045137,2021.09.14.18.43.41_veh-45_00965_01195,4.0,11,0.000236000000000125,True,True,True,True,True,True,True,True
8b9e00aa0087525a,2021.06.14.16.48.02_veh-12_02412_02506,0.5,4,0.00011200000000000099,True,True,True,True,True,True,True,True
8b9e00aa0087525a,2021.06.14.16.48.02_veh-12_02412_02506,1.0,5,0.000144000000000033,True,True,True,True,True,True,True,True
8b9e00aa0087525a,2021.06.14.16.48.02_veh-12_02412_02506,2.0,7,5.100000000002325e-05,True,True,True,True,True,True,True,True
8b9e00aa0087525a,2021.06.14.16.48.02_veh-12_02412_02506,4.0,11,0.0003690000000000637,True,True,True,True,True,True,True,True
8bf42f340d7454d7,2021.10.11.05.34.05_veh-50_01718_02261,0.5,4,0.0004110000000000502,True,True,True,True,True,True,True,True
8bf42f340d7454d7,2021.10.11.05.34.05_veh-50_01718_02261,1.0,5,0.0003109999999999502,True,True,True,True,True,True,True,True
8bf42f340d7454d7,2021.10.11.05.34.05_veh-50_01718_02261,2.0,7,0.0002649999999999597,True,True,True,True,True,True,True,True
8bf42f340d7454d7,2021.10.11.05.34.05_veh-50_01718_02261,4.0,11,0.00022799999999989495,True,True,True,True,True,True,True,True
8d2ea099ef3c5cc4,2021.06.14.16.48.02_veh-12_02412_02506,0.5,4,3.799999999998249e-05,True,True,True,True,True,True,True,True
8d2ea099ef3c5cc4,2021.06.14.16.48.02_veh-12_02412_02506,1.0,5,9.599999999998499e-05,True,True,True,True,True,True,True,True
8d2ea099ef3c5cc4,2021.06.14.16.48.02_veh-12_02412_02506,2.0,7,0.00038599999999999746,True,True,True,True,True,True,True,True
8d2ea099ef3c5cc4,2021.06.14.16.48.02_veh-12_02412_02506,4.0,11,0.0007109999999999062,True,True,True,True,True,True,True,True
8d420cdf5f2b57fb,2021.10.11.05.34.05_veh-50_01718_02261,0.5,4,0.00021399999999999197,True,True,True,True,True,True,True,True
8d420cdf5f2b57fb,2021.10.11.05.34.05_veh-50_01718_02261,1.0,5,0.0003969999999999807,True,True,True,True,True,True,True,True
8d420cdf5f2b57fb,2021.10.11.05.34.05_veh-50_01718_02261,2.0,7,0.00010400000000010401,True,True,True,True,True,True,True,True
8d420cdf5f2b57fb,2021.10.11.05.34.05_veh-50_01718_02261,4.0,11,0.00014399999999969992,True,True,True,True,True,True,True,True
8d7ecd3bc420532c,2021.06.09.17.23.18_veh-38_03425_04047,0.5,4,0.00019299999999999873,True,True,True,True,True,True,True,True
8d7ecd3bc420532c,2021.06.09.17.23.18_veh-38_03425_04047,1.0,5,0.00021099999999996122,True,True,True,True,True,True,True,True
8d7ecd3bc420532c,2021.06.09.17.23.18_veh-38_03425_04047,2.0,7,0.0004279999999998729,True,True,True,True,True,True,True,True
8d7ecd3bc420532c,2021.06.09.17.23.18_veh-38_03425_04047,4.0,11,0.0002670000000000172,True,True,True,True,True,True,True,True
8dff20d442855db7,2021.06.09.18.23.43_veh-35_02086_02333,0.5,4,4.000000000004e-06,True,True,True,True,True,True,True,True
8dff20d442855db7,2021.06.09.18.23.43_veh-35_02086_02333,1.0,5,9.700000000001374e-05,True,True,True,True,True,True,True,True
8dff20d442855db7,2021.06.09.18.23.43_veh-35_02086_02333,2.0,7,0.0004010000000000957,True,True,True,True,True,True,True,True
8dff20d442855db7,2021.06.09.18.23.43_veh-35_02086_02333,4.0,11,0.0009569999999996526,True,True,True,True,True,True,True,True
8e064e9c0eeb5a2d,2021.06.09.18.23.43_veh-35_02086_02333,0.5,4,0.00018899999999999473,True,True,True,True,True,True,True,True
8e064e9c0eeb5a2d,2021.06.09.18.23.43_veh-35_02086_02333,1.0,5,0.00014499999999995072,True,True,True,True,True,True,True,True
8e064e9c0eeb5a2d,2021.06.09.18.23.43_veh-35_02086_02333,2.0,7,0.00022799999999989495,True,True,True,True,True,True,True,True
8e064e9c0eeb5a2d,2021.06.09.18.23.43_veh-35_02086_02333,4.0,11,0.0004129999999999967,True,True,True,True,True,True,True,True
8fc159b5dc0a5b60,2021.10.11.05.34.05_veh-50_01718_02261,0.5,4,0.00029400000000001647,True,True,True,True,True,True,True,True
8fc159b5dc0a5b60,2021.10.11.05.34.05_veh-50_01718_02261,1.0,5,0.0005209999999999937,True,True,True,True,True,True,True,True
8fc159b5dc0a5b60,2021.10.11.05.34.05_veh-50_01718_02261,2.0,7,0.00023200000000000998,True,True,True,True,True,True,True,True
8fc159b5dc0a5b60,2021.10.11.05.34.05_veh-50_01718_02261,4.0,11,5.3999999999998494e-05,True,True,True,True,True,True,True,True
90177e3f57fe540f,2021.06.09.18.23.43_veh-35_02086_02333,0.5,4,0.0003889999999999727,True,True,True,True,True,True,True,True
90177e3f57fe540f,2021.06.09.18.23.43_veh-35_02086_02333,1.0,5,0.0007679999999999909,True,True,True,True,True,True,True,True
90177e3f57fe540f,2021.06.09.18.23.43_veh-35_02086_02333,2.0,7,0.0010879999999999779,True,True,True,True,True,True,True,True
90177e3f57fe540f,2021.06.09.18.23.43_veh-35_02086_02333,4.0,11,0.0005039999999998379,True,True,True,True,True,True,True,True
90a13e4a6ad65423,2021.06.14.16.48.02_veh-12_02412_02506,0.5,4,1.999999999946489e-06,True,True,True,True,True,True,True,True
90a13e4a6ad65423,2021.06.14.16.48.02_veh-12_02412_02506,1.0,5,4.599999999999049e-05,True,True,True,True,True,True,True,True
90a13e4a6ad65423,2021.06.14.16.48.02_veh-12_02412_02506,2.0,7,0.00011099999999997223,True,True,True,True,True,True,True,True
90a13e4a6ad65423,2021.06.14.16.48.02_veh-12_02412_02506,4.0,11,0.00011900000000020228,True,True,True,True,True,True,True,True
90bfdfc5853b5e5c,2021.06.09.18.23.43_veh-35_02086_02333,0.5,4,9.899999999996023e-05,True,True,True,True,True,True,True,True
90bfdfc5853b5e5c,2021.06.09.18.23.43_veh-35_02086_02333,1.0,5,0.00034800000000001496,True,True,True,True,True,True,True,True
90bfdfc5853b5e5c,2021.06.09.18.23.43_veh-35_02086_02333,2.0,7,0.0005589999999999762,True,True,True,True,True,True,True,True
90bfdfc5853b5e5c,2021.06.09.18.23.43_veh-35_02086_02333,4.0,11,0.0012689999999997426,True,True,True,True,True,True,True,True
91b301f1d8105146,2021.10.11.05.34.05_veh-50_01718_02261,0.5,4,0.00018399999999996197,True,True,True,True,True,True,True,True
91b301f1d8105146,2021.10.11.05.34.05_veh-50_01718_02261,1.0,5,0.00010599999999993948,True,True,True,True,True,True,True,True
91b301f1d8105146,2021.10.11.05.34.05_veh-50_01718_02261,2.0,7,0.0002409999999999357,True,True,True,True,True,True,True,True
91b301f1d8105146,2021.10.11.05.34.05_veh-50_01718_02261,4.0,11,0.0003820000000001045,True,True,True,True,True,True,True,True
91bf7a03443c58f1,2021.06.09.18.23.43_veh-35_02086_02333,0.5,4,0.0002990000000000492,True,True,True,True,True,True,True,True
91bf7a03443c58f1,2021.06.09.18.23.43_veh-35_02086_02333,1.0,5,0.0006150000000000322,True,True,True,True,True,True,True,True
91bf7a03443c58f1,2021.06.09.18.23.43_veh-35_02086_02333,2.0,7,0.0007389999999998231,True,True,True,True,True,True,True,True
91bf7a03443c58f1,2021.06.09.18.23.43_veh-35_02086_02333,4.0,11,6.600000000034356e-05,True,True,True,True,True,True,True,True
92d7886d38a95916,2021.09.14.18.43.41_veh-45_00965_01195,0.5,4,0.00024400000000002198,True,True,True,True,True,True,True,True
92d7886d38a95916,2021.09.14.18.43.41_veh-45_00965_01195,1.0,5,0.0004210000000000047,True,True,True,True,True,True,True,True
92d7886d38a95916,2021.09.14.18.43.41_veh-45_00965_01195,2.0,7,2.300000000010627e-05,True,True,True,True,True,True,True,True
92d7886d38a95916,2021.09.14.18.43.41_veh-45_00965_01195,4.0,11,0.00021100000000018326,True,True,True,True,True,True,True,True
93247bc8e60f54e5,2021.06.09.18.23.43_veh-35_02086_02333,0.5,4,0.00012999999999996348,True,True,True,True,True,True,True,True
93247bc8e60f54e5,2021.06.09.18.23.43_veh-35_02086_02333,1.0,5,0.0003740000000000965,True,True,True,True,True,True,True,True
93247bc8e60f54e5,2021.06.09.18.23.43_veh-35_02086_02333,2.0,7,0.0007310000000000372,True,True,True,True,True,True,True,True
93247bc8e60f54e5,2021.06.09.18.23.43_veh-35_02086_02333,4.0,11,0.000982999999999734,True,True,True,True,True,True,True,True
938e31bfeff150ec,2021.09.14.18.43.41_veh-45_00965_01195,0.5,4,0.00016199999999999548,True,True,True,True,True,True,True,True
938e31bfeff150ec,2021.09.14.18.43.41_veh-45_00965_01195,1.0,5,0.0004210000000000047,True,True,True,True,True,True,True,True
938e31bfeff150ec,2021.09.14.18.43.41_veh-45_00965_01195,2.0,7,0.0009410000000000807,True,True,True,True,True,True,True,True
938e31bfeff150ec,2021.09.14.18.43.41_veh-45_00965_01195,4.0,11,0.00015300000000006975,True,True,True,True,True,True,True,True
93b6318f8d155bf9,2021.10.11.05.34.05_veh-50_01718_02261,0.5,4,0.00020100000000000673,True,True,True,True,True,True,True,True
93b6318f8d155bf9,2021.10.11.05.34.05_veh-50_01718_02261,1.0,5,0.0004330000000000167,True,True,True,True,True,True,True,True
93b6318f8d155bf9,2021.10.11.05.34.05_veh-50_01718_02261,2.0,7,7.80000000000225e-05,True,True,True,True,True,True,True,True
93b6318f8d155bf9,2021.10.11.05.34.05_veh-50_01718_02261,4.0,11,0.00011100000000041632,True,True,True,True,True,True,True,True
93cd706ebf6e53ed,2021.10.01.13.28.54_veh-28_01767_01883,0.5,4,0.00014700000000000824,True,True,True,True,True,True,True,True
93cd706ebf6e53ed,2021.10.01.13.28.54_veh-28_01767_01883,1.0,5,0.0003269999999999662,True,True,True,True,True,True,True,True
93cd706ebf6e53ed,2021.10.01.13.28.54_veh-28_01767_01883,2.0,7,1.5000000000098268e-05,True,True,True,True,True,True,True,True
93cd706ebf6e53ed,2021.10.01.13.28.54_veh-28_01767_01883,4.0,11,1.4000000000180535e-05,True,True,True,True,True,True,True,True
9471984057d55733,2021.10.11.05.34.05_veh-50_01718_02261,0.5,4,0.00010100000000001774,True,True,True,True,True,True,True,True
9471984057d55733,2021.10.11.05.34.05_veh-50_01718_02261,1.0,5,4.499999999996174e-05,True,True,True,True,True,True,True,True
9471984057d55733,2021.10.11.05.34.05_veh-50_01718_02261,2.0,7,0.0002169999999999117,True,True,True,True,True,True,True,True
9471984057d55733,2021.10.11.05.34.05_veh-50_01718_02261,4.0,11,0.00011199999999966792,True,True,True,True,True,True,True,True
9500a3fc31b654a0,2021.10.11.05.34.05_veh-50_01718_02261,0.5,4,0.00034400000000001096,True,True,True,True,True,True,True,True
9500a3fc31b654a0,2021.10.11.05.34.05_veh-50_01718_02261,1.0,5,0.00026199999999998447,True,True,True,True,True,True,True,True
9500a3fc31b654a0,2021.10.11.05.34.05_veh-50_01718_02261,2.0,7,0.00015399999999998748,True,True,True,True,True,True,True,True
9500a3fc31b654a0,2021.10.11.05.34.05_veh-50_01718_02261,4.0,11,0.0006990000000000052,True,True,True,True,True,True,True,True
95c4840b51555155,2021.10.01.13.28.54_veh-28_01767_01883,0.5,4,0.00018899999999999473,True,True,True,True,True,True,True,True
95c4840b51555155,2021.10.01.13.28.54_veh-28_01767_01883,1.0,5,6.499999999998174e-05,True,True,True,True,True,True,True,True
95c4840b51555155,2021.10.01.13.28.54_veh-28_01767_01883,2.0,7,7.400000000012952e-05,True,True,True,True,True,True,True,True
95c4840b51555155,2021.10.01.13.28.54_veh-28_01767_01883,4.0,11,4.7999999999603915e-05,True,True,True,True,True,True,True,True
9609ef4d6401578a,2021.10.01.13.28.54_veh-28_01767_01883,0.5,4,2.0000000000020002e-05,True,True,True,True,True,True,True,True
9609ef4d6401578a,2021.10.01.13.28.54_veh-28_01767_01883,1.0,5,0.00015999999999993797,True,True,True,True,True,True,True,True
9609ef4d6401578a,2021.10.01.13.28.54_veh-28_01767_01883,2.0,7,0.0001609999999998557,True,True,True,True,True,True,True,True
9609ef4d6401578a,2021.10.01.13.28.54_veh-28_01767_01883,4.0,11,0.00011999999999989797,True,True,True,True,True,True,True,True
96394c1242245d68,2021.10.01.13.28.54_veh-28_01767_01883,0.5,4,0.00015100000000001224,True,True,True,True,True,True,True,True
96394c1242245d68,2021.10.01.13.28.54_veh-28_01767_01883,1.0,5,2.6000000000081513e-05,True,True,True,True,True,True,True,True
96394c1242245d68,2021.10.01.13.28.54_veh-28_01767_01883,2.0,7,4.999999999810711e-06,True,True,True,True,True,True,True,True
96394c1242245d68,2021.10.01.13.28.54_veh-28_01767_01883,4.0,11,2.0999999999826713e-05,True,True,True,True,True,True,True,True
976931c58dee5fe2,2021.10.11.05.34.05_veh-50_01718_02261,0.5,4,5.300000000002525e-05,True,True,True,True,True,True,True,True
976931c58dee5fe2,2021.10.11.05.34.05_veh-50_01718_02261,1.0,5,0.00034599999999995745,True,True,True,True,True,True,True,True
976931c58dee5fe2,2021.10.11.05.34.05_veh-50_01718_02261,2.0,7,0.0008879999999999999,True,True,True,True,True,True,True,True
976931c58dee5fe2,2021.10.11.05.34.05_veh-50_01718_02261,4.0,11,0.0004659999999998554,True,True,True,True,True,True,True,True
9770eb9ae112594d,2021.10.11.05.34.05_veh-50_01718_02261,0.5,4,0.00023200000000000998,True,True,True,True,True,True,True,True
9770eb9ae112594d,2021.10.11.05.34.05_veh-50_01718_02261,1.0,5,0.00014300000000000423,True,True,True,True,True,True,True,True
9770eb9ae112594d,2021.10.11.05.34.05_veh-50_01718_02261,2.0,7,0.0005069999999998132,True,True,True,True,True,True,True,True
9770eb9ae112594d,2021.10.11.05.34.05_veh-50_01718_02261,4.0,11,0.00015400000000020952,True,True,True,True,True,True,True,True
983ae5e1fd35567d,2021.06.09.18.23.43_veh-35_02086_02333,0.5,4,0.0004250000000000087,True,True,True,True,True,True,True,True
983ae5e1fd35567d,2021.06.09.18.23.43_veh-35_02086_02333,1.0,5,0.0008629999999999471,True,True,True,True,True,True,True,True
983ae5e1fd35567d,2021.06.09.18.23.43_veh-35_02086_02333,2.0,7,0.0015009999999999746,True,True,True,True,True,True,True,True
983ae5e1fd35567d,2021.06.09.18.23.43_veh-35_02086_02333,4.0,11,0.0009420000000002204,True,True,True,True,True,True,True,True
987fb6ca1c495fc7,2021.06.09.18.23.43_veh-35_02086_02333,0.5,4,0.00021899999999996922,True,True,True,True,True,True,True,True
987fb6ca1c495fc7,2021.06.09.18.23.43_veh-35_02086_02333,1.0,5,0.00038800000000005497,True,True,True,True,True,True,True,True
987fb6ca1c495fc7,2021.06.09.18.23.43_veh-35_02086_02333,2.0,7,0.00028500000000009074,True,True,True,True,True,True,True,True
987fb6ca1c495fc7,2021.06.09.18.23.43_veh-35_02086_02333,4.0,11,0.0010650000000000936,True,True,True,True,True,True,True,True
98bbf1d2f30c54a4,2021.09.14.18.43.41_veh-45_00965_01195,0.5,4,0.0002609999999999557,True,True,True,True,True,True,True,True
98bbf1d2f30c54a4,2021.09.14.18.43.41_veh-45_00965_01195,1.0,5,0.00017399999999989646,True,True,True,True,True,True,True,True
98bbf1d2f30c54a4,2021.09.14.18.43.41_veh-45_00965_01195,2.0,7,0.0005409999999999027,True,True,True,True,True,True,True,True
98bbf1d2f30c54a4,2021.09.14.18.43.41_veh-45_00965_01195,4.0,11,0.00020100000000011775,True,True,True,True,True,True,True,True
98fa19c8b6d25b14,2021.09.14.18.43.41_veh-45_00965_01195,0.5,4,0.0005389999999999562,True,True,True,True,True,True,True,True
98fa19c8b6d25b14,2021.09.14.18.43.41_veh-45_00965_01195,1.0,5,0.0011529999999999596,True,True,True,True,True,True,True,True
98fa19c8b6d25b14,2021.09.14.18.43.41_veh-45_00965_01195,2.0,7,0.0015439999999999898,True,True,True,True,True,True,True,True
98fa19c8b6d25b14,2021.09.14.18.43.41_veh-45_00965_01195,4.0,11,0.0002670000000000172,True,True,True,True,True,True,True,True
9a474db019035b96,2021.06.09.17.23.18_veh-38_03425_04047,0.5,4,6.699999999998374e-05,True,True,True,True,True,True,True,True
9a474db019035b96,2021.06.09.17.23.18_veh-38_03425_04047,1.0,5,0.00037200000000003897,True,True,True,True,True,True,True,True
9a474db019035b96,2021.06.09.17.23.18_veh-38_03425_04047,2.0,7,0.0007749999999999702,True,True,True,True,True,True,True,True
9a474db019035b96,2021.06.09.17.23.18_veh-38_03425_04047,4.0,11,2.9999999999752447e-05,True,True,True,True,True,True,True,True
9ac23c9356f651a0,2021.09.14.18.43.41_veh-45_00965_01195,0.5,4,0.00022499999999997522,True,True,True,True,True,True,True,True
9ac23c9356f651a0,2021.09.14.18.43.41_veh-45_00965_01195,1.0,5,0.0003969999999999807,True,True,True,True,True,True,True,True
9ac23c9356f651a0,2021.09.14.18.43.41_veh-45_00965_01195,2.0,7,0.00015900000000002024,True,True,True,True,True,True,True,True
9ac23c9356f651a0,2021.09.14.18.43.41_veh-45_00965_01195,4.0,11,0.00023999999999979593,True,True,True,True,True,True,True,True
9b87b9c9ec205ea9,2021.06.09.18.23.43_veh-35_02086_02333,0.5,4,0.00016700000000002824,True,True,True,True,True,True,True,True
9b87b9c9ec205ea9,2021.06.09.18.23.43_veh-35_02086_02333,1.0,5,0.0003409999999999247,True,True,True,True,True,True,True,True
9b87b9c9ec205ea9,2021.06.09.18.23.43_veh-35_02086_02333,2.0,7,0.00018099999999998673,True,True,True,True,True,True,True,True
9b87b9c9ec205ea9,2021.06.09.18.23.43_veh-35_02086_02333,4.0,11,0.0002900000000001235,True,True,True,True,True,True,True,True
9cabc8a8262f5492,2021.10.11.05.34.05_veh-50_01718_02261,0.5,4,8.20000000000265e-05,True,True,True,True,True,True,True,True
9cabc8a8262f5492,2021.10.11.05.34.05_veh-50_01718_02261,1.0,5,0.00029000000000001247,True,True,True,True,True,True,True,True
9cabc8a8262f5492,2021.10.11.05.34.05_veh-50_01718_02261,2.0,7,0.0004910000000000192,True,True,True,True,True,True,True,True
9cabc8a8262f5492,2021.10.11.05.34.05_veh-50_01718_02261,4.0,11,0.001148000000000149,True,True,True,True,True,True,True,True
9d116d9322ab5bda,2021.10.01.13.28.54_veh-28_01767_01883,0.5,4,9.499999999995623e-05,True,True,True,True,True,True,True,True
9d116d9322ab5bda,2021.10.01.13.28.54_veh-28_01767_01883,1.0,5,0.00023100000000009224,True,True,True,True,True,True,True,True
9d116d9322ab5bda,2021.10.01.13.28.54_veh-28_01767_01883,2.0,7,3.300000000017178e-05,True,True,True,True,True,True,True,True
9d116d9322ab5bda,2021.10.01.13.28.54_veh-28_01767_01883,4.0,11,7.900000000038432e-05,True,True,True,True,True,True,True,True
9dc0094c68af5429,2021.10.11.05.34.05_veh-50_01718_02261,0.5,4,2.6000000000026002e-05,True,True,True,True,True,True,True,True
9dc0094c68af5429,2021.10.11.05.34.05_veh-50_01718_02261,1.0,5,4.4000000000044004e-05,True,True,True,True,True,True,True,True
9dc0094c68af5429,2021.10.11.05.34.05_veh-50_01718_02261,2.0,7,4.900000000018778e-05,True,True,True,True,True,True,True,True
9dc0094c68af5429,2021.10.11.05.34.05_veh-50_01718_02261,4.0,11,0.00016000000000016001,True,True,True,True,True,True,True,True
9fdc68f923ea514b,2021.09.14.18.43.41_veh-45_00965_01195,0.5,4,0.0002809999999999757,True,True,True,True,True,True,True,True
9fdc68f923ea514b,2021.09.14.18.43.41_veh-45_00965_01195,1.0,5,0.0005269999999999442,True,True,True,True,True,True,True,True
9fdc68f923ea514b,2021.09.14.18.43.41_veh-45_00965_01195,2.0,7,0.000560000000000116,True,True,True,True,True,True,True,True
9fdc68f923ea514b,2021.09.14.18.43.41_veh-45_00965_01195,4.0,11,2.700000000022129e-05,True,True,True,True,True,True,True,True
a0a39ad571695f96,2021.10.01.13.28.54_veh-28_01767_01883,0.5,4,8.299999999999974e-05,True,True,True,True,True,True,True,True
a0a39ad571695f96,2021.10.01.13.28.54_veh-28_01767_01883,1.0,5,0.00011999999999989797,True,True,True,True,True,True,True,True
a0a39ad571695f96,2021.10.01.13.28.54_veh-28_01767_01883,2.0,7,6.599999999989947e-05,True,True,True,True,True,True,True,True
a0a39ad571695f96,2021.10.01.13.28.54_veh-28_01767_01883,4.0,11,0.00010499999999957765,True,True,True,True,True,True,True,True
a215fb05ac195f2d,2021.06.09.17.23.18_veh-38_03425_04047,0.5,4,0.00029000000000001247,True,True,True,True,True,True,True,True
a215fb05ac195f2d,2021.06.09.17.23.18_veh-38_03425_04047,1.0,5,0.0004910000000000192,True,True,True,True,True,True,True,True
a215fb05ac195f2d,2021.06.09.17.23.18_veh-38_03425_04047,2.0,7,0.0005839999999999179,True,True,True,True,True,True,True,True
a215fb05ac195f2d,2021.06.09.17.23.18_veh-38_03425_04047,4.0,11,1.3000000000040757e-05,True,True,True,True,True,True,True,True
a2ea0b115640522a,2021.06.09.17.23.18_veh-38_03425_04047,0.5,4,0.000248000000000026,True,True,True,True,True,True,True,True
a2ea0b115640522a,2021.06.09.17.23.18_veh-38_03425_04047,1.0,5,0.00017399999999989646,True,True,True,True,True,True,True,True
a2ea0b115640522a,2021.06.09.17.23.18_veh-38_03425_04047,2.0,7,0.0003169999999999007,True,True,True,True,True,True,True,True
a2ea0b115640522a,2021.06.09.17.23.18_veh-38_03425_04047,4.0,11,0.000300000000000189,True,True,True,True,True,True,True,True
a3584c10f70257d4,2021.09.14.18.43.41_veh-45_00965_01195,0.5,4,0.0003889999999999727,True,True,True,True,True,True,True,True
a3584c10f70257d4,2021.09.14.18.43.41_veh-45_00965_01195,1.0,5,0.0006530000000000147,True,True,True,True,True,True,True,True
a3584c10f70257d4,2021.09.14.18.43.41_veh-45_00965_01195,2.0,7,0.0007990000000002162,True,True,True,True,True,True,True,True
a3584c10f70257d4,2021.09.14.18.43.41_veh-45_00965_01195,4.0,11,2.3999999999801958e-05,True,True,True,True,True,True,True,True
a43569ff6da35a73,2021.06.14.16.48.02_veh-12_02412_02506,0.5,4,6.299999999997974e-05,True,True,True,True,True,True,True,True
a43569ff6da35a73,2021.06.14.16.48.02_veh-12_02412_02506,1.0,5,0.0003589999999999982,True,True,True,True,True,True,True,True
a43569ff6da35a73,2021.06.14.16.48.02_veh-12_02412_02506,2.0,7,0.0007569999999998966,True,True,True,True,True,True,True,True
a43569ff6da35a73,2021.06.14.16.48.02_veh-12_02412_02506,4.0,11,0.0006460000000001465,True,True,True,True,True,True,True,True
a51206a4a7795d81,2021.09.14.18.43.41_veh-45_00965_01195,0.5,4,0.0002530000000000032,True,True,True,True,True,True,True,True
a51206a4a7795d81,2021.09.14.18.43.41_veh-45_00965_01195,1.0,5,0.00012100000000003774,True,True,True,True,True,True,True,True
a51206a4a7795d81,2021.09.14.18.43.41_veh-45_00965_01195,2.0,7,0.00041100000000016124,True,True,True,True,True,True,True,True
a51206a4a7795d81,2021.09.14.18.43.41_veh-45_00965_01195,4.0,11,2.9000000000056758e-05,True,True,True,True,True,True,True,True
a59b1b9696e552c8,2021.10.01.13.28.54_veh-28_01767_01883,0.5,4,4.199999999998649e-05,True,True,True,True,True,True,True,True
a59b1b9696e552c8,2021.10.01.13.28.54_veh-28_01767_01883,1.0,5,1.5000000000098268e-05,True,True,True,True,True,True,True,True
a59b1b9696e552c8,2021.10.01.13.28.54_veh-28_01767_01883,2.0,7,5.699999999997374e-05,True,True,True,True,True,True,True,True
a59b1b9696e552c8,2021.10.01.13.28.54_veh-28_01767_01883,4.0,11,0.0001609999999998557,True,True,True,True,True,True,True,True
a6d32f07d14a5bf5,2021.09.14.18.43.41_veh-45_00965_01195,0.5,4,0.000268000000000046,True,True,True,True,True,True,True,True
a6d32f07d14a5bf5,2021.09.14.18.43.41_veh-45_00965_01195,1.0,5,0.00014599999999997948,True,True,True,True,True,True,True,True
a6d32f07d14a5bf5,2021.09.14.18.43.41_veh-45_00965_01195,2.0,7,0.00041399999999991444,True,True,True,True,True,True,True,True
a6d32f07d14a5bf5,2021.09.14.18.43.41_veh-45_00965_01195,4.0,11,1.7999999999851468e-05,True,True,True,True,True,True,True,True
a847f1c0944f5f0b,2021.10.11.05.34.05_veh-50_01718_02261,0.5,4,0.000124000000000013,True,True,True,True,True,True,True,True
a847f1c0944f5f0b,2021.10.11.05.34.05_veh-50_01718_02261,1.0,5,0.0004830000000000112,True,True,True,True,True,True,True,True
a847f1c0944f5f0b,2021.10.11.05.34.05_veh-50_01718_02261,2.0,7,0.0008470000000000422,True,True,True,True,True,True,True,True
a847f1c0944f5f0b,2021.10.11.05.34.05_veh-50_01718_02261,4.0,11,0.00014599999999997948,True,True,True,True,True,True,True,True
a897649652745973,2021.10.11.05.34.05_veh-50_01718_02261,0.5,4,0.0002969999999999917,True,True,True,True,True,True,True,True
a897649652745973,2021.10.11.05.34.05_veh-50_01718_02261,1.0,5,0.0005770000000000497,True,True,True,True,True,True,True,True
a897649652745973,2021.10.11.05.34.05_veh-50_01718_02261,2.0,7,0.00024000000000001798,True,True,True,True,True,True,True,True
a897649652745973,2021.10.11.05.34.05_veh-50_01718_02261,4.0,11,0.00017800000000001148,True,True,True,True,True,True,True,True
a8b7d3efb9355f73,2021.06.14.16.48.02_veh-12_02412_02506,0.5,4,0.00023700000000004273,True,True,True,True,True,True,True,True
a8b7d3efb9355f73,2021.06.14.16.48.02_veh-12_02412_02506,1.0,5,0.00030799999999997496,True,True,True,True,True,True,True,True
a8b7d3efb9355f73,2021.06.14.16.48.02_veh-12_02412_02506,2.0,7,0.00022699999999997722,True,True,True,True,True,True,True,True
a8b7d3efb9355f73,2021.06.14.16.48.02_veh-12_02412_02506,4.0,11,7.200000000029405e-05,True,True,True,True,True,True,True,True
a8c18c1e001b5f88,2021.10.11.05.34.05_veh-50_01718_02261,0.5,4,0.00010399999999999299,True,True,True,True,True,True,True,True
a8c18c1e001b5f88,2021.10.11.05.34.05_veh-50_01718_02261,1.0,5,0.0003090000000000037,True,True,True,True,True,True,True,True
a8c18c1e001b5f88,2021.10.11.05.34.05_veh-50_01718_02261,2.0,7,0.000304000000000082,True,True,True,True,True,True,True,True
a8c18c1e001b5f88,2021.10.11.05.34.05_veh-50_01718_02261,4.0,11,0.00014700000000011926,True,True,True,True,True,True,True,True
aaea16034ac75c47,2021.06.09.17.23.18_veh-38_03425_04047,0.5,4,0.00033799999999994945,True,True,True,True,True,True,True,True
aaea16034ac75c47,2021.06.09.17.23.18_veh-38_03425_04047,1.0,5,0.00024299999999999322,True,True,True,True,True,True,True,True
aaea16034ac75c47,2021.06.09.17.23.18_veh-38_03425_04047,2.0,7,0.00023100000000009224,True,True,True,True,True,True,True,True
aaea16034ac75c47,2021.06.09.17.23.18_veh-38_03425_04047,4.0,11,0.000220000000000109,True,True,True,True,True,True,True,True
ab080d6f31a95fd9,2021.09.14.18.43.41_veh-45_00965_01195,0.5,4,0.0002789999999999737,True,True,True,True,True,True,True,True
ab080d6f31a95fd9,2021.09.14.18.43.41_veh-45_00965_01195,1.0,5,0.0005230000000000512,True,True,True,True,True,True,True,True
ab080d6f31a95fd9,2021.09.14.18.43.41_veh-45_00965_01195,2.0,7,0.0007520000000000859,True,True,True,True,True,True,True,True
ab080d6f31a95fd9,2021.09.14.18.43.41_veh-45_00965_01195,4.0,11,0.00024300000000021527,True,True,True,True,True,True,True,True
ab10765930ad5a20,2021.06.14.16.48.02_veh-12_02412_02506,0.5,4,0.00030399999999997096,True,True,True,True,True,True,True,True
ab10765930ad5a20,2021.06.14.16.48.02_veh-12_02412_02506,1.0,5,0.0006299999999999084,True,True,True,True,True,True,True,True
ab10765930ad5a20,2021.06.14.16.48.02_veh-12_02412_02506,2.0,7,0.0005660000000000664,True,True,True,True,True,True,True,True
ab10765930ad5a20,2021.06.14.16.48.02_veh-12_02412_02506,4.0,11,0.00021800000000027353,True,True,True,True,True,True,True,True
ab138e8254cc58b2,2021.06.09.18.23.43_veh-35_02086_02333,0.5,4,0.00010799999999999699,True,True,True,True,True,True,True,True
ab138e8254cc58b2,2021.06.09.18.23.43_veh-35_02086_02333,1.0,5,0.00023700000000004273,True,True,True,True,True,True,True,True
ab138e8254cc58b2,2021.06.09.18.23.43_veh-35_02086_02333,2.0,7,0.00019100000000005224,True,True,True,True,True,True,True,True
ab138e8254cc58b2,2021.06.09.18.23.43_veh-35_02086_02333,4.0,11,0.0008699999999999264,True,True,True,True,True,True,True,True
ac54c2ab72bd54f7,2021.06.09.18.23.43_veh-35_02086_02333,0.5,4,7.40000000000185e-05,True,True,True,True,True,True,True,True
ac54c2ab72bd54f7,2021.06.09.18.23.43_veh-35_02086_02333,1.0,5,0.00019199999999996997,True,True,True,True,True,True,True,True
ac54c2ab72bd54f7,2021.06.09.18.23.43_veh-35_02086_02333,2.0,7,0.0005329999999998947,True,True,True,True,True,True,True,True
ac54c2ab72bd54f7,2021.06.09.18.23.43_veh-35_02086_02333,4.0,11,6.500000000020378e-05,True,True,True,True,True,True,True,True
ad9301a5ad0150da,2021.09.14.18.43.41_veh-45_00965_01195,0.5,4,0.00025799999999998047,True,True,True,True,True,True,True,True
ad9301a5ad0150da,2021.09.14.18.43.41_veh-45_00965_01195,1.0,5,0.0005020000000000024,True,True,True,True,True,True,True,True
ad9301a5ad0150da,2021.09.14.18.43.41_veh-45_00965_01195,2.0,7,0.00018300000000004424,True,True,True,True,True,True,True,True
ad9301a5ad0150da,2021.09.14.18.43.41_veh-45_00965_01195,4.0,11,0.00016300000000013526,True,True,True,True,True,True,True,True
adaee9d687ef5373,2021.09.14.18.43.41_veh-45_00965_01195,0.5,4,0.0002770000000000272,True,True,True,True,True,True,True,True
adaee9d687ef5373,2021.09.14.18.43.41_veh-45_00965_01195,1.0,5,0.0005020000000000024,True,True,True,True,True,True,True,True
adaee9d687ef5373,2021.09.14.18.43.41_veh-45_00965_01195,2.0,7,0.0005710000000000992,True,True,True,True,True,True,True,True
adaee9d687ef5373,2021.09.14.18.43.41_veh-45_00965_01195,4.0,11,6.199999999978445e-05,True,True,True,True,True,True,True,True
af2a3d12240a5cbf,2021.06.14.16.48.02_veh-12_02412_02506,0.5,4,0.00015999999999999348,True,True,True,True,True,True,True,True
af2a3d12240a5cbf,2021.06.14.16.48.02_veh-12_02412_02506,1.0,5,0.00029000000000001247,True,True,True,True,True,True,True,True
af2a3d12240a5cbf,2021.06.14.16.48.02_veh-12_02412_02506,2.0,7,0.0006060000000001065,True,True,True,True,True,True,True,True
af2a3d12240a5cbf,2021.06.14.16.48.02_veh-12_02412_02506,4.0,11,3.2000000000032e-05,True,True,True,True,True,True,True,True
aff04d0eedb75da1,2021.10.01.13.28.54_veh-28_01767_01883,0.5,4,4.300000000001525e-05,True,True,True,True,True,True,True,True
aff04d0eedb75da1,2021.10.01.13.28.54_veh-28_01767_01883,1.0,5,8.499999999989072e-05,True,True,True,True,True,True,True,True
aff04d0eedb75da1,2021.10.01.13.28.54_veh-28_01767_01883,2.0,7,0.00010899999999991472,True,True,True,True,True,True,True,True
aff04d0eedb75da1,2021.10.01.13.28.54_veh-28_01767_01883,4.0,11,7.599999999996498e-05,True,True,True,True,True,True,True,True
affe5c64e20950a3,2021.06.09.18.23.43_veh-35_02086_02333,0.5,4,5.6000000000000494e-05,True,True,True,True,True,True,True,True
affe5c64e20950a3,2021.06.09.18.23.43_veh-35_02086_02333,1.0,5,5.100000000002325e-05,True,True,True,True,True,True,True,True
affe5c64e20950a3,2021.06.09.18.23.43_veh-35_02086_02333,2.0,7,1.7999999999851468e-05,True,True,True,True,True,True,True,True
affe5c64e20950a3,2021.06.09.18.23.43_veh-35_02086_02333,4.0,11,0.000396000000000285,True,True,True,True,True,True,True,True
b20fa0a31f2f5a0b,2021.06.09.18.23.43_veh-35_02086_02333,0.5,4,0.00045600000000001195,True,True,True,True,True,True,True,True
b20fa0a31f2f5a0b,2021.06.09.18.23.43_veh-35_02086_02333,1.0,5,0.0009700000000000264,True,True,True,True,True,True,True,True
b20fa0a31f2f5a0b,2021.06.09.18.23.43_veh-35_02086_02333,2.0,7,0.0015970000000000706,True,True,True,True,True,True,True,True
b20fa0a31f2f5a0b,2021.06.09.18.23.43_veh-35_02086_02333,4.0,11,0.00030200000000002447,True,True,True,True,True,True,True,True
b2849b8006af5845,2021.06.09.18.23.43_veh-35_02086_02333,0.5,4,8.099999999999774e-05,True,True,True,True,True,True,True,True
b2849b8006af5845,2021.06.09.18.23.43_veh-35_02086_02333,1.0,5,0.000160000000000049,True,True,True,True,True,True,True,True
b2849b8006af5845,2021.06.09.18.23.43_veh-35_02086_02333,2.0,7,0.0005980000000000985,True,True,True,True,True,True,True,True
b2849b8006af5845,2021.06.09.18.23.43_veh-35_02086_02333,4.0,11,0.000332000000000221,True,True,True,True,True,True,True,True
b2d9a3231f2e5caa,2021.06.09.17.23.18_veh-38_03425_04047,0.5,4,0.000268000000000046,True,True,True,True,True,True,True,True
b2d9a3231f2e5caa,2021.06.09.17.23.18_veh-38_03425_04047,1.0,5,0.0005539999999999434,True,True,True,True,True,True,True,True
b2d9a3231f2e5caa,2021.06.09.17.23.18_veh-38_03425_04047,2.0,7,0.0007899999999998464,True,True,True,True,True,True,True,True
b2d9a3231f2e5caa,2021.06.09.17.23.18_veh-38_03425_04047,4.0,11,1.4000000000180535e-05,True,True,True,True,True,True,True,True
b386c68ddcc65cc2,2021.09.14.18.43.41_veh-45_00965_01195,0.5,4,0.00029400000000001647,True,True,True,True,True,True,True,True
b386c68ddcc65cc2,2021.09.14.18.43.41_veh-45_00965_01195,1.0,5,0.00012299999999998423,True,True,True,True,True,True,True,True
b386c68ddcc65cc2,2021.09.14.18.43.41_veh-45_00965_01195,2.0,7,0.0005299999999999194,True,True,True,True,True,True,True,True
b386c68ddcc65cc2,2021.09.14.18.43.41_veh-45_00965_01195,4.0,11,0.00011600000000022703,True,True,True,True,True,True,True,True
b459ef4f206654aa,2021.06.09.18.23.43_veh-35_02086_02333,0.5,4,9.300000000000974e-05,True,True,True,True,True,True,True,True
b459ef4f206654aa,2021.06.09.18.23.43_veh-35_02086_02333,1.0,5,0.00019700000000000273,True,True,True,True,True,True,True,True
b459ef4f206654aa,2021.06.09.18.23.43_veh-35_02086_02333,2.0,7,0.0005939999999999834,True,True,True,True,True,True,True,True
b459ef4f206654aa,2021.06.09.18.23.43_veh-35_02086_02333,4.0,11,0.0011270000000003222,True,True,True,True,True,True,True,True
b5ea605fa54653d8,2021.06.09.18.23.43_veh-35_02086_02333,0.5,4,0.0004629999999999912,True,True,True,True,True,True,True,True
b5ea605fa54653d8,2021.06.09.18.23.43_veh-35_02086_02333,1.0,5,0.0006359999999999699,True,True,True,True,True,True,True,True
b5ea605fa54653d8,2021.06.09.18.23.43_veh-35_02086_02333,2.0,7,0.0002990000000000492,True,True,True,True,True,True,True,True
b5ea605fa54653d8,2021.06.09.18.23.43_veh-35_02086_02333,4.0,11,0.0005170000000003228,True,True,True,True,True,True,True,True
b6110c8d125856b2,2021.06.09.17.23.18_veh-38_03425_04047,0.5,4,0.0003630000000000022,True,True,True,True,True,True,True,True
b6110c8d125856b2,2021.06.09.17.23.18_veh-38_03425_04047,1.0,5,0.0002709999999999102,True,True,True,True,True,True,True,True
b6110c8d125856b2,2021.06.09.17.23.18_veh-38_03425_04047,2.0,7,0.0002789999999999182,True,True,True,True,True,True,True,True
b6110c8d125856b2,2021.06.09.17.23.18_veh-38_03425_04047,4.0,11,1.699999999971169e-05,True,True,True,True,True,True,True,True
b6217c9fbc4c50b0,2021.10.01.13.28.54_veh-28_01767_01883,0.5,4,9.500000000001174e-05,True,True,True,True,True,True,True,True
b6217c9fbc4c50b0,2021.10.01.13.28.54_veh-28_01767_01883,1.0,5,0.00024400000000002198,True,True,True,True,True,True,True,True
b6217c9fbc4c50b0,2021.10.01.13.28.54_veh-28_01767_01883,2.0,7,7.599999999996498e-05,True,True,True,True,True,True,True,True
b6217c9fbc4c50b0,2021.10.01.13.28.54_veh-28_01767_01883,4.0,11,4.2999999999793204e-05,True,True,True,True,True,True,True,True
b6b5da2172755c64,2021.09.14.18.43.41_veh-45_00965_01195,0.5,4,0.00031999999999998696,True,True,True,True,True,True,True,True
b6b5da2172755c64,2021.09.14.18.43.41_veh-45_00965_01195,1.0,5,0.0006199999999999539,True,True,True,True,True,True,True,True
b6b5da2172755c64,2021.09.14.18.43.41_veh-45_00965_01195,2.0,7,0.0006589999999999652,True,True,True,True,True,True,True,True
b6b5da2172755c64,2021.09.14.18.43.41_veh-45_00965_01195,4.0,11,0.00042000000000008697,True,True,True,True,True,True,True,True
b6eab60172fa5af7,2021.10.11.05.34.05_veh-50_01718_02261,0.5,4,0.0003269999999999662,True,True,True,True,True,True,True,True
b6eab60172fa5af7,2021.10.11.05.34.05_veh-50_01718_02261,1.0,5,0.0007880000000000109,True,True,True,True,True,True,True,True
b6eab60172fa5af7,2021.10.11.05.34.05_veh-50_01718_02261,2.0,7,0.0010989999999999611,True,True,True,True,True,True,True,True
b6eab60172fa5af7,2021.10.11.05.34.05_veh-50_01718_02261,4.0,11,7.700000000010476e-05,True,True,True,True,True,True,True,True
b70801e868a052e3,2021.06.09.18.23.43_veh-35_02086_02333,0.5,4,0.00045800000000001395,True,True,True,True,True,True,True,True
b70801e868a052e3,2021.06.09.18.23.43_veh-35_02086_02333,1.0,5,0.0008320000000000549,True,True,True,True,True,True,True,True
b70801e868a052e3,2021.06.09.18.23.43_veh-35_02086_02333,2.0,7,0.0007090000000000707,True,True,True,True,True,True,True,True
b70801e868a052e3,2021.06.09.18.23.43_veh-35_02086_02333,4.0,11,1.7999999999851468e-05,True,True,True,True,True,True,True,True
b7316bdf1bc257aa,2021.10.01.13.28.54_veh-28_01767_01883,0.5,4,0.00015100000000001224,True,True,True,True,True,True,True,True
b7316bdf1bc257aa,2021.10.01.13.28.54_veh-28_01767_01883,1.0,5,0.0003969999999999807,True,True,True,True,True,True,True,True
b7316bdf1bc257aa,2021.10.01.13.28.54_veh-28_01767_01883,2.0,7,0.00023700000000004273,True,True,True,True,True,True,True,True
b7316bdf1bc257aa,2021.10.01.13.28.54_veh-28_01767_01883,4.0,11,0.00034199999999984243,True,True,True,True,True,True,True,True
b7581f802fec52f5,2021.06.09.18.23.43_veh-35_02086_02333,0.5,4,0.00024900000000005473,True,True,True,True,True,True,True,True
b7581f802fec52f5,2021.06.09.18.23.43_veh-35_02086_02333,1.0,5,0.0003949999999999232,True,True,True,True,True,True,True,True
b7581f802fec52f5,2021.06.09.18.23.43_veh-35_02086_02333,2.0,7,0.0006569999999999077,True,True,True,True,True,True,True,True
b7581f802fec52f5,2021.06.09.18.23.43_veh-35_02086_02333,4.0,11,0.001164000000000165,True,True,True,True,True,True,True,True
b83672a64a3d5fbe,2021.06.09.17.23.18_veh-38_03425_04047,0.5,4,0.00010900000000002574,True,True,True,True,True,True,True,True
b83672a64a3d5fbe,2021.06.09.17.23.18_veh-38_03425_04047,1.0,5,0.0004939999999999944,True,True,True,True,True,True,True,True
b83672a64a3d5fbe,2021.06.09.17.23.18_veh-38_03425_04047,2.0,7,0.0010620000000001184,True,True,True,True,True,True,True,True
b83672a64a3d5fbe,2021.06.09.17.23.18_veh-38_03425_04047,4.0,11,0.0003010000000003288,True,True,True,True,True,True,True,True
b83b9e9d866d513e,2021.06.09.18.23.43_veh-35_02086_02333,0.5,4,8.900000000000574e-05,True,True,True,True,True,True,True,True
b83b9e9d866d513e,2021.06.09.18.23.43_veh-35_02086_02333,1.0,5,2.999999999997449e-05,True,True,True,True,True,True,True,True
b83b9e9d866d513e,2021.06.09.18.23.43_veh-35_02086_02333,2.0,7,0.0005850000000000577,True,True,True,True,True,True,True,True
b83b9e9d866d513e,2021.06.09.18.23.43_veh-35_02086_02333,4.0,11,0.0009350000000001302,True,True,True,True,True,True,True,True
b8f2939cfa3152a4,2021.09.14.18.43.41_veh-45_00965_01195,0.5,4,0.00033799999999994945,True,True,True,True,True,True,True,True
b8f2939cfa3152a4,2021.09.14.18.43.41_veh-45_00965_01195,1.0,5,0.0006139999999998924,True,True,True,True,True,True,True,True
b8f2939cfa3152a4,2021.09.14.18.43.41_veh-45_00965_01195,2.0,7,0.0006849999999998246,True,True,True,True,True,True,True,True
b8f2939cfa3152a4,2021.09.14.18.43.41_veh-45_00965_01195,4.0,11,0.00011399999999994748,True,True,True,True,True,True,True,True
b9ca1d029538547f,2021.06.09.17.23.18_veh-38_03425_04047,0.5,4,0.00024100000000004673,True,True,True,True,True,True,True,True
b9ca1d029538547f,2021.06.09.17.23.18_veh-38_03425_04047,1.0,5,0.00015300000000006975,True,True,True,True,True,True,True,True
b9ca1d029538547f,2021.06.09.17.23.18_veh-38_03425_04047,2.0,7,0.00035999999999991594,True,True,True,True,True,True,True,True
b9ca1d029538547f,2021.06.09.17.23.18_veh-38_03425_04047,4.0,11,1.4999999999876223e-05,True,True,True,True,True,True,True,True
b9e0171648d15359,2021.09.14.18.43.41_veh-45_00965_01195,0.5,4,0.00013499999999999623,True,True,True,True,True,True,True,True
b9e0171648d15359,2021.09.14.18.43.41_veh-45_00965_01195,1.0,5,0.0003670000000000062,True,True,True,True,True,True,True,True
b9e0171648d15359,2021.09.14.18.43.41_veh-45_00965_01195,2.0,7,0.0007630000000000692,True,True,True,True,True,True,True,True
b9e0171648d15359,2021.09.14.18.43.41_veh-45_00965_01195,4.0,11,0.000376000000000154,True,True,True,True,True,True,True,True
ba10863535c454d8,2021.10.11.05.34.05_veh-50_01718_02261,0.5,4,0.00022600000000000398,True,True,True,True,True,True,True,True
ba10863535c454d8,2021.10.11.05.34.05_veh-50_01718_02261,1.0,5,0.00039199999999994795,True,True,True,True,True,True,True,True
ba10863535c454d8,2021.10.11.05.34.05_veh-50_01718_02261,2.0,7,0.00012100000000003774,True,True,True,True,True,True,True,True
ba10863535c454d8,2021.10.11.05.34.05_veh-50_01718_02261,4.0,11,0.0006649999999996936,True,True,True,True,True,True,True,True
baca0733d00b541e,2021.06.09.18.23.43_veh-35_02086_02333,0.5,4,7.999999999996898e-05,True,True,True,True,True,True,True,True
baca0733d00b541e,2021.06.09.18.23.43_veh-35_02086_02333,1.0,5,0.0003370000000000317,True,True,True,True,True,True,True,True
baca0733d00b541e,2021.06.09.18.23.43_veh-35_02086_02333,2.0,7,0.0006550000000000722,True,True,True,True,True,True,True,True
baca0733d00b541e,2021.06.09.18.23.43_veh-35_02086_02333,4.0,11,0.0011890000000001066,True,True,True,True,True,True,True,True
badc3b813f185818,2021.06.09.17.23.18_veh-38_03425_04047,0.5,4,0.00025399999999997647,True,True,True,True,True,True,True,True
badc3b813f185818,2021.06.09.17.23.18_veh-38_03425_04047,1.0,5,0.0005180000000000184,True,True,True,True,True,True,True,True
badc3b813f185818,2021.06.09.17.23.18_veh-38_03425_04047,2.0,7,0.00014899999999995472,True,True,True,True,True,True,True,True
badc3b813f185818,2021.06.09.17.23.18_veh-38_03425_04047,4.0,11,9.800000000037556e-05,True,True,True,True,True,True,True,True
bb64d35c7097534d,2021.06.09.18.23.43_veh-35_02086_02333,0.5,4,2.9000000000001247e-05,True,True,True,True,True,True,True,True
bb64d35c7097534d,2021.06.09.18.23.43_veh-35_02086_02333,1.0,5,8.699999999994823e-05,True,True,True,True,True,True,True,True
bb64d35c7097534d,2021.06.09.18.23.43_veh-35_02086_02333,2.0,7,0.0005630000000000912,True,True,True,True,True,True,True,True
bb64d35c7097534d,2021.06.09.18.23.43_veh-35_02086_02333,4.0,11,0.0009470000000000312,True,True,True,True,True,True,True,True
bba5f8c48e0a58d1,2021.06.09.17.23.18_veh-38_03425_04047,0.5,4,0.0002969999999999917,True,True,True,True,True,True,True,True
bba5f8c48e0a58d1,2021.06.09.17.23.18_veh-38_03425_04047,1.0,5,0.00047399999999997444,True,True,True,True,True,True,True,True
bba5f8c48e0a58d1,2021.06.09.17.23.18_veh-38_03425_04047,2.0,7,0.0008099999999999774,True,True,True,True,True,True,True,True
bba5f8c48e0a58d1,2021.06.09.17.23.18_veh-38_03425_04047,4.0,11,0.0002889999999999837,True,True,True,True,True,True,True,True
bc25b09469835c30,2021.06.09.17.23.18_veh-38_03425_04047,0.5,4,0.000246000000000024,True,True,True,True,True,True,True,True
bc25b09469835c30,2021.06.09.17.23.18_veh-38_03425_04047,1.0,5,0.0004849999999999577,True,True,True,True,True,True,True,True
bc25b09469835c30,2021.06.09.17.23.18_veh-38_03425_04047,2.0,7,0.00039799999999989844,True,True,True,True,True,True,True,True
bc25b09469835c30,2021.06.09.17.23.18_veh-38_03425_04047,4.0,11,0.0001829999999998222,True,True,True,True,True,True,True,True
bcbd298c34815db0,2021.06.14.16.48.02_veh-12_02412_02506,0.5,4,0.00034600000000001296,True,True,True,True,True,True,True,True
bcbd298c34815db0,2021.06.14.16.48.02_veh-12_02412_02506,1.0,5,0.00039800000000000946,True,True,True,True,True,True,True,True
bcbd298c34815db0,2021.06.14.16.48.02_veh-12_02412_02506,2.0,7,0.00035199999999990794,True,True,True,True,True,True,True,True
bcbd298c34815db0,2021.06.14.16.48.02_veh-12_02412_02506,4.0,11,0.0003530000000000477,True,True,True,True,True,True,True,True
bdae8e64697959c5,2021.10.01.13.28.54_veh-28_01767_01883,0.5,4,0.00014499999999995072,True,True,True,True,True,True,True,True
bdae8e64697959c5,2021.10.01.13.28.54_veh-28_01767_01883,1.0,5,0.000320000000000098,True,True,True,True,True,True,True,True
bdae8e64697959c5,2021.10.01.13.28.54_veh-28_01767_01883,2.0,7,8.100000000021979e-05,True,True,True,True,True,True,True,True
bdae8e64697959c5,2021.10.01.13.28.54_veh-28_01767_01883,4.0,11,0.00014700000000011926,True,True,True,True,True,True,True,True
bf899fdd0a5b5da2,2021.06.09.17.23.18_veh-38_03425_04047,0.5,4,3.2000000000032e-05,True,True,True,True,True,True,True,True
bf899fdd0a5b5da2,2021.06.09.17.23.18_veh-38_03425_04047,1.0,5,0.00029999999999996696,True,True,True,True,True,True,True,True
bf899fdd0a5b5da2,2021.06.09.17.23.18_veh-38_03425_04047,2.0,7,0.0008960000000000079,True,True,True,True,True,True,True,True
bf899fdd0a5b5da2,2021.06.09.17.23.18_veh-38_03425_04047,4.0,11,5.699999999997374e-05,True,True,True,True,True,True,True,True
bfa119976b9a5a6c,2021.10.11.05.34.05_veh-50_01718_02261,0.5,4,0.000136000000000025,True,True,True,True,True,True,True,True
bfa119976b9a5a6c,2021.10.11.05.34.05_veh-50_01718_02261,1.0,5,0.0003469999999999862,True,True,True,True,True,True,True,True
bfa119976b9a5a6c,2021.10.11.05.34.05_veh-50_01718_02261,2.0,7,0.000512000000000068,True,True,True,True,True,True,True,True
bfa119976b9a5a6c,2021.10.11.05.34.05_veh-50_01718_02261,4.0,11,0.0005870000000003373,True,True,True,True,True,True,True,True
bfb29ecb182b5d3f,2021.06.09.18.23.43_veh-35_02086_02333,0.5,4,0.0002489999999999992,True,True,True,True,True,True,True,True
bfb29ecb182b5d3f,2021.06.09.18.23.43_veh-35_02086_02333,1.0,5,0.00043800000000004946,True,True,True,True,True,True,True,True
bfb29ecb182b5d3f,2021.06.09.18.23.43_veh-35_02086_02333,2.0,7,0.0004710000000001102,True,True,True,True,True,True,True,True
bfb29ecb182b5d3f,2021.06.09.18.23.43_veh-35_02086_02333,4.0,11,0.00043799999999993844,True,True,True,True,True,True,True,True
bfca1d0aa29f5478,2021.06.09.18.23.43_veh-35_02086_02333,0.5,4,0.00019700000000000273,True,True,True,True,True,True,True,True
bfca1d0aa29f5478,2021.06.09.18.23.43_veh-35_02086_02333,1.0,5,0.0002709999999999102,True,True,True,True,True,True,True,True
bfca1d0aa29f5478,2021.06.09.18.23.43_veh-35_02086_02333,2.0,7,0.0005560000000000009,True,True,True,True,True,True,True,True
bfca1d0aa29f5478,2021.06.09.18.23.43_veh-35_02086_02333,4.0,11,0.00032099999999957163,True,True,True,True,True,True,True,True
c0a19a6e723b54a0,2021.06.09.17.23.18_veh-38_03425_04047,0.5,4,0.00035799999999996945,True,True,True,True,True,True,True,True
c0a19a6e723b54a0,2021.06.09.17.23.18_veh-38_03425_04047,1.0,5,0.0006159999999999499,True,True,True,True,True,True,True,True
c0a19a6e723b54a0,2021.06.09.17.23.18_veh-38_03425_04047,2.0,7,0.0007259999999997824,True,True,True,True,True,True,True,True
c0a19a6e723b54a0,2021.06.09.17.23.18_veh-38_03425_04047,4.0,11,9.999999999621423e-06,True,True,True,True,True,True,True,True
c181bd8086e65edf,2021.06.09.18.23.43_veh-35_02086_02333,0.5,4,0.00043799999999999395,True,True,True,True,True,True,True,True
c181bd8086e65edf,2021.06.09.18.23.43_veh-35_02086_02333,1.0,5,0.0009149999999999991,True,True,True,True,True,True,True,True
c181bd8086e65edf,2021.06.09.18.23.43_veh-35_02086_02333,2.0,7,0.0009770000000000056,True,True,True,True,True,True,True,True
c181bd8086e65edf,2021.06.09.18.23.43_veh-35_02086_02333,4.0,11,0.00031999999999987594,True,True,True,True,True,True,True,True
c18589c91494514b,2021.10.01.13.28.54_veh-28_01767_01883,0.5,4,0.00010399999999999299,True,True,True,True,True,True,True,True
c18589c91494514b,2021.10.01.13.28.54_veh-28_01767_01883,1.0,5,0.00022699999999997722,True,True,True,True,True,True,True,True
c18589c91494514b,2021.10.01.13.28.54_veh-28_01767_01883,2.0,7,5.999999999950489e-06,True,True,True,True,True,True,True,True
c18589c91494514b,2021.10.01.13.28.54_veh-28_01767_01883,4.0,11,7.49999999998252e-05,True,True,True,True,True,True,True,True
c194672624b05822,2021.09.14.18.43.41_veh-45_00965_01195,0.5,4,0.00012200000000001099,True,True,True,True,True,True,True,True
c194672624b05822,2021.09.14.18.43.41_veh-45_00965_01195,1.0,5,0.00043000000000004146,True,True,True,True,True,True,True,True
c194672624b05822,2021.09.14.18.43.41_veh-45_00965_01195,2.0,7,0.0009740000000000304,True,True,True,True,True,True,True,True
c194672624b05822,2021.09.14.18.43.41_veh-45_00965_01195,4.0,11,1.9999999998354667e-06,True,True,True,True,True,True,True,True
c1c428c0db3a5ad6,2021.06.09.18.23.43_veh-35_02086_02333,0.5,4,0.0005519999999999969,True,True,True,True,True,True,True,True
c1c428c0db3a5ad6,2021.06.09.18.23.43_veh-35_02086_02333,1.0,5,0.0010200000000000209,True,True,True,True,True,True,True,True
c1c428c0db3a5ad6,2021.06.09.18.23.43_veh-35_02086_02333,2.0,7,0.0015849999999999476,True,True,True,True,True,True,True,True
c1c428c0db3a5ad6,2021.06.09.18.23.43_veh-35_02086_02333,4.0,11,0.000560000000000116,True,True,True,True,True,True,True,True
c1eb25c02b4859e9,2021.09.14.18.43.41_veh-45_00965_01195,0.5,4,0.00013999999999997348,True,True,True,True,True,True,True,True
c1eb25c02b4859e9,2021.09.14.18.43.41_veh-45_00965_01195,1.0,5,4.999999999999449e-05,True,True,True,True,True,True,True,True
c1eb25c02b4859e9,2021.09.14.18.43.41_veh-45_00965_01195,2.0,7,0.0005690000000000417,True,True,True,True,True,True,True,True
c1eb25c02b4859e9,2021.09.14.18.43.41_veh-45_00965_01195,4.0,11,0.00017300000000020077,True,True,True,True,True,True,True,True
c22fb3f21ef65b28,2021.09.14.18.43.41_veh-45_00965_01195,0.5,4,0.00012500000000004174,True,True,True,True,True,True,True,True
c22fb3f21ef65b28,2021.09.14.18.43.41_veh-45_00965_01195,1.0,5,9.40000000000385e-05,True,True,True,True,True,True,True,True
c22fb3f21ef65b28,2021.09.14.18.43.41_veh-45_00965_01195,2.0,7,0.0007630000000000692,True,True,True,True,True,True,True,True
c22fb3f21ef65b28,2021.09.14.18.43.41_veh-45_00965_01195,4.0,11,5.599999999983396e-05,True,True,True,True,True,True,True,True
c26438cc3f0955d5,2021.09.14.18.43.41_veh-45_00965_01195,0.5,4,0.00010699999999996823,True,True,True,True,True,True,True,True
c26438cc3f0955d5,2021.09.14.18.43.41_veh-45_00965_01195,1.0,5,0.00032399999999999096,True,True,True,True,True,True,True,True
c26438cc3f0955d5,2021.09.14.18.43.41_veh-45_00965_01195,2.0,7,0.0006020000000002135,True,True,True,True,True,True,True,True
c26438cc3f0955d5,2021.09.14.18.43.41_veh-45_00965_01195,4.0,11,0.0007450000000002177,True,True,True,True,True,True,True,True
c330bf382804553a,2021.06.09.17.23.18_veh-38_03425_04047,0.5,4,0.00020999999999998797,True,True,True,True,True,True,True,True
c330bf382804553a,2021.06.09.17.23.18_veh-38_03425_04047,1.0,5,0.00033199999999999896,True,True,True,True,True,True,True,True
c330bf382804553a,2021.06.09.17.23.18_veh-38_03425_04047,2.0,7,0.00021899999999996922,True,True,True,True,True,True,True,True
c330bf382804553a,2021.06.09.17.23.18_veh-38_03425_04047,4.0,11,0.0003750000000000142,True,True,True,True,True,True,True,True
c4776c14058d51ab,2021.09.14.18.43.41_veh-45_00965_01195,0.5,4,0.0005549999999999722,True,True,True,True,True,True,True,True
c4776c14058d51ab,2021.09.14.18.43.41_veh-45_00965_01195,1.0,5,0.0012410000000000476,True,True,True,True,True,True,True,True
c4776c14058d51ab,2021.09.14.18.43.41_veh-45_00965_01195,2.0,7,0.001875000000000071,True,True,True,True,True,True,True,True
c4776c14058d51ab,2021.09.14.18.43.41_veh-45_00965_01195,4.0,11,0.0008900000000000574,True,True,True,True,True,True,True,True
c493e53228fe519b,2021.06.09.17.23.18_veh-38_03425_04047,0.5,4,0.00039400000000000546,True,True,True,True,True,True,True,True
c493e53228fe519b,2021.06.09.17.23.18_veh-38_03425_04047,1.0,5,0.0006699999999999484,True,True,True,True,True,True,True,True
c493e53228fe519b,2021.06.09.17.23.18_veh-38_03425_04047,2.0,7,0.0008230000000000182,True,True,True,True,True,True,True,True
c493e53228fe519b,2021.06.09.17.23.18_veh-38_03425_04047,4.0,11,2.299999999966218e-05,True,True,True,True,True,True,True,True
c4ab0f65cad75d96,2021.09.14.18.43.41_veh-45_00965_01195,0.5,4,0.00021500000000002073,True,True,True,True,True,True,True,True
c4ab0f65cad75d96,2021.09.14.18.43.41_veh-45_00965_01195,1.0,5,0.0003790000000000182,True,True,True,True,True,True,True,True
c4ab0f65cad75d96,2021.09.14.18.43.41_veh-45_00965_01195,2.0,7,0.0006919999999999149,True,True,True,True,True,True,True,True
c4ab0f65cad75d96,2021.09.14.18.43.41_veh-45_00965_01195,4.0,11,0.00011100000000041632,True,True,True,True,True,True,True,True
c50e02fb21105e45,2021.09.14.18.43.41_veh-45_00965_01195,0.5,4,0.00018600000000001948,True,True,True,True,True,True,True,True
c50e02fb21105e45,2021.09.14.18.43.41_veh-45_00965_01195,1.0,5,4.399999999993298e-05,True,True,True,True,True,True,True,True
c50e02fb21105e45,2021.09.14.18.43.41_veh-45_00965_01195,2.0,7,0.0005660000000000664,True,True,True,True,True,True,True,True
c50e02fb21105e45,2021.09.14.18.43.41_veh-45_00965_01195,4.0,11,0.00024500000000005073,True,True,True,True,True,True,True,True
c5629f07cff958cb,2021.09.14.18.43.41_veh-45_00965_01195,0.5,4,6.40000000000085e-05,True,True,True,True,True,True,True,True
c5629f07cff958cb,2021.09.14.18.43.41_veh-45_00965_01195,1.0,5,0.0003009999999999957,True,True,True,True,True,True,True,True
c5629f07cff958cb,2021.09.14.18.43.41_veh-45_00965_01195,2.0,7,0.0009779999999999234,True,True,True,True,True,True,True,True
c5629f07cff958cb,2021.09.14.18.43.41_veh-45_00965_01195,4.0,11,0.0004710000000001102,True,True,True,True,True,True,True,True
c58be28576b357e2,2021.06.09.18.23.43_veh-35_02086_02333,0.5,4,0.00017400000000000748,True,True,True,True,True,True,True,True
c58be28576b357e2,2021.06.09.18.23.43_veh-35_02086_02333,1.0,5,9.299999999989872e-05,True,True,True,True,True,True,True,True
c58be28576b357e2,2021.06.09.18.23.43_veh-35_02086_02333,2.0,7,0.00023499999999998522,True,True,True,True,True,True,True,True
c58be28576b357e2,2021.06.09.18.23.43_veh-35_02086_02333,4.0,11,0.0004629999999998802,True,True,True,True,True,True,True,True
c5a40bd4b9d85494,2021.06.09.18.23.43_veh-35_02086_02333,0.5,4,2.5000000000052758e-05,True,True,True,True,True,True,True,True
c5a40bd4b9d85494,2021.06.09.18.23.43_veh-35_02086_02333,1.0,5,0.0002740000000001075,True,True,True,True,True,True,True,True
c5a40bd4b9d85494,2021.06.09.18.23.43_veh-35_02086_02333,2.0,7,0.0007209999999999717,True,True,True,True,True,True,True,True
c5a40bd4b9d85494,2021.06.09.18.23.43_veh-35_02086_02333,4.0,11,0.0009149999999999991,True,True,True,True,True,True,True,True
c5b7e7c13c925dd6,2021.06.09.17.23.18_veh-38_03425_04047,0.5,4,0.00030200000000002447,True,True,True,True,True,True,True,True
c5b7e7c13c925dd6,2021.06.09.17.23.18_veh-38_03425_04047,1.0,5,0.0005560000000000009,True,True,True,True,True,True,True,True
c5b7e7c13c925dd6,2021.06.09.17.23.18_veh-38_03425_04047,2.0,7,0.0007859999999999534,True,True,True,True,True,True,True,True
c5b7e7c13c925dd6,2021.06.09.17.23.18_veh-38_03425_04047,4.0,11,0.00012599999999984846,True,True,True,True,True,True,True,True
c7fe9d9a057450a8,2021.09.14.18.43.41_veh-45_00965_01195,0.5,4,0.00030200000000002447,True,True,True,True,True,True,True,True
c7fe9d9a057450a8,2021.09.14.18.43.41_veh-45_00965_01195,1.0,5,0.0006030000000000202,True,True,True,True,True,True,True,True
c7fe9d9a057450a8,2021.09.14.18.43.41_veh-45_00965_01195,2.0,7,0.0009209999999999496,True,True,True,True,True,True,True,True
c7fe9d9a057450a8,2021.09.14.18.43.41_veh-45_00965_01195,4.0,11,0.0004129999999999967,True,True,True,True,True,True,True,True
c93a870a162154e1,2021.09.14.18.43.41_veh-45_00965_01195,0.5,4,0.00020100000000000673,True,True,True,True,True,True,True,True
c93a870a162154e1,2021.09.14.18.43.41_veh-45_00965_01195,1.0,5,0.00045399999999995444,True,True,True,True,True,True,True,True
c93a870a162154e1,2021.09.14.18.43.41_veh-45_00965_01195,2.0,7,3.399999999986747e-05,True,True,True,True,True,True,True,True
c93a870a162154e1,2021.09.14.18.43.41_veh-45_00965_01195,4.0,11,2.0000000000131024e-05,True,True,True,True,True,True,True,True
c9e746b6694e5ec1,2021.10.11.05.34.05_veh-50_01718_02261,0.5,4,0.00014599999999997948,True,True,True,True,True,True,True,True
c9e746b6694e5ec1,2021.10.11.05.34.05_veh-50_01718_02261,1.0,5,0.00017199999999994997,True,True,True,True,True,True,True,True
c9e746b6694e5ec1,2021.10.11.05.34.05_veh-50_01718_02261,2.0,7,0.000196000000000085,True,True,True,True,True,True,True,True
c9e746b6694e5ec1,2021.10.11.05.34.05_veh-50_01718_02261,4.0,11,0.0002740000000001075,True,True,True,True,True,True,True,True
cb61af732abb5e73,2021.09.14.18.43.41_veh-45_00965_01195,0.5,4,0.0002949999999999897,True,True,True,True,True,True,True,True
cb61af732abb5e73,2021.09.14.18.43.41_veh-45_00965_01195,1.0,5,0.0007749999999999702,True,True,True,True,True,True,True,True
cb61af732abb5e73,2021.09.14.18.43.41_veh-45_00965_01195,2.0,7,0.0015970000000000706,True,True,True,True,True,True,True,True
cb61af732abb5e73,2021.09.14.18.43.41_veh-45_00965_01195,4.0,11,0.0005899999999998684,True,True,True,True,True,True,True,True
cbd88f6d5c065d0e,2021.10.11.05.34.05_veh-50_01718_02261,0.5,4,3.6000000000036e-05,True,True,True,True,True,True,True,True
cbd88f6d5c065d0e,2021.10.11.05.34.05_veh-50_01718_02261,1.0,5,0.00026999999999999247,True,True,True,True,True,True,True,True
cbd88f6d5c065d0e,2021.10.11.05.34.05_veh-50_01718_02261,2.0,7,0.0007030000000001202,True,True,True,True,True,True,True,True
cbd88f6d5c065d0e,2021.10.11.05.34.05_veh-50_01718_02261,4.0,11,0.00017500000000003624,True,True,True,True,True,True,True,True
cca27e5541ed5373,2021.06.09.18.23.43_veh-35_02086_02333,0.5,4,8.299999999999974e-05,True,True,True,True,True,True,True,True
cca27e5541ed5373,2021.06.09.18.23.43_veh-35_02086_02333,1.0,5,0.0005840000000000289,True,True,True,True,True,True,True,True
cca27e5541ed5373,2021.06.09.18.23.43_veh-35_02086_02333,2.0,7,0.0015099999999999003,True,True,True,True,True,True,True,True
cca27e5541ed5373,2021.06.09.18.23.43_veh-35_02086_02333,4.0,11,0.0011580000000002144,True,True,True,True,True,True,True,True
ccfa38c00b055998,2021.06.14.16.48.02_veh-12_02412_02506,0.5,4,9.000000000036756e-06,True,True,True,True,True,True,True,True
ccfa38c00b055998,2021.06.14.16.48.02_veh-12_02412_02506,1.0,5,7.699999999999374e-05,True,True,True,True,True,True,True,True
ccfa38c00b055998,2021.06.14.16.48.02_veh-12_02412_02506,2.0,7,0.0005530000000000257,True,True,True,True,True,True,True,True
ccfa38c00b055998,2021.06.14.16.48.02_veh-12_02412_02506,4.0,11,0.0005430000000004043,True,True,True,True,True,True,True,True
cd4cde1b618250cd,2021.06.09.18.23.43_veh-35_02086_02333,0.5,4,6.099999999997774e-05,True,True,True,True,True,True,True,True
cd4cde1b618250cd,2021.06.09.18.23.43_veh-35_02086_02333,1.0,5,0.00019199999999996997,True,True,True,True,True,True,True,True
cd4cde1b618250cd,2021.06.09.18.23.43_veh-35_02086_02333,2.0,7,0.0005449999999997956,True,True,True,True,True,True,True,True
cd4cde1b618250cd,2021.06.09.18.23.43_veh-35_02086_02333,4.0,11,0.0002250000000003638,True,True,True,True,True,True,True,True
ce544165f51b5cbe,2021.06.09.17.23.18_veh-38_03425_04047,0.5,4,8.799999999997699e-05,True,True,True,True,True,True,True,True
ce544165f51b5cbe,2021.06.09.17.23.18_veh-38_03425_04047,1.0,5,0.0003710000000000102,True,True,True,True,True,True,True,True
ce544165f51b5cbe,2021.06.09.17.23.18_veh-38_03425_04047,2.0,7,0.0008420000000000094,True,True,True,True,True,True,True,True
ce544165f51b5cbe,2021.06.09.17.23.18_veh-38_03425_04047,4.0,11,0.00018199999999968242,True,True,True,True,True,True,True,True
cee3165face85719,2021.06.09.17.23.18_veh-38_03425_04047,0.5,4,0.0003049999999999997,True,True,True,True,True,True,True,True
cee3165face85719,2021.06.09.17.23.18_veh-38_03425_04047,1.0,5,0.0004910000000000192,True,True,True,True,True,True,True,True
cee3165face85719,2021.06.09.17.23.18_veh-38_03425_04047,2.0,7,0.0005969999999999587,True,True,True,True,True,True,True,True
cee3165face85719,2021.06.09.17.23.18_veh-38_03425_04047,4.0,11,2.0999999999826713e-05,True,True,True,True,True,True,True,True
cf43a824a2685fc1,2021.06.09.17.23.18_veh-38_03425_04047,0.5,4,0.00030599999999997296,True,True,True,True,True,True,True,True
cf43a824a2685fc1,2021.06.09.17.23.18_veh-38_03425_04047,1.0,5,0.0005500000000000504,True,True,True,True,True,True,True,True
cf43a824a2685fc1,2021.06.09.17.23.18_veh-38_03425_04047,2.0,7,0.0008079999999999199,True,True,True,True,True,True,True,True
cf43a824a2685fc1,2021.06.09.17.23.18_veh-38_03425_04047,4.0,11,3.000000000419334e-06,True,True,True,True,True,True,True,True
cffe6f55f8c75c23,2021.10.01.13.28.54_veh-28_01767_01883,0.5,4,4.199999999998649e-05,True,True,True,True,True,True,True,True
cffe6f55f8c75c23,2021.10.01.13.28.54_veh-28_01767_01883,1.0,5,0.00014899999999995472,True,True,True,True,True,True,True,True
cffe6f55f8c75c23,2021.10.01.13.28.54_veh-28_01767_01883,2.0,7,4.600000000021254e-05,True,True,True,True,True,True,True,True
cffe6f55f8c75c23,2021.10.01.13.28.54_veh-28_01767_01883,4.0,11,0.00010900000000013677,True,True,True,True,True,True,True,True
d05fb22218e85127,2021.09.14.18.43.41_veh-45_00965_01195,0.5,4,0.00011899999999998023,True,True,True,True,True,True,True,True
d05fb22218e85127,2021.09.14.18.43.41_veh-45_00965_01195,1.0,5,0.00038199999999999346,True,True,True,True,True,True,True,True
d05fb22218e85127,2021.09.14.18.43.41_veh-45_00965_01195,2.0,7,0.0011390000000000011,True,True,True,True,True,True,True,True
d05fb22218e85127,2021.09.14.18.43.41_veh-45_00965_01195,4.0,11,7.800000000024454e-05,True,True,True,True,True,True,True,True
d2416cb2f57056b0,2021.06.09.17.23.18_veh-38_03425_04047,0.5,4,0.00018399999999996197,True,True,True,True,True,True,True,True
d2416cb2f57056b0,2021.06.09.17.23.18_veh-38_03425_04047,1.0,5,0.00032999999999994145,True,True,True,True,True,True,True,True
d2416cb2f57056b0,2021.06.09.17.23.18_veh-38_03425_04047,2.0,7,9.40000000000385e-05,True,True,True,True,True,True,True,True
d2416cb2f57056b0,2021.06.09.17.23.18_veh-38_03425_04047,4.0,11,1.9999999998354667e-06,True,True,True,True,True,True,True,True
d2cccf76816c5c12,2021.10.01.13.28.54_veh-28_01767_01883,0.5,4,7.80000000000225e-05,True,True,True,True,True,True,True,True
d2cccf76816c5c12,2021.10.01.13.28.54_veh-28_01767_01883,1.0,5,0.00013700000000005375,True,True,True,True,True,True,True,True
d2cccf76816c5c12,2021.10.01.13.28.54_veh-28_01767_01883,2.0,7,8.999999999992347e-05,True,True,True,True,True,True,True,True
d2cccf76816c5c12,2021.10.01.13.28.54_veh-28_01767_01883,4.0,11,4.999999999810711e-06,True,True,True,True,True,True,True,True
d2cceb68a7c45bb4,2021.06.09.18.23.43_veh-35_02086_02333,0.5,4,0.00018299999999998873,True,True,True,True,True,True,True,True
d2cceb68a7c45bb4,2021.06.09.18.23.43_veh-35_02086_02333,1.0,5,0.0006730000000000347,True,True,True,True,True,True,True,True
d2cceb68a7c45bb4,2021.06.09.18.23.43_veh-35_02086_02333,2.0,7,0.0013810000000000766,True,True,True,True,True,True,True,True
d2cceb68a7c45bb4,2021.06.09.18.23.43_veh-35_02086_02333,4.0,11,0.0009130000000001637,True,True,True,True,True,True,True,True
d4c7c39842b05a62,2021.06.09.17.23.18_veh-38_03425_04047,0.5,4,0.00016799999999994597,True,True,True,True,True,True,True,True
d4c7c39842b05a62,2021.06.09.17.23.18_veh-38_03425_04047,1.0,5,0.00028600000000000847,True,True,True,True,True,True,True,True
d4c7c39842b05a62,2021.06.09.17.23.18_veh-38_03425_04047,2.0,7,0.0001260000000000705,True,True,True,True,True,True,True,True
d4c7c39842b05a62,2021.06.09.17.23.18_veh-38_03425_04047,4.0,11,0.00023300000000014975,True,True,True,True,True,True,True,True
d4da05493b3e54e5,2021.06.09.17.23.18_veh-38_03425_04047,0.5,4,0.000276000000000054,True,True,True,True,True,True,True,True
d4da05493b3e54e5,2021.06.09.17.23.18_veh-38_03425_04047,1.0,5,0.0005170000000001007,True,True,True,True,True,True,True,True
d4da05493b3e54e5,2021.06.09.17.23.18_veh-38_03425_04047,2.0,7,0.00018099999999998673,True,True,True,True,True,True,True,True
d4da05493b3e54e5,2021.06.09.17.23.18_veh-38_03425_04047,4.0,11,9.199999999998099e-05,True,True,True,True,True,True,True,True
d532a491805651f1,2021.06.09.17.23.18_veh-38_03425_04047,0.5,4,0.00020799999999998597,True,True,True,True,True,True,True,True
d532a491805651f1,2021.06.09.17.23.18_veh-38_03425_04047,1.0,5,0.00017599999999995397,True,True,True,True,True,True,True,True
d532a491805651f1,2021.06.09.17.23.18_veh-38_03425_04047,2.0,7,0.00037799999999998946,True,True,True,True,True,True,True,True
d532a491805651f1,2021.06.09.17.23.18_veh-38_03425_04047,4.0,11,7.300000000043383e-05,True,True,True,True,True,True,True,True
d6254a337d045939,2021.09.14.18.43.41_veh-45_00965_01195,0.5,4,5.3999999999998494e-05,True,True,True,True,True,True,True,True
d6254a337d045939,2021.09.14.18.43.41_veh-45_00965_01195,1.0,5,8.800000000008801e-05,True,True,True,True,True,True,True,True
d6254a337d045939,2021.09.14.18.43.41_veh-45_00965_01195,2.0,7,0.0004919999999999369,True,True,True,True,True,True,True,True
d6254a337d045939,2021.09.14.18.43.41_veh-45_00965_01195,4.0,11,5.699999999997374e-05,True,True,True,True,True,True,True,True
d6bc5facc73f5a84,2021.06.09.17.23.18_veh-38_03425_04047,0.5,4,0.00027199999999999447,True,True,True,True,True,True,True,True
d6bc5facc73f5a84,2021.06.09.17.23.18_veh-38_03425_04047,1.0,5,0.0002870000000000372,True,True,True,True,True,True,True,True
d6bc5facc73f5a84,2021.06.09.17.23.18_veh-38_03425_04047,2.0,7,0.0003449999999998177,True,True,True,True,True,True,True,True
d6bc5facc73f5a84,2021.06.09.17.23.18_veh-38_03425_04047,4.0,11,0.00014700000000011926,True,True,True,True,True,True,True,True
d6dfcdc922525cf4,2021.06.09.17.23.18_veh-38_03425_04047,0.5,4,0.00020600000000003948,True,True,True,True,True,True,True,True
d6dfcdc922525cf4,2021.06.09.17.23.18_veh-38_03425_04047,1.0,5,0.00045399999999995444,True,True,True,True,True,True,True,True
d6dfcdc922525cf4,2021.06.09.17.23.18_veh-38_03425_04047,2.0,7,9.600000000009601e-05,True,True,True,True,True,True,True,True
d6dfcdc922525cf4,2021.06.09.17.23.18_veh-38_03425_04047,4.0,11,0.00020199999999981344,True,True,True,True,True,True,True,True
d6e5004c1ac85d13,2021.10.11.05.34.05_veh-50_01718_02261,0.5,4,9.899999999996023e-05,True,True,True,True,True,True,True,True
d6e5004c1ac85d13,2021.10.11.05.34.05_veh-50_01718_02261,1.0,5,0.0003530000000000477,True,True,True,True,True,True,True,True
d6e5004c1ac85d13,2021.10.11.05.34.05_veh-50_01718_02261,2.0,7,0.00046999999999997044,True,True,True,True,True,True,True,True
d6e5004c1ac85d13,2021.10.11.05.34.05_veh-50_01718_02261,4.0,11,0.0001289999999998237,True,True,True,True,True,True,True,True
d6ec281ede5a510e,2021.06.09.17.23.18_veh-38_03425_04047,0.5,4,0.00023899999999998922,True,True,True,True,True,True,True,True
d6ec281ede5a510e,2021.06.09.17.23.18_veh-38_03425_04047,1.0,5,0.0003589999999999982,True,True,True,True,True,True,True,True
d6ec281ede5a510e,2021.06.09.17.23.18_veh-38_03425_04047,2.0,7,0.0001449999999998397,True,True,True,True,True,True,True,True
d6ec281ede5a510e,2021.06.09.17.23.18_veh-38_03425_04047,4.0,11,0.0002580000000000915,True,True,True,True,True,True,True,True
d6f6d950923d55a8,2021.09.14.18.43.41_veh-45_00965_01195,0.5,4,0.00020700000000001273,True,True,True,True,True,True,True,True
d6f6d950923d55a8,2021.09.14.18.43.41_veh-45_00965_01195,1.0,5,0.00022900000000003473,True,True,True,True,True,True,True,True
d6f6d950923d55a8,2021.09.14.18.43.41_veh-45_00965_01195,2.0,7,0.00019500000000016726,True,True,True,True,True,True,True,True
d6f6d950923d55a8,2021.09.14.18.43.41_veh-45_00965_01195,4.0,11,0.000172000000000061,True,True,True,True,True,True,True,True
d8157653e2305495,2021.09.14.18.43.41_veh-45_00965_01195,0.5,4,0.0006469999999999532,True,True,True,True,True,True,True,True
d8157653e2305495,2021.09.14.18.43.41_veh-45_00965_01195,1.0,5,0.0006340000000000234,True,True,True,True,True,True,True,True
d8157653e2305495,2021.09.14.18.43.41_veh-45_00965_01195,2.0,7,1.5000000000098268e-05,True,True,True,True,True,True,True,True
d8157653e2305495,2021.09.14.18.43.41_veh-45_00965_01195,4.0,11,0.00044399999999988893,True,True,True,True,True,True,True,True
d881993ef1a9541c,2021.06.09.18.23.43_veh-35_02086_02333,0.5,4,0.00024900000000005473,True,True,True,True,True,True,True,True
d881993ef1a9541c,2021.06.09.18.23.43_veh-35_02086_02333,1.0,5,0.0005399999999999849,True,True,True,True,True,True,True,True
d881993ef1a9541c,2021.06.09.18.23.43_veh-35_02086_02333,2.0,7,0.0007440000000000779,True,True,True,True,True,True,True,True
d881993ef1a9541c,2021.06.09.18.23.43_veh-35_02086_02333,4.0,11,0.0010979999999998213,True,True,True,True,True,True,True,True
d8bf267d3e7b5abe,2021.06.09.18.23.43_veh-35_02086_02333,0.5,4,5.000000000032756e-06,True,True,True,True,True,True,True,True
d8bf267d3e7b5abe,2021.06.09.18.23.43_veh-35_02086_02333,1.0,5,1.8999999999991246e-05,True,True,True,True,True,True,True,True
d8bf267d3e7b5abe,2021.06.09.18.23.43_veh-35_02086_02333,2.0,7,0.0002469999999998862,True,True,True,True,True,True,True,True
d8bf267d3e7b5abe,2021.06.09.18.23.43_veh-35_02086_02333,4.0,11,3.799999999998249e-05,True,True,True,True,True,True,True,True
d9baaf5e3f935d2f,2021.06.09.17.23.18_veh-38_03425_04047,0.5,4,0.00010399999999999299,True,True,True,True,True,True,True,True
d9baaf5e3f935d2f,2021.06.09.17.23.18_veh-38_03425_04047,1.0,5,0.00041199999999996795,True,True,True,True,True,True,True,True
d9baaf5e3f935d2f,2021.06.09.17.23.18_veh-38_03425_04047,2.0,7,0.0009099999999999664,True,True,True,True,True,True,True,True
d9baaf5e3f935d2f,2021.06.09.17.23.18_veh-38_03425_04047,4.0,11,0.00014899999999995472,True,True,True,True,True,True,True,True
da8924d52f675885,2021.09.14.18.43.41_veh-45_00965_01195,0.5,4,0.00036400000000003097,True,True,True,True,True,True,True,True
da8924d52f675885,2021.09.14.18.43.41_veh-45_00965_01195,1.0,5,0.00021500000000007624,True,True,True,True,True,True,True,True
da8924d52f675885,2021.09.14.18.43.41_veh-45_00965_01195,2.0,7,0.00022199999999994446,True,True,True,True,True,True,True,True
da8924d52f675885,2021.09.14.18.43.41_veh-45_00965_01195,4.0,11,0.00016999999999978144,True,True,True,True,True,True,True,True
da8a1f2787a4592d,2021.10.11.05.34.05_veh-50_01718_02261,0.5,4,0.00026599999999998847,True,True,True,True,True,True,True,True
da8a1f2787a4592d,2021.10.11.05.34.05_veh-50_01718_02261,1.0,5,0.0004910000000000192,True,True,True,True,True,True,True,True
da8a1f2787a4592d,2021.10.11.05.34.05_veh-50_01718_02261,2.0,7,6.199999999978445e-05,True,True,True,True,True,True,True,True
da8a1f2787a4592d,2021.10.11.05.34.05_veh-50_01718_02261,4.0,11,0.0001829999999998222,True,True,True,True,True,True,True,True
daa79fc7d63f5284,2021.06.09.17.23.18_veh-38_03425_04047,0.5,4,0.00035000000000001696,True,True,True,True,True,True,True,True
daa79fc7d63f5284,2021.06.09.17.23.18_veh-38_03425_04047,1.0,5,0.0005960000000000409,True,True,True,True,True,True,True,True
daa79fc7d63f5284,2021.06.09.17.23.18_veh-38_03425_04047,2.0,7,0.0009550000000000392,True,True,True,True,True,True,True,True
daa79fc7d63f5284,2021.06.09.17.23.18_veh-38_03425_04047,4.0,11,0.00018999999999991246,True,True,True,True,True,True,True,True
db2ddfe4705a5f09,2021.06.09.18.23.43_veh-35_02086_02333,0.5,4,0.0003049999999999997,True,True,True,True,True,True,True,True
db2ddfe4705a5f09,2021.06.09.18.23.43_veh-35_02086_02333,1.0,5,0.00039400000000000546,True,True,True,True,True,True,True,True
db2ddfe4705a5f09,2021.06.09.18.23.43_veh-35_02086_02333,2.0,7,3.599999999992498e-05,True,True,True,True,True,True,True,True
db2ddfe4705a5f09,2021.06.09.18.23.43_veh-35_02086_02333,4.0,11,0.0005030000000001422,True,True,True,True,True,True,True,True
dd402c357898573c,2021.06.14.16.48.02_veh-12_02412_02506,0.5,4,0.00011399999999994748,True,True,True,True,True,True,True,True
dd402c357898573c,2021.06.14.16.48.02_veh-12_02412_02506,1.0,5,6.399999999995298e-05,True,True,True,True,True,True,True,True
dd402c357898573c,2021.06.14.16.48.02_veh-12_02412_02506,2.0,7,0.0007989999999999942,True,True,True,True,True,True,True,True
dd402c357898573c,2021.06.14.16.48.02_veh-12_02412_02506,4.0,11,9.200000000042508e-05,True,True,True,True,True,True,True,True
dd68ef2338df5a7f,2021.06.09.18.23.43_veh-35_02086_02333,0.5,4,0.0004629999999999912,True,True,True,True,True,True,True,True
dd68ef2338df5a7f,2021.06.09.18.23.43_veh-35_02086_02333,1.0,5,0.0009259999999999824,True,True,True,True,True,True,True,True
dd68ef2338df5a7f,2021.06.09.18.23.43_veh-35_02086_02333,2.0,7,0.0010190000000001032,True,True,True,True,True,True,True,True
dd68ef2338df5a7f,2021.06.09.18.23.43_veh-35_02086_02333,4.0,11,0.00019999999999997797,True,True,True,True,True,True,True,True
dd884c0684f4571a,2021.06.09.17.23.18_veh-38_03425_04047,0.5,4,0.00013799999999997148,True,True,True,True,True,True,True,True
dd884c0684f4571a,2021.06.09.17.23.18_veh-38_03425_04047,1.0,5,0.00048399999999992893,True,True,True,True,True,True,True,True
dd884c0684f4571a,2021.06.09.17.23.18_veh-38_03425_04047,2.0,7,0.001024000000000136,True,True,True,True,True,True,True,True
dd884c0684f4571a,2021.06.09.17.23.18_veh-38_03425_04047,4.0,11,0.00018399999999996197,True,True,True,True,True,True,True,True
dec6699443d95ded,2021.06.09.17.23.18_veh-38_03425_04047,0.5,4,0.00029199999999995896,True,True,True,True,True,True,True,True
dec6699443d95ded,2021.06.09.17.23.18_veh-38_03425_04047,1.0,5,0.00025999999999992696,True,True,True,True,True,True,True,True
dec6699443d95ded,2021.06.09.17.23.18_veh-38_03425_04047,2.0,7,0.000204000000000093,True,True,True,True,True,True,True,True
dec6699443d95ded,2021.06.09.17.23.18_veh-38_03425_04047,4.0,11,0.0004620000000001845,True,True,True,True,True,True,True,True
dfe6210b45955bd2,2021.06.14.16.48.02_veh-12_02412_02506,0.5,4,6.499999999998174e-05,True,True,True,True,True,True,True,True
dfe6210b45955bd2,2021.06.14.16.48.02_veh-12_02412_02506,1.0,5,0.000164000000000053,True,True,True,True,True,True,True,True
dfe6210b45955bd2,2021.06.14.16.48.02_veh-12_02412_02506,2.0,7,0.0002249999999999197,True,True,True,True,True,True,True,True
dfe6210b45955bd2,2021.06.14.16.48.02_veh-12_02412_02506,4.0,11,0.00012499999999970868,True,True,True,True,True,True,True,True
e0ab4835126753d1,2021.09.14.18.43.41_veh-45_00965_01195,0.5,4,0.0002870000000000372,True,True,True,True,True,True,True,True
e0ab4835126753d1,2021.09.14.18.43.41_veh-45_00965_01195,1.0,5,0.00016799999999994597,True,True,True,True,True,True,True,True
e0ab4835126753d1,2021.09.14.18.43.41_veh-45_00965_01195,2.0,7,0.0002590000000000092,True,True,True,True,True,True,True,True
e0ab4835126753d1,2021.09.14.18.43.41_veh-45_00965_01195,4.0,11,0.0006499999999998174,True,True,True,True,True,True,True,True
e0d354cee9015310,2021.10.11.05.34.05_veh-50_01718_02261,0.5,4,0.00018099999999998673,True,True,True,True,True,True,True,True
e0d354cee9015310,2021.10.11.05.34.05_veh-50_01718_02261,1.0,5,0.00039800000000000946,True,True,True,True,True,True,True,True
e0d354cee9015310,2021.10.11.05.34.05_veh-50_01718_02261,2.0,7,0.00012900000000004574,True,True,True,True,True,True,True,True
e0d354cee9015310,2021.10.11.05.34.05_veh-50_01718_02261,4.0,11,0.00010300000000018628,True,True,True,True,True,True,True,True
e24e68bd02a8588a,2021.09.14.18.43.41_veh-45_00965_01195,0.5,4,0.0002590000000000092,True,True,True,True,True,True,True,True
e24e68bd02a8588a,2021.09.14.18.43.41_veh-45_00965_01195,1.0,5,0.0004999999999999449,True,True,True,True,True,True,True,True
e24e68bd02a8588a,2021.09.14.18.43.41_veh-45_00965_01195,2.0,7,0.0005869999999998932,True,True,True,True,True,True,True,True
e24e68bd02a8588a,2021.09.14.18.43.41_veh-45_00965_01195,4.0,11,0.0001610000000002998,True,True,True,True,True,True,True,True
e538c4e2bb155e78,2021.09.14.18.43.41_veh-45_00965_01195,0.5,4,3.799999999998249e-05,True,True,True,True,True,True,True,True
e538c4e2bb155e78,2021.09.14.18.43.41_veh-45_00965_01195,1.0,5,0.0003189999999999582,True,True,True,True,True,True,True,True
e538c4e2bb155e78,2021.09.14.18.43.41_veh-45_00965_01195,2.0,7,0.0007600000000000939,True,True,True,True,True,True,True,True
e538c4e2bb155e78,2021.09.14.18.43.41_veh-45_00965_01195,4.0,11,0.00018099999999998673,True,True,True,True,True,True,True,True
e5ed5c5d4c4d5e0a,2021.10.11.05.34.05_veh-50_01718_02261,0.5,4,0.00013099999999999223,True,True,True,True,True,True,True,True
e5ed5c5d4c4d5e0a,2021.10.11.05.34.05_veh-50_01718_02261,1.0,5,5.000000000032756e-06,True,True,True,True,True,True,True,True
e5ed5c5d4c4d5e0a,2021.10.11.05.34.05_veh-50_01718_02261,2.0,7,0.000376000000000154,True,True,True,True,True,True,True,True
e5ed5c5d4c4d5e0a,2021.10.11.05.34.05_veh-50_01718_02261,4.0,11,0.000280000000000058,True,True,True,True,True,True,True,True
e624c8f55354573a,2021.06.14.16.48.02_veh-12_02412_02506,0.5,4,0.00021399999999999197,True,True,True,True,True,True,True,True
e624c8f55354573a,2021.06.14.16.48.02_veh-12_02412_02506,1.0,5,0.00031599999999998296,True,True,True,True,True,True,True,True
e624c8f55354573a,2021.06.14.16.48.02_veh-12_02412_02506,2.0,7,0.0003249999999999087,True,True,True,True,True,True,True,True
e624c8f55354573a,2021.06.14.16.48.02_veh-12_02412_02506,4.0,11,0.00034600000000040154,True,True,True,True,True,True,True,True
e68d889444cd5bbf,2021.06.14.16.48.02_veh-12_02412_02506,0.5,4,8.599999999997499e-05,True,True,True,True,True,True,True,True
e68d889444cd5bbf,2021.06.14.16.48.02_veh-12_02412_02506,1.0,5,0.0003009999999999957,True,True,True,True,True,True,True,True
e68d889444cd5bbf,2021.06.14.16.48.02_veh-12_02412_02506,2.0,7,0.0005150000000000432,True,True,True,True,True,True,True,True
e68d889444cd5bbf,2021.06.14.16.48.02_veh-12_02412_02506,4.0,11,0.000612000000000279,True,True,True,True,True,True,True,True
e75a9cb134da5cfa,2021.09.14.18.43.41_veh-45_00965_01195,0.5,4,0.0003009999999999957,True,True,True,True,True,True,True,True
e75a9cb134da5cfa,2021.09.14.18.43.41_veh-45_00965_01195,1.0,5,0.0007019999999999804,True,True,True,True,True,True,True,True
e75a9cb134da5cfa,2021.09.14.18.43.41_veh-45_00965_01195,2.0,7,0.00020599999999992846,True,True,True,True,True,True,True,True
e75a9cb134da5cfa,2021.09.14.18.43.41_veh-45_00965_01195,4.0,11,0.00044299999999974915,True,True,True,True,True,True,True,True
e862df630cd95fcc,2021.09.14.18.43.41_veh-45_00965_01195,0.5,4,0.00016699999999997273,True,True,True,True,True,True,True,True
e862df630cd95fcc,2021.09.14.18.43.41_veh-45_00965_01195,1.0,5,0.00044399999999999995,True,True,True,True,True,True,True,True
e862df630cd95fcc,2021.09.14.18.43.41_veh-45_00965_01195,2.0,7,0.0008729999999999016,True,True,True,True,True,True,True,True
e862df630cd95fcc,2021.09.14.18.43.41_veh-45_00965_01195,4.0,11,0.00010999999999983245,True,True,True,True,True,True,True,True
e8cf8f7c05495046,2021.06.09.17.23.18_veh-38_03425_04047,0.5,4,0.000160000000000049,True,True,True,True,True,True,True,True
e8cf8f7c05495046,2021.06.09.17.23.18_veh-38_03425_04047,1.0,5,0.0006390000000000562,True,True,True,True,True,True,True,True
e8cf8f7c05495046,2021.06.09.17.23.18_veh-38_03425_04047,2.0,7,0.0003769999999998497,True,True,True,True,True,True,True,True
e8cf8f7c05495046,2021.06.09.17.23.18_veh-38_03425_04047,4.0,11,0.0003580000000003025,True,True,True,True,True,True,True,True
e9e5f718b4f2541c,2021.06.09.18.23.43_veh-35_02086_02333,0.5,4,0.00014700000000000824,True,True,True,True,True,True,True,True
e9e5f718b4f2541c,2021.06.09.18.23.43_veh-35_02086_02333,1.0,5,0.00024399999999991095,True,True,True,True,True,True,True,True
e9e5f718b4f2541c,2021.06.09.18.23.43_veh-35_02086_02333,2.0,7,0.00042199999999992244,True,True,True,True,True,True,True,True
e9e5f718b4f2541c,2021.06.09.18.23.43_veh-35_02086_02333,4.0,11,0.0006580000000000474,True,True,True,True,True,True,True,True
ea1f746323395041,2021.10.11.05.34.05_veh-50_01718_02261,0.5,4,0.0004610000000000447,True,True,True,True,True,True,True,True
ea1f746323395041,2021.10.11.05.34.05_veh-50_01718_02261,1.0,5,0.0008719999999999839,True,True,True,True,True,True,True,True
ea1f746323395041,2021.10.11.05.34.05_veh-50_01718_02261,2.0,7,0.0004870000000001262,True,True,True,True,True,True,True,True
ea1f746323395041,2021.10.11.05.34.05_veh-50_01718_02261,4.0,11,6.500000000020378e-05,True,True,True,True,True,True,True,True
ea322f5dbc505a6e,2021.06.14.16.48.02_veh-12_02412_02506,0.5,4,3.199999999997649e-05,True,True,True,True,True,True,True,True
ea322f5dbc505a6e,2021.06.14.16.48.02_veh-12_02412_02506,1.0,5,4.000000000004e-06,True,True,True,True,True,True,True,True
ea322f5dbc505a6e,2021.06.14.16.48.02_veh-12_02412_02506,2.0,7,0.00017099999999992122,True,True,True,True,True,True,True,True
ea322f5dbc505a6e,2021.06.14.16.48.02_veh-12_02412_02506,4.0,11,0.0004999999999997229,True,True,True,True,True,True,True,True
ea69b6c40b4c5b2c,2021.10.11.05.34.05_veh-50_01718_02261,0.5,4,0.00015799999999999148,True,True,True,True,True,True,True,True
ea69b6c40b4c5b2c,2021.10.11.05.34.05_veh-50_01718_02261,1.0,5,0.00036400000000003097,True,True,True,True,True,True,True,True
ea69b6c40b4c5b2c,2021.10.11.05.34.05_veh-50_01718_02261,2.0,7,0.0001100000000000545,True,True,True,True,True,True,True,True
ea69b6c40b4c5b2c,2021.10.11.05.34.05_veh-50_01718_02261,4.0,11,0.0003390000000003113,True,True,True,True,True,True,True,True
eb49810023515a79,2021.10.11.05.34.05_veh-50_01718_02261,0.5,4,0.00013999999999997348,True,True,True,True,True,True,True,True
eb49810023515a79,2021.10.11.05.34.05_veh-50_01718_02261,1.0,5,0.0003189999999999582,True,True,True,True,True,True,True,True
eb49810023515a79,2021.10.11.05.34.05_veh-50_01718_02261,2.0,7,0.0006280000000000729,True,True,True,True,True,True,True,True
eb49810023515a79,2021.10.11.05.34.05_veh-50_01718_02261,4.0,11,0.000252000000000141,True,True,True,True,True,True,True,True
ebe13ef76bb65251,2021.09.14.18.43.41_veh-45_00965_01195,0.5,4,0.0003290000000000237,True,True,True,True,True,True,True,True
ebe13ef76bb65251,2021.09.14.18.43.41_veh-45_00965_01195,1.0,5,0.0006490000000000107,True,True,True,True,True,True,True,True
ebe13ef76bb65251,2021.09.14.18.43.41_veh-45_00965_01195,2.0,7,0.0009850000000000136,True,True,True,True,True,True,True,True
ebe13ef76bb65251,2021.09.14.18.43.41_veh-45_00965_01195,4.0,11,0.0010819999999998053,True,True,True,True,True,True,True,True
ecccbdf23517501b,2021.09.14.18.43.41_veh-45_00965_01195,0.5,4,0.00033800000000000496,True,True,True,True,True,True,True,True
ecccbdf23517501b,2021.09.14.18.43.41_veh-45_00965_01195,1.0,5,0.0006289999999999907,True,True,True,True,True,True,True,True
ecccbdf23517501b,2021.09.14.18.43.41_veh-45_00965_01195,2.0,7,0.0007520000000000859,True,True,True,True,True,True,True,True
ecccbdf23517501b,2021.09.14.18.43.41_veh-45_00965_01195,4.0,11,4.7000000000352316e-05,True,True,True,True,True,True,True,True
ece23f551f455933,2021.10.11.05.34.05_veh-50_01718_02261,0.5,4,0.00019899999999994922,True,True,True,True,True,True,True,True
ece23f551f455933,2021.10.11.05.34.05_veh-50_01718_02261,1.0,5,0.0004809999999999537,True,True,True,True,True,True,True,True
ece23f551f455933,2021.10.11.05.34.05_veh-50_01718_02261,2.0,7,0.0006260000000000154,True,True,True,True,True,True,True,True
ece23f551f455933,2021.10.11.05.34.05_veh-50_01718_02261,4.0,11,7.000000000090267e-06,True,True,True,True,True,True,True,True
eea25c157e255aab,2021.10.11.05.34.05_veh-50_01718_02261,0.5,4,1.8000000000018e-05,True,True,True,True,True,True,True,True
eea25c157e255aab,2021.10.11.05.34.05_veh-50_01718_02261,1.0,5,2.4000000000024002e-05,True,True,True,True,True,True,True,True
eea25c157e255aab,2021.10.11.05.34.05_veh-50_01718_02261,2.0,7,0.0003289999999998017,True,True,True,True,True,True,True,True
eea25c157e255aab,2021.10.11.05.34.05_veh-50_01718_02261,4.0,11,4.999999999810711e-06,True,True,True,True,True,True,True,True
eec020b38ab253fb,2021.06.09.18.23.43_veh-35_02086_02333,0.5,4,0.0002569999999999517,True,True,True,True,True,True,True,True
eec020b38ab253fb,2021.06.09.18.23.43_veh-35_02086_02333,1.0,5,0.0004450000000000287,True,True,True,True,True,True,True,True
eec020b38ab253fb,2021.06.09.18.23.43_veh-35_02086_02333,2.0,7,0.0008189999999999031,True,True,True,True,True,True,True,True
eec020b38ab253fb,2021.06.09.18.23.43_veh-35_02086_02333,4.0,11,0.001172000000000395,True,True,True,True,True,True,True,True
eede1add4f7c52f7,2021.06.14.16.48.02_veh-12_02412_02506,0.5,4,0.00028400000000000647,True,True,True,True,True,True,True,True
eede1add4f7c52f7,2021.06.14.16.48.02_veh-12_02412_02506,1.0,5,0.0006620000000000514,True,True,True,True,True,True,True,True
eede1add4f7c52f7,2021.06.14.16.48.02_veh-12_02412_02506,2.0,7,0.0008060000000000844,True,True,True,True,True,True,True,True
eede1add4f7c52f7,2021.06.14.16.48.02_veh-12_02412_02506,4.0,11,0.00046500000000015973,True,True,True,True,True,True,True,True
effc3af855d653a9,2021.09.14.18.43.41_veh-45_00965_01195,0.5,4,0.00025399999999997647,True,True,True,True,True,True,True,True
effc3af855d653a9,2021.09.14.18.43.41_veh-45_00965_01195,1.0,5,0.0004930000000000767,True,True,True,True,True,True,True,True
effc3af855d653a9,2021.09.14.18.43.41_veh-45_00965_01195,2.0,7,8.999999999925734e-06,True,True,True,True,True,True,True,True
effc3af855d653a9,2021.09.14.18.43.41_veh-45_00965_01195,4.0,11,3.399999999986747e-05,True,True,True,True,True,True,True,True
f023e3c787f85d78,2021.10.01.13.28.54_veh-28_01767_01883,0.5,4,0.00026999999999999247,True,True,True,True,True,True,True,True
f023e3c787f85d78,2021.10.01.13.28.54_veh-28_01767_01883,1.0,5,0.0001060000000000505,True,True,True,True,True,True,True,True
f023e3c787f85d78,2021.10.01.13.28.54_veh-28_01767_01883,2.0,7,4.099999999995774e-05,True,True,True,True,True,True,True,True
f023e3c787f85d78,2021.10.01.13.28.54_veh-28_01767_01883,4.0,11,5.8000000000113516e-05,True,True,True,True,True,True,True,True
f0525bb89d0c5bd3,2021.10.11.05.34.05_veh-50_01718_02261,0.5,4,6.0000000000060005e-06,True,True,True,True,True,True,True,True
f0525bb89d0c5bd3,2021.10.11.05.34.05_veh-50_01718_02261,1.0,5,9.299999999989872e-05,True,True,True,True,True,True,True,True
f0525bb89d0c5bd3,2021.10.11.05.34.05_veh-50_01718_02261,2.0,7,0.0005630000000000912,True,True,True,True,True,True,True,True
f0525bb89d0c5bd3,2021.10.11.05.34.05_veh-50_01718_02261,4.0,11,0.00019400000000002748,True,True,True,True,True,True,True,True
f0653c09e4a652ac,2021.10.01.13.28.54_veh-28_01767_01883,0.5,4,0.00017500000000003624,True,True,True,True,True,True,True,True
f0653c09e4a652ac,2021.10.01.13.28.54_veh-28_01767_01883,1.0,5,4.599999999999049e-05,True,True,True,True,True,True,True,True
f0653c09e4a652ac,2021.10.01.13.28.54_veh-28_01767_01883,2.0,7,0.0001469999999998972,True,True,True,True,True,True,True,True
f0653c09e4a652ac,2021.10.01.13.28.54_veh-28_01767_01883,4.0,11,0.00014599999999997948,True,True,True,True,True,True,True,True
f0c3d41d7ef35a0c,2021.06.09.18.23.43_veh-35_02086_02333,0.5,4,3.300000000000525e-05,True,True,True,True,True,True,True,True
f0c3d41d7ef35a0c,2021.06.09.18.23.43_veh-35_02086_02333,1.0,5,0.00035399999999996545,True,True,True,True,True,True,True,True
f0c3d41d7ef35a0c,2021.06.09.18.23.43_veh-35_02086_02333,2.0,7,0.0006429999999999492,True,True,True,True,True,True,True,True
f0c3d41d7ef35a0c,2021.06.09.18.23.43_veh-35_02086_02333,4.0,11,0.0003860000000002195,True,True,True,True,True,True,True,True
f0ec3741e96051cb,2021.06.09.18.23.43_veh-35_02086_02333,0.5,4,6.499999999998174e-05,True,True,True,True,True,True,True,True
f0ec3741e96051cb,2021.06.09.18.23.43_veh-35_02086_02333,1.0,5,0.00026199999999998447,True,True,True,True,True,True,True,True
f0ec3741e96051cb,2021.06.09.18.23.43_veh-35_02086_02333,2.0,7,0.0008119999999998129,True,True,True,True,True,True,True,True
f0ec3741e96051cb,2021.06.09.18.23.43_veh-35_02086_02333,4.0,11,0.0006149999999998101,True,True,True,True,True,True,True,True
f0f2603613be5f67,2021.09.14.18.43.41_veh-45_00965_01195,0.5,4,0.00014799999999998148,True,True,True,True,True,True,True,True
f0f2603613be5f67,2021.09.14.18.43.41_veh-45_00965_01195,1.0,5,0.00018399999999996197,True,True,True,True,True,True,True,True
f0f2603613be5f67,2021.09.14.18.43.41_veh-45_00965_01195,2.0,7,0.0004690000000000527,True,True,True,True,True,True,True,True
f0f2603613be5f67,2021.09.14.18.43.41_veh-45_00965_01195,4.0,11,0.0002909999999998192,True,True,True,True,True,True,True,True
f144873958325c1e,2021.06.14.16.48.02_veh-12_02412_02506,0.5,4,0.00010199999999999099,True,True,True,True,True,True,True,True
f144873958325c1e,2021.06.14.16.48.02_veh-12_02412_02506,1.0,5,0.00020299999999995322,True,True,True,True,True,True,True,True
f144873958325c1e,2021.06.14.16.48.02_veh-12_02412_02506,2.0,7,0.0002949999999999342,True,True,True,True,True,True,True,True
f144873958325c1e,2021.06.14.16.48.02_veh-12_02412_02506,4.0,11,0.000408000000000186,True,True,True,True,True,True,True,True
f155ad28a66a5ac8,2021.09.14.18.43.41_veh-45_00965_01195,0.5,4,0.00038400000000005097,True,True,True,True,True,True,True,True
f155ad28a66a5ac8,2021.09.14.18.43.41_veh-45_00965_01195,1.0,5,0.0005699999999999594,True,True,True,True,True,True,True,True
f155ad28a66a5ac8,2021.09.14.18.43.41_veh-45_00965_01195,2.0,7,7.599999999996498e-05,True,True,True,True,True,True,True,True
f155ad28a66a5ac8,2021.09.14.18.43.41_veh-45_00965_01195,4.0,11,0.00010699999999985721,True,True,True,True,True,True,True,True
f1d9d18986035f7c,2021.09.14.18.43.41_veh-45_00965_01195,0.5,4,0.00035200000000001896,True,True,True,True,True,True,True,True
f1d9d18986035f7c,2021.09.14.18.43.41_veh-45_00965_01195,1.0,5,0.0006099999999999994,True,True,True,True,True,True,True,True
f1d9d18986035f7c,2021.09.14.18.43.41_veh-45_00965_01195,2.0,7,0.0008159999999999279,True,True,True,True,True,True,True,True
f1d9d18986035f7c,2021.09.14.18.43.41_veh-45_00965_01195,4.0,11,0.00025599999999981193,True,True,True,True,True,True,True,True
f20ad5bee4315b38,2021.10.11.05.34.05_veh-50_01718_02261,0.5,4,0.00021400000000004749,True,True,True,True,True,True,True,True
f20ad5bee4315b38,2021.10.11.05.34.05_veh-50_01718_02261,1.0,5,0.00048000000000003595,True,True,True,True,True,True,True,True
f20ad5bee4315b38,2021.10.11.05.34.05_veh-50_01718_02261,2.0,7,0.0005730000000001567,True,True,True,True,True,True,True,True
f20ad5bee4315b38,2021.10.11.05.34.05_veh-50_01718_02261,4.0,11,0.00010400000000032605,True,True,True,True,True,True,True,True
f353f4b503055d6f,2021.09.14.18.43.41_veh-45_00965_01195,0.5,4,0.0006140000000000034,True,True,True,True,True,True,True,True
f353f4b503055d6f,2021.09.14.18.43.41_veh-45_00965_01195,1.0,5,0.0011550000000000171,True,True,True,True,True,True,True,True
f353f4b503055d6f,2021.09.14.18.43.41_veh-45_00965_01195,2.0,7,0.0004979999999998874,True,True,True,True,True,True,True,True
f353f4b503055d6f,2021.09.14.18.43.41_veh-45_00965_01195,4.0,11,0.00021799999999982944,True,True,True,True,True,True,True,True
f4495a5f0e155372,2021.09.14.18.43.41_veh-45_00965_01195,0.5,4,7.20000000000165e-05,True,True,True,True,True,True,True,True
f4495a5f0e155372,2021.09.14.18.43.41_veh-45_00965_01195,1.0,5,0.00015100000000001224,True,True,True,True,True,True,True,True
f4495a5f0e155372,2021.09.14.18.43.41_veh-45_00965_01195,2.0,7,0.00016799999999994597,True,True,True,True,True,True,True,True
f4495a5f0e155372,2021.09.14.18.43.41_veh-45_00965_01195,4.0,11,0.00022699999999975518,True,True,True,True,True,True,True,True
f457d7a93ed55606,2021.09.14.18.43.41_veh-45_00965_01195,0.5,4,0.0004129999999999967,True,True,True,True,True,True,True,True
f457d7a93ed55606,2021.09.14.18.43.41_veh-45_00965_01195,1.0,5,0.0008589999999999431,True,True,True,True,True,True,True,True
f457d7a93ed55606,2021.09.14.18.43.41_veh-45_00965_01195,2.0,7,0.0013339999999999463,True,True,True,True,True,True,True,True
f457d7a93ed55606,2021.09.14.18.43.41_veh-45_00965_01195,4.0,11,0.0006810000000001537,True,True,True,True,True,True,True,True
f4c6652531f158ec,2021.10.01.13.28.54_veh-28_01767_01883,0.5,4,0.00032200000000004447,True,True,True,True,True,True,True,True
f4c6652531f158ec,2021.10.01.13.28.54_veh-28_01767_01883,1.0,5,0.00017099999999992122,True,True,True,True,True,True,True,True
f4c6652531f158ec,2021.10.01.13.28.54_veh-28_01767_01883,2.0,7,9.499999999995623e-05,True,True,True,True,True,True,True,True
f4c6652531f158ec,2021.10.01.13.28.54_veh-28_01767_01883,4.0,11,0.00018399999999996197,True,True,True,True,True,True,True,True
f4d300f4ab175cc3,2021.09.14.18.43.41_veh-45_00965_01195,0.5,4,0.00014900000000001024,True,True,True,True,True,True,True,True
f4d300f4ab175cc3,2021.09.14.18.43.41_veh-45_00965_01195,1.0,5,0.00043800000000004946,True,True,True,True,True,True,True,True
f4d300f4ab175cc3,2021.09.14.18.43.41_veh-45_00965_01195,2.0,7,0.0006710000000000882,True,True,True,True,True,True,True,True
f4d300f4ab175cc3,2021.09.14.18.43.41_veh-45_00965_01195,4.0,11,6.899999999987472e-05,True,True,True,True,True,True,True,True
f5c9143d9fcb5422,2021.10.01.13.28.54_veh-28_01767_01883,0.5,4,0.000164000000000053,True,True,True,True,True,True,True,True
f5c9143d9fcb5422,2021.10.01.13.28.54_veh-28_01767_01883,1.0,5,0.0003530000000000477,True,True,True,True,True,True,True,True
f5c9143d9fcb5422,2021.10.01.13.28.54_veh-28_01767_01883,2.0,7,8.900000000000574e-05,True,True,True,True,True,True,True,True
f5c9143d9fcb5422,2021.10.01.13.28.54_veh-28_01767_01883,4.0,11,6.500000000020378e-05,True,True,True,True,True,True,True,True
f7226851d4885144,2021.06.09.18.23.43_veh-35_02086_02333,0.5,4,0.00011499999999997623,True,True,True,True,True,True,True,True
f7226851d4885144,2021.06.09.18.23.43_veh-35_02086_02333,1.0,5,0.000304000000000082,True,True,True,True,True,True,True,True
f7226851d4885144,2021.06.09.18.23.43_veh-35_02086_02333,2.0,7,6.700000000003925e-05,True,True,True,True,True,True,True,True
f7226851d4885144,2021.06.09.18.23.43_veh-35_02086_02333,4.0,11,0.0009749999999999481,True,True,True,True,True,True,True,True
f77cae990f425f83,2021.06.14.16.48.02_veh-12_02412_02506,0.5,4,0.000134000000000023,True,True,True,True,True,True,True,True
f77cae990f425f83,2021.06.14.16.48.02_veh-12_02412_02506,1.0,5,0.00029400000000001647,True,True,True,True,True,True,True,True
f77cae990f425f83,2021.06.14.16.48.02_veh-12_02412_02506,2.0,7,0.0006379999999999164,True,True,True,True,True,True,True,True
f77cae990f425f83,2021.06.14.16.48.02_veh-12_02412_02506,4.0,11,0.0003429999999999822,True,True,True,True,True,True,True,True
f7955e85f6055b1b,2021.10.01.13.28.54_veh-28_01767_01883,0.5,4,0.00029400000000001647,True,True,True,True,True,True,True,True
f7955e85f6055b1b,2021.10.01.13.28.54_veh-28_01767_01883,1.0,5,0.0005640000000000089,True,True,True,True,True,True,True,True
f7955e85f6055b1b,2021.10.01.13.28.54_veh-28_01767_01883,2.0,7,0.00021099999999996122,True,True,True,True,True,True,True,True
f7955e85f6055b1b,2021.10.01.13.28.54_veh-28_01767_01883,4.0,11,0.000128000000000128,True,True,True,True,True,True,True,True
f7c9c840ff7658ca,2021.10.11.05.34.05_veh-50_01718_02261,0.5,4,0.00025999999999998247,True,True,True,True,True,True,True,True
f7c9c840ff7658ca,2021.10.11.05.34.05_veh-50_01718_02261,1.0,5,0.0004410000000000247,True,True,True,True,True,True,True,True
f7c9c840ff7658ca,2021.10.11.05.34.05_veh-50_01718_02261,2.0,7,0.0005990000000000162,True,True,True,True,True,True,True,True
f7c9c840ff7658ca,2021.10.11.05.34.05_veh-50_01718_02261,4.0,11,5.400000000044258e-05,True,True,True,True,True,True,True,True
f87417ea7f1a578b,2021.10.01.13.28.54_veh-28_01767_01883,0.5,4,0.00017999999999995797,True,True,True,True,True,True,True,True
f87417ea7f1a578b,2021.10.01.13.28.54_veh-28_01767_01883,1.0,5,1.0999999999983245e-05,True,True,True,True,True,True,True,True
f87417ea7f1a578b,2021.10.01.13.28.54_veh-28_01767_01883,2.0,7,1.4999999999876223e-05,True,True,True,True,True,True,True,True
f87417ea7f1a578b,2021.10.01.13.28.54_veh-28_01767_01883,4.0,11,2.700000000022129e-05,True,True,True,True,True,True,True,True
f96b918af8ab51dc,2021.06.09.18.23.43_veh-35_02086_02333,0.5,4,0.00016899999999997473,True,True,True,True,True,True,True,True
f96b918af8ab51dc,2021.06.09.18.23.43_veh-35_02086_02333,1.0,5,1.399999999995849e-05,True,True,True,True,True,True,True,True
f96b918af8ab51dc,2021.06.09.18.23.43_veh-35_02086_02333,2.0,7,0.0009490000000000887,True,True,True,True,True,True,True,True
f96b918af8ab51dc,2021.06.09.18.23.43_veh-35_02086_02333,4.0,11,0.0010349999999998971,True,True,True,True,True,True,True,True
f9ab7613bb7c5d11,2021.10.01.13.28.54_veh-28_01767_01883,0.5,4,0.00012299999999998423,True,True,True,True,True,True,True,True
f9ab7613bb7c5d11,2021.10.01.13.28.54_veh-28_01767_01883,1.0,5,6.60000000000105e-05,True,True,True,True,True,True,True,True
f9ab7613bb7c5d11,2021.10.01.13.28.54_veh-28_01767_01883,2.0,7,4.6999999999908226e-05,True,True,True,True,True,True,True,True
f9ab7613bb7c5d11,2021.10.01.13.28.54_veh-28_01767_01883,4.0,11,7.100000000015427e-05,True,True,True,True,True,True,True,True
f9c9728d03c955ee,2021.06.09.17.23.18_veh-38_03425_04047,0.5,4,0.0002969999999999917,True,True,True,True,True,True,True,True
f9c9728d03c955ee,2021.06.09.17.23.18_veh-38_03425_04047,1.0,5,0.0006349999999999412,True,True,True,True,True,True,True,True
f9c9728d03c955ee,2021.06.09.17.23.18_veh-38_03425_04047,2.0,7,0.00024300000000021527,True,True,True,True,True,True,True,True
f9c9728d03c955ee,2021.06.09.17.23.18_veh-38_03425_04047,4.0,11,0.0001289999999998237,True,True,True,True,True,True,True,True
fa4f6c296e2c5568,2021.10.11.05.34.05_veh-50_01718_02261,0.5,4,0.00024400000000002198,True,True,True,True,True,True,True,True
fa4f6c296e2c5568,2021.10.11.05.34.05_veh-50_01718_02261,1.0,5,0.0003450000000000397,True,True,True,True,True,True,True,True
fa4f6c296e2c5568,2021.10.11.05.34.05_veh-50_01718_02261,2.0,7,5.2999999999858716e-05,True,True,True,True,True,True,True,True
fa4f6c296e2c5568,2021.10.11.05.34.05_veh-50_01718_02261,4.0,11,0.0001020000000000465,True,True,True,True,True,True,True,True
fabd64c1d7ce5587,2021.06.09.18.23.43_veh-35_02086_02333,0.5,4,0.0002650000000000152,True,True,True,True,True,True,True,True
fabd64c1d7ce5587,2021.06.09.18.23.43_veh-35_02086_02333,1.0,5,0.0004089999999999927,True,True,True,True,True,True,True,True
fabd64c1d7ce5587,2021.06.09.18.23.43_veh-35_02086_02333,2.0,7,0.00031200000000009,True,True,True,True,True,True,True,True
fabd64c1d7ce5587,2021.06.09.18.23.43_veh-35_02086_02333,4.0,11,0.0002630000000003463,True,True,True,True,True,True,True,True
faef82e821da5e92,2021.10.01.13.28.54_veh-28_01767_01883,0.5,4,0.00010900000000002574,True,True,True,True,True,True,True,True
faef82e821da5e92,2021.10.01.13.28.54_veh-28_01767_01883,1.0,5,0.000296000000000074,True,True,True,True,True,True,True,True
faef82e821da5e92,2021.10.01.13.28.54_veh-28_01767_01883,2.0,7,0.0001020000000000465,True,True,True,True,True,True,True,True
faef82e821da5e92,2021.10.01.13.28.54_veh-28_01767_01883,4.0,11,0.00014399999999969992,True,True,True,True,True,True,True,True
fb0f2f71b07659f3,2021.09.14.18.43.41_veh-45_00965_01195,0.5,4,0.00016399999999999748,True,True,True,True,True,True,True,True
fb0f2f71b07659f3,2021.09.14.18.43.41_veh-45_00965_01195,1.0,5,0.0005020000000000024,True,True,True,True,True,True,True,True
fb0f2f71b07659f3,2021.09.14.18.43.41_veh-45_00965_01195,2.0,7,0.0010870000000000601,True,True,True,True,True,True,True,True
fb0f2f71b07659f3,2021.09.14.18.43.41_veh-45_00965_01195,4.0,11,4.999999999810711e-06,True,True,True,True,True,True,True,True
fbee921f95e35d4a,2021.09.14.18.43.41_veh-45_00965_01195,0.5,4,0.00017500000000003624,True,True,True,True,True,True,True,True
fbee921f95e35d4a,2021.09.14.18.43.41_veh-45_00965_01195,1.0,5,0.0003029999999999422,True,True,True,True,True,True,True,True
fbee921f95e35d4a,2021.09.14.18.43.41_veh-45_00965_01195,2.0,7,0.00012499999999993072,True,True,True,True,True,True,True,True
fbee921f95e35d4a,2021.09.14.18.43.41_veh-45_00965_01195,4.0,11,2.9999999999752447e-06,True,True,True,True,True,True,True,True
fcdcbc4b2ab550cd,2021.10.11.05.34.05_veh-50_01718_02261,0.5,4,0.00028200000000000447,True,True,True,True,True,True,True,True
fcdcbc4b2ab550cd,2021.10.11.05.34.05_veh-50_01718_02261,1.0,5,0.0005669999999999842,True,True,True,True,True,True,True,True
fcdcbc4b2ab550cd,2021.10.11.05.34.05_veh-50_01718_02261,2.0,7,0.000248000000000026,True,True,True,True,True,True,True,True
fcdcbc4b2ab550cd,2021.10.11.05.34.05_veh-50_01718_02261,4.0,11,5.599999999983396e-05,True,True,True,True,True,True,True,True
fd439147cfcd53d3,2021.09.14.18.43.41_veh-45_00965_01195,0.5,4,0.00021700000000002273,True,True,True,True,True,True,True,True
fd439147cfcd53d3,2021.09.14.18.43.41_veh-45_00965_01195,1.0,5,0.00036999999999998145,True,True,True,True,True,True,True,True
fd439147cfcd53d3,2021.09.14.18.43.41_veh-45_00965_01195,2.0,7,0.00027599999999994296,True,True,True,True,True,True,True,True
fd439147cfcd53d3,2021.09.14.18.43.41_veh-45_00965_01195,4.0,11,0.0008149999999997881,True,True,True,True,True,True,True,True
fd77982733c25c99,2021.10.11.05.34.05_veh-50_01718_02261,0.5,4,8.399999999997299e-05,True,True,True,True,True,True,True,True
fd77982733c25c99,2021.10.11.05.34.05_veh-50_01718_02261,1.0,5,0.00010700000000007925,True,True,True,True,True,True,True,True
fd77982733c25c99,2021.10.11.05.34.05_veh-50_01718_02261,2.0,7,0.0003850000000000797,True,True,True,True,True,True,True,True
fd77982733c25c99,2021.10.11.05.34.05_veh-50_01718_02261,4.0,11,6.4000000000064e-05,True,True,True,True,True,True,True,True
febfcfa4f2295797,2021.09.14.18.43.41_veh-45_00965_01195,0.5,4,0.00014999999999998348,True,True,True,True,True,True,True,True
febfcfa4f2295797,2021.09.14.18.43.41_veh-45_00965_01195,1.0,5,0.0005250000000001087,True,True,True,True,True,True,True,True
febfcfa4f2295797,2021.09.14.18.43.41_veh-45_00965_01195,2.0,7,0.001154999999999795,True,True,True,True,True,True,True,True
febfcfa4f2295797,2021.09.14.18.43.41_veh-45_00965_01195,4.0,11,0.0005730000000001567,True,True,True,True,True,True,True,True
ff1c2755cfbf5406,2021.10.11.05.34.05_veh-50_01718_02261,0.5,4,0.00025399999999997647,True,True,True,True,True,True,True,True
ff1c2755cfbf5406,2021.10.11.05.34.05_veh-50_01718_02261,1.0,5,0.00046999999999997044,True,True,True,True,True,True,True,True
ff1c2755cfbf5406,2021.10.11.05.34.05_veh-50_01718_02261,2.0,7,0.00011099999999997223,True,True,True,True,True,True,True,True
ff1c2755cfbf5406,2021.10.11.05.34.05_veh-50_01718_02261,4.0,11,1.7999999999851468e-05,True,True,True,True,True,True,True,True
ff88391922335aa9,2021.10.11.05.34.05_veh-50_01718_02261,0.5,4,0.00017899999999998473,True,True,True,True,True,True,True,True
ff88391922335aa9,2021.10.11.05.34.05_veh-50_01718_02261,1.0,5,0.0002830000000000332,True,True,True,True,True,True,True,True
ff88391922335aa9,2021.10.11.05.34.05_veh-50_01718_02261,2.0,7,0.0006189999999999252,True,True,True,True,True,True,True,True
ff88391922335aa9,2021.10.11.05.34.05_veh-50_01718_02261,4.0,11,0.00018999999999991246,True,True,True,True,True,True,True,True
ffafd9aef85b51c6,2021.09.14.18.43.41_veh-45_00965_01195,0.5,4,0.00021900000000002473,True,True,True,True,True,True,True,True
ffafd9aef85b51c6,2021.09.14.18.43.41_veh-45_00965_01195,1.0,5,0.0005039999999999489,True,True,True,True,True,True,True,True
ffafd9aef85b51c6,2021.09.14.18.43.41_veh-45_00965_01195,2.0,7,0.001346999999999987,True,True,True,True,True,True,True,True
ffafd9aef85b51c6,2021.09.14.18.43.41_veh-45_00965_01195,4.0,11,0.0005779999999999674,True,True,True,True,True,True,True,True
