model,split,feature,horizon_s,channel,statistic,support,truth_std,mae,rmse,normalized_rmse,r2,spearman
ridge,outer_train_oof,C_environment_only_h1s_candidate_relative_dynamic_occupancy_mean,1.0,candidate_relative_dynamic_occupancy,mean,4848,0.03150100260972977,0.015520275570452213,0.02074989303946495,0.658705953086004,0.5661066672287682,0.7708851367293607
ridge,outer_train_oof,C_environment_only_h1s_candidate_relative_dynamic_occupancy_std,1.0,candidate_relative_dynamic_occupancy,std,4848,0.07743223011493683,0.03786506503820419,0.04904933273792267,0.6334460361524625,0.5987429808197042,0.805960879490841
ridge,outer_train_oof,C_environment_only_h1s_candidate_relative_dynamic_occupancy_min,1.0,candidate_relative_dynamic_occupancy,min,4848,0.0,0.0,0.0,0.0,,
ridge,outer_train_oof,C_environment_only_h1s_candidate_relative_dynamic_occupancy_max,1.0,candidate_relative_dynamic_occupancy,max,4848,0.1553698480129242,0.07402154058218002,0.15541890263557434,1.0003476764328416,-0.0006315391338558296,0.20690000510994175
ridge,outer_train_oof,C_environment_only_h1s_candidate_relative_dynamic_occupancy_q10,1.0,candidate_relative_dynamic_occupancy,q10,4848,0.0,0.0,0.0,0.0,,
ridge,outer_train_oof,C_environment_only_h1s_candidate_relative_dynamic_occupancy_q90,1.0,candidate_relative_dynamic_occupancy,q90,4848,0.2133459895849228,0.12670208513736725,0.21965505182743073,1.0295838402396216,-0.060018426376744705,0.2856280219961799
ridge,outer_train_oof,C_environment_only_h1s_candidate_relative_dynamic_occupancy_nonzero_fraction,1.0,candidate_relative_dynamic_occupancy,nonzero_fraction,4848,0.03150100260972977,0.015520275570452213,0.02074989303946495,0.658705953086004,0.5661066672287682,0.7708851367293607
ridge,outer_train_oof,C_environment_only_h1s_relative_longitudinal_velocity_mean,1.0,relative_longitudinal_velocity,mean,4848,0.008041379041969776,0.006162804085761309,0.00827642809599638,1.0292304201781695,-0.059314335262481865,0.4789523838568535
ridge,outer_train_oof,C_environment_only_h1s_relative_longitudinal_velocity_std,1.0,relative_longitudinal_velocity,std,4848,0.03231655806303024,0.017576584592461586,0.02378079667687416,0.7358708522883942,0.4584947760708358,0.6804505455416184
ridge,outer_train_oof,C_environment_only_h1s_relative_longitudinal_velocity_min,1.0,relative_longitudinal_velocity,min,4848,0.19583472609519958,0.15675079822540283,0.22564288973808289,1.152230543536645,-0.32758980617318767,0.288647404595869
ridge,outer_train_oof,C_environment_only_h1s_relative_longitudinal_velocity_max,1.0,relative_longitudinal_velocity,max,4848,0.2446601241827011,0.15902243554592133,0.20731545984745026,0.8473629600557312,0.28197920692978284,0.5753384511129322
ridge,outer_train_oof,C_environment_only_h1s_relative_longitudinal_velocity_q10,1.0,relative_longitudinal_velocity,q10,4848,0.012901927344501019,0.007030709180980921,0.01596429944038391,1.237380678176885,-0.5310542410273513,0.13123723187506436
ridge,outer_train_oof,C_environment_only_h1s_relative_longitudinal_velocity_q90,1.0,relative_longitudinal_velocity,q90,4848,0.008718052878975868,0.004251296166330576,0.011362374760210514,1.303309385349808,-0.6986316920235962,0.014231756500005561
ridge,outer_train_oof,C_environment_only_h1s_relative_longitudinal_velocity_nonzero_fraction,1.0,relative_longitudinal_velocity,nonzero_fraction,4848,0.03116682544350624,0.015658512711524963,0.020899655297398567,0.6705743602572878,0.5503307608141641,0.7633622992756645
ridge,outer_train_oof,C_environment_only_h1s_relative_lateral_velocity_mean,1.0,relative_lateral_velocity,mean,4848,0.011653733439743519,0.011871973983943462,0.016014153137803078,1.374163397829925,-0.8883295496901653,0.17449970091339864
ridge,outer_train_oof,C_environment_only_h1s_relative_lateral_velocity_std,1.0,relative_lateral_velocity,std,4848,0.03386131301522255,0.015217529609799385,0.020607195794582367,0.6085759260269777,0.62963477123016,0.7708245129295758
ridge,outer_train_oof,C_environment_only_h1s_relative_lateral_velocity_min,1.0,relative_lateral_velocity,min,4848,0.18459075689315796,0.1321258842945099,0.19037370383739471,1.0313235631856832,-0.0636384364060203,0.3596406454491791
ridge,outer_train_oof,C_environment_only_h1s_relative_lateral_velocity_max,1.0,relative_lateral_velocity,max,4848,0.17540772259235382,0.12713629007339478,0.18265730142593384,1.041340045932063,-0.08436794483137589,0.26654290677594256
ridge,outer_train_oof,C_environment_only_h1s_relative_lateral_velocity_q10,1.0,relative_lateral_velocity,q10,4848,0.035610221326351166,0.019925463944673538,0.04336075857281685,1.2176475738877646,-0.4826697520217067,0.15215974838039187
ridge,outer_train_oof,C_environment_only_h1s_relative_lateral_velocity_q90,1.0,relative_lateral_velocity,q90,4848,0.01975071430206299,0.010155733674764633,0.02338096871972084,1.1837838306819788,-0.40139108701910153,0.1155604421234628
ridge,outer_train_oof,C_environment_only_h1s_relative_lateral_velocity_nonzero_fraction,1.0,relative_lateral_velocity,nonzero_fraction,4848,0.031376052647829056,0.01646055094897747,0.0218968465924263,0.6978840467346478,0.5129579124397463,0.7436946473336354
ridge,outer_train_oof,C_environment_only_h1s_dynamic_clearance_mean,1.0,dynamic_clearance,mean,4848,0.20694884657859802,0.10888175666332245,0.14574897289276123,0.7042759152427789,0.5039962677685833,0.7654691355658243
ridge,outer_train_oof,C_environment_only_h1s_dynamic_clearance_std,1.0,dynamic_clearance,std,4848,0.07199312001466751,0.061610136181116104,0.08044912666082382,1.1174551820505076,-0.24870745524898075,0.3801077550512636
ridge,outer_train_oof,C_environment_only_h1s_dynamic_clearance_min,1.0,dynamic_clearance,min,4848,0.16091875731945038,0.08555154502391815,0.1621270328760147,1.0075495645931578,-0.015073654002635717,0.23292256365812872
ridge,outer_train_oof,C_environment_only_h1s_dynamic_clearance_max,1.0,dynamic_clearance,max,4848,0.17354166507720947,0.10172665864229202,0.13721567392349243,0.7906698704276512,0.3748273506564356,0.6368327043757763
ridge,outer_train_oof,C_environment_only_h1s_dynamic_clearance_q10,1.0,dynamic_clearance,q10,4848,0.18717852234840393,0.11189520359039307,0.1690073162317276,0.9029217470775365,0.18473479005215487,0.5694055765465338
ridge,outer_train_oof,C_environment_only_h1s_dynamic_clearance_q90,1.0,dynamic_clearance,q90,4848,0.23695361614227295,0.1293521225452423,0.167715385556221,0.7077961541059222,0.49902137209682185,0.7317866395789933
ridge,outer_train_oof,C_environment_only_h1s_dynamic_clearance_nonzero_fraction,1.0,dynamic_clearance,nonzero_fraction,4848,0.03111923672258854,0.015511619858443737,0.02092205360531807,0.6723197080025463,0.5479871946995467,0.7542998639846495
ridge,outer_train_oof,C_environment_only_h1s_dynamic_collision_field_mean,1.0,dynamic_collision_field,mean,4848,0.1604546755552292,0.06988780945539474,0.09065587818622589,0.5649936310890522,0.6807821186777445,0.8196090316420988
ridge,outer_train_oof,C_environment_only_h1s_dynamic_collision_field_std,1.0,dynamic_collision_field,std,4848,0.13320443034172058,0.07128265500068665,0.09709244221448898,0.7288999520537356,0.46870772258964455,0.7270336423741445
ridge,outer_train_oof,C_environment_only_h1s_dynamic_collision_field_min,1.0,dynamic_collision_field,min,4848,0.0,0.0,0.0,0.0,,
ridge,outer_train_oof,C_environment_only_h1s_dynamic_collision_field_max,1.0,dynamic_collision_field,max,4848,0.23091958463191986,0.14064007997512817,0.25479668378829956,1.1034116671360172,-0.2174917869013453,0.22566446815830035
ridge,outer_train_oof,C_environment_only_h1s_dynamic_collision_field_q10,1.0,dynamic_collision_field,q10,4848,0.0,0.0,0.0,0.0,,
ridge,outer_train_oof,C_environment_only_h1s_dynamic_collision_field_q90,1.0,dynamic_collision_field,q90,4848,0.4154805839061737,0.24770070612430573,0.3715963363647461,0.8943995942862943,0.20008956831294922,0.4858026930433829
ridge,outer_train_oof,C_environment_only_h1s_dynamic_collision_field_nonzero_fraction,1.0,dynamic_collision_field,nonzero_fraction,4848,0.1604546755552292,0.06988780945539474,0.09065587818622589,0.5649936310890522,0.6807821186777445,0.8196090316420988
ridge,outer_train_oof,C_environment_only_h2s_candidate_relative_dynamic_occupancy_mean,2.0,candidate_relative_dynamic_occupancy,mean,4848,0.03178119286894798,0.01530658919364214,0.020345859229564667,0.6401867877159343,0.5901625081663546,0.7769690797016027
ridge,outer_train_oof,C_environment_only_h2s_candidate_relative_dynamic_occupancy_std,2.0,candidate_relative_dynamic_occupancy,std,4848,0.07902920991182327,0.03884265944361687,0.0512266643345356,0.6481991201948201,0.5798379478626647,0.7960943892111516
ridge,outer_train_oof,C_environment_only_h2s_candidate_relative_dynamic_occupancy_min,2.0,candidate_relative_dynamic_occupancy,min,4848,0.0,0.0,0.0,0.0,,
ridge,outer_train_oof,C_environment_only_h2s_candidate_relative_dynamic_occupancy_max,2.0,candidate_relative_dynamic_occupancy,max,4848,0.17647317051887512,0.08786306530237198,0.17933189868927002,1.016177256595996,-0.03266083101308581,0.21846889923858465
ridge,outer_train_oof,C_environment_only_h2s_candidate_relative_dynamic_occupancy_q10,2.0,candidate_relative_dynamic_occupancy,q10,4848,0.0,0.0,0.0,0.0,,
ridge,outer_train_oof,C_environment_only_h2s_candidate_relative_dynamic_occupancy_q90,2.0,candidate_relative_dynamic_occupancy,q90,4848,0.23599843680858612,0.1369980424642563,0.23588275909423828,0.9995113515886251,0.0009802034755002076,0.31908734333065863
ridge,outer_train_oof,C_environment_only_h2s_candidate_relative_dynamic_occupancy_nonzero_fraction,2.0,candidate_relative_dynamic_occupancy,nonzero_fraction,4848,0.03178119286894798,0.01530658919364214,0.020345859229564667,0.6401867877159343,0.5901625081663546,0.7769690797016027
ridge,outer_train_oof,C_environment_only_h2s_relative_longitudinal_velocity_mean,2.0,relative_longitudinal_velocity,mean,4848,0.008016828447580338,0.006275787018239498,0.008464367128908634,1.0558256402940613,-0.11476622968899952,0.46515940113293797
ridge,outer_train_oof,C_environment_only_h2s_relative_longitudinal_velocity_std,2.0,relative_longitudinal_velocity,std,4848,0.03241511806845665,0.017837852239608765,0.024180393666028976,0.7459602046528541,0.44354314567495257,0.6630053223295109
ridge,outer_train_oof,C_environment_only_h2s_relative_longitudinal_velocity_min,2.0,relative_longitudinal_velocity,min,4848,0.19978143274784088,0.15748997032642365,0.22813676297664642,1.1419219644340886,-0.30400815528428127,0.23841396627057124
ridge,outer_train_oof,C_environment_only_h2s_relative_longitudinal_velocity_max,2.0,relative_longitudinal_velocity,max,4848,0.2417716383934021,0.15311817824840546,0.20493893325328827,0.8476529945224233,0.28148098288396595,0.6000478593098906
ridge,outer_train_oof,C_environment_only_h2s_relative_longitudinal_velocity_q10,2.0,relative_longitudinal_velocity,q10,4848,0.011281761340796947,0.006241664756089449,0.014263125136494637,1.2642865804987715,-0.5983636985156531,0.13317454768999534
ridge,outer_train_oof,C_environment_only_h2s_relative_longitudinal_velocity_q90,2.0,relative_longitudinal_velocity,q90,4848,0.004770723171532154,0.0017163316952064633,0.005485814530402422,1.1498852086171476,-0.3222509547816006,-0.04792668635189674
ridge,outer_train_oof,C_environment_only_h2s_relative_longitudinal_velocity_nonzero_fraction,2.0,relative_longitudinal_velocity,nonzero_fraction,4848,0.03167300671339035,0.015306456945836544,0.020390724763274193,0.6437890327556993,0.5855361930129298,0.7737513637558266
ridge,outer_train_oof,C_environment_only_h2s_relative_lateral_velocity_mean,2.0,relative_lateral_velocity,mean,4848,0.011464402079582214,0.011605690233409405,0.015589280985295773,1.3597989797890413,-0.8490529918753917,0.15766079753870732
ridge,outer_train_oof,C_environment_only_h2s_relative_lateral_velocity_std,2.0,relative_lateral_velocity,std,4848,0.033335138112306595,0.015506945550441742,0.020651470869779587,0.6195098913843602,0.6162066090951268,0.7438905673300008
ridge,outer_train_oof,C_environment_only_h2s_relative_lateral_velocity_min,2.0,relative_lateral_velocity,min,4848,0.18297582864761353,0.13715501129627228,0.19574278593063354,1.0697753167224313,-0.14441619719513898,0.30988974339425024
ridge,outer_train_oof,C_environment_only_h2s_relative_lateral_velocity_max,2.0,relative_lateral_velocity,max,4848,0.16851277649402618,0.12084666639566422,0.17429201304912567,1.0343057829761078,-0.06976722122121104,0.2694935167723511
ridge,outer_train_oof,C_environment_only_h2s_relative_lateral_velocity_q10,2.0,relative_lateral_velocity,q10,4848,0.03758499026298523,0.021346068009734154,0.04548488184809685,1.2102067175650906,-0.46455351929898026,0.10430856023130708
ridge,outer_train_oof,C_environment_only_h2s_relative_lateral_velocity_q90,2.0,relative_lateral_velocity,q90,4848,0.022521670907735825,0.012045884504914284,0.027330029755830765,1.2135335303742785,-0.47258020484275076,0.12530527903274147
ridge,outer_train_oof,C_environment_only_h2s_relative_lateral_velocity_nonzero_fraction,2.0,relative_lateral_velocity,nonzero_fraction,4848,0.03160708770155907,0.016111593693494797,0.02155303955078125,0.6819063913284175,0.5350053112739497,0.7483571303952391
ridge,outer_train_oof,C_environment_only_h2s_dynamic_clearance_mean,2.0,dynamic_clearance,mean,4848,0.20804175734519958,0.10839588195085526,0.14603927731513977,0.7019707838369224,0.5072366672555352,0.7589257193458806
ridge,outer_train_oof,C_environment_only_h2s_dynamic_clearance_std,2.0,dynamic_clearance,std,4848,0.07260774821043015,0.06165335699915886,0.08191882073879242,1.1282374226956882,-0.27292084266609384,0.37505058053550316
ridge,outer_train_oof,C_environment_only_h2s_dynamic_clearance_min,2.0,dynamic_clearance,min,4848,0.17897330224514008,0.0902656614780426,0.175916388630867,0.9828911625001124,0.033868913256168365,0.24052084124158812
ridge,outer_train_oof,C_environment_only_h2s_dynamic_clearance_max,2.0,dynamic_clearance,max,4848,0.17271603643894196,0.09841082245111465,0.1363765299320221,0.7895874344111534,0.37653234876455033,0.6183101616527552
ridge,outer_train_oof,C_environment_only_h2s_dynamic_clearance_q10,2.0,dynamic_clearance,q10,4848,0.19408826529979706,0.11149542778730392,0.16984400153160095,0.8750877445667467,0.2342237228222842,0.5559313557773224
ridge,outer_train_oof,C_environment_only_h2s_dynamic_clearance_q90,2.0,dynamic_clearance,q90,4848,0.23454353213310242,0.1246340423822403,0.1645943969488144,0.7017625794155019,0.5075261412814804,0.7417132840241579
ridge,outer_train_oof,C_environment_only_h2s_dynamic_clearance_nonzero_fraction,2.0,dynamic_clearance,nonzero_fraction,4848,0.03145839273929596,0.015345091931521893,0.020566046237945557,0.6537517873901292,0.5726058526015547,0.7632336593631676
ridge,outer_train_oof,C_environment_only_h2s_dynamic_collision_field_mean,2.0,dynamic_collision_field,mean,4848,0.1628625988960266,0.07058927416801453,0.09224599599838257,0.5664031330878884,0.6791867022043723,0.8217476384532567
ridge,outer_train_oof,C_environment_only_h2s_dynamic_collision_field_std,2.0,dynamic_collision_field,std,4848,0.1345376819372177,0.07152634114027023,0.09735770523548126,0.7236465308452442,0.476335920051733,0.7104723827863867
ridge,outer_train_oof,C_environment_only_h2s_dynamic_collision_field_min,2.0,dynamic_collision_field,min,4848,0.0,0.0,0.0,0.0,,
ridge,outer_train_oof,C_environment_only_h2s_dynamic_collision_field_max,2.0,dynamic_collision_field,max,4848,0.23406146466732025,0.1285572648048401,0.23267726600170135,0.9940731375262171,0.011792498626760461,0.26911325609422776
ridge,outer_train_oof,C_environment_only_h2s_dynamic_collision_field_q10,2.0,dynamic_collision_field,q10,4848,0.0,0.0,0.0,0.0,,
ridge,outer_train_oof,C_environment_only_h2s_dynamic_collision_field_q90,2.0,dynamic_collision_field,q90,4848,0.420756459236145,0.23528610169887543,0.3538475036621094,0.8409994484309891,0.29275366725591856,0.5371497972674675
ridge,outer_train_oof,C_environment_only_h2s_dynamic_collision_field_nonzero_fraction,2.0,dynamic_collision_field,nonzero_fraction,4848,0.1628625988960266,0.07058927416801453,0.09224599599838257,0.5664031330878884,0.6791867022043723,0.8217476384532567
ridge,outer_train_oof,C_environment_only_h4s_candidate_relative_dynamic_occupancy_mean,4.0,candidate_relative_dynamic_occupancy,mean,4848,0.032194457948207855,0.01557837426662445,0.020844783633947372,0.647465116246778,0.5807891636137013,0.7770667206577742
ridge,outer_train_oof,C_environment_only_h4s_candidate_relative_dynamic_occupancy_std,4.0,candidate_relative_dynamic_occupancy,std,4848,0.08048789203166962,0.03983045369386673,0.05277087166905403,0.6556384850563979,0.5701396235354201,0.7867685372095414
ridge,outer_train_oof,C_environment_only_h4s_candidate_relative_dynamic_occupancy_min,4.0,candidate_relative_dynamic_occupancy,min,4848,0.0,0.0,0.0,0.0,,
ridge,outer_train_oof,C_environment_only_h4s_candidate_relative_dynamic_occupancy_max,4.0,candidate_relative_dynamic_occupancy,max,4848,0.18498599529266357,0.09292324632406235,0.19120386242866516,1.03366492738754,-0.06835501704164759,0.18131217275484882
ridge,outer_train_oof,C_environment_only_h4s_candidate_relative_dynamic_occupancy_q10,4.0,candidate_relative_dynamic_occupancy,q10,4848,0.0,0.0,0.0,0.0,,
ridge,outer_train_oof,C_environment_only_h4s_candidate_relative_dynamic_occupancy_q90,4.0,candidate_relative_dynamic_occupancy,q90,4848,0.23238010704517365,0.14010177552700043,0.2428741306066513,1.045155655281022,-0.0923567941450294,0.26640097924740924
ridge,outer_train_oof,C_environment_only_h4s_candidate_relative_dynamic_occupancy_nonzero_fraction,4.0,candidate_relative_dynamic_occupancy,nonzero_fraction,4848,0.032194457948207855,0.01557837426662445,0.020844783633947372,0.647465116246778,0.5807891636137013,0.7770667206577742
ridge,outer_train_oof,C_environment_only_h4s_relative_longitudinal_velocity_mean,4.0,relative_longitudinal_velocity,mean,4848,0.008333872072398663,0.0063577983528375626,0.008711951784789562,1.0453665157723793,-0.09279144939779993,0.4745344679344871
ridge,outer_train_oof,C_environment_only_h4s_relative_longitudinal_velocity_std,4.0,relative_longitudinal_velocity,std,4848,0.03437187522649765,0.019146548584103584,0.026005735620856285,0.7565994315583114,0.4275575760331569,0.640816111958814
ridge,outer_train_oof,C_environment_only_h4s_relative_longitudinal_velocity_min,4.0,relative_longitudinal_velocity,min,4848,0.2097311168909073,0.17152148485183716,0.24754349887371063,1.1802723618608137,-0.3930838318767711,0.17330716892491127
ridge,outer_train_oof,C_environment_only_h4s_relative_longitudinal_velocity_max,4.0,relative_longitudinal_velocity,max,4848,0.2535351514816284,0.15192730724811554,0.20073333382606506,0.7917391737739696,0.3731514649087391,0.6296906143794158
ridge,outer_train_oof,C_environment_only_h4s_relative_longitudinal_velocity_q10,4.0,relative_longitudinal_velocity,q10,4848,0.008454516530036926,0.004287450574338436,0.01013154536485672,1.1983752970418968,-0.43606416915263546,0.1395076154786787
ridge,outer_train_oof,C_environment_only_h4s_relative_longitudinal_velocity_q90,4.0,relative_longitudinal_velocity,q90,4848,0.0027066406328231096,0.0009912746027112007,0.003168863244354725,1.170761155903249,-0.37071068650980443,-0.022653572511451045
ridge,outer_train_oof,C_environment_only_h4s_relative_longitudinal_velocity_nonzero_fraction,4.0,relative_longitudinal_velocity,nonzero_fraction,4848,0.031341079622507095,0.01660354621708393,0.02242228388786316,0.7154286157135183,0.48816295497957995,0.7278873716619829
ridge,outer_train_oof,C_environment_only_h4s_relative_lateral_velocity_mean,4.0,relative_lateral_velocity,mean,4848,0.010765204206109047,0.0104362228885293,0.014186407439410686,1.3178016399786383,-0.7366022638800787,0.15459393483831804
ridge,outer_train_oof,C_environment_only_h4s_relative_lateral_velocity_std,4.0,relative_lateral_velocity,std,4848,0.03236042708158493,0.014704919420182705,0.019625037908554077,0.6064517584726787,0.6322162152546218,0.7453625859729897
ridge,outer_train_oof,C_environment_only_h4s_relative_lateral_velocity_min,4.0,relative_lateral_velocity,min,4848,0.17832651734352112,0.14091408252716064,0.19274471700191498,1.0808517241396598,-0.16824266563206391,0.25294387092185255
ridge,outer_train_oof,C_environment_only_h4s_relative_lateral_velocity_max,4.0,relative_lateral_velocity,max,4848,0.15933001041412354,0.11501964181661606,0.16984930634498596,1.0660129901696949,-0.13640310597749372,0.2389944112212023
ridge,outer_train_oof,C_environment_only_h4s_relative_lateral_velocity_q10,4.0,relative_lateral_velocity,q10,4848,0.028037777170538902,0.01428341306746006,0.03271877393126488,1.1669616552880913,-0.3617799222588096,0.055667697509526506
ridge,outer_train_oof,C_environment_only_h4s_relative_lateral_velocity_q90,4.0,relative_lateral_velocity,q90,4848,0.017040928825736046,0.007879943586885929,0.01869775913655758,1.0972565097623892,-0.2039060433826838,0.1829255090624508
ridge,outer_train_oof,C_environment_only_h4s_relative_lateral_velocity_nonzero_fraction,4.0,relative_lateral_velocity,nonzero_fraction,4848,0.0321391262114048,0.016125550493597984,0.021568013355135918,0.6710821325215836,0.5496478452715723,0.7565435652954147
ridge,outer_train_oof,C_environment_only_h4s_dynamic_clearance_mean,4.0,dynamic_clearance,mean,4848,0.21400496363639832,0.11854914575815201,0.15675820410251617,0.7324975234372623,0.4634466933892625,0.712937747437451
ridge,outer_train_oof,C_environment_only_h4s_dynamic_clearance_std,4.0,dynamic_clearance,std,4848,0.07157489657402039,0.05924467369914055,0.07765050232410431,1.0848843641396528,-0.17697442410214403,0.38824439513120595
ridge,outer_train_oof,C_environment_only_h4s_dynamic_clearance_min,4.0,dynamic_clearance,min,4848,0.18744835257530212,0.08948681503534317,0.17936381697654724,0.9568731829436861,0.08439854761123378,0.21201764473502022
ridge,outer_train_oof,C_environment_only_h4s_dynamic_clearance_max,4.0,dynamic_clearance,max,4848,0.17284712195396423,0.11809065192937851,0.15890030562877655,0.9193162539351875,0.15486691691728982,0.5571723438796197
ridge,outer_train_oof,C_environment_only_h4s_dynamic_clearance_q10,4.0,dynamic_clearance,q10,4848,0.20169934630393982,0.10627034306526184,0.16966138780117035,0.8411623155055633,0.2924501960429019,0.5455999133502576
ridge,outer_train_oof,C_environment_only_h4s_dynamic_clearance_q90,4.0,dynamic_clearance,q90,4848,0.23372571170330048,0.13767272233963013,0.17656050622463226,0.7554203507310707,0.42934423268853994,0.6985359009670664
ridge,outer_train_oof,C_environment_only_h4s_dynamic_clearance_nonzero_fraction,4.0,dynamic_clearance,nonzero_fraction,4848,0.032049596309661865,0.015550048090517521,0.020833177492022514,0.650031517272779,0.577461814561304,0.7685324198691839
ridge,outer_train_oof,C_environment_only_h4s_dynamic_collision_field_mean,4.0,dynamic_collision_field,mean,4848,0.16363193094730377,0.07555083930492401,0.09879060089588165,0.6037374629353112,0.6355019642717878,0.8042289260250814
ridge,outer_train_oof,C_environment_only_h4s_dynamic_collision_field_std,4.0,dynamic_collision_field,std,4848,0.1362357884645462,0.06949957460165024,0.09609193354845047,0.7053346960325132,0.5025018315494492,0.6956355480593303
ridge,outer_train_oof,C_environment_only_h4s_dynamic_collision_field_min,4.0,dynamic_collision_field,min,4848,0.0,0.0,0.0,0.0,,
ridge,outer_train_oof,C_environment_only_h4s_dynamic_collision_field_max,4.0,dynamic_collision_field,max,4848,0.23406146466732025,0.10850245505571365,0.21051418781280518,0.8993826080983325,0.19108502084144974,0.29407750129491805
ridge,outer_train_oof,C_environment_only_h4s_dynamic_collision_field_q10,4.0,dynamic_collision_field,q10,4848,0.0,0.0,0.0,0.0,,
ridge,outer_train_oof,C_environment_only_h4s_dynamic_collision_field_q90,4.0,dynamic_collision_field,q90,4848,0.4138263761997223,0.23778147995471954,0.3579934239387512,0.8650713707685663,0.2516344982586928,0.4934869351299785
ridge,outer_train_oof,C_environment_only_h4s_dynamic_collision_field_nonzero_fraction,4.0,dynamic_collision_field,nonzero_fraction,4848,0.16363193094730377,0.0755508616566658,0.09879060089588165,0.6037374629353112,0.635501959955131,0.8042288891236504
ridge,outer_validation,C_environment_only_h1s_candidate_relative_dynamic_occupancy_mean,1.0,candidate_relative_dynamic_occupancy,mean,1152,0.03264091908931732,0.014936091378331184,0.019639674574136734,0.6234620358789704,0.6379705878105879,0.765102922451979
ridge,outer_validation,C_environment_only_h1s_candidate_relative_dynamic_occupancy_std,1.0,candidate_relative_dynamic_occupancy,std,1152,0.08020417392253876,0.03980877250432968,0.05874018371105194,0.7585982205597923,0.4636149232870763,0.7675397435828482
ridge,outer_validation,C_environment_only_h1s_candidate_relative_dynamic_occupancy_min,1.0,candidate_relative_dynamic_occupancy,min,1152,0.0,0.0,0.0,0.0,,
ridge,outer_validation,C_environment_only_h1s_candidate_relative_dynamic_occupancy_max,1.0,candidate_relative_dynamic_occupancy,max,1152,0.222195103764534,0.09488076716661453,0.21714052557945251,1.3976164838336214,0.04497918360561537,0.29967099905000605
ridge,outer_validation,C_environment_only_h1s_candidate_relative_dynamic_occupancy_q10,1.0,candidate_relative_dynamic_occupancy,q10,1152,0.0,0.0,0.0,0.0,,
ridge,outer_validation,C_environment_only_h1s_candidate_relative_dynamic_occupancy_q90,1.0,candidate_relative_dynamic_occupancy,q90,1152,0.24433688819408417,0.11987733840942383,0.22029680013656616,1.0325918916506405,0.18709771881422443,0.34512846913733664
ridge,outer_validation,C_environment_only_h1s_candidate_relative_dynamic_occupancy_nonzero_fraction,1.0,candidate_relative_dynamic_occupancy,nonzero_fraction,1152,0.03264091908931732,0.014936091378331184,0.019639674574136734,0.6234620358789704,0.6379705878105879,0.765102922451979
ridge,outer_validation,C_environment_only_h1s_relative_longitudinal_velocity_mean,1.0,relative_longitudinal_velocity,mean,1152,0.007054738234728575,0.006248874124139547,0.008068817667663097,1.0034126439698317,-0.308151397950017,0.4487102156968925
ridge,outer_validation,C_environment_only_h1s_relative_longitudinal_velocity_std,1.0,relative_longitudinal_velocity,std,1152,0.030691443011164665,0.020405249670147896,0.027324847877025604,0.8455376566703217,0.20735104247633107,0.6075640539509605
ridge,outer_validation,C_environment_only_h1s_relative_longitudinal_velocity_min,1.0,relative_longitudinal_velocity,min,1152,0.18707582354545593,0.16118523478507996,0.2439488172531128,1.2457085557845327,-0.7004431117946106,0.10930583139666289
ridge,outer_validation,C_environment_only_h1s_relative_longitudinal_velocity_max,1.0,relative_longitudinal_velocity,max,1152,0.24300126731395721,0.15840353071689606,0.21222294867038727,0.8674213978514663,0.23727558559455275,0.5591334285424104
ridge,outer_validation,C_environment_only_h1s_relative_longitudinal_velocity_q10,1.0,relative_longitudinal_velocity,q10,1152,0.00021311255113687366,0.0058599356561899185,0.01137571781873703,0.8817232150939408,-2848.308931083337,0.17332649269765796
ridge,outer_validation,C_environment_only_h1s_relative_longitudinal_velocity_q90,1.0,relative_longitudinal_velocity,q90,1152,0.0010043168440461159,0.00430679228156805,0.0074180481024086475,0.8508794963093086,-53.55540995522122,-0.1350973316334531
ridge,outer_validation,C_environment_only_h1s_relative_longitudinal_velocity_nonzero_fraction,1.0,relative_longitudinal_velocity,nonzero_fraction,1152,0.03233325481414795,0.015505168586969376,0.02077448181807995,0.6665581157489054,0.5871791399253184,0.7447669647306664
ridge,outer_validation,C_environment_only_h1s_relative_lateral_velocity_mean,1.0,relative_lateral_velocity,mean,1152,0.008993242867290974,0.00957051943987608,0.012887434102594852,1.1058618013291015,-1.0535262320637409,0.297649628128786
ridge,outer_validation,C_environment_only_h1s_relative_lateral_velocity_std,1.0,relative_lateral_velocity,std,1152,0.027843071147799492,0.012787592597305775,0.017100250348448753,0.5050080949799243,0.6228008911537232,0.7751354587444421
ridge,outer_validation,C_environment_only_h1s_relative_lateral_velocity_min,1.0,relative_lateral_velocity,min,1152,0.14272856712341309,0.12081938236951828,0.1669958233833313,0.9046770858433766,-0.36895556174642374,0.2859130217011116
ridge,outer_validation,C_environment_only_h1s_relative_lateral_velocity_max,1.0,relative_lateral_velocity,max,1152,0.17532522976398468,0.11413709074258804,0.15308520197868347,0.8727477632458205,0.23760923583332505,0.4016262520450699
ridge,outer_validation,C_environment_only_h1s_relative_lateral_velocity_q10,1.0,relative_lateral_velocity,q10,1152,0.0199850145727396,0.014105969108641148,0.030695712193846703,0.8619904427831233,-1.3591011399154627,0.2842795230634795
ridge,outer_validation,C_environment_only_h1s_relative_lateral_velocity_q90,1.0,relative_lateral_velocity,q90,1152,0.03214307129383087,0.014616151340305805,0.034856297075748444,1.7647823480006435,-0.17594716343617156,0.17190225067894255
ridge,outer_validation,C_environment_only_h1s_relative_lateral_velocity_nonzero_fraction,1.0,relative_lateral_velocity,nonzero_fraction,1152,0.03269132971763611,0.01545726414769888,0.02050771377980709,0.65361038273328,0.6064777383583602,0.7404226245935905
ridge,outer_validation,C_environment_only_h1s_dynamic_clearance_mean,1.0,dynamic_clearance,mean,1152,0.21052035689353943,0.11104392260313034,0.16437910497188568,0.7942988708815344,0.390315713888326,0.6921343911459021
ridge,outer_validation,C_environment_only_h1s_dynamic_clearance_std,1.0,dynamic_clearance,std,1152,0.08216016739606857,0.0612492710351944,0.07885654270648956,1.0953338580972432,0.07880231923599079,0.448892888047304
ridge,outer_validation,C_environment_only_h1s_dynamic_clearance_min,1.0,dynamic_clearance,min,1152,0.22214271128177643,0.0942024290561676,0.2107887864112854,1.3099613691951466,0.09960970618590659,0.3113075317142945
ridge,outer_validation,C_environment_only_h1s_dynamic_clearance_max,1.0,dynamic_clearance,max,1152,0.15589360892772675,0.09377937018871307,0.12949730455875397,0.7461947610539714,0.3099749205493758,0.6051776637125871
ridge,outer_validation,C_environment_only_h1s_dynamic_clearance_q10,1.0,dynamic_clearance,q10,1152,0.21662549674510956,0.0974685549736023,0.1832854300737381,0.9792025838048868,0.2841259615322006,0.5935751378671787
ridge,outer_validation,C_environment_only_h1s_dynamic_clearance_q90,1.0,dynamic_clearance,q90,1152,0.2349930852651596,0.1462765336036682,0.19545577466487885,0.8248667535586361,0.3081899201766638,0.6324622335295779
ridge,outer_validation,C_environment_only_h1s_dynamic_clearance_nonzero_fraction,1.0,dynamic_clearance,nonzero_fraction,1152,0.03187321871519089,0.014919827692210674,0.019713981077075005,0.6334989027051244,0.6174425210736812,0.759989919299142
ridge,outer_validation,C_environment_only_h1s_dynamic_collision_field_mean,1.0,dynamic_collision_field,mean,1152,0.16415919363498688,0.07269229739904404,0.09722153842449188,0.6059127230744028,0.6492524570678864,0.7775934046460935
ridge,outer_validation,C_environment_only_h1s_dynamic_collision_field_std,1.0,dynamic_collision_field,std,1152,0.12574522197246552,0.06715946644544601,0.09899506717920303,0.7431834865279499,0.38021056038230083,0.7045379973227053
ridge,outer_validation,C_environment_only_h1s_dynamic_collision_field_min,1.0,dynamic_collision_field,min,1152,0.0,0.0,0.0,0.0,,
ridge,outer_validation,C_environment_only_h1s_dynamic_collision_field_max,1.0,dynamic_collision_field,max,1152,0.222195103764534,0.11140473932027817,0.2171643227338791,0.9404425670992866,0.0447698088426296,0.28418566715351623
ridge,outer_validation,C_environment_only_h1s_dynamic_collision_field_q10,1.0,dynamic_collision_field,q10,1152,0.0,0.0,0.0,0.0,,
ridge,outer_validation,C_environment_only_h1s_dynamic_collision_field_q90,1.0,dynamic_collision_field,q90,1152,0.4394038915634155,0.3117026388645172,0.4552660286426544,1.0957851611072913,-0.07350157630970955,0.1972691210797534
ridge,outer_validation,C_environment_only_h1s_dynamic_collision_field_nonzero_fraction,1.0,dynamic_collision_field,nonzero_fraction,1152,0.16415919363498688,0.07269229739904404,0.09722153842449188,0.6059127230744028,0.6492524570678864,0.7775934046460935
ridge,outer_validation,C_environment_only_h2s_candidate_relative_dynamic_occupancy_mean,2.0,candidate_relative_dynamic_occupancy,mean,1152,0.03435030207037926,0.015184927731752396,0.01941831037402153,0.6110012657097222,0.6804330830670855,0.7873286058263342
ridge,outer_validation,C_environment_only_h2s_candidate_relative_dynamic_occupancy_std,2.0,candidate_relative_dynamic_occupancy,std,1152,0.08264227211475372,0.03955470398068428,0.04946734011173248,0.6259374244905851,0.6417117114305426,0.8097792971649104
ridge,outer_validation,C_environment_only_h2s_candidate_relative_dynamic_occupancy_min,2.0,candidate_relative_dynamic_occupancy,min,1152,0.0,0.0,0.0,0.0,,
ridge,outer_validation,C_environment_only_h2s_candidate_relative_dynamic_occupancy_max,2.0,candidate_relative_dynamic_occupancy,max,1152,0.21686625480651855,0.0876249372959137,0.1993817687034607,1.129789068298437,0.15474680590050094,0.31911889521480796
ridge,outer_validation,C_environment_only_h2s_candidate_relative_dynamic_occupancy_q10,2.0,candidate_relative_dynamic_occupancy,q10,1152,0.0,0.0,0.0,0.0,,
ridge,outer_validation,C_environment_only_h2s_candidate_relative_dynamic_occupancy_q90,2.0,candidate_relative_dynamic_occupancy,q90,1152,0.2556729316711426,0.12137206643819809,0.20840458571910858,0.883077465895479,0.33557637964092535,0.4409829167544323
ridge,outer_validation,C_environment_only_h2s_candidate_relative_dynamic_occupancy_nonzero_fraction,2.0,candidate_relative_dynamic_occupancy,nonzero_fraction,1152,0.03435030207037926,0.015184927731752396,0.01941831037402153,0.6110012657097222,0.6804330830670855,0.7873286058263342
ridge,outer_validation,C_environment_only_h2s_relative_longitudinal_velocity_mean,2.0,relative_longitudinal_velocity,mean,1152,0.00701083242893219,0.006496628746390343,0.008656973950564861,1.0798509711549653,-0.5247302334105564,0.34767493969584884
ridge,outer_validation,C_environment_only_h2s_relative_longitudinal_velocity_std,2.0,relative_longitudinal_velocity,std,1152,0.029455073177814484,0.019294487312436104,0.025817129760980606,0.7964531788043927,0.23176212293198983,0.615808570490193
ridge,outer_validation,C_environment_only_h2s_relative_longitudinal_velocity_min,2.0,relative_longitudinal_velocity,min,1152,0.18221241235733032,0.16384561359882355,0.24903680384159088,1.246535597983773,-0.8679755428134905,0.13863874545485497
ridge,outer_validation,C_environment_only_h2s_relative_longitudinal_velocity_max,2.0,relative_longitudinal_velocity,max,1152,0.24294330179691315,0.1594865918159485,0.20563003420829773,0.8505114742887205,0.28358729053409915,0.5984139236014373
ridge,outer_validation,C_environment_only_h2s_relative_longitudinal_velocity_q10,2.0,relative_longitudinal_velocity,q10,1152,0.0002507907338440418,0.004760400392115116,0.00843286793678999,0.7474912871880036,-1129.6484330284907,0.14855492561237713
ridge,outer_validation,C_environment_only_h2s_relative_longitudinal_velocity_q90,2.0,relative_longitudinal_velocity,q90,1152,0.0014495756477117538,0.0013297332916408777,0.0025935720186680555,0.5436403446054785,-2.2012151159551903,0.059423313528541515
ridge,outer_validation,C_environment_only_h2s_relative_longitudinal_velocity_nonzero_fraction,2.0,relative_longitudinal_velocity,nonzero_fraction,1152,0.03408711031079292,0.015052009373903275,0.019256094470620155,0.6079657578538332,0.6808785033342092,0.7888150248729202
ridge,outer_validation,C_environment_only_h2s_relative_lateral_velocity_mean,2.0,relative_lateral_velocity,mean,1152,0.008394180797040462,0.009261388331651688,0.012622997164726257,1.1010603171926254,-1.2613528189054413,0.30121825405874825
ridge,outer_validation,C_environment_only_h2s_relative_lateral_velocity_std,2.0,relative_lateral_velocity,std,1152,0.027259163558483124,0.01248905435204506,0.016286363825201988,0.4885639162468403,0.643036976974805,0.7792738970472876
ridge,outer_validation,C_environment_only_h2s_relative_lateral_velocity_min,2.0,relative_lateral_velocity,min,1152,0.14026707410812378,0.1183537095785141,0.17149803042411804,0.9372726506470043,-0.494881734938625,0.3328312506892978
ridge,outer_validation,C_environment_only_h2s_relative_lateral_velocity_max,2.0,relative_lateral_velocity,max,1152,0.19501765072345734,0.11750178784132004,0.1594139188528061,0.946014308239516,0.33180286593860986,0.35378485422969463
ridge,outer_validation,C_environment_only_h2s_relative_lateral_velocity_q10,2.0,relative_lateral_velocity,q10,1152,0.023949746042490005,0.01691322773694992,0.035696689039468765,0.9497743231403998,-1.2215395081197022,0.29960501195569156
ridge,outer_validation,C_environment_only_h2s_relative_lateral_velocity_q90,2.0,relative_lateral_velocity,q90,1152,0.024217581376433372,0.013048993423581123,0.024374734610319138,1.0823097526004708,-0.013020468907004368,0.2851002218696153
ridge,outer_validation,C_environment_only_h2s_relative_lateral_velocity_nonzero_fraction,2.0,relative_lateral_velocity,nonzero_fraction,1152,0.03433571010828018,0.01605820469558239,0.020550277084112167,0.6501804654609863,0.6417854026841308,0.7472733474922207
ridge,outer_validation,C_environment_only_h2s_dynamic_clearance_mean,2.0,dynamic_clearance,mean,1152,0.21284474432468414,0.10900762677192688,0.1429721862077713,0.6872281174233336,0.5487914813471138,0.7727535313357129
ridge,outer_validation,C_environment_only_h2s_dynamic_clearance_std,2.0,dynamic_clearance,std,1152,0.08222565799951553,0.06423147767782211,0.0809297040104866,1.1146146862082171,0.03127339827391251,0.361338804098874
ridge,outer_validation,C_environment_only_h2s_dynamic_clearance_min,2.0,dynamic_clearance,min,1152,0.21747174859046936,0.08629605174064636,0.19485530257225037,1.0887078592002493,0.19717901323818876,0.4181521635371601
ridge,outer_validation,C_environment_only_h2s_dynamic_clearance_max,2.0,dynamic_clearance,max,1152,0.1569640338420868,0.09673710912466049,0.1340058594942093,0.7758618205554554,0.2711347074073467,0.5464643381911872
ridge,outer_validation,C_environment_only_h2s_dynamic_clearance_q10,2.0,dynamic_clearance,q10,1152,0.21465392410755157,0.09376663714647293,0.17107993364334106,0.881455641191574,0.36478542270483727,0.643226321247661
ridge,outer_validation,C_environment_only_h2s_dynamic_clearance_q90,2.0,dynamic_clearance,q90,1152,0.24054551124572754,0.14151549339294434,0.17936131358146667,0.7647226175349429,0.44401498654824956,0.6873422733678
ridge,outer_validation,C_environment_only_h2s_dynamic_clearance_nonzero_fraction,2.0,dynamic_clearance,nonzero_fraction,1152,0.03366364166140556,0.014460938051342964,0.019226543605327606,0.6111717878045965,0.6738027557827521,0.7900040759213331
ridge,outer_validation,C_environment_only_h2s_dynamic_collision_field_mean,2.0,dynamic_collision_field,mean,1152,0.16839104890823364,0.06942807883024216,0.08791950345039368,0.5398378723636692,0.7273958403386345,0.8231711925742092
ridge,outer_validation,C_environment_only_h2s_dynamic_collision_field_std,2.0,dynamic_collision_field,std,1152,0.13005603849887848,0.07033482939004898,0.09968549013137817,0.7409486381658249,0.41250680193698597,0.753837400903562
ridge,outer_validation,C_environment_only_h2s_dynamic_collision_field_min,2.0,dynamic_collision_field,min,1152,0.0,0.0,0.0,0.0,,
ridge,outer_validation,C_environment_only_h2s_dynamic_collision_field_max,2.0,dynamic_collision_field,max,1152,0.23073792457580566,0.11507248878479004,0.23832805454730988,1.0182151484564521,-0.06687232321278902,0.22261267393825435
ridge,outer_validation,C_environment_only_h2s_dynamic_collision_field_q10,2.0,dynamic_collision_field,q10,1152,0.0,0.0,0.0,0.0,,
ridge,outer_validation,C_environment_only_h2s_dynamic_collision_field_q90,2.0,dynamic_collision_field,q90,1152,0.4465286433696747,0.32873547077178955,0.4578113257884979,1.0880932279834397,-0.051173533134871496,0.20419822311074853
ridge,outer_validation,C_environment_only_h2s_dynamic_collision_field_nonzero_fraction,2.0,dynamic_collision_field,nonzero_fraction,1152,0.16839104890823364,0.06942807883024216,0.08791950345039368,0.5398378723636692,0.7273958403386345,0.8231711925742092
ridge,outer_validation,C_environment_only_h4s_candidate_relative_dynamic_occupancy_mean,4.0,candidate_relative_dynamic_occupancy,mean,1152,0.03354286402463913,0.014697124250233173,0.019604211673140526,0.6089313956324666,0.6584152642354663,0.7922729558605925
ridge,outer_validation,C_environment_only_h4s_candidate_relative_dynamic_occupancy_std,4.0,candidate_relative_dynamic_occupancy,std,1152,0.0803615152835846,0.037800006568431854,0.04794466122984886,0.5956764415872651,0.6440539065046749,0.8357038409037273
ridge,outer_validation,C_environment_only_h4s_candidate_relative_dynamic_occupancy_min,4.0,candidate_relative_dynamic_occupancy,min,1152,0.0,0.0,0.0,0.0,,
ridge,outer_validation,C_environment_only_h4s_candidate_relative_dynamic_occupancy_max,4.0,candidate_relative_dynamic_occupancy,max,1152,0.19374370574951172,0.08600086718797684,0.18572191894054413,1.0040290578731086,0.08109383271153081,0.23382832378409918
ridge,outer_validation,C_environment_only_h4s_candidate_relative_dynamic_occupancy_q10,4.0,candidate_relative_dynamic_occupancy,q10,1152,0.0,0.0,0.0,0.0,,
ridge,outer_validation,C_environment_only_h4s_candidate_relative_dynamic_occupancy_q90,4.0,candidate_relative_dynamic_occupancy,q90,1152,0.26686546206474304,0.14358749985694885,0.26206111907958984,1.127722660092173,0.03568177446389975,0.27136573889851884
ridge,outer_validation,C_environment_only_h4s_candidate_relative_dynamic_occupancy_nonzero_fraction,4.0,candidate_relative_dynamic_occupancy,nonzero_fraction,1152,0.03354286402463913,0.014697124250233173,0.019604211673140526,0.6089313956324666,0.6584152642354663,0.7922729558605925
ridge,outer_validation,C_environment_only_h4s_relative_longitudinal_velocity_mean,4.0,relative_longitudinal_velocity,mean,1152,0.007279176265001297,0.007151969708502293,0.010269449092447758,1.2322540897686163,-0.9903518386887691,0.30930833530957763
ridge,outer_validation,C_environment_only_h4s_relative_longitudinal_velocity_std,4.0,relative_longitudinal_velocity,std,1152,0.0313454307615757,0.02284008264541626,0.034023724496364594,0.9898712725819226,-0.17818958132807206,0.53143518203381
ridge,outer_validation,C_environment_only_h4s_relative_longitudinal_velocity_min,4.0,relative_longitudinal_velocity,min,1152,0.1717107743024826,0.16752441227436066,0.2564746141433716,1.2228553768110537,-1.230969443671106,0.042933369344170975
ridge,outer_validation,C_environment_only_h4s_relative_longitudinal_velocity_max,4.0,relative_longitudinal_velocity,max,1152,0.24668270349502563,0.16260629892349243,0.21049924194812775,0.8302581973976904,0.27184529043823547,0.5250611698090311
ridge,outer_validation,C_environment_only_h4s_relative_longitudinal_velocity_q10,4.0,relative_longitudinal_velocity,q10,1152,0.00021785852732136846,0.0036074917297810316,0.006641774903982878,0.7855996974612034,-928.4355869775347,0.09725901900883435
ridge,outer_validation,C_environment_only_h4s_relative_longitudinal_velocity_q90,4.0,relative_longitudinal_velocity,q90,1152,0.019437985494732857,0.0036706174723803997,0.019710885360836983,7.282339801201818,-0.02827625745869855,-0.03672244608696772
ridge,outer_validation,C_environment_only_h4s_relative_longitudinal_velocity_nonzero_fraction,4.0,relative_longitudinal_velocity,nonzero_fraction,1152,0.03175535798072815,0.01670156978070736,0.022879591211676598,0.7300199368861396,0.4808863017401296,0.7247134139603709
ridge,outer_validation,C_environment_only_h4s_relative_lateral_velocity_mean,4.0,relative_lateral_velocity,mean,1152,0.008054934442043304,0.009238019585609436,0.012911955825984478,1.1994154711462954,-1.5695678945811862,0.34091934841252275
ridge,outer_validation,C_environment_only_h4s_relative_lateral_velocity_std,4.0,relative_lateral_velocity,std,1152,0.02857721410691738,0.013887864537537098,0.01754145883023739,0.5420651212671899,0.6232166877777148,0.6542808356392074
ridge,outer_validation,C_environment_only_h4s_relative_lateral_velocity_min,4.0,relative_lateral_velocity,min,1152,0.1479434072971344,0.11740198731422424,0.1760026216506958,0.9869673214564152,-0.41529529204069227,0.323369284117477
ridge,outer_validation,C_environment_only_h4s_relative_lateral_velocity_max,4.0,relative_lateral_velocity,max,1152,0.1804312765598297,0.10568065196275711,0.17017437517642975,1.0680531963058006,0.11046173637170786,0.35879373336310144
ridge,outer_validation,C_environment_only_h4s_relative_lateral_velocity_q10,4.0,relative_lateral_velocity,q10,1152,0.011242630891501904,0.011818604543805122,0.02215063013136387,0.7900337603748147,-2.8818281009128586,0.11754467499898512
ridge,outer_validation,C_environment_only_h4s_relative_lateral_velocity_q90,4.0,relative_lateral_velocity,q90,1152,0.016785573214292526,0.010072614997625351,0.019899586215615273,1.167784350904938,-0.4054510129938642,0.13344246448329153
ridge,outer_validation,C_environment_only_h4s_relative_lateral_velocity_nonzero_fraction,4.0,relative_lateral_velocity,nonzero_fraction,1152,0.03334018215537071,0.015992317348718643,0.021116012707352638,0.6570182707453059,0.5988674412017985,0.737475142226099
ridge,outer_validation,C_environment_only_h4s_dynamic_clearance_mean,4.0,dynamic_clearance,mean,1152,0.20857572555541992,0.10400985181331635,0.13434158265590668,0.6277494511594394,0.585147744119958,0.7751289924196455
ridge,outer_validation,C_environment_only_h4s_dynamic_clearance_std,4.0,dynamic_clearance,std,1152,0.07873991131782532,0.06762584298849106,0.08531206101179123,1.1919268812700239,-0.17390000864924793,0.3087695067068838
ridge,outer_validation,C_environment_only_h4s_dynamic_clearance_min,4.0,dynamic_clearance,min,1152,0.1960674524307251,0.08659946918487549,0.18130339682102203,0.9672204869353194,0.14493146904371168,0.29356391096055406
ridge,outer_validation,C_environment_only_h4s_dynamic_clearance_max,4.0,dynamic_clearance,max,1152,0.15737827122211456,0.10082396119832993,0.13468261063098907,0.779205002693648,0.2676249074166398,0.44493202184290226
ridge,outer_validation,C_environment_only_h4s_dynamic_clearance_q10,4.0,dynamic_clearance,q10,1152,0.2055002748966217,0.09066686034202576,0.15664857625961304,0.7766462412862389,0.41893052466223213,0.6822345006267718
ridge,outer_validation,C_environment_only_h4s_dynamic_clearance_q90,4.0,dynamic_clearance,q90,1152,0.2317882925271988,0.14352178573608398,0.18193702399730682,0.7784239715769369,0.3838886306109506,0.6533122972739293
ridge,outer_validation,C_environment_only_h4s_dynamic_clearance_nonzero_fraction,4.0,dynamic_clearance,nonzero_fraction,1152,0.03289708122611046,0.01468194555491209,0.0199257992208004,0.621719730719397,0.6331260957569498,0.7877484206483786
ridge,outer_validation,C_environment_only_h4s_dynamic_collision_field_mean,4.0,dynamic_collision_field,mean,1152,0.15874671936035156,0.06495336443185806,0.08531848341226578,0.5214055208662781,0.7111470668365991,0.8297380552266361
ridge,outer_validation,C_environment_only_h4s_dynamic_collision_field_std,4.0,dynamic_collision_field,std,1152,0.1254226714372635,0.061985790729522705,0.08815088868141174,0.6470457818579515,0.5060291997801167,0.7947085709821763
ridge,outer_validation,C_environment_only_h4s_dynamic_collision_field_min,4.0,dynamic_collision_field,min,1152,0.0,0.0,0.0,0.0,,
ridge,outer_validation,C_environment_only_h4s_dynamic_collision_field_max,4.0,dynamic_collision_field,max,1152,0.22393646836280823,0.11418077349662781,0.22661083936691284,0.968152549957343,-0.024027782815397414,0.2365989157557338
ridge,outer_validation,C_environment_only_h4s_dynamic_collision_field_q10,4.0,dynamic_collision_field,q10,1152,0.0,0.0,0.0,0.0,,
ridge,outer_validation,C_environment_only_h4s_dynamic_collision_field_q90,4.0,dynamic_collision_field,q90,1152,0.4194415807723999,0.2837180495262146,0.41105639934539795,0.9932951251801562,0.03958289693679529,0.3240110971933751
ridge,outer_validation,C_environment_only_h4s_dynamic_collision_field_nonzero_fraction,4.0,dynamic_collision_field,nonzero_fraction,1152,0.15874671936035156,0.06495323777198792,0.08531825989484787,0.521404154887758,0.7111485626076274,0.8297380552266361
extra_trees,outer_train_oof,C_environment_only_h1s_candidate_relative_dynamic_occupancy_mean,1.0,candidate_relative_dynamic_occupancy,mean,4848,0.03150100260972977,0.013866164721548557,0.019403446465730667,0.6159629677634205,0.6205897801821001,0.8198821408055953
extra_trees,outer_train_oof,C_environment_only_h1s_candidate_relative_dynamic_occupancy_std,1.0,candidate_relative_dynamic_occupancy,std,4848,0.07743223011493683,0.034923698753118515,0.04454394802451134,0.5752613896191207,0.6690717168878739,0.8200352261903435
extra_trees,outer_train_oof,C_environment_only_h1s_candidate_relative_dynamic_occupancy_min,1.0,candidate_relative_dynamic_occupancy,min,4848,0.0,0.0,0.0,0.0,,
extra_trees,outer_train_oof,C_environment_only_h1s_candidate_relative_dynamic_occupancy_max,1.0,candidate_relative_dynamic_occupancy,max,4848,0.1553698480129242,0.03611208125948906,0.1425935924053192,0.917798069719627,0.15770047220381034,0.3112349437566132
extra_trees,outer_train_oof,C_environment_only_h1s_candidate_relative_dynamic_occupancy_q10,1.0,candidate_relative_dynamic_occupancy,q10,4848,0.0,0.0,0.0,0.0,,
extra_trees,outer_train_oof,C_environment_only_h1s_candidate_relative_dynamic_occupancy_q90,1.0,candidate_relative_dynamic_occupancy,q90,4848,0.2133459895849228,0.07204548269510269,0.1946679800748825,0.9124625399221442,0.1674311913158062,0.30654377019204354
extra_trees,outer_train_oof,C_environment_only_h1s_candidate_relative_dynamic_occupancy_nonzero_fraction,1.0,candidate_relative_dynamic_occupancy,nonzero_fraction,4848,0.03150100260972977,0.013866164721548557,0.019403446465730667,0.6159629677634205,0.6205897801821001,0.8198821408055953
extra_trees,outer_train_oof,C_environment_only_h1s_relative_longitudinal_velocity_mean,1.0,relative_longitudinal_velocity,mean,4848,0.008041379041969776,0.004352163523435593,0.0063014221377670765,0.7836249260367965,0.3859324911314044,0.6062769545145159
extra_trees,outer_train_oof,C_environment_only_h1s_relative_longitudinal_velocity_std,1.0,relative_longitudinal_velocity,std,4848,0.03231655806303024,0.016600273549556732,0.022313019260764122,0.6904520787780476,0.5232765176224243,0.6903768882485397
extra_trees,outer_train_oof,C_environment_only_h1s_relative_longitudinal_velocity_min,1.0,relative_longitudinal_velocity,min,4848,0.19583472609519958,0.12603998184204102,0.18455736339092255,0.9424300113353951,0.1118560508636226,0.4876098404831993
extra_trees,outer_train_oof,C_environment_only_h1s_relative_longitudinal_velocity_max,1.0,relative_longitudinal_velocity,max,4848,0.2446601241827011,0.13945092260837555,0.17927764356136322,0.7327636580106276,0.46305992359963455,0.6726852143999258
extra_trees,outer_train_oof,C_environment_only_h1s_relative_longitudinal_velocity_q10,1.0,relative_longitudinal_velocity,q10,4848,0.012901927344501019,0.002494547516107559,0.012819251045584679,0.9936103749331737,0.012774809635925144,0.21920488152487577
extra_trees,outer_train_oof,C_environment_only_h1s_relative_longitudinal_velocity_q90,1.0,relative_longitudinal_velocity,q90,4848,0.008718052878975868,0.0012326815631240606,0.009233253076672554,1.059090695923708,-0.12168403839009301,0.14180341306228475
extra_trees,outer_train_oof,C_environment_only_h1s_relative_longitudinal_velocity_nonzero_fraction,1.0,relative_longitudinal_velocity,nonzero_fraction,4848,0.03116682544350624,0.01403464563190937,0.01963820680975914,0.6301002471410957,0.6029743606408287,0.8100917829013408
extra_trees,outer_train_oof,C_environment_only_h1s_relative_lateral_velocity_mean,1.0,relative_lateral_velocity,mean,4848,0.011653733439743519,0.0058580320328474045,0.010201385244727135,0.8753738077709821,0.23371892789822657,0.5784863022958636
extra_trees,outer_train_oof,C_environment_only_h1s_relative_lateral_velocity_std,1.0,relative_lateral_velocity,std,4848,0.03386131301522255,0.013574499636888504,0.01867753081023693,0.5515886645637468,0.69574947973631,0.8263635985597027
extra_trees,outer_train_oof,C_environment_only_h1s_relative_lateral_velocity_min,1.0,relative_lateral_velocity,min,4848,0.18459075689315796,0.10464321076869965,0.14289133250713348,0.774094295688437,0.4007723001040845,0.5411205292380442
extra_trees,outer_train_oof,C_environment_only_h1s_relative_lateral_velocity_max,1.0,relative_lateral_velocity,max,4848,0.17540772259235382,0.09339525550603867,0.12717771530151367,0.7250476540480073,0.47431607638486883,0.531579075751703
extra_trees,outer_train_oof,C_environment_only_h1s_relative_lateral_velocity_q10,1.0,relative_lateral_velocity,q10,4848,0.035610221326351166,0.007998055778443813,0.03555431589484215,0.9984287156298544,0.0031373713921682977,0.13560261502861196
extra_trees,outer_train_oof,C_environment_only_h1s_relative_lateral_velocity_q90,1.0,relative_lateral_velocity,q90,4848,0.01975071430206299,0.0038018974009901285,0.019255725666880608,0.9749218249145917,0.049495507870285116,0.19807708680112102
extra_trees,outer_train_oof,C_environment_only_h1s_relative_lateral_velocity_nonzero_fraction,1.0,relative_lateral_velocity,nonzero_fraction,4848,0.031376052647829056,0.014065947383642197,0.0196528397500515,0.6263643158251553,0.6076677497098119,0.8044642377532251
extra_trees,outer_train_oof,C_environment_only_h1s_dynamic_clearance_mean,1.0,dynamic_clearance,mean,4848,0.20694884657859802,0.08982611447572708,0.12279637157917023,0.5933662877064961,0.647917018182538,0.836656876146831
extra_trees,outer_train_oof,C_environment_only_h1s_dynamic_clearance_std,1.0,dynamic_clearance,std,4848,0.07199312001466751,0.0476030670106411,0.06289155781269073,0.8735768814659335,0.23686253840290217,0.5423044182035764
extra_trees,outer_train_oof,C_environment_only_h1s_dynamic_clearance_min,1.0,dynamic_clearance,min,4848,0.16091875731945038,0.045298416167497635,0.1421051025390625,0.8831219053962001,0.22015900821604306,0.41045390758553724
extra_trees,outer_train_oof,C_environment_only_h1s_dynamic_clearance_max,1.0,dynamic_clearance,max,4848,0.17354166507720947,0.0971711203455925,0.1236984059214592,0.7127801058395138,0.4919332619271565,0.7162208531570019
extra_trees,outer_train_oof,C_environment_only_h1s_dynamic_clearance_q10,1.0,dynamic_clearance,q10,4848,0.18717852234840393,0.0675818994641304,0.1369490623474121,0.7316504953301086,0.4646890788810396,0.8117852265626521
extra_trees,outer_train_oof,C_environment_only_h1s_dynamic_clearance_q90,1.0,dynamic_clearance,q90,4848,0.23695361614227295,0.12160451710224152,0.1504073143005371,0.6347522516092267,0.5970870015608309,0.7828198235741882
extra_trees,outer_train_oof,C_environment_only_h1s_dynamic_clearance_nonzero_fraction,1.0,dynamic_clearance,nonzero_fraction,4848,0.03111923672258854,0.013904687948524952,0.019428832456469536,0.6243357946776186,0.6102056784574271,0.8128789920401921
extra_trees,outer_train_oof,C_environment_only_h1s_dynamic_collision_field_mean,1.0,dynamic_collision_field,mean,4848,0.1604546755552292,0.06668438762426376,0.08828846365213394,0.5502392195641651,0.6972367218561213,0.8493659258614304
extra_trees,outer_train_oof,C_environment_only_h1s_dynamic_collision_field_std,1.0,dynamic_collision_field,std,4848,0.13320443034172058,0.0558837465941906,0.07918551564216614,0.5944676767674508,0.6466101099514331,0.8299758234974327
extra_trees,outer_train_oof,C_environment_only_h1s_dynamic_collision_field_min,1.0,dynamic_collision_field,min,4848,0.0,0.0,0.0,0.0,,
extra_trees,outer_train_oof,C_environment_only_h1s_dynamic_collision_field_max,1.0,dynamic_collision_field,max,4848,0.23091958463191986,0.07639413326978683,0.20280581712722778,0.8782622342414989,0.2286715377925186,0.32391438196886796
extra_trees,outer_train_oof,C_environment_only_h1s_dynamic_collision_field_q10,1.0,dynamic_collision_field,q10,4848,0.0,0.0,0.0,0.0,,
extra_trees,outer_train_oof,C_environment_only_h1s_dynamic_collision_field_q90,1.0,dynamic_collision_field,q90,4848,0.4154805839061737,0.19149048626422882,0.30908578634262085,0.7439422159241912,0.44657775829343926,0.5758446750938271
extra_trees,outer_train_oof,C_environment_only_h1s_dynamic_collision_field_nonzero_fraction,1.0,dynamic_collision_field,nonzero_fraction,4848,0.1604546755552292,0.06668438762426376,0.08828846365213394,0.5502392195641651,0.6972367218561213,0.8493659258614304
extra_trees,outer_train_oof,C_environment_only_h2s_candidate_relative_dynamic_occupancy_mean,2.0,candidate_relative_dynamic_occupancy,mean,4848,0.03178119286894798,0.014235583133995533,0.019453808665275574,0.6121182269936335,0.6253127019205107,0.8060021414695658
extra_trees,outer_train_oof,C_environment_only_h2s_candidate_relative_dynamic_occupancy_std,2.0,candidate_relative_dynamic_occupancy,std,4848,0.07902920991182327,0.03545553237199783,0.04506799578666687,0.5702701043949626,0.6747920127869819,0.8099550795852549
extra_trees,outer_train_oof,C_environment_only_h2s_candidate_relative_dynamic_occupancy_min,2.0,candidate_relative_dynamic_occupancy,min,4848,0.0,0.0,0.0,0.0,,
extra_trees,outer_train_oof,C_environment_only_h2s_candidate_relative_dynamic_occupancy_max,2.0,candidate_relative_dynamic_occupancy,max,4848,0.17647317051887512,0.03910347446799278,0.14265176653862,0.8083307087544973,0.34657327142389305,0.3336423454219481
extra_trees,outer_train_oof,C_environment_only_h2s_candidate_relative_dynamic_occupancy_q10,2.0,candidate_relative_dynamic_occupancy,q10,4848,0.0,0.0,0.0,0.0,,
extra_trees,outer_train_oof,C_environment_only_h2s_candidate_relative_dynamic_occupancy_q90,2.0,candidate_relative_dynamic_occupancy,q90,4848,0.23599843680858612,0.08621909469366074,0.21207477152347565,0.8986292272365388,0.1924681132637177,0.33436479179948836
extra_trees,outer_train_oof,C_environment_only_h2s_candidate_relative_dynamic_occupancy_nonzero_fraction,2.0,candidate_relative_dynamic_occupancy,nonzero_fraction,4848,0.03178119286894798,0.014235583133995533,0.019453808665275574,0.6121182269936335,0.6253127019205107,0.8060021414695658
extra_trees,outer_train_oof,C_environment_only_h2s_relative_longitudinal_velocity_mean,2.0,relative_longitudinal_velocity,mean,4848,0.008016828447580338,0.004418517928570509,0.006387981586158276,0.7968220949865462,0.3650755783994001,0.6033021736091629
extra_trees,outer_train_oof,C_environment_only_h2s_relative_longitudinal_velocity_std,2.0,relative_longitudinal_velocity,std,4848,0.03241511806845665,0.01639815978705883,0.022301800549030304,0.6880059907814506,0.5266475398997854,0.7000088626541867
extra_trees,outer_train_oof,C_environment_only_h2s_relative_longitudinal_velocity_min,2.0,relative_longitudinal_velocity,min,4848,0.19978143274784088,0.12599197030067444,0.18990793824195862,0.950570364326087,0.09640057433435167,0.437215648128316
extra_trees,outer_train_oof,C_environment_only_h2s_relative_longitudinal_velocity_max,2.0,relative_longitudinal_velocity,max,4848,0.2417716383934021,0.1340155452489853,0.1712934821844101,0.70849121155684,0.4980378094707071,0.697086672385247
extra_trees,outer_train_oof,C_environment_only_h2s_relative_longitudinal_velocity_q10,2.0,relative_longitudinal_velocity,q10,4848,0.011281761340796947,0.0022317287512123585,0.011440790258347988,1.0141141899485062,-0.028390876290679268,0.20728348663225352
extra_trees,outer_train_oof,C_environment_only_h2s_relative_longitudinal_velocity_q90,2.0,relative_longitudinal_velocity,q90,4848,0.004770723171532154,0.0006039883592166007,0.004855372477322817,1.0177378332895888,-0.035801985510903744,0.10522243373054745
extra_trees,outer_train_oof,C_environment_only_h2s_relative_longitudinal_velocity_nonzero_fraction,2.0,relative_longitudinal_velocity,nonzero_fraction,4848,0.03167300671339035,0.014346768148243427,0.019602598622441292,0.6189058090455666,0.6169560326213361,0.7980823363114014
extra_trees,outer_train_oof,C_environment_only_h2s_relative_lateral_velocity_mean,2.0,relative_lateral_velocity,mean,4848,0.011464402079582214,0.005866520572453737,0.009986680932343006,0.8711035843210214,0.24117872621090786,0.5626467712407011
extra_trees,outer_train_oof,C_environment_only_h2s_relative_lateral_velocity_std,2.0,relative_lateral_velocity,std,4848,0.033335138112306595,0.013056959956884384,0.017901064828038216,0.5370022695822009,0.7116278858260191,0.8292989705490083
extra_trees,outer_train_oof,C_environment_only_h2s_relative_lateral_velocity_min,2.0,relative_lateral_velocity,min,4848,0.18297582864761353,0.10651642084121704,0.1466018259525299,0.8012096795538177,0.3580646556676136,0.5120398652629666
extra_trees,outer_train_oof,C_environment_only_h2s_relative_lateral_velocity_max,2.0,relative_lateral_velocity,max,4848,0.16851277649402618,0.09275298565626144,0.12700605392456055,0.7536954433484142,0.4319544673031769,0.5269652462699496
extra_trees,outer_train_oof,C_environment_only_h2s_relative_lateral_velocity_q10,2.0,relative_lateral_velocity,q10,4848,0.03758499026298523,0.010205614380538464,0.0387347936630249,1.0306085360635457,-0.06212003911652686,0.18472604003296994
extra_trees,outer_train_oof,C_environment_only_h2s_relative_lateral_velocity_q90,2.0,relative_lateral_velocity,q90,4848,0.022521670907735825,0.004749882034957409,0.02097638137638569,0.9314128953969303,0.1325191358677621,0.2300019028601868
extra_trees,outer_train_oof,C_environment_only_h2s_relative_lateral_velocity_nonzero_fraction,2.0,relative_lateral_velocity,nonzero_fraction,4848,0.03160708770155907,0.014457167126238346,0.019796378910541534,0.6263282388756182,0.607714313615334,0.7904341002779233
extra_trees,outer_train_oof,C_environment_only_h2s_dynamic_clearance_mean,2.0,dynamic_clearance,mean,4848,0.20804175734519958,0.08665178716182709,0.11926080286502838,0.573253995824216,0.6713796901052672,0.8378421492032415
extra_trees,outer_train_oof,C_environment_only_h2s_dynamic_clearance_std,2.0,dynamic_clearance,std,4848,0.07260774821043015,0.04456831514835358,0.06017128378152847,0.828716691984979,0.3132279774897788,0.5956640812268217
extra_trees,outer_train_oof,C_environment_only_h2s_dynamic_clearance_min,2.0,dynamic_clearance,min,4848,0.17897330224514008,0.04417137801647186,0.14115770161151886,0.7886852300266322,0.37793940532587855,0.4320403007254914
extra_trees,outer_train_oof,C_environment_only_h2s_dynamic_clearance_max,2.0,dynamic_clearance,max,4848,0.17271603643894196,0.09505398571491241,0.12217318266630173,0.707353456664536,0.4996355224492306,0.7127485378937057
extra_trees,outer_train_oof,C_environment_only_h2s_dynamic_clearance_q10,2.0,dynamic_clearance,q10,4848,0.19408826529979706,0.06521371006965637,0.13156983256340027,0.6778876321370028,0.5404698053625321,0.8000834473031877
extra_trees,outer_train_oof,C_environment_only_h2s_dynamic_clearance_q90,2.0,dynamic_clearance,q90,4848,0.23454353213310242,0.11699745804071426,0.1451912373304367,0.6190355146124523,0.616792567074425,0.7944503251370478
extra_trees,outer_train_oof,C_environment_only_h2s_dynamic_clearance_nonzero_fraction,2.0,dynamic_clearance,nonzero_fraction,4848,0.03145839273929596,0.01427096500992775,0.019556215032935143,0.6216513560481137,0.6135471151252843,0.7965503977417424
extra_trees,outer_train_oof,C_environment_only_h2s_dynamic_collision_field_mean,2.0,dynamic_collision_field,mean,4848,0.1628625988960266,0.06890545040369034,0.09063472598791122,0.556509713082997,0.6902961849215157,0.8336822972157493
extra_trees,outer_train_oof,C_environment_only_h2s_dynamic_collision_field_std,2.0,dynamic_collision_field,std,4848,0.1345376819372177,0.056034643203020096,0.07850181311368942,0.5834932590839248,0.659535742002064,0.8139207470351209
extra_trees,outer_train_oof,C_environment_only_h2s_dynamic_collision_field_min,2.0,dynamic_collision_field,min,4848,0.0,0.0,0.0,0.0,,
extra_trees,outer_train_oof,C_environment_only_h2s_dynamic_collision_field_max,2.0,dynamic_collision_field,max,4848,0.23406146466732025,0.07367929071187973,0.19484105706214905,0.8324245176203804,0.30705123144126945,0.32709318738953946
extra_trees,outer_train_oof,C_environment_only_h2s_dynamic_collision_field_q10,2.0,dynamic_collision_field,q10,4848,0.0,0.0,0.0,0.0,,
extra_trees,outer_train_oof,C_environment_only_h2s_dynamic_collision_field_q90,2.0,dynamic_collision_field,q90,4848,0.420756459236145,0.17301389575004578,0.2852662205696106,0.6780003579850753,0.5403374843086379,0.6349233407693464
extra_trees,outer_train_oof,C_environment_only_h2s_dynamic_collision_field_nonzero_fraction,2.0,dynamic_collision_field,nonzero_fraction,4848,0.1628625988960266,0.06890545040369034,0.09063472598791122,0.556509713082997,0.6902961849215157,0.8336822972157493
extra_trees,outer_train_oof,C_environment_only_h4s_candidate_relative_dynamic_occupancy_mean,4.0,candidate_relative_dynamic_occupancy,mean,4848,0.032194457948207855,0.015309610404074192,0.020268281921744347,0.6295582502095548,0.6036566588015366,0.7884098920910881
extra_trees,outer_train_oof,C_environment_only_h4s_candidate_relative_dynamic_occupancy_std,4.0,candidate_relative_dynamic_occupancy,std,4848,0.08048789203166962,0.038407523185014725,0.0486498698592186,0.6044381296698178,0.6346557399873946,0.7951319020929438
extra_trees,outer_train_oof,C_environment_only_h4s_candidate_relative_dynamic_occupancy_min,4.0,candidate_relative_dynamic_occupancy,min,4848,0.0,0.0,0.0,0.0,,
extra_trees,outer_train_oof,C_environment_only_h4s_candidate_relative_dynamic_occupancy_max,4.0,candidate_relative_dynamic_occupancy,max,4848,0.18498599529266357,0.05020350590348244,0.16399502754211426,0.8865715686024941,0.21407050397885696,0.2888365027514806
extra_trees,outer_train_oof,C_environment_only_h4s_candidate_relative_dynamic_occupancy_q10,4.0,candidate_relative_dynamic_occupancy,q10,4848,0.0,0.0,0.0,0.0,,
extra_trees,outer_train_oof,C_environment_only_h4s_candidate_relative_dynamic_occupancy_q90,4.0,candidate_relative_dynamic_occupancy,q90,4848,0.23238010704517365,0.08464770764112473,0.2060646414756775,0.8867540764996669,0.21366245650342341,0.3337929216012563
extra_trees,outer_train_oof,C_environment_only_h4s_candidate_relative_dynamic_occupancy_nonzero_fraction,4.0,candidate_relative_dynamic_occupancy,nonzero_fraction,4848,0.032194457948207855,0.015309610404074192,0.020268281921744347,0.6295582502095548,0.6036566588015366,0.7884098920910881
extra_trees,outer_train_oof,C_environment_only_h4s_relative_longitudinal_velocity_mean,4.0,relative_longitudinal_velocity,mean,4848,0.008333872072398663,0.004456191323697567,0.006516871973872185,0.7819739958794998,0.3885165272497315,0.6130038505595222
extra_trees,outer_train_oof,C_environment_only_h4s_relative_longitudinal_velocity_std,4.0,relative_longitudinal_velocity,std,4848,0.03437187522649765,0.017777403816580772,0.023646177724003792,0.6879514921377561,0.5267229765316925,0.6878027664900963
extra_trees,outer_train_oof,C_environment_only_h4s_relative_longitudinal_velocity_min,4.0,relative_longitudinal_velocity,min,4848,0.2097311168909073,0.13003569841384888,0.1928594708442688,0.9195422388237321,0.15441718633665003,0.3282518132798283
extra_trees,outer_train_oof,C_environment_only_h4s_relative_longitudinal_velocity_max,4.0,relative_longitudinal_velocity,max,4848,0.2535351514816284,0.1374833583831787,0.1769416481256485,0.69789920599134,0.5129386578363269,0.6833899173280226
extra_trees,outer_train_oof,C_environment_only_h4s_relative_longitudinal_velocity_q10,4.0,relative_longitudinal_velocity,q10,4848,0.008454516530036926,0.0015821537235751748,0.00841399747878313,0.9952210018149684,0.00956242341383251,0.16381637549264594
extra_trees,outer_train_oof,C_environment_only_h4s_relative_longitudinal_velocity_q90,4.0,relative_longitudinal_velocity,q90,4848,0.0027066406328231096,0.0003029294894076884,0.0027424562722444534,1.0132217857703223,-0.02664016892037302,0.13791761114562212
extra_trees,outer_train_oof,C_environment_only_h4s_relative_longitudinal_velocity_nonzero_fraction,4.0,relative_longitudinal_velocity,nonzero_fraction,4848,0.031341079622507095,0.015807269141077995,0.021220160648226738,0.6770724264175806,0.5415739023924846,0.7489978346299047
extra_trees,outer_train_oof,C_environment_only_h4s_relative_lateral_velocity_mean,4.0,relative_lateral_velocity,mean,4848,0.010765204206109047,0.005482831969857216,0.009491930715739727,0.8817230096617776,0.22256420247252784,0.5187139995592434
extra_trees,outer_train_oof,C_environment_only_h4s_relative_lateral_velocity_std,4.0,relative_lateral_velocity,std,4848,0.03236042708158493,0.013764312490820885,0.018844058737158775,0.5823179863989558,0.6609057386292747,0.8017854746787312
extra_trees,outer_train_oof,C_environment_only_h4s_relative_lateral_velocity_min,4.0,relative_lateral_velocity,min,4848,0.17832651734352112,0.11162573099136353,0.15049104392528534,0.8439064210128565,0.28782055673375706,0.48953456554787406
extra_trees,outer_train_oof,C_environment_only_h4s_relative_lateral_velocity_max,4.0,relative_lateral_velocity,max,4848,0.15933001041412354,0.09070657938718796,0.12958988547325134,0.8133356813862964,0.33847370761920226,0.478296117163529
extra_trees,outer_train_oof,C_environment_only_h4s_relative_lateral_velocity_q10,4.0,relative_lateral_velocity,q10,4848,0.028037777170538902,0.006223900243639946,0.028372596949338913,1.0119490654013756,-0.02402596821828773,0.22796874076238632
extra_trees,outer_train_oof,C_environment_only_h4s_relative_lateral_velocity_q90,4.0,relative_lateral_velocity,q90,4848,0.017040928825736046,0.003313765162602067,0.014681616798043251,0.8615738114837915,0.2577311239604422,0.2156122173886929
extra_trees,outer_train_oof,C_environment_only_h4s_relative_lateral_velocity_nonzero_fraction,4.0,relative_lateral_velocity,nonzero_fraction,4848,0.0321391262114048,0.015410374850034714,0.020535049960017204,0.6389417927230675,0.5917525489205093,0.7782497819108053
extra_trees,outer_train_oof,C_environment_only_h4s_dynamic_clearance_mean,4.0,dynamic_clearance,mean,4848,0.21400496363639832,0.09671597182750702,0.13352534174919128,0.6239353321720452,0.6107041842070833,0.8039865404881488
extra_trees,outer_train_oof,C_environment_only_h4s_dynamic_clearance_std,4.0,dynamic_clearance,std,4848,0.07157489657402039,0.047853946685791016,0.06454315036535263,0.9017566216303712,0.18683484098726322,0.4845124306051616
extra_trees,outer_train_oof,C_environment_only_h4s_dynamic_clearance_min,4.0,dynamic_clearance,min,4848,0.18744835257530212,0.05343398079276085,0.16309703886508942,0.8700928946440422,0.2429423804364933,0.40116689383820314
extra_trees,outer_train_oof,C_environment_only_h4s_dynamic_clearance_max,4.0,dynamic_clearance,max,4848,0.17284712195396423,0.10585169494152069,0.13466131687164307,0.7790818078451756,0.39303818139856017,0.6553303613883191
extra_trees,outer_train_oof,C_environment_only_h4s_dynamic_clearance_q10,4.0,dynamic_clearance,q10,4848,0.20169934630393982,0.07345089316368103,0.14846430718898773,0.7360695443053349,0.4582049192339035,0.7951910252939641
extra_trees,outer_train_oof,C_environment_only_h4s_dynamic_clearance_q90,4.0,dynamic_clearance,q90,4848,0.23372571170330048,0.12596911191940308,0.15386858582496643,0.6583321692706712,0.5666019220345151,0.7563892147771487
extra_trees,outer_train_oof,C_environment_only_h4s_dynamic_clearance_nonzero_fraction,4.0,dynamic_clearance,nonzero_fraction,4848,0.032049596309661865,0.01527729257941246,0.02031615376472473,0.6338994741386915,0.598174131149527,0.7815949103885398
extra_trees,outer_train_oof,C_environment_only_h4s_dynamic_collision_field_mean,4.0,dynamic_collision_field,mean,4848,0.16363193094730377,0.0760333463549614,0.09514740854501724,0.5814728781777555,0.6618900888397621,0.8170223705212792
extra_trees,outer_train_oof,C_environment_only_h4s_dynamic_collision_field_std,4.0,dynamic_collision_field,std,4848,0.1362357884645462,0.06030859425663948,0.08486592024564743,0.6229334331148807,0.6119530891203857,0.7989544003372402
extra_trees,outer_train_oof,C_environment_only_h4s_dynamic_collision_field_min,4.0,dynamic_collision_field,min,4848,0.0,0.0,0.0,0.0,,
extra_trees,outer_train_oof,C_environment_only_h4s_dynamic_collision_field_max,4.0,dynamic_collision_field,max,4848,0.23406146466732025,0.07519946992397308,0.20283639430999756,0.8665806672090282,0.2490137967789362,0.35810532733862555
extra_trees,outer_train_oof,C_environment_only_h4s_dynamic_collision_field_q10,4.0,dynamic_collision_field,q10,4848,0.0,0.0,0.0,0.0,,
extra_trees,outer_train_oof,C_environment_only_h4s_dynamic_collision_field_q90,4.0,dynamic_collision_field,q90,4848,0.4138263761997223,0.18294069170951843,0.2961605489253998,0.7156556374909827,0.4878254519024956,0.6115250924065746
extra_trees,outer_train_oof,C_environment_only_h4s_dynamic_collision_field_nonzero_fraction,4.0,dynamic_collision_field,nonzero_fraction,4848,0.16363193094730377,0.0760333463549614,0.09514740854501724,0.5814728781777555,0.6618900888397621,0.8170223705212792
extra_trees,outer_validation,C_environment_only_h1s_candidate_relative_dynamic_occupancy_mean,1.0,candidate_relative_dynamic_occupancy,mean,1152,0.03264091908931732,0.014688515104353428,0.018169255927205086,0.5767835535166576,0.6901514107072182,0.7896392399693011
extra_trees,outer_validation,C_environment_only_h1s_candidate_relative_dynamic_occupancy_std,1.0,candidate_relative_dynamic_occupancy,std,1152,0.08020417392253876,0.03829437121748924,0.04562845826148987,0.5892672623279593,0.6763484345825961,0.8114437726733845
extra_trees,outer_validation,C_environment_only_h1s_candidate_relative_dynamic_occupancy_min,1.0,candidate_relative_dynamic_occupancy,min,1152,0.0,0.0,0.0,0.0,,
extra_trees,outer_validation,C_environment_only_h1s_candidate_relative_dynamic_occupancy_max,1.0,candidate_relative_dynamic_occupancy,max,1152,0.222195103764534,0.04554417356848717,0.18327654898166656,1.179652325485373,0.3196305151630916,0.47827823405926256
extra_trees,outer_validation,C_environment_only_h1s_candidate_relative_dynamic_occupancy_q10,1.0,candidate_relative_dynamic_occupancy,q10,1152,0.0,0.0,0.0,0.0,,
extra_trees,outer_validation,C_environment_only_h1s_candidate_relative_dynamic_occupancy_q90,1.0,candidate_relative_dynamic_occupancy,q90,1152,0.24433688819408417,0.06805017590522766,0.1766103357076645,0.8278213778882832,0.4775386067807291,0.4478301763548452
extra_trees,outer_validation,C_environment_only_h1s_candidate_relative_dynamic_occupancy_nonzero_fraction,1.0,candidate_relative_dynamic_occupancy,nonzero_fraction,1152,0.03264091908931732,0.014688515104353428,0.018169255927205086,0.5767835535166576,0.6901514107072182,0.7896392399693011
extra_trees,outer_validation,C_environment_only_h1s_relative_longitudinal_velocity_mean,1.0,relative_longitudinal_velocity,mean,1152,0.007054738234728575,0.00379181862808764,0.005523112136870623,0.6868367560726266,0.38707696428415295,0.7279461838652441
extra_trees,outer_validation,C_environment_only_h1s_relative_longitudinal_velocity_std,1.0,relative_longitudinal_velocity,std,1152,0.030691443011164665,0.016474120318889618,0.021994495764374733,0.6805957161024491,0.4864374452769644,0.7731015607588183
extra_trees,outer_validation,C_environment_only_h1s_relative_longitudinal_velocity_min,1.0,relative_longitudinal_velocity,min,1152,0.18707582354545593,0.1078169047832489,0.1516033411026001,0.7741524686347708,0.3432770567929475,0.44629568686029997
extra_trees,outer_validation,C_environment_only_h1s_relative_longitudinal_velocity_max,1.0,relative_longitudinal_velocity,max,1152,0.24300126731395721,0.12735337018966675,0.1687522530555725,0.6897431034350446,0.5177390291831879,0.7491902723446762
extra_trees,outer_validation,C_environment_only_h1s_relative_longitudinal_velocity_q10,1.0,relative_longitudinal_velocity,q10,1152,0.00021311255113687366,0.0014751056442037225,0.003975248895585537,0.3081185111009954,-346.9449610102655,0.20995973289720016
extra_trees,outer_validation,C_environment_only_h1s_relative_longitudinal_velocity_q90,1.0,relative_longitudinal_velocity,q90,1152,0.0010043168440461159,0.001890790183097124,0.006390573922544718,0.7330241385974101,-39.489111973512074,0.16386020571212537
extra_trees,outer_validation,C_environment_only_h1s_relative_longitudinal_velocity_nonzero_fraction,1.0,relative_longitudinal_velocity,nonzero_fraction,1152,0.03233325481414795,0.014946616254746914,0.018869586288928986,0.6054387296805441,0.6594146366556717,0.776070668251799
extra_trees,outer_validation,C_environment_only_h1s_relative_lateral_velocity_mean,1.0,relative_lateral_velocity,mean,1152,0.008993242867290974,0.004234252031892538,0.006779282353818417,0.5817255270389885,0.431756142395053,0.685720092298699
extra_trees,outer_validation,C_environment_only_h1s_relative_lateral_velocity_std,1.0,relative_lateral_velocity,std,1152,0.027843071147799492,0.0115989213809371,0.015291163697838783,0.45158177755989715,0.6983892893563072,0.8533598583567145
extra_trees,outer_validation,C_environment_only_h1s_relative_lateral_velocity_min,1.0,relative_lateral_velocity,min,1152,0.14272856712341309,0.07629141211509705,0.09547068923711777,0.5171994315344977,0.5525770632724356,0.4077469436015201
extra_trees,outer_validation,C_environment_only_h1s_relative_lateral_velocity_max,1.0,relative_lateral_velocity,max,1152,0.17532522976398468,0.07793165743350983,0.10415007174015045,0.5937657002651704,0.6471173694619893,0.7459054862253252
extra_trees,outer_validation,C_environment_only_h1s_relative_lateral_velocity_q10,1.0,relative_lateral_velocity,q10,1152,0.0199850145727396,0.004154490306973457,0.016002438962459564,0.44937707780650793,0.3588444279556544,0.3573645392567384
extra_trees,outer_validation,C_environment_only_h1s_relative_lateral_velocity_q90,1.0,relative_lateral_velocity,q90,1152,0.03214307129383087,0.006186077371239662,0.028043871745467186,1.4198676846952996,0.23879567462605422,0.3310518635653337
extra_trees,outer_validation,C_environment_only_h1s_relative_lateral_velocity_nonzero_fraction,1.0,relative_lateral_velocity,nonzero_fraction,1152,0.03269132971763611,0.015417956747114658,0.018881211057305336,0.6017713977354556,0.6664241980508102,0.7592737534419608
extra_trees,outer_validation,C_environment_only_h1s_dynamic_clearance_mean,1.0,dynamic_clearance,mean,1152,0.21052035689353943,0.09627851843833923,0.13134685158729553,0.6346831972803174,0.6107297785264814,0.7825747754028599
extra_trees,outer_validation,C_environment_only_h1s_dynamic_clearance_std,1.0,dynamic_clearance,std,1152,0.08216016739606857,0.051311835646629333,0.069129079580307,0.9602173623721095,0.2920559676620075,0.5721562070039682
extra_trees,outer_validation,C_environment_only_h1s_dynamic_clearance_min,1.0,dynamic_clearance,min,1152,0.22214271128177643,0.04900451377034187,0.17397427558898926,1.081175066925119,0.3866535789198504,0.3570947908464676
extra_trees,outer_validation,C_environment_only_h1s_dynamic_clearance_max,1.0,dynamic_clearance,max,1152,0.15589360892772675,0.09572169184684753,0.12135525792837143,0.6992783208967783,0.3940167636540899,0.6590881197363837
extra_trees,outer_validation,C_environment_only_h1s_dynamic_clearance_q10,1.0,dynamic_clearance,q10,1152,0.21662549674510956,0.06838700920343399,0.1457369029521942,0.7785995420863412,0.5473944060324958,0.8198731954339447
extra_trees,outer_validation,C_environment_only_h1s_dynamic_clearance_q90,1.0,dynamic_clearance,q90,1152,0.2349930852651596,0.13690407574176788,0.16764751076698303,0.7075097074294646,0.49103953774303655,0.7092703857063828
extra_trees,outer_validation,C_environment_only_h1s_dynamic_clearance_nonzero_fraction,1.0,dynamic_clearance,nonzero_fraction,1152,0.03187321871519089,0.014059023931622505,0.017722047865390778,0.5694891271590133,0.6908452771386188,0.7964759015882207
extra_trees,outer_validation,C_environment_only_h1s_dynamic_collision_field_mean,1.0,dynamic_collision_field,mean,1152,0.16415919363498688,0.07333086431026459,0.09046521037817001,0.5638053342090199,0.6963083984933822,0.8048854794787749
extra_trees,outer_validation,C_environment_only_h1s_dynamic_collision_field_std,1.0,dynamic_collision_field,std,1152,0.12574522197246552,0.05828053504228592,0.07712264358997345,0.578981122864372,0.6238328869485893,0.7994625874095092
extra_trees,outer_validation,C_environment_only_h1s_dynamic_collision_field_min,1.0,dynamic_collision_field,min,1152,0.0,0.0,0.0,0.0,,
extra_trees,outer_validation,C_environment_only_h1s_dynamic_collision_field_max,1.0,dynamic_collision_field,max,1152,0.222195103764534,0.05150657892227173,0.15989165008068085,0.6924199701250365,0.4821754301177166,0.3633895430069408
extra_trees,outer_validation,C_environment_only_h1s_dynamic_collision_field_q10,1.0,dynamic_collision_field,q10,1152,0.0,0.0,0.0,0.0,,
extra_trees,outer_validation,C_environment_only_h1s_dynamic_collision_field_q90,1.0,dynamic_collision_field,q90,1152,0.4394038915634155,0.2625752389431,0.40358054637908936,0.9713827657035629,0.1564076430798611,0.43792772148580605
extra_trees,outer_validation,C_environment_only_h1s_dynamic_collision_field_nonzero_fraction,1.0,dynamic_collision_field,nonzero_fraction,1152,0.16415919363498688,0.07333086431026459,0.09046521037817001,0.5638053342090199,0.6963083984933822,0.8048854794787749
extra_trees,outer_validation,C_environment_only_h2s_candidate_relative_dynamic_occupancy_mean,2.0,candidate_relative_dynamic_occupancy,mean,1152,0.03435030207037926,0.01589314267039299,0.019716506823897362,0.6203840804240256,0.6705429492925843,0.7885548557561219
extra_trees,outer_validation,C_environment_only_h2s_candidate_relative_dynamic_occupancy_std,2.0,candidate_relative_dynamic_occupancy,std,1152,0.08264227211475372,0.04046323895454407,0.048094213008880615,0.6085624930648005,0.6613265859349808,0.8059745113439782
extra_trees,outer_validation,C_environment_only_h2s_candidate_relative_dynamic_occupancy_min,2.0,candidate_relative_dynamic_occupancy,min,1152,0.0,0.0,0.0,0.0,,
extra_trees,outer_validation,C_environment_only_h2s_candidate_relative_dynamic_occupancy_max,2.0,candidate_relative_dynamic_occupancy,max,1152,0.21686625480651855,0.039553895592689514,0.16053807735443115,0.9096827960757128,0.45201069312915954,0.4536124495154254
extra_trees,outer_validation,C_environment_only_h2s_candidate_relative_dynamic_occupancy_q10,2.0,candidate_relative_dynamic_occupancy,q10,1152,0.0,0.0,0.0,0.0,,
extra_trees,outer_validation,C_environment_only_h2s_candidate_relative_dynamic_occupancy_q90,2.0,candidate_relative_dynamic_occupancy,q90,1152,0.2556729316711426,0.07214239984750748,0.18071702122688293,0.7657563224847156,0.5003929072187691,0.4472338173161262
extra_trees,outer_validation,C_environment_only_h2s_candidate_relative_dynamic_occupancy_nonzero_fraction,2.0,candidate_relative_dynamic_occupancy,nonzero_fraction,1152,0.03435030207037926,0.01589314267039299,0.019716506823897362,0.6203840804240256,0.6705429492925843,0.7885548557561219
extra_trees,outer_validation,C_environment_only_h2s_relative_longitudinal_velocity_mean,2.0,relative_longitudinal_velocity,mean,1152,0.00701083242893219,0.003779434831812978,0.005574964452534914,0.6954082122230977,0.3676681950078884,0.7351756642989835
extra_trees,outer_validation,C_environment_only_h2s_relative_longitudinal_velocity_std,2.0,relative_longitudinal_velocity,std,1152,0.029455073177814484,0.016927413642406464,0.022631781175732613,0.6981858257016799,0.40963951506932694,0.7338128331261478
extra_trees,outer_validation,C_environment_only_h2s_relative_longitudinal_velocity_min,2.0,relative_longitudinal_velocity,min,1152,0.18221241235733032,0.11610184609889984,0.16941940784454346,0.8480165164739596,0.1354892202378022,0.4422715518122789
extra_trees,outer_validation,C_environment_only_h2s_relative_longitudinal_velocity_max,2.0,relative_longitudinal_velocity,max,1152,0.24294330179691315,0.1248796284198761,0.16604091227054596,0.6867659271233422,0.5328887169767142,0.7894361470696545
extra_trees,outer_validation,C_environment_only_h2s_relative_longitudinal_velocity_q10,2.0,relative_longitudinal_velocity,q10,1152,0.0002507907338440418,0.0011748531833291054,0.0031168966088443995,0.27628240779303526,-153.4620414177024,0.21382171762000957
extra_trees,outer_validation,C_environment_only_h2s_relative_longitudinal_velocity_q90,2.0,relative_longitudinal_velocity,q90,1152,0.0014495756477117538,0.00040078829624690115,0.0015753998886793852,0.3302206116539339,-0.18113581654832167,0.20627553155636033
extra_trees,outer_validation,C_environment_only_h2s_relative_longitudinal_velocity_nonzero_fraction,2.0,relative_longitudinal_velocity,nonzero_fraction,1152,0.03408711031079292,0.01597861759364605,0.01987144909799099,0.6273941285937658,0.660156707383436,0.783392060248906
extra_trees,outer_validation,C_environment_only_h2s_relative_lateral_velocity_mean,2.0,relative_lateral_velocity,mean,1152,0.008394180797040462,0.003849663771688938,0.005848436150699854,0.5101388267094683,0.5145742043744498,0.6596596711976395
extra_trees,outer_validation,C_environment_only_h2s_relative_lateral_velocity_std,2.0,relative_lateral_velocity,std,1152,0.027259163558483124,0.011072342284023762,0.014160411432385445,0.42478886873245697,0.730147363310437,0.8586804534385858
extra_trees,outer_validation,C_environment_only_h2s_relative_lateral_velocity_min,2.0,relative_lateral_velocity,min,1152,0.14026707410812378,0.07771239429712296,0.09465542435646057,0.5173117164395158,0.54461413834558,0.43504772967809874
extra_trees,outer_validation,C_environment_only_h2s_relative_lateral_velocity_max,2.0,relative_lateral_velocity,max,1152,0.19501765072345734,0.08367965370416641,0.11711710691452026,0.6950111990098853,0.6393443039344548,0.7104743273936737
extra_trees,outer_validation,C_environment_only_h2s_relative_lateral_velocity_q10,2.0,relative_lateral_velocity,q10,1152,0.023949746042490005,0.006383571308106184,0.01995844952762127,0.531030283230728,0.3055327958084484,0.32073077770540237
extra_trees,outer_validation,C_environment_only_h2s_relative_lateral_velocity_q90,2.0,relative_lateral_velocity,q90,1152,0.024217581376433372,0.004329073708504438,0.01815875805914402,0.8063021508428496,0.43777433377229047,0.32428391672169493
extra_trees,outer_validation,C_environment_only_h2s_relative_lateral_velocity_nonzero_fraction,2.0,relative_lateral_velocity,nonzero_fraction,1152,0.03433571010828018,0.016633417457342148,0.0205253716558218,0.6493924944330504,0.642653202593346,0.75518476267268
extra_trees,outer_validation,C_environment_only_h2s_dynamic_clearance_mean,2.0,dynamic_clearance,mean,1152,0.21284474432468414,0.09943585842847824,0.13442783057689667,0.6461577414953318,0.6011105039757436,0.7897467278044176
extra_trees,outer_validation,C_environment_only_h2s_dynamic_clearance_std,2.0,dynamic_clearance,std,1152,0.08222565799951553,0.04929213225841522,0.06741847842931747,0.9285296060071099,0.3277307405708705,0.5861584829166366
extra_trees,outer_validation,C_environment_only_h2s_dynamic_clearance_min,2.0,dynamic_clearance,min,1152,0.21747174859046936,0.04130057990550995,0.15692605078220367,0.876787146895807,0.47930378589675515,0.4270471881761351
extra_trees,outer_validation,C_environment_only_h2s_dynamic_clearance_max,2.0,dynamic_clearance,max,1152,0.1569640338420868,0.09043417870998383,0.11438398063182831,0.6622558430680056,0.4689565405457864,0.6963285921070737
extra_trees,outer_validation,C_environment_only_h2s_dynamic_clearance_q10,2.0,dynamic_clearance,q10,1152,0.21465392410755157,0.06639819592237473,0.13823843002319336,0.7122462662829847,0.5852562022308002,0.8094495787455107
extra_trees,outer_validation,C_environment_only_h2s_dynamic_clearance_q90,2.0,dynamic_clearance,q90,1152,0.24054551124572754,0.13784942030906677,0.17343248426914215,0.7394445362134688,0.4801639605936676,0.7271831012070697
extra_trees,outer_validation,C_environment_only_h2s_dynamic_clearance_nonzero_fraction,2.0,dynamic_clearance,nonzero_fraction,1152,0.03366364166140556,0.015359772369265556,0.019279688596725464,0.6128611564229106,0.6719969468187104,0.792781027098791
extra_trees,outer_validation,C_environment_only_h2s_dynamic_collision_field_mean,2.0,dynamic_collision_field,mean,1152,0.16839104890823364,0.07889273762702942,0.09448123723268509,0.5801278224320023,0.685186622446105,0.8072546520420658
extra_trees,outer_validation,C_environment_only_h2s_dynamic_collision_field_std,2.0,dynamic_collision_field,std,1152,0.13005603849887848,0.06171276047825813,0.0824454054236412,0.6128054423082738,0.5981427109822903,0.789449624520109
extra_trees,outer_validation,C_environment_only_h2s_dynamic_collision_field_min,2.0,dynamic_collision_field,min,1152,0.0,0.0,0.0,0.0,,
extra_trees,outer_validation,C_environment_only_h2s_dynamic_collision_field_max,2.0,dynamic_collision_field,max,1152,0.23073792457580566,0.05546117573976517,0.16897571086883545,0.7219193260929837,0.4636965073955701,0.3574988966695984
extra_trees,outer_validation,C_environment_only_h2s_dynamic_collision_field_q10,2.0,dynamic_collision_field,q10,1152,0.0,0.0,0.0,0.0,,
extra_trees,outer_validation,C_environment_only_h2s_dynamic_collision_field_q90,2.0,dynamic_collision_field,q90,1152,0.4465286433696747,0.24943695962429047,0.3863171935081482,0.9181710858415486,0.2515040615942967,0.5397189367528691
extra_trees,outer_validation,C_environment_only_h2s_dynamic_collision_field_nonzero_fraction,2.0,dynamic_collision_field,nonzero_fraction,1152,0.16839104890823364,0.07889273762702942,0.09448123723268509,0.5801278224320023,0.685186622446105,0.8072546520420658
extra_trees,outer_validation,C_environment_only_h4s_candidate_relative_dynamic_occupancy_mean,4.0,candidate_relative_dynamic_occupancy,mean,1152,0.03354286402463913,0.017530474811792374,0.021461714059114456,0.6666277488008746,0.590618246152496,0.7596184014045894
extra_trees,outer_validation,C_environment_only_h4s_candidate_relative_dynamic_occupancy_std,4.0,candidate_relative_dynamic_occupancy,std,1152,0.0803615152835846,0.04139532893896103,0.04946618154644966,0.6145801898826276,0.6211035624788575,0.7796155641650746
extra_trees,outer_validation,C_environment_only_h4s_candidate_relative_dynamic_occupancy_min,4.0,candidate_relative_dynamic_occupancy,min,1152,0.0,0.0,0.0,0.0,,
extra_trees,outer_validation,C_environment_only_h4s_candidate_relative_dynamic_occupancy_max,4.0,candidate_relative_dynamic_occupancy,max,1152,0.19374370574951172,0.039362192153930664,0.1481686532497406,0.8010127947056657,0.41513247639747575,0.3380317959847204
extra_trees,outer_validation,C_environment_only_h4s_candidate_relative_dynamic_occupancy_q10,4.0,candidate_relative_dynamic_occupancy,q10,1152,0.0,0.0,0.0,0.0,,
extra_trees,outer_validation,C_environment_only_h4s_candidate_relative_dynamic_occupancy_q90,4.0,candidate_relative_dynamic_occupancy,q90,1152,0.26686546206474304,0.08750024437904358,0.21721206605434418,0.9347245779734582,0.3375041246864485,0.4252522058237028
extra_trees,outer_validation,C_environment_only_h4s_candidate_relative_dynamic_occupancy_nonzero_fraction,4.0,candidate_relative_dynamic_occupancy,nonzero_fraction,1152,0.03354286402463913,0.017530474811792374,0.021461714059114456,0.6666277488008746,0.590618246152496,0.7596184014045894
extra_trees,outer_validation,C_environment_only_h4s_relative_longitudinal_velocity_mean,4.0,relative_longitudinal_velocity,mean,1152,0.007279176265001297,0.003978709224611521,0.005986150819808245,0.7182915814934199,0.32371331794000857,0.6615106615570838
extra_trees,outer_validation,C_environment_only_h4s_relative_longitudinal_velocity_std,4.0,relative_longitudinal_velocity,std,1152,0.0313454307615757,0.017551543191075325,0.023488910868763924,0.6833760394371595,0.43846441145804005,0.6975776955686689
extra_trees,outer_validation,C_environment_only_h4s_relative_longitudinal_velocity_min,4.0,relative_longitudinal_velocity,min,1152,0.1717107743024826,0.1220528781414032,0.17655201256275177,0.84178926858034,-0.05718304778955696,0.3119234605658499
extra_trees,outer_validation,C_environment_only_h4s_relative_longitudinal_velocity_max,4.0,relative_longitudinal_velocity,max,1152,0.24668270349502563,0.12201981991529465,0.1716947704553604,0.6772042944268933,0.5155636218615607,0.7572949917670321
extra_trees,outer_validation,C_environment_only_h4s_relative_longitudinal_velocity_q10,4.0,relative_longitudinal_velocity,q10,1152,0.00021785852732136846,0.0007667240570299327,0.0019329653587192297,0.22863421645051402,-77.72254197461454,0.1942016241746531
extra_trees,outer_validation,C_environment_only_h4s_relative_longitudinal_velocity_q90,4.0,relative_longitudinal_velocity,q90,1152,0.019437985494732857,0.0029532001353800297,0.019644930958747864,7.257972434713433,-0.021406140969054466,0.1563748910119834
extra_trees,outer_validation,C_environment_only_h4s_relative_longitudinal_velocity_nonzero_fraction,4.0,relative_longitudinal_velocity,nonzero_fraction,1152,0.03175535798072815,0.017873326316475868,0.02290188893675804,0.730731391199552,0.4798740150279457,0.710826666928984
extra_trees,outer_validation,C_environment_only_h4s_relative_lateral_velocity_mean,4.0,relative_lateral_velocity,mean,1152,0.008054934442043304,0.0034207990393042564,0.005482566077262163,0.5092857087860052,0.5367198288341624,0.6537124034796223
extra_trees,outer_validation,C_environment_only_h4s_relative_lateral_velocity_std,4.0,relative_lateral_velocity,std,1152,0.02857721410691738,0.011894600465893745,0.015327534638345242,0.47365056708622827,0.7123231989221763,0.7746553376676344
extra_trees,outer_validation,C_environment_only_h4s_relative_lateral_velocity_min,4.0,relative_lateral_velocity,min,1152,0.1479434072971344,0.08397454768419266,0.11190134286880493,0.6275075200742825,0.42789023257752223,0.45548647024592814
extra_trees,outer_validation,C_environment_only_h4s_relative_lateral_velocity_max,4.0,relative_lateral_velocity,max,1152,0.1804312765598297,0.0838865414261818,0.12459948658943176,0.782014799654376,0.5231202667789575,0.6332928459244346
extra_trees,outer_validation,C_environment_only_h4s_relative_lateral_velocity_q10,4.0,relative_lateral_velocity,q10,1152,0.011242630891501904,0.004538277164101601,0.015036318451166153,0.5362917053699444,-0.7887398613347854,0.19509736048446266
extra_trees,outer_validation,C_environment_only_h4s_relative_lateral_velocity_q90,4.0,relative_lateral_velocity,q90,1152,0.016785573214292526,0.003252980299293995,0.01344354823231697,0.7889191803403586,0.35856086190440895,0.3280885495596623
extra_trees,outer_validation,C_environment_only_h4s_relative_lateral_velocity_nonzero_fraction,4.0,relative_lateral_velocity,nonzero_fraction,1152,0.03334018215537071,0.018055137246847153,0.022028882056474686,0.6854219210692953,0.5634349997512791,0.7254964029273767
extra_trees,outer_validation,C_environment_only_h4s_dynamic_clearance_mean,4.0,dynamic_clearance,mean,1152,0.20857572555541992,0.09420883655548096,0.13039980828762054,0.6093303835307377,0.6091353141177998,0.8028376964017666
extra_trees,outer_validation,C_environment_only_h4s_dynamic_clearance_std,4.0,dynamic_clearance,std,1152,0.07873991131782532,0.05038619041442871,0.06620112806558609,0.9249208514709958,0.29312774223188465,0.5658716451963813
extra_trees,outer_validation,C_environment_only_h4s_dynamic_clearance_min,4.0,dynamic_clearance,min,1152,0.1960674524307251,0.03924565017223358,0.13888144493103027,0.7409071266606102,0.49826147866132364,0.3785092794482334
extra_trees,outer_validation,C_environment_only_h4s_dynamic_clearance_max,4.0,dynamic_clearance,max,1152,0.15737827122211456,0.09667147696018219,0.12156188488006592,0.703295164770308,0.4033696656750234,0.6253088628401174
extra_trees,outer_validation,C_environment_only_h4s_dynamic_clearance_q10,4.0,dynamic_clearance,q10,1152,0.2055002748966217,0.057622089982032776,0.1262630820274353,0.6259983359651247,0.6224904182208978,0.807170341822704
extra_trees,outer_validation,C_environment_only_h4s_dynamic_clearance_q90,4.0,dynamic_clearance,q90,1152,0.2317882925271988,0.13864466547966003,0.173611119389534,0.7428012951729897,0.43898801876128346,0.7416008362043706
extra_trees,outer_validation,C_environment_only_h4s_dynamic_clearance_nonzero_fraction,4.0,dynamic_clearance,nonzero_fraction,1152,0.03289708122611046,0.017017900943756104,0.02093878947198391,0.6533267954703931,0.5948756013948484,0.762130582254981
extra_trees,outer_validation,C_environment_only_h4s_dynamic_collision_field_mean,4.0,dynamic_collision_field,mean,1152,0.15874671936035156,0.07863356173038483,0.09644278138875961,0.5893892700930204,0.6309119564513312,0.8002827230228091
extra_trees,outer_validation,C_environment_only_h4s_dynamic_collision_field_std,4.0,dynamic_collision_field,std,1152,0.1254226714372635,0.0530264712870121,0.0748312771320343,0.5492770741576912,0.6440293012994915,0.7999825799006992
extra_trees,outer_validation,C_environment_only_h4s_dynamic_collision_field_min,4.0,dynamic_collision_field,min,1152,0.0,0.0,0.0,0.0,,
extra_trees,outer_validation,C_environment_only_h4s_dynamic_collision_field_max,4.0,dynamic_collision_field,max,1152,0.22393646836280823,0.043106283992528915,0.14617453515529633,0.6245034409862941,0.5739173988765531,0.39246423406211295
extra_trees,outer_validation,C_environment_only_h4s_dynamic_collision_field_q10,4.0,dynamic_collision_field,q10,1152,0.0,0.0,0.0,0.0,,
extra_trees,outer_validation,C_environment_only_h4s_dynamic_collision_field_q90,4.0,dynamic_collision_field,q90,1152,0.4194415807723999,0.20856325328350067,0.331584632396698,0.8012559820715552,0.37504921813287195,0.6011337849744472
extra_trees,outer_validation,C_environment_only_h4s_dynamic_collision_field_nonzero_fraction,4.0,dynamic_collision_field,nonzero_fraction,1152,0.15874671936035156,0.07863356173038483,0.09644278138875961,0.5893892700930204,0.6309119564513312,0.8002827230228091
mlp_raw,outer_train_oof,C_environment_only_h1s_candidate_relative_dynamic_occupancy_mean,1.0,candidate_relative_dynamic_occupancy,mean,4848,0.03150100260972977,0.013305465690791607,0.019103990867733955,0.6064567411669654,0.6322103345456813,0.8389856309599385
mlp_raw,outer_train_oof,C_environment_only_h1s_candidate_relative_dynamic_occupancy_std,1.0,candidate_relative_dynamic_occupancy,std,4848,0.07743223011493683,0.03187241405248642,0.04072413966059685,0.5259305968861769,0.7233948442387126,0.8607090875787728
mlp_raw,outer_train_oof,C_environment_only_h1s_candidate_relative_dynamic_occupancy_min,1.0,candidate_relative_dynamic_occupancy,min,4848,0.0,0.0,0.0,0.0,,
mlp_raw,outer_train_oof,C_environment_only_h1s_candidate_relative_dynamic_occupancy_max,1.0,candidate_relative_dynamic_occupancy,max,4848,0.1553698480129242,0.039387866854667664,0.13232466578483582,0.8517025259340243,0.2746491634871807,0.27141151851237855
mlp_raw,outer_train_oof,C_environment_only_h1s_candidate_relative_dynamic_occupancy_q10,1.0,candidate_relative_dynamic_occupancy,q10,4848,0.0,0.0,0.0,0.0,,
mlp_raw,outer_train_oof,C_environment_only_h1s_candidate_relative_dynamic_occupancy_q90,1.0,candidate_relative_dynamic_occupancy,q90,4848,0.2133459895849228,0.0679311528801918,0.1913396120071411,0.8968615603480056,0.19565790140214545,0.32908713090250935
mlp_raw,outer_train_oof,C_environment_only_h1s_candidate_relative_dynamic_occupancy_nonzero_fraction,1.0,candidate_relative_dynamic_occupancy,nonzero_fraction,4848,0.03150100260972977,0.013015872798860073,0.019040312618017197,0.604435273292854,0.6346581614360025,0.8434527830605321
mlp_raw,outer_train_oof,C_environment_only_h1s_relative_longitudinal_velocity_mean,1.0,relative_longitudinal_velocity,mean,4848,0.008041379041969776,0.004599193576723337,0.006443259306252003,0.8012633476872232,0.35797759601117074,0.608157991047112
mlp_raw,outer_train_oof,C_environment_only_h1s_relative_longitudinal_velocity_std,1.0,relative_longitudinal_velocity,std,4848,0.03231655806303024,0.016493266448378563,0.022730393335223198,0.7033672649288107,0.5052750975510143,0.7139515145081099
mlp_raw,outer_train_oof,C_environment_only_h1s_relative_longitudinal_velocity_min,1.0,relative_longitudinal_velocity,min,4848,0.19583472609519958,0.1315271556377411,0.1908235102891922,0.9744276774477837,0.05052320742054728,0.37708677493594195
mlp_raw,outer_train_oof,C_environment_only_h1s_relative_longitudinal_velocity_max,1.0,relative_longitudinal_velocity,max,4848,0.2446601241827011,0.13784900307655334,0.17850618064403534,0.7296104483962496,0.46767104032954,0.6764943055492173
mlp_raw,outer_train_oof,C_environment_only_h1s_relative_longitudinal_velocity_q10,1.0,relative_longitudinal_velocity,q10,4848,0.012901927344501019,0.0028232811018824577,0.01276142243295908,0.9891281232580591,0.021661788135392657,0.19413820332464585
mlp_raw,outer_train_oof,C_environment_only_h1s_relative_longitudinal_velocity_q90,1.0,relative_longitudinal_velocity,q90,4848,0.008718052878975868,0.0014967304887250066,0.008941976353526115,1.0256801021858495,-0.052029771258248037,0.11434827224628022
mlp_raw,outer_train_oof,C_environment_only_h1s_relative_longitudinal_velocity_nonzero_fraction,1.0,relative_longitudinal_velocity,nonzero_fraction,4848,0.03116682544350624,0.012873482890427113,0.018325714394450188,0.587988367819914,0.6542702493594057,0.8317034743962967
mlp_raw,outer_train_oof,C_environment_only_h1s_relative_lateral_velocity_mean,1.0,relative_lateral_velocity,mean,4848,0.011653733439743519,0.006689771078526974,0.011104045435786247,0.9528304540611627,0.09211209581488466,0.4907062722465177
mlp_raw,outer_train_oof,C_environment_only_h1s_relative_lateral_velocity_std,1.0,relative_lateral_velocity,std,4848,0.03386131301522255,0.01304500363767147,0.018463632091879845,0.5452717638122933,0.7026782541943886,0.8355311898168534
mlp_raw,outer_train_oof,C_environment_only_h1s_relative_lateral_velocity_min,1.0,relative_lateral_velocity,min,4848,0.18459075689315796,0.1068778708577156,0.15353485941886902,0.831754150375351,0.30817842715071353,0.4843238834211532
mlp_raw,outer_train_oof,C_environment_only_h1s_relative_lateral_velocity_max,1.0,relative_lateral_velocity,max,4848,0.17540772259235382,0.09466680139303207,0.13880154490470886,0.7913157920222562,0.37383146463481953,0.4616374720056661
mlp_raw,outer_train_oof,C_environment_only_h1s_relative_lateral_velocity_q10,1.0,relative_lateral_velocity,q10,4848,0.035610221326351166,0.008811678737401962,0.03599502891302109,1.010804724607307,-0.02172903927799652,0.12297961013266473
mlp_raw,outer_train_oof,C_environment_only_h1s_relative_lateral_velocity_q90,1.0,relative_lateral_velocity,q90,4848,0.01975071430206299,0.004179851617664099,0.018732940778136253,0.9484531056053502,0.10040674322744036,0.16010401776060598
mlp_raw,outer_train_oof,C_environment_only_h1s_relative_lateral_velocity_nonzero_fraction,1.0,relative_lateral_velocity,nonzero_fraction,4848,0.031376052647829056,0.013511819764971733,0.019912447780370712,0.6346383977574208,0.597234144579723,0.8263492280175172
mlp_raw,outer_train_oof,C_environment_only_h1s_dynamic_clearance_mean,1.0,dynamic_clearance,mean,4848,0.20694884657859802,0.08031051605939865,0.10978221148252487,0.5304803590356659,0.718591050613283,0.8587947029347314
mlp_raw,outer_train_oof,C_environment_only_h1s_dynamic_clearance_std,1.0,dynamic_clearance,std,4848,0.07199312001466751,0.046792443841695786,0.06153838336467743,0.8547810055886735,0.26934860388904014,0.5685891252073075
mlp_raw,outer_train_oof,C_environment_only_h1s_dynamic_clearance_min,1.0,dynamic_clearance,min,4848,0.16091875731945038,0.045417193323373795,0.13242791593074799,0.8229823655506121,0.3227550196433716,0.3281462281193694
mlp_raw,outer_train_oof,C_environment_only_h1s_dynamic_clearance_max,1.0,dynamic_clearance,max,4848,0.17354166507720947,0.09076108783483505,0.1234847754240036,0.7115491152907462,0.4936866738693828,0.7187462795665854
mlp_raw,outer_train_oof,C_environment_only_h1s_dynamic_clearance_q10,1.0,dynamic_clearance,q10,4848,0.18717852234840393,0.06793536245822906,0.12676480412483215,0.677241086127891,0.5413458548713792,0.7969298816130019
mlp_raw,outer_train_oof,C_environment_only_h1s_dynamic_clearance_q90,1.0,dynamic_clearance,q90,4848,0.23695361614227295,0.11034855246543884,0.14191263914108276,0.5989028369100283,0.6413131182718526,0.8036916228177982
mlp_raw,outer_train_oof,C_environment_only_h1s_dynamic_clearance_nonzero_fraction,1.0,dynamic_clearance,nonzero_fraction,4848,0.03111923672258854,0.012808543629944324,0.018733413890004158,0.6019888675372201,0.6376102190349906,0.8418097124735988
mlp_raw,outer_train_oof,C_environment_only_h1s_dynamic_collision_field_mean,1.0,dynamic_collision_field,mean,4848,0.1604546755552292,0.0628296285867691,0.08393915742635727,0.5231330862787766,0.7263316572583675,0.8718595305977689
mlp_raw,outer_train_oof,C_environment_only_h1s_dynamic_collision_field_std,1.0,dynamic_collision_field,std,4848,0.13320443034172058,0.051906321197748184,0.07364285737276077,0.5528574004712292,0.6943503638536405,0.8418215563123185
mlp_raw,outer_train_oof,C_environment_only_h1s_dynamic_collision_field_min,1.0,dynamic_collision_field,min,4848,0.0,0.0,0.0,0.0,,
mlp_raw,outer_train_oof,C_environment_only_h1s_dynamic_collision_field_max,1.0,dynamic_collision_field,max,4848,0.23091958463191986,0.07983843237161636,0.19559885561466217,0.847052073656472,0.28251775480718955,0.33885742541785707
mlp_raw,outer_train_oof,C_environment_only_h1s_dynamic_collision_field_q10,1.0,dynamic_collision_field,q10,4848,0.0,0.0,0.0,0.0,,
mlp_raw,outer_train_oof,C_environment_only_h1s_dynamic_collision_field_q90,1.0,dynamic_collision_field,q90,4848,0.4154805839061737,0.180511936545372,0.29556649923324585,0.7114024847095213,0.49393187462539356,0.6373119591863732
mlp_raw,outer_train_oof,C_environment_only_h1s_dynamic_collision_field_nonzero_fraction,1.0,dynamic_collision_field,nonzero_fraction,4848,0.1604546755552292,0.06117739528417587,0.08137989044189453,0.5071829948406064,0.7427653549949502,0.8768715910207406
mlp_raw,outer_train_oof,C_environment_only_h2s_candidate_relative_dynamic_occupancy_mean,2.0,candidate_relative_dynamic_occupancy,mean,4848,0.03178119286894798,0.012536249123513699,0.017965426668524742,0.565285970924076,0.6804530097020871,0.8488386745422956
mlp_raw,outer_train_oof,C_environment_only_h2s_candidate_relative_dynamic_occupancy_std,2.0,candidate_relative_dynamic_occupancy,std,4848,0.07902920991182327,0.03294612839818001,0.04206997528672218,0.5323345043391133,0.7166199145351677,0.8568138549890559
mlp_raw,outer_train_oof,C_environment_only_h2s_candidate_relative_dynamic_occupancy_min,2.0,candidate_relative_dynamic_occupancy,min,4848,0.0,0.0,0.0,0.0,,
mlp_raw,outer_train_oof,C_environment_only_h2s_candidate_relative_dynamic_occupancy_max,2.0,candidate_relative_dynamic_occupancy,max,4848,0.17647317051887512,0.04431634396314621,0.1392458826303482,0.7890313995323887,0.3774025868075028,0.2503051448511688
mlp_raw,outer_train_oof,C_environment_only_h2s_candidate_relative_dynamic_occupancy_q10,2.0,candidate_relative_dynamic_occupancy,q10,4848,0.0,0.0,0.0,0.0,,
mlp_raw,outer_train_oof,C_environment_only_h2s_candidate_relative_dynamic_occupancy_q90,2.0,candidate_relative_dynamic_occupancy,q90,4848,0.23599843680858612,0.07913915067911148,0.20002371072769165,0.8475649946901553,0.2816357727795912,0.3726947131383501
mlp_raw,outer_train_oof,C_environment_only_h2s_candidate_relative_dynamic_occupancy_nonzero_fraction,2.0,candidate_relative_dynamic_occupancy,nonzero_fraction,4848,0.03178119286894798,0.012748823501169682,0.017975199967622757,0.5655934898587324,0.6801052441933803,0.846026725808809
mlp_raw,outer_train_oof,C_environment_only_h2s_relative_longitudinal_velocity_mean,2.0,relative_longitudinal_velocity,mean,4848,0.008016828447580338,0.0045393966138362885,0.006422039121389389,0.8010703534085394,0.35828721510833605,0.6142682758511834
mlp_raw,outer_train_oof,C_environment_only_h2s_relative_longitudinal_velocity_std,2.0,relative_longitudinal_velocity,std,4848,0.03241511806845665,0.016411051154136658,0.02248838171362877,0.6937619815916323,0.5186941699917811,0.7277297268463041
mlp_raw,outer_train_oof,C_environment_only_h2s_relative_longitudinal_velocity_min,2.0,relative_longitudinal_velocity,min,4848,0.19978143274784088,0.13031236827373505,0.1952359676361084,0.9772394277113376,0.0449866036176334,0.3783968102153269
mlp_raw,outer_train_oof,C_environment_only_h2s_relative_longitudinal_velocity_max,2.0,relative_longitudinal_velocity,max,4848,0.2417716383934021,0.1306954026222229,0.17248336970806122,0.7134127347957708,0.49103983450932576,0.7057072697735663
mlp_raw,outer_train_oof,C_environment_only_h2s_relative_longitudinal_velocity_q10,2.0,relative_longitudinal_velocity,q10,4848,0.011281761340796947,0.0023731233086436987,0.011112174019217491,0.9849855735134148,0.029838035244460936,0.2002939612027733
mlp_raw,outer_train_oof,C_environment_only_h2s_relative_longitudinal_velocity_q90,2.0,relative_longitudinal_velocity,q90,4848,0.004770723171532154,0.0006251393933780491,0.004789553117007017,1.0039413936818815,-0.007909509797898506,0.16933718637583606
mlp_raw,outer_train_oof,C_environment_only_h2s_relative_longitudinal_velocity_nonzero_fraction,2.0,relative_longitudinal_velocity,nonzero_fraction,4848,0.03167300671339035,0.013502753339707851,0.018981069326400757,0.599282487708409,0.6408609207681762,0.8297450661839938
mlp_raw,outer_train_oof,C_environment_only_h2s_relative_lateral_velocity_mean,2.0,relative_lateral_velocity,mean,4848,0.011464402079582214,0.0067359465174376965,0.01100340485572815,0.9597888902726095,0.0788055884333273,0.4582643095356681
mlp_raw,outer_train_oof,C_environment_only_h2s_relative_lateral_velocity_std,2.0,relative_lateral_velocity,std,4848,0.033335138112306595,0.012194680981338024,0.016948379576206207,0.5084232913289086,0.7415051497113663,0.8399794574233634
mlp_raw,outer_train_oof,C_environment_only_h2s_relative_lateral_velocity_min,2.0,relative_lateral_velocity,min,4848,0.18297582864761353,0.10433275997638702,0.1543538123369217,0.8435759085321336,0.28838163045135967,0.47608275817232537
mlp_raw,outer_train_oof,C_environment_only_h2s_relative_lateral_velocity_max,2.0,relative_lateral_velocity,max,4848,0.16851277649402618,0.09168299287557602,0.13591322302818298,0.8065534966387053,0.3494843289898325,0.48762781632464147
mlp_raw,outer_train_oof,C_environment_only_h2s_relative_lateral_velocity_q10,2.0,relative_lateral_velocity,q10,4848,0.03758499026298523,0.010366039350628853,0.03774973750114441,1.004399353235108,-0.008785854916792735,0.1741296501693693
mlp_raw,outer_train_oof,C_environment_only_h2s_relative_lateral_velocity_q90,2.0,relative_lateral_velocity,q90,4848,0.022521670907735825,0.004897667560726404,0.020739614963531494,0.9208997717950906,0.15199177030101452,0.21472945026728754
mlp_raw,outer_train_oof,C_environment_only_h2s_relative_lateral_velocity_nonzero_fraction,2.0,relative_lateral_velocity,nonzero_fraction,4848,0.03160708770155907,0.013082501478493214,0.01880224235355854,0.5948752240717105,0.6461247210701466,0.8259994835835935
mlp_raw,outer_train_oof,C_environment_only_h2s_dynamic_clearance_mean,2.0,dynamic_clearance,mean,4848,0.20804175734519958,0.08155481517314911,0.11000216752290726,0.5287502730733555,0.7204229986190145,0.8582301625881628
mlp_raw,outer_train_oof,C_environment_only_h2s_dynamic_clearance_std,2.0,dynamic_clearance,std,4848,0.07260774821043015,0.04495410993695259,0.06036972254514694,0.8314497152049019,0.30869069207755684,0.6059661280133875
mlp_raw,outer_train_oof,C_environment_only_h2s_dynamic_clearance_min,2.0,dynamic_clearance,min,4848,0.17897330224514008,0.04762590304017067,0.13512776792049408,0.7549944034839936,0.42995032062290184,0.3539145018851418
mlp_raw,outer_train_oof,C_environment_only_h2s_dynamic_clearance_max,2.0,dynamic_clearance,max,4848,0.17271603643894196,0.09012014418840408,0.12278642505407333,0.7109039831654971,0.49459982433504834,0.704373033158464
mlp_raw,outer_train_oof,C_environment_only_h2s_dynamic_clearance_q10,2.0,dynamic_clearance,q10,4848,0.19408826529979706,0.06776117533445358,0.12671494483947754,0.6528737799541697,0.5737571787289988,0.7639098672796255
mlp_raw,outer_train_oof,C_environment_only_h2s_dynamic_clearance_q90,2.0,dynamic_clearance,q90,4848,0.23454353213310242,0.10931374132633209,0.13984937965869904,0.596260038119441,0.644471708878012,0.8066772247504284
mlp_raw,outer_train_oof,C_environment_only_h2s_dynamic_clearance_nonzero_fraction,2.0,dynamic_clearance,nonzero_fraction,4848,0.03145839273929596,0.012681625783443451,0.018214069306850433,0.5789873380247081,0.6647715201755435,0.8456205310569226
mlp_raw,outer_train_oof,C_environment_only_h2s_dynamic_collision_field_mean,2.0,dynamic_collision_field,mean,4848,0.1628625988960266,0.061992060393095016,0.08286567777395248,0.5088066859556813,0.7411151328832497,0.8683871985971146
mlp_raw,outer_train_oof,C_environment_only_h2s_dynamic_collision_field_std,2.0,dynamic_collision_field,std,4848,0.1345376819372177,0.050926923751831055,0.0736498013138771,0.5474289178172331,0.700321748181308,0.8389703472716092
mlp_raw,outer_train_oof,C_environment_only_h2s_dynamic_collision_field_min,2.0,dynamic_collision_field,min,4848,0.0,0.0,0.0,0.0,,
mlp_raw,outer_train_oof,C_environment_only_h2s_dynamic_collision_field_max,2.0,dynamic_collision_field,max,4848,0.23406146466732025,0.07854757457971573,0.1935219168663025,0.8267887206391982,0.31640246987003395,0.3041886624869942
mlp_raw,outer_train_oof,C_environment_only_h2s_dynamic_collision_field_q10,2.0,dynamic_collision_field,q10,4848,0.0,0.0,0.0,0.0,,
mlp_raw,outer_train_oof,C_environment_only_h2s_dynamic_collision_field_q90,2.0,dynamic_collision_field,q90,4848,0.420756459236145,0.15925660729408264,0.26795172691345215,0.6368485073601916,0.5944433487862038,0.6763008853740147
mlp_raw,outer_train_oof,C_environment_only_h2s_dynamic_collision_field_nonzero_fraction,2.0,dynamic_collision_field,nonzero_fraction,4848,0.1628625988960266,0.06394506245851517,0.08401282876729965,0.5158503512088389,0.7338977821669634,0.8612031298625148
mlp_raw,outer_train_oof,C_environment_only_h4s_candidate_relative_dynamic_occupancy_mean,4.0,candidate_relative_dynamic_occupancy,mean,4848,0.032194457948207855,0.013801398687064648,0.018882697448134422,0.5865202591212446,0.6559941738767647,0.8313421479999037
mlp_raw,outer_train_oof,C_environment_only_h4s_candidate_relative_dynamic_occupancy_std,4.0,candidate_relative_dynamic_occupancy,std,4848,0.08048789203166962,0.035087019205093384,0.04447883740067482,0.5526161810124037,0.6946164020939603,0.8379503227317071
mlp_raw,outer_train_oof,C_environment_only_h4s_candidate_relative_dynamic_occupancy_min,4.0,candidate_relative_dynamic_occupancy,min,4848,0.0,0.0,0.0,0.0,,
mlp_raw,outer_train_oof,C_environment_only_h4s_candidate_relative_dynamic_occupancy_max,4.0,candidate_relative_dynamic_occupancy,max,4848,0.18498599529266357,0.052669793367385864,0.15409722924232483,0.8330631988923092,0.3060758472902042,0.23610587171781638
mlp_raw,outer_train_oof,C_environment_only_h4s_candidate_relative_dynamic_occupancy_q10,4.0,candidate_relative_dynamic_occupancy,q10,4848,0.0,0.0,0.0,0.0,,
mlp_raw,outer_train_oof,C_environment_only_h4s_candidate_relative_dynamic_occupancy_q90,4.0,candidate_relative_dynamic_occupancy,q90,4848,0.23238010704517365,0.08384625613689423,0.20580901205539703,0.885654031247441,0.2156122182963509,0.34821523513977853
mlp_raw,outer_train_oof,C_environment_only_h4s_candidate_relative_dynamic_occupancy_nonzero_fraction,4.0,candidate_relative_dynamic_occupancy,nonzero_fraction,4848,0.032194457948207855,0.013513687998056412,0.018619956448674202,0.5783591942358668,0.6655008494451018,0.8383116225879158
mlp_raw,outer_train_oof,C_environment_only_h4s_relative_longitudinal_velocity_mean,4.0,relative_longitudinal_velocity,mean,4848,0.008333872072398663,0.004581490531563759,0.006517296191304922,0.7820248986749404,0.38843691668061964,0.6334663209362039
mlp_raw,outer_train_oof,C_environment_only_h4s_relative_longitudinal_velocity_std,4.0,relative_longitudinal_velocity,std,4848,0.03437187522649765,0.01776401326060295,0.023972485214471817,0.6974449387143385,0.5135707669567708,0.7061286357357633
mlp_raw,outer_train_oof,C_environment_only_h4s_relative_longitudinal_velocity_min,4.0,relative_longitudinal_velocity,min,4848,0.2097311168909073,0.1319708228111267,0.19121696054935455,0.9117108495366794,0.16875887061938366,0.3565540461034694
mlp_raw,outer_train_oof,C_environment_only_h4s_relative_longitudinal_velocity_max,4.0,relative_longitudinal_velocity,max,4848,0.2535351514816284,0.13476799428462982,0.1760171353816986,0.694252711699203,0.5180150523848259,0.7043062412564461
mlp_raw,outer_train_oof,C_environment_only_h4s_relative_longitudinal_velocity_q10,4.0,relative_longitudinal_velocity,q10,4848,0.008454516530036926,0.0016880232142284513,0.008362759836018085,0.9891605319500975,0.021588118985157,0.15697818220553156
mlp_raw,outer_train_oof,C_environment_only_h4s_relative_longitudinal_velocity_q90,4.0,relative_longitudinal_velocity,q90,4848,0.0027066406328231096,0.0003633966261986643,0.0027293411549180746,1.0083763037356552,-0.016844356856654752,0.06715455703396334
mlp_raw,outer_train_oof,C_environment_only_h4s_relative_longitudinal_velocity_nonzero_fraction,4.0,relative_longitudinal_velocity,nonzero_fraction,4848,0.031341079622507095,0.014479764737188816,0.019952211529016495,0.6366159284226206,0.5947209468258947,0.7941277548684231
mlp_raw,outer_train_oof,C_environment_only_h4s_relative_lateral_velocity_mean,4.0,relative_lateral_velocity,mean,4848,0.010765204206109047,0.006210652180016041,0.010135039687156677,0.941462592134494,0.1136477968678814,0.4505906051833054
mlp_raw,outer_train_oof,C_environment_only_h4s_relative_lateral_velocity_std,4.0,relative_lateral_velocity,std,4848,0.03236042708158493,0.012933660298585892,0.018292348831892014,0.5652690796006671,0.6804708826432716,0.7937299755416436
mlp_raw,outer_train_oof,C_environment_only_h4s_relative_lateral_velocity_min,4.0,relative_lateral_velocity,min,4848,0.17832651734352112,0.11050792783498764,0.1587802618741989,0.8903897469956052,0.20720452488533536,0.4369349876232944
mlp_raw,outer_train_oof,C_environment_only_h4s_relative_lateral_velocity_max,4.0,relative_lateral_velocity,max,4848,0.15933001041412354,0.09088518470525742,0.13636241853237152,0.8558416437168805,0.267522547757595,0.4037538633043839
mlp_raw,outer_train_oof,C_environment_only_h4s_relative_lateral_velocity_q10,4.0,relative_lateral_velocity,q10,4848,0.028037777170538902,0.006549505516886711,0.027684487402439117,0.987406658722059,0.025042178766941148,0.217218313988126
mlp_raw,outer_train_oof,C_environment_only_h4s_relative_lateral_velocity_q90,4.0,relative_lateral_velocity,q90,4848,0.017040928825736046,0.003691287012770772,0.015942247584462166,0.9355524806228411,0.12478947539396779,0.175804765133438
mlp_raw,outer_train_oof,C_environment_only_h4s_relative_lateral_velocity_nonzero_fraction,4.0,relative_lateral_velocity,nonzero_fraction,4848,0.0321391262114048,0.013707268051803112,0.019279945641756058,0.5998896061091729,0.6401317326411602,0.817932544642034
mlp_raw,outer_train_oof,C_environment_only_h4s_dynamic_clearance_mean,4.0,dynamic_clearance,mean,4848,0.21400496363639832,0.09534724056720734,0.12851594388484955,0.6005274885408274,0.6393663201907429,0.8043762698535997
mlp_raw,outer_train_oof,C_environment_only_h4s_dynamic_clearance_std,4.0,dynamic_clearance,std,4848,0.07157489657402039,0.04770929738879204,0.06308144330978394,0.8813345627630608,0.22324906617655316,0.5261445101339364
mlp_raw,outer_train_oof,C_environment_only_h4s_dynamic_clearance_min,4.0,dynamic_clearance,min,4848,0.18744835257530212,0.05365114286541939,0.15213412046432495,0.8116077285647374,0.34129625438536904,0.3478433891987188
mlp_raw,outer_train_oof,C_environment_only_h4s_dynamic_clearance_max,4.0,dynamic_clearance,max,4848,0.17284712195396423,0.10361479967832565,0.13663381338119507,0.7904936682244622,0.3751266249737978,0.6543368598558168
mlp_raw,outer_train_oof,C_environment_only_h4s_dynamic_clearance_q10,4.0,dynamic_clearance,q10,4848,0.20169934630393982,0.07576897740364075,0.14722204208374023,0.7299105318986561,0.4672337866500559,0.7641803725160329
mlp_raw,outer_train_oof,C_environment_only_h4s_dynamic_clearance_q90,4.0,dynamic_clearance,q90,4848,0.23372571170330048,0.12379269301891327,0.15425226092338562,0.659973736706176,0.5644378545622193,0.7592079572422942
mlp_raw,outer_train_oof,C_environment_only_h4s_dynamic_clearance_nonzero_fraction,4.0,dynamic_clearance,nonzero_fraction,4848,0.032049596309661865,0.013948372565209866,0.01942053809762001,0.6059547013739857,0.6328213764934998,0.8259739821346714
mlp_raw,outer_train_oof,C_environment_only_h4s_dynamic_collision_field_mean,4.0,dynamic_collision_field,mean,4848,0.16363193094730377,0.06851861625909805,0.08829256147146225,0.539580957858743,0.7088531576669821,0.8452740048395491
mlp_raw,outer_train_oof,C_environment_only_h4s_dynamic_collision_field_std,4.0,dynamic_collision_field,std,4848,0.1362357884645462,0.055794719606637955,0.08188513666391373,0.6010538642070413,0.6387334555313035,0.8083665731858787
mlp_raw,outer_train_oof,C_environment_only_h4s_dynamic_collision_field_min,4.0,dynamic_collision_field,min,4848,0.0,0.0,0.0,0.0,,
mlp_raw,outer_train_oof,C_environment_only_h4s_dynamic_collision_field_max,4.0,dynamic_collision_field,max,4848,0.23406146466732025,0.07718538492918015,0.19479891657829285,0.8322420425301972,0.3073508920499911,0.3313626156447585
mlp_raw,outer_train_oof,C_environment_only_h4s_dynamic_collision_field_q10,4.0,dynamic_collision_field,q10,4848,0.0,0.0,0.0,0.0,,
mlp_raw,outer_train_oof,C_environment_only_h4s_dynamic_collision_field_q90,4.0,dynamic_collision_field,q90,4848,0.4138263761997223,0.18093281984329224,0.2921362817287445,0.7059312176906203,0.5016497871474012,0.6276024913844802
mlp_raw,outer_train_oof,C_environment_only_h4s_dynamic_collision_field_nonzero_fraction,4.0,dynamic_collision_field,nonzero_fraction,4848,0.16363193094730377,0.06998752057552338,0.09125132858753204,0.5576628253225827,0.6890129458700776,0.8472493797216176
mlp_raw,outer_validation,C_environment_only_h1s_candidate_relative_dynamic_occupancy_mean,1.0,candidate_relative_dynamic_occupancy,mean,1152,0.03264091908931732,0.010225365869700909,0.013764305040240288,0.4369482605454315,0.8221786921595331,0.8779250973690369
mlp_raw,outer_validation,C_environment_only_h1s_candidate_relative_dynamic_occupancy_std,1.0,candidate_relative_dynamic_occupancy,std,1152,0.08020417392253876,0.03203440085053444,0.03973802551627159,0.5131954573633968,0.7545185890856076,0.8417423423297848
mlp_raw,outer_validation,C_environment_only_h1s_candidate_relative_dynamic_occupancy_min,1.0,candidate_relative_dynamic_occupancy,min,1152,0.0,0.0,0.0,0.0,,
mlp_raw,outer_validation,C_environment_only_h1s_candidate_relative_dynamic_occupancy_max,1.0,candidate_relative_dynamic_occupancy,max,1152,0.222195103764534,0.056904979050159454,0.1808415800333023,1.1639797432680492,0.3375888920504766,0.38809721557944044
mlp_raw,outer_validation,C_environment_only_h1s_candidate_relative_dynamic_occupancy_q10,1.0,candidate_relative_dynamic_occupancy,q10,1152,0.0,0.0,0.0,0.0,,
mlp_raw,outer_validation,C_environment_only_h1s_candidate_relative_dynamic_occupancy_q90,1.0,candidate_relative_dynamic_occupancy,q90,1152,0.24433688819408417,0.06494440883398056,0.17345798015594482,0.8130454175462006,0.4960232789274557,0.44815681602203555
mlp_raw,outer_validation,C_environment_only_h1s_candidate_relative_dynamic_occupancy_nonzero_fraction,1.0,candidate_relative_dynamic_occupancy,nonzero_fraction,1152,0.03264091908931732,0.01170183252543211,0.015503814443945885,0.4921690367436835,0.7743930871805058,0.8384877337180897
mlp_raw,outer_validation,C_environment_only_h1s_relative_longitudinal_velocity_mean,1.0,relative_longitudinal_velocity,mean,1152,0.007054738234728575,0.004297344479709864,0.005714090075343847,0.7105861684495239,0.3439568475227006,0.5912943559508644
mlp_raw,outer_validation,C_environment_only_h1s_relative_longitudinal_velocity_std,1.0,relative_longitudinal_velocity,std,1152,0.030691443011164665,0.016208048909902573,0.02201349101960659,0.6811835035868985,0.485549936308618,0.7271759042178968
mlp_raw,outer_validation,C_environment_only_h1s_relative_longitudinal_velocity_min,1.0,relative_longitudinal_velocity,min,1152,0.18707582354545593,0.11878672987222672,0.17760662734508514,0.9069365358646132,0.09867169113561436,0.27550542049782983
mlp_raw,outer_validation,C_environment_only_h1s_relative_longitudinal_velocity_max,1.0,relative_longitudinal_velocity,max,1152,0.24300126731395721,0.14445680379867554,0.19526946544647217,0.7981272229817162,0.35426901781343634,0.6111854274950859
mlp_raw,outer_validation,C_environment_only_h1s_relative_longitudinal_velocity_q10,1.0,relative_longitudinal_velocity,q10,1152,0.00021311255113687366,0.0020701230969280005,0.004059831146150827,0.3146744168553972,-361.9090578635904,0.16341708039867492
mlp_raw,outer_validation,C_environment_only_h1s_relative_longitudinal_velocity_q90,1.0,relative_longitudinal_velocity,q90,1152,0.0010043168440461159,0.0010143197141587734,0.001933740801177919,0.22180772841912008,-2.707277470431282,0.1726164116716702
mlp_raw,outer_validation,C_environment_only_h1s_relative_longitudinal_velocity_nonzero_fraction,1.0,relative_longitudinal_velocity,nonzero_fraction,1152,0.03233325481414795,0.011546098627150059,0.015921495854854584,0.510847989848766,0.7575238937663303,0.8386252337410838
mlp_raw,outer_validation,C_environment_only_h1s_relative_lateral_velocity_mean,1.0,relative_lateral_velocity,mean,1152,0.008993242867290974,0.005332719534635544,0.007937108166515827,0.6810777587293205,0.22108153291391985,0.591253294928289
mlp_raw,outer_validation,C_environment_only_h1s_relative_lateral_velocity_std,1.0,relative_lateral_velocity,std,1152,0.027843071147799492,0.011994250118732452,0.016228294000029564,0.4792573015442731,0.6602875905102616,0.795332557716842
mlp_raw,outer_validation,C_environment_only_h1s_relative_lateral_velocity_min,1.0,relative_lateral_velocity,min,1152,0.14272856712341309,0.07752057909965515,0.10518334060907364,0.5698163950068353,0.4569097086706482,0.4436961454405113
mlp_raw,outer_validation,C_environment_only_h1s_relative_lateral_velocity_max,1.0,relative_lateral_velocity,max,1152,0.17532522976398468,0.07885035127401352,0.10739154368638992,0.6122455229661165,0.6248099322191503,0.6295735437140167
mlp_raw,outer_validation,C_environment_only_h1s_relative_lateral_velocity_q10,1.0,relative_lateral_velocity,q10,1152,0.0199850145727396,0.007551510352641344,0.018272968009114265,0.5131375902167776,0.16399415030290032,0.3083750860300523
mlp_raw,outer_validation,C_environment_only_h1s_relative_lateral_velocity_q90,1.0,relative_lateral_velocity,q90,1152,0.03214307129383087,0.006407422944903374,0.028316276147961617,1.4336595823255935,0.22393579299315347,0.3127483619550729
mlp_raw,outer_validation,C_environment_only_h1s_relative_lateral_velocity_nonzero_fraction,1.0,relative_lateral_velocity,nonzero_fraction,1152,0.03269132971763611,0.011681698262691498,0.015273026190698147,0.4867733478817612,0.7817345577621518,0.8284035957617683
mlp_raw,outer_validation,C_environment_only_h1s_dynamic_clearance_mean,1.0,dynamic_clearance,mean,1152,0.21052035689353943,0.0809975191950798,0.10641179233789444,0.5141941034228534,0.744499779055019,0.8378261707233088
mlp_raw,outer_validation,C_environment_only_h1s_dynamic_clearance_std,1.0,dynamic_clearance,std,1152,0.08216016739606857,0.04887327179312706,0.06960313022136688,0.9668020248463224,0.28231331098993495,0.5910673442423047
mlp_raw,outer_validation,C_environment_only_h1s_dynamic_clearance_min,1.0,dynamic_clearance,min,1152,0.22214271128177643,0.05933745205402374,0.17204758524894714,1.069201517673158,0.40016337146756686,0.4098553956755126
mlp_raw,outer_validation,C_environment_only_h1s_dynamic_clearance_max,1.0,dynamic_clearance,max,1152,0.15589360892772675,0.07740826159715652,0.10767451673746109,0.6204465842920918,0.5229441044581179,0.7345862272261228
mlp_raw,outer_validation,C_environment_only_h1s_dynamic_clearance_q10,1.0,dynamic_clearance,q10,1152,0.21662549674510956,0.07469534873962402,0.14314448833465576,0.7647495645362111,0.563353374621421,0.833348968241925
mlp_raw,outer_validation,C_environment_only_h1s_dynamic_clearance_q90,1.0,dynamic_clearance,q90,1152,0.2349930852651596,0.12578561902046204,0.1599271595478058,0.6749281116315713,0.5368365029143541,0.7359149039955851
mlp_raw,outer_validation,C_environment_only_h1s_dynamic_clearance_nonzero_fraction,1.0,dynamic_clearance,nonzero_fraction,1152,0.03187321871519089,0.01153231505304575,0.015341964550316334,0.4930063425529247,0.7683085213274462,0.8545275824047203
mlp_raw,outer_validation,C_environment_only_h1s_dynamic_collision_field_mean,1.0,dynamic_collision_field,mean,1152,0.16415919363498688,0.06203516200184822,0.07869106531143188,0.4904254595961416,0.770215658049453,0.8622090612745684
mlp_raw,outer_validation,C_environment_only_h1s_dynamic_collision_field_std,1.0,dynamic_collision_field,std,1152,0.12574522197246552,0.04846325144171715,0.06427738815546036,0.4825482197795904,0.738703555454314,0.8501009694835506
mlp_raw,outer_validation,C_environment_only_h1s_dynamic_collision_field_min,1.0,dynamic_collision_field,min,1152,0.0,0.0,0.0,0.0,,
mlp_raw,outer_validation,C_environment_only_h1s_dynamic_collision_field_max,1.0,dynamic_collision_field,max,1152,0.222195103764534,0.07053913176059723,0.16341601312160492,0.7076824266090058,0.4590958867639746,0.3899645421785666
mlp_raw,outer_validation,C_environment_only_h1s_dynamic_collision_field_q10,1.0,dynamic_collision_field,q10,1152,0.0,0.0,0.0,0.0,,
mlp_raw,outer_validation,C_environment_only_h1s_dynamic_collision_field_q90,1.0,dynamic_collision_field,q90,1152,0.4394038915634155,0.22111408412456512,0.33938536047935486,0.8168706174258197,0.4034341981575612,0.588812758080744
mlp_raw,outer_validation,C_environment_only_h1s_dynamic_collision_field_nonzero_fraction,1.0,dynamic_collision_field,nonzero_fraction,1152,0.16415919363498688,0.05525091663002968,0.07275513559579849,0.4534310302108149,0.80357493629243,0.8572345088676241
mlp_raw,outer_validation,C_environment_only_h2s_candidate_relative_dynamic_occupancy_mean,2.0,candidate_relative_dynamic_occupancy,mean,1152,0.03435030207037926,0.012909497134387493,0.016749151051044464,0.5270155999485183,0.7622478339350593,0.8268979850682638
mlp_raw,outer_validation,C_environment_only_h2s_candidate_relative_dynamic_occupancy_std,2.0,candidate_relative_dynamic_occupancy,std,1152,0.08264227211475372,0.03601080924272537,0.04595637321472168,0.5815112319356025,0.6907662019302689,0.8173436791142334
mlp_raw,outer_validation,C_environment_only_h2s_candidate_relative_dynamic_occupancy_min,2.0,candidate_relative_dynamic_occupancy,min,1152,0.0,0.0,0.0,0.0,,
mlp_raw,outer_validation,C_environment_only_h2s_candidate_relative_dynamic_occupancy_max,2.0,candidate_relative_dynamic_occupancy,max,1152,0.21686625480651855,0.06034017354249954,0.17751848697662354,1.0059016293779452,0.3299562143101622,0.31964071626562357
mlp_raw,outer_validation,C_environment_only_h2s_candidate_relative_dynamic_occupancy_q10,2.0,candidate_relative_dynamic_occupancy,q10,1152,0.0,0.0,0.0,0.0,,
mlp_raw,outer_validation,C_environment_only_h2s_candidate_relative_dynamic_occupancy_q90,2.0,candidate_relative_dynamic_occupancy,q90,1152,0.2556729316711426,0.06394626945257187,0.15181121230125427,0.6432730843754181,0.6474358269042109,0.46627548237704286
mlp_raw,outer_validation,C_environment_only_h2s_candidate_relative_dynamic_occupancy_nonzero_fraction,2.0,candidate_relative_dynamic_occupancy,nonzero_fraction,1152,0.03435030207037926,0.013233408331871033,0.017525140196084976,0.5514322634307883,0.7397073094530782,0.7968687074780219
mlp_raw,outer_validation,C_environment_only_h2s_relative_longitudinal_velocity_mean,2.0,relative_longitudinal_velocity,mean,1152,0.00701083242893219,0.004499102011322975,0.006189276464283466,0.7720360762165605,0.22063548236080932,0.562934825924138
mlp_raw,outer_validation,C_environment_only_h2s_relative_longitudinal_velocity_std,2.0,relative_longitudinal_velocity,std,1152,0.029455073177814484,0.01747032254934311,0.023893063887953758,0.7370961396993967,0.3420036236291297,0.6630022556620764
mlp_raw,outer_validation,C_environment_only_h2s_relative_longitudinal_velocity_min,2.0,relative_longitudinal_velocity,min,1152,0.18221241235733032,0.11757588386535645,0.1846197247505188,0.92410059654425,-0.026597672494595992,0.3469829693246881
mlp_raw,outer_validation,C_environment_only_h2s_relative_longitudinal_velocity_max,2.0,relative_longitudinal_velocity,max,1152,0.24294330179691315,0.14612579345703125,0.19922393560409546,0.8240150512867196,0.32752965372745513,0.6347652265025748
mlp_raw,outer_validation,C_environment_only_h2s_relative_longitudinal_velocity_q10,2.0,relative_longitudinal_velocity,q10,1152,0.0002507907338440418,0.0015510155353695154,0.00321703078225255,0.28515832316766365,-163.54603778536938,0.17491257391539702
mlp_raw,outer_validation,C_environment_only_h2s_relative_longitudinal_velocity_q90,2.0,relative_longitudinal_velocity,q90,1152,0.0014495756477117538,0.0005664204363711178,0.0015967416111379862,0.3346940642005984,-0.2133540033144421,0.19136338937230746
mlp_raw,outer_validation,C_environment_only_h2s_relative_longitudinal_velocity_nonzero_fraction,2.0,relative_longitudinal_velocity,nonzero_fraction,1152,0.03408711031079292,0.012376622296869755,0.01670960895717144,0.5275664849166458,0.7597008402123762,0.8284267970928426
mlp_raw,outer_validation,C_environment_only_h2s_relative_lateral_velocity_mean,2.0,relative_lateral_velocity,mean,1152,0.008394180797040462,0.005192980170249939,0.007390567101538181,0.6446535676798182,0.22482660851462977,0.5174952444052504
mlp_raw,outer_validation,C_environment_only_h2s_relative_lateral_velocity_std,2.0,relative_lateral_velocity,std,1152,0.027259163558483124,0.010110287927091122,0.013928352855145931,0.4178274961073799,0.7389194814289457,0.8511406763927252
mlp_raw,outer_validation,C_environment_only_h2s_relative_lateral_velocity_min,2.0,relative_lateral_velocity,min,1152,0.14026707410812378,0.08299066126346588,0.11258120089769363,0.6152798391763038,0.3558006019616837,0.4118541763130785
mlp_raw,outer_validation,C_environment_only_h2s_relative_lateral_velocity_max,2.0,relative_lateral_velocity,max,1152,0.19501765072345734,0.08018721640110016,0.11357712000608444,0.6740037594433753,0.6608171332346275,0.6321475025463368
mlp_raw,outer_validation,C_environment_only_h2s_relative_lateral_velocity_q10,2.0,relative_lateral_velocity,q10,1152,0.023949746042490005,0.008419591933488846,0.02026788517832756,0.5392633727304328,0.28383178940982146,0.32694788869707464
mlp_raw,outer_validation,C_environment_only_h2s_relative_lateral_velocity_q90,2.0,relative_lateral_velocity,q90,1152,0.024217581376433372,0.005632622167468071,0.018116194754838943,0.8044122152152927,0.44040690457805864,0.30217392287779216
mlp_raw,outer_validation,C_environment_only_h2s_relative_lateral_velocity_nonzero_fraction,2.0,relative_lateral_velocity,nonzero_fraction,1152,0.03433571010828018,0.013103602454066277,0.017314214259386063,0.5477962092765246,0.7457192791700533,0.8038371350182828
mlp_raw,outer_validation,C_environment_only_h2s_dynamic_clearance_mean,2.0,dynamic_clearance,mean,1152,0.21284474432468414,0.09086674451828003,0.11881683021783829,0.5711199409803422,0.688376551950939,0.8167402937839195
mlp_raw,outer_validation,C_environment_only_h2s_dynamic_clearance_std,2.0,dynamic_clearance,std,1152,0.08222565799951553,0.04867471009492874,0.06832471489906311,0.941010863546679,0.3095360683758537,0.614083368133006
mlp_raw,outer_validation,C_environment_only_h2s_dynamic_clearance_min,2.0,dynamic_clearance,min,1152,0.21747174859046936,0.06095525249838829,0.16926652193069458,0.9457366070759544,0.3941899575978661,0.3713778177970442
mlp_raw,outer_validation,C_environment_only_h2s_dynamic_clearance_max,2.0,dynamic_clearance,max,1152,0.1569640338420868,0.07240170240402222,0.1005859300494194,0.582368436014386,0.589347746111446,0.7583683097705576
mlp_raw,outer_validation,C_environment_only_h2s_dynamic_clearance_q10,2.0,dynamic_clearance,q10,1152,0.21465392410755157,0.07449521124362946,0.14389529824256897,0.741392164912108,0.5506181881678935,0.7792155054549463
mlp_raw,outer_validation,C_environment_only_h2s_dynamic_clearance_q90,2.0,dynamic_clearance,q90,1152,0.24054551124572754,0.12122215330600739,0.15720489621162415,0.6702567979669631,0.57289202639942,0.7714601340520073
mlp_raw,outer_validation,C_environment_only_h2s_dynamic_clearance_nonzero_fraction,2.0,dynamic_clearance,nonzero_fraction,1152,0.03366364166140556,0.012478239834308624,0.016414089128375053,0.5217697160603109,0.762255017004287,0.8008001335119534
mlp_raw,outer_validation,C_environment_only_h2s_dynamic_collision_field_mean,2.0,dynamic_collision_field,mean,1152,0.16839104890823364,0.06397351622581482,0.0800977423787117,0.4918111810225813,0.7737426844188344,0.8345021704196506
mlp_raw,outer_validation,C_environment_only_h2s_dynamic_collision_field_std,2.0,dynamic_collision_field,std,1152,0.13005603849887848,0.05563345178961754,0.07493900507688522,0.5570113933737076,0.6679872499876987,0.8107249386887001
mlp_raw,outer_validation,C_environment_only_h2s_dynamic_collision_field_min,2.0,dynamic_collision_field,min,1152,0.0,0.0,0.0,0.0,,
mlp_raw,outer_validation,C_environment_only_h2s_dynamic_collision_field_max,2.0,dynamic_collision_field,max,1152,0.23073792457580566,0.07843266427516937,0.17851993441581726,0.7626953606821577,0.4014016363688566,0.3873172245313172
mlp_raw,outer_validation,C_environment_only_h2s_dynamic_collision_field_q10,2.0,dynamic_collision_field,q10,1152,0.0,0.0,0.0,0.0,,
mlp_raw,outer_validation,C_environment_only_h2s_dynamic_collision_field_q90,2.0,dynamic_collision_field,q90,1152,0.4465286433696747,0.20891889929771423,0.3278253674507141,0.7791518955323902,0.46100284555560056,0.6330033652425101
mlp_raw,outer_validation,C_environment_only_h2s_dynamic_collision_field_nonzero_fraction,2.0,dynamic_collision_field,nonzero_fraction,1152,0.16839104890823364,0.06435559689998627,0.0818462148308754,0.5025470429351215,0.7637568541436494,0.8340420108050896
mlp_raw,outer_validation,C_environment_only_h4s_candidate_relative_dynamic_occupancy_mean,4.0,candidate_relative_dynamic_occupancy,mean,1152,0.03354286402463913,0.014571364969015121,0.019671496003866196,0.6110213313103757,0.6560664580005122,0.7823188065562313
mlp_raw,outer_validation,C_environment_only_h4s_candidate_relative_dynamic_occupancy_std,4.0,candidate_relative_dynamic_occupancy,std,1152,0.0803615152835846,0.03916146978735924,0.04815618693828583,0.5983044898010569,0.6409061744914062,0.7947699621360094
mlp_raw,outer_validation,C_environment_only_h4s_candidate_relative_dynamic_occupancy_min,4.0,candidate_relative_dynamic_occupancy,min,1152,0.0,0.0,0.0,0.0,,
mlp_raw,outer_validation,C_environment_only_h4s_candidate_relative_dynamic_occupancy_max,4.0,candidate_relative_dynamic_occupancy,max,1152,0.19374370574951172,0.054807424545288086,0.15392212569713593,0.8321165736985293,0.36882913726004696,0.344855198339047
mlp_raw,outer_validation,C_environment_only_h4s_candidate_relative_dynamic_occupancy_q10,4.0,candidate_relative_dynamic_occupancy,q10,1152,0.0,0.0,0.0,0.0,,
mlp_raw,outer_validation,C_environment_only_h4s_candidate_relative_dynamic_occupancy_q90,4.0,candidate_relative_dynamic_occupancy,q90,1152,0.26686546206474304,0.08785466104745865,0.21889141201972961,0.9419512757222546,0.32722063766606857,0.3907580206590331
mlp_raw,outer_validation,C_environment_only_h4s_candidate_relative_dynamic_occupancy_nonzero_fraction,4.0,candidate_relative_dynamic_occupancy,nonzero_fraction,1152,0.03354286402463913,0.013197840191423893,0.01762188971042633,0.5473579899034173,0.7240028208429143,0.8216163037796437
mlp_raw,outer_validation,C_environment_only_h4s_relative_longitudinal_velocity_mean,4.0,relative_longitudinal_velocity,mean,1152,0.007279176265001297,0.00477431807667017,0.006472738925367594,0.7766783730058509,0.20930009454822807,0.549822358531786
mlp_raw,outer_validation,C_environment_only_h4s_relative_longitudinal_velocity_std,4.0,relative_longitudinal_velocity,std,1152,0.0313454307615757,0.018040817230939865,0.02522951364517212,0.7340163708778549,0.35215777808774074,0.6114531653873104
mlp_raw,outer_validation,C_environment_only_h4s_relative_longitudinal_velocity_min,4.0,relative_longitudinal_velocity,min,1152,0.1717107743024826,0.12138279527425766,0.18780438601970673,0.895439901527706,-0.19623454856555567,0.24981926444369365
mlp_raw,outer_validation,C_environment_only_h4s_relative_longitudinal_velocity_max,4.0,relative_longitudinal_velocity,max,1152,0.24668270349502563,0.1340460181236267,0.19833557307720184,0.782281845098018,0.3535664901762058,0.6343012267327297
mlp_raw,outer_validation,C_environment_only_h4s_relative_longitudinal_velocity_q10,4.0,relative_longitudinal_velocity,q10,1152,0.00021785852732136846,0.001177507801912725,0.002747821155935526,0.32501665593724677,-158.08450964060663,0.17572519945963097
mlp_raw,outer_validation,C_environment_only_h4s_relative_longitudinal_velocity_q90,4.0,relative_longitudinal_velocity,q90,1152,0.019437985494732857,0.0030647278763353825,0.019566455855965614,7.228979198035691,-0.0132621154950201,0.28797608335916014
mlp_raw,outer_validation,C_environment_only_h4s_relative_longitudinal_velocity_nonzero_fraction,4.0,relative_longitudinal_velocity,nonzero_fraction,1152,0.03175535798072815,0.015265128575265408,0.021262066438794136,0.6784095159792841,0.5516915419303384,0.7513891613498084
mlp_raw,outer_validation,C_environment_only_h4s_relative_lateral_velocity_mean,4.0,relative_lateral_velocity,mean,1152,0.008054934442043304,0.004502089228481054,0.006893997546285391,0.6403961898954871,0.2674821360904157,0.5506348503781043
mlp_raw,outer_validation,C_environment_only_h4s_relative_lateral_velocity_std,4.0,relative_lateral_velocity,std,1152,0.02857721410691738,0.010880149900913239,0.01491953618824482,0.46104262315916567,0.7274345022797408,0.7964794444564335
mlp_raw,outer_validation,C_environment_only_h4s_relative_lateral_velocity_min,4.0,relative_lateral_velocity,min,1152,0.1479434072971344,0.08933133631944656,0.1239461600780487,0.6950510649768845,0.2981004584212773,0.4628894137341223
mlp_raw,outer_validation,C_environment_only_h4s_relative_lateral_velocity_max,4.0,relative_lateral_velocity,max,1152,0.1804312765598297,0.0787743479013443,0.12542025744915009,0.7871661447922558,0.5168169213048928,0.6001583585527184
mlp_raw,outer_validation,C_environment_only_h4s_relative_lateral_velocity_q10,4.0,relative_lateral_velocity,q10,1152,0.011242630891501904,0.005660069640725851,0.015613069757819176,0.556862361865671,-0.9285935487176218,0.10161055421399788
mlp_raw,outer_validation,C_environment_only_h4s_relative_lateral_velocity_q90,4.0,relative_lateral_velocity,q90,1152,0.016785573214292526,0.003964216448366642,0.013575667515397072,0.7966724486526741,0.3458911195742188,0.25048684509826463
mlp_raw,outer_validation,C_environment_only_h4s_relative_lateral_velocity_nonzero_fraction,4.0,relative_lateral_velocity,nonzero_fraction,1152,0.03334018215537071,0.015385044738650322,0.01986321620643139,0.6180378911614065,0.6450532495503893,0.7667863978593326
mlp_raw,outer_validation,C_environment_only_h4s_dynamic_clearance_mean,4.0,dynamic_clearance,mean,1152,0.20857572555541992,0.0899067223072052,0.11919642984867096,0.5569793949005403,0.6734129596674747,0.807186574193193
mlp_raw,outer_validation,C_environment_only_h4s_dynamic_clearance_std,4.0,dynamic_clearance,std,1152,0.07873991131782532,0.04829323664307594,0.06324421614408493,0.8836087232327867,0.35486322755190947,0.6540601712735247
mlp_raw,outer_validation,C_environment_only_h4s_dynamic_clearance_min,4.0,dynamic_clearance,min,1152,0.1960674524307251,0.05202789604663849,0.14024238288402557,0.748167481914099,0.4883798854482756,0.41586697128812833
mlp_raw,outer_validation,C_environment_only_h4s_dynamic_clearance_max,4.0,dynamic_clearance,max,1152,0.15737827122211456,0.08539235591888428,0.1174095869064331,0.6792720831076413,0.44343278994208024,0.6598162493080987
mlp_raw,outer_validation,C_environment_only_h4s_dynamic_clearance_q10,4.0,dynamic_clearance,q10,1152,0.2055002748966217,0.07842108607292175,0.13629096746444702,0.6757154781100807,0.5601451858372115,0.704683360798958
mlp_raw,outer_validation,C_environment_only_h4s_dynamic_clearance_q90,4.0,dynamic_clearance,q90,1152,0.2317882925271988,0.11965356767177582,0.1534394472837448,0.6564960848922687,0.5617811758811627,0.7623774607798456
mlp_raw,outer_validation,C_environment_only_h4s_dynamic_clearance_nonzero_fraction,4.0,dynamic_clearance,nonzero_fraction,1152,0.03289708122611046,0.014369707554578781,0.01937127858400345,0.6044177185307035,0.6532616784235454,0.7917336267843625
mlp_raw,outer_validation,C_environment_only_h4s_dynamic_collision_field_mean,4.0,dynamic_collision_field,mean,1152,0.15874671936035156,0.0671408548951149,0.08297412097454071,0.5070784551584312,0.7268030362433386,0.8437060211952959
mlp_raw,outer_validation,C_environment_only_h4s_dynamic_collision_field_std,4.0,dynamic_collision_field,std,1152,0.1254226714372635,0.05547863245010376,0.07655313611030579,0.5619158757115971,0.627459143159387,0.8147485438876481
mlp_raw,outer_validation,C_environment_only_h4s_dynamic_collision_field_min,4.0,dynamic_collision_field,min,1152,0.0,0.0,0.0,0.0,,
mlp_raw,outer_validation,C_environment_only_h4s_dynamic_collision_field_max,4.0,dynamic_collision_field,max,1152,0.22393646836280823,0.06877431273460388,0.15723757445812225,0.6717682132329877,0.506981685162172,0.3960609162719087
mlp_raw,outer_validation,C_environment_only_h4s_dynamic_collision_field_q10,4.0,dynamic_collision_field,q10,1152,0.0,0.0,0.0,0.0,,
mlp_raw,outer_validation,C_environment_only_h4s_dynamic_collision_field_q90,4.0,dynamic_collision_field,q90,1152,0.4194415807723999,0.1918940246105194,0.3127458095550537,0.7557330053643752,0.44404439094408066,0.602929371812444
mlp_raw,outer_validation,C_environment_only_h4s_dynamic_collision_field_nonzero_fraction,4.0,dynamic_collision_field,nonzero_fraction,1152,0.15874671936035156,0.06588290631771088,0.08678850531578064,0.5303892428645153,0.7011075674814087,0.8244295416004976
mlp_delta,outer_train_oof,C_environment_only_h1s_candidate_relative_dynamic_occupancy_mean,1.0,candidate_relative_dynamic_occupancy,mean,4848,0.03150100260972977,0.017041921615600586,0.023708350956439972,0.7526222849995932,0.43355985522698026,0.7706384277866816
mlp_delta,outer_train_oof,C_environment_only_h1s_candidate_relative_dynamic_occupancy_std,1.0,candidate_relative_dynamic_occupancy,std,4848,0.07743223011493683,0.043878138065338135,0.056283943355083466,0.7268771831781156,0.47164541614846933,0.7508695437320636
mlp_delta,outer_train_oof,C_environment_only_h1s_candidate_relative_dynamic_occupancy_min,1.0,candidate_relative_dynamic_occupancy,min,4848,0.0,0.0,0.0,0.0,,
mlp_delta,outer_train_oof,C_environment_only_h1s_candidate_relative_dynamic_occupancy_max,1.0,candidate_relative_dynamic_occupancy,max,4848,0.1553698480129242,0.049612902104854584,0.15056735277175903,0.9691208658514702,0.060864690886739625,0.21309047626538807
mlp_delta,outer_train_oof,C_environment_only_h1s_candidate_relative_dynamic_occupancy_q10,1.0,candidate_relative_dynamic_occupancy,q10,4848,0.0,0.0,0.0,0.0,,
mlp_delta,outer_train_oof,C_environment_only_h1s_candidate_relative_dynamic_occupancy_q90,1.0,candidate_relative_dynamic_occupancy,q90,4848,0.2133459895849228,0.09346285462379456,0.20483888685703278,0.9601363866029505,0.07815928894074364,0.2514407727285565
mlp_delta,outer_train_oof,C_environment_only_h1s_candidate_relative_dynamic_occupancy_nonzero_fraction,1.0,candidate_relative_dynamic_occupancy,nonzero_fraction,4848,0.03150100260972977,0.016977522522211075,0.02353537827730179,0.7471312623108085,0.4417951261753109,0.7813269701257037
mlp_delta,outer_train_oof,C_environment_only_h1s_relative_longitudinal_velocity_mean,1.0,relative_longitudinal_velocity,mean,4848,0.008041379041969776,0.005373819265514612,0.007422981783747673,0.9230985361858277,0.14788972656455646,0.43747445107350896
mlp_delta,outer_train_oof,C_environment_only_h1s_relative_longitudinal_velocity_std,1.0,relative_longitudinal_velocity,std,4848,0.03231655806303024,0.02108553797006607,0.02733425423502922,0.8458287261737998,0.2845746718579617,0.6149186488318475
mlp_delta,outer_train_oof,C_environment_only_h1s_relative_longitudinal_velocity_min,1.0,relative_longitudinal_velocity,min,4848,0.19583472609519958,0.13911059498786926,0.19015169143676758,0.9709970787598041,0.0571967705609191,0.2616445149457691
mlp_delta,outer_train_oof,C_environment_only_h1s_relative_longitudinal_velocity_max,1.0,relative_longitudinal_velocity,max,4848,0.2446601241827011,0.18078076839447021,0.22022126615047455,0.9001130166066684,0.18980027839175628,0.5294072651077426
mlp_delta,outer_train_oof,C_environment_only_h1s_relative_longitudinal_velocity_q10,1.0,relative_longitudinal_velocity,q10,4848,0.012901927344501019,0.003060827264562249,0.012830867432057858,0.9945107521921837,0.010984943736295771,0.16665749324755322
mlp_delta,outer_train_oof,C_environment_only_h1s_relative_longitudinal_velocity_q90,1.0,relative_longitudinal_velocity,q90,4848,0.008718052878975868,0.001184775959700346,0.008770140819251537,1.0059698858549364,-0.01198528099001317,0.09658164220293079
mlp_delta,outer_train_oof,C_environment_only_h1s_relative_longitudinal_velocity_nonzero_fraction,1.0,relative_longitudinal_velocity,nonzero_fraction,4848,0.03116682544350624,0.015616522170603275,0.021748298779129982,0.6978034485724139,0.5130712193608589,0.7615867689071532
mlp_delta,outer_train_oof,C_environment_only_h1s_relative_lateral_velocity_mean,1.0,relative_lateral_velocity,mean,4848,0.011653733439743519,0.0074869380332529545,0.011622829362750053,0.9973469437988108,0.005296572131169186,0.1535852235182526
mlp_delta,outer_train_oof,C_environment_only_h1s_relative_lateral_velocity_std,1.0,relative_lateral_velocity,std,4848,0.03386131301522255,0.016889918595552444,0.02204367332160473,0.6509982745084923,0.5762006333454579,0.7732194773680492
mlp_delta,outer_train_oof,C_environment_only_h1s_relative_lateral_velocity_min,1.0,relative_lateral_velocity,min,4848,0.18459075689315796,0.13867808878421783,0.17315375804901123,0.9380368566166454,0.12007842020392234,0.1704027867185232
mlp_delta,outer_train_oof,C_environment_only_h1s_relative_lateral_velocity_max,1.0,relative_lateral_velocity,max,4848,0.17540772259235382,0.1271657943725586,0.16461655497550964,0.9384886866342182,0.11925618110944203,0.17074834429219987
mlp_delta,outer_train_oof,C_environment_only_h1s_relative_lateral_velocity_q10,1.0,relative_lateral_velocity,q10,4848,0.035610221326351166,0.009892814792692661,0.03545661270618439,0.9956850355249403,0.008608572824429617,0.15180489632689725
mlp_delta,outer_train_oof,C_environment_only_h1s_relative_lateral_velocity_q90,1.0,relative_lateral_velocity,q90,4848,0.01975071430206299,0.004416840150952339,0.01947886124253273,0.9862192304957429,0.02733898053275008,0.20700001119130357
mlp_delta,outer_train_oof,C_environment_only_h1s_relative_lateral_velocity_nonzero_fraction,1.0,relative_lateral_velocity,nonzero_fraction,4848,0.031376052647829056,0.015640104189515114,0.021780749782919884,0.6941838741600569,0.518108774342503,0.7806414890154444
mlp_delta,outer_train_oof,C_environment_only_h1s_dynamic_clearance_mean,1.0,dynamic_clearance,mean,4848,0.20694884657859802,0.11668839305639267,0.15437887609004974,0.7459766068641112,0.4435198542017528,0.7823688674183217
mlp_delta,outer_train_oof,C_environment_only_h1s_dynamic_clearance_std,1.0,dynamic_clearance,std,4848,0.07199312001466751,0.05370904132723808,0.0687626376748085,0.9551274077235505,0.08773056865020401,0.4260965781168913
mlp_delta,outer_train_oof,C_environment_only_h1s_dynamic_clearance_min,1.0,dynamic_clearance,min,4848,0.16091875731945038,0.060433581471443176,0.15573669970035553,0.967836400819511,0.06336880131640243,0.36630328253165395
mlp_delta,outer_train_oof,C_environment_only_h1s_dynamic_clearance_max,1.0,dynamic_clearance,max,4848,0.17354166507720947,0.11802859604358673,0.1415988802909851,0.8159269646906248,0.3342483936124617,0.6461512590925607
mlp_delta,outer_train_oof,C_environment_only_h1s_dynamic_clearance_q10,1.0,dynamic_clearance,q10,4848,0.18717852234840393,0.08416597545146942,0.16017881035804749,0.8557554460836918,0.2676848637558108,0.7892619901447878
mlp_delta,outer_train_oof,C_environment_only_h1s_dynamic_clearance_q90,1.0,dynamic_clearance,q90,4848,0.23695361614227295,0.15790359675884247,0.1822001188993454,0.7689249439275129,0.4087505488690354,0.7047127189073731
mlp_delta,outer_train_oof,C_environment_only_h1s_dynamic_clearance_nonzero_fraction,1.0,dynamic_clearance,nonzero_fraction,4848,0.03111923672258854,0.01685335300862789,0.02323966845870018,0.7467950998967797,0.4422983270803187,0.7779016213666995
mlp_delta,outer_train_oof,C_environment_only_h1s_dynamic_collision_field_mean,1.0,dynamic_collision_field,mean,4848,0.1604546755552292,0.09035919606685638,0.11734848469495773,0.7313496686271793,0.46512750359007093,0.7956396467432906
mlp_delta,outer_train_oof,C_environment_only_h1s_dynamic_collision_field_std,1.0,dynamic_collision_field,std,4848,0.13320443034172058,0.07347912341356277,0.10173714905977249,0.7637690574095548,0.4166599973692927,0.7734568389722631
mlp_delta,outer_train_oof,C_environment_only_h1s_dynamic_collision_field_min,1.0,dynamic_collision_field,min,4848,0.0,0.0,0.0,0.0,,
mlp_delta,outer_train_oof,C_environment_only_h1s_dynamic_collision_field_max,1.0,dynamic_collision_field,max,4848,0.23091958463191986,0.0967990979552269,0.2167280614376068,0.9385533125098248,0.11913611436642024,0.31537875917145886
mlp_delta,outer_train_oof,C_environment_only_h1s_dynamic_collision_field_q10,1.0,dynamic_collision_field,q10,4848,0.0,0.0,0.0,0.0,,
mlp_delta,outer_train_oof,C_environment_only_h1s_dynamic_collision_field_q90,1.0,dynamic_collision_field,q90,4848,0.4154805839061737,0.24262318015098572,0.3310822546482086,0.7968857743045357,0.3650049097718766,0.571620844330182
mlp_delta,outer_train_oof,C_environment_only_h1s_dynamic_collision_field_nonzero_fraction,1.0,dynamic_collision_field,nonzero_fraction,4848,0.1604546755552292,0.08765821158885956,0.11349712312221527,0.7073468703182747,0.4996602685124528,0.8102674007697029
mlp_delta,outer_train_oof,C_environment_only_h2s_candidate_relative_dynamic_occupancy_mean,2.0,candidate_relative_dynamic_occupancy,mean,4848,0.03178119286894798,0.015056803822517395,0.021025579422712326,0.6615743281528866,0.5623211285242579,0.8028893914937016
mlp_delta,outer_train_oof,C_environment_only_h2s_candidate_relative_dynamic_occupancy_std,2.0,candidate_relative_dynamic_occupancy,std,4848,0.07902920991182327,0.039936672896146774,0.0499320924282074,0.6318181908172821,0.6008057994154178,0.7935567683619126
mlp_delta,outer_train_oof,C_environment_only_h2s_candidate_relative_dynamic_occupancy_min,2.0,candidate_relative_dynamic_occupancy,min,4848,0.0,0.0,0.0,0.0,,
mlp_delta,outer_train_oof,C_environment_only_h2s_candidate_relative_dynamic_occupancy_max,2.0,candidate_relative_dynamic_occupancy,max,4848,0.17647317051887512,0.06109973043203354,0.16789127886295319,0.9513494275603576,0.09489519491445442,0.252268471178675
mlp_delta,outer_train_oof,C_environment_only_h2s_candidate_relative_dynamic_occupancy_q10,2.0,candidate_relative_dynamic_occupancy,q10,4848,0.0,0.0,0.0,0.0,,
mlp_delta,outer_train_oof,C_environment_only_h2s_candidate_relative_dynamic_occupancy_q90,2.0,candidate_relative_dynamic_occupancy,q90,4848,0.23599843680858612,0.10422183573246002,0.21769078075885773,0.9224260702230513,0.14913284648572156,0.3357161545523385
mlp_delta,outer_train_oof,C_environment_only_h2s_candidate_relative_dynamic_occupancy_nonzero_fraction,2.0,candidate_relative_dynamic_occupancy,nonzero_fraction,4848,0.03178119286894798,0.015287864953279495,0.021188294515013695,0.666694193137598,0.555520560465627,0.800558107859331
mlp_delta,outer_train_oof,C_environment_only_h2s_relative_longitudinal_velocity_mean,2.0,relative_longitudinal_velocity,mean,4848,0.008016828447580338,0.005167240276932716,0.00729382922872901,0.9098154414069334,0.1722371293607109,0.4643951688056819
mlp_delta,outer_train_oof,C_environment_only_h2s_relative_longitudinal_velocity_std,2.0,relative_longitudinal_velocity,std,4848,0.03241511806845665,0.019472679123282433,0.02577359974384308,0.795110286668684,0.367799373897972,0.6456916722713277
mlp_delta,outer_train_oof,C_environment_only_h2s_relative_longitudinal_velocity_min,2.0,relative_longitudinal_velocity,min,4848,0.19978143274784088,0.1351833939552307,0.19237834215164185,0.9629357913124421,0.07273872601138642,0.26221052170878056
mlp_delta,outer_train_oof,C_environment_only_h2s_relative_longitudinal_velocity_max,2.0,relative_longitudinal_velocity,max,4848,0.2417716383934021,0.1691313236951828,0.20641784369945526,0.8537699526251308,0.271073397381526,0.5787434040499496
mlp_delta,outer_train_oof,C_environment_only_h2s_relative_longitudinal_velocity_q10,2.0,relative_longitudinal_velocity,q10,4848,0.011281761340796947,0.002570249605923891,0.011236179620027542,0.9959774575157285,0.008064286110632035,0.1528744868417912
mlp_delta,outer_train_oof,C_environment_only_h2s_relative_longitudinal_velocity_q90,2.0,relative_longitudinal_velocity,q90,4848,0.004770723171532154,0.0006438808632083237,0.004775369074195623,1.0009682670956974,-0.001948894965559722,0.06373587978479868
mlp_delta,outer_train_oof,C_environment_only_h2s_relative_longitudinal_velocity_nonzero_fraction,2.0,relative_longitudinal_velocity,nonzero_fraction,4848,0.03167300671339035,0.015350977890193462,0.021172961220145226,0.6684863035884788,0.5531265936799479,0.782327063210548
mlp_delta,outer_train_oof,C_environment_only_h2s_relative_lateral_velocity_mean,2.0,relative_lateral_velocity,mean,4848,0.011464402079582214,0.007638304959982634,0.011579056270420551,1.0100009691459826,-0.020101703025663165,0.07462793278788833
mlp_delta,outer_train_oof,C_environment_only_h2s_relative_lateral_velocity_std,2.0,relative_lateral_velocity,std,4848,0.033335138112306595,0.015467285178601742,0.02059994637966156,0.6179642420948772,0.6181193220806971,0.760174987290444
mlp_delta,outer_train_oof,C_environment_only_h2s_relative_lateral_velocity_min,2.0,relative_lateral_velocity,min,4848,0.18297582864761353,0.13272564113140106,0.17024879157543182,0.9304452987287126,0.13427382063443005,0.1860926067021218
mlp_delta,outer_train_oof,C_environment_only_h2s_relative_lateral_velocity_max,2.0,relative_lateral_velocity,max,4848,0.16851277649402618,0.1204887107014656,0.1556621640920639,0.9237501690087065,0.1467025767528145,0.17697404198102373
mlp_delta,outer_train_oof,C_environment_only_h2s_relative_lateral_velocity_q10,2.0,relative_lateral_velocity,q10,4848,0.03758499026298523,0.011829850263893604,0.03760135918855667,1.000451482572624,-0.0008712351126838325,0.1354082482709929
mlp_delta,outer_train_oof,C_environment_only_h2s_relative_lateral_velocity_q90,2.0,relative_lateral_velocity,q90,4848,0.022521670907735825,0.0053202067501842976,0.02192939631640911,0.9737295556786234,0.05190455220571688,0.20784455800721477
mlp_delta,outer_train_oof,C_environment_only_h2s_relative_lateral_velocity_nonzero_fraction,2.0,relative_lateral_velocity,nonzero_fraction,4848,0.03160708770155907,0.015296092256903648,0.02122301049530506,0.6714647586425471,0.5491366108040959,0.7826201072293776
mlp_delta,outer_train_oof,C_environment_only_h2s_dynamic_clearance_mean,2.0,dynamic_clearance,mean,4848,0.20804175734519958,0.10614433884620667,0.14437946677207947,0.6939925294292498,0.5183740630900727,0.7933027047952733
mlp_delta,outer_train_oof,C_environment_only_h2s_dynamic_clearance_std,2.0,dynamic_clearance,std,4848,0.07260774821043015,0.05079289525747299,0.06933790445327759,0.9549651461039694,0.08804071693620408,0.43544191957043105
mlp_delta,outer_train_oof,C_environment_only_h2s_dynamic_clearance_min,2.0,dynamic_clearance,min,4848,0.17897330224514008,0.0644913911819458,0.16875897347927094,0.9429008002967936,0.1108864386788031,0.4030321219755466
mlp_delta,outer_train_oof,C_environment_only_h2s_dynamic_clearance_max,2.0,dynamic_clearance,max,4848,0.17271603643894196,0.10659950226545334,0.13524770736694336,0.7830518222093309,0.38681075447097013,0.6707160451484069
mlp_delta,outer_train_oof,C_environment_only_h2s_dynamic_clearance_q10,2.0,dynamic_clearance,q10,4848,0.19408826529979706,0.08530990779399872,0.16312052309513092,0.8404463470045312,0.2936521690761372,0.7716453012262543
mlp_delta,outer_train_oof,C_environment_only_h2s_dynamic_clearance_q90,2.0,dynamic_clearance,q90,4848,0.23454353213310242,0.1369655579328537,0.16330641508102417,0.6962711562897077,0.5152033691075708,0.7452971787862733
mlp_delta,outer_train_oof,C_environment_only_h2s_dynamic_clearance_nonzero_fraction,2.0,dynamic_clearance,nonzero_fraction,4848,0.03145839273929596,0.015528975054621696,0.021469691768288612,0.682476797233727,0.5342223400672339,0.774307900545208
mlp_delta,outer_train_oof,C_environment_only_h2s_dynamic_collision_field_mean,2.0,dynamic_collision_field,mean,4848,0.1628625988960266,0.08489802479743958,0.10911184549331665,0.6699617742270326,0.5511501250103059,0.8061874455167222
mlp_delta,outer_train_oof,C_environment_only_h2s_dynamic_collision_field_std,2.0,dynamic_collision_field,std,4848,0.1345376819372177,0.06941340118646622,0.09728990495204926,0.7231425805952129,0.4770650084997241,0.7817984425404823
mlp_delta,outer_train_oof,C_environment_only_h2s_dynamic_collision_field_min,2.0,dynamic_collision_field,min,4848,0.0,0.0,0.0,0.0,,
mlp_delta,outer_train_oof,C_environment_only_h2s_dynamic_collision_field_max,2.0,dynamic_collision_field,max,4848,0.23406146466732025,0.1025981679558754,0.2197294682264328,0.9387559242045594,0.11871406951810404,0.2993099866983616
mlp_delta,outer_train_oof,C_environment_only_h2s_dynamic_collision_field_q10,2.0,dynamic_collision_field,q10,4848,0.0,0.0,0.0,0.0,,
mlp_delta,outer_train_oof,C_environment_only_h2s_dynamic_collision_field_q90,2.0,dynamic_collision_field,q90,4848,0.420756459236145,0.23016075789928436,0.3185582160949707,0.7571263927436269,0.4267870141617123,0.6162622890590861
mlp_delta,outer_train_oof,C_environment_only_h2s_dynamic_collision_field_nonzero_fraction,2.0,dynamic_collision_field,nonzero_fraction,4848,0.1628625988960266,0.08484940230846405,0.1093338206410408,0.6713247322370564,0.5493220579399682,0.8084352232814693
mlp_delta,outer_train_oof,C_environment_only_h4s_candidate_relative_dynamic_occupancy_mean,4.0,candidate_relative_dynamic_occupancy,mean,4848,0.032194457948207855,0.015620552934706211,0.020737314596772194,0.644126993200289,0.5851006605519082,0.7927191234217178
mlp_delta,outer_train_oof,C_environment_only_h4s_candidate_relative_dynamic_occupancy_std,4.0,candidate_relative_dynamic_occupancy,std,4848,0.08048789203166962,0.04012318700551987,0.05023982748389244,0.6241921601675997,0.6103854519372836,0.7873031559563947
mlp_delta,outer_train_oof,C_environment_only_h4s_candidate_relative_dynamic_occupancy_min,4.0,candidate_relative_dynamic_occupancy,min,4848,0.0,0.0,0.0,0.0,,
mlp_delta,outer_train_oof,C_environment_only_h4s_candidate_relative_dynamic_occupancy_max,4.0,candidate_relative_dynamic_occupancy,max,4848,0.18498599529266357,0.06764683872461319,0.17662134766578674,0.9548305677044447,0.08839080612291128,0.25697595732068984
mlp_delta,outer_train_oof,C_environment_only_h4s_candidate_relative_dynamic_occupancy_q10,4.0,candidate_relative_dynamic_occupancy,q10,4848,0.0,0.0,0.0,0.0,,
mlp_delta,outer_train_oof,C_environment_only_h4s_candidate_relative_dynamic_occupancy_q90,4.0,candidate_relative_dynamic_occupancy,q90,4848,0.23238010704517365,0.1057804748415947,0.21423618495464325,0.9219185250890793,0.1500611834338248,0.3348606208203138
mlp_delta,outer_train_oof,C_environment_only_h4s_candidate_relative_dynamic_occupancy_nonzero_fraction,4.0,candidate_relative_dynamic_occupancy,nonzero_fraction,4848,0.032194457948207855,0.015627017244696617,0.02075071632862091,0.6445432677954931,0.584564252260154,0.787256181846366
mlp_delta,outer_train_oof,C_environment_only_h4s_relative_longitudinal_velocity_mean,4.0,relative_longitudinal_velocity,mean,4848,0.008333872072398663,0.005145144648849964,0.007391311228275299,0.8868999113587325,0.21340828387255317,0.4903805420639894
mlp_delta,outer_train_oof,C_environment_only_h4s_relative_longitudinal_velocity_std,4.0,relative_longitudinal_velocity,std,4848,0.03437187522649765,0.02098892629146576,0.02764207310974598,0.8042063145929369,0.35325256679593886,0.6036686236604136
mlp_delta,outer_train_oof,C_environment_only_h4s_relative_longitudinal_velocity_min,4.0,relative_longitudinal_velocity,min,4848,0.2097311168909073,0.1453632116317749,0.20432090759277344,0.9741896728424994,0.05092652454322222,0.15819074517666631
mlp_delta,outer_train_oof,C_environment_only_h4s_relative_longitudinal_velocity_max,4.0,relative_longitudinal_velocity,max,4848,0.2535351514816284,0.1745162308216095,0.21306271851062775,0.8403691479652794,0.293782505504507,0.5564052222218423
mlp_delta,outer_train_oof,C_environment_only_h4s_relative_longitudinal_velocity_q10,4.0,relative_longitudinal_velocity,q10,4848,0.008454516530036926,0.0018786309519782662,0.00847546011209488,1.0024908998215876,-0.004960466792402807,0.13220564436126012
mlp_delta,outer_train_oof,C_environment_only_h4s_relative_longitudinal_velocity_q90,4.0,relative_longitudinal_velocity,q90,4848,0.0027066406328231096,0.00033146733767353,0.0027153657283633947,1.0032129737697608,-0.006457553262821936,0.06632122558878648
mlp_delta,outer_train_oof,C_environment_only_h4s_relative_longitudinal_velocity_nonzero_fraction,4.0,relative_longitudinal_velocity,nonzero_fraction,4848,0.031341079622507095,0.01618235744535923,0.02166740782558918,0.6913427581367944,0.522046136306589,0.748328418696682
mlp_delta,outer_train_oof,C_environment_only_h4s_relative_lateral_velocity_mean,4.0,relative_lateral_velocity,mean,4848,0.010765204206109047,0.0069872671738266945,0.010975276120007038,1.019513709297812,-0.03940879493577887,0.03819899466286819
mlp_delta,outer_train_oof,C_environment_only_h4s_relative_lateral_velocity_std,4.0,relative_lateral_velocity,std,4848,0.03236042708158493,0.016356848180294037,0.02225147746503353,0.6876138380045048,0.5271872384285912,0.7329240134235893
mlp_delta,outer_train_oof,C_environment_only_h4s_relative_lateral_velocity_min,4.0,relative_lateral_velocity,min,4848,0.17832651734352112,0.13295097649097443,0.17285753786563873,0.9693306812178718,0.06039601738622635,0.15061461493107886
mlp_delta,outer_train_oof,C_environment_only_h4s_relative_lateral_velocity_max,4.0,relative_lateral_velocity,max,4848,0.15933001041412354,0.10853581875562668,0.1476292759180069,0.926555010700444,0.14148119315911312,0.18946668815009668
mlp_delta,outer_train_oof,C_environment_only_h4s_relative_lateral_velocity_q10,4.0,relative_lateral_velocity,q10,4848,0.028037777170538902,0.007728378288447857,0.027788791805505753,0.9911268237597889,0.01768193128800244,0.20577016967619302
mlp_delta,outer_train_oof,C_environment_only_h4s_relative_lateral_velocity_q90,4.0,relative_lateral_velocity,q90,4848,0.017040928825736046,0.004311224911361933,0.016791440546512604,0.985386393812601,0.029066751206060726,0.1995225292594173
mlp_delta,outer_train_oof,C_environment_only_h4s_relative_lateral_velocity_nonzero_fraction,4.0,relative_lateral_velocity,nonzero_fraction,4848,0.0321391262114048,0.01633855700492859,0.021607639268040657,0.6723150806701851,0.5479915066513648,0.756144206396631
mlp_delta,outer_train_oof,C_environment_only_h4s_dynamic_clearance_mean,4.0,dynamic_clearance,mean,4848,0.21400496363639832,0.10724321007728577,0.14709842205047607,0.687359430215451,0.5275364037131329,0.7766779268360441
mlp_delta,outer_train_oof,C_environment_only_h4s_dynamic_clearance_std,4.0,dynamic_clearance,std,4848,0.07157489657402039,0.05104013904929161,0.06907456368207932,0.965066700865299,0.06864590009920057,0.3832224769020688
mlp_delta,outer_train_oof,C_environment_only_h4s_dynamic_clearance_min,4.0,dynamic_clearance,min,4848,0.18744835257530212,0.0715833455324173,0.17559128999710083,0.9367474409773684,0.12250888230094337,0.3953930182691404
mlp_delta,outer_train_oof,C_environment_only_h4s_dynamic_clearance_max,4.0,dynamic_clearance,max,4848,0.17284712195396423,0.10822175443172455,0.13757231831550598,0.7959233798735136,0.36651297040704167,0.6312532894870097
mlp_delta,outer_train_oof,C_environment_only_h4s_dynamic_clearance_q10,4.0,dynamic_clearance,q10,4848,0.20169934630393982,0.0912211686372757,0.1647706925868988,0.8169147918693087,0.3326542614549576,0.7621451232315172
mlp_delta,outer_train_oof,C_environment_only_h4s_dynamic_clearance_q90,4.0,dynamic_clearance,q90,4848,0.23372571170330048,0.13233326375484467,0.1630445271730423,0.6975917578370532,0.5133693012271752,0.7230556650584631
mlp_delta,outer_train_oof,C_environment_only_h4s_dynamic_clearance_nonzero_fraction,4.0,dynamic_clearance,nonzero_fraction,4848,0.032049596309661865,0.015911933034658432,0.021339740604162216,0.6658371709472931,0.5566638282789143,0.7705270180618531
mlp_delta,outer_train_oof,C_environment_only_h4s_dynamic_collision_field_mean,4.0,dynamic_collision_field,mean,4848,0.16363193094730377,0.08241140097379684,0.10277272015810013,0.6280733264554798,0.6055248812620131,0.7889363078021044
mlp_delta,outer_train_oof,C_environment_only_h4s_dynamic_collision_field_std,4.0,dynamic_collision_field,std,4848,0.1362357884645462,0.06639154255390167,0.0938805639743805,0.6891027853117683,0.5251362946661686,0.7835895085438799
mlp_delta,outer_train_oof,C_environment_only_h4s_dynamic_collision_field_min,4.0,dynamic_collision_field,min,4848,0.0,0.0,0.0,0.0,,
mlp_delta,outer_train_oof,C_environment_only_h4s_dynamic_collision_field_max,4.0,dynamic_collision_field,max,4848,0.23406146466732025,0.1043231338262558,0.2144601196050644,0.9162408657937996,0.1604756530409841,0.3494053420815107
mlp_delta,outer_train_oof,C_environment_only_h4s_dynamic_collision_field_q10,4.0,dynamic_collision_field,q10,4848,0.0,0.0,0.0,0.0,,
mlp_delta,outer_train_oof,C_environment_only_h4s_dynamic_collision_field_q90,4.0,dynamic_collision_field,q90,4848,0.4138263761997223,0.23704886436462402,0.3292590379714966,0.7956363113660818,0.3669486105676324,0.5737269441905263
mlp_delta,outer_train_oof,C_environment_only_h4s_dynamic_collision_field_nonzero_fraction,4.0,dynamic_collision_field,nonzero_fraction,4848,0.16363193094730377,0.08019022643566132,0.10089675337076187,0.6166087598016927,0.6197945944267058,0.7977477028220191
mlp_delta,outer_validation,C_environment_only_h1s_candidate_relative_dynamic_occupancy_mean,1.0,candidate_relative_dynamic_occupancy,mean,1152,0.03264091908931732,0.017100540921092033,0.022474171593785286,0.7134432255311741,0.525929838360488,0.811382745259935
mlp_delta,outer_validation,C_environment_only_h1s_candidate_relative_dynamic_occupancy_std,1.0,candidate_relative_dynamic_occupancy,std,1152,0.08020417392253876,0.04566478729248047,0.05675027519464493,0.7328996107793275,0.4993410438975442,0.7947540134420515
mlp_delta,outer_validation,C_environment_only_h1s_candidate_relative_dynamic_occupancy_min,1.0,candidate_relative_dynamic_occupancy,min,1152,0.0,0.0,0.0,0.0,,
mlp_delta,outer_validation,C_environment_only_h1s_candidate_relative_dynamic_occupancy_max,1.0,candidate_relative_dynamic_occupancy,max,1152,0.222195103764534,0.06521142274141312,0.20911233127117157,1.3459433257682138,0.11429241670956614,0.36195049097356313
mlp_delta,outer_validation,C_environment_only_h1s_candidate_relative_dynamic_occupancy_q10,1.0,candidate_relative_dynamic_occupancy,q10,1152,0.0,0.0,0.0,0.0,,
mlp_delta,outer_validation,C_environment_only_h1s_candidate_relative_dynamic_occupancy_q90,1.0,candidate_relative_dynamic_occupancy,q90,1152,0.24433688819408417,0.10244058072566986,0.21937857568264008,1.0282879202572675,0.19386016114756655,0.4140779920619405
mlp_delta,outer_validation,C_environment_only_h1s_candidate_relative_dynamic_occupancy_nonzero_fraction,1.0,candidate_relative_dynamic_occupancy,nonzero_fraction,1152,0.03264091908931732,0.016808124259114265,0.022322123870253563,0.7086164661617146,0.5323227058270132,0.8221157860344466
mlp_delta,outer_validation,C_environment_only_h1s_relative_longitudinal_velocity_mean,1.0,relative_longitudinal_velocity,mean,1152,0.007054738234728575,0.0048202513717114925,0.006347151938825846,0.7893117394558786,0.19053879560404763,0.520718256060242
mlp_delta,outer_validation,C_environment_only_h1s_relative_longitudinal_velocity_std,1.0,relative_longitudinal_velocity,std,1152,0.030691443011164665,0.021354282274842262,0.025814039632678032,0.7987873410472324,0.2925800499700354,0.6440168503906036
mlp_delta,outer_validation,C_environment_only_h1s_relative_longitudinal_velocity_min,1.0,relative_longitudinal_velocity,min,1152,0.18707582354545593,0.13063843548297882,0.1853686273097992,0.9465726770639006,0.018168001304129544,0.10683733004578444
mlp_delta,outer_validation,C_environment_only_h1s_relative_longitudinal_velocity_max,1.0,relative_longitudinal_velocity,max,1152,0.24300126731395721,0.1736222207546234,0.21705199778079987,0.8871592280714833,0.20216972077443462,0.6125470910514579
mlp_delta,outer_validation,C_environment_only_h1s_relative_longitudinal_velocity_q10,1.0,relative_longitudinal_velocity,q10,1152,0.00021311255113687366,0.0021379764657467604,0.0033601794857531786,0.26044495008403185,-247.60326064648615,0.1695851302120041
mlp_delta,outer_validation,C_environment_only_h1s_relative_longitudinal_velocity_q90,1.0,relative_longitudinal_velocity,q90,1152,0.0010043168440461159,0.0007557337521575391,0.0012575255241245031,0.14424315801022178,-0.5678053288543015,0.2112540387959883
mlp_delta,outer_validation,C_environment_only_h1s_relative_longitudinal_velocity_nonzero_fraction,1.0,relative_longitudinal_velocity,nonzero_fraction,1152,0.03233325481414795,0.015562746673822403,0.02070404402911663,0.664298089226942,0.5899738379112432,0.7982568784403477
mlp_delta,outer_validation,C_environment_only_h1s_relative_lateral_velocity_mean,1.0,relative_lateral_velocity,mean,1152,0.008993242867290974,0.006254145875573158,0.009353222325444221,0.8025935346559562,-0.0816575565119233,0.07769633400746828
mlp_delta,outer_validation,C_environment_only_h1s_relative_lateral_velocity_std,1.0,relative_lateral_velocity,std,1152,0.027843071147799492,0.013488389551639557,0.016662372276186943,0.49207659008377064,0.6418710824230887,0.7042167030027007
mlp_delta,outer_validation,C_environment_only_h1s_relative_lateral_velocity_min,1.0,relative_lateral_velocity,min,1152,0.14272856712341309,0.1260567456483841,0.15022580325603485,0.8138277901488852,-0.1078148058462629,-0.10308370108979535
mlp_delta,outer_validation,C_environment_only_h1s_relative_lateral_velocity_max,1.0,relative_lateral_velocity,max,1152,0.17532522976398468,0.12447813153266907,0.1571647822856903,0.8960056911310885,0.196433837596244,0.34655006545236017
mlp_delta,outer_validation,C_environment_only_h1s_relative_lateral_velocity_q10,1.0,relative_lateral_velocity,q10,1152,0.0199850145727396,0.007858868688344955,0.019817445427179337,0.556509275651505,0.01669896454179498,0.18180015622404877
mlp_delta,outer_validation,C_environment_only_h1s_relative_lateral_velocity_q90,1.0,relative_lateral_velocity,q90,1152,0.03214307129383087,0.008107615634799004,0.03141564503312111,1.5905813427347766,0.04474955762935473,0.2798647491461243
mlp_delta,outer_validation,C_environment_only_h1s_relative_lateral_velocity_nonzero_fraction,1.0,relative_lateral_velocity,nonzero_fraction,1152,0.03269132971763611,0.015953462570905685,0.02086036279797554,0.664849814988403,0.5928273955189431,0.7809646306513534
mlp_delta,outer_validation,C_environment_only_h1s_dynamic_clearance_mean,1.0,dynamic_clearance,mean,1152,0.21052035689353943,0.11888730525970459,0.15615546703338623,0.7545613000375646,0.4497929556852842,0.7627788391023448
mlp_delta,outer_validation,C_environment_only_h1s_dynamic_clearance_std,1.0,dynamic_clearance,std,1152,0.08216016739606857,0.06243683397769928,0.08204538375139236,1.1396275266337001,0.0027923139436552002,0.35629993944204974
mlp_delta,outer_validation,C_environment_only_h1s_dynamic_clearance_min,1.0,dynamic_clearance,min,1152,0.22214271128177643,0.08174637705087662,0.21350045502185822,1.3268132197436788,0.07629461663220372,0.3881066916770146
mlp_delta,outer_validation,C_environment_only_h1s_dynamic_clearance_max,1.0,dynamic_clearance,max,1152,0.15589360892772675,0.11654521524906158,0.13168153166770935,0.7587808054601319,0.2865013562117803,0.6859696597590501
mlp_delta,outer_validation,C_environment_only_h1s_dynamic_clearance_q10,1.0,dynamic_clearance,q10,1152,0.21662549674510956,0.08662133663892746,0.1886703222990036,1.0079713756197597,0.24144340701085631,0.8133904280494983
mlp_delta,outer_validation,C_environment_only_h1s_dynamic_clearance_q90,1.0,dynamic_clearance,q90,1152,0.2349930852651596,0.16239990293979645,0.186284139752388,0.7861604184397957,0.37159222606069287,0.725079300109901
mlp_delta,outer_validation,C_environment_only_h1s_dynamic_clearance_nonzero_fraction,1.0,dynamic_clearance,nonzero_fraction,1152,0.03187321871519089,0.016796547919511795,0.02238103747367859,0.7192034234762146,0.5069300645604209,0.8101289894175332
mlp_delta,outer_validation,C_environment_only_h1s_dynamic_collision_field_mean,1.0,dynamic_collision_field,mean,1152,0.16415919363498688,0.09567500650882721,0.11865032464265823,0.7394631113940913,0.4775947872491989,0.8173184561974185
mlp_delta,outer_validation,C_environment_only_h1s_dynamic_collision_field_std,1.0,dynamic_collision_field,std,1152,0.12574522197246552,0.0714511051774025,0.09512598067522049,0.7141371786699755,0.4277110312606761,0.7970996102682053
mlp_delta,outer_validation,C_environment_only_h1s_dynamic_collision_field_min,1.0,dynamic_collision_field,min,1152,0.0,0.0,0.0,0.0,,
mlp_delta,outer_validation,C_environment_only_h1s_dynamic_collision_field_max,1.0,dynamic_collision_field,max,1152,0.222195103764534,0.08218342810869217,0.20084962248802185,0.8697908210504145,0.18290399323627005,0.36469526466543434
mlp_delta,outer_validation,C_environment_only_h1s_dynamic_collision_field_q10,1.0,dynamic_collision_field,q10,1152,0.0,0.0,0.0,0.0,,
mlp_delta,outer_validation,C_environment_only_h1s_dynamic_collision_field_q90,1.0,dynamic_collision_field,q90,1152,0.4394038915634155,0.26298215985298157,0.36428144574165344,0.8767932979768472,0.31270006037255216,0.5612308552735392
mlp_delta,outer_validation,C_environment_only_h1s_dynamic_collision_field_nonzero_fraction,1.0,dynamic_collision_field,nonzero_fraction,1152,0.16415919363498688,0.09175124764442444,0.11316292732954025,0.7052640655605923,0.5247983060928245,0.822256563027665
mlp_delta,outer_validation,C_environment_only_h2s_candidate_relative_dynamic_occupancy_mean,2.0,candidate_relative_dynamic_occupancy,mean,1152,0.03435030207037926,0.01612113229930401,0.021918026730418205,0.6896553724911741,0.5928617919515508,0.7976040850320063
mlp_delta,outer_validation,C_environment_only_h2s_candidate_relative_dynamic_occupancy_std,2.0,candidate_relative_dynamic_occupancy,std,1152,0.08264227211475372,0.04230354726314545,0.05161058157682419,0.6530570359289763,0.6099924685769486,0.7863886788818335
mlp_delta,outer_validation,C_environment_only_h2s_candidate_relative_dynamic_occupancy_min,2.0,candidate_relative_dynamic_occupancy,min,1152,0.0,0.0,0.0,0.0,,
mlp_delta,outer_validation,C_environment_only_h2s_candidate_relative_dynamic_occupancy_max,2.0,candidate_relative_dynamic_occupancy,max,1152,0.21686625480651855,0.06631814688444138,0.19824829697608948,1.1233662946660397,0.16432980351184612,0.3637206224307438
mlp_delta,outer_validation,C_environment_only_h2s_candidate_relative_dynamic_occupancy_q10,2.0,candidate_relative_dynamic_occupancy,q10,1152,0.0,0.0,0.0,0.0,,
mlp_delta,outer_validation,C_environment_only_h2s_candidate_relative_dynamic_occupancy_q90,2.0,candidate_relative_dynamic_occupancy,q90,1152,0.2556729316711426,0.1118507906794548,0.2159813791513443,0.9151827841189961,0.2863863950609422,0.4384755668429721
mlp_delta,outer_validation,C_environment_only_h2s_candidate_relative_dynamic_occupancy_nonzero_fraction,2.0,candidate_relative_dynamic_occupancy,nonzero_fraction,1152,0.03435030207037926,0.016343874856829643,0.02176959253847599,0.6849848590734555,0.59835769708408,0.7983781357115453
mlp_delta,outer_validation,C_environment_only_h2s_relative_longitudinal_velocity_mean,2.0,relative_longitudinal_velocity,mean,1152,0.00701083242893219,0.004521380644291639,0.006051349453628063,0.7548313789106363,0.2549845851852379,0.5669567377030357
mlp_delta,outer_validation,C_environment_only_h2s_relative_longitudinal_velocity_std,2.0,relative_longitudinal_velocity,std,1152,0.029455073177814484,0.019742809236049652,0.024815239012241364,0.7655450538874975,0.2902315446246312,0.6028845834731243
mlp_delta,outer_validation,C_environment_only_h2s_relative_longitudinal_velocity_min,2.0,relative_longitudinal_velocity,min,1152,0.18221241235733032,0.12823301553726196,0.18007679283618927,0.9013612814587961,0.023303481277943572,0.11361650076070129
mlp_delta,outer_validation,C_environment_only_h2s_relative_longitudinal_velocity_max,2.0,relative_longitudinal_velocity,max,1152,0.24294330179691315,0.16573113203048706,0.2052813321352005,0.8490691990130328,0.28601507395595094,0.6440267071934332
mlp_delta,outer_validation,C_environment_only_h2s_relative_longitudinal_velocity_q10,2.0,relative_longitudinal_velocity,q10,1152,0.0002507907338440418,0.0013553941389545798,0.002318350598216057,0.20549911202252893,-84.45456197619625,0.16460702730619894
mlp_delta,outer_validation,C_environment_only_h2s_relative_longitudinal_velocity_q90,2.0,relative_longitudinal_velocity,q90,1152,0.0014495756477117538,0.0005473242490552366,0.001435646670870483,0.3009268473233125,0.01912578048139768,0.2548527633830081
mlp_delta,outer_validation,C_environment_only_h2s_relative_longitudinal_velocity_nonzero_fraction,2.0,relative_longitudinal_velocity,nonzero_fraction,1152,0.03408711031079292,0.015222055837512016,0.02022816613316536,0.6386566274852231,0.6478460095896101,0.8101218675591473
mlp_delta,outer_validation,C_environment_only_h2s_relative_lateral_velocity_mean,2.0,relative_lateral_velocity,mean,1152,0.008394180797040462,0.005858330056071281,0.008770397864282131,0.7650114254431446,-0.09164626824193634,0.011912232743522452
mlp_delta,outer_validation,C_environment_only_h2s_relative_lateral_velocity_std,2.0,relative_lateral_velocity,std,1152,0.027259163558483124,0.012752719223499298,0.016187867149710655,0.4856091792636916,0.6473416281169246,0.7419937238941634
mlp_delta,outer_validation,C_environment_only_h2s_relative_lateral_velocity_min,2.0,relative_lateral_velocity,min,1152,0.14026707410812378,0.12162596732378006,0.14523613452911377,0.7937458899276302,-0.0721064569681984,-0.05764174622791814
mlp_delta,outer_validation,C_environment_only_h2s_relative_lateral_velocity_max,2.0,relative_lateral_velocity,max,1152,0.19501765072345734,0.1242801621556282,0.17044542729854584,1.0114788856505441,0.23612400109848386,0.34174419612522594
mlp_delta,outer_validation,C_environment_only_h2s_relative_lateral_velocity_q10,2.0,relative_lateral_velocity,q10,1152,0.023949746042490005,0.01009617280215025,0.023268871009349823,0.6191099737208399,0.056050377643070304,0.2579899016209627
mlp_delta,outer_validation,C_environment_only_h2s_relative_lateral_velocity_q90,2.0,relative_lateral_velocity,q90,1152,0.024217581376433372,0.006764542777091265,0.02258642204105854,1.0029034261172545,0.13017214776421082,0.2927906770789373
mlp_delta,outer_validation,C_environment_only_h2s_relative_lateral_velocity_nonzero_fraction,2.0,relative_lateral_velocity,nonzero_fraction,1152,0.03433571010828018,0.01601613312959671,0.021668268367648125,0.6855520611886523,0.6017495235741096,0.7789642360207268
mlp_delta,outer_validation,C_environment_only_h2s_dynamic_clearance_mean,2.0,dynamic_clearance,mean,1152,0.21284474432468414,0.1117035523056984,0.15328173339366913,0.7367832854037367,0.48137319524066713,0.7914674793404272
mlp_delta,outer_validation,C_environment_only_h2s_dynamic_clearance_std,2.0,dynamic_clearance,std,1152,0.08222565799951553,0.0608355738222599,0.08068231493234634,1.1112074885287728,0.03718683810572243,0.4411328123778599
mlp_delta,outer_validation,C_environment_only_h2s_dynamic_clearance_min,2.0,dynamic_clearance,min,1152,0.21747174859046936,0.06970098614692688,0.19805221259593964,1.1065698368934458,0.170619781702409,0.44928103027350896
mlp_delta,outer_validation,C_environment_only_h2s_dynamic_clearance_max,2.0,dynamic_clearance,max,1152,0.1569640338420868,0.10092204809188843,0.11997715383768082,0.6946389758843898,0.4157524827701842,0.7183132929929703
mlp_delta,outer_validation,C_environment_only_h2s_dynamic_clearance_q10,2.0,dynamic_clearance,q10,1152,0.21465392410755157,0.0870351493358612,0.18229244649410248,0.9392259038621276,0.2787934320049016,0.7940659867941148
mlp_delta,outer_validation,C_environment_only_h2s_dynamic_clearance_q90,2.0,dynamic_clearance,q90,1152,0.24054551124572754,0.1562654674053192,0.18448598682880402,0.7865721092757306,0.411790149434034,0.7404914188491992
mlp_delta,outer_validation,C_environment_only_h2s_dynamic_clearance_nonzero_fraction,2.0,dynamic_clearance,nonzero_fraction,1152,0.03366364166140556,0.015057306736707687,0.02047804184257984,0.6509543109037459,0.6299548270322899,0.8061064203838791
mlp_delta,outer_validation,C_environment_only_h2s_dynamic_collision_field_mean,2.0,dynamic_collision_field,mean,1152,0.16839104890823364,0.08643992245197296,0.10869243741035461,0.6673865507752067,0.5833603034392234,0.8125799663011761
mlp_delta,outer_validation,C_environment_only_h2s_dynamic_collision_field_std,2.0,dynamic_collision_field,std,1152,0.13005603849887848,0.06791141629219055,0.09320607036352158,0.692787995661376,0.48639721996644303,0.7992734574519167
mlp_delta,outer_validation,C_environment_only_h2s_dynamic_collision_field_min,2.0,dynamic_collision_field,min,1152,0.0,0.0,0.0,0.0,,
mlp_delta,outer_validation,C_environment_only_h2s_dynamic_collision_field_max,2.0,dynamic_collision_field,max,1152,0.23073792457580566,0.08943956345319748,0.20520997047424316,0.8767238961777282,0.20903186510995797,0.37498706356141975
mlp_delta,outer_validation,C_environment_only_h2s_dynamic_collision_field_q10,2.0,dynamic_collision_field,q10,1152,0.0,0.0,0.0,0.0,,
mlp_delta,outer_validation,C_environment_only_h2s_dynamic_collision_field_q90,2.0,dynamic_collision_field,q90,1152,0.4465286433696747,0.26870739459991455,0.37108996510505676,0.8819800980414448,0.3093472542889195,0.5517252257564109
mlp_delta,outer_validation,C_environment_only_h2s_dynamic_collision_field_nonzero_fraction,2.0,dynamic_collision_field,nonzero_fraction,1152,0.16839104890823364,0.08961883187294006,0.1128811165690422,0.6931056182892286,0.5506294156991862,0.8096366427913843
mlp_delta,outer_validation,C_environment_only_h4s_candidate_relative_dynamic_occupancy_mean,4.0,candidate_relative_dynamic_occupancy,mean,1152,0.03354286402463913,0.015932146459817886,0.020540988072752953,0.6380288451969953,0.62499042499502,0.7937531642155331
mlp_delta,outer_validation,C_environment_only_h4s_candidate_relative_dynamic_occupancy_std,4.0,candidate_relative_dynamic_occupancy,std,1152,0.0803615152835846,0.03894193470478058,0.047914549708366394,0.5953023285263453,0.6445008465970821,0.8045852740232672
mlp_delta,outer_validation,C_environment_only_h4s_candidate_relative_dynamic_occupancy_min,4.0,candidate_relative_dynamic_occupancy,min,1152,0.0,0.0,0.0,0.0,,
mlp_delta,outer_validation,C_environment_only_h4s_candidate_relative_dynamic_occupancy_max,4.0,candidate_relative_dynamic_occupancy,max,1152,0.19374370574951172,0.06037582457065582,0.1788075715303421,0.9666494865458548,0.14824124830578012,0.31373703439850625
mlp_delta,outer_validation,C_environment_only_h4s_candidate_relative_dynamic_occupancy_q10,4.0,candidate_relative_dynamic_occupancy,q10,1152,0.0,0.0,0.0,0.0,,
mlp_delta,outer_validation,C_environment_only_h4s_candidate_relative_dynamic_occupancy_q90,4.0,candidate_relative_dynamic_occupancy,q90,1152,0.26686546206474304,0.1177535206079483,0.23279301822185516,1.0017737949150143,0.23905169978550278,0.43463984250631654
mlp_delta,outer_validation,C_environment_only_h4s_candidate_relative_dynamic_occupancy_nonzero_fraction,4.0,candidate_relative_dynamic_occupancy,nonzero_fraction,1152,0.03354286402463913,0.01625843532383442,0.020811978727579117,0.6464461547220061,0.6150303705682532,0.7765132058398175
mlp_delta,outer_validation,C_environment_only_h4s_relative_longitudinal_velocity_mean,4.0,relative_longitudinal_velocity,mean,1152,0.007279176265001297,0.004575786646455526,0.006304280832409859,0.7564647108967072,0.24992163174632243,0.5832169437988001
mlp_delta,outer_validation,C_environment_only_h4s_relative_longitudinal_velocity_std,4.0,relative_longitudinal_velocity,std,1152,0.0313454307615757,0.02074492909014225,0.02705571986734867,0.7871472113105676,0.2549769071986744,0.5245760394731283
mlp_delta,outer_validation,C_environment_only_h4s_relative_longitudinal_velocity_min,4.0,relative_longitudinal_velocity,min,1152,0.1717107743024826,0.13459859788417816,0.17555417120456696,0.8370316216134607,-0.04526681844999314,-0.09350858490294091
mlp_delta,outer_validation,C_environment_only_h4s_relative_longitudinal_velocity_max,4.0,relative_longitudinal_velocity,max,1152,0.24668270349502563,0.16490653157234192,0.2011483609676361,0.7933761377993166,0.33510105224547715,0.6531599247541888
mlp_delta,outer_validation,C_environment_only_h4s_relative_longitudinal_velocity_q10,4.0,relative_longitudinal_velocity,q10,1152,0.00021785852732136846,0.0010148959700018167,0.0016422142507508397,0.19424371304463922,-55.82123195657862,0.17919328556882472
mlp_delta,outer_validation,C_environment_only_h4s_relative_longitudinal_velocity_q90,4.0,relative_longitudinal_velocity,q90,1152,0.019437985494732857,0.0029708396177738905,0.01963203027844429,7.253206178103572,-0.020065171748735233,-0.020850910654764184
mlp_delta,outer_validation,C_environment_only_h4s_relative_longitudinal_velocity_nonzero_fraction,4.0,relative_longitudinal_velocity,nonzero_fraction,1152,0.03175535798072815,0.015968292951583862,0.02171720750629902,0.6929317183342211,0.532292896038614,0.7375207243202158
mlp_delta,outer_validation,C_environment_only_h4s_relative_lateral_velocity_mean,4.0,relative_lateral_velocity,mean,1152,0.008054934442043304,0.0059076338075101376,0.008620833046734333,0.8008051351611589,-0.14544552271170708,-0.1294614662104158
mlp_delta,outer_validation,C_environment_only_h4s_relative_lateral_velocity_std,4.0,relative_lateral_velocity,std,1152,0.02857721410691738,0.014655139297246933,0.018151260912418365,0.560909189073946,0.5965647640888565,0.6742219426023124
mlp_delta,outer_validation,C_environment_only_h4s_relative_lateral_velocity_min,4.0,relative_lateral_velocity,min,1152,0.1479434072971344,0.11971446126699448,0.1539590060710907,0.8633536615019827,-0.08297643188810522,-0.01738961371506771
mlp_delta,outer_validation,C_environment_only_h4s_relative_lateral_velocity_max,4.0,relative_lateral_velocity,max,1152,0.1804312765598297,0.11853440850973129,0.16569343209266663,1.0399297753846675,0.1566907013021397,0.22334595722857173
mlp_delta,outer_validation,C_environment_only_h4s_relative_lateral_velocity_q10,4.0,relative_lateral_velocity,q10,1152,0.011242630891501904,0.005397195462137461,0.01197011023759842,0.4269310239495506,-0.13360142938353636,0.22285112231068765
mlp_delta,outer_validation,C_environment_only_h4s_relative_lateral_velocity_q90,4.0,relative_lateral_velocity,q90,1152,0.016785573214292526,0.004833971615880728,0.016073191538453102,0.9432367760981027,0.08307906039139457,0.2654819614662779
mlp_delta,outer_validation,C_environment_only_h4s_relative_lateral_velocity_nonzero_fraction,4.0,relative_lateral_velocity,nonzero_fraction,1152,0.03334018215537071,0.016196737065911293,0.02078927680850029,0.6468519832823497,0.6111851256117776,0.7802937619346912
mlp_delta,outer_validation,C_environment_only_h4s_dynamic_clearance_mean,4.0,dynamic_clearance,mean,1152,0.20857572555541992,0.09529519081115723,0.13385671377182007,0.6254837626819613,0.5881369697525949,0.8283503290265329
mlp_delta,outer_validation,C_environment_only_h4s_dynamic_clearance_std,4.0,dynamic_clearance,std,1152,0.07873991131782532,0.0573238730430603,0.074715256690979,1.0438749437627504,0.09961381090953969,0.43306985351213256
mlp_delta,outer_validation,C_environment_only_h4s_dynamic_clearance_min,4.0,dynamic_clearance,min,1152,0.1960674524307251,0.06907394528388977,0.17642876505851746,0.9412152173726404,0.19029312288896372,0.3855186499367734
mlp_delta,outer_validation,C_environment_only_h4s_dynamic_clearance_max,4.0,dynamic_clearance,max,1152,0.15737827122211456,0.10156085342168808,0.12540419399738312,0.7255248087613348,0.36505719155227423,0.6493284614303423
mlp_delta,outer_validation,C_environment_only_h4s_dynamic_clearance_q10,4.0,dynamic_clearance,q10,1152,0.2055002748966217,0.0796840563416481,0.16222351789474487,0.8042861826741493,0.376835338143398,0.8236410967703824
mlp_delta,outer_validation,C_environment_only_h4s_dynamic_clearance_q90,4.0,dynamic_clearance,q90,1152,0.2317882925271988,0.13420408964157104,0.1645684689283371,0.7041119963654467,0.49590751701887004,0.7515435882787136
mlp_delta,outer_validation,C_environment_only_h4s_dynamic_clearance_nonzero_fraction,4.0,dynamic_clearance,nonzero_fraction,1152,0.03289708122611046,0.015500863082706928,0.02050745114684105,0.639868286509968,0.6113947853253203,0.8056945812447487
mlp_delta,outer_validation,C_environment_only_h4s_dynamic_collision_field_mean,4.0,dynamic_collision_field,mean,1152,0.15874671936035156,0.07363804429769516,0.09303643554449081,0.5685721217079576,0.6565238048741433,0.8281796661315372
mlp_delta,outer_validation,C_environment_only_h4s_dynamic_collision_field_std,4.0,dynamic_collision_field,std,1152,0.1254226714372635,0.05475122854113579,0.07926295697689056,0.5818065221649897,0.6006180100877747,0.8422817423478334
mlp_delta,outer_validation,C_environment_only_h4s_dynamic_collision_field_min,4.0,dynamic_collision_field,min,1152,0.0,0.0,0.0,0.0,,
mlp_delta,outer_validation,C_environment_only_h4s_dynamic_collision_field_max,4.0,dynamic_collision_field,max,1152,0.22393646836280823,0.08423645794391632,0.19480016827583313,0.8322473901745058,0.24329087047833953,0.3721473491363388
mlp_delta,outer_validation,C_environment_only_h4s_dynamic_collision_field_q10,4.0,dynamic_collision_field,q10,1152,0.0,0.0,0.0,0.0,,
mlp_delta,outer_validation,C_environment_only_h4s_dynamic_collision_field_q90,4.0,dynamic_collision_field,q90,1152,0.4194415807723999,0.22653549909591675,0.3277168571949005,0.7919097165484877,0.38954359080176826,0.5824147498772452
mlp_delta,outer_validation,C_environment_only_h4s_dynamic_collision_field_nonzero_fraction,4.0,dynamic_collision_field,nonzero_fraction,1152,0.15874671936035156,0.07124917954206467,0.08876907080411911,0.5424930419330818,0.6873100558758181,0.8464436950792678
mlp_delta_strong,outer_train_oof,C_environment_only_h1s_candidate_relative_dynamic_occupancy_mean,1.0,candidate_relative_dynamic_occupancy,mean,4848,0.03150100260972977,0.022445183247327805,0.029854856431484222,0.9477432786060144,0.10178302900187253,0.46914144972532834
mlp_delta_strong,outer_train_oof,C_environment_only_h1s_candidate_relative_dynamic_occupancy_std,1.0,candidate_relative_dynamic_occupancy,std,4848,0.07743223011493683,0.05619485303759575,0.07218845933675766,0.9322755452587022,0.13085541749911278,0.5048313283332172
mlp_delta_strong,outer_train_oof,C_environment_only_h1s_candidate_relative_dynamic_occupancy_min,1.0,candidate_relative_dynamic_occupancy,min,4848,0.0,0.0,0.0,0.0,,
mlp_delta_strong,outer_train_oof,C_environment_only_h1s_candidate_relative_dynamic_occupancy_max,1.0,candidate_relative_dynamic_occupancy,max,4848,0.1553698480129242,0.0480683371424675,0.1530144065618515,0.9848712316790106,0.03009062906090021,0.15104725282628362
mlp_delta_strong,outer_train_oof,C_environment_only_h1s_candidate_relative_dynamic_occupancy_q10,1.0,candidate_relative_dynamic_occupancy,q10,4848,0.0,0.0,0.0,0.0,,
mlp_delta_strong,outer_train_oof,C_environment_only_h1s_candidate_relative_dynamic_occupancy_q90,1.0,candidate_relative_dynamic_occupancy,q90,4848,0.2133459895849228,0.08891161531209946,0.21383965015411377,1.0023254478760644,-0.004633233691533345,0.030138446188196274
mlp_delta_strong,outer_train_oof,C_environment_only_h1s_candidate_relative_dynamic_occupancy_nonzero_fraction,1.0,candidate_relative_dynamic_occupancy,nonzero_fraction,4848,0.03150100260972977,0.021376172080636024,0.02862980216741562,0.9088538956554317,0.1739849358587079,0.6737864904640086
mlp_delta_strong,outer_train_oof,C_environment_only_h1s_relative_longitudinal_velocity_mean,1.0,relative_longitudinal_velocity,mean,4848,0.008041379041969776,0.0060045127756893635,0.007891630753874779,0.9813782398025749,0.03689765518204868,0.24581511140495077
mlp_delta_strong,outer_train_oof,C_environment_only_h1s_relative_longitudinal_velocity_std,1.0,relative_longitudinal_velocity,std,4848,0.03231655806303024,0.024079617112874985,0.03031718172132969,0.9381321683790391,0.11990913059956099,0.5433592831770363
mlp_delta_strong,outer_train_oof,C_environment_only_h1s_relative_longitudinal_velocity_min,1.0,relative_longitudinal_velocity,min,4848,0.19583472609519958,0.14228291809558868,0.1956394463777542,0.9990199376488593,0.00199321617782644,0.09795627643842492
mlp_delta_strong,outer_train_oof,C_environment_only_h1s_relative_longitudinal_velocity_max,1.0,relative_longitudinal_velocity,max,4848,0.2446601241827011,0.19977883994579315,0.23893406987190247,0.9765980832003458,0.04626057330974864,0.2880103703646968
mlp_delta_strong,outer_train_oof,C_environment_only_h1s_relative_longitudinal_velocity_q10,1.0,relative_longitudinal_velocity,q10,4848,0.012901927344501019,0.0028345652390271425,0.012881943956017494,0.9984696546227042,0.0030952028882107463,0.12527094145963857
mlp_delta_strong,outer_train_oof,C_environment_only_h1s_relative_longitudinal_velocity_q90,1.0,relative_longitudinal_velocity,q90,4848,0.008718052878975868,0.0012349149910733104,0.008763136342167854,1.005166444592411,-0.010369234674045602,0.040516424305608756
mlp_delta_strong,outer_train_oof,C_environment_only_h1s_relative_longitudinal_velocity_nonzero_fraction,1.0,relative_longitudinal_velocity,nonzero_fraction,4848,0.03116682544350624,0.02107168734073639,0.028141457587480545,0.9029306775591307,0.18471766889022,0.526445688200734
mlp_delta_strong,outer_train_oof,C_environment_only_h1s_relative_lateral_velocity_mean,1.0,relative_lateral_velocity,mean,4848,0.011653733439743519,0.007601021323353052,0.011714339256286621,1.0051993444318745,-0.010428119530283553,0.06334626371338842
mlp_delta_strong,outer_train_oof,C_environment_only_h1s_relative_lateral_velocity_std,1.0,relative_lateral_velocity,std,4848,0.03386131301522255,0.022812701761722565,0.028058253228664398,0.8286220799543742,0.3133844710378392,0.606467287157411
mlp_delta_strong,outer_train_oof,C_environment_only_h1s_relative_lateral_velocity_min,1.0,relative_lateral_velocity,min,4848,0.18459075689315796,0.1434391289949417,0.17838531732559204,0.9663781151275839,0.06610447994160418,0.1145497666994875
mlp_delta_strong,outer_train_oof,C_environment_only_h1s_relative_lateral_velocity_max,1.0,relative_lateral_velocity,max,4848,0.17540772259235382,0.129843607544899,0.16863535344600677,0.9614000936855052,0.07572785369206514,0.15127475340841467
mlp_delta_strong,outer_train_oof,C_environment_only_h1s_relative_lateral_velocity_q10,1.0,relative_lateral_velocity,q10,4848,0.035610221326351166,0.00928418803960085,0.0354887880384922,0.9965885763441779,0.006808444850217699,0.09917734750043815
mlp_delta_strong,outer_train_oof,C_environment_only_h1s_relative_lateral_velocity_q90,1.0,relative_lateral_velocity,q90,4848,0.01975071430206299,0.0044115264900028706,0.019629890099167824,0.9938658562876082,0.012197525484557326,0.14036232323439984
mlp_delta_strong,outer_train_oof,C_environment_only_h1s_relative_lateral_velocity_nonzero_fraction,1.0,relative_lateral_velocity,nonzero_fraction,4848,0.031376052647829056,0.021280694752931595,0.02829873375594616,0.9019214135562773,0.18653777463428123,0.5726751013721703
mlp_delta_strong,outer_train_oof,C_environment_only_h1s_dynamic_clearance_mean,1.0,dynamic_clearance,mean,4848,0.20694884657859802,0.15170280635356903,0.19573453068733215,0.9458119190031229,0.1054413380281578,0.6562394617732904
mlp_delta_strong,outer_train_oof,C_environment_only_h1s_dynamic_clearance_std,1.0,dynamic_clearance,std,4848,0.07199312001466751,0.057661812752485275,0.0709010660648346,0.9848306249623555,0.030107648633247663,0.2766187143103023
mlp_delta_strong,outer_train_oof,C_environment_only_h1s_dynamic_clearance_min,1.0,dynamic_clearance,min,4848,0.16091875731945038,0.06472578644752502,0.15996643900871277,0.9941224058297733,0.011800860107054278,0.23943181924859358
mlp_delta_strong,outer_train_oof,C_environment_only_h1s_dynamic_clearance_max,1.0,dynamic_clearance,max,4848,0.17354166507720947,0.1417868584394455,0.16431887447834015,0.9468450613378725,0.10346465505011726,0.47616004791083477
mlp_delta_strong,outer_train_oof,C_environment_only_h1s_dynamic_clearance_q10,1.0,dynamic_clearance,q10,4848,0.18717852234840393,0.10839509218931198,0.1826590746641159,0.9758562794356007,0.0477073904732539,0.407933331387537
mlp_delta_strong,outer_train_oof,C_environment_only_h1s_dynamic_clearance_q90,1.0,dynamic_clearance,q90,4848,0.23695361614227295,0.201194629073143,0.22665394842624664,0.9565299717552886,0.08504454137395445,0.3546924717703781
mlp_delta_strong,outer_train_oof,C_environment_only_h1s_dynamic_clearance_nonzero_fraction,1.0,dynamic_clearance,nonzero_fraction,4848,0.03111923672258854,0.021323395892977715,0.028602899983525276,0.9191398572873218,0.15518384853500755,0.6350610020931996
mlp_delta_strong,outer_train_oof,C_environment_only_h1s_dynamic_collision_field_mean,1.0,dynamic_collision_field,mean,4848,0.1604546755552292,0.12034950405359268,0.15300041437149048,0.9535427972613497,0.09075581768829799,0.499531510592762
mlp_delta_strong,outer_train_oof,C_environment_only_h1s_dynamic_collision_field_std,1.0,dynamic_collision_field,std,4848,0.13320443034172058,0.09605778753757477,0.1254902184009552,0.9420899514876878,0.11247136957037274,0.619741186317099
mlp_delta_strong,outer_train_oof,C_environment_only_h1s_dynamic_collision_field_min,1.0,dynamic_collision_field,min,4848,0.0,0.0,0.0,0.0,,
mlp_delta_strong,outer_train_oof,C_environment_only_h1s_dynamic_collision_field_max,1.0,dynamic_collision_field,max,4848,0.23091958463191986,0.11141294240951538,0.22734932601451874,0.9845493085316587,0.03068288003535491,0.27097001270720406
mlp_delta_strong,outer_train_oof,C_environment_only_h1s_dynamic_collision_field_q10,1.0,dynamic_collision_field,q10,4848,0.0,0.0,0.0,0.0,,
mlp_delta_strong,outer_train_oof,C_environment_only_h1s_dynamic_collision_field_q90,1.0,dynamic_collision_field,q90,4848,0.4154805839061737,0.3104255795478821,0.38289675116539,0.9215986956333054,0.15069843626528234,0.46205505446603223
mlp_delta_strong,outer_train_oof,C_environment_only_h1s_dynamic_collision_field_nonzero_fraction,1.0,dynamic_collision_field,nonzero_fraction,4848,0.1604546755552292,0.11763788759708405,0.14894555509090424,0.9282717424292798,0.1383113270619888,0.6790425799493398
mlp_delta_strong,outer_train_oof,C_environment_only_h2s_candidate_relative_dynamic_occupancy_mean,2.0,candidate_relative_dynamic_occupancy,mean,4848,0.03178119286894798,0.021163584664463997,0.027439942583441734,0.8634036291805754,0.2545370110891505,0.6877784534901559
mlp_delta_strong,outer_train_oof,C_environment_only_h2s_candidate_relative_dynamic_occupancy_std,2.0,candidate_relative_dynamic_occupancy,std,4848,0.07902920991182327,0.0519426129758358,0.06631314009428024,0.8390965842663622,0.2959169623277944,0.7035558210073475
mlp_delta_strong,outer_train_oof,C_environment_only_h2s_candidate_relative_dynamic_occupancy_min,2.0,candidate_relative_dynamic_occupancy,min,4848,0.0,0.0,0.0,0.0,,
mlp_delta_strong,outer_train_oof,C_environment_only_h2s_candidate_relative_dynamic_occupancy_max,2.0,candidate_relative_dynamic_occupancy,max,4848,0.17647317051887512,0.06627470254898071,0.1752084195613861,0.9928117218616299,0.014282308829271728,-0.005042281360663933
mlp_delta_strong,outer_train_oof,C_environment_only_h2s_candidate_relative_dynamic_occupancy_q10,2.0,candidate_relative_dynamic_occupancy,q10,4848,0.0,0.0,0.0,0.0,,
mlp_delta_strong,outer_train_oof,C_environment_only_h2s_candidate_relative_dynamic_occupancy_q90,2.0,candidate_relative_dynamic_occupancy,q90,4848,0.23599843680858612,0.11086905002593994,0.2284395545721054,0.967972092676127,0.06303300661773859,0.2371001942464723
mlp_delta_strong,outer_train_oof,C_environment_only_h2s_candidate_relative_dynamic_occupancy_nonzero_fraction,2.0,candidate_relative_dynamic_occupancy,nonzero_fraction,4848,0.03178119286894798,0.020958753302693367,0.027320293709635735,0.8596388519199333,0.2610238483268573,0.6988592392067728
mlp_delta_strong,outer_train_oof,C_environment_only_h2s_relative_longitudinal_velocity_mean,2.0,relative_longitudinal_velocity,mean,4848,0.008016828447580338,0.005775134079158306,0.007781981490552425,0.9707064290674788,0.057730307507621426,0.3159488921556383
mlp_delta_strong,outer_train_oof,C_environment_only_h2s_relative_longitudinal_velocity_std,2.0,relative_longitudinal_velocity,std,4848,0.03241511806845665,0.023344652727246284,0.029377220198512077,0.9062812414919997,0.1786539703205936,0.534888895055075
mlp_delta_strong,outer_train_oof,C_environment_only_h2s_relative_longitudinal_velocity_min,2.0,relative_longitudinal_velocity,min,4848,0.19978143274784088,0.13508591055870056,0.19705753028392792,0.9863571269808357,0.02708295573031161,0.18750467102782375
mlp_delta_strong,outer_train_oof,C_environment_only_h2s_relative_longitudinal_velocity_max,2.0,relative_longitudinal_velocity,max,4848,0.2417716383934021,0.19337910413742065,0.2311885505914688,0.9562246865311668,0.08563002039319756,0.4025160946050795
mlp_delta_strong,outer_train_oof,C_environment_only_h2s_relative_longitudinal_velocity_q10,2.0,relative_longitudinal_velocity,q10,4848,0.011281761340796947,0.002630681963637471,0.011327925138175488,1.0041098006246427,-0.008200583619052626,-0.004258240996201758
mlp_delta_strong,outer_train_oof,C_environment_only_h2s_relative_longitudinal_velocity_q90,2.0,relative_longitudinal_velocity,q90,4848,0.004770723171532154,0.0006537233130075037,0.004775477107614279,1.0009909120519678,-0.0019940191824328046,0.023761230447702487
mlp_delta_strong,outer_train_oof,C_environment_only_h2s_relative_longitudinal_velocity_nonzero_fraction,2.0,relative_longitudinal_velocity,nonzero_fraction,4848,0.03167300671339035,0.02034282498061657,0.027015667408704758,0.8529559685698471,0.27246695086133965,0.6745445483834985
mlp_delta_strong,outer_train_oof,C_environment_only_h2s_relative_lateral_velocity_mean,2.0,relative_lateral_velocity,mean,4848,0.011464402079582214,0.007632390130311251,0.01147963386029005,1.001328696704993,-0.0026589260836160644,0.0925739195164303
mlp_delta_strong,outer_train_oof,C_environment_only_h2s_relative_lateral_velocity_std,2.0,relative_lateral_velocity,std,4848,0.033335138112306595,0.02022269181907177,0.025381969287991524,0.7614170020080813,0.4202428230595312,0.6375794515415122
mlp_delta_strong,outer_train_oof,C_environment_only_h2s_relative_lateral_velocity_min,2.0,relative_lateral_velocity,min,4848,0.18297582864761353,0.1404537856578827,0.1780831664800644,0.9732617982235936,0.05276397221409035,0.07947674258244335
mlp_delta_strong,outer_train_oof,C_environment_only_h2s_relative_lateral_velocity_max,2.0,relative_lateral_velocity,max,4848,0.16851277649402618,0.1233905479311943,0.15860743820667267,0.9412283884399725,0.11410665280062271,0.11251397996110121
mlp_delta_strong,outer_train_oof,C_environment_only_h2s_relative_lateral_velocity_q10,2.0,relative_lateral_velocity,q10,4848,0.03758499026298523,0.011373109184205532,0.0380101315677166,1.0113276035850194,-0.022750852248496045,-0.08884341114076928
mlp_delta_strong,outer_train_oof,C_environment_only_h2s_relative_lateral_velocity_q90,2.0,relative_lateral_velocity,q90,4848,0.022521670907735825,0.005139798391610384,0.02250055968761444,0.9990908856322216,0.0018741260755925637,0.09590084179048462
mlp_delta_strong,outer_train_oof,C_environment_only_h2s_relative_lateral_velocity_nonzero_fraction,2.0,relative_lateral_velocity,nonzero_fraction,4848,0.03160708770155907,0.019908374175429344,0.026442835107445717,0.836612312714709,0.3000822853130134,0.6679064958181682
mlp_delta_strong,outer_train_oof,C_environment_only_h2s_dynamic_clearance_mean,2.0,dynamic_clearance,mean,4848,0.20804175734519958,0.13981503248214722,0.1841708868741989,0.8852589809797693,0.21631601849875903,0.7309663230388612
mlp_delta_strong,outer_train_oof,C_environment_only_h2s_dynamic_clearance_std,2.0,dynamic_clearance,std,4848,0.07260774821043015,0.05509687960147858,0.07108449190855026,0.9790202449356876,0.04151850964441339,0.32157646138563983
mlp_delta_strong,outer_train_oof,C_environment_only_h2s_dynamic_clearance_min,2.0,dynamic_clearance,min,4848,0.17897330224514008,0.07324910908937454,0.1778111457824707,0.9934776693849428,0.012944712075776188,0.20529027206742415
mlp_delta_strong,outer_train_oof,C_environment_only_h2s_dynamic_clearance_max,2.0,dynamic_clearance,max,4848,0.17271603643894196,0.1366688460111618,0.15839038789272308,0.9170423977933833,0.15900709299290727,0.5438914893531233
mlp_delta_strong,outer_train_oof,C_environment_only_h2s_dynamic_clearance_q10,2.0,dynamic_clearance,q10,4848,0.19408826529979706,0.10489672422409058,0.18447647988796234,0.9504787054886582,0.09659294079403524,0.6369134376448204
mlp_delta_strong,outer_train_oof,C_environment_only_h2s_dynamic_clearance_q90,2.0,dynamic_clearance,q90,4848,0.23454353213310242,0.18038205802440643,0.20598506927490234,0.8782353240152477,0.22869789273799446,0.6384716270247716
mlp_delta_strong,outer_train_oof,C_environment_only_h2s_dynamic_clearance_nonzero_fraction,2.0,dynamic_clearance,nonzero_fraction,4848,0.03145839273929596,0.021066321060061455,0.02746625244617462,0.8730949751763706,0.2377001915452509,0.6843421211388757
mlp_delta_strong,outer_train_oof,C_environment_only_h2s_dynamic_collision_field_mean,2.0,dynamic_collision_field,mean,4848,0.1628625988960266,0.11402183026075363,0.1440553367137909,0.8845196278671273,0.21762322549968205,0.711799209813315
mlp_delta_strong,outer_train_oof,C_environment_only_h2s_dynamic_collision_field_std,2.0,dynamic_collision_field,std,4848,0.1345376819372177,0.0898360088467598,0.12052380293607712,0.8958369722048731,0.19747646379908246,0.678891396894893
mlp_delta_strong,outer_train_oof,C_environment_only_h2s_dynamic_collision_field_min,2.0,dynamic_collision_field,min,4848,0.0,0.0,0.0,0.0,,
mlp_delta_strong,outer_train_oof,C_environment_only_h2s_dynamic_collision_field_max,2.0,dynamic_collision_field,max,4848,0.23406146466732025,0.10651669651269913,0.22654087841510773,0.9678564891784689,0.0632291764494467,0.2538984275067795
mlp_delta_strong,outer_train_oof,C_environment_only_h2s_dynamic_collision_field_q10,2.0,dynamic_collision_field,q10,4848,0.0,0.0,0.0,0.0,,
mlp_delta_strong,outer_train_oof,C_environment_only_h2s_dynamic_collision_field_q90,2.0,dynamic_collision_field,q90,4848,0.420756459236145,0.3131828308105469,0.3777427077293396,0.8977918610740246,0.19400820376793604,0.5262271164222639
mlp_delta_strong,outer_train_oof,C_environment_only_h2s_dynamic_collision_field_nonzero_fraction,2.0,dynamic_collision_field,nonzero_fraction,4848,0.1628625988960266,0.11480367928743362,0.14524397253990173,0.8918180157128339,0.20465872103181215,0.6868007178439693
mlp_delta_strong,outer_train_oof,C_environment_only_h4s_candidate_relative_dynamic_occupancy_mean,4.0,candidate_relative_dynamic_occupancy,mean,4848,0.032194457948207855,0.019503507763147354,0.02558165229856968,0.794598196370988,0.3686140892011621,0.7017191405109149
mlp_delta_strong,outer_train_oof,C_environment_only_h4s_candidate_relative_dynamic_occupancy_std,4.0,candidate_relative_dynamic_occupancy,std,4848,0.08048789203166962,0.04846099019050598,0.06134374067187309,0.7621499499578076,0.4191294303849238,0.7308661203909015
mlp_delta_strong,outer_train_oof,C_environment_only_h4s_candidate_relative_dynamic_occupancy_min,4.0,candidate_relative_dynamic_occupancy,min,4848,0.0,0.0,0.0,0.0,,
mlp_delta_strong,outer_train_oof,C_environment_only_h4s_candidate_relative_dynamic_occupancy_max,4.0,candidate_relative_dynamic_occupancy,max,4848,0.18498599529266357,0.06504250317811966,0.18402886390686035,0.9948762531848206,0.01032136618675561,0.09470127524444553
mlp_delta_strong,outer_train_oof,C_environment_only_h4s_candidate_relative_dynamic_occupancy_q10,4.0,candidate_relative_dynamic_occupancy,q10,4848,0.0,0.0,0.0,0.0,,
mlp_delta_strong,outer_train_oof,C_environment_only_h4s_candidate_relative_dynamic_occupancy_q90,4.0,candidate_relative_dynamic_occupancy,q90,4848,0.23238010704517365,0.09955118596553802,0.2211010754108429,0.9514600784247942,0.09471837562273122,0.29313209695147063
mlp_delta_strong,outer_train_oof,C_environment_only_h4s_candidate_relative_dynamic_occupancy_nonzero_fraction,4.0,candidate_relative_dynamic_occupancy,nonzero_fraction,4848,0.032194457948207855,0.019539309665560722,0.0252683162689209,0.784865586408539,0.38398639564360293,0.69465187169549
mlp_delta_strong,outer_train_oof,C_environment_only_h4s_relative_longitudinal_velocity_mean,4.0,relative_longitudinal_velocity,mean,4848,0.008333872072398663,0.005709737539291382,0.007933825254440308,0.9519973787574756,0.09370054485295576,0.35631353541147787
mlp_delta_strong,outer_train_oof,C_environment_only_h4s_relative_longitudinal_velocity_std,4.0,relative_longitudinal_velocity,std,4848,0.03437187522649765,0.024218184873461723,0.030668243765830994,0.8922483923704304,0.20389311283422118,0.526516773176953
mlp_delta_strong,outer_train_oof,C_environment_only_h4s_relative_longitudinal_velocity_min,4.0,relative_longitudinal_velocity,min,4848,0.2097311168909073,0.14451803267002106,0.20851556956768036,0.9941895662707526,0.011558046027774327,-0.01747530298392826
mlp_delta_strong,outer_train_oof,C_environment_only_h4s_relative_longitudinal_velocity_max,4.0,relative_longitudinal_velocity,max,4848,0.2535351514816284,0.2087756097316742,0.2448139637708664,0.9656034785544312,0.06761353014927807,0.31905378384836136
mlp_delta_strong,outer_train_oof,C_environment_only_h4s_relative_longitudinal_velocity_q10,4.0,relative_longitudinal_velocity,q10,4848,0.008454516530036926,0.0017748374957591295,0.008442808873951435,0.9986288594516496,0.0027676796815718774,0.09845737016295182
mlp_delta_strong,outer_train_oof,C_environment_only_h4s_relative_longitudinal_velocity_q90,4.0,relative_longitudinal_velocity,q90,4848,0.0027066406328231096,0.0003334330685902387,0.0027112511452287436,1.001692809049694,-0.0034096437149082615,0.013269739778368948
mlp_delta_strong,outer_train_oof,C_environment_only_h4s_relative_longitudinal_velocity_nonzero_fraction,4.0,relative_longitudinal_velocity,nonzero_fraction,4848,0.031341079622507095,0.019933881238102913,0.02581990882754326,0.8238367564482271,0.32129431782599704,0.6466575328016558
mlp_delta_strong,outer_train_oof,C_environment_only_h4s_relative_lateral_velocity_mean,4.0,relative_lateral_velocity,mean,4848,0.010765204206109047,0.006981805432587862,0.010939964093267918,1.0162335097866582,-0.03273082713331865,0.051606232507465696
mlp_delta_strong,outer_train_oof,C_environment_only_h4s_relative_lateral_velocity_std,4.0,relative_lateral_velocity,std,4848,0.03236042708158493,0.02069145254790783,0.02683880180120468,0.8293710627965601,0.31214354920655285,0.6163079701176537
mlp_delta_strong,outer_train_oof,C_environment_only_h4s_relative_lateral_velocity_min,4.0,relative_lateral_velocity,min,4848,0.17832651734352112,0.13810686767101288,0.17780734598636627,0.997087647658595,0.005814181122069995,0.0500798537581355
mlp_delta_strong,outer_train_oof,C_environment_only_h4s_relative_lateral_velocity_max,4.0,relative_lateral_velocity,max,4848,0.15933001041412354,0.11049775779247284,0.14855894446372986,0.9323898225558419,0.1306343522020884,0.194919039457765
mlp_delta_strong,outer_train_oof,C_environment_only_h4s_relative_lateral_velocity_q10,4.0,relative_lateral_velocity,q10,4848,0.028037777170538902,0.0069404467940330505,0.028020499274134636,0.9993910005196459,0.0012322412987042508,0.17218635132126822
mlp_delta_strong,outer_train_oof,C_environment_only_h4s_relative_lateral_velocity_q90,4.0,relative_lateral_velocity,q90,4848,0.017040928825736046,0.003932746592909098,0.01701357215642929,0.9984219320942197,0.003208208690037795,0.10437268737427793
mlp_delta_strong,outer_train_oof,C_environment_only_h4s_relative_lateral_velocity_nonzero_fraction,4.0,relative_lateral_velocity,nonzero_fraction,4848,0.0321391262114048,0.02076227031648159,0.026684168726205826,0.8302697405871068,0.31065078055400064,0.6749078518427802
mlp_delta_strong,outer_train_oof,C_environment_only_h4s_dynamic_clearance_mean,4.0,dynamic_clearance,mean,4848,0.21400496363639832,0.1324438750743866,0.17597852647304535,0.8223099745091769,0.3238053814225923,0.717661368483457
mlp_delta_strong,outer_train_oof,C_environment_only_h4s_dynamic_clearance_std,4.0,dynamic_clearance,std,4848,0.07157489657402039,0.05363161116838455,0.06955181062221527,0.9717344973082109,0.05573169493134267,0.32386662445515013
mlp_delta_strong,outer_train_oof,C_environment_only_h4s_dynamic_clearance_min,4.0,dynamic_clearance,min,4848,0.18744835257530212,0.07350337505340576,0.1846160739660263,0.9848930140772876,0.02999079980752961,0.25961812399872386
mlp_delta_strong,outer_train_oof,C_environment_only_h4s_dynamic_clearance_max,4.0,dynamic_clearance,max,4848,0.17284712195396423,0.13278669118881226,0.15346768498420715,0.8878858772581016,0.21166744437175078,0.5674693941339866
mlp_delta_strong,outer_train_oof,C_environment_only_h4s_dynamic_clearance_q10,4.0,dynamic_clearance,q10,4848,0.20169934630393982,0.10326240956783295,0.1839136779308319,0.9118235868890837,0.1685827426942319,0.6673608283728626
mlp_delta_strong,outer_train_oof,C_environment_only_h4s_dynamic_clearance_q90,4.0,dynamic_clearance,q90,4848,0.23372571170330048,0.16606205701828003,0.19069471955299377,0.8158940807748342,0.3343217236194512,0.6450391588465478
mlp_delta_strong,outer_train_oof,C_environment_only_h4s_dynamic_clearance_nonzero_fraction,4.0,dynamic_clearance,nonzero_fraction,4848,0.032049596309661865,0.01911846548318863,0.02533055655658245,0.7903575975457559,0.3753390828294164,0.7075195539209622
mlp_delta_strong,outer_train_oof,C_environment_only_h4s_dynamic_collision_field_mean,4.0,dynamic_collision_field,mean,4848,0.16363193094730377,0.1055249348282814,0.1306641697883606,0.7985259088333186,0.36235799916272615,0.7238026497899297
mlp_delta_strong,outer_train_oof,C_environment_only_h4s_dynamic_collision_field_std,4.0,dynamic_collision_field,std,4848,0.1362357884645462,0.08092591911554337,0.11221900582313538,0.8237107469736036,0.3214991463240702,0.720307073090636
mlp_delta_strong,outer_train_oof,C_environment_only_h4s_dynamic_collision_field_min,4.0,dynamic_collision_field,min,4848,0.0,0.0,0.0,0.0,,
mlp_delta_strong,outer_train_oof,C_environment_only_h4s_dynamic_collision_field_max,4.0,dynamic_collision_field,max,4848,0.23406146466732025,0.10468649864196777,0.22414563596248627,0.9576204281540486,0.08293361118551068,0.29234027898288983
mlp_delta_strong,outer_train_oof,C_environment_only_h4s_dynamic_collision_field_q10,4.0,dynamic_collision_field,q10,4848,0.0,0.0,0.0,0.0,,
mlp_delta_strong,outer_train_oof,C_environment_only_h4s_dynamic_collision_field_q90,4.0,dynamic_collision_field,q90,4848,0.4138263761997223,0.2861524522304535,0.36480146646499634,0.8815226301677814,0.222900211622869,0.47630147599685385
mlp_delta_strong,outer_train_oof,C_environment_only_h4s_dynamic_collision_field_nonzero_fraction,4.0,dynamic_collision_field,nonzero_fraction,4848,0.16363193094730377,0.10247468203306198,0.12771198153495789,0.7804842466705867,0.39084592501651205,0.7217555034973535
mlp_delta_strong,outer_validation,C_environment_only_h1s_candidate_relative_dynamic_occupancy_mean,1.0,candidate_relative_dynamic_occupancy,mean,1152,0.03264091908931732,0.023794595152139664,0.03017825447022915,0.9580095586746616,0.14520202167149487,0.7289964349991537
mlp_delta_strong,outer_validation,C_environment_only_h1s_candidate_relative_dynamic_occupancy_std,1.0,candidate_relative_dynamic_occupancy,std,1152,0.08020417392253876,0.06044894456863403,0.07454708218574524,0.9627359044740411,0.13609217639852422,0.611546477497771
mlp_delta_strong,outer_validation,C_environment_only_h1s_candidate_relative_dynamic_occupancy_min,1.0,candidate_relative_dynamic_occupancy,min,1152,0.0,0.0,0.0,0.0,,
mlp_delta_strong,outer_validation,C_environment_only_h1s_candidate_relative_dynamic_occupancy_max,1.0,candidate_relative_dynamic_occupancy,max,1152,0.222195103764534,0.0719127506017685,0.21351033449172974,1.3742509011533361,0.07664474270519794,0.3467329070280613
mlp_delta_strong,outer_validation,C_environment_only_h1s_candidate_relative_dynamic_occupancy_q10,1.0,candidate_relative_dynamic_occupancy,q10,1152,0.0,0.0,0.0,0.0,,
mlp_delta_strong,outer_validation,C_environment_only_h1s_candidate_relative_dynamic_occupancy_q90,1.0,candidate_relative_dynamic_occupancy,q90,1152,0.24433688819408417,0.09061376750469208,0.24225832521915436,1.135531619846895,0.016941477585214915,0.2912992042360398
mlp_delta_strong,outer_validation,C_environment_only_h1s_candidate_relative_dynamic_occupancy_nonzero_fraction,1.0,candidate_relative_dynamic_occupancy,nonzero_fraction,1152,0.03264091908931732,0.021996518597006798,0.028868386521935463,0.9164277628718314,0.21779552534646363,0.7229472642719236
mlp_delta_strong,outer_validation,C_environment_only_h1s_relative_longitudinal_velocity_mean,1.0,relative_longitudinal_velocity,mean,1152,0.007054738234728575,0.005544504150748253,0.006972283590584993,0.8670511344151582,0.02323897931517538,0.20611646449524512
mlp_delta_strong,outer_validation,C_environment_only_h1s_relative_longitudinal_velocity_std,1.0,relative_longitudinal_velocity,std,1152,0.030691443011164665,0.02375354990363121,0.028637047857046127,0.8861422558681917,0.12939357824816444,0.6033188813571312
mlp_delta_strong,outer_validation,C_environment_only_h1s_relative_longitudinal_velocity_min,1.0,relative_longitudinal_velocity,min,1152,0.18707582354545593,0.12836769223213196,0.1890878528356552,0.9655646570645413,-0.021625982227237772,-0.09321523751932694
mlp_delta_strong,outer_validation,C_environment_only_h1s_relative_longitudinal_velocity_max,1.0,relative_longitudinal_velocity,max,1152,0.24300126731395721,0.1895415186882019,0.23569972813129425,0.9633783194973867,0.059191729573605856,0.45658711132425683
mlp_delta_strong,outer_validation,C_environment_only_h1s_relative_longitudinal_velocity_q10,1.0,relative_longitudinal_velocity,q10,1152,0.00021311255113687366,0.0018938365392386913,0.0028700977563858032,0.2224590888872238,-180.37409575494436,0.17084905595871952
mlp_delta_strong,outer_validation,C_environment_only_h1s_relative_longitudinal_velocity_q90,1.0,relative_longitudinal_velocity,q90,1152,0.0010043168440461159,0.0007743500173091888,0.0012913997052237391,0.14812866074000988,-0.6534074592482413,0.24477554539752147
mlp_delta_strong,outer_validation,C_environment_only_h1s_relative_longitudinal_velocity_nonzero_fraction,1.0,relative_longitudinal_velocity,nonzero_fraction,1152,0.03233325481414795,0.023397501558065414,0.030647989362478256,0.9833538193557742,0.10152668655334385,0.41434905195792976
mlp_delta_strong,outer_validation,C_environment_only_h1s_relative_lateral_velocity_mean,1.0,relative_lateral_velocity,mean,1152,0.008993242867290974,0.006430265959352255,0.009581777267158031,0.8222056760282571,-0.1351663644805443,-0.006224555128955796
mlp_delta_strong,outer_validation,C_environment_only_h1s_relative_lateral_velocity_std,1.0,relative_lateral_velocity,std,1152,0.027843071147799492,0.017068784683942795,0.021322334185242653,0.6296955394218261,0.4135443484110334,0.616487517070595
mlp_delta_strong,outer_validation,C_environment_only_h1s_relative_lateral_velocity_min,1.0,relative_lateral_velocity,min,1152,0.14272856712341309,0.12459421157836914,0.14757868647575378,0.7994873962027764,-0.06911741955805883,-0.16479848808944725
mlp_delta_strong,outer_validation,C_environment_only_h1s_relative_lateral_velocity_max,1.0,relative_lateral_velocity,max,1152,0.17532522976398468,0.13161490857601166,0.16085311770439148,0.9170331088381247,0.15827523208882543,0.3038911094518722
mlp_delta_strong,outer_validation,C_environment_only_h1s_relative_lateral_velocity_q10,1.0,relative_lateral_velocity,q10,1152,0.0199850145727396,0.008620289154350758,0.019533740356564522,0.5485423303695479,0.044651307697688325,0.274941910233972
mlp_delta_strong,outer_validation,C_environment_only_h1s_relative_lateral_velocity_q90,1.0,relative_lateral_velocity,q90,1152,0.03214307129383087,0.006071960087865591,0.03250417858362198,1.645694047074991,-0.022595089154064496,0.0695895324673853
mlp_delta_strong,outer_validation,C_environment_only_h1s_relative_lateral_velocity_nonzero_fraction,1.0,relative_lateral_velocity,nonzero_fraction,1152,0.03269132971763611,0.023589132353663445,0.029686547815799713,0.9461530470071339,0.1753794956069481,0.6480594571800624
mlp_delta_strong,outer_validation,C_environment_only_h1s_dynamic_clearance_mean,1.0,dynamic_clearance,mean,1152,0.21052035689353943,0.1458606719970703,0.19430342316627502,0.9388966417342743,0.14813118065773567,0.6383979579030082
mlp_delta_strong,outer_validation,C_environment_only_h1s_dynamic_clearance_std,1.0,dynamic_clearance,std,1152,0.08216016739606857,0.06577260047197342,0.08286840468645096,1.1510594594214199,-0.017314589755521137,0.27286271198726425
mlp_delta_strong,outer_validation,C_environment_only_h1s_dynamic_clearance_min,1.0,dynamic_clearance,min,1152,0.22214271128177643,0.07831761240959167,0.22259201109409332,1.3833133184598498,-0.004049083030673417,0.18125396003608732
mlp_delta_strong,outer_validation,C_environment_only_h1s_dynamic_clearance_max,1.0,dynamic_clearance,max,1152,0.15589360892772675,0.13764330744743347,0.15136486291885376,0.8722009164789678,0.05725652395364755,0.41868505580659887
mlp_delta_strong,outer_validation,C_environment_only_h1s_dynamic_clearance_q10,1.0,dynamic_clearance,q10,1152,0.21662549674510956,0.11727041751146317,0.21190480887889862,1.1321016421841017,0.04310900785597094,0.41235170181828207
mlp_delta_strong,outer_validation,C_environment_only_h1s_dynamic_clearance_q90,1.0,dynamic_clearance,q90,1152,0.2349930852651596,0.19440868496894836,0.22145633399486542,0.9345948851628672,0.11189138096664775,0.5361344656108241
mlp_delta_strong,outer_validation,C_environment_only_h1s_dynamic_clearance_nonzero_fraction,1.0,dynamic_clearance,nonzero_fraction,1152,0.03187321871519089,0.021804362535476685,0.02863542176783085,0.9201849285284397,0.19284813424697556,0.6928474130661226
mlp_delta_strong,outer_validation,C_environment_only_h1s_dynamic_collision_field_mean,1.0,dynamic_collision_field,mean,1152,0.16415919363498688,0.1264185607433319,0.15387389063835144,0.9589865537783857,0.1213833841078995,0.6801828922110086
mlp_delta_strong,outer_validation,C_environment_only_h1s_dynamic_collision_field_std,1.0,dynamic_collision_field,std,1152,0.12574522197246552,0.08912188559770584,0.11649534851312637,0.8745629629762213,0.14170963368384182,0.696261155259939
mlp_delta_strong,outer_validation,C_environment_only_h1s_dynamic_collision_field_min,1.0,dynamic_collision_field,min,1152,0.0,0.0,0.0,0.0,,
mlp_delta_strong,outer_validation,C_environment_only_h1s_dynamic_collision_field_max,1.0,dynamic_collision_field,max,1152,0.222195103764534,0.10933846235275269,0.2165885716676712,0.937949244052949,0.04982819306769293,0.3450875175901216
mlp_delta_strong,outer_validation,C_environment_only_h1s_dynamic_collision_field_q10,1.0,dynamic_collision_field,q10,1152,0.0,0.0,0.0,0.0,,
mlp_delta_strong,outer_validation,C_environment_only_h1s_dynamic_collision_field_q90,1.0,dynamic_collision_field,q90,1152,0.4394038915634155,0.33347150683403015,0.4056435525417328,0.9763482395102456,0.14776109244476332,0.5005890888372304
mlp_delta_strong,outer_validation,C_environment_only_h1s_dynamic_collision_field_nonzero_fraction,1.0,dynamic_collision_field,nonzero_fraction,1152,0.16415919363498688,0.12472091615200043,0.15055544674396515,0.9383050524464679,0.15887108320136245,0.7264343076941333
mlp_delta_strong,outer_validation,C_environment_only_h2s_candidate_relative_dynamic_occupancy_mean,2.0,candidate_relative_dynamic_occupancy,mean,1152,0.03435030207037926,0.02288134954869747,0.029211826622486115,0.9191563373047252,0.2768034861130265,0.7439483997475439
mlp_delta_strong,outer_validation,C_environment_only_h2s_candidate_relative_dynamic_occupancy_std,2.0,candidate_relative_dynamic_occupancy,std,1152,0.08264227211475372,0.05710923671722412,0.06916122138500214,0.8751349211534403,0.2996408605318722,0.7100009555922232
mlp_delta_strong,outer_validation,C_environment_only_h2s_candidate_relative_dynamic_occupancy_min,2.0,candidate_relative_dynamic_occupancy,min,1152,0.0,0.0,0.0,0.0,,
mlp_delta_strong,outer_validation,C_environment_only_h2s_candidate_relative_dynamic_occupancy_max,2.0,candidate_relative_dynamic_occupancy,max,1152,0.21686625480651855,0.07882833480834961,0.2141565978527069,1.2135100652950181,0.02483317489548964,0.22022860498933472
mlp_delta_strong,outer_validation,C_environment_only_h2s_candidate_relative_dynamic_occupancy_q10,2.0,candidate_relative_dynamic_occupancy,q10,1152,0.0,0.0,0.0,0.0,,
mlp_delta_strong,outer_validation,C_environment_only_h2s_candidate_relative_dynamic_occupancy_q90,2.0,candidate_relative_dynamic_occupancy,q90,1152,0.2556729316711426,0.1243639811873436,0.24287870526313782,1.0291554325624466,0.09757869623056303,0.3897701320313987
mlp_delta_strong,outer_validation,C_environment_only_h2s_candidate_relative_dynamic_occupancy_nonzero_fraction,2.0,candidate_relative_dynamic_occupancy,nonzero_fraction,1152,0.03435030207037926,0.02272891253232956,0.029172703623771667,0.9179253238296874,0.2787393570478077,0.7075659615533741
mlp_delta_strong,outer_validation,C_environment_only_h2s_relative_longitudinal_velocity_mean,2.0,relative_longitudinal_velocity,mean,1152,0.00701083242893219,0.0053168293088674545,0.006778035778552294,0.8454765556404636,0.06530802629112542,0.2770485611153346
mlp_delta_strong,outer_validation,C_environment_only_h2s_relative_longitudinal_velocity_std,2.0,relative_longitudinal_velocity,std,1152,0.029455073177814484,0.022484075278043747,0.026924418285489082,0.8306128035714839,0.16444998426250335,0.5717775690777166
mlp_delta_strong,outer_validation,C_environment_only_h2s_relative_longitudinal_velocity_min,2.0,relative_longitudinal_velocity,min,1152,0.18221241235733032,0.1343955248594284,0.18413163721561432,0.9216575099088402,-0.0211767121300388,-0.14263717090505795
mlp_delta_strong,outer_validation,C_environment_only_h2s_relative_longitudinal_velocity_max,2.0,relative_longitudinal_velocity,max,1152,0.24294330179691315,0.1904546171426773,0.23213571310043335,0.9601422688288695,0.08699309971775038,0.5554052258709301
mlp_delta_strong,outer_validation,C_environment_only_h2s_relative_longitudinal_velocity_q10,2.0,relative_longitudinal_velocity,q10,1152,0.0002507907338440418,0.0019907308742403984,0.002181264339014888,0.19334775555469885,-74.64732434000639,0.16838549849709553
mlp_delta_strong,outer_validation,C_environment_only_h2s_relative_longitudinal_velocity_q90,2.0,relative_longitudinal_velocity,q90,1152,0.0014495756477117538,0.00044021743815392256,0.0014223785838112235,0.29814571482757574,0.03717190470680365,0.25213140382480403
mlp_delta_strong,outer_validation,C_environment_only_h2s_relative_longitudinal_velocity_nonzero_fraction,2.0,relative_longitudinal_velocity,nonzero_fraction,1152,0.03408711031079292,0.020771125331521034,0.026949677616357803,0.8508724965461694,0.3749327819392303,0.7383442158601062
mlp_delta_strong,outer_validation,C_environment_only_h2s_relative_lateral_velocity_mean,2.0,relative_lateral_velocity,mean,1152,0.008394180797040462,0.005539191886782646,0.008456969633698463,0.7376721665904267,-0.015015948958710723,0.013056963157699202
mlp_delta_strong,outer_validation,C_environment_only_h2s_relative_lateral_velocity_std,2.0,relative_lateral_velocity,std,1152,0.027259163558483124,0.016925599426031113,0.020598819479346275,0.6179304369535231,0.4289690907265108,0.7349961011958682
mlp_delta_strong,outer_validation,C_environment_only_h2s_relative_lateral_velocity_min,2.0,relative_lateral_velocity,min,1152,0.14026707410812378,0.12074311822652817,0.14134903252124786,0.7725020634344753,-0.015486651405552943,-0.10817634170355757
mlp_delta_strong,outer_validation,C_environment_only_h2s_relative_lateral_velocity_max,2.0,relative_lateral_velocity,max,1152,0.19501765072345734,0.13311417400836945,0.1826859563589096,1.0841181866278808,0.12246902339004528,0.23581651395618242
mlp_delta_strong,outer_validation,C_environment_only_h2s_relative_lateral_velocity_q10,2.0,relative_lateral_velocity,q10,1152,0.023949746042490005,0.009779589250683784,0.02444915659725666,0.6505135849668892,-0.04213960538731221,-0.14744880482764247
mlp_delta_strong,outer_validation,C_environment_only_h2s_relative_lateral_velocity_q90,2.0,relative_lateral_velocity,q90,1152,0.024217581376433372,0.006326133385300636,0.023773495107889175,1.0556129541519201,0.036338425412882236,0.19910531335310208
mlp_delta_strong,outer_validation,C_environment_only_h2s_relative_lateral_velocity_nonzero_fraction,2.0,relative_lateral_velocity,nonzero_fraction,1152,0.03433571010828018,0.022467272356152534,0.02892412059009075,0.9151165267184704,0.2903760798305479,0.7249622525805771
mlp_delta_strong,outer_validation,C_environment_only_h2s_dynamic_clearance_mean,2.0,dynamic_clearance,mean,1152,0.21284474432468414,0.14906902611255646,0.19192223250865936,0.9225175751802284,0.18693597482961943,0.6776006989456482
mlp_delta_strong,outer_validation,C_environment_only_h2s_dynamic_clearance_std,2.0,dynamic_clearance,std,1152,0.08222565799951553,0.06449513137340546,0.0814545527100563,1.1218432319656793,0.018667642061205303,0.35285713065202173
mlp_delta_strong,outer_validation,C_environment_only_h2s_dynamic_clearance_min,2.0,dynamic_clearance,min,1152,0.21747174859046936,0.09225768595933914,0.2121928632259369,1.1855773736238082,0.04795848737361785,0.4294926269351621
mlp_delta_strong,outer_validation,C_environment_only_h2s_dynamic_clearance_max,2.0,dynamic_clearance,max,1152,0.1569640338420868,0.1225430965423584,0.13887614011764526,0.8040595785145265,0.21719245025965705,0.5956677623018829
mlp_delta_strong,outer_validation,C_environment_only_h2s_dynamic_clearance_q10,2.0,dynamic_clearance,q10,1152,0.21465392410755157,0.10729262232780457,0.2048356980085373,1.0553755644039937,0.08938745948969751,0.6189693204479348
mlp_delta_strong,outer_validation,C_environment_only_h2s_dynamic_clearance_q90,2.0,dynamic_clearance,q90,1152,0.24054551124572754,0.1932736039161682,0.21652591228485107,0.9231771283354511,0.18973846340476175,0.6523379506114578
mlp_delta_strong,outer_validation,C_environment_only_h2s_dynamic_clearance_nonzero_fraction,2.0,dynamic_clearance,nonzero_fraction,1152,0.03366364166140556,0.02223990298807621,0.028797782957553864,0.9154215576272341,0.268194045453793,0.7635429260374776
mlp_delta_strong,outer_validation,C_environment_only_h2s_dynamic_collision_field_mean,2.0,dynamic_collision_field,mean,1152,0.16839104890823364,0.12190696597099304,0.14699256420135498,0.9025546095868471,0.23800399212422363,0.7346388569863633
mlp_delta_strong,outer_validation,C_environment_only_h2s_dynamic_collision_field_std,2.0,dynamic_collision_field,std,1152,0.13005603849887848,0.08812467008829117,0.11421716213226318,0.8489605721507788,0.2287383528853426,0.6611044702398633
mlp_delta_strong,outer_validation,C_environment_only_h2s_dynamic_collision_field_min,2.0,dynamic_collision_field,min,1152,0.0,0.0,0.0,0.0,,
mlp_delta_strong,outer_validation,C_environment_only_h2s_dynamic_collision_field_max,2.0,dynamic_collision_field,max,1152,0.23073792457580566,0.0937938317656517,0.21935684978961945,0.9371639767618709,0.09621635381811311,0.3538866628798662
mlp_delta_strong,outer_validation,C_environment_only_h2s_dynamic_collision_field_q10,2.0,dynamic_collision_field,q10,1152,0.0,0.0,0.0,0.0,,
mlp_delta_strong,outer_validation,C_environment_only_h2s_dynamic_collision_field_q90,2.0,dynamic_collision_field,q90,1152,0.4465286433696747,0.34416383504867554,0.42767149209976196,1.0164590261148483,0.08267763507397052,0.3949443973357574
mlp_delta_strong,outer_validation,C_environment_only_h2s_dynamic_collision_field_nonzero_fraction,2.0,dynamic_collision_field,nonzero_fraction,1152,0.16839104890823364,0.11832953989505768,0.14261606335639954,0.8756822910247708,0.2827031783262862,0.7403491115228882
mlp_delta_strong,outer_validation,C_environment_only_h4s_candidate_relative_dynamic_occupancy_mean,4.0,candidate_relative_dynamic_occupancy,mean,1152,0.03354286402463913,0.020239289849996567,0.02583380416035652,0.8024303493628655,0.4068337820889303,0.7214565755666272
mlp_delta_strong,outer_validation,C_environment_only_h4s_candidate_relative_dynamic_occupancy_std,4.0,candidate_relative_dynamic_occupancy,std,1152,0.0803615152835846,0.04536379873752594,0.05596018582582474,0.6952633204244348,0.5150889872947376,0.744079394077931
mlp_delta_strong,outer_validation,C_environment_only_h4s_candidate_relative_dynamic_occupancy_min,4.0,candidate_relative_dynamic_occupancy,min,1152,0.0,0.0,0.0,0.0,,
mlp_delta_strong,outer_validation,C_environment_only_h4s_candidate_relative_dynamic_occupancy_max,4.0,candidate_relative_dynamic_occupancy,max,1152,0.19374370574951172,0.06160889193415642,0.19266480207443237,1.0415628958369114,0.01110627402204789,0.15752466995388953
mlp_delta_strong,outer_validation,C_environment_only_h4s_candidate_relative_dynamic_occupancy_q10,4.0,candidate_relative_dynamic_occupancy,q10,1152,0.0,0.0,0.0,0.0,,
mlp_delta_strong,outer_validation,C_environment_only_h4s_candidate_relative_dynamic_occupancy_q90,4.0,candidate_relative_dynamic_occupancy,q90,1152,0.26686546206474304,0.11240596324205399,0.24339960515499115,1.0474169199720444,0.16813083430119624,0.40840181679352666
mlp_delta_strong,outer_validation,C_environment_only_h4s_candidate_relative_dynamic_occupancy_nonzero_fraction,4.0,candidate_relative_dynamic_occupancy,nonzero_fraction,1152,0.03354286402463913,0.02101392298936844,0.02652873285114765,0.8240157058466592,0.37449215869237573,0.6652419235625879
mlp_delta_strong,outer_validation,C_environment_only_h4s_relative_longitudinal_velocity_mean,4.0,relative_longitudinal_velocity,mean,1152,0.007279176265001297,0.005030823405832052,0.006660696119070053,0.7992317756817175,0.16271213631976023,0.5215166674583966
mlp_delta_strong,outer_validation,C_environment_only_h4s_relative_longitudinal_velocity_std,4.0,relative_longitudinal_velocity,std,1152,0.0313454307615757,0.023546503856778145,0.028115684166550636,0.8179853463258734,0.1954577143337376,0.4821070588178277
mlp_delta_strong,outer_validation,C_environment_only_h4s_relative_longitudinal_velocity_min,4.0,relative_longitudinal_velocity,min,1152,0.1717107743024826,0.13652801513671875,0.17816422879695892,0.8494762176266116,-0.07657881052688187,-0.2541975121069877
mlp_delta_strong,outer_validation,C_environment_only_h4s_relative_longitudinal_velocity_max,4.0,relative_longitudinal_velocity,max,1152,0.24668270349502563,0.19917032122612,0.23158617317676544,0.9134299815262626,0.1186511215779592,0.5363945051352861
mlp_delta_strong,outer_validation,C_environment_only_h4s_relative_longitudinal_velocity_q10,4.0,relative_longitudinal_velocity,q10,1152,0.00021785852732136846,0.0009892466478049755,0.0014711528783664107,0.1740103018954721,-44.60018266798353,0.17627188989477255
mlp_delta_strong,outer_validation,C_environment_only_h4s_relative_longitudinal_velocity_q90,4.0,relative_longitudinal_velocity,q90,1152,0.019437985494732857,0.0029576877132058144,0.019585110247135162,7.235871207846224,-0.015195031629429812,0.24658876521619993
mlp_delta_strong,outer_validation,C_environment_only_h4s_relative_longitudinal_velocity_nonzero_fraction,4.0,relative_longitudinal_velocity,nonzero_fraction,1152,0.03175535798072815,0.021233506500720978,0.027278391644358635,0.8703726199621564,0.2620898691664515,0.5990800662222636
mlp_delta_strong,outer_validation,C_environment_only_h4s_relative_lateral_velocity_mean,4.0,relative_lateral_velocity,mean,1152,0.008054934442043304,0.005808926187455654,0.008665072731673717,0.8049146413637864,-0.15723183309675082,-0.22100817164769287
mlp_delta_strong,outer_validation,C_environment_only_h4s_relative_lateral_velocity_std,4.0,relative_lateral_velocity,std,1152,0.02857721410691738,0.018379684537649155,0.022263148799538612,0.687974504891739,0.3930772278202883,0.6906548526912671
mlp_delta_strong,outer_validation,C_environment_only_h4s_relative_lateral_velocity_min,4.0,relative_lateral_velocity,min,1152,0.1479434072971344,0.11868537962436676,0.1512238085269928,0.848015534328456,-0.04483839490244179,-0.19607994258239098
mlp_delta_strong,outer_validation,C_environment_only_h4s_relative_lateral_velocity_max,4.0,relative_lateral_velocity,max,1152,0.1804312765598297,0.12811285257339478,0.1765102744102478,1.1078187451502435,0.04299037959978502,0.11399130959108106
mlp_delta_strong,outer_validation,C_environment_only_h4s_relative_lateral_velocity_q10,4.0,relative_lateral_velocity,q10,1152,0.011242630891501904,0.0044260029681026936,0.011352334171533585,0.40489716100080797,-0.01961099343824446,0.18685896297533414
mlp_delta_strong,outer_validation,C_environment_only_h4s_relative_lateral_velocity_q90,4.0,relative_lateral_velocity,q90,1152,0.016785573214292526,0.0038543669506907463,0.016848232597112656,0.9887191700436212,-0.0074798884101914265,-0.032841035051780314
mlp_delta_strong,outer_validation,C_environment_only_h4s_relative_lateral_velocity_nonzero_fraction,4.0,relative_lateral_velocity,nonzero_fraction,1152,0.03334018215537071,0.019904160872101784,0.025186773389577866,0.7836787431138565,0.42929834205413686,0.7276943475785478
mlp_delta_strong,outer_validation,C_environment_only_h4s_dynamic_clearance_mean,4.0,dynamic_clearance,mean,1152,0.20857572555541992,0.12389266490936279,0.16627591848373413,0.7769717648521871,0.3644772027858373,0.7662815118399909
mlp_delta_strong,outer_validation,C_environment_only_h4s_dynamic_clearance_std,4.0,dynamic_clearance,std,1152,0.07873991131782532,0.06148604676127434,0.07782533764839172,1.0873270541924103,0.02309524528740703,0.34613741031904743
mlp_delta_strong,outer_validation,C_environment_only_h4s_dynamic_clearance_min,4.0,dynamic_clearance,min,1152,0.1960674524307251,0.0755322054028511,0.1905634105205536,1.016620967657312,0.05535623452690852,0.26831449411135677
mlp_delta_strong,outer_validation,C_environment_only_h4s_dynamic_clearance_max,4.0,dynamic_clearance,max,1152,0.15737827122211456,0.12789463996887207,0.1426539272069931,0.8253229812877456,0.17836690179253045,0.5667846434103432
mlp_delta_strong,outer_validation,C_environment_only_h4s_dynamic_clearance_q10,4.0,dynamic_clearance,q10,1152,0.2055002748966217,0.08731125295162201,0.1765076369047165,0.8751052581108402,0.2622620345457366,0.7756288626869864
mlp_delta_strong,outer_validation,C_environment_only_h4s_dynamic_clearance_q90,4.0,dynamic_clearance,q90,1152,0.2317882925271988,0.1556980460882187,0.183176651597023,0.7837277619668563,0.3754642860118337,0.6737375049376711
mlp_delta_strong,outer_validation,C_environment_only_h4s_dynamic_clearance_nonzero_fraction,4.0,dynamic_clearance,nonzero_fraction,1152,0.03289708122611046,0.019182197749614716,0.024818474426865578,0.7743797408853593,0.4308386254511566,0.7536350700912261
mlp_delta_strong,outer_validation,C_environment_only_h4s_dynamic_collision_field_mean,4.0,dynamic_collision_field,mean,1152,0.15874671936035156,0.0983753502368927,0.12386246770620346,0.7569587726737637,0.39120648377200695,0.7353117547880166
mlp_delta_strong,outer_validation,C_environment_only_h4s_dynamic_collision_field_std,4.0,dynamic_collision_field,std,1152,0.1254226714372635,0.07238924503326416,0.10126034170389175,0.7432718824400701,0.34818143881685837,0.7598916482688479
mlp_delta_strong,outer_validation,C_environment_only_h4s_dynamic_collision_field_min,4.0,dynamic_collision_field,min,1152,0.0,0.0,0.0,0.0,,
mlp_delta_strong,outer_validation,C_environment_only_h4s_dynamic_collision_field_max,4.0,dynamic_collision_field,max,1152,0.22393646836280823,0.08194496482610703,0.20900870859622955,0.8929507289062011,0.1288775873787107,0.35189984327283785
mlp_delta_strong,outer_validation,C_environment_only_h4s_dynamic_collision_field_q10,4.0,dynamic_collision_field,q10,1152,0.0,0.0,0.0,0.0,,
mlp_delta_strong,outer_validation,C_environment_only_h4s_dynamic_collision_field_q90,4.0,dynamic_collision_field,q90,1152,0.4194415807723999,0.27705538272857666,0.3562929332256317,0.8609622287178755,0.27844157477508047,0.5592564964259681
mlp_delta_strong,outer_validation,C_environment_only_h4s_dynamic_collision_field_nonzero_fraction,4.0,dynamic_collision_field,nonzero_fraction,1152,0.15874671936035156,0.10016092658042908,0.12214294821023941,0.7464502999187971,0.4079923703982351,0.7830582889827619
