token,log_name_sft,score_sft,log_name_rl,score_rl,delta
0034182453455593,2021.07.09.15.53.28_veh-38_00184_02293,0.9141431611979925,2021.07.09.15.53.28_veh-38_00184_02293,0.9160431941864893,0.0019000329884967249
0063186407485185,2021.07.09.15.53.28_veh-38_00184_02293,1.0,2021.07.09.15.53.28_veh-38_00184_02293,1.0,0.0
00839bb43eed5f3e,2021.08.31.14.01.15_veh-40_01576_01714,0.9023879781549228,2021.08.31.14.01.15_veh-40_01576_01714,0.9042188808248576,0.0018309026699347974
0090af8e15415a95,2021.06.09.12.06.35_veh-35_01164_01494,0.9185674036640434,2021.06.09.12.06.35_veh-35_01164_01494,0.9200319713860287,0.0014645677219852216
00b3f7e6cbfc5fa0,2021.10.11.02.57.41_veh-50_02155_02265,0.896324471114006,2021.10.11.02.57.41_veh-50_02155_02265,0.8982870690136814,0.0019625978996753446
00bf064b40495a06,2021.07.09.15.53.28_veh-38_00184_02293,0.9383697793908433,2021.07.09.15.53.28_veh-38_00184_02293,0.9397587043359362,0.0013889249450929064
00e32fcdcf455ae8,2021.07.09.15.53.28_veh-38_00184_02293,1.0,2021.07.09.15.53.28_veh-38_00184_02293,1.0,0.0
015173513fc25684,2021.10.05.08.11.15_veh-50_00437_00585,0.9175406423541764,2021.10.05.08.11.15_veh-50_00437_00585,0.9194659527573409,0.0019253104031644597
016139f70ba255f4,2021.07.09.15.53.28_veh-38_00184_02293,1.0,2021.07.09.15.53.28_veh-38_00184_02293,1.0,0.0
017221a69d845d5f,2021.06.23.17.31.36_veh-16_00016_00377,0.9641240091706559,2021.06.23.17.31.36_veh-16_00016_00377,0.9664621674174846,0.002338158246828703
017f6ea65a675bd0,2021.07.09.15.53.28_veh-38_00184_02293,0.9782147833641001,2021.07.09.15.53.28_veh-38_00184_02293,0.9804167541360432,0.0022019707719431736
0191e3cbe7735d02,2021.10.11.02.57.41_veh-50_01028_01289,0.8867586000661145,2021.10.11.02.57.41_veh-50_01028_01289,0.8885728962254741,0.0018142961593595741
0192df9f896c5030,2021.07.09.20.26.06_veh-35_02793_03289,1.0,2021.07.09.20.26.06_veh-35_02793_03289,1.0,0.0
019be72ca2035269,2021.07.09.15.53.28_veh-38_00184_02293,0.9447586158593886,2021.07.09.15.53.28_veh-38_00184_02293,0.9467080760908789,0.0019494602314903409
01d99dddfff055b4,2021.06.09.12.06.35_veh-35_01164_01494,1.0,2021.06.09.12.06.35_veh-35_01164_01494,1.0,0.0
01f29c09064f597d,2021.07.09.15.53.28_veh-38_00184_02293,1.0,2021.07.09.15.53.28_veh-38_00184_02293,1.0,0.0
02036a881c8757cd,2021.06.09.12.06.35_veh-35_01164_01494,0.9372796847259846,2021.06.09.12.06.35_veh-35_01164_01494,0.9391355013737068,0.0018558166477222748
02199704c082520f,2021.06.09.12.51.31_veh-35_01729_02626,1.0,2021.06.09.12.51.31_veh-35_01729_02626,1.0,0.0
02271efb56ca5e62,2021.07.09.15.53.28_veh-38_00184_02293,1.0,2021.07.09.15.53.28_veh-38_00184_02293,1.0,0.0
0228fd10f8c05bd4,2021.06.09.12.51.31_veh-35_01729_02626,0.9138347471960894,2021.06.09.12.51.31_veh-35_01729_02626,0.9161175587443545,0.002282811548265151
0242cf7ebae4537a,2021.07.09.15.53.28_veh-38_00184_02293,0.9750906878480171,2021.07.09.15.53.28_veh-38_00184_02293,0.9773917756754811,0.0023010878274639657
0244b29e92175c74,2021.08.31.14.01.15_veh-40_01576_01714,0.8781630997823037,2021.08.31.14.01.15_veh-40_01576_01714,0.8800219477516888,0.00185884796938518
025b6096a0af5d87,2021.06.09.12.51.31_veh-35_01729_02626,0.9955211647926226,2021.06.09.12.51.31_veh-35_01729_02626,0.9980895301951529,0.0025683654025302483
0265d0c659745deb,2021.10.05.08.11.15_veh-50_00437_00585,0.9112579698225115,2021.10.05.08.11.15_veh-50_00437_00585,0.9133885706718684,0.0021306008493569006
0266adddeefb584b,2021.07.09.20.26.06_veh-35_02793_03289,0.982005726008277,2021.07.09.20.26.06_veh-35_02793_03289,0.9841990285954481,0.0021933025871710976
027d63f008ba518b,2021.10.05.08.11.15_veh-50_00437_00585,0.9635957442252021,2021.10.05.08.11.15_veh-50_00437_00585,0.9652963473270789,0.0017006031018768075
02831f0823a75275,2021.06.09.12.06.35_veh-35_01164_01494,0.9201872035108064,2021.06.09.12.06.35_veh-35_01164_01494,0.9221604424053723,0.0019732388945659096
02be5e5257915894,2021.10.11.02.57.41_veh-50_02155_02265,0.8824017385178212,2021.10.11.02.57.41_veh-50_02155_02265,0.8842964497745225,0.0018947112567012647
02dff6541a8c574b,2021.06.23.17.31.36_veh-16_00016_00377,0.8590064570799032,2021.06.23.17.31.36_veh-16_00016_00377,0.8602842745509746,0.001277817471071363
038d98b0aef65cc5,2021.06.09.17.23.18_veh-38_01598_01750,1.0,2021.06.09.17.23.18_veh-38_01598_01750,1.0,0.0
039064e3ab615ba4,2021.06.09.12.51.31_veh-35_01729_02626,1.0,2021.06.09.12.51.31_veh-35_01729_02626,1.0,0.0
039d81c335fa5830,2021.07.09.15.53.28_veh-38_00184_02293,1.0,2021.07.09.15.53.28_veh-38_00184_02293,1.0,0.0
03d3158b8faf5c81,2021.07.09.15.53.28_veh-38_00184_02293,1.0,2021.07.09.15.53.28_veh-38_00184_02293,1.0,0.0
03e725fe0ab95f02,2021.06.09.12.51.31_veh-35_01729_02626,1.0,2021.06.09.12.51.31_veh-35_01729_02626,1.0,0.0
03eb9463e1685d1f,2021.10.11.02.57.41_veh-50_02155_02265,0.8750472080972796,2021.10.11.02.57.41_veh-50_02155_02265,0.87666067712184,0.0016134690245603878
03fe497641cc5a31,2021.07.09.15.53.28_veh-38_00184_02293,0.8485698763388418,2021.07.09.15.53.28_veh-38_00184_02293,0.8515154102730359,0.0029455339341940556
0424e5fd9a5c5e60,2021.10.11.02.57.41_veh-50_02155_02265,0.8741107207002426,2021.10.11.02.57.41_veh-50_02155_02265,0.8758368716778474,0.0017261509776047568
044e89f71c845e59,2021.07.09.20.26.06_veh-35_02793_03289,0.9565132869159747,2021.07.09.20.26.06_veh-35_02793_03289,0.9580476846115138,0.0015343976955390914
0454457b4d6a5d20,2021.07.09.15.53.28_veh-38_00184_02293,1.0,2021.07.09.15.53.28_veh-38_00184_02293,1.0,0.0
0461af120ee45dd8,2021.06.09.14.50.36_veh-26_02826_02955,1.0,2021.06.09.14.50.36_veh-26_02826_02955,1.0,0.0
047b29ae8a2d50c3,2021.06.09.12.51.31_veh-35_01729_02626,1.0,2021.06.09.12.51.31_veh-35_01729_02626,1.0,0.0
047ca296724153ed,2021.06.23.17.31.36_veh-16_00016_00377,0.9963287126898184,2021.06.23.17.31.36_veh-16_00016_00377,0.9982845754596252,0.00195586276980686
04892d0279ea5905,2021.06.09.20.26.11_veh-35_00970_01216,0.9265601897596903,2021.06.09.20.26.11_veh-35_00970_01216,0.9284317445637619,0.001871554804071529
049ac1985c175ddb,2021.06.09.12.51.31_veh-35_01729_02626,0.9847275475943688,2021.06.09.12.51.31_veh-35_01729_02626,0.9887308226287174,0.004003275034348608
04a2fff5521b5215,2021.10.11.02.57.41_veh-50_01028_01289,0.8679547943463218,2021.10.11.02.57.41_veh-50_01028_01289,0.8691937348025588,0.0012389404562369588
04b8f4a99be85973,2021.06.09.20.26.11_veh-35_00970_01216,1.0,2021.06.09.20.26.11_veh-35_00970_01216,1.0,0.0
04d3c2f7702750b6,2021.10.05.08.11.15_veh-50_00437_00585,0.8735907161801851,2021.10.05.08.11.15_veh-50_00437_00585,0.8753746734256236,0.00178395724543845
04db6d7b763754ac,2021.07.09.15.53.28_veh-38_00184_02293,1.0,2021.07.09.15.53.28_veh-38_00184_02293,1.0,0.0
04eb8d64f2795c58,2021.07.09.15.53.28_veh-38_00184_02293,0.0,2021.07.09.15.53.28_veh-38_00184_02293,0.0,0.0
04ef1bdebb1e5c2b,2021.06.09.14.50.36_veh-26_02826_02955,1.0,2021.06.09.14.50.36_veh-26_02826_02955,1.0,0.0
0502eec8c9615c19,2021.10.11.02.57.41_veh-50_01028_01289,1.0,2021.10.11.02.57.41_veh-50_01028_01289,1.0,0.0
050bc5dc61b05c0c,2021.06.09.20.26.11_veh-35_00970_01216,0.9318219839006433,2021.06.09.20.26.11_veh-35_00970_01216,0.9334494967105975,0.0016275128099542124
052f982083e859d7,2021.06.09.12.06.35_veh-35_01164_01494,0.9091341631946666,2021.06.09.12.06.35_veh-35_01164_01494,0.9110810099188758,0.0019468467242091947
05dc6e420d935b8e,2021.06.09.20.26.11_veh-35_00970_01216,1.0,2021.06.09.20.26.11_veh-35_00970_01216,1.0,0.0
0612ae5a43ea5e14,2021.06.23.17.31.36_veh-16_00016_00377,1.0,2021.06.23.17.31.36_veh-16_00016_00377,1.0,0.0
066d174c1ee2516a,2021.10.05.08.11.15_veh-50_00437_00585,0.8634187582021919,2021.10.05.08.11.15_veh-50_00437_00585,0.8653421939351409,0.0019234357329489526
0683a44547c053e2,2021.07.09.15.53.28_veh-38_00184_02293,1.0,2021.07.09.15.53.28_veh-38_00184_02293,1.0,0.0
06c973b2073057ab,2021.07.09.15.53.28_veh-38_00184_02293,0.9219593935964513,2021.07.09.15.53.28_veh-38_00184_02293,0.92405108497569,0.0020916913792387026
06cd8d997cfe5de6,2021.10.11.02.57.41_veh-50_02155_02265,0.8842004574899281,2021.10.11.02.57.41_veh-50_02155_02265,0.8858460247796064,0.0016455672896782403
06ecc274857650aa,2021.06.09.14.50.36_veh-26_02826_02955,1.0,2021.06.09.14.50.36_veh-26_02826_02955,1.0,0.0
06f9275753de5cb6,2021.07.09.15.53.28_veh-38_00184_02293,1.0,2021.07.09.15.53.28_veh-38_00184_02293,1.0,0.0
0746ca94fdc85420,2021.10.11.02.57.41_veh-50_02155_02265,0.903751197217845,2021.10.11.02.57.41_veh-50_02155_02265,0.9056751739258849,0.0019239767080398984
07667d039f5755fc,2021.07.09.15.53.28_veh-38_00184_02293,1.0,2021.07.09.15.53.28_veh-38_00184_02293,1.0,0.0
0769d9f9498e5f51,2021.06.09.12.51.31_veh-35_01729_02626,0.8632010846290075,2021.06.09.12.51.31_veh-35_01729_02626,0.8647751174414099,0.001574032812402426
076e73b542175041,2021.10.11.02.57.41_veh-50_01028_01289,0.8478060445466383,2021.10.11.02.57.41_veh-50_01028_01289,0.8494788588204014,0.0016728142737630902
077e1ef7a2dd526e,2021.10.05.08.11.15_veh-50_00437_00585,0.8402644678334364,2021.10.05.08.11.15_veh-50_00437_00585,0.8418365181670175,0.0015720503335810987
079dad1bf4aa53ff,2021.10.05.08.11.15_veh-50_00437_00585,0.8540490229273262,2021.10.05.08.11.15_veh-50_00437_00585,0.8558515633561008,0.0018025404287745905
0818730194515784,2021.07.09.15.53.28_veh-38_00184_02293,0.9018903206325432,2021.07.09.15.53.28_veh-38_00184_02293,0.9038418390263727,0.0019515183938295655
08309993090158ed,2021.06.23.17.31.36_veh-16_00016_00377,1.0,2021.06.23.17.31.36_veh-16_00016_00377,1.0,0.0
0834ee7bd96c524f,2021.07.16.22.40.23_veh-38_00204_00360,1.0,2021.07.16.22.40.23_veh-38_00204_00360,1.0,0.0
083a415c4ea15ef6,2021.06.09.20.26.11_veh-35_00970_01216,1.0,2021.06.09.20.26.11_veh-35_00970_01216,1.0,0.0
0845cc2551fa5e03,2021.07.09.15.53.28_veh-38_00184_02293,1.0,2021.07.09.15.53.28_veh-38_00184_02293,1.0,0.0
089b7c97ae005df7,2021.10.05.07.49.39_veh-52_00770_00905,0.9217210114561022,2021.10.05.07.49.39_veh-52_00770_00905,0.9233035737720213,0.0015825623159191338
08b90ea812f95157,2021.07.09.15.53.28_veh-38_00184_02293,1.0,2021.07.09.15.53.28_veh-38_00184_02293,1.0,0.0
08e86035c86c59cf,2021.07.09.15.53.28_veh-38_00184_02293,1.0,2021.07.09.15.53.28_veh-38_00184_02293,1.0,0.0
08fef85e66fe56c4,2021.07.09.15.53.28_veh-38_00184_02293,0.9445162495235158,2021.07.09.15.53.28_veh-38_00184_02293,0.9468427250238257,0.0023264755003099546
091a90a5f2855a82,2021.07.09.20.26.06_veh-35_02793_03289,0.903344828246324,2021.07.09.20.26.06_veh-35_02793_03289,0.9048273831205836,0.001482554874259634
093784159a005ddd,2021.07.09.20.26.06_veh-35_02793_03289,1.0,2021.07.09.20.26.06_veh-35_02793_03289,1.0,0.0
0965ca8d343855bd,2021.10.05.08.11.15_veh-50_00437_00585,0.8183088268588903,2021.10.05.08.11.15_veh-50_00437_00585,0.819496894612878,0.0011880677539877205
09909af20007564a,2021.06.09.12.06.35_veh-35_01164_01494,1.0,2021.06.09.12.06.35_veh-35_01164_01494,1.0,0.0
09a440cb0aeb567a,2021.06.09.12.06.35_veh-35_01164_01494,0.9282797140772593,2021.06.09.12.06.35_veh-35_01164_01494,0.9305099831375214,0.0022302690602621356
09d6aaf7636350e1,2021.10.11.02.57.41_veh-50_02155_02265,0.9071807160262614,2021.10.11.02.57.41_veh-50_02155_02265,0.9094035451980734,0.0022228291718120463
0a508df3445152b0,2021.07.09.15.53.28_veh-38_00184_02293,0.9716796482327196,2021.07.09.15.53.28_veh-38_00184_02293,0.974176454405233,0.002496806172513466
0a50e549c5ed5787,2021.06.09.17.23.18_veh-38_01598_01750,0.9269609094621162,2021.06.09.17.23.18_veh-38_01598_01750,0.9289174584590346,0.001956548996918439
0a6a37e522035224,2021.06.09.12.06.35_veh-35_01164_01494,0.9590937380453045,2021.06.09.12.06.35_veh-35_01164_01494,0.9614763106442071,0.0023825725989026214
0b10c61fbe415c5e,2021.07.16.22.40.23_veh-38_00204_00360,1.0,2021.07.16.22.40.23_veh-38_00204_00360,1.0,0.0
0b19cdb05d2c5e68,2021.07.09.15.53.28_veh-38_00184_02293,0.9194822226525073,2021.07.09.15.53.28_veh-38_00184_02293,0.9216749019475472,0.0021926792950398566
0b22e62e12cf5607,2021.07.09.15.53.28_veh-38_00184_02293,0.9215224453711134,2021.07.09.15.53.28_veh-38_00184_02293,0.9238134724903837,0.002291027119270317
0b67d7e9536256af,2021.07.09.15.53.28_veh-38_00184_02293,0.890957063214624,2021.07.09.15.53.28_veh-38_00184_02293,0.8924527892586287,0.0014957260440047193
0b6d1ed507635a6e,2021.10.01.17.52.06_veh-28_01141_01264,0.969024102331766,2021.10.01.17.52.06_veh-28_01141_01264,0.9709895023417244,0.0019654000099584845
0b890a5dbdaf53aa,2021.06.09.12.51.31_veh-35_01729_02626,1.0,2021.06.09.12.51.31_veh-35_01729_02626,1.0,0.0
0ba5cd65023a5d5c,2021.07.09.20.26.06_veh-35_02793_03289,1.0,2021.07.09.20.26.06_veh-35_02793_03289,1.0,0.0
0c6651f095895012,2021.07.09.15.53.28_veh-38_00184_02293,1.0,2021.07.09.15.53.28_veh-38_00184_02293,1.0,0.0
0c71f6071ee054a8,2021.07.09.15.53.28_veh-38_00184_02293,0.9836864275135273,2021.07.09.15.53.28_veh-38_00184_02293,0.9859423208344985,0.002255893320971203
0ce992b41b7854f8,2021.07.09.15.53.28_veh-38_00184_02293,1.0,2021.07.09.15.53.28_veh-38_00184_02293,1.0,0.0
0d0891893f1d59b5,2021.07.09.20.26.06_veh-35_02793_03289,0.8326854360308137,2021.07.09.20.26.06_veh-35_02793_03289,0.8336377348451623,0.0009522988143486621
0d4a4de2ed0551de,2021.07.09.20.26.06_veh-35_02793_03289,1.0,2021.07.09.20.26.06_veh-35_02793_03289,1.0,0.0
0daae1bedaae53c5,2021.07.09.15.53.28_veh-38_00184_02293,0.8787975985914774,2021.07.09.15.53.28_veh-38_00184_02293,0.8805652186576597,0.0017676200661822516
0dbe21f7e02a578a,2021.10.05.08.11.15_veh-50_00437_00585,0.8683872593185663,2021.10.05.08.11.15_veh-50_00437_00585,0.8701142109725074,0.0017269516539411
0dc2e306b4485579,2021.10.11.02.57.41_veh-50_02155_02265,0.8875773021220469,2021.10.11.02.57.41_veh-50_02155_02265,0.8888984267611867,0.0013211246391398035
0e3398e6271350b4,2021.10.05.08.11.15_veh-50_00437_00585,0.8592438199285981,2021.10.05.08.11.15_veh-50_00437_00585,0.8602287285632642,0.0009849086346660485
0ecbcba803ab54e0,2021.10.11.02.57.41_veh-50_02155_02265,0.8768709868400372,2021.10.11.02.57.41_veh-50_02155_02265,0.8789765180169457,0.0021055311769084817
0ee4062c48cc50d9,2021.07.09.15.53.28_veh-38_00184_02293,0.9687058602648747,2021.07.09.15.53.28_veh-38_00184_02293,0.9706229106090003,0.0019170503441255926
0ef4861884495fee,2021.10.05.08.11.15_veh-50_00437_00585,0.8495765048303717,2021.10.05.08.11.15_veh-50_00437_00585,0.8506392980469254,0.0010627932165536702
0f2f7590e2c153c1,2021.10.11.02.57.41_veh-50_01028_01289,1.0,2021.10.11.02.57.41_veh-50_01028_01289,1.0,0.0
0f4042e7f1995020,2021.07.09.15.53.28_veh-38_00184_02293,1.0,2021.07.09.15.53.28_veh-38_00184_02293,1.0,0.0
0fb7c8347ef25535,2021.07.09.15.53.28_veh-38_00184_02293,1.0,2021.07.09.15.53.28_veh-38_00184_02293,1.0,0.0
0fd89914075c5330,2021.06.09.20.26.11_veh-35_00970_01216,1.0,2021.06.09.20.26.11_veh-35_00970_01216,1.0,0.0
100ed6de0208550f,2021.07.09.15.53.28_veh-38_00184_02293,0.9067364504441358,2021.07.09.15.53.28_veh-38_00184_02293,0.9113527664957468,0.004616316051611058
100ee55049cc584e,2021.06.09.12.51.31_veh-35_01729_02626,1.0,2021.06.09.12.51.31_veh-35_01729_02626,1.0,0.0
102471e46a565fdf,2021.10.11.02.57.41_veh-50_02155_02265,0.8429042528693538,2021.10.11.02.57.41_veh-50_02155_02265,0.8448869073039026,0.001982654434548814
102b90da87b851bf,2021.06.09.12.51.31_veh-35_01729_02626,0.9093611663663702,2021.06.09.12.51.31_veh-35_01729_02626,0.9113765596716422,0.0020153933052720063
1035c6107e4b52d3,2021.06.09.12.06.35_veh-35_01164_01494,0.9586018229086629,2021.06.09.12.06.35_veh-35_01164_01494,0.9607313956021963,0.0021295726935334214
103d8446b9a7501b,2021.08.31.11.47.30_veh-40_00919_01000,1.0,2021.08.31.11.47.30_veh-40_00919_01000,1.0,0.0
104fd3ad395d5ded,2021.06.09.12.51.31_veh-35_01729_02626,1.0,2021.06.09.12.51.31_veh-35_01729_02626,1.0,0.0
105b3c761dee5fcb,2021.06.23.17.31.36_veh-16_00016_00377,1.0,2021.06.23.17.31.36_veh-16_00016_00377,1.0,0.0
108c162aabf552ba,2021.06.09.12.06.35_veh-35_01164_01494,0.8803650403559415,2021.06.09.12.06.35_veh-35_01164_01494,0.882658475586423,0.002293435230481422
10b7dc9bd96e550a,2021.07.09.15.53.28_veh-38_00184_02293,0.908075812058752,2021.07.09.15.53.28_veh-38_00184_02293,0.9107777909996715,0.0027019789409195027
10da33ea86ba5697,2021.07.16.22.40.23_veh-38_00204_00360,1.0,2021.07.16.22.40.23_veh-38_00204_00360,1.0,0.0
10f0de18ec3d5c9f,2021.07.09.15.53.28_veh-38_00184_02293,0.9447760114817746,2021.07.09.15.53.28_veh-38_00184_02293,0.9468934756635602,0.0021174641817856
10f2a63b52ff556a,2021.07.09.15.53.28_veh-38_00184_02293,0.9788325243318193,2021.07.09.15.53.28_veh-38_00184_02293,0.9809652065115545,0.002132682179735168
113ce1e07c7a5543,2021.10.05.08.11.15_veh-50_00437_00585,0.8791802971629026,2021.10.05.08.11.15_veh-50_00437_00585,0.8809803038520698,0.001800006689167244
114020a7beaf5151,2021.07.09.15.53.28_veh-38_00184_02293,0.9562731295476977,2021.07.09.15.53.28_veh-38_00184_02293,0.958458294854474,0.00218516530677626
1150ab6954775965,2021.07.09.15.53.28_veh-38_00184_02293,0.9018095486583825,2021.07.09.15.53.28_veh-38_00184_02293,0.9030850932335429,0.0012755445751604366
1168282af331504e,2021.06.23.17.31.36_veh-16_00016_00377,1.0,2021.06.23.17.31.36_veh-16_00016_00377,1.0,0.0
11788fec75b55fe8,2021.06.09.12.51.31_veh-35_01729_02626,0.9487476074440067,2021.06.09.12.51.31_veh-35_01729_02626,0.9506216455023404,0.001874038058333749
11b917a7dad65cb3,2021.06.09.20.26.11_veh-35_00970_01216,1.0,2021.06.09.20.26.11_veh-35_00970_01216,1.0,0.0
11d448d26126557f,2021.06.09.12.06.35_veh-35_01164_01494,0.8712957608935392,2021.06.09.12.06.35_veh-35_01164_01494,0.8727649599633067,0.0014691990697675017
11fb8402c7ed5f38,2021.07.09.15.53.28_veh-38_00184_02293,1.0,2021.07.09.15.53.28_veh-38_00184_02293,1.0,0.0
1201ef26669d52b5,2021.07.09.15.53.28_veh-38_00184_02293,1.0,2021.07.09.15.53.28_veh-38_00184_02293,1.0,0.0
1206c4653bc05297,2021.06.09.12.51.31_veh-35_01729_02626,1.0,2021.06.09.12.51.31_veh-35_01729_02626,1.0,0.0
12127170e93a53e9,2021.06.09.12.06.35_veh-35_01164_01494,0.8984488930934353,2021.06.09.12.06.35_veh-35_01164_01494,0.9005677604598633,0.002118867366427968
122bed8802a05ae2,2021.07.09.15.53.28_veh-38_00184_02293,1.0,2021.07.09.15.53.28_veh-38_00184_02293,1.0,0.0
12529e1e5d23525d,2021.07.09.15.53.28_veh-38_00184_02293,0.9837356439006107,2021.07.09.15.53.28_veh-38_00184_02293,0.9859445682683153,0.00220892436770459
12927478268a52a7,2021.07.09.15.53.28_veh-38_00184_02293,0.9397900760446808,2021.07.09.15.53.28_veh-38_00184_02293,0.9418991763458457,0.0021091003011649567
12a303e7e3b85492,2021.07.09.15.53.28_veh-38_00184_02293,0.9282939014078474,2021.07.09.15.53.28_veh-38_00184_02293,0.9303106970648155,0.0020167956569681067
12af90c2b8b6512e,2021.08.31.14.01.15_veh-40_01576_01714,0.8929358685795732,2021.08.31.14.01.15_veh-40_01576_01714,0.8955606173884428,0.002624748808869648
134c53ed5241548e,2021.10.11.02.57.41_veh-50_01028_01289,0.8766658857673882,2021.10.11.02.57.41_veh-50_01028_01289,0.8785008087478877,0.001834922980499476
136d82f937c45885,2021.06.23.17.31.36_veh-16_00016_00377,1.0,2021.06.23.17.31.36_veh-16_00016_00377,1.0,0.0
13bb402c57765d6e,2021.06.09.17.23.18_veh-38_01598_01750,0.8944461688121988,2021.06.09.17.23.18_veh-38_01598_01750,0.8967830821036572,0.0023369132914583535
13d47325b0b950f1,2021.07.09.20.26.06_veh-35_02793_03289,0.9420087703979304,2021.07.09.20.26.06_veh-35_02793_03289,0.9438205778837002,0.0018118074857698119
13dddabad3d65ddf,2021.06.09.17.23.18_veh-38_01598_01750,0.8367635196160664,2021.06.09.17.23.18_veh-38_01598_01750,0.8384789551172016,0.0017154355011351763
14489b09baaa54e5,2021.10.11.02.57.41_veh-50_02155_02265,0.8789959003741945,2021.10.11.02.57.41_veh-50_02155_02265,0.8809190041360901,0.0019231037618956393
147c06dffbdb5bc4,2021.06.09.12.06.35_veh-35_01164_01494,0.9728657637394337,2021.06.09.12.06.35_veh-35_01164_01494,0.9750770862916607,0.002211322552227002
1499e758c6855a74,2021.06.09.12.51.31_veh-35_01729_02626,0.9084628739160866,2021.06.09.12.51.31_veh-35_01729_02626,0.9100028260442671,0.0015399521281804773
15080129531552fe,2021.07.09.20.26.06_veh-35_02793_03289,0.8576058527297089,2021.07.09.20.26.06_veh-35_02793_03289,0.8595565675187965,0.001950714789087593
1543049980f15e78,2021.10.11.02.57.41_veh-50_02155_02265,0.938497048121194,2021.10.11.02.57.41_veh-50_02155_02265,0.9409327725555645,0.0024357244343704565
154f87b0c0ca5624,2021.10.11.02.57.41_veh-50_02155_02265,0.8861470331055674,2021.10.11.02.57.41_veh-50_02155_02265,0.8878104584963898,0.0016634253908224261
1562991f98315d4d,2021.06.09.12.06.35_veh-35_01164_01494,0.9249216115833905,2021.06.09.12.06.35_veh-35_01164_01494,0.9268876776167466,0.0019660660333561397
157d3b777d315364,2021.07.09.15.53.28_veh-38_00184_02293,1.0,2021.07.09.15.53.28_veh-38_00184_02293,1.0,0.0
158eecf778cc5684,2021.06.09.12.06.35_veh-35_01164_01494,0.9306044278131038,2021.06.09.12.06.35_veh-35_01164_01494,0.9324592454892683,0.0018548176761644664
160b363bd86953af,2021.07.09.15.53.28_veh-38_00184_02293,0.9602453980786828,2021.07.09.15.53.28_veh-38_00184_02293,0.9625161271205821,0.0022707290418992887
16259719899f5b57,2021.10.11.02.57.41_veh-50_01028_01289,1.0,2021.10.11.02.57.41_veh-50_01028_01289,1.0,0.0
166f157b4b935a1e,2021.07.09.15.53.28_veh-38_00184_02293,1.0,2021.07.09.15.53.28_veh-38_00184_02293,1.0,0.0
16840451fa765419,2021.06.09.17.23.18_veh-38_01598_01750,1.0,2021.06.09.17.23.18_veh-38_01598_01750,1.0,0.0
16a726067f77532d,2021.07.09.15.53.28_veh-38_00184_02293,1.0,2021.07.09.15.53.28_veh-38_00184_02293,1.0,0.0
16c70ee6d6485400,2021.10.05.07.49.39_veh-52_00770_00905,0.8673182159813044,2021.10.05.07.49.39_veh-52_00770_00905,0.8689641001157806,0.0016458841344761943
16df14e0b5fe574f,2021.06.09.17.23.18_veh-38_01598_01750,0.9509058821021119,2021.06.09.17.23.18_veh-38_01598_01750,0.9525987738831462,0.001692891781034267
16e38f619b4358cb,2021.10.11.02.57.41_veh-50_01028_01289,1.0,2021.10.11.02.57.41_veh-50_01028_01289,1.0,0.0
16ea1ed69aed5de1,2021.06.23.17.31.36_veh-16_00016_00377,1.0,2021.06.23.17.31.36_veh-16_00016_00377,1.0,0.0
170594fe8be75468,2021.10.05.07.49.39_veh-52_00770_00905,0.8927634008753236,2021.10.05.07.49.39_veh-52_00770_00905,0.8954773219913857,0.002713921116062168
17184a5491105047,2021.07.09.15.53.28_veh-38_00184_02293,0.924381838109282,2021.07.09.15.53.28_veh-38_00184_02293,0.9260647135919314,0.0016828754826494485
173ff7e858e65a62,2021.07.09.15.53.28_veh-38_00184_02293,1.0,2021.07.09.15.53.28_veh-38_00184_02293,1.0,0.0
1753352ab8255c21,2021.10.01.17.52.06_veh-28_01141_01264,0.9620470511691165,2021.10.01.17.52.06_veh-28_01141_01264,0.9638839639619786,0.0018369127928621332
1783be8f68bc560f,2021.06.23.17.31.36_veh-16_00016_00377,1.0,2021.06.23.17.31.36_veh-16_00016_00377,1.0,0.0
179d390028965461,2021.06.09.20.26.11_veh-35_00970_01216,0.8992241610141808,2021.06.09.20.26.11_veh-35_00970_01216,0.902037814960118,0.0028136539459372445
17a899d822e75d16,2021.10.11.02.57.41_veh-50_02155_02265,0.9198758411258446,2021.10.11.02.57.41_veh-50_02155_02265,0.9214678716493584,0.0015920305235137544
17b43b911252571c,2021.07.09.15.53.28_veh-38_00184_02293,1.0,2021.07.09.15.53.28_veh-38_00184_02293,1.0,0.0
17bc4c6cc38959d0,2021.10.11.02.57.41_veh-50_02155_02265,0.8737139431545078,2021.10.11.02.57.41_veh-50_02155_02265,0.8754613609681555,0.0017474178136477336
17d80f18ee7854c0,2021.06.23.17.31.36_veh-16_00016_00377,1.0,2021.06.23.17.31.36_veh-16_00016_00377,1.0,0.0
17efb1d6bb395620,2021.06.09.12.51.31_veh-35_01729_02626,0.9560539398452712,2021.06.09.12.51.31_veh-35_01729_02626,0.958132198125598,0.002078258280326817
180266e7ce035fca,2021.10.11.02.57.41_veh-50_02155_02265,0.8506680952588445,2021.10.11.02.57.41_veh-50_02155_02265,0.8524304385032652,0.0017623432444207054
18608416606557ed,2021.06.09.14.50.36_veh-26_02826_02955,1.0,2021.06.09.14.50.36_veh-26_02826_02955,1.0,0.0
187e7d991c2f5f40,2021.07.09.15.53.28_veh-38_00184_02293,1.0,2021.07.09.15.53.28_veh-38_00184_02293,1.0,0.0
18a2ed37c162552d,2021.07.09.20.26.06_veh-35_02793_03289,1.0,2021.07.09.20.26.06_veh-35_02793_03289,1.0,0.0
191f94dc85fd5899,2021.06.09.12.51.31_veh-35_01729_02626,0.8956049053359069,2021.06.09.12.51.31_veh-35_01729_02626,0.8971809859386367,0.0015760806027298457
19ab8e323ac35fe4,2021.07.09.15.53.28_veh-38_00184_02293,1.0,2021.07.09.15.53.28_veh-38_00184_02293,1.0,0.0
19c9d08888d65385,2021.10.05.07.49.39_veh-52_00770_00905,0.9004711312475497,2021.10.05.07.49.39_veh-52_00770_00905,0.9021701130863082,0.0016989818387584954
1a3449b28c115162,2021.07.09.15.53.28_veh-38_00184_02293,0.9515420394343405,2021.07.09.15.53.28_veh-38_00184_02293,0.9533393180643245,0.0017972786299840227
1aaa5de27ef2529c,2021.10.05.08.11.15_veh-50_00437_00585,0.8552936790642326,2021.10.05.08.11.15_veh-50_00437_00585,0.8565429706696669,0.0012492916054342995
1ab37cad7da55237,2021.06.09.12.51.31_veh-35_01729_02626,0.9717810250006035,2021.06.09.12.51.31_veh-35_01729_02626,0.9738607223244596,0.0020796973238561556
1afe562ad29b5222,2021.07.09.15.53.28_veh-38_00184_02293,0.9843413264895159,2021.07.09.15.53.28_veh-38_00184_02293,0.9864081430739552,0.0020668165844393016
1b31ffd5f3ec5f5d,2021.06.09.17.23.18_veh-38_01598_01750,1.0,2021.06.09.17.23.18_veh-38_01598_01750,1.0,0.0
1b6f94eba9bd573c,2021.06.09.12.51.31_veh-35_01729_02626,1.0,2021.06.09.12.51.31_veh-35_01729_02626,1.0,0.0
1bdb793cdfcd5db0,2021.10.05.08.11.15_veh-50_00437_00585,0.835091415470454,2021.10.05.08.11.15_veh-50_00437_00585,0.8370492462437361,0.0019578307732821543
1bef718d3b145858,2021.06.09.12.51.31_veh-35_01729_02626,0.8938241009689866,2021.06.09.12.51.31_veh-35_01729_02626,0.8952903142569623,0.0014662132879756928
1c3d27d5767e506d,2021.10.05.07.49.39_veh-52_00770_00905,0.9066171403609674,2021.10.05.07.49.39_veh-52_00770_00905,0.9083620032364607,0.0017448628754932471
1c5284923bc85595,2021.07.09.20.26.06_veh-35_02793_03289,0.9638080120673506,2021.07.09.20.26.06_veh-35_02793_03289,0.966909063247309,0.003101051179958403
1c59013d80ab5ac4,2021.08.31.14.01.15_veh-40_01576_01714,1.0,2021.08.31.14.01.15_veh-40_01576_01714,1.0,0.0
1c6cfd6bae4954dc,2021.10.05.08.11.15_veh-50_00437_00585,0.8583176996813598,2021.10.05.08.11.15_veh-50_00437_00585,0.8596572961321117,0.0013395964507518787
1c773439ca9d5158,2021.07.09.15.53.28_veh-38_00184_02293,1.0,2021.07.09.15.53.28_veh-38_00184_02293,1.0,0.0
1c9a2aafa78b5b21,2021.08.31.11.47.30_veh-40_00919_01000,0.9152897610604209,2021.08.31.11.47.30_veh-40_00919_01000,0.9171629397293467,0.001873178668925779
1c9e768f7d545a89,2021.06.23.17.31.36_veh-16_00016_00377,1.0,2021.06.23.17.31.36_veh-16_00016_00377,1.0,0.0
1cf2faa6760b5e05,2021.06.09.12.06.35_veh-35_01164_01494,1.0,2021.06.09.12.06.35_veh-35_01164_01494,1.0,0.0
1d0ef99351a95bbb,2021.06.09.12.06.35_veh-35_01164_01494,0.9652027425137474,2021.06.09.12.06.35_veh-35_01164_01494,0.9674050036818316,0.0022022611680841964
1d158c219842558a,2021.07.09.20.26.06_veh-35_02793_03289,0.9409965192553665,2021.07.09.20.26.06_veh-35_02793_03289,0.9431733698481971,0.0021768505928305704
1d190091101d5d75,2021.07.09.15.53.28_veh-38_00184_02293,0.9590693960229438,2021.07.09.15.53.28_veh-38_00184_02293,0.9605274916151988,0.0014580955922549599
1d1a05de41555e8e,2021.06.09.12.06.35_veh-35_01164_01494,1.0,2021.06.09.12.06.35_veh-35_01164_01494,1.0,0.0
1d5c498a699a59e8,2021.07.09.15.53.28_veh-38_00184_02293,0.9346323428707621,2021.07.09.15.53.28_veh-38_00184_02293,0.9364206880545004,0.0017883451837382713
1d7f9f198e0c57bc,2021.07.09.15.53.28_veh-38_00184_02293,0.9114211518940021,2021.07.09.15.53.28_veh-38_00184_02293,0.9126023111220011,0.0011811592279989958
1d85875eaf9c5a3f,2021.10.01.17.52.06_veh-28_01141_01264,0.8775202182666919,2021.10.01.17.52.06_veh-28_01141_01264,0.8794323616705331,0.00191214340384116
1d9ee8399cf55f9d,2021.10.05.07.49.39_veh-52_00770_00905,0.9714154901119653,2021.10.05.07.49.39_veh-52_00770_00905,0.9728298214678093,0.0014143313558440118
1dc5198a0a27562c,2021.06.09.12.51.31_veh-35_01729_02626,0.979926500843094,2021.06.09.12.51.31_veh-35_01729_02626,0.9822867416161681,0.0023602407730741737
1e7ba1144b7e587f,2021.10.11.02.57.41_veh-50_01028_01289,0.8564344957734953,2021.10.11.02.57.41_veh-50_01028_01289,0.8579000513191749,0.0014655555456796199
1e7bb5730b095273,2021.06.23.17.31.36_veh-16_00016_00377,0.9999964920345729,2021.06.23.17.31.36_veh-16_00016_00377,1.0,3.5079654271408245e-06
1eb3057c64465de0,2021.06.09.12.51.31_veh-35_01729_02626,0.9640379496003546,2021.06.09.12.51.31_veh-35_01729_02626,0.9661800322180966,0.0021420826177419583
1ec5607c174e58db,2021.10.05.08.11.15_veh-50_00437_00585,0.863567738811982,2021.10.05.08.11.15_veh-50_00437_00585,0.8651930729456013,0.0016253341336193161
1ec8d767941a534b,2021.07.16.22.40.23_veh-38_00204_00360,1.0,2021.07.16.22.40.23_veh-38_00204_00360,1.0,0.0
1edaacb093c25e24,2021.10.05.08.11.15_veh-50_00437_00585,0.9411800618140097,2021.10.05.08.11.15_veh-50_00437_00585,0.9432135343307824,0.002033472516772661
1efe2f1b12ec5381,2021.06.09.12.51.31_veh-35_01729_02626,0.914525297948083,2021.06.09.12.51.31_veh-35_01729_02626,0.9162979944377887,0.001772696489705683
1f6b057612b05e65,2021.07.09.15.53.28_veh-38_00184_02293,0.9457569622564055,2021.07.09.15.53.28_veh-38_00184_02293,0.946997825472196,0.001240863215790533
1f9f230417e15e61,2021.07.09.15.53.28_veh-38_00184_02293,0.9698446103433701,2021.07.09.15.53.28_veh-38_00184_02293,0.9719318086346597,0.0020871982912895604
2040cae1f2005ace,2021.10.11.02.57.41_veh-50_01028_01289,0.872062389691442,2021.10.11.02.57.41_veh-50_01028_01289,0.8738121522318462,0.001749762540404154
205cf1f3466a5af6,2021.10.05.08.11.15_veh-50_00437_00585,0.8640491847632515,2021.10.05.08.11.15_veh-50_00437_00585,0.8649452213488805,0.0008960365856289787
205ef6aa1e4f54f4,2021.10.11.02.57.41_veh-50_02155_02265,0.8558766437207689,2021.10.11.02.57.41_veh-50_02155_02265,0.8573558696885127,0.001479225967743858
2086208681525f54,2021.07.09.15.53.28_veh-38_00184_02293,1.0,2021.07.09.15.53.28_veh-38_00184_02293,1.0,0.0
208c2da460fa56a1,2021.07.09.15.53.28_veh-38_00184_02293,1.0,2021.07.09.15.53.28_veh-38_00184_02293,1.0,0.0
20d97d183741595d,2021.10.05.07.49.39_veh-52_00770_00905,0.9181534650492317,2021.10.05.07.49.39_veh-52_00770_00905,0.9195442345821006,0.001390769532868874
20e59db136d85ccd,2021.07.09.15.53.28_veh-38_00184_02293,0.9266543939797112,2021.07.09.15.53.28_veh-38_00184_02293,0.9287339238220437,0.002079529842332506
20fc3e4c2b93595d,2021.08.31.11.47.30_veh-40_00919_01000,0.9204677210728898,2021.08.31.11.47.30_veh-40_00919_01000,0.9226546048763726,0.002186883803482864
2130fc97f34f5668,2021.06.23.17.31.36_veh-16_00016_00377,1.0,2021.06.23.17.31.36_veh-16_00016_00377,1.0,0.0
2138f8abf5aa5086,2021.07.09.15.53.28_veh-38_00184_02293,0.9654263902002672,2021.07.09.15.53.28_veh-38_00184_02293,0.9674423717077953,0.0020159815075281307
213d831946e758b5,2021.07.09.15.53.28_veh-38_00184_02293,1.0,2021.07.09.15.53.28_veh-38_00184_02293,1.0,0.0
2146b87b79ce537d,2021.06.09.12.51.31_veh-35_01729_02626,1.0,2021.06.09.12.51.31_veh-35_01729_02626,1.0,0.0
2156346d5dcf5246,2021.06.09.20.26.11_veh-35_00970_01216,0.8877131163136713,2021.06.09.20.26.11_veh-35_00970_01216,0.8919039299835047,0.004190813669833315
21748134e645518e,2021.06.09.17.23.18_veh-38_01598_01750,1.0,2021.06.09.17.23.18_veh-38_01598_01750,1.0,0.0
219791f316b25308,2021.07.09.15.53.28_veh-38_00184_02293,0.9410878444655938,2021.07.09.15.53.28_veh-38_00184_02293,0.9431298437906537,0.0020419993250598845
219dd3cdd7fd594b,2021.08.31.14.01.15_veh-40_01576_01714,0.9718065875913635,2021.08.31.14.01.15_veh-40_01576_01714,0.9736055673248928,0.0017989797335292712
21b0e617e7895ac7,2021.07.09.15.53.28_veh-38_00184_02293,0.9729211854339578,2021.07.09.15.53.28_veh-38_00184_02293,0.974575408716121,0.0016542232821632474
21b4fab862a858b8,2021.10.05.08.11.15_veh-50_00437_00585,0.9018036562419559,2021.10.05.08.11.15_veh-50_00437_00585,0.9039763415571377,0.002172685315181777
21c0033d52fd5d2e,2021.07.09.15.53.28_veh-38_00184_02293,0.9587522609476404,2021.07.09.15.53.28_veh-38_00184_02293,0.9608669141130924,0.0021146531654520073
21c95e7693d35dfd,2021.06.09.17.23.18_veh-38_01598_01750,1.0,2021.06.09.17.23.18_veh-38_01598_01750,1.0,0.0
220ebf89f21c58e4,2021.07.09.20.26.06_veh-35_02793_03289,1.0,2021.07.09.20.26.06_veh-35_02793_03289,1.0,0.0
22119d9673db504e,2021.10.05.08.11.15_veh-50_00437_00585,0.8434025785046723,2021.10.05.08.11.15_veh-50_00437_00585,0.8445198050620834,0.0011172265574110885
2289e9f520ca5cb5,2021.07.09.15.53.28_veh-38_00184_02293,1.0,2021.07.09.15.53.28_veh-38_00184_02293,1.0,0.0
22903ed6b4b45809,2021.10.05.08.11.15_veh-50_00437_00585,0.8629954297923214,2021.10.05.08.11.15_veh-50_00437_00585,0.8640015808599749,0.00100615106765356
2326cface78153de,2021.07.09.15.53.28_veh-38_00184_02293,1.0,2021.07.09.15.53.28_veh-38_00184_02293,1.0,0.0
23732000986756bd,2021.07.09.20.26.06_veh-35_02793_03289,0.9386212333231797,2021.07.09.20.26.06_veh-35_02793_03289,0.9405834889035063,0.0019622555803265884
2376051bafd45146,2021.07.09.15.53.28_veh-38_00184_02293,1.0,2021.07.09.15.53.28_veh-38_00184_02293,1.0,0.0
2395e3e90cdf5b9a,2021.06.09.12.51.31_veh-35_01729_02626,1.0,2021.06.09.12.51.31_veh-35_01729_02626,1.0,0.0
23c7e87c04f759c9,2021.07.09.15.53.28_veh-38_00184_02293,0.9080344332815377,2021.07.09.15.53.28_veh-38_00184_02293,0.9102734040978057,0.0022389708162680044
23e4660a0f365854,2021.06.23.17.31.36_veh-16_00016_00377,0.8777872524366575,2021.06.23.17.31.36_veh-16_00016_00377,0.8793913757102961,0.0016041232736386801
2406f00812785216,2021.07.09.15.53.28_veh-38_00184_02293,0.9846560459069257,2021.07.09.15.53.28_veh-38_00184_02293,0.9861309358696886,0.0014748899627629042
243375d424865825,2021.10.11.02.57.41_veh-50_02155_02265,0.8991870810906679,2021.10.11.02.57.41_veh-50_02155_02265,0.9011647881573683,0.001977707066700418
243432f80b85567a,2021.07.09.15.53.28_veh-38_00184_02293,1.0,2021.07.09.15.53.28_veh-38_00184_02293,1.0,0.0
244393f5bb9f567c,2021.06.09.12.06.35_veh-35_01164_01494,1.0,2021.06.09.12.06.35_veh-35_01164_01494,1.0,0.0
2450f437ff34588e,2021.06.09.12.06.35_veh-35_01164_01494,0.9685151576558456,2021.06.09.12.06.35_veh-35_01164_01494,0.9703122463805233,0.0017970887246776535
24531603f9315046,2021.10.05.08.11.15_veh-50_00437_00585,0.9581829770040736,2021.10.05.08.11.15_veh-50_00437_00585,0.9597300022593248,0.0015470252552511887
246269dcd9845878,2021.06.09.12.51.31_veh-35_01729_02626,0.8163181184984922,2021.06.09.12.51.31_veh-35_01729_02626,0.8186991049696735,0.0023809864711812345
248f2530124b5812,2021.06.09.12.51.31_veh-35_01729_02626,1.0,2021.06.09.12.51.31_veh-35_01729_02626,1.0,0.0
24c57bb0eceb546a,2021.07.09.15.53.28_veh-38_00184_02293,1.0,2021.07.09.15.53.28_veh-38_00184_02293,1.0,0.0
24e8dff0a3fb5d73,2021.08.31.11.47.30_veh-40_00919_01000,1.0,2021.08.31.11.47.30_veh-40_00919_01000,1.0,0.0
24f4c4b3cc8554aa,2021.10.05.07.49.39_veh-52_00770_00905,0.861852555766339,2021.10.05.07.49.39_veh-52_00770_00905,0.8630942030522512,0.0012416472859121397
24f6ff800c7758e8,2021.07.09.15.53.28_veh-38_00184_02293,1.0,2021.07.09.15.53.28_veh-38_00184_02293,1.0,0.0
2518c058a2765f66,2021.07.09.15.53.28_veh-38_00184_02293,0.9753274929209447,2021.07.09.15.53.28_veh-38_00184_02293,0.9769988105306178,0.0016713176096730953
252aca165e205caf,2021.06.23.17.31.36_veh-16_00016_00377,1.0,2021.06.23.17.31.36_veh-16_00016_00377,1.0,0.0
252c2880193354f5,2021.06.09.17.23.18_veh-38_01598_01750,1.0,2021.06.09.17.23.18_veh-38_01598_01750,1.0,0.0
252dcf3264285f7e,2021.07.09.20.26.06_veh-35_02793_03289,1.0,2021.07.09.20.26.06_veh-35_02793_03289,1.0,0.0
2546a09ed60755b9,2021.06.23.17.31.36_veh-16_00016_00377,0.9234964405457168,2021.06.23.17.31.36_veh-16_00016_00377,0.925121957696657,0.00162551715094017
258edbf6a22c5312,2021.06.09.12.51.31_veh-35_01729_02626,0.900925488031004,2021.06.09.12.51.31_veh-35_01729_02626,0.9031259780493293,0.0022004900183252296
25b3e3f15fcc5058,2021.07.09.15.53.28_veh-38_00184_02293,1.0,2021.07.09.15.53.28_veh-38_00184_02293,1.0,0.0
25e8140e88165353,2021.10.11.02.57.41_veh-50_02155_02265,0.9152113869443248,2021.10.11.02.57.41_veh-50_02155_02265,0.9172681164097559,0.0020567294654311175
25ef4e856bab540e,2021.10.05.07.49.39_veh-52_00770_00905,0.9026643457889478,2021.10.05.07.49.39_veh-52_00770_00905,0.9049591963788925,0.002294850589944719
25f2e28652bc5f06,2021.10.05.08.11.15_veh-50_00437_00585,0.9103406818784467,2021.10.05.08.11.15_veh-50_00437_00585,0.9122663603588731,0.0019256784804263516
261221d5c5fc5fa7,2021.10.05.07.49.39_veh-52_00770_00905,0.9113783784887971,2021.10.05.07.49.39_veh-52_00770_00905,0.913068419324036,0.0016900408352389373
263e3ce08f7e5a9e,2021.07.09.15.53.28_veh-38_00184_02293,1.0,2021.07.09.15.53.28_veh-38_00184_02293,1.0,0.0
265d51badd8658b4,2021.10.11.02.57.41_veh-50_02155_02265,0.8534614104221863,2021.10.11.02.57.41_veh-50_02155_02265,0.8549451436461067,0.0014837332239204803
2660a8dfda2a550d,2021.07.09.15.53.28_veh-38_00184_02293,1.0,2021.07.09.15.53.28_veh-38_00184_02293,1.0,0.0
26a3cea95f035c1d,2021.07.09.20.26.06_veh-35_02793_03289,0.8301431249200603,2021.07.09.20.26.06_veh-35_02793_03289,0.8312968854516211,0.001153760531560799
26d62f55fe175782,2021.06.09.17.23.18_veh-38_01598_01750,0.956832681860816,2021.06.09.17.23.18_veh-38_01598_01750,0.9585329652768939,0.0017002834160778635
27019672a76d5c98,2021.06.09.12.06.35_veh-35_01164_01494,0.9747268045104481,2021.06.09.12.06.35_veh-35_01164_01494,0.9769270663868399,0.0022002618763917736
270857aa66a15114,2021.06.09.12.06.35_veh-35_01164_01494,0.8908881938014641,2021.06.09.12.06.35_veh-35_01164_01494,0.8925627633650501,0.0016745695635860258
2754ab87df25534c,2021.10.05.08.11.15_veh-50_00437_00585,0.8158569322398622,2021.10.05.08.11.15_veh-50_00437_00585,0.8174317623806356,0.00157483014077342
276846ef566e5945,2021.07.09.15.53.28_veh-38_00184_02293,0.9273120147824265,2021.07.09.15.53.28_veh-38_00184_02293,0.9292286722695445,0.0019166574871180009
278bbdb04c555733,2021.10.05.07.49.39_veh-52_00770_00905,0.8790682652242149,2021.10.05.07.49.39_veh-52_00770_00905,0.8807035713433566,0.001635306119141755
279398536da35c2b,2021.06.09.12.06.35_veh-35_01164_01494,0.9189499536378632,2021.06.09.12.06.35_veh-35_01164_01494,0.920806176183849,0.0018562225459857196
27d7adfa2e2d541b,2021.07.09.15.53.28_veh-38_00184_02293,0.9881271447632175,2021.07.09.15.53.28_veh-38_00184_02293,0.9908953274849179,0.0027681827217004296
27df9e405dfa51cf,2021.07.09.15.53.28_veh-38_00184_02293,1.0,2021.07.09.15.53.28_veh-38_00184_02293,1.0,0.0
282c1d78530d593f,2021.10.05.07.49.39_veh-52_00770_00905,0.9278415303698214,2021.10.05.07.49.39_veh-52_00770_00905,0.9298717104763486,0.002030180106527224
2836a66135315e7f,2021.07.09.15.53.28_veh-38_00184_02293,1.0,2021.07.09.15.53.28_veh-38_00184_02293,1.0,0.0
28b2841dfc80526b,2021.08.31.14.01.15_veh-40_01576_01714,0.9222461509551078,2021.08.31.14.01.15_veh-40_01576_01714,0.9241279175495136,0.0018817665944058648
28d90079bec557cf,2021.10.11.02.57.41_veh-50_02155_02265,0.8582327747682109,2021.10.11.02.57.41_veh-50_02155_02265,0.859894106276709,0.0016613315084981206
28e2bc1f058454a6,2021.07.09.20.26.06_veh-35_02793_03289,0.9253763743987667,2021.07.09.20.26.06_veh-35_02793_03289,0.9275700251990111,0.002193650800244362
293144d2f3ec5131,2021.07.09.15.53.28_veh-38_00184_02293,1.0,2021.07.09.15.53.28_veh-38_00184_02293,1.0,0.0
2962782cdb8e59b1,2021.07.09.15.53.28_veh-38_00184_02293,1.0,2021.07.09.15.53.28_veh-38_00184_02293,1.0,0.0
297c4fe13c4c5640,2021.07.09.15.53.28_veh-38_00184_02293,1.0,2021.07.09.15.53.28_veh-38_00184_02293,1.0,0.0
2999ded848495d55,2021.07.09.15.53.28_veh-38_00184_02293,1.0,2021.07.09.15.53.28_veh-38_00184_02293,1.0,0.0
29b843e9d1145127,2021.06.23.17.31.36_veh-16_00016_00377,0.9489191514384204,2021.06.23.17.31.36_veh-16_00016_00377,0.951263164052281,0.0023440126138605244
29ff4b56af185819,2021.07.09.20.26.06_veh-35_02793_03289,0.9457882600622268,2021.07.09.20.26.06_veh-35_02793_03289,0.948624904762538,0.002836644700311197
2a4f7a1a42b759a7,2021.10.11.02.57.41_veh-50_02155_02265,0.9066968317694974,2021.10.11.02.57.41_veh-50_02155_02265,0.9087479252823338,0.0020510935128363883
2a9ea017fb55572b,2021.06.23.17.31.36_veh-16_00016_00377,0.9259618811557934,2021.06.23.17.31.36_veh-16_00016_00377,0.9281433952781715,0.002181514122378103
2ac1b274b9f2525a,2021.06.09.12.51.31_veh-35_01729_02626,0.9560387955027214,2021.06.09.12.51.31_veh-35_01729_02626,0.9592976304341557,0.003258834931434307
2add9922dc495e95,2021.07.09.15.53.28_veh-38_00184_02293,0.9129359916342596,2021.07.09.15.53.28_veh-38_00184_02293,0.9148790076683252,0.0019430160340655478
2ae099469caa5693,2021.08.31.14.01.15_veh-40_01576_01714,0.933598192907818,2021.08.31.14.01.15_veh-40_01576_01714,0.9353134779211704,0.0017152850133523856
2b1b98be0fd55a97,2021.10.11.02.57.41_veh-50_01028_01289,0.8806363464749829,2021.10.11.02.57.41_veh-50_01028_01289,0.8823279688903668,0.0016916224153838977
2bade763a35e571a,2021.07.09.15.53.28_veh-38_00184_02293,0.9588675359890028,2021.07.09.15.53.28_veh-38_00184_02293,0.9613690352719922,0.0025014992829894833
2bda22fbdbbb50a8,2021.06.09.12.06.35_veh-35_01164_01494,0.9084522502102382,2021.06.09.12.06.35_veh-35_01164_01494,0.9106524891810329,0.002200238970794688
2c1795e29af65a31,2021.06.09.20.26.11_veh-35_00970_01216,0.8926798257265195,2021.06.09.20.26.11_veh-35_00970_01216,0.894704535169574,0.002024709443054551
2c1db842cc915519,2021.07.09.15.53.28_veh-38_00184_02293,1.0,2021.07.09.15.53.28_veh-38_00184_02293,1.0,0.0
2c32ea8c5ef05290,2021.10.05.07.49.39_veh-52_00770_00905,0.9614272989703307,2021.10.05.07.49.39_veh-52_00770_00905,0.9649508183359504,0.003523519365619676
2c45cd8490f850ef,2021.06.09.14.50.36_veh-26_02826_02955,1.0,2021.06.09.14.50.36_veh-26_02826_02955,1.0,0.0
2cdbdd95aaba57f0,2021.06.09.12.51.31_veh-35_01729_02626,1.0,2021.06.09.12.51.31_veh-35_01729_02626,1.0,0.0
2d4ac7e75090575c,2021.10.11.02.57.41_veh-50_02155_02265,0.8788357063167105,2021.10.11.02.57.41_veh-50_02155_02265,0.8806259026907716,0.0017901963740610816
2d903e0fb16154d9,2021.07.09.15.53.28_veh-38_00184_02293,1.0,2021.07.09.15.53.28_veh-38_00184_02293,1.0,0.0
2d9e55899f36514b,2021.07.09.15.53.28_veh-38_00184_02293,1.0,2021.07.09.15.53.28_veh-38_00184_02293,1.0,0.0
2da0a5236af95e03,2021.07.09.15.53.28_veh-38_00184_02293,0.9419652434469902,2021.07.09.15.53.28_veh-38_00184_02293,0.943761692220316,0.0017964487733258538
2dc965586c945547,2021.06.09.12.51.31_veh-35_01729_02626,0.9654661703316663,2021.06.09.12.51.31_veh-35_01729_02626,0.9673947822363494,0.0019286119046831862
2dd00be7ed615ecc,2021.06.09.12.51.31_veh-35_01729_02626,1.0,2021.06.09.12.51.31_veh-35_01729_02626,1.0,0.0
2deba0b0afad5472,2021.08.31.14.01.15_veh-40_01576_01714,0.9311132556793035,2021.08.31.14.01.15_veh-40_01576_01714,0.9335860082049002,0.0024727525255967553
2df6dad2e3c4525a,2021.10.11.02.57.41_veh-50_01028_01289,0.8737831584069987,2021.10.11.02.57.41_veh-50_01028_01289,0.8757243978175241,0.001941239410525375
2e524a06f4bc59e8,2021.06.09.12.06.35_veh-35_01164_01494,0.889365327580309,2021.06.09.12.06.35_veh-35_01164_01494,0.8909083490745372,0.0015430214942282472
2e7a9b2142ec529f,2021.06.09.17.23.18_veh-38_01598_01750,0.861400181031693,2021.06.09.17.23.18_veh-38_01598_01750,0.8641769463667622,0.002776765335069209
2eb20ba165855d43,2021.07.09.20.26.06_veh-35_02793_03289,1.0,2021.07.09.20.26.06_veh-35_02793_03289,1.0,0.0
2f096c8bde855396,2021.07.09.15.53.28_veh-38_00184_02293,0.9500860356466001,2021.07.09.15.53.28_veh-38_00184_02293,0.9527266415158184,0.0026406058692183265
2f1560380fb05985,2021.10.05.07.49.39_veh-52_00770_00905,0.9301179809093717,2021.10.05.07.49.39_veh-52_00770_00905,0.9323172588097933,0.0021992779004216256
2f2535fbdd395025,2021.07.09.15.53.28_veh-38_00184_02293,1.0,2021.07.09.15.53.28_veh-38_00184_02293,1.0,0.0
2f2bc1e20be4545e,2021.07.09.20.26.06_veh-35_02793_03289,0.9198842525738508,2021.07.09.20.26.06_veh-35_02793_03289,0.9223024914708556,0.0024182388970048763
2f81ef9b7def5cfb,2021.10.11.02.57.41_veh-50_02155_02265,0.8997782024255746,2021.10.11.02.57.41_veh-50_02155_02265,0.90135202635823,0.0015738239326553716
2fb80e8e9597522f,2021.06.09.12.06.35_veh-35_01164_01494,0.9366090424089029,2021.06.09.12.06.35_veh-35_01164_01494,0.9386666083361378,0.002057565927234939
2fd7bef75431592e,2021.08.31.11.47.30_veh-40_00919_01000,0.9591866899501525,2021.08.31.11.47.30_veh-40_00919_01000,0.9611670907867264,0.0019804008365738035
2fffb118c5535879,2021.06.09.12.06.35_veh-35_01164_01494,0.9219211418860921,2021.06.09.12.06.35_veh-35_01164_01494,0.9241534621792606,0.002232320293168555
308b33a531c35c7a,2021.07.09.15.53.28_veh-38_00184_02293,0.9202942295969496,2021.07.09.15.53.28_veh-38_00184_02293,0.9218491686478222,0.0015549390508725613
309d25c4b0535a45,2021.07.09.15.53.28_veh-38_00184_02293,0.0,2021.07.09.15.53.28_veh-38_00184_02293,0.9687033129046858,0.9687033129046858
30b7a3bf71b956de,2021.06.23.17.31.36_veh-16_00016_00377,0.9968779508256169,2021.06.23.17.31.36_veh-16_00016_00377,0.9985198708249875,0.001641919999370578
30c294d478ee5953,2021.07.09.20.26.06_veh-35_02793_03289,0.9168716752030578,2021.07.09.20.26.06_veh-35_02793_03289,0.9194870706848034,0.002615395481745608
30c5555824025240,2021.07.09.20.26.06_veh-35_02793_03289,0.905358444993797,2021.07.09.20.26.06_veh-35_02793_03289,0.9071863793581451,0.0018279343643480273
310a3ad9c0cf5eb6,2021.10.05.07.49.39_veh-52_00770_00905,0.9707971038278993,2021.10.05.07.49.39_veh-52_00770_00905,0.972569971715101,0.0017728678872016568
31232634fe425baa,2021.07.09.20.26.06_veh-35_02793_03289,0.915323199710381,2021.07.09.20.26.06_veh-35_02793_03289,0.9163824069591288,0.001059207248747751
313b06564bf854e4,2021.07.09.15.53.28_veh-38_00184_02293,1.0,2021.07.09.15.53.28_veh-38_00184_02293,1.0,0.0
317266217a3b548d,2021.06.09.20.26.11_veh-35_00970_01216,1.0,2021.06.09.20.26.11_veh-35_00970_01216,1.0,0.0
31c01938dab253e7,2021.07.09.20.26.06_veh-35_02793_03289,1.0,2021.07.09.20.26.06_veh-35_02793_03289,1.0,0.0
31c10b004a0d5f1e,2021.06.09.12.06.35_veh-35_01164_01494,0.9153090658257573,2021.06.09.12.06.35_veh-35_01164_01494,0.9175752791098363,0.002266213284078944
31faa0734016556d,2021.07.09.20.26.06_veh-35_02793_03289,0.9280246300082792,2021.07.09.20.26.06_veh-35_02793_03289,0.9296311118372947,0.0016064818290155713
320bd6309da05bf7,2021.07.09.20.26.06_veh-35_02793_03289,1.0,2021.07.09.20.26.06_veh-35_02793_03289,1.0,0.0
321512a956a25984,2021.07.09.15.53.28_veh-38_00184_02293,0.9247950773806807,2021.07.09.15.53.28_veh-38_00184_02293,0.9271745903023504,0.002379512921669713
3227b869cdd85654,2021.06.23.17.31.36_veh-16_00016_00377,0.8090101765880808,2021.06.23.17.31.36_veh-16_00016_00377,0.8103246278197501,0.0013144512316692891
327c4934e82a54cb,2021.06.09.20.26.11_veh-35_00970_01216,0.9111501084192085,2021.06.09.20.26.11_veh-35_00970_01216,0.9121259485705714,0.0009758401513628723
32940e6a93e95fd5,2021.06.09.12.06.35_veh-35_01164_01494,0.9773232627117939,2021.06.09.12.06.35_veh-35_01164_01494,0.9797616647472207,0.002438402035426779
329975be260c50b7,2021.10.11.02.57.41_veh-50_02155_02265,0.9016829911044865,2021.10.11.02.57.41_veh-50_02155_02265,0.9035583067805305,0.0018753156760440426
329eb6cc8c325f71,2021.06.09.12.06.35_veh-35_01164_01494,0.9095243167056527,2021.06.09.12.06.35_veh-35_01164_01494,0.911505655363499,0.001981338657846332
32aea60d7c7d56bf,2021.07.09.20.26.06_veh-35_02793_03289,1.0,2021.07.09.20.26.06_veh-35_02793_03289,1.0,0.0
33173f63a6ff513d,2021.10.05.08.11.15_veh-50_00437_00585,0.9346123627177113,2021.10.05.08.11.15_veh-50_00437_00585,0.9367254434703657,0.0021130807526543727
33365d03e762561c,2021.10.11.02.57.41_veh-50_02155_02265,0.8776620629596446,2021.10.11.02.57.41_veh-50_02155_02265,0.8797729302405836,0.0021108672809390105
3338316c86985d7e,2021.10.11.02.57.41_veh-50_01028_01289,0.8762036935810968,2021.10.11.02.57.41_veh-50_01028_01289,0.8775841832184529,0.0013804896373560416
334e0e5d1a825334,2021.10.05.07.49.39_veh-52_00770_00905,0.8905422242704853,2021.10.05.07.49.39_veh-52_00770_00905,0.8921574926209357,0.0016152683504503385
3358ac35f0925be9,2021.06.09.14.50.36_veh-26_02826_02955,0.9720652601485567,2021.06.09.14.50.36_veh-26_02826_02955,0.9739613377073185,0.0018960775587618661
338daec6bb7a5aa0,2021.06.09.12.51.31_veh-35_01729_02626,0.8717522078106378,2021.06.09.12.51.31_veh-35_01729_02626,0.8738767835916358,0.002124575780998006
33ee0a5e0f7950f2,2021.06.09.12.51.31_veh-35_01729_02626,0.8196826177929651,2021.06.09.12.51.31_veh-35_01729_02626,0.8221260485918954,0.0024434307989302795
344591ad59d7517d,2021.10.05.08.11.15_veh-50_00437_00585,0.9076253964488603,2021.10.05.08.11.15_veh-50_00437_00585,0.9096200353117897,0.0019946388629293876
346855a3e0115ac3,2021.06.09.20.26.11_veh-35_00970_01216,1.0,2021.06.09.20.26.11_veh-35_00970_01216,1.0,0.0
346d763777e85cd3,2021.06.09.12.51.31_veh-35_01729_02626,0.9323191987279822,2021.06.09.12.51.31_veh-35_01729_02626,0.9338717004476237,0.001552501719641497
34bf46975f2f5276,2021.06.09.17.23.18_veh-38_01598_01750,0.9462343883505047,2021.06.09.17.23.18_veh-38_01598_01750,0.9485302217397215,0.002295833389216795
34ccd8a9f6eb525f,2021.07.09.15.53.28_veh-38_00184_02293,0.9253984973137369,2021.07.09.15.53.28_veh-38_00184_02293,0.9272921823205014,0.0018936850067644562
34d91cf9391650ff,2021.07.09.15.53.28_veh-38_00184_02293,1.0,2021.07.09.15.53.28_veh-38_00184_02293,1.0,0.0
3540468e063052d2,2021.10.11.02.57.41_veh-50_01028_01289,0.8792982492233593,2021.10.11.02.57.41_veh-50_01028_01289,0.8805342549267654,0.0012360057034060956
35daae8d6a4a5b90,2021.06.09.14.50.36_veh-26_02826_02955,0.9610148710294327,2021.06.09.14.50.36_veh-26_02826_02955,0.96410603503613,0.003091164006697289
35f9bb7297745ff8,2021.10.11.02.57.41_veh-50_02155_02265,0.0,2021.10.11.02.57.41_veh-50_02155_02265,0.0,0.0
35fa5b32dd805853,2021.07.09.15.53.28_veh-38_00184_02293,0.8637937531761503,2021.07.09.15.53.28_veh-38_00184_02293,0.8650719050852732,0.0012781519091229487
3670adfe926f58a0,2021.07.09.15.53.28_veh-38_00184_02293,0.8383312554206457,2021.07.09.15.53.28_veh-38_00184_02293,0.8395654419050459,0.0012341864844002126
367be156a8a05da3,2021.07.09.15.53.28_veh-38_00184_02293,0.9758634977535662,2021.07.09.15.53.28_veh-38_00184_02293,0.9780361387319038,0.002172640978337581
36a87f95e5a05e75,2021.06.09.12.06.35_veh-35_01164_01494,0.9583893122634369,2021.06.09.12.06.35_veh-35_01164_01494,0.9610887727660641,0.002699460502627149
36a8cfb3a3f05f1d,2021.07.09.15.53.28_veh-38_00184_02293,0.8339392173966829,2021.07.09.15.53.28_veh-38_00184_02293,0.8371747288833616,0.003235511486678777
36bae31710bc5917,2021.10.05.07.49.39_veh-52_00770_00905,0.8473082060237968,2021.10.05.07.49.39_veh-52_00770_00905,0.8491358367025214,0.001827630678724601
36fd9bb68bca5db1,2021.06.09.17.23.18_veh-38_01598_01750,0.9251023125498333,2021.06.09.17.23.18_veh-38_01598_01750,0.9261334162813147,0.0010311037314814087
3746d6f474565ca0,2021.06.09.12.06.35_veh-35_01164_01494,0.9055795251790939,2021.06.09.12.06.35_veh-35_01164_01494,0.9076317098595102,0.002052184680416347
3756eb6991b05447,2021.07.09.15.53.28_veh-38_00184_02293,1.0,2021.07.09.15.53.28_veh-38_00184_02293,1.0,0.0
375752a086d35d43,2021.07.09.15.53.28_veh-38_00184_02293,0.8684127778805792,2021.07.09.15.53.28_veh-38_00184_02293,0.8710539711793163,0.0026411932987370212
3797925f74955b28,2021.10.01.17.52.06_veh-28_01141_01264,0.9605738050202524,2021.10.01.17.52.06_veh-28_01141_01264,0.9628023439738537,0.002228538953601311
37a37c6486205360,2021.06.09.14.50.36_veh-26_02826_02955,1.0,2021.06.09.14.50.36_veh-26_02826_02955,1.0,0.0
37b87186b6bd5777,2021.10.11.02.57.41_veh-50_02155_02265,0.8771702884779385,2021.10.11.02.57.41_veh-50_02155_02265,0.8791316072660811,0.001961318788142541
37c824c3fc615763,2021.10.11.02.57.41_veh-50_01028_01289,0.9446410567699101,2021.10.11.02.57.41_veh-50_01028_01289,0.9465301701800196,0.0018891134101095552
3847daeaf69250c1,2021.10.01.17.52.06_veh-28_01141_01264,0.8887299576263334,2021.10.01.17.52.06_veh-28_01141_01264,0.8902061513377971,0.0014761937114636803
3898b733bbd9584b,2021.07.09.15.53.28_veh-38_00184_02293,1.0,2021.07.09.15.53.28_veh-38_00184_02293,1.0,0.0
38b30ef31fcf5fa7,2021.07.09.15.53.28_veh-38_00184_02293,0.9354020545109427,2021.07.09.15.53.28_veh-38_00184_02293,0.9368057647892661,0.0014037102783234223
38c5e5d2250f5c35,2021.07.09.15.53.28_veh-38_00184_02293,0.9207939410978417,2021.07.09.15.53.28_veh-38_00184_02293,0.9232701399607599,0.0024761988629181664
38ef1d6a2da75115,2021.10.05.07.49.39_veh-52_00770_00905,0.9121460818474376,2021.10.05.07.49.39_veh-52_00770_00905,0.91435198962612,0.0022059077786823478
38fd20139a7c5e3b,2021.07.09.15.53.28_veh-38_00184_02293,0.9331829898979787,2021.07.09.15.53.28_veh-38_00184_02293,0.9348823061333323,0.0016993162353536873
391be454a99b54ff,2021.07.09.15.53.28_veh-38_00184_02293,0.8875632630469612,2021.07.09.15.53.28_veh-38_00184_02293,0.8896242240736063,0.002060961026645103
39940790a4e65d88,2021.07.09.15.53.28_veh-38_00184_02293,0.9673399725729985,2021.07.09.15.53.28_veh-38_00184_02293,0.9710117032441028,0.0036717306711042674
3998d00b80c55db4,2021.10.11.02.57.41_veh-50_02155_02265,0.8683602845574246,2021.10.11.02.57.41_veh-50_02155_02265,0.8698972233331821,0.001536938775757446
39b992f840615959,2021.07.09.15.53.28_veh-38_00184_02293,1.0,2021.07.09.15.53.28_veh-38_00184_02293,1.0,0.0
39c553550c3a5111,2021.07.09.15.53.28_veh-38_00184_02293,0.9599213811750836,2021.07.09.15.53.28_veh-38_00184_02293,0.9621988372666183,0.0022774560915346242
3a5d0b9a8778529e,2021.10.11.02.57.41_veh-50_01028_01289,1.0,2021.10.11.02.57.41_veh-50_01028_01289,1.0,0.0
3a95ca3177bc57f0,2021.10.11.02.57.41_veh-50_02155_02265,0.8985721661476921,2021.10.11.02.57.41_veh-50_02155_02265,0.9003518011585511,0.001779635010858982
3b4b55afcacf553e,2021.06.09.20.26.11_veh-35_00970_01216,0.9071199747021842,2021.06.09.20.26.11_veh-35_00970_01216,0.9091400757766827,0.0020201010744984593
3b6f237e05365dcf,2021.06.09.12.51.31_veh-35_01729_02626,1.0,2021.06.09.12.51.31_veh-35_01729_02626,1.0,0.0
3bcde9ce94de5b6a,2021.10.11.02.57.41_veh-50_01028_01289,0.868703598257861,2021.10.11.02.57.41_veh-50_01028_01289,0.8703493128798266,0.0016457146219656105
3c0e5824b0785582,2021.06.09.12.06.35_veh-35_01164_01494,1.0,2021.06.09.12.06.35_veh-35_01164_01494,1.0,0.0
3c34952a5b2a549e,2021.06.09.14.50.36_veh-26_02826_02955,1.0,2021.06.09.14.50.36_veh-26_02826_02955,1.0,0.0
3c6c773db2f558e5,2021.06.09.12.06.35_veh-35_01164_01494,0.9179237593374113,2021.06.09.12.06.35_veh-35_01164_01494,0.9195392348180169,0.0016154754806055882
3c7e47f60864523a,2021.10.01.17.52.06_veh-28_01141_01264,0.9415210319446959,2021.10.01.17.52.06_veh-28_01141_01264,0.9438630577745989,0.0023420258299029495
3cabdd7617765132,2021.07.09.15.53.28_veh-38_00184_02293,0.9621789554879442,2021.07.09.15.53.28_veh-38_00184_02293,0.9641744014420093,0.0019954459540650893
3d18f6f0700f5a7b,2021.10.05.07.49.39_veh-52_00770_00905,1.0,2021.10.05.07.49.39_veh-52_00770_00905,1.0,0.0
3d1c606df74c5140,2021.07.09.15.53.28_veh-38_00184_02293,1.0,2021.07.09.15.53.28_veh-38_00184_02293,1.0,0.0
3d2dfc0d66f65d40,2021.07.09.15.53.28_veh-38_00184_02293,1.0,2021.07.09.15.53.28_veh-38_00184_02293,1.0,0.0
3d62676b9d685b3a,2021.06.09.20.26.11_veh-35_00970_01216,1.0,2021.06.09.20.26.11_veh-35_00970_01216,1.0,0.0
3d6d3d1bfafd5c87,2021.07.09.20.26.06_veh-35_02793_03289,1.0,2021.07.09.20.26.06_veh-35_02793_03289,1.0,0.0
3d9a843bb43355c8,2021.07.09.15.53.28_veh-38_00184_02293,1.0,2021.07.09.15.53.28_veh-38_00184_02293,1.0,0.0
3dd3b152b6a95c84,2021.10.11.02.57.41_veh-50_01028_01289,0.9463525876347534,2021.10.11.02.57.41_veh-50_01028_01289,0.9485664930293766,0.0022139053946231835
3de980a9cef75550,2021.10.01.17.52.06_veh-28_01141_01264,0.9614992361478983,2021.10.01.17.52.06_veh-28_01141_01264,0.9638256144905352,0.0023263783426368256
3dee1555ce6f55fb,2021.07.09.15.53.28_veh-38_00184_02293,0.9650548678102746,2021.07.09.15.53.28_veh-38_00184_02293,0.9674490749469813,0.002394207136706683
3df10ba27fc150ed,2021.07.09.15.53.28_veh-38_00184_02293,1.0,2021.07.09.15.53.28_veh-38_00184_02293,1.0,0.0
3df6bd69748e51ec,2021.10.11.02.57.41_veh-50_01028_01289,0.8407715080326615,2021.10.11.02.57.41_veh-50_01028_01289,0.8416257144468089,0.0008542064141473515
3e0257f56dbc5db0,2021.07.09.15.53.28_veh-38_00184_02293,1.0,2021.07.09.15.53.28_veh-38_00184_02293,1.0,0.0
3e34460024d45739,2021.07.09.15.53.28_veh-38_00184_02293,0.9741533971898634,2021.07.09.15.53.28_veh-38_00184_02293,0.975865523556018,0.0017121263661545871
3e36bef4c12f5be7,2021.10.05.08.11.15_veh-50_00437_00585,0.8716879488704921,2021.10.05.08.11.15_veh-50_00437_00585,0.8730042799446526,0.001316331074160515
3e80032635bb59d8,2021.07.09.20.26.06_veh-35_02793_03289,1.0,2021.07.09.20.26.06_veh-35_02793_03289,1.0,0.0
3e9b3b4c0fa85ceb,2021.07.09.15.53.28_veh-38_00184_02293,0.9635369979364201,2021.07.09.15.53.28_veh-38_00184_02293,0.9649199778485054,0.001382979912085247
3e9c4cca896a53f7,2021.06.09.12.51.31_veh-35_01729_02626,1.0,2021.06.09.12.51.31_veh-35_01729_02626,1.0,0.0
3ea3416c97095653,2021.07.09.15.53.28_veh-38_00184_02293,1.0,2021.07.09.15.53.28_veh-38_00184_02293,1.0,0.0
3eca216626d256b3,2021.07.09.15.53.28_veh-38_00184_02293,1.0,2021.07.09.15.53.28_veh-38_00184_02293,1.0,0.0
3f037c2e281b5c8c,2021.06.09.20.26.11_veh-35_00970_01216,0.9344310113572226,2021.06.09.20.26.11_veh-35_00970_01216,0.9368212725764723,0.0023902612192496786
3f19c7116880578a,2021.07.09.15.53.28_veh-38_00184_02293,1.0,2021.07.09.15.53.28_veh-38_00184_02293,1.0,0.0
3f1b608fff335993,2021.07.09.20.26.06_veh-35_02793_03289,1.0,2021.07.09.20.26.06_veh-35_02793_03289,1.0,0.0
3f27444710fd5dfc,2021.08.31.11.47.30_veh-40_00919_01000,0.9199288101319004,2021.08.31.11.47.30_veh-40_00919_01000,0.9219466957273902,0.0020178855954897656
3f4ac4bbbdc05fba,2021.06.09.12.51.31_veh-35_01729_02626,0.9423341500087864,2021.06.09.12.51.31_veh-35_01729_02626,0.9456133970936991,0.003279247084912673
3f69fae28f2b5905,2021.06.09.12.06.35_veh-35_01164_01494,0.9955319404855801,2021.06.09.12.06.35_veh-35_01164_01494,0.9980695945748513,0.002537654089271202
3f83ff89a0b8508a,2021.06.09.12.06.35_veh-35_01164_01494,0.9654670619724953,2021.06.09.12.06.35_veh-35_01164_01494,0.9678227229378974,0.0023556609654020733
3f84de43587e5aef,2021.06.09.12.51.31_veh-35_01729_02626,0.9057452745984408,2021.06.09.12.51.31_veh-35_01729_02626,0.9073978464997653,0.0016525719013245066
3f89da0001805a55,2021.10.11.02.57.41_veh-50_02155_02265,0.8307728390034471,2021.10.11.02.57.41_veh-50_02155_02265,0.8320101257993945,0.0012372867959473677
3fa2f81cff025162,2021.06.23.17.31.36_veh-16_00016_00377,0.9752280665016911,2021.06.23.17.31.36_veh-16_00016_00377,0.9779210752148374,0.002693008713146261
3fdaab2718695484,2021.06.09.12.06.35_veh-35_01164_01494,0.9246473402563155,2021.06.09.12.06.35_veh-35_01164_01494,0.9270257162667268,0.002378376010411354
3fdb06fa757c5bc4,2021.07.09.15.53.28_veh-38_00184_02293,1.0,2021.07.09.15.53.28_veh-38_00184_02293,1.0,0.0
3ff65804fed251f6,2021.10.11.02.57.41_veh-50_02155_02265,0.8692425901244439,2021.10.11.02.57.41_veh-50_02155_02265,0.8709821859580494,0.0017395958336055006
400ad97140e45645,2021.10.11.02.57.41_veh-50_02155_02265,0.0,2021.10.11.02.57.41_veh-50_02155_02265,0.0,0.0
403a5dbfac5e5dc0,2021.07.09.15.53.28_veh-38_00184_02293,0.9565652356444492,2021.07.09.15.53.28_veh-38_00184_02293,0.95939254764351,0.002827311999060833
404cf17b53805018,2021.06.23.17.31.36_veh-16_00016_00377,0.8312105207422967,2021.06.23.17.31.36_veh-16_00016_00377,0.8326474456784285,0.0014369249361317893
405732349b21524a,2021.06.23.17.31.36_veh-16_00016_00377,1.0,2021.06.23.17.31.36_veh-16_00016_00377,1.0,0.0
40d427a5bcb95ad2,2021.10.05.08.11.15_veh-50_00437_00585,0.9177270373239711,2021.10.05.08.11.15_veh-50_00437_00585,0.9196826880032614,0.001955650679290266
40f9eae0b93e5fa4,2021.07.09.15.53.28_veh-38_00184_02293,0.9080817747991613,2021.07.09.15.53.28_veh-38_00184_02293,0.9096954379948032,0.0016136631956419345
411704ad095950e8,2021.10.11.02.57.41_veh-50_01028_01289,0.8548381697357254,2021.10.11.02.57.41_veh-50_01028_01289,0.8562200385959237,0.0013818688601983098
411aeffde8b7585c,2021.07.09.20.26.06_veh-35_02793_03289,0.8412979080907684,2021.07.09.20.26.06_veh-35_02793_03289,0.843379560183675,0.0020816520929065607
4153f9fad2735b7d,2021.07.09.20.26.06_veh-35_02793_03289,0.8742140905231331,2021.07.09.20.26.06_veh-35_02793_03289,0.8753654782390052,0.0011513877158720875
41c88af990a15d28,2021.07.09.15.53.28_veh-38_00184_02293,0.9686252876621078,2021.07.09.15.53.28_veh-38_00184_02293,0.9707951554935805,0.0021698678314727715
41c8ecae08035b9f,2021.06.09.12.51.31_veh-35_01729_02626,0.8924227468463685,2021.06.09.12.51.31_veh-35_01729_02626,0.8944787464140549,0.0020559995676864284
4209beddef055db5,2021.10.11.02.57.41_veh-50_02155_02265,0.8995379213364557,2021.10.11.02.57.41_veh-50_02155_02265,0.9017259088578485,0.00218798752139282
426ed461133659f6,2021.07.09.15.53.28_veh-38_00184_02293,1.0,2021.07.09.15.53.28_veh-38_00184_02293,1.0,0.0
42ba979bc4555510,2021.06.09.12.06.35_veh-35_01164_01494,0.9876581776440417,2021.06.09.12.06.35_veh-35_01164_01494,0.9898661701378787,0.0022079924938369633
430bf2218f6454aa,2021.06.09.12.51.31_veh-35_01729_02626,0.8143562065056945,2021.06.09.12.51.31_veh-35_01729_02626,0.8164716231942698,0.002115416688575289
430e3153311b5792,2021.07.09.15.53.28_veh-38_00184_02293,1.0,2021.07.09.15.53.28_veh-38_00184_02293,1.0,0.0
43344715c88b50bc,2021.10.05.07.49.39_veh-52_00770_00905,0.8820207127170233,2021.10.05.07.49.39_veh-52_00770_00905,0.883630697862586,0.0016099851455626535
433f5b72f4465952,2021.06.09.12.06.35_veh-35_01164_01494,0.9451352895478515,2021.06.09.12.06.35_veh-35_01164_01494,0.9471555219047333,0.002020232356881757
43780b9368175ad1,2021.07.09.15.53.28_veh-38_00184_02293,1.0,2021.07.09.15.53.28_veh-38_00184_02293,1.0,0.0
43a10e21990254ae,2021.06.09.20.26.11_veh-35_00970_01216,0.9420895764623939,2021.06.09.20.26.11_veh-35_00970_01216,0.943944010185659,0.0018544337232651031
43ab1fa546f15565,2021.07.09.20.26.06_veh-35_02793_03289,0.9196886360734594,2021.07.09.20.26.06_veh-35_02793_03289,0.9215911933993887,0.001902557325929255
43e443ef433256ae,2021.06.09.14.50.36_veh-26_02826_02955,0.9040635301497261,2021.06.09.14.50.36_veh-26_02826_02955,0.9061318957939468,0.0020683656442207488
4447336863e85fee,2021.10.11.02.57.41_veh-50_02155_02265,0.8978952266395354,2021.10.11.02.57.41_veh-50_02155_02265,0.8995770670727018,0.0016818404331664372
44ff523a46c05629,2021.10.05.07.49.39_veh-52_00770_00905,0.878087165457294,2021.10.05.07.49.39_veh-52_00770_00905,0.8799944146314288,0.001907249174134762
45024816c0275064,2021.10.05.07.49.39_veh-52_00770_00905,0.8704737021584567,2021.10.05.07.49.39_veh-52_00770_00905,0.8721101257296727,0.0016364235712160724
450824ec3ef35679,2021.07.09.15.53.28_veh-38_00184_02293,0.904423535587903,2021.07.09.15.53.28_veh-38_00184_02293,0.907736590625628,0.0033130550377249435
450f27a1f39652ec,2021.07.09.20.26.06_veh-35_02793_03289,0.9371390882308249,2021.07.09.20.26.06_veh-35_02793_03289,0.9422220382881563,0.005082950057331392
451111f6221956c4,2021.06.09.17.23.18_veh-38_01598_01750,1.0,2021.06.09.17.23.18_veh-38_01598_01750,1.0,0.0
45141a99f80a5ca4,2021.10.11.02.57.41_veh-50_02155_02265,0.8728323379434736,2021.10.11.02.57.41_veh-50_02155_02265,0.8748049751783359,0.0019726372348622956
451778af83945a84,2021.07.09.15.53.28_veh-38_00184_02293,1.0,2021.07.09.15.53.28_veh-38_00184_02293,1.0,0.0
4531dcdda8b55e7e,2021.07.09.15.53.28_veh-38_00184_02293,1.0,2021.07.09.15.53.28_veh-38_00184_02293,1.0,0.0
454730f7ec7a53d5,2021.07.09.15.53.28_veh-38_00184_02293,0.83977164828119,2021.07.09.15.53.28_veh-38_00184_02293,0.8410656593004968,0.0012940110193068177
455a180c084a5fe3,2021.07.09.15.53.28_veh-38_00184_02293,1.0,2021.07.09.15.53.28_veh-38_00184_02293,1.0,0.0
459f16faaa0e51bf,2021.10.11.02.57.41_veh-50_01028_01289,0.8601354703658796,2021.10.11.02.57.41_veh-50_01028_01289,0.8615932120805602,0.0014577417146806049
4654d4efac165b55,2021.07.09.15.53.28_veh-38_00184_02293,0.9825517753396756,2021.07.09.15.53.28_veh-38_00184_02293,0.985093252437176,0.002541477097500411
46f4df809f995260,2021.07.09.15.53.28_veh-38_00184_02293,1.0,2021.07.09.15.53.28_veh-38_00184_02293,1.0,0.0
473469a94bd255b5,2021.06.09.12.06.35_veh-35_01164_01494,0.886272128172875,2021.06.09.12.06.35_veh-35_01164_01494,0.8882111313779903,0.0019390032051153083
47520165cdf25645,2021.06.09.20.26.11_veh-35_00970_01216,0.9058339415405484,2021.06.09.20.26.11_veh-35_00970_01216,0.9074246774638354,0.0015907359232869567
4761f5676fad5760,2021.07.09.15.53.28_veh-38_00184_02293,0.9113160909854906,2021.07.09.15.53.28_veh-38_00184_02293,0.9134159549612196,0.0020998639757290327
47758e53165b5478,2021.06.09.12.51.31_veh-35_01729_02626,0.8786040976350707,2021.06.09.12.51.31_veh-35_01729_02626,0.8800164378966393,0.0014123402615685565
47dd5e581cf559fd,2021.06.09.12.51.31_veh-35_01729_02626,0.9750188245207841,2021.06.09.12.51.31_veh-35_01729_02626,0.9775071560342768,0.002488331513492703
4800b224fabb56f2,2021.07.09.15.53.28_veh-38_00184_02293,0.916111333396338,2021.07.09.15.53.28_veh-38_00184_02293,0.9181532335958696,0.0020419001995316544
486ae50490cf589c,2021.06.09.12.51.31_veh-35_01729_02626,0.997834724580533,2021.06.09.12.51.31_veh-35_01729_02626,1.0,0.002165275419466983
4876b61c929f5180,2021.10.05.08.11.15_veh-50_00437_00585,0.9307490004653195,2021.10.05.08.11.15_veh-50_00437_00585,0.9331059510244261,0.002356950559106563
4878391796105da9,2021.10.05.08.11.15_veh-50_00437_00585,0.8618839944455816,2021.10.05.08.11.15_veh-50_00437_00585,0.8641791452267954,0.002295150781213784
48e72666aed858f6,2021.07.09.15.53.28_veh-38_00184_02293,1.0,2021.07.09.15.53.28_veh-38_00184_02293,1.0,0.0
48ed922936d85f0d,2021.07.09.20.26.06_veh-35_02793_03289,0.8868694304337749,2021.07.09.20.26.06_veh-35_02793_03289,0.8883047206768818,0.001435290243106957
48fc3189008a5754,2021.08.31.11.47.30_veh-40_00919_01000,0.9453460768353538,2021.08.31.11.47.30_veh-40_00919_01000,0.9466284457129364,0.0012823688775825959
48ff23d4f1d15802,2021.06.09.12.06.35_veh-35_01164_01494,0.9743184710013538,2021.06.09.12.06.35_veh-35_01164_01494,0.977120715279696,0.002802244278342192
490822629fe05bc3,2021.06.09.12.51.31_veh-35_01729_02626,0.8663775085723326,2021.06.09.12.51.31_veh-35_01729_02626,0.8691218462426695,0.0027443376703368827
490c8875ae7a5f43,2021.06.09.20.26.11_veh-35_00970_01216,1.0,2021.06.09.20.26.11_veh-35_00970_01216,1.0,0.0
492174f0a0be5e87,2021.07.09.20.26.06_veh-35_02793_03289,0.9542895512455661,2021.07.09.20.26.06_veh-35_02793_03289,0.9604496391965686,0.006160087951002424
49593af9450356f9,2021.06.09.20.26.11_veh-35_00970_01216,1.0,2021.06.09.20.26.11_veh-35_00970_01216,1.0,0.0
49de524392295e5e,2021.07.09.15.53.28_veh-38_00184_02293,1.0,2021.07.09.15.53.28_veh-38_00184_02293,1.0,0.0
4a0f91eff7365a83,2021.07.09.15.53.28_veh-38_00184_02293,0.9771901177994371,2021.07.09.15.53.28_veh-38_00184_02293,0.9791416771225453,0.0019515593231081985
4a55e5cc75c55276,2021.06.09.12.51.31_veh-35_01729_02626,1.0,2021.06.09.12.51.31_veh-35_01729_02626,1.0,0.0
4a823fa4423e526b,2021.06.09.17.23.18_veh-38_01598_01750,1.0,2021.06.09.17.23.18_veh-38_01598_01750,1.0,0.0
4aa20b4afd5d585e,2021.06.09.12.06.35_veh-35_01164_01494,0.9128100670859487,2021.06.09.12.06.35_veh-35_01164_01494,0.9163670887335242,0.0035570216475755423
4ab41adbd94856a2,2021.06.09.17.23.18_veh-38_01598_01750,0.9124731235700961,2021.06.09.17.23.18_veh-38_01598_01750,0.9142293552359866,0.0017562316658904509
4ac26d15063b57c9,2021.06.09.20.26.11_veh-35_00970_01216,1.0,2021.06.09.20.26.11_veh-35_00970_01216,1.0,0.0
4b012a201ee458a0,2021.07.09.20.26.06_veh-35_02793_03289,0.8933832285719189,2021.07.09.20.26.06_veh-35_02793_03289,0.8946625435243538,0.00127931495243494
4b0684256b7c514b,2021.06.09.12.06.35_veh-35_01164_01494,0.9508622930539423,2021.06.09.12.06.35_veh-35_01164_01494,0.9528753247612066,0.002013031707264301
4b0db1652aa857f0,2021.06.23.17.31.36_veh-16_00016_00377,1.0,2021.06.23.17.31.36_veh-16_00016_00377,1.0,0.0
4b20e22658c258a4,2021.06.09.12.51.31_veh-35_01729_02626,1.0,2021.06.09.12.51.31_veh-35_01729_02626,1.0,0.0
4b5083dbc8205fd4,2021.07.09.15.53.28_veh-38_00184_02293,0.9693319927444076,2021.07.09.15.53.28_veh-38_00184_02293,0.9713335535819011,0.002001560837493477
4b66fd3a626b5be8,2021.10.01.17.52.06_veh-28_01141_01264,0.9907143973153042,2021.10.01.17.52.06_veh-28_01141_01264,0.9926320471003954,0.0019176497850912355
4b8081ab8642513d,2021.10.11.02.57.41_veh-50_02155_02265,0.8663062744818856,2021.10.11.02.57.41_veh-50_02155_02265,0.8680661484548681,0.0017598739729824953
4b9cb144a34f517d,2021.10.05.07.49.39_veh-52_00770_00905,0.8779922923132397,2021.10.05.07.49.39_veh-52_00770_00905,0.8798173703666224,0.0018250780533827227
4bb5e84b73765d38,2021.06.23.17.31.36_veh-16_00016_00377,1.0,2021.06.23.17.31.36_veh-16_00016_00377,1.0,0.0
4bc9550363e85b1a,2021.07.09.15.53.28_veh-38_00184_02293,1.0,2021.07.09.15.53.28_veh-38_00184_02293,1.0,0.0
4c1205c3cd395ed2,2021.06.09.12.51.31_veh-35_01729_02626,1.0,2021.06.09.12.51.31_veh-35_01729_02626,1.0,0.0
4c2f4189a319584d,2021.10.01.17.52.06_veh-28_01141_01264,0.8232641849922951,2021.10.01.17.52.06_veh-28_01141_01264,0.8246639704848814,0.0013997854925862363
4c353752376d5c25,2021.06.09.12.06.35_veh-35_01164_01494,0.9513967539995148,2021.06.09.12.06.35_veh-35_01164_01494,0.9534914619836762,0.002094707984161337
4c766faa415253e3,2021.06.09.12.51.31_veh-35_01729_02626,0.8493095226672223,2021.06.09.12.51.31_veh-35_01729_02626,0.8512407956043186,0.0019312729370963844
4c85b529b06d5b94,2021.06.09.12.51.31_veh-35_01729_02626,0.842060126490663,2021.06.09.12.51.31_veh-35_01729_02626,0.8450642474893214,0.0030041209986584327
4c93ba429cab5645,2021.07.09.15.53.28_veh-38_00184_02293,0.9740075737336954,2021.07.09.15.53.28_veh-38_00184_02293,0.9771284759142039,0.0031209021805085335
4d0eb0b583f853ff,2021.07.09.15.53.28_veh-38_00184_02293,0.88781116633659,2021.07.09.15.53.28_veh-38_00184_02293,0.8897041736244949,0.0018930072879049797
4d0efac8ead15d25,2021.06.09.20.26.11_veh-35_00970_01216,0.9138002826746131,2021.06.09.20.26.11_veh-35_00970_01216,0.915779157072444,0.001978874397830843
4d134b35adf65ce9,2021.07.09.15.53.28_veh-38_00184_02293,0.9668978203269033,2021.07.09.15.53.28_veh-38_00184_02293,0.9689383091067268,0.002040488779823546
4d30b4c498505f32,2021.06.09.12.51.31_veh-35_01729_02626,0.9350992283548621,2021.06.09.12.51.31_veh-35_01729_02626,0.9366540571442948,0.001554828789432694
4d3bbcab2f7e5b9c,2021.07.09.15.53.28_veh-38_00184_02293,1.0,2021.07.09.15.53.28_veh-38_00184_02293,1.0,0.0
4d431311516d5e88,2021.10.01.17.52.06_veh-28_01141_01264,0.9765570419913958,2021.10.01.17.52.06_veh-28_01141_01264,0.9791610522081671,0.0026040102167712575
4d492375c1705fc3,2021.10.11.02.57.41_veh-50_02155_02265,0.8452528490328085,2021.10.11.02.57.41_veh-50_02155_02265,0.8467990134283269,0.0015461643955183568
4d4d6e694a7f5712,2021.10.11.02.57.41_veh-50_02155_02265,0.8702638951128825,2021.10.11.02.57.41_veh-50_02155_02265,0.8720822955185031,0.001818400405620646
4d540daaddb15826,2021.10.11.02.57.41_veh-50_01028_01289,0.9273338400353622,2021.10.11.02.57.41_veh-50_01028_01289,0.9296031278611786,0.0022692878258163685
4dc05b556a2657fa,2021.10.05.07.49.39_veh-52_00770_00905,0.870156465735685,2021.10.05.07.49.39_veh-52_00770_00905,0.8718005580115529,0.0016440922758679255
4dcfadf46bc25e5e,2021.10.05.07.49.39_veh-52_00770_00905,0.904885911114615,2021.10.05.07.49.39_veh-52_00770_00905,0.9063866757375191,0.0015007646229040494
4e658bb5f80a5664,2021.07.16.22.40.23_veh-38_00204_00360,0.9110546784210238,2021.07.16.22.40.23_veh-38_00204_00360,0.9133538008683321,0.002299122447308233
4e6d17912b905e9e,2021.07.09.15.53.28_veh-38_00184_02293,0.9841105899673313,2021.07.09.15.53.28_veh-38_00184_02293,0.9868680745759825,0.0027574846086512173
4e9c5280dadd5f24,2021.10.05.07.49.39_veh-52_00770_00905,0.9306614884561609,2021.10.05.07.49.39_veh-52_00770_00905,0.9323284693195633,0.0016669808634023342
4f02764ce23c5c1d,2021.10.11.02.57.41_veh-50_01028_01289,1.0,2021.10.11.02.57.41_veh-50_01028_01289,1.0,0.0
4f1bb67e8f4356a0,2021.07.09.15.53.28_veh-38_00184_02293,0.9756049941574245,2021.07.09.15.53.28_veh-38_00184_02293,0.9775192096358684,0.001914215478443837
4f3e703c35e05679,2021.07.09.20.26.06_veh-35_02793_03289,1.0,2021.07.09.20.26.06_veh-35_02793_03289,1.0,0.0
4f54af46fbf95346,2021.06.09.12.51.31_veh-35_01729_02626,1.0,2021.06.09.12.51.31_veh-35_01729_02626,1.0,0.0
4f733785b3b35f8a,2021.07.09.15.53.28_veh-38_00184_02293,0.8105250201217921,2021.07.09.15.53.28_veh-38_00184_02293,0.8119098972273281,0.001384877105536031
4f8295d76d505277,2021.07.09.15.53.28_veh-38_00184_02293,0.8974578162444851,2021.07.09.15.53.28_veh-38_00184_02293,0.899341267373166,0.0018834511286809352
4f9307fe01455d95,2021.07.09.15.53.28_veh-38_00184_02293,0.8310869333475663,2021.07.09.15.53.28_veh-38_00184_02293,0.8336771289244007,0.0025901955768343754
4f9e9b2e8e77599c,2021.06.23.17.31.36_veh-16_00016_00377,1.0,2021.06.23.17.31.36_veh-16_00016_00377,1.0,0.0
4fa81c07c7d75515,2021.07.09.15.53.28_veh-38_00184_02293,1.0,2021.07.09.15.53.28_veh-38_00184_02293,1.0,0.0
4fcd13a2adeb5406,2021.06.09.12.51.31_veh-35_01729_02626,0.9862926066327092,2021.06.09.12.51.31_veh-35_01729_02626,0.9885098661662481,0.0022172595335389067
4fd253304da7581e,2021.10.05.07.49.39_veh-52_00770_00905,0.9078969237674728,2021.10.05.07.49.39_veh-52_00770_00905,0.9098863109087721,0.0019893871412993702
4fe2c5e04d795883,2021.10.11.02.57.41_veh-50_01028_01289,0.8762820254453336,2021.10.11.02.57.41_veh-50_01028_01289,0.8780366955413074,0.0017546700959737427
4ff0a2b15a835463,2021.10.11.02.57.41_veh-50_01028_01289,0.8439361202331632,2021.10.11.02.57.41_veh-50_01028_01289,0.8449131667814916,0.0009770465483284196
4ffe9e73ad0f5c34,2021.06.09.12.51.31_veh-35_01729_02626,0.8491892268125841,2021.06.09.12.51.31_veh-35_01729_02626,0.8504538361039596,0.001264609291375507
5007e9f5013b5580,2021.08.31.14.01.15_veh-40_01576_01714,0.9250222951589356,2021.08.31.14.01.15_veh-40_01576_01714,0.9273386882424443,0.0023163930835086166
505332fa85dc5953,2021.07.09.15.53.28_veh-38_00184_02293,1.0,2021.07.09.15.53.28_veh-38_00184_02293,1.0,0.0
50a4d68137ac5d01,2021.07.09.15.53.28_veh-38_00184_02293,1.0,2021.07.09.15.53.28_veh-38_00184_02293,1.0,0.0
50b0ab9dfc405cae,2021.06.09.12.06.35_veh-35_01164_01494,0.9127452661643405,2021.06.09.12.06.35_veh-35_01164_01494,0.914444773479282,0.0016995073149415063
50d1a9ffaa2c54a4,2021.07.09.20.26.06_veh-35_02793_03289,1.0,2021.07.09.20.26.06_veh-35_02793_03289,1.0,0.0
50de3d17be6c5ced,2021.07.09.20.26.06_veh-35_02793_03289,0.9805698842883341,2021.07.09.20.26.06_veh-35_02793_03289,0.9836616927886057,0.0030918085002715756
50ecb53bbcdd5c19,2021.06.09.12.51.31_veh-35_01729_02626,0.8944624873574117,2021.06.09.12.51.31_veh-35_01729_02626,0.8968529151936204,0.002390427836208686
512f45f4f0ab5a1b,2021.07.09.15.53.28_veh-38_00184_02293,1.0,2021.07.09.15.53.28_veh-38_00184_02293,1.0,0.0
515b07ed8b6a5e82,2021.06.23.17.31.36_veh-16_00016_00377,1.0,2021.06.23.17.31.36_veh-16_00016_00377,1.0,0.0
51649a3ccd735dff,2021.06.09.12.51.31_veh-35_01729_02626,0.9803986316633196,2021.06.09.12.51.31_veh-35_01729_02626,0.9841551062001949,0.0037564745368752206
5185fdb2837d502b,2021.07.09.15.53.28_veh-38_00184_02293,0.9648166790843931,2021.07.09.15.53.28_veh-38_00184_02293,0.9671676251091972,0.0023509460248041236
51bfd099a0795409,2021.08.31.11.47.30_veh-40_00919_01000,0.9303867238785936,2021.08.31.11.47.30_veh-40_00919_01000,0.9328230182608775,0.0024362943822839878
51dc80968c9c5e08,2021.10.05.08.11.15_veh-50_00437_00585,0.8860519926749139,2021.10.05.08.11.15_veh-50_00437_00585,0.8878724724360173,0.001820479761103444
51f7835e4ba057be,2021.10.01.17.52.06_veh-28_01141_01264,0.9157803370402089,2021.10.01.17.52.06_veh-28_01141_01264,0.9177700427130047,0.001989705672795772
5224265091a55a68,2021.10.05.07.49.39_veh-52_00770_00905,0.9759497884852065,2021.10.05.07.49.39_veh-52_00770_00905,0.9774312491738643,0.001481460688657732
5224833f970051df,2021.06.09.12.51.31_veh-35_01729_02626,0.8785166091713155,2021.06.09.12.51.31_veh-35_01729_02626,0.8809629638882135,0.002446354716898025
522fca1441c455a1,2021.06.09.12.51.31_veh-35_01729_02626,1.0,2021.06.09.12.51.31_veh-35_01729_02626,1.0,0.0
5238b46a3bea52ce,2021.06.09.17.23.18_veh-38_01598_01750,1.0,2021.06.09.17.23.18_veh-38_01598_01750,1.0,0.0
5280d017318c5f4f,2021.07.09.15.53.28_veh-38_00184_02293,1.0,2021.07.09.15.53.28_veh-38_00184_02293,1.0,0.0
52c34d4f01925f11,2021.10.11.02.57.41_veh-50_02155_02265,0.8620363947531487,2021.10.11.02.57.41_veh-50_02155_02265,0.8635013819969596,0.0014649872438108336
52d9b7c0daa5529a,2021.07.09.20.26.06_veh-35_02793_03289,1.0,2021.07.09.20.26.06_veh-35_02793_03289,1.0,0.0
5328c67f17ae5e3e,2021.07.09.15.53.28_veh-38_00184_02293,0.9389787810720586,2021.07.09.15.53.28_veh-38_00184_02293,0.9410951180383549,0.002116336966296317
537866cb077d586d,2021.07.09.15.53.28_veh-38_00184_02293,1.0,2021.07.09.15.53.28_veh-38_00184_02293,1.0,0.0
5385779df4685a12,2021.06.09.14.50.36_veh-26_02826_02955,1.0,2021.06.09.14.50.36_veh-26_02826_02955,1.0,0.0
539393ec03d3569f,2021.10.11.02.57.41_veh-50_01028_01289,0.8742036174392854,2021.10.11.02.57.41_veh-50_01028_01289,0.8753658654367692,0.0011622479974837674
53947195964b5ddc,2021.07.09.15.53.28_veh-38_00184_02293,1.0,2021.07.09.15.53.28_veh-38_00184_02293,1.0,0.0
539519a77270528a,2021.07.09.15.53.28_veh-38_00184_02293,1.0,2021.07.09.15.53.28_veh-38_00184_02293,1.0,0.0
53a2eb4f1d1b5b6e,2021.06.09.12.51.31_veh-35_01729_02626,1.0,2021.06.09.12.51.31_veh-35_01729_02626,1.0,0.0
53ead5dd09575f56,2021.06.09.17.23.18_veh-38_01598_01750,0.9529318870450475,2021.06.09.17.23.18_veh-38_01598_01750,0.9547533539876804,0.0018214669426328545
53fbf0500ccf5c81,2021.10.11.02.57.41_veh-50_01028_01289,1.0,2021.10.11.02.57.41_veh-50_01028_01289,1.0,0.0
53fc4d372fa5530d,2021.06.09.12.51.31_veh-35_01729_02626,1.0,2021.06.09.12.51.31_veh-35_01729_02626,1.0,0.0
54631ddbf6855a9a,2021.07.09.15.53.28_veh-38_00184_02293,1.0,2021.07.09.15.53.28_veh-38_00184_02293,1.0,0.0
547b22ed67af5503,2021.06.23.17.31.36_veh-16_00016_00377,0.8533943883152006,2021.06.23.17.31.36_veh-16_00016_00377,0.8553011770942699,0.0019067887790692462
54cabf997c2e54ec,2021.07.09.15.53.28_veh-38_00184_02293,0.95220477018998,2021.07.09.15.53.28_veh-38_00184_02293,0.954804890520764,0.0026001203307840504
54d3068f889b58ee,2021.07.09.20.26.06_veh-35_02793_03289,0.881464132410712,2021.07.09.20.26.06_veh-35_02793_03289,0.88278725804421,0.0013231256334980124
54ea093eed9f5c7f,2021.06.09.12.06.35_veh-35_01164_01494,0.934634289253817,2021.06.09.12.06.35_veh-35_01164_01494,0.9366104299783676,0.001976140724550657
550c71438a10581d,2021.07.09.15.53.28_veh-38_00184_02293,1.0,2021.07.09.15.53.28_veh-38_00184_02293,1.0,0.0
551a93bd32f95ef1,2021.10.11.02.57.41_veh-50_02155_02265,0.8870841859161622,2021.10.11.02.57.41_veh-50_02155_02265,0.8889057537318537,0.0018215678156914272
55934aa7214d511e,2021.07.09.20.26.06_veh-35_02793_03289,0.9057452614852859,2021.07.09.20.26.06_veh-35_02793_03289,0.9074314575711065,0.001686196085820657
559a7a5262b355c3,2021.10.11.02.57.41_veh-50_02155_02265,0.8772384021088504,2021.10.11.02.57.41_veh-50_02155_02265,0.8788949946818007,0.001656592572950255
55a358158723559c,2021.07.09.15.53.28_veh-38_00184_02293,1.0,2021.07.09.15.53.28_veh-38_00184_02293,1.0,0.0
55bf0e4266ce5eee,2021.06.09.12.51.31_veh-35_01729_02626,0.9033469642640704,2021.06.09.12.51.31_veh-35_01729_02626,0.9048999691891811,0.0015530049251107902
55c60c81e14e5d94,2021.07.09.15.53.28_veh-38_00184_02293,1.0,2021.07.09.15.53.28_veh-38_00184_02293,1.0,0.0
55d627edf1c05c6c,2021.06.09.12.06.35_veh-35_01164_01494,1.0,2021.06.09.12.06.35_veh-35_01164_01494,1.0,0.0
55d8e5c3dd4657d5,2021.10.11.02.57.41_veh-50_01028_01289,0.8815270999005737,2021.10.11.02.57.41_veh-50_01028_01289,0.8832364677200683,0.0017093678194946005
56197cc9035d51a9,2021.07.09.20.26.06_veh-35_02793_03289,0.9587425460734492,2021.07.09.20.26.06_veh-35_02793_03289,0.9607408183499094,0.001998272276460211
562fcb37e4e05697,2021.07.09.15.53.28_veh-38_00184_02293,1.0,2021.07.09.15.53.28_veh-38_00184_02293,1.0,0.0
5648007488815d22,2021.07.09.15.53.28_veh-38_00184_02293,1.0,2021.07.09.15.53.28_veh-38_00184_02293,1.0,0.0
566e8d71b2da589a,2021.10.05.07.49.39_veh-52_00770_00905,1.0,2021.10.05.07.49.39_veh-52_00770_00905,1.0,0.0
5689b5417b1b59fa,2021.10.11.02.57.41_veh-50_01028_01289,0.8791235450889391,2021.10.11.02.57.41_veh-50_01028_01289,0.8811905020580516,0.002066956969112521
56910770f2c1527a,2021.07.09.20.26.06_veh-35_02793_03289,1.0,2021.07.09.20.26.06_veh-35_02793_03289,1.0,0.0
56951c953e93531f,2021.07.09.15.53.28_veh-38_00184_02293,0.9478925902500149,2021.07.09.15.53.28_veh-38_00184_02293,0.9503309961320118,0.0024384058819968413
56955c6aafab5e58,2021.07.09.15.53.28_veh-38_00184_02293,0.9168351078484456,2021.07.09.15.53.28_veh-38_00184_02293,0.9188515892463615,0.0020164813979158813
56c1c01423045c64,2021.07.09.20.26.06_veh-35_02793_03289,1.0,2021.07.09.20.26.06_veh-35_02793_03289,1.0,0.0
56cbb46576da5737,2021.06.09.20.26.11_veh-35_00970_01216,0.9200586133659732,2021.06.09.20.26.11_veh-35_00970_01216,0.9245376929825099,0.0044790796165367075
5727f0aed1fa5000,2021.07.09.15.53.28_veh-38_00184_02293,1.0,2021.07.09.15.53.28_veh-38_00184_02293,1.0,0.0
572befcf57675103,2021.07.09.15.53.28_veh-38_00184_02293,0.9738239864843149,2021.07.09.15.53.28_veh-38_00184_02293,0.9758796534925155,0.00205566700820059
577dd51dad5c513c,2021.07.09.15.53.28_veh-38_00184_02293,1.0,2021.07.09.15.53.28_veh-38_00184_02293,1.0,0.0
57e56c60ae355a07,2021.06.23.17.31.36_veh-16_00016_00377,0.877090142765612,2021.06.23.17.31.36_veh-16_00016_00377,0.8782859999591291,0.0011958571935171136
57ee8b6bcf335177,2021.08.31.14.01.15_veh-40_01576_01714,1.0,2021.08.31.14.01.15_veh-40_01576_01714,1.0,0.0
57f67c6a726a5dd2,2021.10.11.02.57.41_veh-50_02155_02265,0.8172614257336219,2021.10.11.02.57.41_veh-50_02155_02265,0.8183813208021897,0.0011198950685678
5827e60e48d756b4,2021.06.09.17.23.18_veh-38_01598_01750,0.9224908168116746,2021.06.09.17.23.18_veh-38_01598_01750,0.9243677025008669,0.0018768856891923091
583d770feb1f50e6,2021.07.09.15.53.28_veh-38_00184_02293,1.0,2021.07.09.15.53.28_veh-38_00184_02293,1.0,0.0
58405a1838c55fce,2021.07.09.15.53.28_veh-38_00184_02293,1.0,2021.07.09.15.53.28_veh-38_00184_02293,1.0,0.0
58877588439e5ce1,2021.07.09.15.53.28_veh-38_00184_02293,0.0,2021.07.09.15.53.28_veh-38_00184_02293,0.0,0.0
58be05020c705538,2021.06.09.14.50.36_veh-26_02826_02955,0.8333333333333334,2021.06.09.14.50.36_veh-26_02826_02955,0.8333333333333334,0.0
58bfaccfd1865d81,2021.10.11.02.57.41_veh-50_02155_02265,0.9005860589577285,2021.10.11.02.57.41_veh-50_02155_02265,0.9024994153850466,0.001913356427318158
58d478dd02905d2e,2021.10.05.07.49.39_veh-52_00770_00905,0.8799011507450327,2021.10.05.07.49.39_veh-52_00770_00905,0.8832347037817514,0.0033335530367186728
5911aec9fe745d2a,2021.07.09.15.53.28_veh-38_00184_02293,0.8488346703727153,2021.07.09.15.53.28_veh-38_00184_02293,0.8509726063620103,0.0021379359892950145
592e6aa71cc85423,2021.06.09.12.06.35_veh-35_01164_01494,0.9446982720518354,2021.06.09.12.06.35_veh-35_01164_01494,0.9492806743196865,0.004582402267851116
594cd290a93f538a,2021.10.05.07.49.39_veh-52_00770_00905,0.9019926971846534,2021.10.05.07.49.39_veh-52_00770_00905,0.9034395168181862,0.001446819633532881
5980823125de5b77,2021.06.09.12.06.35_veh-35_01164_01494,0.9157623925692239,2021.06.09.12.06.35_veh-35_01164_01494,0.9174403117598988,0.001677919190674948
59a1bb2069d057ed,2021.06.09.12.51.31_veh-35_01729_02626,0.8110938121159705,2021.06.09.12.51.31_veh-35_01729_02626,0.8132441629077033,0.002150350791732758
59bfda4a7e5956eb,2021.06.09.12.51.31_veh-35_01729_02626,1.0,2021.06.09.12.51.31_veh-35_01729_02626,1.0,0.0
59c510d3bccd5105,2021.07.09.15.53.28_veh-38_00184_02293,0.9475646597519137,2021.07.09.15.53.28_veh-38_00184_02293,0.9495532320618935,0.0019885723099797303
59cd72291d1b5c61,2021.06.09.12.06.35_veh-35_01164_01494,0.9689005390273167,2021.06.09.12.06.35_veh-35_01164_01494,0.9710972432345626,0.0021967042072459364
5a0d659cee41562b,2021.07.09.15.53.28_veh-38_00184_02293,1.0,2021.07.09.15.53.28_veh-38_00184_02293,1.0,0.0
5a4abee0269d5262,2021.06.09.12.51.31_veh-35_01729_02626,0.9370924358444667,2021.06.09.12.51.31_veh-35_01729_02626,0.939216232702027,0.002123796857560367
5a8f0cf120495354,2021.06.23.17.31.36_veh-16_00016_00377,1.0,2021.06.23.17.31.36_veh-16_00016_00377,1.0,0.0
5a9dd500d2f15c87,2021.07.16.22.40.23_veh-38_00204_00360,0.9658924323626762,2021.07.16.22.40.23_veh-38_00204_00360,0.9683976986590106,0.0025052662963344074
5ab86590974953e9,2021.06.09.20.26.11_veh-35_00970_01216,0.9702219158493562,2021.06.09.20.26.11_veh-35_00970_01216,0.9722204570231248,0.00199854117376852
5ad9e7defd1150e4,2021.10.05.08.11.15_veh-50_00437_00585,0.8976069229541114,2021.10.05.08.11.15_veh-50_00437_00585,0.8991935814023536,0.0015866584482422397
5afc918b7a185eaa,2021.07.09.15.53.28_veh-38_00184_02293,1.0,2021.07.09.15.53.28_veh-38_00184_02293,1.0,0.0
5b03bd8400375f7e,2021.08.31.14.01.15_veh-40_01576_01714,0.9696197667025602,2021.08.31.14.01.15_veh-40_01576_01714,0.9717287940391692,0.002109027336609004
5b1c2e8998585889,2021.07.09.15.53.28_veh-38_00184_02293,0.8754123190915045,2021.07.09.15.53.28_veh-38_00184_02293,0.8771518234473419,0.0017395043558373624
5b1c7c1d71e85bd9,2021.06.09.12.06.35_veh-35_01164_01494,0.92653941089877,2021.06.09.12.06.35_veh-35_01164_01494,0.928303501817742,0.0017640909189720055
5b31ae74a6235b13,2021.07.09.15.53.28_veh-38_00184_02293,0.9714952450219974,2021.07.09.15.53.28_veh-38_00184_02293,0.9734235627487169,0.0019283177267195306
5b33f44a53c35e48,2021.07.09.20.26.06_veh-35_02793_03289,1.0,2021.07.09.20.26.06_veh-35_02793_03289,1.0,0.0
5b7e8c4975ba58ec,2021.07.09.20.26.06_veh-35_02793_03289,1.0,2021.07.09.20.26.06_veh-35_02793_03289,1.0,0.0
5b8ed32be3d355d2,2021.07.09.15.53.28_veh-38_00184_02293,0.9675180029571265,2021.07.09.15.53.28_veh-38_00184_02293,0.9695857482070119,0.0020677452498854
5b9d89b5e90257d8,2021.06.09.12.06.35_veh-35_01164_01494,0.9890285949748554,2021.06.09.12.06.35_veh-35_01164_01494,0.9915304932279315,0.002501898253076118
5bb0b67e360f5a85,2021.08.31.11.47.30_veh-40_00919_01000,0.9263756114130045,2021.08.31.11.47.30_veh-40_00919_01000,0.9283852294628621,0.0020096180498575533
5bbe0b33a6375afe,2021.07.09.15.53.28_veh-38_00184_02293,1.0,2021.07.09.15.53.28_veh-38_00184_02293,1.0,0.0
5bdbf4af20945e83,2021.07.09.15.53.28_veh-38_00184_02293,0.9222749767811785,2021.07.09.15.53.28_veh-38_00184_02293,0.9247051889178955,0.0024302121367170137
5be2f48d93925c02,2021.07.09.15.53.28_veh-38_00184_02293,0.9038009288039306,2021.07.09.15.53.28_veh-38_00184_02293,0.9053178427086138,0.0015169139046832258
5bf6deabdf1355a1,2021.10.11.02.57.41_veh-50_02155_02265,0.9039840427417052,2021.10.11.02.57.41_veh-50_02155_02265,0.9056441449946124,0.0016601022529072473
5bfc2ed8a9e55b31,2021.10.11.02.57.41_veh-50_01028_01289,0.8338675525578628,2021.10.11.02.57.41_veh-50_01028_01289,0.8349117679307881,0.0010442153729253167
5c62daecead15772,2021.08.31.14.01.15_veh-40_01576_01714,0.959515120364775,2021.08.31.14.01.15_veh-40_01576_01714,0.9617270919998635,0.002211971635088461
5d0b6e2c0cad53ce,2021.07.09.15.53.28_veh-38_00184_02293,0.8439646347538972,2021.07.09.15.53.28_veh-38_00184_02293,0.8460733240325556,0.002108689278658482
5d2ee5c23b555bac,2021.06.09.12.06.35_veh-35_01164_01494,0.9880925606319488,2021.06.09.12.06.35_veh-35_01164_01494,0.9908296090692458,0.0027370484372969406
5d5971cc468954e3,2021.08.31.14.01.15_veh-40_01576_01714,0.9147157257777995,2021.08.31.14.01.15_veh-40_01576_01714,0.9167720064044835,0.0020562806266840594
5d626b0485e65f74,2021.10.11.02.57.41_veh-50_01028_01289,0.8547980570937486,2021.10.11.02.57.41_veh-50_01028_01289,0.8562189009128925,0.0014208438191439798
5d64663f086f5773,2021.10.05.07.49.39_veh-52_00770_00905,1.0,2021.10.05.07.49.39_veh-52_00770_00905,1.0,0.0
5d6fd74f1a555e69,2021.06.23.17.31.36_veh-16_00016_00377,0.9713008058534934,2021.06.23.17.31.36_veh-16_00016_00377,0.9726660087516185,0.0013652028981250286
5d95e24db2fa5ada,2021.07.09.15.53.28_veh-38_00184_02293,1.0,2021.07.09.15.53.28_veh-38_00184_02293,1.0,0.0
5dc2c6ffad8b5dd5,2021.06.09.12.51.31_veh-35_01729_02626,0.8636828321469002,2021.06.09.12.51.31_veh-35_01729_02626,0.865805029218565,0.002122197071664722
5ded7f2e94075a10,2021.07.16.22.40.23_veh-38_00204_00360,1.0,2021.07.16.22.40.23_veh-38_00204_00360,1.0,0.0
5e6051742abd5859,2021.06.09.12.51.31_veh-35_01729_02626,0.8236105234031906,2021.06.09.12.51.31_veh-35_01729_02626,0.826528566687195,0.002918043284004357
5eea58c0ed9d5b4d,2021.07.09.15.53.28_veh-38_00184_02293,1.0,2021.07.09.15.53.28_veh-38_00184_02293,1.0,0.0
5f1d8aea61145907,2021.10.11.02.57.41_veh-50_01028_01289,0.8549196457083612,2021.10.11.02.57.41_veh-50_01028_01289,0.8567445818704919,0.0018249361621306415
5f2e24464be0511a,2021.07.09.15.53.28_veh-38_00184_02293,0.974078760782699,2021.07.09.15.53.28_veh-38_00184_02293,0.9761907640585857,0.002112003275886787
5f5d82af40575c3a,2021.07.09.15.53.28_veh-38_00184_02293,1.0,2021.07.09.15.53.28_veh-38_00184_02293,1.0,0.0
5f6dc8b1b2475507,2021.06.09.17.23.18_veh-38_01598_01750,1.0,2021.06.09.17.23.18_veh-38_01598_01750,1.0,0.0
5f7dadb16c9858e6,2021.10.11.02.57.41_veh-50_01028_01289,0.8713754517674724,2021.10.11.02.57.41_veh-50_01028_01289,0.8731330159562022,0.0017575641887297433
5f9d781b4e0a5e25,2021.07.09.15.53.28_veh-38_00184_02293,1.0,2021.07.09.15.53.28_veh-38_00184_02293,1.0,0.0
5fbbd408b7395036,2021.07.09.15.53.28_veh-38_00184_02293,1.0,2021.07.09.15.53.28_veh-38_00184_02293,1.0,0.0
5fec23f5a5d052cd,2021.06.09.12.06.35_veh-35_01164_01494,0.9586216373811721,2021.06.09.12.06.35_veh-35_01164_01494,0.9612542915477699,0.0026326541665977476
600b68fede18549b,2021.07.09.20.26.06_veh-35_02793_03289,0.9883100570523689,2021.07.09.20.26.06_veh-35_02793_03289,0.9904667961128396,0.002156739060470758
6033b22b61b55675,2021.10.05.07.49.39_veh-52_00770_00905,0.8542712509235065,2021.10.05.07.49.39_veh-52_00770_00905,0.8554548105024699,0.0011835595789633224
606628cc32715abd,2021.07.09.15.53.28_veh-38_00184_02293,1.0,2021.07.09.15.53.28_veh-38_00184_02293,1.0,0.0
60966830452a5fdb,2021.07.09.15.53.28_veh-38_00184_02293,1.0,2021.07.09.15.53.28_veh-38_00184_02293,1.0,0.0
60c8ea16ac0c5d80,2021.07.09.15.53.28_veh-38_00184_02293,1.0,2021.07.09.15.53.28_veh-38_00184_02293,1.0,0.0
60d83af8e3ec5296,2021.07.09.15.53.28_veh-38_00184_02293,0.997843554155391,2021.07.09.15.53.28_veh-38_00184_02293,1.0,0.002156445844608945
60d918263c15569b,2021.06.09.12.51.31_veh-35_01729_02626,0.8212223942619935,2021.06.09.12.51.31_veh-35_01729_02626,0.824378103964666,0.003155709702672538
60dbf95d482051e1,2021.06.09.12.51.31_veh-35_01729_02626,1.0,2021.06.09.12.51.31_veh-35_01729_02626,1.0,0.0
615150631a0d5359,2021.07.09.15.53.28_veh-38_00184_02293,0.9636215503399276,2021.07.09.15.53.28_veh-38_00184_02293,0.965736311431601,0.0021147610916734116
6158d35892e55941,2021.10.05.08.11.15_veh-50_00437_00585,0.9888285671116455,2021.10.05.08.11.15_veh-50_00437_00585,0.9913684727107328,0.0025399055990873443
619751e2f7d45698,2021.07.09.20.26.06_veh-35_02793_03289,1.0,2021.07.09.20.26.06_veh-35_02793_03289,1.0,0.0
619b51912d2b518f,2021.10.11.02.57.41_veh-50_01028_01289,0.8792274976775473,2021.10.11.02.57.41_veh-50_01028_01289,0.8809588421533485,0.0017313444758012553
61a1cff677ad53ae,2021.07.09.20.26.06_veh-35_02793_03289,1.0,2021.07.09.20.26.06_veh-35_02793_03289,1.0,0.0
61b475b0e8de50d4,2021.07.09.15.53.28_veh-38_00184_02293,0.9348985074306925,2021.07.09.15.53.28_veh-38_00184_02293,0.9367903821459157,0.0018918747152232296
61b8de25e8b35665,2021.06.09.17.23.18_veh-38_01598_01750,0.816387987825609,2021.06.09.17.23.18_veh-38_01598_01750,0.8181477846928651,0.001759796867256136
61ec98105b6454d1,2021.07.09.15.53.28_veh-38_00184_02293,0.830204883402669,2021.07.09.15.53.28_veh-38_00184_02293,0.8319615130214273,0.001756629618758332
6209313b0b66517c,2021.06.23.17.31.36_veh-16_00016_00377,0.9301468002159362,2021.06.23.17.31.36_veh-16_00016_00377,0.9318139797495918,0.0016671795336555828
62292b644c765f2d,2021.07.09.15.53.28_veh-38_00184_02293,0.899429548261744,2021.07.09.15.53.28_veh-38_00184_02293,0.9008795189243175,0.0014499706625734632
629a2f2a44f6575d,2021.06.23.17.31.36_veh-16_00016_00377,0.8617668425638766,2021.06.23.17.31.36_veh-16_00016_00377,0.8637924422698312,0.002025599705954617
62eeaae653ad58c0,2021.07.09.15.53.28_veh-38_00184_02293,1.0,2021.07.09.15.53.28_veh-38_00184_02293,1.0,0.0
6312e02de8755c63,2021.10.11.02.57.41_veh-50_01028_01289,0.9308757330416088,2021.10.11.02.57.41_veh-50_01028_01289,0.9331464292677033,0.0022706962260945485
6320ecb991675a39,2021.10.05.08.11.15_veh-50_00437_00585,0.8616421545999123,2021.10.05.08.11.15_veh-50_00437_00585,0.8630222038348557,0.0013800492349433924
6339f2317047535d,2021.06.23.17.31.36_veh-16_00016_00377,0.9140731902420628,2021.06.23.17.31.36_veh-16_00016_00377,0.916279270384058,0.0022060801419951925
633ee0b9bc865394,2021.06.09.12.06.35_veh-35_01164_01494,0.8881211678748399,2021.06.09.12.06.35_veh-35_01164_01494,0.8896067099321189,0.0014855420572790212
635bb611aa9a56e9,2021.06.09.20.26.11_veh-35_00970_01216,0.861171571564897,2021.06.09.20.26.11_veh-35_00970_01216,0.86260038774433,0.0014288161794330234
63747a8878bf5f38,2021.06.09.12.51.31_veh-35_01729_02626,0.834997553285794,2021.06.09.12.51.31_veh-35_01729_02626,0.8377107069821884,0.002713153696394466
637e5b6294fb5db8,2021.06.09.12.51.31_veh-35_01729_02626,1.0,2021.06.09.12.51.31_veh-35_01729_02626,1.0,0.0
63c8f3d715e85c4f,2021.10.05.08.11.15_veh-50_00437_00585,0.8927693302059277,2021.10.05.08.11.15_veh-50_00437_00585,0.8945279255089232,0.0017585953029954915
63e276d858f35dc0,2021.07.09.15.53.28_veh-38_00184_02293,0.9728896276574449,2021.07.09.15.53.28_veh-38_00184_02293,0.9751778585144929,0.0022882308570479903
63f9372237ab5b50,2021.10.11.02.57.41_veh-50_01028_01289,0.8580451678053892,2021.10.11.02.57.41_veh-50_01028_01289,0.8595025871263541,0.0014574193209648811
6440483e348d5f99,2021.07.09.20.26.06_veh-35_02793_03289,1.0,2021.07.09.20.26.06_veh-35_02793_03289,1.0,0.0
644b320b4ec559de,2021.07.09.15.53.28_veh-38_00184_02293,1.0,2021.07.09.15.53.28_veh-38_00184_02293,1.0,0.0
64832cd542ba5fbc,2021.07.09.20.26.06_veh-35_02793_03289,0.936912614244037,2021.07.09.20.26.06_veh-35_02793_03289,0.9389981885910221,0.0020855743469850863
6483af7092d15ada,2021.06.09.12.51.31_veh-35_01729_02626,1.0,2021.06.09.12.51.31_veh-35_01729_02626,1.0,0.0
649ab25cb5fe57ab,2021.06.09.20.26.11_veh-35_00970_01216,0.9303496933524554,2021.06.09.20.26.11_veh-35_00970_01216,0.9321672893087994,0.0018175959563440092
64f48caa82ee547c,2021.06.23.17.31.36_veh-16_00016_00377,0.9268265416079545,2021.06.23.17.31.36_veh-16_00016_00377,0.9286789782538466,0.001852436645892075
6513ddef308f553f,2021.06.23.17.31.36_veh-16_00016_00377,1.0,2021.06.23.17.31.36_veh-16_00016_00377,1.0,0.0
6524dc3754d95750,2021.07.09.15.53.28_veh-38_00184_02293,0.9496705418614976,2021.07.09.15.53.28_veh-38_00184_02293,0.951322483239891,0.0016519413783934178
6563dc1cfa4f5cce,2021.06.09.20.26.11_veh-35_00970_01216,0.9645860950900991,2021.06.09.20.26.11_veh-35_00970_01216,0.9662632710314307,0.0016771759413316545
65cf5ab5da625c92,2021.07.09.15.53.28_veh-38_00184_02293,1.0,2021.07.09.15.53.28_veh-38_00184_02293,1.0,0.0
65dfcaf9f5ae5544,2021.07.09.15.53.28_veh-38_00184_02293,0.9278633694464337,2021.07.09.15.53.28_veh-38_00184_02293,0.9302913686795069,0.0024279992330732414
65eb702f91da53f9,2021.07.09.20.26.06_veh-35_02793_03289,1.0,2021.07.09.20.26.06_veh-35_02793_03289,1.0,0.0
660a6c8bb9f85c97,2021.06.09.17.23.18_veh-38_01598_01750,1.0,2021.06.09.17.23.18_veh-38_01598_01750,1.0,0.0
6639e46adc8a5387,2021.07.09.15.53.28_veh-38_00184_02293,1.0,2021.07.09.15.53.28_veh-38_00184_02293,1.0,0.0
66817c00a54e53f0,2021.06.09.12.51.31_veh-35_01729_02626,0.9026288181722776,2021.06.09.12.51.31_veh-35_01729_02626,0.904888697336366,0.0022598791640884297
66d11076d8de59c1,2021.07.09.20.26.06_veh-35_02793_03289,0.9334134782137307,2021.07.09.20.26.06_veh-35_02793_03289,0.9357619924651889,0.0023485142514582114
66d20874271b558f,2021.08.31.14.01.15_veh-40_01576_01714,0.9202618010646005,2021.08.31.14.01.15_veh-40_01576_01714,0.9220716802124599,0.0018098791478593501
679848c50acb5b02,2021.06.09.12.06.35_veh-35_01164_01494,1.0,2021.06.09.12.06.35_veh-35_01164_01494,1.0,0.0
67a4f804ff5556cb,2021.08.31.11.47.30_veh-40_00919_01000,0.9111506525286308,2021.08.31.11.47.30_veh-40_00919_01000,0.912777869899459,0.00162721737082816
67b3098372645d8b,2021.10.11.02.57.41_veh-50_01028_01289,0.834351315721749,2021.10.11.02.57.41_veh-50_01028_01289,0.8349596958276676,0.0006083801059185712
685b63993c6750d7,2021.07.09.15.53.28_veh-38_00184_02293,1.0,2021.07.09.15.53.28_veh-38_00184_02293,1.0,0.0
6860494f3bf55348,2021.07.09.20.26.06_veh-35_02793_03289,0.9327473880242935,2021.07.09.20.26.06_veh-35_02793_03289,0.9340823867460853,0.0013349987217918802
68aeef84783d53ea,2021.07.09.20.26.06_veh-35_02793_03289,1.0,2021.07.09.20.26.06_veh-35_02793_03289,1.0,0.0
68d4c704a0fc5cb7,2021.07.09.15.53.28_veh-38_00184_02293,1.0,2021.07.09.15.53.28_veh-38_00184_02293,1.0,0.0
68d60fd55b6b5436,2021.07.09.15.53.28_veh-38_00184_02293,0.921482784957052,2021.07.09.15.53.28_veh-38_00184_02293,0.9249851592664319,0.00350237430937983
694febdb81105aa6,2021.06.09.12.06.35_veh-35_01164_01494,1.0,2021.06.09.12.06.35_veh-35_01164_01494,1.0,0.0
6967bd153dd859aa,2021.07.09.15.53.28_veh-38_00184_02293,0.9965253747254011,2021.07.09.15.53.28_veh-38_00184_02293,0.9987775739590307,0.002252199233629515
6985bce9bf3f5165,2021.07.09.15.53.28_veh-38_00184_02293,1.0,2021.07.09.15.53.28_veh-38_00184_02293,1.0,0.0
69912c13560f5d32,2021.07.09.20.26.06_veh-35_02793_03289,1.0,2021.07.09.20.26.06_veh-35_02793_03289,1.0,0.0
69942d2c55045583,2021.07.09.15.53.28_veh-38_00184_02293,1.0,2021.07.09.15.53.28_veh-38_00184_02293,1.0,0.0
69dc5b99e8495527,2021.07.09.15.53.28_veh-38_00184_02293,0.9660514254597525,2021.07.09.15.53.28_veh-38_00184_02293,0.9683307061167273,0.0022792806569748025
6a0942a7edb6507e,2021.07.16.22.40.23_veh-38_00204_00360,1.0,2021.07.16.22.40.23_veh-38_00204_00360,1.0,0.0
6a2198d9282c54ea,2021.07.09.20.26.06_veh-35_02793_03289,0.9323709516300204,2021.07.09.20.26.06_veh-35_02793_03289,0.9355877515117589,0.003216799881738508
6a2c8800bace516a,2021.07.09.15.53.28_veh-38_00184_02293,0.9540180928422165,2021.07.09.15.53.28_veh-38_00184_02293,0.9559886153483506,0.0019705225061340537
6a5e2d6a365e51e3,2021.10.05.07.49.39_veh-52_00770_00905,1.0,2021.10.05.07.49.39_veh-52_00770_00905,1.0,0.0
6a8d143de4885b52,2021.06.09.20.26.11_veh-35_00970_01216,0.9382577194016101,2021.06.09.20.26.11_veh-35_00970_01216,0.9398682478072334,0.0016105284056233682
6a956d4c705d59fa,2021.06.09.12.51.31_veh-35_01729_02626,0.9216013325463653,2021.06.09.12.51.31_veh-35_01729_02626,0.9234266438278557,0.0018253112814903272
6a9a24d0bacf5229,2021.06.09.12.06.35_veh-35_01164_01494,0.89481595418866,2021.06.09.12.06.35_veh-35_01164_01494,0.8966717820961522,0.001855827907492169
6a9bb2303a4c5c72,2021.08.31.11.47.30_veh-40_00919_01000,0.872581533181524,2021.08.31.11.47.30_veh-40_00919_01000,0.8746681330838134,0.002086599902289432
6aaddfb6748e5902,2021.07.09.15.53.28_veh-38_00184_02293,1.0,2021.07.09.15.53.28_veh-38_00184_02293,1.0,0.0
6b0342e0299e53b5,2021.07.09.15.53.28_veh-38_00184_02293,1.0,2021.07.09.15.53.28_veh-38_00184_02293,1.0,0.0
6b0d235a84a556ac,2021.07.09.15.53.28_veh-38_00184_02293,0.9314031708334247,2021.07.09.15.53.28_veh-38_00184_02293,0.9339277471533144,0.002524576319889671
6b309e6010535fcc,2021.07.09.20.26.06_veh-35_02793_03289,0.9628513129251345,2021.07.09.20.26.06_veh-35_02793_03289,0.964119886919617,0.001268573994482547
6bb2613a221e5fc8,2021.08.31.11.47.30_veh-40_00919_01000,1.0,2021.08.31.11.47.30_veh-40_00919_01000,1.0,0.0
6bd9815c03125877,2021.10.11.02.57.41_veh-50_02155_02265,0.8836655553212721,2021.10.11.02.57.41_veh-50_02155_02265,0.8855050709951199,0.0018395156738477692
6c00f7eb11a35083,2021.10.11.02.57.41_veh-50_02155_02265,0.883057568477783,2021.10.11.02.57.41_veh-50_02155_02265,0.8845125427963375,0.0014549743185544584
6c14868b34cd5cbf,2021.07.09.15.53.28_veh-38_00184_02293,1.0,2021.07.09.15.53.28_veh-38_00184_02293,1.0,0.0
6c4e378311d55950,2021.07.09.15.53.28_veh-38_00184_02293,0.9555924438418201,2021.07.09.15.53.28_veh-38_00184_02293,0.9576319800259236,0.002039536184103574
6c96474a9c865359,2021.10.05.08.11.15_veh-50_00437_00585,0.8797875580632049,2021.10.05.08.11.15_veh-50_00437_00585,0.8813777058199599,0.0015901477567550337
6ce1ef9b8d515884,2021.10.11.02.57.41_veh-50_02155_02265,0.8144876266771043,2021.10.11.02.57.41_veh-50_02155_02265,0.8159836492092575,0.0014960225321531961
6d00b13ae44d54a2,2021.07.09.20.26.06_veh-35_02793_03289,1.0,2021.07.09.20.26.06_veh-35_02793_03289,1.0,0.0
6d041be110a95545,2021.07.09.15.53.28_veh-38_00184_02293,1.0,2021.07.09.15.53.28_veh-38_00184_02293,1.0,0.0
6d44fd636c0953ad,2021.07.09.15.53.28_veh-38_00184_02293,0.8644898621167535,2021.07.09.15.53.28_veh-38_00184_02293,0.8662086784852344,0.0017188163684809243
6d8cdad401125079,2021.07.09.15.53.28_veh-38_00184_02293,0.9459522504514032,2021.07.09.15.53.28_veh-38_00184_02293,0.946538533873741,0.0005862834223377966
6d9f1b3847705ce1,2021.07.09.20.26.06_veh-35_02793_03289,0.9207743950453198,2021.07.09.20.26.06_veh-35_02793_03289,0.9227193356916713,0.001944940646351534
6da35526f29f550a,2021.07.09.20.26.06_veh-35_02793_03289,1.0,2021.07.09.20.26.06_veh-35_02793_03289,1.0,0.0
6db0c73631c555b0,2021.07.09.15.53.28_veh-38_00184_02293,0.9788849706416599,2021.07.09.15.53.28_veh-38_00184_02293,0.9811184951348292,0.00223352449316927
6dc4975ee9915cb2,2021.07.09.15.53.28_veh-38_00184_02293,1.0,2021.07.09.15.53.28_veh-38_00184_02293,1.0,0.0
6dee7c049737527b,2021.07.09.15.53.28_veh-38_00184_02293,0.9152508991030285,2021.07.09.15.53.28_veh-38_00184_02293,0.9162246637261956,0.0009737646231671171
6e2af7ec92495e06,2021.07.09.20.26.06_veh-35_02793_03289,0.9314618227784409,2021.07.09.20.26.06_veh-35_02793_03289,0.9326454015001029,0.0011835787216619709
6e52df2cd43c5bca,2021.07.09.15.53.28_veh-38_00184_02293,1.0,2021.07.09.15.53.28_veh-38_00184_02293,1.0,0.0
6e8c5b6b0aaf5f6d,2021.07.09.15.53.28_veh-38_00184_02293,1.0,2021.07.09.15.53.28_veh-38_00184_02293,1.0,0.0
6ee8095e2d8b599c,2021.06.09.12.06.35_veh-35_01164_01494,0.9738473127948014,2021.06.09.12.06.35_veh-35_01164_01494,0.9756810158234771,0.0018337030286756928
6ef77d4b725a5cf4,2021.10.05.08.11.15_veh-50_00437_00585,0.8394249331823992,2021.10.05.08.11.15_veh-50_00437_00585,0.8410411488305521,0.0016162156481529522
6f26763a3a8859a9,2021.06.09.12.51.31_veh-35_01729_02626,1.0,2021.06.09.12.51.31_veh-35_01729_02626,1.0,0.0
6f2d8e1d48865f32,2021.07.09.15.53.28_veh-38_00184_02293,0.8868295274066816,2021.07.09.15.53.28_veh-38_00184_02293,0.8880643878707017,0.0012348604640201044
6f4f64fd1b145598,2021.07.09.15.53.28_veh-38_00184_02293,0.8430468739994678,2021.07.09.15.53.28_veh-38_00184_02293,0.8452332938709898,0.0021864198715220162
6f6d3439591151c0,2021.06.09.12.06.35_veh-35_01164_01494,1.0,2021.06.09.12.06.35_veh-35_01164_01494,1.0,0.0
6fcb034448195e87,2021.06.09.12.06.35_veh-35_01164_01494,0.9465486374147557,2021.06.09.12.06.35_veh-35_01164_01494,0.9487187530384684,0.0021701156237127206
6fdf0151dd905608,2021.07.09.15.53.28_veh-38_00184_02293,1.0,2021.07.09.15.53.28_veh-38_00184_02293,1.0,0.0
6fe8c6e82de65156,2021.07.09.15.53.28_veh-38_00184_02293,1.0,2021.07.09.15.53.28_veh-38_00184_02293,1.0,0.0
701c62d42cdf5cfa,2021.07.09.15.53.28_veh-38_00184_02293,0.8561729871396455,2021.07.09.15.53.28_veh-38_00184_02293,0.8579522831908345,0.0017792960511889833
7020151396535655,2021.08.31.14.01.15_veh-40_01576_01714,1.0,2021.08.31.14.01.15_veh-40_01576_01714,1.0,0.0
703f27b09d325c11,2021.06.09.12.06.35_veh-35_01164_01494,0.967913290594252,2021.06.09.12.06.35_veh-35_01164_01494,0.9700991935727353,0.0021859029784833117
7081f406cf8352ad,2021.10.05.07.49.39_veh-52_00770_00905,0.9032778160140186,2021.10.05.07.49.39_veh-52_00770_00905,0.9049305470206083,0.0016527310065896916
70c37dde93f25c64,2021.06.09.12.06.35_veh-35_01164_01494,0.9623823721567032,2021.06.09.12.06.35_veh-35_01164_01494,0.9642537623524093,0.0018713901957061463
710c63523d4d5e05,2021.06.23.17.31.36_veh-16_00016_00377,1.0,2021.06.23.17.31.36_veh-16_00016_00377,1.0,0.0
71e6ee340d1756fd,2021.06.09.12.51.31_veh-35_01729_02626,0.9676767971708752,2021.06.09.12.51.31_veh-35_01729_02626,0.9700297527394728,0.0023529555685976034
71e9fdd5d6315495,2021.07.09.20.26.06_veh-35_02793_03289,1.0,2021.07.09.20.26.06_veh-35_02793_03289,1.0,0.0
7221a77c5d955445,2021.07.09.15.53.28_veh-38_00184_02293,1.0,2021.07.09.15.53.28_veh-38_00184_02293,1.0,0.0
723350e0feb75963,2021.07.09.15.53.28_veh-38_00184_02293,1.0,2021.07.09.15.53.28_veh-38_00184_02293,1.0,0.0
7293733a32625ec6,2021.07.09.15.53.28_veh-38_00184_02293,1.0,2021.07.09.15.53.28_veh-38_00184_02293,1.0,0.0
729f4b4121e35124,2021.07.09.20.26.06_veh-35_02793_03289,0.9140806621034466,2021.07.09.20.26.06_veh-35_02793_03289,0.9155812594436252,0.0015005973401786
72ba153a1fc059c6,2021.06.09.12.06.35_veh-35_01164_01494,0.962064109705123,2021.06.09.12.06.35_veh-35_01164_01494,0.9643973049681392,0.00233319526301623
72ca346213465d94,2021.10.05.07.49.39_veh-52_00770_00905,0.873324440648219,2021.10.05.07.49.39_veh-52_00770_00905,0.875316277371727,0.0019918367235080003
72ebf07a88b25937,2021.10.05.08.11.15_veh-50_00437_00585,0.9355342364697762,2021.10.05.08.11.15_veh-50_00437_00585,0.9376171610627239,0.002082924592947677
72fc5c8b771758fd,2021.06.09.12.51.31_veh-35_01729_02626,0.9859887527540261,2021.06.09.12.51.31_veh-35_01729_02626,0.9884265659083161,0.002437813154290036
7307e312a7755908,2021.10.05.08.11.15_veh-50_00437_00585,0.8838057823585764,2021.10.05.08.11.15_veh-50_00437_00585,0.8851079804184409,0.0013021980598644234
73197a1a03715a15,2021.07.09.15.53.28_veh-38_00184_02293,1.0,2021.07.09.15.53.28_veh-38_00184_02293,1.0,0.0
7372d89535355cb2,2021.08.31.14.01.15_veh-40_01576_01714,1.0,2021.08.31.14.01.15_veh-40_01576_01714,1.0,0.0
7385fa0f1ebf5356,2021.06.23.17.31.36_veh-16_00016_00377,0.9768422765693744,2021.06.23.17.31.36_veh-16_00016_00377,0.9793854365328064,0.002543159963432018
73aa5ff963e656f6,2021.07.09.15.53.28_veh-38_00184_02293,1.0,2021.07.09.15.53.28_veh-38_00184_02293,1.0,0.0
73d1214a1454592d,2021.07.09.15.53.28_veh-38_00184_02293,0.9789864546599132,2021.07.09.15.53.28_veh-38_00184_02293,0.9808469449753843,0.0018604903154710861
73fc68b82f045907,2021.10.11.02.57.41_veh-50_02155_02265,0.8970041413466995,2021.10.11.02.57.41_veh-50_02155_02265,0.8986972101163303,0.0016930687696308233
7412988f410e545d,2021.06.09.12.51.31_veh-35_01729_02626,0.9047403476401068,2021.06.09.12.51.31_veh-35_01729_02626,0.9075088411003401,0.0027684934602333344
741b40508f9c539f,2021.06.09.12.51.31_veh-35_01729_02626,0.9351814932722524,2021.06.09.12.51.31_veh-35_01729_02626,0.9372402081502186,0.0020587148779661613
7470512d36f45c26,2021.07.09.20.26.06_veh-35_02793_03289,0.930647204907023,2021.07.09.20.26.06_veh-35_02793_03289,0.9351929633379331,0.004545758430910096
74c5a4e255b950f7,2021.06.09.12.06.35_veh-35_01164_01494,0.9714265329471999,2021.06.09.12.06.35_veh-35_01164_01494,0.973508727637153,0.0020821946899530763
74e93b471c195803,2021.07.09.15.53.28_veh-38_00184_02293,1.0,2021.07.09.15.53.28_veh-38_00184_02293,1.0,0.0
74f9e35f089d523a,2021.07.09.20.26.06_veh-35_02793_03289,1.0,2021.07.09.20.26.06_veh-35_02793_03289,1.0,0.0
74ff8f6a618a5f9b,2021.07.09.15.53.28_veh-38_00184_02293,1.0,2021.07.09.15.53.28_veh-38_00184_02293,1.0,0.0
7500c2c37cbb5228,2021.07.09.15.53.28_veh-38_00184_02293,1.0,2021.07.09.15.53.28_veh-38_00184_02293,1.0,0.0
7502b22480435c30,2021.10.05.07.49.39_veh-52_00770_00905,0.9098267756561486,2021.10.05.07.49.39_veh-52_00770_00905,0.9115900411671977,0.0017632655110491058
7567becdd4005b0b,2021.06.23.17.31.36_veh-16_00016_00377,0.8943179709585641,2021.06.23.17.31.36_veh-16_00016_00377,0.895714215368305,0.0013962444097408433
756a836fafd05442,2021.10.05.08.11.15_veh-50_00437_00585,0.9526973989030818,2021.10.05.08.11.15_veh-50_00437_00585,0.9540423126067381,0.001344913703656303
758251c429055016,2021.07.09.15.53.28_veh-38_00184_02293,0.8635217639703399,2021.07.09.15.53.28_veh-38_00184_02293,0.8649114077136097,0.001389643743269886
75981c1acbe65a34,2021.07.09.20.26.06_veh-35_02793_03289,0.9112150076432045,2021.07.09.20.26.06_veh-35_02793_03289,0.9130359262292299,0.0018209185860253996
75bbe59a5d305a53,2021.07.09.15.53.28_veh-38_00184_02293,1.0,2021.07.09.15.53.28_veh-38_00184_02293,1.0,0.0
75c6224df9b25b6d,2021.10.11.02.57.41_veh-50_02155_02265,0.8885152325341678,2021.10.11.02.57.41_veh-50_02155_02265,0.8901588015073038,0.0016435689731360004
75eb624e2c925f13,2021.07.09.15.53.28_veh-38_00184_02293,1.0,2021.07.09.15.53.28_veh-38_00184_02293,1.0,0.0
7616cee0eba15c75,2021.10.11.02.57.41_veh-50_01028_01289,0.87646071988025,2021.10.11.02.57.41_veh-50_01028_01289,0.8777883465453037,0.001327626665053705
763904a315b357a8,2021.07.09.15.53.28_veh-38_00184_02293,0.954169200282328,2021.07.09.15.53.28_veh-38_00184_02293,0.9565913622659203,0.0024221619835923525
7639e630e475517c,2021.06.09.12.51.31_veh-35_01729_02626,1.0,2021.06.09.12.51.31_veh-35_01729_02626,1.0,0.0
76e33b04a2e55b65,2021.06.09.12.51.31_veh-35_01729_02626,1.0,2021.06.09.12.51.31_veh-35_01729_02626,1.0,0.0
76f38770875550d4,2021.10.11.02.57.41_veh-50_01028_01289,0.851295772075583,2021.10.11.02.57.41_veh-50_01028_01289,0.8523337972461573,0.001038025170574275
770cf5148b3353a3,2021.10.05.08.11.15_veh-50_00437_00585,0.8896858849668293,2021.10.05.08.11.15_veh-50_00437_00585,0.8910951141569488,0.001409229190119432
7729a0ce4e7e5c40,2021.07.09.15.53.28_veh-38_00184_02293,1.0,2021.07.09.15.53.28_veh-38_00184_02293,1.0,0.0
7738bbe3ec2b5787,2021.07.09.15.53.28_veh-38_00184_02293,1.0,2021.07.09.15.53.28_veh-38_00184_02293,1.0,0.0
774923d838b959cd,2021.07.09.20.26.06_veh-35_02793_03289,0.9280291989118715,2021.07.09.20.26.06_veh-35_02793_03289,0.9300366711898796,0.0020074722780081267
774f3eae89d35589,2021.10.11.02.57.41_veh-50_01028_01289,0.8457631202808168,2021.10.11.02.57.41_veh-50_01028_01289,0.847114021979445,0.0013509016986281708
7768af5461fb5dab,2021.10.11.02.57.41_veh-50_02155_02265,0.8930534043158017,2021.10.11.02.57.41_veh-50_02155_02265,0.8951025587854721,0.0020491544696703556
77a62006cb995aa7,2021.06.23.17.31.36_veh-16_00016_00377,1.0,2021.06.23.17.31.36_veh-16_00016_00377,1.0,0.0
77d22252c36859d2,2021.06.09.12.51.31_veh-35_01729_02626,1.0,2021.06.09.12.51.31_veh-35_01729_02626,1.0,0.0
77f9f0c203cb5048,2021.08.31.11.47.30_veh-40_00919_01000,0.909909759000843,2021.08.31.11.47.30_veh-40_00919_01000,0.911875499636924,0.001965740636081015
786c7d0f495e5b08,2021.06.09.12.51.31_veh-35_01729_02626,0.9159184270193922,2021.06.09.12.51.31_veh-35_01729_02626,0.9180621361100059,0.002143709090613677
78bd4a0ea3e35682,2021.06.09.12.06.35_veh-35_01164_01494,1.0,2021.06.09.12.06.35_veh-35_01164_01494,1.0,0.0
78f97b6c3427524b,2021.07.09.15.53.28_veh-38_00184_02293,0.5833333333333334,2021.07.09.15.53.28_veh-38_00184_02293,0.5833333333333334,0.0
78f9d78599da56f0,2021.06.09.14.50.36_veh-26_02826_02955,1.0,2021.06.09.14.50.36_veh-26_02826_02955,1.0,0.0
790e1bf672715bf1,2021.10.11.02.57.41_veh-50_02155_02265,0.898890506586676,2021.10.11.02.57.41_veh-50_02155_02265,0.9005080431054003,0.0016175365187243163
790f41b0bd3f51ea,2021.10.11.02.57.41_veh-50_02155_02265,0.8828554616270518,2021.10.11.02.57.41_veh-50_02155_02265,0.8847500199088519,0.001894558281800185
792875d97ce5574d,2021.10.11.02.57.41_veh-50_01028_01289,0.8307943249287941,2021.10.11.02.57.41_veh-50_01028_01289,0.8319887507387068,0.0011944258099126914
79433fe543ae5e50,2021.10.05.07.49.39_veh-52_00770_00905,0.8926398011431322,2021.10.05.07.49.39_veh-52_00770_00905,0.8943392813038203,0.001699480160688105
7948de3a2d2a55ef,2021.07.09.15.53.28_veh-38_00184_02293,1.0,2021.07.09.15.53.28_veh-38_00184_02293,1.0,0.0
796da6bb8d1d553f,2021.07.09.20.26.06_veh-35_02793_03289,1.0,2021.07.09.20.26.06_veh-35_02793_03289,1.0,0.0
7980f7ce6e085a30,2021.06.09.12.51.31_veh-35_01729_02626,1.0,2021.06.09.12.51.31_veh-35_01729_02626,1.0,0.0
798e9edbcfd65aa8,2021.07.09.15.53.28_veh-38_00184_02293,0.9553232048747059,2021.07.09.15.53.28_veh-38_00184_02293,0.9577099262470163,0.002386721372310441
79a0bda4d6df5e2a,2021.07.09.15.53.28_veh-38_00184_02293,0.8934151317359059,2021.07.09.15.53.28_veh-38_00184_02293,0.8947593155926725,0.001344183856766601
79bc073387755a35,2021.06.23.17.31.36_veh-16_00016_00377,1.0,2021.06.23.17.31.36_veh-16_00016_00377,1.0,0.0
79bd7ba72d985b0b,2021.06.23.17.31.36_veh-16_00016_00377,0.9237265214215631,2021.06.23.17.31.36_veh-16_00016_00377,0.9254933536881923,0.0017668322666292147
79ec50c2dd9352bb,2021.06.23.17.31.36_veh-16_00016_00377,1.0,2021.06.23.17.31.36_veh-16_00016_00377,1.0,0.0
7a02eea9dbd0517b,2021.07.09.15.53.28_veh-38_00184_02293,1.0,2021.07.09.15.53.28_veh-38_00184_02293,1.0,0.0
7a430a9945055acd,2021.07.09.15.53.28_veh-38_00184_02293,0.9723031004614002,2021.07.09.15.53.28_veh-38_00184_02293,0.9743104825743562,0.0020073821129559244
7a569fbddc2e53ed,2021.07.09.15.53.28_veh-38_00184_02293,1.0,2021.07.09.15.53.28_veh-38_00184_02293,1.0,0.0
7a6d02ce41635a31,2021.06.23.17.31.36_veh-16_00016_00377,0.9341979804790048,2021.06.23.17.31.36_veh-16_00016_00377,0.9360034645118027,0.0018054840327978994
7ac722bce1da568e,2021.10.05.07.49.39_veh-52_00770_00905,0.8943471720111162,2021.10.05.07.49.39_veh-52_00770_00905,0.8956909362444806,0.001343764233364353
7b3a98e80f525533,2021.07.09.15.53.28_veh-38_00184_02293,1.0,2021.07.09.15.53.28_veh-38_00184_02293,1.0,0.0
7b7291b626f753ae,2021.06.09.12.51.31_veh-35_01729_02626,0.9198739576109407,2021.06.09.12.51.31_veh-35_01729_02626,0.9217134841654344,0.001839526554493709
7b7c4d1e5ec95f17,2021.07.09.15.53.28_veh-38_00184_02293,1.0,2021.07.09.15.53.28_veh-38_00184_02293,1.0,0.0
7b81b7c982e35adc,2021.07.09.15.53.28_veh-38_00184_02293,0.9474809072997434,2021.07.09.15.53.28_veh-38_00184_02293,0.9499273759424809,0.002446468642737454
7ba1003726915e44,2021.07.09.20.26.06_veh-35_02793_03289,0.9270625522148479,2021.07.09.20.26.06_veh-35_02793_03289,0.9286599767695062,0.0015974245546582777
7bf70bd17e9255b7,2021.06.09.17.23.18_veh-38_01598_01750,1.0,2021.06.09.17.23.18_veh-38_01598_01750,1.0,0.0
7c1389a3e4a55975,2021.10.11.02.57.41_veh-50_02155_02265,0.8607470052309126,2021.10.11.02.57.41_veh-50_02155_02265,0.8624610295855946,0.0017140243546819312
7c31c611152b5a9c,2021.10.11.02.57.41_veh-50_01028_01289,0.8428868113753109,2021.10.11.02.57.41_veh-50_01028_01289,0.8439297983724883,0.0010429869971774197
7c43ce4287c252da,2021.06.09.20.26.11_veh-35_00970_01216,1.0,2021.06.09.20.26.11_veh-35_00970_01216,1.0,0.0
7cd693b8880c55b6,2021.07.09.15.53.28_veh-38_00184_02293,0.9828068930271986,2021.07.09.15.53.28_veh-38_00184_02293,0.9845735325501569,0.001766639522958302
7cf3f478246b5da6,2021.10.05.08.11.15_veh-50_00437_00585,0.8387878587874064,2021.10.05.08.11.15_veh-50_00437_00585,0.8404598062635825,0.001671947476176161
7cfc59f9673752c1,2021.07.09.15.53.28_veh-38_00184_02293,0.9035693444092864,2021.07.09.15.53.28_veh-38_00184_02293,0.9054322795306052,0.0018629351213188539
7d045ced792f563a,2021.08.31.14.01.15_veh-40_01576_01714,0.9872798952116635,2021.08.31.14.01.15_veh-40_01576_01714,0.9889334573216556,0.0016535621099921238
7d14dc9e1394504c,2021.06.09.12.06.35_veh-35_01164_01494,1.0,2021.06.09.12.06.35_veh-35_01164_01494,1.0,0.0
7d18e654da9b5ecf,2021.07.09.15.53.28_veh-38_00184_02293,0.9726797426933533,2021.07.09.15.53.28_veh-38_00184_02293,0.9746840255150091,0.0020042828216557673
7d61f2ab3a145a20,2021.08.31.11.47.30_veh-40_00919_01000,1.0,2021.08.31.11.47.30_veh-40_00919_01000,1.0,0.0
7d838c40752e5080,2021.06.09.12.51.31_veh-35_01729_02626,1.0,2021.06.09.12.51.31_veh-35_01729_02626,1.0,0.0
7da65eef431c5831,2021.07.09.15.53.28_veh-38_00184_02293,0.9098066940700122,2021.07.09.15.53.28_veh-38_00184_02293,0.911469158884136,0.0016624648141237985
7dab96d0e7725a9f,2021.06.09.12.51.31_veh-35_01729_02626,0.9417319909693495,2021.06.09.12.51.31_veh-35_01729_02626,0.9435589172241796,0.0018269262548301635
7dadf9fcee2e587d,2021.07.09.15.53.28_veh-38_00184_02293,0.8241734420621718,2021.07.09.15.53.28_veh-38_00184_02293,0.8260071736795219,0.0018337316173501206
7dc37d18911457a8,2021.06.09.12.06.35_veh-35_01164_01494,0.9053682325479896,2021.06.09.12.06.35_veh-35_01164_01494,0.9075741186175096,0.002205886069519991
7e02b53ea6ba556a,2021.10.01.17.52.06_veh-28_01141_01264,0.9728342876819805,2021.10.01.17.52.06_veh-28_01141_01264,0.9747806616648669,0.0019463739828863291
7e11df067a735f04,2021.07.09.15.53.28_veh-38_00184_02293,1.0,2021.07.09.15.53.28_veh-38_00184_02293,1.0,0.0
7e1afa248931544e,2021.08.31.14.01.15_veh-40_01576_01714,0.9716001178507229,2021.08.31.14.01.15_veh-40_01576_01714,0.9734679377498,0.0018678198990771389
7e2c3c2ef5e05b19,2021.06.09.12.51.31_veh-35_01729_02626,1.0,2021.06.09.12.51.31_veh-35_01729_02626,1.0,0.0
7e58a63ae5da5a38,2021.07.09.15.53.28_veh-38_00184_02293,1.0,2021.07.09.15.53.28_veh-38_00184_02293,1.0,0.0
7e64dd02b985526f,2021.07.09.15.53.28_veh-38_00184_02293,0.9914055622483801,2021.07.09.15.53.28_veh-38_00184_02293,0.9937001467039539,0.002294584455573845
7e664b90d195584d,2021.06.09.12.06.35_veh-35_01164_01494,0.9787603286537986,2021.06.09.12.06.35_veh-35_01164_01494,0.9808426293892216,0.002082300735423037
7e682022c639513c,2021.06.09.12.06.35_veh-35_01164_01494,1.0,2021.06.09.12.06.35_veh-35_01164_01494,1.0,0.0
7eb6beaba2e45001,2021.10.11.02.57.41_veh-50_01028_01289,0.8911731258240098,2021.10.11.02.57.41_veh-50_01028_01289,0.8930323882304565,0.0018592624064467378
7eb9806c2ac25fd6,2021.06.09.12.06.35_veh-35_01164_01494,1.0,2021.06.09.12.06.35_veh-35_01164_01494,1.0,0.0
7f12e4a7eb7e51c7,2021.10.01.17.52.06_veh-28_01141_01264,0.9073069250923224,2021.10.01.17.52.06_veh-28_01141_01264,0.9090179835669719,0.001711058474649585
7f5714fc26bb599b,2021.06.09.12.51.31_veh-35_01729_02626,0.8248571603003807,2021.06.09.12.51.31_veh-35_01729_02626,0.8255125563762588,0.0006553960758780564
7f7a0a36daf65495,2021.10.05.07.49.39_veh-52_00770_00905,0.8950822351185915,2021.10.05.07.49.39_veh-52_00770_00905,0.8969319333053769,0.0018496981867853757
7f7fa83384215a69,2021.10.05.07.49.39_veh-52_00770_00905,0.8664897199000468,2021.10.05.07.49.39_veh-52_00770_00905,0.8679699062761488,0.0014801863761020329
7f8be3abc0f45edf,2021.10.05.08.11.15_veh-50_00437_00585,0.8006836925778497,2021.10.05.08.11.15_veh-50_00437_00585,0.8022613289821671,0.0015776364043174063
7f8f1f6b90575d91,2021.10.11.02.57.41_veh-50_02155_02265,0.8333517498311155,2021.10.11.02.57.41_veh-50_02155_02265,0.8347511971233423,0.001399447292226852
7fd6309dcdaf525e,2021.07.09.20.26.06_veh-35_02793_03289,1.0,2021.07.09.20.26.06_veh-35_02793_03289,1.0,0.0
7fe5d84bbda651fd,2021.07.09.15.53.28_veh-38_00184_02293,0.9773667182588467,2021.07.09.15.53.28_veh-38_00184_02293,0.9789459776620587,0.0015792594032120189
8002902e2efe5c94,2021.10.11.02.57.41_veh-50_02155_02265,0.8232937963520528,2021.10.11.02.57.41_veh-50_02155_02265,0.8246079726695138,0.0013141763174610022
802050c72cc255d3,2021.06.09.17.23.18_veh-38_01598_01750,1.0,2021.06.09.17.23.18_veh-38_01598_01750,1.0,0.0
80538e78e0805e93,2021.07.09.15.53.28_veh-38_00184_02293,0.914914922386616,2021.07.09.15.53.28_veh-38_00184_02293,0.916789297129401,0.0018743747427850677
80725ea45ed953a5,2021.06.09.20.26.11_veh-35_00970_01216,1.0,2021.06.09.20.26.11_veh-35_00970_01216,1.0,0.0
807c9c96f42c597d,2021.10.11.02.57.41_veh-50_02155_02265,0.8451760730329477,2021.10.11.02.57.41_veh-50_02155_02265,0.8471298222836895,0.0019537492507417653
80c1301aa1ca5378,2021.07.09.15.53.28_veh-38_00184_02293,0.9559497363901074,2021.07.09.15.53.28_veh-38_00184_02293,0.9582746355070068,0.0023248991168993705
8138d3f674fd5b1f,2021.06.09.20.26.11_veh-35_00970_01216,1.0,2021.06.09.20.26.11_veh-35_00970_01216,1.0,0.0
8156a66cbc595259,2021.07.16.22.40.23_veh-38_00204_00360,1.0,2021.07.16.22.40.23_veh-38_00204_00360,1.0,0.0
824fe1c7968256ab,2021.07.09.15.53.28_veh-38_00184_02293,0.7982385986223551,2021.07.09.15.53.28_veh-38_00184_02293,0.7998245758572576,0.0015859772349025025
8264721b29a65296,2021.06.09.12.51.31_veh-35_01729_02626,1.0,2021.06.09.12.51.31_veh-35_01729_02626,1.0,0.0
827867f4641c53b6,2021.06.09.12.51.31_veh-35_01729_02626,1.0,2021.06.09.12.51.31_veh-35_01729_02626,1.0,0.0
83422f60bebd506c,2021.10.05.07.49.39_veh-52_00770_00905,0.9065385509097115,2021.10.05.07.49.39_veh-52_00770_00905,0.9083332796677136,0.0017947287580021287
8381aa53dbb55c90,2021.06.09.12.06.35_veh-35_01164_01494,0.9390243454094994,2021.06.09.12.06.35_veh-35_01164_01494,0.9411079722110735,0.0020836268015740345
8393b89f1fbd56fc,2021.07.09.20.26.06_veh-35_02793_03289,0.9294757041761731,2021.07.09.20.26.06_veh-35_02793_03289,0.9312368951154704,0.0017611909392972747
83a393796b2e57df,2021.07.09.15.53.28_veh-38_00184_02293,0.9716405003843377,2021.07.09.15.53.28_veh-38_00184_02293,0.973788338248711,0.0021478378643733365
83bc7727c42c5a0f,2021.10.05.07.49.39_veh-52_00770_00905,0.0,2021.10.05.07.49.39_veh-52_00770_00905,0.0,0.0
83cbc1063ce1591d,2021.10.11.02.57.41_veh-50_02155_02265,0.8869634666505058,2021.10.11.02.57.41_veh-50_02155_02265,0.8887669286456629,0.0018034619951570185
83d4827aebe85832,2021.10.05.08.11.15_veh-50_00437_00585,0.827670956737439,2021.10.05.08.11.15_veh-50_00437_00585,0.8289670300836282,0.0012960733461891971
83dc2afeb98950a4,2021.10.11.02.57.41_veh-50_02155_02265,0.8732271900152666,2021.10.11.02.57.41_veh-50_02155_02265,0.8750084505854088,0.0017812605701421624
8469b20e06015317,2021.07.09.15.53.28_veh-38_00184_02293,0.9363424294677466,2021.07.09.15.53.28_veh-38_00184_02293,0.9385681025131826,0.002225673045435972
84b9bc99160c578f,2021.10.05.08.11.15_veh-50_00437_00585,0.9068980813097133,2021.10.05.08.11.15_veh-50_00437_00585,0.9086093556588032,0.0017112743490899085
84da0c13f98e58e9,2021.06.09.12.51.31_veh-35_01729_02626,0.9343021471995065,2021.06.09.12.51.31_veh-35_01729_02626,0.9360585484104339,0.0017564012109273497
84ec0e32bbf45061,2021.07.09.15.53.28_veh-38_00184_02293,0.8949099597673946,2021.07.09.15.53.28_veh-38_00184_02293,0.8975959642745762,0.002686004507181594
85288108bac2504f,2021.06.23.17.31.36_veh-16_00016_00377,1.0,2021.06.23.17.31.36_veh-16_00016_00377,1.0,0.0
85b84f9120225591,2021.07.09.15.53.28_veh-38_00184_02293,0.8342524226495561,2021.07.09.15.53.28_veh-38_00184_02293,0.8362195180836439,0.0019670954340877955
85d8f4b6752152e2,2021.10.05.07.49.39_veh-52_00770_00905,0.8888130867665617,2021.10.05.07.49.39_veh-52_00770_00905,0.8906631900793109,0.0018501033127492628
860685d975df5da5,2021.07.09.15.53.28_veh-38_00184_02293,0.978910491705551,2021.07.09.15.53.28_veh-38_00184_02293,0.980692333733093,0.0017818420275419466
863019d9f09155f7,2021.06.23.17.31.36_veh-16_00016_00377,0.9688451494836497,2021.06.23.17.31.36_veh-16_00016_00377,0.9705542348329333,0.0017090853492836011
8672b0d007fa5c49,2021.08.31.11.47.30_veh-40_00919_01000,0.9300462028195488,2021.08.31.11.47.30_veh-40_00919_01000,0.9321342576698374,0.002088054850288623
86a9ef645f195f81,2021.10.11.02.57.41_veh-50_02155_02265,0.878583683296104,2021.10.11.02.57.41_veh-50_02155_02265,0.8807535636616612,0.0021698803655572085
86ac4c5dc3e756cf,2021.10.05.07.49.39_veh-52_00770_00905,0.9789707490739675,2021.10.05.07.49.39_veh-52_00770_00905,0.9805084723271046,0.0015377232531370577
8708f5ee85ca50b1,2021.10.11.02.57.41_veh-50_02155_02265,0.8908654279193143,2021.10.11.02.57.41_veh-50_02155_02265,0.8927318946316122,0.0018664667122978429
870cb529ffac50e0,2021.06.09.20.26.11_veh-35_00970_01216,0.8951280395134864,2021.06.09.20.26.11_veh-35_00970_01216,0.8970556945890514,0.0019276550755650268
872380f71a9f5c73,2021.08.31.14.01.15_veh-40_01576_01714,1.0,2021.08.31.14.01.15_veh-40_01576_01714,1.0,0.0
872ae71c24805cd8,2021.10.11.02.57.41_veh-50_01028_01289,0.8706764773608965,2021.10.11.02.57.41_veh-50_01028_01289,0.8717591147983869,0.0010826374374903747
874a3a4f7582531d,2021.06.23.17.31.36_veh-16_00016_00377,1.0,2021.06.23.17.31.36_veh-16_00016_00377,1.0,0.0
87516e1eaafc5107,2021.10.05.08.11.15_veh-50_00437_00585,0.9367485129558907,2021.10.05.08.11.15_veh-50_00437_00585,0.9394966942870765,0.002748181331185817
876d2dd881f55f91,2021.10.05.07.49.39_veh-52_00770_00905,0.8615413971994249,2021.10.05.07.49.39_veh-52_00770_00905,0.8634828779914626,0.0019414807920377086
877ca71cd9ac5b59,2021.08.31.11.47.30_veh-40_00919_01000,0.9482176944017886,2021.08.31.11.47.30_veh-40_00919_01000,0.9503008005658445,0.0020831061640559367
878debfff51656dc,2021.07.09.15.53.28_veh-38_00184_02293,1.0,2021.07.09.15.53.28_veh-38_00184_02293,1.0,0.0
87c7d995609e51c9,2021.10.05.07.49.39_veh-52_00770_00905,0.8685553015064166,2021.10.05.07.49.39_veh-52_00770_00905,0.869976370749888,0.0014210692434714067
87c88239e2ae5b90,2021.07.09.15.53.28_veh-38_00184_02293,0.8024486903991971,2021.07.09.15.53.28_veh-38_00184_02293,0.804779275086111,0.002330584686913939
8823d1c7c34b57ac,2021.06.09.20.26.11_veh-35_00970_01216,0.9156331144180198,2021.06.09.20.26.11_veh-35_00970_01216,0.9171642250632844,0.0015311106452646772
8828feb4e21b5600,2021.06.09.12.51.31_veh-35_01729_02626,0.8439364896352096,2021.06.09.12.51.31_veh-35_01729_02626,0.8459284765764524,0.001991986941242807
883024c704b55ed4,2021.06.23.17.31.36_veh-16_00016_00377,1.0,2021.06.23.17.31.36_veh-16_00016_00377,1.0,0.0
888476b1a13b51db,2021.07.09.20.26.06_veh-35_02793_03289,0.9177338516862967,2021.07.09.20.26.06_veh-35_02793_03289,0.9188733496737423,0.0011394979874456146
888cb5a4b4c25eab,2021.06.09.12.51.31_veh-35_01729_02626,1.0,2021.06.09.12.51.31_veh-35_01729_02626,1.0,0.0
88bc213aa3495b88,2021.06.09.14.50.36_veh-26_02826_02955,0.9878281156941108,2021.06.09.14.50.36_veh-26_02826_02955,0.9898801927407884,0.0020520770466776472
88ff3881080b505a,2021.06.09.12.51.31_veh-35_01729_02626,0.845508015410318,2021.06.09.12.51.31_veh-35_01729_02626,0.8471487291775143,0.0016407137671963223
8902a3e760a7504d,2021.07.09.20.26.06_veh-35_02793_03289,0.9425802031938316,2021.07.09.20.26.06_veh-35_02793_03289,0.9442800073402894,0.0016998041464577618
8925d842a3f0501e,2021.07.09.15.53.28_veh-38_00184_02293,1.0,2021.07.09.15.53.28_veh-38_00184_02293,1.0,0.0
8935f0d3af6b51fd,2021.08.31.14.01.15_veh-40_01576_01714,0.922814372635762,2021.08.31.14.01.15_veh-40_01576_01714,0.9247602602264218,0.0019458875906597228
89409b4f6b4f573b,2021.06.09.12.51.31_veh-35_01729_02626,1.0,2021.06.09.12.51.31_veh-35_01729_02626,1.0,0.0
8956d19d62c056f6,2021.06.09.12.51.31_veh-35_01729_02626,0.8827658499685244,2021.06.09.12.51.31_veh-35_01729_02626,0.8835944355055485,0.0008285855370241402
89e48839087057c4,2021.06.09.20.26.11_veh-35_00970_01216,0.949741058711845,2021.06.09.20.26.11_veh-35_00970_01216,0.9518905721847721,0.0021495134729271337
8a2496c5d7d15cc1,2021.10.11.02.57.41_veh-50_01028_01289,0.8690316549124203,2021.10.11.02.57.41_veh-50_01028_01289,0.8703764956062097,0.001344840693789373
8a9a5ab59dcd51d7,2021.08.31.14.01.15_veh-40_01576_01714,0.9561040149905823,2021.08.31.14.01.15_veh-40_01576_01714,0.9581876802660156,0.002083665275433355
8ac887d1ccb95be5,2021.10.11.02.57.41_veh-50_01028_01289,0.8577602927682862,2021.10.11.02.57.41_veh-50_01028_01289,0.859765035868311,0.0020047431000247418
8ad9a07afc6b5ccc,2021.07.09.15.53.28_veh-38_00184_02293,0.8386554150305061,2021.07.09.15.53.28_veh-38_00184_02293,0.840439239429097,0.0017838243985909275
8bb9b664551e5148,2021.06.09.12.06.35_veh-35_01164_01494,1.0,2021.06.09.12.06.35_veh-35_01164_01494,1.0,0.0
8c1374efdf3c5f3c,2021.07.09.15.53.28_veh-38_00184_02293,1.0,2021.07.09.15.53.28_veh-38_00184_02293,1.0,0.0
8c1c77e3c8a35388,2021.10.05.07.49.39_veh-52_00770_00905,0.9124990557861065,2021.10.05.07.49.39_veh-52_00770_00905,0.9142892836420989,0.0017902278559924767
8c58465a17645b77,2021.07.09.15.53.28_veh-38_00184_02293,0.9744530101854546,2021.07.09.15.53.28_veh-38_00184_02293,0.976199958940087,0.001746948754632438
8c61ae7bb33b54ad,2021.10.05.07.49.39_veh-52_00770_00905,0.8643085551495847,2021.10.05.07.49.39_veh-52_00770_00905,0.8654704231924142,0.0011618680428294725
8c627a1fb8225bc0,2021.10.05.08.11.15_veh-50_00437_00585,0.9069550501498816,2021.10.05.08.11.15_veh-50_00437_00585,0.9089714442015723,0.0020163940516906287
8c812c6c4671575c,2021.07.09.15.53.28_veh-38_00184_02293,0.9422826913702481,2021.07.09.15.53.28_veh-38_00184_02293,0.9437846166875569,0.00150192531730875
8ca04ffe31395059,2021.07.09.20.26.06_veh-35_02793_03289,0.957887595626454,2021.07.09.20.26.06_veh-35_02793_03289,0.9598950682581734,0.002007472631719409
8cc27785287f5367,2021.06.23.17.31.36_veh-16_00016_00377,1.0,2021.06.23.17.31.36_veh-16_00016_00377,1.0,0.0
8d0e261ba1825130,2021.07.09.15.53.28_veh-38_00184_02293,1.0,2021.07.09.15.53.28_veh-38_00184_02293,1.0,0.0
8d40c021d3cb5fca,2021.10.05.07.49.39_veh-52_00770_00905,0.9029600827987571,2021.10.05.07.49.39_veh-52_00770_00905,0.9042447401863356,0.0012846573875785472
8d80fb7fefcd513b,2021.10.01.17.52.06_veh-28_01141_01264,1.0,2021.10.01.17.52.06_veh-28_01141_01264,1.0,0.0
8deaed625cfc5888,2021.06.09.12.51.31_veh-35_01729_02626,0.9251309572442771,2021.06.09.12.51.31_veh-35_01729_02626,0.926550638275596,0.0014196810313189534
8e19623e78d15d60,2021.07.09.20.26.06_veh-35_02793_03289,0.8622773272126115,2021.07.09.20.26.06_veh-35_02793_03289,0.8650416087785499,0.0027642815659383313
8e2e4e2a5ba95a41,2021.07.09.15.53.28_veh-38_00184_02293,0.0,2021.07.09.15.53.28_veh-38_00184_02293,0.0,0.0
8e5a6cdce75d50dd,2021.10.11.02.57.41_veh-50_02155_02265,0.8348296760950552,2021.10.11.02.57.41_veh-50_02155_02265,0.8359455038383828,0.0011158277433276353
8ecb60a273c55931,2021.08.31.11.47.30_veh-40_00919_01000,0.9298456782446255,2021.08.31.11.47.30_veh-40_00919_01000,0.9317842413488978,0.0019385631042723173
8f4878c4dcf5558e,2021.10.05.07.49.39_veh-52_00770_00905,1.0,2021.10.05.07.49.39_veh-52_00770_00905,1.0,0.0
8f63f1b737e15216,2021.06.09.12.51.31_veh-35_01729_02626,1.0,2021.06.09.12.51.31_veh-35_01729_02626,1.0,0.0
8f64f90706655f53,2021.08.31.11.47.30_veh-40_00919_01000,0.9313321804582518,2021.08.31.11.47.30_veh-40_00919_01000,0.9335167961723169,0.00218461571406503
8f7463455b225dfb,2021.10.05.08.11.15_veh-50_00437_00585,0.8781354453156788,2021.10.05.08.11.15_veh-50_00437_00585,0.8805148395759189,0.002379394260240142
8f847886c0595319,2021.07.09.15.53.28_veh-38_00184_02293,0.9285941154294727,2021.07.09.15.53.28_veh-38_00184_02293,0.9302605668617119,0.0016664514322392021
8fc1509fbdee54ac,2021.06.09.12.06.35_veh-35_01164_01494,0.888896148449701,2021.06.09.12.06.35_veh-35_01164_01494,0.8901179195571647,0.0012217711074636872
8fec4a414ec45ed3,2021.06.09.20.26.11_veh-35_00970_01216,0.923721671092733,2021.06.09.20.26.11_veh-35_00970_01216,0.9258856300093671,0.0021639589166341233
900e4ffd108f5f95,2021.08.31.11.47.30_veh-40_00919_01000,0.9225440177794691,2021.08.31.11.47.30_veh-40_00919_01000,0.9250715386060945,0.002527520826625329
90679ae84c8b5d05,2021.10.05.07.49.39_veh-52_00770_00905,0.8241165475561353,2021.10.05.07.49.39_veh-52_00770_00905,0.8262872237256711,0.0021706761695358123
907f051528025891,2021.07.09.15.53.28_veh-38_00184_02293,1.0,2021.07.09.15.53.28_veh-38_00184_02293,1.0,0.0
90f98ca1978a5457,2021.08.31.14.01.15_veh-40_01576_01714,1.0,2021.08.31.14.01.15_veh-40_01576_01714,1.0,0.0
912976ebea0b5dae,2021.06.23.17.31.36_veh-16_00016_00377,1.0,2021.06.23.17.31.36_veh-16_00016_00377,1.0,0.0
9188a3a5aa175e3a,2021.07.09.15.53.28_veh-38_00184_02293,1.0,2021.07.09.15.53.28_veh-38_00184_02293,1.0,0.0
91927f072cb358b9,2021.07.09.15.53.28_veh-38_00184_02293,1.0,2021.07.09.15.53.28_veh-38_00184_02293,1.0,0.0
91b861586e7d53cd,2021.07.09.15.53.28_veh-38_00184_02293,1.0,2021.07.09.15.53.28_veh-38_00184_02293,1.0,0.0
92292554325a5fad,2021.10.05.08.11.15_veh-50_00437_00585,0.8336191523034854,2021.10.05.08.11.15_veh-50_00437_00585,0.8347779181803815,0.0011587658768961173
9246f3b315b35838,2021.07.09.15.53.28_veh-38_00184_02293,0.96741618083745,2021.07.09.15.53.28_veh-38_00184_02293,0.9694575243455326,0.002041343508082605
927258a11f395044,2021.06.09.14.50.36_veh-26_02826_02955,0.9410183464108458,2021.06.09.14.50.36_veh-26_02826_02955,0.9426128760282916,0.0015945296174457724
92a19adc03e55fc5,2021.10.11.02.57.41_veh-50_01028_01289,0.8474378378100943,2021.10.11.02.57.41_veh-50_01028_01289,0.8489985428918049,0.0015607050817105783
92c22914fbdf5e29,2021.07.09.15.53.28_veh-38_00184_02293,1.0,2021.07.09.15.53.28_veh-38_00184_02293,1.0,0.0
92f1b2f9782b5ab2,2021.10.11.02.57.41_veh-50_02155_02265,0.8071773640797492,2021.10.11.02.57.41_veh-50_02155_02265,0.8083439783355947,0.0011666142558455217
931c61a6152e519f,2021.06.09.17.23.18_veh-38_01598_01750,1.0,2021.06.09.17.23.18_veh-38_01598_01750,1.0,0.0
935628750eb851fa,2021.07.09.15.53.28_veh-38_00184_02293,1.0,2021.07.09.15.53.28_veh-38_00184_02293,1.0,0.0
936fbc402ef75a7f,2021.06.23.17.31.36_veh-16_00016_00377,0.8555271539266798,2021.06.23.17.31.36_veh-16_00016_00377,0.8591131810103967,0.003586027083716914
93f4a7c97bf55154,2021.10.01.17.52.06_veh-28_01141_01264,0.8979720661723455,2021.10.01.17.52.06_veh-28_01141_01264,0.899384695203412,0.0014126290310665368
93fa17215ed5505c,2021.10.05.07.49.39_veh-52_00770_00905,0.8801885136245566,2021.10.05.07.49.39_veh-52_00770_00905,0.8818775626571247,0.0016890490325680574
940a788763a55b7c,2021.06.09.17.23.18_veh-38_01598_01750,1.0,2021.06.09.17.23.18_veh-38_01598_01750,1.0,0.0
9453e27e0bc25019,2021.06.09.12.06.35_veh-35_01164_01494,0.9909087135892625,2021.06.09.12.06.35_veh-35_01164_01494,0.9933155555563999,0.002406841967137474
945dcb42cd645cc2,2021.07.09.15.53.28_veh-38_00184_02293,0.8615887038902682,2021.07.09.15.53.28_veh-38_00184_02293,0.8644331377306068,0.0028444338403386116
946cb4c69bd85da6,2021.06.09.12.06.35_veh-35_01164_01494,0.9376127208987226,2021.06.09.12.06.35_veh-35_01164_01494,0.9392425856934427,0.0016298647947200484
94ae5d67804c539d,2021.06.09.17.23.18_veh-38_01598_01750,0.9125699884501589,2021.06.09.17.23.18_veh-38_01598_01750,0.9146542654587142,0.002084277008555291
94de31b161f45bc2,2021.06.09.12.51.31_veh-35_01729_02626,1.0,2021.06.09.12.51.31_veh-35_01729_02626,1.0,0.0
94e4f5f0f22655d2,2021.07.09.20.26.06_veh-35_02793_03289,0.9231211790417145,2021.07.09.20.26.06_veh-35_02793_03289,0.9249071460822641,0.0017859670405495631
94f18102ecb65d3f,2021.07.09.15.53.28_veh-38_00184_02293,1.0,2021.07.09.15.53.28_veh-38_00184_02293,1.0,0.0
954da5a56f305ac5,2021.06.09.12.51.31_veh-35_01729_02626,0.8607659914086367,2021.06.09.12.51.31_veh-35_01729_02626,0.8618034641344975,0.0010374727258607441
954e72f1c44e5eb3,2021.06.09.12.51.31_veh-35_01729_02626,0.8574398853847421,2021.06.09.12.51.31_veh-35_01729_02626,0.8585015392253862,0.00106165384064405
955e0d97f2f35bc4,2021.10.11.02.57.41_veh-50_01028_01289,0.8577226906239045,2021.10.11.02.57.41_veh-50_01028_01289,0.8595427700597543,0.0018200794358498307
95a1611d12f45d32,2021.07.09.15.53.28_veh-38_00184_02293,0.9156554355502516,2021.07.09.15.53.28_veh-38_00184_02293,0.9173309328574529,0.0016754973072012902
95b2448f02bb58e6,2021.06.09.20.26.11_veh-35_00970_01216,1.0,2021.06.09.20.26.11_veh-35_00970_01216,1.0,0.0
95ccbbe1810c5e38,2021.07.09.20.26.06_veh-35_02793_03289,0.8925699475237913,2021.07.09.20.26.06_veh-35_02793_03289,0.8953723333939033,0.0028023858701120563
95d2c3ac66245fa5,2021.07.09.15.53.28_veh-38_00184_02293,1.0,2021.07.09.15.53.28_veh-38_00184_02293,1.0,0.0
95e0d89479815fa6,2021.06.23.17.31.36_veh-16_00016_00377,1.0,2021.06.23.17.31.36_veh-16_00016_00377,1.0,0.0
9608c9c656695dd6,2021.10.11.02.57.41_veh-50_02155_02265,0.8758242199616483,2021.10.11.02.57.41_veh-50_02155_02265,0.8777033519754772,0.0018791320138289436
96198b6e9db0567b,2021.07.09.15.53.28_veh-38_00184_02293,0.8748857181495909,2021.07.09.15.53.28_veh-38_00184_02293,0.8770971376921,0.00221141954250903
962977e974885acd,2021.10.01.17.52.06_veh-28_01141_01264,0.8699387267382682,2021.10.01.17.52.06_veh-28_01141_01264,0.872760229647116,0.0028215029088477506
966cdeadbc375041,2021.07.09.20.26.06_veh-35_02793_03289,0.9326829501803576,2021.07.09.20.26.06_veh-35_02793_03289,0.9343901541787561,0.001707203998398521
966ede5b9c8559f9,2021.07.09.15.53.28_veh-38_00184_02293,0.8649372623309972,2021.07.09.15.53.28_veh-38_00184_02293,0.8664752990159014,0.0015380366849041538
9694f4c94c0c55bf,2021.10.01.17.52.06_veh-28_01141_01264,1.0,2021.10.01.17.52.06_veh-28_01141_01264,1.0,0.0
96d3136946945a05,2021.06.09.14.50.36_veh-26_02826_02955,1.0,2021.06.09.14.50.36_veh-26_02826_02955,1.0,0.0
96e24e94933f52c8,2021.06.09.12.51.31_veh-35_01729_02626,1.0,2021.06.09.12.51.31_veh-35_01729_02626,1.0,0.0
970fa907695456f4,2021.07.09.15.53.28_veh-38_00184_02293,0.895242547974258,2021.07.09.15.53.28_veh-38_00184_02293,0.8971436366087028,0.0019010886344448252
972df703db945595,2021.07.09.15.53.28_veh-38_00184_02293,0.9288033871412574,2021.07.09.15.53.28_veh-38_00184_02293,0.930713750987263,0.001910363846005625
9742b96a0eee5097,2021.06.23.17.31.36_veh-16_00016_00377,0.8994532923833541,2021.06.23.17.31.36_veh-16_00016_00377,0.9024239065156809,0.0029706141323267987
9753236c37725562,2021.07.09.15.53.28_veh-38_00184_02293,1.0,2021.07.09.15.53.28_veh-38_00184_02293,1.0,0.0
978bac8b6a965c09,2021.07.09.15.53.28_veh-38_00184_02293,1.0,2021.07.09.15.53.28_veh-38_00184_02293,1.0,0.0
97a3fc19fc7b508e,2021.10.01.17.52.06_veh-28_01141_01264,0.9844102770064093,2021.10.01.17.52.06_veh-28_01141_01264,0.9864334557451798,0.002023178738770559
97b60971053a5a8f,2021.06.09.12.06.35_veh-35_01164_01494,0.9274330205471545,2021.06.09.12.06.35_veh-35_01164_01494,0.9296961503756841,0.0022631298285296086
97b9c6b0d3aa5e6b,2021.10.05.07.49.39_veh-52_00770_00905,1.0,2021.10.05.07.49.39_veh-52_00770_00905,1.0,0.0
97bbe0832237514d,2021.07.09.15.53.28_veh-38_00184_02293,0.9096880359069931,2021.07.09.15.53.28_veh-38_00184_02293,0.9105191599398413,0.0008311240328482405
97cd0485dadc5c44,2021.10.05.07.49.39_veh-52_00770_00905,0.9543647872062729,2021.10.05.07.49.39_veh-52_00770_00905,0.9563820497668217,0.0020172625605487937
98546a6b46d7528e,2021.07.09.15.53.28_veh-38_00184_02293,0.970993490583619,2021.07.09.15.53.28_veh-38_00184_02293,0.9725104487950046,0.001516958211385644
987e9ead152a5bef,2021.07.09.15.53.28_veh-38_00184_02293,0.9630608017237817,2021.07.09.15.53.28_veh-38_00184_02293,0.9652024598651877,0.0021416581414059888
98b7d40a0b4256e1,2021.06.09.12.51.31_veh-35_01729_02626,0.9211143190899653,2021.06.09.12.51.31_veh-35_01729_02626,0.9228945322555374,0.0017802131655720865
98e1c86704b75bce,2021.08.31.11.47.30_veh-40_00919_01000,0.9488761181065931,2021.08.31.11.47.30_veh-40_00919_01000,0.950867795716101,0.0019916776095079136
98f62d9131da5913,2021.10.11.02.57.41_veh-50_01028_01289,0.799271607979383,2021.10.11.02.57.41_veh-50_01028_01289,0.8006328297407982,0.0013612217614151767
9915a6132edb5b6f,2021.06.09.14.50.36_veh-26_02826_02955,1.0,2021.06.09.14.50.36_veh-26_02826_02955,1.0,0.0
994cdcf16f475b72,2021.10.11.02.57.41_veh-50_02155_02265,0.9093026142502114,2021.10.11.02.57.41_veh-50_02155_02265,0.9112220377243075,0.001919423474096127
9953d027249f57fe,2021.07.09.15.53.28_veh-38_00184_02293,0.8551287128684032,2021.07.09.15.53.28_veh-38_00184_02293,0.856541652209576,0.0014129393411728142
997140e8419051b4,2021.10.11.02.57.41_veh-50_01028_01289,0.8797625509353892,2021.10.11.02.57.41_veh-50_01028_01289,0.8820215148008207,0.0022589638654314514
99c4a687ed1a599a,2021.07.16.22.40.23_veh-38_00204_00360,1.0,2021.07.16.22.40.23_veh-38_00204_00360,1.0,0.0
99ded0a5f4475071,2021.06.09.12.06.35_veh-35_01164_01494,0.9490051173154801,2021.06.09.12.06.35_veh-35_01164_01494,0.9511880661017718,0.0021829487862916608
99f700e7e9af5407,2021.06.09.20.26.11_veh-35_00970_01216,1.0,2021.06.09.20.26.11_veh-35_00970_01216,1.0,0.0
9a1dbb392efc5e89,2021.08.31.11.47.30_veh-40_00919_01000,0.9594981715295553,2021.08.31.11.47.30_veh-40_00919_01000,0.9614530679418944,0.0019548964123391466
9a3297e2227653e7,2021.06.09.12.06.35_veh-35_01164_01494,0.8812713702958271,2021.06.09.12.06.35_veh-35_01164_01494,0.8833684344540337,0.002097064158206541
9a45431d78665797,2021.10.11.02.57.41_veh-50_01028_01289,0.873683282100322,2021.10.11.02.57.41_veh-50_01028_01289,0.8751579117291848,0.0014746296288628002
9a4b00e867fc591d,2021.06.09.20.26.11_veh-35_00970_01216,1.0,2021.06.09.20.26.11_veh-35_00970_01216,1.0,0.0
9a5fc2035a655005,2021.10.11.02.57.41_veh-50_02155_02265,0.9061990467287989,2021.10.11.02.57.41_veh-50_02155_02265,0.9079584442517454,0.0017593975229465153
9aa65c356bad5da4,2021.07.09.15.53.28_veh-38_00184_02293,0.9600387593435614,2021.07.09.15.53.28_veh-38_00184_02293,0.9619466997436525,0.0019079404000911238
9abce3eae2005739,2021.10.11.02.57.41_veh-50_01028_01289,0.8819890920453313,2021.10.11.02.57.41_veh-50_01028_01289,0.8838427588124923,0.001853666767161033
9ad2cc6c97365873,2021.07.09.20.26.06_veh-35_02793_03289,0.9046879188868123,2021.07.09.20.26.06_veh-35_02793_03289,0.9066019476611937,0.0019140287743814044
9ae5a292b89155a0,2021.06.23.17.31.36_veh-16_00016_00377,1.0,2021.06.23.17.31.36_veh-16_00016_00377,1.0,0.0
9aeb31473be659b4,2021.10.11.02.57.41_veh-50_02155_02265,0.8708038307568748,2021.10.11.02.57.41_veh-50_02155_02265,0.8727290836993742,0.0019252529424993448
9b3708708fbd550f,2021.06.09.12.06.35_veh-35_01164_01494,0.9297532112437787,2021.06.09.12.06.35_veh-35_01164_01494,0.9319237596823463,0.0021705484385675655
9b4247d0fd87569c,2021.07.09.20.26.06_veh-35_02793_03289,0.894651804146414,2021.07.09.20.26.06_veh-35_02793_03289,0.8973968402715524,0.0027450361251384336
9b4ca000766657b2,2021.07.09.15.53.28_veh-38_00184_02293,0.9224634172313811,2021.07.09.15.53.28_veh-38_00184_02293,0.9246715037180766,0.0022080864866954597
9b7196827b5859df,2021.06.09.14.50.36_veh-26_02826_02955,1.0,2021.06.09.14.50.36_veh-26_02826_02955,1.0,0.0
9b877b869b3d5f89,2021.06.09.20.26.11_veh-35_00970_01216,1.0,2021.06.09.20.26.11_veh-35_00970_01216,1.0,0.0
9bbdf96591265339,2021.08.31.14.01.15_veh-40_01576_01714,0.8224984419364746,2021.08.31.14.01.15_veh-40_01576_01714,0.8249632797084575,0.0024648377719829195
9bcee0d1dd015764,2021.07.09.15.53.28_veh-38_00184_02293,1.0,2021.07.09.15.53.28_veh-38_00184_02293,1.0,0.0
9be9272eca74587d,2021.10.11.02.57.41_veh-50_02155_02265,0.8938641436784694,2021.10.11.02.57.41_veh-50_02155_02265,0.895804833091384,0.0019406894129145869
9c084095533b564c,2021.10.05.07.49.39_veh-52_00770_00905,0.846794916900854,2021.10.05.07.49.39_veh-52_00770_00905,0.8493177146778951,0.002522797777041119
9c2572be2cc259d9,2021.07.09.15.53.28_veh-38_00184_02293,0.9719120018836521,2021.07.09.15.53.28_veh-38_00184_02293,0.9742711016241655,0.002359099740513404
9c33787bfeda5800,2021.07.09.15.53.28_veh-38_00184_02293,1.0,2021.07.09.15.53.28_veh-38_00184_02293,1.0,0.0
9c792517780b5b7d,2021.07.09.15.53.28_veh-38_00184_02293,0.9684436804814885,2021.07.09.15.53.28_veh-38_00184_02293,0.971050583837269,0.00260690335578051
9c83725ca24453f5,2021.07.09.15.53.28_veh-38_00184_02293,1.0,2021.07.09.15.53.28_veh-38_00184_02293,1.0,0.0
9c891840338e54d4,2021.07.09.15.53.28_veh-38_00184_02293,0.9078725159616012,2021.07.09.15.53.28_veh-38_00184_02293,0.909954524446745,0.002082008485143727
9cb25aa118655418,2021.07.09.15.53.28_veh-38_00184_02293,1.0,2021.07.09.15.53.28_veh-38_00184_02293,1.0,0.0
9cb570dc6b2b5355,2021.06.09.12.06.35_veh-35_01164_01494,0.9213548349829125,2021.06.09.12.06.35_veh-35_01164_01494,0.9232556086097081,0.0019007736267956377
9cc73a8bde335ec2,2021.07.09.15.53.28_veh-38_00184_02293,1.0,2021.07.09.15.53.28_veh-38_00184_02293,1.0,0.0
9ce14bde80df5bab,2021.10.05.08.11.15_veh-50_00437_00585,0.9356760157055467,2021.10.05.08.11.15_veh-50_00437_00585,0.9378336529229175,0.0021576372173708336
9cef9bb074dc57a9,2021.06.09.17.23.18_veh-38_01598_01750,1.0,2021.06.09.17.23.18_veh-38_01598_01750,1.0,0.0
9d0c0ca6c0b352b8,2021.06.09.12.51.31_veh-35_01729_02626,0.9119911299978599,2021.06.09.12.51.31_veh-35_01729_02626,0.9139623672561753,0.0019712372583153837
9d35cc01a2ca541d,2021.06.09.20.26.11_veh-35_00970_01216,0.9089354551504368,2021.06.09.20.26.11_veh-35_00970_01216,0.9100457301836228,0.0011102750331859479
9d572fd0a3c0584f,2021.07.09.15.53.28_veh-38_00184_02293,1.0,2021.07.09.15.53.28_veh-38_00184_02293,1.0,0.0
9d87ac4fbc1959d9,2021.06.09.12.51.31_veh-35_01729_02626,1.0,2021.06.09.12.51.31_veh-35_01729_02626,1.0,0.0
9d87df3517f0557a,2021.06.09.12.51.31_veh-35_01729_02626,0.8997733061327354,2021.06.09.12.51.31_veh-35_01729_02626,0.9024841579186414,0.002710851785906021
9d8f4e67c96b5637,2021.07.09.15.53.28_veh-38_00184_02293,0.9703729165624758,2021.07.09.15.53.28_veh-38_00184_02293,0.9729084466048973,0.0025355300424214633
9db16a5b77095de4,2021.07.09.15.53.28_veh-38_00184_02293,0.8541994872759364,2021.07.09.15.53.28_veh-38_00184_02293,0.8561334888753053,0.0019340015993688509
9e6d11e4e8385c43,2021.06.09.20.26.11_veh-35_00970_01216,1.0,2021.06.09.20.26.11_veh-35_00970_01216,1.0,0.0
9e7532e485cc5816,2021.07.09.15.53.28_veh-38_00184_02293,1.0,2021.07.09.15.53.28_veh-38_00184_02293,1.0,0.0
9eac02522d2a5ed3,2021.07.09.15.53.28_veh-38_00184_02293,1.0,2021.07.09.15.53.28_veh-38_00184_02293,1.0,0.0
9eae5a2e43535977,2021.10.11.02.57.41_veh-50_01028_01289,0.0,2021.10.11.02.57.41_veh-50_01028_01289,0.0,0.0
9eba22c564c15cff,2021.06.09.20.26.11_veh-35_00970_01216,1.0,2021.06.09.20.26.11_veh-35_00970_01216,1.0,0.0
9ebea9056e195897,2021.06.09.12.51.31_veh-35_01729_02626,0.8805706349244365,2021.06.09.12.51.31_veh-35_01729_02626,0.8829895902652937,0.0024189553408571207
9ed6b55afa4251dd,2021.06.09.17.23.18_veh-38_01598_01750,1.0,2021.06.09.17.23.18_veh-38_01598_01750,1.0,0.0
9f2f87e8c4b558c8,2021.07.09.15.53.28_veh-38_00184_02293,0.9464284117267457,2021.07.09.15.53.28_veh-38_00184_02293,0.9478590065779411,0.0014305948511953437
9f40f3d09a0c5024,2021.07.09.15.53.28_veh-38_00184_02293,0.9844730289078184,2021.07.09.15.53.28_veh-38_00184_02293,0.9865544252073226,0.0020813962995042123
9f56c42b0c4b552c,2021.07.09.15.53.28_veh-38_00184_02293,0.958954374793712,2021.07.09.15.53.28_veh-38_00184_02293,0.9611438690875486,0.0021894942938365247
9f7def7fc5e4570e,2021.07.09.20.26.06_veh-35_02793_03289,0.8811406749517706,2021.07.09.20.26.06_veh-35_02793_03289,0.8827182078381303,0.001577532886359645
9f885abfb8cd5675,2021.07.16.22.40.23_veh-38_00204_00360,1.0,2021.07.16.22.40.23_veh-38_00204_00360,1.0,0.0
9fabef7447845a3b,2021.06.09.12.51.31_veh-35_01729_02626,0.920707434532686,2021.06.09.12.51.31_veh-35_01729_02626,0.9231344415453483,0.0024270070126622967
9fb2a722bf485a1b,2021.06.09.12.51.31_veh-35_01729_02626,0.8823403173089579,2021.06.09.12.51.31_veh-35_01729_02626,0.8855940736648745,0.003253756355916626
a0036dbb7dd9522a,2021.07.09.15.53.28_veh-38_00184_02293,1.0,2021.07.09.15.53.28_veh-38_00184_02293,1.0,0.0
a0134d1c60475b3c,2021.06.23.17.31.36_veh-16_00016_00377,0.9651898172843646,2021.06.23.17.31.36_veh-16_00016_00377,0.966581604387398,0.0013917871030334483
a01fa5eb5be95c2a,2021.07.09.20.26.06_veh-35_02793_03289,0.9128746480449191,2021.07.09.20.26.06_veh-35_02793_03289,0.9140546548999214,0.0011800068550023024
a02f3e19c1ad5991,2021.06.09.20.26.11_veh-35_00970_01216,0.950017309116629,2021.06.09.20.26.11_veh-35_00970_01216,0.9537019125997492,0.0036846034831202745
a0493e8185235ec7,2021.10.05.07.49.39_veh-52_00770_00905,0.9697128293104459,2021.10.05.07.49.39_veh-52_00770_00905,0.9722602811893005,0.002547451878854634
a0757b8313a15615,2021.10.11.02.57.41_veh-50_02155_02265,0.8671787961814239,2021.10.11.02.57.41_veh-50_02155_02265,0.8689050632152409,0.0017262670338169528
a075a523b64550e9,2021.07.09.15.53.28_veh-38_00184_02293,0.8166892520901268,2021.07.09.15.53.28_veh-38_00184_02293,0.8190531949617376,0.0023639428716107913
a094176b58375800,2021.07.09.15.53.28_veh-38_00184_02293,1.0,2021.07.09.15.53.28_veh-38_00184_02293,1.0,0.0
a0c05b04e8fc5d85,2021.07.09.15.53.28_veh-38_00184_02293,1.0,2021.07.09.15.53.28_veh-38_00184_02293,1.0,0.0
a156a990d01f5a38,2021.07.09.15.53.28_veh-38_00184_02293,1.0,2021.07.09.15.53.28_veh-38_00184_02293,1.0,0.0
a1722fd06916560d,2021.06.09.12.06.35_veh-35_01164_01494,0.9066974684489373,2021.06.09.12.06.35_veh-35_01164_01494,0.907993866749992,0.0012963983010547686
a173aec70e58581c,2021.07.09.15.53.28_veh-38_00184_02293,0.8861472237215088,2021.07.09.15.53.28_veh-38_00184_02293,0.8875011261845533,0.001353902463044565
a17b55560d22530f,2021.10.05.07.49.39_veh-52_00770_00905,1.0,2021.10.05.07.49.39_veh-52_00770_00905,1.0,0.0
a1b196339e23508b,2021.07.09.15.53.28_veh-38_00184_02293,0.8825681933897481,2021.07.09.15.53.28_veh-38_00184_02293,0.884092363262984,0.0015241698732358921
a1c0bc234f6b509d,2021.07.09.15.53.28_veh-38_00184_02293,0.9348003141467113,2021.07.09.15.53.28_veh-38_00184_02293,0.9364648359872234,0.0016645218405121343
a1cca44efdc256a2,2021.06.23.17.31.36_veh-16_00016_00377,1.0,2021.06.23.17.31.36_veh-16_00016_00377,1.0,0.0
a1e1af9908e45556,2021.10.11.02.57.41_veh-50_02155_02265,0.8659616774726459,2021.10.11.02.57.41_veh-50_02155_02265,0.8677210756866818,0.0017593982140359232
a1f10af5c1bd57f8,2021.06.09.20.26.11_veh-35_00970_01216,0.9746999884891517,2021.06.09.20.26.11_veh-35_00970_01216,0.9765280492938807,0.0018280608047289704
a22e6b1ef8655ecf,2021.06.09.12.06.35_veh-35_01164_01494,0.8923225856816321,2021.06.09.12.06.35_veh-35_01164_01494,0.8937514722200951,0.001428886538462959
a27a8a02217d5ade,2021.08.31.11.47.30_veh-40_00919_01000,0.9359629090080578,2021.08.31.11.47.30_veh-40_00919_01000,0.9381579575739227,0.0021950485658649432
a287a8b3726a5d46,2021.06.09.12.51.31_veh-35_01729_02626,1.0,2021.06.09.12.51.31_veh-35_01729_02626,1.0,0.0
a29d4b0957d45457,2021.07.09.15.53.28_veh-38_00184_02293,1.0,2021.07.09.15.53.28_veh-38_00184_02293,1.0,0.0
a2e8d995e6985d26,2021.06.09.20.26.11_veh-35_00970_01216,0.9734502535862802,2021.06.09.20.26.11_veh-35_00970_01216,0.9745261352391098,0.001075881652829569
a30635daffc75118,2021.06.09.12.06.35_veh-35_01164_01494,1.0,2021.06.09.12.06.35_veh-35_01164_01494,1.0,0.0
a3421711e5dc50e5,2021.07.09.20.26.06_veh-35_02793_03289,1.0,2021.07.09.20.26.06_veh-35_02793_03289,1.0,0.0
a3648b6dd505564f,2021.07.09.15.53.28_veh-38_00184_02293,1.0,2021.07.09.15.53.28_veh-38_00184_02293,1.0,0.0
a3886a0066ca51e0,2021.10.11.02.57.41_veh-50_01028_01289,0.8637626694668246,2021.10.11.02.57.41_veh-50_01028_01289,0.8651692558877947,0.001406586420970135
a3b1fb4905615ee0,2021.07.09.15.53.28_veh-38_00184_02293,0.0,2021.07.09.15.53.28_veh-38_00184_02293,0.0,0.0
a3ef1c88095a59da,2021.07.09.15.53.28_veh-38_00184_02293,0.8619120828468471,2021.07.09.15.53.28_veh-38_00184_02293,0.863576784189456,0.0016647013426089874
a43022f0434c530b,2021.10.01.17.52.06_veh-28_01141_01264,0.9800916549103408,2021.10.01.17.52.06_veh-28_01141_01264,0.9824883993536049,0.0023967444432640983
a46b9833db705dd8,2021.06.09.12.51.31_veh-35_01729_02626,0.8322536701423354,2021.06.09.12.51.31_veh-35_01729_02626,0.8336479988713048,0.001394328728969385
a47149d13d5a5b74,2021.10.11.02.57.41_veh-50_02155_02265,0.9052816021382352,2021.10.11.02.57.41_veh-50_02155_02265,0.9074473258309125,0.0021657236926773127
a4add302e42c5c7e,2021.06.09.20.26.11_veh-35_00970_01216,0.9174580824990896,2021.06.09.20.26.11_veh-35_00970_01216,0.9190226785651853,0.0015645960660957137
a4ba975c32c95388,2021.07.09.15.53.28_veh-38_00184_02293,0.9817517551362864,2021.07.09.15.53.28_veh-38_00184_02293,0.9838596394460198,0.00210788430973341
a501f397b8045aed,2021.07.09.15.53.28_veh-38_00184_02293,0.9857326168432121,2021.07.09.15.53.28_veh-38_00184_02293,0.9875971903852919,0.001864573542079806
a5051ac6e15551e7,2021.08.31.11.47.30_veh-40_00919_01000,0.9450535180529419,2021.08.31.11.47.30_veh-40_00919_01000,0.9468712035951062,0.0018176855421643268
a572a36643565d2d,2021.07.09.15.53.28_veh-38_00184_02293,1.0,2021.07.09.15.53.28_veh-38_00184_02293,1.0,0.0
a5aa2c07692a5f9b,2021.06.23.17.31.36_veh-16_00016_00377,1.0,2021.06.23.17.31.36_veh-16_00016_00377,1.0,0.0
a5bdf8f9621d585c,2021.07.09.15.53.28_veh-38_00184_02293,1.0,2021.07.09.15.53.28_veh-38_00184_02293,1.0,0.0
a5d0fdeecf745214,2021.07.09.15.53.28_veh-38_00184_02293,1.0,2021.07.09.15.53.28_veh-38_00184_02293,1.0,0.0
a5fc68e13b4c5653,2021.07.09.15.53.28_veh-38_00184_02293,1.0,2021.07.09.15.53.28_veh-38_00184_02293,1.0,0.0
a60f2627cee15fd4,2021.10.11.02.57.41_veh-50_02155_02265,0.8544459849502516,2021.10.11.02.57.41_veh-50_02155_02265,0.8560563801530968,0.0016103952028452273
a614f0e213bc5b3c,2021.10.11.02.57.41_veh-50_02155_02265,0.8268378853345251,2021.10.11.02.57.41_veh-50_02155_02265,0.8279093250331281,0.0010714396986030161
a61c2bbd0f3d5d8b,2021.06.09.12.06.35_veh-35_01164_01494,0.9906139363795964,2021.06.09.12.06.35_veh-35_01164_01494,0.9929377882236109,0.002323851844014513
a636eadfab6a531d,2021.06.09.12.51.31_veh-35_01729_02626,0.804055420143109,2021.06.09.12.51.31_veh-35_01729_02626,0.8063462761462246,0.0022908560031155156
a63d9d8cd31858ae,2021.06.23.17.31.36_veh-16_00016_00377,0.9316222953946203,2021.06.23.17.31.36_veh-16_00016_00377,0.9335021412003973,0.0018798458057770473
a661c633fa3e5a59,2021.08.31.14.01.15_veh-40_01576_01714,1.0,2021.08.31.14.01.15_veh-40_01576_01714,1.0,0.0
a7052e45ec88505e,2021.07.09.20.26.06_veh-35_02793_03289,0.9271725583677668,2021.07.09.20.26.06_veh-35_02793_03289,0.9289580498208988,0.0017854914531320043
a732670827695579,2021.07.09.15.53.28_veh-38_00184_02293,0.8814528783995269,2021.07.09.15.53.28_veh-38_00184_02293,0.8831109347347742,0.0016580563352472932
a7678eea2655557f,2021.06.09.20.26.11_veh-35_00970_01216,0.898475954778078,2021.06.09.20.26.11_veh-35_00970_01216,0.9007300328936431,0.0022540781155651057
a77bff075d7c5d85,2021.10.11.02.57.41_veh-50_01028_01289,0.962041886860416,2021.10.11.02.57.41_veh-50_01028_01289,0.9639762225774676,0.001934335717051594
a7a0e345cbe251ff,2021.06.09.20.26.11_veh-35_00970_01216,1.0,2021.06.09.20.26.11_veh-35_00970_01216,1.0,0.0
a7bfd664e59f5640,2021.07.09.15.53.28_veh-38_00184_02293,0.9517865986286349,2021.07.09.15.53.28_veh-38_00184_02293,0.9534958395526344,0.0017092409239994888
a7c85687d085540f,2021.07.09.15.53.28_veh-38_00184_02293,0.9536484883382615,2021.07.09.15.53.28_veh-38_00184_02293,0.9559928166072442,0.002344328268982676
a7f219d0ab395e1b,2021.07.09.15.53.28_veh-38_00184_02293,1.0,2021.07.09.15.53.28_veh-38_00184_02293,1.0,0.0
a85db33ba720554a,2021.07.09.15.53.28_veh-38_00184_02293,1.0,2021.07.09.15.53.28_veh-38_00184_02293,1.0,0.0
a8739782d4355428,2021.06.09.12.51.31_veh-35_01729_02626,1.0,2021.06.09.12.51.31_veh-35_01729_02626,1.0,0.0
a890e898c911575d,2021.07.09.15.53.28_veh-38_00184_02293,1.0,2021.07.09.15.53.28_veh-38_00184_02293,1.0,0.0
a8c8ce07867e569e,2021.06.23.17.31.36_veh-16_00016_00377,0.9175449408931602,2021.06.23.17.31.36_veh-16_00016_00377,0.9204894852326743,0.002944544339514077
a8e97875efab5ff5,2021.07.09.15.53.28_veh-38_00184_02293,0.9173320641617696,2021.07.09.15.53.28_veh-38_00184_02293,0.9191652268449148,0.0018331626831451509
a8efb43e09885372,2021.07.09.15.53.28_veh-38_00184_02293,0.98019508822175,2021.07.09.15.53.28_veh-38_00184_02293,0.9820573200955446,0.0018622318737945287
a8f42d585ae55630,2021.07.09.20.26.06_veh-35_02793_03289,0.9492249669397012,2021.07.09.20.26.06_veh-35_02793_03289,0.9513377879790701,0.0021128210393689395
a90b5f01478957ee,2021.07.09.15.53.28_veh-38_00184_02293,0.8202401697870254,2021.07.09.15.53.28_veh-38_00184_02293,0.8218772280028208,0.0016370582157954061
a91aee7fb6255053,2021.07.09.15.53.28_veh-38_00184_02293,0.9077065458016814,2021.07.09.15.53.28_veh-38_00184_02293,0.9096281031285777,0.0019215573268962505
a92a5c623e9a5906,2021.08.31.14.01.15_veh-40_01576_01714,0.9328336383764234,2021.08.31.14.01.15_veh-40_01576_01714,0.9346796754985615,0.0018460371221380445
a99dbc17a6f35fa0,2021.10.05.08.11.15_veh-50_00437_00585,0.8826223419214644,2021.10.05.08.11.15_veh-50_00437_00585,0.8841722123917076,0.001549870470243242
a99fef2dc48459b8,2021.10.11.02.57.41_veh-50_02155_02265,0.8944902608758413,2021.10.11.02.57.41_veh-50_02155_02265,0.8962706735501483,0.0017804126743070636
a9bb657628115cf5,2021.07.09.15.53.28_veh-38_00184_02293,0.9386536403678646,2021.07.09.15.53.28_veh-38_00184_02293,0.9410575722762683,0.0024039319084037114
aa05717ed4265b1a,2021.06.09.12.51.31_veh-35_01729_02626,0.9236960171350966,2021.06.09.12.51.31_veh-35_01729_02626,0.9257174936174962,0.0020214764823995868
aa22e0c0be2b588c,2021.07.09.20.26.06_veh-35_02793_03289,1.0,2021.07.09.20.26.06_veh-35_02793_03289,1.0,0.0
aa5c5efeeafd563c,2021.08.31.14.01.15_veh-40_01576_01714,0.928799043707361,2021.08.31.14.01.15_veh-40_01576_01714,0.9306950076412415,0.0018959639338804735
aa8326c244e85a40,2021.10.11.02.57.41_veh-50_02155_02265,0.8850778221129679,2021.10.11.02.57.41_veh-50_02155_02265,0.8868082738558408,0.001730451742872896
aa917b7bd6795583,2021.07.09.15.53.28_veh-38_00184_02293,0.9895004581653616,2021.07.09.15.53.28_veh-38_00184_02293,0.9918004853113093,0.0023000271459476807
aa9798a62fd05f92,2021.07.09.20.26.06_veh-35_02793_03289,0.9379644026640083,2021.07.09.20.26.06_veh-35_02793_03289,0.9395421927758053,0.0015777901117970394
aaa588f7383f52b7,2021.06.09.20.26.11_veh-35_00970_01216,0.8855201771547755,2021.06.09.20.26.11_veh-35_00970_01216,0.887570304929196,0.002050127774420485
aac0caff26875b79,2021.06.23.17.31.36_veh-16_00016_00377,1.0,2021.06.23.17.31.36_veh-16_00016_00377,1.0,0.0
aae99a84413d5f72,2021.06.09.20.26.11_veh-35_00970_01216,0.8863734473283212,2021.06.09.20.26.11_veh-35_00970_01216,0.8881183626788145,0.001744915350493259
ab53984253715cdd,2021.10.11.02.57.41_veh-50_02155_02265,0.8713576910470983,2021.10.11.02.57.41_veh-50_02155_02265,0.8728738356652718,0.0015161446181735094
aba976ffd9c451de,2021.10.01.17.52.06_veh-28_01141_01264,0.9507695778510866,2021.10.01.17.52.06_veh-28_01141_01264,0.9533606161507892,0.0025910382997025305
abc8238662a8569e,2021.07.09.20.26.06_veh-35_02793_03289,0.9424402209815183,2021.07.09.20.26.06_veh-35_02793_03289,0.9445686963361591,0.0021284753546408908
abc8c3e51f5857d5,2021.10.05.08.11.15_veh-50_00437_00585,0.9924864149132132,2021.10.05.08.11.15_veh-50_00437_00585,0.9952196056739336,0.0027331907607204275
abc9f2cbeaeb55f6,2021.10.11.02.57.41_veh-50_01028_01289,0.9186706338216366,2021.10.11.02.57.41_veh-50_01028_01289,0.9200983334126862,0.0014276995910496026
abeedf530cf3573d,2021.10.11.02.57.41_veh-50_01028_01289,0.8385001043038308,2021.10.11.02.57.41_veh-50_01028_01289,0.8405587074455062,0.002058603141675386
abf1cce3aa57532a,2021.10.05.08.11.15_veh-50_00437_00585,0.9265150535550171,2021.10.05.08.11.15_veh-50_00437_00585,0.9285892400038209,0.002074186448803861
ac0ca24fd2f158b7,2021.07.09.15.53.28_veh-38_00184_02293,1.0,2021.07.09.15.53.28_veh-38_00184_02293,1.0,0.0
ac2c3e22fe8c5c6d,2021.06.09.12.51.31_veh-35_01729_02626,0.8452665791160667,2021.06.09.12.51.31_veh-35_01729_02626,0.8481190786299453,0.002852499513878559
ac5e2264df3958ac,2021.06.09.12.51.31_veh-35_01729_02626,0.8405051169938221,2021.06.09.12.51.31_veh-35_01729_02626,0.8425363815470425,0.0020312645532203355
ac681c2a50795ba0,2021.08.31.11.47.30_veh-40_00919_01000,1.0,2021.08.31.11.47.30_veh-40_00919_01000,1.0,0.0
ac7799ea12475109,2021.10.01.17.52.06_veh-28_01141_01264,0.9691212036587732,2021.10.01.17.52.06_veh-28_01141_01264,0.9712504164767793,0.0021292128180061543
ac7ab75271c75a44,2021.06.23.17.31.36_veh-16_00016_00377,1.0,2021.06.23.17.31.36_veh-16_00016_00377,1.0,0.0
acf90c09814b527d,2021.07.09.15.53.28_veh-38_00184_02293,0.9504518780593346,2021.07.09.15.53.28_veh-38_00184_02293,0.9541985459604586,0.00374666790112399
ad4728971bca5a56,2021.07.09.15.53.28_veh-38_00184_02293,1.0,2021.07.09.15.53.28_veh-38_00184_02293,1.0,0.0
ad6f2ee944415c58,2021.06.09.12.51.31_veh-35_01729_02626,1.0,2021.06.09.12.51.31_veh-35_01729_02626,1.0,0.0
ad75c0abe73d52c7,2021.10.11.02.57.41_veh-50_01028_01289,0.8529246274296608,2021.10.11.02.57.41_veh-50_01028_01289,0.8541310261376284,0.0012063987079675709
ad8f2bc5ddb055c9,2021.07.09.20.26.06_veh-35_02793_03289,0.8861912217787294,2021.07.09.20.26.06_veh-35_02793_03289,0.887794423501281,0.0016032017225515727
ad9c60ee22de5163,2021.08.31.11.47.30_veh-40_00919_01000,0.9361632583771082,2021.08.31.11.47.30_veh-40_00919_01000,0.9382533035874916,0.0020900452103833622
add1ea7b7e845845,2021.07.09.20.26.06_veh-35_02793_03289,1.0,2021.07.09.20.26.06_veh-35_02793_03289,1.0,0.0
adeac17732895943,2021.07.09.15.53.28_veh-38_00184_02293,1.0,2021.07.09.15.53.28_veh-38_00184_02293,1.0,0.0
adf1f42c50905604,2021.07.09.20.26.06_veh-35_02793_03289,1.0,2021.07.09.20.26.06_veh-35_02793_03289,1.0,0.0
ae0c0121c32e5e5c,2021.07.09.20.26.06_veh-35_02793_03289,0.8548045394781316,2021.07.09.20.26.06_veh-35_02793_03289,0.8577909970883161,0.0029864576101844564
ae101de4cb1b513e,2021.07.09.15.53.28_veh-38_00184_02293,0.8152155940327859,2021.07.09.15.53.28_veh-38_00184_02293,0.8174321026261309,0.00221650859334499
ae1ce6b276645fd1,2021.10.11.02.57.41_veh-50_02155_02265,0.8743884985768346,2021.10.11.02.57.41_veh-50_02155_02265,0.8762152042199546,0.0018267056431199302
ae2807f88fea5904,2021.10.11.02.57.41_veh-50_01028_01289,0.8181774013897195,2021.10.11.02.57.41_veh-50_01028_01289,0.8196168100925189,0.0014394087027993496
ae423ca6966757cf,2021.10.01.17.52.06_veh-28_01141_01264,0.9807672838601477,2021.10.01.17.52.06_veh-28_01141_01264,0.9827587676977054,0.0019914838375577615
ae65f8c63d9757ce,2021.07.09.15.53.28_veh-38_00184_02293,1.0,2021.07.09.15.53.28_veh-38_00184_02293,1.0,0.0
ae75038bea395c18,2021.07.09.15.53.28_veh-38_00184_02293,0.9131336965504167,2021.07.09.15.53.28_veh-38_00184_02293,0.9147905474209042,0.001656850870487503
ae7aec1b18255951,2021.10.05.07.49.39_veh-52_00770_00905,1.0,2021.10.05.07.49.39_veh-52_00770_00905,1.0,0.0
aeac6b9b55cb5709,2021.10.05.08.11.15_veh-50_00437_00585,0.8751719602310918,2021.10.05.08.11.15_veh-50_00437_00585,0.8770482172650423,0.0018762570339505569
aee6f2e930d550e1,2021.10.05.07.49.39_veh-52_00770_00905,0.9540682601119199,2021.10.05.07.49.39_veh-52_00770_00905,0.9558238273067511,0.0017555671948311646
aefcaaf5aef552eb,2021.07.09.15.53.28_veh-38_00184_02293,1.0,2021.07.09.15.53.28_veh-38_00184_02293,1.0,0.0
af1647f044bf5353,2021.07.09.20.26.06_veh-35_02793_03289,0.9773497557155512,2021.07.09.20.26.06_veh-35_02793_03289,0.9793553144609174,0.0020055587453662316
af5340a6db3a56dc,2021.10.11.02.57.41_veh-50_02155_02265,0.8995287703243798,2021.10.11.02.57.41_veh-50_02155_02265,0.9015639765580413,0.0020352062336614907
af72d87120a75e89,2021.06.09.12.06.35_veh-35_01164_01494,1.0,2021.06.09.12.06.35_veh-35_01164_01494,1.0,0.0
afcacc1536c75f9f,2021.10.11.02.57.41_veh-50_01028_01289,0.8685673727081943,2021.10.11.02.57.41_veh-50_01028_01289,0.8706882322773387,0.0021208595691444287
b007973e1a8c56cb,2021.06.09.12.06.35_veh-35_01164_01494,0.9628228687293378,2021.06.09.12.06.35_veh-35_01164_01494,0.9648964793864073,0.002073610657069569
b017af1b89af5241,2021.07.09.20.26.06_veh-35_02793_03289,1.0,2021.07.09.20.26.06_veh-35_02793_03289,1.0,0.0
b0224834f8b856d8,2021.07.09.15.53.28_veh-38_00184_02293,0.8851124060217567,2021.07.09.15.53.28_veh-38_00184_02293,0.8866127238452975,0.0015003178235408754
b02f4daf44f952d5,2021.06.09.14.50.36_veh-26_02826_02955,0.8333333333333334,2021.06.09.14.50.36_veh-26_02826_02955,0.8333333333333334,0.0
b030dec92165592b,2021.07.09.15.53.28_veh-38_00184_02293,1.0,2021.07.09.15.53.28_veh-38_00184_02293,1.0,0.0
b042f8b582f453d8,2021.10.11.02.57.41_veh-50_02155_02265,0.8747168260016688,2021.10.11.02.57.41_veh-50_02155_02265,0.8769704277528003,0.00225360175113154
b066a7fc60ff523a,2021.07.09.15.53.28_veh-38_00184_02293,1.0,2021.07.09.15.53.28_veh-38_00184_02293,1.0,0.0
b08f0c9d23f054dc,2021.10.05.08.11.15_veh-50_00437_00585,0.8630436122104816,2021.10.05.08.11.15_veh-50_00437_00585,0.8645593875599985,0.0015157753495168569
b0ab79add8315a10,2021.10.11.02.57.41_veh-50_02155_02265,0.8959199799143475,2021.10.11.02.57.41_veh-50_02155_02265,0.8981031763989593,0.002183196484611849
b0fbd8c8185b5ba8,2021.07.09.20.26.06_veh-35_02793_03289,1.0,2021.07.09.20.26.06_veh-35_02793_03289,1.0,0.0
b1c8504629d8571f,2021.07.09.15.53.28_veh-38_00184_02293,0.942319551602837,2021.07.09.15.53.28_veh-38_00184_02293,0.9435584078898076,0.0012388562869706243
b1dfcdc2c85b536b,2021.10.01.17.52.06_veh-28_01141_01264,0.929155336761139,2021.10.01.17.52.06_veh-28_01141_01264,0.9314501674917697,0.002294830730630637
b2119b944b7f5d42,2021.06.09.12.51.31_veh-35_01729_02626,1.0,2021.06.09.12.51.31_veh-35_01729_02626,1.0,0.0
b23b1644c9845dc3,2021.07.09.15.53.28_veh-38_00184_02293,1.0,2021.07.09.15.53.28_veh-38_00184_02293,1.0,0.0
b23ede9a183b5b71,2021.06.09.12.06.35_veh-35_01164_01494,0.9063450359603888,2021.06.09.12.06.35_veh-35_01164_01494,0.9082047563148157,0.0018597203544268304
b26470d352f35d83,2021.07.09.15.53.28_veh-38_00184_02293,0.8408089714235883,2021.07.09.15.53.28_veh-38_00184_02293,0.842585471571223,0.001776500147634641
b2b97b044f3d52f5,2021.10.11.02.57.41_veh-50_02155_02265,0.8845500758124031,2021.10.11.02.57.41_veh-50_02155_02265,0.8864607302798994,0.0019106544674962755
b2dffb44dcbd58e6,2021.10.05.07.49.39_veh-52_00770_00905,0.9028119509293462,2021.10.05.07.49.39_veh-52_00770_00905,0.9045287468845657,0.0017167959552195633
b308eee052bc5e70,2021.07.09.15.53.28_veh-38_00184_02293,0.9669761435286262,2021.07.09.15.53.28_veh-38_00184_02293,0.9690032382768238,0.002027094748197622
b31cfbd91b505320,2021.07.09.20.26.06_veh-35_02793_03289,0.9558016241942132,2021.07.09.20.26.06_veh-35_02793_03289,0.9576142930446491,0.0018126688504358501
b3786daf3a0357bd,2021.07.09.15.53.28_veh-38_00184_02293,1.0,2021.07.09.15.53.28_veh-38_00184_02293,1.0,0.0
b3811cb7cd8b5bee,2021.07.09.20.26.06_veh-35_02793_03289,1.0,2021.07.09.20.26.06_veh-35_02793_03289,1.0,0.0
b39a2ad9b6f050a9,2021.07.09.15.53.28_veh-38_00184_02293,0.9277421160069824,2021.07.09.15.53.28_veh-38_00184_02293,0.9294286945435891,0.0016865785366066977
b3c10c514af95e75,2021.10.11.02.57.41_veh-50_01028_01289,0.9262721572797004,2021.10.11.02.57.41_veh-50_01028_01289,0.929177571614776,0.002905414335075629
b3d05d10a7075767,2021.10.11.02.57.41_veh-50_01028_01289,0.8628436015439288,2021.10.11.02.57.41_veh-50_01028_01289,0.8642899141458189,0.0014463126018900985
b3e4a0d98ed9509d,2021.06.09.12.51.31_veh-35_01729_02626,0.8522351204049375,2021.06.09.12.51.31_veh-35_01729_02626,0.8546131234578441,0.0023780030529065854
b3fa24000d6f5d8d,2021.07.09.15.53.28_veh-38_00184_02293,0.8790444566995331,2021.07.09.15.53.28_veh-38_00184_02293,0.8805712446097971,0.0015267879102639492
b434729c2a2154c3,2021.10.11.02.57.41_veh-50_02155_02265,0.9390973004534232,2021.10.11.02.57.41_veh-50_02155_02265,0.9416133663007984,0.002516065847375182
b462555081035453,2021.07.09.20.26.06_veh-35_02793_03289,0.955009817673619,2021.07.09.20.26.06_veh-35_02793_03289,0.9569772130813554,0.001967395407736383
b49af1daed2a5108,2021.10.05.08.11.15_veh-50_00437_00585,0.8452333254827812,2021.10.05.08.11.15_veh-50_00437_00585,0.8465513344012786,0.0013180089184974264
b4b4b7ff096852e8,2021.07.09.15.53.28_veh-38_00184_02293,1.0,2021.07.09.15.53.28_veh-38_00184_02293,1.0,0.0
b4da9833a6795b8f,2021.07.09.15.53.28_veh-38_00184_02293,0.9534724161586126,2021.07.09.15.53.28_veh-38_00184_02293,0.9551582994561922,0.0016858832975796822
b5099ae80a345e3e,2021.10.05.08.11.15_veh-50_00437_00585,0.8422070731385802,2021.10.05.08.11.15_veh-50_00437_00585,0.8440074711071547,0.001800397968574452
b518972e5c74575f,2021.07.09.20.26.06_veh-35_02793_03289,0.9311606420819082,2021.07.09.20.26.06_veh-35_02793_03289,0.9332245619311684,0.002063919849260243
b56363ebc91255ac,2021.06.09.20.26.11_veh-35_00970_01216,0.8811878067191818,2021.06.09.20.26.11_veh-35_00970_01216,0.8835146883063377,0.0023268815871558823
b57bd30f8dbd5371,2021.10.11.02.57.41_veh-50_01028_01289,1.0,2021.10.11.02.57.41_veh-50_01028_01289,1.0,0.0
b5bc586e807859b9,2021.07.09.20.26.06_veh-35_02793_03289,0.9591102338237563,2021.07.09.20.26.06_veh-35_02793_03289,0.9605608802752048,0.001450646451448545
b5d7c17fe5375141,2021.06.09.20.26.11_veh-35_00970_01216,0.9161384694079899,2021.06.09.20.26.11_veh-35_00970_01216,0.9174867234614666,0.0013482540534767162
b5de22e724db5143,2021.06.09.12.06.35_veh-35_01164_01494,0.8358769783661059,2021.06.09.12.06.35_veh-35_01164_01494,0.8409655923775198,0.005088614011413917
b5e45ceeb763563d,2021.07.09.20.26.06_veh-35_02793_03289,1.0,2021.07.09.20.26.06_veh-35_02793_03289,1.0,0.0
b6182e45cd3b5d7f,2021.06.23.17.31.36_veh-16_00016_00377,0.8873943150931529,2021.06.23.17.31.36_veh-16_00016_00377,0.8886994789074034,0.0013051638142504984
b632e3d66c445180,2021.07.09.15.53.28_veh-38_00184_02293,1.0,2021.07.09.15.53.28_veh-38_00184_02293,1.0,0.0
b63e45593b79588a,2021.10.11.02.57.41_veh-50_02155_02265,0.9013977629813349,2021.10.11.02.57.41_veh-50_02155_02265,0.9034939951570101,0.002096232175675228
b64628fc8a365a5f,2021.06.09.17.23.18_veh-38_01598_01750,1.0,2021.06.09.17.23.18_veh-38_01598_01750,1.0,0.0
b64e4fd64ae55427,2021.10.05.07.49.39_veh-52_00770_00905,0.863623492168513,2021.10.05.07.49.39_veh-52_00770_00905,0.8648714343648042,0.0012479421962912074
b6714748d40f5d76,2021.06.09.12.51.31_veh-35_01729_02626,0.7910752884418896,2021.06.09.12.51.31_veh-35_01729_02626,0.7935601783915143,0.0024848899496247023
b6745c96ac0e5958,2021.07.09.15.53.28_veh-38_00184_02293,0.9010886743308718,2021.07.09.15.53.28_veh-38_00184_02293,0.9019506897471118,0.0008620154162399807
b6aac26e82e05762,2021.06.09.12.06.35_veh-35_01164_01494,0.9740310653395542,2021.06.09.12.06.35_veh-35_01164_01494,0.9764895164789161,0.002458451139361939
b6d189e5f2ec50c2,2021.06.23.17.31.36_veh-16_00016_00377,1.0,2021.06.23.17.31.36_veh-16_00016_00377,1.0,0.0
b6d928e9508d596b,2021.07.09.15.53.28_veh-38_00184_02293,1.0,2021.07.09.15.53.28_veh-38_00184_02293,1.0,0.0
b735436ddca45550,2021.07.09.15.53.28_veh-38_00184_02293,1.0,2021.07.09.15.53.28_veh-38_00184_02293,1.0,0.0
b73a3a2e7064563b,2021.07.09.15.53.28_veh-38_00184_02293,1.0,2021.07.09.15.53.28_veh-38_00184_02293,1.0,0.0
b7b9f10bef7a5622,2021.06.23.17.31.36_veh-16_00016_00377,0.9265825000848499,2021.06.23.17.31.36_veh-16_00016_00377,0.9284521271022156,0.0018696270173657048
b7bf330d5c115db3,2021.06.09.12.06.35_veh-35_01164_01494,0.9694360839810519,2021.06.09.12.06.35_veh-35_01164_01494,0.9716479364985385,0.0022118525174866788
b7c1be361c1d5615,2021.07.09.20.26.06_veh-35_02793_03289,0.9045322799587989,2021.07.09.20.26.06_veh-35_02793_03289,0.9066414887107249,0.002109208751925995
b7e570107a325b8f,2021.07.09.15.53.28_veh-38_00184_02293,0.8402537773450925,2021.07.09.15.53.28_veh-38_00184_02293,0.8429360969098637,0.002682319564771163
b81fcf5bd7a4591a,2021.06.23.17.31.36_veh-16_00016_00377,1.0,2021.06.23.17.31.36_veh-16_00016_00377,1.0,0.0
b83936f0ca9b5b93,2021.07.09.15.53.28_veh-38_00184_02293,1.0,2021.07.09.15.53.28_veh-38_00184_02293,1.0,0.0
b84c65fdf2155597,2021.07.09.15.53.28_veh-38_00184_02293,0.918614713319486,2021.07.09.15.53.28_veh-38_00184_02293,0.9204232052876895,0.0018084919682035405
b85595849a165d8f,2021.10.05.08.11.15_veh-50_00437_00585,0.8984915735160448,2021.10.05.08.11.15_veh-50_00437_00585,0.9002939840618723,0.0018024105458275264
b91fedc2a88751e1,2021.06.09.12.06.35_veh-35_01164_01494,1.0,2021.06.09.12.06.35_veh-35_01164_01494,1.0,0.0
b92d3260427a573d,2021.10.11.02.57.41_veh-50_02155_02265,0.8614005520458328,2021.10.11.02.57.41_veh-50_02155_02265,0.8631875985061734,0.0017870464603406688
b941d62667685487,2021.07.09.15.53.28_veh-38_00184_02293,0.9430719657375453,2021.07.09.15.53.28_veh-38_00184_02293,0.9453177076943046,0.002245741956759306
b94a09f5d1b550ea,2021.10.11.02.57.41_veh-50_02155_02265,0.8879006615168206,2021.10.11.02.57.41_veh-50_02155_02265,0.890516410665844,0.0026157491490234053
b95a7514b8775870,2021.06.23.17.31.36_veh-16_00016_00377,1.0,2021.06.23.17.31.36_veh-16_00016_00377,1.0,0.0
b964d00130375a88,2021.10.05.07.49.39_veh-52_00770_00905,0.9217712446185343,2021.10.05.07.49.39_veh-52_00770_00905,0.9237038050046952,0.0019325603861608531
b97938c4b1ac52af,2021.07.09.20.26.06_veh-35_02793_03289,0.9578255067625072,2021.07.09.20.26.06_veh-35_02793_03289,0.9608982913687313,0.003072784606224066
b98697803d5453a3,2021.07.09.15.53.28_veh-38_00184_02293,0.967160754978814,2021.07.09.15.53.28_veh-38_00184_02293,0.9694528086304075,0.002292053651593462
b98a4b4bc2ee5b6a,2021.07.09.20.26.06_veh-35_02793_03289,0.9215365058114956,2021.07.09.20.26.06_veh-35_02793_03289,0.9245504946107964,0.003013988799300815
b99eaf8d1f355bcc,2021.07.09.15.53.28_veh-38_00184_02293,0.9218204739965623,2021.07.09.15.53.28_veh-38_00184_02293,0.9241183847709036,0.002297910774341272
b9a812dceaec5add,2021.07.09.15.53.28_veh-38_00184_02293,0.9371380755532953,2021.07.09.15.53.28_veh-38_00184_02293,0.938989294572047,0.0018512190187517374
b9abb89d389351f8,2021.06.09.12.51.31_veh-35_01729_02626,1.0,2021.06.09.12.51.31_veh-35_01729_02626,1.0,0.0
ba0a961f7dc355f7,2021.07.09.15.53.28_veh-38_00184_02293,0.8999976387123737,2021.07.09.15.53.28_veh-38_00184_02293,0.9011398756328339,0.0011422369204602267
ba0f4d8974e75963,2021.07.09.15.53.28_veh-38_00184_02293,0.9444577695221787,2021.07.09.15.53.28_veh-38_00184_02293,0.9464356370596868,0.00197786753750806
bade9ac4b8cb5025,2021.07.09.15.53.28_veh-38_00184_02293,0.9158966058251078,2021.07.09.15.53.28_veh-38_00184_02293,0.917583377614791,0.001686771789683239
baf2dbf6552f5de4,2021.10.11.02.57.41_veh-50_02155_02265,0.9115547734655846,2021.10.11.02.57.41_veh-50_02155_02265,0.9139758937451345,0.002421120279549993
bb22dd65cf5b51dd,2021.10.05.07.49.39_veh-52_00770_00905,0.9151871304185214,2021.10.05.07.49.39_veh-52_00770_00905,0.9169688131523772,0.001781682733855816
bb452532dfb25d30,2021.07.09.15.53.28_veh-38_00184_02293,0.9518470468842217,2021.07.09.15.53.28_veh-38_00184_02293,0.9536714372312955,0.0018243903470738232
bb65c8e693035002,2021.06.09.12.51.31_veh-35_01729_02626,1.0,2021.06.09.12.51.31_veh-35_01729_02626,1.0,0.0
bb83b26d840d56b6,2021.10.11.02.57.41_veh-50_01028_01289,0.8624223264233583,2021.10.11.02.57.41_veh-50_01028_01289,0.8640438898512169,0.0016215634278586855
bb9c2a9a955450bc,2021.07.09.20.26.06_veh-35_02793_03289,1.0,2021.07.09.20.26.06_veh-35_02793_03289,1.0,0.0
bba3291877d059ac,2021.07.16.22.40.23_veh-38_00204_00360,0.9932515316767528,2021.07.16.22.40.23_veh-38_00204_00360,0.9961265939506799,0.002875062273927087
bbf8128f3cbd51ef,2021.06.09.20.26.11_veh-35_00970_01216,1.0,2021.06.09.20.26.11_veh-35_00970_01216,1.0,0.0
bbf94133c5e75ca5,2021.10.11.02.57.41_veh-50_02155_02265,0.8789902206078448,2021.10.11.02.57.41_veh-50_02155_02265,0.8806562503784955,0.0016660297706506677
bc1dfb2384b05a4b,2021.06.09.20.26.11_veh-35_00970_01216,0.9399193830202653,2021.06.09.20.26.11_veh-35_00970_01216,0.9419299810619747,0.0020105980417093328
bc445c24b7545106,2021.07.09.20.26.06_veh-35_02793_03289,0.9674958447870333,2021.07.09.20.26.06_veh-35_02793_03289,0.9695088329190288,0.0020129881319954634
bcf3fcf890f55beb,2021.07.09.15.53.28_veh-38_00184_02293,1.0,2021.07.09.15.53.28_veh-38_00184_02293,1.0,0.0
bd40634c00f1577c,2021.06.09.14.50.36_veh-26_02826_02955,0.9876643375405608,2021.06.09.14.50.36_veh-26_02826_02955,0.99059026990429,0.002925932363729178
bd493f896ba85e28,2021.07.09.15.53.28_veh-38_00184_02293,0.8098708826121607,2021.07.09.15.53.28_veh-38_00184_02293,0.8122188336688106,0.0023479510566499773
bd656f4e771156cb,2021.07.09.15.53.28_veh-38_00184_02293,1.0,2021.07.09.15.53.28_veh-38_00184_02293,1.0,0.0
bd65a234358f5492,2021.07.09.15.53.28_veh-38_00184_02293,0.9741893851767678,2021.07.09.15.53.28_veh-38_00184_02293,0.9766224624803449,0.0024330773035771136
bd6f57a9bbce532d,2021.06.09.12.51.31_veh-35_01729_02626,1.0,2021.06.09.12.51.31_veh-35_01729_02626,1.0,0.0
bd8da61ec9b053a6,2021.07.09.20.26.06_veh-35_02793_03289,1.0,2021.07.09.20.26.06_veh-35_02793_03289,1.0,0.0
be0a4fadbbf8555a,2021.07.09.20.26.06_veh-35_02793_03289,0.9348944709205034,2021.07.09.20.26.06_veh-35_02793_03289,0.9367324873779393,0.0018380164574359759
be8cd276bd665f61,2021.06.09.12.06.35_veh-35_01164_01494,1.0,2021.06.09.12.06.35_veh-35_01164_01494,1.0,0.0
be9b110689c05894,2021.07.09.15.53.28_veh-38_00184_02293,0.9905244494486419,2021.07.09.15.53.28_veh-38_00184_02293,0.9929026344393824,0.002378184990740495
beb7c6e766c65d0e,2021.07.09.15.53.28_veh-38_00184_02293,0.9084152024126918,2021.07.09.15.53.28_veh-38_00184_02293,0.9101816454863839,0.0017664430736921144
bef6605735245959,2021.10.11.02.57.41_veh-50_01028_01289,0.8650311309441432,2021.10.11.02.57.41_veh-50_01028_01289,0.8662178573327978,0.0011867263886545798
bf12b61919e85002,2021.10.05.08.11.15_veh-50_00437_00585,0.9916697452116772,2021.10.05.08.11.15_veh-50_00437_00585,0.9931450924841275,0.0014753472724503558
bf2b503b8bff5859,2021.06.09.12.51.31_veh-35_01729_02626,1.0,2021.06.09.12.51.31_veh-35_01729_02626,1.0,0.0
bff3326028ec59ab,2021.07.09.15.53.28_veh-38_00184_02293,0.9467717043333735,2021.07.09.15.53.28_veh-38_00184_02293,0.9487147829913075,0.001943078657933972
c00abd335c885349,2021.06.09.17.23.18_veh-38_01598_01750,0.9088602497090376,2021.06.09.17.23.18_veh-38_01598_01750,0.9097853040187633,0.0009250543097257813
c00c768576c85009,2021.07.09.15.53.28_veh-38_00184_02293,1.0,2021.07.09.15.53.28_veh-38_00184_02293,1.0,0.0
c050331009ac5df2,2021.10.05.07.49.39_veh-52_00770_00905,0.9134696594952234,2021.10.05.07.49.39_veh-52_00770_00905,0.9153634397545553,0.0018937802593318454
c0921d509e2c502d,2021.10.05.07.49.39_veh-52_00770_00905,1.0,2021.10.05.07.49.39_veh-52_00770_00905,1.0,0.0
c0a403cdf4c053bc,2021.07.09.15.53.28_veh-38_00184_02293,1.0,2021.07.09.15.53.28_veh-38_00184_02293,1.0,0.0
c0d603acd14d5441,2021.07.09.20.26.06_veh-35_02793_03289,0.9200691305816733,2021.07.09.20.26.06_veh-35_02793_03289,0.9221845569530283,0.002115426371354978
c0dfedf6168e5ca9,2021.07.09.15.53.28_veh-38_00184_02293,0.970681238163395,2021.07.09.15.53.28_veh-38_00184_02293,0.972841642179366,0.0021604040159709514
c0e018420a2359b3,2021.10.05.07.49.39_veh-52_00770_00905,0.8718657959626501,2021.10.05.07.49.39_veh-52_00770_00905,0.8746096975497551,0.0027439015871050243
c0f92874404d5814,2021.06.23.17.31.36_veh-16_00016_00377,1.0,2021.06.23.17.31.36_veh-16_00016_00377,1.0,0.0
c10584362e7f5f9d,2021.06.09.12.51.31_veh-35_01729_02626,0.9861880317392661,2021.06.09.12.51.31_veh-35_01729_02626,0.9888965280520655,0.0027084963127994577
c11f2df51dd65f35,2021.07.09.20.26.06_veh-35_02793_03289,0.9563875572414228,2021.07.09.20.26.06_veh-35_02793_03289,0.9584428878696535,0.0020553306282307116
c11fc5cf8d5a516e,2021.07.09.15.53.28_veh-38_00184_02293,0.9448468945462304,2021.07.09.15.53.28_veh-38_00184_02293,0.947920121878405,0.003073227332174633
c13bf60d0e065292,2021.10.11.02.57.41_veh-50_02155_02265,0.8948730325374791,2021.10.11.02.57.41_veh-50_02155_02265,0.8968334918381194,0.0019604593006403714
c13c48577f9255c8,2021.08.31.14.01.15_veh-40_01576_01714,1.0,2021.08.31.14.01.15_veh-40_01576_01714,1.0,0.0
c14c33af349e53d0,2021.07.09.20.26.06_veh-35_02793_03289,0.9599512865992863,2021.07.09.20.26.06_veh-35_02793_03289,0.9622869522561651,0.002335665656878816
c17473f5cacd51be,2021.07.09.15.53.28_veh-38_00184_02293,1.0,2021.07.09.15.53.28_veh-38_00184_02293,1.0,0.0
c1e04a28d50f5105,2021.06.09.12.06.35_veh-35_01164_01494,1.0,2021.06.09.12.06.35_veh-35_01164_01494,1.0,0.0
c1e4bb8da1655e19,2021.08.31.14.01.15_veh-40_01576_01714,1.0,2021.08.31.14.01.15_veh-40_01576_01714,1.0,0.0
c2ab52aa1d45570e,2021.06.09.12.51.31_veh-35_01729_02626,0.8479227432493083,2021.06.09.12.51.31_veh-35_01729_02626,0.8507611275591663,0.0028383843098580552
c3320ccc8a035eec,2021.06.09.20.26.11_veh-35_00970_01216,0.9211977220269864,2021.06.09.20.26.11_veh-35_00970_01216,0.9226799964581097,0.0014822744311233649
c368ddc3ee435179,2021.07.09.15.53.28_veh-38_00184_02293,1.0,2021.07.09.15.53.28_veh-38_00184_02293,1.0,0.0
c3b1d706a2335cc9,2021.10.01.17.52.06_veh-28_01141_01264,1.0,2021.10.01.17.52.06_veh-28_01141_01264,1.0,0.0
c3f177935f5f5d5e,2021.07.09.15.53.28_veh-38_00184_02293,0.9279165816545659,2021.07.09.15.53.28_veh-38_00184_02293,0.9301811509624714,0.0022645693079055285
c4220658d3095647,2021.07.09.15.53.28_veh-38_00184_02293,0.9322727004078288,2021.07.09.15.53.28_veh-38_00184_02293,0.9342172155355885,0.0019445151277596162
c47ae82409da5780,2021.10.11.02.57.41_veh-50_01028_01289,0.8973279833116342,2021.10.11.02.57.41_veh-50_01028_01289,0.8991733302068688,0.0018453468952346341
c4f3d6c372f75f22,2021.06.23.17.31.36_veh-16_00016_00377,1.0,2021.06.23.17.31.36_veh-16_00016_00377,1.0,0.0
c4fc1ccdc82752ef,2021.07.09.20.26.06_veh-35_02793_03289,0.9225206888905105,2021.07.09.20.26.06_veh-35_02793_03289,0.9246609961332135,0.002140307242702977
c57100ab365351a9,2021.07.09.15.53.28_veh-38_00184_02293,0.805544300636417,2021.07.09.15.53.28_veh-38_00184_02293,0.808587864544724,0.0030435639083069566
c588c26050e057b1,2021.06.09.12.06.35_veh-35_01164_01494,1.0,2021.06.09.12.06.35_veh-35_01164_01494,1.0,0.0
c5c83e635ce45982,2021.06.23.17.31.36_veh-16_00016_00377,0.9313771747923383,2021.06.23.17.31.36_veh-16_00016_00377,0.9332036321021645,0.0018264573098262238
c5e10c9e5bc853ec,2021.06.09.12.51.31_veh-35_01729_02626,1.0,2021.06.09.12.51.31_veh-35_01729_02626,1.0,0.0
c5f68fedccf05348,2021.07.09.20.26.06_veh-35_02793_03289,0.9753387660299166,2021.07.09.20.26.06_veh-35_02793_03289,0.978008423735304,0.002669657705387407
c6cd57d4069b55bb,2021.07.09.20.26.06_veh-35_02793_03289,0.9581055429756472,2021.07.09.20.26.06_veh-35_02793_03289,0.9604379755063922,0.002332432530744999
c6cfdd13a63555f9,2021.06.23.17.31.36_veh-16_00016_00377,1.0,2021.06.23.17.31.36_veh-16_00016_00377,1.0,0.0
c6de08f6ac3356ed,2021.07.09.15.53.28_veh-38_00184_02293,1.0,2021.07.09.15.53.28_veh-38_00184_02293,1.0,0.0
c6e5078c49e6512e,2021.07.09.15.53.28_veh-38_00184_02293,1.0,2021.07.09.15.53.28_veh-38_00184_02293,1.0,0.0
c73b0140d9f153a8,2021.07.09.20.26.06_veh-35_02793_03289,0.953486647544297,2021.07.09.20.26.06_veh-35_02793_03289,0.9551846468405308,0.0016979992962338208
c73e4e862203503a,2021.07.09.15.53.28_veh-38_00184_02293,0.9716735443475163,2021.07.09.15.53.28_veh-38_00184_02293,0.9741570411734882,0.0024834968259719314
c77b059c1f3a5674,2021.10.05.07.49.39_veh-52_00770_00905,0.9243471395984931,2021.10.05.07.49.39_veh-52_00770_00905,0.9263130457716339,0.0019659061731407412
c781e2c428ee5b12,2021.10.11.02.57.41_veh-50_01028_01289,0.8938895746553094,2021.10.11.02.57.41_veh-50_01028_01289,0.8955385008348463,0.0016489261795369359
c782b0ff62235fda,2021.10.05.08.11.15_veh-50_00437_00585,0.8998784074376323,2021.10.05.08.11.15_veh-50_00437_00585,0.901803299244246,0.0019248918066137044
c7835426e03a501e,2021.06.09.20.26.11_veh-35_00970_01216,0.9333528657883221,2021.06.09.20.26.11_veh-35_00970_01216,0.9358708803072812,0.0025180145189590553
c790a13084305af6,2021.08.31.14.01.15_veh-40_01576_01714,1.0,2021.08.31.14.01.15_veh-40_01576_01714,1.0,0.0
c7a4ef2685fe5928,2021.10.05.08.11.15_veh-50_00437_00585,0.8251564698113732,2021.10.05.08.11.15_veh-50_00437_00585,0.8270691890231893,0.0019127192118160163
c7d20bed29e95a90,2021.10.05.07.49.39_veh-52_00770_00905,1.0,2021.10.05.07.49.39_veh-52_00770_00905,1.0,0.0
c7e729ba460a565d,2021.10.05.08.11.15_veh-50_00437_00585,0.9410729422784345,2021.10.05.08.11.15_veh-50_00437_00585,0.9429169465641216,0.0018440042856870953
c7ed8536a3815721,2021.07.09.15.53.28_veh-38_00184_02293,1.0,2021.07.09.15.53.28_veh-38_00184_02293,1.0,0.0
c8072f55706c5f01,2021.06.23.17.31.36_veh-16_00016_00377,1.0,2021.06.23.17.31.36_veh-16_00016_00377,1.0,0.0
c817fbce92d158c4,2021.10.11.02.57.41_veh-50_01028_01289,0.8369392081836895,2021.10.11.02.57.41_veh-50_01028_01289,0.8384898691038568,0.0015506609201673127
c8359786d5db538c,2021.07.09.20.26.06_veh-35_02793_03289,1.0,2021.07.09.20.26.06_veh-35_02793_03289,1.0,0.0
c876b08cdb7b50ef,2021.10.05.07.49.39_veh-52_00770_00905,0.901969965585029,2021.10.05.07.49.39_veh-52_00770_00905,0.9039754165534338,0.002005450968404876
c8b5826567975fc0,2021.06.09.12.06.35_veh-35_01164_01494,1.0,2021.06.09.12.06.35_veh-35_01164_01494,1.0,0.0
c8f3dd66357c59f2,2021.06.09.12.51.31_veh-35_01729_02626,1.0,2021.06.09.12.51.31_veh-35_01729_02626,1.0,0.0
c9566605ae1c5861,2021.06.09.12.51.31_veh-35_01729_02626,1.0,2021.06.09.12.51.31_veh-35_01729_02626,1.0,0.0
c9cf9a6acf495b50,2021.07.09.15.53.28_veh-38_00184_02293,1.0,2021.07.09.15.53.28_veh-38_00184_02293,1.0,0.0
ca02f85a9a995448,2021.06.09.12.51.31_veh-35_01729_02626,0.9582624109901476,2021.06.09.12.51.31_veh-35_01729_02626,0.9605805438495588,0.0023181328594111816
ca0eb08315185167,2021.07.09.20.26.06_veh-35_02793_03289,1.0,2021.07.09.20.26.06_veh-35_02793_03289,1.0,0.0
ca31b7933f8256e2,2021.08.31.14.01.15_veh-40_01576_01714,0.9247985380825718,2021.08.31.14.01.15_veh-40_01576_01714,0.9267114838288389,0.001912945746267103
ca5e5cecc6e05022,2021.08.31.14.01.15_veh-40_01576_01714,1.0,2021.08.31.14.01.15_veh-40_01576_01714,1.0,0.0
ca626e7ddb9c5a11,2021.06.09.12.06.35_veh-35_01164_01494,1.0,2021.06.09.12.06.35_veh-35_01164_01494,1.0,0.0
caaeabfe1a50535c,2021.07.09.15.53.28_veh-38_00184_02293,1.0,2021.07.09.15.53.28_veh-38_00184_02293,1.0,0.0
cacc810a5db75d16,2021.06.23.17.31.36_veh-16_00016_00377,0.9004326237732632,2021.06.23.17.31.36_veh-16_00016_00377,0.9019466923985195,0.0015140686252563818
cb0ae811d2c95ead,2021.07.09.20.26.06_veh-35_02793_03289,1.0,2021.07.09.20.26.06_veh-35_02793_03289,1.0,0.0
cb25d763e7bf5a13,2021.07.09.15.53.28_veh-38_00184_02293,0.9861514542479282,2021.07.09.15.53.28_veh-38_00184_02293,0.9885331899063606,0.002381735658432471
cb8765fe0d6a535b,2021.06.23.17.31.36_veh-16_00016_00377,1.0,2021.06.23.17.31.36_veh-16_00016_00377,1.0,0.0
cbb75454103b5430,2021.07.09.15.53.28_veh-38_00184_02293,0.9641430317326661,2021.07.09.15.53.28_veh-38_00184_02293,0.9658795471457551,0.001736515413088946
cbd9412932fc5ad1,2021.07.09.15.53.28_veh-38_00184_02293,1.0,2021.07.09.15.53.28_veh-38_00184_02293,1.0,0.0
cbd954347b835347,2021.07.09.15.53.28_veh-38_00184_02293,1.0,2021.07.09.15.53.28_veh-38_00184_02293,1.0,0.0
cbde019469315d96,2021.07.09.15.53.28_veh-38_00184_02293,1.0,2021.07.09.15.53.28_veh-38_00184_02293,1.0,0.0
cc27c4b666135bb2,2021.07.09.15.53.28_veh-38_00184_02293,0.9250699412791779,2021.07.09.15.53.28_veh-38_00184_02293,0.9266394359934319,0.0015694947142540494
cc4e7f2a2a7255f5,2021.06.09.20.26.11_veh-35_00970_01216,0.8231462246364534,2021.06.09.20.26.11_veh-35_00970_01216,0.8257597241155589,0.0026134994791054966
cc8b959e3fcb5079,2021.10.11.02.57.41_veh-50_02155_02265,0.8534750433097046,2021.10.11.02.57.41_veh-50_02155_02265,0.8553165199720921,0.0018414766623875423
cc9156b10b5855ff,2021.07.09.20.26.06_veh-35_02793_03289,0.877795036930069,2021.07.09.20.26.06_veh-35_02793_03289,0.8797120084466018,0.001916971516532806
cc94486698ff58d1,2021.07.09.20.26.06_veh-35_02793_03289,0.9065639431535426,2021.07.09.20.26.06_veh-35_02793_03289,0.9078227531910853,0.0012588100375426903
cca22cc47f235643,2021.06.09.12.51.31_veh-35_01729_02626,0.9072283655169063,2021.06.09.12.51.31_veh-35_01729_02626,0.9091248028953661,0.001896437378459792
cca7823320d05bc3,2021.07.16.22.40.23_veh-38_00204_00360,1.0,2021.07.16.22.40.23_veh-38_00204_00360,1.0,0.0
ccace872c29a5f29,2021.10.11.02.57.41_veh-50_02155_02265,0.9087251346010707,2021.10.11.02.57.41_veh-50_02155_02265,0.9106017976540558,0.0018766630529850614
ccd64ddebcda50f6,2021.07.09.20.26.06_veh-35_02793_03289,0.8984756578184806,2021.07.09.20.26.06_veh-35_02793_03289,0.9002816947451953,0.0018060369267146603
cce0038c37ca56a3,2021.10.05.08.11.15_veh-50_00437_00585,0.8742643790734569,2021.10.05.08.11.15_veh-50_00437_00585,0.8759833561775624,0.0017189771041055124
cce0aae6d8a853d2,2021.07.09.20.26.06_veh-35_02793_03289,0.9609210774175146,2021.07.09.20.26.06_veh-35_02793_03289,0.9622735516428973,0.0013524742253826494
ccfd863b143e5dd5,2021.06.09.20.26.11_veh-35_00970_01216,0.9277548400447374,2021.06.09.20.26.11_veh-35_00970_01216,0.9296818826471682,0.0019270426024308174
cd10c3adba835576,2021.07.09.15.53.28_veh-38_00184_02293,0.8694176629057814,2021.07.09.15.53.28_veh-38_00184_02293,0.8729980071582145,0.003580344252433143
cd880952086a553c,2021.06.09.12.06.35_veh-35_01164_01494,0.9450621273487582,2021.06.09.12.06.35_veh-35_01164_01494,0.9472915706900157,0.00222944334125752
cd964face7a55b94,2021.07.09.15.53.28_veh-38_00184_02293,1.0,2021.07.09.15.53.28_veh-38_00184_02293,1.0,0.0
cdbb81fdded65262,2021.10.11.02.57.41_veh-50_02155_02265,0.8493755569684943,2021.10.11.02.57.41_veh-50_02155_02265,0.8508101361121204,0.0014345791436261024
cdc78adcdfae53a0,2021.10.05.08.11.15_veh-50_00437_00585,1.0,2021.10.05.08.11.15_veh-50_00437_00585,1.0,0.0
cdca2eec19585f5e,2021.06.09.12.51.31_veh-35_01729_02626,1.0,2021.06.09.12.51.31_veh-35_01729_02626,1.0,0.0
cdec4cc7781e5d4d,2021.07.09.15.53.28_veh-38_00184_02293,1.0,2021.07.09.15.53.28_veh-38_00184_02293,1.0,0.0
cdf07217a5d057ef,2021.06.09.17.23.18_veh-38_01598_01750,1.0,2021.06.09.17.23.18_veh-38_01598_01750,1.0,0.0
cdf61e643b8e51b2,2021.07.09.15.53.28_veh-38_00184_02293,0.8440447186217267,2021.07.09.15.53.28_veh-38_00184_02293,0.8463695264682244,0.0023248078464976896
ce0d30c4ede35e6e,2021.06.09.17.23.18_veh-38_01598_01750,1.0,2021.06.09.17.23.18_veh-38_01598_01750,1.0,0.0
ce22202f19695a70,2021.07.09.15.53.28_veh-38_00184_02293,0.8775621449826807,2021.07.09.15.53.28_veh-38_00184_02293,0.8791216599119531,0.0015595149292724209
ce256aa4ec3e5725,2021.07.09.15.53.28_veh-38_00184_02293,0.0,2021.07.09.15.53.28_veh-38_00184_02293,0.0,0.0
ce2ce7fb20ef570c,2021.10.11.02.57.41_veh-50_02155_02265,0.8566410491052316,2021.10.11.02.57.41_veh-50_02155_02265,0.8582122307542566,0.001571181649024922
ce77e05891225999,2021.08.31.14.01.15_veh-40_01576_01714,0.9353649583129163,2021.08.31.14.01.15_veh-40_01576_01714,0.9376401951410932,0.0022752368281768742
ceb16c2c18d252f3,2021.08.31.14.01.15_veh-40_01576_01714,1.0,2021.08.31.14.01.15_veh-40_01576_01714,1.0,0.0
cf11598e8f995d83,2021.06.09.12.06.35_veh-35_01164_01494,0.952231108872503,2021.06.09.12.06.35_veh-35_01164_01494,0.9550113105936955,0.0027802017211925323
cf1679ce3a565466,2021.07.09.15.53.28_veh-38_00184_02293,1.0,2021.07.09.15.53.28_veh-38_00184_02293,1.0,0.0
cf1b07486b655b3a,2021.10.01.17.52.06_veh-28_01141_01264,0.9825543870965907,2021.10.01.17.52.06_veh-28_01141_01264,0.9847341203902035,0.0021797332936127622
cf3c3737fbc355eb,2021.07.09.15.53.28_veh-38_00184_02293,0.932877437134767,2021.07.09.15.53.28_veh-38_00184_02293,0.9348300831011631,0.0019526459663961049
cf4f76be62c25b5f,2021.06.09.20.26.11_veh-35_00970_01216,1.0,2021.06.09.20.26.11_veh-35_00970_01216,1.0,0.0
cf53947dbbef5730,2021.07.09.15.53.28_veh-38_00184_02293,0.9946869513481742,2021.07.09.15.53.28_veh-38_00184_02293,0.9971335519267087,0.002446600578534519
cf5cb6cadfbd52e9,2021.06.09.20.26.11_veh-35_00970_01216,0.9013398025866697,2021.06.09.20.26.11_veh-35_00970_01216,0.9035045738024331,0.002164771215763417
cffa453c95b657c1,2021.06.23.17.31.36_veh-16_00016_00377,0.9328018969810209,2021.06.23.17.31.36_veh-16_00016_00377,0.9346660127405134,0.001864115759492524
d024230338045f83,2021.10.11.02.57.41_veh-50_01028_01289,0.8292113072366666,2021.10.11.02.57.41_veh-50_01028_01289,0.8302954018115282,0.0010840945748615827
d06c2bb897f05b5c,2021.10.11.02.57.41_veh-50_02155_02265,0.8940872110134036,2021.10.11.02.57.41_veh-50_02155_02265,0.8959503462004582,0.0018631351870546098
d13ac79c8321555f,2021.07.09.15.53.28_veh-38_00184_02293,0.9583292268301804,2021.07.09.15.53.28_veh-38_00184_02293,0.9603180774762036,0.001988850646023166
d15d534ad5fb5212,2021.07.09.15.53.28_veh-38_00184_02293,1.0,2021.07.09.15.53.28_veh-38_00184_02293,1.0,0.0
d1828b733a4857dd,2021.07.09.15.53.28_veh-38_00184_02293,0.8944968691544214,2021.07.09.15.53.28_veh-38_00184_02293,0.8970794804251999,0.002582611270778523
d1b49eebe00059c4,2021.07.09.20.26.06_veh-35_02793_03289,1.0,2021.07.09.20.26.06_veh-35_02793_03289,1.0,0.0
d1fc6c37998c5b40,2021.06.09.12.06.35_veh-35_01164_01494,0.9294497138923514,2021.06.09.12.06.35_veh-35_01164_01494,0.9313027596381845,0.001853045745833115
d216d83e53955d24,2021.07.09.15.53.28_veh-38_00184_02293,1.0,2021.07.09.15.53.28_veh-38_00184_02293,1.0,0.0
d22040e885bf5509,2021.08.31.14.01.15_veh-40_01576_01714,1.0,2021.08.31.14.01.15_veh-40_01576_01714,1.0,0.0
d2238c0841d254ba,2021.06.23.17.31.36_veh-16_00016_00377,1.0,2021.06.23.17.31.36_veh-16_00016_00377,1.0,0.0
d253715e74925e00,2021.06.23.17.31.36_veh-16_00016_00377,0.998551093918009,2021.06.23.17.31.36_veh-16_00016_00377,1.0,0.0014489060819909971
d28278a8dbb15ab5,2021.07.09.15.53.28_veh-38_00184_02293,0.9163034413455482,2021.07.09.15.53.28_veh-38_00184_02293,0.9176285442208026,0.001325102875254447
d2906d36973b5d41,2021.06.09.20.26.11_veh-35_00970_01216,0.9413604097121491,2021.06.09.20.26.11_veh-35_00970_01216,0.9431800191784508,0.0018196094663017748
d2b44693e1fe5019,2021.10.11.02.57.41_veh-50_02155_02265,0.8864321431928396,2021.10.11.02.57.41_veh-50_02155_02265,0.888148261393385,0.0017161182005454023
d2d0ac3e597b5959,2021.07.09.15.53.28_veh-38_00184_02293,0.9762031760058433,2021.07.09.15.53.28_veh-38_00184_02293,0.9783772083940039,0.002174032388160607
d2e11ce62743532a,2021.07.09.15.53.28_veh-38_00184_02293,0.9742148679062872,2021.07.09.15.53.28_veh-38_00184_02293,0.9765487168057471,0.002333848899459867
d3229ec0bd73520c,2021.10.11.02.57.41_veh-50_02155_02265,0.8883895374997506,2021.10.11.02.57.41_veh-50_02155_02265,0.8900171483567864,0.0016276108570357772
d344a8704ee85f35,2021.06.09.12.51.31_veh-35_01729_02626,0.9673337986675103,2021.06.09.12.51.31_veh-35_01729_02626,0.968635377714023,0.0013015790465126242
d3ac5b4aac44586a,2021.07.09.15.53.28_veh-38_00184_02293,0.9328377598949341,2021.07.09.15.53.28_veh-38_00184_02293,0.9359116181518745,0.0030738582569403983
d3addd2ca8c15a58,2021.06.09.12.06.35_veh-35_01164_01494,1.0,2021.06.09.12.06.35_veh-35_01164_01494,1.0,0.0
d3e39f5f0aed50d1,2021.07.09.15.53.28_veh-38_00184_02293,1.0,2021.07.09.15.53.28_veh-38_00184_02293,1.0,0.0
d4196ca11ef45f55,2021.06.09.20.26.11_veh-35_00970_01216,1.0,2021.06.09.20.26.11_veh-35_00970_01216,1.0,0.0
d43f45ce61dd52e3,2021.06.23.17.31.36_veh-16_00016_00377,1.0,2021.06.23.17.31.36_veh-16_00016_00377,1.0,0.0
d4a4be0043ee53d8,2021.07.09.20.26.06_veh-35_02793_03289,0.9489988415065113,2021.07.09.20.26.06_veh-35_02793_03289,0.9516179709074603,0.002619129400948994
d4aca7a7d5ba5ff7,2021.07.09.20.26.06_veh-35_02793_03289,0.9611442544736621,2021.07.09.20.26.06_veh-35_02793_03289,0.962772831529195,0.001628577055532876
d4bb3dc7c7005656,2021.07.09.15.53.28_veh-38_00184_02293,0.8788584099291694,2021.07.09.15.53.28_veh-38_00184_02293,0.8798058545435863,0.0009474446144168702
d4d0d31bd49b525a,2021.07.09.15.53.28_veh-38_00184_02293,1.0,2021.07.09.15.53.28_veh-38_00184_02293,1.0,0.0
d4fa1b8fc27a5733,2021.06.09.12.51.31_veh-35_01729_02626,0.9521237391994338,2021.06.09.12.51.31_veh-35_01729_02626,0.955881193113762,0.003757453914328135
d51990badc6e5787,2021.06.09.12.51.31_veh-35_01729_02626,0.9739555168453397,2021.06.09.12.51.31_veh-35_01729_02626,0.9757637534638822,0.0018082366185425691
d53f4d4045e55032,2021.06.23.17.31.36_veh-16_00016_00377,1.0,2021.06.23.17.31.36_veh-16_00016_00377,1.0,0.0
d5f3fa4290b459df,2021.07.09.15.53.28_veh-38_00184_02293,0.8280720381320282,2021.07.09.15.53.28_veh-38_00184_02293,0.830028319490638,0.0019562813586098127
d61967204e52594f,2021.07.09.15.53.28_veh-38_00184_02293,0.9676335050729783,2021.07.09.15.53.28_veh-38_00184_02293,0.970147881015273,0.0025143759422947554
d61a2d5301f15b77,2021.07.09.15.53.28_veh-38_00184_02293,1.0,2021.07.09.15.53.28_veh-38_00184_02293,1.0,0.0
d662eafbf56753f4,2021.07.09.20.26.06_veh-35_02793_03289,0.9478597502991674,2021.07.09.20.26.06_veh-35_02793_03289,0.9499501171095982,0.0020903668104308437
d679a3e70e39596e,2021.07.09.15.53.28_veh-38_00184_02293,0.978912070079339,2021.07.09.15.53.28_veh-38_00184_02293,0.9806730678852054,0.00176099780586636
d68969642ec45b19,2021.06.09.12.51.31_veh-35_01729_02626,0.8592272038787644,2021.06.09.12.51.31_veh-35_01729_02626,0.8636354039405538,0.004408200061789436
d6997b98b3085c2b,2021.07.09.15.53.28_veh-38_00184_02293,0.9425284524720842,2021.07.09.15.53.28_veh-38_00184_02293,0.9445855968986715,0.0020571444265873318
d728b2624f4055ea,2021.10.11.02.57.41_veh-50_02155_02265,0.8534293673253792,2021.10.11.02.57.41_veh-50_02155_02265,0.8549447075282779,0.001515340202898674
d72a31dfc0ec5e11,2021.10.01.17.52.06_veh-28_01141_01264,0.9681195334586535,2021.10.01.17.52.06_veh-28_01141_01264,0.9702522866925535,0.002132753233899942
d7a0fd1066dc5ce5,2021.07.09.15.53.28_veh-38_00184_02293,0.937931170014,2021.07.09.15.53.28_veh-38_00184_02293,0.939684807184964,0.0017536371709641063
d7a938f1b20652bf,2021.06.09.12.51.31_veh-35_01729_02626,1.0,2021.06.09.12.51.31_veh-35_01729_02626,1.0,0.0
d7b9d08eb35e54b4,2021.08.31.14.01.15_veh-40_01576_01714,0.9256589935632172,2021.08.31.14.01.15_veh-40_01576_01714,0.9272492257514008,0.001590232188183549
d7e370e3315453ae,2021.07.09.20.26.06_veh-35_02793_03289,0.8003019167549427,2021.07.09.20.26.06_veh-35_02793_03289,0.8034355335511186,0.0031336167961759642
d7e631755e5a54ad,2021.06.09.12.51.31_veh-35_01729_02626,0.9875486714249879,2021.06.09.12.51.31_veh-35_01729_02626,0.98991751698382,0.0023688455588321
d7e69541e68a5b3b,2021.07.09.20.26.06_veh-35_02793_03289,0.9532451195701261,2021.07.09.20.26.06_veh-35_02793_03289,0.9551844840579058,0.001939364487779649
d8118f444d4d574e,2021.07.09.20.26.06_veh-35_02793_03289,1.0,2021.07.09.20.26.06_veh-35_02793_03289,1.0,0.0
d84af418335b5dbe,2021.07.09.15.53.28_veh-38_00184_02293,1.0,2021.07.09.15.53.28_veh-38_00184_02293,1.0,0.0
d877af354e355798,2021.07.09.15.53.28_veh-38_00184_02293,0.9293478469896949,2021.07.09.15.53.28_veh-38_00184_02293,0.9307189953772163,0.0013711483875213926
d8c8e4dbeb2158b0,2021.10.11.02.57.41_veh-50_01028_01289,1.0,2021.10.11.02.57.41_veh-50_01028_01289,1.0,0.0
d8d46f536585556f,2021.07.09.15.53.28_veh-38_00184_02293,1.0,2021.07.09.15.53.28_veh-38_00184_02293,1.0,0.0
d8e282ed6cff5dac,2021.10.11.02.57.41_veh-50_02155_02265,0.8734012363435264,2021.10.11.02.57.41_veh-50_02155_02265,0.8751323232172771,0.0017310868737506757
d8f097f9fa2e52f7,2021.07.09.15.53.28_veh-38_00184_02293,0.95244751073336,2021.07.09.15.53.28_veh-38_00184_02293,0.9545323843095451,0.0020848735761851422
d9132b3c692558c8,2021.07.09.20.26.06_veh-35_02793_03289,0.9246778945273469,2021.07.09.20.26.06_veh-35_02793_03289,0.9264919555065677,0.0018140609792207663
d967ad2a03a1521a,2021.07.09.15.53.28_veh-38_00184_02293,0.9492954829146546,2021.07.09.15.53.28_veh-38_00184_02293,0.9513343294098137,0.0020388464951590635
d9a26b78907c5afa,2021.10.05.07.49.39_veh-52_00770_00905,0.8657190348578307,2021.10.05.07.49.39_veh-52_00770_00905,0.8672152281788685,0.0014961933210377865
d9bb698c62405297,2021.06.09.12.51.31_veh-35_01729_02626,1.0,2021.06.09.12.51.31_veh-35_01729_02626,1.0,0.0
d9d4ea61407b50cf,2021.06.09.12.06.35_veh-35_01164_01494,0.9540800533224436,2021.06.09.12.06.35_veh-35_01164_01494,0.9561340425971526,0.0020539892747090116
d9defa86501154b4,2021.07.09.15.53.28_veh-38_00184_02293,1.0,2021.07.09.15.53.28_veh-38_00184_02293,1.0,0.0
d9e2c39b092159c4,2021.07.09.15.53.28_veh-38_00184_02293,1.0,2021.07.09.15.53.28_veh-38_00184_02293,1.0,0.0
d9e7a7614b095a0b,2021.10.05.08.11.15_veh-50_00437_00585,0.9259578301435621,2021.10.05.08.11.15_veh-50_00437_00585,0.9278426214163037,0.0018847912727415483
da2f830999325306,2021.07.09.15.53.28_veh-38_00184_02293,0.9434683320545248,2021.07.09.15.53.28_veh-38_00184_02293,0.9453666391525978,0.0018983070980729266
da378bcae7675636,2021.10.11.02.57.41_veh-50_02155_02265,0.8638120689715304,2021.10.11.02.57.41_veh-50_02155_02265,0.8651575420355783,0.001345473064047864
daa2dd83846355d1,2021.07.09.20.26.06_veh-35_02793_03289,0.9379651387049416,2021.07.09.20.26.06_veh-35_02793_03289,0.9408401174752319,0.002874978770290304
db5aa5f382f25aaa,2021.07.09.15.53.28_veh-38_00184_02293,0.8934316264139636,2021.07.09.15.53.28_veh-38_00184_02293,0.8955667698567907,0.00213514344282717
db812a0eaf435d65,2021.06.23.17.31.36_veh-16_00016_00377,1.0,2021.06.23.17.31.36_veh-16_00016_00377,1.0,0.0
db9df85eaa605bd1,2021.10.05.07.49.39_veh-52_00770_00905,0.8658624079429919,2021.10.05.07.49.39_veh-52_00770_00905,0.8675266699606028,0.0016642620176109402
dbb61fca58fc5037,2021.06.09.12.51.31_veh-35_01729_02626,1.0,2021.06.09.12.51.31_veh-35_01729_02626,1.0,0.0
dbdde78f03545776,2021.07.09.15.53.28_veh-38_00184_02293,1.0,2021.07.09.15.53.28_veh-38_00184_02293,1.0,0.0
dbe9196d84d9511c,2021.07.09.15.53.28_veh-38_00184_02293,1.0,2021.07.09.15.53.28_veh-38_00184_02293,1.0,0.0
dc5adf1f1c2e5567,2021.10.05.07.49.39_veh-52_00770_00905,0.9118077562358117,2021.10.05.07.49.39_veh-52_00770_00905,0.9137033044794954,0.0018955482436837645
dc5d48591a565e58,2021.10.11.02.57.41_veh-50_01028_01289,1.0,2021.10.11.02.57.41_veh-50_01028_01289,1.0,0.0
dc5dc0a76c7c546a,2021.06.09.20.26.11_veh-35_00970_01216,0.913914722993589,2021.06.09.20.26.11_veh-35_00970_01216,0.9157811150376446,0.001866392044055587
dc70a7b62c155d19,2021.08.31.14.01.15_veh-40_01576_01714,0.9191216013213657,2021.08.31.14.01.15_veh-40_01576_01714,0.920999344831781,0.001877743510415364
dc7ec70fa4d050be,2021.10.11.02.57.41_veh-50_02155_02265,0.8703455177969777,2021.10.11.02.57.41_veh-50_02155_02265,0.8721390399950796,0.0017935221981019156
dca94801958a53aa,2021.07.09.15.53.28_veh-38_00184_02293,0.9701592906933415,2021.07.09.15.53.28_veh-38_00184_02293,0.9721809098871956,0.0020216191938541295
dcc745e412fe5fbd,2021.06.09.12.06.35_veh-35_01164_01494,0.9146625260529623,2021.06.09.12.06.35_veh-35_01164_01494,0.9169790662131442,0.0023165401601819013
dccfde2da28d5dbe,2021.10.05.07.49.39_veh-52_00770_00905,0.9035077861001918,2021.10.05.07.49.39_veh-52_00770_00905,0.9051077754408482,0.0015999893406564158
dd0ee62e28ee5eaf,2021.06.09.20.26.11_veh-35_00970_01216,0.9212985177878048,2021.06.09.20.26.11_veh-35_00970_01216,0.9229886381715988,0.0016901203837940137
dd11bc3330605dfd,2021.06.09.14.50.36_veh-26_02826_02955,1.0,2021.06.09.14.50.36_veh-26_02826_02955,1.0,0.0
dd2d2dd7d4885bbe,2021.06.09.12.51.31_veh-35_01729_02626,1.0,2021.06.09.12.51.31_veh-35_01729_02626,1.0,0.0
dd35faabfd005af0,2021.07.09.15.53.28_veh-38_00184_02293,1.0,2021.07.09.15.53.28_veh-38_00184_02293,1.0,0.0
dd4e1fa056b456f3,2021.07.09.15.53.28_veh-38_00184_02293,1.0,2021.07.09.15.53.28_veh-38_00184_02293,1.0,0.0
dd73b1a1de5253b0,2021.10.05.07.49.39_veh-52_00770_00905,0.9269506311339768,2021.10.05.07.49.39_veh-52_00770_00905,0.9288306270374805,0.0018799959035037395
dd8848619c6f5c22,2021.07.09.15.53.28_veh-38_00184_02293,0.9685900925482871,2021.07.09.15.53.28_veh-38_00184_02293,0.9694887888444694,0.000898696296182333
dd8b61c70dc05550,2021.07.16.22.40.23_veh-38_00204_00360,1.0,2021.07.16.22.40.23_veh-38_00204_00360,1.0,0.0
dd9d8e686a345f74,2021.10.05.07.49.39_veh-52_00770_00905,0.8810509126124854,2021.10.05.07.49.39_veh-52_00770_00905,0.8827331167335516,0.001682204121066233
ddc6f1960bc05d62,2021.06.23.17.31.36_veh-16_00016_00377,1.0,2021.06.23.17.31.36_veh-16_00016_00377,1.0,0.0
de1498ad86835196,2021.06.23.17.31.36_veh-16_00016_00377,0.9286520144915449,2021.06.23.17.31.36_veh-16_00016_00377,0.9303509084617868,0.0016988939702419215
de72514102555fab,2021.10.11.02.57.41_veh-50_02155_02265,0.8923858897647614,2021.10.11.02.57.41_veh-50_02155_02265,0.8936701225168892,0.0012842327521277452
de7549a363f15a36,2021.07.09.15.53.28_veh-38_00184_02293,0.8722662812707372,2021.07.09.15.53.28_veh-38_00184_02293,0.874247231718596,0.0019809504478587314
de99492d90ed5808,2021.07.09.15.53.28_veh-38_00184_02293,1.0,2021.07.09.15.53.28_veh-38_00184_02293,1.0,0.0
de9c0d8341d65b55,2021.07.16.22.40.23_veh-38_00204_00360,1.0,2021.07.16.22.40.23_veh-38_00204_00360,1.0,0.0
dee420665f2d5ee5,2021.10.11.02.57.41_veh-50_02155_02265,0.9017926624447715,2021.10.11.02.57.41_veh-50_02155_02265,0.9032829748551734,0.0014903124104018728
df09da21f9a35c0c,2021.07.09.15.53.28_veh-38_00184_02293,0.9594846955632681,2021.07.09.15.53.28_veh-38_00184_02293,0.9607272086742379,0.0012425131109697896
df242b87199d5acb,2021.07.09.15.53.28_veh-38_00184_02293,0.9738914879400117,2021.07.09.15.53.28_veh-38_00184_02293,0.9758254844105895,0.0019339964705777923
dfe3214ab3e850a3,2021.08.31.14.01.15_veh-40_01576_01714,0.9612945480912399,2021.08.31.14.01.15_veh-40_01576_01714,0.9633835487065806,0.002089000615340675
e003efe0bcee5ce5,2021.07.09.15.53.28_veh-38_00184_02293,0.9817571495509961,2021.07.09.15.53.28_veh-38_00184_02293,0.9844058830342522,0.002648733483256116
e0488ea0836c5bf6,2021.07.09.15.53.28_veh-38_00184_02293,1.0,2021.07.09.15.53.28_veh-38_00184_02293,1.0,0.0
e06108e069b55486,2021.07.09.20.26.06_veh-35_02793_03289,0.9283139929422207,2021.07.09.20.26.06_veh-35_02793_03289,0.9297288000861325,0.0014148071439117338
e069d39ff2ab55bc,2021.06.09.12.51.31_veh-35_01729_02626,0.8944390882443484,2021.06.09.12.51.31_veh-35_01729_02626,0.8955600960384826,0.0011210077941342655
e06b4eb07a9b5be3,2021.06.09.20.26.11_veh-35_00970_01216,0.8728302044150033,2021.06.09.20.26.11_veh-35_00970_01216,0.8759352274782465,0.0031050230632432285
e07749952a0f5f5d,2021.07.09.15.53.28_veh-38_00184_02293,0.9705276180178055,2021.07.09.15.53.28_veh-38_00184_02293,0.9723685464501376,0.0018409284323320785
e0893a06ed5e5bb3,2021.07.09.15.53.28_veh-38_00184_02293,1.0,2021.07.09.15.53.28_veh-38_00184_02293,1.0,0.0
e0990db225ab5e2b,2021.07.09.20.26.06_veh-35_02793_03289,0.9370733684238687,2021.07.09.20.26.06_veh-35_02793_03289,0.9393421157609659,0.0022687473370972544
e0aa4d3682c6594a,2021.06.09.12.06.35_veh-35_01164_01494,0.9425425708736491,2021.06.09.12.06.35_veh-35_01164_01494,0.9445502259322408,0.002007655058591684
e1320bebb7f25f65,2021.07.09.20.26.06_veh-35_02793_03289,0.9456085953369143,2021.07.09.20.26.06_veh-35_02793_03289,0.9474043346414858,0.001795739304571442
e1a9b17e1fee5fe5,2021.10.11.02.57.41_veh-50_01028_01289,0.8832883324823021,2021.10.11.02.57.41_veh-50_01028_01289,0.8851748512514002,0.0018865187690980667
e24fd0e278275c0b,2021.07.09.15.53.28_veh-38_00184_02293,1.0,2021.07.09.15.53.28_veh-38_00184_02293,1.0,0.0
e25b028f941158d3,2021.10.05.08.11.15_veh-50_00437_00585,0.8497283995687944,2021.10.05.08.11.15_veh-50_00437_00585,0.851859662610078,0.0021312630412835265
e26a0932b153560d,2021.07.09.15.53.28_veh-38_00184_02293,1.0,2021.07.09.15.53.28_veh-38_00184_02293,1.0,0.0
e26edc6457f85a2c,2021.10.05.08.11.15_veh-50_00437_00585,0.8684162603278146,2021.10.05.08.11.15_veh-50_00437_00585,0.8696923825726084,0.001276122244793787
e27c4e988e10569a,2021.07.09.20.26.06_veh-35_02793_03289,0.8441683087072159,2021.07.09.20.26.06_veh-35_02793_03289,0.845348422488201,0.001180113780985037
e2898986047c5b29,2021.10.11.02.57.41_veh-50_02155_02265,0.8401869511878225,2021.10.11.02.57.41_veh-50_02155_02265,0.8412618862542253,0.0010749350664027713
e2c494b98d885c19,2021.06.23.17.31.36_veh-16_00016_00377,1.0,2021.06.23.17.31.36_veh-16_00016_00377,1.0,0.0
e2f005a68443572a,2021.10.11.02.57.41_veh-50_02155_02265,0.8798969584584295,2021.10.11.02.57.41_veh-50_02155_02265,0.8820802651605836,0.002183306702154053
e2ff3a9fc9e0580d,2021.06.09.12.06.35_veh-35_01164_01494,0.9526753017287906,2021.06.09.12.06.35_veh-35_01164_01494,0.9548577796992296,0.002182477970439023
e31bf22d49f454e8,2021.07.09.15.53.28_veh-38_00184_02293,0.9285842549960636,2021.07.09.15.53.28_veh-38_00184_02293,0.9313272588250051,0.002743003828941548
e322f2e6452f508e,2021.06.09.12.51.31_veh-35_01729_02626,1.0,2021.06.09.12.51.31_veh-35_01729_02626,1.0,0.0
e340e429f0015853,2021.07.09.15.53.28_veh-38_00184_02293,0.995564998981937,2021.07.09.15.53.28_veh-38_00184_02293,0.9981624095456896,0.0025974105637526224
e34cae2fefab55b8,2021.07.09.20.26.06_veh-35_02793_03289,0.9264989472495432,2021.07.09.20.26.06_veh-35_02793_03289,0.9291553844811338,0.0026564372315905915
e3da0e20e0b556fc,2021.07.09.15.53.28_veh-38_00184_02293,1.0,2021.07.09.15.53.28_veh-38_00184_02293,1.0,0.0
e3e96778dac3541c,2021.07.09.15.53.28_veh-38_00184_02293,0.9163485631783949,2021.07.09.15.53.28_veh-38_00184_02293,0.9185243475216334,0.002175784343238507
e43549ea94f75b60,2021.07.09.15.53.28_veh-38_00184_02293,0.9587788442137716,2021.07.09.15.53.28_veh-38_00184_02293,0.9607466940394304,0.001967849825658785
e436b19cf83151cc,2021.07.09.15.53.28_veh-38_00184_02293,1.0,2021.07.09.15.53.28_veh-38_00184_02293,1.0,0.0
e43cc13c56e855d5,2021.06.09.12.51.31_veh-35_01729_02626,0.9979042509186661,2021.06.09.12.51.31_veh-35_01729_02626,1.0,0.0020957490813339197
e447ace78361537e,2021.10.05.07.49.39_veh-52_00770_00905,1.0,2021.10.05.07.49.39_veh-52_00770_00905,1.0,0.0
e45bba9f532950f7,2021.06.09.12.51.31_veh-35_01729_02626,0.0,2021.06.09.12.51.31_veh-35_01729_02626,0.0,0.0
e49b47bbb0c55e1e,2021.06.09.17.23.18_veh-38_01598_01750,0.9436557724521605,2021.06.09.17.23.18_veh-38_01598_01750,0.945405452553806,0.0017496801016455565
e4bf21cd63585bf7,2021.07.09.20.26.06_veh-35_02793_03289,0.9267834373950178,2021.07.09.20.26.06_veh-35_02793_03289,0.9284012214057406,0.001617784010722767
e4c4b061d1845fd6,2021.10.11.02.57.41_veh-50_01028_01289,1.0,2021.10.11.02.57.41_veh-50_01028_01289,1.0,0.0
e4d05b1ce25250bb,2021.07.09.15.53.28_veh-38_00184_02293,0.9995771739337096,2021.07.09.15.53.28_veh-38_00184_02293,1.0,0.00042282606629040487
e4d2a56f36c45c20,2021.06.09.14.50.36_veh-26_02826_02955,1.0,2021.06.09.14.50.36_veh-26_02826_02955,1.0,0.0
e4eda26dbd53523d,2021.06.09.12.51.31_veh-35_01729_02626,1.0,2021.06.09.12.51.31_veh-35_01729_02626,1.0,0.0
e503592e74a35c78,2021.06.23.17.31.36_veh-16_00016_00377,0.891360582470706,2021.06.23.17.31.36_veh-16_00016_00377,0.8930942626629333,0.0017336801922273049
e507573c08815f9e,2021.07.09.20.26.06_veh-35_02793_03289,0.8885903874303946,2021.07.09.20.26.06_veh-35_02793_03289,0.8912882790494364,0.00269789161904177
e522cb132d57506a,2021.06.09.12.51.31_veh-35_01729_02626,0.985433916298536,2021.06.09.12.51.31_veh-35_01729_02626,0.9876814064935346,0.0022474901949985915
e52ef27d2d245c63,2021.06.09.12.51.31_veh-35_01729_02626,0.9283748188957661,2021.06.09.12.51.31_veh-35_01729_02626,0.9306890614799649,0.002314242584198767
e5581fb84ddb5ffb,2021.07.09.15.53.28_veh-38_00184_02293,0.9826680981189065,2021.07.09.15.53.28_veh-38_00184_02293,0.9850100137735539,0.002341915654647364
e58acbf0106153ad,2021.07.09.15.53.28_veh-38_00184_02293,1.0,2021.07.09.15.53.28_veh-38_00184_02293,1.0,0.0
e59bd5d207065b9a,2021.06.09.12.06.35_veh-35_01164_01494,0.9033932301396396,2021.06.09.12.06.35_veh-35_01164_01494,0.905079026386927,0.0016857962472874854
e5a4f230a7a05b18,2021.08.31.14.01.15_veh-40_01576_01714,0.9186119712363204,2021.08.31.14.01.15_veh-40_01576_01714,0.9206823257556213,0.002070354519300821
e5b1df76988c57a7,2021.07.09.15.53.28_veh-38_00184_02293,1.0,2021.07.09.15.53.28_veh-38_00184_02293,1.0,0.0
e614a559776c5e86,2021.07.09.15.53.28_veh-38_00184_02293,0.9145161141099968,2021.07.09.15.53.28_veh-38_00184_02293,0.9166205320644251,0.0021044179544282837
e634731f91015bab,2021.07.09.15.53.28_veh-38_00184_02293,0.0,2021.07.09.15.53.28_veh-38_00184_02293,0.0,0.0
e6422bb22e125756,2021.08.31.11.47.30_veh-40_00919_01000,1.0,2021.08.31.11.47.30_veh-40_00919_01000,1.0,0.0
e699ef478771586b,2021.08.31.11.47.30_veh-40_00919_01000,0.9162899928993303,2021.08.31.11.47.30_veh-40_00919_01000,0.9182489899083089,0.0019589970089786135
e69baaae152259ad,2021.10.11.02.57.41_veh-50_02155_02265,0.887940635412659,2021.10.11.02.57.41_veh-50_02155_02265,0.8894698566314774,0.0015292212188183774
e6aabd1342ce54e2,2021.07.09.15.53.28_veh-38_00184_02293,0.9054941488951336,2021.07.09.15.53.28_veh-38_00184_02293,0.9072732360314971,0.001779087136363544
e6c4af98a23f5868,2021.07.09.15.53.28_veh-38_00184_02293,1.0,2021.07.09.15.53.28_veh-38_00184_02293,1.0,0.0
e6e9a5b8b26755b2,2021.07.09.15.53.28_veh-38_00184_02293,0.996070463312944,2021.07.09.15.53.28_veh-38_00184_02293,0.9985813083754781,0.002510845062534073
e6f686686cc452cf,2021.06.09.12.51.31_veh-35_01729_02626,0.9760208472002758,2021.06.09.12.51.31_veh-35_01729_02626,0.9781778679053262,0.0021570207050504164
e6fa8db6e41a5139,2021.10.11.02.57.41_veh-50_02155_02265,0.8809365946740758,2021.10.11.02.57.41_veh-50_02155_02265,0.8826551480055472,0.0017185533314714174
e70a9c0c51675ea1,2021.10.11.02.57.41_veh-50_01028_01289,0.8763813634133831,2021.10.11.02.57.41_veh-50_01028_01289,0.8783380463135702,0.0019566829001870234
e71499ec7fd254e9,2021.07.09.15.53.28_veh-38_00184_02293,1.0,2021.07.09.15.53.28_veh-38_00184_02293,1.0,0.0
e72a95807de45328,2021.08.31.14.01.15_veh-40_01576_01714,0.9567886485399458,2021.08.31.14.01.15_veh-40_01576_01714,0.9584306626696607,0.001642014129714875
e732f7c659b45197,2021.07.09.15.53.28_veh-38_00184_02293,0.9101930802427919,2021.07.09.15.53.28_veh-38_00184_02293,0.9121103896182768,0.0019173093754849546
e739a390b2a55648,2021.07.09.15.53.28_veh-38_00184_02293,1.0,2021.07.09.15.53.28_veh-38_00184_02293,1.0,0.0
e76566d4d20c5377,2021.07.09.15.53.28_veh-38_00184_02293,0.9357857706831206,2021.07.09.15.53.28_veh-38_00184_02293,0.9379129248577934,0.002127154174672796
e799e9f5385a5a2c,2021.06.09.12.51.31_veh-35_01729_02626,1.0,2021.06.09.12.51.31_veh-35_01729_02626,1.0,0.0
e80eed1fab2c5cfd,2021.06.09.12.06.35_veh-35_01164_01494,1.0,2021.06.09.12.06.35_veh-35_01164_01494,1.0,0.0
e8289b430daa5695,2021.10.11.02.57.41_veh-50_02155_02265,0.9119144185888328,2021.10.11.02.57.41_veh-50_02155_02265,0.9141298750978898,0.0022154565090569678
e833b6b388c1524e,2021.07.09.15.53.28_veh-38_00184_02293,0.9110775681698854,2021.07.09.15.53.28_veh-38_00184_02293,0.9127978318388332,0.0017202636689478412
e842f8018dfe58b3,2021.07.09.15.53.28_veh-38_00184_02293,0.968024334913868,2021.07.09.15.53.28_veh-38_00184_02293,0.9699621351803976,0.0019378002665296767
e856cc5561ca564e,2021.07.09.15.53.28_veh-38_00184_02293,0.9202095793914906,2021.07.09.15.53.28_veh-38_00184_02293,0.9214694485177097,0.0012598691262191153
e8b3c7058c315bca,2021.06.23.17.31.36_veh-16_00016_00377,0.9448676383929143,2021.06.23.17.31.36_veh-16_00016_00377,0.9463488199394634,0.0014811815465490819
e8f2bc430a065486,2021.06.09.12.06.35_veh-35_01164_01494,0.883206859882796,2021.06.09.12.06.35_veh-35_01164_01494,0.8847076079334134,0.0015007480506173954
e90d6cecf29d53cc,2021.07.09.20.26.06_veh-35_02793_03289,0.0,2021.07.09.20.26.06_veh-35_02793_03289,0.0,0.0
e95323b100c25a0a,2021.07.09.15.53.28_veh-38_00184_02293,0.9305104777965775,2021.07.09.15.53.28_veh-38_00184_02293,0.9326305468119663,0.002120069015388859
e96e62b9e81d5042,2021.07.09.15.53.28_veh-38_00184_02293,1.0,2021.07.09.15.53.28_veh-38_00184_02293,1.0,0.0
e97f92e1a63f54b9,2021.06.23.17.31.36_veh-16_00016_00377,0.9217338315417344,2021.06.23.17.31.36_veh-16_00016_00377,0.9239532205560771,0.0022193890143427097
e980ff490b835222,2021.06.23.17.31.36_veh-16_00016_00377,1.0,2021.06.23.17.31.36_veh-16_00016_00377,1.0,0.0
e9a30e8cbad951bb,2021.07.09.15.53.28_veh-38_00184_02293,1.0,2021.07.09.15.53.28_veh-38_00184_02293,1.0,0.0
e9be03d5069b52bc,2021.10.01.17.52.06_veh-28_01141_01264,0.9786621412894118,2021.10.01.17.52.06_veh-28_01141_01264,0.9804187755041255,0.001756634214713726
e9f76526b6d05e5c,2021.10.05.08.11.15_veh-50_00437_00585,0.9304380119667407,2021.10.05.08.11.15_veh-50_00437_00585,0.932072206871671,0.0016341949049303306
ea1dbf3aec435c27,2021.06.23.17.31.36_veh-16_00016_00377,1.0,2021.06.23.17.31.36_veh-16_00016_00377,1.0,0.0
ea31a137b6b45663,2021.07.09.15.53.28_veh-38_00184_02293,1.0,2021.07.09.15.53.28_veh-38_00184_02293,1.0,0.0
ea43967ed8ad5dc0,2021.10.11.02.57.41_veh-50_01028_01289,1.0,2021.10.11.02.57.41_veh-50_01028_01289,1.0,0.0
ea7239e96a555f2c,2021.06.23.17.31.36_veh-16_00016_00377,1.0,2021.06.23.17.31.36_veh-16_00016_00377,1.0,0.0
ea7675073d935aed,2021.07.09.15.53.28_veh-38_00184_02293,0.8868893758610515,2021.07.09.15.53.28_veh-38_00184_02293,0.8884442536956433,0.0015548778345917391
ea7c22e1d36856c3,2021.06.09.12.51.31_veh-35_01729_02626,1.0,2021.06.09.12.51.31_veh-35_01729_02626,1.0,0.0
eaad335cb62c57b0,2021.07.09.15.53.28_veh-38_00184_02293,0.9197776697001041,2021.07.09.15.53.28_veh-38_00184_02293,0.922245743354134,0.002468073654029901
eacad86eaed255f7,2021.07.09.15.53.28_veh-38_00184_02293,0.9060970536298543,2021.07.09.15.53.28_veh-38_00184_02293,0.9060970536298543,0.0
eadab740750b5a54,2021.06.09.12.51.31_veh-35_01729_02626,0.8216047358695077,2021.06.09.12.51.31_veh-35_01729_02626,0.8236662456737444,0.002061509804236694
eb03710881e25401,2021.07.09.15.53.28_veh-38_00184_02293,1.0,2021.07.09.15.53.28_veh-38_00184_02293,1.0,0.0
eb1a57fcb1835169,2021.06.23.17.31.36_veh-16_00016_00377,1.0,2021.06.23.17.31.36_veh-16_00016_00377,1.0,0.0
eb6e558901af58af,2021.10.11.02.57.41_veh-50_01028_01289,0.9249159537931342,2021.10.11.02.57.41_veh-50_01028_01289,0.9270346625352065,0.002118708742072317
ebb818fca3895a2c,2021.07.09.15.53.28_veh-38_00184_02293,1.0,2021.07.09.15.53.28_veh-38_00184_02293,1.0,0.0
ebca7e0c22b65deb,2021.10.11.02.57.41_veh-50_01028_01289,0.8147908776416178,2021.10.11.02.57.41_veh-50_01028_01289,0.816237525043276,0.0014466474016581188
ebe11a6789745477,2021.10.11.02.57.41_veh-50_02155_02265,0.8714267347234812,2021.10.11.02.57.41_veh-50_02155_02265,0.8733992127980289,0.001972478074547701
ec0f3cc6c0fd590e,2021.07.09.20.26.06_veh-35_02793_03289,1.0,2021.07.09.20.26.06_veh-35_02793_03289,1.0,0.0
ec21e03ea67054d6,2021.07.09.15.53.28_veh-38_00184_02293,0.9306936677337857,2021.07.09.15.53.28_veh-38_00184_02293,0.9325070149009064,0.0018133471671206713
ec37ecf537d15383,2021.10.05.08.11.15_veh-50_00437_00585,0.9359452482683245,2021.10.05.08.11.15_veh-50_00437_00585,0.9375434833228069,0.001598235054482422
ec965c8ae1c75447,2021.07.09.15.53.28_veh-38_00184_02293,0.871032288799784,2021.07.09.15.53.28_veh-38_00184_02293,0.8725077836656904,0.0014754948659063682
ecd1986832c7521a,2021.10.11.02.57.41_veh-50_02155_02265,0.8305410500408862,2021.10.11.02.57.41_veh-50_02155_02265,0.8322842029835039,0.0017431529426177317
ed29591fde515907,2021.07.09.15.53.28_veh-38_00184_02293,0.0,2021.07.09.15.53.28_veh-38_00184_02293,0.0,0.0
edd18606d29e5285,2021.07.09.20.26.06_veh-35_02793_03289,1.0,2021.07.09.20.26.06_veh-35_02793_03289,1.0,0.0
ee053b086fb1560c,2021.06.09.12.51.31_veh-35_01729_02626,0.8446690064791907,2021.06.09.12.51.31_veh-35_01729_02626,0.8473012874063567,0.002632280927165942
ee0c42f87de45144,2021.07.09.15.53.28_veh-38_00184_02293,1.0,2021.07.09.15.53.28_veh-38_00184_02293,1.0,0.0
ee7343c491db5537,2021.10.05.07.49.39_veh-52_00770_00905,0.8857271974490688,2021.10.05.07.49.39_veh-52_00770_00905,0.8874549753077249,0.0017277778586560766
ee7c0c535d415ded,2021.06.09.12.51.31_veh-35_01729_02626,0.9237039733289704,2021.06.09.12.51.31_veh-35_01729_02626,0.9250328431397185,0.00132886981074809
ee7c43384142579a,2021.07.09.15.53.28_veh-38_00184_02293,1.0,2021.07.09.15.53.28_veh-38_00184_02293,1.0,0.0
ee855ade6ba5504c,2021.06.09.12.51.31_veh-35_01729_02626,1.0,2021.06.09.12.51.31_veh-35_01729_02626,1.0,0.0
ee92fc8a2ab55014,2021.07.09.15.53.28_veh-38_00184_02293,1.0,2021.07.09.15.53.28_veh-38_00184_02293,1.0,0.0
eebdbcf854975ae9,2021.07.09.20.26.06_veh-35_02793_03289,1.0,2021.07.09.20.26.06_veh-35_02793_03289,1.0,0.0
eeed45662dfb5a80,2021.07.09.15.53.28_veh-38_00184_02293,0.9771654086011944,2021.07.09.15.53.28_veh-38_00184_02293,0.9795754500931242,0.002410041491929804
eefa88c125d55aa4,2021.06.23.17.31.36_veh-16_00016_00377,0.8830682806396758,2021.06.23.17.31.36_veh-16_00016_00377,0.8854070751324828,0.0023387944928070503
eefc6568a4155b8b,2021.07.09.15.53.28_veh-38_00184_02293,1.0,2021.07.09.15.53.28_veh-38_00184_02293,1.0,0.0
ef00d067ff7a582f,2021.07.09.15.53.28_veh-38_00184_02293,0.9509964103787466,2021.07.09.15.53.28_veh-38_00184_02293,0.952996679360599,0.002000268981852349
ef10184224ba5d25,2021.06.09.12.06.35_veh-35_01164_01494,0.9451371913771892,2021.06.09.12.06.35_veh-35_01164_01494,0.9472009292179709,0.002063737840781732
ef5318b8d9285443,2021.06.09.14.50.36_veh-26_02826_02955,1.0,2021.06.09.14.50.36_veh-26_02826_02955,1.0,0.0
ef5d74901e465a0d,2021.06.09.12.51.31_veh-35_01729_02626,0.8122528078826464,2021.06.09.12.51.31_veh-35_01729_02626,0.815797898486481,0.0035450906038345664
ef7fb7627f735a41,2021.06.09.12.06.35_veh-35_01164_01494,1.0,2021.06.09.12.06.35_veh-35_01164_01494,1.0,0.0
efc7193a7907550e,2021.06.23.17.31.36_veh-16_00016_00377,1.0,2021.06.23.17.31.36_veh-16_00016_00377,1.0,0.0
efe50170f67a57dc,2021.07.09.20.26.06_veh-35_02793_03289,1.0,2021.07.09.20.26.06_veh-35_02793_03289,1.0,0.0
eff7dd683f505235,2021.07.09.15.53.28_veh-38_00184_02293,1.0,2021.07.09.15.53.28_veh-38_00184_02293,1.0,0.0
f00788c502f25587,2021.06.09.12.51.31_veh-35_01729_02626,1.0,2021.06.09.12.51.31_veh-35_01729_02626,1.0,0.0
f0273e69f5bb54e1,2021.07.09.15.53.28_veh-38_00184_02293,0.9131744024532441,2021.07.09.15.53.28_veh-38_00184_02293,0.9152400234772364,0.0020656210239923256
f062fb353fc1540f,2021.10.05.07.49.39_veh-52_00770_00905,0.9060629998231237,2021.10.05.07.49.39_veh-52_00770_00905,0.9086590999661105,0.0025961001429868347
f09b140e2fc05b0a,2021.10.11.02.57.41_veh-50_02155_02265,0.8347130499076157,2021.10.11.02.57.41_veh-50_02155_02265,0.835817924243349,0.0011048743357332524
f0ef32a63b3659a6,2021.07.09.15.53.28_veh-38_00184_02293,1.0,2021.07.09.15.53.28_veh-38_00184_02293,1.0,0.0
f16673a85d0e5f75,2021.07.09.15.53.28_veh-38_00184_02293,1.0,2021.07.09.15.53.28_veh-38_00184_02293,1.0,0.0
f177501cd1555b76,2021.07.09.20.26.06_veh-35_02793_03289,1.0,2021.07.09.20.26.06_veh-35_02793_03289,1.0,0.0
f17b89de6fc75614,2021.06.09.14.50.36_veh-26_02826_02955,1.0,2021.06.09.14.50.36_veh-26_02826_02955,1.0,0.0
f1bf12acb8445268,2021.06.09.12.51.31_veh-35_01729_02626,1.0,2021.06.09.12.51.31_veh-35_01729_02626,1.0,0.0
f1f36e051147572e,2021.06.09.20.26.11_veh-35_00970_01216,1.0,2021.06.09.20.26.11_veh-35_00970_01216,1.0,0.0
f25726c61f48502f,2021.06.09.12.51.31_veh-35_01729_02626,1.0,2021.06.09.12.51.31_veh-35_01729_02626,1.0,0.0
f285ec68af385fc4,2021.06.09.12.51.31_veh-35_01729_02626,0.8056715239074187,2021.06.09.12.51.31_veh-35_01729_02626,0.806855658013785,0.001184134106366308
f295b9b2ee545520,2021.10.11.02.57.41_veh-50_01028_01289,0.8727040193316605,2021.10.11.02.57.41_veh-50_01028_01289,0.8744105606167231,0.001706541285062535
f295db8f52065e16,2021.07.09.15.53.28_veh-38_00184_02293,0.925951339762236,2021.07.09.15.53.28_veh-38_00184_02293,0.9281990306043824,0.002247690842146377
f29cff9a8d905f5d,2021.06.09.12.51.31_veh-35_01729_02626,1.0,2021.06.09.12.51.31_veh-35_01729_02626,1.0,0.0
f2bdb5407b145bcd,2021.06.09.12.51.31_veh-35_01729_02626,1.0,2021.06.09.12.51.31_veh-35_01729_02626,1.0,0.0
f329e674bbb950b3,2021.06.09.12.51.31_veh-35_01729_02626,0.9611142753565213,2021.06.09.12.51.31_veh-35_01729_02626,0.9646566121960113,0.0035423368394900123
f35a76fdbc2259da,2021.07.09.15.53.28_veh-38_00184_02293,1.0,2021.07.09.15.53.28_veh-38_00184_02293,1.0,0.0
f37d56c3d1f059ec,2021.06.09.12.51.31_veh-35_01729_02626,0.8245920039909421,2021.06.09.12.51.31_veh-35_01729_02626,0.8256699354116902,0.0010779314207480795
f37e5cad3010539f,2021.07.09.15.53.28_veh-38_00184_02293,1.0,2021.07.09.15.53.28_veh-38_00184_02293,1.0,0.0
f3d5e1d06f2e5c41,2021.07.09.15.53.28_veh-38_00184_02293,1.0,2021.07.09.15.53.28_veh-38_00184_02293,1.0,0.0
f4188f0f2c17514d,2021.10.01.17.52.06_veh-28_01141_01264,0.9443211199324523,2021.10.01.17.52.06_veh-28_01141_01264,0.9460271911075667,0.0017060711751144542
f42717531e645bd0,2021.07.09.20.26.06_veh-35_02793_03289,0.85187443814192,2021.07.09.20.26.06_veh-35_02793_03289,0.8544472288486625,0.002572790706742545
f4454ab06873565e,2021.07.09.15.53.28_veh-38_00184_02293,0.8569689069469296,2021.07.09.15.53.28_veh-38_00184_02293,0.8587311808369492,0.0017622738900195944
f44ec48280225191,2021.06.09.12.51.31_veh-35_01729_02626,1.0,2021.06.09.12.51.31_veh-35_01729_02626,1.0,0.0
f45108d76421595f,2021.07.09.15.53.28_veh-38_00184_02293,0.9084640376325126,2021.07.09.15.53.28_veh-38_00184_02293,0.9105394413626776,0.0020754037301650152
f46d7a713a035a80,2021.10.11.02.57.41_veh-50_02155_02265,0.8993307005990973,2021.10.11.02.57.41_veh-50_02155_02265,0.901210273137116,0.0018795725380187367
f4ec1f572cef5c49,2021.06.09.12.51.31_veh-35_01729_02626,0.9144326647183334,2021.06.09.12.51.31_veh-35_01729_02626,0.9163120346551293,0.0018793699367959382
f4f7c2de2c0656fe,2021.06.09.12.51.31_veh-35_01729_02626,0.9549298474013272,2021.06.09.12.51.31_veh-35_01729_02626,0.9579202438450354,0.002990396443708132
f52e85080d085ad3,2021.10.05.08.11.15_veh-50_00437_00585,0.9808159397127025,2021.10.05.08.11.15_veh-50_00437_00585,0.9825566429214391,0.0017407032087365382
f56dfbb996385805,2021.06.09.12.06.35_veh-35_01164_01494,0.8535510848536445,2021.06.09.12.06.35_veh-35_01164_01494,0.854881017702635,0.0013299328489905227
f5b35beed72e5aec,2021.10.05.08.11.15_veh-50_00437_00585,1.0,2021.10.05.08.11.15_veh-50_00437_00585,1.0,0.0
f5d06fd7f2195088,2021.06.23.17.31.36_veh-16_00016_00377,0.9270970424533466,2021.06.23.17.31.36_veh-16_00016_00377,0.930461488504614,0.0033644460512674
f606a68831b959bb,2021.06.09.12.51.31_veh-35_01729_02626,0.8088691087728832,2021.06.09.12.51.31_veh-35_01729_02626,0.8104838366404085,0.0016147278675252563
f63d23a573a550f3,2021.06.09.12.51.31_veh-35_01729_02626,1.0,2021.06.09.12.51.31_veh-35_01729_02626,1.0,0.0
f6522a382ccb5589,2021.07.09.20.26.06_veh-35_02793_03289,1.0,2021.07.09.20.26.06_veh-35_02793_03289,1.0,0.0
f65da3ca0d4f55ad,2021.07.09.15.53.28_veh-38_00184_02293,0.8967752896158219,2021.07.09.15.53.28_veh-38_00184_02293,0.8983782879422822,0.0016029983264603809
f683ad32ef3f5b4e,2021.07.09.15.53.28_veh-38_00184_02293,1.0,2021.07.09.15.53.28_veh-38_00184_02293,1.0,0.0
f686e9b2f7c35d4c,2021.07.09.15.53.28_veh-38_00184_02293,1.0,2021.07.09.15.53.28_veh-38_00184_02293,1.0,0.0
f68dfe3760c25453,2021.06.09.12.51.31_veh-35_01729_02626,1.0,2021.06.09.12.51.31_veh-35_01729_02626,1.0,0.0
f6ca17e70e9e53c5,2021.07.09.15.53.28_veh-38_00184_02293,1.0,2021.07.09.15.53.28_veh-38_00184_02293,1.0,0.0
f6d05b10abff5140,2021.07.09.15.53.28_veh-38_00184_02293,0.9723871813558057,2021.07.09.15.53.28_veh-38_00184_02293,0.9741000502230911,0.0017128688672853887
f6d84360042f5d19,2021.07.09.15.53.28_veh-38_00184_02293,1.0,2021.07.09.15.53.28_veh-38_00184_02293,1.0,0.0
f6e7cfd22eaa5a4f,2021.10.11.02.57.41_veh-50_01028_01289,0.9668807089791943,2021.10.11.02.57.41_veh-50_01028_01289,0.9685937519190245,0.0017130429398302116
f79dbdc306a15120,2021.07.09.20.26.06_veh-35_02793_03289,1.0,2021.07.09.20.26.06_veh-35_02793_03289,1.0,0.0
f7b4d7400b585640,2021.07.09.15.53.28_veh-38_00184_02293,1.0,2021.07.09.15.53.28_veh-38_00184_02293,1.0,0.0
f7d51773081653ac,2021.10.11.02.57.41_veh-50_01028_01289,0.8826026205703078,2021.10.11.02.57.41_veh-50_01028_01289,0.8843735237502214,0.0017709031799135744
f7d65f30d6075c18,2021.07.09.15.53.28_veh-38_00184_02293,1.0,2021.07.09.15.53.28_veh-38_00184_02293,1.0,0.0
f80bb56c694d55ae,2021.07.09.15.53.28_veh-38_00184_02293,0.8176479129342017,2021.07.09.15.53.28_veh-38_00184_02293,0.8178746778540988,0.00022676491989714886
f81f1d9d43f75c37,2021.07.09.15.53.28_veh-38_00184_02293,1.0,2021.07.09.15.53.28_veh-38_00184_02293,1.0,0.0
f83624d80fbf5b86,2021.10.11.02.57.41_veh-50_01028_01289,0.836401425034602,2021.10.11.02.57.41_veh-50_01028_01289,0.8382955091467315,0.001894084112129435
f83ebda95db35f05,2021.07.09.15.53.28_veh-38_00184_02293,0.8250711266151735,2021.07.09.15.53.28_veh-38_00184_02293,0.8285668530344733,0.0034957264192998494
f89bd37b0daf5c8a,2021.07.09.15.53.28_veh-38_00184_02293,1.0,2021.07.09.15.53.28_veh-38_00184_02293,1.0,0.0
f8bb1f5f15f0545e,2021.07.09.15.53.28_veh-38_00184_02293,0.9623692724020342,2021.07.09.15.53.28_veh-38_00184_02293,0.9643727699010869,0.002003497499052709
f8cd764491c15c36,2021.06.09.12.51.31_veh-35_01729_02626,1.0,2021.06.09.12.51.31_veh-35_01729_02626,1.0,0.0
f93dafb45c965ab2,2021.10.11.02.57.41_veh-50_02155_02265,0.8868788015643588,2021.10.11.02.57.41_veh-50_02155_02265,0.8884793659029976,0.0016005643386387547
f954d393a5615fec,2021.06.09.14.50.36_veh-26_02826_02955,0.968749236690567,2021.06.09.14.50.36_veh-26_02826_02955,0.9706798026735709,0.0019305659830038957
f95fc48b693b53c2,2021.07.09.20.26.06_veh-35_02793_03289,0.8760926890959192,2021.07.09.20.26.06_veh-35_02793_03289,0.8793243142745544,0.003231625178635178
f96c2bfcfa0b5adc,2021.08.31.14.01.15_veh-40_01576_01714,0.9252878316852229,2021.08.31.14.01.15_veh-40_01576_01714,0.9274257808833158,0.002137949198092959
f98865ec9ca2540a,2021.07.09.15.53.28_veh-38_00184_02293,0.9878084788145877,2021.07.09.15.53.28_veh-38_00184_02293,0.9895781381192954,0.001769659304707738
f9b9cec54e8759c8,2021.06.09.12.51.31_veh-35_01729_02626,1.0,2021.06.09.12.51.31_veh-35_01729_02626,1.0,0.0
f9cc839f6daf59a7,2021.07.09.15.53.28_veh-38_00184_02293,1.0,2021.07.09.15.53.28_veh-38_00184_02293,1.0,0.0
fa18ed9dac89551d,2021.08.31.14.01.15_veh-40_01576_01714,0.9621618159421601,2021.08.31.14.01.15_veh-40_01576_01714,0.9640651038897192,0.001903287947559118
fa570010ca00540d,2021.10.05.08.11.15_veh-50_00437_00585,0.9058580489531165,2021.10.05.08.11.15_veh-50_00437_00585,0.9079317178269424,0.0020736688738258735
fa6d09b953e85996,2021.07.09.20.26.06_veh-35_02793_03289,0.9420986458277628,2021.07.09.20.26.06_veh-35_02793_03289,0.9449553352047563,0.00285668937699346
fa88f25a8971596f,2021.06.09.12.51.31_veh-35_01729_02626,1.0,2021.06.09.12.51.31_veh-35_01729_02626,1.0,0.0
fa89a1586e92554d,2021.06.09.12.51.31_veh-35_01729_02626,0.8385546387514434,2021.06.09.12.51.31_veh-35_01729_02626,0.8405490689465381,0.0019944301950947096
faa10d766e1e5675,2021.06.09.12.06.35_veh-35_01164_01494,0.9676293547765251,2021.06.09.12.06.35_veh-35_01164_01494,0.9704872162504247,0.002857861473899548
faa1719d97b65c1e,2021.10.05.08.11.15_veh-50_00437_00585,1.0,2021.10.05.08.11.15_veh-50_00437_00585,1.0,0.0
faa2e3893e2f540a,2021.06.23.17.31.36_veh-16_00016_00377,1.0,2021.06.23.17.31.36_veh-16_00016_00377,1.0,0.0
fab83ce7307f5eb1,2021.07.09.15.53.28_veh-38_00184_02293,1.0,2021.07.09.15.53.28_veh-38_00184_02293,1.0,0.0
fac63ed354f95c7b,2021.10.05.07.49.39_veh-52_00770_00905,0.8657436686197878,2021.10.05.07.49.39_veh-52_00770_00905,0.8673700434361037,0.0016263748163158898
faf084d60e455e01,2021.07.09.20.26.06_veh-35_02793_03289,0.0,2021.07.09.20.26.06_veh-35_02793_03289,0.0,0.0
fb2723881f29596c,2021.06.09.12.51.31_veh-35_01729_02626,0.9545116750401156,2021.06.09.12.51.31_veh-35_01729_02626,0.9569146834835361,0.0024030084434205623
fb2dd85945315007,2021.10.11.02.57.41_veh-50_02155_02265,0.8252787505156935,2021.10.11.02.57.41_veh-50_02155_02265,0.82650995100268,0.001231200486986439
fb50a35ed72b5a18,2021.10.11.02.57.41_veh-50_02155_02265,0.8946443693742259,2021.10.11.02.57.41_veh-50_02155_02265,0.8963840552558254,0.001739685881599562
fb62245532a251c2,2021.07.09.20.26.06_veh-35_02793_03289,0.9174593200235183,2021.07.09.20.26.06_veh-35_02793_03289,0.9208400235322164,0.003380703508698124
fba22c6ccd535dd0,2021.07.09.20.26.06_veh-35_02793_03289,1.0,2021.07.09.20.26.06_veh-35_02793_03289,1.0,0.0
fba4ada6e76d51d5,2021.06.09.12.06.35_veh-35_01164_01494,0.8455309856689759,2021.06.09.12.06.35_veh-35_01164_01494,0.8489562303276124,0.0034252446586364726
fbaf220f056b5918,2021.07.09.15.53.28_veh-38_00184_02293,0.9667209535265572,2021.07.09.15.53.28_veh-38_00184_02293,0.9690324984447853,0.002311544918228159
fbb2aa2813125b32,2021.10.11.02.57.41_veh-50_02155_02265,0.9047605004262005,2021.10.11.02.57.41_veh-50_02155_02265,0.9066720352343799,0.0019115348081794048
fbd62cf89a7d5308,2021.07.09.20.26.06_veh-35_02793_03289,0.8748130435707502,2021.07.09.20.26.06_veh-35_02793_03289,0.8775327570561261,0.0027197134853759186
fbde637d36f557c2,2021.10.11.02.57.41_veh-50_02155_02265,0.8561513694545457,2021.10.11.02.57.41_veh-50_02155_02265,0.8581634860707318,0.002012116616186055
fbf80b893a45596c,2021.06.09.12.51.31_veh-35_01729_02626,1.0,2021.06.09.12.51.31_veh-35_01729_02626,1.0,0.0
fc4b553b82f3573e,2021.07.09.15.53.28_veh-38_00184_02293,0.9905113382292843,2021.07.09.15.53.28_veh-38_00184_02293,0.9927893561157188,0.002278017886434558
fd266017475c571a,2021.07.09.20.26.06_veh-35_02793_03289,0.9385062942614129,2021.07.09.20.26.06_veh-35_02793_03289,0.9401091365231192,0.001602842261706372
fd650b8a78ab5706,2021.06.09.20.26.11_veh-35_00970_01216,0.9839399406758372,2021.06.09.20.26.11_veh-35_00970_01216,0.9860206879024748,0.002080747226637536
fd6714343cac5c89,2021.07.09.15.53.28_veh-38_00184_02293,1.0,2021.07.09.15.53.28_veh-38_00184_02293,1.0,0.0
fd88394324a05329,2021.07.09.20.26.06_veh-35_02793_03289,1.0,2021.07.09.20.26.06_veh-35_02793_03289,1.0,0.0
fdab862a77fb5c90,2021.07.09.15.53.28_veh-38_00184_02293,0.9089712223345865,2021.07.09.15.53.28_veh-38_00184_02293,0.9106886961814715,0.0017174738468850315
fdc30f8fc86655b0,2021.06.09.12.06.35_veh-35_01164_01494,0.9087595553161711,2021.06.09.12.06.35_veh-35_01164_01494,0.9109266933247077,0.0021671380085365177
fdfec9ef7201528e,2021.10.11.02.57.41_veh-50_02155_02265,0.8158546603354399,2021.10.11.02.57.41_veh-50_02155_02265,0.8168835024509512,0.0010288421155113525
fe07ab55cffb5cb9,2021.07.09.20.26.06_veh-35_02793_03289,0.9154465956955856,2021.07.09.20.26.06_veh-35_02793_03289,0.9172889115925039,0.0018423158969183007
fe1838e14f915f8f,2021.10.05.07.49.39_veh-52_00770_00905,0.9065451979939182,2021.10.05.07.49.39_veh-52_00770_00905,0.9081641956066459,0.0016189976127276573
fe288a64350d556b,2021.06.09.20.26.11_veh-35_00970_01216,0.8859835249804108,2021.06.09.20.26.11_veh-35_00970_01216,0.8877396783795449,0.0017561533991341527
fe2ac8c198fa5790,2021.07.09.15.53.28_veh-38_00184_02293,1.0,2021.07.09.15.53.28_veh-38_00184_02293,1.0,0.0
fe3ae84c2c3b5232,2021.06.23.17.31.36_veh-16_00016_00377,1.0,2021.06.23.17.31.36_veh-16_00016_00377,1.0,0.0
fe61c9b75ca85f61,2021.07.09.20.26.06_veh-35_02793_03289,0.9886464344930376,2021.07.09.20.26.06_veh-35_02793_03289,0.9901142291081126,0.0014677946150750687
fe821d61eef757d7,2021.07.09.15.53.28_veh-38_00184_02293,1.0,2021.07.09.15.53.28_veh-38_00184_02293,1.0,0.0
feafc7509f0f51cf,2021.07.09.15.53.28_veh-38_00184_02293,1.0,2021.07.09.15.53.28_veh-38_00184_02293,1.0,0.0
fee8806b92c9501e,2021.07.09.15.53.28_veh-38_00184_02293,1.0,2021.07.09.15.53.28_veh-38_00184_02293,1.0,0.0
ff31fde84ea55ab8,2021.10.11.02.57.41_veh-50_02155_02265,0.8962577622413385,2021.10.11.02.57.41_veh-50_02155_02265,0.8981953829567968,0.0019376207154583325
ff409a68b88e5ac0,2021.10.05.08.11.15_veh-50_00437_00585,0.8375046210355999,2021.10.05.08.11.15_veh-50_00437_00585,0.8392043808908055,0.0016997598552056514
ff5e73d54265581f,2021.06.09.17.23.18_veh-38_01598_01750,0.9233133167794905,2021.06.09.17.23.18_veh-38_01598_01750,0.9251937763300727,0.0018804595505822475
ffd3019de9f75d89,2021.06.09.12.06.35_veh-35_01164_01494,0.8721527369207355,2021.06.09.12.06.35_veh-35_01164_01494,0.8753426686420044,0.0031899317212689127
