active_neighbors,all_class_accepted_risk_context_targets,all_class_supported_relevant_trajectory_or_risk_targets,expected_neighbor_task_valid_probability,neighbors_with_any_future,raw_context_class_supported_relevant_targets,raw_motion_class_supported_relevant_targets,retained_context_class_in_risk_memory_targets,retained_motion_class_supported_relevant_targets,status,token
4,0,1,0.25,1,5,4,0,1,ok,2b0deb39ff8355ec
12,0,1,0.16666666666666666,2,0,3,0,1,ok,0cfb822f546b53f3
6,0,0,0.0,0,1,1,0,0,ok,fa80b301319f5354
3,0,0,0.0,0,1,0,0,0,ok,08b960bfcf3b52cd
15,0,1,0.06666666666666667,1,0,7,0,1,ok,1ece8e9fd71c5643
0,0,0,,0,0,0,0,0,ok,0d04535527195e63
7,4,6,0.42857142857142855,3,6,3,4,2,ok,2a278606e1ad581a
0,0,0,,0,0,0,0,0,ok,5854afa53417513b
8,0,0,0.0,0,0,3,0,0,ok,1c4ddcf15183572c
0,0,0,,0,1,0,0,0,ok,1e1848543dc8582a
5,1,1,0.0,0,14,2,1,0,ok,6f940a41048b5433
8,5,5,0.125,1,25,4,5,0,ok,434d115ea19d58b8
4,0,1,0.5,2,1,2,0,1,ok,562d78375bdc5486
14,0,1,0.21428571428571427,3,1,1,0,1,ok,12b902cf3a445d5f
13,1,2,0.07692307692307693,1,4,2,1,1,ok,155af8f3290f58ab
11,8,9,0.09090909090909091,1,28,3,8,1,ok,50e1679a2d0b56f8
0,0,0,,0,0,1,0,0,ok,e42cd25bbf545679
15,3,6,0.2,3,16,14,3,3,ok,f7b7b121bcdb5778
6,0,0,0.0,0,0,3,0,0,ok,8090df98aa755412
0,1,1,,0,6,0,1,0,ok,9669d9baa55c5757
7,5,5,0.0,0,6,0,5,0,ok,1312b5acd6a753a8
16,0,1,0.125,2,5,5,0,1,ok,7b2a691fc80352e4
4,8,9,0.25,1,24,2,8,1,ok,36a2599b33cd547b
8,0,1,0.125,1,0,4,0,1,ok,90cc332aa0f05065
16,2,2,0.0625,1,3,1,2,0,ok,078a2f5d77315fc2
14,0,0,0.0,0,1,1,0,0,ok,e86e2201af2f50dc
16,0,1,0.0625,1,1,9,0,1,ok,1f5d97d763c95f5b
16,0,1,0.0625,1,4,4,0,1,ok,ae4cacc9296e59c1
16,1,1,0.0,0,0,7,0,0,ok,66c135a6ec7f53c4
0,0,0,,0,0,0,0,0,ok,d739563127bc5fca
0,0,0,,0,1,1,0,0,ok,d31a354d2a3650fc
16,0,0,0.0,0,2,5,0,0,ok,e0924df25ae55951
13,0,2,0.15384615384615385,2,0,6,0,2,ok,9780415542ae5572
16,1,2,0.0625,1,2,14,0,1,ok,1c8da5542b095640
16,0,0,0.0,0,0,2,0,0,ok,783a419e74fa5274
8,0,0,0.0,0,1,3,0,0,ok,16ff7e512a685056
6,2,2,0.0,0,8,12,2,0,ok,c1d27b307f19583d
13,3,4,0.07692307692307693,1,6,6,3,1,ok,63c4e08a72df5344
3,0,0,0.0,0,0,0,0,0,ok,dd1791cfe8715e1a
15,0,0,0.0,0,0,1,0,0,ok,dbd9495c491c5a45
9,0,0,0.0,0,0,2,0,0,ok,7ecb22e3bba55b12
16,0,3,0.1875,3,4,18,0,3,ok,65251573050359ea
16,0,0,0.0,0,0,3,0,0,ok,fdb10c780cf55541
16,0,2,0.125,2,0,6,0,2,ok,cf7d520744025570
10,0,1,0.1,1,14,2,0,1,ok,b11a41883c265d6f
15,1,1,0.0,0,0,3,0,0,ok,dc72139491d25666
15,0,1,0.13333333333333333,2,0,4,0,1,ok,75af35c901d95633
4,0,0,0.0,0,0,2,0,0,ok,7c9cf00f05b055a7
0,0,0,,0,0,0,0,0,ok,0afd25577cd95000
7,10,10,0.0,0,26,2,10,0,ok,90b1ef5431f153ba
12,0,2,0.08333333333333333,1,2,2,0,2,ok,7f815ad042fa579b
13,1,2,0.23076923076923078,3,7,2,1,1,ok,323cb48461ab5613
15,0,4,0.26666666666666666,4,0,10,0,4,ok,7ec66cefc70c5f4c
0,0,0,,0,0,0,0,0,ok,671cc351481552b5
16,0,0,0.0,0,0,5,0,0,ok,32c7c2e6a7eb5fa7
11,0,0,0.0,0,0,4,0,0,ok,36290632ac4754a6
8,0,0,0.0,0,2,3,0,0,ok,1185156953625e0a
16,0,0,0.0625,1,1,6,0,0,ok,46040a2287d35735
14,0,2,0.21428571428571427,3,0,2,0,2,ok,7ac04d6649a25dd2
4,1,1,0.0,0,6,3,1,0,ok,56aefa9d2d005e70
15,1,1,0.0,0,0,3,0,0,ok,f1ebbed291375582
5,0,0,0.0,0,0,0,0,0,ok,413adb96d2ae5299
9,0,0,0.0,0,1,1,0,0,ok,6561907765f2550f
4,1,0,0.0,0,1,0,0,0,ok,7fb4015f2cc95dee
16,1,2,0.125,2,0,7,0,1,ok,918e0bae1dee5bbd
8,0,0,0.0,0,2,2,0,0,ok,8354542cc57957b0
1,1,1,0.0,0,6,1,1,0,ok,5e09568993b55161
12,5,7,0.25,3,31,7,5,2,ok,bbd2c32509095c24
10,0,0,0.0,0,0,2,0,0,ok,eecdb97c332f550d
16,5,1,0.125,2,11,7,1,0,ok,bdc0b721b1f65666
13,0,0,0.0,0,0,3,0,0,ok,84575e5220ab5ff3
5,8,8,0.0,0,19,1,8,0,ok,0050596b1fab58c6
0,0,0,,0,0,0,0,0,ok,b25cfa1c48335c0f
10,0,0,0.0,0,0,0,0,0,ok,ce621aea34365fe7
3,0,0,0.3333333333333333,1,0,1,0,0,ok,dec1c6592f625566
8,2,3,0.25,2,13,3,2,1,ok,dbede346da9e593c
9,0,0,0.0,0,5,2,0,0,ok,b9baa92698925a54
11,0,1,0.09090909090909091,1,0,2,0,1,ok,c15f22c9370e5370
0,0,0,,0,0,1,0,0,ok,86354c3e37ab582a
16,0,0,0.0625,1,0,5,0,0,ok,8f3686425c2d5e6d
9,11,11,0.0,0,24,3,11,0,ok,fd459790110b5858
16,0,0,0.0,0,0,5,0,0,ok,095eafbb5c8f5b02
7,0,0,0.0,0,0,2,0,0,ok,561a68d9d1285b11
0,0,0,,0,0,0,0,0,ok,48f416dbaa065b41
13,0,1,0.07692307692307693,1,3,8,0,1,ok,0461f82e70b557a9
16,1,3,0.125,2,3,5,1,2,ok,7d5219a231bf5406
0,0,0,,0,0,0,0,0,ok,eb843de78b61545a
0,0,0,,0,0,0,0,0,ok,5e2a378423465727
11,0,1,0.2727272727272727,3,0,1,0,1,ok,f4e3a8d61a3355ab
9,3,3,0.0,0,6,0,3,0,ok,141ab792bb275812
16,1,2,0.0625,1,5,2,1,1,ok,1f0b6ad600d655e3
16,3,3,0.125,2,6,4,2,1,ok,6c8e407473de5704
8,3,2,0.0,0,17,1,2,0,ok,5a2d1f6ce2285b5b
16,0,1,0.0625,1,0,4,0,1,ok,b93a03efe5ad5e0c
12,1,3,0.25,3,13,6,1,2,ok,946d74be4f2c5eef
14,0,1,0.14285714285714285,2,0,3,0,1,ok,14ea085254915051
2,0,0,0.0,0,0,0,0,0,ok,fcf1e09243ef584b
15,0,0,0.0,0,14,6,0,0,ok,9e9f3d2d46545d8c
16,0,0,0.0,0,0,11,0,0,ok,c0036bee811b5502
16,0,0,0.0625,1,0,4,0,0,ok,602fc23473655649
2,0,0,0.0,0,0,1,0,0,ok,aa9ff4a7254f5a1b
5,2,0,0.0,0,8,1,0,0,ok,8f05bf0eb74a5fcd
2,4,3,0.0,0,21,12,3,0,ok,16e148cb6dd850f0
16,0,2,0.125,2,0,3,0,2,ok,e57bbd6f566a5a3f
16,0,1,0.0625,1,0,4,0,1,ok,c8b6d0ca19475834
16,1,2,0.0625,1,4,3,1,1,ok,1fc0ba82a8065efd
5,4,4,0.0,0,9,3,4,0,ok,a1827ccc955c500f
0,0,0,,0,0,0,0,0,ok,f66b4dae00af5308
5,1,1,0.2,1,2,6,0,1,ok,2253cad18cb15ec2
8,12,12,0.0,0,21,4,12,0,ok,131d89c50f115736
16,0,0,0.0625,1,0,2,0,0,ok,b0382f9e20885f27
12,0,1,0.16666666666666666,2,3,1,0,1,ok,3f79aa15d077552b
1,1,1,0.0,0,5,5,1,0,ok,4c7a2970bd815fe8
16,4,4,0.125,2,15,9,4,0,ok,287f6815d0295ff4
15,0,0,0.0,0,0,2,0,0,ok,646b40e391245eac
14,0,0,0.0,0,0,5,0,0,ok,9bc2b37ea16a59d6
16,0,2,0.25,4,4,10,0,2,ok,f93e0295c0555e52
16,0,0,0.0625,1,1,2,0,0,ok,1446d711096d560c
0,0,0,,0,1,1,0,0,ok,35b60db81fa55ab0
13,1,2,0.15384615384615385,2,2,7,0,2,ok,5aafc28850ae5b93
4,0,0,0.25,1,2,1,0,0,ok,f648dae3c30d5fc7
2,0,0,0.0,0,0,0,0,0,ok,74334179c5ca58b1
6,0,0,0.0,0,4,0,0,0,ok,865d3c4e7d7a5cce
2,4,4,0.0,0,22,1,4,0,ok,ae3ab9cc1e285e4d
7,7,5,0.0,0,15,5,5,0,ok,bf78dc12bc4352f4
11,0,3,0.2727272727272727,3,2,6,0,3,ok,54969652c0455bc8
16,0,1,0.125,2,0,5,0,1,ok,7e37d35814dd5e2f
7,0,0,0.0,0,0,4,0,0,ok,c928ccb4e87653cf
16,2,4,0.4375,7,13,11,2,2,ok,c477bc93f86658b5
0,0,0,,0,0,1,0,0,ok,bb29b666f7fb5449
14,0,0,0.0,0,0,2,0,0,ok,362cca0a0f605738
16,1,1,0.0625,1,4,4,1,0,ok,7d64602181fe5355
0,2,2,,0,16,9,2,0,ok,0b8b406bed9153a8
1,0,0,0.0,0,0,1,0,0,ok,35f809ef41ee5606
12,0,0,0.0,0,0,2,0,0,ok,ff12ee96dc545954
7,0,1,0.42857142857142855,3,0,2,0,1,ok,5abbc5b033b95c3a
0,0,0,,0,0,0,0,0,ok,0506054a386f5777
9,0,0,0.0,0,0,2,0,0,ok,5c818feba7575381
16,7,8,0.1875,3,20,4,7,1,ok,3861c3000d6150e8
16,0,2,0.3125,5,2,9,0,2,ok,fe4a2aeb2f7059fc
1,0,0,0.0,0,0,0,0,0,ok,51969ea240a954e4
16,1,1,0.0625,1,4,10,0,1,ok,df06432eafd0569e
0,0,0,,0,0,0,0,0,ok,9a08857ec1e858b4
0,0,0,,0,0,0,0,0,ok,e1ff089d5df15aa1
5,0,0,0.0,0,0,2,0,0,ok,cad3fe96622b5fd3
16,0,0,0.0,0,0,2,0,0,ok,80906a3d51625a8c
0,0,0,,0,0,0,0,0,ok,f59c9b5886545a19
0,0,0,,0,0,0,0,0,ok,8f88fb7c07fb5e59
13,0,2,0.3076923076923077,4,0,11,0,2,ok,007d04f550d3514b
0,0,0,,0,0,0,0,0,ok,3ab8ff7d92905708
16,0,0,0.0,0,0,3,0,0,ok,105caf1c3eb65dfe
8,3,1,0.0,0,9,2,1,0,ok,a11bd94d574756bb
15,2,3,0.13333333333333333,2,5,4,2,1,ok,7979b163aedc54e7
15,0,0,0.0,0,0,2,0,0,ok,89d34ccd63965c72
8,0,1,0.25,2,0,2,0,1,ok,257ea37154ff5441
14,0,1,0.14285714285714285,2,0,3,0,1,ok,965fb406fcb25b81
6,1,2,0.16666666666666666,1,3,1,1,1,ok,d2b7f8e41dbe549e
14,0,0,0.0,0,0,10,0,0,ok,5bde29d83d8055ff
15,0,0,0.0,0,0,2,0,0,ok,d7ae22bf2e125e84
13,0,0,0.0,0,3,3,0,0,ok,d1488db047c15c5c
10,0,1,0.1,1,0,5,0,1,ok,5ee47a34fcec50d7
6,0,0,0.0,0,0,0,0,0,ok,298d53d00a785bf8
15,3,4,0.06666666666666667,1,17,6,3,1,ok,eb7f43170a1a5025
8,2,2,0.0,0,8,5,2,0,ok,36d56d3a690b5baf
12,0,1,0.08333333333333333,1,0,4,0,1,ok,bd490249c6cb5375
5,4,5,0.4,2,18,1,4,1,ok,1ead635169305bf6
9,3,4,0.3333333333333333,3,8,4,3,1,ok,bd15a443598a5e53
15,0,0,0.0,0,0,8,0,0,ok,404efe9873f25523
8,0,0,0.25,2,2,3,0,0,ok,0e76c90ced545bb5
13,0,0,0.0,0,0,3,0,0,ok,6865d12bbfa4589c
9,0,2,0.2222222222222222,2,1,3,0,2,ok,0e921003cf65573b
8,0,0,0.0,0,1,1,0,0,ok,9a1f7c18d83b50a4
0,0,0,,0,5,0,0,0,ok,39130d1d9c3455e7
2,0,0,0.0,0,4,1,0,0,ok,d218b4b6c6205da1
0,0,0,,0,0,0,0,0,ok,0d698c8055265230
0,0,0,,0,0,1,0,0,ok,ea314711f038529e
5,0,0,0.0,0,1,5,0,0,ok,03df9770dd0b5638
15,7,5,0.0,0,14,1,5,0,ok,12419003f6345ae5
0,0,0,,0,1,0,0,0,ok,eac518ffde59583d
11,2,3,0.09090909090909091,1,5,9,2,1,ok,8feddabe69005899
4,0,0,0.0,0,0,3,0,0,ok,ec0b4b633dfa59a0
16,10,12,0.125,2,14,46,0,2,ok,0ecfe15430645c39
16,1,1,0.0,0,4,5,1,0,ok,62089081a7f65abd
2,0,0,0.0,0,1,0,0,0,ok,530a06e10c755c2a
4,0,0,0.0,0,0,1,0,0,ok,5d9c02c3f6a458b9
13,8,7,0.07692307692307693,1,16,4,7,0,ok,7737cd3443965e7f
16,0,0,0.0,0,0,4,0,0,ok,d3cbfbf71d8d5d8e
15,1,2,0.06666666666666667,1,6,6,1,1,ok,65beab1b8a1254e3
16,0,1,0.125,2,1,8,0,1,ok,312d88fe0a3e564c
12,2,1,0.0,0,14,1,1,0,ok,9e256178633e5a42
0,1,1,,0,4,0,1,0,ok,6d2a101e053e5320
7,0,0,0.0,0,1,3,0,0,ok,e893109e27f95a2e
2,0,0,0.0,0,0,0,0,0,ok,e5b75f8ded5f59b3
0,0,0,,0,0,0,0,0,ok,40db8085d8035ec9
0,0,0,,0,0,0,0,0,ok,231ab4b668a25de0
13,0,0,0.07692307692307693,1,0,2,0,0,ok,486e1a7d31e552f8
16,0,0,0.0,0,0,6,0,0,ok,a7de2352e5f25fb5
0,0,0,,0,0,1,0,0,ok,a9788114f93751b8
16,2,5,0.25,4,8,8,2,3,ok,a15fe1c11058574f
8,3,4,0.125,1,25,5,3,1,ok,eda5a2ad1f0d5cb2
0,0,0,,0,0,1,0,0,ok,98677dcedd315872
7,0,0,0.0,0,0,1,0,0,ok,67933bdd1c9c55ff
16,0,0,0.0,0,0,3,0,0,ok,0bdd8fae23a4572c
4,0,0,0.0,0,0,1,0,0,ok,6c1f3122e2c45199
5,4,4,0.2,1,20,11,3,1,ok,b4647e87dc9656d5
11,0,1,0.09090909090909091,1,0,9,0,1,ok,8c202e4e83745f85
7,0,0,0.0,0,2,10,0,0,ok,7c714167985a574c
15,0,1,0.13333333333333333,2,6,7,0,1,ok,d62b5b20f766535e
0,0,0,,0,1,0,0,0,ok,c0f5c1ff0eee524c
6,3,4,0.16666666666666666,1,23,3,3,1,ok,b3c9ed6a08995d5f
6,6,6,0.0,0,15,2,6,0,ok,e51fba8470435829
12,0,0,0.0,0,0,3,0,0,ok,99fcb8321df25ed8
0,0,0,,0,0,1,0,0,ok,014725c44c265d3e
12,3,2,0.0,0,6,1,2,0,ok,9d1a6ea5b0a6596d
12,7,7,0.0,0,18,8,7,0,ok,930823cb1e9553c9
2,1,1,0.0,0,13,1,1,0,ok,4149d85f413751c1
16,0,0,0.0,0,0,7,0,0,ok,9e3bb9cb47575c06
0,0,0,,0,0,0,0,0,ok,605180c1bb055441
4,0,1,0.25,1,1,4,0,1,ok,87c97928f754555c
3,0,0,0.0,0,1,1,0,0,ok,f894b29bbe9a5bc8
16,0,0,0.0,0,0,5,0,0,ok,0f711e41cae359d7
11,0,0,0.0,0,0,3,0,0,ok,75f88c092d8e5d34
16,1,1,0.0,0,0,9,0,0,ok,9dcfd7c9424851b3
16,0,2,0.1875,3,3,6,0,2,ok,a05d9e529c625349
0,0,0,,0,4,2,0,0,ok,edaca43a3dfe5c15
14,1,2,0.07142857142857142,1,3,6,0,1,ok,5f1220835b70572a
0,0,0,,0,0,0,0,0,ok,992cd03a69c25026
0,0,0,,0,1,0,0,0,ok,f0fcad5dcbea5472
16,0,0,0.0,0,0,3,0,0,ok,76d43e06c0955314
12,0,0,0.08333333333333333,1,0,2,0,0,ok,7be2799ed82a534b
0,0,0,,0,0,0,0,0,ok,eaa3fa3c78dc5803
10,0,0,0.0,0,0,2,0,0,ok,03ac6741a9255cd0
14,0,1,0.07142857142857142,1,0,2,0,1,ok,3ab675cf2bdf5857
0,0,0,,0,7,1,0,0,ok,e0503f041b3f578a
6,0,0,0.0,0,1,4,0,0,ok,a35c85236b5d5abb
9,10,10,0.1111111111111111,1,18,5,9,1,ok,271bd22cb2b35fbc
16,0,3,0.1875,3,1,5,0,3,ok,150f946fbfba5038
4,2,2,0.0,0,13,2,2,0,ok,47939bb9eea15579
4,0,0,0.0,0,4,0,0,0,ok,364e1907ce8655ea
8,3,3,0.125,1,18,2,3,0,ok,10162f447a6e507f
8,0,1,0.25,2,0,4,0,1,ok,959962c84f96590e
13,0,0,0.0,0,2,2,0,0,ok,ed6138e718155efe
8,9,10,0.125,1,26,2,9,1,ok,88ee32b07fff549b
16,0,0,0.0625,1,3,4,0,0,ok,06c7b8c0820b5219
0,0,0,,0,1,0,0,0,ok,58ee96e75fa65658
0,0,0,,0,0,0,0,0,ok,2cd6870814265f1c
12,0,1,0.3333333333333333,4,0,3,0,1,ok,1af5db0712fd5ddd
12,1,1,0.0,0,3,1,1,0,ok,2f91f4c949ea515b
5,0,0,0.0,0,1,4,0,0,ok,02dc8ec5e0285170
0,0,0,,0,0,0,0,0,ok,712855c9d97c5c61
16,0,0,0.0,0,0,1,0,0,ok,c5c952615867571e
15,0,4,0.3333333333333333,5,0,6,0,4,ok,253b856b49ef52d2
7,2,3,0.14285714285714285,1,7,3,2,1,ok,e6c262c3351e5be2
0,0,0,,0,0,0,0,0,ok,a0b06b2087ee58d5
16,0,0,0.0,0,1,6,0,0,ok,00e9a11fdd1551d7
1,4,4,0.0,0,17,13,4,0,ok,4a2ced47b45a5e22
0,0,0,,0,1,1,0,0,ok,cfd7672ce0e255f7
16,0,0,0.0,0,0,5,0,0,ok,091acf70a8ed5cd8
13,1,0,0.0,0,0,3,0,0,ok,cbe648f7c91153e8
5,0,0,0.0,0,0,0,0,0,ok,190494c1f91958b8
13,1,0,0.0,0,6,5,0,0,ok,a8fb9cffc3035f7b
0,0,0,,0,0,0,0,0,ok,726bf55711435012
0,0,0,,0,0,0,0,0,ok,119e68401d7f511f
12,0,1,0.08333333333333333,1,0,6,0,1,ok,7eed1080006357d8
0,0,0,,0,0,0,0,0,ok,86647493d7315ef8
16,0,1,0.0625,1,0,4,0,1,ok,822745fdef435c49
9,2,2,0.1111111111111111,1,3,7,1,1,ok,bb1a23f9f0a85cc4
0,0,0,,0,0,0,0,0,ok,ebf48e6cfca955dc
0,1,0,,0,12,0,0,0,ok,2113a726637258f6
0,1,0,,0,3,2,0,0,ok,bae8ee53fe7f56dc
10,0,0,0.0,0,0,5,0,0,ok,ad00dd5876ce51c3
13,0,0,0.0,0,3,5,0,0,ok,191da2e038fd523d
10,8,9,0.1,1,27,3,8,1,ok,f4b2952bd26857ff
12,0,2,0.16666666666666666,2,0,3,0,2,ok,a8c194e876665395
0,3,3,,0,7,2,3,0,ok,32c62bd21237519a
12,0,0,0.0,0,0,1,0,0,ok,27f8abaaecc55f7b
7,10,10,0.0,0,20,4,10,0,ok,1345380b037550e0
13,0,0,0.0,0,0,3,0,0,ok,5a91809921c159ec
11,0,1,0.09090909090909091,1,0,3,0,1,ok,b401665434425150
10,1,1,0.0,0,0,4,0,0,ok,0528e164f23c5529
11,0,1,0.18181818181818182,2,0,1,0,1,ok,35dae9d22db257fb
0,0,0,,0,0,1,0,0,ok,b96eb0312fdc522a
16,0,1,0.125,2,0,1,0,1,ok,0bc77665712151ee
16,0,0,0.0,0,3,1,0,0,ok,69186f3850d15339
7,0,0,0.14285714285714285,1,0,1,0,0,ok,9f7eb558c5125bca
16,0,1,0.0625,1,5,6,0,1,ok,7e9764d2ad715022
16,4,4,0.0625,1,17,13,3,1,ok,e7de5325e4d35914
3,0,0,0.0,0,2,2,0,0,ok,362c363b700b5901
13,2,1,0.0,0,10,8,1,0,ok,a20c9646d54e5c09
5,0,0,0.0,0,0,1,0,0,ok,63c2c08d74875449
11,6,8,0.18181818181818182,2,14,7,6,2,ok,128a7ede9ee75d1e
12,0,3,0.3333333333333333,4,0,4,0,3,ok,21fda57fab3056a8
0,0,0,,0,0,0,0,0,ok,be2edd2757995a2f
6,0,0,0.0,0,0,3,0,0,ok,60875c3379d95192
1,2,2,0.0,0,7,1,2,0,ok,c3cd2b5510945af0
0,0,0,,0,2,0,0,0,ok,d7eb077ce5d0557f
3,0,0,0.0,0,0,2,0,0,ok,3198ccf2ef445503
12,0,0,0.0,0,1,3,0,0,ok,1c58a1e9216058ef
16,0,0,0.0,0,2,6,0,0,ok,2492eb13daf75fd6
16,2,2,0.0,0,0,13,0,0,ok,f439f4cfb5df5747
10,0,0,0.0,0,0,1,0,0,ok,399c802ad27c5511
7,0,0,0.0,0,0,5,0,0,ok,56f08928aba358a1
4,0,0,0.0,0,7,1,0,0,ok,48411eb4abab5138
3,0,0,0.0,0,0,3,0,0,ok,a00da695a4465b0c
6,0,0,0.0,0,1,2,0,0,ok,51185ea6f10e5171
16,0,0,0.0,0,4,4,0,0,ok,ba49f0d30d7a5e62
0,0,0,,0,1,0,0,0,ok,aac13bf4f4ab512a
6,0,1,0.16666666666666666,1,0,2,0,1,ok,919785fad2725090
16,0,1,0.0625,1,1,12,0,1,ok,9cbb85ec153952ba
7,4,4,0.0,0,14,12,4,0,ok,de10c95ab70d591a
16,0,0,0.0,0,0,8,0,0,ok,6bf4dafad72c5fcb
16,0,1,0.0625,1,0,8,0,1,ok,c457eb4ad0c05b79
4,5,5,0.0,0,9,4,5,0,ok,fb71f04866fa5b41
16,3,8,0.3125,5,11,17,3,5,ok,2b552a8f8d2f5f1f
16,0,1,0.0625,1,0,5,0,1,ok,20f5e8293bc35714
0,0,0,,0,0,0,0,0,ok,4d9714b013b25c30
16,1,4,0.1875,3,1,5,0,3,ok,6195c08785e35b9a
14,0,2,0.14285714285714285,2,0,5,0,2,ok,3baf7720b7065ff6
11,0,1,0.09090909090909091,1,3,2,0,1,ok,04b9dc1f9c3757a8
16,0,0,0.0,0,0,4,0,0,ok,45b2c34fd43c59d4
13,0,2,0.23076923076923078,3,0,2,0,2,ok,169a7247c22c546b
0,0,0,,0,0,1,0,0,ok,9dcfa42ef1035ff9
14,0,1,0.07142857142857142,1,2,5,0,1,ok,c5e2d1a413415733
16,10,11,0.0625,1,24,3,10,1,ok,b109ee08b7ae567b
8,1,1,0.0,0,1,2,1,0,ok,2c772a570884587c
12,0,0,0.08333333333333333,1,0,3,0,0,ok,f0e9c87e045851fc
0,0,0,,0,1,0,0,0,ok,9c57ce0921d257aa
16,0,1,0.0625,1,0,3,0,1,ok,c46d36178dd05ef2
4,0,0,0.0,0,0,2,0,0,ok,f264e84eb7705956
14,0,0,0.07142857142857142,1,2,0,0,0,ok,f597697ae5145f21
13,0,0,0.0,0,1,3,0,0,ok,d37be96e55745181
0,0,0,,0,0,0,0,0,ok,766d06be93385787
11,9,9,0.18181818181818182,2,12,2,9,0,ok,c190d457ee41522c
5,8,9,0.2,1,19,4,8,1,ok,668d84bab5d1523f
16,0,0,0.0,0,0,4,0,0,ok,828462aa04eb59e3
7,13,13,0.0,0,36,3,13,0,ok,f521f7eb034b5e7c
9,2,2,0.0,0,7,1,2,0,ok,d98947c4d4945cc8
16,0,0,0.0,0,0,4,0,0,ok,a0fbc822159e5af7
8,0,0,0.0,0,0,1,0,0,ok,f05acb7e70265f2f
16,0,2,0.3125,5,0,2,0,2,ok,a5f3d5a5a806584a
4,0,1,0.75,3,0,1,0,1,ok,210e83dfc49a5b39
8,6,7,0.25,2,22,9,6,1,ok,bfca1d0aa29f5478
9,6,6,0.0,0,16,8,6,0,ok,6790088bba7751a5
0,0,0,,0,0,0,0,0,ok,4c60fd15908d5877
0,0,0,,0,0,0,0,0,ok,90d7fc26768f5652
16,0,3,0.1875,3,0,9,0,3,ok,11fca1660ef35393
16,0,0,0.125,2,4,4,0,0,ok,f02ae1159111578e
16,1,3,0.25,4,10,12,1,2,ok,8026f6c41f4a5507
16,0,0,0.0,0,0,6,0,0,ok,62f26cc8533f5037
13,1,3,0.15384615384615385,2,9,6,1,2,ok,f610cc293a345187
14,2,4,0.07142857142857142,1,16,7,2,2,ok,1091ed5473f4574c
6,0,0,0.0,0,0,1,0,0,ok,dc43439ca67d5be4
9,4,4,0.0,0,9,3,4,0,ok,08cd1d6cfb775a8e
16,1,1,0.0625,1,8,1,1,0,ok,f34738b895d158ab
9,3,4,0.2222222222222222,2,7,6,3,1,ok,aa0c8925f6335193
3,1,2,0.3333333333333333,1,8,2,1,1,ok,1170e9ca401950e4
9,1,1,0.0,0,8,3,1,0,ok,b5270bd87a5059ae
7,1,3,0.2857142857142857,2,8,5,1,2,ok,a7b76ebd82b65dc2
16,3,1,0.0625,1,5,11,1,0,ok,792590b3376352c0
9,0,0,0.0,0,1,3,0,0,ok,bca10dd9424e50c2
11,0,2,0.45454545454545453,5,0,4,0,2,ok,60b7b0a336945276
0,4,4,,0,13,0,4,0,ok,ced19e2e465f536d
6,0,0,0.0,0,0,1,0,0,ok,e39ce9796f005555
15,1,1,0.06666666666666667,1,25,9,1,0,ok,045523b8bda05abe
16,2,3,0.125,2,0,8,0,2,ok,ef18eed2ae0d58fd
9,0,1,0.1111111111111111,1,0,8,0,1,ok,6264d9d93e0a5341
10,3,4,0.3,3,12,6,3,1,ok,76f20454002a5320
14,0,1,0.07142857142857142,1,0,3,0,1,ok,b245795248665629
13,0,0,0.07692307692307693,1,4,5,0,0,ok,928a59656dcc5f94
16,0,0,0.0,0,0,7,0,0,ok,18b1b40888195a52
7,0,0,0.0,0,0,3,0,0,ok,9ebee1dbaf365a78
15,0,1,0.13333333333333333,2,0,3,0,1,ok,4519b825a7595c20
6,2,1,0.0,0,19,2,1,0,ok,875f9d4f7fbf5bb9
5,5,4,0.0,0,10,2,4,0,ok,996ef2aeec875b67
8,0,1,0.125,1,0,3,0,1,ok,7dda76cbbfeb56c8
16,0,0,0.0625,1,0,3,0,0,ok,aabac3c095785c45
7,5,5,0.0,0,9,2,5,0,ok,a7ae3f34996a5760
0,1,1,,0,5,0,1,0,ok,c7fef1ec4d155dd3
6,2,2,0.16666666666666666,1,9,3,2,0,ok,6265d7b92b5053a3
0,1,1,,0,6,8,1,0,ok,9209bbb9b18850f2
13,5,6,0.23076923076923078,3,8,3,5,1,ok,98be0647133a545e
12,1,1,0.0,0,3,6,1,0,ok,f15f162565b25ace
5,0,0,0.0,0,0,4,0,0,ok,306852d54e1e5103
10,0,1,0.1,1,1,3,0,1,ok,71769d75a0cd5e6c
10,0,0,0.0,0,0,1,0,0,ok,e883afb07b365b26
16,0,0,0.0,0,15,8,0,0,ok,75d96f8119135a8c
16,0,1,0.1875,3,0,4,0,1,ok,f3d2045461745b5f
14,0,0,0.0,0,3,3,0,0,ok,8c859484c1965929
0,0,0,,0,1,0,0,0,ok,5a4def2a396d5d10
16,0,0,0.0,0,0,2,0,0,ok,3740e6ae5eca5ade
16,1,1,0.0,0,4,4,1,0,ok,6d26a7ebcf3c596e
11,12,13,0.18181818181818182,2,28,2,12,1,ok,e2577152630859c7
10,1,1,0.0,0,7,3,1,0,ok,0deb06b76eeb5148
16,0,1,0.0625,1,8,2,0,1,ok,624baa68bd695f8c
13,0,5,0.38461538461538464,5,0,13,0,5,ok,2e9901b29e47542e
12,7,8,0.16666666666666666,2,15,5,6,2,ok,2d9dfefa022455eb
0,0,0,,0,0,0,0,0,ok,ccb1b5a389775c76
4,0,0,0.0,0,0,0,0,0,ok,c097bfdf2d345d12
16,3,4,0.0625,1,2,7,1,1,ok,84ed14e59e7e5696
13,1,1,0.07692307692307693,1,0,6,0,0,ok,fed7d69f250056e9
3,0,0,0.0,0,0,2,0,0,ok,8b6b895e5b0d547f
0,0,0,,0,0,1,0,0,ok,16b61b5bd004534e
8,1,1,0.0,0,6,5,1,0,ok,cb59a6d6540d5ede
4,0,0,0.0,0,1,7,0,0,ok,01e79d36e87b5970
0,0,0,,0,0,0,0,0,ok,536cd721ff6658a3
6,0,1,0.3333333333333333,2,0,1,0,1,ok,f07f69edf9c95411
11,0,0,0.0,0,1,0,0,0,ok,7a8765876b165285
0,0,0,,0,1,0,0,0,ok,a04d8280f0455b5f
0,0,0,,0,0,1,0,0,ok,cde482a30e2e540c
0,2,1,,0,8,5,1,0,ok,81bbcecc10be5df1
4,0,0,0.0,0,0,1,0,0,ok,422e8e8a54085cd0
14,0,0,0.0,0,4,3,0,0,ok,386e081d3bc357ef
12,0,0,0.0,0,0,4,0,0,ok,959fbc9edab45ab4
14,7,9,0.14285714285714285,2,17,6,7,2,ok,9665b1d60eeb5f2d
13,0,0,0.0,0,0,1,0,0,ok,40c0d5b304535348
16,0,1,0.0625,1,4,8,0,1,ok,822263e038065bcd
5,3,3,0.0,0,8,1,3,0,ok,f0672fd6d91a54e0
0,0,0,,0,0,0,0,0,ok,be7f0e93a689550d
16,0,2,0.0625,1,0,8,0,2,ok,7d9c28ecd3695e4a
11,0,0,0.0,0,0,1,0,0,ok,3a152266aa37524d
7,6,6,0.0,0,14,2,6,0,ok,b23f917e46fb5e7a
0,0,0,,0,0,0,0,0,ok,0b012dccb49b59c7
3,0,0,0.0,0,1,2,0,0,ok,c6381cc2a2cd5203
5,0,0,0.2,1,0,1,0,0,ok,4b5e49d51a245aab
0,0,0,,0,0,1,0,0,ok,120cadc9686a557b
0,0,0,,0,0,0,0,0,ok,ee6f18a8cee15947
11,0,2,0.18181818181818182,2,0,3,0,2,ok,13bec9cf2a32593c
14,0,0,0.0,0,0,5,0,0,ok,5a4c9f5439085e51
16,0,0,0.0625,1,3,6,0,0,ok,a323bbce10b7534e
8,6,6,0.0,0,20,13,6,0,ok,8388e6d4d0bc50b6
16,0,0,0.125,2,2,5,0,0,ok,8710eafdde885bf0
16,0,1,0.125,2,1,7,0,1,ok,7567fdb1d1bf5a8a
2,0,0,0.0,0,0,0,0,0,ok,a0a33279cfb55abd
0,0,0,,0,0,0,0,0,ok,a08cec37aa34554a
5,0,1,0.2,1,0,3,0,1,ok,cb0afaa192c25722
5,5,5,0.2,1,6,2,4,1,ok,16a29844214a5e31
9,0,1,0.2222222222222222,2,0,2,0,1,ok,63d794173ff8529f
13,12,13,0.07692307692307693,1,31,5,12,1,ok,98529c0c38d55322
0,0,0,,0,0,0,0,0,ok,07276bf605e75853
16,0,2,0.125,2,1,3,0,2,ok,95d89a1c6bef5552
16,0,2,0.1875,3,5,13,0,2,ok,96efeeccc9c75a8f
16,2,3,0.0625,1,12,16,2,1,ok,cd06b3b74c9f5b0d
0,0,0,,0,0,0,0,0,ok,f07e4fca172e5ccc
10,0,1,0.1,1,10,4,0,1,ok,fec663a573f2521a
16,0,2,0.25,4,3,12,0,2,ok,6de5baefaa9959db
3,1,1,0.3333333333333333,1,3,2,0,1,ok,acc758d20ec85921
16,0,2,0.125,2,0,9,0,2,ok,4e828775b4375c91
11,0,0,0.0,0,0,1,0,0,ok,1ec1435411545cfa
16,2,2,0.125,2,3,4,2,0,ok,bea9f32364e45975
0,0,0,,0,1,1,0,0,ok,9fb89da8140a5674
12,9,9,0.0,0,29,5,9,0,ok,9d08deb24d105fb3
9,0,2,0.2222222222222222,2,0,3,0,2,ok,debdde3228ea5578
10,0,0,0.1,1,5,5,0,0,ok,1f1cf6c537f45831
10,4,4,0.0,0,13,2,4,0,ok,9db9935973dc5569
2,2,2,0.5,1,3,2,1,1,ok,20342b3a943858c6
6,2,2,0.0,0,10,3,2,0,ok,4d82d67e77145d7b
16,0,1,0.125,2,2,3,0,1,ok,33fa7b877c975eea
8,1,2,0.25,2,1,4,1,1,ok,7cf016c639d355ea
15,1,3,0.13333333333333333,2,5,8,1,2,ok,63aca763dab5518f
10,8,5,0.0,0,12,1,5,0,ok,0c268f95a9c85e71
3,0,0,0.0,0,0,1,0,0,ok,910fc6b6348b51bb
10,1,3,0.2,2,0,6,0,2,ok,de7fc395eb7b5871
10,0,0,0.0,0,0,1,0,0,ok,41a002e0a0c95b8f
10,8,7,0.1,1,12,3,7,0,ok,105c9268d8825105
15,0,0,0.0,0,0,5,0,0,ok,e2d2ecc06b1e5241
6,0,1,0.16666666666666666,1,4,3,0,1,ok,d9f1e7ce4dc552a4
12,0,0,0.0,0,1,2,0,0,ok,ebc26d63b43d550b
9,0,0,0.0,0,1,1,0,0,ok,592fa36663b55286
3,6,5,0.0,0,21,26,5,0,ok,9320ab9ee43d56fd
16,0,2,0.125,2,0,11,0,2,ok,cb6ec0525ecb528e
16,0,1,0.125,2,0,4,0,1,ok,62f05eb062a2519c
16,1,1,0.0,0,15,19,1,0,ok,04a8d0d46bf65dd8
0,0,0,,0,0,0,0,0,ok,a07ef6cb3d7f53c6
16,0,0,0.0,0,0,2,0,0,ok,f79560db431e580d
0,0,0,,0,0,0,0,0,ok,9bad36fa943251f6
5,0,1,0.2,1,1,1,0,1,ok,67f1df2ff47f50d0
9,3,3,0.2222222222222222,2,9,2,3,0,ok,c0d9e08584985bab
11,0,1,0.09090909090909091,1,2,4,0,1,ok,b7cb63cdfc085db4
14,0,0,0.0,0,0,1,0,0,ok,606496ca2f9758e9
0,7,6,,0,15,0,6,0,ok,69a907822eff5e1f
10,0,0,0.0,0,0,1,0,0,ok,778f8e8401115ffd
16,0,2,0.1875,3,5,10,0,2,ok,e3fdc1cc0c3e5421
14,0,0,0.0,0,0,3,0,0,ok,cb96c0a8d3635038
12,0,1,0.08333333333333333,1,0,1,0,1,ok,5215a90274ad5850
15,2,2,0.0,0,7,2,2,0,ok,69b303450e8b5afb
0,0,0,,0,0,1,0,0,ok,dbe2d82db55b5124
7,2,2,0.14285714285714285,1,20,2,2,0,ok,f120cac2b2655f0c
8,0,0,0.0,0,5,1,0,0,ok,e86d66fb00825a3e
0,0,0,,0,8,0,0,0,ok,fc6c6696cecd53a4
11,0,3,0.2727272727272727,3,12,5,0,3,ok,4d6608189ed25ba1
12,0,0,0.08333333333333333,1,0,3,0,0,ok,3f12b84004b15310
8,0,0,0.0,0,0,6,0,0,ok,3d481e42cce653a9
14,1,3,0.14285714285714285,2,4,4,1,2,ok,429781c7662e56ac
14,0,0,0.0,0,0,5,0,0,ok,8194ed6657965d31
9,0,0,0.0,0,0,2,0,0,ok,15d6143c45495ecd
16,1,2,0.0625,1,4,9,1,1,ok,507f0b7152e55cd5
11,8,9,0.09090909090909091,1,14,8,8,1,ok,57d4a895f8be5ae7
7,0,0,0.0,0,0,4,0,0,ok,67e5f28908ec52e8
1,1,0,0.0,0,1,1,0,0,ok,52ffeb44cda05566
16,0,4,0.4375,7,7,21,0,4,ok,caafcdd4b7835eb0
16,2,4,0.1875,3,9,6,2,2,ok,d320489dd37d53c8
9,0,0,0.0,0,0,3,0,0,ok,76999a6ce888541b
0,0,0,,0,2,1,0,0,ok,e1a5aaba174559a7
0,0,0,,0,4,0,0,0,ok,0899488dcf4356e0
1,0,0,0.0,0,0,2,0,0,ok,5773601718ee59a1
16,0,0,0.0,0,0,2,0,0,ok,bb2bba2c03f6565f
10,0,0,0.0,0,0,2,0,0,ok,4eb4f0a8cbdc56ca
12,1,1,0.25,3,3,2,0,1,ok,e097e5de6af65f5e
6,1,1,0.0,0,3,3,1,0,ok,157a2e31397c5b37
9,0,0,0.0,0,0,0,0,0,ok,75dc795f29ec51f5
2,0,0,0.0,0,0,3,0,0,ok,2872ea96828b54e4
16,0,0,0.0625,1,0,4,0,0,ok,95873caf1f9c5321
8,3,3,0.0,0,7,3,3,0,ok,95360b86851155a2
13,0,1,0.07692307692307693,1,0,3,0,1,ok,58cc31d2b7d85b37
9,9,9,0.0,0,26,1,9,0,ok,db5ca8a1f2d251cf
5,2,2,0.0,0,6,4,2,0,ok,db01633e2afb51cf
8,0,0,0.0,0,1,2,0,0,ok,898ae669c5d35080
11,1,1,0.0,0,3,3,1,0,ok,df3359d3319159ef
5,0,0,0.0,0,1,3,0,0,ok,0e34518dff9d5ad2
3,0,0,0.0,0,6,2,0,0,ok,642274145e765c76
11,2,2,0.09090909090909091,1,3,1,2,0,ok,b29db917c033535d
4,0,0,0.0,0,0,4,0,0,ok,f494c194bdd75a4d
0,0,0,,0,0,0,0,0,ok,16d5e0f373025013
16,0,2,0.125,2,2,8,0,2,ok,d67dffd90cdf5681
16,0,1,0.25,4,4,10,0,1,ok,d0c46f7594005644
9,6,7,0.3333333333333333,3,7,3,5,2,ok,998ce7dd5e375d1c
0,2,1,,0,9,0,1,0,ok,c633abe1e68e5cc2
5,0,0,0.0,0,0,2,0,0,ok,89fb6b144ed7501c
16,0,1,0.0625,1,0,7,0,1,ok,1d179f898ae25d07
11,0,0,0.18181818181818182,2,0,2,0,0,ok,3f09290ece185211
16,0,0,0.0,0,0,3,0,0,ok,59ea4c20b390527d
16,0,1,0.125,2,9,12,0,1,ok,28008e34e1cb5b15
0,0,0,,0,0,1,0,0,ok,e1d0569b1bd15a8e
16,1,2,0.0625,1,3,9,1,1,ok,4e1e95d2f14558fc
0,0,0,,0,0,0,0,0,ok,94295fa0839755af
8,0,0,0.0,0,0,2,0,0,ok,f4bb4c6e8baa5416
16,1,1,0.0,0,6,17,1,0,ok,1830c255de535121
16,3,5,0.3125,5,11,11,3,2,ok,6dd88f4715b055fb
16,0,0,0.0,0,0,15,0,0,ok,c908a22a295955b9
4,12,13,0.25,1,32,2,12,1,ok,ea91394214675ec5
5,0,1,0.2,1,8,3,0,1,ok,b1e61b15c1f75756
16,0,0,0.0625,1,3,7,0,0,ok,6902fc5dc75d5a3c
4,0,0,0.0,0,3,4,0,0,ok,4668501db7065e02
16,0,0,0.0,0,4,2,0,0,ok,09f7d305a53e5af0
16,1,3,0.1875,3,6,6,1,2,ok,80a21b09dc92503c
15,1,1,0.06666666666666667,1,5,5,0,1,ok,9d5be3dadc9a5d00
14,0,1,0.14285714285714285,2,2,2,0,1,ok,57ebc4f368375a31
0,0,0,,0,1,0,0,0,ok,f19253e4d9dd5346
16,0,0,0.0625,1,0,4,0,0,ok,c514ffe15efd513f
16,0,2,0.1875,3,0,4,0,2,ok,898a4c52f8695dec
16,0,0,0.0,0,0,7,0,0,ok,ed7c3825b55c5b37
0,0,0,,0,0,0,0,0,ok,c0914b85bbe95262
7,0,0,0.0,0,0,3,0,0,ok,d6d80fa79b6258c9
5,0,0,0.0,0,0,1,0,0,ok,139234ca91385e81
16,0,0,0.0,0,0,8,0,0,ok,cf474ab6dafb53eb
7,0,0,0.0,0,1,3,0,0,ok,387d309056015c73
13,0,1,0.07692307692307693,1,3,5,0,1,ok,00c7b8b3c4de55bb
13,2,2,0.0,0,8,5,2,0,ok,841fd94e4d015a87
3,0,1,0.3333333333333333,1,0,2,0,1,ok,f0456f8d64e75b46
0,0,0,,0,0,1,0,0,ok,08c827a86c6557d9
16,0,1,0.0625,1,3,4,0,1,ok,343ef97f2b80580b
13,0,2,0.15384615384615385,2,1,3,0,2,ok,ac021cdbf4b55691
3,0,1,0.3333333333333333,1,0,2,0,1,ok,7aa709a90aea5264
14,0,2,0.14285714285714285,2,0,3,0,2,ok,d7607db2cf765dbd
8,0,0,0.0,0,2,2,0,0,ok,7aacb1a6a7cf502a
5,0,0,0.0,0,0,2,0,0,ok,83144d3cfce55c50
9,0,0,0.0,0,5,0,0,0,ok,260cfa30c91c5130
11,12,12,0.18181818181818182,2,25,2,11,1,ok,74a10494c6f45ae5
12,0,0,0.0,0,0,5,0,0,ok,ae424291ad04545a
16,0,1,0.0625,1,0,1,0,1,ok,2a212dec41a65fb1
5,0,0,0.0,0,0,1,0,0,ok,f198e32aaa9d5ee4
10,0,1,0.1,1,3,2,0,1,ok,1573553a23da585b
16,1,1,0.0,0,0,6,0,0,ok,c691c8561c7f5824
3,0,0,0.0,0,0,2,0,0,ok,e6f41cdb2e4555e5
11,0,0,0.0,0,1,2,0,0,ok,b88909a917e05e75
12,0,0,0.0,0,0,5,0,0,ok,1cec594b06d653df
16,0,1,0.0625,1,5,7,0,1,ok,915aa7cc9d3d5452
14,0,0,0.0,0,2,3,0,0,ok,584579a36b6d548d
16,1,0,0.0,0,6,3,0,0,ok,888142a6d4ff572d
4,0,0,0.0,0,3,2,0,0,ok,08c95431005c5341
16,1,3,0.1875,3,6,7,1,2,ok,5f0398fa9044516f
16,0,1,0.1875,3,3,5,0,1,ok,1cd1d11567885349
3,0,0,0.0,0,1,1,0,0,ok,37077141e4255866
16,3,7,0.25,4,1,16,0,4,ok,aa1f847c71de53ef
16,0,0,0.0,0,17,13,0,0,ok,ce8340d3c8a65edf
13,0,1,0.23076923076923078,3,5,2,0,1,ok,9af521b071b75ede
16,1,1,0.0,0,0,6,0,0,ok,29e5f1b579f15ff4
4,0,0,0.25,1,0,2,0,0,ok,6ea878d3e33f53e5
3,0,0,0.3333333333333333,1,2,3,0,0,ok,9c7a931a27935a09
12,1,1,0.0,0,2,2,1,0,ok,31f500fbdbe15e0e
0,0,0,,0,0,0,0,0,ok,16db4d9fb4c152a8
3,0,0,0.0,0,0,1,0,0,ok,1653e93f9acf59bc
13,2,3,0.07692307692307693,1,11,13,2,1,ok,7b59f36a2bfb562c
0,4,4,,0,8,2,4,0,ok,00e2e6a015c55c9d
10,0,0,0.0,0,4,3,0,0,ok,5ab7fec319d656a1
10,0,1,0.1,1,1,2,0,1,ok,a7f5bbd7d9b659c6
0,0,0,,0,0,0,0,0,ok,ccd8aaf71fc25d17
0,0,0,,0,1,0,0,0,ok,ef407b0ebdfb5d54
1,0,0,0.0,0,5,1,0,0,ok,3feb7781f83754a7
16,0,0,0.1875,3,0,4,0,0,ok,9b9567e05d0b5887
16,0,0,0.0,0,0,3,0,0,ok,997f3c96bbf85329
10,2,2,0.1,1,15,9,2,0,ok,45e389f511205391
0,0,0,,0,0,0,0,0,ok,0ea0c00771165971
9,1,2,0.1111111111111111,1,0,5,0,1,ok,ad0fc39ca9cf567d
11,16,16,0.0,0,31,6,16,0,ok,1ede63fbc3375a63
16,0,1,0.0625,1,0,4,0,1,ok,2f3f31328e0a5300
0,4,3,,0,12,0,3,0,ok,d43f506da1285504
0,0,0,,0,0,0,0,0,ok,60ea7a86e578554b
0,0,0,,0,6,0,0,0,ok,bd9529be4f4c5696
1,0,0,0.0,0,1,2,0,0,ok,72706778139254a0
10,9,6,0.1,1,15,2,6,0,ok,4d6d7104a0895ea9
7,0,0,0.0,0,0,2,0,0,ok,f4933a7e0e555d28
3,0,0,0.0,0,0,2,0,0,ok,dd51a630df545283
5,1,1,0.0,0,8,2,1,0,ok,64ffc239ee8c5ed0
12,2,3,0.08333333333333333,1,19,16,2,1,ok,a0846ca62d715ac8
1,0,0,0.0,0,0,3,0,0,ok,cde71a90e1665cc1
5,0,0,0.2,1,3,2,0,0,ok,a677ebfb15c25982
0,0,0,,0,0,2,0,0,ok,c39f4e9ec7c45527
0,0,0,,0,0,3,0,0,ok,118495193ced5932
5,7,7,0.0,0,14,2,7,0,ok,00632892c6ad507b
12,12,13,0.08333333333333333,1,23,2,12,1,ok,bf32aa7b91e953c3
10,0,1,0.2,2,1,3,0,1,ok,da85fcefaa695346
14,0,0,0.0,0,1,3,0,0,ok,466abd9d02385fd9
8,1,1,0.125,1,6,1,1,0,ok,38c878597da8554d
4,0,0,0.0,0,0,3,0,0,ok,3aec37e552b05c0f
15,0,1,0.13333333333333333,2,1,5,0,1,ok,6447294b8f8f541f
0,0,0,,0,0,0,0,0,ok,ef125da259945587
10,1,1,0.0,0,5,1,1,0,ok,7b4c024caa50572f
7,0,0,0.0,0,0,2,0,0,ok,d690f3030b8c5f0a
3,0,0,0.0,0,0,3,0,0,ok,cfbfffbb8100503a
9,1,0,0.0,0,5,8,0,0,ok,c34fef7db1bf5670
16,5,6,0.0625,1,34,25,5,1,ok,68ba653f034e5816
0,0,0,,0,0,3,0,0,ok,24173b37278c5252
8,0,0,0.0,0,0,0,0,0,ok,ec35ea3fad7c5b2b
16,0,3,0.1875,3,0,6,0,3,ok,4277302e900653e0
12,0,1,0.08333333333333333,1,0,3,0,1,ok,cfa640dd5a6d5b18
2,0,0,0.0,0,1,2,0,0,ok,832ca2fc95a0559b
0,0,0,,0,0,0,0,0,ok,694f23ff8ff45bd6
0,0,0,,0,0,0,0,0,ok,3d20a6916f8e5071
16,1,3,0.125,2,1,5,0,2,ok,8b505fdf387d59a1
15,0,0,0.0,0,2,5,0,0,ok,e281e504b697504f
16,8,8,0.0625,1,31,5,8,0,ok,587c108def2156dc
10,0,0,0.0,0,0,1,0,0,ok,867e59d91b075199
14,0,0,0.0,0,0,2,0,0,ok,6023453fc93a5e89
0,0,0,,0,0,0,0,0,ok,0660dede13035be3
9,0,0,0.0,0,1,2,0,0,ok,001b9dfdae5f5e4f
14,0,0,0.0,0,3,1,0,0,ok,a77945f48e2259be
0,0,0,,0,0,0,0,0,ok,99a36dcfd7275352
16,0,1,0.0625,1,1,6,0,1,ok,38943c2e4fb050a4
16,2,2,0.0,0,0,11,0,0,ok,fb9b42a363b35439
3,2,2,0.0,0,8,2,2,0,ok,dcc502fa11a152f0
12,1,2,0.08333333333333333,1,5,3,1,1,ok,151d3cc460685c25
13,0,1,0.07692307692307693,1,0,4,0,1,ok,157f79c0efea534a
16,0,1,0.125,2,6,4,0,1,ok,de6512b8e2b15283
16,0,1,0.1875,3,0,3,0,1,ok,bd660a0fbb0854e2
12,3,4,0.08333333333333333,1,7,8,2,1,ok,e4f9030b1c8e5155
16,2,2,0.0625,1,7,2,2,0,ok,174d6f6978df534c
8,11,11,0.0,0,32,1,11,0,ok,a59c41f54f595ddd
13,0,0,0.0,0,1,1,0,0,ok,ad281f5eea7857e1
16,1,1,0.0,0,1,15,0,0,ok,c2b8134631cf58c2
16,1,0,0.0,0,1,5,0,0,ok,8a57f3ea46d6579e
0,0,0,,0,0,0,0,0,ok,4dac3dd0165a50c5
16,0,0,0.0,0,1,4,0,0,ok,7652af9311065a4a
16,0,0,0.0,0,8,3,0,0,ok,b584b70c690a5711
0,0,0,,0,0,3,0,0,ok,34f15346d14a5977
15,0,0,0.0,0,0,4,0,0,ok,bdaf436716e85035
15,2,3,0.06666666666666667,1,5,12,1,1,ok,569d8e3baa3f5adc
0,0,0,,0,0,0,0,0,ok,370ef9df76495688
11,5,5,0.0,0,23,2,5,0,ok,aae59122bdd559d6
14,3,4,0.14285714285714285,2,10,3,3,1,ok,7ea4f58b255951af
4,1,2,0.25,1,4,3,1,1,ok,6547085775c2521e
16,0,1,0.0625,1,0,8,0,1,ok,04ad2a8b68405607
16,0,0,0.0,0,0,4,0,0,ok,f98d8bdd42b05da0
14,0,0,0.0,0,0,8,0,0,ok,7b6f9a7ae52b5a81
0,0,0,,0,0,2,0,0,ok,a49d7bf25d295068
16,0,0,0.0625,1,0,1,0,0,ok,2f9e4de7b9ca5216
0,3,3,,0,14,0,3,0,ok,a20adbd9c0565234
11,0,0,0.0,0,1,1,0,0,ok,26898c3282a75898
15,0,1,0.06666666666666667,1,1,5,0,1,ok,e321c41285d554e8
8,0,0,0.0,0,1,0,0,0,ok,b880d7707c555f2f
16,0,0,0.0,0,0,3,0,0,ok,4a55f54c78365c9a
3,0,1,0.3333333333333333,1,4,2,0,1,ok,2a62cf5153ab525e
16,0,0,0.0,0,4,5,0,0,ok,c08168586ac25637
6,0,0,0.0,0,0,0,0,0,ok,85c5de2cda125440
16,0,1,0.125,2,7,2,0,1,ok,a919751bb50a5076
1,0,0,0.0,0,1,1,0,0,ok,b1f8be5535825718
14,0,0,0.07142857142857142,1,0,2,0,0,ok,52b86fa8ab44515f
0,0,0,,0,0,0,0,0,ok,c56d807af0f058ab
0,0,0,,0,0,1,0,0,ok,c886bb1b580b5839
16,0,0,0.0625,1,0,3,0,0,ok,ee49fe5bb9b35d21
16,0,2,0.125,2,0,6,0,2,ok,27aec524f7ff5969
16,0,0,0.0,0,0,1,0,0,ok,abb7add280e054db
16,0,1,0.1875,3,15,5,0,1,ok,2e51b2505e745e3b
12,0,0,0.0,0,1,3,0,0,ok,a04a08bc25445669
16,0,0,0.0625,1,1,8,0,0,ok,7b12caae792a54c3
12,0,2,0.16666666666666666,2,0,5,0,2,ok,e820dc4ec30d5fc2
8,0,0,0.0,0,8,3,0,0,ok,f77c80a765825ca6
16,3,2,0.0,0,10,17,2,0,ok,67a89b261baa5e9e
12,0,2,0.3333333333333333,4,9,6,0,2,ok,39c27223ad3a5d5c
7,2,2,0.14285714285714285,1,4,4,2,0,ok,9d1183afa4305891
0,0,0,,0,0,0,0,0,ok,7addb968271c5489
4,0,0,0.25,1,0,3,0,0,ok,ce387d69fdeb5dc8
10,0,2,0.3,3,2,6,0,2,ok,79f31074e69d55a9
16,0,0,0.0,0,0,8,0,0,ok,4ddff51dc7a75010
13,1,1,0.3076923076923077,4,3,4,0,1,ok,762e42fe11c15705
16,0,1,0.125,2,5,4,0,1,ok,3deadbb2fb5f5333
11,1,1,0.09090909090909091,1,5,2,1,0,ok,ff62f426cb31574e
12,0,0,0.0,0,0,2,0,0,ok,5ed8d78072be5e09
8,0,0,0.0,0,0,2,0,0,ok,44622002dc7b5948
16,1,4,0.25,4,4,7,1,3,ok,19fdeecaff305532
2,2,0,0.0,0,7,5,0,0,ok,29e8071167e95edd
3,0,0,0.0,0,0,3,0,0,ok,050dce2037a4530c
14,0,2,0.14285714285714285,2,0,5,0,2,ok,77a41121cb855e8e
6,0,2,0.3333333333333333,2,4,6,0,2,ok,119a6534d13f57cc
7,0,0,0.0,0,0,1,0,0,ok,ba9dfb9a92e05434
0,1,1,,0,3,0,1,0,ok,87508e9d7b2357d3
16,0,0,0.0625,1,0,3,0,0,ok,9cfb411987565834
6,0,0,0.0,0,0,2,0,0,ok,3369fb8d221c5a87
11,1,3,0.09090909090909091,1,0,6,0,2,ok,ab43d983fae75aa1
15,1,2,0.13333333333333333,2,5,10,1,1,ok,7343470bd5525daf
10,1,1,0.0,0,0,4,0,0,ok,3efa6ffa4fe25c6c
11,0,0,0.0,0,0,6,0,0,ok,6bf33df996c85541
0,0,0,,0,0,0,0,0,ok,5ec49e5eb49452da
15,0,0,0.0,0,0,6,0,0,ok,1bcb469a63065441
16,0,0,0.0,0,6,4,0,0,ok,133b946074c25208
16,0,1,0.0625,1,3,8,0,1,ok,0b82c817cc3e5ba4
12,0,0,0.0,0,0,5,0,0,ok,0e5f6e9d68265914
7,2,3,0.14285714285714285,1,9,5,2,1,ok,975ac79b3da95d37
15,0,0,0.0,0,0,6,0,0,ok,9db49bf3601c599d
0,0,0,,0,0,0,0,0,ok,83bb608abb96540f
9,0,0,0.2222222222222222,2,0,3,0,0,ok,6c0b946aeca45a64
0,0,0,,0,0,0,0,0,ok,1212b6434ee050a1
13,3,4,0.15384615384615385,2,8,7,3,1,ok,ca24075abce4587b
16,1,2,0.3125,5,7,6,1,1,ok,d423a1b51b525cf6
15,2,4,0.13333333333333333,2,7,9,2,2,ok,f1dd61696c775897
3,0,0,0.0,0,1,2,0,0,ok,08222ee927fe5790
9,0,1,0.2222222222222222,2,0,3,0,1,ok,084042d1820a5843
1,0,0,0.0,0,2,0,0,0,ok,81de82ccf65859a9
0,0,0,,0,3,1,0,0,ok,f9126f8288c25b04
12,0,0,0.0,0,0,2,0,0,ok,6413a4e7e3cb55e1
16,1,2,0.0625,1,0,10,0,1,ok,c84eb558f90a5eca
16,0,2,0.1875,3,6,4,0,2,ok,345539b303525835
1,3,3,0.0,0,17,3,3,0,ok,c915ec3a214859ad
6,0,0,0.0,0,5,2,0,0,ok,9d2063acabf757df
13,0,0,0.0,0,0,5,0,0,ok,82b9753be543570d
16,3,3,0.0625,1,4,11,0,0,ok,d562758b22205a3c
11,0,0,0.0,0,3,7,0,0,ok,0fbad0e66cbc5246
4,0,1,0.25,1,0,1,0,1,ok,e7f998ce37cd58f8
0,0,0,,0,0,0,0,0,ok,b85419f38e2b52c1
15,2,4,0.13333333333333333,2,6,6,2,2,ok,287cd40f18eb5a61
0,0,0,,0,0,0,0,0,ok,02c4dbdb600657b6
16,0,2,0.125,2,9,4,0,2,ok,655a064f04e1531b
10,8,7,0.2,2,15,1,6,1,ok,917176053943521f
10,0,1,0.1,1,0,2,0,1,ok,36f00226fc4050bb
0,0,0,,0,0,3,0,0,ok,94215378168859e5
14,0,1,0.21428571428571427,3,0,2,0,1,ok,970e02f03dc555ba
16,0,1,0.0625,1,1,20,0,1,ok,c8f71c6f116b5ea5
3,1,1,0.0,0,1,1,1,0,ok,f2056e4649315c6f
8,0,0,0.0,0,0,3,0,0,ok,02e98c01d79558e6
16,1,4,0.1875,3,10,22,1,3,ok,703c003689845388
0,0,0,,0,1,0,0,0,ok,45ecf1d6d8b850af
0,1,1,,0,6,1,1,0,ok,217407acfedd5c97
8,8,8,0.0,0,15,6,8,0,ok,84f5bcb593f15d44
16,0,1,0.0625,1,1,4,0,1,ok,79fb33f6f2f3502d
8,7,6,0.0,0,37,3,6,0,ok,3e9cc61c89375487
16,1,1,0.0,0,3,5,1,0,ok,dd2dd7d9e5f15bb6
15,1,1,0.0,0,0,3,0,0,ok,c61c4af356245cd7
0,0,0,,0,1,2,0,0,ok,b1bb0a4c8a5f5bee
9,0,2,0.2222222222222222,2,0,4,0,2,ok,84891c078432523c
0,0,0,,0,6,4,0,0,ok,620bbc8137135400
16,6,9,0.3125,5,17,13,6,3,ok,b8899c998828589d
6,1,1,0.0,0,9,2,1,0,ok,77baabc19f755501
16,3,3,0.0625,1,10,2,3,0,ok,616d8f56cda053d4
8,0,0,0.0,0,0,3,0,0,ok,1897968ef3215b08
16,1,3,0.125,2,3,5,0,2,ok,2aad14b614dc5f4d
0,0,0,,0,0,0,0,0,ok,60bc918878995e2c
14,0,1,0.07142857142857142,1,2,2,0,1,ok,f543db0a07b35fbe
0,0,0,,0,0,0,0,0,ok,f2f2501bff5b5c00
0,2,2,,0,5,0,2,0,ok,0f7c04f811a55f56
0,0,0,,0,11,0,0,0,ok,5043cb7a383957b5
13,1,1,0.23076923076923078,3,0,4,0,0,ok,1625c3f741dc592a
0,0,0,,0,0,0,0,0,ok,e4bcebec4a235063
0,0,0,,0,4,0,0,0,ok,52c62a083c5c5046
16,0,0,0.0,0,0,7,0,0,ok,1313e1b0973055b2
0,0,0,,0,0,2,0,0,ok,6d345364755d52d4
16,0,0,0.0,0,0,3,0,0,ok,088110719a925285
13,0,0,0.07692307692307693,1,0,3,0,0,ok,d74fe651f1525437
16,5,8,0.1875,3,18,9,4,3,ok,965d336ff4405cbf
0,0,0,,0,9,0,0,0,ok,8a902a1a8d0e5235
5,0,1,0.0,0,1,2,0,1,ok,73c63066bfa85438
0,0,0,,0,0,1,0,0,ok,ae220208bf4a54ee
16,1,2,0.1875,3,7,5,1,1,ok,d9fd38e706b0559f
0,0,0,,0,1,0,0,0,ok,9f0b08ca352b5444
4,0,0,0.25,1,0,0,0,0,ok,a51911a86adc5693
9,0,0,0.0,0,0,3,0,0,ok,626d3bccd4f95205
0,0,0,,0,0,2,0,0,ok,2ef4e26b93e353d7
13,0,1,0.15384615384615385,2,1,6,0,1,ok,c9e6f7abd28253f7
2,0,0,0.0,0,0,4,0,0,ok,728fc8dffa405af4
13,0,0,0.07692307692307693,1,0,2,0,0,ok,9f3fb3c3874d5f3e
16,0,2,0.125,2,3,16,0,2,ok,f1a05680e8195ff2
6,1,1,0.16666666666666666,1,1,4,0,1,ok,5602aa52ad595493
0,0,0,,0,0,0,0,0,ok,53814dd449f4537a
9,0,1,0.2222222222222222,2,6,4,0,1,ok,35e7236e6c455140
0,0,0,,0,0,1,0,0,ok,3d3b5010d8fb5918
16,2,4,0.25,4,7,8,2,2,ok,89df2b20d97f5840
0,0,0,,0,0,0,0,0,ok,37bc68660a6c514a
0,0,0,,0,0,1,0,0,ok,91b15ef45800550e
0,0,0,,0,0,1,0,0,ok,33c1e70fdebf5a41
2,1,0,0.0,0,5,1,0,0,ok,abb9ff2240f75208
16,0,0,0.0,0,3,5,0,0,ok,ceec04d7016d5914
16,1,1,0.0,0,1,10,0,0,ok,1873ba9dbd74546d
12,0,0,0.0,0,0,4,0,0,ok,e79cf8ed6f9d522c
16,0,0,0.0625,1,2,4,0,0,ok,9f41edf5440354f9
16,0,0,0.125,2,6,8,0,0,ok,8fc26004b4575588
10,0,1,0.1,1,0,9,0,1,ok,6951921102475da7
0,0,0,,0,0,0,0,0,ok,f0209ebfc5aa5d78
5,0,0,0.2,1,2,3,0,0,ok,a6be07ef0c085d5c
7,5,5,0.0,0,24,3,5,0,ok,c40144ed315958f0
7,8,7,0.0,0,16,8,7,0,ok,0226f28d6adc5a52
0,0,0,,0,0,2,0,0,ok,a24a7c02d1b8522d
13,1,0,0.0,0,2,2,0,0,ok,541bf29113de54e1
12,0,1,0.08333333333333333,1,2,1,0,1,ok,dade5807cf1d5904
0,0,0,,0,0,1,0,0,ok,69a9622ef9a951b2
4,0,0,0.0,0,0,3,0,0,ok,aac897560e0f5dab
0,1,1,,0,4,3,1,0,ok,f8b669f11b885f7a
0,0,0,,0,0,0,0,0,ok,c59ec18609b0596b
5,1,1,0.0,0,10,3,1,0,ok,243ae7251a2256b4
0,2,1,,0,5,1,1,0,ok,8130a98c13655a5f
0,0,0,,0,0,0,0,0,ok,b5319157e1065b06
7,5,8,0.42857142857142855,3,23,5,5,3,ok,d6c389462b885c3d
10,0,1,0.2,2,1,3,0,1,ok,ad13a72bca705cb2
4,0,0,0.0,0,0,3,0,0,ok,8b45ca419fe651ed
0,0,0,,0,0,0,0,0,ok,345b3603586a5aaf
13,0,0,0.0,0,0,7,0,0,ok,cc8872f4a1fb5895
14,1,2,0.07142857142857142,1,0,4,0,1,ok,f36ad80e33e85b70
0,0,0,,0,0,0,0,0,ok,bd6282dcf6b05f3d
9,0,1,0.2222222222222222,2,0,2,0,1,ok,4d39abade3845d67
11,0,0,0.0,0,2,3,0,0,ok,292ddaa389bb583d
9,0,2,0.2222222222222222,2,0,3,0,2,ok,2287e82a95905593
8,0,0,0.125,1,0,4,0,0,ok,3d4d70ca586952cb
9,0,2,0.3333333333333333,3,0,4,0,2,ok,c00e35e87f895a48
16,0,0,0.0,0,2,5,0,0,ok,5debec4c189151ea
3,4,4,0.3333333333333333,1,9,2,4,0,ok,0c3c3a21d31b5e01
7,1,1,0.14285714285714285,1,7,3,1,0,ok,05be322a5db55261
2,1,1,0.0,0,7,2,1,0,ok,a2f0b0234ef351ff
6,4,4,0.0,0,7,7,4,0,ok,b6b0d74d78435064
5,1,2,0.2,1,2,3,1,1,ok,5b6a2d007c6c5701
0,0,0,,0,1,0,0,0,ok,00249b8e2d515111
16,2,3,0.1875,3,9,2,2,1,ok,075fc62abf4b5794
16,1,3,0.125,2,4,20,1,2,ok,bcb6c4ce08ad5521
3,2,2,0.0,0,11,2,2,0,ok,5e2a30e1e5395c8f
12,0,0,0.0,0,0,2,0,0,ok,d0e3b4485bbd5bea
9,0,0,0.1111111111111111,1,0,0,0,0,ok,c7b06c34651152d2
0,0,0,,0,0,0,0,0,ok,5fa4f7c321225f51
8,5,6,0.375,3,6,6,4,2,ok,2687fe6e6e81559e
0,0,0,,0,0,0,0,0,ok,029147d300bd5da3
6,0,0,0.0,0,0,1,0,0,ok,12259df2d91c5f0f
8,0,0,0.0,0,3,3,0,0,ok,8aa5439b2dec5f30
16,2,2,0.0,0,0,10,0,0,ok,8a6a29f12e435dfb
4,10,10,0.0,0,35,0,10,0,ok,430d7cc169a95f38
7,0,0,0.14285714285714285,1,0,1,0,0,ok,adc6293983365a27
12,0,0,0.0,0,0,0,0,0,ok,61f6084f53c05e73
16,0,2,0.125,2,4,7,0,2,ok,2139d02d2603581e
0,0,0,,0,1,0,0,0,ok,724610a1d2e35488
1,0,0,0.0,0,1,1,0,0,ok,642763cc75d05011
11,0,2,0.2727272727272727,3,0,4,0,2,ok,88e610314c235721
9,4,4,0.3333333333333333,3,8,4,3,1,ok,8c039af9c46e571e
16,2,5,0.3125,5,7,17,2,3,ok,7552d2ef7f975b34
0,0,0,,0,2,0,0,0,ok,cdfe98f99436587d
5,7,7,0.2,1,17,2,7,0,ok,81eff68b4a6a5cc6
14,0,0,0.0,0,0,7,0,0,ok,7884cdaee35a5459
15,1,3,0.2,3,3,4,1,2,ok,61d7458805875616
16,0,0,0.0,0,0,4,0,0,ok,20689fdfb25e5ebb
16,4,3,0.125,2,11,4,3,0,ok,e108cd61094b5b4e
14,0,0,0.0,0,3,0,0,0,ok,273ba1c6031758b3
16,0,1,0.0625,1,1,3,0,1,ok,6d10a57e8c3551e1
0,0,0,,0,0,0,0,0,ok,fbab8df145285ad9
4,3,3,0.25,1,7,2,3,0,ok,53f332dec48b5765
16,0,1,0.1875,3,5,5,0,1,ok,95da3c3684505b00
16,1,0,0.0,0,0,4,0,0,ok,eb76db598d3a5966
7,1,0,0.0,0,0,2,0,0,ok,abd9a516ddf657cc
10,14,14,0.0,0,30,1,14,0,ok,9767bc828d1f5cc4
8,1,1,0.0,0,10,6,1,0,ok,d0dfa1b645b258d1
0,0,0,,0,0,0,0,0,ok,ecfe6d69542d5c59
16,0,3,0.25,4,0,10,0,3,ok,93001ac0e79a5078
9,7,5,0.0,0,14,3,5,0,ok,5b75e209f83c5b4c
16,1,3,0.1875,3,6,15,1,2,ok,784f0924481e56d2
0,0,0,,0,0,1,0,0,ok,0644793d8f715989
16,2,3,0.125,2,9,7,2,1,ok,7e8ca8636e355053
0,0,0,,0,0,1,0,0,ok,d2a1b5bee9dc552f
14,0,0,0.14285714285714285,2,0,3,0,0,ok,0e88b46efcc35376
9,0,1,0.1111111111111111,1,0,5,0,1,ok,0a28a66512fa5f6f
16,0,0,0.0,0,0,3,0,0,ok,30afa608f59f5ec2
16,0,2,0.1875,3,0,8,0,2,ok,87b5441fd94357c9
9,0,0,0.0,0,0,4,0,0,ok,3263758d77215e73
10,0,1,0.0,0,0,4,0,1,ok,70277e6537895e96
6,0,0,0.0,0,0,0,0,0,ok,3f2dab96a10a51d9
14,0,1,0.21428571428571427,3,0,3,0,1,ok,795797d4a2535464
12,0,1,0.08333333333333333,1,5,3,0,1,ok,a1a7b49775d45b66
11,0,0,0.0,0,0,2,0,0,ok,69ff2a4797b65537
11,11,11,0.0,0,29,4,11,0,ok,2ed43750c4b956e8
5,0,0,0.0,0,0,2,0,0,ok,d6f0767d284859d7
16,0,2,0.1875,3,0,5,0,2,ok,662e85d25be65b99
0,0,0,,0,0,1,0,0,ok,194456700bfa57d3
6,0,0,0.16666666666666666,1,1,2,0,0,ok,78b02dd27e7151ba
1,0,0,0.0,0,0,0,0,0,ok,a94948648df851e8
2,0,0,0.0,0,1,1,0,0,ok,2f02412fbd8458c8
13,1,3,0.15384615384615385,2,3,13,1,2,ok,9eaaa12edd02506a
12,0,0,0.0,0,2,1,0,0,ok,37679ef3f3915779
16,2,2,0.0,0,4,14,1,0,ok,d2984a917159552c
8,2,3,0.125,1,13,8,2,1,ok,0188adf66f7a5282
12,2,2,0.16666666666666666,2,4,1,2,0,ok,ee80609fe995520d
10,4,4,0.0,0,19,2,4,0,ok,c9e7e074040b5290
13,0,1,0.07692307692307693,1,0,3,0,1,ok,feebea9112735b86
8,3,3,0.0,0,15,2,3,0,ok,890a7926e2c65194
15,0,1,0.06666666666666667,1,1,4,0,1,ok,27da9497a6865507
13,0,0,0.0,0,0,2,0,0,ok,819033827a235ff7
10,0,1,0.1,1,0,2,0,1,ok,1bd522ee64e258e7
6,0,0,0.0,0,1,1,0,0,ok,2818a03467ee5ee2
6,0,0,0.0,0,0,1,0,0,ok,9401060344bf563e
16,0,1,0.125,2,5,16,0,1,ok,b1bf4ddbe58d59f9
7,0,0,0.0,0,0,2,0,0,ok,570bdd7f0ada551f
16,0,0,0.0,0,0,2,0,0,ok,2efb7f76f6275106
14,2,2,0.14285714285714285,2,11,6,2,0,ok,827d636e273d51db
0,3,1,,0,2,0,1,0,ok,f0ce5819bf9f5f10
9,0,0,0.0,0,1,3,0,0,ok,57db6797c25d5fdf
16,1,2,0.0625,1,1,15,0,1,ok,6260cfe9f4295d6b
3,5,4,0.0,0,25,4,4,0,ok,fabe493e5fc35d26
16,1,1,0.0,0,10,7,1,0,ok,868cd20850825364
10,1,1,0.0,0,9,5,1,0,ok,09ab3a224d225e54
1,0,0,0.0,0,2,2,0,0,ok,718ef392a2825c4b
5,0,0,0.0,0,0,0,0,0,ok,30c1236e696951a8
0,0,0,,0,0,1,0,0,ok,ac156d58f29656fd
6,1,1,0.0,0,2,3,1,0,ok,51507ea51df95e92
8,0,1,0.125,1,0,6,0,1,ok,f7c87881698851f5
0,0,0,,0,0,0,0,0,ok,af5fe703364b59c1
14,0,0,0.0,0,0,0,0,0,ok,928d41db0b3d52e4
0,0,0,,0,0,0,0,0,ok,c6bf20790b395a9d
0,2,2,,0,6,0,2,0,ok,4e4887c133e15e8a
5,12,11,0.0,0,21,1,11,0,ok,0a3d60af43ca5ccc
10,7,7,0.0,0,20,11,7,0,ok,67fd2d26a7d55e42
15,0,0,0.13333333333333333,2,1,5,0,0,ok,ca928ae7576851c6
12,2,0,0.0,0,4,2,0,0,ok,a1c8b7a6c798556b
16,0,1,0.0625,1,0,13,0,1,ok,92000d52f308520c
4,0,0,0.0,0,0,1,0,0,ok,fd43532d4ff553ca
3,0,0,0.0,0,1,2,0,0,ok,c6dbab9ed94453f9
3,0,0,0.0,0,0,3,0,0,ok,653d6ccadd205b25
13,0,0,0.0,0,1,4,0,0,ok,0f48a7a583b9594f
9,0,0,0.1111111111111111,1,2,3,0,0,ok,e122ebbcb40f5fbe
14,0,3,0.42857142857142855,6,0,11,0,3,ok,d648786f5f4a5eb5
16,0,3,0.1875,3,4,10,0,3,ok,42d2effa98c75622
5,4,4,0.0,0,9,0,4,0,ok,a8244ab37b145f8b
12,0,0,0.0,0,2,2,0,0,ok,82af189adc33593a
7,1,2,0.14285714285714285,1,2,1,1,1,ok,2758fc525f5d5608
4,0,0,0.25,1,0,2,0,0,ok,098d3939de0e54a4
14,0,0,0.0,0,3,7,0,0,ok,ee535a1734715ab9
16,1,1,0.0625,1,1,5,1,0,ok,bc793db420bc5902
0,1,0,,0,8,2,0,0,ok,8dcffa7d2fe75671
4,0,0,0.0,0,0,1,0,0,ok,d0a70328018e548a
11,2,3,0.09090909090909091,1,6,5,2,1,ok,b073a3399fe25a01
16,0,1,0.0625,1,7,7,0,1,ok,538ea8debf1e5234
7,0,0,0.0,0,1,2,0,0,ok,b1e11454c23c5d8b
12,0,0,0.0,0,3,3,0,0,ok,e5a1c8e3926c5cda
0,0,0,,0,1,0,0,0,ok,359cfddaac1a569f
11,0,0,0.0,0,0,5,0,0,ok,422cfa862ce35bbf
4,0,0,0.0,0,8,2,0,0,ok,fc091ec252d25f27
0,0,0,,0,4,2,0,0,ok,7aa62bdb13f251b7
11,0,0,0.09090909090909091,1,5,2,0,0,ok,3600a9d9f8075b3e
6,0,0,0.16666666666666666,1,5,2,0,0,ok,1c37f7f1f70c5a61
0,2,2,,0,22,8,2,0,ok,b9ea5cbbba6355c6
14,0,0,0.0,0,0,4,0,0,ok,e2346041288a56f1
0,0,0,,0,1,0,0,0,ok,bf8631caed0a53c5
12,1,1,0.0,0,5,2,1,0,ok,d0724f0eaa145613
0,0,0,,0,2,0,0,0,ok,23f0e3242d7659b1
14,0,3,0.2857142857142857,4,0,4,0,3,ok,a7a8b635e5f055ed
16,0,3,0.1875,3,1,8,0,3,ok,cf5f92c26d225b24
16,2,1,0.1875,3,8,10,1,0,ok,9f0323f85dc55cc7
16,0,0,0.0,0,0,9,0,0,ok,64dfdace397650f6
16,1,1,0.125,2,3,3,1,0,ok,9886152075f65cfc
1,0,0,0.0,0,4,2,0,0,ok,9e085b40b4a953af
3,0,0,0.0,0,0,15,0,0,ok,e722979b8b135b72
2,4,1,0.0,0,1,3,1,0,ok,9c042facd5fe548b
11,4,6,0.18181818181818182,2,17,6,4,2,ok,5e7906e720b55627
0,1,1,,0,17,1,1,0,ok,bc5cad7ba8955cb6
0,0,0,,0,0,0,0,0,ok,6d6ddef2ad845f5f
13,0,0,0.0,0,0,5,0,0,ok,41c320cd704b5976
1,0,0,0.0,0,0,0,0,0,ok,5a3f22245e635868
13,0,0,0.0,0,0,1,0,0,ok,7ea682c7792c51d3
13,0,0,0.07692307692307693,1,0,2,0,0,ok,46210f84c59653a2
0,0,0,,0,0,0,0,0,ok,f7adbf25d7895d46
16,0,0,0.0,0,0,6,0,0,ok,821caed261465d64
8,18,19,0.125,1,29,4,18,1,ok,c9acf9cdf6205005
13,1,1,0.0,0,2,1,1,0,ok,68329df05fd55301
13,0,0,0.07692307692307693,1,0,0,0,0,ok,5a6f3865f0d65106
13,0,0,0.0,0,1,3,0,0,ok,0756bfd2af9e5fe9
12,0,0,0.0,0,5,3,0,0,ok,8e30a6d205cf5525
16,1,2,0.0625,1,3,3,1,1,ok,df47292f4b4d5eea
11,3,2,0.18181818181818182,2,6,5,2,0,ok,7a5372a2f6075012
2,0,0,0.0,0,1,2,0,0,ok,5e337d3167f35a3a
4,0,0,0.0,0,0,5,0,0,ok,8ea2103dc81a5ea2
3,0,0,0.0,0,0,0,0,0,ok,7fbf52dad9e15628
2,0,1,0.5,1,4,6,0,1,ok,250a01a67c265958
7,0,1,0.14285714285714285,1,1,3,0,1,ok,3296529451dc5f43
14,0,1,0.07142857142857142,1,0,4,0,1,ok,69d6602019ce593a
13,0,1,0.07692307692307693,1,0,8,0,1,ok,03f3bc8a6ebe53a3
4,0,0,0.0,0,1,1,0,0,ok,33a385ca49d55a03
0,1,0,,0,0,0,0,0,ok,442f0345cf53528c
10,1,3,0.2,2,9,6,1,2,ok,125a75bb951a5682
12,3,3,0.0,0,15,8,3,0,ok,b6dd17d6f59f58cc
16,0,3,0.25,4,4,12,0,3,ok,aa55bdd2568759f4
5,0,0,0.0,0,2,5,0,0,ok,086696891d53507b
13,0,1,0.15384615384615385,2,0,5,0,1,ok,586b01fede1155b5
0,0,0,,0,3,0,0,0,ok,8dcaa5c2ab0351d0
13,0,0,0.0,0,0,2,0,0,ok,4fec21aa84bb5b2a
16,3,3,0.125,2,13,15,3,0,ok,228fda589796597e
16,0,2,0.125,2,0,6,0,2,ok,6463d39ed9745e0d
8,0,1,0.125,1,0,4,0,1,ok,d968f9c81b945be1
3,0,1,0.3333333333333333,1,0,1,0,1,ok,6e840c561bdf55e7
0,0,0,,0,0,0,0,0,ok,9fc71aa0de6c5182
16,0,0,0.0,0,2,8,0,0,ok,3a0916b93da7551b
10,9,9,0.0,0,31,2,9,0,ok,3fffd1404400505c
16,1,2,0.0625,1,5,2,1,1,ok,5426cd1f10ed5a6d
15,0,1,0.06666666666666667,1,1,4,0,1,ok,b326ddb07a0c514e
16,0,0,0.0,0,0,1,0,0,ok,942b9e8ec5935702
9,0,0,0.0,0,0,1,0,0,ok,737dfeb5e68151af
16,2,3,0.0625,1,3,5,1,1,ok,d16eb0aff274547d
11,0,1,0.18181818181818182,2,0,1,0,1,ok,be02fd90e3715f9b
14,1,1,0.0,0,2,2,1,0,ok,90c3b25545cf54f9
11,2,3,0.09090909090909091,1,16,11,1,1,ok,6190d413cc48594f
8,2,2,0.125,1,23,4,2,0,ok,24468c9569055ce0
0,0,0,,0,0,2,0,0,ok,c9529a53764554b3
16,0,0,0.0,0,5,12,0,0,ok,65eee8a4e6d05b1e
12,11,12,0.08333333333333333,1,30,3,11,1,ok,a8d0c696506c561b
0,0,0,,0,0,0,0,0,ok,a7aec6d041ac56f6
0,0,0,,0,1,1,0,0,ok,fba66a7b1019517c
7,0,0,0.14285714285714285,1,1,1,0,0,ok,9c471864f4f05a30
0,0,0,,0,1,0,0,0,ok,be022822eb985468
0,0,0,,0,1,0,0,0,ok,6ff6b419fd005fb9
14,0,0,0.0,0,0,3,0,0,ok,0b482c15ed345021
16,0,0,0.0,0,2,2,0,0,ok,e47bb731fa355648
5,7,7,0.0,0,17,4,7,0,ok,2733dbe5ed1b5bdc
4,6,6,0.0,0,8,1,6,0,ok,001a2afdeea15b0c
16,0,0,0.0,0,0,0,0,0,ok,b3749269b8875267
8,0,0,0.0,0,0,3,0,0,ok,84ef5d2c5dca50d8
16,0,0,0.0625,1,0,4,0,0,ok,044f9c0165705c86
12,1,1,0.08333333333333333,1,6,4,1,0,ok,1c6acfb712635f17
8,0,1,0.125,1,3,6,0,1,ok,a90f07f3be0c5f50
12,1,3,0.25,3,7,4,1,2,ok,7f0c4fae61b75bc9
16,0,4,0.3125,5,0,9,0,4,ok,568d2216bf295985
16,0,1,0.125,2,0,3,0,1,ok,259d4a84fb445a35
9,3,2,0.0,0,13,9,2,0,ok,30ecaae6c47e58b1
16,0,0,0.0,0,0,5,0,0,ok,3b9bcaafbe0a5fb1
16,0,0,0.0,0,0,4,0,0,ok,1c03983d6b125a0b
16,0,1,0.0625,1,5,10,0,1,ok,a3febc6fa2bf570d
6,0,0,0.0,0,0,1,0,0,ok,095d84b2259156b2
6,0,1,0.16666666666666666,1,1,2,0,1,ok,56d080d40595518f
8,0,0,0.0,0,5,2,0,0,ok,b448bb7e828558e9
14,1,2,0.14285714285714285,2,9,5,1,1,ok,e7c603b5dbcb528d
8,5,6,0.25,2,10,2,5,1,ok,00f0292c25055516
0,0,0,,0,0,0,0,0,ok,b9ff53e338c752ce
0,2,2,,0,6,1,2,0,ok,c3c98276e1545083
0,0,0,,0,0,0,0,0,ok,e4cf06e98e8b5e8b
13,0,2,0.23076923076923078,3,0,5,0,2,ok,cadaf407bb355e32
16,0,0,0.0625,1,0,0,0,0,ok,6d313808a2ba57ef
6,0,0,0.0,0,0,0,0,0,ok,85239fa6bdb55081
16,0,4,0.25,4,8,12,0,4,ok,af37a2e32a9e510a
16,2,3,0.125,2,11,6,2,1,ok,a09b78f8de935131
16,3,4,0.1875,3,8,7,3,1,ok,fda6a6b5cb065738
16,0,0,0.0625,1,0,3,0,0,ok,146add7dc3045e19
3,0,0,0.0,0,0,4,0,0,ok,d071ec7990285ca4
16,1,1,0.0625,1,4,12,0,1,ok,d4b1d28cb67b5618
16,1,2,0.0625,1,10,16,1,1,ok,e09ab27542905ff0
16,0,1,0.125,2,0,1,0,1,ok,427090648c39506c
4,0,1,0.25,1,0,3,0,1,ok,881dc7595f8858d6
1,2,2,0.0,0,12,0,2,0,ok,9329c78500415e2d
1,0,0,0.0,0,2,2,0,0,ok,5447256f5cb95556
13,1,1,0.0,0,12,4,1,0,ok,eb24afe497495d56
16,0,0,0.0625,1,0,0,0,0,ok,74025a1321ee59a9
2,0,0,0.0,0,1,1,0,0,ok,d4edad00677e52a3
0,0,0,,0,0,0,0,0,ok,d5c8a855e6e95a98
3,0,0,0.0,0,0,1,0,0,ok,c6eccef349115c13
16,0,0,0.125,2,3,3,0,0,ok,da571ce92bbb5464
12,0,0,0.0,0,0,2,0,0,ok,7d4ef52100e652bd
16,0,1,0.0625,1,0,2,0,1,ok,8606947a2d145102
15,0,0,0.0,0,0,3,0,0,ok,5de6515ad23c5813
0,0,0,,0,0,3,0,0,ok,542d00678ab25ff2
11,12,13,0.09090909090909091,1,32,4,12,1,ok,4c792a2f4f2f58b3
16,0,2,0.125,2,0,6,0,2,ok,e47e4a2921e2590e
6,0,0,0.0,0,0,2,0,0,ok,8123de18d47a574c
13,0,1,0.07692307692307693,1,0,2,0,1,ok,10d8b09fe1a75d10
16,3,6,0.1875,3,11,17,2,3,ok,903a3cedb48852c2
16,0,1,0.1875,3,0,1,0,1,ok,ae0ce7be3f1a56c5
5,9,10,0.2,1,17,2,9,1,ok,44cddcdf48be5b5f
16,1,2,0.0625,1,8,3,1,1,ok,cc39fe83c69d5823
5,0,0,0.0,0,0,1,0,0,ok,f49e8e7ba0845a4d
10,0,1,0.1,1,1,3,0,1,ok,066d99adb3c45297
11,0,0,0.0,0,0,3,0,0,ok,f19d8494044c579a
16,2,3,0.0625,1,0,11,0,1,ok,3edaf82a78c254cf
15,0,1,0.06666666666666667,1,2,3,0,1,ok,a59a03e970b15b7f
16,1,1,0.0,0,6,3,1,0,ok,bb9854be7ecf52ff
0,0,0,,0,0,0,0,0,ok,99845ced0ac9597d
5,0,1,0.2,1,0,2,0,1,ok,900a47713f8d5fcd
5,1,1,0.0,0,9,5,1,0,ok,668a40f076f25350
16,0,1,0.0625,1,3,5,0,1,ok,ef56938a4a3757e7
0,1,1,,0,2,1,1,0,ok,4bc748e15bcb5190
12,2,2,0.08333333333333333,1,8,6,2,0,ok,bc77be39ab0b5755
6,0,0,0.0,0,3,1,0,0,ok,29605514e14f5a6e
13,0,2,0.3076923076923077,4,0,3,0,2,ok,76808319da625aef
8,0,0,0.0,0,2,3,0,0,ok,bf6158f005f956ae
0,0,0,,0,1,4,0,0,ok,5e76d7b42f735106
8,0,1,0.125,1,0,2,0,1,ok,b718def2adcb5627
10,0,0,0.1,1,3,1,0,0,ok,da03adef981c5e1b
0,0,0,,0,1,1,0,0,ok,a1acdf71250a56b7
14,4,6,0.14285714285714285,2,24,13,3,2,ok,b1a4c099f0a651b3
4,0,0,0.0,0,2,1,0,0,ok,13c6d7a1c5705283
7,0,0,0.0,0,0,2,0,0,ok,d99b5f6125935815
16,4,4,0.0,0,15,31,1,0,ok,c30e9529af165011
1,0,0,0.0,0,0,2,0,0,ok,bd7782371e8556af
0,0,0,,0,0,0,0,0,ok,50c9a87b20aa52db
10,0,0,0.0,0,0,4,0,0,ok,acce123d2ca2536b
10,0,1,0.3,3,0,2,0,1,ok,bb5045d6fb0d5385
4,1,1,0.0,0,1,4,1,0,ok,0318c566fd8d5374
4,0,0,0.0,0,4,3,0,0,ok,de681a4826e35220
10,0,1,0.4,4,0,5,0,1,ok,134b93123dc05abf
4,0,0,0.0,0,1,0,0,0,ok,6caea411e8515c6d
0,0,0,,0,0,0,0,0,ok,24ab77e55cf65e79
16,3,4,0.0625,1,21,3,3,1,ok,f934432999af54a1
10,0,2,0.2,2,4,6,0,2,ok,e0b7fdb38a1c5f83
9,0,2,0.3333333333333333,3,3,6,0,2,ok,9d2a4e29da825d29
15,2,2,0.06666666666666667,1,3,3,1,1,ok,3981f4ee85805983
6,1,0,0.16666666666666666,1,3,3,0,0,ok,9a617d21843d5029
0,0,0,,0,1,1,0,0,ok,b4b88021a0f15cbf
16,0,3,0.1875,3,2,13,0,3,ok,0defc00125465701
14,4,5,0.07142857142857142,1,11,5,4,1,ok,db472b9453725e0a
16,2,5,0.1875,3,8,15,2,3,ok,ca5121c0bef85544
5,11,11,0.0,0,26,1,11,0,ok,3a2ec8c512f55a36
9,7,7,0.0,0,23,1,7,0,ok,3cb5417106275211
11,0,0,0.0,0,0,1,0,0,ok,8b24088ec3685fb2
7,0,0,0.0,0,1,2,0,0,ok,66701fabbe6c5cb6
16,9,13,0.25,4,27,34,7,4,ok,17ce97205ae45038
13,3,3,0.15384615384615385,2,7,0,3,0,ok,3c7fa5c854f055b7
4,2,3,0.25,1,6,1,2,1,ok,961f859277765a51
0,0,0,,0,0,0,0,0,ok,39616c8300d351bc
1,0,0,0.0,0,0,3,0,0,ok,127e3886b5a358ec
6,3,2,0.0,0,14,7,2,0,ok,de838a694ae45384
16,0,0,0.0,0,0,3,0,0,ok,81db38c1ff0951e8
16,0,0,0.0,0,1,0,0,0,ok,31b9177eef125251
16,1,4,0.1875,3,0,9,0,3,ok,a8df512d7e095aa9
2,2,2,0.0,0,5,0,2,0,ok,0e2828776d145644
16,0,1,0.0625,1,0,4,0,1,ok,5de7ba347cd55625
16,1,2,0.0625,1,3,18,1,1,ok,996c9ac6aa445201
2,0,1,0.5,1,0,3,0,1,ok,0a9fe9fb3d405a3e
7,0,0,0.0,0,0,5,0,0,ok,115f27a8233850c9
16,0,3,0.1875,3,0,6,0,3,ok,a9a997fa49af58be
16,0,2,0.125,2,0,4,0,2,ok,3dfaae68e33953f5
2,0,0,0.0,0,0,3,0,0,ok,e38f2b1b522e52b8
0,0,0,,0,0,0,0,0,ok,7551708494925566
9,0,0,0.0,0,1,3,0,0,ok,960319b8c6d75fc4
9,9,9,0.0,0,12,2,9,0,ok,e2ebe600f1b6537f
0,0,0,,0,0,0,0,0,ok,a7e3540fd6e65ba6
5,0,0,0.2,1,0,3,0,0,ok,476cf7eceefd5e30
16,0,4,0.3125,5,0,7,0,4,ok,74383d7e84ed57b5
13,1,1,0.0,0,0,4,0,0,ok,f3669ecee377591d
8,0,1,0.125,1,4,3,0,1,ok,eb3fef3d986a5f2c
0,0,0,,0,0,0,0,0,ok,424ef56206615c99
16,0,1,0.0625,1,0,4,0,1,ok,ee28fa309b8b5c22
16,1,6,0.3125,5,13,14,1,5,ok,63995b852477504c
16,5,4,0.0625,1,11,4,4,0,ok,53da4ea632ab5a66
6,0,0,0.0,0,3,4,0,0,ok,2663d49b62625be7
2,0,0,0.0,0,1,1,0,0,ok,47fc4cd82c45583c
2,0,0,0.0,0,2,0,0,0,ok,8dd2b07585ac5e4d
9,0,0,0.0,0,1,5,0,0,ok,ce780be63363524d
12,0,0,0.0,0,0,4,0,0,ok,88be11efd25e543f
10,7,7,0.0,0,28,14,7,0,ok,bb3d58b71aa05d68
16,0,0,0.0625,1,0,2,0,0,ok,723b759fbe6d5744
0,0,0,,0,0,1,0,0,ok,7bf1b1d058ce5066
2,0,0,0.0,0,0,2,0,0,ok,345b8521e4dc554b
2,0,0,0.0,0,0,1,0,0,ok,809cd503eb61563d
16,3,10,0.4375,7,16,39,3,7,ok,1bc80ed3214e520c
15,0,0,0.06666666666666667,1,1,1,0,0,ok,82fb2f56058a53d6
3,0,0,0.0,0,0,2,0,0,ok,ae5dd82119b1570a
16,4,11,0.4375,7,26,42,3,7,ok,6082348bc45553c5
16,0,0,0.125,2,6,3,0,0,ok,58453b2ef7665465
4,3,2,0.0,0,7,4,2,0,ok,e45bd9dce6af5ac1
0,0,0,,0,0,1,0,0,ok,c9d55ef7bafa5f71
15,0,0,0.0,0,0,4,0,0,ok,ddf979fc943952a1
16,0,0,0.0625,1,0,3,0,0,ok,aa43ca401668511c
6,1,1,0.0,0,7,7,1,0,ok,f84d997f4632592b
7,0,3,0.42857142857142855,3,0,3,0,3,ok,d92a455cc6b256cf
6,4,4,0.0,0,15,6,4,0,ok,976fc9354c3550ef
16,0,2,0.25,4,6,12,0,2,ok,e91eb1f218f4576c
7,1,1,0.0,0,15,7,1,0,ok,b5c906cdb5fd5cd4
10,1,2,0.1,1,5,3,0,1,ok,a14502a4a26f5608
16,0,1,0.125,2,5,4,0,1,ok,7861691491545e01
8,0,0,0.125,1,0,3,0,0,ok,9deb0daa15615cf0
0,0,0,,0,5,0,0,0,ok,8dae70df8156509a
0,0,0,,0,0,0,0,0,ok,eb20bffeb7eb531b
6,0,0,0.0,0,2,1,0,0,ok,cbebf261c11e5932
0,0,0,,0,0,0,0,0,ok,c6dabb1f9e975bb9
3,1,1,0.0,0,2,1,1,0,ok,fd02696550f0560d
0,1,1,,0,1,0,1,0,ok,99ed3bfe417b5beb
4,0,0,0.0,0,2,1,0,0,ok,56411fea32f55cd9
9,12,12,0.0,0,20,8,12,0,ok,5ae5ea00a6a85ad1
0,0,0,,0,1,0,0,0,ok,ebf2f27a824d52b5
0,0,0,,0,0,0,0,0,ok,be4bbeb20ada5c7e
16,0,0,0.0,0,0,4,0,0,ok,682015a0ab3153dd
16,0,0,0.0,0,0,3,0,0,ok,ad1a1314b68e5e4d
16,0,0,0.0,0,1,5,0,0,ok,18caa25c2a115f0a
11,0,1,0.09090909090909091,1,0,3,0,1,ok,d6df7d620482546c
0,0,0,,0,0,0,0,0,ok,b3062d09fd9c5187
7,0,1,0.14285714285714285,1,0,5,0,1,ok,8e9b21b5284d5165
0,0,0,,0,3,0,0,0,ok,4df6d1c668375c88
14,0,0,0.0,0,0,6,0,0,ok,051761a0b5035440
16,20,20,0.0,0,32,4,20,0,ok,3ad5bfc3153a5b9b
4,0,1,0.5,2,0,3,0,1,ok,6d19d61bdb2e59fd
9,0,0,0.2222222222222222,2,0,4,0,0,ok,b8a7c9d138a7584e
16,0,0,0.25,4,4,5,0,0,ok,c89fbfd481825a44
7,0,0,0.0,0,1,0,0,0,ok,0d6569cffbad5c8c
8,0,0,0.0,0,3,1,0,0,ok,f2a1f6b34b9c50b2
11,0,0,0.09090909090909091,1,2,1,0,0,ok,46bc0dddba1559ac
0,0,0,,0,0,1,0,0,ok,b7138441093f5773
16,0,1,0.0625,1,0,5,0,1,ok,171d11ac988158ee
6,0,0,0.0,0,0,3,0,0,ok,08a4e9332e3c58c7
13,0,0,0.0,0,5,3,0,0,ok,8ff30ef7909d5b19
16,0,1,0.0625,1,0,3,0,1,ok,40be9ab33b205238
0,0,0,,0,0,0,0,0,ok,608983448c895b8a
15,0,4,0.26666666666666666,4,0,7,0,4,ok,3454b458000756ab
0,0,0,,0,0,1,0,0,ok,6663ee66bfd85604
15,0,1,0.2,3,3,2,0,1,ok,6c437e4cf27056e8
16,0,2,0.125,2,2,3,0,2,ok,78a2916ec90e55d3
16,0,0,0.0,0,2,0,0,0,ok,a92c0f0756145010
0,0,0,,0,0,0,0,0,ok,91969f18d918548d
16,0,0,0.0,0,0,5,0,0,ok,3322fb7246895c90
9,0,1,0.1111111111111111,1,3,4,0,1,ok,c2858818400e56f1
2,1,1,0.0,0,6,4,1,0,ok,628149ba38b15eb8
16,0,1,0.0625,1,0,5,0,1,ok,e4844efa233d57ff
4,0,1,0.25,1,0,4,0,1,ok,f22f2c1f70255dd5
4,0,0,0.0,0,8,3,0,0,ok,ed2474b34f595e07
13,0,0,0.0,0,2,0,0,0,ok,e451950324435385
16,2,4,0.125,2,0,14,0,2,ok,8fe6aa411d2350f4
9,0,0,0.0,0,0,1,0,0,ok,8ad8a22bf2285639
14,0,0,0.0,0,1,14,0,0,ok,87e1eb3175c75146
16,2,2,0.0,0,8,6,2,0,ok,0b7ed729c61e5012
0,0,0,,0,0,0,0,0,ok,a1d0dbc66ddf514a
0,0,0,,0,0,0,0,0,ok,9629af9f1f015a3e
0,0,0,,0,1,0,0,0,ok,42e447249a585acb
0,0,0,,0,0,0,0,0,ok,c9cce228f35b5211
7,0,1,0.14285714285714285,1,8,4,0,1,ok,1ee929af6a0752ad
16,0,1,0.0625,1,0,2,0,1,ok,9e26ef7cc7a3518b
16,0,3,0.25,4,0,5,0,3,ok,c7a5336013dc57b9
16,0,0,0.0,0,3,2,0,0,ok,603cc6566e34512a
0,0,0,,0,1,0,0,0,ok,bf4fa0d25bcc5b48
16,0,1,0.125,2,0,5,0,1,ok,a1bef622fb0e56dd
16,2,2,0.0625,1,6,2,2,0,ok,f1a01491c500577c
16,0,0,0.0625,1,3,7,0,0,ok,e4ce2f21500d57e6
11,2,4,0.2727272727272727,3,12,7,2,2,ok,49f6a300ffe755b4
12,5,9,0.3333333333333333,4,8,6,5,4,ok,e49c2e5aa12756ee
5,1,0,0.0,0,4,2,0,0,ok,ec452a6d5f1c5740
16,1,1,0.0,0,5,4,1,0,ok,7a2fd034a53850e7
12,0,0,0.08333333333333333,1,1,6,0,0,ok,a75d642049ef528d
10,7,8,0.1,1,31,4,7,1,ok,be597aec7a8a578a
5,0,0,0.0,0,6,4,0,0,ok,cd5a176092105edd
16,0,0,0.0,0,4,4,0,0,ok,e3f13ddf42bb5ff8
8,5,5,0.125,1,10,3,5,0,ok,644c99a97768565d
16,1,1,0.125,2,4,13,0,1,ok,8ee6192498bf598b
16,0,0,0.0625,1,2,4,0,0,ok,b032804293d8568f
16,0,1,0.125,2,0,3,0,1,ok,1f89fa2a3bf15cfd
15,0,1,0.06666666666666667,1,0,7,0,1,ok,7543fb2f2dcf5c7e
9,0,0,0.0,0,0,1,0,0,ok,6479c46f5d105f85
9,0,1,0.1111111111111111,1,0,2,0,1,ok,45d56dfdf7505467
16,0,0,0.0,0,0,10,0,0,ok,967b8abccc6a5e02
0,0,0,,0,0,0,0,0,ok,2e8e3e879d84578c
10,0,0,0.0,0,0,3,0,0,ok,9e1085510eac5694
1,0,0,0.0,0,0,0,0,0,ok,07016bb9ad8d56c5
0,0,0,,0,0,0,0,0,ok,e0c4fe4b5573517c
16,0,0,0.0625,1,0,5,0,0,ok,ec3a42b89969597a
16,0,0,0.0,0,0,4,0,0,ok,203171f07bff5865
10,0,1,0.1,1,5,5,0,1,ok,5324af80babd5dbf
8,0,0,0.0,0,0,5,0,0,ok,c4d487cd375d5060
6,3,3,0.0,0,17,3,3,0,ok,38338bfc6df35e36
10,0,0,0.0,0,0,1,0,0,ok,f472c2f08bf0592d
16,0,1,0.0625,1,2,6,0,1,ok,9fb2208eaeeb5a13
16,0,1,0.0625,1,1,4,0,1,ok,d488280736095b2c
7,0,0,0.0,0,0,2,0,0,ok,6bd67694b37554f2
16,0,0,0.0,0,1,8,0,0,ok,4cef60b9e10150f0
16,1,4,0.25,4,8,8,1,3,ok,a89cbd14ba3d5cce
3,0,0,0.0,0,0,1,0,0,ok,85d6157c6df85697
16,0,0,0.0,0,2,1,0,0,ok,49578c85ce7652e8
4,0,0,0.0,0,2,2,0,0,ok,ca0f11ba1bba5782
0,2,0,,0,1,0,0,0,ok,f6f95ab940645c5e
7,1,1,0.0,0,4,6,1,0,ok,9dc489d952295144
13,13,13,0.0,0,17,5,13,0,ok,2c64ebe8620c5c38
14,0,0,0.0,0,2,9,0,0,ok,9973d039dbb75de4
10,1,2,0.1,1,6,6,1,1,ok,02c09fb892c8591c
16,0,0,0.0,0,1,4,0,0,ok,49b369fb8b5a5a87
10,0,1,0.1,1,3,2,0,1,ok,53302765e07250b9
14,0,0,0.0,0,0,2,0,0,ok,2617f0cd70705817
16,1,3,0.125,2,10,13,1,2,ok,642e66ab50c651c3
9,1,2,0.0,0,0,5,0,1,ok,437b45579ff45adf
16,0,0,0.0,0,0,13,0,0,ok,858aefa5fde15837
8,0,1,0.125,1,0,1,0,1,ok,d65c6672493b5319
0,1,1,,0,7,0,1,0,ok,5db6070275805617
12,0,0,0.0,0,0,0,0,0,ok,a6d4e139ca3e5838
6,0,0,0.0,0,0,2,0,0,ok,cd157c45174b5a3e
16,6,8,0.1875,3,15,8,6,2,ok,3701b328b9ec5ae9
1,1,1,0.0,0,13,0,1,0,ok,89396b20f76f50de
16,0,1,0.125,2,1,6,0,1,ok,c95d535aa09d56a5
0,0,0,,0,0,1,0,0,ok,d265ea0452685de3
0,0,0,,0,0,1,0,0,ok,27b594c851115c0d
16,0,1,0.0625,1,0,3,0,1,ok,a59384fb4ac45554
16,3,3,0.0625,1,4,7,2,1,ok,4ff633e4deee5286
16,1,2,0.0625,1,0,8,0,1,ok,3e51c079734f53a0
0,0,0,,0,0,1,0,0,ok,e8a66de4291c542f
0,0,0,,0,0,0,0,0,ok,3372d101b86c55c0
0,0,0,,0,0,0,0,0,ok,befc6f1d5a845a41
3,0,0,0.0,0,0,2,0,0,ok,ff7f5d305f815d6c
2,0,0,0.0,0,1,0,0,0,ok,93c28bf49b995ed2
9,0,0,0.1111111111111111,1,0,3,0,0,ok,776a5c0039255be6
9,0,0,0.0,0,0,1,0,0,ok,3d889775605c5875
0,0,0,,0,0,3,0,0,ok,9fe049486481505a
0,0,0,,0,0,1,0,0,ok,3f61556d62c75c2f
0,0,0,,0,0,0,0,0,ok,234992a51f715df0
8,0,0,0.25,2,1,3,0,0,ok,1ac29dbb3dc7570f
8,1,1,0.0,0,18,4,1,0,ok,c2e92ac4a65456cd
5,0,0,0.0,0,0,2,0,0,ok,1c838161da32513a
0,0,0,,0,0,2,0,0,ok,bc1cbb590e865ad5
16,1,1,0.125,2,0,4,0,1,ok,4ebe5ee4044556cb
12,9,9,0.0,0,21,3,9,0,ok,69a055c74a9a52c7
15,0,1,0.06666666666666667,1,0,6,0,1,ok,c72630f2fa67575a
5,6,6,0.2,1,10,0,6,0,ok,1484010ad62359f7
5,3,3,0.0,0,8,3,3,0,ok,713bde7c55e25657
9,7,7,0.1111111111111111,1,16,2,6,1,ok,87c0f6a8b6cb57bf
10,0,1,0.1,1,9,3,0,1,ok,c7540d431b445b5f
0,0,0,,0,0,3,0,0,ok,b386322960ff5784
12,0,2,0.16666666666666666,2,0,4,0,2,ok,addde5d861a258e1
16,5,4,0.0625,1,10,8,4,0,ok,b224d8cfa5b25dc0
16,0,1,0.0625,1,1,9,0,1,ok,e5393b3d40dc5bea
6,0,0,0.0,0,2,3,0,0,ok,2616776660245ef6
9,2,4,0.2222222222222222,2,8,5,2,2,ok,3e657470a9925d9d
9,0,0,0.0,0,3,2,0,0,ok,5ef7b8ac08ab5af5
0,0,0,,0,0,1,0,0,ok,81f45d8362935f3e
0,0,0,,0,0,0,0,0,ok,919693223dd45b23
0,0,0,,0,0,0,0,0,ok,70d9d2c73e4155d4
9,0,0,0.0,0,0,1,0,0,ok,6762a97d79da5351
16,0,1,0.0625,1,0,5,0,1,ok,5200a9cea01a567f
16,0,0,0.0,0,0,1,0,0,ok,91a4e11ed7985cba
16,0,1,0.125,2,0,2,0,1,ok,78a204886d555d1f
15,0,0,0.06666666666666667,1,1,3,0,0,ok,6fa5228bb3fb5577
8,0,0,0.0,0,0,1,0,0,ok,cba008a79394520d
2,0,0,0.0,0,0,0,0,0,ok,f1fd6500f2ce51e1
8,1,1,0.0,0,2,3,1,0,ok,879755f92a745775
0,0,0,,0,0,1,0,0,ok,db3777e40ad456c9
1,3,3,0.0,0,9,3,3,0,ok,6b0ff3891db253b3
0,0,0,,0,0,0,0,0,ok,1646bd57594f54e3
13,4,4,0.07692307692307693,1,11,2,4,0,ok,f14a70c89b595bd0
9,1,2,0.1111111111111111,1,1,5,0,1,ok,1f33771b87805d19
13,0,1,0.07692307692307693,1,0,3,0,1,ok,6908529c66fb5a6c
7,3,2,0.0,0,5,6,2,0,ok,e178be056fba5dd7
16,0,0,0.0625,1,0,4,0,0,ok,871679b2f1475b5a
16,4,4,0.25,4,12,5,4,0,ok,2ae5896a3e1e5185
10,0,1,0.1,1,0,2,0,1,ok,b799f36b84d65052
16,0,3,0.1875,3,0,7,0,3,ok,2d2c0119668e528f
2,11,11,0.0,0,19,6,11,0,ok,e624c8f55354573a
6,3,3,0.16666666666666666,1,8,2,3,0,ok,6f8a55a090915ade
0,0,0,,0,1,0,0,0,ok,b0a71c204a115d5e
11,2,3,0.09090909090909091,1,24,6,2,1,ok,e9ab62bbba185d1e
0,0,0,,0,0,0,0,0,ok,dcca4e41d64251e6
0,0,0,,0,0,0,0,0,ok,eb03607cba915179
12,0,0,0.0,0,0,5,0,0,ok,9e4580be85965fb6
3,0,0,0.6666666666666666,2,0,3,0,0,ok,ea0058d6c5f75344
5,0,0,0.2,1,0,0,0,0,ok,cba82636e6805ece
7,0,2,0.2857142857142857,2,0,3,0,2,ok,6fb34dd41fa45270
15,3,4,0.13333333333333333,2,3,4,2,2,ok,670a64f8ef7f5a76
16,0,1,0.0625,1,5,1,0,1,ok,88836154d942536e
16,1,1,0.0,0,0,4,0,0,ok,548d45460aaf5e4f
11,1,1,0.0,0,4,4,1,0,ok,8e65e743b08d5129
14,0,0,0.0,0,0,9,0,0,ok,25a63f16a66b5fd1
12,0,0,0.0,0,0,1,0,0,ok,d8acf9a059df5772
12,5,2,0.16666666666666666,2,11,1,2,0,ok,c39012159f4c5fae
13,0,0,0.07692307692307693,1,11,7,0,0,ok,e9315e00dcb55b47
1,0,0,0.0,0,0,3,0,0,ok,e95fddfb21d15322
16,3,4,0.125,2,8,5,3,1,ok,8ad76d373036584a
16,0,0,0.0,0,0,4,0,0,ok,f459aaff76345728
0,0,0,,0,1,1,0,0,ok,6b73befb9f235de6
16,4,6,0.1875,3,10,27,3,2,ok,86d28bf47ced5e2a
16,4,4,0.0,0,1,11,0,0,ok,fa1377f481c853f4
16,5,5,0.125,2,11,3,5,0,ok,433f9e40800551fb
11,0,2,0.2727272727272727,3,0,3,0,2,ok,eda2bf5f11835e18
16,1,2,0.0625,1,1,17,0,1,ok,e01fb433c5ea56b3
16,0,1,0.0625,1,0,5,0,1,ok,553fcb40c859561c
16,0,1,0.0625,1,1,4,0,1,ok,398ab518130a5eda
15,1,1,0.06666666666666667,1,0,6,0,0,ok,16093ba31b295cdd
0,2,2,,0,19,0,2,0,ok,abf4c21bb1db5130
16,0,0,0.0,0,0,7,0,0,ok,07ebca567afd53ee
0,0,0,,0,0,0,0,0,ok,89c343f76d70521e
2,1,1,0.0,0,8,8,1,0,ok,bcc80106302259b1
16,0,0,0.0,0,0,3,0,0,ok,e2caa781234f53b3
0,0,0,,0,0,0,0,0,ok,68f3beae8cd25dba
16,0,1,0.0625,1,0,5,0,1,ok,8b5007cc14865c70
0,0,0,,0,1,4,0,0,ok,fa3d7a55610a519b
13,0,1,0.15384615384615385,2,0,5,0,1,ok,b5d0f584a36b573e
16,1,3,0.125,2,4,7,0,2,ok,aa8905ae7daa52b0
0,0,0,,0,0,0,0,0,ok,306b25ff1a5f5174
6,0,0,0.16666666666666666,1,2,2,0,0,ok,e4078a09703d508f
0,0,0,,0,4,1,0,0,ok,757b6b0164b95f03
16,2,2,0.0,0,15,11,2,0,ok,14c3fe8021215ca7
6,0,0,0.0,0,4,1,0,0,ok,f5ce71d182fb51d1
16,0,4,0.1875,3,7,10,0,4,ok,20f8b3cd99ba524a
16,0,1,0.0625,1,0,1,0,1,ok,ead7dfe0b0195908
16,0,0,0.0,0,0,4,0,0,ok,31c043e1d9a050a7
12,1,1,0.0,0,6,2,1,0,ok,eafe861b129a559d
15,0,0,0.0,0,0,3,0,0,ok,f19defc604475668
0,0,0,,0,0,0,0,0,ok,13e44971148f53c3
16,0,2,0.125,2,0,2,0,2,ok,c1b9f8db2f1c593d
14,0,1,0.07142857142857142,1,0,4,0,1,ok,a64a923bc2fb507d
4,0,0,0.0,0,0,1,0,0,ok,40b40889390e533b
12,0,2,0.16666666666666666,2,0,2,0,2,ok,a493dd3ced41573d
9,4,4,0.1111111111111111,1,13,3,3,1,ok,b5d700bf6acc5778
5,0,0,0.0,0,0,0,0,0,ok,653c3343e5e551c0
2,2,2,0.0,0,10,0,2,0,ok,a2427ec82b7e530d
3,0,0,0.0,0,0,2,0,0,ok,9d2abed2415f5bd4
6,0,0,0.0,0,1,3,0,0,ok,7779ef9a0891582f
16,2,4,0.125,2,12,19,2,2,ok,f2f81de0c83a58e7
0,2,2,,0,3,0,2,0,ok,f553fcfa90f95bb1
13,0,1,0.07692307692307693,1,4,5,0,1,ok,73510b3908935cc0
16,0,0,0.0,0,0,5,0,0,ok,2e4489de40d0574c
1,0,0,0.0,0,3,0,0,0,ok,440e295a18a4575e
9,7,9,0.2222222222222222,2,25,3,7,2,ok,7b9e27de90f95b43
16,0,0,0.0625,1,1,3,0,0,ok,d3d7a618c6af5b7f
14,0,1,0.07142857142857142,1,0,5,0,1,ok,fff8bf80d5595fc5
8,0,0,0.0,0,0,1,0,0,ok,b9dd64b26ae15358
10,0,0,0.1,1,0,4,0,0,ok,959a331b4b425e04
4,0,0,0.0,0,4,2,0,0,ok,279b5aeac6e45cf9
3,1,1,0.0,0,6,2,1,0,ok,14cf795a443d5377
16,0,1,0.125,2,0,3,0,1,ok,9002015f14765627
16,0,2,0.4375,7,0,5,0,2,ok,2167042b13e15272
8,0,0,0.0,0,1,1,0,0,ok,827c512974395519
5,0,1,0.2,1,1,5,0,1,ok,84dbf0b376b95d38
0,0,0,,0,1,0,0,0,ok,cd6b81fea6f15253
8,0,0,0.0,0,0,1,0,0,ok,3dea2059fe1054ed
0,0,0,,0,0,0,0,0,ok,900cc47ff8df5740
16,0,1,0.0625,1,1,4,0,1,ok,239662adc668577d
0,0,0,,0,0,0,0,0,ok,59f3be62091959fd
9,2,2,0.0,0,6,5,2,0,ok,a41868bd33965e78
13,0,1,0.07692307692307693,1,0,2,0,1,ok,24905cc0f71a533b
6,1,1,0.0,0,9,4,1,0,ok,9d4b8f390ea75a8c
0,0,0,,0,1,0,0,0,ok,2984609e02105b23
13,0,0,0.0,0,1,4,0,0,ok,9d1684934cce5a34
0,0,0,,0,0,1,0,0,ok,5a8df589a8045178
16,0,1,0.625,10,11,4,0,1,ok,99fd44aa1bcb5b07
0,1,1,,0,10,0,1,0,ok,de805a999b645620
0,0,0,,0,0,0,0,0,ok,03fc1340b69b5b16
14,0,1,0.21428571428571427,3,0,1,0,1,ok,4d2c5e3fd3995465
6,1,0,0.16666666666666666,1,0,1,0,0,ok,6942d9a8617955c4
13,0,0,0.0,0,0,2,0,0,ok,b49dc5b1b3ee5b4b
14,0,0,0.07142857142857142,1,0,1,0,0,ok,7e60d2df0fe75f4d
12,0,0,0.0,0,0,4,0,0,ok,9d56ff07f1b15582
7,4,5,0.14285714285714285,1,7,5,4,1,ok,189e3e08f5b3549d
0,0,0,,0,0,0,0,0,ok,d5823bc8931c5694
0,0,0,,0,1,0,0,0,ok,1e065805848b519d
0,0,0,,0,0,0,0,0,ok,1dc50618b4de5bf7
8,9,9,0.0,0,37,2,9,0,ok,bdf86c8de1d95271
12,0,1,0.08333333333333333,1,2,6,0,1,ok,94dbae4671e15ec8
13,0,1,0.07692307692307693,1,2,4,0,1,ok,2b0d98943d9e5922
16,4,3,0.1875,3,15,2,3,0,ok,cdcb8b5576cf5f16
16,1,2,0.0625,1,5,7,1,1,ok,e95b87586dc1546c
10,9,11,0.2,2,21,2,9,2,ok,13dfac6f617152ab
2,0,1,0.5,1,0,1,0,1,ok,61eb62ba74395558
13,0,1,0.15384615384615385,2,0,5,0,1,ok,4b21b09fce9d50fa
12,1,3,0.16666666666666666,2,10,4,1,2,ok,5ee42563fff65c1c
14,2,1,0.07142857142857142,1,11,9,1,0,ok,69e884652aba5a09
6,0,0,0.0,0,0,2,0,0,ok,1011efc2218a5445
9,0,0,0.2222222222222222,2,3,4,0,0,ok,b647ac1400e255b6
4,0,0,0.0,0,2,2,0,0,ok,bb701cba9da9508e
9,0,1,0.2222222222222222,2,0,3,0,1,ok,b15cc9f9a34250e8
16,0,0,0.0,0,3,3,0,0,ok,b3d0afab8d5b5da3
2,0,0,0.0,0,0,2,0,0,ok,6ab3b0050b7d5bf9
11,2,2,0.0,0,12,10,2,0,ok,9f24665b624b53b3
13,0,0,0.0,0,6,2,0,0,ok,984bb308fe055a53
11,0,0,0.0,0,1,1,0,0,ok,20ebb5ea09fc57d2
13,0,1,0.15384615384615385,2,2,4,0,1,ok,3fedb4fe8e1f54c2
7,0,1,0.14285714285714285,1,0,1,0,1,ok,138f24965e725e24
3,0,1,0.3333333333333333,1,0,2,0,1,ok,3b90503fafab5592
16,0,0,0.0,0,0,5,0,0,ok,703d2b73c7005000
0,2,2,,0,10,1,2,0,ok,c31674941f9b51b5
16,0,1,0.0625,1,0,10,0,1,ok,34e3daeb4826524b
3,0,0,0.0,0,0,1,0,0,ok,a215fb05ac195f2d
16,0,0,0.0625,1,0,11,0,0,ok,5d306b06568e54ec
0,0,0,,0,0,1,0,0,ok,93fa9f4894955c8e
2,6,6,0.0,0,12,2,6,0,ok,0bc84b25dca555ab
10,4,3,0.1,1,5,3,3,0,ok,f53a0649d6cf5235
2,0,0,0.0,0,0,4,0,0,ok,2a7ba391d8a75ac4
0,0,0,,0,1,1,0,0,ok,11e75aa566b754c5
15,0,0,0.0,0,1,0,0,0,ok,fc6e8350d30c5804
0,0,0,,0,4,3,0,0,ok,8b800af555d35794
16,0,0,0.0,0,0,3,0,0,ok,e677d902a25b5466
0,0,0,,0,0,0,0,0,ok,a4c3cf9db4c855ab
0,0,0,,0,0,0,0,0,ok,c6d907d25f8f54ac
3,0,0,0.0,0,0,1,0,0,ok,dc60c83cd94f5d99
0,0,0,,0,1,0,0,0,ok,f6f042340e6b5739
16,0,2,0.1875,3,0,4,0,2,ok,2a9bf054672c5e63
11,2,1,0.0,0,3,4,1,0,ok,a16361a554d656ba
16,0,1,0.0625,1,1,3,0,1,ok,5b7031c18af35b8c
3,0,0,0.0,0,0,1,0,0,ok,0c4070e1fdd75896
1,4,2,0.0,0,15,5,2,0,ok,91ffeacfc0715c66
4,0,0,0.0,0,0,2,0,0,ok,9c7944422a8552d3
3,0,0,0.0,0,3,0,0,0,ok,7230ddaa81df55d1
7,0,0,0.14285714285714285,1,0,2,0,0,ok,eb79b593719b5ed0
0,0,0,,0,0,0,0,0,ok,f47238e6996453d4
4,0,1,0.25,1,0,1,0,1,ok,fcdef68759245ea8
12,0,2,0.25,3,0,3,0,2,ok,0b81b8620cbd5832
6,0,1,0.16666666666666666,1,0,1,0,1,ok,a00d7ed16bf15d91
2,0,0,0.0,0,0,1,0,0,ok,54d869caec865165
6,2,2,0.0,0,5,0,2,0,ok,b1c1c22512855dc2
0,0,0,,0,1,2,0,0,ok,09fe7e0b70725a43
0,0,0,,0,0,0,0,0,ok,a66aa6d147985058
12,0,0,0.0,0,0,3,0,0,ok,ace1efdf113a52ba
16,5,10,0.3125,5,5,41,1,5,ok,51f990470dfa550d
0,0,0,,0,1,1,0,0,ok,75c3f43863695474
4,0,0,0.0,0,0,1,0,0,ok,053ece19ee1c5b4a
8,0,0,0.125,1,5,11,0,0,ok,5b3402a71a9658e5
0,0,0,,0,0,0,0,0,ok,1c154adadd295f19
9,0,0,0.1111111111111111,1,0,2,0,0,ok,4b7853796afe589b
11,0,0,0.09090909090909091,1,4,1,0,0,ok,ebd6ba4a5901589d
16,0,0,0.0,0,7,13,0,0,ok,391a8b97393258f8
0,0,0,,0,0,0,0,0,ok,b865c247db0e5509
9,3,4,0.4444444444444444,4,5,3,3,1,ok,2473eea4598f5196
16,0,1,0.0625,1,1,2,0,1,ok,edd0d54e34f05a68
0,0,0,,0,6,0,0,0,ok,e0e417c768bb58e6
13,0,0,0.0,0,0,3,0,0,ok,f12d3a09737354bf
16,0,1,0.0625,1,2,7,0,1,ok,a412c413c93e5faa
6,0,1,0.3333333333333333,2,9,6,0,1,ok,3e27d7b7c15f557c
0,0,0,,0,0,0,0,0,ok,f839012026d3543b
5,0,0,0.0,0,5,0,0,0,ok,94e388d2915b51fc
11,0,0,0.09090909090909091,1,0,1,0,0,ok,cf3efa9a4bb15419
11,1,3,0.18181818181818182,2,1,6,1,2,ok,b48d42f9184f560e
0,0,0,,0,0,0,0,0,ok,7592a60634a65972
1,2,2,0.0,0,8,3,2,0,ok,e4d988c574b55ba7
16,1,2,0.0625,1,1,4,0,1,ok,cabbb425f8d25eb4
16,0,0,0.125,2,0,4,0,0,ok,e1c7adbe56555053
16,0,1,0.1875,3,0,7,0,1,ok,0782728210475f93
16,0,2,0.125,2,0,5,0,2,ok,7d9f11dac1c855c1
16,0,3,0.25,4,0,7,0,3,ok,9f64bdb900585e9c
2,0,0,0.5,1,0,0,0,0,ok,df736821b07450ce
2,0,0,0.0,0,6,2,0,0,ok,ae081ce3495950fa
16,0,1,0.0625,1,0,2,0,1,ok,a1ff238386035df6
0,0,0,,0,1,1,0,0,ok,b8345ae81aef53ec
0,0,0,,0,3,0,0,0,ok,17a65ce5a2c35908
16,10,10,0.0,0,31,6,10,0,ok,2912c40b57b65852
16,0,0,0.0,0,1,2,0,0,ok,d19a0a6d07a65c71
12,0,0,0.0,0,0,3,0,0,ok,c9daff15554e5a42
0,0,0,,0,0,1,0,0,ok,edce6c5c52a95904
0,1,1,,0,3,1,1,0,ok,d5f799cdf6b95560
6,0,0,0.0,0,6,1,0,0,ok,0bd1433c59fb5edd
0,0,0,,0,0,2,0,0,ok,f30c0dd740115ee3
4,0,0,0.0,0,2,3,0,0,ok,707027735fc559bc
13,5,6,0.07692307692307693,1,21,2,5,1,ok,1726d0b5e5675f70
16,0,0,0.0,0,1,2,0,0,ok,f351710c1fab576d
16,0,1,0.0,0,0,7,0,1,ok,d67d809875c05797
6,11,12,0.16666666666666666,1,28,7,11,1,ok,adad39dae3295a9f
0,0,0,,0,1,2,0,0,ok,857187a7c3235065
3,0,0,0.0,0,1,1,0,0,ok,0cd0f910a70653bb
9,0,0,0.0,0,1,2,0,0,ok,6f98b7be697050ed
16,1,1,0.0625,1,10,4,1,0,ok,c7609191893b5cff
1,3,3,0.0,0,5,1,3,0,ok,895aed4fb51d57d8
7,3,3,0.0,0,19,18,3,0,ok,c0e8dda40bd15552
12,0,0,0.08333333333333333,1,7,2,0,0,ok,5fc3fc51c1755607
11,0,0,0.0,0,0,4,0,0,ok,bcd8f326aecc53f8
15,0,2,0.13333333333333333,2,0,5,0,2,ok,14323d6354d35bf5
1,0,0,0.0,0,0,1,0,0,ok,1973c422281b5011
15,5,5,0.06666666666666667,1,30,4,4,1,ok,501037647ddf5cc6
15,1,2,0.2,3,9,6,1,1,ok,105f6c92b5ba5116
0,0,0,,0,0,0,0,0,ok,d6e5004c1ac85d13
11,0,0,0.18181818181818182,2,0,4,0,0,ok,6e4d6c4aa1195a05
9,0,0,0.1111111111111111,1,1,1,0,0,ok,e10cd00240ce5253
0,0,0,,0,0,0,0,0,ok,cf54654960095d77
16,1,1,0.0,0,6,3,1,0,ok,b44e77135ff25d5e
0,0,0,,0,0,0,0,0,ok,e3b6424c67ca5011
8,8,5,0.25,2,6,4,4,1,ok,8839e2d8a42c5a83
12,0,0,0.0,0,0,2,0,0,ok,f5182343a422559d
9,3,4,0.1111111111111111,1,12,7,3,1,ok,467c80ac89f85400
13,0,2,0.23076923076923078,3,0,5,0,2,ok,b9a02687cf535637
10,0,0,0.0,0,0,0,0,0,ok,da3b8c4a4afe545c
0,0,0,,0,1,2,0,0,ok,1d1de618da735e00
15,1,1,0.06666666666666667,1,7,4,1,0,ok,e3e31a78d4605ef5
8,1,1,0.0,0,6,5,1,0,ok,a5b4f0143fc5530d
16,2,3,0.125,2,3,3,2,1,ok,351c02cb26ec596b
8,1,1,0.125,1,1,3,1,0,ok,745b6f98ca145261
0,0,0,,0,0,0,0,0,ok,ad6d64a776b65f6f
14,1,1,0.0,0,13,6,1,0,ok,2cbcc5d13eb9518c
16,1,5,0.3125,5,3,11,1,4,ok,29b749786b325c9e
3,0,0,0.0,0,0,4,0,0,ok,56addcfd9b325ae7
0,4,4,,0,11,2,4,0,ok,8382f0878b565c43
0,1,1,,0,7,0,1,0,ok,96378adcaac759a8
16,0,0,0.0,0,3,4,0,0,ok,a7f50246259557df
16,7,15,0.5,8,10,55,0,8,ok,204308e0a73d5b85
11,1,1,0.0,0,6,6,1,0,ok,992ee583c0b55708
16,0,1,0.1875,3,0,2,0,1,ok,0485def8b3455b8a
7,0,0,0.0,0,1,2,0,0,ok,3b0d981cd64752a4
16,0,0,0.0,0,0,7,0,0,ok,6823a4e1dc3459a5
16,0,0,0.0,0,0,11,0,0,ok,275e612011e85f87
16,4,5,0.0625,1,12,25,0,1,ok,eeb79531efda53c1
0,0,0,,0,0,0,0,0,ok,ba06a93f34a25564
13,0,1,0.07692307692307693,1,0,4,0,1,ok,a5fb311b574f5f2a
5,0,1,0.2,1,2,1,0,1,ok,653634e31a045330
0,0,0,,0,3,0,0,0,ok,a3d8ec77a8fb5ca8
14,0,0,0.0,0,0,2,0,0,ok,c87746ee944f5caf
16,0,1,0.0625,1,1,4,0,1,ok,b98acece9722572c
16,0,1,0.0625,1,6,10,0,1,ok,87a2432221015825
0,1,0,,0,4,4,0,0,ok,9fc7a632624b5579
14,0,0,0.0,0,1,5,0,0,ok,ac90b617a5ed5308
12,2,2,0.0,0,10,3,2,0,ok,a062696a61e75bd5
0,0,0,,0,4,0,0,0,ok,f7220c27239f57f2
5,5,5,0.0,0,11,0,5,0,ok,ef449226269858e2
16,0,0,0.0,0,0,2,0,0,ok,e7e38d23a47f5d98
11,0,0,0.2727272727272727,3,0,4,0,0,ok,3202cf66076a5a15
5,0,0,0.0,0,2,2,0,0,ok,6c0dbda0d8e45ae9
16,1,2,0.0625,1,2,2,1,1,ok,6e58cd3b738d53a1
7,3,2,0.0,0,4,1,2,0,ok,3ea213ad52e453d5
0,0,0,,0,0,0,0,0,ok,e9722092a2e3518f
0,0,0,,0,0,0,0,0,ok,d0b51a02c30a5320
5,0,0,0.0,0,4,0,0,0,ok,0a6a73af598357fa
0,3,2,,0,4,0,2,0,ok,83959b87ed8e5cf4
8,0,0,0.0,0,0,1,0,0,ok,12c1abb41bf15211
3,0,0,0.3333333333333333,1,0,1,0,0,ok,733e43bb319351e2
16,1,4,0.1875,3,10,14,1,3,ok,dd2f55420c6b5764
16,0,0,0.0,0,0,7,0,0,ok,9d07bc8da259553b
0,0,0,,0,0,3,0,0,ok,f43c340c147c5794
11,0,0,0.0,0,1,2,0,0,ok,b763735836bf537a
14,0,0,0.0,0,0,4,0,0,ok,11044926e15a518b
14,4,7,0.21428571428571427,3,9,10,3,3,ok,a026bb7b7b465207
16,1,1,0.0,0,6,1,1,0,ok,f61410ab48415f01
4,1,1,0.25,1,0,3,0,1,ok,b50e792b678557fb
4,0,0,0.0,0,0,9,0,0,ok,1426205a59075764
0,0,0,,0,1,1,0,0,ok,b49eee92468a531e
0,0,0,,0,0,1,0,0,ok,733020d19fbe56ec
7,0,0,0.0,0,2,1,0,0,ok,76a874878e665ab7
0,0,0,,0,0,0,0,0,ok,e0c78be265125eec
2,0,0,0.0,0,0,0,0,0,ok,e834ad7392a3551a
2,0,0,0.0,0,2,3,0,0,ok,76d944be1a685ff3
0,0,0,,0,1,1,0,0,ok,0a8279d024f354cd
16,2,3,0.125,2,7,14,2,1,ok,7bfd7cb5570f5727
0,0,0,,0,2,0,0,0,ok,5927428108d050df
16,0,1,0.0625,1,0,5,0,1,ok,9e642a0dff685b28
4,2,3,0.5,2,10,2,2,1,ok,453f733de7a6516c
16,0,2,0.125,2,2,8,0,2,ok,57f63c98dcc05828
0,0,0,,0,4,0,0,0,ok,2fbabbf4fddc59ea
10,0,0,0.1,1,0,2,0,0,ok,51eea9e6589b5a8d
16,1,2,0.125,2,2,3,1,1,ok,7edf1d53a9e95fd5
11,1,2,0.18181818181818182,2,9,7,1,1,ok,5fa63dcfd9365d19
7,0,0,0.0,0,1,1,0,0,ok,316d9843b7425eed
15,0,1,0.06666666666666667,1,0,1,0,1,ok,b5a04bcfa59d5d8b
16,0,1,0.0625,1,1,7,0,1,ok,a88186235cbe5b70
3,3,3,0.0,0,10,2,3,0,ok,8d76f0a8b3a35128
16,2,2,0.0625,1,6,7,1,1,ok,976f0dfd81985c1a
16,2,2,0.0625,1,12,7,2,0,ok,34a8e07e814b533c
12,0,1,0.25,3,1,3,0,1,ok,9e0ebdfbe5ac524e
15,0,0,0.06666666666666667,1,0,4,0,0,ok,70fa02f22c165317
0,0,0,,0,2,2,0,0,ok,f62b9da0c3175f4e
4,1,2,0.25,1,4,3,1,1,ok,3d97c78fadd25e49
12,4,4,0.0,0,11,13,4,0,ok,a66b5b7ba1e153d7
0,0,0,,0,0,0,0,0,ok,faccc1dc5abc5510
9,0,0,0.0,0,0,3,0,0,ok,87a8a244958a5528
16,0,2,0.1875,3,2,5,0,2,ok,1fcd1c8291e05ac1
10,0,1,0.1,1,5,8,0,1,ok,13c8f75e0389524c
16,2,1,0.0,0,15,13,1,0,ok,9a7fc4d0041650fc
12,0,2,0.16666666666666666,2,0,5,0,2,ok,3270eb7634f65002
0,0,0,,0,0,0,0,0,ok,ca243570021d50dc
16,2,3,0.0,0,5,8,2,1,ok,1ae6d57a21f15239
1,1,1,0.0,0,6,0,1,0,ok,3392b3ecc38c5c63
7,3,3,0.0,0,8,2,3,0,ok,7916a620bbda5059
2,1,1,0.0,0,32,10,1,0,ok,a35ded3bb91a5753
16,0,1,0.0625,1,0,9,0,1,ok,cca3a8efa785503e
15,0,0,0.0,0,0,4,0,0,ok,c41ae603f4ae599f
0,0,0,,0,0,0,0,0,ok,6ae559c8eba05138
5,0,1,0.2,1,1,3,0,1,ok,902ab898add954b3
16,0,1,0.1875,3,0,2,0,1,ok,0e35425d0430567d
2,2,3,0.5,1,9,1,2,1,ok,80f2bdd4902c5246
0,0,0,,0,1,0,0,0,ok,840c0b9df15c5dee
9,0,0,0.0,0,0,0,0,0,ok,ce343b6cf6a355e0
2,5,5,0.0,0,30,17,5,0,ok,fa41e9d2184d5696
0,0,0,,0,4,0,0,0,ok,80b109f3c7705844
3,1,1,0.0,0,1,1,1,0,ok,f083a5d5be4e5302
0,0,0,,0,0,0,0,0,ok,4883f48f74fa553d
7,0,1,0.2857142857142857,2,0,2,0,1,ok,f7ca0b865f98562d
11,1,2,0.18181818181818182,2,4,5,0,2,ok,7bcfd7e7c0695d8e
16,2,2,0.125,2,7,11,1,1,ok,af772938872258f9
8,0,0,0.0,0,0,2,0,0,ok,f98699aeaae9510f
12,0,1,0.08333333333333333,1,0,4,0,1,ok,903b664a07525ef3
0,0,0,,0,0,0,0,0,ok,b37892fd85cd584a
14,0,1,0.07142857142857142,1,0,7,0,1,ok,551ce34d8987503c
13,0,0,0.07692307692307693,1,4,1,0,0,ok,ad4b62d0cffe5765
16,0,2,0.125,2,1,11,0,2,ok,e604f437b22050e8
5,0,1,0.2,1,0,2,0,1,ok,2b6532fcc0a750f6
4,3,3,0.0,0,9,4,3,0,ok,69a249f6a5125d63
16,0,0,0.0,0,0,3,0,0,ok,34cd7186553e5bb5
16,0,1,0.0625,1,1,10,0,1,ok,c40fdc8aa0515473
16,1,1,0.0,0,1,7,0,0,ok,e9e47078b5c65957
0,0,0,,0,0,0,0,0,ok,947d66f0231f503b
16,3,3,0.0,0,2,11,2,0,ok,fc1ec4013e6b51a6
9,0,1,0.1111111111111111,1,0,3,0,1,ok,f8bcd2bfb5525ce2
16,3,3,0.0625,1,7,6,3,0,ok,5c2af32918a45bb8
2,0,0,0.0,0,1,2,0,0,ok,2866dde176c75017
16,0,0,0.0625,1,0,3,0,0,ok,0c08bd3b7e635869
0,0,0,,0,0,0,0,0,ok,800770a1750a5e8d
4,0,0,0.0,0,0,3,0,0,ok,e1509d37f3095dcc
13,1,1,0.07692307692307693,1,0,3,0,1,ok,17f363ad2e375516
16,0,0,0.0,0,1,4,0,0,ok,15de89dc0cba53ee
12,0,0,0.0,0,0,4,0,0,ok,1ec984147da1556f
11,0,0,0.0,0,1,2,0,0,ok,f4b26ded082854e2
3,4,4,0.0,0,13,1,4,0,ok,41fd5b3cc9cb5e4d
16,0,1,0.0625,1,1,6,0,1,ok,4707c165b3d3513e
16,0,1,0.0625,1,0,5,0,1,ok,c4396d0c3800505d
10,0,0,0.0,0,1,2,0,0,ok,da4d2f69588c5a14
7,3,1,0.0,0,2,1,1,0,ok,4d95f06d855a551e
13,9,11,0.3076923076923077,4,22,11,9,2,ok,f30366fd5d895267
16,0,0,0.0,0,0,4,0,0,ok,e1ac7dba3cb95881
1,0,0,0.0,0,4,0,0,0,ok,6ccb9e80d69a5bb9
13,0,0,0.0,0,1,5,0,0,ok,13d88194cf66596f
2,0,0,0.0,0,0,0,0,0,ok,32c90742887a5552
6,0,1,0.16666666666666666,1,12,5,0,1,ok,ae715938c3c35048
3,1,1,0.0,0,3,1,1,0,ok,327213c0a3c2523c
0,0,0,,0,0,0,0,0,ok,7cfbb7a23a9c5b5d
0,0,0,,0,0,0,0,0,ok,0da9a6ca35a8524f
16,1,2,0.0625,1,0,8,0,1,ok,265b008d27365cdf
13,0,1,0.23076923076923078,3,0,6,0,1,ok,3f6642e0f1ab5268
13,1,2,0.07692307692307693,1,11,12,1,1,ok,714c087cce8a5499
2,0,0,0.0,0,0,2,0,0,ok,1f598cffd0fc59eb
11,0,2,0.2727272727272727,3,0,5,0,2,ok,a507cbf8c4055960
5,0,0,0.0,0,1,4,0,0,ok,5008f1c4c25654b9
16,1,3,0.125,2,6,4,1,2,ok,32dc5a17d1b45ebf
9,0,0,0.0,0,0,3,0,0,ok,5780448435205b75
3,3,2,0.0,0,15,3,2,0,ok,64e6ed861a0f5cc3
16,1,2,0.0625,1,0,9,0,1,ok,895a06ed18f95378
3,0,0,0.0,0,1,1,0,0,ok,047ad7f2f6025423
15,0,1,0.13333333333333333,2,0,4,0,1,ok,a25bb5c7a828555b
13,0,1,0.23076923076923078,3,0,2,0,1,ok,397a65967ec254f1
16,1,2,0.125,2,0,5,0,2,ok,4c72f0644b825f1f
16,1,5,0.25,4,2,8,1,4,ok,c277ce9d372c5c3c
15,0,1,0.2,3,0,2,0,1,ok,ae686d51f0b95af6
0,0,0,,0,0,1,0,0,ok,7eb9bc4b5a8b5851
16,0,0,0.0,0,1,9,0,0,ok,59b95849f70c5123
3,3,3,0.0,0,13,3,3,0,ok,b3511150f5fd5204
16,3,3,0.1875,3,8,8,2,1,ok,aa3b212582825dc7
6,1,2,0.16666666666666666,1,8,6,1,1,ok,de589acb883b557d
0,0,0,,0,2,1,0,0,ok,15890fc913205ebf
3,4,4,0.0,0,13,2,4,0,ok,5cea9aa470725972
16,2,2,0.0,0,1,13,0,0,ok,cf41b556426a5f0c
8,7,7,0.0,0,19,5,7,0,ok,f60a4e6be1405e6b
16,0,0,0.0625,1,2,8,0,0,ok,ae0e0312766d59da
12,0,1,0.25,3,1,4,0,1,ok,8c95113f9d6a5fcb
8,11,10,0.0,0,17,3,10,0,ok,7b9ca6b5ac305ce4
7,0,0,0.0,0,1,8,0,0,ok,b5b576ae0f4c51b1
0,2,2,,0,3,0,2,0,ok,ed647286c4315c3c
4,1,1,0.25,1,3,1,1,0,ok,5ecdb0993fe85ba3
16,0,1,0.0625,1,1,8,0,1,ok,4dabffcf83175a72
15,0,1,0.06666666666666667,1,0,5,0,1,ok,7a4bc06602085943
16,0,1,0.0625,1,0,1,0,1,ok,505e44d82ef65156
10,1,1,0.2,2,0,4,0,1,ok,6d513e2f987e5845
15,0,2,0.13333333333333333,2,0,4,0,2,ok,890bd9a9d7a55725
15,1,5,0.26666666666666666,4,3,9,1,4,ok,d49a806dd6305ca1
16,0,0,0.0,0,0,0,0,0,ok,205e5d4e19cc58e4
15,0,0,0.0,0,0,3,0,0,ok,758380f456e35c29
9,1,1,0.0,0,4,1,1,0,ok,68d92f389c245798
13,1,1,0.0,0,0,4,0,0,ok,ef4f3026ae1b56a3
5,0,0,0.0,0,1,5,0,0,ok,101341edf44a5fd3
16,0,1,0.0625,1,1,5,0,1,ok,9a926ea1d11d50da
1,1,1,0.0,0,4,1,1,0,ok,06ac0b6449e75fde
14,0,1,0.07142857142857142,1,0,6,0,1,ok,e6058df2b8e158a6
8,0,0,0.125,1,0,2,0,0,ok,4c28b69d894f5565
16,0,0,0.0,0,2,2,0,0,ok,afb35a3734b55e24
7,0,0,0.0,0,1,0,0,0,ok,518e83dd87285da1
2,0,0,0.0,0,6,1,0,0,ok,7a5e7f69d88e5f51
16,0,1,0.125,2,0,4,0,1,ok,1c68f8aff7c05c36
13,0,0,0.0,0,1,4,0,0,ok,744ae23ac4355c17
8,0,0,0.0,0,1,1,0,0,ok,15d8e76a9b1256a8
16,0,0,0.125,2,0,4,0,0,ok,eadc7919a9fa5eed
7,3,3,0.14285714285714285,1,7,2,3,0,ok,8285473de64f5587
0,0,0,,0,0,0,0,0,ok,8c70b6003ec95ff2
8,0,1,0.125,1,0,3,0,1,ok,0b1b995e56ab5e10
14,0,0,0.0,0,0,1,0,0,ok,6bcc62b2b4625f7c
6,9,9,0.0,0,25,1,9,0,ok,3e4048255a7e5be6
0,0,0,,0,0,0,0,0,ok,f8360ab6d4e55075
16,0,0,0.0,0,0,6,0,0,ok,04dc5f157bfa5617
0,0,0,,0,0,0,0,0,ok,a90b7bc1d7ee580d
15,0,0,0.0,0,0,2,0,0,ok,5bc96534dd9c5270
15,0,2,0.26666666666666666,4,1,3,0,2,ok,01569e6abf1e5a8e
2,5,5,0.0,0,29,4,5,0,ok,98bdfb37a8e65bcc
2,0,0,0.0,0,4,3,0,0,ok,bb2597aaa0315854
0,0,0,,0,3,0,0,0,ok,18ae4be1ef055d97
16,2,1,0.3125,5,5,3,0,1,ok,5de40e69f8725321
16,0,0,0.0625,1,0,8,0,0,ok,b7459d9607db58c5
1,0,0,0.0,0,3,1,0,0,ok,539e140fab6d5767
14,0,1,0.14285714285714285,2,0,5,0,1,ok,cdee3521052f5262
2,0,0,0.0,0,2,2,0,0,ok,95f9519a38e05ea6
9,15,16,0.1111111111111111,1,26,3,15,1,ok,bdd8187f459456f5
16,1,2,0.0625,1,9,16,0,1,ok,141fe4ef2561538c
13,3,5,0.23076923076923078,3,8,5,3,2,ok,c7c6d89bda8355e4
4,0,0,0.25,1,0,0,0,0,ok,5e8f4a85b7a75041
16,0,1,0.125,2,12,7,0,1,ok,196afd38bc2d5a94
5,1,1,0.0,0,2,3,1,0,ok,63a3a20dc2e15169
16,0,2,0.25,4,0,6,0,2,ok,7ce70d51f869539f
0,0,0,,0,0,0,0,0,ok,458fc68666185cef
11,4,4,0.09090909090909091,1,20,9,4,0,ok,9579ead42b125b5d
8,0,0,0.0,0,0,1,0,0,ok,bed5645f80465fd4
16,0,1,0.0625,1,0,4,0,1,ok,18bd8d7f2fd15b23
16,0,0,0.0,0,0,7,0,0,ok,1acf0f1c237c58a5
16,0,1,0.125,2,7,4,0,1,ok,1b4285fe78d359c2
7,0,0,0.14285714285714285,1,8,4,0,0,ok,e258973e1a2750f5
0,0,0,,0,0,2,0,0,ok,3a0d4840249a5558
7,0,0,0.0,0,0,3,0,0,ok,97f64f5b130055b0
0,2,1,,0,5,0,1,0,ok,6c0b21cbbc71541a
2,0,0,0.0,0,0,7,0,0,ok,b1a12b18909a5db6
14,1,1,0.0,0,5,3,1,0,ok,53fa004ef9ae5e56
0,0,0,,0,0,1,0,0,ok,861988d2288b513e
6,0,0,0.0,0,0,7,0,0,ok,97e38fdccf915283
16,0,1,0.125,2,3,7,0,1,ok,6a96a02a6dbb5ce1
15,0,0,0.0,0,1,4,0,0,ok,c4cd5bc8dc61543e
0,0,0,,0,1,0,0,0,ok,adab4437fc575bc9
11,0,0,0.0,0,0,5,0,0,ok,40c1f0ea994d582d
4,0,0,0.0,0,0,0,0,0,ok,54df61a06ea35ba1
4,0,0,0.0,0,0,2,0,0,ok,b0c994c4288e5081
5,5,5,0.0,0,25,8,5,0,ok,2ca7f9e9a7825a59
3,2,3,0.3333333333333333,1,7,2,2,1,ok,e0692b1136f35978
4,2,2,0.0,0,8,0,2,0,ok,247c488867f153bf
0,0,0,,0,0,0,0,0,ok,bbce673cd4445351
16,0,0,0.0,0,0,7,0,0,ok,d62080e06dd654b5
3,0,0,0.0,0,10,1,0,0,ok,1938b88820845d35
9,0,1,0.1111111111111111,1,10,11,0,1,ok,c3b2b609e2ae518f
0,0,0,,0,0,2,0,0,ok,344fb9c333245785
0,0,0,,0,0,0,0,0,ok,933f5e0c475157d0
4,0,0,0.0,0,1,3,0,0,ok,a81c9e7a8bd05b06
11,0,0,0.0,0,1,0,0,0,ok,e4668dc461825b83
15,0,0,0.06666666666666667,1,0,4,0,0,ok,03d22528101d55a3
9,0,0,0.0,0,2,1,0,0,ok,e7fddbf2c4aa5f49
3,0,0,0.0,0,0,2,0,0,ok,6df54a42aa37537c
0,2,2,,0,14,8,2,0,ok,d1f2e4ea478b5ded
3,0,0,0.0,0,0,2,0,0,ok,74187a9d09655ba1
10,4,6,0.3,3,17,5,4,2,ok,37f3c7e83e245dc8
4,6,6,0.0,0,17,1,6,0,ok,9d288f624a0b55c8
0,0,0,,0,0,0,0,0,ok,22a0059b11fd50d1
7,0,1,0.14285714285714285,1,0,3,0,1,ok,bc7d5ab59ef454a9
12,0,0,0.0,0,0,1,0,0,ok,bd9f979d198a55cb
5,3,3,0.2,1,8,3,3,0,ok,62cb87c7d51b5c55
6,4,4,0.0,0,18,1,4,0,ok,52800a9bfd1a578f
16,3,4,0.4375,7,11,7,3,1,ok,d39aeaf79392528a
12,0,0,0.0,0,1,1,0,0,ok,dbc08869b9a25f63
15,0,0,0.0,0,4,6,0,0,ok,7766e6e514545473
0,0,0,,0,0,1,0,0,ok,cbf13983e05b53fc
16,1,3,0.25,4,1,4,1,2,ok,453a22ec3b3c5b45
12,4,5,0.08333333333333333,1,13,3,4,1,ok,4f9b178b89405ec2
0,0,0,,0,0,2,0,0,ok,7110b9e42a8a5ff7
3,0,0,0.0,0,3,2,0,0,ok,d0e5751a357759f0
16,4,5,0.1875,3,8,2,4,1,ok,de28e8672d2a5413
15,0,0,0.0,0,0,2,0,0,ok,8eb109a61a9d5a82
16,0,0,0.0,0,2,1,0,0,ok,7f2bae61ead7532d
16,0,0,0.125,2,0,4,0,0,ok,e7ca33c65ed15691
9,0,0,0.0,0,0,3,0,0,ok,9765dc5dddfe5959
3,0,0,0.0,0,0,0,0,0,ok,30770eefc3a453d9
16,0,0,0.0,0,4,6,0,0,ok,ef56e7424a8e5acd
1,1,0,0.0,0,7,6,0,0,ok,4aad4ec2f55357dd
10,0,1,0.1,1,5,6,0,1,ok,f89db4fcd567574d
15,1,0,0.0,0,3,2,0,0,ok,ac6693c6ef9a5f10
1,0,0,0.0,0,0,1,0,0,ok,eba9c25df850559e
0,0,0,,0,0,2,0,0,ok,5327ed3f0f1f59b3
5,1,1,0.0,0,5,3,1,0,ok,9c52c12fb85558dd
9,0,1,0.1111111111111111,1,1,1,0,1,ok,f3587053e9c05478
9,0,0,0.0,0,0,2,0,0,ok,081f2e2e006f543c
0,0,0,,0,0,1,0,0,ok,1f478187e53b5d2b
16,0,0,0.0625,1,0,1,0,0,ok,b40e8d82b8665560
16,0,0,0.0625,1,1,4,0,0,ok,ecd50e3958895b0d
9,0,0,0.0,0,0,1,0,0,ok,a4e9f844be51599e
3,4,2,0.0,0,7,1,2,0,ok,0c9adc0f06bf561d
6,5,3,0.0,0,16,2,3,0,ok,ed2bfd80434851fb
16,0,0,0.0,0,0,4,0,0,ok,d83067b3c7f15951
3,1,1,0.0,0,13,1,1,0,ok,24b34250d8df5d68
7,4,6,0.2857142857142857,2,15,5,4,2,ok,66040d7eee465ae8
13,8,7,0.15384615384615385,2,33,6,6,1,ok,e9712fea1052524c
13,0,1,0.07692307692307693,1,0,4,0,1,ok,e4769557134b5545
14,0,0,0.0,0,0,3,0,0,ok,991da27cd92a5e7a
16,1,4,0.1875,3,1,16,0,3,ok,f782874e71d65218
15,1,2,0.13333333333333333,2,2,6,1,1,ok,4ed9e68dcfc359af
2,0,0,0.0,0,1,1,0,0,ok,54fa8091aa635155
0,0,0,,0,0,0,0,0,ok,3f2f5788f2f35d96
12,0,0,0.08333333333333333,1,1,3,0,0,ok,cb383e4c19095e06
5,1,1,0.0,0,3,4,1,0,ok,b4b65ccd6ba257e7
16,0,3,0.1875,3,1,12,0,3,ok,0e68a585bfd7551f
16,1,2,0.1875,3,4,5,1,1,ok,4ec3f0157ef25a43
16,0,0,0.0,0,1,3,0,0,ok,90cac916816a5091
2,1,1,0.0,0,17,1,1,0,ok,1b12e32e053f5189
0,0,0,,0,0,1,0,0,ok,f900377f67ce53c5
5,8,6,0.2,1,12,4,6,0,ok,30ec6610aa6c53de
16,0,2,0.125,2,0,4,0,2,ok,333be2b26d995a60
14,2,3,0.14285714285714285,2,7,6,2,1,ok,81fd71828db05db5
2,0,0,0.0,0,2,1,0,0,ok,74098571affc5153
0,1,1,,0,4,0,1,0,ok,3d7d4c1ead955a64
8,0,0,0.0,0,3,2,0,0,ok,c9a1cc91db1e5723
16,5,8,0.3125,5,13,20,4,4,ok,a42a7f3b02015340
0,0,0,,0,1,0,0,0,ok,dfb86684bf9a5d52
8,2,2,0.125,1,10,6,2,0,ok,586fc27fa97e59e7
0,0,0,,0,0,0,0,0,ok,457381dcacf35194
8,8,7,0.0,0,9,2,7,0,ok,bb19763278725e08
16,0,2,0.125,2,0,8,0,2,ok,cdb438f0663d5ff3
12,1,1,0.0,0,6,7,1,0,ok,53b81647bd225517
12,1,2,0.25,3,0,7,0,1,ok,354f6ce3cf8858f8
13,0,0,0.07692307692307693,1,4,1,0,0,ok,063d19539db65fe8
13,0,3,0.23076923076923078,3,0,5,0,3,ok,f1a8eff9bd555f15
0,0,0,,0,0,0,0,0,ok,1ab36cdc74a754ad
14,0,0,0.0,0,0,1,0,0,ok,c06cd4b264995600
0,1,1,,0,5,0,1,0,ok,1e394a05bf4b5c86
16,1,3,0.125,2,3,13,0,2,ok,27f3f7caee675a24
14,12,10,0.07142857142857142,1,16,7,9,1,ok,c2be1f3b37bd5cb4
10,0,0,0.0,0,0,1,0,0,ok,1fe0f295b1655464
0,0,0,,0,2,0,0,0,ok,c5654b1f1e705b6c
4,0,0,0.0,0,5,1,0,0,ok,6368249f4f045f81
0,0,0,,0,1,0,0,0,ok,002a66a741da5f17
12,0,1,0.08333333333333333,1,0,5,0,1,ok,8bf8461bd0e159c4
0,0,0,,0,0,0,0,0,ok,65a661aadd4555e3
2,4,4,0.0,0,17,8,4,0,ok,7c3de2d9cdf05cac
3,2,2,0.0,0,11,0,2,0,ok,783d89921c065ec1
16,5,6,0.4375,7,21,9,5,1,ok,fd3b8f72e75f5176
8,4,5,0.125,1,25,5,4,1,ok,e2e1991428785705
16,0,1,0.1875,3,0,5,0,1,ok,61d9015d65a45a16
0,0,0,,0,0,0,0,0,ok,a47ae8f783a7554a
16,0,0,0.0625,1,0,6,0,0,ok,8dff3247e7415c0d
5,0,1,0.2,1,1,1,0,1,ok,fc9cd6b4035555d0
15,0,0,0.13333333333333333,2,0,1,0,0,ok,138485b2d19951c5
11,0,1,0.36363636363636365,4,0,3,0,1,ok,dc1c85fde92b5c4b
0,0,0,,0,0,0,0,0,ok,ade49587719e574f
0,3,0,,0,7,2,0,0,ok,a7d2d6a4bef05f6d
0,0,0,,0,0,0,0,0,ok,411a166a30d1576e
0,0,0,,0,0,1,0,0,ok,18a2707ab7905c46
16,1,2,0.0625,1,2,18,0,1,ok,7f435b74230e5b65
10,0,0,0.1,1,0,2,0,0,ok,275d089b7f1a5a06
16,1,3,0.25,4,5,7,1,2,ok,ebcd03e96f33524d
2,0,0,0.0,0,3,1,0,0,ok,aed4112cc62c5521
0,0,0,,0,0,1,0,0,ok,ef2fe236e07c5f14
13,0,0,0.0,0,0,4,0,0,ok,948753196aba50c8
14,0,1,0.07142857142857142,1,0,3,0,1,ok,02d9fcff76ba50bd
6,0,0,0.0,0,2,1,0,0,ok,bfa3b3c43c35522a
4,0,0,0.25,1,1,1,0,0,ok,ef559dda1e485913
10,0,0,0.0,0,1,1,0,0,ok,5984635033d15970
0,2,1,,0,5,0,1,0,ok,cb61eaef875557a3
16,0,0,0.0,0,1,6,0,0,ok,3938e1030c885519
16,3,5,0.25,4,14,12,3,2,ok,c6f89256c6155ba5
0,0,0,,0,0,2,0,0,ok,a2495a00c9095ec4
16,0,0,0.125,2,3,6,0,0,ok,14b644f9a4f25cc8
16,0,0,0.0,0,4,2,0,0,ok,876e8f8707b65e95
16,0,0,0.0,0,2,3,0,0,ok,9e528e7cad7e5a1a
1,0,0,0.0,0,1,0,0,0,ok,cce556730c5d53f7
16,0,0,0.0,0,0,3,0,0,ok,e4ba787858425fa8
5,0,0,0.0,0,0,3,0,0,ok,28f8158a06eb51cb
3,0,0,0.0,0,0,1,0,0,ok,38bf9ff91d9e5c6f
5,0,0,0.0,0,2,0,0,0,ok,a5f6e59b9b1f5cc5
13,0,1,0.07692307692307693,1,0,4,0,1,ok,00097ed03501552f
4,0,0,0.0,0,1,2,0,0,ok,5a34f6620a3756e4
5,5,5,0.0,0,12,4,5,0,ok,4c72b0c5181d5382
11,8,8,0.09090909090909091,1,15,8,7,1,ok,3d8f2a4c2cee5972
16,0,1,0.1875,3,4,2,0,1,ok,fbd51ab621975884
16,2,3,0.1875,3,13,10,1,2,ok,e0d9bcf9c34d5863
0,0,0,,0,1,0,0,0,ok,7e5b3c308ed95e6a
0,0,0,,0,0,1,0,0,ok,61ed8ee286915354
4,1,1,0.0,0,1,1,1,0,ok,c63fb32665e65a87
9,0,1,0.1111111111111111,1,0,4,0,1,ok,c50fd28de9cc5402
16,2,4,0.125,2,6,16,1,2,ok,83ca09462fdb537d
12,0,0,0.0,0,1,5,0,0,ok,eb42ce3557135ceb
16,0,0,0.0625,1,0,4,0,0,ok,cd029a56186353c4
0,1,1,,0,1,1,1,0,ok,3b76e1775cb856d2
0,0,0,,0,0,1,0,0,ok,4c6c735df76952e6
7,8,9,0.14285714285714285,1,26,3,8,1,ok,769be510ea45500f
6,0,0,0.0,0,3,3,0,0,ok,aba8aa62bb3b5de1
14,0,2,0.14285714285714285,2,0,5,0,2,ok,303702d8573d5c0c
16,0,0,0.0,0,1,3,0,0,ok,599f07348c03583a
16,2,4,0.125,2,0,7,0,2,ok,c1a40c288f185a94
16,0,1,0.0625,1,0,2,0,1,ok,3071646d632455ea
0,0,0,,0,1,2,0,0,ok,75d096a5e1f352ae
0,0,0,,0,0,4,0,0,ok,5cd6c25b38d95c13
11,0,0,0.0,0,0,4,0,0,ok,d457c4cd934d58e7
12,17,18,0.08333333333333333,1,32,3,17,1,ok,c24ad8aee4fc5078
0,0,0,,0,0,0,0,0,ok,f17cf426344e550f
0,0,0,,0,0,1,0,0,ok,d2550f00e62a5057
13,5,5,0.0,0,18,3,5,0,ok,e5f2a267f4965166
16,1,4,0.1875,3,4,9,0,3,ok,01626e6b232a5919
5,0,0,0.0,0,0,2,0,0,ok,74e2b73526f85dbd
7,0,1,0.2857142857142857,2,5,2,0,1,ok,c1e9580eff645d2a
4,0,1,0.25,1,0,2,0,1,ok,1617963756a358b5
16,0,0,0.125,2,0,2,0,0,ok,a2453645edb055e1
16,5,6,0.25,4,18,5,5,1,ok,f102259e52d35ac5
2,1,2,0.5,1,8,2,1,1,ok,6bbc73aef4ce56bc
16,0,1,0.0625,1,0,4,0,1,ok,d33cfc9960dc541b
14,0,1,0.14285714285714285,2,0,3,0,1,ok,a03a0dd276e45e0a
13,1,1,0.07692307692307693,1,9,5,1,0,ok,75979b4eb14e5b8e
8,1,2,0.375,3,8,4,1,1,ok,51216c118c005d2d
0,0,0,,0,0,1,0,0,ok,10cba32b70505c21
7,0,1,0.14285714285714285,1,0,3,0,1,ok,5acfd2cfa3ea5ee8
7,0,0,0.0,0,0,1,0,0,ok,9d47d26e79325048
0,0,0,,0,2,0,0,0,ok,1659b8bb602d5c26
0,0,0,,0,0,0,0,0,ok,b145b8fd8b3a5693
0,0,0,,0,0,6,0,0,ok,5c0d1723db1254c8
11,4,5,0.2727272727272727,3,7,4,4,1,ok,d0459875c6fe5017
16,3,3,0.125,2,16,7,3,0,ok,8dbbff9d18b7504b
12,0,0,0.0,0,0,1,0,0,ok,fdf96b8322ea5934
16,1,2,0.0625,1,4,6,1,1,ok,f1ea9339494255ca
8,11,12,0.125,1,22,3,11,1,ok,e67390b89e675041
16,0,1,0.0625,1,1,7,0,1,ok,4f3b83a617e45a09
0,0,0,,0,0,0,0,0,ok,7b02bd57ad515005
8,3,2,0.0,0,6,0,2,0,ok,2c2e53611c5b56e1
6,0,0,0.0,0,3,3,0,0,ok,4bf53494af4c5e4f
10,0,0,0.0,0,1,5,0,0,ok,369f9c28b00f5423
5,0,0,0.0,0,1,2,0,0,ok,16e3b0b434f955ac
15,0,1,0.06666666666666667,1,2,4,0,1,ok,f4ced7f974bd5f31
1,4,4,0.0,0,39,6,4,0,ok,c872725c6e1f58d6
0,0,0,,0,0,1,0,0,ok,a2c36e4aab7a52d6
15,0,0,0.06666666666666667,1,3,5,0,0,ok,14ce88e733105f36
8,1,1,0.125,1,3,1,1,0,ok,b02a1a2aa4515d24
16,1,1,0.0,0,6,4,1,0,ok,280c442b321c5340
16,5,8,0.25,4,19,29,5,3,ok,b1e87130449f5da9
13,0,0,0.0,0,0,1,0,0,ok,044dc6b486bc5ee8
16,0,0,0.125,2,0,1,0,0,ok,bf5ba2bd992d5dd4
16,0,1,0.0625,1,0,8,0,1,ok,d2eb05de36a25281
4,2,1,0.0,0,4,1,1,0,ok,d4d811f1f25b5429
14,0,3,0.2857142857142857,4,14,4,0,3,ok,981aade6fe5055d6
11,0,0,0.0,0,0,1,0,0,ok,55e00b8fdf2a5b60
14,0,1,0.07142857142857142,1,0,16,0,1,ok,836473a9d942520c
8,0,1,0.25,2,1,5,0,1,ok,72e9a808c98351cd
7,0,0,0.0,0,0,1,0,0,ok,363a3d2c28c958b6
0,0,0,,0,0,0,0,0,ok,72c822a9c9d451e0
16,5,5,0.0625,1,9,7,5,0,ok,d764e6f9c3bb5f25
6,0,0,0.0,0,2,3,0,0,ok,d546b4621fe25f95
16,1,1,0.0,0,0,4,0,0,ok,b4101a28e63d5898
16,0,2,0.25,4,0,6,0,2,ok,8714481f9d995604
9,2,4,0.3333333333333333,3,22,5,2,2,ok,7723acba882d5d3e
3,3,3,0.0,0,11,2,3,0,ok,a675e2deea085453
16,1,2,0.0625,1,5,9,1,1,ok,0fd2c7dfc26c55b3
16,0,0,0.125,2,4,5,0,0,ok,aba3f1dd4f7950ef
16,0,3,0.1875,3,2,14,0,3,ok,0611e8613b495bc9
16,0,0,0.0,0,0,4,0,0,ok,2f5708b27d5f54b4
16,1,1,0.0625,1,4,1,1,0,ok,54c633918914547c
9,0,0,0.0,0,4,3,0,0,ok,57edbf8fe8ae5d5f
4,1,1,0.0,0,4,3,1,0,ok,c9e11eac8d3b5b20
12,0,0,0.0,0,3,4,0,0,ok,8401c5db14d95c78
0,0,0,,0,0,0,0,0,ok,3de80a41d5fe5a5c
1,1,2,1.0,1,5,2,1,1,ok,9081d115fa1e5a61
15,1,1,0.2,3,5,8,1,0,ok,aafa91bc0aa5525d
16,0,1,0.0625,1,0,3,0,1,ok,e2c02db8d5a65ddb
4,0,0,0.0,0,0,2,0,0,ok,63bfa038cc6154b4
16,0,1,0.0625,1,4,12,0,1,ok,92e99bbc6659500d
0,4,1,,0,3,2,1,0,ok,cdbe98ca97ea5f8c
1,3,2,0.0,0,3,3,2,0,ok,32056052189e5631
0,0,0,,0,0,0,0,0,ok,2179464f9d5c592f
0,0,0,,0,0,0,0,0,ok,937a1ba15f9b56a2
16,2,2,0.0625,1,13,11,1,1,ok,8b2a50840d5d52b1
4,0,0,0.0,0,1,2,0,0,ok,f3770e34bb175205
16,0,0,0.0,0,2,6,0,0,ok,a3e2bedf732b5cc6
2,2,2,0.0,0,9,2,2,0,ok,3eaea09e8f4c5a1e
14,15,15,0.0,0,26,4,15,0,ok,e7461b36d515584e
16,0,0,0.0625,1,0,2,0,0,ok,960015f4804f545e
0,0,0,,0,0,0,0,0,ok,f86bd1470953532b
4,0,0,0.0,0,1,4,0,0,ok,7eb3ff962dc6512c
11,0,0,0.09090909090909091,1,0,5,0,0,ok,575844a927735ae5
16,0,2,0.125,2,0,11,0,2,ok,3c783942e5115971
0,0,0,,0,1,0,0,0,ok,93a5b84fae355b85
3,0,0,0.0,0,0,2,0,0,ok,33362df9d16c5de7
0,0,0,,0,0,0,0,0,ok,6eeebdeb7f655b71
13,0,1,0.07692307692307693,1,0,5,0,1,ok,7fb64e4821d45493
10,14,14,0.0,0,27,1,14,0,ok,606724b3ae9d54c9
9,0,0,0.0,0,3,5,0,0,ok,4a6214b1afcc5621
7,0,0,0.0,0,1,0,0,0,ok,04af15e3ec4a583e
16,0,2,0.1875,3,0,9,0,2,ok,4c83d72023a45907
10,0,0,0.0,0,0,3,0,0,ok,d1298487e28f559d
0,0,0,,0,0,2,0,0,ok,d4b53b35833d5d7a
16,0,3,0.1875,3,4,7,0,3,ok,62ed9ba7e05b57d4
0,0,0,,0,0,0,0,0,ok,32d4f4bfc0545c42
11,9,8,0.0,0,32,3,8,0,ok,b5b1670a115f50ff
2,0,0,0.0,0,5,2,0,0,ok,3053c1e4553b5e6a
11,12,12,0.0,0,23,1,12,0,ok,6df5b01d9e005e8a
4,0,0,0.0,0,0,1,0,0,ok,f98acb34cd0457a6
9,0,0,0.0,0,1,2,0,0,ok,4dcad2e2859d5b11
11,10,10,0.09090909090909091,1,16,5,9,1,ok,bafb5b08a7a05d2e
0,0,0,,0,0,1,0,0,ok,5925ee17e1065f68
2,0,0,0.0,0,0,0,0,0,ok,3e89189f20e45588
0,0,0,,0,0,0,0,0,ok,c07e055785055491
15,0,0,0.06666666666666667,1,0,1,0,0,ok,6019839d345d5cdf
9,0,1,0.1111111111111111,1,0,1,0,1,ok,52c8b3e6c4fa5c38
12,0,1,0.08333333333333333,1,0,6,0,1,ok,9cbca62de23058fa
1,2,0,0.0,0,3,2,0,0,ok,edbbc63ae197552e
10,15,15,0.1,1,28,5,15,0,ok,d7418943f5815c92
0,0,0,,0,0,1,0,0,ok,bf0561a05b985498
3,0,1,0.3333333333333333,1,2,2,0,1,ok,77961511833e527c
1,0,0,0.0,0,2,0,0,0,ok,0b4adcf7e0b35238
7,14,15,0.14285714285714285,1,34,1,14,1,ok,e5afd66c54355bbe
16,0,0,0.0,0,1,5,0,0,ok,8eebc5c1639f5e36
3,0,0,0.0,0,2,0,0,0,ok,49d0bd1d74e953b6
0,1,1,,0,8,1,1,0,ok,644e40ae95dc5441
0,0,0,,0,0,0,0,0,ok,c0dbc07d2571579b
16,0,1,0.25,4,3,4,0,1,ok,520bcb47bdaa5685
4,0,0,0.0,0,0,1,0,0,ok,8f0fa69061165b2d
16,2,2,0.125,2,4,6,0,2,ok,212f8fa95c0b5b23
13,0,0,0.15384615384615385,2,0,3,0,0,ok,e2014aa42e535efc
3,0,0,0.0,0,2,2,0,0,ok,513aee9f6e4f590c
1,2,0,0.0,0,2,3,0,0,ok,b339082baf9f5247
16,0,0,0.0625,1,1,2,0,0,ok,849da512d6d35849
0,0,0,,0,0,0,0,0,ok,2a5bbee466c351a6
16,0,2,0.125,2,2,9,0,2,ok,ce301d655d4858d7
12,0,0,0.0,0,6,3,0,0,ok,fa680a4384da56ac
0,1,1,,0,3,0,1,0,ok,faa042f84c4f585a
0,0,0,,0,0,2,0,0,ok,8182a425c7285e36
16,2,2,0.0625,1,3,5,1,0,ok,8ebe7f1d38435b1c
7,0,0,0.0,0,0,3,0,0,ok,4d1da93ef1d3500c
0,0,0,,0,0,0,0,0,ok,b2f6ff1d82995755
3,0,0,0.0,0,0,4,0,0,ok,504bd8c0bc4252ca
7,1,2,0.2857142857142857,2,7,6,1,1,ok,c684c89f8b2d5116
16,0,1,0.0625,1,2,2,0,1,ok,4f0541ac02ea5b80
0,0,0,,0,0,0,0,0,ok,e4f091d342af51b7
16,0,1,0.0625,1,4,3,0,1,ok,f07bb3e805545a1c
3,2,1,0.0,0,5,1,1,0,ok,bbf5babf7eb05d03
5,0,0,0.0,0,0,6,0,0,ok,4cdb68b188245dd8
16,0,1,0.0625,1,1,4,0,1,ok,02a3b21553cf5d38
12,0,0,0.0,0,0,5,0,0,ok,1e98c80b261956f1
0,0,0,,0,0,0,0,0,ok,51fc394f2aec58a2
7,2,3,0.14285714285714285,1,18,3,2,1,ok,8589204d1d6e594f
6,8,8,0.0,0,19,2,8,0,ok,f142d2898b2b5e77
16,2,4,0.125,2,2,4,2,2,ok,a29a636a920d5e6b
0,0,0,,0,0,1,0,0,ok,52a0d2404a2951fe
6,9,8,0.0,0,28,1,8,0,ok,5a4f5d512d285fd2
9,0,1,0.2222222222222222,2,0,2,0,1,ok,7493e3b45ae55064
7,0,2,0.5714285714285714,4,0,2,0,2,ok,953dfd6282ab55d5
1,0,0,0.0,0,5,1,0,0,ok,8f5448e66d2956ab
16,0,0,0.0,0,0,8,0,0,ok,960ed63a70ad534e
0,0,0,,0,1,0,0,0,ok,a6650512a3a05704
16,0,1,0.125,2,2,8,0,1,ok,b48e88099e0851bf
16,0,3,0.25,4,0,7,0,3,ok,ab621a9628405e7a
13,0,1,0.15384615384615385,2,3,6,0,1,ok,47f03853c6395e2b
16,1,2,0.0625,1,3,2,1,1,ok,c5855bc394f15072
16,4,5,0.3125,5,16,12,4,1,ok,cf789665b6cc5108
16,1,3,0.25,4,3,11,0,3,ok,69d055c30b965c9f
16,1,0,0.0,0,0,10,0,0,ok,c699d0a824455d80
5,3,3,0.0,0,14,7,3,0,ok,df2c5ba65b925343
0,0,0,,0,0,0,0,0,ok,ce767518636753b9
13,0,0,0.0,0,1,0,0,0,ok,dd1edc629a195ff1
16,2,2,0.0,0,9,4,2,0,ok,53b829a3609c5ee9
0,0,0,,0,0,0,0,0,ok,9dc6c1f7ebf154f6
6,1,1,0.0,0,5,2,1,0,ok,7e7b6666343a5766
5,0,0,0.0,0,0,1,0,0,ok,72600c1d00a35816
0,6,6,,0,25,5,6,0,ok,434613028740553d
13,1,2,0.23076923076923078,3,0,5,0,1,ok,6266a26a48515d64
16,0,0,0.0,0,0,2,0,0,ok,1eb401cdf2ba50aa
14,0,0,0.07142857142857142,1,0,2,0,0,ok,89c56fc4789c5497
0,0,0,,0,2,0,0,0,ok,8ed8a2d2f66d5533
10,0,0,0.1,1,0,1,0,0,ok,1035535569af54b8
10,5,7,0.2,2,11,2,5,2,ok,5b34c6d8516e566f
16,0,3,0.1875,3,1,6,0,3,ok,159fca27a6e95946
9,0,0,0.1111111111111111,1,0,4,0,0,ok,07cf49ebe8bc5843
1,1,1,0.0,0,4,1,1,0,ok,25ed6826a0f25660
0,0,0,,0,1,0,0,0,ok,7be7cee129e75c84
16,0,1,0.0625,1,3,3,0,1,ok,15ceddfdc31b5e02
7,0,1,0.2857142857142857,2,0,4,0,1,ok,494ae3d9366d51ca
8,0,0,0.125,1,0,2,0,0,ok,68ad01965fc957a5
16,0,0,0.0,0,0,3,0,0,ok,66a6726d750c5a70
0,0,0,,0,0,0,0,0,ok,36996d3b5214575d
16,4,6,0.25,4,12,4,4,2,ok,7c3c0d135eef5404
12,3,3,0.25,3,6,8,1,2,ok,a450bf0492c653b5
0,0,0,,0,2,0,0,0,ok,856849aa30155d85
0,0,0,,0,0,1,0,0,ok,34f8d9d00ed053ed
16,0,0,0.0,0,1,2,0,0,ok,144c911c6a9a58ad
16,1,2,0.125,2,0,5,0,2,ok,b8dcef406e555c1a
15,10,11,0.06666666666666667,1,20,11,10,1,ok,8c5d8066eec155ca
6,0,0,0.0,0,0,1,0,0,ok,4b579d005b37557a
16,1,2,0.0625,1,5,9,1,1,ok,acd391ea0a295cb9
2,2,2,0.0,0,11,1,2,0,ok,bcee1c0599095baf
8,0,0,0.0,0,0,0,0,0,ok,e1172029c6be5924
15,0,1,0.13333333333333333,2,0,2,0,1,ok,0f456731f8055ae8
13,0,0,0.0,0,3,6,0,0,ok,b9dd15639eee5285
6,5,5,0.0,0,16,7,5,0,ok,76bff36dcbfb54c8
14,1,2,0.14285714285714285,2,7,4,1,1,ok,c26448b0ff495e86
16,0,2,0.3125,5,2,5,0,2,ok,c739cfd918ff5d54
16,1,1,0.0,0,4,5,1,0,ok,c5dc5318aec5585d
16,0,1,0.0625,1,0,10,0,1,ok,fa365e265740568c
13,1,1,0.0,0,4,5,1,0,ok,b06b306d87115f4e
16,0,0,0.0,0,0,2,0,0,ok,d6f2b69a5682551e
0,0,0,,0,0,1,0,0,ok,eb9b363f747a5bb7
2,0,0,0.0,0,0,0,0,0,ok,aac7eaeb4a305891
4,0,1,0.5,2,0,3,0,1,ok,ceb98f39fbf7523a
16,11,17,0.4375,7,22,10,11,6,ok,b837fc85181e55ce
6,0,0,0.16666666666666666,1,0,2,0,0,ok,e0f88542017e5924
2,0,0,0.0,0,1,2,0,0,ok,f4093b5ca6155638
8,1,1,0.0,0,2,10,1,0,ok,a5b1a0e98df45040
11,0,1,0.09090909090909091,1,0,6,0,1,ok,f9607b391f735aa5
4,0,0,0.0,0,1,1,0,0,ok,d90b91029b8157fe
12,0,2,0.25,3,1,3,0,2,ok,b716b38916d155d4
16,1,1,0.0,0,0,3,0,0,ok,a59b1b9696e552c8
5,0,1,0.2,1,1,1,0,1,ok,71241e5c844d5947
0,0,0,,0,0,0,0,0,ok,0c6dde2a3e23519a
0,3,3,,0,16,1,3,0,ok,715489f5873951b0
5,0,0,0.0,0,0,1,0,0,ok,f1d74aac24185a1f
6,0,0,0.0,0,0,1,0,0,ok,3f9615e351df5b1a
7,0,0,0.14285714285714285,1,0,1,0,0,ok,ab5d0bf3d6915194
13,0,0,0.0,0,0,2,0,0,ok,67b9c629f90f5114
0,0,0,,0,0,0,0,0,ok,28697a0eeb355a22
10,5,6,0.1,1,13,5,5,1,ok,c852239b5ac95394
6,2,2,0.0,0,6,1,2,0,ok,74122b59f44f5d52
0,0,0,,0,0,1,0,0,ok,85f2122cf114505b
13,0,1,0.15384615384615385,2,1,7,0,1,ok,41df2e9ada6c531e
9,1,3,0.3333333333333333,3,6,5,1,2,ok,2edacdec6c4d5fb4
0,0,0,,0,0,0,0,0,ok,e918047fac0d509a
6,1,1,0.0,0,9,6,1,0,ok,ed9e5cf1be125ab2
0,0,0,,0,0,0,0,0,ok,c7373242410a5093
0,0,0,,0,0,1,0,0,ok,825f1cecca9b5eee
0,0,0,,0,0,1,0,0,ok,2f618f18eef15bf1
16,0,0,0.0625,1,0,3,0,0,ok,03c051dba5a6515a
0,0,0,,0,0,0,0,0,ok,5d0c793598cb5f6b
6,1,2,0.16666666666666666,1,5,1,1,1,ok,79c289adf9a95379
7,0,0,0.0,0,0,1,0,0,ok,17a91504822759ee
16,0,2,0.125,2,0,8,0,2,ok,836e96de889f5967
0,1,1,,0,14,0,1,0,ok,ac39f976237f519f
0,0,0,,0,1,0,0,0,ok,a90f5ee75f9f5722
16,0,2,0.125,2,3,8,0,2,ok,e3ea1c8436165d8f
14,5,5,0.21428571428571427,3,9,3,5,0,ok,a405e2120b085424
14,1,2,0.07142857142857142,1,7,5,1,1,ok,b19884bd8aef58b4
16,0,1,0.0625,1,0,4,0,1,ok,14f3940ac75151dc
16,0,0,0.0,0,0,5,0,0,ok,5055371cab9c5a76
11,10,12,0.18181818181818182,2,23,9,10,2,ok,be993078652c581b
0,0,0,,0,0,0,0,0,ok,d4263da5a96152cf
14,5,7,0.21428571428571427,3,20,6,5,2,ok,d4ab394b83065ab7
3,0,0,0.0,0,0,1,0,0,ok,c47aab939bb75f4e
11,0,1,0.09090909090909091,1,0,6,0,1,ok,5628469e1d5d5991
16,0,0,0.0625,1,0,4,0,0,ok,98d6c08ec3a35de4
16,4,7,0.25,4,14,20,3,3,ok,9f54c395c8285dd5
10,8,8,0.2,2,27,10,7,1,ok,d1efe51b87dc5d4d
0,0,0,,0,1,1,0,0,ok,d8c60473c36b5880
5,0,0,0.0,0,0,12,0,0,ok,d39dd8118a3a509c
0,0,0,,0,0,0,0,0,ok,21a96107cf785a63
14,1,1,0.21428571428571427,3,0,7,0,0,ok,676f00d3f1e65038
16,1,0,0.0,0,3,9,0,0,ok,95908240498a5392
14,0,0,0.0,0,0,2,0,0,ok,14083e38d7635624
3,0,0,0.0,0,0,1,0,0,ok,7398fa0d4b7a5c7b
0,0,0,,0,0,3,0,0,ok,114946253b675965
2,1,1,0.0,0,7,1,1,0,ok,d5e4de23485c5609
16,0,1,0.0625,1,2,6,0,1,ok,511bb7d8a6c35cc9
0,0,0,,0,1,0,0,0,ok,0f589a9be48153a9
16,0,0,0.0,0,0,3,0,0,ok,7549c9ea25c85f4e
9,0,1,0.1111111111111111,1,0,3,0,1,ok,daf2972b1f8b5cdd
13,1,2,0.07692307692307693,1,8,4,1,1,ok,eb387723ab6854fa
0,0,0,,0,0,0,0,0,ok,ffbd529471cc5566
0,0,0,,0,0,1,0,0,ok,e920c40aee3550aa
11,2,4,0.18181818181818182,2,9,8,2,2,ok,b8bf75b004b75821
14,0,0,0.0,0,0,4,0,0,ok,850b2f1c8fd854a1
16,2,3,0.125,2,8,3,2,1,ok,38753b9caf85588f
0,1,1,,0,5,0,1,0,ok,1c1a4b7e3aa15cbb
16,0,0,0.0,0,0,6,0,0,ok,732e6643f582570b
14,0,0,0.0,0,2,6,0,0,ok,b8277b6afc4d5a56
11,8,9,0.18181818181818182,2,24,5,8,1,ok,a43cfce868515b08
16,0,3,0.1875,3,1,9,0,3,ok,b620efe399865293
9,0,0,0.0,0,1,3,0,0,ok,8802ee90ca8658a9
5,0,0,0.0,0,1,2,0,0,ok,4523d3199cc85e31
16,1,6,0.375,6,1,10,0,5,ok,2f70ceb52f235b49
0,0,0,,0,0,0,0,0,ok,d126fe698ed95d19
14,6,6,0.0,0,23,4,6,0,ok,61f5ab7dcbe45852
6,0,0,0.16666666666666666,1,4,2,0,0,ok,564b3849b1a75233
16,1,3,0.125,2,4,8,0,2,ok,66574f50dd6b57a6
0,0,0,,0,0,0,0,0,ok,a693a1c800655cb8
0,0,0,,0,0,0,0,0,ok,278b423d0f815efd
4,0,0,0.0,0,0,2,0,0,ok,842e9e278b3f5ba8
16,1,3,0.1875,3,4,6,0,2,ok,2285ef810907594a
16,0,0,0.0,0,2,0,0,0,ok,399ff77884e35ebe
16,0,0,0.0,0,7,0,0,0,ok,679b3e27b2b25784
16,0,2,0.1875,3,0,4,0,2,ok,d2620d83475c5faa
0,0,0,,0,0,0,0,0,ok,2f06f159dc79542d
6,0,0,0.0,0,1,7,0,0,ok,8f4c5b21a4e252f0
10,0,0,0.0,0,4,3,0,0,ok,70b6bc2b32895dc4
0,0,0,,0,0,0,0,0,ok,84f01128c8c55f13
2,0,0,0.0,0,0,3,0,0,ok,11872462c4635309
4,4,5,0.25,1,15,2,4,1,ok,67ae8bf4b63b55c2
13,0,2,0.15384615384615385,2,0,5,0,2,ok,0e66006109b251e7
15,0,1,0.06666666666666667,1,2,1,0,1,ok,57fdaad5b9435273
16,3,5,0.1875,3,8,12,3,2,ok,9b2f62944222523c
9,0,0,0.0,0,1,1,0,0,ok,38f0d6cecf3f52e2
3,0,0,0.0,0,0,2,0,0,ok,26880805177d54bd
14,1,1,0.0,0,5,2,1,0,ok,ee49e9d437a8514c
0,0,0,,0,0,0,0,0,ok,7014fdaa700f564c
5,2,3,0.4,2,3,4,1,2,ok,811de486ccf350bf
15,0,1,0.06666666666666667,1,0,4,0,1,ok,be5eec1e4bb15359
16,0,0,0.0,0,0,1,0,0,ok,3c22250fb6f75686
4,4,4,0.0,0,8,1,4,0,ok,6a0c37f3f0a459f3
0,0,0,,0,0,0,0,0,ok,f5543b3e881258f6
16,1,0,0.0625,1,2,4,0,0,ok,9e3074766c1f5446
16,0,1,0.125,2,4,3,0,1,ok,27cf790810325d8b
16,0,1,0.0625,1,3,7,0,1,ok,1a966c7cd4465124
0,0,0,,0,4,1,0,0,ok,0474f4e3a4465ba0
15,0,0,0.0,0,0,6,0,0,ok,75bfc3d1b7375211
1,0,0,0.0,0,0,2,0,0,ok,bf3ec884a72c502a
16,0,1,0.0625,1,0,4,0,1,ok,d3872ac151465190
16,0,1,0.0625,1,0,4,0,1,ok,8ae5a9b7844d5a0d
16,0,0,0.0,0,1,2,0,0,ok,eec020b38ab253fb
9,1,1,0.0,0,7,4,1,0,ok,50ea72a571d951c4
14,2,3,0.07142857142857142,1,5,11,2,1,ok,062f3a9af6475d84
11,0,1,0.09090909090909091,1,0,5,0,1,ok,11bce8dd668d5578
3,1,1,0.0,0,6,4,1,0,ok,370acd4d385959a5
0,0,0,,0,1,3,0,0,ok,45825730353355f7
16,0,0,0.125,2,1,2,0,0,ok,805844d0a6195b6e
14,2,2,0.07142857142857142,1,16,3,2,0,ok,e7a8be4369f05a27
7,0,0,0.0,0,0,1,0,0,ok,feef50eb186f553a
16,1,3,0.125,2,9,6,1,2,ok,b76ae21a3d005d62
2,0,0,0.0,0,2,1,0,0,ok,617c14c9b949523c
2,1,1,0.0,0,1,1,1,0,ok,955e86bcf0915261
4,1,1,0.0,0,2,2,1,0,ok,9e14e5701df1559c
16,1,2,0.0625,1,2,11,0,1,ok,537ae20acba557a6
16,0,1,0.0625,1,1,4,0,1,ok,c3805c0d51395ef2
0,0,0,,0,0,0,0,0,ok,2b5359c9478d5031
16,0,2,0.125,2,12,6,0,2,ok,6af196f214805737
12,0,4,0.4166666666666667,5,1,4,0,4,ok,0910f23b360f52f6
11,1,0,0.0,0,2,2,0,0,ok,32978d4010735ba9
16,2,2,0.0,0,8,9,2,0,ok,e3bbc0956de15e5c
16,0,3,0.1875,3,1,9,0,3,ok,32c3f1fe37635aa2
16,1,1,0.0,0,6,9,1,0,ok,85a69180ec025971
16,3,4,0.125,2,7,15,2,2,ok,f4b70480a21a55ec
8,0,0,0.125,1,3,3,0,0,ok,1f823db9e9c3521f
16,1,1,0.0625,1,5,4,1,0,ok,3d90d16694ba589f
3,0,1,0.3333333333333333,1,0,1,0,1,ok,3f9f532f64825ef7
0,0,0,,0,1,1,0,0,ok,962631557ce9509b
9,0,0,0.0,0,4,3,0,0,ok,0d8ba2ba1652525a
0,0,0,,0,3,1,0,0,ok,0ddcc6142a08547e
16,1,1,0.0,0,8,2,1,0,ok,fabbc7a621d35bb3
16,0,0,0.0,0,2,3,0,0,ok,09b5d1c06df55c68
0,1,1,,0,2,1,1,0,ok,bdac5f2abe6e5f17
0,0,0,,0,2,0,0,0,ok,0c322491824b5ce9
3,0,0,0.0,0,3,2,0,0,ok,3cba7d6db5a85a22
14,12,13,0.07142857142857142,1,30,2,12,1,ok,97d393e695835712
0,0,0,,0,0,0,0,0,ok,eed6409f2a7653b3
10,0,0,0.0,0,0,6,0,0,ok,97c2fb404bd95771
8,1,1,0.0,0,0,2,0,0,ok,3d1a575879005d67
5,0,0,0.2,1,1,0,0,0,ok,cabb1f9367ba553e
4,1,1,0.25,1,8,1,1,0,ok,f4034934f28551eb
11,0,0,0.0,0,0,5,0,0,ok,14b44023a6c85565
6,4,4,0.16666666666666666,1,9,0,4,0,ok,a50f4b53b84e58cb
4,0,1,0.25,1,0,3,0,1,ok,f2c608669b7452fb
13,0,1,0.15384615384615385,2,0,7,0,1,ok,3d94dc19f12254c6
0,0,0,,0,1,0,0,0,ok,c5385f62779d5f6e
16,3,3,0.0,0,8,1,3,0,ok,f5967916d3405f48
16,0,0,0.0625,1,0,13,0,0,ok,221432871e7c557a
0,0,0,,0,0,0,0,0,ok,d5c1a26807a8551b
11,0,0,0.0,0,0,2,0,0,ok,f9ab7613bb7c5d11
8,0,1,0.125,1,0,2,0,1,ok,a7209ece5b585f9c
16,1,1,0.0,0,0,3,0,0,ok,1c561518f0265c6a
7,15,15,0.0,0,32,3,14,0,ok,468969fa0d5e5536
0,0,0,,0,0,0,0,0,ok,0be8e6aa22785d25
12,0,0,0.08333333333333333,1,6,3,0,0,ok,4f9df2b45f1051e9
10,0,0,0.1,1,0,1,0,0,ok,969f5cf282f7540c
2,1,1,0.0,0,9,0,1,0,ok,02236c7802fd578b
7,1,3,0.2857142857142857,2,0,3,0,2,ok,5fb406fb2f9c5731
0,0,0,,0,0,4,0,0,ok,2e7e98a0ead15fbf
13,0,2,0.23076923076923078,3,0,3,0,2,ok,5b4465699a735598
16,2,5,0.1875,3,8,8,2,3,ok,0abaac61d3945fa2
0,0,0,,0,0,1,0,0,ok,7af646c0576a5722
11,2,2,0.0,0,4,1,2,0,ok,7837d9aa8c285e14
5,0,1,0.2,1,0,2,0,1,ok,416ac9ae4b125a72
1,0,0,0.0,0,11,0,0,0,ok,dfd2bd27d38a52c6
9,0,0,0.0,0,0,2,0,0,ok,6bcbe5a1348e5d73
9,3,2,0.0,0,6,2,2,0,ok,720360cac0e5573f
12,0,1,0.16666666666666666,2,0,2,0,1,ok,3bd4137a52465be6
16,1,1,0.0,0,10,5,1,0,ok,f5836ba4d312565a
10,10,11,0.1,1,25,5,10,1,ok,6487342cdc6c5e1e
5,0,0,0.0,0,2,1,0,0,ok,b201fccafeb45c92
5,3,4,0.2,1,11,3,3,1,ok,6dfea442b37b58cb
0,0,0,,0,1,1,0,0,ok,9d064f83b2945ead
0,0,0,,0,0,0,0,0,ok,c38b25cfca4f562e
0,0,0,,0,0,0,0,0,ok,4c7835c3f7b95911
15,0,2,0.3333333333333333,5,0,6,0,2,ok,835da070b8995bf1
16,0,1,0.0625,1,0,8,0,1,ok,9ef61c400f945d16
6,2,2,0.0,0,8,2,2,0,ok,2c49fcc7850f59d9
10,10,10,0.0,0,28,3,10,0,ok,a33065fc9a0d522d
5,0,0,0.0,0,1,1,0,0,ok,6b9d5be8881a516e
16,5,6,0.125,2,11,12,4,2,ok,e5694025548f5a0d
14,0,0,0.0,0,5,1,0,0,ok,ff7475419ce15794
0,0,0,,0,0,0,0,0,ok,39a00975500f5969
14,0,0,0.0,0,4,4,0,0,ok,5ca38243b7e15408
16,0,0,0.0625,1,1,3,0,0,ok,0e638a7e1cb85350
9,11,11,0.1111111111111111,1,27,1,11,0,ok,8b7a9a1c04515bc8
16,0,0,0.0,0,0,7,0,0,ok,92225e6f9343553b
16,0,0,0.0625,1,1,2,0,0,ok,ddd91f5c7a7658b6
16,0,3,0.1875,3,0,7,0,3,ok,befe98d1a3265ae7
16,0,1,0.1875,3,2,2,0,1,ok,ce82af709bc35432
16,0,0,0.0,0,3,7,0,0,ok,e207bd5421bc55b7
0,0,0,,0,0,0,0,0,ok,bad1efac291b5b30
13,0,1,0.07692307692307693,1,0,3,0,1,ok,31722d125c3b58ab
12,0,0,0.0,0,0,2,0,0,ok,19b57cd9650d5bb4
16,2,3,0.0625,1,4,13,2,1,ok,848beff9d7125db5
0,0,0,,0,0,0,0,0,ok,f0b51dbfb1a45117
4,2,2,0.0,0,9,0,2,0,ok,33ad0927d6be58ab
16,1,0,0.0625,1,6,0,0,0,ok,b1314ebae10a55fe
4,0,2,0.5,2,0,3,0,2,ok,2f371d53038f59fa
9,2,2,0.1111111111111111,1,6,4,2,0,ok,7d21aab9ec6a5790
16,0,0,0.0,0,5,5,0,0,ok,41c7b9b5d86156cd
1,0,0,0.0,0,0,0,0,0,ok,04ae2fb096fa57e8
16,0,1,0.125,2,0,1,0,1,ok,a9e2965df0225291
0,0,0,,0,0,0,0,0,ok,4c6a1bcaef3c5452
10,0,0,0.1,1,0,2,0,0,ok,f24b846704ee53e6
4,3,3,0.0,0,20,1,3,0,ok,c668bb916e89506b
0,0,0,,0,0,0,0,0,ok,f8a49a96cc6d515e
11,5,5,0.18181818181818182,2,8,1,5,0,ok,a78537c906065c5d
4,1,1,0.0,0,1,0,1,0,ok,c55ebe1465f6594f
8,0,0,0.0,0,0,2,0,0,ok,de0e75b5b5165502
14,2,2,0.0,0,9,4,1,0,ok,9c8c476a135e5fdd
0,0,0,,0,0,0,0,0,ok,a86f107a5f93553f
16,2,5,0.375,6,8,7,2,3,ok,0a6a13fca24959cc
11,1,1,0.0,0,10,1,1,0,ok,fc22aee16eea5a2d
16,0,1,0.0625,1,0,6,0,1,ok,8030da54c40852b8
2,1,1,0.0,0,6,1,1,0,ok,6bf6637415dc5931
0,0,0,,0,1,0,0,0,ok,8bed816450025397
0,0,0,,0,0,0,0,0,ok,4f2493b68eb3555c
0,0,0,,0,0,0,0,0,ok,7cfe06704b3858e4
0,0,0,,0,0,0,0,0,ok,545dc7abbc1b5faa
8,0,1,0.125,1,1,4,0,1,ok,1ff648d38574575e
13,0,0,0.0,0,0,4,0,0,ok,3ac55af6dedc5ca2
0,1,1,,0,2,2,1,0,ok,0519995472d05815
6,1,3,0.3333333333333333,2,3,6,0,2,ok,c2a4f18baf465655
8,0,0,0.125,1,1,3,0,0,ok,039f8388307f5547
0,3,3,,0,9,12,3,0,ok,d4895dc86da45aea
10,0,0,0.0,0,0,0,0,0,ok,9f9524a071b65625
4,1,0,0.0,0,10,1,0,0,ok,28a602e76e1b5fb2
16,13,13,0.0625,1,24,11,13,0,ok,73411e5bd9b65743
5,1,1,0.0,0,7,5,1,0,ok,df4ca292cab95448
16,0,0,0.0625,1,1,3,0,0,ok,23b77c393a075383
3,0,0,0.0,0,5,1,0,0,ok,f051f0358fe057c0
0,0,0,,0,0,1,0,0,ok,03a4d87fa15e5043
0,0,0,,0,1,0,0,0,ok,385c1792e8295dd4
16,1,1,0.0625,1,4,9,0,0,ok,e0dabd828b1a56d4
8,2,1,0.0,0,2,1,1,0,ok,82b19e781d355a87
3,0,1,0.3333333333333333,1,0,1,0,1,ok,0d9b951ecd7a550c
15,10,11,0.06666666666666667,1,19,13,10,1,ok,40631646047153ce
5,3,2,0.0,0,7,6,2,0,ok,0dcd50f7d270527a
0,0,0,,0,0,0,0,0,ok,dd32504a659e5e24
7,0,0,0.0,0,4,4,0,0,ok,141648d45be45704
16,0,1,0.0625,1,0,5,0,1,ok,1a67875518cb5388
5,0,2,0.4,2,0,4,0,2,ok,7630788cbc7f5f59
3,0,0,0.0,0,1,0,0,0,ok,666ee535a52a5acc
16,0,0,0.0625,1,0,5,0,0,ok,cdca357751e954c9
6,0,0,0.0,0,0,0,0,0,ok,3f1b655c91185de4
0,0,0,,0,0,1,0,0,ok,7d4286e68aee5c8b
12,3,1,0.0,0,5,4,1,0,ok,405a73af73545754
0,0,0,,0,1,0,0,0,ok,11a1d14783795a6e
0,0,0,,0,0,1,0,0,ok,250aa592cfe85a9c
16,1,2,0.0625,1,14,9,1,1,ok,90db726e3ac857af
0,0,0,,0,1,0,0,0,ok,ba9901f25bdb5afe
16,1,3,0.125,2,0,12,0,2,ok,a63d0c4ac7815124
3,2,2,0.0,0,17,3,2,0,ok,50499e1b23f35ee5
16,1,3,0.1875,3,0,6,0,2,ok,35f7002ae19d5d5c
0,5,5,,0,19,8,5,0,ok,12e21a16039857b0
16,2,2,0.25,4,9,6,2,0,ok,45006ccf01b25c29
7,0,0,0.0,0,0,4,0,0,ok,56a706436c0f5b87
16,3,3,0.0625,1,4,9,2,1,ok,c0f18a6536e65d9e
16,2,5,0.1875,3,12,16,2,3,ok,5752b92cf7d6580a
5,0,0,0.0,0,3,0,0,0,ok,90caeb6f7b915099
10,0,0,0.0,0,1,4,0,0,ok,bf91bfdbfef15b6e
9,2,2,0.0,0,7,2,2,0,ok,7b347d8f199a551c
0,0,0,,0,0,0,0,0,ok,68d7b9d01440505a
4,0,0,0.0,0,0,1,0,0,ok,a4ff74704ada5c81
0,1,1,,0,1,0,1,0,ok,aecc8d3efcc85577
9,8,8,0.0,0,23,4,8,0,ok,3cd5ae9f4c875425
0,4,4,,0,27,4,4,0,ok,e891bdaa5c965284
0,0,0,,0,5,0,0,0,ok,0f43839b3a2a551d
0,1,1,,0,2,1,1,0,ok,c2fddda6cfb25528
0,0,0,,0,0,2,0,0,ok,ecf396c0750e5576
4,0,0,0.0,0,0,4,0,0,ok,24dc2e0a19a9593d
16,0,0,0.0,0,0,3,0,0,ok,eb94b0a52a7e5691
16,0,0,0.0,0,0,9,0,0,ok,d00fe72bb0445288
15,2,3,0.06666666666666667,1,3,6,2,1,ok,aa2304aec7905bce
5,0,0,0.0,0,0,2,0,0,ok,341482b182c55116
12,0,1,0.08333333333333333,1,2,3,0,1,ok,51c5c860360c58d8
0,0,0,,0,4,0,0,0,ok,6c76261cde8254c7
0,0,0,,0,0,0,0,0,ok,12404afc307a5a38
9,0,1,0.1111111111111111,1,0,2,0,1,ok,c4572a1fce5e534c
12,0,0,0.0,0,0,0,0,0,ok,8c0876cfbe8a51a1
16,0,1,0.0625,1,0,6,0,1,ok,d13019b773cb559d
12,1,2,0.08333333333333333,1,5,4,1,1,ok,95d0a24b84315d2f
6,0,0,0.0,0,2,2,0,0,ok,20382da613a75147
0,0,0,,0,3,1,0,0,ok,13074726e8a95621
16,0,0,0.0,0,0,2,0,0,ok,c92ed03b7dca5f64
9,13,12,0.1111111111111111,1,24,6,12,0,ok,f95fcf27f5b3536c
9,0,0,0.0,0,0,4,0,0,ok,410fac99463459e6
10,0,0,0.0,0,0,3,0,0,ok,0e5085e3a7f9577b
0,0,0,,0,0,1,0,0,ok,a4f4f55aed8b5ea6
16,0,0,0.0,0,0,3,0,0,ok,5dc90f8c37da58a3
0,1,0,,0,5,0,0,0,ok,6ea7ee7a2dd6520c
0,0,0,,0,0,1,0,0,ok,e77b57caf94d5398
7,0,1,0.14285714285714285,1,5,4,0,1,ok,9d3bfb39675f5546
8,0,1,0.125,1,0,1,0,1,ok,0571096a73b35f99
16,2,2,0.0,0,9,4,2,0,ok,4286cdcefa545166
9,10,10,0.0,0,27,3,10,0,ok,6557c71ff9a65f33
7,0,1,0.2857142857142857,2,1,2,0,1,ok,45d44eab2553598d
16,0,0,0.0625,1,1,2,0,0,ok,93247bc8e60f54e5
2,1,1,0.0,0,7,1,1,0,ok,f29cd63132ce5310
8,1,1,0.25,2,2,2,0,1,ok,dde4b2d6952b500a
16,0,2,0.125,2,0,3,0,2,ok,bc674a54e04458dc
0,1,1,,0,8,4,1,0,ok,a48f020558ed5ebb
14,0,1,0.21428571428571427,3,0,3,0,1,ok,123fad92efd75c19
16,0,2,0.125,2,5,11,0,2,ok,a6543404270f518a
0,0,0,,0,0,0,0,0,ok,a77bbe02ec4750a8
7,0,1,0.2857142857142857,2,0,5,0,1,ok,2dfa7549057b52d6
16,2,4,0.125,2,12,11,2,2,ok,8befb11e27e45c9b
15,1,1,0.0,0,6,3,1,0,ok,c75894b604935cee
16,1,1,0.125,2,4,5,1,0,ok,b0388feeccd55c04
16,0,0,0.0625,1,0,1,0,0,ok,7c25b8c1c49653f0
16,0,0,0.0,0,1,2,0,0,ok,6f7a58934dec5568
5,0,0,0.0,0,0,1,0,0,ok,127fa909fe6a5f22
16,0,0,0.0,0,0,1,0,0,ok,c31e5a1bfdbb56bb
9,4,4,0.2222222222222222,2,13,4,4,0,ok,f71996db3cb15ee8
16,0,0,0.0,0,0,5,0,0,ok,1a51a9ceccb95309
7,1,1,0.0,0,3,1,1,0,ok,9c551f3715915a54
2,0,0,0.0,0,0,1,0,0,ok,0e449f4d20425734
15,0,2,0.2,3,0,4,0,2,ok,4075220c49b152fb
12,0,1,0.16666666666666666,2,1,2,0,1,ok,853d1a79d95f5593
1,0,0,0.0,0,0,0,0,0,ok,c8b0aa11d5cc5feb
16,0,0,0.125,2,0,5,0,0,ok,03a6d95249b9534d
9,7,8,0.2222222222222222,2,36,5,7,1,ok,94fde6ee1b93579b
1,0,0,0.0,0,0,4,0,0,ok,e469ef1c80465411
16,0,0,0.0,0,3,4,0,0,ok,051a514c9ed65441
14,0,1,0.14285714285714285,2,3,7,0,1,ok,a9314aaeb7d85c4c
0,0,0,,0,0,0,0,0,ok,39ef696114755f46
1,1,0,0.0,0,4,1,0,0,ok,43a776a0ba4352b4
16,0,0,0.0,0,2,1,0,0,ok,373e0c56c01d5535
0,0,0,,0,0,0,0,0,ok,86f52f1b4889508a
16,0,0,0.0,0,0,4,0,0,ok,e6dffa9fae0e5e8e
16,0,1,0.0625,1,0,3,0,1,ok,f9136038cb5a5a94
9,7,9,0.2222222222222222,2,20,3,7,2,ok,7d479028b2415d7c
16,0,0,0.0,0,1,2,0,0,ok,4ae7215238dd5372
14,0,1,0.14285714285714285,2,0,2,0,1,ok,7081df69deb45c38
0,2,2,,0,12,0,2,0,ok,dea724d231125016
16,0,2,0.125,2,0,6,0,2,ok,12f1cb65ac4c55ad
16,0,0,0.0,0,0,6,0,0,ok,d074c592bad9541c
0,0,0,,0,1,0,0,0,ok,a752fa0033d15a15
11,10,10,0.09090909090909091,1,16,0,10,0,ok,f61d175c26695b9c
0,0,0,,0,0,0,0,0,ok,6b13c800046451f7
16,0,0,0.0,0,2,2,0,0,ok,9681bb94f13c5887
16,1,1,0.125,2,17,4,1,0,ok,07092efebe835802
16,0,2,0.125,2,1,3,0,2,ok,cda3ff45ee3959b3
14,0,2,0.14285714285714285,2,0,9,0,2,ok,bd2892d176835e2b
0,0,0,,0,1,0,0,0,ok,2109265abe425ec9
10,1,2,0.1,1,8,5,1,1,ok,8999c23fa3e0546c
10,5,6,0.1,1,10,3,5,1,ok,ee5e48c23d0b5fa8
12,0,0,0.0,0,0,5,0,0,ok,d60d09e016575527
16,0,0,0.0,0,0,6,0,0,ok,dec6dcd7313a5d03
16,0,2,0.125,2,0,6,0,2,ok,20fc5cf0b6205cb0
7,0,0,0.0,0,3,4,0,0,ok,9d44bcc65a4a55fb
16,0,0,0.0,0,3,5,0,0,ok,b814184ddc615d4f
2,0,0,0.0,0,0,2,0,0,ok,cbb7580a21485d43
11,0,0,0.09090909090909091,1,1,1,0,0,ok,ef1155cd09785874
0,0,0,,0,0,0,0,0,ok,5707bcd081f2501b
14,0,0,0.07142857142857142,1,0,0,0,0,ok,975ffea7058c5e15
0,0,0,,0,1,0,0,0,ok,b6ae300a91aa56be
10,0,0,0.0,0,0,3,0,0,ok,1564acda952d558e
0,0,0,,0,0,0,0,0,ok,90728e022adc5dde
16,3,6,0.3125,5,17,17,3,3,ok,346342805cd35e43
11,1,1,0.09090909090909091,1,5,4,0,0,ok,085507627c965a32
14,0,0,0.0,0,1,4,0,0,ok,ccbb62bf585e590d
0,0,0,,0,0,0,0,0,ok,f4246613dda55904
0,0,0,,0,2,0,0,0,ok,3e101abe481a50d6
0,0,0,,0,0,1,0,0,ok,1135008f1821509d
4,1,1,0.0,0,3,2,1,0,ok,930e85ea729153fa
11,0,0,0.0,0,0,2,0,0,ok,2753b625684c55aa
13,1,3,0.3076923076923077,4,1,6,0,2,ok,9f25dfab8c8b5399
16,3,3,0.125,2,8,2,3,0,ok,c58071e4fb9456d2
4,3,2,0.0,0,5,2,2,0,ok,29ccd70396dc5d61
16,0,0,0.0,0,0,0,0,0,ok,f4b5739132e159b6
13,0,0,0.0,0,0,9,0,0,ok,c3850ad7f51c5c5a
0,0,0,,0,0,0,0,0,ok,0dad4dea875c52eb
6,0,0,0.0,0,0,4,0,0,ok,6c3a8d6f0aa85872
16,0,0,0.0,0,0,3,0,0,ok,61e3e608b34b5c0f
10,0,0,0.1,1,1,3,0,0,ok,9bf9dcd973fb548a
10,0,2,0.2,2,0,4,0,2,ok,961c67040ea95757
0,0,0,,0,2,0,0,0,ok,424c5f2df8315cb5
8,0,0,0.0,0,0,0,0,0,ok,3373d45c67215919
15,0,0,0.0,0,0,3,0,0,ok,bf43a890a9ca57c5
9,1,2,0.2222222222222222,2,2,9,1,1,ok,f8ef5c434f3d558f
12,0,0,0.0,0,0,5,0,0,ok,cdf4a3927c6e51b6
13,2,3,0.07692307692307693,1,1,9,0,1,ok,ca297819235d5e7e
12,5,5,0.0,0,14,5,5,0,ok,cfe22f5d8edd5067
14,1,1,0.14285714285714285,2,5,5,0,1,ok,e1d7d1f76faf543d
14,0,2,0.14285714285714285,2,0,7,0,2,ok,265b1871a8df5212
16,0,1,0.0625,1,2,10,0,1,ok,a35a4ec56c0a587e
16,0,0,0.125,2,0,2,0,0,ok,e0445f3fe29655d6
15,0,0,0.06666666666666667,1,0,1,0,0,ok,a07b5832d5cc5024
0,0,0,,0,0,0,0,0,ok,bde138cb199258f1
16,5,7,0.1875,3,12,50,0,3,ok,a584a67a253c5663
16,0,2,0.125,2,6,8,0,2,ok,1a7eb23244e057cb
5,0,0,0.0,0,0,2,0,0,ok,da76e3eb6f735893
7,0,0,0.0,0,0,10,0,0,ok,b0a2834061a451f1
3,0,0,0.0,0,6,2,0,0,ok,b3993a595d87560d
9,0,1,0.1111111111111111,1,0,4,0,1,ok,35adc015f0115841
7,1,2,0.2857142857142857,2,0,2,0,1,ok,4f20b0de7ddc521a
16,0,0,0.0,0,1,5,0,0,ok,75c6d6506c385ecb
13,0,1,0.07692307692307693,1,0,4,0,1,ok,42e78d36da465f6c
13,1,0,0.0,0,4,2,0,0,ok,cbe0161693f452f7
5,0,0,0.0,0,3,1,0,0,ok,35c9498da5335bf5
0,0,0,,0,0,0,0,0,ok,ea80960005525efe
16,0,1,0.0625,1,0,8,0,1,ok,e23cc548b4e55f42
5,0,0,0.0,0,1,0,0,0,ok,266c0f9297435282
5,0,1,0.2,1,1,2,0,1,ok,0b594fdbe5455135
2,1,1,0.0,0,5,2,1,0,ok,558267575d975819
9,1,1,0.0,0,9,1,1,0,ok,dc0dc1ed270c5c39
11,0,0,0.0,0,1,1,0,0,ok,6377c3860725541a
0,0,0,,0,0,2,0,0,ok,6c3ac2e2e7d751ea
10,0,0,0.0,0,0,0,0,0,ok,34586b35bcd65f03
0,0,0,,0,0,0,0,0,ok,0dcc7c4298465874
0,0,0,,0,0,0,0,0,ok,82fc87d857695b4e
11,0,1,0.18181818181818182,2,0,1,0,1,ok,f33d135a852a5763
13,4,4,0.0,0,11,1,4,0,ok,6be8f2278e9151c0
16,1,2,0.125,2,4,5,1,1,ok,1f4924929c4554ce
8,0,0,0.125,1,0,2,0,0,ok,23707a53deea5bce
16,0,1,0.0625,1,0,3,0,1,ok,0fc124f6f0525d82
8,0,0,0.0,0,0,2,0,0,ok,b0db13cb7ab95c00
0,4,2,,0,10,3,2,0,ok,d49ad7cd9afb597a
7,0,0,0.0,0,0,6,0,0,ok,89810d92eb97561b
11,0,0,0.0,0,0,3,0,0,ok,05a1d67db598505c
9,0,0,0.0,0,7,5,0,0,ok,ec8b293bbd2057b1
0,0,0,,0,0,2,0,0,ok,f9d06acca93d54f1
4,0,0,0.0,0,1,2,0,0,ok,50dc41c87b40590f
13,0,1,0.07692307692307693,1,2,7,0,1,ok,2b2820218a7351ff
16,0,2,0.25,4,0,3,0,2,ok,80583fa9a56b5906
7,5,5,0.14285714285714285,1,14,1,5,0,ok,7ed4b056f6b65b2a
0,1,1,,0,13,2,1,0,ok,519d1d8a604a57cb
16,1,0,0.0,0,1,5,0,0,ok,fd503ab441a4526e
10,0,2,0.3,3,0,3,0,2,ok,75f6a9251b205596
7,0,2,0.2857142857142857,2,0,5,0,2,ok,4457ffca3ad05cdf
6,0,0,0.0,0,2,2,0,0,ok,fca99f190ff45638
15,2,3,0.06666666666666667,1,15,4,2,1,ok,6cdb1c48412d511b
16,0,1,0.0625,1,1,7,0,1,ok,274e8f4bea3b5de7
3,1,1,0.0,0,3,2,1,0,ok,8927eec665f05858
13,0,0,0.0,0,0,2,0,0,ok,d5974b9bda225935
9,0,0,0.0,0,0,2,0,0,ok,61a0ad185f5457d3
1,0,0,0.0,0,0,1,0,0,ok,09d7b8e0666c5aac
6,0,0,0.0,0,5,4,0,0,ok,db3efe01d7f25cc1
13,3,4,0.15384615384615385,2,6,4,2,2,ok,b238604d2485551b
14,0,1,0.07142857142857142,1,0,4,0,1,ok,d1481b8e0e80517b
10,1,0,0.0,0,3,6,0,0,ok,ac9c38084da95ec6
7,0,0,0.0,0,0,5,0,0,ok,30c33615a10459b6
16,0,0,0.0,0,6,8,0,0,ok,6fea799e279c51b2
12,0,0,0.08333333333333333,1,0,4,0,0,ok,ebf97b8b0d9350d5
5,5,5,0.0,0,7,0,5,0,ok,6b9ac38a29be50b9
0,0,0,,0,0,0,0,0,ok,715bdef453925fdd
3,0,0,0.0,0,4,1,0,0,ok,379b9337542359bd
1,0,0,0.0,0,5,0,0,0,ok,3aec3c796f765d54
10,0,1,0.2,2,0,2,0,1,ok,2827da5ef01456e9
11,0,0,0.0,0,0,2,0,0,ok,3e29e7ec100a54c0
0,0,0,,0,0,1,0,0,ok,1db178aecee05fcb
6,13,13,0.0,0,31,2,13,0,ok,f4c2a4d102db5c68
8,2,0,0.0,0,8,6,0,0,ok,91f24de33eb35166
0,0,0,,0,0,0,0,0,ok,6077feca4dfc52dc
4,0,0,0.0,0,3,3,0,0,ok,b6c632573c0756bf
0,0,0,,0,1,0,0,0,ok,f53c23b2817255d2
6,0,1,0.16666666666666666,1,7,2,0,1,ok,ccc4fff6dbdb5d3f
2,0,1,0.5,1,0,2,0,1,ok,7ecbf43ad67350ab
3,0,0,0.0,0,0,2,0,0,ok,68b8821ed074551e
8,6,6,0.125,1,32,1,6,0,ok,848e81fa2bcf5f4c
1,1,1,0.0,0,12,1,1,0,ok,7acaf18d31c158a8
0,0,0,,0,0,3,0,0,ok,cb0183679d105388
1,0,0,0.0,0,0,0,0,0,ok,4bba8946144858d2
3,0,0,0.0,0,1,2,0,0,ok,9e01954c739b5708
3,7,7,0.0,0,16,1,7,0,ok,a7d0446372dc5d48
0,0,0,,0,0,0,0,0,ok,a9afdcf58b795c0a
11,0,1,0.09090909090909091,1,0,2,0,1,ok,df6fd8d0c4755ab2
16,0,1,0.0625,1,0,6,0,1,ok,50cbd2e99dfd5a9c
5,0,0,0.2,1,0,2,0,0,ok,370982411564539e
16,10,10,0.0625,1,30,9,10,0,ok,2dda839937f95ecd
16,0,1,0.0625,1,0,4,0,1,ok,1657677e1365512a
16,1,1,0.0,0,0,7,0,0,ok,b7716f4236575a2c
10,0,0,0.1,1,5,4,0,0,ok,f0d32b9359185b47
10,3,4,0.1,1,14,9,3,1,ok,c24c854a28d95a1a
16,1,1,0.0,0,9,7,1,0,ok,0b68f4dea9185b55
6,1,1,0.0,0,10,2,1,0,ok,7e5a658082595dc2
1,1,1,0.0,0,15,0,1,0,ok,07830754f1ef541e
11,0,2,0.36363636363636365,4,0,4,0,2,ok,f37eb69f352853a6
10,0,0,0.0,0,1,3,0,0,ok,c4f41ae53ab3529f
16,0,1,0.125,2,0,4,0,1,ok,3cdffcfabe74561e
7,0,0,0.0,0,0,3,0,0,ok,da0efe83020d55e4
1,0,0,0.0,0,2,0,0,0,ok,3bed1af761c35e35
6,2,2,0.0,0,11,11,2,0,ok,760f8a234d705874
9,0,2,0.3333333333333333,3,3,5,0,2,ok,c99e5682f24f5608
0,0,0,,0,0,0,0,0,ok,a7bf326d638a5401
3,0,0,0.0,0,0,1,0,0,ok,0ee8c44414f15b56
12,0,0,0.0,0,0,0,0,0,ok,563893acc24c5e2f
13,0,2,0.15384615384615385,2,0,5,0,2,ok,e7033b1f416852ff
6,0,0,0.0,0,4,1,0,0,ok,6f05194c55a65e93
16,0,1,0.1875,3,0,6,0,1,ok,3d364b5f184758b3
11,0,1,0.09090909090909091,1,1,6,0,1,ok,e4181e2d2b885aed
13,0,0,0.23076923076923078,3,11,3,0,0,ok,ffcea8a25d6a5e45
0,2,1,,0,4,2,1,0,ok,2e26607629375365
1,1,1,0.0,0,4,1,1,0,ok,44d76153a235567f
16,0,0,0.0,0,3,6,0,0,ok,4f3be3ba9b4a5066
4,0,0,0.0,0,9,2,0,0,ok,0b91d53ecc195865
0,0,0,,0,0,0,0,0,ok,14b2456ff1615aec
0,0,0,,0,12,3,0,0,ok,de04af2ad3625d13
0,0,0,,0,0,0,0,0,ok,10aa850333705636
16,2,2,0.3125,5,7,7,1,1,ok,f7b02ced79c85ac4
8,1,0,0.0,0,3,2,0,0,ok,d07efab633c35513
0,0,0,,0,2,1,0,0,ok,a81e9dc958c75afc
16,1,3,0.125,2,6,12,1,2,ok,25eb686fd1e558a4
0,0,0,,0,0,2,0,0,ok,ba7d03d693a359c6
16,1,2,0.0625,1,4,6,0,1,ok,195c52764efb5dff
16,0,2,0.125,2,0,6,0,2,ok,41f953c5e5d35f9e
6,0,2,0.3333333333333333,2,1,4,0,2,ok,14071b253b915f4d
0,0,0,,0,0,1,0,0,ok,8a0efa1d8a525aee
0,0,0,,0,6,2,0,0,ok,b811d21ac6555583
4,1,1,0.25,1,2,1,1,0,ok,a7fa9a7162595d79
4,0,0,0.0,0,2,0,0,0,ok,51480b09db315e89
16,2,0,0.0625,1,13,6,0,0,ok,013c67d29db55848
16,0,0,0.0625,1,1,1,0,0,ok,2c3e091b225b56f6
11,0,0,0.09090909090909091,1,0,4,0,0,ok,9d67b6d20a0256c3
11,6,7,0.09090909090909091,1,19,4,6,1,ok,23dcff1f8bf15ffe
16,0,1,0.0625,1,0,5,0,1,ok,eaf8346c0e0659af
13,0,1,0.07692307692307693,1,0,3,0,1,ok,04bad6867f215b0c
8,0,0,0.0,0,0,1,0,0,ok,2c18d1604abe52b8
6,6,6,0.0,0,13,3,6,0,ok,9b427204917759dd
8,0,0,0.0,0,0,1,0,0,ok,0a1bc13180765b30
7,0,0,0.0,0,3,1,0,0,ok,4f38dbf6407f55c9
13,1,4,0.3076923076923077,4,7,10,1,3,ok,742b1d2c6cf156c6
0,0,0,,0,0,0,0,0,ok,b9693ecff8ee5975
2,0,0,0.0,0,1,1,0,0,ok,f5df0b5f8b815bab
0,0,0,,0,0,2,0,0,ok,0e44a0d7f62e5a17
16,1,2,0.0625,1,0,10,0,1,ok,16051edad43551c6
16,0,0,0.0,0,0,3,0,0,ok,28f6ac4939a75837
15,0,1,0.13333333333333333,2,0,3,0,1,ok,39f9fed7f8d852e0
1,1,0,0.0,0,24,12,0,0,ok,11cad49929b953f5
3,1,1,0.0,0,5,7,1,0,ok,9d08c0384e2a56db
14,0,3,0.35714285714285715,5,0,6,0,3,ok,b5c53dbac7fc5d9b
13,0,0,0.0,0,0,4,0,0,ok,505104519aa55805
15,0,1,0.13333333333333333,2,0,4,0,1,ok,2559677b0eba5a06
0,0,0,,0,0,0,0,0,ok,4c12c2a66a99509f
0,0,0,,0,2,0,0,0,ok,1ae72da4e1c8513c
3,3,3,0.0,0,9,0,3,0,ok,92ec9ff46c8b549c
16,1,1,0.125,2,5,7,1,0,ok,1d7bec3b0b335ced
5,0,1,0.4,2,3,1,0,1,ok,d47a8e1eb15c5413
0,0,0,,0,0,0,0,0,ok,92a5fa0e73935ffa
16,1,4,0.375,6,3,10,1,3,ok,df42c690322651d2
0,0,0,,0,1,4,0,0,ok,f829856438885c26
7,1,1,0.0,0,4,8,1,0,ok,aecc3e204acc5dcc
6,0,0,0.0,0,2,4,0,0,ok,07b3976583a2598b
7,1,1,0.0,0,3,3,1,0,ok,1d0735a2e2fe5ce6
11,4,5,0.09090909090909091,1,30,3,4,1,ok,6e8c7972046c5871
14,13,13,0.0,0,31,4,13,0,ok,999155363ad45e8c
16,4,5,0.1875,3,16,4,4,1,ok,05c0a4de43835cd8
0,0,0,,0,4,0,0,0,ok,4797ee265c5953a7
0,0,0,,0,0,0,0,0,ok,5e26e58c1f5856d4
16,0,0,0.0,0,0,4,0,0,ok,81dc9a5983d6571d
13,2,1,0.0,0,8,2,1,0,ok,cc7489abf9825d58
16,1,2,0.0625,1,0,3,0,1,ok,dbb7258c0879554b
7,0,0,0.2857142857142857,2,0,1,0,0,ok,dbe87746a2b15f76
12,0,1,0.16666666666666666,2,3,3,0,1,ok,32c701945632508c
16,0,0,0.0,0,0,4,0,0,ok,3e99a66a9c70564b
10,0,0,0.1,1,0,4,0,0,ok,7c3f321986ea5ecc
13,5,5,0.0,0,14,18,5,0,ok,1890d9f78a5a5abf
14,0,2,0.14285714285714285,2,0,9,0,2,ok,e4a938a872a65a40
15,0,0,0.0,0,0,5,0,0,ok,cd6ac9a9057e52de
16,0,0,0.0,0,1,4,0,0,ok,b8606fb404975ccf
5,1,2,0.2,1,5,3,1,1,ok,87219cae6a8851ef
16,0,1,0.0625,1,1,4,0,1,ok,dddf75bc9c705ec2
12,0,0,0.0,0,1,5,0,0,ok,b6f1d994ec3d5bdb
0,0,0,,0,3,0,0,0,ok,5506d531b3905785
0,0,0,,0,0,0,0,0,ok,06542828abc250df
15,5,1,0.0,0,0,1,0,0,ok,38ddcfa960f45c31
9,8,8,0.0,0,26,3,8,0,ok,03bca1be526956b8
11,0,1,0.18181818181818182,2,0,3,0,1,ok,90b468f158c35f37
16,0,1,0.0625,1,0,5,0,1,ok,3d41f95debf352a9
14,8,9,0.14285714285714285,2,17,14,6,1,ok,bf253a7ed21a562e
16,0,0,0.0,0,2,2,0,0,ok,7db3521d58335e9e
11,0,0,0.09090909090909091,1,0,4,0,0,ok,999f65d376d755d5
12,2,3,0.08333333333333333,1,7,3,2,1,ok,28864df8e6cc59a0
16,0,0,0.0,0,0,5,0,0,ok,396385fc7dbd530f
0,0,0,,0,1,0,0,0,ok,f810d50ad2445468
11,5,6,0.09090909090909091,1,10,6,5,1,ok,d0cbd78664d354c1
0,0,0,,0,0,0,0,0,ok,cbbb8d21854a5939
16,0,1,0.0625,1,0,4,0,1,ok,0a5af24e0862573d
16,0,0,0.0,0,0,2,0,0,ok,2a4636b583ae566e
11,0,1,0.18181818181818182,2,1,5,0,1,ok,b50859c4c12b5b7e
0,0,0,,0,0,0,0,0,ok,2a2a428addf15df7
5,0,0,0.0,0,0,3,0,0,ok,a7089baa9c685405
16,0,0,0.0,0,0,1,0,0,ok,597f7115445954cd
16,0,1,0.0625,1,4,7,0,1,ok,56a8e062a6d552bd
0,0,0,,0,0,0,0,0,ok,29de6daf33bb546d
10,0,0,0.2,2,1,3,0,0,ok,9838859217d65b53
7,8,7,0.14285714285714285,1,20,2,7,0,ok,087e04f0f352539e
4,0,2,0.5,2,0,2,0,2,ok,4878458876a35dd5
0,0,0,,0,1,0,0,0,ok,dadfbeeedddb5120
3,0,0,0.0,0,4,1,0,0,ok,0cc5faa8044b54e3
2,3,3,0.0,0,28,5,3,0,ok,7820e9dbb2e25d99
16,0,1,0.0625,1,0,8,0,1,ok,a5205263513956a9
15,0,0,0.0,0,0,2,0,0,ok,84152ea5127b5da9
0,0,0,,0,1,0,0,0,ok,a56b9a34fe805f93
2,1,1,0.0,0,6,1,1,0,ok,5d643c47c958580a
10,0,2,0.3,3,0,2,0,2,ok,c27c3054af8a528f
0,0,0,,0,0,1,0,0,ok,9cba71f35cf1547c
7,2,3,0.14285714285714285,1,13,7,2,1,ok,6d87c4cdd0e3538e
3,0,1,0.3333333333333333,1,0,1,0,1,ok,9b287b41b162575c
9,1,3,0.2222222222222222,2,7,8,1,2,ok,260dc6378dca5c6b
16,0,0,0.0625,1,1,1,0,0,ok,0f7b2eac06fb583b
16,0,0,0.0,0,0,2,0,0,ok,7ff82e22da995c9e
16,0,1,0.1875,3,0,6,0,1,ok,9472a25d85f4587e
13,1,1,0.07692307692307693,1,4,4,1,0,ok,287343a671c553ed
16,1,2,0.0625,1,1,5,1,1,ok,18bf82786c855533
0,0,0,,0,0,3,0,0,ok,0e76ec82add352f0
0,0,0,,0,1,1,0,0,ok,a8549248bad65bc5
9,0,0,0.0,0,0,3,0,0,ok,86f21beabd4c53a4
0,0,0,,0,0,1,0,0,ok,ee9477b1b3ed56b0
16,0,2,0.3125,5,0,8,0,2,ok,75e6aa8f21185e9c
0,0,0,,0,5,3,0,0,ok,48366562c06453db
14,0,0,0.0,0,0,7,0,0,ok,f391064c8a53590b
16,0,0,0.0,0,0,5,0,0,ok,8d6aaa0f40d35198
16,0,0,0.0,0,6,7,0,0,ok,d470a334a1215db4
2,0,0,0.0,0,0,5,0,0,ok,9cc20eb95a2f568b
11,0,1,0.09090909090909091,1,3,1,0,1,ok,19dafa714237546e
16,0,0,0.0625,1,8,6,0,0,ok,c122fd677fef50aa
5,4,5,0.4,2,8,2,4,1,ok,c8c6e06bf724594d
13,0,0,0.0,0,0,0,0,0,ok,8459260bcde85be8
2,0,0,0.0,0,9,1,0,0,ok,9e9bd5448abd5bff
0,0,0,,0,0,0,0,0,ok,1e798369dbe85723
11,20,21,0.09090909090909091,1,31,6,20,1,ok,9a718e2691765382
16,1,1,0.0,0,4,5,1,0,ok,e37625816d2c5ac8
0,0,0,,0,4,0,0,0,ok,bb64d35c7097534d
15,0,1,0.13333333333333333,2,1,3,0,1,ok,ac242aa30ec85693
16,0,1,0.125,2,1,1,0,1,ok,b4bc4f7195ea5e95
16,1,1,0.0,0,4,2,1,0,ok,ead25146e3a35611
6,0,0,0.0,0,6,1,0,0,ok,2ebe865d666a5f93
16,1,1,0.0,0,2,11,0,0,ok,e196d9907cdd58a5
0,0,0,,0,0,1,0,0,ok,e1436246ee635022
8,0,0,0.0,0,0,1,0,0,ok,32da71692b9b5b04
9,0,0,0.0,0,0,1,0,0,ok,c2dfd1fb3efd5015
13,2,2,0.07692307692307693,1,4,3,2,0,ok,fa3d798c8895577d
4,0,0,0.0,0,1,1,0,0,ok,7993e98dd2695b7b
0,0,0,,0,0,1,0,0,ok,48f52aa8772c55cb
16,0,1,0.0625,1,0,3,0,1,ok,b99a00b797545cf9
13,0,0,0.07692307692307693,1,0,2,0,0,ok,fd673844bc5754ad
0,0,0,,0,0,0,0,0,ok,2569de83e40e51e5
0,0,0,,0,1,0,0,0,ok,00177b4e56eb5b19
13,0,0,0.0,0,0,4,0,0,ok,8dd85f9ebd6d555c
0,2,2,,0,8,1,2,0,ok,89e6f1bda31255d2
0,0,0,,0,0,0,0,0,ok,b7f446fbce085010
0,0,0,,0,0,0,0,0,ok,d91b48ca1ab953aa
6,0,0,0.0,0,2,1,0,0,ok,91279b64052058d3
16,0,2,0.25,4,2,9,0,2,ok,9f46aa98ad325744
15,1,2,0.06666666666666667,1,6,10,1,1,ok,a2f26f1ca4b35ad6
7,0,0,0.0,0,0,1,0,0,ok,b7a2928745155342
12,4,5,0.08333333333333333,1,10,2,4,1,ok,0d50cdc7f9cd53ec
0,0,0,,0,0,0,0,0,ok,c504ad68132755b0
16,0,0,0.0,0,0,4,0,0,ok,96aba6a3fad95109
11,0,0,0.0,0,0,3,0,0,ok,a7882b57f03d5efd
14,0,1,0.07142857142857142,1,0,2,0,1,ok,6cf7625eb2055d25
16,2,2,0.0,0,6,3,2,0,ok,009cd1408a22573c
16,0,0,0.125,2,0,2,0,0,ok,1d101114d78654c8
8,0,0,0.0,0,0,4,0,0,ok,1e820218140b555e
7,13,13,0.0,0,26,3,13,0,ok,b93a0e99077d5d4a
7,9,9,0.0,0,17,1,9,0,ok,b112683f3e105e17
16,3,3,0.0,0,14,8,2,0,ok,1a4b2d2756cd530e
16,0,0,0.0625,1,0,2,0,0,ok,dcc3338a9a185fe9
16,3,3,0.25,4,8,6,3,0,ok,a99ca9904d235771
2,2,2,0.5,1,5,0,2,0,ok,25d0e4196eac5782
7,1,1,0.0,0,8,2,1,0,ok,47c9fb69dd7a56af
12,1,3,0.3333333333333333,4,1,5,0,2,ok,9ea38305d41b5e22
0,0,0,,0,0,0,0,0,ok,0b2ca477901751f8
1,0,0,0.0,0,4,1,0,0,ok,cba08a71b2c3591d
6,7,7,0.0,0,26,6,7,0,ok,a914c896a69f5ed4
16,0,0,0.0,0,0,3,0,0,ok,ef001a1e4c575115
16,0,2,0.125,2,1,17,0,2,ok,83c89a0c79235d17
11,2,2,0.0,0,5,2,2,0,ok,7c96c659bff25ef6
3,0,0,0.0,0,1,2,0,0,ok,5ead086fd3f35634
0,0,0,,0,1,4,0,0,ok,783d965a4c775c79
16,9,10,0.4375,7,28,7,9,1,ok,7200dcdd4ad05210
11,0,2,0.18181818181818182,2,0,5,0,2,ok,8a6f6d65d8b35fd1
2,0,0,0.0,0,1,1,0,0,ok,95f38a01802e5185
0,0,0,,0,0,1,0,0,ok,d43c198719cf529a
0,0,0,,0,3,1,0,0,ok,46334dcfe8695537
16,0,1,0.0625,1,0,1,0,1,ok,8f3fb50f2d575b94
0,0,0,,0,0,1,0,0,ok,7fadcb00414f5787
1,1,1,0.0,0,10,3,1,0,ok,4d1063894bd05bac
16,1,3,0.125,2,0,4,0,2,ok,685fc03bf7b5564e
12,10,10,0.16666666666666666,2,16,4,9,1,ok,765d760e13dd5f0c
16,1,2,0.0625,1,0,6,0,1,ok,96adb67843755bed
14,0,1,0.07142857142857142,1,1,3,0,1,ok,fe0c0a45009e52c1
16,0,0,0.0625,1,0,1,0,0,ok,7c6769b5e4835fc9
11,0,1,0.2727272727272727,3,0,4,0,1,ok,aad8ff9157455de2
16,1,2,0.0625,1,2,5,1,1,ok,6d1569acea3057a9
13,0,1,0.07692307692307693,1,0,4,0,1,ok,a9b8947453c25c04
14,0,0,0.0,0,0,2,0,0,ok,05ce7f7dae2b51a6
3,0,1,0.6666666666666666,2,0,1,0,1,ok,da5dfd1d2bea5569
12,0,2,0.16666666666666666,2,0,4,0,2,ok,3ad9482ccf8f595c
12,1,1,0.0,0,6,5,1,0,ok,5e51cc75d4d55dfc
0,0,0,,0,0,1,0,0,ok,88817c4b8d3054b3
13,0,2,0.15384615384615385,2,0,8,0,2,ok,302091210d965a5d
3,0,0,0.0,0,0,1,0,0,ok,6f8e915e53bc517f
16,1,1,0.0,0,5,5,1,0,ok,9d853cfbe0fe523c
0,0,0,,0,0,0,0,0,ok,f0a4eff1d0d453b4
4,0,1,0.25,1,5,6,0,1,ok,5e786a56cdc2597d
0,0,0,,0,0,1,0,0,ok,5f7ce557bea85d40
16,0,0,0.0,0,0,6,0,0,ok,157030924ac25c23
15,0,1,0.06666666666666667,1,0,3,0,1,ok,0f023605a35b5d11
13,1,1,0.0,0,6,11,1,0,ok,61a3b47bc36851ac
8,0,0,0.0,0,0,5,0,0,ok,6c72f8cc08885210
0,0,0,,0,1,0,0,0,ok,c4297904018a5974
7,0,0,0.0,0,0,1,0,0,ok,2b46bda933265d2c
16,5,5,0.0,0,21,4,5,0,ok,11e2691945e85a42
4,0,0,0.0,0,1,2,0,0,ok,56959967a8e657a8
14,0,1,0.07142857142857142,1,0,5,0,1,ok,f60eae15842259a2
13,0,1,0.15384615384615385,2,1,2,0,1,ok,d3b9cf4588c552b9
5,0,0,0.0,0,2,0,0,0,ok,0e58b39de4325290
16,0,0,0.0,0,2,3,0,0,ok,23bb8899091b5e73
14,0,1,0.07142857142857142,1,0,3,0,1,ok,67979bb833515834
0,0,0,,0,0,1,0,0,ok,7cbd00e164f65fb2
4,8,8,0.0,0,21,2,8,0,ok,3b146e3ff85456ad
10,2,3,0.2,2,14,3,2,1,ok,53bbfba611b95667
5,0,1,0.2,1,0,1,0,1,ok,c6235a9a05d05d4c
0,0,0,,0,0,1,0,0,ok,52961c1a30625194
12,1,0,0.0,0,3,5,0,0,ok,1b07c20de8645f0e
7,0,0,0.14285714285714285,1,2,0,0,0,ok,8562cc3eb8e950c9
0,0,0,,0,0,2,0,0,ok,ff2e3c237fc857ca
0,0,0,,0,0,0,0,0,ok,325a9761b666528f
2,0,0,0.5,1,0,1,0,0,ok,f9781aa9de0c552b
16,0,0,0.0,0,0,2,0,0,ok,ee6fcad8b04d5475
0,0,0,,0,0,0,0,0,ok,7512d6d173e25a93
13,0,1,0.07692307692307693,1,0,3,0,1,ok,8040963c7b0a5c8e
13,1,2,0.15384615384615385,2,5,5,1,1,ok,d50bdcabec8f5fc9
16,0,0,0.0,0,3,4,0,0,ok,277739f28e7a5eab
6,0,1,0.16666666666666666,1,1,2,0,1,ok,919b667b8af456e5
13,0,2,0.3076923076923077,4,0,5,0,2,ok,04c2255eaa7754eb
4,0,0,0.0,0,1,1,0,0,ok,f2ff156b10c35d55
7,0,1,0.42857142857142855,3,1,2,0,1,ok,e9f5501217cb5aa9
4,0,0,0.0,0,0,0,0,0,ok,f46f1ba9c9ae50e9
0,0,0,,0,0,0,0,0,ok,73e989e2ab4c547d
16,0,0,0.0,0,1,2,0,0,ok,c156960e296d57d0
0,0,0,,0,0,0,0,0,ok,359cc7b34b885b7e
13,1,1,0.0,0,13,5,1,0,ok,d37f9f420bb45d50
0,0,0,,0,0,0,0,0,ok,f0ff7767ba9450d0
11,0,0,0.0,0,0,2,0,0,ok,87e12c02a69c537e
0,0,0,,0,0,0,0,0,ok,7041ee4616495d32
13,1,1,0.07692307692307693,1,3,4,0,1,ok,6099f155a3a556ff
3,1,1,0.0,0,5,0,1,0,ok,e21aa2f1f56e516f
11,0,0,0.0,0,0,2,0,0,ok,cc074d685bce5e57
11,0,0,0.09090909090909091,1,0,3,0,0,ok,dce9c684282657ab
16,0,0,0.0,0,0,2,0,0,ok,cca6527bb81252e6
5,0,1,0.4,2,0,1,0,1,ok,0c9a6e98f55d5d93
0,0,0,,0,0,1,0,0,ok,5ebac376d33150bc
14,0,0,0.0,0,6,3,0,0,ok,2838d53de2355f2f
11,0,2,0.18181818181818182,2,0,4,0,2,ok,b2af01834bea5d7a
16,0,0,0.0,0,0,2,0,0,ok,f08e6747fcc25f21
11,0,0,0.0,0,0,0,0,0,ok,2af7234499bb5924
16,0,1,0.1875,3,3,3,0,1,ok,55ad5fe15f115d67
16,0,2,0.25,4,0,6,0,2,ok,568919b6cc145c90
0,0,0,,0,0,0,0,0,ok,9ca8d9dbd1ea5e84
0,0,0,,0,0,0,0,0,ok,a384a82bde71571a
16,0,0,0.0,0,0,1,0,0,ok,6742c2b7eb5d5a8a
2,0,0,0.0,0,0,3,0,0,ok,bea7b3c5681350b4
8,0,1,0.25,2,0,1,0,1,ok,ee446b4a891a5601
0,1,1,,0,4,2,1,0,ok,6e6049cb63bc5133
0,0,0,,0,13,1,0,0,ok,7884c4c7887057d1
8,0,0,0.0,0,0,2,0,0,ok,d69f1928839c547b
14,3,5,0.14285714285714285,2,10,6,3,2,ok,bf0da27da16b5116
0,1,1,,0,7,1,1,0,ok,9a1cef40895a5f02
12,0,1,0.08333333333333333,1,0,4,0,1,ok,e5c42a16742858f8
12,0,0,0.0,0,1,1,0,0,ok,6f38681fc9ff568a
16,1,2,0.5,8,9,3,1,1,ok,78e4b75e75c95b98
6,0,0,0.0,0,16,7,0,0,ok,1b66269e09d0586e
16,0,0,0.0,0,1,7,0,0,ok,94c359ca104552bd
14,0,2,0.14285714285714285,2,0,4,0,2,ok,ecc8fbe558b3502f
0,0,0,,0,0,2,0,0,ok,f189048370205683
11,0,0,0.0,0,0,1,0,0,ok,3ae3fb111e9f519a
0,0,0,,0,0,3,0,0,ok,e20961e9284e5d0d
16,0,0,0.0,0,8,4,0,0,ok,0625265ce5c85637
3,1,1,0.0,0,1,2,1,0,ok,8c1186e713965195
7,0,0,0.14285714285714285,1,8,4,0,0,ok,93b792c3197a59ad
16,0,0,0.0,0,0,5,0,0,ok,05b115979e345f71
5,1,0,0.0,0,2,0,0,0,ok,5bb736bc8f2b5f95
10,4,4,0.0,0,18,4,4,0,ok,eb69572e4fa25522
9,1,0,0.0,0,0,3,0,0,ok,bbfd212cf465598b
8,0,0,0.0,0,0,0,0,0,ok,65c03bf22ea950cd
7,1,2,0.14285714285714285,1,4,4,1,1,ok,23908cec2a2a5315
10,0,0,0.0,0,0,0,0,0,ok,4472fb03b1b158f8
16,0,1,0.0625,1,0,7,0,1,ok,8a9ec02794555c52
15,0,0,0.0,0,0,3,0,0,ok,be5d72f74d8c5f2c
2,0,0,0.0,0,0,0,0,0,ok,19485d8aa9615028
4,0,1,0.25,1,0,1,0,1,ok,1085141d8bd15d72
9,0,1,0.2222222222222222,2,0,2,0,1,ok,d4ae191f7b3352ac
7,0,0,0.0,0,0,1,0,0,ok,31c2c8035c075bcf
16,0,0,0.0,0,10,4,0,0,ok,d51fe6187b115483
16,0,2,0.125,2,0,4,0,2,ok,73350317ad005297
0,0,0,,0,0,0,0,0,ok,688da5b7c0505cbb
15,0,1,0.06666666666666667,1,0,5,0,1,ok,11c08a82d4535c53
16,0,0,0.0,0,3,6,0,0,ok,e0a1ce3f3db55445
14,0,1,0.14285714285714285,2,4,3,0,1,ok,abb3f1bd44535b68
6,9,9,0.0,0,31,0,9,0,ok,30d8513a865d5c40
0,0,0,,0,0,0,0,0,ok,d0994f1d885b52ab
12,2,2,0.0,0,3,3,2,0,ok,db7cf0d0d4695283
11,7,8,0.2727272727272727,3,18,2,7,1,ok,c11e01ffa1cd53b1
6,0,0,0.0,0,3,1,0,0,ok,7103b7b07a925fd8
16,3,5,0.125,2,7,10,1,2,ok,b7aea0f793ef5cac
4,0,0,0.0,0,0,2,0,0,ok,23bc95e4de0559e5
16,0,0,0.0,0,0,6,0,0,ok,cf934ffd9c6156ee
15,0,0,0.0,0,3,3,0,0,ok,0b6a5a89350854bb
12,0,0,0.0,0,0,2,0,0,ok,d1980780f4855a6f
11,0,2,0.18181818181818182,2,0,3,0,2,ok,d220fa4a584d5515
15,2,6,0.26666666666666666,4,15,12,2,4,ok,67603df99eaf54ab
9,0,1,0.1111111111111111,1,0,3,0,1,ok,925a63dbb01c5303
13,2,4,0.5384615384615384,7,9,6,2,2,ok,6fc9d60eb28350d6
0,0,0,,0,0,0,0,0,ok,bed9e219af0353ed
10,0,2,0.3,3,0,4,0,2,ok,463bb1a4077956da
7,2,2,0.0,0,9,5,2,0,ok,38eccd95d9a85447
14,0,0,0.0,0,0,9,0,0,ok,8069182cb1b45a63
6,0,1,0.16666666666666666,1,0,3,0,1,ok,8ca84cb840785ed3
16,4,5,0.1875,3,7,9,4,1,ok,7250a539fde95582
14,0,1,0.07142857142857142,1,0,4,0,1,ok,ad78e29570055372
15,5,6,0.06666666666666667,1,11,21,5,1,ok,26043d2de718532d
0,0,0,,0,4,1,0,0,ok,ab67a5590d2659b2
10,0,1,0.2,2,0,4,0,1,ok,151ad167d40b5f98
10,0,0,0.0,0,1,5,0,0,ok,c073e63b1f3c54fc
5,7,7,0.0,0,24,5,7,0,ok,4d2d393d13c15f12
0,0,0,,0,0,0,0,0,ok,1f92958521a251d5
16,3,2,0.0,0,4,8,2,0,ok,086c78887599535e
12,0,0,0.0,0,0,1,0,0,ok,517aa565438c5f7d
16,0,0,0.0,0,1,5,0,0,ok,ecb9d229ae905ee3
16,1,1,0.0,0,5,6,1,0,ok,2ed8a4f288f25cee
7,8,9,0.14285714285714285,1,20,4,8,1,ok,e3d3220c907c5e39
10,0,0,0.0,0,1,3,0,0,ok,7f4fa10429395fde
16,1,4,0.1875,3,4,8,1,3,ok,4297359131e6561b
0,0,0,,0,0,0,0,0,ok,ceb1af1a216d5abb
13,0,1,0.07692307692307693,1,0,3,0,1,ok,54fd9e57b26353af
8,1,1,0.25,2,5,6,1,0,ok,45ff68bb8c9e5407
16,2,1,0.375,6,6,10,1,0,ok,58dd97582d69567b
0,0,0,,0,0,0,0,0,ok,4a3a4d54cc0851da
0,0,0,,0,0,0,0,0,ok,6d09186f0a045e0d
13,1,2,0.07692307692307693,1,6,4,1,1,ok,487ab40c80c9548a
7,7,6,0.0,0,21,6,6,0,ok,c181bd8086e65edf
4,2,2,0.0,0,12,3,2,0,ok,ec0120d50a1651c2
10,4,4,0.0,0,16,5,4,0,ok,5442ef4a1c8e5f5d
11,0,2,0.18181818181818182,2,1,7,0,2,ok,6223dd2113aa59d6
16,0,2,0.125,2,0,8,0,2,ok,ac125024e4ab5061
0,0,0,,0,0,0,0,0,ok,67f2c976834e5345
16,0,1,0.1875,3,0,9,0,1,ok,bc14c101cffc5b79
13,0,1,0.07692307692307693,1,2,4,0,1,ok,15d3820138605e7a
11,2,4,0.18181818181818182,2,0,8,0,2,ok,a2fc72c9ae7a5d14
4,0,0,0.0,0,1,4,0,0,ok,2e453318cc4c5086
16,1,0,0.0,0,0,1,0,0,ok,08de886a94fc5ffd
5,2,2,0.0,0,19,19,2,0,ok,8a398afece125877
0,0,0,,0,0,0,0,0,ok,8cfd4c30dbe95566
15,0,0,0.06666666666666667,1,0,14,0,0,ok,a203908125935a18
13,0,1,0.07692307692307693,1,4,5,0,1,ok,e86bed1a9aa155d7
15,5,6,0.06666666666666667,1,11,4,5,1,ok,a5b936109a2d53f7
8,1,1,0.0,0,8,8,0,0,ok,e44f817c2a2f581c
3,5,4,0.0,0,13,4,4,0,ok,4a59dcd993495d9a
4,0,0,0.0,0,1,0,0,0,ok,a9d835888c505ca5
0,0,0,,0,5,1,0,0,ok,5488c19d0bbc5658
1,0,0,0.0,0,1,1,0,0,ok,70f429a7475c586d
0,0,0,,0,0,1,0,0,ok,b5d98d43a2f0562b
0,0,0,,0,0,0,0,0,ok,14a394e102435582
3,2,2,0.0,0,8,1,2,0,ok,0b2a3956bc6852e0
16,0,0,0.0625,1,0,5,0,0,ok,54741a7c963658fd
8,4,4,0.0,0,9,3,4,0,ok,21c5b7ec8bf958b0
15,0,1,0.06666666666666667,1,0,4,0,1,ok,8add44d821845806
6,0,0,0.0,0,0,3,0,0,ok,3a4db4471a395008
11,0,0,0.0,0,0,14,0,0,ok,07faf0997b30559b
3,1,1,0.0,0,10,1,1,0,ok,d169953739795c41
12,4,5,0.25,3,9,5,4,1,ok,8c31a25ce1e251e8
16,0,2,0.1875,3,4,2,0,2,ok,f0867519d3b05709
8,2,2,0.125,1,10,3,2,0,ok,a3bc3694830a5988
0,0,0,,0,0,0,0,0,ok,393e41142aca558e
7,0,0,0.0,0,0,3,0,0,ok,7982777918a455ae
8,0,0,0.0,0,0,2,0,0,ok,194f20b02cea58e7
0,0,0,,0,0,1,0,0,ok,52fa49ffb44f597d
16,1,0,0.0,0,7,16,0,0,ok,6a9cda2507f55f82
0,0,0,,0,1,1,0,0,ok,1d07928190b5559c
12,14,16,0.16666666666666666,2,33,4,14,2,ok,2070b306ab7c597d
16,0,0,0.0625,1,0,6,0,0,ok,f8388643d5e75bd8
1,2,0,0.0,0,1,1,0,0,ok,beda65fdfd9a5b66
13,1,2,0.07692307692307693,1,0,2,0,1,ok,b3d46f9b13065709
0,0,0,,0,1,0,0,0,ok,e48cafee98d85487
12,0,0,0.0,0,1,6,0,0,ok,fdda678216a4573b
12,0,2,0.16666666666666666,2,1,5,0,2,ok,81650c9e750d576c
3,0,0,0.0,0,0,3,0,0,ok,b862abd2fcf75450
10,0,2,0.3,3,1,4,0,2,ok,8352da97d3195d96
9,0,0,0.2222222222222222,2,0,4,0,0,ok,392ad850cce35fd6
6,0,0,0.0,0,1,7,0,0,ok,53affdd2ec605805
1,3,3,0.0,0,6,2,3,0,ok,b819baffab5d5b1c
12,0,1,0.16666666666666666,2,0,2,0,1,ok,83a296af9a755968
0,0,0,,0,0,0,0,0,ok,cdf9d4209205526b
13,0,2,0.15384615384615385,2,0,9,0,2,ok,bca5da989a735a71
10,6,6,0.0,0,16,6,6,0,ok,d02f7da1805a5f39
16,1,1,0.0,0,5,8,1,0,ok,36e8baa0bba15545
16,1,2,0.125,2,3,2,0,1,ok,10a55fcd607450f0
13,0,1,0.15384615384615385,2,1,2,0,1,ok,1b82801e687a5bc1
16,0,3,0.1875,3,1,3,0,3,ok,68a7be0f1d335cbb
0,0,0,,0,0,1,0,0,ok,80af74d0a7d15da8
16,0,2,0.1875,3,0,2,0,2,ok,9aa56f59aa5c58da
0,0,0,,0,0,0,0,0,ok,92db04bb44375dbc
16,0,1,0.0625,1,0,10,0,1,ok,2f37731e98765ad9
12,0,0,0.08333333333333333,1,0,3,0,0,ok,4ec9823493f45b95
7,10,10,0.14285714285714285,1,17,2,10,0,ok,10c8b9360adb5d98
16,0,1,0.25,4,0,5,0,1,ok,107492bda2d55631
13,0,0,0.0,0,0,4,0,0,ok,89358eb57a9351ae
0,0,0,,0,0,0,0,0,ok,4e2468074f7e5d57
16,0,4,0.375,6,2,8,0,4,ok,b9b51fd168dd57e0
16,0,2,0.125,2,3,4,0,2,ok,e5a8767a2f4b524a
0,0,0,,0,2,0,0,0,ok,2d43a4b54fc156f4
15,0,2,0.13333333333333333,2,0,4,0,2,ok,acaebd06e5e95b1a
0,0,0,,0,0,0,0,0,ok,c49e4f05fe6159ad
16,0,3,0.1875,3,0,10,0,3,ok,bc0df57d20375393
16,0,2,0.125,2,0,10,0,2,ok,5b971cb935465572
13,0,1,0.15384615384615385,2,0,3,0,1,ok,bdb79cea33635c4e
13,5,5,0.23076923076923078,3,19,2,5,0,ok,2430ee672e8d5912
9,1,3,0.2222222222222222,2,11,3,1,2,ok,c941447072c95c84
2,0,0,0.0,0,0,1,0,0,ok,499e48fe2625546e
0,0,0,,0,4,0,0,0,ok,fb411f6517385bb6
11,0,0,0.09090909090909091,1,0,3,0,0,ok,24dee7e77a14593f
5,1,1,0.2,1,8,1,1,0,ok,3ca56282adff5227
4,0,0,0.0,0,1,2,0,0,ok,4cb35e9a041a5e2b
16,0,2,0.125,2,5,5,0,2,ok,f371337157c85f85
10,0,0,0.1,1,0,4,0,0,ok,1fb1eb1a736f5f55
0,0,0,,0,0,0,0,0,ok,98f3d1ff954452e5
1,0,0,0.0,0,13,0,0,0,ok,98d5304a13e85a88
16,0,1,0.0625,1,0,6,0,1,ok,4cd3246634465b13
16,0,0,0.0,0,2,3,0,0,ok,2f2d0303376150fe
0,0,0,,0,0,0,0,0,ok,231f208448ad5775
7,0,1,0.14285714285714285,1,0,1,0,1,ok,262c8d718a6a5cb3
0,0,0,,0,0,0,0,0,ok,6b46c50949d1509a
7,0,0,0.0,0,0,1,0,0,ok,074dd6a201e05549
6,0,0,0.0,0,0,4,0,0,ok,d8a1b392106d571e
16,0,0,0.0625,1,0,5,0,0,ok,dbc4805c4b755833
6,2,1,0.0,0,5,2,1,0,ok,79490d4c948a53a7
11,0,2,0.18181818181818182,2,0,2,0,2,ok,fed87977827355e0
16,0,2,0.1875,3,0,4,0,2,ok,38fd861d71f75c49
11,0,2,0.36363636363636365,4,0,4,0,2,ok,2f2015c1606f5d8b
7,0,0,0.0,0,1,2,0,0,ok,fe32a349a9cc5823
0,0,0,,0,0,0,0,0,ok,22bc6dcf6c7751b7
16,0,0,0.0,0,7,10,0,0,ok,24203499007050ee
13,0,0,0.0,0,0,2,0,0,ok,8ffcf4b8e2dc5380
16,0,3,0.25,4,0,5,0,3,ok,c6cc6564666f5f1e
9,0,0,0.0,0,0,6,0,0,ok,a729b7142e5b5c8c
3,0,0,0.0,0,0,0,0,0,ok,3e494b44f5ac5528
1,0,0,0.0,0,0,1,0,0,ok,e5d6e01f41c45df5
16,0,1,0.0625,1,1,6,0,1,ok,1f463abcccf85da0
10,0,2,0.2,2,0,6,0,2,ok,a04b244fbc6d5ccd
7,0,0,0.0,0,0,1,0,0,ok,b89a930dea845d3d
0,0,0,,0,0,0,0,0,ok,dccac945c3a154f9
3,0,0,0.0,0,0,0,0,0,ok,bad79c48bc9f5d84
4,0,0,0.0,0,0,2,0,0,ok,f85a4e3c0f7e5b75
8,0,0,0.0,0,1,6,0,0,ok,f241201ffa8f5cca
4,0,0,0.0,0,17,4,0,0,ok,93b33d9095e95943
6,2,2,0.0,0,25,5,2,0,ok,e70e5a5202db59f1
13,0,3,0.23076923076923078,3,0,6,0,3,ok,ea9a4e55b7c95f10
9,0,1,0.3333333333333333,3,0,3,0,1,ok,b3a9227347cc575c
16,8,15,0.4375,7,24,23,7,7,ok,7f90780cef055203
16,0,1,0.125,2,0,8,0,1,ok,70e2ad7e40815fa5
9,1,1,0.1111111111111111,1,8,4,1,0,ok,356d916cb281583f
6,0,0,0.0,0,2,1,0,0,ok,1dec8eeecf2059ca
16,0,0,0.0,0,0,2,0,0,ok,065668f8b9c75733
16,1,1,0.0625,1,3,4,0,0,ok,27d1612dc0cc5115
0,0,0,,0,4,0,0,0,ok,18105b3257b85c6d
6,0,0,0.0,0,1,1,0,0,ok,404cdd278bf45180
16,2,1,0.0,0,6,3,1,0,ok,957c45991e775e29
0,0,0,,0,0,0,0,0,ok,8bc0a431bcf350c3
0,0,0,,0,0,1,0,0,ok,5a8c10d40a9e5f53
0,0,0,,0,0,1,0,0,ok,cb5abadcc76c5da3
0,0,0,,0,6,1,0,0,ok,47b8b23b65bd5c07
1,0,0,0.0,0,5,1,0,0,ok,8733aac486da54b8
0,0,0,,0,0,1,0,0,ok,ac4349ecfc9552d2
15,0,0,0.0,0,0,8,0,0,ok,9fa674af2997563a
14,0,1,0.14285714285714285,2,5,6,0,1,ok,ad7a8dbc27d95874
16,2,2,0.1875,3,9,6,2,0,ok,2afe439a1c3853ae
9,0,0,0.0,0,1,5,0,0,ok,b9b5bac3c83855bb
3,1,1,0.0,0,9,3,1,0,ok,fd0d12f9dac85392
11,1,2,0.18181818181818182,2,5,3,1,1,ok,6337f853aeeb5726
9,7,7,0.0,0,18,9,7,0,ok,be9ef4b1eee8576c
8,0,0,0.0,0,4,1,0,0,ok,4f43a8c786e85697
16,0,0,0.125,2,0,3,0,0,ok,57df2d5ba4ce5cc0
9,0,0,0.1111111111111111,1,0,4,0,0,ok,3c0019a75bcd5209
13,1,2,0.15384615384615385,2,2,3,1,1,ok,c09d854156ab5d33
16,0,0,0.0,0,0,2,0,0,ok,c23afbb3be0b58e1
0,0,0,,0,1,0,0,0,ok,0d7c2a4ce3835bca
16,0,4,0.25,4,0,10,0,4,ok,fbc490ef04325b61
2,0,0,0.0,0,1,2,0,0,ok,75cd39733f605506
0,0,0,,0,0,0,0,0,ok,9ced79364f18500a
7,0,0,0.0,0,0,0,0,0,ok,ce588ee183e155fb
10,8,8,0.1,1,19,14,7,1,ok,1f446e271af65b08
0,0,0,,0,0,2,0,0,ok,78fca67cbb575f16
0,0,0,,0,1,0,0,0,ok,548ea89ef7c45ce0
7,6,6,0.14285714285714285,1,21,1,6,0,ok,1214a6cdf1a35575
9,0,0,0.1111111111111111,1,0,3,0,0,ok,a15ef9d0338f596c
3,0,0,0.0,0,4,1,0,0,ok,e41d421663555d35
8,3,1,0.125,1,1,6,0,1,ok,b1b74ab6a03253f0
9,2,1,0.0,0,20,2,1,0,ok,9f0f80fa77cf5cb7
0,0,0,,0,0,0,0,0,ok,329c7dd6acae5620
0,0,0,,0,0,1,0,0,ok,1e4abedc0a8852c2
6,12,12,0.0,0,30,2,12,0,ok,4d8d8c71040d52bb
5,1,1,0.0,0,11,1,1,0,ok,34726bce94135f54
10,2,2,0.0,0,8,2,2,0,ok,299a5a296a9f5cd0
0,0,0,,0,0,0,0,0,ok,53d53cdc6b8253ac
13,0,0,0.07692307692307693,1,0,5,0,0,ok,5f4aaad1aee55a06
15,0,1,0.13333333333333333,2,0,5,0,1,ok,73c06b0dc58f54dd
16,0,1,0.125,2,0,4,0,1,ok,e9669a51649f5221
16,17,13,0.0625,1,16,4,12,1,ok,8f97954707315f2b
14,0,1,0.14285714285714285,2,0,2,0,1,ok,15441635d1ee53a8
3,0,0,0.0,0,0,4,0,0,ok,cca2298b1e6d57a9
14,1,2,0.07142857142857142,1,4,12,1,1,ok,b05642b519ad5b9b
12,0,0,0.0,0,0,7,0,0,ok,c41715189a76517c
4,3,3,0.0,0,13,2,3,0,ok,a3b14b12d52d508d
0,0,0,,0,1,0,0,0,ok,f978b588c5875e41
13,0,0,0.0,0,0,1,0,0,ok,330359c8f49f5592
10,1,2,0.1,1,2,4,1,1,ok,6d894bee216750ba
11,0,0,0.0,0,6,0,0,0,ok,bb81b80f9be754e1
10,10,5,0.1,1,5,5,5,0,ok,3135f7fe5fac5156
0,0,0,,0,0,0,0,0,ok,179b579b37c45862
16,1,1,0.0,0,3,4,1,0,ok,bf927ef9bccb5454
8,0,0,0.125,1,1,1,0,0,ok,82b3d09a55b35e6a
8,1,1,0.0,0,3,2,1,0,ok,d1fe9190dae85261
10,9,9,0.0,0,22,14,8,0,ok,b518bf17baf05f38
5,1,1,0.0,0,8,2,1,0,ok,5e4127fbd15e545e
16,0,1,0.0625,1,0,2,0,1,ok,41ac60134ed35dac
16,5,5,0.125,2,25,2,4,1,ok,299d7c6d5fd15be3
3,5,5,0.0,0,10,6,5,0,ok,11c3d316b2f754bf
0,0,0,,0,0,0,0,0,ok,2c1f58498c6356a3
3,0,0,0.0,0,0,0,0,0,ok,02b7e1d7fdcd5170
16,0,1,0.125,2,3,12,0,1,ok,eec455ea38fa5dd6
0,0,0,,0,5,2,0,0,ok,724131cf73cc5125
9,0,1,0.1111111111111111,1,0,2,0,1,ok,c3f152ce8d63563b
6,1,0,0.16666666666666666,1,5,2,0,0,ok,91a5e70be31d5432
6,1,1,0.0,0,6,2,1,0,ok,a8b5e13688985602
2,9,9,0.0,0,30,2,9,0,ok,6aaec1c4d23754a6
0,0,0,,0,1,2,0,0,ok,8ede26533fa65117
10,3,3,0.1,1,24,4,3,0,ok,ee016f2c49d25de9
7,1,1,0.0,0,10,3,1,0,ok,6610b3449d3a591c
16,0,1,0.0625,1,0,9,0,1,ok,4bdd873d2f8453f7
14,0,0,0.0,0,1,4,0,0,ok,b5800ba984ac5133
0,2,2,,0,4,0,2,0,ok,c3ab3082c60c5497
14,0,1,0.07142857142857142,1,1,1,0,1,ok,af44c341d89353c9
0,0,0,,0,0,1,0,0,ok,70404c3471fe5b1b
0,0,0,,0,0,2,0,0,ok,bc3725f92eed5aaa
8,0,0,0.0,0,3,2,0,0,ok,e347ce8b8b625984
16,0,0,0.0,0,1,7,0,0,ok,3de95c704f405782
11,0,0,0.09090909090909091,1,0,1,0,0,ok,cd1dd152650650f2
11,6,6,0.09090909090909091,1,18,6,6,0,ok,61e9e28cd25b5701
5,0,1,0.2,1,0,3,0,1,ok,f53a8604ccf95511
9,0,0,0.1111111111111111,1,4,1,0,0,ok,09a3a783c8ff5632
16,0,0,0.0,0,2,9,0,0,ok,85fe91aa70d85bb8
16,1,1,0.0,0,9,6,1,0,ok,2ba78834e20b54ca
9,7,7,0.0,0,9,2,7,0,ok,4677bb397b835c78
16,0,1,0.0625,1,0,2,0,1,ok,14b4ebe990a854cb
14,0,0,0.0,0,0,3,0,0,ok,ad46373f3c3e536a
0,0,0,,0,0,0,0,0,ok,2c52f45993a257af
7,0,0,0.0,0,0,0,0,0,ok,27ec589b73865107
1,0,0,0.0,0,0,0,0,0,ok,e72dd0366125506d
10,1,1,0.0,0,2,1,1,0,ok,5bf9df2e8fc35676
16,0,0,0.0,0,0,10,0,0,ok,57aad128efde5cf1
10,2,3,0.1,1,8,4,2,1,ok,f7005521d7fa5f95
1,4,4,0.0,0,7,3,4,0,ok,36055bdd67cb5ed9
16,0,1,0.125,2,4,4,0,1,ok,89080b902a2a5194
15,0,1,0.06666666666666667,1,0,3,0,1,ok,e8185066eabe5fb3
8,6,6,0.0,0,14,3,6,0,ok,f23b6a4d055f55eb
13,0,0,0.0,0,0,3,0,0,ok,df723ed3d0445ea3
0,0,0,,0,1,0,0,0,ok,afd2265918f654a2
10,4,4,0.0,0,17,8,4,0,ok,fb29d779be455b21
14,0,0,0.07142857142857142,1,1,4,0,0,ok,a7753c888d3b5317
0,0,0,,0,1,0,0,0,ok,66453e9e53435efc
10,0,0,0.0,0,8,3,0,0,ok,da2a6158c9585174
5,0,0,0.0,0,0,2,0,0,ok,e2edad6b44b75642
10,0,2,0.2,2,1,3,0,2,ok,8b78d980ff6055c7
6,0,0,0.0,0,3,1,0,0,ok,fbc5f1b64c3658fb
4,3,3,0.0,0,19,3,3,0,ok,770e1697a0255dc8
11,0,0,0.09090909090909091,1,0,3,0,0,ok,46ee5fe06d8b5ae0
14,4,5,0.07142857142857142,1,19,15,4,1,ok,5d82d9718ffe509c
0,0,0,,0,0,0,0,0,ok,db5d24e4b56050db
15,0,2,0.2,3,0,4,0,2,ok,7c6762e414f4549a
0,0,0,,0,0,3,0,0,ok,0cd525a5467959fb
0,0,0,,0,2,0,0,0,ok,884e84ed983c577a
0,0,0,,0,0,0,0,0,ok,6049b02be43a5a23
3,0,0,0.0,0,0,1,0,0,ok,731c1beacf105d88
10,0,1,0.1,1,0,2,0,1,ok,e29cbe15b1085c4c
16,0,1,0.1875,3,0,8,0,1,ok,0daa99ad98e05fa0
5,1,1,0.2,1,0,5,0,1,ok,2b68b60b2dd25c1d
10,15,14,0.0,0,29,5,14,0,ok,38ba86652a7c5c1d
0,0,0,,0,0,1,0,0,ok,3828ebb765fd50c2
9,0,0,0.0,0,0,5,0,0,ok,1bc33cc561a75cba
0,0,0,,0,1,1,0,0,ok,83af3d20a3635f21
15,0,2,0.26666666666666666,4,0,2,0,2,ok,cb278653258b53aa
9,0,1,0.2222222222222222,2,0,2,0,1,ok,2b42a37325ac54b6
5,0,0,0.0,0,0,3,0,0,ok,9e54d650b3065db2
0,1,1,,0,4,0,1,0,ok,efe8cd2b266c5e83
7,0,1,0.2857142857142857,2,0,2,0,1,ok,5daada4211e05cab
5,0,0,0.0,0,14,6,0,0,ok,bdc3e1b700ab5fed
16,0,0,0.0,0,2,9,0,0,ok,04aea56a1f895492
0,2,1,,0,7,0,1,0,ok,bfd97b9799695001
0,0,0,,0,0,0,0,0,ok,e9f51eaeeaf35026
2,1,1,0.0,0,5,0,1,0,ok,5c82c0ca728a5d66
9,0,1,0.2222222222222222,2,0,4,0,1,ok,f3139a36eb03571e
13,1,1,0.0,0,2,3,1,0,ok,4a44d7e1e01b5022
8,0,0,0.0,0,0,5,0,0,ok,ed439dc79ea75d95
13,0,0,0.0,0,0,6,0,0,ok,57193ed4651d5e1f
13,0,2,0.15384615384615385,2,4,4,0,2,ok,144d7002c54455be
10,0,0,0.0,0,0,5,0,0,ok,00718fce7e53543d
14,0,0,0.0,0,8,4,0,0,ok,3aadf9328289589f
16,2,3,0.0625,1,3,5,2,1,ok,eba65f8ed1595356
2,0,0,0.0,0,0,2,0,0,ok,d1339f8902db5be9
11,0,0,0.0,0,0,4,0,0,ok,fcb8c047b469541a
0,0,0,,0,1,0,0,0,ok,dd764fa3db255aab
3,2,2,0.0,0,7,1,2,0,ok,a8cca3ccc6875e47
3,0,0,0.0,0,0,1,0,0,ok,2a0f729d7cdf515c
5,1,0,0.0,0,6,3,0,0,ok,66d33ede40305173
16,0,3,0.1875,3,0,9,0,3,ok,3c6a47c280695309
16,1,2,0.125,2,6,5,0,1,ok,cd074efaaa275708
16,0,0,0.125,2,0,3,0,0,ok,e25f86afe7325de7
7,0,0,0.14285714285714285,1,0,3,0,0,ok,872e178ce38859e3
6,3,2,0.0,0,3,0,2,0,ok,598312da5a7e550d
8,1,2,0.25,2,7,2,0,2,ok,440628a068185adc
0,2,2,,0,6,0,2,0,ok,f060c1acf7d7535a
15,1,1,0.0,0,0,8,0,0,ok,fa989e0c4a725cd1
10,0,0,0.0,0,5,4,0,0,ok,9d0fb61a070f5b81
16,2,2,0.0,0,0,8,0,0,ok,0ff537a6d14b5f7b
5,1,1,0.0,0,3,1,1,0,ok,c4be435a332450d5
6,1,2,0.16666666666666666,1,1,2,1,1,ok,63216edee2a05485
5,0,1,0.2,1,3,1,0,1,ok,63fdf6165b835405
3,0,0,0.3333333333333333,1,0,0,0,0,ok,ed8db17d43175a7f
14,0,0,0.0,0,0,3,0,0,ok,726183050c9b5c28
16,0,2,0.125,2,0,5,0,2,ok,3de478afc03f5103
16,0,2,0.375,6,2,5,0,2,ok,e669a4fc6394574b
6,7,7,0.0,0,20,1,7,0,ok,9057b0dbf0fe5158
0,0,0,,0,0,0,0,0,ok,25a72eac220e5001
0,0,0,,0,0,0,0,0,ok,83a9c3ed8303579a
15,9,7,0.0,0,15,2,7,0,ok,5437592fdcb85646
8,0,0,0.0,0,0,2,0,0,ok,4dbbd4299bb05f44
16,0,0,0.0625,1,0,1,0,0,ok,e923e8fe6b5d55f4
11,0,0,0.0,0,0,5,0,0,ok,7a358ec6e65357bf
2,2,2,0.0,0,8,2,2,0,ok,884aa27f7aa85b62
16,2,3,0.1875,3,6,8,0,2,ok,376efcc0a6bc5a40
0,0,0,,0,0,0,0,0,ok,4565ac3c27ae5c6f
0,0,0,,0,0,0,0,0,ok,f942d41626ec54c1
16,2,3,0.0625,1,7,7,2,1,ok,32ce61973c815760
16,1,1,0.0625,1,4,14,0,1,ok,e0330c517cb95082
16,1,1,0.0625,1,12,17,1,0,ok,16c7c3a0b4735b26
8,0,1,0.125,1,0,3,0,1,ok,d193c14478495b74
16,0,0,0.0,0,1,5,0,0,ok,8eb0b3f3650d51a6
4,0,0,0.25,1,0,2,0,0,ok,a5687cd7fe9d55d8
9,0,1,0.2222222222222222,2,0,2,0,1,ok,4598b69503125518
16,0,1,0.125,2,0,3,0,1,ok,7566fe08083b5fcc
14,1,3,0.14285714285714285,2,0,6,0,2,ok,e8fe8229cce85c7d
0,0,0,,0,0,2,0,0,ok,16c52b490f0b5ff8
16,0,2,0.1875,3,0,7,0,2,ok,69bd7a02857d5500
4,0,0,0.0,0,0,1,0,0,ok,f334b4dcc2375e91
10,0,0,0.0,0,1,1,0,0,ok,d44942ca17695ac1
1,0,0,0.0,0,3,0,0,0,ok,bb4769069e14507f
3,1,1,0.0,0,4,1,1,0,ok,a44b6890b7b258f3
9,5,6,0.1111111111111111,1,30,2,5,1,ok,c71febefc7a25be1
3,1,1,0.0,0,1,1,1,0,ok,84379596e9365b18
12,0,2,0.25,3,1,5,0,2,ok,8b367d0485045d1a
16,0,1,0.0625,1,0,7,0,1,ok,64bca2ff4a0d54c8
0,2,2,,0,9,1,2,0,ok,90f09cef47c4535d
12,8,8,0.25,3,21,3,8,0,ok,fb96cb63ee4e55f9
11,2,2,0.18181818181818182,2,7,3,2,0,ok,43c575d122805798
9,2,2,0.0,0,14,10,2,0,ok,ec125a1c08c657e2
7,0,0,0.0,0,0,1,0,0,ok,8e2fd252b25b5d76
16,0,3,0.3125,5,1,7,0,3,ok,630a1a7c1132531e
2,0,0,0.0,0,2,1,0,0,ok,0c3b217686585932
16,3,5,0.1875,3,4,5,3,2,ok,20e3d10d69995c67
0,0,0,,0,8,2,0,0,ok,0bbfda2cef92577b
0,0,0,,0,0,0,0,0,ok,c2f8879db79858bc
3,0,0,0.0,0,0,2,0,0,ok,7a1ce32311a45fb0
7,0,1,0.14285714285714285,1,0,3,0,1,ok,623544549be854d6
9,0,2,0.3333333333333333,3,1,7,0,2,ok,6043ed4648705a93
2,0,0,0.0,0,1,0,0,0,ok,29528ac395aa52f2
16,0,1,0.0625,1,1,5,0,1,ok,6afb36e33bc05a63
2,0,0,0.0,0,1,0,0,0,ok,1978b14a4c8d506e
10,0,2,0.3,3,0,4,0,2,ok,410ac86590055388
16,0,0,0.0,0,0,3,0,0,ok,7cb8d8bb93d05e26
7,1,1,0.0,0,2,4,1,0,ok,723b5bd8d30f54fc
5,0,0,0.0,0,0,2,0,0,ok,629f18b3f98650c7
6,0,0,0.16666666666666666,1,0,2,0,0,ok,f412d33200125100
5,0,0,0.0,0,0,1,0,0,ok,1d8b7978ee4554fe
0,0,0,,0,1,0,0,0,ok,eaa5438ca13b55f8
10,8,9,0.1,1,33,4,8,1,ok,7a93941b301b5fbd
16,0,0,0.0,0,0,2,0,0,ok,060bffc1ab755c8e
4,0,0,0.25,1,4,5,0,0,ok,cfd80e98bcc85e1b
9,0,0,0.0,0,1,2,0,0,ok,25ef9b3e22d45455
7,1,1,0.0,0,2,4,1,0,ok,3229e81ea8ae56e8
5,0,1,0.2,1,4,2,0,1,ok,a2eff3661bb75b7a
0,0,0,,0,0,0,0,0,ok,f98f9655fef45ea3
12,1,1,0.0,0,7,1,1,0,ok,3636a5d8460e5906
3,2,2,0.0,0,7,4,2,0,ok,10d6e2641d8e5d69
4,0,1,0.25,1,0,3,0,1,ok,07894edd1de15d94
3,1,0,0.0,0,2,4,0,0,ok,2c72a175c7d45609
12,0,1,0.08333333333333333,1,4,1,0,1,ok,f646785c1d3b50e1
15,0,0,0.0,0,0,3,0,0,ok,dbba046b925a582f
0,0,0,,0,0,0,0,0,ok,d2647bf400725c25
0,0,0,,0,0,1,0,0,ok,07765eff350b552b
14,1,1,0.0,0,5,1,1,0,ok,6fdfd33f13755272
12,0,0,0.08333333333333333,1,0,2,0,0,ok,82ae55a39d715685
16,0,2,0.125,2,0,7,0,2,ok,27040dead4b25288
0,0,0,,0,0,1,0,0,ok,02e2846d96565b64
16,0,1,0.0625,1,0,8,0,1,ok,33ab2589cefa5ffb
15,0,2,0.2,3,0,6,0,2,ok,5c36b722d1685996
0,1,1,,0,4,0,1,0,ok,caab77552a9a556e
16,1,2,0.0625,1,2,6,0,1,ok,80ad8011d4995252
0,1,0,,0,11,2,0,0,ok,a9c04290c97953ca
4,0,0,0.0,0,1,2,0,0,ok,1e1a81e189895cea
16,2,3,0.0625,1,0,14,0,1,ok,bace7cf33a3c5164
10,0,1,0.1,1,0,2,0,1,ok,f29e9b891c205321
7,0,0,0.0,0,0,6,0,0,ok,ea92761995715e98
14,0,0,0.0,0,2,12,0,0,ok,2335006c3e6753a6
0,0,0,,0,0,0,0,0,ok,90c46ea85b9b51e2
16,0,2,0.125,2,0,5,0,2,ok,c0c5e67af2ba56cb
16,0,1,0.125,2,0,3,0,1,ok,65f7b1e8a5e05b31
0,1,1,,0,3,1,1,0,ok,f3f5944d41e05b9e
16,0,2,0.3125,5,0,7,0,2,ok,ddf44dce3b205cfc
0,0,0,,0,0,0,0,0,ok,af21af24c7b65c4e
16,0,1,0.125,2,0,6,0,1,ok,cffb1cad11be5405
7,0,0,0.0,0,0,2,0,0,ok,2de680e71e165c83
3,7,7,0.0,0,22,2,7,0,ok,f2fcd89985ba5fa6
16,0,0,0.0,0,2,4,0,0,ok,b258c175d446556f
7,10,11,0.14285714285714285,1,26,3,10,1,ok,48ba6b10fa845460
16,0,0,0.0,0,2,1,0,0,ok,e2fe92954e6a5c60
0,0,0,,0,0,0,0,0,ok,66b868219a6355f4
0,0,0,,0,0,1,0,0,ok,d23ed422357259bf
14,7,7,0.2857142857142857,4,10,3,6,1,ok,981560dc02f25729
14,0,1,0.07142857142857142,1,2,5,0,1,ok,519706a8f9265373
12,0,1,0.08333333333333333,1,1,4,0,1,ok,c50530ed38ed5615
14,0,4,0.2857142857142857,4,1,7,0,4,ok,c41071c97bf15d47
4,0,0,0.0,0,1,1,0,0,ok,6c8188cf2fe255c4
16,0,1,0.125,2,1,4,0,1,ok,dcb9326761145218
0,0,0,,0,0,0,0,0,ok,d5c474ec3a5d5b72
16,0,1,0.125,2,0,4,0,1,ok,4d3b466c271555f7
16,1,3,0.1875,3,0,5,0,2,ok,2daab49ffa5d5619
1,0,0,0.0,0,1,5,0,0,ok,aff179352bd65de0
15,0,1,0.06666666666666667,1,0,3,0,1,ok,6a7802e0678e56a0
16,1,1,0.0,0,4,2,1,0,ok,b02b01839685550c
12,0,1,0.16666666666666666,2,0,3,0,1,ok,0fbe5f75c3915b0c
0,0,0,,0,1,0,0,0,ok,da1d6cc086465801
7,0,0,0.0,0,1,4,0,0,ok,a9ec5bbec0985780
16,0,0,0.0,0,6,1,0,0,ok,1ac75a0c5de15944
14,0,0,0.14285714285714285,2,0,5,0,0,ok,17eb6aa8150e5b7e
7,0,0,0.14285714285714285,1,0,2,0,0,ok,fb06f7a1e856547a
0,0,0,,0,2,1,0,0,ok,31f384cff44c5f49
0,0,0,,0,0,1,0,0,ok,5bb8d7d740f75464
16,2,1,0.0625,1,4,12,0,1,ok,cdf7732239845caf
16,1,1,0.0,0,9,2,1,0,ok,e442b4a3130f5b58
0,0,0,,0,0,1,0,0,ok,6e1459739df1507b
16,0,1,0.0625,1,0,6,0,1,ok,a3ebad8316835a80
16,1,3,0.25,4,6,9,1,2,ok,e7630e9714105cd6
0,0,0,,0,0,0,0,0,ok,b0e333b5747f583c
0,2,2,,0,9,1,2,0,ok,0844be45d11c5aed
11,0,0,0.0,0,0,8,0,0,ok,62de21b3905054a5
16,4,4,0.0,0,11,10,4,0,ok,7ef83fcdcfc65d6a
16,0,0,0.0,0,4,10,0,0,ok,71f28aa1b9465e97
15,0,0,0.0,0,0,8,0,0,ok,420e91f322a5532f
0,0,0,,0,2,0,0,0,ok,b952040abc8d5af1
16,1,2,0.0625,1,0,10,0,1,ok,cbaa1233983a5647
0,0,0,,0,0,2,0,0,ok,daaed109e7eb5f66
4,1,0,0.0,0,6,2,0,0,ok,0d910daaa400574a
11,11,11,0.0,0,28,1,11,0,ok,fd2b007086d85862
2,0,0,0.0,0,0,3,0,0,ok,23d3ee68be975f38
16,0,1,0.0625,1,0,12,0,1,ok,9d617500bb75560f
7,0,0,0.0,0,3,2,0,0,ok,412970bf7abc5efb
16,11,12,0.0625,1,25,4,11,1,ok,df6fe6d3bdc95b68
0,0,0,,0,0,0,0,0,ok,dee319dd07c65505
4,4,4,0.0,0,9,3,4,0,ok,e5df3dbbbf695282
3,2,0,0.0,0,7,9,0,0,ok,3ebf0ba137555533
3,0,0,0.0,0,0,2,0,0,ok,db420f84c8355aff
16,3,8,0.375,6,5,10,1,6,ok,3469113f168b5e5b
12,1,1,0.0,0,2,2,1,0,ok,ef99b6407ba25d8c
6,0,0,0.0,0,0,0,0,0,ok,f647b4d0b3fc5be1
16,1,3,0.125,2,0,6,0,2,ok,f2ef3eff909c59dc
16,0,0,0.0,0,0,0,0,0,ok,d6352d5b7ec3595b
13,0,0,0.0,0,0,4,0,0,ok,2a8c7752592b56f5
0,0,0,,0,0,0,0,0,ok,b5aa119c52855c26
8,7,7,0.0,0,28,2,7,0,ok,7d63accf9b415ff4
16,0,0,0.0,0,0,9,0,0,ok,93e2cb298e615f37
8,0,1,0.125,1,4,3,0,1,ok,e6d6ceb5a93a5658
4,2,2,0.0,0,4,0,2,0,ok,7c7dc82b97bd5f32
8,0,1,0.125,1,0,2,0,1,ok,9231c00eafc258e8
14,0,0,0.0,0,0,7,0,0,ok,5b10004c92c05e08
16,0,0,0.0,0,0,5,0,0,ok,aac1853286fb586a
3,0,0,0.0,0,12,1,0,0,ok,dbf85412d00958d6
12,2,3,0.08333333333333333,1,7,5,2,1,ok,f7f01919c265581d
16,5,11,0.375,6,5,28,0,6,ok,561bf345c2de58c3
16,7,7,0.1875,3,13,7,5,2,ok,ceab1e036a535ce7
14,0,1,0.07142857142857142,1,0,3,0,1,ok,3865520d8b6a53d3
8,0,0,0.0,0,4,3,0,0,ok,beea15c8657d59a2
16,0,2,0.125,2,0,7,0,2,ok,fb2ff61f03725b16
9,1,1,0.0,0,4,2,1,0,ok,eb0939acc60d5a64
12,17,17,0.08333333333333333,1,31,4,17,0,ok,d64fa37c206a5ba3
15,0,1,0.06666666666666667,1,0,1,0,1,ok,dccb52bae1615038
3,0,0,0.0,0,4,1,0,0,ok,75810017ce7c5729
10,2,2,0.3,3,3,3,1,1,ok,ecc4768429ed5e2a
9,0,0,0.0,0,0,3,0,0,ok,10963ecdf8e15822
16,0,3,0.1875,3,1,4,0,3,ok,bb10f486300a5d28
0,0,0,,0,0,0,0,0,ok,ddcf243f16e750a7
16,0,1,0.0625,1,0,5,0,1,ok,853821b9ab8053a3
0,0,0,,0,0,1,0,0,ok,8fc55199e2a45f9e
5,0,0,0.0,0,1,4,0,0,ok,54c14d1adb285771
16,4,7,0.1875,3,8,15,2,3,ok,2e2eb2a8d53e517e
0,0,0,,0,0,0,0,0,ok,218905a7ae6b5eca
16,1,2,0.0625,1,1,6,1,1,ok,c5f4aa47ce9f5c6b
12,0,0,0.0,0,0,0,0,0,ok,598ba8b529ad57fb
16,0,2,0.125,2,0,9,0,2,ok,255cdd808c0c5825
16,0,0,0.0,0,0,2,0,0,ok,96a79d16a08f5ce0
14,0,2,0.14285714285714285,2,2,8,0,2,ok,6a789294564350ec
15,0,1,0.13333333333333333,2,5,10,0,1,ok,97328a9eac185088
0,0,0,,0,0,0,0,0,ok,595e068185cb52b3
14,0,1,0.07142857142857142,1,3,4,0,1,ok,6a294e9b3261546a
1,0,0,0.0,0,0,1,0,0,ok,cdf468c6bc125da6
8,0,2,0.375,3,1,2,0,2,ok,b03e3d27af805034
16,0,0,0.0,0,0,5,0,0,ok,e074d130cffc5172
16,0,1,0.0625,1,0,4,0,1,ok,1bb24d1845415748
8,1,1,0.125,1,1,0,1,0,ok,e76de423131e51c4
6,0,1,0.16666666666666666,1,2,4,0,1,ok,46054b08551b527c
11,3,4,0.09090909090909091,1,11,9,3,1,ok,52b7a99b30f45c33
15,0,1,0.06666666666666667,1,1,11,0,1,ok,de4c6e73f24a5133
0,0,0,,0,0,0,0,0,ok,f9ceb6b8914c5f33
16,2,5,0.1875,3,1,28,0,3,ok,0601ed96c2535ac2
13,0,1,0.07692307692307693,1,7,3,0,1,ok,3c816692ba6e5e91
14,0,1,0.07142857142857142,1,0,6,0,1,ok,007b784d5a865a23
0,0,0,,0,0,0,0,0,ok,b14ea437dd3f5324
4,2,2,0.0,0,6,3,2,0,ok,faf2a6183d2e5ad4
0,0,0,,0,1,0,0,0,ok,756a738191815522
0,0,0,,0,0,0,0,0,ok,75ed01d32d2957da
11,3,3,0.0,0,6,3,3,0,ok,5cc6f59b2d555dca
0,0,0,,0,0,0,0,0,ok,3800c4ae140a507c
4,3,3,0.0,0,14,7,3,0,ok,abe813c3b0f55839
4,3,3,0.0,0,9,4,3,0,ok,8087ddb8b2d257db
16,1,2,0.0625,1,7,14,1,1,ok,36722358bf4954ef
5,1,1,0.0,0,3,5,1,0,ok,083f0e23bc0c5be8
10,0,0,0.0,0,0,1,0,0,ok,4f6bb42647ff5960
16,0,0,0.0,0,4,8,0,0,ok,a6514c6b7ce25b51
0,0,0,,0,6,0,0,0,ok,0d305fd277085c17
16,1,1,0.0625,1,5,1,1,0,ok,1b011039c7de5986
14,3,4,0.07142857142857142,1,10,3,2,1,ok,5e61b75de2f65409
9,0,1,0.2222222222222222,2,0,3,0,1,ok,ef955e9885f35998
16,1,1,0.0,0,7,10,1,0,ok,bdf9335ee8b05f2c
1,1,2,1.0,1,6,2,1,1,ok,e9a24eb52b255249
16,0,0,0.0,0,0,5,0,0,ok,3982791e80f558cc
4,0,0,0.0,0,0,2,0,0,ok,c961a03877bd5575
7,0,0,0.0,0,0,0,0,0,ok,7a06f3473dbc5f19
1,4,4,0.0,0,8,3,4,0,ok,a92bd82df49c5846
5,1,1,0.0,0,16,2,1,0,ok,da85022314175da8
11,1,2,0.09090909090909091,1,0,8,0,1,ok,7b788922e6055341
12,0,2,0.16666666666666666,2,6,10,0,2,ok,bb052c68a46c5347
1,0,0,0.0,0,0,0,0,0,ok,c5fd91a26f1055ec
0,0,0,,0,0,0,0,0,ok,d09fd60ff7975d1c
16,0,0,0.0,0,1,4,0,0,ok,ec9abed5b0075592
0,0,0,,0,0,0,0,0,ok,e23bedd75be45c30
6,5,5,0.0,0,18,3,5,0,ok,b9fa7bd3dcf95c1a
0,1,1,,0,6,0,1,0,ok,4bf1e16b0ce25633
0,2,2,,0,9,0,2,0,ok,ca7d179f8e0c5e06
2,0,0,0.0,0,0,5,0,0,ok,92325e49ccde582f
11,0,0,0.09090909090909091,1,1,2,0,0,ok,1b98190fceaa5b27
16,0,0,0.125,2,1,11,0,0,ok,e8372c3e1cb858ee
0,0,0,,0,0,0,0,0,ok,166237eb10365417
16,0,0,0.0,0,4,8,0,0,ok,3b3f7522446c55a0
9,0,1,0.1111111111111111,1,0,3,0,1,ok,f80f969e28c357a7
0,0,0,,0,0,0,0,0,ok,7f180d3fb60350aa
15,3,4,0.13333333333333333,2,5,5,1,2,ok,158212aee9895845
10,0,1,0.1,1,1,2,0,1,ok,cf257191438e5cb5
0,0,0,,0,3,0,0,0,ok,1c45f63fec185b78
16,0,0,0.0,0,0,6,0,0,ok,1369d4d514155a96
7,1,2,0.14285714285714285,1,3,2,1,1,ok,e56d45eff57e581d
10,2,3,0.1,1,13,4,2,1,ok,892b4081ce9c52c6
5,0,0,0.0,0,0,3,0,0,ok,6280b3e49ac65f3d
1,0,0,0.0,0,1,1,0,0,ok,f9a0397d01b45da0
0,2,1,,0,3,1,1,0,ok,7c3ecafe0dc052cf
10,0,1,0.2,2,0,4,0,1,ok,2cca3f52e4225cab
0,0,0,,0,0,0,0,0,ok,26dec28f792f51b9
0,1,1,,0,2,0,1,0,ok,1da8a290c6bc516c
0,0,0,,0,0,0,0,0,ok,b46ee13fac2355ae
16,0,1,0.25,4,6,7,0,1,ok,06be83c9f91a5eee
1,0,0,0.0,0,1,3,0,0,ok,f821dea0a43d5b41
0,1,1,,0,9,3,1,0,ok,d3feae02c08655c3
0,5,5,,0,13,2,5,0,ok,4c0c8dae4d2350df
3,0,0,0.0,0,0,1,0,0,ok,b1eb7587d9e759a5
3,0,0,0.0,0,0,2,0,0,ok,5eb87bb8dcea5f25
16,0,0,0.0,0,0,10,0,0,ok,ef87ec02b43e55f7
16,0,0,0.0,0,1,1,0,0,ok,beaafb58daa054d1
0,0,0,,0,0,1,0,0,ok,56f692ba06d15c65
16,0,1,0.0625,1,2,8,0,1,ok,8fc54421e7f85555
7,0,0,0.0,0,0,1,0,0,ok,643c8b8c8b7950f6
6,7,7,0.0,0,40,6,7,0,ok,a6fcdf18755e59b4
2,0,0,0.0,0,2,2,0,0,ok,b2c8afeb05d65340
4,1,1,0.0,0,5,6,1,0,ok,5c1a9561b6745ff9
10,0,1,0.2,2,0,4,0,1,ok,e77b76294cf85304
14,0,0,0.0,0,0,2,0,0,ok,3de452c5a98a5faf
7,2,1,0.14285714285714285,1,10,0,1,0,ok,44971479dacf5c26
14,6,8,0.14285714285714285,2,23,17,6,2,ok,9283692977e75633
0,0,0,,0,0,2,0,0,ok,6ba92e8b9d835efb
16,0,0,0.0,0,5,6,0,0,ok,fe5648be34715213
13,0,0,0.07692307692307693,1,0,2,0,0,ok,a7411529d04c58fe
7,0,0,0.0,0,0,7,0,0,ok,134605a8602d5d80
8,0,0,0.0,0,0,3,0,0,ok,2c70edd9c0dc5502
16,0,3,0.3125,5,0,8,0,3,ok,7d60b4da36c05780
0,0,0,,0,0,1,0,0,ok,be64db5bda5d5e58
16,0,1,0.125,2,11,5,0,1,ok,34d8d3226c24507d
13,3,3,0.07692307692307693,1,9,8,3,0,ok,7897b382380c5940
0,0,0,,0,0,0,0,0,ok,f1b6f93a4ed454a0
8,0,1,0.125,1,0,4,0,1,ok,a400f271c6cd51f6
4,1,1,0.0,0,4,2,1,0,ok,0af54cb67a915c78
9,0,1,0.1111111111111111,1,0,2,0,1,ok,26f8165a1b6753bc
16,4,4,0.0,0,18,24,3,0,ok,776d574723f55617
7,0,0,0.0,0,0,2,0,0,ok,e50c0408d6e45345
13,0,2,0.15384615384615385,2,0,3,0,2,ok,7f5e1c98e1da59c9
1,1,1,0.0,0,3,1,1,0,ok,3ce20129890d5692
12,0,2,0.25,3,0,4,0,2,ok,74b12d890c5a5620
16,4,4,0.0,0,1,12,0,0,ok,96f3bce9cb45562e
0,0,0,,0,0,0,0,0,ok,5bc2590811e65d86
5,1,1,0.0,0,13,3,1,0,ok,dce72a2b17b85b3b
7,0,0,0.0,0,4,2,0,0,ok,a066e31a5ec75a8a
16,0,1,0.0625,1,3,3,0,1,ok,d3a0f2e617295837
14,1,0,0.07142857142857142,1,2,5,0,0,ok,3ae77498615e545f
8,0,0,0.0,0,1,3,0,0,ok,687c3b2cecad5df0
16,0,0,0.0,0,0,3,0,0,ok,af980797d88352eb
6,0,0,0.0,0,8,2,0,0,ok,365ab7f45c045507
14,5,2,0.14285714285714285,2,10,5,1,1,ok,c1012e06166f5f96
16,0,1,0.3125,5,0,4,0,1,ok,798d251d6cee5f60
0,0,0,,0,0,0,0,0,ok,b32808be037a514c
16,0,0,0.1875,3,4,2,0,0,ok,ca25898633645cba
7,0,0,0.0,0,0,2,0,0,ok,e6a12b3804ea59a7
16,0,1,0.0625,1,0,2,0,1,ok,c57389f5552753f2
3,0,0,0.0,0,0,4,0,0,ok,99a7a875aec85aa1
14,0,2,0.14285714285714285,2,1,6,0,2,ok,27e1bf369d4a5dd7
16,0,0,0.0625,1,0,2,0,0,ok,192f7e82b7de5700
14,0,3,0.2857142857142857,4,1,8,0,3,ok,f8792a8fc38d5c34
15,1,1,0.0,0,0,4,0,0,ok,ef64a461f9b35102
12,0,1,0.08333333333333333,1,4,3,0,1,ok,40811dd9ceb956b8
16,4,4,0.25,4,18,5,3,1,ok,0ee71cba41605e3d
0,11,8,,0,19,16,8,0,ok,9e849ebffc905145
8,0,1,0.125,1,0,1,0,1,ok,3a8b30f015405d19
12,0,0,0.0,0,0,3,0,0,ok,db1bde222fdc558e
0,0,0,,0,0,0,0,0,ok,61e07325be2d55c3
16,0,0,0.0625,1,0,5,0,0,ok,f75ad05159d55942
0,0,0,,0,0,0,0,0,ok,d0715145178959ca
6,0,0,0.16666666666666666,1,0,1,0,0,ok,54ecbba78d66572e
13,0,1,0.07692307692307693,1,0,3,0,1,ok,e041e67e0de45a1d
7,0,0,0.0,0,0,2,0,0,ok,f411b3a79177517d
0,0,0,,0,0,2,0,0,ok,e228809663c95294
3,0,0,0.0,0,0,5,0,0,ok,174adc32125754cc
1,0,0,0.0,0,1,0,0,0,ok,b5aea0eff5a251bc
16,2,8,0.4375,7,14,16,2,6,ok,b45f175bf4d85627
0,0,0,,0,3,0,0,0,ok,042a89a0e3795377
12,0,0,0.0,0,0,4,0,0,ok,000a724d1d1f5545
16,0,1,0.0625,1,2,6,0,1,ok,3117a5a0146f55d3
15,0,0,0.06666666666666667,1,0,0,0,0,ok,c3b5a2fb8d025765
0,0,0,,0,2,0,0,0,ok,28ca6470dbd85ca7
12,0,1,0.08333333333333333,1,0,4,0,1,ok,99256b44554c5087
0,0,0,,0,0,0,0,0,ok,11de5626fd1a55d2
7,0,1,0.14285714285714285,1,2,2,0,1,ok,345b59f6aea559f4
16,0,2,0.125,2,0,5,0,2,ok,cdf4d1855b315996
12,0,0,0.16666666666666666,2,0,0,0,0,ok,e6ef443bbc4f5d9f
11,0,0,0.0,0,0,3,0,0,ok,5cc9a26c70085191
4,0,0,0.0,0,0,2,0,0,ok,e05936a2b0d552f2
4,0,0,0.0,0,1,1,0,0,ok,7fd74f43e7705809
10,0,0,0.0,0,1,2,0,0,ok,d744744dc9fe58ae
16,0,0,0.0625,1,0,4,0,0,ok,9601abd635e75708
7,0,0,0.0,0,0,4,0,0,ok,24d9547f85735e9a
15,0,1,0.06666666666666667,1,1,10,0,1,ok,24ac05e7ba9959ed
16,0,0,0.0,0,1,1,0,0,ok,b06ff2c8842c5b44
7,0,0,0.0,0,0,1,0,0,ok,e8ac26b0c3b7512c
0,0,0,,0,1,0,0,0,ok,90b5e1e27ddb5618
11,3,2,0.09090909090909091,1,8,5,2,0,ok,df1b24c26b925690
0,2,2,,0,5,0,2,0,ok,83183fb90de05edc
9,0,1,0.1111111111111111,1,0,7,0,1,ok,7d67596b5cba589a
16,0,0,0.0,0,0,5,0,0,ok,a0fc59e0c9e35f05
16,0,1,0.0625,1,2,8,0,1,ok,89853c9f8c0b5c22
1,0,0,0.0,0,4,0,0,0,ok,94e72026ed8354b7
0,0,0,,0,0,0,0,0,ok,832f46b507cf5f63
2,0,0,0.0,0,0,1,0,0,ok,fc35547d779d5c3e
0,0,0,,0,0,1,0,0,ok,3150ffa2bff35306
14,11,11,0.0,0,23,2,11,0,ok,c809899996515364
16,0,2,0.125,2,1,3,0,2,ok,113b466f9cbe5205
16,0,0,0.0,0,0,4,0,0,ok,5688cfd859085b93
4,0,1,0.25,1,3,2,0,1,ok,2cbad57b521c57b2
4,0,0,0.25,1,1,2,0,0,ok,a4ec735387195f66
6,3,3,0.0,0,20,1,3,0,ok,87a4e411dc855c58
16,0,0,0.0625,1,0,4,0,0,ok,b476b790bcc55ff6
16,8,8,0.25,4,20,2,7,1,ok,4d38d1b385625ae7
0,0,0,,0,0,0,0,0,ok,1e91faa534785471
11,0,0,0.0,0,6,2,0,0,ok,bab3ed1725365d32
16,0,0,0.0,0,0,14,0,0,ok,7943394a602450b8
7,0,0,0.0,0,1,3,0,0,ok,421c9ebe7c405b49
0,0,0,,0,0,0,0,0,ok,dd7086f9f2b3558e
0,0,0,,0,0,0,0,0,ok,0cc59130bd945c39
0,0,0,,0,0,0,0,0,ok,b11d4dade079521a
16,0,0,0.0625,1,0,5,0,0,ok,6d5fabccdb6c56e8
0,2,0,,0,2,0,0,0,ok,5e6e4a2b66c05f9f
16,0,3,0.1875,3,0,5,0,3,ok,02a532316fd7545a
16,0,1,0.0625,1,3,6,0,1,ok,3cc063a94ad55d59
16,0,1,0.25,4,2,3,0,1,ok,fa48a186c0e053b0
8,0,2,0.375,3,0,5,0,2,ok,bcd46f56a6515cd7
0,0,0,,0,0,0,0,0,ok,ffdf3b9acde552a0
13,2,2,0.38461538461538464,5,6,3,2,0,ok,0bcf5bd553265204
15,1,2,0.06666666666666667,1,1,6,0,1,ok,069984d7d37a56f3
5,0,0,0.0,0,5,4,0,0,ok,7b65fd88765552ea
4,0,1,0.25,1,0,2,0,1,ok,c2af2697294e52d4
16,2,4,0.5,8,7,6,2,2,ok,b0b4b6dd5e065eab
16,0,1,0.0625,1,6,3,0,1,ok,5c47185603e652f4
0,1,1,,0,2,0,1,0,ok,3bf464cc6a775107
14,0,1,0.07142857142857142,1,0,3,0,1,ok,450d136b72125e9b
9,10,9,0.2222222222222222,2,21,3,9,0,ok,72b2ee0a8dbc52e2
4,0,1,0.25,1,0,1,0,1,ok,771202f547a05601
16,3,4,0.0625,1,10,4,3,1,ok,b581fee5cc5657ab
0,0,0,,0,4,1,0,0,ok,e76cec5f81315e98
0,0,0,,0,2,2,0,0,ok,b5aa32fdff6a5e9e
12,0,0,0.0,0,0,2,0,0,ok,ed98339d87b35fec
16,0,0,0.0,0,1,12,0,0,ok,ac61a9d53df3572d
4,0,0,0.0,0,0,6,0,0,ok,8a6a83bae2e45757
16,0,1,0.25,4,2,2,0,1,ok,7498f760f2985183
16,0,3,0.25,4,1,7,0,3,ok,350975234b095a93
16,0,3,0.1875,3,7,13,0,3,ok,a595f15daf99594c
12,0,0,0.0,0,0,3,0,0,ok,00ed6f3854fe5021
14,0,1,0.21428571428571427,3,0,4,0,1,ok,0e7efc1478c45fa3
15,1,2,0.06666666666666667,1,6,4,1,1,ok,bfaec4d18c635d31
16,0,0,0.125,2,0,3,0,0,ok,d4fefa62a8c05cfc
16,1,2,0.125,2,10,2,1,1,ok,8941582145105878
12,0,1,0.08333333333333333,1,0,5,0,1,ok,2c8eac9690fc5aa1
9,1,0,0.0,0,5,0,0,0,ok,331b5c16f8535eb8
1,0,0,0.0,0,0,0,0,0,ok,3f7d3f42d451562e
16,0,0,0.0,0,2,3,0,0,ok,e98b2a26813a5fd1
16,0,1,0.0625,1,0,6,0,1,ok,3adc2d77f56e59bf
0,0,0,,0,0,0,0,0,ok,af0c1d93b13a56de
6,1,0,0.0,0,4,3,0,0,ok,8b123f52ff815acc
1,3,3,0.0,0,11,14,3,0,ok,71170226fbcd5a56
16,0,2,0.125,2,15,22,0,2,ok,3cf2e04bb334583f
0,0,0,,0,0,1,0,0,ok,b80982d4e2fa5f02
8,0,0,0.0,0,0,3,0,0,ok,61f642eaf9315ac6
0,0,0,,0,0,0,0,0,ok,44e41134bea05b2d
8,0,0,0.0,0,2,1,0,0,ok,72ff988087705d96
0,0,0,,0,1,1,0,0,ok,5079be230b155515
6,1,1,0.16666666666666666,1,5,2,1,0,ok,6d437023a5de5323
16,1,1,0.0,0,0,10,0,0,ok,74e2e7289a0459c1
16,0,1,0.0625,1,0,7,0,1,ok,b3abb3852aa85fbf
0,0,0,,0,4,1,0,0,ok,78a734bdc9015946
16,0,0,0.0625,1,1,0,0,0,ok,523ca884175c55ff
0,0,0,,0,0,0,0,0,ok,c8193593453a5ebe
16,1,2,0.0625,1,6,8,1,1,ok,2d68e42c10ee534c
0,0,0,,0,0,0,0,0,ok,a452e008d2385fdd
13,0,5,0.38461538461538464,5,0,12,0,5,ok,c13d0547979751c8
4,1,1,0.0,0,2,1,1,0,ok,0dfccf4b0dfd5c98
12,1,1,0.0,0,1,3,0,0,ok,6d661017efdf5936
4,0,0,0.0,0,0,3,0,0,ok,13f22fbcd0b459f5
0,0,0,,0,0,1,0,0,ok,09557d67f16c58da
4,0,0,0.0,0,0,1,0,0,ok,b19bc705b0ef52c3
8,3,2,0.0,0,11,2,2,0,ok,3793288039235191
0,0,0,,0,0,0,0,0,ok,b8ac2ce039e5563b
11,0,1,0.09090909090909091,1,1,3,0,1,ok,a78de34136255308
0,0,0,,0,0,0,0,0,ok,c02a9aacf22753dd
12,1,1,0.0,0,3,0,1,0,ok,1b5a31ac24b45f4e
13,0,2,0.15384615384615385,2,0,4,0,2,ok,06ca93661ae5514a
14,0,1,0.14285714285714285,2,0,4,0,1,ok,28e609264c295deb
8,0,0,0.0,0,0,3,0,0,ok,0e71ce3f737f561b
16,2,4,0.1875,3,4,6,2,2,ok,132f612176205fa7
16,1,1,0.0,0,0,5,0,0,ok,79bafe7d092c531b
16,1,1,0.0,0,1,5,0,0,ok,8ac0bf030cfb5008
16,0,2,0.1875,3,0,8,0,2,ok,83cc0513ec9f5331
0,0,0,,0,0,3,0,0,ok,838b44576b785362
14,0,0,0.0,0,0,8,0,0,ok,40b6e69fbb1d56ce
15,0,0,0.0,0,0,5,0,0,ok,a0cf9185b5e15114
16,1,1,0.0,0,0,5,0,0,ok,fd91f0ab61d0556d
4,4,4,0.0,0,9,5,4,0,ok,289b538a497c57af
4,0,1,0.5,2,0,4,0,1,ok,51ad2cc4e40b5fe0
16,1,2,0.0625,1,5,9,1,1,ok,16ba10d012875993
9,2,3,0.1111111111111111,1,9,9,2,1,ok,f3db0ec362325116
0,0,0,,0,0,1,0,0,ok,5b02923485605880
5,2,2,0.2,1,14,2,2,0,ok,0c5b70bf40975d11
10,0,0,0.0,0,8,8,0,0,ok,46c8c1340db25b2c
16,1,1,0.0,0,6,5,1,0,ok,8bf0531b4c7350c7
3,1,1,0.0,0,2,3,1,0,ok,0be758b23f54572b
2,0,0,0.0,0,4,0,0,0,ok,c645a18507be514e
7,0,0,0.0,0,0,0,0,0,ok,2b370891caa354e4
16,1,1,0.0,0,0,7,0,0,ok,93f37bfca7d8591d
16,0,1,0.0625,1,1,5,0,1,ok,f9c259cb771a515b
0,0,0,,0,0,0,0,0,ok,e3072dd758095e60
0,0,0,,0,1,0,0,0,ok,da02645f05da55f9
0,0,0,,0,0,1,0,0,ok,135bdfe20511513d
7,0,0,0.0,0,1,2,0,0,ok,ffef55b342065f3b
14,0,1,0.14285714285714285,2,0,7,0,1,ok,8f63322777a95483
9,0,0,0.0,0,4,4,0,0,ok,c77088425a665d91
13,0,0,0.0,0,1,0,0,0,ok,ad48c4ef8414516b
15,0,0,0.0,0,0,10,0,0,ok,b480274425005fb4
8,0,1,0.375,3,0,3,0,1,ok,b58b5ad46b275b29
1,0,0,0.0,0,0,1,0,0,ok,96ae2d979aa55a1a
16,0,0,0.0,0,9,6,0,0,ok,44ec84bb8a3b5671
10,0,1,0.1,1,0,2,0,1,ok,02d16199b6ee5c87
0,0,0,,0,1,0,0,0,ok,6d70aff9f67f508e
16,6,11,0.3125,5,30,33,4,5,ok,f3e7e563ea195474
2,7,7,0.0,0,35,3,7,0,ok,965d082f70795c07
7,1,1,0.14285714285714285,1,0,2,0,0,ok,d714023cd6a55633
16,1,6,0.375,6,4,15,1,5,ok,a7217f5bd8645d9a
0,0,0,,0,0,0,0,0,ok,cb5b7e9660e05527
2,0,0,0.0,0,0,1,0,0,ok,3a2ee5142eba5af3
16,0,0,0.0,0,0,10,0,0,ok,3c6da67706c85048
15,0,2,0.13333333333333333,2,0,6,0,2,ok,2409b99bba505991
15,0,0,0.06666666666666667,1,2,2,0,0,ok,1abb0938ac77562e
3,2,2,0.3333333333333333,1,5,5,1,1,ok,628ba2cbf7ee52cf
16,2,2,0.0625,1,15,9,1,1,ok,385afe37f5065de0
2,0,0,0.0,0,0,1,0,0,ok,2fdce7d255cc5f11
14,11,11,0.0,0,26,2,11,0,ok,5ee33bf67dfe5fef
16,1,1,0.0625,1,1,13,0,1,ok,483e1e3d8eb0568f
0,0,0,,0,0,1,0,0,ok,32912f87456e576e
8,0,0,0.0,0,1,5,0,0,ok,9d3ded58bc6a5778
16,0,2,0.125,2,0,9,0,2,ok,121ce1288a9b596c
7,12,12,0.14285714285714285,1,23,1,12,0,ok,68652c71359054b5
0,0,0,,0,0,0,0,0,ok,8c4642e7ae04578f
1,1,0,0.0,0,3,1,0,0,ok,5353cf4cb5865878
0,0,0,,0,0,1,0,0,ok,5ec8b1877d6c53c9
16,0,0,0.0,0,0,6,0,0,ok,6c9ce7be9f735199
6,1,1,0.0,0,20,1,1,0,ok,d17a52fdda665b63
7,2,2,0.0,0,9,4,2,0,ok,310004ec47455774
0,0,0,,0,0,0,0,0,ok,031a5032e9c25fe6
10,0,1,0.1,1,0,7,0,1,ok,50895e96131357e7
0,0,0,,0,1,3,0,0,ok,6621971109a45907
16,0,0,0.0,0,1,1,0,0,ok,d31cc4b32d5e5109
0,0,0,,0,1,4,0,0,ok,48d565b733d05a60
0,0,0,,0,0,1,0,0,ok,f92f151bbd115574
16,1,1,0.0625,1,6,8,0,1,ok,f6884d2241d5545b
9,5,5,0.1111111111111111,1,18,4,5,0,ok,13e215e0d1e25951
16,1,1,0.0,0,5,1,1,0,ok,7e6c1669266f5538
13,3,2,0.07692307692307693,1,7,12,1,1,ok,9efb0d3fb58058f5
16,0,1,0.0625,1,0,5,0,1,ok,9c3fd2288f7d5bd4
16,0,0,0.0,0,0,3,0,0,ok,79bdfb47a07c5974
16,0,1,0.0625,1,0,8,0,1,ok,d73a3c990710546b
1,0,0,0.0,0,3,0,0,0,ok,27f2a608ee7d580a
0,0,0,,0,2,2,0,0,ok,6bd930fbfc9a54a0
12,0,0,0.0,0,0,0,0,0,ok,489dad7a8d2d5310
16,0,0,0.0625,1,4,3,0,0,ok,9c9a4f0ae7815593
7,0,0,0.0,0,0,4,0,0,ok,801a0582e8f25a10
5,4,5,0.4,2,10,2,4,1,ok,db0fe1317a4d591d
14,0,1,0.07142857142857142,1,0,3,0,1,ok,7d15dbdadcc65f79
16,1,2,0.0625,1,3,7,1,1,ok,37e84b5ad7aa51ea
10,0,0,0.1,1,1,3,0,0,ok,dda8b5a5df2d59fa
7,4,5,0.14285714285714285,1,14,5,4,1,ok,8433178a042258c7
16,9,9,0.125,2,19,4,9,0,ok,6fe67fa532545a5b
6,0,1,0.3333333333333333,2,2,2,0,1,ok,44f094d5bd7852c8
16,8,8,0.125,2,28,1,8,0,ok,0139a1f2456951b2
0,0,0,,0,0,0,0,0,ok,e63ceef71f285467
16,0,1,0.125,2,0,2,0,1,ok,429799a51cde55f8
14,0,1,0.07142857142857142,1,2,3,0,1,ok,87f735b996ee534f
0,0,0,,0,0,0,0,0,ok,daaf09cabbb65512
9,2,3,0.1111111111111111,1,8,3,2,1,ok,03012d9698e35ae0
1,1,1,0.0,0,3,1,1,0,ok,a8bc5302ae2a5bde
16,0,1,0.0625,1,1,3,0,1,ok,6dcfc452d2055923
2,0,0,0.0,0,0,1,0,0,ok,188ff04c5ea55981
0,1,1,,0,10,0,1,0,ok,7f7ea8b0e1375992
2,0,0,0.0,0,0,2,0,0,ok,e6a81592e1285fa1
0,0,0,,0,0,0,0,0,ok,ee4e2e62b2605f08
6,0,0,0.16666666666666666,1,1,3,0,0,ok,e132e85403095b90
6,0,0,0.0,0,4,3,0,0,ok,89f35a271fe253b8
5,0,0,0.0,0,5,6,0,0,ok,c5d86a8762ae538c
15,0,1,0.06666666666666667,1,4,5,0,1,ok,bd756682d09a5319
16,0,0,0.0,0,5,8,0,0,ok,723556647359580e
16,0,0,0.0,0,0,17,0,0,ok,485b9705490a5df8
0,0,0,,0,0,1,0,0,ok,ff242db1697f5d8e
16,3,7,0.375,6,16,12,3,4,ok,13083771089c58d8
4,2,2,0.25,1,4,1,1,1,ok,d5c007c542c35064
0,0,0,,0,0,0,0,0,ok,b90bd86bd0925dd4
6,0,0,0.0,0,0,1,0,0,ok,f5c622a0b81f51b9
14,0,2,0.14285714285714285,2,0,12,0,2,ok,62ac8c20c1515d1a
0,0,0,,0,2,0,0,0,ok,fde4ddde224d5137
6,0,0,0.0,0,8,2,0,0,ok,3a77e5b7f3b55873
16,0,1,0.125,2,0,4,0,1,ok,43b5a9e3bd355d96
3,0,0,0.0,0,0,0,0,0,ok,62643c3cd94d578c
3,0,0,0.0,0,0,4,0,0,ok,436038d30fbe5af1
4,0,0,0.0,0,1,5,0,0,ok,99e7933470ea5e61
0,0,0,,0,0,1,0,0,ok,26edb5229e1f56a8
14,0,3,0.42857142857142855,6,1,3,0,3,ok,e86d3931d5bf5d60
12,0,1,0.16666666666666666,2,1,2,0,1,ok,c03415dc3fc55c18
16,0,0,0.0,0,0,2,0,0,ok,71cea598d935585c
9,0,0,0.0,0,0,2,0,0,ok,5d0188acc6755f9d
5,2,2,0.0,0,24,2,2,0,ok,beae230038275f33
16,1,2,0.0625,1,0,6,0,1,ok,d8f35f79fa375a71
13,0,0,0.0,0,1,0,0,0,ok,c6edad6a3a4a517d
16,1,3,0.1875,3,8,5,1,2,ok,c9bf22ab7a805c52
16,1,3,0.125,2,0,9,0,2,ok,b80963e8e85854fc
0,0,0,,0,0,1,0,0,ok,5fd27dc089e35797
13,0,1,0.15384615384615385,2,2,1,0,1,ok,7caadf7ae4b6571d
0,0,0,,0,1,2,0,0,ok,3e467da60fbc551f
14,0,2,0.21428571428571427,3,2,4,0,2,ok,435f2d256b665354
0,0,0,,0,6,0,0,0,ok,bb3ff11f2bf358ca
14,0,1,0.14285714285714285,2,6,3,0,1,ok,8a88988badfe5a07
16,0,0,0.0,0,2,3,0,0,ok,bea8fff942495f6b
12,0,0,0.0,0,0,2,0,0,ok,206283a1ee775a54
0,0,0,,0,1,0,0,0,ok,66e7c71fd7115c09
8,5,5,0.0,0,11,2,5,0,ok,699ceb96634c5432
13,8,8,0.0,0,30,1,8,0,ok,7eae5a9a14715538
11,9,9,0.0,0,17,15,9,0,ok,8862db067f775971
14,3,4,0.07142857142857142,1,5,9,1,1,ok,ebbd33f9058e5e95
13,0,2,0.3076923076923077,4,0,7,0,2,ok,1a650b1926c25f81
9,0,0,0.0,0,6,5,0,0,ok,f38a0bb577685543
1,1,1,0.0,0,7,1,1,0,ok,add32afb725e5a19
5,0,0,0.0,0,0,1,0,0,ok,b544037c7d0d5130
9,0,1,0.1111111111111111,1,0,1,0,1,ok,896e6f2c015452c1
16,0,0,0.0625,1,2,6,0,0,ok,273b1df41ee256bc
2,0,0,0.0,0,0,3,0,0,ok,0996ce03d2325a75
13,2,2,0.0,0,0,8,0,0,ok,0b893ce43d935dbe
16,0,0,0.0,0,1,4,0,0,ok,93981978bc5e5316
15,0,2,0.13333333333333333,2,0,4,0,2,ok,d2af771a0b7b5f1d
0,0,0,,0,0,0,0,0,ok,4e23ee0cd28a587a
12,2,2,0.0,0,14,1,2,0,ok,256f8349b0fd5eb4
16,0,1,0.125,2,2,2,0,1,ok,9f36af6ca8be5213
15,0,1,0.2,3,0,4,0,1,ok,2bf61674078e5115
16,0,0,0.0,0,1,3,0,0,ok,735019b41d325520
3,0,0,0.0,0,0,1,0,0,ok,faada14f239b5a02
0,0,0,,0,0,0,0,0,ok,999c7d1851b953df
8,0,0,0.0,0,0,2,0,0,ok,cffa3209eaf85673
16,0,4,0.25,4,0,16,0,4,ok,ccf04a9c098a5c8e
8,0,1,0.125,1,0,3,0,1,ok,793b716753e7585a
9,0,0,0.0,0,0,2,0,0,ok,3b74e07273325cfe
16,3,3,0.0,0,4,10,1,0,ok,f79bec6697ca57cc
0,0,0,,0,0,0,0,0,ok,a48fc2c004905bd5
16,0,2,0.1875,3,10,13,0,2,ok,eb40cb84dc555a6e
16,0,0,0.0625,1,0,0,0,0,ok,ae96b23800fa5f2e
1,2,2,0.0,0,13,5,2,0,ok,2cd76926a1915a3a
9,0,1,0.2222222222222222,2,0,3,0,1,ok,aec0af9884975542
16,0,0,0.0,0,0,1,0,0,ok,60eae535164e5b82
0,0,0,,0,1,0,0,0,ok,448d5c6989e1541f
10,1,1,0.1,1,13,2,1,0,ok,e615ff0a202551bb
8,0,0,0.125,1,0,1,0,0,ok,abf5b2da3dcc58fc
16,0,3,0.1875,3,0,4,0,3,ok,36cc7d3f296d5074
5,1,1,0.2,1,2,1,1,0,ok,4b96572a4b9d5ea7
10,0,1,0.1,1,0,3,0,1,ok,82bce81998c95c02
10,0,0,0.0,0,2,1,0,0,ok,34ce3916415158f4
7,1,3,0.42857142857142855,3,1,4,1,2,ok,2927cd8283a95214
16,0,0,0.0,0,0,5,0,0,ok,d865a4a2eb7b5fe2
13,0,1,0.07692307692307693,1,0,3,0,1,ok,28d01552a4c25cad
16,0,1,0.125,2,1,4,0,1,ok,c638aa732983546c
16,0,1,0.125,2,5,3,0,1,ok,e74b8659e0d2564a
8,2,1,0.0,0,10,5,1,0,ok,1dc74433bf7b53df
16,0,0,0.0,0,2,2,0,0,ok,c5a40bd4b9d85494
11,3,2,0.09090909090909091,1,5,2,1,1,ok,3b0f3d4580395adf
12,0,0,0.0,0,0,5,0,0,ok,2d3a187d6c5d5e5b
5,0,0,0.0,0,1,2,0,0,ok,5706238f56725f50
11,0,0,0.0,0,2,2,0,0,ok,db975d54eeb15088
6,1,2,0.16666666666666666,1,4,4,1,1,ok,e3acb8b11a835ad6
15,1,0,0.06666666666666667,1,12,4,0,0,ok,e2fdec98429d5634
5,1,1,0.0,0,4,1,1,0,ok,aefdb9bf3f065f1e
0,0,0,,0,0,0,0,0,ok,4d0bc104a779508b
0,0,0,,0,0,0,0,0,ok,30faa717c27d5399
15,0,0,0.0,0,1,3,0,0,ok,4a685d40bcba5068
15,2,2,0.0,0,16,11,2,0,ok,284ab732d73f53a4
13,0,1,0.07692307692307693,1,0,1,0,1,ok,056d6c1919ad5860
16,0,0,0.0,0,0,5,0,0,ok,a139003dccd95c8e
14,0,2,0.35714285714285715,5,0,3,0,2,ok,79c4a31f13f55b68
16,5,12,0.5,8,31,27,5,7,ok,dc1aa53ee717553b
16,0,1,0.1875,3,1,7,0,1,ok,3fdcbaf6a2bf5d73
13,0,1,0.07692307692307693,1,1,5,0,1,ok,c5009c66b66d5521
11,3,4,0.09090909090909091,1,3,6,3,1,ok,81ba98b89f5e514e
7,1,1,0.2857142857142857,2,2,5,0,1,ok,d704282422125e7d
16,0,2,0.125,2,1,9,0,2,ok,a53feb0398d85d6a
16,0,1,0.125,2,0,4,0,1,ok,51abbcb948255f50
16,0,0,0.0,0,0,3,0,0,ok,22bf8e6e4dcd5717
16,0,0,0.0,0,3,7,0,0,ok,f00a789040235b5c
7,0,0,0.14285714285714285,1,0,2,0,0,ok,cb2ca3047f805a6a
16,0,1,0.0625,1,2,5,0,1,ok,c5e67080180252af
1,0,0,0.0,0,0,0,0,0,ok,f5f8ed05cd5b5a69
15,0,0,0.0,0,0,3,0,0,ok,2a75de641acb5ce8
11,13,11,0.0,0,22,2,11,0,ok,ad0cbf6cd93a5cb2
2,0,1,0.5,1,2,2,0,1,ok,0934fd3649d55568
16,2,3,0.0625,1,0,8,0,1,ok,fd904a7664895f9f
0,0,0,,0,0,0,0,0,ok,0e2d34f1ce3951f0
11,0,0,0.0,0,0,0,0,0,ok,a12e85f00b755f7c
0,0,0,,0,0,0,0,0,ok,1ab941427d235e2b
0,0,0,,0,0,0,0,0,ok,6de22791365b59fd
11,1,1,0.0,0,2,2,1,0,ok,d4d22fb9003c5a2d
7,0,0,0.0,0,0,3,0,0,ok,f7f26ac72a1d5346
7,1,1,0.0,0,3,3,1,0,ok,1d4e5d7c40775899
12,0,0,0.0,0,1,4,0,0,ok,3b18c122cc00596c
4,2,2,0.0,0,2,2,2,0,ok,9d5c93ede7735490
16,2,4,0.125,2,14,10,2,2,ok,c68a71521dd55dd4
16,0,2,0.125,2,1,2,0,2,ok,ed779fdb838459a0
10,0,1,0.1,1,0,6,0,1,ok,04f743d83ebf5a57
6,0,1,0.16666666666666666,1,0,2,0,1,ok,01be5a0d6a905c36
0,0,0,,0,1,0,0,0,ok,bda87b2b8cf9590e
7,0,0,0.0,0,0,1,0,0,ok,0918f1da2df053e8
10,6,6,0.0,0,32,2,6,0,ok,7440eca6b3765147
15,1,1,0.0,0,6,7,1,0,ok,f9181af948b95bbe
16,2,2,0.0625,1,8,1,2,0,ok,e2f6a5e474f8580b
16,2,3,0.0625,1,0,6,0,1,ok,3d10032fb0d2505a
9,6,6,0.1111111111111111,1,25,0,6,0,ok,b703c8b2dd1653bd
0,0,0,,0,0,0,0,0,ok,530fe3ae767954a6
6,0,1,0.16666666666666666,1,0,2,0,1,ok,294b5c53100f5c23
11,0,0,0.0,0,1,3,0,0,ok,3e7d914760865e4d
8,0,0,0.0,0,0,2,0,0,ok,79b8f8d5c61b51ac
0,0,0,,0,1,1,0,0,ok,38287668d9d452be
5,0,0,0.0,0,1,3,0,0,ok,86fad8da84c5586f
8,0,0,0.0,0,5,0,0,0,ok,5d50b6a18fd45ad7
11,0,0,0.09090909090909091,1,0,2,0,0,ok,c3cbc056c2575298
5,1,1,0.0,0,2,3,1,0,ok,31ff9bff97975018
8,0,2,0.25,2,0,4,0,2,ok,c05798da44635d14
11,6,10,0.36363636363636365,4,27,13,6,4,ok,ccabad19ad535d21
13,1,1,0.15384615384615385,2,1,2,0,1,ok,e528755bda01519c
7,0,0,0.0,0,0,1,0,0,ok,e55ca0f4c1bf597f
0,0,0,,0,0,0,0,0,ok,822b5a4a2e075ace
15,2,4,0.13333333333333333,2,5,4,2,2,ok,7b850208387c5038
16,0,2,0.125,2,0,7,0,2,ok,58464db5c13d5e4a
16,0,0,0.0,0,1,1,0,0,ok,8fda483ceda0516f
0,0,0,,0,0,0,0,0,ok,58beb55e4908571e
15,0,2,0.13333333333333333,2,0,5,0,2,ok,dc0fbab56c2d5934
14,0,0,0.0,0,0,3,0,0,ok,0fa0f3aff6a0546a
16,0,0,0.0,0,0,4,0,0,ok,f10024dcdd805712
0,0,0,,0,0,2,0,0,ok,5c2697e67284568e
11,8,9,0.18181818181818182,2,18,8,7,2,ok,6eeaefe8e4b95b3e
4,0,0,0.0,0,3,1,0,0,ok,bbd38b786f9c583a
15,0,1,0.13333333333333333,2,0,2,0,1,ok,50c3cc900e575cb9
16,0,0,0.0,0,2,1,0,0,ok,ddae020a0716546b
3,0,0,0.0,0,14,5,0,0,ok,402e8c79a94450a2
4,0,0,0.0,0,8,3,0,0,ok,b255887788a75769
7,0,0,0.0,0,0,2,0,0,ok,638ff59b354c5225
16,0,2,0.125,2,0,5,0,2,ok,99ca3a91722c5c9c
13,0,0,0.0,0,0,2,0,0,ok,b756816d5cfe568a
16,0,0,0.125,2,1,4,0,0,ok,3534de7809425a98
16,0,0,0.0,0,1,5,0,0,ok,067796bb659450b5
0,0,0,,0,0,0,0,0,ok,e7ad3bad700a5a65
16,1,1,0.0,0,0,5,0,0,ok,21685e00ac94508d
3,0,0,0.0,0,0,0,0,0,ok,96155e341da3592c
0,0,0,,0,0,2,0,0,ok,4c5c3d07672e5932
11,0,1,0.2727272727272727,3,0,2,0,1,ok,ec2f735426aa51d7
0,0,0,,0,1,0,0,0,ok,9803271661f25235
9,0,0,0.0,0,0,1,0,0,ok,840e1d5675aa5033
4,0,1,0.25,1,0,4,0,1,ok,66a5fa74d68e53ac
0,0,0,,0,6,0,0,0,ok,dcd1445ff7015f55
16,0,0,0.0,0,0,4,0,0,ok,b53b2b5e9a9254ad
0,0,0,,0,0,0,0,0,ok,f432375a9f93540e
0,1,1,,0,5,2,1,0,ok,e64d0b366d9c50fc
4,0,0,0.0,0,1,3,0,0,ok,60f3600b83e15a0d
15,0,0,0.0,0,0,5,0,0,ok,d7f81d91a66757c2
16,0,2,0.125,2,0,7,0,2,ok,305a9df25a955044
10,0,0,0.0,0,0,3,0,0,ok,1dc9f121a64656c1
0,0,0,,0,0,0,0,0,ok,4b40e0fa6d105a20
16,2,0,0.25,4,0,2,0,0,ok,a5ce5736464a5da0
0,0,0,,0,0,1,0,0,ok,8b60ebe9f45d5db0
9,0,0,0.0,0,1,4,0,0,ok,477ba07407b45e26
14,0,1,0.14285714285714285,2,0,2,0,1,ok,63071e89cced576e
3,2,1,0.3333333333333333,1,3,0,1,0,ok,11927353703257f5
6,3,3,0.16666666666666666,1,9,5,3,0,ok,2131a140bcfe58b3
13,5,5,0.0,0,16,8,5,0,ok,3dca9d26e41d5caa
4,6,6,0.0,0,10,0,6,0,ok,148d20a70cce5c81
0,0,0,,0,0,1,0,0,ok,87f035dfb24e509f
16,0,3,0.1875,3,6,24,0,3,ok,18704c51bbf65bd2
7,4,5,0.14285714285714285,1,20,1,4,1,ok,2248a51f2be658d5
9,1,2,0.1111111111111111,1,7,7,1,1,ok,1045a8d036cf57a3
16,2,1,0.0,0,14,4,1,0,ok,40caf64517715e85
9,0,1,0.1111111111111111,1,0,4,0,1,ok,4a9fb2d4467850a1
16,2,2,0.0,0,7,2,2,0,ok,30e263545fe95d48
9,0,0,0.0,0,0,3,0,0,ok,5097493ad10b5a47
11,0,0,0.0,0,0,0,0,0,ok,a84fdee86d575da8
12,0,0,0.0,0,0,3,0,0,ok,a55cf095aa05536d
11,14,13,0.09090909090909091,1,32,1,13,0,ok,58a5b6a55e045a15
6,0,1,0.3333333333333333,2,0,4,0,1,ok,df70560f51e25d50
8,0,0,0.0,0,0,2,0,0,ok,6bf0869bb28b56cb
6,0,0,0.0,0,7,3,0,0,ok,8b36efa31fcd5b51
14,0,0,0.07142857142857142,1,1,4,0,0,ok,39bfaec3b99b5c88
0,0,0,,0,0,0,0,0,ok,8a2626a4cd9c5127
14,0,2,0.14285714285714285,2,3,5,0,2,ok,148928bc32d1552e
16,0,0,0.0,0,2,0,0,0,ok,5e417d03e2555ae6
4,0,0,0.0,0,1,1,0,0,ok,3d46510dfe945890
0,0,0,,0,0,0,0,0,ok,88e20df674f855d0
8,1,1,0.0,0,1,1,1,0,ok,73bc182208fc5ca7
0,3,3,,0,14,0,3,0,ok,4aa5a87051675da4
9,0,0,0.0,0,1,1,0,0,ok,97d7ee3d245e5a36
4,0,0,0.0,0,0,2,0,0,ok,7168caeaeeb25151
11,0,0,0.18181818181818182,2,0,7,0,0,ok,db4048f903795da8
0,0,0,,0,0,1,0,0,ok,b23fc1820c395ffa
0,0,0,,0,0,0,0,0,ok,776e5928655b5bbb
4,0,0,0.0,0,0,1,0,0,ok,fbc6385ec4725de3
16,0,2,0.125,2,1,9,0,2,ok,e94a3412b69151aa
0,0,0,,0,1,0,0,0,ok,b75da39419e35f45
12,0,2,0.16666666666666666,2,0,2,0,2,ok,df1540421d425294
10,0,2,0.3,3,0,3,0,2,ok,a771da3e5440503a
16,0,1,0.0625,1,0,7,0,1,ok,fd357030091d5465
11,0,0,0.0,0,0,0,0,0,ok,12f977409c3057b9
16,4,5,0.0625,1,9,11,4,1,ok,86eaa6565066570c
7,3,3,0.0,0,9,1,3,0,ok,020d454963f95dfa
7,0,0,0.0,0,0,3,0,0,ok,ee3a7451efb05334
4,0,0,0.0,0,0,2,0,0,ok,b2cd9b3910445b40
14,1,1,0.07142857142857142,1,0,1,0,1,ok,2dbd0fcc91465335
12,0,0,0.0,0,1,2,0,0,ok,70e1b1aa3c475c92
16,0,1,0.0625,1,0,5,0,1,ok,97070ed0c4f25e55
15,1,1,0.0,0,7,2,1,0,ok,34c68360cec55e57
10,3,3,0.0,0,4,4,3,0,ok,17152cbe4d4f5ca8
15,0,0,0.0,0,3,3,0,0,ok,7b3e1cb0017a5e23
0,0,0,,0,0,0,0,0,ok,ea9476ac68435cf9
2,1,0,0.0,0,1,0,0,0,ok,d8e5e997ae57560f
16,2,4,0.125,2,5,7,2,2,ok,f8a922c4a6b15db6
9,1,0,0.2222222222222222,2,0,1,0,0,ok,4e33a2d0ac115ba4
7,2,3,0.14285714285714285,1,9,3,2,1,ok,5d01a23c5745530e
6,2,2,0.0,0,11,1,2,0,ok,635d2625b87d5bd9
9,4,4,0.0,0,6,3,4,0,ok,99d473843def5b89
14,0,0,0.2857142857142857,4,0,3,0,0,ok,7d27e0ebb18a53db
10,0,0,0.1,1,0,0,0,0,ok,a17e37ccc5ff503d
16,0,1,0.0625,1,0,3,0,1,ok,8631390ccf2a59b8
2,0,0,0.0,0,1,1,0,0,ok,9364c7140e355d65
16,1,3,0.125,2,4,8,0,2,ok,89d8cc0ad2cf5216
16,3,3,0.0,0,1,6,0,0,ok,53bff02db50d542b
0,0,0,,0,0,0,0,0,ok,e64818aa683257c1
16,0,0,0.0,0,1,2,0,0,ok,57122326cc4558ef
0,1,1,,0,3,1,1,0,ok,14ecdf88b89d5c2b
15,0,1,0.13333333333333333,2,0,6,0,1,ok,f6f03742b4fb5e00
0,0,0,,0,0,0,0,0,ok,1e8c77191c6e5b57
10,5,5,0.1,1,7,4,4,1,ok,6c61fae57b175318
16,0,2,0.1875,3,4,11,0,2,ok,9e0d9e822e3858fa
0,0,0,,0,0,0,0,0,ok,b9bac4fddd5f5e94
16,0,2,0.125,2,6,7,0,2,ok,f32b1196832c5e20
0,0,0,,0,0,0,0,0,ok,66ff55ca6a7a56ad
16,4,6,0.5,8,7,11,3,2,ok,e16fe465008a55af
8,1,1,0.0,0,3,4,1,0,ok,648e6dcd23435f97
14,0,0,0.0,0,4,4,0,0,ok,56e0df6628225dce
4,0,0,0.0,0,0,0,0,0,ok,a4baa9a721715069
16,0,2,0.125,2,0,6,0,2,ok,26a2081c9bea5326
16,1,1,0.0625,1,16,2,1,0,ok,0d8838bb9fbb5e8b
16,0,1,0.0625,1,0,4,0,1,ok,1a5bff07e6365deb
16,0,0,0.0,0,1,6,0,0,ok,ed52ac192dbc53d4
0,0,0,,0,0,0,0,0,ok,e6a85ef20b3054c4
15,0,0,0.06666666666666667,1,0,9,0,0,ok,21a6f7e332b25092
6,0,1,0.16666666666666666,1,3,4,0,1,ok,ef2f57653d5351f9
13,14,14,0.07692307692307693,1,23,3,14,0,ok,57dfb64be75e509d
16,0,2,0.125,2,6,11,0,2,ok,bdb9cafdf69e520d
8,0,0,0.125,1,2,2,0,0,ok,54f1cede9d405458
10,6,5,0.0,0,19,9,5,0,ok,5b701f3bcad05bbe
0,2,2,,0,9,1,2,0,ok,76e34ada27a65f00
5,2,1,0.2,1,2,9,0,1,ok,1beb91bf092d5cbd
7,7,8,0.14285714285714285,1,19,8,7,1,ok,eba109e1ee02587f
16,0,0,0.0,0,0,3,0,0,ok,3d6399ae6e265ba9
10,0,1,0.1,1,1,4,0,1,ok,2f1b4ba121525de0
3,0,1,1.0,3,4,10,0,1,ok,5dc7f1725b2a59f5
14,0,0,0.07142857142857142,1,1,2,0,0,ok,25b66e05b36b5c90
16,1,3,0.125,2,3,14,1,2,ok,aebe1091c4635634
0,0,0,,0,0,0,0,0,ok,e2b0c93b758756fc
14,0,1,0.07142857142857142,1,2,6,0,1,ok,28fe6f26efa95068
16,1,3,0.125,2,0,6,0,2,ok,a9ccaeb4e4e557ed
16,0,0,0.0,0,0,2,0,0,ok,037ce126c93e591c
0,0,0,,0,1,0,0,0,ok,a98260c1606650d3
12,0,2,0.3333333333333333,4,3,3,0,2,ok,2a31473ac0b15df7
9,0,0,0.0,0,0,1,0,0,ok,d78f8ffc19e358a8
0,0,0,,0,0,1,0,0,ok,1e32c91920255907
0,0,0,,0,0,0,0,0,ok,5af032e695c256d9
16,1,1,0.1875,3,4,7,1,0,ok,fe4b64b7b9c159a9
7,0,1,0.14285714285714285,1,0,6,0,1,ok,dfb702caf73758a6
16,0,0,0.0,0,5,4,0,0,ok,2f6713124b9753e0
14,4,4,0.07142857142857142,1,24,2,4,0,ok,d1df920da7ef5d6b
9,0,0,0.0,0,0,3,0,0,ok,f002e461e5cc5e14
16,0,2,0.125,2,0,4,0,2,ok,00b34c91088a5f04
0,1,0,,0,1,1,0,0,ok,8680914cd3675ddf
10,0,0,0.0,0,1,4,0,0,ok,eadc32c9af92571b
0,0,0,,0,1,0,0,0,ok,e84c0a5cd0745727
10,1,2,0.1,1,9,3,1,1,ok,2cf513ec39e8581a
9,0,0,0.0,0,2,2,0,0,ok,e886b0a31fcd5d5f
12,3,3,0.5,6,8,2,2,1,ok,fd863eba385f5269
0,0,0,,0,0,1,0,0,ok,958f6f2068595ad3
3,5,2,0.0,0,3,1,2,0,ok,0171ee1beeae5461
16,1,0,0.0,0,0,5,0,0,ok,362f80f246095d29
5,1,1,0.2,1,2,3,0,1,ok,038624c3d2ef5dde
0,0,0,,0,0,0,0,0,ok,9e18a8e7ab7d57a9
7,1,0,0.0,0,2,4,0,0,ok,d6de66a12bc85a3d
16,9,9,0.0,0,28,7,9,0,ok,7a528bb3ee5854b5
7,1,3,0.2857142857142857,2,6,4,1,2,ok,a0bf30a22ebe5ba5
16,0,0,0.0,0,4,11,0,0,ok,b45f08a820055f23
16,0,2,0.25,4,0,5,0,2,ok,646db7ac0a8c5fe0
16,0,3,0.1875,3,6,17,0,3,ok,edf3ed2a2d305099
3,2,2,0.0,0,4,4,1,0,ok,83cb282f052754b1
5,10,10,0.2,1,23,1,10,0,ok,101498c8b0545e38
16,6,7,0.125,2,22,2,6,1,ok,aa0a1e1f464e5161
16,0,1,0.0625,1,0,4,0,1,ok,0256b79e3a095f29
16,2,4,0.125,2,0,13,0,2,ok,e7b1697a53245b86
16,1,4,0.25,4,3,10,0,3,ok,eb831f3c945659b1
0,2,2,,0,6,1,2,0,ok,4953ce8fe106542d
15,0,0,0.13333333333333333,2,0,3,0,0,ok,401526e5d5c85b9b
10,0,1,0.1,1,2,5,0,1,ok,475849ae68e550d6
8,2,3,0.125,1,16,9,2,1,ok,160ce25b71c05a9c
0,0,0,,0,1,1,0,0,ok,283c56d98cc257df
11,2,2,0.09090909090909091,1,3,2,2,0,ok,164f4d71fb5e5ad1
16,0,1,0.0625,1,1,5,0,1,ok,92ff92fe4eb2543f
0,0,0,,0,2,3,0,0,ok,2d7bd614a4935836
16,0,0,0.0,0,3,4,0,0,ok,945ee6573d165af1
0,0,0,,0,2,0,0,0,ok,d532153f2ff45f8d
11,1,1,0.09090909090909091,1,15,8,0,1,ok,1516b891aa025f55
10,0,0,0.1,1,0,2,0,0,ok,b8dbb0e0942459ba
10,1,0,0.0,0,0,1,0,0,ok,5e2a2751d77f5c0b
4,2,1,0.0,0,3,1,1,0,ok,9335946f6b895c6b
12,0,0,0.0,0,4,4,0,0,ok,7d6c08da129b5363
4,1,1,0.0,0,16,1,1,0,ok,2c6d7028da9f5862
16,4,5,0.0625,1,2,13,1,1,ok,c035bbfabb6e5714
0,0,0,,0,1,0,0,0,ok,a2d9b67a03be582c
16,0,0,0.375,6,1,3,0,0,ok,6e58b9bf73ea51cb
0,0,0,,0,1,1,0,0,ok,65ac0d4f7375545d
11,0,0,0.2727272727272727,3,0,4,0,0,ok,3641c0655f23543d
0,0,0,,0,1,0,0,0,ok,03b7839e79f9575f
9,0,0,0.0,0,0,4,0,0,ok,b9b5e3d0028f54ad
16,1,3,0.125,2,5,7,1,2,ok,ceb5ff8c43a557c7
9,3,4,0.2222222222222222,2,9,5,3,1,ok,5632bfaeaedd5ae9
10,0,0,0.0,0,1,14,0,0,ok,b63a589b5dcf521d
14,1,0,0.07142857142857142,1,0,4,0,0,ok,9979de11e96c5b96
13,0,2,0.15384615384615385,2,0,3,0,2,ok,430be62a54a6595e
2,1,1,0.0,0,3,1,1,0,ok,473653c744dc5193
14,0,0,0.07142857142857142,1,0,0,0,0,ok,bd4976e8611c5dc6
13,0,2,0.23076923076923078,3,0,3,0,2,ok,390d8f9f620e59c9
3,0,0,0.0,0,0,2,0,0,ok,94cf825094bc55ee
16,1,1,0.1875,3,0,4,0,0,ok,4451411156b0548e
15,0,2,0.2,3,0,7,0,2,ok,0c14ae7845c35160
16,0,0,0.0,0,0,2,0,0,ok,9199384f97b651cb
7,0,1,0.14285714285714285,1,1,4,0,1,ok,fb85231f407a5692
3,3,2,0.0,0,6,1,2,0,ok,ca9d1ceb595f51fa
6,10,10,0.0,0,27,6,10,0,ok,808ec054be9b575f
2,1,1,0.5,1,9,1,1,0,ok,861f90e01f445ac8
16,0,3,0.25,4,0,6,0,3,ok,3a3727604deb5c1b
3,0,0,0.0,0,0,0,0,0,ok,b41c661e2d57550a
16,2,9,0.4375,7,14,32,1,7,ok,c461ab22b3bf55b7
12,2,2,0.08333333333333333,1,7,2,1,1,ok,ffde079b4e675377
16,1,4,0.1875,3,13,9,1,3,ok,dd64b091ab335da1
16,0,4,0.25,4,5,18,0,4,ok,1689e5e5e2d65c04
13,2,3,0.15384615384615385,2,8,1,2,1,ok,4718c725aadb55bd
0,1,1,,0,3,0,1,0,ok,932f005ba224527e
4,0,0,0.0,0,0,2,0,0,ok,fd2cc9580cbf5016
13,0,0,0.07692307692307693,1,1,3,0,0,ok,d406338e5edd5c95
4,4,4,0.0,0,19,3,4,0,ok,f096f42637c15569
3,4,4,0.0,0,14,3,4,0,ok,5d7ec81ed2af508b
16,0,2,0.1875,3,2,4,0,2,ok,56eccdf42f0a5591
16,0,1,0.125,2,0,5,0,1,ok,6a0ad40997805028
16,0,0,0.0,0,1,10,0,0,ok,ed4ad31d91dd55df
10,9,9,0.0,0,31,3,9,0,ok,1eb33013004e51b5
7,0,0,0.0,0,1,1,0,0,ok,2a8dcb2244eb5559
16,0,0,0.0,0,2,10,0,0,ok,917ef3227a175b1f
16,0,1,0.1875,3,2,5,0,1,ok,a6fc3dd5b619583d
15,0,2,0.13333333333333333,2,0,5,0,2,ok,c7c83698e5e35ef0
6,1,1,0.16666666666666666,1,8,1,1,0,ok,3a3c9d95d1645e1c
16,0,0,0.0,0,2,4,0,0,ok,ccf78dd2e9515952
9,2,4,0.3333333333333333,3,7,3,2,2,ok,c6d685228ece52e3
12,0,0,0.0,0,0,0,0,0,ok,1d6491246e215b5b
9,5,5,0.0,0,35,2,5,0,ok,0fae2a59494752ca
10,0,1,0.1,1,0,4,0,1,ok,1120e76a6a5a5e91
13,0,0,0.07692307692307693,1,0,2,0,0,ok,ac21b46726855b39
16,0,0,0.0,0,0,6,0,0,ok,45f0d8015bed50f2
10,1,1,0.0,0,6,1,1,0,ok,82f416a12d9f5663
6,3,3,0.0,0,17,4,3,0,ok,770faf500acc5415
8,0,0,0.0,0,12,1,0,0,ok,35a5f81bd01755ed
6,0,0,0.0,0,1,3,0,0,ok,548f1d91ad7a5282
14,0,1,0.07142857142857142,1,0,2,0,1,ok,3fb2692843505594
5,0,2,0.4,2,0,2,0,2,ok,c8bec8a7e38b5d5a
11,1,2,0.36363636363636365,4,0,2,0,1,ok,ece5971499e857bd
11,0,1,0.09090909090909091,1,0,5,0,1,ok,b5bd0247d66d5046
0,0,0,,0,0,0,0,0,ok,cdbd174361415aff
0,1,0,,0,1,2,0,0,ok,0d05f167b1b85e48
8,0,1,0.125,1,0,4,0,1,ok,35ae7746409f5feb
16,0,0,0.1875,3,1,1,0,0,ok,06a024fa9b775115
16,5,5,0.0625,1,11,8,4,1,ok,d96ca6900c6f5d7d
16,0,2,0.125,2,3,8,0,2,ok,18d216db9d075071
0,0,0,,0,0,0,0,0,ok,880aacdf537f51ea
15,4,4,0.06666666666666667,1,5,12,2,0,ok,f60aad815b095e76
11,0,0,0.0,0,4,1,0,0,ok,435a2aafac375624
11,0,0,0.09090909090909091,1,0,4,0,0,ok,b7a98f3c19f85fe1
14,0,2,0.14285714285714285,2,0,6,0,2,ok,b67e43759d885762
16,0,2,0.125,2,0,5,0,2,ok,c577388464a05cd2
0,0,0,,0,0,0,0,0,ok,33f7b855d25658fb
1,0,0,0.0,0,0,0,0,0,ok,147bd9f2b6465216
15,0,0,0.0,0,3,13,0,0,ok,d8041bf1d87a5104
5,3,3,0.0,0,9,2,3,0,ok,707099451eca5690
13,7,8,0.07692307692307693,1,23,6,7,1,ok,a1958522aba958ef
12,0,0,0.0,0,0,3,0,0,ok,9ffdf701f55f5fb3
1,4,2,0.0,0,10,4,2,0,ok,d08c074027635d7b
0,0,0,,0,0,0,0,0,ok,c88d73384e3156b9
0,0,0,,0,0,1,0,0,ok,52d1b8a6ee4e5521
11,0,1,0.09090909090909091,1,0,3,0,1,ok,75a725adfee557d8
14,4,5,0.07142857142857142,1,15,6,4,1,ok,f6bb1b8ac5175173
16,0,2,0.125,2,0,9,0,2,ok,b7a3c773351d557c
11,6,6,0.0,0,16,13,6,0,ok,e3d1b53a06a15427
7,7,7,0.14285714285714285,1,18,4,7,0,ok,3b1d89117756506e
0,0,0,,0,0,1,0,0,ok,9531818e8433522c
6,0,1,0.16666666666666666,1,0,4,0,1,ok,591833ef13575bd4
4,0,0,0.0,0,2,4,0,0,ok,d023b77af22c51a3
0,0,0,,0,2,1,0,0,ok,3c8ca91387ce569e
11,0,0,0.0,0,1,3,0,0,ok,169db021862a5be1
16,0,2,0.125,2,0,9,0,2,ok,7c16ed45abb352dd
16,0,1,0.0625,1,0,7,0,1,ok,52efd106b781514b
12,0,1,0.08333333333333333,1,0,5,0,1,ok,fc18c4474f7d59f9
16,0,2,0.125,2,0,2,0,2,ok,d9960a95848e5c05
15,9,10,0.06666666666666667,1,25,1,9,1,ok,c204c44132115e34
16,0,0,0.0,0,0,11,0,0,ok,7db48d00386d56db
15,0,2,0.13333333333333333,2,0,3,0,2,ok,03c28b833bdb56cf
16,0,1,0.0625,1,0,3,0,1,ok,f26e7437bcb45fe7
16,0,1,0.125,2,0,3,0,1,ok,cf451a31c7375b6e
6,10,9,0.0,0,25,3,9,0,ok,5da216c8ed695820
16,0,0,0.0625,1,0,0,0,0,ok,2f2c3041ff1b5cb3
12,0,0,0.08333333333333333,1,0,1,0,0,ok,66d28fa60a7b5d25
7,1,0,0.14285714285714285,1,4,3,0,0,ok,f83faebac60954f3
0,0,0,,0,6,0,0,0,ok,ded74bef23b150ed
16,0,0,0.0625,1,1,2,0,0,ok,d262cfbbca19569e
16,0,2,0.25,4,0,5,0,2,ok,973535a277e25ac8
10,2,2,0.0,0,6,3,2,0,ok,fe24a34cd0c55531
16,0,0,0.125,2,0,3,0,0,ok,26f236549b625921
0,0,0,,0,7,0,0,0,ok,bf491522082b55b7
0,0,0,,0,0,0,0,0,ok,f211c0b1163b5a92
0,0,0,,0,2,2,0,0,ok,7f432d0b9bd35781
15,1,1,0.06666666666666667,1,4,2,1,0,ok,67f4bc0ce3a45de0
10,0,0,0.0,0,5,5,0,0,ok,548d005efd045660
0,0,0,,0,1,0,0,0,ok,6d4f48c69cf35d2d
1,0,0,0.0,0,3,1,0,0,ok,be8ca66182ec5e99
4,1,1,0.0,0,5,2,1,0,ok,92302b76f6735de1
0,0,0,,0,0,1,0,0,ok,a718291998ee5fdd
10,0,0,0.0,0,0,1,0,0,ok,3d8eda387ad55bb9
7,1,1,0.0,0,1,2,1,0,ok,b9b28a7402ae5a73
8,0,1,0.125,1,0,4,0,1,ok,c2e17640e91f5d96
5,1,1,0.0,0,2,3,1,0,ok,8b5ac70fe896571d
16,1,2,0.125,2,0,10,0,1,ok,7f2ebe7310b8590b
16,1,2,0.25,4,10,8,1,1,ok,528a053e7a995212
4,3,3,0.0,0,11,0,3,0,ok,d1634c1050385973
7,6,5,0.2857142857142857,2,14,2,4,1,ok,99fe4a91c10955df
16,0,2,0.25,4,0,5,0,2,ok,bbde998e5c035086
16,0,2,0.125,2,3,4,0,2,ok,5f2df5cf85ef5ab2
11,1,0,0.0,0,5,3,0,0,ok,16a5d20e52c058cd
11,0,1,0.09090909090909091,1,1,3,0,1,ok,b488e81511bc5dfb
14,0,1,0.21428571428571427,3,10,9,0,1,ok,9d57165779c75c27
16,0,1,0.0625,1,5,12,0,1,ok,4e8c9ae063b6576b
12,0,1,0.16666666666666666,2,8,3,0,1,ok,4cc55fd1f93e596c
14,0,0,0.0,0,4,2,0,0,ok,0fd2f05b7c165e51
4,0,0,0.0,0,3,0,0,0,ok,6268e6d867395508
0,0,0,,0,0,0,0,0,ok,677557e87bb252b4
0,0,0,,0,0,2,0,0,ok,e56e707a3a34598d
10,0,0,0.0,0,0,0,0,0,ok,b6dd175e0254589f
13,0,0,0.0,0,0,4,0,0,ok,eec9652b72b15866
16,2,3,0.0625,1,6,7,2,1,ok,3e21def3edf150af
9,3,5,0.3333333333333333,3,10,4,3,2,ok,8060745a342c5ce7
8,0,1,0.375,3,1,3,0,1,ok,9a5425878348575a
6,3,2,0.0,0,14,22,2,0,ok,49f21a64e15b58ff
16,8,10,0.1875,3,18,10,8,2,ok,3cd8c7daf756572d
10,0,1,0.1,1,1,4,0,1,ok,8310dce53cb3540d
14,0,2,0.14285714285714285,2,0,3,0,2,ok,9975263994aa5bcc
11,0,0,0.0,0,1,4,0,0,ok,b6c6a72f278653ef
12,1,1,0.0,0,5,3,1,0,ok,41c74cdf7f1e5bc0
16,0,0,0.0625,1,3,3,0,0,ok,5d8a5092f7da5d84
0,0,0,,0,0,0,0,0,ok,c6e19696876c5796
2,0,0,0.0,0,0,0,0,0,ok,9a622a27b0975324
13,1,4,0.23076923076923078,3,4,20,0,3,ok,76b8188c27af5d08
4,0,1,0.25,1,0,4,0,1,ok,569b601135a45b3b
3,0,0,0.0,0,0,1,0,0,ok,02e78191bf845092
15,0,3,0.26666666666666666,4,0,8,0,3,ok,68d6c9ffade058db
1,0,1,1.0,1,2,1,0,1,ok,b88ba8e1349a5322
0,2,2,,0,7,2,2,0,ok,c256bd385da5579e
13,0,0,0.0,0,0,1,0,0,ok,65264383d61f5fbf
16,0,1,0.0625,1,0,2,0,1,ok,eacea0d4bda75515
0,0,0,,0,0,0,0,0,ok,7faf84eaaff059f6
16,1,2,0.0625,1,0,5,0,1,ok,6d53cb5aa49a5cf8
12,0,2,0.16666666666666666,2,0,4,0,2,ok,9863b35d81225783
9,8,8,0.0,0,23,9,8,0,ok,7a7180365d2b5782
16,2,3,0.25,4,5,4,2,1,ok,d989b43bc746575c
6,1,1,0.0,0,1,2,1,0,ok,306cda799eac5dd5
4,0,0,0.0,0,3,5,0,0,ok,5855e73e27e950b3
14,0,1,0.2857142857142857,4,0,3,0,1,ok,ce08449d15a753c5
7,0,0,0.0,0,1,1,0,0,ok,a39fb7213e9a5e0c
6,0,0,0.0,0,0,5,0,0,ok,030bcf86640b5363
11,5,3,0.09090909090909091,1,7,4,1,1,ok,e30132ae0f5e545e
5,0,0,0.0,0,0,3,0,0,ok,8ac0be6ef1c0509c
16,0,0,0.0,0,0,9,0,0,ok,774cbfa8fb465009
4,0,0,0.0,0,0,2,0,0,ok,167458f750fb5da4
5,0,0,0.0,0,10,2,0,0,ok,bdad32e4f3355e0e
8,0,1,0.125,1,0,5,0,1,ok,adf177418b8a5f6f
0,0,0,,0,0,3,0,0,ok,abbb06a462725e55
8,0,2,0.375,3,0,4,0,2,ok,8b744d45e7945aa5
10,0,0,0.1,1,0,3,0,0,ok,3271339c5d8d584e
0,0,0,,0,2,0,0,0,ok,d80f81fdc5da5cc9
12,0,0,0.0,0,0,5,0,0,ok,a98852ca52ab5a21
0,0,0,,0,0,0,0,0,ok,40a665f4d0df54a4
0,0,0,,0,0,0,0,0,ok,2c1956769cfe520a
5,0,0,0.0,0,0,3,0,0,ok,2ce788b5c16c5280
16,0,0,0.0,0,0,3,0,0,ok,7a3cacd77eff5182
6,0,0,0.0,0,0,9,0,0,ok,efc5e097ab7d5d21
16,0,1,0.125,2,1,2,0,1,ok,6cf8025682c95068
16,0,1,0.375,6,0,6,0,1,ok,36e17b4c52115d61
1,0,0,0.0,0,0,1,0,0,ok,7462b62c49cc540c
14,0,1,0.07142857142857142,1,0,6,0,1,ok,8e8a1a0e142d52e0
16,0,0,0.0,0,2,1,0,0,ok,bbb60fab213d5a58
1,5,5,0.0,0,9,1,5,0,ok,a84c0dd37c735351
16,5,5,0.1875,3,12,7,5,0,ok,10639ce9f8865c1f
5,0,1,0.2,1,0,5,0,1,ok,8b875f07baa35b29
7,0,1,0.14285714285714285,1,2,3,0,1,ok,3668f45479385e5c
0,0,0,,0,0,0,0,0,ok,aea9b3ae9aed5a56
16,0,1,0.0625,1,1,4,0,1,ok,0caa19e1dc145c21
4,0,0,0.25,1,2,0,0,0,ok,8630a10fe3835228
0,0,0,,0,0,0,0,0,ok,e60d854f8a775ae3
12,0,0,0.0,0,0,2,0,0,ok,907514ea55aa57cc
8,0,1,0.125,1,0,3,0,1,ok,e90328981c005d08
16,0,1,0.0625,1,0,7,0,1,ok,c5fe14dbef9a5992
16,1,4,0.1875,3,2,10,1,3,ok,d63ac603613e5cc2
12,0,0,0.0,0,0,5,0,0,ok,f828c6e4fa645852
16,0,0,0.0,0,3,7,0,0,ok,51a43a209a6a5528
16,0,1,0.0625,1,0,4,0,1,ok,ca5e18aeb33b56e6
12,0,1,0.16666666666666666,2,0,2,0,1,ok,af24f237f61c5b92
14,0,0,0.0,0,0,2,0,0,ok,c6fb132249d051fe
10,0,1,0.1,1,0,2,0,1,ok,fb1e02f5cb2558a3
16,2,2,0.125,2,7,10,2,0,ok,f52f2e7391cc5c3b
16,1,2,0.1875,3,4,8,0,1,ok,3e0e045059a75ea0
11,1,1,0.09090909090909091,1,4,3,0,1,ok,89c673dbc75c55bf
16,0,1,0.0625,1,0,2,0,1,ok,0ac4019b0996518c
0,3,2,,0,13,1,2,0,ok,3b75f0f5b6665d86
0,0,0,,0,0,0,0,0,ok,729afc0a633259d8
0,0,0,,0,2,9,0,0,ok,3a19fa2bc3d85e32
8,0,2,0.25,2,0,2,0,2,ok,f3d8d530282e5d82
15,0,3,0.26666666666666666,4,0,3,0,3,ok,2c96a57f0a9d5280
0,0,0,,0,0,1,0,0,ok,af2b17f44da951c4
0,0,0,,0,0,0,0,0,ok,e9f86ec57a395f0c
4,0,0,0.0,0,2,1,0,0,ok,e681ea25c0d658b2
15,0,3,0.2,3,0,5,0,3,ok,3360bd0326885b6d
16,1,6,0.3125,5,6,25,1,5,ok,52065a6586a258a8
0,0,0,,0,6,1,0,0,ok,9f00fc88ffdc582c
7,0,0,0.0,0,3,1,0,0,ok,576540a6bd775fe4
16,1,1,0.0,0,9,4,1,0,ok,b0930a473d2e58d7
6,6,6,0.0,0,17,1,6,0,ok,fc8ccda4b13a5749
16,0,3,0.3125,5,0,8,0,3,ok,8289537664b95b7e
3,0,0,0.0,0,1,3,0,0,ok,016669b126fe517d
6,0,0,0.0,0,13,7,0,0,ok,5a282662b47150b5
9,0,0,0.2222222222222222,2,0,4,0,0,ok,bc01871aef115315
8,5,4,0.125,1,16,1,4,0,ok,1bb8c367630a506a
8,3,4,0.25,2,21,3,3,1,ok,9aa0c147f5c2560b
16,3,3,0.125,2,9,6,3,0,ok,9c564f5a52255a9f
9,0,0,0.0,0,1,2,0,0,ok,bec27d2ff4105441
6,0,0,0.0,0,0,1,0,0,ok,016270dcb6b65cbc
3,5,5,0.0,0,11,2,5,0,ok,615edde303095aed
6,8,7,0.0,0,16,6,7,0,ok,d0529142a34f5eaa
13,0,0,0.07692307692307693,1,4,3,0,0,ok,8daf0b9a98ff5d6b
0,3,2,,0,8,1,2,0,ok,69753fc0a8375db7
15,0,0,0.0,0,0,3,0,0,ok,cbeee6306f9950fc
16,7,7,0.0625,1,14,8,7,0,ok,cbb1efecc6fc5ab9
9,13,13,0.0,0,33,1,13,0,ok,c1241be8a6e35e4b
16,2,3,0.125,2,20,7,2,1,ok,b2f5a54d1dec58e2
0,12,10,,0,19,13,10,0,ok,cefe5388e747585f
12,0,2,0.25,3,1,4,0,2,ok,c65c70aed7b75f0a
16,0,0,0.0625,1,0,3,0,0,ok,33ca04e6baeb5d0b
5,0,0,0.0,0,0,5,0,0,ok,8dd29ca0985b5605
4,0,0,0.0,0,0,2,0,0,ok,73c829bc1ec95700
4,0,0,0.0,0,0,0,0,0,ok,c4a2b7166d0d5a33
2,0,0,0.0,0,4,0,0,0,ok,baa791d554155837
0,0,0,,0,0,0,0,0,ok,b0ead3303a345344
16,1,1,0.0,0,0,6,0,0,ok,f166688af6935901
14,0,0,0.0,0,0,2,0,0,ok,dadf7a7f0b5056c6
5,1,0,0.0,0,1,0,0,0,ok,065c200829ee56ee
14,0,0,0.0,0,0,5,0,0,ok,18099cc5101e5fdb
0,0,0,,0,0,2,0,0,ok,3dae347c2a485a36
6,3,3,0.0,0,14,1,3,0,ok,c4cc3f9ce7d35c1b
15,1,1,0.0,0,1,5,1,0,ok,b8b1eaed485e5210
16,2,3,0.25,4,15,15,1,2,ok,7772cba059d25944
16,0,2,0.3125,5,0,5,0,2,ok,8000283a5fa554f6
12,0,0,0.0,0,0,2,0,0,ok,2d651ae3198b57da
3,0,0,0.0,0,3,2,0,0,ok,5ceaf31ea3b5586a
12,0,0,0.0,0,0,0,0,0,ok,ab64d72d13f155f3
0,0,0,,0,0,1,0,0,ok,8a197303675d5eef
14,0,0,0.07142857142857142,1,0,2,0,0,ok,3c7a9aac9f49548a
16,0,0,0.25,4,0,5,0,0,ok,add6f05152225129
13,2,2,0.15384615384615385,2,3,6,1,1,ok,d45221bc957f54a9
10,6,6,0.0,0,18,9,6,0,ok,0ab5e46e72a75361
0,0,0,,0,0,0,0,0,ok,7aa7c78c77e05b64
6,0,0,0.0,0,0,3,0,0,ok,fe0abd10adaa5c08
8,0,0,0.125,1,0,2,0,0,ok,306e85c928d05a44
16,0,0,0.0625,1,1,1,0,0,ok,9fee223ae0c8506f
13,0,0,0.0,0,0,7,0,0,ok,12e67725b3bd5929
9,0,0,0.0,0,0,3,0,0,ok,8c2bd0f538ae5a9b
16,2,3,0.0625,1,0,12,0,1,ok,12430590a81d5a79
3,0,0,0.0,0,1,0,0,0,ok,3089847e2c525a9d
13,6,6,0.0,0,20,7,6,0,ok,4a27d7b82fd857a3
9,15,16,0.1111111111111111,1,29,2,15,1,ok,48ef166fdb675ac8
0,0,0,,0,0,0,0,0,ok,b54fd9b933ae5519
16,0,0,0.0,0,1,3,0,0,ok,6eb8ad422f9f52a8
15,3,4,0.06666666666666667,1,22,7,3,1,ok,5d8062e245475569
16,0,1,0.0625,1,0,5,0,1,ok,8b4ac1d167b85262
16,0,0,0.1875,3,5,3,0,0,ok,eed9dfb8b9b457cf
16,2,3,0.0625,1,10,15,1,1,ok,ca438a99c5c755d2
16,0,1,0.0625,1,0,5,0,1,ok,986a75e307125074
16,0,0,0.0625,1,0,3,0,0,ok,33b0173ade9a5f7b
16,1,1,0.125,2,0,6,0,1,ok,f80f84c1127d5a59
14,0,1,0.07142857142857142,1,0,3,0,1,ok,9937153d44ac5954
9,9,10,0.1111111111111111,1,18,5,9,1,ok,e4163813e6365c19
2,0,0,0.0,0,0,1,0,0,ok,93f3c411942550b8
5,0,0,0.0,0,3,1,0,0,ok,9db657b7d152534f
16,0,3,0.25,4,0,7,0,3,ok,519142b1a8f45d3d
16,2,0,0.0,0,1,6,0,0,ok,df8862e7f3a555e2
16,0,1,0.0625,1,4,4,0,1,ok,d33b709b6f1059a9
0,0,0,,0,0,1,0,0,ok,521ea7cecf245f14
14,2,2,0.14285714285714285,2,6,4,2,0,ok,087cb90cfc72599b
13,0,1,0.07692307692307693,1,0,3,0,1,ok,d29bcd475e8359e2
12,0,0,0.0,0,0,1,0,0,ok,8c66d35604015250
11,0,0,0.0,0,0,3,0,0,ok,f627fdfb20195ee4
3,0,0,0.0,0,0,2,0,0,ok,53fd6abb9660516c
16,0,3,0.1875,3,0,9,0,3,ok,663c722629725dd2
12,1,1,0.0,0,4,12,1,0,ok,9835180d42225ad1
2,1,1,0.0,0,12,1,1,0,ok,376555c306685b01
13,1,2,0.15384615384615385,2,3,2,1,1,ok,885ad8643b4358cd
13,6,6,0.15384615384615385,2,7,2,6,0,ok,60ba549ef1c45725
16,2,4,0.1875,3,4,7,1,3,ok,8f71b63c8bb65ba5
16,1,1,0.0,0,3,1,1,0,ok,77c3ae3530ae590a
7,0,0,0.14285714285714285,1,0,2,0,0,ok,17e8e7577bcc5651
9,14,15,0.1111111111111111,1,32,7,14,1,ok,48a74aff6e3e5e9a
5,0,0,0.0,0,0,1,0,0,ok,302c59367caa5ca4
10,4,8,0.4,4,14,13,4,4,ok,53f15e1d13455ce7
8,2,2,0.0,0,4,8,2,0,ok,8bee1f13a258573f
7,2,2,0.0,0,7,6,2,0,ok,817ac5437d145b03
3,0,0,0.0,0,0,1,0,0,ok,cba3a79e3ba75e5a
0,0,0,,0,0,0,0,0,ok,87457ad09f3f5a43
16,0,1,0.125,2,2,3,0,1,ok,883754ec61bb59cc
0,0,0,,0,0,0,0,0,ok,3db91f53f2505de8
0,0,0,,0,1,0,0,0,ok,cce3b5e0a4165824
0,0,0,,0,4,0,0,0,ok,1938a150b5ad5ca1
15,4,4,0.06666666666666667,1,10,11,4,0,ok,fefb38459bc951bf
6,1,0,0.0,0,4,3,0,0,ok,d0d4b67e98b8535a
14,3,3,0.0,0,9,1,3,0,ok,188115c97bda508b
16,0,0,0.0,0,0,9,0,0,ok,411dcd63dea858a4
16,3,4,0.3125,5,21,13,2,2,ok,d6cbee4157a75609
8,10,11,0.125,1,33,3,10,1,ok,88bb9744a0c454e5
16,0,0,0.0,0,6,6,0,0,ok,4b542b154189537f
1,3,3,0.0,0,17,10,3,0,ok,64b4809d333d5c3a
7,2,0,0.0,0,2,4,0,0,ok,53b4fa63645d54ed
16,0,0,0.0625,1,0,2,0,0,ok,03913194bd9a502e
16,1,2,0.0625,1,12,18,1,1,ok,b892b6ce23c95214
16,0,0,0.0,0,3,3,0,0,ok,2bc84ff8f627532f
0,0,0,,0,1,0,0,0,ok,545dc8ffd909527e
16,0,0,0.0,0,3,9,0,0,ok,753efe496cc45ad2
0,0,0,,0,0,0,0,0,ok,66e87b387c5c5257
16,0,1,0.0625,1,1,6,0,1,ok,442f3f36ec7250d8
14,0,0,0.0,0,0,1,0,0,ok,87315d8bc4f55204
15,0,1,0.06666666666666667,1,0,3,0,1,ok,1693f59a87725791
14,1,1,0.0,0,1,6,0,0,ok,1299e6217d0657ea
1,0,0,0.0,0,0,4,0,0,ok,052bbae9e82651cd
16,0,1,0.0625,1,2,9,0,1,ok,00e0f265c9d65de4
3,0,0,0.0,0,3,1,0,0,ok,87b8c38335a551d1
5,5,5,0.2,1,8,4,4,1,ok,b2d1f7ddf40958c3
16,0,0,0.0,0,0,3,0,0,ok,34c982cbdd2d5712
5,0,0,0.0,0,1,3,0,0,ok,deae2a983c975f33
16,0,0,0.0,0,3,0,0,0,ok,79cfa86040505917
0,3,2,,0,13,2,2,0,ok,50f624e337c45e73
9,0,1,0.2222222222222222,2,0,1,0,1,ok,d70da382cf195b10
10,0,0,0.1,1,2,4,0,0,ok,2811ffbb18d6542f
0,1,1,,0,4,0,1,0,ok,f3962661734e5259
0,0,0,,0,0,0,0,0,ok,6148df86893d54fd
16,0,3,0.25,4,1,7,0,3,ok,4ab73739fd145e92
16,0,2,0.125,2,3,6,0,2,ok,b739ab3518c65ba7
9,0,2,0.2222222222222222,2,0,3,0,2,ok,1b49245c089b5f62
6,1,1,0.0,0,5,2,1,0,ok,5cebe86e851858cf
12,0,0,0.16666666666666666,2,0,1,0,0,ok,01653c1c128b5bb0
0,0,0,,0,0,1,0,0,ok,56922b37f1865893
11,1,1,0.0,0,3,0,1,0,ok,504bf08562c75c73
6,0,0,0.0,0,0,3,0,0,ok,91c6e214f6b95a04
0,0,0,,0,0,0,0,0,ok,ff63cec505e85b72
5,3,3,0.0,0,8,1,3,0,ok,37d8cd62eca6519c
16,4,4,0.125,2,9,4,4,0,ok,53d16e6ddf09564b
0,0,0,,0,1,0,0,0,ok,dcef843b9524543c
8,0,0,0.0,0,1,3,0,0,ok,7d073e79c1055ef2
16,0,1,0.0625,1,0,8,0,1,ok,e7870312c2015e39
0,0,0,,0,0,2,0,0,ok,4793bdc6561b5eab
16,0,3,0.1875,3,0,5,0,3,ok,b13ee3a050fe5baa
16,0,0,0.0,0,2,3,0,0,ok,a32950bdacc25ae7
13,2,1,0.07692307692307693,1,7,1,1,0,ok,00154e2e7f9e533d
10,0,0,0.1,1,1,1,0,0,ok,9a4be5eece15508e
16,0,1,0.0625,1,0,2,0,1,ok,563d47cb28af5ec2
7,0,0,0.0,0,0,0,0,0,ok,c4418c48b6d65702
16,0,1,0.0625,1,1,6,0,1,ok,d38b9bb328de5079
16,0,1,0.1875,3,0,7,0,1,ok,409b4a07afe3594e
16,0,1,0.125,2,3,5,0,1,ok,e1f1695cf0c9556b
16,0,1,0.0625,1,4,7,0,1,ok,9bc30942cd235e75
16,0,3,0.3125,5,14,10,0,3,ok,039a22da5170576c
5,0,0,0.0,0,1,2,0,0,ok,ea5e1fe1ca925755
16,0,3,0.25,4,2,7,0,3,ok,5efd3cfc0d165d4a
16,0,0,0.0,0,0,3,0,0,ok,9712e56c7f8b5f0c
12,11,12,0.08333333333333333,1,31,3,11,1,ok,4e812e326ffc536c
7,0,0,0.0,0,5,3,0,0,ok,912ffe18ffda50d0
9,0,0,0.0,0,0,6,0,0,ok,ae9145ad7c5f596a
12,0,1,0.08333333333333333,1,0,5,0,1,ok,ca7a4e34fa3b5f04
0,0,0,,0,0,0,0,0,ok,4cee1185c72e588c
14,0,2,0.21428571428571427,3,0,6,0,2,ok,e4274af8f96e5360
0,0,0,,0,1,0,0,0,ok,1ef152807db258b3
0,0,0,,0,1,0,0,0,ok,70228e9e813d5b73
16,1,4,0.25,4,4,8,0,3,ok,a728ab2aa6fb58d3
6,5,6,0.3333333333333333,2,9,2,5,1,ok,22e4365202525a6e
6,5,7,0.3333333333333333,2,9,3,5,2,ok,941ddf5a2eed5efd
4,0,0,0.0,0,0,2,0,0,ok,a6f8f2a55e6c5556
0,0,0,,0,0,2,0,0,ok,b9cc42b3f08058c6
0,0,0,,0,3,0,0,0,ok,1705e669575c5d2a
12,0,1,0.08333333333333333,1,1,3,0,1,ok,9aa1758bb99a5e06
16,0,0,0.0625,1,0,16,0,0,ok,c9a69461e0de546e
8,0,0,0.125,1,0,2,0,0,ok,9bd8759ec5aa5c80
6,2,2,0.0,0,7,3,2,0,ok,4d481a06fda853b4
16,0,1,0.0625,1,0,5,0,1,ok,33c9d26d7479586f
15,1,1,0.0,0,4,3,1,0,ok,e708e263b4f15b97
16,0,2,0.1875,3,1,4,0,2,ok,876b3d1b1e5d5b10
12,0,1,0.08333333333333333,1,0,5,0,1,ok,d82731e8a2d750cb
10,0,0,0.1,1,0,3,0,0,ok,911c5178b0c55711
6,0,0,0.0,0,1,1,0,0,ok,931e13b999675bd6
10,0,1,0.3,3,0,3,0,1,ok,721751577c985b51
16,4,6,0.1875,3,7,11,2,2,ok,af77a68e5e8951d2
6,0,0,0.0,0,0,2,0,0,ok,21a00fdf1b605acd
1,3,3,0.0,0,10,3,3,0,ok,64e4811343795799
16,0,2,0.375,6,0,4,0,2,ok,6999504ca5215867
16,5,5,0.0625,1,15,17,3,1,ok,5248a45537a95eb2
16,2,3,0.0625,1,0,13,0,1,ok,b562227d8f255adc
4,0,0,0.0,0,0,3,0,0,ok,d1aa7d6e04a45e3c
7,0,0,0.0,0,1,4,0,0,ok,f7ba2d008df45d26
13,1,1,0.38461538461538464,5,8,3,1,0,ok,8b383153eaba53d9
14,0,1,0.35714285714285715,5,0,4,0,1,ok,1c5d499c21235511
16,2,1,0.0625,1,0,4,0,1,ok,be4b830ac2205020
14,0,1,0.07142857142857142,1,1,8,0,1,ok,58d97ffb217b5496
0,0,0,,0,0,1,0,0,ok,2a8859e4bb5d5296
14,10,11,0.14285714285714285,2,15,11,9,2,ok,fd10d9bc09f651d5
12,0,0,0.0,0,2,1,0,0,ok,9057176c7fbc5cb4
15,0,0,0.0,0,0,5,0,0,ok,6ee7f1a667465c4b
14,2,4,0.21428571428571427,3,0,16,0,3,ok,c8a0f4dfb8d65b38
10,0,0,0.0,0,3,3,0,0,ok,85f0514810285441
9,6,6,0.0,0,17,8,6,0,ok,21541dbc8a9d5a5a
16,0,2,0.125,2,2,7,0,2,ok,64619ea533735759
12,5,5,0.0,0,30,10,4,0,ok,b42ecd3ddc155b40
16,1,2,0.125,2,12,5,1,1,ok,8a717a15b7b350ba
4,0,0,0.0,0,0,0,0,0,ok,063ebdb158075369
14,0,0,0.07142857142857142,1,0,3,0,0,ok,cb6bbd89f35b5496
14,0,0,0.0,0,0,5,0,0,ok,1da1af888ee855cb
0,0,0,,0,0,0,0,0,ok,a80d9117a0d15fcb
16,0,1,0.0625,1,0,5,0,1,ok,0f045e5f79e750cf
14,1,1,0.0,0,0,7,0,0,ok,cf708200483e5414
16,0,2,0.125,2,0,6,0,2,ok,fb2ceabf87d252f4
7,0,0,0.14285714285714285,1,0,0,0,0,ok,17c0bc1284fa5b09
10,0,1,0.1,1,1,2,0,1,ok,c49c9f2736035a44
16,1,0,0.0,0,1,4,0,0,ok,0d90684b68965468
4,1,1,0.0,0,2,5,1,0,ok,4b84bfd2470e5fa9
1,1,1,0.0,0,3,0,1,0,ok,aee3cb4d596154f9
13,0,0,0.0,0,0,3,0,0,ok,d15d5e525c2f57ca
5,3,5,0.4,2,9,3,3,2,ok,0f9cb2460bb15ec5
1,0,0,0.0,0,2,2,0,0,ok,ad69184f0e215af6
16,0,0,0.0,0,2,8,0,0,ok,7f70214b15a358f6
1,0,0,0.0,0,0,3,0,0,ok,0680881c424d5629
0,0,0,,0,0,0,0,0,ok,6246150b694e50ba
16,0,0,0.125,2,4,2,0,0,ok,e68af9da68f0575a
5,1,1,0.0,0,10,6,1,0,ok,e1195b69567a505b
16,0,0,0.0,0,7,2,0,0,ok,ef30766653d55104
11,1,1,0.0,0,1,2,1,0,ok,92a467dc01af5ed1
16,11,11,0.0625,1,17,1,11,0,ok,bd86b56a62e55857
4,1,1,0.0,0,5,2,1,0,ok,4c9947deff4f5886
13,0,1,0.07692307692307693,1,0,4,0,1,ok,ca07acba43e851d9
14,0,2,0.14285714285714285,2,2,6,0,2,ok,0911b84cff095537
13,0,2,0.23076923076923078,3,1,8,0,2,ok,ab87f269639756a1
0,0,0,,0,5,0,0,0,ok,0d20169ea40a5f6c
14,2,2,0.07142857142857142,1,7,1,2,0,ok,c11c953beacf536a
0,0,0,,0,2,0,0,0,ok,45b6362c27ef517f
15,0,0,0.0,0,0,5,0,0,ok,17ce19cc90c75116
9,0,0,0.0,0,5,1,0,0,ok,f07615144d3b512a
0,0,0,,0,1,0,0,0,ok,4400376cfced5bec
14,0,1,0.07142857142857142,1,1,3,0,1,ok,c158bf4e4f01537d
2,1,1,0.0,0,10,1,1,0,ok,8460e25a78005e2b
0,0,0,,0,0,0,0,0,ok,2af6100bf3f25563
1,0,0,0.0,0,1,2,0,0,ok,5e5c7aecab55587b
16,0,0,0.0,0,0,8,0,0,ok,85dab8c5474e5962
16,0,2,0.125,2,2,3,0,2,ok,25f1a283180a50ad
15,0,1,0.06666666666666667,1,0,3,0,1,ok,07fb2ae0c76c564f
13,0,0,0.0,0,0,0,0,0,ok,f22a447483e65cf5
10,0,2,0.2,2,0,3,0,2,ok,8c56aa836117542f
2,0,0,0.0,0,0,0,0,0,ok,bf00e1b3988c50e3
16,8,8,0.0,0,21,0,8,0,ok,17ef77a8a1845ca6
3,0,0,0.0,0,1,0,0,0,ok,bc9e8e7fd6d45933
9,0,0,0.0,0,1,2,0,0,ok,10ce11369fa25045
3,0,0,0.0,0,0,3,0,0,ok,4f0f875e4e715272
0,2,2,,0,5,1,2,0,ok,d34be50c8b695c2d
16,4,5,0.0625,1,25,6,3,1,ok,3c2848d36abf5887
12,2,2,0.0,0,20,2,2,0,ok,13690476deff57c4
5,0,1,0.2,1,1,3,0,1,ok,38acbee411b2514b
14,0,0,0.0,0,4,2,0,0,ok,3031b311214b52d2
16,0,1,0.125,2,2,7,0,1,ok,c00fb274d64d51e9
14,17,18,0.21428571428571427,3,28,7,17,1,ok,5461a15fcc8d55a0
11,1,1,0.09090909090909091,1,10,7,1,0,ok,1ac27e24294254bf
0,0,0,,0,0,1,0,0,ok,916513a82d3458d4
3,0,1,0.3333333333333333,1,0,2,0,1,ok,d9754e67df7452b5
5,0,0,0.0,0,6,1,0,0,ok,617c782524845609
15,0,1,0.13333333333333333,2,0,1,0,1,ok,b4300b2899e450d5
16,0,0,0.0,0,0,4,0,0,ok,a49512df1c5250c6
3,0,0,0.0,0,0,0,0,0,ok,d617ab639984501e
0,0,0,,0,0,1,0,0,ok,fbef1e3794c659cb
16,0,0,0.0,0,0,3,0,0,ok,a8ec40e687fa517c
5,3,4,0.2,1,7,3,3,1,ok,4a5574f352785d2a
11,0,2,0.18181818181818182,2,6,6,0,2,ok,3aa816dbd8145a1e
0,0,0,,0,3,0,0,0,ok,46ee2e84dbcd5414
0,1,1,,0,6,0,1,0,ok,a763af0c2d33596e
0,0,0,,0,3,0,0,0,ok,acf4fb9f322f5793
2,0,0,0.0,0,0,3,0,0,ok,10699efdffd75a9f
14,0,0,0.14285714285714285,2,0,6,0,0,ok,6edf420186155c73
16,2,1,0.0,0,5,5,1,0,ok,baf87213a8305522
16,1,1,0.0,0,6,17,1,0,ok,8b784569229e5ddb
2,0,0,0.0,0,10,1,0,0,ok,3c693bdae1695a59
16,0,0,0.0625,1,4,3,0,0,ok,2958f716d0e2533c
11,0,1,0.36363636363636365,4,0,4,0,1,ok,ed10d0a636f451fc
0,0,0,,0,0,0,0,0,ok,064e6bd1d02a52ba
16,7,8,0.125,2,16,5,7,1,ok,4724cef3527a5507
0,0,0,,0,0,0,0,0,ok,00bb64a977de56d5
0,0,0,,0,0,0,0,0,ok,3c7e627577fd5724
16,0,1,0.125,2,0,6,0,1,ok,9cb0ddc4912955a7
3,0,0,0.0,0,4,2,0,0,ok,29e44de49ac453a2
7,0,1,0.2857142857142857,2,1,6,0,1,ok,e94ff7903d3d54a1
9,0,1,0.2222222222222222,2,0,4,0,1,ok,eecf5f560a135559
16,0,2,0.1875,3,6,16,0,2,ok,796905cc89e05d4d
3,0,0,0.0,0,0,3,0,0,ok,14e1dc9b53ac59af
16,3,4,0.1875,3,5,4,3,1,ok,2c205d6ba78959a2
3,6,6,0.3333333333333333,1,9,1,5,1,ok,6bba231f13825aa2
9,1,2,0.1111111111111111,1,6,4,0,1,ok,426aef6599f35667
7,0,0,0.0,0,0,5,0,0,ok,d1f436101ac65106
9,0,0,0.0,0,0,2,0,0,ok,16ae792c81305f59
0,0,0,,0,0,1,0,0,ok,547ba42735e15e90
9,0,0,0.1111111111111111,1,0,3,0,0,ok,9e6f6bd8b13d5db3
7,0,0,0.0,0,0,2,0,0,ok,7479ed461cbe5242
0,0,0,,0,0,1,0,0,ok,a1b3fc9e49075de2
0,1,1,,0,5,0,1,0,ok,3fa18a62d9d6529e
16,0,2,0.125,2,0,3,0,2,ok,756ceca5e6c45b95
2,5,5,0.0,0,21,3,5,0,ok,23da9c65c9175b89
0,0,0,,0,1,0,0,0,ok,26a2d03047fb585c
0,0,0,,0,1,1,0,0,ok,bb1a6d5bfc175a48
8,0,0,0.0,0,0,1,0,0,ok,99b6ea080cec5fea
16,0,2,0.125,2,0,5,0,2,ok,92e9003d90f359bf
5,0,0,0.0,0,0,3,0,0,ok,7899a2a5b69856a7
15,0,3,0.3333333333333333,5,0,10,0,3,ok,5d89ddf2345c5f19
11,0,0,0.0,0,0,4,0,0,ok,9cd65546dd5f542c
9,0,1,0.1111111111111111,1,0,1,0,1,ok,fa363941e6be5d84
8,11,11,0.0,0,31,1,11,0,ok,56950336dfef57af
0,0,0,,0,0,1,0,0,ok,09b6b5fd058f5512
16,0,0,0.125,2,0,6,0,0,ok,04249f7a02c55a53
16,0,1,0.0625,1,0,8,0,1,ok,c284197915eb5d32
9,0,2,0.2222222222222222,2,0,3,0,2,ok,f6d98914d3555f14
15,3,4,0.2,3,10,4,3,1,ok,16b4635a44b55559
2,2,2,0.0,0,7,3,2,0,ok,648cae1460a35d44
0,0,0,,0,0,0,0,0,ok,c5d368dc6b3f57ac
4,5,5,0.0,0,6,3,5,0,ok,b5656a2984345b70
12,0,1,0.08333333333333333,1,1,7,0,1,ok,ab9914e46ab6524b
0,3,3,,0,5,1,3,0,ok,73d62b6566645185
8,4,3,0.125,1,16,5,3,0,ok,c04495824568554c
4,0,0,0.0,0,1,2,0,0,ok,b85bf81eb8cc56da
5,3,3,0.0,0,8,4,3,0,ok,dcfa9fa79af25a5a
16,3,4,0.3125,5,8,9,2,2,ok,7e0a8f3adee45bc0
12,0,0,0.0,0,0,0,0,0,ok,7b75b7c7d5aa5c3c
16,0,0,0.0,0,0,7,0,0,ok,551026c3540257d9
16,0,0,0.0,0,2,3,0,0,ok,882ecf8756ea5f06
0,0,0,,0,8,0,0,0,ok,28933c08a2495a90
0,0,0,,0,0,0,0,0,ok,ebd77ed5f0df5e85
12,0,0,0.0,0,0,5,0,0,ok,b139e6baa45d5ad9
0,0,0,,0,0,0,0,0,ok,a5d54a2c4c9757d4
2,0,0,0.0,0,0,3,0,0,ok,e4edf4dc0b4c5a00
16,0,0,0.0,0,1,3,0,0,ok,77d7f192afb6521c
5,0,1,0.2,1,1,4,0,1,ok,b1d4f3de33ba5110
10,0,0,0.0,0,0,0,0,0,ok,5270fa1c44c55ea8
16,2,2,0.0,0,6,8,2,0,ok,df01038141f35c36
13,0,1,0.07692307692307693,1,0,4,0,1,ok,7fbb0d8ddd5e5448
12,0,2,0.16666666666666666,2,27,6,0,2,ok,9bac7fac1aeb586e
13,0,1,0.07692307692307693,1,1,3,0,1,ok,97dbcaee7a2a5f07
11,0,0,0.0,0,0,4,0,0,ok,82907dc28c9e5caf
7,0,0,0.0,0,0,1,0,0,ok,0bed79ea201056b1
8,0,0,0.125,1,0,2,0,0,ok,44e0894e61705e41
0,0,0,,0,1,1,0,0,ok,2d883f0664685769
6,8,8,0.16666666666666666,1,34,2,8,0,ok,2ac2060d546f5930
16,0,1,0.0625,1,0,1,0,1,ok,19a93cdd06365b10
0,0,0,,0,0,0,0,0,ok,cdcd457de2ae5e04
13,1,1,0.0,0,2,2,1,0,ok,7f8a64f60b8e5ece
0,2,2,,0,7,0,2,0,ok,215c3bd27f2d593b
4,4,3,0.0,0,17,1,3,0,ok,de5cd97d55b55947
14,1,1,0.0,0,1,5,0,0,ok,c2f07eecb3b95c01
6,6,6,0.0,0,19,10,6,0,ok,2be812744e4a5fe4
8,11,11,0.0,0,22,0,11,0,ok,2b15579fad0f5654
5,3,4,0.2,1,10,3,3,1,ok,594c142e00fc53eb
0,0,0,,0,0,1,0,0,ok,7270a48814ba5e5a
15,2,2,0.13333333333333333,2,14,4,2,0,ok,695bfe3dd7a45bdc
16,1,1,0.0,0,4,4,1,0,ok,96de1e2ec2f85449
13,2,2,0.0,0,19,3,2,0,ok,194094cd9f445ab2
0,0,0,,0,0,0,0,0,ok,66f3cb0604a152e6
6,1,1,0.0,0,2,2,1,0,ok,d63d99c37b5b5da4
10,1,0,0.0,0,5,0,0,0,ok,bc8e6443023b5aec
11,0,0,0.0,0,0,1,0,0,ok,5036b03029005374
0,0,0,,0,0,0,0,0,ok,5a33859cd3585f66
0,0,0,,0,4,0,0,0,ok,4eb35871d73d52f8
11,0,1,0.18181818181818182,2,8,5,0,1,ok,e4429032078753a1
10,1,1,0.0,0,19,9,1,0,ok,c32dd98f1dda59f1
6,3,2,0.0,0,18,2,2,0,ok,fe8a72f1f52f5d7e
14,0,0,0.0,0,0,5,0,0,ok,828ab1faae9b5c0a
16,0,1,0.1875,3,0,3,0,1,ok,3758201f12705c2a
0,0,0,,0,0,0,0,0,ok,fa7d8373932d5262
11,0,1,0.18181818181818182,2,0,2,0,1,ok,bb20dadefd0853be
0,0,0,,0,0,0,0,0,ok,b37e99efb8ce53ff
16,0,0,0.0,0,4,3,0,0,ok,6d582f9461835219
9,3,5,0.3333333333333333,3,9,3,3,2,ok,c0538a2cb3b658a7
15,9,11,0.2,3,22,7,9,2,ok,27faec4549ff57b0
2,0,2,1.0,2,5,5,0,2,ok,6e1abc0c0e565cfa
0,0,0,,0,0,2,0,0,ok,49bcf3d18aae5444
8,4,4,0.0,0,13,1,4,0,ok,cdcc8fd45c635dab
13,0,0,0.0,0,2,1,0,0,ok,e5a9907db0f75d89
1,1,1,0.0,0,3,3,1,0,ok,797179e7ea515410
5,1,1,0.0,0,3,2,1,0,ok,e0aa030281ee5678
10,0,0,0.1,1,19,7,0,0,ok,86b6b09fcc105df7
1,0,0,0.0,0,7,3,0,0,ok,686124996b7a5118
0,1,0,,0,6,0,0,0,ok,c2fb9ce62e24503a
0,0,0,,0,0,0,0,0,ok,5463dd2e42965aa0
11,0,1,0.18181818181818182,2,0,1,0,1,ok,c84700b34cc25ade
6,0,1,0.5,3,0,2,0,1,ok,64fff295c27e52c2
4,0,0,0.0,0,4,1,0,0,ok,15351797e9725081
16,0,0,0.0625,1,0,2,0,0,ok,6e448222dfb45f58
6,0,0,0.0,0,1,3,0,0,ok,b49bc3bbef755b3f
16,3,6,0.25,4,17,15,3,3,ok,5b89a51d8cd953ba
16,1,3,0.125,2,0,8,0,2,ok,4efcb73472545ef0
7,0,0,0.0,0,5,2,0,0,ok,f0e5293328bd5ef6
16,0,0,0.0,0,0,2,0,0,ok,e2db3749941d5361
16,0,2,0.125,2,0,3,0,2,ok,fd4081fdd0ba55cd
8,0,0,0.125,1,1,3,0,0,ok,08349314435350a2
16,0,3,0.25,4,1,6,0,3,ok,be7b54e9e5b45754
0,0,0,,0,0,1,0,0,ok,20b30d55bd505bb6
16,0,0,0.0625,1,0,3,0,0,ok,26cddd82b3bd54bd
13,2,1,0.07692307692307693,1,6,2,1,0,ok,24ab87f7b7795276
6,3,4,0.3333333333333333,2,16,4,3,1,ok,fefa00cc3fe65b70
15,1,1,0.06666666666666667,1,6,3,1,0,ok,f849ea005b8450f7
16,0,0,0.0,0,0,3,0,0,ok,1898e9f439455139
0,0,0,,0,0,0,0,0,ok,c9c4dcd533ea54d5
16,0,0,0.0,0,4,4,0,0,ok,24b57a1b492459e1
3,1,1,0.0,0,4,4,1,0,ok,009635983a255bb5
4,0,0,0.0,0,1,1,0,0,ok,c97c74c222175df3
0,0,0,,0,0,0,0,0,ok,cccd5add567a5cf7
14,0,0,0.0,0,0,5,0,0,ok,5175b2fb78b652e9
16,0,0,0.0,0,0,2,0,0,ok,8cdf3abc3b095453
13,2,4,0.5384615384615384,7,9,8,2,2,ok,9333975401fe589e
16,1,2,0.125,2,7,15,0,1,ok,7aceb27b34515c32
6,1,1,0.0,0,18,1,1,0,ok,926680836ee65f64
6,4,3,0.16666666666666666,1,10,2,3,0,ok,a8ce28fe4a8a5f3e
15,10,9,0.06666666666666667,1,23,4,9,0,ok,22f405cc9708544c
3,2,2,0.0,0,11,1,2,0,ok,25b9413ca64f597c
2,0,0,0.0,0,1,4,0,0,ok,9be1e003d0335d38
16,0,3,0.3125,5,2,8,0,3,ok,308527b1661b5ad8
16,0,0,0.0,0,2,0,0,0,ok,58ea0f6fb168578d
16,2,1,0.0625,1,3,3,1,0,ok,6841a28f9f7457a4
5,0,0,0.0,0,9,1,0,0,ok,a0b7d741dce051fe
16,0,0,0.0,0,1,6,0,0,ok,36c11e387b1c5c4a
0,0,0,,0,0,0,0,0,ok,329f17c73b80527d
16,0,1,0.125,2,0,8,0,1,ok,ea2645be46055f79
4,4,4,0.0,0,6,0,4,0,ok,56102fb5c5425131
16,0,1,0.125,2,2,4,0,1,ok,34fd3a3e7a1e5008
9,0,0,0.0,0,0,4,0,0,ok,0dfd83e73d485976
16,1,1,0.0,0,15,6,1,0,ok,0a7c9a7f9eb85b89
11,1,2,0.18181818181818182,2,2,3,1,1,ok,f83ffa01ea9d57d8
11,0,0,0.0,0,1,7,0,0,ok,ed567e6142ce5132
16,0,0,0.0,0,0,10,0,0,ok,9b34805a2a5d59ea
14,3,4,0.07142857142857142,1,10,4,3,1,ok,595363c9a1b35f6c
1,0,0,0.0,0,3,0,0,0,ok,272598983f4354bc
13,1,4,0.3076923076923077,4,3,6,1,3,ok,9f685dcedca35fe7
14,0,0,0.0,0,0,2,0,0,ok,0313c53175505cd7
9,0,0,0.0,0,1,1,0,0,ok,339bb62735a55b69
10,3,3,0.1,1,8,4,3,0,ok,52b4698fa03252b0
8,0,0,0.25,2,0,2,0,0,ok,76b84ce6180d588b
4,7,6,0.0,0,8,4,6,0,ok,8c2d92586492577e
0,2,2,,0,13,0,2,0,ok,c7628a873a7e54a9
6,12,13,0.3333333333333333,2,27,2,12,1,ok,13d11ea7a5405ec5
11,9,9,0.2727272727272727,3,31,2,9,0,ok,e5ee5602564c51f7
7,2,2,0.0,0,7,0,2,0,ok,d9a4be35a6805e19
16,0,0,0.125,2,0,7,0,0,ok,8ca6c9c8da4759fe
8,0,0,0.0,0,1,3,0,0,ok,44ab5c25c0ef59a4
6,0,0,0.0,0,0,1,0,0,ok,8228e0abed0a5e11
9,13,12,0.0,0,27,4,12,0,ok,7f4b99d94f7c5736
16,7,6,0.0625,1,21,3,6,0,ok,f938ef3bcc8d5e1e
16,0,1,0.0625,1,4,3,0,1,ok,5f7d323b99fc5efd
10,11,11,0.0,0,35,4,11,0,ok,9a9913357e9a5330
16,0,0,0.0,0,0,1,0,0,ok,3ba060e3be8655b0
0,0,0,,0,0,0,0,0,ok,fd42d9636ad355af
1,0,0,0.0,0,10,2,0,0,ok,022c6d07228d5111
8,0,1,0.125,1,4,3,0,1,ok,07d22922cd635bd9
16,0,1,0.0625,1,0,4,0,1,ok,4c2f3d58f243509e
4,0,0,0.0,0,0,0,0,0,ok,27b6d2081bae5211
6,0,0,0.0,0,0,1,0,0,ok,9bba8db3a96858b5
4,0,0,0.0,0,5,2,0,0,ok,9ba6beeda4175684
0,0,0,,0,2,0,0,0,ok,b2d44d5beb1f55ea
10,1,1,0.0,0,2,5,1,0,ok,1ae0883c38b15aae
9,0,1,0.2222222222222222,2,0,2,0,1,ok,68a34d32667f551c
9,1,1,0.1111111111111111,1,1,5,0,1,ok,8021ec5bf07b5ff9
16,1,3,0.125,2,0,19,0,2,ok,afe0ef0cd35b57f7
0,0,0,,0,1,0,0,0,ok,0a2c1e9e157d5370
16,0,0,0.0,0,0,3,0,0,ok,ddeba4d503db5e37
6,6,6,0.0,0,19,7,6,0,ok,22c4eb7cf9d35a86
16,0,2,0.125,2,3,8,0,2,ok,a08c27827ead5cdc
16,0,1,0.0625,1,0,5,0,1,ok,2659af0e61d35455
0,0,0,,0,0,0,0,0,ok,b844f9cfef5154bd
15,0,1,0.06666666666666667,1,0,3,0,1,ok,dd53793dc12f50b7
12,1,2,0.08333333333333333,1,2,4,1,1,ok,889f79385271589a
14,0,1,0.07142857142857142,1,1,3,0,1,ok,2ffd1d0c37c6535a
0,0,0,,0,0,1,0,0,ok,293af6ab42c25a81
0,0,0,,0,0,1,0,0,ok,9fc3bd1d94de51e0
13,0,0,0.0,0,0,3,0,0,ok,a5013e9d0e5b55e3
9,0,0,0.0,0,4,2,0,0,ok,c1e79d54474159f2
7,0,0,0.0,0,0,4,0,0,ok,5876b98d446d506b
0,0,0,,0,4,1,0,0,ok,14be7e9908355244
9,0,0,0.0,0,2,1,0,0,ok,5951031fbd395e10
6,1,1,0.0,0,4,1,1,0,ok,3afb10bb86805467
8,1,1,0.0,0,2,4,1,0,ok,d9944ff497a45a7b
0,0,0,,0,0,0,0,0,ok,edf7939e8d3c5f47
11,1,3,0.18181818181818182,2,1,6,0,2,ok,4c5459d9c17e56f3
5,1,1,0.0,0,21,2,1,0,ok,db80ddf3b6375002
9,0,1,0.2222222222222222,2,0,1,0,1,ok,c4ec35d3622752df
0,0,0,,0,1,0,0,0,ok,2ef00907d7225154
0,0,0,,0,0,0,0,0,ok,04b561c1fd6952e6
16,0,1,0.0625,1,0,7,0,1,ok,1847621caf3f5d9a
0,2,2,,0,6,1,2,0,ok,ef12d53bc10452da
0,0,0,,0,4,0,0,0,ok,e34abe45d236586b
15,0,0,0.13333333333333333,2,0,3,0,0,ok,1d989e3ec6d6501a
12,0,0,0.0,0,0,3,0,0,ok,135459fda9245fd2
6,2,1,0.0,0,4,3,1,0,ok,f32763ae331d5270
6,0,0,0.0,0,0,4,0,0,ok,4121aa0ddbee51ba
15,2,4,0.2,3,6,5,2,2,ok,66b86fabee345532
10,0,0,0.0,0,0,2,0,0,ok,bf08b6bf4dde53a5
13,0,0,0.07692307692307693,1,0,2,0,0,ok,d1471403ca185dc0
9,0,0,0.1111111111111111,1,0,1,0,0,ok,a9b327c71c635f28
15,0,1,0.06666666666666667,1,0,4,0,1,ok,e2a32c7e66b45d34
0,0,0,,0,0,0,0,0,ok,0e675d927b7358a0
16,2,3,0.0,0,4,9,2,1,ok,30eeeafd5b075f89
0,0,0,,0,0,0,0,0,ok,f4e61676a1e65df8
3,3,3,0.0,0,6,4,3,0,ok,86d92fc962dc5f42
16,0,2,0.125,2,0,4,0,2,ok,c9cca8817bd552ac
16,0,0,0.0625,1,0,2,0,0,ok,2bf32ede2d385344
2,0,0,0.0,0,0,3,0,0,ok,05405059adb95bdb
16,0,3,0.1875,3,2,9,0,3,ok,37fe43d42431595c
4,0,0,0.0,0,0,3,0,0,ok,526642dac39c55c0
16,0,1,0.125,2,0,2,0,1,ok,935b74d731ed5daf
1,0,0,0.0,0,0,0,0,0,ok,e9ad500367755825
16,2,2,0.0,0,4,8,2,0,ok,7af1924fb8f952e7
16,0,0,0.0,0,0,4,0,0,ok,c18901107d7253f4
0,0,0,,0,0,0,0,0,ok,7682345989505a43
4,2,1,0.0,0,1,1,1,0,ok,2aea0f00bc2a5e81
0,0,0,,0,0,1,0,0,ok,3e3a2ad5c8775e1e
12,0,0,0.08333333333333333,1,0,2,0,0,ok,bf2bba1153b3510c
13,0,1,0.07692307692307693,1,0,10,0,1,ok,c23cfd882b9d5fbd
16,0,1,0.1875,3,0,4,0,1,ok,4ee7e43574855ef2
0,0,0,,0,0,0,0,0,ok,1c68be87a1ae5b12
16,2,2,0.0,0,12,7,2,0,ok,971174906140510b
16,1,2,0.0625,1,0,8,0,1,ok,df358769900a52e3
10,3,4,0.1,1,13,5,3,1,ok,a9e101d214595ff2
5,0,0,0.0,0,2,1,0,0,ok,726fe1a424325dbd
16,0,0,0.1875,3,0,2,0,0,ok,092e63d1dad959eb
16,0,2,0.1875,3,7,16,0,2,ok,f4772b73a73053cb
4,0,0,0.0,0,0,1,0,0,ok,a2f58bcdda8c5dd2
0,0,0,,0,1,0,0,0,ok,ea003da2c28e5cf3
16,0,0,0.0625,1,7,0,0,0,ok,e669be749c595a77
5,3,3,0.0,0,9,2,3,0,ok,33aff552a1575453
0,0,0,,0,0,2,0,0,ok,b40af0a72fd956dd
1,2,2,0.0,0,6,0,2,0,ok,1beb02f7e95b57a5
16,5,6,0.0625,1,14,7,5,1,ok,d64c1236be235c3a
7,5,6,0.14285714285714285,1,14,3,5,1,ok,ae425cc1aab05f0a
11,0,0,0.0,0,0,1,0,0,ok,190b8e23f11451f2
16,5,2,0.0,0,9,10,2,0,ok,71f411f0052f56b3
6,0,0,0.0,0,0,6,0,0,ok,720b3415f4855dce
13,12,12,0.07692307692307693,1,25,2,12,0,ok,ddd3e1e4e15756ac
13,0,0,0.0,0,0,1,0,0,ok,19b5725617eb5342
16,0,0,0.0,0,0,5,0,0,ok,57d47cbf011a5c1f
16,1,1,0.0,0,4,10,0,0,ok,eb8b19af93e4538e
11,0,1,0.09090909090909091,1,0,5,0,1,ok,90dfe41fba255986
15,0,2,0.2,3,8,12,0,2,ok,d9012251253f54fd
0,0,0,,0,0,1,0,0,ok,49218363cc6b530f
14,5,5,0.07142857142857142,1,13,4,5,0,ok,3d9f18756c975c64
16,2,5,0.3125,5,14,19,2,3,ok,a1f5dc9892fa5416
6,3,3,0.16666666666666666,1,6,0,3,0,ok,e2c7fb4db724589f
10,0,1,0.1,1,3,6,0,1,ok,f6e6f33cec8657f8
16,1,2,0.0625,1,0,10,0,1,ok,8092ba597e5954d1
16,1,2,0.125,2,1,6,0,1,ok,becc2a2d58665ffd
16,0,2,0.125,2,0,6,0,2,ok,5817e77f718c5965
12,2,1,0.0,0,11,8,1,0,ok,af7f568aefd558f4
16,0,0,0.125,2,2,5,0,0,ok,116d1d8ee137557f
11,0,0,0.0,0,1,2,0,0,ok,f350851cf5c954c4
0,0,0,,0,2,0,0,0,ok,1bf169a6aaf65858
13,0,0,0.0,0,0,5,0,0,ok,db2e6739c17c5a37
8,0,0,0.0,0,1,3,0,0,ok,3a45500f42e95627
0,0,0,,0,0,1,0,0,ok,28bee72c8c8a5422
0,0,0,,0,2,0,0,0,ok,a81b01268bad5198
6,1,0,0.0,0,3,1,0,0,ok,cef28067fc515279
0,0,0,,0,0,1,0,0,ok,94d01d478da35625
16,0,1,0.1875,3,0,4,0,1,ok,0d70f7150b4c5bfd
5,3,2,0.2,1,3,7,1,1,ok,13eb63324cc95c38
13,0,0,0.0,0,0,0,0,0,ok,271fd7dd6d795784
5,0,0,0.0,0,5,1,0,0,ok,ae958b66f88e5f2e
2,0,0,0.0,0,2,4,0,0,ok,3423b27a07d05996
0,0,0,,0,0,1,0,0,ok,01034b2411ce5ea0
0,1,1,,0,5,3,1,0,ok,c54c445958385cdb
0,0,0,,0,0,0,0,0,ok,f832a6f3bcac59c0
16,0,1,0.25,4,0,5,0,1,ok,89a49ca0816d5238
14,0,0,0.0,0,0,0,0,0,ok,987a824855245e9a
9,0,1,0.2222222222222222,2,0,4,0,1,ok,53f1dfc5a83859f7
9,6,6,0.0,0,18,8,6,0,ok,ac3de1095ca95f38
15,0,1,0.06666666666666667,1,0,5,0,1,ok,be3bc0fa680c5e33
12,8,8,0.08333333333333333,1,18,2,8,0,ok,37a4eba499cb581d
7,2,3,0.42857142857142855,3,5,3,1,2,ok,c3f65d95098e50f9
16,0,0,0.0,0,0,8,0,0,ok,0c56e8b7a6475744
16,13,14,0.0625,1,30,4,13,1,ok,c060c36559fc521e
0,0,0,,0,0,0,0,0,ok,50e404e1a93d5526
5,0,0,0.0,0,0,0,0,0,ok,c7ec29a4f3b35e2c
8,0,0,0.0,0,3,6,0,0,ok,a3069975f35851a5
16,1,1,0.0,0,4,3,1,0,ok,365b2faebefc5252
11,1,1,0.0,0,0,2,0,0,ok,a8bb1a5c1d6f5214
7,2,2,0.0,0,9,5,2,0,ok,7d700cdd9bd35f07
14,1,2,0.21428571428571427,3,18,10,1,1,ok,b5b400b956c850cd
11,0,1,0.18181818181818182,2,0,2,0,1,ok,e5f0d2135e0f550a
0,2,2,,0,10,1,2,0,ok,2be53faa6b69520b
4,0,0,0.0,0,1,1,0,0,ok,69b8b91ff0475c6b
1,0,0,0.0,0,4,1,0,0,ok,f458b6722ccc5513
14,0,0,0.07142857142857142,1,8,5,0,0,ok,14982f46dd7b580e
11,0,1,0.18181818181818182,2,0,6,0,1,ok,0b03b32bd3af5f1a
8,0,0,0.0,0,2,6,0,0,ok,4b73463ec7605d45
14,0,0,0.07142857142857142,1,1,2,0,0,ok,a175f7c8397b5b12
16,0,1,0.125,2,2,9,0,1,ok,8ce138c84f67507d
0,0,0,,0,0,2,0,0,ok,438d72c8bc835cf0
6,4,4,0.16666666666666666,1,9,2,4,0,ok,82a9239c602753b3
8,1,0,0.0,0,0,3,0,0,ok,fb731ad3b07f51ce
14,0,2,0.21428571428571427,3,0,6,0,2,ok,7260532695a05de7
10,1,0,0.0,0,19,2,0,0,ok,a6b4c28db0ee54bd
7,8,8,0.0,0,14,2,8,0,ok,052c46b59cba5c84
16,0,4,0.25,4,9,12,0,4,ok,de41bb34d55c53e1
3,0,1,0.3333333333333333,1,0,2,0,1,ok,f3bf07e45b945085
13,5,5,0.0,0,9,2,5,0,ok,fb6662c49d68543d
10,0,0,0.1,1,0,1,0,0,ok,085f3b075df85464
14,0,0,0.0,0,1,5,0,0,ok,77f88c42df1b5daf
16,0,1,0.125,2,4,9,0,1,ok,afd12abcd08d51f6
0,0,0,,0,0,0,0,0,ok,eba213863a075b4c
16,0,1,0.0625,1,20,8,0,1,ok,7925d2286149502c
13,0,0,0.07692307692307693,1,0,1,0,0,ok,37c2807fbe335039
0,0,0,,0,2,1,0,0,ok,f2848ec3068a5d33
6,3,3,0.0,0,18,1,3,0,ok,db1fbee77d3553cf
2,0,0,0.0,0,0,1,0,0,ok,fc70fbd002b75c16
0,0,0,,0,0,0,0,0,ok,6fd25146d4ef5cc8
2,0,0,0.0,0,2,2,0,0,ok,0601ba0e6a6a56fc
8,0,0,0.0,0,1,4,0,0,ok,359653f71f095eb2
16,0,0,0.0,0,0,8,0,0,ok,bc87528135185d73
0,0,0,,0,0,0,0,0,ok,6c56aa295b265d3e
15,4,5,0.06666666666666667,1,13,14,2,1,ok,59ba92468c685053
10,5,6,0.1,1,10,7,5,1,ok,2f6a3d94540155df
5,0,0,0.0,0,0,3,0,0,ok,d031d6520baa5470
3,0,0,0.0,0,0,0,0,0,ok,5500c8c9b8d05de8
7,0,3,0.42857142857142855,3,1,5,0,3,ok,a6d1bfbe3fda5e2d
0,0,0,,0,0,0,0,0,ok,3df2c7d1ada95d64
0,0,0,,0,1,0,0,0,ok,65818e0816f35118
10,0,1,0.1,1,1,7,0,1,ok,79d89802ae015b4b
16,1,1,0.0,0,5,11,0,0,ok,f542971bab555885
14,0,2,0.14285714285714285,2,1,5,0,2,ok,4e0a7d95f4745dd9
6,2,2,0.3333333333333333,2,6,1,2,0,ok,3fa54b9494b55d28
6,0,0,0.0,0,1,0,0,0,ok,553ae01731b65355
11,0,0,0.09090909090909091,1,0,0,0,0,ok,8bd60d43488354c1
1,0,0,0.0,0,10,0,0,0,ok,91b9943ef44f5f42
16,1,1,0.0,0,6,3,1,0,ok,f834523a4c305d34
0,2,2,,0,7,0,2,0,ok,34965cbfab5b5d1c
10,1,2,0.1,1,4,6,1,1,ok,f2bad1abdcd95204
16,1,0,0.0,0,0,13,0,0,ok,957658800a9a5796
1,0,0,0.0,0,1,1,0,0,ok,6d22dfab6a2951bd
15,0,1,0.06666666666666667,1,2,10,0,1,ok,df0c947f4388529a
6,0,0,0.0,0,0,1,0,0,ok,c05d755027a75ae7
9,0,1,0.1111111111111111,1,0,3,0,1,ok,54aed80790695af9
7,0,0,0.0,0,10,17,0,0,ok,f1a1a522e7935855
0,0,0,,0,0,0,0,0,ok,b9ee2045b0725550
14,0,0,0.0,0,0,2,0,0,ok,69d1009eacfa5693
0,0,0,,0,0,0,0,0,ok,3892014ddab55e14
14,0,1,0.07142857142857142,1,0,4,0,1,ok,0a205bcc627b548f
5,2,2,0.0,0,10,1,2,0,ok,fea68580d397544c
10,4,5,0.1,1,23,11,4,1,ok,c8692fbdb05258cf
13,10,11,0.07692307692307693,1,21,12,10,1,ok,04597d03e4e955ca
6,1,2,0.16666666666666666,1,15,1,1,1,ok,b03171f4fcd05848
13,0,1,0.15384615384615385,2,0,1,0,1,ok,6e6ba4164960540b
16,1,4,0.3125,5,7,9,1,3,ok,9703ebbf61115498
16,0,1,0.125,2,3,5,0,1,ok,938f29a631c15b02
14,7,7,0.14285714285714285,2,17,15,7,0,ok,9265023f277f5b8c
9,0,0,0.1111111111111111,1,0,5,0,0,ok,40e9b204fd2c5742
13,0,0,0.07692307692307693,1,1,3,0,0,ok,3f326937a07153bd
7,2,2,0.0,0,30,6,2,0,ok,c15d0c374a535e18
16,2,6,0.375,6,7,10,2,4,ok,54ce7533a0f353f5
16,3,4,0.3125,5,12,7,3,1,ok,1bced81f9d565845
4,0,0,0.0,0,6,9,0,0,ok,d6550f96ce2a5033
14,0,0,0.0,0,0,5,0,0,ok,baa15a0bb0305c89
4,1,1,0.0,0,2,3,1,0,ok,b09e300a41365fe3
16,0,0,0.0,0,1,6,0,0,ok,c80be21b28205baa
2,0,0,0.0,0,4,1,0,0,ok,cafa51cfe1fc53da
0,0,0,,0,1,1,0,0,ok,0ed97df48f2d5242
16,1,2,0.0625,1,8,11,1,1,ok,58169bc8df4a5e31
0,0,0,,0,5,0,0,0,ok,dcf3b9135ae255a2
16,0,1,0.0625,1,1,16,0,1,ok,ed32de30fd75517f
11,0,1,0.09090909090909091,1,1,7,0,1,ok,89e9576bccf3597c
7,0,0,0.0,0,2,1,0,0,ok,d003910fa3885239
16,0,0,0.0,0,0,2,0,0,ok,db754e023a8d529a
16,0,0,0.0,0,0,3,0,0,ok,246f33932263531c
6,2,2,0.0,0,6,3,2,0,ok,361cf614f868545d
0,0,0,,0,0,0,0,0,ok,401f846f81645fba
0,0,0,,0,0,1,0,0,ok,18cfa71ea51c5cb9
0,0,0,,0,1,1,0,0,ok,2750f4b522105fc5
0,0,0,,0,0,0,0,0,ok,590e5838035f5852
16,1,1,0.0,0,6,3,1,0,ok,3e15e7604c6756f2
16,2,3,0.125,2,12,14,2,1,ok,0b1817f04a49512a
6,4,5,0.16666666666666666,1,9,3,4,1,ok,35bbf61264b45f01
16,0,0,0.0,0,2,2,0,0,ok,69566451c5c15330
16,0,1,0.25,4,0,2,0,1,ok,fff60e331725578d
8,0,0,0.0,0,1,14,0,0,ok,29e6ea94f1a45e55
16,0,0,0.0,0,0,2,0,0,ok,9322c4b0cd4f521c
14,0,0,0.0,0,1,0,0,0,ok,181f7f576f4c520d
14,2,2,0.07142857142857142,1,10,5,2,0,ok,bcae9fc4818c5d37
4,0,0,0.0,0,0,2,0,0,ok,3bbb47ecf4515ffc
2,2,2,0.0,0,8,2,2,0,ok,2a9ccd9767e15a87
4,0,1,0.25,1,0,3,0,1,ok,843b826c9f2c5fc2
7,1,1,0.0,0,3,1,1,0,ok,14f5560dc5e95b01
0,0,0,,0,0,0,0,0,ok,07bf3e9a721657a3
11,0,0,0.0,0,0,0,0,0,ok,e7446a6f84ed520b
6,0,1,0.16666666666666666,1,0,1,0,1,ok,64c3afea3ec15107
10,1,2,0.3,3,7,5,1,1,ok,57d259f616005b56
6,0,1,0.16666666666666666,1,2,2,0,1,ok,8216244e69955236
15,2,3,0.06666666666666667,1,12,4,2,1,ok,7c88e2a2555451b9
6,0,0,0.16666666666666666,1,0,0,0,0,ok,7caa46a3067c5287
0,0,0,,0,0,3,0,0,ok,7b0e006bb49c56cf
16,1,3,0.125,2,8,13,0,2,ok,245530fcdc68569c
0,0,0,,0,0,0,0,0,ok,78542c18ae205415
0,0,0,,0,0,4,0,0,ok,74bc4390a4b657aa
1,8,7,0.0,0,34,2,7,0,ok,5437ca59c5bf5bfc
0,0,0,,0,1,0,0,0,ok,635d5e2dbc515d40
4,1,1,0.0,0,13,0,1,0,ok,ea5fccbacf235f4a
0,0,0,,0,0,0,0,0,ok,007a299279735dae
3,0,1,0.3333333333333333,1,3,5,0,1,ok,3f238dcbb5be56b3
0,0,0,,0,1,0,0,0,ok,f56ae90dca5456e7
4,0,0,0.0,0,3,2,0,0,ok,081dd6f2101157ea
6,0,0,0.0,0,0,4,0,0,ok,256bfaa587e15efd
0,5,5,,0,30,3,5,0,ok,eba9eda45d295c17
4,0,0,0.0,0,0,1,0,0,ok,a7b5760e332051d5
16,0,1,0.125,2,0,1,0,1,ok,cdb70a0e4e94598f
11,0,2,0.2727272727272727,3,1,5,0,2,ok,21bbf8c01e3959a9
0,0,0,,0,0,2,0,0,ok,e3a6496189f9522e
16,0,0,0.0,0,1,4,0,0,ok,0c9b6707bc7b5580
0,0,0,,0,0,0,0,0,ok,829966b2d57f5674
9,4,5,0.1111111111111111,1,9,10,4,1,ok,1aa77b2fb1e85371
16,0,1,0.0625,1,0,4,0,1,ok,0e93eadd297b57a2
6,3,3,0.0,0,6,2,3,0,ok,ef6fc7159db9583b
1,1,2,1.0,1,1,1,1,1,ok,c5faccfd97d157c7
1,0,0,0.0,0,0,0,0,0,ok,e48773c6826c5f47
15,0,0,0.06666666666666667,1,0,10,0,0,ok,1293292430ad5f19
4,0,0,0.25,1,0,0,0,0,ok,5825300e52fc5a2e
9,0,0,0.2222222222222222,2,0,3,0,0,ok,50405cff47625c48
9,14,14,0.0,0,25,3,14,0,ok,e62be47b9a3455e4
13,0,0,0.0,0,1,5,0,0,ok,1cad010923055372
16,0,1,0.0625,1,3,7,0,1,ok,64dc87ffcc6451aa
15,0,1,0.06666666666666667,1,0,1,0,1,ok,11c4da34b5e05bf1
16,0,0,0.0625,1,0,1,0,0,ok,8ae79d4033655aed
16,2,2,0.0625,1,4,3,2,0,ok,48af0cd5abb25aaa
5,15,15,0.0,0,33,1,15,0,ok,7120e176392052c3
0,0,0,,0,1,0,0,0,ok,4042afffa59c53f0
16,3,5,0.1875,3,14,8,3,2,ok,8c9a3828ddea5d0e
16,0,3,0.1875,3,3,7,0,3,ok,c2b314460f6a5d14
4,0,1,0.25,1,0,1,0,1,ok,5e6576e8b54f5047
16,0,1,0.0625,1,3,2,0,1,ok,d782c34e4da15904
2,2,2,0.0,0,9,0,2,0,ok,d14cda6ed6ad58d1
16,0,0,0.0,0,7,0,0,0,ok,3f36d5316f0d5a94
10,6,6,0.0,0,19,1,6,0,ok,bc311560124f590d
7,0,0,0.0,0,0,2,0,0,ok,080a0d8696ab555c
16,0,0,0.0,0,1,2,0,0,ok,a308db577db859c8
15,3,3,0.2,3,9,6,3,0,ok,d1581c2660d9541a
10,0,0,0.0,0,0,2,0,0,ok,01073117bc0158cf
0,0,0,,0,0,0,0,0,ok,a275151b2d7757f9
16,0,0,0.125,2,5,4,0,0,ok,9ceeabe8f7d65dce
5,6,5,0.0,0,11,5,5,0,ok,73d13aef80715424
12,0,1,0.08333333333333333,1,0,3,0,1,ok,e95c33aad6755102
16,5,7,0.1875,3,18,8,5,2,ok,b129533d49975493
14,0,0,0.14285714285714285,2,0,3,0,0,ok,e4259f656dfe5502
15,0,0,0.06666666666666667,1,9,8,0,0,ok,90a79351977a5f32
10,9,9,0.0,0,27,1,9,0,ok,a9353a205cd55b87
16,0,1,0.125,2,2,3,0,1,ok,c87345bcc4625fed
10,0,0,0.0,0,0,4,0,0,ok,c20efbd58fc45cc2
2,0,0,0.0,0,1,1,0,0,ok,81af9add70a15dc0
11,0,2,0.18181818181818182,2,0,5,0,2,ok,0aa9bbfaaf7952bb
13,0,0,0.07692307692307693,1,0,6,0,0,ok,593612a9893a578b
1,0,0,0.0,0,2,2,0,0,ok,bdfa1f8523c25328
3,2,0,0.0,0,5,1,0,0,ok,071d5377b67053d7
0,0,0,,0,6,2,0,0,ok,08446e569d0f55ae
16,0,0,0.0,0,0,2,0,0,ok,ba9f3c48af755d6c
0,1,1,,0,2,3,1,0,ok,b72d71a81f9d5443
16,0,0,0.1875,3,0,2,0,0,ok,79f00801e3aa538b
16,2,4,0.1875,3,6,8,1,3,ok,fcc35ee737d45dee
16,1,1,0.0,0,2,4,1,0,ok,d3c7af03d3c55332
15,0,0,0.0,0,0,6,0,0,ok,f3433ba95f155468
12,5,5,0.0,0,24,14,5,0,ok,0e12fea0d60d5107
7,4,4,0.0,0,15,7,4,0,ok,9ec76bd7cc435ace
10,0,2,0.3,3,0,2,0,2,ok,d7887afff7bb5bd6
4,0,0,0.0,0,1,2,0,0,ok,719d98ca63815665
9,10,10,0.1111111111111111,1,27,3,10,0,ok,f89a7bfce98858de
9,0,0,0.0,0,4,3,0,0,ok,6fa1914092355249
9,9,9,0.1111111111111111,1,20,6,8,1,ok,48e0daf18c08563d
0,0,0,,0,0,0,0,0,ok,d1c3116df764539d
11,13,14,0.18181818181818182,2,26,2,13,1,ok,c8b24eb9e9fe53d4
16,0,2,0.125,2,0,5,0,2,ok,55d3074d4b80537a
5,1,2,0.2,1,10,2,1,1,ok,75a8a8c648d75eb1
0,0,0,,0,0,0,0,0,ok,b21269864bea50f3
12,0,1,0.08333333333333333,1,0,3,0,1,ok,492617f70d175eb9
9,0,1,0.1111111111111111,1,2,4,0,1,ok,02537b6a591255a2
16,0,0,0.0,0,1,5,0,0,ok,d5ab0874c0655f0c
11,4,0,0.0,0,0,2,0,0,ok,c018f32c5de959b3
16,1,1,0.0625,1,1,5,0,1,ok,fa17b8c078fc52c7
15,0,1,0.06666666666666667,1,0,9,0,1,ok,d79c43a71f61532f
3,0,0,0.0,0,4,2,0,0,ok,667f612fa4d657aa
10,0,0,0.0,0,1,2,0,0,ok,721ecf7e9e325fa3
16,0,2,0.125,2,2,5,0,2,ok,de35d55176375b65
16,0,1,0.0625,1,2,13,0,1,ok,d94fb5181e845dd5
4,0,0,0.0,0,0,4,0,0,ok,bf0da1b08ba256d9
12,0,0,0.0,0,0,3,0,0,ok,b3007392c7b5565a
5,0,0,0.0,0,0,1,0,0,ok,ad3449ab050356e3
11,0,1,0.09090909090909091,1,3,2,0,1,ok,3ab47eb4a78455bc
2,1,1,0.0,0,4,0,1,0,ok,927ab750156a5b6e
11,0,0,0.0,0,0,1,0,0,ok,6c10b69d764f56ec
7,0,0,0.14285714285714285,1,8,2,0,0,ok,81a83f7d0ef25e56
7,0,0,0.0,0,0,2,0,0,ok,d3ea939113e45a4d
10,0,1,0.2,2,0,2,0,1,ok,991271b3cabc55c7
15,0,0,0.0,0,1,3,0,0,ok,970124a271a555f2
16,0,2,0.125,2,2,7,0,2,ok,6c6b03b355755289
12,2,2,0.0,0,13,8,2,0,ok,cb344a50ccb75bd9
1,0,0,0.0,0,2,1,0,0,ok,67be2fcd5d5b50cc
9,0,1,0.1111111111111111,1,2,4,0,1,ok,61392db5a7c35bed
16,0,0,0.0,0,0,7,0,0,ok,706cd5cb72345303
3,1,1,0.0,0,2,4,1,0,ok,d170445d6d0d5206
16,0,0,0.0,0,5,5,0,0,ok,7eb2d4ea796a5727
13,0,1,0.15384615384615385,2,0,5,0,1,ok,cc15babd62f95515
9,6,7,0.1111111111111111,1,20,11,6,1,ok,b792a2ce7e655e04
3,0,0,0.0,0,0,2,0,0,ok,24d42adcb9245627
12,3,4,0.16666666666666666,2,17,6,3,1,ok,5e16d8dcb9355137
0,0,0,,0,1,1,0,0,ok,cb923ebe35715c46
15,0,1,0.13333333333333333,2,0,3,0,1,ok,1558a9a5d51351f4
8,5,5,0.0,0,16,3,5,0,ok,fa83a506075d5eb8
16,5,7,0.25,4,7,10,4,2,ok,67f8027248f050e5
11,0,1,0.09090909090909091,1,0,3,0,1,ok,92cc26ac2c5b58d9
2,0,0,0.0,0,0,2,0,0,ok,3f3b73003c375cb5
14,0,1,0.2857142857142857,4,0,1,0,1,ok,a146d89562c451ff
12,1,1,0.0,0,3,4,1,0,ok,9f7ca5f48fb154d1
9,0,1,0.1111111111111111,1,3,6,0,1,ok,dad7f5bb7f8c516d
16,0,0,0.0,0,5,3,0,0,ok,5a09a15e426257c0
13,0,0,0.0,0,0,1,0,0,ok,a9381cc3c4a05919
1,0,0,0.0,0,0,0,0,0,ok,79114c826c8c5312
6,1,1,0.0,0,5,6,1,0,ok,39acfbe1383d552e
10,0,0,0.2,2,0,1,0,0,ok,f13877b2dd9f5508
7,1,1,0.2857142857142857,2,13,3,0,1,ok,3de591c61125573d
0,0,0,,0,13,3,0,0,ok,4192513dc7b6518c
7,0,0,0.14285714285714285,1,0,3,0,0,ok,8b731fd40b4957cc
0,0,0,,0,0,4,0,0,ok,cea6e40af24652ea
0,0,0,,0,0,0,0,0,ok,2ec99407378f54cd
16,0,0,0.0,0,2,2,0,0,ok,30ccf220d6a55ba5
0,0,0,,0,0,2,0,0,ok,91fe706db8c75d03
15,3,3,0.06666666666666667,1,3,4,2,1,ok,d710a88fe88c582d
16,0,3,0.1875,3,5,6,0,3,ok,4ca684551bc65454
16,2,4,0.1875,3,5,17,1,3,ok,f117a3e279215587
10,13,14,0.1,1,33,2,13,1,ok,2c651f5065fa5429
0,0,0,,0,0,0,0,0,ok,de3627fbcd855690
0,5,5,,0,31,9,5,0,ok,741872fb711b526c
12,0,1,0.16666666666666666,2,1,4,0,1,ok,e023f6a1fc7c53e0
9,0,0,0.0,0,0,1,0,0,ok,4a18177c8c335bbd
16,5,6,0.125,2,16,11,5,1,ok,3c4ba012308758b2
14,0,1,0.07142857142857142,1,0,3,0,1,ok,c1f168f8056e5f47
8,6,8,0.375,3,12,8,5,3,ok,b46fa5ba0b03597f
8,0,0,0.0,0,0,1,0,0,ok,86e62d434d3e53e7
14,0,0,0.21428571428571427,3,0,1,0,0,ok,7d460d8c9e995333
16,0,2,0.125,2,0,5,0,2,ok,d90c7fd0c390582b
3,0,0,0.0,0,0,1,0,0,ok,87a647087ebf50e3
4,1,1,0.0,0,3,3,1,0,ok,dca362366c91503f
2,0,0,0.0,0,1,1,0,0,ok,6bd99d96746c54b6
10,0,0,0.2,2,3,5,0,0,ok,fee2fcffd44a5760
4,0,1,0.25,1,3,5,0,1,ok,b7dd63de43b651c3
13,2,2,0.23076923076923078,3,6,8,0,2,ok,99e0e6180503556f
6,0,0,0.0,0,2,4,0,0,ok,bc22021d3d8253c2
10,3,4,0.2,2,10,2,3,1,ok,7fe8f787c1b75428
1,0,0,0.0,0,1,2,0,0,ok,37acd6edec395000
16,0,0,0.0,0,0,3,0,0,ok,e725081a126c5378
8,0,0,0.0,0,1,0,0,0,ok,695c6995f07653aa
15,0,1,0.06666666666666667,1,0,3,0,1,ok,47140a439ddc59a3
16,0,0,0.0,0,0,2,0,0,ok,0031dcc804e658c8
2,2,2,0.0,0,7,0,2,0,ok,1d82c421d38157ca
11,0,0,0.2727272727272727,3,0,2,0,0,ok,39b3415d398954ec
16,5,5,0.1875,3,5,38,1,3,ok,b63694c8b7005d32
8,2,2,0.0,0,6,3,2,0,ok,fb88f268bbd056d8
4,0,0,0.0,0,0,1,0,0,ok,489084524b6f595d
16,0,1,0.125,2,0,3,0,1,ok,3f0aba4faaf355dc
4,0,0,0.0,0,2,5,0,0,ok,2a030150d6695b8c
14,0,1,0.14285714285714285,2,0,5,0,1,ok,6b457fbd94275093
10,0,1,0.1,1,0,3,0,1,ok,592090d34613541d
11,0,0,0.2727272727272727,3,8,1,0,0,ok,5f7d2f8c4c3f557e
16,1,1,0.0,0,2,5,1,0,ok,ea98b0b00f795257
0,0,0,,0,2,0,0,0,ok,8f0e117330ce5a4e
16,0,0,0.0,0,1,4,0,0,ok,a6307221433750df
0,0,0,,0,0,0,0,0,ok,189b60c7ebb15e52
16,0,0,0.0,0,0,3,0,0,ok,50d6a0c97b34583f
16,0,2,0.125,2,5,3,0,2,ok,ff4a5a7cbe7e59a4
0,0,0,,0,0,1,0,0,ok,5b5b2e667d9c58c7
15,0,0,0.0,0,6,2,0,0,ok,e91d8bc6e0255844
3,0,2,0.6666666666666666,2,3,2,0,2,ok,d38578bc6a8f578b
7,0,0,0.0,0,0,1,0,0,ok,a9c0a07cde355d46
8,1,1,0.0,0,1,1,1,0,ok,e552fc4690b0596e
0,0,0,,0,0,0,0,0,ok,03d20e5e22575b3d
6,0,0,0.0,0,0,2,0,0,ok,98ea836bbe855f32
16,0,0,0.0,0,4,8,0,0,ok,d3cc1716380255b0
0,1,0,,0,9,1,0,0,ok,b4bd27ec9ca95f51
2,0,0,0.0,0,0,3,0,0,ok,0653654097af555d
5,0,0,0.0,0,0,6,0,0,ok,44c6d7b803cd5a4e
7,0,0,0.0,0,9,5,0,0,ok,d40643d87a1950f1
0,1,1,,0,9,0,1,0,ok,adf15ba80cf55b46
0,0,0,,0,0,0,0,0,ok,5d7cb6ab14c353ca
5,0,1,0.4,2,1,3,0,1,ok,c0ed5314492353ce
0,0,0,,0,1,0,0,0,ok,cae6e0c155e95094
0,0,0,,0,2,3,0,0,ok,ee81850c9dc1545f
13,1,3,0.23076923076923078,3,5,7,0,3,ok,444e28100ad75b52
0,0,0,,0,0,0,0,0,ok,6c3c524decd558c9
10,0,1,0.1,1,0,1,0,1,ok,d221b4defe7b5c36
15,0,0,0.0,0,1,5,0,0,ok,87f867994a9e5476
0,0,0,,0,0,0,0,0,ok,a8ef4c190594529d
16,0,2,0.125,2,1,7,0,2,ok,44927cc556dc5855
0,0,0,,0,0,0,0,0,ok,45b0aa9cb29e5e72
9,0,0,0.0,0,0,2,0,0,ok,a43e523813995de1
3,0,0,0.0,0,5,1,0,0,ok,9ce92c5c5d2459a8
16,0,1,0.0625,1,6,3,0,1,ok,8b098eef1ecc5cb8
15,1,3,0.13333333333333333,2,5,6,0,2,ok,9162049567e2505d
0,0,0,,0,0,0,0,0,ok,e5b2124ccb495897
16,0,0,0.0625,1,3,2,0,0,ok,fbe04c3d72e0555c
13,0,0,0.0,0,0,2,0,0,ok,83f3f0d02cdf58d5
6,2,2,0.16666666666666666,1,12,2,2,0,ok,2b2c80d7c63e5ea4
16,2,1,0.1875,3,6,7,1,0,ok,c1aa484b6c805985
5,8,8,0.0,0,10,8,7,0,ok,52bd2a7be6c25450
16,0,0,0.0,0,0,0,0,0,ok,9ecea08ed4e3553b
10,0,0,0.0,0,3,3,0,0,ok,742840f3db7a576d
14,0,3,0.21428571428571427,3,0,6,0,3,ok,2e9090ed184f5a95
16,0,2,0.125,2,0,3,0,2,ok,38597f457c9e555a
4,0,0,0.0,0,0,3,0,0,ok,e111005f4bb25e76
12,0,0,0.0,0,1,5,0,0,ok,dfb805b2e4ab5015
7,1,1,0.2857142857142857,2,7,2,1,0,ok,ee8e6f09c97b5bcc
6,3,3,0.16666666666666666,1,25,2,3,0,ok,395f8b6e865c5c70
1,0,0,0.0,0,0,2,0,0,ok,8a4c4edd84255eef
14,0,0,0.0,0,0,2,0,0,ok,94a6d2ed25d35a5b
11,0,1,0.09090909090909091,1,2,2,0,1,ok,1c7aa2aec0895347
0,0,0,,0,1,1,0,0,ok,1af7d832927f5bc4
9,1,1,0.0,0,2,2,1,0,ok,d82553f6400757d1
0,0,0,,0,0,0,0,0,ok,a2a791a73d955510
0,0,0,,0,0,0,0,0,ok,835782c63108579e
0,0,0,,0,0,0,0,0,ok,edf93c8fcca75533
12,0,1,0.08333333333333333,1,2,4,0,1,ok,2c06120b817a580c
3,1,1,0.0,0,4,1,1,0,ok,893edab793d65b69
1,2,2,0.0,0,3,3,2,0,ok,d544d88c9a2c548c
2,0,0,0.0,0,1,1,0,0,ok,dd68eb84ab7b5737
11,0,0,0.0,0,0,0,0,0,ok,5e5f522e3ecd5cca
0,0,0,,0,0,0,0,0,ok,379d41f030085f63
16,2,2,0.0,0,2,5,2,0,ok,0ca3489c39325838
16,0,0,0.0,0,0,3,0,0,ok,662506c74845589c
8,0,0,0.0,0,0,4,0,0,ok,79b9951387f25ce9
15,0,0,0.13333333333333333,2,0,5,0,0,ok,83a6a5fd6f385747
7,0,1,0.14285714285714285,1,3,3,0,1,ok,1d91344fd6425ed7
16,3,4,0.125,2,5,7,3,1,ok,f88245b0de5e5c7f
10,0,0,0.0,0,0,2,0,0,ok,94b6e1387eb7591c
2,0,0,0.0,0,0,1,0,0,ok,d33d55a198cc5f86
11,0,0,0.0,0,1,1,0,0,ok,494fade53c845a1b
16,1,1,0.0,0,0,4,0,0,ok,e0538b18a24c5dfd
6,2,3,0.16666666666666666,1,3,4,2,1,ok,c8983ae8941e57b0
16,0,1,0.0625,1,6,10,0,1,ok,a5ab431e637d5215
8,1,0,0.125,1,1,5,0,0,ok,ad6e7f1bfac65426
16,4,3,0.0625,1,21,12,2,1,ok,dd96b716a2755fd9
14,8,7,0.07142857142857142,1,14,1,7,0,ok,d4685925e51554ea
3,0,0,0.0,0,2,1,0,0,ok,090f309a7ca65bbd
16,4,5,0.1875,3,8,7,4,1,ok,bfefc63a3b9f5736
0,0,0,,0,1,0,0,0,ok,eaffeca743025fa0
0,0,0,,0,1,0,0,0,ok,a2d365a1548e535a
0,0,0,,0,0,0,0,0,ok,e1de0521fc3e5f05
7,1,1,0.0,0,6,4,1,0,ok,7b427bb336c652a8
0,0,0,,0,0,0,0,0,ok,78e7e013fc315d39
3,3,3,0.3333333333333333,1,17,4,2,1,ok,1355903f18fc537a
0,0,0,,0,0,0,0,0,ok,95e5d658c38d5f16
14,0,1,0.14285714285714285,2,0,4,0,1,ok,a925317e30c15216
0,3,3,,0,13,0,3,0,ok,dbbc5ff0726b5412
16,4,10,0.4375,7,5,30,0,6,ok,4fa19b20f26a5caf
0,0,0,,0,0,0,0,0,ok,5ca63ac922795e9d
13,11,12,0.07692307692307693,1,31,3,11,1,ok,03c3d0be71495130
15,1,1,0.0,0,2,5,1,0,ok,95684fc19ee85eac
16,2,2,0.0,0,0,5,0,0,ok,2e0b16c3d6c05f0c
16,0,0,0.0,0,0,4,0,0,ok,12eaabc763ad56c1
4,0,0,0.0,0,3,1,0,0,ok,fba32bf9957254b8
10,0,0,0.0,0,0,0,0,0,ok,feaeb21c4e1154c9
16,0,0,0.0,0,0,4,0,0,ok,bd6c7b10ae725c06
16,0,2,0.125,2,0,10,0,2,ok,c7b485059cde580b
12,0,0,0.0,0,7,7,0,0,ok,2bc889aec6485c06
6,0,0,0.0,0,3,3,0,0,ok,858ba695b6085a47
0,0,0,,0,2,0,0,0,ok,c3f89099dc255cc1
3,3,3,0.6666666666666666,2,7,3,2,1,ok,4a99004c29695170
10,7,7,0.0,0,19,6,6,0,ok,9f49f32ff7b75770
11,0,0,0.0,0,0,2,0,0,ok,27232e2248585f96
0,3,3,,0,9,0,3,0,ok,2eaaa0c583285ec5
12,0,0,0.0,0,2,8,0,0,ok,7b3902956ebc561d
0,2,0,,0,5,1,0,0,ok,8142f060944c56fd
16,1,1,0.0,0,8,4,1,0,ok,ef13cd3d174f5fc3
9,6,6,0.0,0,26,4,6,0,ok,a50ff242c98150c7
15,1,3,0.2,3,0,5,0,2,ok,8e08480548325f5b
16,2,4,0.25,4,5,12,1,2,ok,aba4ba7c492b5347
16,0,1,0.0625,1,0,7,0,1,ok,c42eeb2d5db652ea
12,1,2,0.16666666666666666,2,0,6,0,1,ok,bbe0cb4f6ad15cd7
3,2,2,0.0,0,6,5,2,0,ok,f105c86480c651c2
4,0,0,0.0,0,0,2,0,0,ok,398e1439eaec518f
7,0,0,0.14285714285714285,1,0,1,0,0,ok,afcfe4a8a5fd5599
5,0,0,0.0,0,2,2,0,0,ok,0ff438d289d4558d
16,1,3,0.125,2,4,8,1,2,ok,03deb612640856d8
2,1,1,0.0,0,11,1,1,0,ok,cda43a1a2f4b5ea0
13,0,1,0.07692307692307693,1,0,6,0,1,ok,5a7309af5d5759a8
11,0,0,0.0,0,0,0,0,0,ok,8aee27e28e5f5759
10,0,0,0.1,1,0,5,0,0,ok,057ceb19886e5a8b
14,0,1,0.07142857142857142,1,0,3,0,1,ok,e506db70ec8053ab
0,0,0,,0,0,0,0,0,ok,47db28ba0b485359
0,0,0,,0,0,1,0,0,ok,bd8467eb28605f18
12,0,0,0.16666666666666666,2,0,3,0,0,ok,b742f08dca575b26
12,0,0,0.0,0,0,2,0,0,ok,3143ff763c6f5c43
12,0,1,0.08333333333333333,1,1,3,0,1,ok,d0be87975d605e76
11,6,6,0.0,0,12,9,6,0,ok,968834c3d606564a
4,4,5,0.25,1,15,8,4,1,ok,8a6794bfb7505fb6
13,0,1,0.15384615384615385,2,0,2,0,1,ok,7305ab2134e15ba3
16,3,3,0.0625,1,14,8,3,0,ok,480434fc72d455af
16,0,0,0.0,0,0,1,0,0,ok,52ddd9392c8955a7
16,0,0,0.0,0,0,5,0,0,ok,2f9f53f92e785418
4,1,1,0.5,2,10,1,1,0,ok,d367fb050bf35deb
16,1,1,0.0,0,0,4,0,0,ok,a11285de52f553a7
16,0,1,0.0625,1,1,4,0,1,ok,c7e38269ff645990
13,5,5,0.0,0,10,2,5,0,ok,40b55a0bfc0551fb
9,0,2,0.2222222222222222,2,0,4,0,2,ok,967630bfab0751ce
13,2,2,0.07692307692307693,1,6,11,1,1,ok,f952b4347f8151e3
0,1,0,,0,22,11,0,0,ok,edbc5e8d66a055f6
0,0,0,,0,0,0,0,0,ok,6b723082ce075e21
7,0,0,0.0,0,5,0,0,0,ok,fced9f5732fe5052
5,0,1,0.2,1,0,2,0,1,ok,0223f39f71bf5732
16,11,13,0.125,2,30,13,11,2,ok,4fd4f6dc78f35c24
9,0,0,0.0,0,0,0,0,0,ok,203c4e0c27da5a81
16,0,0,0.0,0,1,4,0,0,ok,cfb8bd5679b259f6
0,0,0,,0,0,0,0,0,ok,e514c60204f9553e
16,1,3,0.125,2,1,7,1,2,ok,fc833085b77a546c
12,0,1,0.08333333333333333,1,0,3,0,1,ok,1f9d8bc5ed675344
16,0,1,0.0625,1,0,4,0,1,ok,4b1e3d14008e5275
9,20,21,0.1111111111111111,1,31,2,20,1,ok,08595e54c0805ee1
14,0,0,0.0,0,1,2,0,0,ok,e78f3d348471549d
2,0,0,0.0,0,3,1,0,0,ok,910d61c148c054d7
0,0,0,,0,0,0,0,0,ok,f877ce8585195348
8,0,1,0.125,1,0,3,0,1,ok,f71b4f18c81c5990
16,0,0,0.0,0,0,17,0,0,ok,a8873e8828435f9c
13,2,3,0.07692307692307693,1,9,13,2,1,ok,7912675ab76655ad
16,0,1,0.0625,1,0,4,0,1,ok,9a1d7f2c189953c4
0,0,0,,0,0,0,0,0,ok,2f4d69ecd7cb5c68
12,0,3,0.25,3,0,10,0,3,ok,4883c3a904c352e3
0,0,0,,0,0,1,0,0,ok,0ef790d3d15b5e07
5,4,4,0.0,0,8,1,4,0,ok,1ddc2afe43d75f9c
16,13,14,0.1875,3,27,14,12,2,ok,cfc7fdefa5ff5892
2,0,0,0.0,0,1,0,0,0,ok,d84dbd22ad455f66
16,0,0,0.0,0,0,10,0,0,ok,c75edb67a65b5a33
4,1,1,0.0,0,6,0,1,0,ok,30f7e25ee4d55572
16,0,1,0.0625,1,0,6,0,1,ok,dbb884bfcd4b56a5
10,2,2,0.0,0,32,1,2,0,ok,130467b1439456c3
11,0,0,0.0,0,0,5,0,0,ok,53da5017b4505a12
14,0,1,0.21428571428571427,3,0,4,0,1,ok,dd2c9dd74b4e585a
7,0,0,0.0,0,0,1,0,0,ok,b4e9d94adf4b5176
13,3,5,0.23076923076923078,3,11,7,3,2,ok,a70d1556b37254d0
6,0,0,0.0,0,0,5,0,0,ok,6390d121210253f2
1,1,1,0.0,0,10,4,1,0,ok,7fc041f1a7d855ab
2,0,0,0.0,0,6,3,0,0,ok,1ba80125a66c55f4
14,0,1,0.07142857142857142,1,6,4,0,1,ok,36cfde9fc0895d58
16,0,0,0.0,0,3,13,0,0,ok,d00806a41cc25adc
3,0,0,0.0,0,4,1,0,0,ok,872ed42efe0458de
13,0,1,0.15384615384615385,2,0,2,0,1,ok,81916558888653af
10,0,0,0.0,0,0,1,0,0,ok,d03eb194a54258aa
9,0,0,0.0,0,0,0,0,0,ok,6203635aadb053a3
10,4,5,0.3,3,4,2,4,1,ok,aaca4c67d64f5dc4
12,1,1,0.08333333333333333,1,4,3,0,1,ok,5de245821db8516a
13,0,2,0.15384615384615385,2,0,5,0,2,ok,31137890de825bc7
16,0,0,0.0,0,3,2,0,0,ok,8d35d21132b75422
8,1,3,0.25,2,15,5,1,2,ok,ffae580e89d75386
7,0,1,0.2857142857142857,2,0,3,0,1,ok,d40d06ce317d5053
16,3,5,0.0625,1,5,18,1,2,ok,d9791339415d50fb
12,0,1,0.08333333333333333,1,2,5,0,1,ok,a5c2b7f2ff9c575d
10,1,1,0.2,2,2,1,1,0,ok,f016e4fb158c5011
3,0,0,0.0,0,0,1,0,0,ok,ced3689b19065831
0,0,0,,0,0,0,0,0,ok,5a0f8eee2830560c
16,2,4,0.375,6,7,8,1,3,ok,febb7f826d735b79
0,0,0,,0,0,0,0,0,ok,957ce4216f1d5d5c
16,1,1,0.0,0,4,2,1,0,ok,2e3ccd47ec0f5455
13,0,1,0.3076923076923077,4,0,3,0,1,ok,6227224b618e5392
0,0,0,,0,0,0,0,0,ok,dcc87b4b51ab5aeb
4,1,1,0.0,0,13,3,1,0,ok,b30f3d47d53456ed
5,1,1,0.0,0,6,2,1,0,ok,524dbe69783d5e3f
7,3,4,0.2857142857142857,2,2,4,2,2,ok,b8db3b77178f5956
15,0,0,0.0,0,0,5,0,0,ok,71a88714dd49513b
12,0,0,0.0,0,0,3,0,0,ok,c19b68e7eab657f0
3,0,0,0.0,0,0,4,0,0,ok,cadcc79129635973
16,0,0,0.0,0,0,7,0,0,ok,94cb84a544795571
4,0,0,0.25,1,1,3,0,0,ok,32350aecd62c5741
0,0,0,,0,1,0,0,0,ok,6e34f218c29659d9
16,0,2,0.125,2,0,4,0,2,ok,ff511b67c8ad5da7
11,0,1,0.18181818181818182,2,0,3,0,1,ok,4a68458d46ba5ba7
16,0,0,0.0,0,0,2,0,0,ok,7caf462c1e8b512f
11,17,19,0.2727272727272727,3,27,5,17,2,ok,25cec865a3b25d62
3,0,0,0.0,0,0,0,0,0,ok,f7592bb862b055fb
16,3,5,0.125,2,1,22,0,2,ok,5b1fbb0074935436
11,0,0,0.0,0,1,4,0,0,ok,7905932e13f65907
16,0,0,0.0625,1,1,7,0,0,ok,3ad8dd2aae135f62
16,0,1,0.0625,1,0,4,0,1,ok,e22c42717cd35ba2
15,0,1,0.13333333333333333,2,0,3,0,1,ok,e53de567073659c1
16,0,1,0.0625,1,0,5,0,1,ok,a2b0c954ef075cf3
13,0,2,0.15384615384615385,2,1,7,0,2,ok,6cd2ad3f32a1550d
14,8,7,0.2857142857142857,4,15,5,6,1,ok,a8c8b89d12a55765
8,2,1,0.0,0,2,1,1,0,ok,1f3651cf833d5374
15,0,2,0.13333333333333333,2,0,4,0,2,ok,4c2c91926f0d5a13
13,1,2,0.07692307692307693,1,0,6,0,1,ok,7cd8b56a3cdd5fee
16,0,0,0.0,0,0,1,0,0,ok,b5a37157f69554b6
16,2,2,0.125,2,23,2,1,1,ok,1e4cef7cba9c5e64
3,0,1,0.3333333333333333,1,0,2,0,1,ok,3d246b14692b5c9d
16,0,2,0.125,2,6,10,0,2,ok,7233a750ccdb562d
14,12,12,0.07142857142857142,1,16,3,11,1,ok,536f06a56b005ca6
16,0,0,0.0,0,1,1,0,0,ok,59a211c810c95b26
15,1,4,0.2,3,0,7,0,3,ok,c435263ce2e15ac6
0,0,0,,0,5,1,0,0,ok,dd7f1df5781f55e1
15,0,0,0.0,0,4,2,0,0,ok,0422dac2df5f5e1c
16,0,1,0.0625,1,0,6,0,1,ok,e45d4e1245835372
16,0,1,0.0625,1,2,12,0,1,ok,7caac78457885004
0,1,1,,0,9,11,1,0,ok,6453a05fb4375790
1,0,0,0.0,0,0,2,0,0,ok,fc90fd5b50ae59fe
11,6,6,0.0,0,10,2,6,0,ok,0c4ef759c84659b9
4,0,0,0.0,0,0,0,0,0,ok,b2b2b6d796cf5d54
0,0,0,,0,0,0,0,0,ok,80282ce6a7b056dd
16,0,0,0.0,0,0,6,0,0,ok,e6382c4a66a35dff
2,0,0,0.0,0,0,1,0,0,ok,ba8af1eac6a95521
4,0,1,0.25,1,0,3,0,1,ok,1f81cb01131258fe
11,0,0,0.0,0,0,2,0,0,ok,8077881045795f7b
1,0,0,0.0,0,1,2,0,0,ok,7c6b7653055b5725
7,0,0,0.0,0,0,1,0,0,ok,39824472df55531a
0,0,0,,0,0,0,0,0,ok,002796a04cc45470
5,0,0,0.2,1,1,3,0,0,ok,c0579b6713eb59ed
2,1,1,0.0,0,7,1,1,0,ok,86ee52597e275227
11,0,0,0.0,0,5,0,0,0,ok,f871885d33ef5863
1,0,0,0.0,0,0,0,0,0,ok,4f296098a0bc5318
10,3,3,0.1,1,10,10,3,0,ok,ae571f687f065d26
16,4,3,0.25,4,9,1,3,0,ok,9bfd9716d8595d75
15,4,4,0.26666666666666666,4,10,2,4,0,ok,a27874c1c29b5d47
10,0,0,0.0,0,2,1,0,0,ok,83a0a7db0ff656ff
5,4,5,0.2,1,9,2,4,1,ok,a317f025635f5810
16,2,2,0.0,0,4,4,1,0,ok,ad237f70b017572c
15,0,0,0.0,0,0,5,0,0,ok,d385992eb0245030
16,1,2,0.0625,1,1,22,0,1,ok,66f6bc38b2fe5ab4
3,3,3,0.0,0,10,2,3,0,ok,b9a099f202265543
5,1,1,0.2,1,2,5,0,1,ok,5c7be26afedf54fe
16,2,3,0.0625,1,3,4,1,1,ok,0fef6b71226d5603
0,0,0,,0,0,1,0,0,ok,dc3102b474245344
9,2,1,0.0,0,6,6,1,0,ok,1de9730b642c57a1
0,0,0,,0,0,0,0,0,ok,a83e983fb7365f31
16,0,1,0.1875,3,0,4,0,1,ok,c2adbb9ed9a75a5b
0,0,0,,0,0,3,0,0,ok,4414122a0fa15f9e
16,0,0,0.0,0,0,8,0,0,ok,46b00175edfd54a1
5,0,1,0.2,1,0,3,0,1,ok,3d81261210035aff
13,0,0,0.23076923076923078,3,0,3,0,0,ok,1c5d0c9821965b50
0,0,0,,0,0,0,0,0,ok,ac5b4b33a03c57fe
0,0,0,,0,0,0,0,0,ok,7c8d8d312c205a3a
12,0,0,0.0,0,3,7,0,0,ok,f6456a625fbe5f50
16,1,2,0.0625,1,0,11,0,1,ok,c9639ca4697a5cda
6,0,0,0.0,0,0,1,0,0,ok,e147f7b80a15518e
4,0,1,0.25,1,2,2,0,1,ok,172823ca4ea3514f
16,0,0,0.0,0,1,1,0,0,ok,53c5ec49cb405e8e
0,0,0,,0,0,0,0,0,ok,5d57954e734958cd
11,0,1,0.09090909090909091,1,0,2,0,1,ok,06d18e17faf9542f
12,0,1,0.08333333333333333,1,0,2,0,1,ok,67b356903bc8564c
10,3,3,0.1,1,35,5,3,0,ok,a3662b3100e55692
16,1,1,0.0,0,2,14,0,0,ok,c1581e140d6f5b6d
16,0,3,0.4375,7,3,10,0,3,ok,38ec4df0682d5379
10,0,0,0.1,1,0,5,0,0,ok,bed4b4d094d15a97
12,0,1,0.25,3,0,4,0,1,ok,e1f6367fb4c8547a
14,0,2,0.21428571428571427,3,0,7,0,2,ok,8f1c9f53219f581d
2,0,0,0.0,0,0,1,0,0,ok,04becabf1cb052aa
0,0,0,,0,0,1,0,0,ok,301dc96e0a465b94
0,0,0,,0,0,0,0,0,ok,e380d8a6ffe85484
11,0,0,0.0,0,3,0,0,0,ok,f13d0a41aa7b5093
16,1,2,0.0625,1,3,3,0,1,ok,443e20bc68b8551a
12,0,0,0.25,3,0,3,0,0,ok,8d7f0e3b938359fa
0,0,0,,0,0,3,0,0,ok,7e46fa78569051f9
5,0,0,0.0,0,0,3,0,0,ok,2c5423cb74925278
8,1,1,0.125,1,0,3,0,1,ok,3a2ba9c3360950d6
2,0,0,0.5,1,0,0,0,0,ok,838c8bb23eaa5ca5
0,0,0,,0,0,1,0,0,ok,abb9cf9c84cb5527
12,0,0,0.0,0,0,2,0,0,ok,f30dbd827ef35166
8,0,0,0.125,1,0,1,0,0,ok,02c2f7e9b6665f46
15,0,0,0.0,0,2,5,0,0,ok,b6f352312eff528b
16,1,2,0.0625,1,0,12,0,1,ok,6b2b2e6cfd105a72
9,1,1,0.0,0,2,2,1,0,ok,cd7025b34ffa52f5
5,2,1,0.2,1,0,6,0,1,ok,49215fd7909a5039
10,0,0,0.0,0,2,1,0,0,ok,4be98962224c5e14
16,2,3,0.0625,1,7,11,0,1,ok,e1bb5444df115dc3
0,1,1,,0,6,0,1,0,ok,d36c794c81b454d8
4,0,0,0.0,0,2,2,0,0,ok,1bbe5887c45c5723
4,0,0,0.0,0,0,1,0,0,ok,36dd8dec62e85b9d
12,0,0,0.0,0,1,3,0,0,ok,298199a6daea53ca
7,2,3,0.14285714285714285,1,8,2,1,1,ok,3375f81667365ef1
1,0,0,0.0,0,0,3,0,0,ok,cc5968f8dde550c9
16,0,1,0.0625,1,4,6,0,1,ok,ee5f04c2301e5475
16,0,2,0.125,2,0,16,0,2,ok,45bc7052f15256f7
0,0,0,,0,0,0,0,0,ok,1c7215afa4e557c0
15,0,0,0.06666666666666667,1,0,1,0,0,ok,a7b9e0967da65e05
14,0,0,0.07142857142857142,1,0,2,0,0,ok,6b93c5632726547a
16,0,2,0.125,2,3,8,0,2,ok,f46d24cfb2e55573
0,0,0,,0,0,0,0,0,ok,7809ef27fabf5ba3
16,5,6,0.1875,3,12,1,5,1,ok,a47a84c2cb66548d
2,0,0,0.0,0,3,1,0,0,ok,733c9b6c926655ea
8,1,2,0.125,1,4,6,1,1,ok,42f01456deb75756
4,1,1,0.0,0,6,3,1,0,ok,8d3d509183b25ef5
0,0,0,,0,0,0,0,0,ok,c295d430dcff55c0
0,0,0,,0,0,0,0,0,ok,fd23b08914635213
0,0,0,,0,0,1,0,0,ok,9fd768578b1f5e03
10,0,0,0.0,0,0,3,0,0,ok,14db724e7e4e5d0b
0,0,0,,0,0,0,0,0,ok,c7820c8fd15b56bd
0,0,0,,0,2,1,0,0,ok,5cdbc32808865335
16,1,2,0.125,2,0,12,0,1,ok,e2681746065a5177
16,4,5,0.0625,1,18,3,4,1,ok,ea18f9e80345569d
14,1,1,0.0,0,4,4,1,0,ok,b458ec6d1bd0586e
16,0,2,0.125,2,0,2,0,2,ok,f5f5bac7b59057ea
0,0,0,,0,0,1,0,0,ok,9ee33a772c64536e
12,2,5,0.3333333333333333,4,4,5,2,3,ok,37c842b0c8175b2d
5,0,0,0.0,0,0,1,0,0,ok,647955b7df395169
13,1,1,0.07692307692307693,1,3,4,1,0,ok,30b1897af7a2560e
11,4,4,0.0,0,10,4,4,0,ok,6d562b0e0f145763
5,1,0,0.0,0,0,3,0,0,ok,a391e02627465c00
9,4,4,0.0,0,8,1,4,0,ok,09b27ed677655a61
2,0,0,0.0,0,0,6,0,0,ok,3209aaa0c32a585a
16,0,1,0.125,2,0,3,0,1,ok,e0316d91bc1d506e
16,0,1,0.0625,1,15,8,0,1,ok,cb58302f206953f2
5,0,1,0.2,1,2,3,0,1,ok,de7963cd6e095422
16,0,1,0.0625,1,0,2,0,1,ok,640ebeb730a65f6a
11,0,1,0.2727272727272727,3,0,1,0,1,ok,3465eb43ee67589c
16,0,0,0.0,0,4,6,0,0,ok,be051ed0b6b25c6f
13,0,2,0.23076923076923078,3,0,3,0,2,ok,f87a2db3f3f4564b
15,0,2,0.13333333333333333,2,0,6,0,2,ok,9430278b77c05446
6,0,1,0.16666666666666666,1,3,5,0,1,ok,f859fc0c22d256ca
13,0,0,0.0,0,0,2,0,0,ok,cb177baa251c5df5
8,0,1,0.125,1,0,8,0,1,ok,fc749e81cfb35a4c
3,0,0,0.0,0,0,1,0,0,ok,ac3e9bd6d66359f8
16,0,1,0.125,2,0,8,0,1,ok,3f617dec74095acd
3,0,0,0.0,0,0,1,0,0,ok,38e32dee26d95fe6
7,1,1,0.0,0,3,1,1,0,ok,732ef78272cb5ab2
0,0,0,,0,0,0,0,0,ok,68ed2fc3cb835870
16,0,0,0.0,0,1,9,0,0,ok,9772ffead4925d98
12,0,0,0.0,0,0,13,0,0,ok,ebf8c8dae1025a6a
16,0,0,0.0625,1,9,8,0,0,ok,0ba490aba6095478
2,4,4,0.0,0,11,3,4,0,ok,47094afc3bad541b
0,0,0,,0,0,0,0,0,ok,4887081ba8805534
0,0,0,,0,5,0,0,0,ok,3913aac6d4e15925
0,0,0,,0,0,0,0,0,ok,330eef31e33554c6
9,0,0,0.1111111111111111,1,1,4,0,0,ok,9c7dc703254451ea
10,7,9,0.2,2,26,6,7,2,ok,6d31f85707d75ee9
0,0,0,,0,0,0,0,0,ok,22d25760e5d8592b
3,0,1,0.3333333333333333,1,0,4,0,1,ok,952be3a058e0587e
0,0,0,,0,2,2,0,0,ok,9289ddd2d12e51d4
16,0,0,0.0625,1,4,2,0,0,ok,93624b5ac9c3586b
0,0,0,,0,1,1,0,0,ok,b31cbf1dafc251a1
9,2,1,0.0,0,8,2,1,0,ok,27e35c7edc4559fe
12,0,0,0.0,0,12,7,0,0,ok,2dab7bda34c05322
16,1,1,0.0,0,3,5,0,0,ok,f5f1200c0ca75621
14,2,3,0.07142857142857142,1,9,4,2,1,ok,e9b517114fea53f3
10,16,18,0.3,3,28,5,16,2,ok,6d603a91bc765335
0,0,0,,0,0,0,0,0,ok,c22fb3f21ef65b28
15,0,2,0.2,3,8,10,0,2,ok,376907f0b31e503f
8,3,3,0.125,1,9,3,3,0,ok,1420563095ee577f
0,0,0,,0,1,4,0,0,ok,d438999efe4750bc
6,2,2,0.16666666666666666,1,4,1,2,0,ok,4cbd7f4929a75f25
0,0,0,,0,0,0,0,0,ok,2d377a64d0bf5b47
16,0,0,0.0,0,0,6,0,0,ok,b47e428b5abc5ce8
1,0,0,0.0,0,0,2,0,0,ok,ab0678f0341e5043
0,0,0,,0,2,1,0,0,ok,b68ccdab0d9155f5
8,0,1,0.125,1,0,2,0,1,ok,ce4ed6b4b1e756dd
10,0,0,0.0,0,0,2,0,0,ok,ffc7557daf3e5595
9,0,0,0.0,0,1,2,0,0,ok,d104ea5a755f5af7
11,0,0,0.0,0,2,3,0,0,ok,83c5802c7c0158a1
14,0,0,0.14285714285714285,2,0,1,0,0,ok,c9d8511d674d598f
12,0,0,0.08333333333333333,1,0,1,0,0,ok,ea4a8d9f99c85f81
10,0,0,0.0,0,1,2,0,0,ok,e9756d68f6c25ee5
16,0,1,0.0625,1,1,6,0,1,ok,d555fd7c08b65e08
6,0,0,0.0,0,0,1,0,0,ok,f4da001d1d5d5392
7,0,0,0.0,0,5,1,0,0,ok,122a77151000547c
0,0,0,,0,0,0,0,0,ok,5297cb4807f65635
0,0,0,,0,0,0,0,0,ok,f1401583866154ee
16,3,4,0.1875,3,15,9,3,1,ok,cabab38c239956c1
7,0,0,0.0,0,1,6,0,0,ok,25e846b68c8a5508
1,0,0,0.0,0,0,1,0,0,ok,ca326dab8dcc5d61
16,1,1,0.0,0,7,3,1,0,ok,5c4f63e5db135ef7
10,1,2,0.1,1,6,4,1,1,ok,66828bb44dd75117
5,0,0,0.0,0,0,3,0,0,ok,f84cf80490b15422
16,0,2,0.125,2,2,8,0,2,ok,0a64e314975c5427
13,0,0,0.0,0,0,7,0,0,ok,f125985317935a17
16,0,0,0.0,0,4,3,0,0,ok,a429f40e0f645180
0,0,0,,0,0,0,0,0,ok,25cccd7d2c085881
3,0,0,0.0,0,0,1,0,0,ok,fd491a99cea35796
0,0,0,,0,0,0,0,0,ok,65ebe52df90d5e55
0,0,0,,0,0,1,0,0,ok,bac2e05fee975b3c
4,0,0,0.0,0,0,2,0,0,ok,54f1b3d2b8b9585c
0,0,0,,0,0,0,0,0,ok,2c44f62306bf5894
16,0,3,0.1875,3,0,6,0,3,ok,593aea7c4c5c5b8e
9,0,0,0.0,0,0,1,0,0,ok,0f6ec8cb57b15d94
16,0,1,0.3125,5,1,6,0,1,ok,386fd66423a55677
6,2,3,0.16666666666666666,1,5,2,2,1,ok,317163bab80d5061
7,1,1,0.0,0,8,1,1,0,ok,8da8bc6b760c5186
16,1,0,0.25,4,1,2,0,0,ok,642cea7a50a85e89
10,0,1,0.1,1,0,3,0,1,ok,87b3ed4c0a0053e1
16,0,0,0.0,0,3,4,0,0,ok,50826a80ab91598f
14,1,1,0.0,0,0,4,0,0,ok,01c8a1a2709259e0
11,0,1,0.09090909090909091,1,1,4,0,1,ok,08835cadfe13528e
8,0,0,0.0,0,0,4,0,0,ok,431a6886679556f3
0,0,0,,0,0,1,0,0,ok,9b5a1fd3885e5867
0,0,0,,0,0,0,0,0,ok,741a61aba4c6530f
4,0,0,0.25,1,1,2,0,0,ok,3a8fe3472a5d502b
11,2,2,0.0,0,10,7,2,0,ok,5d4bbd3340aa531b
5,0,0,0.0,0,2,3,0,0,ok,31e77d668e805b06
16,3,3,0.0625,1,6,4,2,1,ok,84e67064548e5e30
9,1,1,0.0,0,2,1,1,0,ok,1693cdde02bc5243
0,0,0,,0,4,0,0,0,ok,4ba93d63096b5610
0,0,0,,0,0,3,0,0,ok,bdb1d50da7de576d
16,1,2,0.125,2,0,7,0,1,ok,60944e0093245b86
1,0,0,0.0,0,1,1,0,0,ok,1c58aaea016c5b2f
11,0,0,0.18181818181818182,2,0,3,0,0,ok,0c6181f4e780508a
6,1,0,0.0,0,3,1,0,0,ok,c2bc435a3d5454f4
16,0,1,0.0625,1,1,3,0,1,ok,48a8a32f684551c2
16,0,1,0.125,2,0,5,0,1,ok,1c6e4be50e4e55f4
16,5,8,0.1875,3,20,11,5,3,ok,6e640e51f7be5b54
0,0,0,,0,0,1,0,0,ok,3d2975a3a7b15ab8
0,0,0,,0,0,0,0,0,ok,3917cda4ebf7594c
16,1,6,0.25,4,4,22,0,5,ok,50831cac60855ac1
13,0,0,0.07692307692307693,1,1,1,0,0,ok,bc0c6db616cf573d
5,0,1,0.2,1,7,3,0,1,ok,e15bd68327325a2c
10,0,2,0.3,3,2,6,0,2,ok,01f3929234c05669
0,0,0,,0,0,0,0,0,ok,0111086309535436
3,1,2,0.3333333333333333,1,1,2,1,1,ok,80c4be62ccd35142
16,0,0,0.0,0,6,4,0,0,ok,b50641be86095c28
16,0,1,0.0625,1,2,5,0,1,ok,5c76864d07b955da
4,1,1,0.0,0,4,1,1,0,ok,c868d216222f59a4
9,7,5,0.1111111111111111,1,6,4,4,1,ok,522d9ac535465d75
9,0,1,0.1111111111111111,1,2,6,0,1,ok,4e238c9dac4c5d3d
4,4,4,0.0,0,18,1,4,0,ok,9d087d1964b85e75
12,7,6,0.08333333333333333,1,12,13,5,1,ok,c753e07936e25212
5,6,6,0.0,0,19,7,6,0,ok,57993904b0475dc7
0,0,0,,0,0,0,0,0,ok,dc3f39bbe4975fb4
16,0,1,0.25,4,7,3,0,1,ok,bcad171cd0535b86
14,0,3,0.21428571428571427,3,1,16,0,3,ok,025c9ade3c0b53fb
16,0,0,0.0,0,2,18,0,0,ok,6d116cbe6e9858ca
16,0,0,0.0,0,0,2,0,0,ok,ebfffc657db45f68
10,0,0,0.0,0,0,0,0,0,ok,57e04e068ebe59ee
1,3,3,0.0,0,10,1,3,0,ok,183de983ffa45360
3,0,0,0.0,0,1,1,0,0,ok,b00b76740d4c56b2
1,0,0,0.0,0,0,0,0,0,ok,b7a5514cdc2459b2
14,0,0,0.0,0,0,8,0,0,ok,b050157647755c6b
14,0,0,0.0,0,0,4,0,0,ok,0b17edf056ac57ff
16,0,0,0.0,0,1,3,0,0,ok,4a55e1c3238d5cdd
8,0,0,0.0,0,4,2,0,0,ok,4a24c2796e685eaf
0,0,0,,0,0,1,0,0,ok,69f580e2277c5d9d
16,0,1,0.0625,1,0,3,0,1,ok,7ca4df5ac4b055cd
16,6,11,0.3125,5,6,27,1,5,ok,8e9740ff644e5c11
16,0,2,0.1875,3,0,3,0,2,ok,0f2becd324cb597f
16,0,0,0.0,0,0,7,0,0,ok,d442e238a1385f33
0,0,0,,0,0,1,0,0,ok,1c5fe1178c895c71
16,0,1,0.0625,1,0,2,0,1,ok,b470c5fedb6253ab
5,1,1,0.0,0,3,2,1,0,ok,de301c280f3a5241
3,2,2,0.0,0,11,3,2,0,ok,5753a16974f05f31
8,0,1,0.25,2,0,1,0,1,ok,195fa02c041952fc
13,0,0,0.0,0,0,9,0,0,ok,14161160bf91572a
8,1,1,0.0,0,4,3,1,0,ok,659774d6f0685fb2
5,0,0,0.0,0,0,4,0,0,ok,04533aedc5a05d79
12,3,4,0.08333333333333333,1,12,5,3,1,ok,dc3bf91492f551f4
14,0,0,0.0,0,0,7,0,0,ok,f54c927aff095ce1
10,3,4,0.1,1,24,5,3,1,ok,c6ae3c8906095886
8,0,0,0.0,0,2,3,0,0,ok,cbf88a72706a506d
1,1,1,0.0,0,7,3,1,0,ok,526f840fc8ee5460
0,0,0,,0,0,0,0,0,ok,c1722a36431a539c
16,0,0,0.0625,1,1,5,0,0,ok,3c6c214927de52b2
16,3,3,0.0,0,6,10,1,0,ok,e670139b2c8e5d93
0,0,0,,0,0,0,0,0,ok,d99504d256aa57e8
7,6,5,0.14285714285714285,1,6,2,5,0,ok,29af16ce1c435102
16,0,0,0.0,0,1,4,0,0,ok,092d3af92f0451a6
16,1,3,0.375,6,8,9,1,2,ok,4b30fba1e77357e6
6,0,0,0.0,0,2,2,0,0,ok,d83fa5b9f62a518c
0,0,0,,0,1,0,0,0,ok,31e40dffd2885ca5
14,1,3,0.14285714285714285,2,5,5,1,2,ok,ac55f8a48f2f52d0
0,0,0,,0,0,0,0,0,ok,582fef6596ce5312
0,2,2,,0,13,0,2,0,ok,6ec4999094685f07
0,0,0,,0,2,0,0,0,ok,72feda02f9eb5602
16,0,0,0.0,0,1,3,0,0,ok,b6c765747e675b60
16,0,1,0.125,2,2,6,0,1,ok,1293702b9c87518b
0,0,0,,0,0,1,0,0,ok,a87bc2a5ed07552b
13,0,1,0.07692307692307693,1,3,3,0,1,ok,59b2ec3c92005800
7,0,0,0.0,0,0,1,0,0,ok,7fe88b3bf7f351f1
16,0,1,0.125,2,1,3,0,1,ok,ca92351e232654f4
0,0,0,,0,0,0,0,0,ok,89f00582874d5f52
16,1,3,0.125,2,0,9,0,2,ok,ab74bd030d2153f3
16,3,4,0.125,2,11,4,3,1,ok,be89c2fbd5515ca3
13,1,2,0.07692307692307693,1,10,7,1,1,ok,0c16643dc32c50ac
0,0,0,,0,0,2,0,0,ok,87b4e9f345105796
0,2,2,,0,2,0,2,0,ok,6daa0aefbbc75735
0,0,0,,0,0,0,0,0,ok,2c4fd3582942510c
16,0,2,0.125,2,0,8,0,2,ok,87565dac9a525957
16,0,0,0.0,0,0,15,0,0,ok,c00e7aaf38465e44
7,0,0,0.0,0,0,2,0,0,ok,83bb2e00de6956e6
16,0,1,0.0625,1,0,8,0,1,ok,a1968510b1645fd7
14,0,0,0.07142857142857142,1,0,1,0,0,ok,42c77f5d21525410
16,1,2,0.0625,1,1,3,1,1,ok,22ecac2eaaf356af
10,0,1,0.1,1,0,3,0,1,ok,563693b0bcca5c76
7,0,1,0.14285714285714285,1,0,2,0,1,ok,158deb3b34c25339
6,2,1,0.0,0,2,1,1,0,ok,f4791618ab875183
11,3,3,0.0,0,8,2,3,0,ok,ec0dd0c0f6b152f8
0,0,0,,0,0,0,0,0,ok,9837f51c5ed753e1
16,0,0,0.0,0,0,3,0,0,ok,6cd58a85b3825263
6,5,5,0.0,0,15,2,5,0,ok,751cc9c8a4de520b
3,1,1,0.0,0,8,3,1,0,ok,d9408e39dff35d6b
12,10,6,0.08333333333333333,1,10,2,6,0,ok,2125b5341b66509a
2,3,3,0.0,0,10,3,3,0,ok,cfdceee163ef5f57
5,2,2,0.0,0,4,1,2,0,ok,c1fe3aa66ec55b17
11,0,0,0.0,0,0,1,0,0,ok,4b3b3b3ed01755a2
8,2,3,0.125,1,5,4,2,1,ok,aba25bc110975425
16,0,1,0.0625,1,0,5,0,1,ok,11a5328c8b4158b9
13,0,0,0.0,0,1,2,0,0,ok,3ed0712647875d2d
5,1,2,0.2,1,8,4,1,1,ok,d4cf63b62f725d17
6,0,0,0.0,0,1,2,0,0,ok,9e350ff3e5c25d4e
16,0,0,0.0,0,3,4,0,0,ok,1f8f57e6c668530f
0,0,0,,0,0,1,0,0,ok,3b71ebfde23456e1
10,0,0,0.0,0,0,2,0,0,ok,db2ed70a16dc5d5e
2,2,2,0.0,0,10,0,2,0,ok,363a6c6a1b4253aa
4,0,1,0.75,3,0,1,0,1,ok,0be68566eccb5692
16,0,2,0.25,4,1,6,0,2,ok,851bec21ea055bd7
16,0,0,0.0,0,5,7,0,0,ok,630bcbce49b25f2a
5,1,1,0.0,0,5,0,1,0,ok,be41cfe468a550f9
16,0,1,0.0625,1,1,3,0,1,ok,2172d03c32355f1c
7,0,0,0.14285714285714285,1,0,3,0,0,ok,404497f98a095388
4,0,0,0.0,0,7,1,0,0,ok,23698fd061bd502e
13,0,3,0.23076923076923078,3,6,18,0,3,ok,1d8a684648e659c6
2,0,0,0.0,0,3,0,0,0,ok,79bc3da5d12258fe
16,0,3,0.1875,3,4,10,0,3,ok,24d4c5721ec25988
13,0,1,0.07692307692307693,1,0,5,0,1,ok,4a90772ee12e5fa0
10,0,0,0.1,1,0,2,0,0,ok,e95835ff7c735a84
16,0,0,0.0,0,1,2,0,0,ok,f155ad28a66a5ac8
3,0,0,0.0,0,0,0,0,0,ok,8ff82260cfc657e3
7,0,0,0.0,0,3,1,0,0,ok,43fbd3a350a65fb7
9,0,0,0.1111111111111111,1,0,2,0,0,ok,f56d2c02f4c95ab2
16,0,3,0.1875,3,0,4,0,3,ok,9830eea544f25c2e
0,0,0,,0,0,4,0,0,ok,097fba1a17305745
9,1,1,0.0,0,13,2,1,0,ok,d5f37fbc38855470
7,6,6,0.0,0,20,9,6,0,ok,66e1b550ba4c5e86
7,0,0,0.0,0,1,2,0,0,ok,e8de73ec105154bd
0,0,0,,0,0,2,0,0,ok,bddcb7732b6453a5
3,1,0,0.0,0,1,1,0,0,ok,a0fb759537085455
15,0,0,0.0,0,0,4,0,0,ok,1d711068158553fc
0,1,0,,0,7,3,0,0,ok,50a08c5818535622
5,0,0,0.2,1,2,4,0,0,ok,12cea5a597b65fce
16,0,3,0.25,4,5,12,0,3,ok,e7c47c3607d35195
6,2,2,0.16666666666666666,1,9,2,1,1,ok,02e8a483947b5f21
16,0,0,0.0625,1,0,8,0,0,ok,febac6a6bc87551f
16,1,3,0.125,2,19,21,1,2,ok,4e5f1bf776c25aee
10,1,2,0.1,1,19,5,1,1,ok,7806b030f6a65910
0,0,0,,0,0,1,0,0,ok,0c05ab98381a509f
5,0,0,0.0,0,0,2,0,0,ok,36c4507970805f49
4,1,1,0.0,0,21,9,1,0,ok,635f980c270559a1
0,0,0,,0,0,0,0,0,ok,38b43d94b4cb54c3
0,0,0,,0,0,0,0,0,ok,a7cdcd7bb3c65374
6,0,0,0.0,0,0,1,0,0,ok,ed84b23bb77e59dd
8,0,0,0.0,0,1,1,0,0,ok,0599763f15265239
8,1,1,0.125,1,1,4,0,0,ok,fcf5d47290a15e77
0,1,0,,0,1,1,0,0,ok,2d17da19ae185775
10,0,1,0.1,1,0,1,0,1,ok,ec815c3e95565147
11,2,2,0.0,0,3,3,2,0,ok,4d535129c5f953ee
16,0,0,0.0,0,0,2,0,0,ok,6574c88a956c58e9
16,0,0,0.0,0,1,4,0,0,ok,2362bea3e0c15c9f
8,2,2,0.0,0,7,4,2,0,ok,1724faf16eff51bf
0,0,0,,0,0,1,0,0,ok,f911c5577aca5488
16,0,3,0.1875,3,4,8,0,3,ok,350b8a4c95ac5286
14,2,3,0.07142857142857142,1,7,6,2,1,ok,bd46b47dbdd958f6
14,1,1,0.07142857142857142,1,0,4,0,0,ok,12cb12b79e585d0a
2,1,1,0.5,1,5,2,1,0,ok,4834d787a0905ff8
16,0,0,0.0,0,4,11,0,0,ok,bfa97292affb5ec0
12,0,0,0.16666666666666666,2,1,2,0,0,ok,873d1cceaade5e15
15,2,3,0.06666666666666667,1,3,10,2,1,ok,4f995eb2f6465c6c
6,5,6,0.16666666666666666,1,7,2,5,1,ok,9f41d9dd647358e9
0,0,0,,0,0,7,0,0,ok,418e0a4583df5b99
12,0,1,0.3333333333333333,4,2,7,0,1,ok,dceed96d07765bf5
15,0,0,0.0,0,0,4,0,0,ok,62d4f0c122955d0a
0,0,0,,0,1,1,0,0,ok,1dc465f75867578a
16,0,1,0.0625,1,10,7,0,1,ok,05c22e65e0c95454
14,0,0,0.0,0,0,1,0,0,ok,65bfcbd936fd5c14
12,0,0,0.0,0,1,2,0,0,ok,170c19cd14435e6a
16,0,1,0.0625,1,0,3,0,1,ok,e3ef15611db95c19
1,1,1,0.0,0,5,0,1,0,ok,2591ce33819155e2
16,0,1,0.0625,1,0,7,0,1,ok,2f5d6aaeb7fa5b3c
5,1,0,0.0,0,10,5,0,0,ok,dd070a1c78ec5408
11,6,6,0.09090909090909091,1,19,3,5,1,ok,15d260543eae583c
16,12,9,0.1875,3,18,4,9,0,ok,13f793af8f445027
16,0,0,0.0,0,0,2,0,0,ok,1a951ad5607a5b9c
0,0,0,,0,0,0,0,0,ok,dceb82cb01ec56a6
0,0,0,,0,0,0,0,0,ok,b7b0d49a5af85c80
6,3,3,0.16666666666666666,1,6,6,3,0,ok,0fe7827029f15a88
6,0,0,0.16666666666666666,1,0,2,0,0,ok,fc46de11a408576d
11,7,8,0.09090909090909091,1,28,19,7,1,ok,4e18090aa4645d74
10,0,0,0.0,0,1,0,0,0,ok,880ebcaa69855e69
0,0,0,,0,0,0,0,0,ok,7dbb5abcbe075c71
10,3,4,0.1,1,17,5,3,1,ok,57ba2fcec108568d
1,1,1,0.0,0,6,0,1,0,ok,33a631a5e770515a
0,0,0,,0,0,0,0,0,ok,ab42b88cca7b593c
0,0,0,,0,1,0,0,0,ok,bb71893aabc05268
0,0,0,,0,0,0,0,0,ok,1b0a7fae782053c8
0,0,0,,0,0,1,0,0,ok,7a6c46b11ded5ee6
8,0,0,0.0,0,0,1,0,0,ok,94af4752a875550e
1,0,0,0.0,0,1,1,0,0,ok,a63d44f9be465d18
0,0,0,,0,0,0,0,0,ok,c5712d903b425dd7
5,0,0,0.0,0,0,1,0,0,ok,242dff9cc0ea5516
16,1,1,0.125,2,3,7,1,0,ok,fbfd3f18c0ec5413
11,2,0,0.0,0,1,3,0,0,ok,5b2b2741a9225324
16,0,0,0.0,0,0,4,0,0,ok,b2bf4580d9865f38
1,0,0,0.0,0,0,4,0,0,ok,5b7a4e1abad65523
12,3,2,0.0,0,7,1,2,0,ok,59125f2dabdf5c40
6,0,1,0.16666666666666666,1,0,1,0,1,ok,6feb68e8fc405691
5,0,0,0.0,0,2,1,0,0,ok,ef314dbb4fdd5437
16,1,2,0.0625,1,5,5,1,1,ok,2d840ea59e7054cb
12,3,3,0.08333333333333333,1,13,7,3,0,ok,8e5efc284d1151a2
0,0,0,,0,0,0,0,0,ok,e7b2ea6e0cfe52ba
16,0,0,0.0,0,1,3,0,0,ok,398152e38a81526f
14,0,0,0.0,0,0,2,0,0,ok,7bb272f341275c0d
4,0,1,0.25,1,0,1,0,1,ok,8ec0cd02d7705766
16,0,2,0.1875,3,0,2,0,2,ok,eacce189e2355a6c
12,0,3,0.3333333333333333,4,0,3,0,3,ok,18757a7e9ef75976
16,0,1,0.0625,1,0,7,0,1,ok,649bb58d25ec5f34
14,0,1,0.07142857142857142,1,2,3,0,1,ok,3f6479bac901560e
11,10,9,0.09090909090909091,1,18,7,8,1,ok,e0e41bbd79715253
14,0,0,0.0,0,0,4,0,0,ok,0c27eeeef15851ae
11,4,5,0.18181818181818182,2,20,3,4,1,ok,acd7422abe4557e4
16,0,0,0.0625,1,0,1,0,0,ok,5800be504a025caf
0,0,0,,0,0,0,0,0,ok,f1aaa891e44b5d3d
3,0,0,0.0,0,8,4,0,0,ok,e702bbe0b7da5f1f
2,0,0,0.0,0,0,3,0,0,ok,bd685a38d07e5591
5,0,0,0.2,1,1,1,0,0,ok,c01428792dc852c3
16,0,1,0.0625,1,0,4,0,1,ok,11e4b9866a0d59de
16,0,1,0.125,2,5,4,0,1,ok,fa632d82592a5426
0,0,0,,0,0,0,0,0,ok,ce1062fdf4a857ef
0,0,0,,0,0,2,0,0,ok,25189562aaa35d2f
13,1,3,0.3076923076923077,4,8,6,0,3,ok,bb06246601db5946
0,0,0,,0,0,2,0,0,ok,a86f525f43c65ef9
0,0,0,,0,0,0,0,0,ok,187679f2fd605de4
10,0,2,0.2,2,0,3,0,2,ok,76f52fbc86915f65
5,0,0,0.0,0,0,1,0,0,ok,0e8c9cb736c75095
6,0,1,0.3333333333333333,2,2,1,0,1,ok,9ff5d448a79256a1
0,1,1,,0,7,0,1,0,ok,4a1d2be065c65f34
0,0,0,,0,1,0,0,0,ok,2533671fb5a05c8f
16,0,0,0.0,0,4,8,0,0,ok,6464eaddec135322
13,0,0,0.0,0,0,4,0,0,ok,64dd0288b05d5683
12,0,0,0.08333333333333333,1,1,3,0,0,ok,c4b2105740a85385
14,0,1,0.07142857142857142,1,3,3,0,1,ok,32a609765b6f5584
16,2,3,0.1875,3,2,7,0,2,ok,fa09cea5c6405006
16,0,0,0.0,0,0,7,0,0,ok,de9ab52501575dec
16,2,2,0.0,0,7,1,2,0,ok,db96a7c59a4c5cd1
16,0,1,0.1875,3,0,3,0,1,ok,292e321e834f555f
1,1,2,1.0,1,12,2,1,1,ok,703ebd3d695d55db
15,5,6,0.13333333333333333,2,9,2,5,1,ok,4124beeee7045a02
14,3,3,0.0,0,5,0,3,0,ok,6e00a152a99151ce
0,0,0,,0,0,2,0,0,ok,e1b5440064b05517
0,0,0,,0,2,1,0,0,ok,1928218c12af5060
16,1,0,0.0,0,0,10,0,0,ok,19c2f9310502507b
0,0,0,,0,0,0,0,0,ok,d8c3d1be223a5002
2,0,0,0.0,0,0,0,0,0,ok,ac6cb9f3b4215bc3
0,2,1,,0,5,2,1,0,ok,0c2ba4a8fe855281
5,0,0,0.0,0,1,1,0,0,ok,07cfc5b08d3d52b4
0,2,1,,0,4,0,1,0,ok,32740f347f035e76
4,1,2,0.25,1,4,2,1,1,ok,a2274551558c5f5d
12,0,2,0.16666666666666666,2,0,3,0,2,ok,b282bfbae13259aa
4,0,0,0.0,0,0,1,0,0,ok,2277aee0e58d5106
3,0,0,0.0,0,2,1,0,0,ok,86c2b72724cc5c74
11,0,0,0.09090909090909091,1,0,3,0,0,ok,5832746198fb5426
11,7,9,0.18181818181818182,2,14,5,7,2,ok,ee45d947c77c5c2e
16,0,0,0.0,0,0,2,0,0,ok,4321b2e0f1ca5894
4,0,1,0.25,1,0,1,0,1,ok,77746d8617ed522b
10,14,14,0.0,0,32,3,14,0,ok,6cc11275cf155636
5,1,0,0.0,0,2,2,0,0,ok,8f17e8303de051c1
14,0,2,0.14285714285714285,2,0,7,0,2,ok,118a1faee6f8525d
0,0,0,,0,3,0,0,0,ok,715ba2e5df4f5a70
16,3,3,0.0,0,0,10,0,0,ok,a680731ade1951e6
16,0,3,0.1875,3,0,4,0,3,ok,ef7fc5c4239e5968
14,0,0,0.0,0,0,5,0,0,ok,44f82642f47e5e08
5,3,4,0.2,1,7,5,3,1,ok,9b2a057c2aaa5aa2
16,0,0,0.0,0,0,2,0,0,ok,a58a6a1e7bbd5a38
0,0,0,,0,0,0,0,0,ok,d5a7845e703e5c36
8,0,0,0.0,0,0,2,0,0,ok,0abc6af17a725343
16,0,1,0.0625,1,12,6,0,1,ok,dcd0dd166ced5171
16,0,0,0.0,0,0,14,0,0,ok,67c8201a64955710
12,0,0,0.0,0,0,3,0,0,ok,6115240f05f75dc1
0,0,0,,0,0,0,0,0,ok,4ba7f5143cec5a1d
1,1,1,0.0,0,11,2,1,0,ok,0331fabb766f5c57
4,8,8,0.25,1,13,2,8,0,ok,1d66b71865705f9a
15,0,2,0.13333333333333333,2,13,13,0,2,ok,6c041b6d43b95b39
9,0,2,0.2222222222222222,2,0,6,0,2,ok,bee75e1668f957fc
16,2,5,0.3125,5,2,6,1,4,ok,3c19ca832da556c1
0,0,0,,0,0,0,0,0,ok,d4ff182a39a8518e
3,2,2,0.0,0,17,0,2,0,ok,bfbb976ec5f150d3
16,0,2,0.125,2,8,4,0,2,ok,a24dfd042896553b
15,0,1,0.06666666666666667,1,0,8,0,1,ok,9338834925405274
0,0,0,,0,0,0,0,0,ok,fe56678c364a5c6f
0,2,2,,0,12,4,2,0,ok,8b503df1f81958b1
13,0,1,0.07692307692307693,1,1,10,0,1,ok,ca2e71e1f4b159b5
16,0,0,0.0,0,0,2,0,0,ok,c40d8c24a1685446
16,0,1,0.125,2,0,9,0,1,ok,e9b87820043b582c
16,0,0,0.0,0,3,12,0,0,ok,84271cbcb3d65286
9,7,7,0.0,0,33,3,7,0,ok,dd244ab7789b52c4
11,0,2,0.18181818181818182,2,0,3,0,2,ok,868cdd1e93ba5dc2
11,4,4,0.0,0,15,4,4,0,ok,a4e5e6d5d4165eaf
16,0,0,0.0625,1,5,3,0,0,ok,95f016606dbb55b0
1,0,0,0.0,0,0,1,0,0,ok,4c3ebfe9b08b5518
0,0,0,,0,1,0,0,0,ok,487e3708e7905cde
16,0,0,0.0,0,4,15,0,0,ok,ac089a7f658d5034
3,2,2,0.0,0,8,2,2,0,ok,9a3d29a4300953b9
0,0,0,,0,0,2,0,0,ok,b07bb820cfb65d33
16,0,2,0.125,2,1,7,0,2,ok,f1ed42135c495cfc
1,2,2,0.0,0,13,2,2,0,ok,f587335d67845033
3,2,0,0.0,0,1,3,0,0,ok,8344f4472f4d56df
15,6,6,0.0,0,7,1,6,0,ok,66c670e7f79551b6
0,2,1,,0,5,0,1,0,ok,8fb3d46dd5525762
10,0,0,0.1,1,0,4,0,0,ok,bc20641a4e325c7a
16,0,0,0.0,0,0,1,0,0,ok,a42e7457ba2459d1
16,4,4,0.0,0,5,4,3,0,ok,2020eb4fee1b5617
14,0,0,0.0,0,6,2,0,0,ok,242ad529935d59d4
1,0,0,0.0,0,0,0,0,0,ok,7bdf20747bfe5a66
16,0,1,0.0625,1,0,8,0,1,ok,e88faec076a750d0
9,0,0,0.1111111111111111,1,0,2,0,0,ok,a9d987f407ab5c1f
7,3,3,0.0,0,12,2,3,0,ok,7fbecaf363e45496
6,0,2,0.3333333333333333,2,0,3,0,2,ok,8653e04dd5f75ec0
0,0,0,,0,0,0,0,0,ok,8cabef1235cb5228
1,0,1,1.0,1,6,1,0,1,ok,c9636b49902356f7
6,0,2,0.3333333333333333,2,6,3,0,2,ok,31897ce73ae2590c
12,0,0,0.0,0,0,0,0,0,ok,7e7576a611b35fcb
16,1,5,0.25,4,3,9,1,4,ok,76357cb084e05898
0,0,0,,0,0,0,0,0,ok,b85ae00877c5558d
16,2,4,0.125,2,0,9,0,2,ok,fc029d376dc25de8
11,0,0,0.09090909090909091,1,0,3,0,0,ok,63bea8386830558d
5,4,4,0.0,0,7,2,4,0,ok,ebc46207fcfd5f51
16,0,0,0.0625,1,3,4,0,0,ok,7f05942dd95d599a
16,0,1,0.1875,3,2,4,0,1,ok,2b8e56b8127b521b
0,0,0,,0,4,0,0,0,ok,f2c292a30e2851b7
16,0,3,0.25,4,0,7,0,3,ok,2805894a2d1e51e2
3,0,0,0.0,0,0,2,0,0,ok,7126baa444f15532
0,0,0,,0,0,1,0,0,ok,6f1c98982b8055e5
16,1,2,0.0625,1,7,7,1,1,ok,e8a213e1d0155c20
3,0,0,0.0,0,0,1,0,0,ok,7050a02837a95d06
0,0,0,,0,0,2,0,0,ok,ccb0632e11e75286
8,3,3,0.0,0,11,2,3,0,ok,b043af2c5ad656aa
13,10,8,0.07692307692307693,1,17,6,8,0,ok,1b01b4ef87c951b7
0,2,2,,0,9,1,2,0,ok,a964d4c9d7985f8c
7,1,1,0.0,0,2,5,1,0,ok,663981f8792a5a66
1,0,0,0.0,0,6,1,0,0,ok,23c62384018a589a
13,0,0,0.07692307692307693,1,0,6,0,0,ok,269752b73f7951b9
16,0,0,0.0,0,1,5,0,0,ok,8ab79d7b26bf5a83
11,0,2,0.18181818181818182,2,0,4,0,2,ok,2a3603ef70e95ede
16,0,1,0.0625,1,0,1,0,1,ok,bf013db6cfc35f1b
16,1,1,0.0625,1,1,5,0,1,ok,68030bc4639b588b
8,0,0,0.0,0,0,4,0,0,ok,937c8e01d0fb5bc3
3,1,0,0.0,0,1,5,0,0,ok,2f4b1ce90eb35e2d
16,1,2,0.125,2,7,7,1,1,ok,c074513e6de151bc
9,0,0,0.0,0,0,2,0,0,ok,73b25139ea235401
3,0,0,0.0,0,1,3,0,0,ok,85a4a29432af5029
11,0,2,0.18181818181818182,2,3,3,0,2,ok,2b368c6684b653b2
5,0,0,0.2,1,0,1,0,0,ok,e67b1ea39c6a5a44
11,2,4,0.2727272727272727,3,3,3,2,2,ok,5d7d45e345985024
0,1,0,,0,7,2,0,0,ok,355244521b7c5818
13,3,5,0.15384615384615385,2,17,10,2,2,ok,6609d81dbf1f5718
1,0,0,0.0,0,2,0,0,0,ok,f4256a27958250e1
12,0,2,0.4166666666666667,5,0,3,0,2,ok,a9cd282e24ad54cf
7,4,5,0.14285714285714285,1,9,2,4,1,ok,5950d76023695d7e
16,0,1,0.125,2,4,5,0,1,ok,78b86ccae9cb5f42
14,0,0,0.07142857142857142,1,0,3,0,0,ok,7deff9145a94532c
13,0,2,0.15384615384615385,2,0,3,0,2,ok,fae4cb21f7095812
0,0,0,,0,1,0,0,0,ok,b5a5c63eca755de6
0,0,0,,0,0,1,0,0,ok,aae96889ccb458aa
12,1,1,0.0,0,0,2,0,0,ok,8adcd41e43995a26
10,10,11,0.1,1,32,5,10,1,ok,f14fb46d2d0b531d
12,0,1,0.08333333333333333,1,0,1,0,1,ok,f06e7002f3a15f87
5,0,1,0.2,1,0,2,0,1,ok,b72437de53405dc5
7,5,5,0.0,0,21,7,5,0,ok,2bbc23c3395b5a8a
14,0,0,0.14285714285714285,2,0,2,0,0,ok,da9220556b435722
6,0,0,0.0,0,0,4,0,0,ok,82eb2986458e54f8
6,0,1,0.3333333333333333,2,0,3,0,1,ok,ffa8f13e77475532
0,0,0,,0,0,1,0,0,ok,b2115547ee075b37
12,0,1,0.08333333333333333,1,0,7,0,1,ok,bec90156ad7f5733
16,0,0,0.0625,1,0,5,0,0,ok,6f7bf8cec64f576e
16,2,2,0.0625,1,9,6,2,0,ok,f9e6c4bd9d27598e
16,0,1,0.0625,1,0,5,0,1,ok,e9386fdc4d9d5683
5,0,0,0.0,0,0,2,0,0,ok,4ce078927d595d5d
0,0,0,,0,0,0,0,0,ok,e1d26f23db0a5fc8
0,0,0,,0,0,0,0,0,ok,9bf75de9435c5478
10,0,0,0.1,1,0,3,0,0,ok,afe137ec1cb25546
10,0,0,0.0,0,1,3,0,0,ok,91a7c6a198d55dc6
4,0,1,0.25,1,0,2,0,1,ok,087cba7104655e5c
0,0,0,,0,0,0,0,0,ok,17f9a6eaae1758c1
6,0,1,0.5,3,0,2,0,1,ok,c7e5bdb1485d5f81
12,0,0,0.0,0,1,1,0,0,ok,ccd066a607565478
5,0,0,0.0,0,2,1,0,0,ok,7ee788f0ce9a5e69
13,0,0,0.07692307692307693,1,0,3,0,0,ok,78bb906bc89f5a7d
0,0,0,,0,0,1,0,0,ok,2e4e674b30e45fb8
0,0,0,,0,0,2,0,0,ok,0cf62cf59e6f5a86
9,1,1,0.1111111111111111,1,26,4,1,0,ok,7dca6ab8f491565c
14,1,1,0.07142857142857142,1,9,6,1,0,ok,f4aab43e1f70508e
16,4,5,0.1875,3,22,4,4,1,ok,c17a695fb20152da
0,0,0,,0,1,0,0,0,ok,d8a8adb2274553b8
3,0,0,0.0,0,3,1,0,0,ok,a735c4e456d85f93
3,3,3,0.0,0,12,1,3,0,ok,4abe32294cd25bbe
11,0,0,0.0,0,1,4,0,0,ok,478610eab99c502a
14,8,8,0.0,0,32,4,8,0,ok,e47bc367393d546f
14,0,0,0.07142857142857142,1,1,6,0,0,ok,124bdd3264155fcd
7,1,0,0.14285714285714285,1,0,3,0,0,ok,6db6624c2b47594b
16,1,2,0.0625,1,15,11,1,1,ok,2cdcd3a7dbd15a3f
16,3,5,0.375,6,11,6,3,2,ok,942ce10eea9b5d83
12,1,1,0.0,0,4,1,1,0,ok,45f362dc3af753ce
0,0,0,,0,1,0,0,0,ok,d5f42674ed465a38
0,0,0,,0,0,0,0,0,ok,0b20f85276f35e91
13,0,1,0.07692307692307693,1,0,5,0,1,ok,a6b04ec4a4985d33
16,20,19,0.0625,1,31,3,19,0,ok,fd36818abcb25fe3
16,0,0,0.0,0,3,3,0,0,ok,9a9a3ed5be6e5812
16,0,0,0.0,0,0,6,0,0,ok,501078294c045611
3,3,4,0.3333333333333333,1,12,2,3,1,ok,391cd74c5e5d5f45
0,0,0,,0,0,1,0,0,ok,5cd8d687661956b6
7,0,0,0.0,0,1,1,0,0,ok,54aa695cd270548f
15,0,1,0.06666666666666667,1,0,2,0,1,ok,1fe193b760a754e8
16,0,0,0.0,0,0,4,0,0,ok,7bfca099a4b05ff4
13,0,2,0.15384615384615385,2,3,3,0,2,ok,8c092e4cc00550ec
16,0,2,0.125,2,0,4,0,2,ok,1303a351631b5ea2
16,1,1,0.0625,1,10,9,1,0,ok,f91b4ad7dc4c5773
11,6,7,0.2727272727272727,3,8,7,6,1,ok,1214dae3b8e05b88
0,0,0,,0,0,0,0,0,ok,b2db19e7b4de5f17
5,1,0,0.0,0,2,2,0,0,ok,c7447473383650f3
16,0,0,0.0625,1,1,3,0,0,ok,eb2ef5776fbb56c2
13,0,0,0.07692307692307693,1,0,5,0,0,ok,2d5e54d0896a535f
1,0,0,0.0,0,4,1,0,0,ok,0f49a6dc484b5223
12,0,0,0.0,0,0,3,0,0,ok,30e2a85cc85d585f
0,0,0,,0,0,0,0,0,ok,7368eea9970e5dd0
4,1,1,0.25,1,3,5,1,0,ok,1596c6eb3418553a
7,0,0,0.14285714285714285,1,0,1,0,0,ok,11ede673b3e35272
16,0,0,0.0625,1,2,2,0,0,ok,727e732085ce5f73
13,0,0,0.0,0,0,2,0,0,ok,c7089d4e58f458d8
16,0,2,0.125,2,3,3,0,2,ok,32ac800dc8015eb8
5,9,8,0.0,0,30,1,8,0,ok,640459f5113d56ee
12,2,3,0.16666666666666666,2,4,3,2,1,ok,8a8e5a5932c55cfd
5,1,1,0.0,0,11,2,1,0,ok,990a011fb2d25539
0,5,4,,0,5,0,4,0,ok,f8d7e90851395b0d
16,0,1,0.0625,1,0,6,0,1,ok,ef900c9bb1ee5fb3
6,1,1,0.0,0,15,6,1,0,ok,b9199a47613d5913
16,1,2,0.125,2,1,7,0,1,ok,36c5df7473d15cc8
16,0,0,0.0,0,2,3,0,0,ok,fc7047d7667a56f7
0,0,0,,0,0,1,0,0,ok,17ff5528a9bd588a
16,0,0,0.0,0,0,5,0,0,ok,e65ba2b2ddd45193
15,0,1,0.3333333333333333,5,4,3,0,1,ok,0338bea707275f51
7,0,0,0.14285714285714285,1,5,6,0,0,ok,ee47f33dc51c51b5
16,0,0,0.0,0,0,3,0,0,ok,4c82430819f55278
14,12,15,0.35714285714285715,5,21,12,11,3,ok,e7a34c5aceeb5268
3,0,0,0.3333333333333333,1,0,1,0,0,ok,2f85609bcba95fb5
0,0,0,,0,0,1,0,0,ok,03160d7ca5f05540
9,1,1,0.0,0,4,3,1,0,ok,b0cb15d030705401
6,0,1,0.3333333333333333,2,2,3,0,1,ok,3b3caa603fb55184
12,19,19,0.0,0,29,5,19,0,ok,a8982232647558d9
1,0,0,0.0,0,4,0,0,0,ok,47033b730d7a5311
16,0,1,0.0625,1,3,2,0,1,ok,53d04885b26055a8
16,0,2,0.125,2,0,2,0,2,ok,2f3a9e5160f758fb
6,0,0,0.0,0,17,3,0,0,ok,22ce4adee41d58fe
11,0,0,0.0,0,0,1,0,0,ok,32a06dbd9e8c51be
12,0,1,0.16666666666666666,2,0,7,0,1,ok,9fc3c31fa6f65e33
9,2,1,0.0,0,2,0,1,0,ok,41845fe4b6725961
12,0,1,0.08333333333333333,1,0,5,0,1,ok,301c1f14691c5802
16,0,0,0.125,2,0,1,0,0,ok,73d0ea14a9f554f8
15,0,0,0.06666666666666667,1,1,3,0,0,ok,7baf5aae63a45239
16,1,3,0.125,2,0,10,0,2,ok,34f5e964922e5d99
10,0,2,0.5,5,0,3,0,2,ok,d95b7706738b59e5
10,0,0,0.0,0,0,5,0,0,ok,3ac310950c81592a
16,1,3,0.125,2,2,5,1,2,ok,0970c083af7d5572
8,0,0,0.125,1,5,3,0,0,ok,e312212735965341
12,2,2,0.08333333333333333,1,3,3,2,0,ok,d7aa6b013c7c56ec
15,0,0,0.06666666666666667,1,5,2,0,0,ok,ce0dcc5ae7fe5995
16,0,0,0.0,0,4,2,0,0,ok,a19d64ca31725979
6,0,0,0.0,0,0,1,0,0,ok,4cc5d7a7257f51df
8,6,6,0.0,0,31,1,6,0,ok,97bcbfecc24c5386
16,3,4,0.0625,1,20,24,3,1,ok,8be1ca37bb3c58c6
16,0,1,0.125,2,0,6,0,1,ok,10e38cfc01b2572b
15,0,0,0.0,0,0,3,0,0,ok,2e2779ed38db55bc
16,1,0,0.0,0,5,6,0,0,ok,5140d9ff55115df5
0,0,0,,0,0,0,0,0,ok,82a500f5104658a1
14,0,1,0.07142857142857142,1,0,3,0,1,ok,1fd9507a3aa35b25
2,0,0,0.0,0,4,0,0,0,ok,c10e76956a545ecb
0,0,0,,0,0,0,0,0,ok,54399d56e69f5a2c
0,0,0,,0,0,0,0,0,ok,4de1e9f673975330
0,0,0,,0,1,0,0,0,ok,e654fd1790795f07
16,1,1,0.0625,1,3,9,1,0,ok,062e663eab835e59
2,0,0,0.0,0,1,0,0,0,ok,9048c89e9d8b516f
9,0,0,0.2222222222222222,2,1,3,0,0,ok,9d7b04cd8cb251a7
0,0,0,,0,0,0,0,0,ok,58072a31f79c51de
15,0,0,0.0,0,0,1,0,0,ok,fc6555688d885af7
5,3,3,0.0,0,7,1,3,0,ok,f7d9a79a90295728
7,5,6,0.5714285714285714,4,8,3,5,1,ok,932a68dd21de5480
14,0,0,0.0,0,11,4,0,0,ok,8a64cbef5c5057e9
16,1,0,0.0,0,0,2,0,0,ok,e7b5bba5d917587e
1,0,0,0.0,0,1,0,0,0,ok,974b962aa50b5271
0,0,0,,0,0,0,0,0,ok,8c24a163aaaf56f6
4,2,2,0.0,0,23,1,2,0,ok,696b54ffac635c79
0,0,0,,0,0,0,0,0,ok,e0102b44f3d45baa
16,0,0,0.0,0,0,3,0,0,ok,b914397063285068
16,10,13,0.1875,3,36,39,9,3,ok,99cd807c9896534c
0,0,0,,0,0,0,0,0,ok,499a284cd6b5565d
11,3,3,0.0,0,6,6,3,0,ok,9f72e7aa504155d9
2,0,0,0.0,0,0,1,0,0,ok,58a0c38c96ab5e84
0,0,0,,0,0,0,0,0,ok,d7bc28d1537554a0
7,0,0,0.0,0,0,2,0,0,ok,83b3c771c97a57ba
6,0,0,0.0,0,4,2,0,0,ok,ba4223bea160572f
0,0,0,,0,0,1,0,0,ok,9b1bc3f209805155
5,0,1,0.4,2,4,2,0,1,ok,1c120f5278f15610
11,1,1,0.09090909090909091,1,4,2,0,1,ok,abdc263a1fa751d7
16,0,0,0.0625,1,5,2,0,0,ok,bc2f3ebff54f5c28
16,0,2,0.125,2,0,10,0,2,ok,7bb70a780ac05a01
10,0,1,0.1,1,0,5,0,1,ok,c64d3898f26e5de6
5,6,7,0.2,1,31,1,6,1,ok,e0f8dc22305a50f0
0,0,0,,0,0,2,0,0,ok,0c3ca40a133b534d
11,0,0,0.09090909090909091,1,1,2,0,0,ok,b0618b66f5ce529f
15,4,6,0.13333333333333333,2,19,13,4,2,ok,6b3d7fcd4a395449
16,11,13,0.125,2,4,30,1,2,ok,bfd79d112ba65aac
16,4,9,0.3125,5,0,23,0,5,ok,2765b10a507b5457
11,8,7,0.0,0,19,5,7,0,ok,0a0b8c0a1fb05c7e
0,0,0,,0,0,1,0,0,ok,2ecd64dee4a152b5
12,0,0,0.0,0,0,1,0,0,ok,8fb80f370c915665
6,0,0,0.0,0,0,2,0,0,ok,8b200a41238454e7
0,0,0,,0,0,7,0,0,ok,b62f755a0b6b583b
16,0,1,0.125,2,1,7,0,1,ok,367659d64ffd5e6e
12,14,14,0.0,0,29,1,14,0,ok,d3911a2382025eb0
7,0,0,0.0,0,0,0,0,0,ok,352b08c6707c5f80
7,0,0,0.0,0,4,3,0,0,ok,bc7177ad493554cc
7,9,10,0.14285714285714285,1,27,1,9,1,ok,7b5177fff5eb592b
16,0,0,0.0,0,4,5,0,0,ok,e150f2786a3f5c7c
10,0,0,0.0,0,0,1,0,0,ok,e2133696520b5e9c
0,0,0,,0,0,1,0,0,ok,fcda048363e7534a
12,5,5,0.08333333333333333,1,9,4,4,1,ok,3c0592078e0a572f
13,0,0,0.0,0,4,5,0,0,ok,36be22c79ad85ddc
0,0,0,,0,1,0,0,0,ok,f3f7d23ccafa5d0c
8,2,3,0.125,1,15,1,2,1,ok,f39c9e18a31457d3
0,0,0,,0,0,0,0,0,ok,19021ccbc99b5b92
16,2,6,0.25,4,6,46,0,4,ok,74f9979e51b35c32
12,1,5,0.3333333333333333,4,8,6,1,4,ok,5b39dffac9dc5099
1,0,0,0.0,0,0,2,0,0,ok,06ecee0e4edb5ef9
12,4,4,0.08333333333333333,1,11,4,4,0,ok,f6fb472fc4f7518b
0,0,0,,0,0,0,0,0,ok,59e351b44b535f9b
16,0,0,0.4375,7,9,2,0,0,ok,17d5cc23d73e56e9
12,0,0,0.08333333333333333,1,0,2,0,0,ok,bd2a539b2d9c5468
16,2,6,0.3125,5,10,21,0,5,ok,2caf3bcbeb055dea
9,4,3,0.1111111111111111,1,4,2,2,1,ok,2645c71273e95c76
15,0,0,0.0,0,1,4,0,0,ok,5e514eac18245819
9,0,0,0.1111111111111111,1,0,3,0,0,ok,09c3e3fe80515d8f
10,1,2,0.2,2,0,3,0,1,ok,b539ee95149452cf
16,0,0,0.0,0,0,2,0,0,ok,07fe2ce6d4fd55a8
16,1,4,0.1875,3,0,9,0,3,ok,877bb950d4005115
3,0,0,0.0,0,0,1,0,0,ok,e015ffb455545cae
16,1,2,0.0625,1,3,3,1,1,ok,fe1e2335b9ba53ba
16,0,2,0.125,2,2,9,0,2,ok,fd939eb177895a8b
0,0,0,,0,0,0,0,0,ok,a485d6a72a8951c5
15,0,0,0.0,0,0,6,0,0,ok,b3662715d7f154c0
16,0,2,0.125,2,2,3,0,2,ok,a2952a72de6b50eb
9,9,8,0.0,0,20,1,8,0,ok,e67e2f134fcb5305
4,0,0,0.0,0,6,2,0,0,ok,7d22483b05955889
4,2,2,0.0,0,9,2,2,0,ok,55d8babe347a567b
6,0,2,0.3333333333333333,2,4,5,0,2,ok,d6b4d3326de75f27
16,0,0,0.0,0,0,0,0,0,ok,6839be0cb3885213
16,0,0,0.0,0,1,3,0,0,ok,080a376509535cba
6,0,0,0.0,0,0,1,0,0,ok,7b4545e547595ed7
16,0,1,0.125,2,0,4,0,1,ok,043bdecd239d582a
14,0,3,0.2857142857142857,4,2,8,0,3,ok,1dac1d3c3a1958ca
12,5,4,0.0,0,18,6,4,0,ok,f3d75e5d4d2f5b07
10,8,9,0.2,2,15,2,8,1,ok,c92b9f20c1b15835
0,0,0,,0,0,0,0,0,ok,cad4926e4fca5958
0,1,1,,0,8,0,1,0,ok,eed3e7ad99fe53cf
9,0,0,0.0,0,1,1,0,0,ok,7de76315908d5e6e
5,0,1,0.2,1,3,2,0,1,ok,91e6bc0aba50500a
0,0,0,,0,1,3,0,0,ok,45fdffdcc822510b
13,0,0,0.0,0,1,0,0,0,ok,b9cbd7b478975ed9
16,0,2,0.125,2,0,5,0,2,ok,335a5dabeef25359
5,0,0,0.0,0,0,2,0,0,ok,5bf5d76a6f3659fa
16,0,2,0.1875,3,0,3,0,2,ok,24332c36c54e5719
10,0,1,0.1,1,0,4,0,1,ok,367edb9ac787501e
12,0,0,0.0,0,5,3,0,0,ok,a22f084541d95063
16,1,1,0.0,0,1,5,0,0,ok,517c971059b45b2a
0,0,0,,0,0,0,0,0,ok,aea1cd8a8f3f5595
3,2,1,0.0,0,2,2,1,0,ok,ae7f7a8897f45a6f
16,0,0,0.0,0,0,10,0,0,ok,473c158b344f5b84
16,1,4,0.4375,7,7,14,1,3,ok,db2d02afae175a06
8,0,1,0.25,2,2,6,0,1,ok,d27e2b4191bd57f3
0,0,0,,0,2,0,0,0,ok,3569e9d61e595746
16,1,2,0.0625,1,0,4,0,1,ok,c4f57852a9f75299
16,0,0,0.0,0,0,1,0,0,ok,1edba5cf3f565ca4
15,0,0,0.06666666666666667,1,1,4,0,0,ok,61c00d36902c563f
3,0,0,0.0,0,0,3,0,0,ok,d6f1618c9df754e1
7,6,6,0.14285714285714285,1,20,1,6,0,ok,8f7ca214c48b5cff
15,0,0,0.0,0,1,4,0,0,ok,9134a584818d5a76
0,0,0,,0,0,3,0,0,ok,b9333db34ebe5aa2
7,1,1,0.0,0,9,2,1,0,ok,8ba9da59375a55c6
16,1,0,0.0,0,1,18,0,0,ok,c0b96e2b3f0d5434
0,0,0,,0,0,0,0,0,ok,a8f5d05955b65258
11,0,1,0.09090909090909091,1,8,6,0,1,ok,68fc7ad651e9580e
0,0,0,,0,0,0,0,0,ok,da91d2e4def55988
10,13,12,0.0,0,36,4,12,0,ok,a50aaa40766b5996
8,0,1,0.125,1,0,3,0,1,ok,b0cfec15ec265dbe
0,0,0,,0,5,0,0,0,ok,5f31852b7c535d06
8,0,1,0.125,1,0,2,0,1,ok,49efba68972d5004
10,7,8,0.1,1,26,4,7,1,ok,79f1b2126ec25eef
11,8,8,0.0,0,16,1,8,0,ok,9ae4875c006d5d77
15,0,0,0.0,0,0,6,0,0,ok,2a24c85e7aef5208
3,1,2,0.3333333333333333,1,7,3,1,1,ok,e4326034b329512d
11,6,8,0.2727272727272727,3,18,6,6,2,ok,d82346ba58f1595a
0,0,0,,0,0,0,0,0,ok,b01fd05578765f19
13,0,0,0.15384615384615385,2,0,2,0,0,ok,59f5f47a5c695dcc
10,0,0,0.0,0,1,1,0,0,ok,cc572a1b32045af4
9,3,3,0.1111111111111111,1,8,1,3,0,ok,16f26f46c9645092
2,3,3,0.0,0,19,3,3,0,ok,b9be65e7f62756df
16,0,2,0.125,2,0,10,0,2,ok,b3b1adc607515549
7,5,7,0.2857142857142857,2,9,7,5,2,ok,bf6a68e784715445
16,3,6,0.1875,3,16,19,3,3,ok,a4a29ce5c2d35386
16,0,1,0.0625,1,0,4,0,1,ok,16b7f381f47f5595
16,10,10,0.375,6,13,7,9,1,ok,45aff322cd8e50d3
14,1,1,0.0,0,6,3,1,0,ok,45092efd8a90549d
10,0,0,0.0,0,0,3,0,0,ok,1bb5af7a16875441
16,0,0,0.0,0,7,8,0,0,ok,32063ab081ce5344
12,0,0,0.0,0,0,4,0,0,ok,df72b736d9255518
16,1,4,0.125,2,5,8,1,3,ok,27b4d037854451f6
7,0,0,0.0,0,0,4,0,0,ok,bd67b774af4b5ef7
7,3,4,0.14285714285714285,1,15,4,3,1,ok,0c5ea05528145b37
0,0,0,,0,0,0,0,0,ok,8c7bffc4f6f25cf9
16,5,5,0.0625,1,8,5,5,0,ok,d5e291c0738d511b
16,0,0,0.0,0,9,6,0,0,ok,dda2e7df3c7f5e8e
16,2,2,0.0625,1,15,11,1,1,ok,8f69f27a543254f1
13,1,2,0.15384615384615385,2,0,5,0,1,ok,2ed31efc0e6c51f6
16,1,0,0.0,0,0,13,0,0,ok,fa93685ee1725395
9,0,0,0.0,0,0,1,0,0,ok,51c2668dd92e5eda
12,1,1,0.0,0,5,5,1,0,ok,bd536568141d51c9
0,0,0,,0,1,0,0,0,ok,eeffbdf259965646
9,0,0,0.0,0,2,1,0,0,ok,d11a1f0dc4655439
16,2,4,0.1875,3,7,8,2,2,ok,22caaed363db5a7f
16,0,1,0.0625,1,0,5,0,1,ok,da3f3e2c8bdf5df2
0,0,0,,0,0,0,0,0,ok,4c98b2a043075bf0
11,0,0,0.09090909090909091,1,1,2,0,0,ok,02cd95ce41015812
0,0,0,,0,0,1,0,0,ok,838b47af6cf65809
15,0,0,0.2,3,4,4,0,0,ok,32b55d0eed5052a3
16,0,3,0.1875,3,0,4,0,3,ok,899d2a65557652ec
0,0,0,,0,0,1,0,0,ok,ee3dde5c3e4d5c21
16,2,7,0.3125,5,9,11,2,5,ok,df9465e4fa895e7f
3,0,0,0.0,0,0,1,0,0,ok,680100ca6e1657d1
16,2,2,0.3125,5,8,13,1,1,ok,2c64858e4438563b
16,0,2,0.125,2,0,7,0,2,ok,117589718d255c6d
15,0,1,0.06666666666666667,1,0,3,0,1,ok,de8a428d878a5754
16,0,0,0.0625,1,0,8,0,0,ok,d1e7bd56d6cf56a8
12,0,1,0.08333333333333333,1,0,6,0,1,ok,1fb127e38c7a5d5b
16,2,6,0.4375,7,19,14,2,4,ok,12eeb896d766521c
9,0,0,0.0,0,0,3,0,0,ok,64a4c5a7f4805257
7,2,2,0.14285714285714285,1,1,2,1,1,ok,13db8c725b275074
13,1,2,0.15384615384615385,2,5,8,0,1,ok,d61f861b149e551e
6,0,0,0.0,0,0,3,0,0,ok,d79fa828525a5a96
16,0,0,0.0,0,15,5,0,0,ok,4578b226476e591e
0,0,0,,0,0,1,0,0,ok,d2a0f7df31075214
5,13,13,0.0,0,30,1,13,0,ok,5f985702b8c15ce7
14,0,1,0.07142857142857142,1,0,6,0,1,ok,b23403abc73659b4
10,0,1,0.2,2,0,2,0,1,ok,76917a131a67534d
15,0,0,0.06666666666666667,1,1,2,0,0,ok,884dae6174c95278
0,0,0,,0,0,0,0,0,ok,72538eced0e7515a
8,3,4,0.25,2,14,3,3,1,ok,e9fe406e3e695e45
16,0,0,0.0,0,0,1,0,0,ok,60ebc3546fb45436
0,0,0,,0,0,0,0,0,ok,00c3e437e1a05460
7,1,1,0.0,0,5,0,1,0,ok,2f28b04da8bd574f
3,0,0,0.0,0,0,3,0,0,ok,e3dcc650738a5829
16,0,0,0.0,0,0,3,0,0,ok,4c83c7778fb756db
10,0,0,0.0,0,0,7,0,0,ok,fe220fca89a55356
3,0,0,0.0,0,0,3,0,0,ok,59a99b66f8f05f25
9,9,8,0.0,0,29,1,8,0,ok,9af396a6e74c5993
5,0,0,0.0,0,5,4,0,0,ok,8f9d5822a0e95bf1
2,2,2,0.0,0,5,0,2,0,ok,18e78e24bbf959b5
16,0,1,0.0625,1,0,16,0,1,ok,ff6264c161fb59be
16,11,15,0.25,4,21,21,11,4,ok,1876ce77a2c35e49
1,1,1,0.0,0,13,0,1,0,ok,46dbfcd745575891
16,0,0,0.0625,1,2,2,0,0,ok,84c1d1b2bfc85749
16,5,8,0.1875,3,19,23,3,3,ok,d15af7e03ab25ae1
0,0,0,,0,0,0,0,0,ok,d48355ed3c3a5e20
11,0,0,0.0,0,0,1,0,0,ok,17df4348b6bf5785
0,0,0,,0,2,0,0,0,ok,e655794e0b6b5d18
11,0,0,0.2727272727272727,3,2,2,0,0,ok,90e0a42edeff5b6d
15,1,0,0.2,3,2,4,0,0,ok,2abebfabdcc15dce
11,0,0,0.0,0,0,3,0,0,ok,2bcc81ed5b505ec5
15,0,2,0.13333333333333333,2,0,5,0,2,ok,46fb44918d8f5e5e
16,0,0,0.0625,1,0,0,0,0,ok,e0c890684d235a99
13,0,1,0.07692307692307693,1,0,4,0,1,ok,6625f1172a4d539b
2,1,1,0.0,0,3,2,1,0,ok,927db3477f5e5439
15,0,3,0.2,3,0,4,0,3,ok,64e8191e07005c69
16,0,2,0.1875,3,0,5,0,2,ok,96f6503842dd5d0f
5,0,0,0.0,0,2,1,0,0,ok,bb7fe1690d2c5676
12,0,2,0.16666666666666666,2,3,3,0,2,ok,cc49ebbbb0b754fa
3,0,0,0.0,0,0,3,0,0,ok,bac575d001305b3a
1,1,1,0.0,0,6,1,1,0,ok,1b099ce1377b522b
16,1,2,0.0625,1,0,10,0,1,ok,41c213f1703b5acc
0,4,3,,0,10,2,3,0,ok,ae25f73a077b5a56
13,5,6,0.07692307692307693,1,15,8,5,1,ok,0b03bfe4d48852b4
2,0,1,0.5,1,1,1,0,1,ok,357c1b74a8a85db5
10,0,0,0.1,1,1,2,0,0,ok,b91f82c9a55b5aed
0,0,0,,0,0,0,0,0,ok,1291cdacd4755691
0,0,0,,0,1,0,0,0,ok,80729073d9ba5ca5
0,0,0,,0,0,0,0,0,ok,e50a35a68ba75a5f
16,0,0,0.0,0,0,10,0,0,ok,ffaabd533aef571b
12,0,1,0.08333333333333333,1,0,7,0,1,ok,62461e3a8c6850c6
16,0,2,0.125,2,0,4,0,2,ok,b3c7a00c2b1850d2
16,1,2,0.0625,1,0,5,0,1,ok,364f32e0ea3155ef
0,2,0,,0,1,3,0,0,ok,2d2a45471d7859be
7,1,1,0.0,0,5,1,1,0,ok,74d5e4275c8051d4
16,0,0,0.0,0,4,5,0,0,ok,a8f056a44e065636
14,0,2,0.14285714285714285,2,0,6,0,2,ok,3aec9ecdce1b50b9
9,0,2,0.3333333333333333,3,0,2,0,2,ok,a83da9de13c65a95
0,0,0,,0,0,0,0,0,ok,cfc5d07b7d415a69
0,0,0,,0,1,0,0,0,ok,a84a5b0b607d51f0
16,0,1,0.0625,1,0,5,0,1,ok,d26b469f7425563c
8,0,0,0.0,0,0,1,0,0,ok,c7bf39046c985748
13,1,2,0.3076923076923077,4,8,3,1,1,ok,9634054a25f750ad
0,0,0,,0,4,1,0,0,ok,b0f8243e7c8d5b37
11,0,1,0.09090909090909091,1,0,4,0,1,ok,c2c15b18951d5e36
14,0,1,0.14285714285714285,2,0,3,0,1,ok,6caafe170a4459d2
0,0,0,,0,0,0,0,0,ok,100668fcbfc15f8f
10,0,0,0.0,0,0,4,0,0,ok,17988c9e156c590b
4,0,0,0.0,0,0,4,0,0,ok,bf9cd18f131f5456
16,0,1,0.0625,1,1,5,0,1,ok,f0e7bfb57b355051
13,1,1,0.07692307692307693,1,11,9,1,0,ok,f6790029f0b358ae
0,0,0,,0,1,0,0,0,ok,a81b78ad5d7f562c
1,3,3,0.0,0,9,0,3,0,ok,8f9c6e78d4eb5eb8
7,0,0,0.0,0,0,2,0,0,ok,9a028dfdef2355a4
0,1,1,,0,3,0,1,0,ok,ef2e1dc532195c15
15,1,1,0.0,0,4,6,1,0,ok,0269d44168d953c3
16,0,0,0.0,0,3,8,0,0,ok,c2da7bb1211a5cd8
0,0,0,,0,0,0,0,0,ok,2949ac01d5ee55e3
16,0,0,0.0,0,0,5,0,0,ok,c017f86b85d95c88
0,0,0,,0,0,1,0,0,ok,03db6037fdc15553
16,0,0,0.0,0,9,3,0,0,ok,0a14500bab775e05
9,0,0,0.0,0,1,4,0,0,ok,da3601ba566d5a07
16,2,2,0.0,0,5,4,2,0,ok,e08d823224b754cb
16,0,0,0.0625,1,2,9,0,0,ok,4d5c634c7cb7571c
5,0,0,0.0,0,0,0,0,0,ok,68b2979cb06d55b9
14,0,1,0.14285714285714285,2,5,2,0,1,ok,063daa1e30bb5e96
16,0,0,0.0,0,0,7,0,0,ok,07b34ed8cf575199
0,0,0,,0,0,0,0,0,ok,d7f9fb11839e5ccc
9,1,0,0.0,0,0,2,0,0,ok,904bba0f80a657f9
4,0,0,0.0,0,0,2,0,0,ok,10acf98717925691
16,1,0,0.0,0,4,9,0,0,ok,01b8aab377675213
6,0,0,0.0,0,0,4,0,0,ok,8dfc6942ec595ad1
9,0,0,0.1111111111111111,1,0,1,0,0,ok,11acbec134d75cd5
12,1,1,0.0,0,0,8,0,0,ok,14e2c85091915a7d
15,0,1,0.13333333333333333,2,0,2,0,1,ok,7307f6b37cf95925
16,1,1,0.0,0,17,12,1,0,ok,58453dc494d851b6
16,0,0,0.0625,1,1,1,0,0,ok,7f988cd93dd357fc
16,1,1,0.25,4,2,3,1,0,ok,8fb4110a350b5f17
3,10,9,0.0,0,29,6,9,0,ok,d1c7b6d777775e96
12,0,1,0.08333333333333333,1,1,3,0,1,ok,cdb70bdb5ace5bf2
14,0,0,0.0,0,0,3,0,0,ok,763132e672115051
16,0,1,0.0625,1,6,11,0,1,ok,ff5bc05339c05556
1,0,0,0.0,0,2,15,0,0,ok,4c80372cf7c6554c
16,0,0,0.0625,1,1,3,0,0,ok,b5f27b8d489a5063
12,10,10,0.0,0,22,5,10,0,ok,799d8db63c0c5066
2,3,3,0.0,0,9,1,3,0,ok,1568ec8081925a9b
0,0,0,,0,0,0,0,0,ok,fc90aa28854655e3
9,0,0,0.1111111111111111,1,0,3,0,0,ok,dea635e0a2045689
15,0,0,0.0,0,6,7,0,0,ok,c3574ab2ea1f5632
16,0,0,0.0,0,0,2,0,0,ok,d116fc13203a5711
16,0,0,0.0,0,0,4,0,0,ok,e2fdeb7303785a53
16,0,4,0.375,6,0,14,0,4,ok,e42637ffe4f65a75
16,4,5,0.0625,1,21,29,4,1,ok,d36f60eed46a51c7
7,1,0,0.14285714285714285,1,5,1,0,0,ok,afb9098cc6bc5bed
0,0,0,,0,0,0,0,0,ok,17b22ed631bb50cc
0,0,0,,0,0,0,0,0,ok,3ebb716d7b7757fd
1,0,0,0.0,0,1,0,0,0,ok,4310ccd5e7395f7a
0,0,0,,0,1,1,0,0,ok,d17112b67fcc54e6
4,1,1,0.25,1,2,1,1,0,ok,a1e54e38f64f513b
5,1,1,0.0,0,4,1,1,0,ok,8771bcf1bff45d02
10,0,0,0.1,1,1,3,0,0,ok,2476906a55b1522a
13,0,1,0.07692307692307693,1,0,7,0,1,ok,be98d7e797dd5191
12,0,1,0.16666666666666666,2,1,4,0,1,ok,8e2f1a0382c05747
16,0,0,0.0625,1,0,2,0,0,ok,fd038fb4020e51e8
5,3,3,0.0,0,9,1,3,0,ok,bae0a5890ffb5b85
16,1,2,0.125,2,17,7,1,1,ok,bed9a55a177156d2
6,0,0,0.0,0,0,2,0,0,ok,7d367cbdd7c85ee1
0,0,0,,0,0,1,0,0,ok,c3f534a8a5c65c55
11,0,0,0.0,0,13,4,0,0,ok,457ed9e7dbe450b7
11,0,0,0.0,0,0,3,0,0,ok,86f2070a33365d90
1,0,0,0.0,0,4,7,0,0,ok,1c3e7d189e355397
16,0,1,0.0625,1,0,4,0,1,ok,cef6c6c1e7bf512f
10,1,1,0.0,0,2,3,1,0,ok,c85aa954b55d5a3a
1,0,0,0.0,0,1,0,0,0,ok,88777c6b5324581d
5,0,0,0.0,0,0,2,0,0,ok,868026813a9c5a0f
0,0,0,,0,1,5,0,0,ok,3e3f47c60874554c
10,0,0,0.0,0,0,1,0,0,ok,18790cb5cf3a5163
16,0,2,0.25,4,0,3,0,2,ok,7dd795ae52515db1
16,2,2,0.125,2,12,9,2,0,ok,041b14117e3353e0
5,13,12,0.0,0,27,1,12,0,ok,59d99b569b8855ad
0,2,1,,0,3,0,1,0,ok,abe47fb9ff3b51a7
3,2,2,0.0,0,17,1,2,0,ok,cbcd84d1407658c6
16,0,1,0.0625,1,0,4,0,1,ok,fb39877865a4570b
16,1,1,0.0625,1,3,3,0,0,ok,8f94adb1e9215fde
11,0,0,0.09090909090909091,1,0,0,0,0,ok,61300f5b34a65e7c
16,0,0,0.0,0,1,1,0,0,ok,ff670c5bc4c156c8
16,1,3,0.125,2,1,11,0,2,ok,4de09112d6a15bd2
10,0,1,0.3,3,1,5,0,1,ok,584619bb4aec53f8
12,0,2,0.4166666666666667,5,0,5,0,2,ok,c163eb854c525066
2,0,0,0.0,0,0,0,0,0,ok,9300369f3ccb5e1d
16,0,0,0.0,0,7,2,0,0,ok,c2e23cbe785f5187
5,0,0,0.0,0,2,3,0,0,ok,e922064c32c25cf8
6,0,0,0.0,0,2,2,0,0,ok,96ea7b4f05215a91
16,0,2,0.3125,5,2,13,0,2,ok,a97160a3937e5d83
8,0,0,0.0,0,1,4,0,0,ok,3b96012de5d85ef5
0,0,0,,0,0,0,0,0,ok,1ee1153c83ca5fdf
10,1,2,0.1,1,10,7,1,1,ok,fc628b11fcf55d45
8,0,0,0.125,1,0,5,0,0,ok,be0d78d065495169
3,0,1,0.3333333333333333,1,3,3,0,1,ok,ab2438a65b78550b
0,0,0,,0,0,2,0,0,ok,9da4cb9e41885c0e
16,0,1,0.3125,5,0,3,0,1,ok,172ca9ffcfd157ec
15,0,1,0.06666666666666667,1,2,6,0,1,ok,28e60a333c5d55aa
0,0,0,,0,0,0,0,0,ok,63e3012b503852a3
7,0,1,0.14285714285714285,1,0,3,0,1,ok,79005ab0055f5f8b
0,2,1,,0,20,1,1,0,ok,f87b109738075a24
13,0,1,0.15384615384615385,2,0,5,0,1,ok,b66b702a4332585e
7,0,0,0.14285714285714285,1,0,1,0,0,ok,fb69256abb2d536c
10,0,0,0.1,1,0,3,0,0,ok,5932e9ef04245199
2,0,0,0.0,0,0,1,0,0,ok,5be6b7beb50b5434
16,0,1,0.125,2,0,6,0,1,ok,3d5f655ce2ba5acf
16,0,1,0.125,2,3,5,0,1,ok,443bae859175574e
3,0,1,0.3333333333333333,1,9,3,0,1,ok,708b1bb63a87525b
16,2,4,0.1875,3,15,11,2,2,ok,aba24f75fe295e4b
11,0,1,0.09090909090909091,1,6,4,0,1,ok,433d47c0850c50cf
8,0,0,0.0,0,0,0,0,0,ok,ca4f08085ee055d5
0,0,0,,0,0,0,0,0,ok,f26dfedc4eeb5cbb
3,1,1,0.0,0,1,1,1,0,ok,cd5191ab80b959b8
0,1,1,,0,5,3,1,0,ok,a5e429799b6753f5
15,0,1,0.13333333333333333,2,0,3,0,1,ok,ba85fe5b14e853c0
4,0,0,0.0,0,0,0,0,0,ok,a7721bd984e55f4a
16,1,3,0.125,2,5,4,1,2,ok,ec7097ed547d525e
3,1,1,0.0,0,3,3,1,0,ok,64568fe4e77453b2
12,0,0,0.0,0,0,6,0,0,ok,8ef0d03ad0725535
16,0,1,0.0625,1,0,15,0,1,ok,339d5c1111125971
5,0,0,0.0,0,1,1,0,0,ok,80d5ce364722516b
0,0,0,,0,1,1,0,0,ok,5c469fcbfef4547f
16,0,1,0.0625,1,0,7,0,1,ok,b788db38230b512f
11,0,0,0.0,0,0,2,0,0,ok,dd65e871f72f5cda
7,5,5,0.0,0,21,3,5,0,ok,47dbb57e4bb25b01
0,0,0,,0,0,0,0,0,ok,6105244557da5312
16,0,3,0.3125,5,2,9,0,3,ok,580216f1888c572f
0,0,0,,0,0,0,0,0,ok,efdd42f60a915788
0,1,1,,0,5,0,1,0,ok,f0c2660ddbfe5e36
16,2,4,0.25,4,6,13,2,2,ok,212ba92d4a515c07
0,0,0,,0,0,0,0,0,ok,e941ba75bab5558b
13,0,0,0.0,0,0,1,0,0,ok,114255cabb3e51e8
14,6,9,0.21428571428571427,3,11,11,6,3,ok,0c3f8e01a83c5213
16,0,0,0.0,0,3,2,0,0,ok,16a95409c50d59bb
16,0,0,0.0625,1,0,5,0,0,ok,efb42807b05d5e32
16,1,2,0.0625,1,0,7,0,1,ok,3e0ca3f43b4953f4
12,0,0,0.08333333333333333,1,0,5,0,0,ok,262516c6d4435027
6,5,6,0.16666666666666666,1,9,1,5,1,ok,810dcac8feb151f3
16,0,0,0.0,0,1,2,0,0,ok,b1a6c28745f55dd6
0,0,0,,0,1,0,0,0,ok,2c4818fe77b955f5
13,0,0,0.07692307692307693,1,0,2,0,0,ok,11c23de756b2576a
0,0,0,,0,2,0,0,0,ok,96d5fa4b85415604
6,0,0,0.0,0,1,1,0,0,ok,c3a1aa3e8e9a5980
0,0,0,,0,0,1,0,0,ok,0fda5b6311475883
4,0,0,0.25,1,0,1,0,0,ok,80e20ae9ccab5edd
2,5,4,0.0,0,8,17,4,0,ok,223802203ef05d5d
6,0,1,0.16666666666666666,1,1,3,0,1,ok,4df39d771a515831
9,0,1,0.4444444444444444,4,3,4,0,1,ok,9fd8e73ea51e5c3b
9,0,1,0.1111111111111111,1,0,4,0,1,ok,245678207cae57f7
6,1,2,0.16666666666666666,1,5,4,1,1,ok,051e579e20af5ece
16,0,1,0.0625,1,2,4,0,1,ok,9c07231333c65d3a
16,0,0,0.0,0,0,4,0,0,ok,4c9b974eeb5f5f45
2,0,0,0.0,0,0,2,0,0,ok,493246b473f953da
0,0,0,,0,0,1,0,0,ok,19cb32170da3589c
10,0,0,0.0,0,7,1,0,0,ok,ee8fcea0ac3155de
10,0,0,0.0,0,0,0,0,0,ok,c22a1b9b442e543a
15,0,0,0.0,0,0,2,0,0,ok,5de73a49e05c5352
0,0,0,,0,15,2,0,0,ok,98ee22c73b675fbf
1,0,0,0.0,0,0,0,0,0,ok,16f206eea54b5047
13,0,0,0.0,0,0,6,0,0,ok,8f30f089bcc556b9
0,0,0,,0,0,0,0,0,ok,7040bb450d005133
9,0,0,0.0,0,0,1,0,0,ok,3d764fd241e85f80
4,1,1,0.0,0,2,1,1,0,ok,d84ef817c4b75413
12,0,0,0.0,0,1,3,0,0,ok,86cbd09eec72598f
16,6,6,0.0625,1,16,1,6,0,ok,3daf316de5e85cdd
16,0,0,0.0,0,0,3,0,0,ok,ddceaf81b25755b9
14,9,8,0.0,0,21,2,8,0,ok,b32a65f8d90f5999
0,0,0,,0,0,0,0,0,ok,99f01d45fe30537c
0,0,0,,0,0,1,0,0,ok,d43bb6f5dcb2577e
0,0,0,,0,0,0,0,0,ok,3bc6fb8563aa53a5
16,0,0,0.0,0,1,7,0,0,ok,656e5605d4ef50ae
11,0,0,0.0,0,0,3,0,0,ok,689ff77454a553d9
16,1,2,0.0625,1,0,6,0,1,ok,3a9a988e1df85f24
16,0,1,0.0625,1,9,14,0,1,ok,d7ff6e602d2851fe
0,1,1,,0,3,1,1,0,ok,d349be95a4175cd4
2,3,3,0.0,0,9,3,3,0,ok,2e91633472205a5b
7,0,0,0.0,0,1,0,0,0,ok,a0782732faf25864
9,0,1,0.3333333333333333,3,0,3,0,1,ok,1d4937b36b945377
0,0,0,,0,0,0,0,0,ok,82de7a4dc47b5a29
16,0,0,0.0,0,6,5,0,0,ok,7934c7a22c225438
16,0,1,0.0625,1,0,4,0,1,ok,8bd8c1d5fd755f1e
0,2,2,,0,7,3,2,0,ok,920add512637567f
16,3,5,0.1875,3,7,12,2,2,ok,11859d7fb6175372
3,0,1,0.3333333333333333,1,1,3,0,1,ok,ff9323b4d6695421
12,0,1,0.08333333333333333,1,0,4,0,1,ok,f353f4b503055d6f
0,0,0,,0,0,0,0,0,ok,fcd2cc81d3125a0f
11,6,5,0.18181818181818182,2,12,3,5,0,ok,b5f47210b55b5ea6
16,0,0,0.0,0,0,2,0,0,ok,8d3eeae6d9625062
16,1,1,0.0,0,2,10,0,0,ok,6ba2940e9d055210
5,2,0,0.0,0,2,1,0,0,ok,c155bbd660b15026
7,0,0,0.0,0,0,2,0,0,ok,8e853c47fcb15888
0,3,3,,0,28,1,3,0,ok,02870d8bf41f517d
11,0,0,0.09090909090909091,1,1,1,0,0,ok,12d68a1a0b475abd
8,0,1,0.125,1,0,2,0,1,ok,ff3f44bc9dbd555d
0,0,0,,0,0,2,0,0,ok,be70327c400d5b8d
16,0,0,0.0,0,0,3,0,0,ok,030ef7b2a3cc5c7d
6,2,1,0.0,0,4,5,1,0,ok,0e2413c842255763
12,16,15,0.16666666666666666,2,24,9,15,0,ok,3a45dded114956c2
1,1,2,1.0,1,9,3,1,1,ok,6001abfc21155151
15,0,1,0.06666666666666667,1,4,4,0,1,ok,f469b857ac155083
16,0,2,0.125,2,0,9,0,2,ok,3de9d4f24ab25ee6
0,1,0,,0,0,0,0,0,ok,262494bd63b25399
16,0,0,0.0625,1,0,1,0,0,ok,b37b95a32fbe5cd0
16,0,0,0.0,0,0,6,0,0,ok,6faf69b9eb3b5534
16,0,2,0.125,2,5,3,0,2,ok,c2c068f278605eee
2,0,1,0.5,1,0,2,0,1,ok,e0e52411e99d5924
11,0,0,0.0,0,0,8,0,0,ok,739023844fc753be
16,0,2,0.125,2,3,10,0,2,ok,b650e203ec325827
5,0,0,0.0,0,0,1,0,0,ok,a933b648549150d6
12,1,3,0.16666666666666666,2,8,5,1,2,ok,fa501391566b58c8
6,2,2,0.0,0,11,4,2,0,ok,be47179be89f5db5
16,3,6,0.625,10,7,13,2,4,ok,c8ed7024cabf5cef
16,1,1,0.0,0,0,9,0,0,ok,4fcbd825c4715386
10,0,0,0.0,0,0,3,0,0,ok,6829068e6b5f59a8
0,0,0,,0,0,0,0,0,ok,07ed6ac834135fd1
16,1,2,0.0625,1,7,9,1,1,ok,13fbf677096f5b1f
6,5,5,0.0,0,10,3,5,0,ok,57c92fc75fe05bdc
11,0,3,0.2727272727272727,3,0,6,0,3,ok,c9e1505fd549551e
9,0,0,0.0,0,0,2,0,0,ok,43762143d1a955ff
16,2,2,0.0,0,17,7,2,0,ok,e0743339f9705523
9,0,0,0.1111111111111111,1,0,4,0,0,ok,983f20c55617582d
6,0,0,0.0,0,1,14,0,0,ok,7e526cb49d475eb8
16,0,0,0.0625,1,0,3,0,0,ok,23ab6b7bf5b25ee4
8,1,1,0.0,0,8,8,1,0,ok,408cfe1adb045f5a
7,0,0,0.0,0,0,1,0,0,ok,a1903549532b5d58
0,0,0,,0,1,3,0,0,ok,830f2115a19a5be5
16,8,7,0.125,2,21,8,7,0,ok,9b16194138395804
0,0,0,,0,0,1,0,0,ok,a46540cdf5225e29
0,0,0,,0,2,0,0,0,ok,45037ef5332e5c5b
5,0,0,0.2,1,0,0,0,0,ok,db41cea9304f5049
13,0,1,0.15384615384615385,2,1,5,0,1,ok,d94e08aa27f85e2b
6,8,5,0.0,0,20,1,5,0,ok,d6302f5b56e25a03
4,1,1,0.0,0,15,1,1,0,ok,a0eaaa58adc855ad
0,0,0,,0,0,2,0,0,ok,d3155c9278875790
0,0,0,,0,0,0,0,0,ok,fc394d95ac345e35
0,0,0,,0,2,0,0,0,ok,5757d7cdbaae5022
14,0,0,0.0,0,0,4,0,0,ok,b248c0f03cd85198
16,0,0,0.0,0,0,2,0,0,ok,e060999825c5582d
12,2,3,0.16666666666666666,2,5,6,2,1,ok,a220be4cb6705fb5
12,0,0,0.0,0,0,3,0,0,ok,848d6bc8a5ec5ffa
0,0,0,,0,2,0,0,0,ok,81197719da315048
5,0,0,0.0,0,0,1,0,0,ok,d661b48455885f14
16,1,3,0.125,2,5,10,1,2,ok,a985d15e70895867
0,0,0,,0,1,1,0,0,ok,7d10d06736b95b80
16,0,0,0.0,0,0,5,0,0,ok,0e0b9915081a50d9
16,0,2,0.3125,5,0,7,0,2,ok,a0f7b33cee825b47
6,5,6,0.3333333333333333,2,8,5,4,2,ok,62e6c82b42f85aa6
16,0,0,0.0625,1,0,3,0,0,ok,d7bbfb8e54825514
0,0,0,,0,0,0,0,0,ok,54b12fb7085c5ad0
0,0,0,,0,0,0,0,0,ok,b7d4e7ebc5c75968
16,0,1,0.0625,1,1,6,0,1,ok,dfc2ff931a31561b
7,3,4,0.14285714285714285,1,14,3,3,1,ok,af855066d2835772
16,0,1,0.0625,1,0,5,0,1,ok,3284933df0c25d26
16,0,1,0.0625,1,0,3,0,1,ok,afa85c1db15f5f69
9,0,0,0.0,0,0,6,0,0,ok,071294fd79f05355
11,0,0,0.0,0,1,1,0,0,ok,abbc13c2fc3c5f4c
16,0,0,0.0,0,0,4,0,0,ok,76c1f5c2663855b4
0,0,0,,0,0,0,0,0,ok,e5a81fd6e5ee5c64
4,0,0,0.0,0,0,0,0,0,ok,a889da1768ac578d
8,6,6,0.0,0,21,6,6,0,ok,8a773438aac055ec
15,0,1,0.06666666666666667,1,1,3,0,1,ok,83ea3708a97d5fdf
13,0,2,0.23076923076923078,3,0,6,0,2,ok,02cc38c528f55473
11,9,8,0.0,0,17,3,8,0,ok,eefcab176b8b5bf1
12,0,1,0.08333333333333333,1,0,1,0,1,ok,4923f67fe0e65218
12,0,1,0.08333333333333333,1,0,7,0,1,ok,85a0ee5b90b25358
16,0,1,0.0625,1,0,3,0,1,ok,d882749e8ca9552d
6,0,0,0.0,0,5,1,0,0,ok,47c2bec7a1ca5a12
16,0,0,0.0,0,1,3,0,0,ok,a42af3080ef75564
16,0,0,0.0,0,0,8,0,0,ok,b2e9667cfea652bf
3,0,0,0.0,0,5,3,0,0,ok,98aa9080bbfc5c18
3,1,1,0.3333333333333333,1,7,5,0,1,ok,3dab3260c0d4592b
5,1,1,0.0,0,2,4,1,0,ok,e799d7fcf5715fe4
0,0,0,,0,4,0,0,0,ok,00c88c9bb9ab51de
16,0,0,0.0,0,0,2,0,0,ok,5508ee7b7f7c5100
16,0,0,0.0,0,0,8,0,0,ok,12e4523a67965e5a
14,1,1,0.21428571428571427,3,0,4,0,0,ok,0626c3908667579f
12,9,8,0.08333333333333333,1,17,12,7,1,ok,e84f6d15c67b542a
0,0,0,,0,0,0,0,0,ok,865f0bec893d551d
15,3,3,0.0,0,7,2,3,0,ok,5789135b9e6e5226
15,1,2,0.06666666666666667,1,6,6,1,1,ok,d5710f413dd8534f
0,0,0,,0,1,0,0,0,ok,ea4d3495a05354ea
6,13,13,0.0,0,24,1,13,0,ok,b11a77f4ea7855a8
12,4,5,0.08333333333333333,1,11,18,4,1,ok,4d8ba0b74e7d5fe9
2,1,1,0.0,0,8,2,1,0,ok,4d657ff10d9e508d
3,0,0,0.0,0,0,3,0,0,ok,a15bf287d4075136
0,0,0,,0,0,1,0,0,ok,a1cbec60cc0757b6
1,1,1,0.0,0,12,0,1,0,ok,99631aeb988a569d
0,0,0,,0,0,1,0,0,ok,2fe23946135a5584
4,1,2,0.25,1,7,4,1,1,ok,8af5ee56d27e5171
15,8,8,0.0,0,17,5,8,0,ok,b75d9b77d4be5928
1,0,0,0.0,0,0,3,0,0,ok,29c20689ce54592d
2,1,1,0.0,0,3,1,1,0,ok,f6481f34e4ee5672
0,0,0,,0,0,1,0,0,ok,659ad19979a45ea6
4,1,1,0.0,0,8,2,1,0,ok,f6e1517c58f75b33
0,0,0,,0,0,0,0,0,ok,3c67272121df5b60
16,0,2,0.25,4,1,6,0,2,ok,741517c755f55605
0,0,0,,0,0,1,0,0,ok,e23b13bcd0775188
0,0,0,,0,0,0,0,0,ok,311e50637f0b5dd2
6,3,3,0.0,0,19,12,3,0,ok,13123303dba25725
16,0,3,0.1875,3,0,8,0,3,ok,15a57ea7e3be511f
9,4,4,0.2222222222222222,2,8,1,4,0,ok,feeadd82116f5668
16,1,2,0.125,2,4,3,1,1,ok,c0d6bee535d957f3
6,3,2,0.16666666666666666,1,16,2,1,1,ok,8b2165b89f1d51c7
9,4,4,0.2222222222222222,2,9,5,4,0,ok,9692e0215225541f
8,0,0,0.0,0,1,1,0,0,ok,e12b895eeca6582c
16,0,2,0.1875,3,0,4,0,2,ok,fe53d9c0a1515fdc
16,1,1,0.0,0,0,3,0,0,ok,abeb1c7954e15a49
12,0,0,0.0,0,2,1,0,0,ok,a25486ab04745585
16,0,0,0.0,0,0,9,0,0,ok,13b4610f93c35441
9,1,1,0.0,0,2,1,1,0,ok,db83dec9b54f5b2c
9,0,1,0.1111111111111111,1,1,2,0,1,ok,20e54a6cb0be5496
5,0,0,0.0,0,0,4,0,0,ok,430c6661221059de
0,0,0,,0,1,0,0,0,ok,12352e5a8a6e5c4b
8,11,11,0.0,0,32,2,11,0,ok,99d8103fbf505674
7,0,0,0.0,0,2,2,0,0,ok,01badef7f4c4534a
15,0,0,0.0,0,0,4,0,0,ok,633e5892de995dc5
0,0,0,,0,0,0,0,0,ok,98b2f22c913654d5
0,0,0,,0,0,1,0,0,ok,67f04e0d6df55ce6
0,0,0,,0,0,0,0,0,ok,36674fa6b7795fd6
0,0,0,,0,0,0,0,0,ok,05d8aab710215fb2
11,6,7,0.36363636363636365,4,17,3,5,2,ok,67d1dccef3a55531
7,0,0,0.0,0,2,1,0,0,ok,ddd3da5902395be2
14,1,2,0.07142857142857142,1,2,14,0,1,ok,2017bdb4e4965ee5
5,0,0,0.0,0,2,2,0,0,ok,d4730d90ed205daa
16,0,1,0.0625,1,0,5,0,1,ok,0ed23871fb745886
13,2,3,0.07692307692307693,1,4,3,1,1,ok,131d50d99b225a62
3,5,5,0.0,0,22,0,5,0,ok,03d34acb8ea453c9
16,2,4,0.125,2,8,10,2,2,ok,1e834e7bf1f556d4
15,3,4,0.2,3,9,6,3,1,ok,281e04a58f12543c
9,1,1,0.0,0,6,3,1,0,ok,8fc9501d1fe456bc
16,0,3,0.1875,3,3,7,0,3,ok,2d9239a95a725b9b
13,16,16,0.07692307692307693,1,31,4,16,0,ok,06af1a592b245de4
16,0,0,0.0,0,0,4,0,0,ok,655ff7fc27e05c60
16,1,1,0.0,0,6,1,1,0,ok,1a0f06a5f713567c
5,1,1,0.0,0,13,2,1,0,ok,f7e89fd517945e99
11,0,0,0.0,0,0,2,0,0,ok,6014bd6be7d45089
15,0,0,0.0,0,0,3,0,0,ok,aaa17a1af80257f8
8,0,0,0.0,0,1,3,0,0,ok,fd2d13e0f05d58b1
16,0,0,0.0,0,0,2,0,0,ok,09b8b01c16f057c2
9,0,0,0.1111111111111111,1,0,1,0,0,ok,6b87c6c041785f5d
3,0,0,0.0,0,0,4,0,0,ok,f5d9f12c96eb5e27
9,0,2,0.4444444444444444,4,0,3,0,2,ok,0de29a3aeffe5e46
16,5,7,0.125,2,18,17,5,2,ok,29b2573e96d65f59
16,0,3,0.25,4,1,6,0,3,ok,078cd1c35e9d5996
9,0,0,0.0,0,2,4,0,0,ok,ee518633a75d59aa
0,0,0,,0,0,0,0,0,ok,5386f5ef23b057c0
16,2,5,0.1875,3,6,15,2,3,ok,8c0e88c913ae5812
0,0,0,,0,0,0,0,0,ok,726ef3e1102353f3
16,0,0,0.0,0,0,9,0,0,ok,03fb2ac923fe5519
9,2,2,0.0,0,17,2,2,0,ok,d1a19924ecf05d6d
5,0,0,0.0,0,0,4,0,0,ok,ab83ee64aaf95dc2
16,0,0,0.0,0,0,2,0,0,ok,a09291b6065d57d1
0,0,0,,0,0,0,0,0,ok,18c172986b665c4e
12,4,8,0.3333333333333333,4,10,5,4,4,ok,812863b14376553d
16,0,2,0.125,2,1,3,0,2,ok,d7f7a16129515e76
10,0,1,0.1,1,6,5,0,1,ok,e5b30e42ff715cce
11,0,1,0.18181818181818182,2,0,2,0,1,ok,d1e0d397566b5881
9,0,0,0.0,0,1,4,0,0,ok,619a302dd2aa53f4
6,2,3,0.16666666666666666,1,12,2,2,1,ok,13b4eacea94e5b9b
16,0,1,0.25,4,7,7,0,1,ok,8ac4f56421de5245
11,0,2,0.18181818181818182,2,1,4,0,2,ok,7d379408289d5170
0,0,0,,0,0,7,0,0,ok,41a04598dd9655e9
2,12,10,0.0,0,29,4,10,0,ok,546f6c3cdcaa57c3
11,0,0,0.0,0,0,3,0,0,ok,c6b0881ec6405b73
16,1,2,0.125,2,5,9,1,1,ok,53bed2f6045f5c5b
6,3,4,0.16666666666666666,1,7,5,3,1,ok,f1ce952576df5fd8
0,0,0,,0,0,1,0,0,ok,9f37b5755d545c9b
12,0,1,0.16666666666666666,2,0,3,0,1,ok,84d68f68d32b5916
6,0,0,0.16666666666666666,1,0,2,0,0,ok,0a9d8cf1f85f59b2
15,0,1,0.06666666666666667,1,0,3,0,1,ok,fec31209ee9d5720
14,9,9,0.07142857142857142,1,17,4,9,0,ok,36efa8deba4a55e5
16,0,0,0.0,0,0,3,0,0,ok,01398c8f7d14529a
11,1,1,0.09090909090909091,1,6,1,1,0,ok,ac3a780a509f5353
16,0,0,0.0,0,1,1,0,0,ok,f58d523e225a54f8
7,5,5,0.0,0,16,7,5,0,ok,f8bccf8546b95cc6
16,0,1,0.0625,1,3,7,0,1,ok,3c6cdb42c5405e50
15,11,11,0.0,0,24,0,11,0,ok,e9f5c328a2495729
16,5,5,0.0,0,11,1,5,0,ok,877f08821091562e
5,0,0,0.0,0,2,6,0,0,ok,05886a7025a3565f
16,0,0,0.0,0,1,6,0,0,ok,d923676c383550d9
3,7,6,0.0,0,18,2,6,0,ok,507b8a16c5e25a9f
2,0,0,0.0,0,5,2,0,0,ok,39fbc5dd79c25b5c
16,0,0,0.0,0,1,2,0,0,ok,efc10d60419c5f1c
13,0,0,0.0,0,0,2,0,0,ok,78b9f4f1505c509f
0,0,0,,0,1,0,0,0,ok,305bb4819b3055cc
16,2,4,0.125,2,0,8,0,2,ok,89bd5ba860145740
16,0,0,0.1875,3,0,3,0,0,ok,7ba4ddcec1135daa
16,0,0,0.0,0,5,3,0,0,ok,fda67b6f76f85ef7
0,0,0,,0,0,0,0,0,ok,ca60331559e85880
0,0,0,,0,0,0,0,0,ok,cfaca5279d865511
1,5,4,0.0,0,13,8,4,0,ok,77cc94c0f2a957c9
1,0,0,0.0,0,0,11,0,0,ok,d23f6bffd0c45672
0,0,0,,0,0,0,0,0,ok,67ef995f5b5550b3
0,0,0,,0,0,0,0,0,ok,e4f646db63f0556f
13,5,5,0.0,0,23,9,4,0,ok,917c026fefd3510b
6,1,1,0.0,0,2,0,1,0,ok,e60a241cf8df5ae6
8,0,0,0.125,1,0,1,0,0,ok,2df39fce5866565d
5,0,0,0.0,0,0,3,0,0,ok,be2d12e5634d562d
11,0,1,0.09090909090909091,1,0,8,0,1,ok,f5c5350b5d2e5ec7
11,1,3,0.2727272727272727,3,6,7,1,2,ok,1eb9a8d11b8952de
1,0,0,0.0,0,0,2,0,0,ok,59bd9be6543f518f
4,2,2,0.0,0,12,3,2,0,ok,fab92841fd6757ad
0,0,0,,0,0,0,0,0,ok,81326e709b455ded
16,4,4,0.125,2,8,4,3,1,ok,61958090acca56ba
16,0,2,0.1875,3,0,3,0,2,ok,871e9fe6dbe35771
0,0,0,,0,0,0,0,0,ok,3c77a767e6ca5fe3
10,2,4,0.4,4,7,7,2,2,ok,ecf3ea829a685d21
16,2,2,0.0,0,4,7,1,0,ok,4157b9f0eddf5253
0,1,1,,0,4,1,1,0,ok,05cfa5b493ac5e71
14,0,1,0.07142857142857142,1,1,2,0,1,ok,cd1c89841a605570
14,0,1,0.07142857142857142,1,0,4,0,1,ok,96a497935ec6533a
8,0,0,0.0,0,4,1,0,0,ok,643dafb6368a5985
16,0,1,0.125,2,0,2,0,1,ok,ba28a61b83f95982
16,1,1,0.0,0,0,10,0,0,ok,2889de40d0fd5481
8,1,1,0.0,0,1,3,1,0,ok,6a3ad80e5e2957e5
10,0,1,0.2,2,0,4,0,1,ok,b8436f915f2f581e
7,9,9,0.0,0,32,3,9,0,ok,85be16890195532a
16,0,0,0.0,0,3,10,0,0,ok,f692f6062b675015
3,0,0,0.0,0,1,0,0,0,ok,4138296007675467
11,8,7,0.0,0,17,4,7,0,ok,c6bd60b01f765b2a
16,0,0,0.0,0,1,3,0,0,ok,8334d85cccbc5a8a
14,0,0,0.0,0,0,6,0,0,ok,c01808a2a69c589e
13,0,0,0.0,0,0,4,0,0,ok,f8ff1e6c4c4a5741
14,1,3,0.2857142857142857,4,8,6,1,2,ok,fbbfc232f2f05b23
16,0,0,0.0,0,2,4,0,0,ok,f8a46647238655fc
12,1,0,0.0,0,0,3,0,0,ok,1ae975ded93151e7
8,0,0,0.0,0,0,2,0,0,ok,7623dd6cbc29535c
10,1,3,0.4,4,8,11,0,3,ok,c2b55af0c2ad5c72
9,0,0,0.0,0,0,1,0,0,ok,a6ea7b293a625402
15,2,3,0.2,3,5,5,1,2,ok,4753a6b7a051561c
16,1,3,0.1875,3,5,7,1,2,ok,01381e4290ee5707
16,0,2,0.125,2,0,7,0,2,ok,77e50c85274f55a7
4,0,0,0.0,0,0,4,0,0,ok,30c784d485f65cff
16,2,8,0.375,6,0,11,0,6,ok,c93d6f5ee1855f46
8,0,0,0.0,0,0,2,0,0,ok,fd7ef963eba35fd1
10,0,0,0.0,0,3,1,0,0,ok,c3d759e4e6355c6a
2,0,0,0.0,0,0,0,0,0,ok,773eb9352d925109
5,1,2,0.2,1,12,2,1,1,ok,a58a4094d6de5ca4
10,0,0,0.0,0,2,12,0,0,ok,a06704a7d9015400
9,0,0,0.0,0,3,4,0,0,ok,5cfac6dc2aa85ff5
2,5,5,0.0,0,8,5,5,0,ok,4005023e9fa2557f
4,0,0,0.0,0,0,1,0,0,ok,a15a0715cd795f31
16,0,0,0.0,0,2,3,0,0,ok,64459bb9cbcd5c67
16,7,7,0.125,2,12,8,7,0,ok,b91fa2c767c657c5
15,0,3,0.2,3,0,5,0,3,ok,7e24a04118fe58c5
10,0,0,0.1,1,0,3,0,0,ok,1aa2b02668275df8
12,21,22,0.16666666666666666,2,29,5,20,2,ok,ebc4e3849eee55d6
16,2,6,0.4375,7,8,10,2,4,ok,ef7d1f765a2655db
16,0,0,0.0,0,0,3,0,0,ok,f969f6bb5d19546c
16,1,1,0.0,0,6,7,1,0,ok,f3cc282d574b5ddc
0,0,0,,0,1,0,0,0,ok,9ed4be98326d5383
0,0,0,,0,0,0,0,0,ok,76313b08286b5af6
11,4,4,0.09090909090909091,1,10,0,4,0,ok,335528f321b45d88
0,0,0,,0,0,0,0,0,ok,ff9a98e56f0454c9
14,1,4,0.21428571428571427,3,0,7,0,3,ok,d93522876e3359bc
3,1,1,0.3333333333333333,1,11,2,1,0,ok,423fbfba19c45665
6,5,5,0.0,0,6,1,5,0,ok,b6a52d033b4a508b
0,0,0,,0,1,6,0,0,ok,f93ee061d3ee5d1e
7,1,1,0.0,0,1,2,1,0,ok,7767e10449635a0c
9,0,0,0.0,0,0,4,0,0,ok,06bd78ce619357eb
14,0,0,0.07142857142857142,1,1,3,0,0,ok,1a6a41052a2c5bff
0,0,0,,0,0,0,0,0,ok,c78ef3167948559f
8,0,1,0.125,1,0,3,0,1,ok,5dc1119182ca57e5
12,0,0,0.0,0,0,1,0,0,ok,7309c5d6d4f456c1
9,1,0,0.0,0,1,2,0,0,ok,8328017562135929
0,0,0,,0,0,0,0,0,ok,69560676d53a56c9
9,0,0,0.1111111111111111,1,0,1,0,0,ok,db4b539af2175d61
12,0,3,0.25,3,1,6,0,3,ok,de1118e5d6935ed1
11,3,3,0.0,0,10,0,3,0,ok,85157161114b55bb
0,0,0,,0,0,0,0,0,ok,0087f18e08995571
15,0,0,0.13333333333333333,2,0,5,0,0,ok,5bb0706ac4da5958
7,2,2,0.0,0,11,3,2,0,ok,2be8fd810bdb5de0
16,1,0,0.0,0,0,2,0,0,ok,7596eb9b3b545119
16,0,3,0.25,4,0,21,0,3,ok,8ff42814b6315b3a
10,5,7,0.2,2,21,4,5,2,ok,341c391e29e55d11
12,0,1,0.3333333333333333,4,0,2,0,1,ok,a95f95a566455bf3
13,0,0,0.07692307692307693,1,0,3,0,0,ok,d985a984b45c5a4f
11,0,1,0.2727272727272727,3,0,3,0,1,ok,01170848407050e2
16,0,2,0.125,2,0,9,0,2,ok,822f4f96a5d1507f
0,0,0,,0,0,3,0,0,ok,9fc42469b2e2513c
8,0,1,0.125,1,0,3,0,1,ok,fd20b65b48285d1d
16,2,1,0.0,0,4,4,1,0,ok,dc297b47b0ba5bb7
0,0,0,,0,0,0,0,0,ok,02a85ae439d65fb7
11,0,2,0.18181818181818182,2,1,3,0,2,ok,8bb984e3543b53e2
9,0,0,0.0,0,2,4,0,0,ok,d7770f7ea8975821
0,0,0,,0,0,0,0,0,ok,1df15d50e3cd54fa
16,1,1,0.0,0,5,9,1,0,ok,f844dd789e515e0f
9,0,0,0.0,0,2,3,0,0,ok,17d9ccfa3f245351
13,0,2,0.15384615384615385,2,0,4,0,2,ok,3335e06c4eed522c
16,1,2,0.0625,1,6,10,0,1,ok,0e6014d5cc0f5a0a
16,1,1,0.0625,1,5,10,1,0,ok,ccfdf1193bb259b5
16,0,0,0.125,2,0,2,0,0,ok,6fcc281e89175485
4,1,1,0.0,0,2,2,1,0,ok,44d7f5c13f2f5052
16,0,0,0.0,0,1,6,0,0,ok,c9d1482cc7de52e6
16,0,1,0.0625,1,0,4,0,1,ok,9e9615c20de750cb
9,10,10,0.1111111111111111,1,31,4,9,1,ok,5d4ca9b034625315
8,8,8,0.0,0,29,1,8,0,ok,8d831f453d665b6f
14,5,6,0.07142857142857142,1,20,11,5,1,ok,037d95dabfa45751
16,0,1,0.1875,3,0,5,0,1,ok,270ad652933f56b4
9,0,2,0.2222222222222222,2,0,6,0,2,ok,7abde0a87e3a5f6b
16,0,0,0.0,0,2,2,0,0,ok,94a29c3194455b8e
16,0,0,0.0625,1,2,1,0,0,ok,ad7d74da50335b61
11,1,1,0.0,0,12,5,1,0,ok,1e69535f89c9571f
16,0,0,0.125,2,2,11,0,0,ok,10fbc605792659fe
0,0,0,,0,0,2,0,0,ok,2f478451d034591d
12,0,1,0.08333333333333333,1,0,6,0,1,ok,147c060a0d6a5b25
1,0,0,0.0,0,5,1,0,0,ok,3c6764166e6b5200
14,5,6,0.07142857142857142,1,14,3,5,1,ok,05fdf9d868b152f0
6,0,0,0.16666666666666666,1,0,3,0,0,ok,754e9036f0b65c36
15,0,2,0.13333333333333333,2,0,13,0,2,ok,3d189b4748925a21
0,1,1,,0,11,1,1,0,ok,941bf9bf43215a38
0,1,1,,0,1,0,1,0,ok,c8c48b74e4d651d6
16,0,0,0.0,0,1,3,0,0,ok,64f4a68010155184
15,0,1,0.06666666666666667,1,0,1,0,1,ok,dd255d0fdbc753b2
0,0,0,,0,0,1,0,0,ok,dda47351cdf45b8b
16,2,2,0.0,0,1,11,0,0,ok,6358ea937a65518f
0,0,0,,0,0,0,0,0,ok,b7a22df3132c507d
16,1,4,0.375,6,8,12,1,3,ok,2f5b62ad988e57a8
16,1,2,0.125,2,8,5,1,1,ok,828b2789fbac57bb
10,0,1,0.2,2,0,3,0,1,ok,61f2ee2deecf59cc
0,0,0,,0,0,0,0,0,ok,317c68afecf35485
1,0,0,0.0,0,0,1,0,0,ok,32d26fcf14c85ad9
15,0,1,0.06666666666666667,1,0,6,0,1,ok,85a9b29184bb5c42
14,2,2,0.0,0,0,3,0,0,ok,6fccf9f113c75977
16,0,0,0.0625,1,2,4,0,0,ok,bc95fb2878455f92
0,0,0,,0,13,0,0,0,ok,44c77761fcc05720
14,0,1,0.07142857142857142,1,3,5,0,1,ok,c35c82a131b75983
16,2,3,0.1875,3,6,7,2,1,ok,623a8eb34cb45069
15,0,0,0.0,0,4,8,0,0,ok,7992223ffa835037
13,0,0,0.0,0,1,5,0,0,ok,a8a8834410c652d0
0,0,0,,0,0,0,0,0,ok,502d902a9e245207
2,0,0,0.0,0,3,0,0,0,ok,d19f8926b1af5b1e
6,2,2,0.0,0,15,13,2,0,ok,a32a74fd9bea55f6
3,1,0,0.0,0,2,0,0,0,ok,4ae05291e12b5a0e
5,0,0,0.4,2,4,2,0,0,ok,d5e82454b72e5866
3,3,3,0.0,0,10,0,3,0,ok,3973cdf41fd85919
16,0,0,0.0,0,0,3,0,0,ok,8920619d81f158f3
6,0,0,0.0,0,0,1,0,0,ok,f15b664ea9ba5069
16,0,1,0.0625,1,0,4,0,1,ok,dd175b6e08565a4e
4,6,5,0.0,0,21,1,5,0,ok,463ef4ebfdb551a2
2,1,1,0.0,0,1,1,1,0,ok,a9333edd47f25ba7
0,0,0,,0,5,1,0,0,ok,260b3c1949165bb7
16,0,0,0.0,0,0,4,0,0,ok,ffe3c09965535049
8,0,0,0.0,0,0,1,0,0,ok,cc2219fec0a75648
16,0,0,0.0,0,0,6,0,0,ok,43114e3448d05df7
7,0,0,0.2857142857142857,2,0,3,0,0,ok,c08974a4ea5253d1
5,10,10,0.0,0,19,2,10,0,ok,208d57cd5edf5926
9,4,5,0.1111111111111111,1,15,6,4,1,ok,6572b2abf3285f17
3,0,0,0.0,0,1,0,0,0,ok,463ccf43fe7b5eb0
16,0,1,0.0625,1,0,5,0,1,ok,836925f4abc15984
13,1,2,0.07692307692307693,1,0,13,0,1,ok,062683246488598a
6,0,0,0.0,0,0,1,0,0,ok,d40345e8f5225237
10,0,1,0.1,1,0,5,0,1,ok,5ed9478500385b85
13,0,0,0.0,0,0,0,0,0,ok,87d7a8063aad58a2
0,0,0,,0,4,1,0,0,ok,9acf165a54c35d86
16,0,1,0.0625,1,0,4,0,1,ok,a0725663b99a59e6
15,0,0,0.06666666666666667,1,2,1,0,0,ok,b8f57722bc115a1c
9,2,2,0.0,0,6,1,2,0,ok,37113de4657a5f7f
16,0,0,0.0,0,2,4,0,0,ok,997744f313a256d8
1,1,1,0.0,0,2,2,1,0,ok,8f901002efa05523
16,0,0,0.0,0,0,5,0,0,ok,40f285c20d8257ba
0,0,0,,0,0,0,0,0,ok,5c9175dbbf58566c
10,0,1,0.1,1,0,2,0,1,ok,349ab1a16f8d5f52
0,0,0,,0,3,0,0,0,ok,91e34f7f74ac599d
12,9,10,0.25,3,33,4,9,1,ok,037a0846d80b59b3
16,3,6,0.25,4,8,12,3,3,ok,f2a782e161f254f6
0,0,0,,0,3,2,0,0,ok,0b518bab3ad15ae0
16,1,1,0.0625,1,3,1,1,0,ok,2d2827b9718a58b1
7,0,0,0.0,0,3,3,0,0,ok,8fc3376ac7ea5349
10,1,4,0.3,3,0,6,0,3,ok,69561c6264805158
12,0,1,0.08333333333333333,1,3,12,0,1,ok,b78845543a51533f
1,1,0,0.0,0,3,0,0,0,ok,a1b75bd2904f5f3d
15,9,7,0.0,0,19,7,7,0,ok,d965357efc7e5d7e
10,2,3,0.2,2,4,3,2,1,ok,93e2102e33595d18
11,7,7,0.0,0,17,10,7,0,ok,681547ee2770571f
16,0,0,0.0,0,1,4,0,0,ok,38ff437ab002504b
0,0,0,,0,0,0,0,0,ok,576a2ef8490c532c
9,0,2,0.2222222222222222,2,6,4,0,2,ok,81afe5ccce7f50d9
16,0,0,0.0,0,0,1,0,0,ok,ea32d8c85da65ff9
12,0,0,0.0,0,9,5,0,0,ok,92da300d8b1d5a49
8,2,2,0.25,2,9,3,2,0,ok,e1d3fedeab765c80
5,0,0,0.0,0,7,2,0,0,ok,526925ddc86e5420
16,1,1,0.0,0,4,2,1,0,ok,d7d28b2cc06a5359
9,0,0,0.0,0,0,3,0,0,ok,5c2d9bcf57715744
8,0,1,0.125,1,0,3,0,1,ok,80e2038fd0555030
16,0,1,0.125,2,0,3,0,1,ok,2111b648fcba5bb7
16,0,1,0.0625,1,0,7,0,1,ok,6f386c362b6e5aed
6,0,0,0.16666666666666666,1,0,1,0,0,ok,7ccc93d9572b5a18
0,0,0,,0,0,1,0,0,ok,11f831b3448f568b
16,0,1,0.0625,1,0,4,0,1,ok,f7f7d3b608ba5ee9
11,5,5,0.09090909090909091,1,7,7,5,0,ok,18efef659a4651f2
11,0,0,0.0,0,0,0,0,0,ok,70c1e92a7ba45e75
1,0,0,0.0,0,1,1,0,0,ok,1a368aae8a7e5b13
15,5,7,0.2,3,10,4,5,2,ok,b060641fddb655d1
14,0,1,0.07142857142857142,1,0,2,0,1,ok,f426002d6e275e78
0,0,0,,0,0,0,0,0,ok,ca59965071a55942
15,0,3,0.26666666666666666,4,0,5,0,3,ok,7e88b93ad12953b8
11,2,3,0.09090909090909091,1,2,4,2,1,ok,944e41fded92504a
10,3,3,0.3,3,3,3,2,1,ok,c2e403518ead56f8
6,0,1,0.16666666666666666,1,0,2,0,1,ok,b31e98de32535d43
16,0,0,0.0625,1,0,4,0,0,ok,f3f86bb9fac45f8f
11,6,5,0.0,0,25,13,5,0,ok,98676495d802529d
0,0,0,,0,0,0,0,0,ok,b56cddde23685aa6
11,8,8,0.0,0,35,7,8,0,ok,8debba86b8f2519e
10,0,0,0.1,1,0,4,0,0,ok,faff5587f6385665
9,0,0,0.0,0,0,2,0,0,ok,3b15b67b4d445429
4,0,0,0.0,0,0,1,0,0,ok,98afe52b316653f5
9,0,0,0.0,0,0,6,0,0,ok,dcfd4ae1d64a5f62
7,7,7,0.0,0,21,2,7,0,ok,f580af36f764575c
16,0,1,0.0625,1,7,6,0,1,ok,d49e8aaf83e85c3f
16,2,2,0.25,4,8,6,2,0,ok,d9236b7d5ed25e66
0,0,0,,0,0,2,0,0,ok,0f42cdb5384b5a3a
16,1,1,0.1875,3,7,4,1,0,ok,dd9d11d8c66359fa
16,3,5,0.25,4,5,27,2,3,ok,b116f77fce285221
0,0,0,,0,0,0,0,0,ok,44d49893e8d450e8
7,0,0,0.0,0,2,1,0,0,ok,ebe5dfa54e795575
16,4,9,0.3125,5,13,22,4,5,ok,9167f9a2baad5284
5,0,0,0.0,0,0,0,0,0,ok,bfb355ae72d3561f
3,0,0,0.0,0,2,1,0,0,ok,5bff874bd21e5ebc
0,0,0,,0,0,1,0,0,ok,3215ef41a3245fe1
16,0,0,0.0,0,17,4,0,0,ok,8e42edb47b89596d
5,0,0,0.0,0,1,1,0,0,ok,e901ad4584ae5b51
12,8,11,0.25,3,22,5,8,3,ok,e7f82d3ee66750fe
0,0,0,,0,0,0,0,0,ok,91496cdbff455af6
10,3,3,0.0,0,31,4,3,0,ok,9ab896a9704f564f
16,0,1,0.0625,1,2,5,0,1,ok,b58c3009983056f1
15,0,1,0.06666666666666667,1,0,4,0,1,ok,561b4c7d8cbd5cb7
3,0,0,0.0,0,3,3,0,0,ok,3536f7c86fa3515c
12,0,1,0.16666666666666666,2,0,4,0,1,ok,2c6032a9c9b25a58
0,0,0,,0,0,2,0,0,ok,70e8b58840d25526
6,4,4,0.0,0,12,2,4,0,ok,94acd989719e5a93
12,0,0,0.0,0,0,1,0,0,ok,eca882618a445bac
12,0,1,0.08333333333333333,1,6,4,0,1,ok,9057771573df5782
11,6,7,0.09090909090909091,1,24,20,6,1,ok,536a034808115a12
16,1,1,0.0,0,0,4,0,0,ok,c2120278042157a4
0,0,0,,0,0,0,0,0,ok,342f03000a635437
13,0,1,0.07692307692307693,1,0,3,0,1,ok,5fc4ccda2e315791
9,1,2,0.1111111111111111,1,1,4,0,1,ok,fb19dff580925f6e
0,0,0,,0,0,0,0,0,ok,4f002496dc26558b
0,0,0,,0,0,0,0,0,ok,2aea6eeb452a5d9d
16,0,0,0.0,0,0,3,0,0,ok,2b03708a95a157e0
0,0,0,,0,0,2,0,0,ok,9f59bd13c0ee58e5
12,0,0,0.0,0,1,3,0,0,ok,5a36e5e3ddb25bf6
10,0,0,0.0,0,0,1,0,0,ok,fa7836d122de5b4c
16,2,2,0.1875,3,5,9,1,1,ok,1f6e7e59d30c5049
16,0,1,0.0625,1,0,3,0,1,ok,586c7331e3bf5543
16,0,0,0.0,0,0,2,0,0,ok,f92827e7e5755214
16,0,2,0.25,4,0,7,0,2,ok,12fe40ef501c54ed
9,0,0,0.0,0,0,1,0,0,ok,330d85047d50574a
12,8,10,0.16666666666666666,2,18,11,8,2,ok,3665e92446505260
16,0,1,0.1875,3,2,11,0,1,ok,b7dce13e70795516
0,0,0,,0,0,0,0,0,ok,f21db5df8a3350fa
10,0,0,0.0,0,0,6,0,0,ok,304b07d69077526c
0,0,0,,0,0,0,0,0,ok,9906abac5d275456
0,0,0,,0,0,0,0,0,ok,438f82af410c561e
0,0,0,,0,1,5,0,0,ok,e396b1a72c5c5182
16,0,0,0.0,0,0,3,0,0,ok,65d642b6e0425d0e
6,0,2,0.3333333333333333,2,0,3,0,2,ok,9cbfa927b61e5116
7,0,0,0.0,0,3,2,0,0,ok,ad9301a5ad0150da
10,0,1,0.1,1,2,13,0,1,ok,79ba053167a15001
8,0,0,0.0,0,3,2,0,0,ok,3540cd6d18ab5857
15,0,0,0.0,0,0,3,0,0,ok,6198aad68b2f5d58
9,1,1,0.1111111111111111,1,1,3,1,0,ok,f905e52841a85cc0
15,0,2,0.13333333333333333,2,1,7,0,2,ok,5b2cd310322c5ec5
5,0,0,0.0,0,19,2,0,0,ok,872b454f8f205a6b
16,1,3,0.125,2,7,13,0,2,ok,7b15a89dd2065095
10,0,1,0.1,1,1,2,0,1,ok,f30bda4a0afb5f49
16,0,2,0.125,2,0,6,0,2,ok,ccc79c0ef07a580f
12,1,2,0.08333333333333333,1,27,3,1,1,ok,2cd9e5f6d05e512d
0,0,0,,0,0,0,0,0,ok,3ebcdf5468b355b9
0,0,0,,0,1,0,0,0,ok,d8aa65c6bee15b7e
11,0,1,0.36363636363636365,4,0,2,0,1,ok,2586fc498f1d5228
12,1,1,0.0,0,4,3,1,0,ok,669cf47aa91d5c22
6,0,1,0.16666666666666666,1,0,2,0,1,ok,c964ef6792c35c6e
9,0,1,0.1111111111111111,1,0,2,0,1,ok,580e9ef22fe95e30
2,2,2,0.0,0,2,4,2,0,ok,19309ddf92b25e2f
3,0,1,0.6666666666666666,2,0,1,0,1,ok,ae2614e57b3e5314
16,0,1,0.1875,3,0,6,0,1,ok,08d029de355e598f
0,0,0,,0,1,0,0,0,ok,8ce9992296065d11
0,0,0,,0,1,0,0,0,ok,bb01640cc8dd5b5a
6,0,0,0.0,0,2,3,0,0,ok,af3f346053e75c89
9,9,6,0.0,0,18,2,6,0,ok,bebda0ee5a2352ab
0,0,0,,0,0,0,0,0,ok,686a58444c3055db
0,0,0,,0,0,1,0,0,ok,8ff614b9b0a456e6
0,0,0,,0,0,2,0,0,ok,f98a66d053c95957
0,2,2,,0,9,1,2,0,ok,70986fd99ac253b2
10,11,13,0.2,2,24,6,11,2,ok,18ede377d18452a8
2,3,3,0.0,0,12,1,3,0,ok,2d3874dd7a645aab
14,0,2,0.14285714285714285,2,0,6,0,2,ok,d0e9e93406bb5bfc
11,0,0,0.0,0,0,3,0,0,ok,a1d7b707a7c1578e
2,0,0,0.0,0,0,2,0,0,ok,b43f9027c33d5a13
16,0,0,0.0,0,1,2,0,0,ok,b56a6061520c5c84
16,0,3,0.1875,3,4,6,0,3,ok,a967b92e2e1055a1
5,0,0,0.0,0,0,1,0,0,ok,052c68d6ac395a56
0,0,0,,0,0,1,0,0,ok,abbb868112235b57
16,0,0,0.0,0,0,0,0,0,ok,735ca81e8eea59ca
10,0,1,0.1,1,0,3,0,1,ok,74c842352bea52b1
0,0,0,,0,0,0,0,0,ok,385df4728cf35206
16,0,0,0.0625,1,4,3,0,0,ok,72ce5000303f5b67
3,0,0,0.0,0,13,3,0,0,ok,ad37b680383e5a17
0,0,0,,0,0,0,0,0,ok,25a4c44bc08655ef
12,0,0,0.0,0,0,3,0,0,ok,7444e013a5a05222
0,0,0,,0,3,0,0,0,ok,56416d7ab5ea57bb
9,6,6,0.0,0,22,2,6,0,ok,a5915a6c5c0b59b4
0,0,0,,0,0,0,0,0,ok,8f4244fa883c59d0
3,7,8,0.3333333333333333,1,25,2,7,1,ok,28b9c0a6392e57e7
3,0,1,0.3333333333333333,1,0,2,0,1,ok,37deb59e74305054
16,0,0,0.0,0,2,6,0,0,ok,e135dfbd00cc5b11
0,0,0,,0,0,0,0,0,ok,1242e4b7821b5ad1
7,3,3,0.14285714285714285,1,24,8,2,1,ok,374648159d3e5c89
5,9,6,0.0,0,15,1,6,0,ok,7ad0fac250b65237
8,2,3,0.125,1,11,7,2,1,ok,bbd7eefe01e750ce
12,12,14,0.25,3,23,6,12,2,ok,956a3f9e2a1d527b
12,0,0,0.08333333333333333,1,0,6,0,0,ok,11660b78ca875603
10,0,0,0.0,0,0,5,0,0,ok,40d181f928905824
16,0,2,0.125,2,8,10,0,2,ok,c43114bca2995614
8,3,3,0.125,1,8,5,3,0,ok,0a607e9d8e6150ed
11,0,2,0.45454545454545453,5,0,4,0,2,ok,102b4cba53f7575e
10,0,2,0.2,2,0,5,0,2,ok,1afb4602e5615b21
0,0,0,,0,0,1,0,0,ok,92d7886d38a95916
16,1,1,0.25,4,5,10,1,0,ok,eb76e784b4b65bb7
13,2,3,0.23076923076923078,3,7,5,2,1,ok,9fc9a948facb5925
16,0,0,0.0625,1,0,3,0,0,ok,ad005f00066256b6
6,5,4,0.0,0,14,1,4,0,ok,f4c7ff6f67ef5280
11,15,14,0.0,0,31,3,14,0,ok,4c3b4cb0555357a7
5,1,2,0.2,1,2,4,1,1,ok,55e30762c2bc56bb
14,0,1,0.14285714285714285,2,0,4,0,1,ok,7926d7c359195692
9,0,0,0.0,0,1,3,0,0,ok,4c5ea29eb3e2502c
12,0,0,0.08333333333333333,1,0,2,0,0,ok,24829c5bebbc5c22
14,0,1,0.14285714285714285,2,0,5,0,1,ok,3fb14be983675bdf
7,2,3,0.14285714285714285,1,14,4,2,1,ok,2cd89478f6a6579b
15,1,1,0.0,0,6,2,1,0,ok,a56aba4b2e495949
12,9,11,0.16666666666666666,2,20,2,9,2,ok,97c00901ede95e6a
16,0,0,0.0,0,3,6,0,0,ok,a4d25482fffb541d
4,0,0,0.0,0,5,3,0,0,ok,afa037e1a27a5b85
15,0,0,0.0,0,0,2,0,0,ok,35573f03807d588b
12,0,0,0.0,0,0,6,0,0,ok,c7e1277ffb9355a4
16,0,2,0.125,2,0,9,0,2,ok,6d6588bc36fe5070
2,0,0,0.0,0,0,1,0,0,ok,d986cf82949f5242
16,3,2,0.0625,1,13,5,2,0,ok,b5699cf1103e5218
16,0,1,0.0625,1,0,5,0,1,ok,a35cdcb5ca38599c
4,4,4,0.0,0,20,2,4,0,ok,3d291151e18a5fc4
11,0,0,0.0,0,0,3,0,0,ok,0cc0a888f06b562c
16,0,0,0.0625,1,0,1,0,0,ok,e59741d60ce35fee
9,0,1,0.3333333333333333,3,1,3,0,1,ok,7a7fe97048b05931
16,0,0,0.0,0,0,8,0,0,ok,70497235995854bc
6,2,1,0.3333333333333333,2,2,6,0,1,ok,3bf76ed3e10e5058
5,0,0,0.0,0,0,4,0,0,ok,64e81a42b8f354e3
4,2,2,0.25,1,1,1,1,1,ok,96fa7ee122cd53c6
16,2,3,0.125,2,14,14,2,1,ok,20f4b98587d25c47
0,0,0,,0,0,1,0,0,ok,256e7d493c145b46
9,1,1,0.0,0,5,0,1,0,ok,269fe201f95150c7
16,0,0,0.0,0,0,2,0,0,ok,9665f01f2a875653
4,1,1,0.25,1,1,2,1,0,ok,e0cc1769853b55aa
0,0,0,,0,0,2,0,0,ok,0c6ed9dbc1c95764
7,0,0,0.0,0,0,2,0,0,ok,9e695df787a05365
12,8,8,0.08333333333333333,1,26,3,7,1,ok,fa2b088e98775656
0,0,0,,0,0,1,0,0,ok,cb757158e83b5570
5,0,0,0.0,0,0,1,0,0,ok,5d31ac7e115f5a3f
0,0,0,,0,1,0,0,0,ok,f2cdaab25f915014
0,0,0,,0,0,1,0,0,ok,0a4d8f9c20bb5834
16,0,1,0.0625,1,0,7,0,1,ok,fdd8f362969b5d38
4,0,0,0.0,0,0,1,0,0,ok,bca2f017a74d55eb
15,0,1,0.06666666666666667,1,0,5,0,1,ok,87cdbbbba84756da
16,0,2,0.1875,3,4,10,0,2,ok,e9b0d4743b3f5256
16,8,9,0.0625,1,17,22,8,1,ok,f3cc3edc361259bb
13,0,0,0.0,0,1,15,0,0,ok,ab837a861a7451ab
16,1,2,0.125,2,1,5,0,1,ok,ca55103f886e552f
8,7,8,0.125,1,20,5,7,1,ok,7e914ed92db35eda
13,0,0,0.0,0,0,4,0,0,ok,f38018da298c586e
16,1,1,0.0,0,0,7,0,0,ok,a88105b451fa560c
0,0,0,,0,1,0,0,0,ok,a40c91d7d5125de5
2,2,2,0.5,1,5,4,1,1,ok,6a76ec8a98a35e6e
13,3,3,0.0,0,10,8,3,0,ok,71281ce8f1305d51
3,0,0,0.0,0,3,0,0,0,ok,3ac3ba2efa3e5720
16,3,3,0.0,0,5,10,2,0,ok,c38e5245e9b35caf
16,3,4,0.1875,3,8,5,3,1,ok,1238260798d35295
3,0,0,0.0,0,0,0,0,0,ok,f92916062f3a5e1b
16,3,4,0.1875,3,9,7,3,1,ok,d972d203d72f5214
16,0,0,0.1875,3,1,3,0,0,ok,5becded93a0d5e6d
7,0,0,0.0,0,0,2,0,0,ok,9c766ef5be195a20
7,1,1,0.14285714285714285,1,2,3,1,0,ok,0d0164872ff8559b
12,0,0,0.0,0,0,4,0,0,ok,a8f2f5a759a157f4
8,0,0,0.0,0,0,5,0,0,ok,6e848d5940595d6e
8,2,3,0.125,1,15,5,2,1,ok,e441e5f950fa5bee
16,0,1,0.0625,1,2,9,0,1,ok,016f350c5d575423
4,4,4,0.25,1,10,1,3,1,ok,3af19c242f105632
15,0,0,0.0,0,0,1,0,0,ok,6f451f280ef95571
1,1,1,0.0,0,4,1,1,0,ok,2e5a2d24653b5d05
0,0,0,,0,0,0,0,0,ok,cb85c2c58c385933
0,3,2,,0,14,7,2,0,ok,826d3d3479075153
15,1,1,0.0,0,6,4,1,0,ok,36d527a7db70506b
16,0,1,0.125,2,1,7,0,1,ok,036f93df86e454ea
13,1,2,0.07692307692307693,1,6,3,1,1,ok,4c1fd2bcd25c544b
16,0,1,0.0625,1,0,13,0,1,ok,c8e198081f4e5c57
16,0,0,0.0,0,0,2,0,0,ok,138628c3064f5612
11,1,1,0.0,0,5,4,0,0,ok,a6148cc5f0ff572e
2,0,1,0.5,1,0,1,0,1,ok,b525a53e17c85c1f
6,0,0,0.0,0,0,1,0,0,ok,5ac74a681c0b5633
0,0,0,,0,1,0,0,0,ok,826af875556a5008
16,4,6,0.25,4,12,9,4,2,ok,a2130e81363b584f
9,0,2,0.2222222222222222,2,0,7,0,2,ok,b2715a7c528d56c6
13,14,14,0.0,0,27,2,14,0,ok,0ca85c13a0fb5b6c
16,0,0,0.0,0,0,9,0,0,ok,a329ea76899d58e8
14,0,3,0.21428571428571427,3,0,7,0,3,ok,81360bfb62205a5b
16,2,3,0.375,6,9,11,2,1,ok,4b05046f658e5b42
6,3,3,0.0,0,8,3,3,0,ok,f3d76762564e5d5a
16,0,1,0.0625,1,0,5,0,1,ok,49cd6e5aadcb511e
14,0,0,0.0,0,1,4,0,0,ok,e9dbf4c1a482550f
6,3,4,0.3333333333333333,2,17,2,3,1,ok,23c2c63d13765a64
1,0,0,0.0,0,0,2,0,0,ok,5e4a3f60623b5619
5,0,0,0.0,0,0,2,0,0,ok,5e7ed3f468035b58
16,0,0,0.0,0,0,4,0,0,ok,b25d71ca4fd35259
12,0,0,0.0,0,0,1,0,0,ok,b3d41f3dd2cb5e59
12,0,0,0.0,0,2,2,0,0,ok,bfc0af45ff8155bf
0,1,1,,0,1,0,1,0,ok,4f8615aec2a65bbd
16,3,3,0.0,0,33,2,3,0,ok,e4cc52992bac5592
6,0,0,0.0,0,0,1,0,0,ok,8d9a8c8dcae95ac7
16,0,0,0.0,0,3,9,0,0,ok,97dbcb3d3f5e5c59
10,9,9,0.0,0,21,1,9,0,ok,8f337ba90bd15195
11,0,0,0.0,0,0,2,0,0,ok,0d294da54cbe5902
16,0,0,0.0,0,0,9,0,0,ok,2750e964db3552ce
9,0,0,0.0,0,0,2,0,0,ok,c64113db35e659ab
0,0,0,,0,1,2,0,0,ok,92e82b55187858af
6,0,0,0.0,0,0,3,0,0,ok,b6bf2d44366c5ffb
15,0,3,0.2,3,0,7,0,3,ok,758e093f8f975bcf
16,0,2,0.3125,5,1,9,0,2,ok,641fe16b857f5c1a
15,0,1,0.06666666666666667,1,1,6,0,1,ok,059dee1427955d5a
7,0,1,0.14285714285714285,1,2,5,0,1,ok,55d59f831a095cb6
16,1,1,0.0,0,0,10,0,0,ok,93580589d9ec5b6c
5,0,0,0.0,0,0,2,0,0,ok,48a76d66a4e05868
0,0,0,,0,0,0,0,0,ok,8f3ef9ae3ce45608
16,1,2,0.25,4,0,12,0,2,ok,7d1c0eac838c5643
0,1,1,,0,4,1,1,0,ok,c018917890845544
16,2,2,0.0625,1,5,3,1,0,ok,1ae5dcec80785ff7
5,0,1,0.4,2,6,2,0,1,ok,6e481e9476c55ef3
0,0,0,,0,0,0,0,0,ok,55fa0f92201a5011
9,0,0,0.0,0,0,2,0,0,ok,8bebfcb9018d5347
16,1,2,0.0625,1,4,5,1,1,ok,1800ee9589145408
0,0,0,,0,0,5,0,0,ok,908c6fe0a3465738
12,0,0,0.08333333333333333,1,0,2,0,0,ok,25c365aaef10564a
3,0,1,0.3333333333333333,1,0,1,0,1,ok,80960f2a2a875bab
0,0,0,,0,0,1,0,0,ok,7482f750a29155d7
1,1,1,0.0,0,10,1,1,0,ok,db8bbc3a195f539e
16,2,4,0.125,2,29,13,2,2,ok,ff1893a5951f5da4
7,0,0,0.0,0,1,1,0,0,ok,89f8aba056dd5bb4
3,0,0,0.0,0,6,0,0,0,ok,660f9924bb42550d
16,11,17,0.4375,7,30,32,10,6,ok,491404e0515f5888
2,1,1,0.0,0,16,1,1,0,ok,131dfdf597cc5955
0,0,0,,0,1,0,0,0,ok,3c6faf5102c454c6
13,0,1,0.07692307692307693,1,0,2,0,1,ok,021bf80294075e7e
5,8,8,0.0,0,32,2,8,0,ok,64ce3788bead5bcd
5,0,1,0.4,2,5,4,0,1,ok,ca5648a38553511c
5,0,1,0.2,1,0,4,0,1,ok,a9abbb54acdd5906
0,2,2,,0,5,2,2,0,ok,d1883b8ab31d5633
16,0,0,0.0,0,0,2,0,0,ok,8c00d55bea955f5a
12,1,2,0.16666666666666666,2,2,5,1,1,ok,6b600c1ed681554a
16,1,1,0.0625,1,1,3,0,1,ok,a14dcf03131f51df
16,2,2,0.125,2,7,3,2,0,ok,3712e665955a5b80
0,0,0,,0,0,0,0,0,ok,6b40debf99035636
4,4,4,0.25,1,9,2,4,0,ok,a516895bebbd546b
16,0,1,0.0625,1,1,6,0,1,ok,a73113ee0e715244
15,0,0,0.13333333333333333,2,0,4,0,0,ok,7b5f60d169515caa
5,4,4,0.0,0,8,1,4,0,ok,d42ef1ca8921561c
16,0,0,0.0,0,0,3,0,0,ok,3bd4d357ddce5778
0,1,1,,0,10,1,1,0,ok,024ff2714d67526d
4,0,1,0.25,1,0,7,0,1,ok,b549528cd2d2529d
0,0,0,,0,3,0,0,0,ok,39f2d4b0cb475df8
8,1,2,0.125,1,6,15,1,1,ok,59c1472f594353b4
9,1,0,0.0,0,3,5,0,0,ok,ed450006a23a5cda
9,6,6,0.1111111111111111,1,15,3,6,0,ok,e5bee4d6a10156b1
16,0,0,0.0625,1,0,4,0,0,ok,84bcdf5465195dc7
0,0,0,,0,0,0,0,0,ok,e362347ad28d592f
13,1,2,0.07692307692307693,1,2,7,1,1,ok,373dce0b18765b0b
14,0,0,0.07142857142857142,1,0,5,0,0,ok,abd9450aa68b5bd4
5,0,0,0.0,0,0,2,0,0,ok,d9a85f2b168854ba
13,0,1,0.07692307692307693,1,0,5,0,1,ok,7b9c1ff8cd945835
10,1,4,0.4,4,0,5,0,3,ok,7078c3ba66df5a93
0,0,0,,0,0,0,0,0,ok,7ddc2627e9325305
16,0,2,0.1875,3,0,4,0,2,ok,d7e50783382c52c8
1,2,2,0.0,0,8,2,2,0,ok,8955b1519f895adb
0,1,1,,0,5,0,1,0,ok,4d8218b8eddf5291
0,0,0,,0,0,0,0,0,ok,7879cf97cace5562
15,0,0,0.06666666666666667,1,0,3,0,0,ok,bef40767426458fe
0,0,0,,0,0,0,0,0,ok,00b9cd7926dc55fa
16,0,1,0.0625,1,2,4,0,1,ok,14d2b0e8557952a8
15,0,1,0.06666666666666667,1,0,2,0,1,ok,0950be0cf8645daa
7,0,0,0.0,0,0,5,0,0,ok,42a864d4c74e50bb
3,0,0,0.0,0,0,1,0,0,ok,6e32f9cbaa8b5b9a
16,0,2,0.3125,5,0,7,0,2,ok,bdd80b14c8f454b9
16,0,0,0.0,0,1,3,0,0,ok,60513e80fb2d55cd
6,2,2,0.0,0,9,5,2,0,ok,34439a791c2b5459
9,1,1,0.0,0,1,2,1,0,ok,d85eca79cc705b11
15,1,3,0.2,3,8,5,0,2,ok,b34a836e842c5108
11,3,3,0.0,0,12,5,3,0,ok,40f271bad96b5179
