comfort,drivable_area_compliance,driving_direction_compliance,ego_progress,log,no_at_fault_collisions,proposal_sha256,run,score,status,time_to_collision_within_bound,token
1.0,1.0,1.0,0.7966124828578947,2021.10.05.08.11.15_veh-50_00437_00585,1.0,1fe218c5c53f6e708aa51c339a2478d677e457be6b9e617307551cf4c7785407,planner_dev1696_baseline,0.9152552011907895,ok,1.0,015173513fc25684
1.0,1.0,1.0,0.7905915002631275,2021.10.05.08.11.15_veh-50_00437_00585,1.0,261d92166e1193535a7cbc9bc517c8f0b387ee4695139c4b56c86bf1414f44e9,planner_dev1696_baseline,0.9127464584429698,ok,1.0,0265d0c659745deb
1.0,1.0,1.0,0.9089168700335116,2021.10.05.08.11.15_veh-50_00437_00585,1.0,144572c566f5f61d73cee2e344222eb97cd548ef59a9f9a4e13c1318ea7e0d90,planner_dev1696_baseline,0.9620486958472965,ok,1.0,027d63f008ba518b
1.0,1.0,1.0,0.6829503259240852,2021.10.05.08.11.15_veh-50_00437_00585,1.0,9c40c569fc4ba4de3828e387fc9c0476095318de2dbc09370c3ebd508bb26c29,planner_dev1696_baseline,0.8678959691350355,ok,1.0,04d3c2f7702750b6
1.0,1.0,1.0,0.6644411377106954,2021.10.05.08.11.15_veh-50_00437_00585,1.0,661b8be437ad3ab4eccc61537cefeab9407772ab3a46af35a9ae62bf8775b043,planner_dev1696_baseline,0.8601838073794564,ok,1.0,066d174c1ee2516a
1.0,1.0,1.0,0.6008256072834471,2021.10.05.08.11.15_veh-50_00437_00585,1.0,e935b0561a936d2542162507f25b85b98f1a9dbfc8e461fcc6df895d2259ede0,planner_dev1696_baseline,0.8336773363681029,ok,1.0,077e1ef7a2dd526e
1.0,1.0,1.0,0.6409889461293639,2021.10.05.08.11.15_veh-50_00437_00585,1.0,9d4ddfb8476a3fafe843dff1a48f71bd46772c42318f655e7861c67c3638fbf2,planner_dev1696_baseline,0.8504120608872349,ok,1.0,079dad1bf4aa53ff
1.0,1.0,1.0,0.5788531308266909,2021.10.05.08.11.15_veh-50_00437_00585,1.0,9570c9c8f36de9d5f481acc32d383be4a54353c08c2e0612450d8af85d60853c,planner_dev1696_baseline,0.8245221378444545,ok,1.0,0965ca8d343855bd
1.0,1.0,1.0,0.6652228415286771,2021.10.05.08.11.15_veh-50_00437_00585,1.0,21f52205124435c1b83c32b7b642c6d5ca1dd00af8f01619f895ae32cec08a11,planner_dev1696_baseline,0.8605095173036155,ok,1.0,0dbe21f7e02a578a
1.0,1.0,1.0,0.6456204581869086,2021.10.05.08.11.15_veh-50_00437_00585,1.0,2fb7e46187cee09baae03f926fbe0c8550ba1512af62d76bd17eeb739f3cced7,planner_dev1696_baseline,0.8523418575778786,ok,1.0,0e3398e6271350b4
1.0,1.0,1.0,0.6363435869275427,2021.10.05.08.11.15_veh-50_00437_00585,1.0,002728a83734e7bb5f2d04ee1aeb5520085a82c6818587db305533fab4842a54,planner_dev1696_baseline,0.8484764945531428,ok,1.0,0ef4861884495fee
1.0,1.0,1.0,0.7185832962467044,2021.10.05.08.11.15_veh-50_00437_00585,1.0,10c33dd461bf32ae9d4fa886f0ca3a38f0173f0dfa03f08fbd5e5ec8b1306b70,planner_dev1696_baseline,0.8827430401027935,ok,1.0,113ce1e07c7a5543
1.0,1.0,1.0,0.6514759322375908,2021.10.05.08.11.15_veh-50_00437_00585,1.0,6f1647d0d487e3c6a42fd65a2fc95090c4f64982a1ab0d0a27a06a5e8908dd8e,planner_dev1696_baseline,0.8547816384323296,ok,1.0,1aaa5de27ef2529c
1.0,1.0,1.0,0.6093391132091801,2021.10.05.08.11.15_veh-50_00437_00585,1.0,e5be09870b05121735f3708b1f4d079b33e8c4994a831a948a4573910487049f,planner_dev1696_baseline,0.8372246305038251,ok,1.0,1bdb793cdfcd5db0
1.0,1.0,1.0,0.648091264718866,2021.10.05.08.11.15_veh-50_00437_00585,1.0,94d8eba87de22e6b1ab9e5a727e2caf16a82731b2c0e3b0df0b487aabfb079b3,planner_dev1696_baseline,0.8533713602995275,ok,1.0,1c6cfd6bae4954dc
1.0,1.0,1.0,0.643394277756406,2021.10.05.08.11.15_veh-50_00437_00585,1.0,73fea6f59fd27d1f61a68bf4cbea1d41f6ffb3093dcad65b15bee1da4fb078c5,planner_dev1696_baseline,0.8514142823985025,ok,1.0,1ec5607c174e58db
1.0,1.0,1.0,0.8621114485951221,2021.10.05.08.11.15_veh-50_00437_00585,1.0,9a0847fc2b33fec88c5ac22f2be07c333ae32f11dcf2d6b2096e8b24bc03b5f3,planner_dev1696_baseline,0.9425464369146342,ok,1.0,1edaacb093c25e24
1.0,1.0,1.0,0.6905915028555001,2021.10.05.08.11.15_veh-50_00437_00585,1.0,da330c34c753694d16f7a45736e6850dfb906bb17e1b82232f7f95dbad097597,planner_dev1696_baseline,0.8710797928564583,ok,1.0,205cf1f3466a5af6
1.0,1.0,1.0,0.762126971490652,2021.10.05.08.11.15_veh-50_00437_00585,1.0,14f4b7a5a9597a842f22b10cdc7ec7c3461c872ef416c185d7c7955cf929d0d4,planner_dev1696_baseline,0.9008862381211049,ok,1.0,21b4fab862a858b8
1.0,1.0,1.0,0.6298718165405695,2021.10.05.08.11.15_veh-50_00437_00585,1.0,3e7504e03081fe16916725b80de58edf0114c8fea66d00e80ced30df8a89edd6,planner_dev1696_baseline,0.8457799235585707,ok,1.0,22119d9673db504e
1.0,1.0,1.0,0.6662072141464586,2021.10.05.08.11.15_veh-50_00437_00585,1.0,38b67df04cf48610757c65cb599b4b6ee071caee2d850b570e50b9adc66d8a32,planner_dev1696_baseline,0.8609196725610243,ok,1.0,22903ed6b4b45809
1.0,1.0,1.0,0.8757337566722321,2021.10.05.08.11.15_veh-50_00437_00585,1.0,03c4170c7257f4f9b73e2049b6c7ebdf003be6f1e06c4f7a707f04a0369ac7ce,planner_dev1696_baseline,0.94822239861343,ok,1.0,24531603f9315046
1.0,1.0,1.0,0.784009087562091,2021.10.05.08.11.15_veh-50_00437_00585,1.0,da1c10f2428943ec698a54da48102575e31ba232c62309bb33658349cba3c5d4,planner_dev1696_baseline,0.9100037864842045,ok,1.0,25f2e28652bc5f06
1.0,1.0,1.0,0.5758192034166135,2021.10.05.08.11.15_veh-50_00437_00585,1.0,319483abcbb14ff002f33503a3f5da7ddb52c4559439783165839e07126a56c6,planner_dev1696_baseline,0.823258001423589,ok,1.0,2754ab87df25534c
1.0,1.0,1.0,0.8294180644155255,2021.10.05.08.11.15_veh-50_00437_00585,1.0,888c60f00a7dae59518160722cf2e60e1e3b8c2adee149148f168ac24159e1a4,planner_dev1696_baseline,0.9289241935064689,ok,1.0,33173f63a6ff513d
1.0,1.0,1.0,0.7899225463104005,2021.10.05.08.11.15_veh-50_00437_00585,1.0,0d30a4a153623e55717f4a64201b9d75381e9c8eff07e1a5f7900106f42713e8,planner_dev1696_baseline,0.9124677276293335,ok,1.0,344591ad59d7517d
1.0,1.0,1.0,0.6828406159245313,2021.10.05.08.11.15_veh-50_00437_00585,1.0,54146584ccbc5b189fe7f925897fa829aa76240330e9e41abb85737db22cef69,planner_dev1696_baseline,0.8678502566352213,ok,1.0,3e36bef4c12f5be7
1.0,1.0,1.0,0.8060464087146944,2021.10.05.08.11.15_veh-50_00437_00585,1.0,96dc157966ed7a178751edf5e28b89e926d15feddafca381ab49e8b682b1a9e0,planner_dev1696_baseline,0.9191860036311227,ok,1.0,40d427a5bcb95ad2
1.0,1.0,1.0,0.8308473919018327,2021.10.05.08.11.15_veh-50_00437_00585,1.0,90bae6186edd7917c6c717c57494f01259219ac0268db60b19871f7180d94e53,planner_dev1696_baseline,0.9295197466257635,ok,1.0,4876b61c929f5180
1.0,1.0,0.5,0.6687531703680961,2021.10.05.08.11.15_veh-50_00437_00585,1.0,cadc9647b3589dcf97e344b06d1e2d27f43b6100e7210223fd63332008f35687,planner_dev1696_baseline,0.8619804876533733,ok,1.0,4878391796105da9
1.0,1.0,1.0,0.7259008415648104,2021.10.05.08.11.15_veh-50_00437_00585,1.0,6c933fc508f7a205fabb7c4832fa2a98059b327369356734730c139f39a98cd7,planner_dev1696_baseline,0.885792017318671,ok,1.0,51dc80968c9c5e08
1.0,1.0,1.0,0.751610987346464,2021.10.05.08.11.15_veh-50_00437_00585,1.0,0bd5edec569e44e0c95eff6ea2a9ad39718c8c6da80ca50f1182693579c9ff83,planner_dev1696_baseline,0.8965045780610267,ok,1.0,5ad9e7defd1150e4
1.0,1.0,1.0,0.9901007105277573,2021.10.05.08.11.15_veh-50_00437_00585,1.0,25e7bf7e06ef15e1b596f005b929217ec9be0834b407629fba6cab258d254791,planner_dev1696_baseline,0.9958752960532321,ok,1.0,6158d35892e55941
1.0,1.0,1.0,0.6838581445158113,2021.10.05.08.11.15_veh-50_00437_00585,1.0,9ba35904904411064ab1457982be1090484b571d8f7f71c5f2f2d3cfbf7a7b70,planner_dev1696_baseline,0.8682742268815881,ok,1.0,6320ecb991675a39
1.0,1.0,1.0,0.7337771226932693,2021.10.05.08.11.15_veh-50_00437_00585,1.0,79a95ea1670bd49fc4702f0b25fe38509970c131f0a90090d651c8d71688eb07,planner_dev1696_baseline,0.8890738011221956,ok,1.0,63c8f3d715e85c4f
1.0,1.0,1.0,0.7107977380100773,2021.10.05.08.11.15_veh-50_00437_00585,1.0,94ae7db4b40fdc9534031c3513338ba0149d9f42c2e23d9d5ea8560736d1832a,planner_dev1696_baseline,0.8794990575041989,ok,1.0,6c96474a9c865359
1.0,1.0,1.0,0.6010559029027708,2021.10.05.08.11.15_veh-50_00437_00585,1.0,c5462de1f216c45313b887beda138c748ad0fd8df8acb42e9da6ba9ee58d967d,planner_dev1696_baseline,0.8337732928761544,ok,1.0,6ef77d4b725a5cf4
1.0,1.0,1.0,0.852012940942584,2021.10.05.08.11.15_veh-50_00437_00585,1.0,b277cde5a1f6bc1505bcb83672fe1bba7864e9eda2698bfba529d290ec18fbe5,planner_dev1696_baseline,0.9383387253927434,ok,1.0,72ebf07a88b25937
1.0,1.0,1.0,0.7259842047130469,2021.10.05.08.11.15_veh-50_00437_00585,1.0,0f42c06c4ca6dead38515fa6fdfc412b940370fb60e8644374ea125619cf3eec,planner_dev1696_baseline,0.8858267519637696,ok,1.0,7307e312a7755908
1.0,1.0,1.0,0.8725183345386104,2021.10.05.08.11.15_veh-50_00437_00585,1.0,f531dc900dddbaf779325e505cab0c058d9c9b5d4867e6c8067d39ca123b45df,planner_dev1696_baseline,0.9468826393910876,ok,1.0,756a836fafd05442
1.0,1.0,1.0,0.7410495303298972,2021.10.05.08.11.15_veh-50_00437_00585,1.0,719896bef39b42c2b0ec1b046579e07b4addbe02269592e8f35af32102143d12,planner_dev1696_baseline,0.8921039709707905,ok,1.0,770cf5148b3353a3
1.0,1.0,1.0,0.603673937342279,2021.10.05.08.11.15_veh-50_00437_00585,1.0,a4a2451fc8790420f61d8b32abb202ddd2adb8ee7cf4d1600e84633959b92ea8,planner_dev1696_baseline,0.8348641405592829,ok,1.0,7cf3f478246b5da6
1.0,1.0,1.0,0.5434981897568064,2021.10.05.08.11.15_veh-50_00437_00585,1.0,3cbaaedb85b22fcf61560d15ecd92f94c75814f14e3874c060447cacbe6335a0,planner_dev1696_baseline,0.8097909123986694,ok,1.0,7f8be3abc0f45edf
1.0,1.0,1.0,0.5847890924918084,2021.10.05.08.11.15_veh-50_00437_00585,1.0,71dd18416f1ea687a0473af2cf32d6e6000c9fa26ff49f8d88185a19be393e2a,planner_dev1696_baseline,0.8269954552049201,ok,1.0,83d4827aebe85832
1.0,1.0,1.0,0.7657741200583094,2021.10.05.08.11.15_veh-50_00437_00585,1.0,d4af372c54915ed8044cb4c2065496323103b83ce8084eb85f53273dd72f3d65,planner_dev1696_baseline,0.9024058833576288,ok,1.0,84b9bc99160c578f
1.0,1.0,1.0,0.8640183989212262,2021.10.05.08.11.15_veh-50_00437_00585,1.0,1ef72b128c3283a11d20ae0ef961c0333990e22a5c531d74f2302340790d63ed,planner_dev1696_baseline,0.9433409995505109,ok,1.0,87516e1eaafc5107
1.0,1.0,1.0,0.8002137954919372,2021.10.05.08.11.15_veh-50_00437_00585,1.0,f7b5460d526cd8811e8b8d3d12116cbcfe9168806e2ba8974fdd8d07a3905260,planner_dev1696_baseline,0.9167557481216404,ok,1.0,8c627a1fb8225bc0
1.0,1.0,1.0,0.7077507722578624,2021.10.05.08.11.15_veh-50_00437_00585,1.0,0245d40a08d6a3158e14a63aa3a3126203439dd88e50fda54f9cc898c10e51c6,planner_dev1696_baseline,0.878229488440776,ok,1.0,8f7463455b225dfb
1.0,1.0,1.0,0.5963582044878064,2021.10.05.08.11.15_veh-50_00437_00585,1.0,98c5b145c37cc2163a26ad0bb4c173f15292e201399231e78afaed84c65f2125,planner_dev1696_baseline,0.8318159185365861,ok,1.0,92292554325a5fad
1.0,1.0,1.0,0.8530320545143444,2021.10.05.08.11.15_veh-50_00437_00585,1.0,d4196b38fd909f858c8ef4e85978a62a18fcf681a7a8391d68db158a95238fac,planner_dev1696_baseline,0.9387633560476435,ok,1.0,9ce14bde80df5bab
1.0,1.0,1.0,0.7217514039882051,2021.10.05.08.11.15_veh-50_00437_00585,1.0,1d4fcf54e8845bc665be913c6dcef46e426d19e92e7915d555057bd3f833a156,planner_dev1696_baseline,0.8840630849950855,ok,1.0,a99dbc17a6f35fa0
1.0,1.0,1.0,0.9730014631172662,2021.10.05.08.11.15_veh-50_00437_00585,1.0,c92d9a5b8669379c72e9ac2bd763abc5aa7c324d76f64212976c678bb6765ca3,planner_dev1696_baseline,0.9887506096321942,ok,1.0,abc8c3e51f5857d5
1.0,1.0,1.0,0.8279859382550361,2021.10.05.08.11.15_veh-50_00437_00585,1.0,63be6f5fb5acad10c133dfc0df2ed4f4d472d473a8dea18e8fc31d22825bd5ac,planner_dev1696_baseline,0.9283274742729318,ok,1.0,abf1cce3aa57532a
1.0,1.0,1.0,0.7022667637378078,2021.10.05.08.11.15_veh-50_00437_00585,1.0,560bb6c85699f38252bf037f25abed847409757f8e90a7e723bea33b5eb342c5,planner_dev1696_baseline,0.8759444848907533,ok,1.0,aeac6b9b55cb5709
1.0,1.0,1.0,0.6695637102949711,2021.10.05.08.11.15_veh-50_00437_00585,1.0,edfa837c9081e81427c6e1deb8ed3be9ec82094231809cce6c22444a62f63309,planner_dev1696_baseline,0.8623182126229046,ok,1.0,b08f0c9d23f054dc
1.0,1.0,1.0,0.6296704335619607,2021.10.05.08.11.15_veh-50_00437_00585,1.0,0a22ab047c8a74f9ff6cfb2a345a7a6424c125507a92f82dc047c674619a0b04,planner_dev1696_baseline,0.8456960139841504,ok,1.0,b49af1daed2a5108
1.0,1.0,1.0,0.6305038810819481,2021.10.05.08.11.15_veh-50_00437_00585,1.0,1c188ef0d06caa6329f14aa0a5b845c2263c20d8cbf66af9298a2c31002a95db,planner_dev1696_baseline,0.8460432837841451,ok,1.0,b5099ae80a345e3e
1.0,1.0,1.0,0.7538006007677642,2021.10.05.08.11.15_veh-50_00437_00585,1.0,555bd88a4639f9ace747ce0fbdeb2362d8597867400c829f1559a42eb3eefa8e,planner_dev1696_baseline,0.8974169169865686,ok,1.0,b85595849a165d8f
1.0,1.0,1.0,0.9669646047417538,2021.10.05.08.11.15_veh-50_00437_00585,1.0,bf58ca1f8f0bfcab900b48a012b83d5a55737d65b78ecedabb262c4167ca771e,planner_dev1696_baseline,0.9862352519757307,ok,1.0,bf12b61919e85002
1.0,1.0,1.0,0.7684415190961628,2021.10.05.08.11.15_veh-50_00437_00585,1.0,30cccbcf67f7f4c5fcac6f7fb59dd03edfa8fbdcecdedd5ed79a963aea0bfa51,planner_dev1696_baseline,0.9035172996234011,ok,1.0,c782b0ff62235fda
1.0,1.0,1.0,0.582108042806732,2021.10.05.08.11.15_veh-50_00437_00585,1.0,f54be15e6374b0876abb6a97b5be626bf6ce96ba08b2ee2081abcb543302f2f4,planner_dev1696_baseline,0.8258783511694716,ok,1.0,c7a4ef2685fe5928
1.0,1.0,1.0,0.8648771738852311,2021.10.05.08.11.15_veh-50_00437_00585,1.0,27769ebe390b25c230352e2630dd294471e96bd81f1a4e235412e226220d2599,planner_dev1696_baseline,0.9436988224521796,ok,1.0,c7e729ba460a565d
1.0,1.0,1.0,0.6872207899304265,2021.10.05.08.11.15_veh-50_00437_00585,1.0,df575cc9a8586c4e92da98f0a9fbb773151a5e9dfd3fd00591ebc9800ea82701,planner_dev1696_baseline,0.8696753291376776,ok,1.0,cce0038c37ca56a3
1.0,1.0,0.5,1.0,2021.10.05.08.11.15_veh-50_00437_00585,1.0,a204fc789b103b9be3f99932c07846aa9867622a7fb8a60634642b0a50edbcc9,planner_dev1696_baseline,1.0,ok,1.0,cdc78adcdfae53a0
1.0,1.0,1.0,0.8214280236647012,2021.10.05.08.11.15_veh-50_00437_00585,1.0,57c33acf56e80081510f82d79f44a4956647427876de3b2e7ffed9698f293b39,planner_dev1696_baseline,0.9255950098602922,ok,1.0,d9e7a7614b095a0b
1.0,1.0,1.0,0.6429520971093425,2021.10.05.08.11.15_veh-50_00437_00585,1.0,c5212796f3ccf3e5212963809c5b39dca5e5542f38dc2d364854a1e7cee675dc,planner_dev1696_baseline,0.8512300404622261,ok,1.0,e25b028f941158d3
1.0,1.0,1.0,0.673581512534116,2021.10.05.08.11.15_veh-50_00437_00585,1.0,b53008448c4650e11160d3faa43730e6666ead4a188bbc9d3ebdb32bbe7c9eed,planner_dev1696_baseline,0.8639922968892151,ok,1.0,e26edc6457f85a2c
1.0,1.0,1.0,0.8332597559178626,2021.10.05.08.11.15_veh-50_00437_00585,1.0,20fcd420d4ceb5b255926b416fcb162e24f10243a1a547ef6938fa653843b962,planner_dev1696_baseline,0.9305248982991094,ok,1.0,e9f76526b6d05e5c
1.0,1.0,1.0,0.8370800745239302,2021.10.05.08.11.15_veh-50_00437_00585,1.0,8bdf2a14be1bbd506b809b08ba0ca403553abd49d774524ada04014f10795004,planner_dev1696_baseline,0.9321166977183042,ok,1.0,ec37ecf537d15383
1.0,1.0,1.0,0.9448989759329146,2021.10.05.08.11.15_veh-50_00437_00585,1.0,5ac93b60f1a804ffe666122f53b55646766c90ccd9792960ea114e9f717384dd,planner_dev1696_baseline,0.9770412399720477,ok,1.0,f52e85080d085ad3
1.0,1.0,0.5,1.0,2021.10.05.08.11.15_veh-50_00437_00585,1.0,9b18c2bf97135ee93e7bbf20460551f54aca9abeecc383d02e0d92a1700e3d52,planner_dev1696_baseline,1.0,ok,1.0,f5b35beed72e5aec
1.0,1.0,1.0,0.7730446294415747,2021.10.05.08.11.15_veh-50_00437_00585,1.0,26bf585b8d147ef741fc4b0de1c943909ea5d651fa597b3f953c9b1998863692,planner_dev1696_baseline,0.9054352622673228,ok,1.0,fa570010ca00540d
1.0,1.0,0.5,1.0,2021.10.05.08.11.15_veh-50_00437_00585,1.0,7e3bdeac7431b0f64c051df1b67aeaa8610c1cc68fc894c6c66c6652c981a9d6,planner_dev1696_baseline,1.0,ok,1.0,faa1719d97b65c1e
1.0,1.0,1.0,0.6124070406912595,2021.10.05.08.11.15_veh-50_00437_00585,1.0,99108fe21ea1462ce7fc98eaf4a8c613d45a7aeb05e7b37a7429b9dcde29926b,planner_dev1696_baseline,0.8385029336213581,ok,1.0,ff409a68b88e5ac0
1.0,1.0,1.0,1.0,2021.07.09.20.26.06_veh-35_02793_03289,1.0,e22a7e604dd20af33c2f943f812a49b6af81a8d43473428ed029f5f2eacf285b,planner_dev1696_baseline,1.0,ok,1.0,0192df9f896c5030
1.0,1.0,1.0,0.9543583512799173,2021.07.09.20.26.06_veh-35_02793_03289,1.0,dd88a1df22be7f4906735b7248d75aa71de1628216ffcb117ab0e03fa5090255,planner_dev1696_baseline,0.9809826463666322,ok,1.0,0266adddeefb584b
1.0,1.0,1.0,0.8697346559370348,2021.07.09.20.26.06_veh-35_02793_03289,1.0,b2f5c58b4affbfffdc82bddcd32b285763d31a466b043942ea916af19a3d73ad,planner_dev1696_baseline,0.9457227733070979,ok,1.0,044e89f71c845e59
1.0,1.0,1.0,0.764344060779497,2021.07.09.20.26.06_veh-35_02793_03289,1.0,c0476b6e04df46099dca27608399401e1f86f415ca107b00713b1388ca8441d8,planner_dev1696_baseline,0.9018100253247905,ok,1.0,091a90a5f2855a82
1.0,1.0,1.0,1.0,2021.07.09.20.26.06_veh-35_02793_03289,1.0,cb577b1dcd8d0fccdb5a40c320195d8fc515dbbe89fff8f98857c0f70bcb75de,planner_dev1696_baseline,1.0,ok,1.0,093784159a005ddd
1.0,1.0,1.0,1.0,2021.07.09.20.26.06_veh-35_02793_03289,1.0,d8029da97165c991549f529f3d1f507ebdcd90681ad506fe1bd200557f04061a,planner_dev1696_baseline,0.5833333333333334,ok,0.0,0ba5cd65023a5d5c
1.0,1.0,1.0,0.6003289811299142,2021.07.09.20.26.06_veh-35_02793_03289,1.0,65032f49715761c281b907d55e8a16b2fc07ceaae02953219c5b59b2b107d455,planner_dev1696_baseline,0.8334704088041308,ok,1.0,0d0891893f1d59b5
1.0,1.0,1.0,1.0,2021.07.09.20.26.06_veh-35_02793_03289,1.0,57a42411181299d8360be00633e388746219168f0527c0c3876119b37da45a80,planner_dev1696_baseline,1.0,ok,1.0,0d4a4de2ed0551de
1.0,1.0,1.0,0.8457000736855592,2021.07.09.20.26.06_veh-35_02793_03289,1.0,146f530c10c01c0046fc0b6f0a6e24c9218b6897546aca09c8fcbbdd04f030c5,planner_dev1696_baseline,0.9357083640356496,ok,1.0,13d47325b0b950f1
1.0,1.0,1.0,0.6666008359472657,2021.07.09.20.26.06_veh-35_02793_03289,1.0,701f0874968508a511453d2a88d3b7043ce0821de9415c4aadd55da99e0b2bd5,planner_dev1696_baseline,0.861083681644694,ok,1.0,15080129531552fe
1.0,1.0,1.0,1.0,2021.07.09.20.26.06_veh-35_02793_03289,1.0,8b4ae9675a2403dc40438e10c9799b90da4eda82941540accb60a93fb4d1cd5e,planner_dev1696_baseline,1.0,ok,1.0,18a2ed37c162552d
1.0,1.0,1.0,0.9349213238340762,2021.07.09.20.26.06_veh-35_02793_03289,1.0,961fc2da813a612438f2f207eb4d769f7b3969b635aa6f76b2260f5174df7b5d,planner_dev1696_baseline,0.9728838849308651,ok,1.0,1c5284923bc85595
1.0,1.0,1.0,0.8607456415319913,2021.07.09.20.26.06_veh-35_02793_03289,1.0,91ecfab678bba54d6af6a948f12f4d9e7079e9a8387a512f7af384eb5df6f648,planner_dev1696_baseline,0.9419773506383297,ok,1.0,1d158c219842558a
1.0,1.0,1.0,1.0,2021.07.09.20.26.06_veh-35_02793_03289,1.0,44f24e619ae41bf34fe22a0053a955ac2de5839e025283c688dcb8f7a762b69b,planner_dev1696_baseline,1.0,ok,1.0,220ebf89f21c58e4
1.0,1.0,1.0,0.8753892619616188,2021.07.09.20.26.06_veh-35_02793_03289,1.0,6a3ca04f152d606d4b01fb319558cef3b4a0de93fb47c0c4bcd8524c83576253,planner_dev1696_baseline,0.9480788591506745,ok,1.0,23732000986756bd
1.0,1.0,1.0,1.0,2021.07.09.20.26.06_veh-35_02793_03289,1.0,9f886e9de982e7cb34becde3616889cf7e5c3a51fc44ba142f7216ed58d49320,planner_dev1696_baseline,1.0,ok,1.0,252dcf3264285f7e
1.0,1.0,1.0,0.5773025325930435,2021.07.09.20.26.06_veh-35_02793_03289,1.0,a404afae373a1821c1259c47b6a85d9ed95eb96e5313672c7bd119e7caaf3865,planner_dev1696_baseline,0.8238760552471014,ok,1.0,26a3cea95f035c1d
1.0,1.0,1.0,0.8067885526228095,2021.07.09.20.26.06_veh-35_02793_03289,1.0,aa94a0d9e4398bea07cd5201f8492e6de5342e6975a9f4d006bc2b2e225f3436,planner_dev1696_baseline,0.919495230259504,ok,1.0,28e2bc1f058454a6
1.0,0.0,1.0,0.0,2021.07.09.20.26.06_veh-35_02793_03289,1.0,23c3950de2b1790212c73e1ca89fc9b4c3957316fa0c89830222dae14d45c55f,planner_dev1696_baseline,0.0,ok,1.0,29ff4b56af185819
1.0,1.0,1.0,1.0,2021.07.09.20.26.06_veh-35_02793_03289,1.0,e2b50eab9564ac99773916f346417b08ce6a9b2179bc93f39787c86c01eb5af9,planner_dev1696_baseline,1.0,ok,1.0,2eb20ba165855d43
1.0,0.0,1.0,0.0,2021.07.09.20.26.06_veh-35_02793_03289,1.0,2b718da1938b7287ec41bbfa8e2b358e7a1216047c9fa35f028f1031744ab6b8,planner_dev1696_baseline,0.0,ok,1.0,2f2bc1e20be4545e
1.0,1.0,1.0,0.784928907692264,2021.07.09.20.26.06_veh-35_02793_03289,1.0,2b166652395b16022c8a898a22f0fb64aa501111148fe1c7eedfac8beea93eb4,planner_dev1696_baseline,0.9103870448717766,ok,1.0,30c294d478ee5953
1.0,1.0,1.0,0.7577492682090524,2021.07.09.20.26.06_veh-35_02793_03289,1.0,d0c6ad2e0f722e73fcafdf8627d2940d82c826b794262a0e4e6268608fe055b6,planner_dev1696_baseline,0.899062195087105,ok,1.0,30c5555824025240
1.0,1.0,1.0,0.7701430324011862,2021.07.09.20.26.06_veh-35_02793_03289,1.0,b4f497e58d654cbb1f8798879059cf74f85b5bc24efdc291f57ba0cbd52d39fa,planner_dev1696_baseline,0.9042262635004943,ok,1.0,31232634fe425baa
1.0,1.0,1.0,1.0,2021.07.09.20.26.06_veh-35_02793_03289,1.0,19627ec8ab4a6e08a7a41c40e1fdd1130ba9e34bafe407b081ab3aa23526fd49,planner_dev1696_baseline,1.0,ok,1.0,31c01938dab253e7
1.0,1.0,1.0,0.8230603613898904,2021.07.09.20.26.06_veh-35_02793_03289,1.0,38f5fbab8d8d5268889b8f54dddbad5b63906f40e48fd6b27f19c3a23435e4fe,planner_dev1696_baseline,0.926275150579121,ok,1.0,31faa0734016556d
1.0,1.0,1.0,1.0,2021.07.09.20.26.06_veh-35_02793_03289,1.0,8b786e8327565d4ac5d03f0180a69b76fb366a42cc326bbbc01808bbf648dfa5,planner_dev1696_baseline,1.0,ok,1.0,320bd6309da05bf7
1.0,1.0,1.0,1.0,2021.07.09.20.26.06_veh-35_02793_03289,1.0,5d2319303da61b5475af626e561df8cb6fdaf3a8fc48d2ea62bfc53867636348,planner_dev1696_baseline,1.0,ok,1.0,32aea60d7c7d56bf
1.0,1.0,1.0,1.0,2021.07.09.20.26.06_veh-35_02793_03289,1.0,cb68f73f60dfb1f9075017dfb6eefa491c432dedcfc8d70a440370d944be95c9,planner_dev1696_baseline,1.0,ok,1.0,3d6d3d1bfafd5c87
1.0,1.0,1.0,1.0,2021.07.09.20.26.06_veh-35_02793_03289,1.0,611e6e7c3e56f278423fea3ba4bf7d4c1fc333f4bcae98d6b4ebee7dd4eaf7cd,planner_dev1696_baseline,1.0,ok,1.0,3e80032635bb59d8
1.0,1.0,1.0,1.0,2021.07.09.20.26.06_veh-35_02793_03289,1.0,880bc6163d0c2534126d0b465c47666e37738a46f60c2cd3d86d22ea5a53d5f8,planner_dev1696_baseline,1.0,ok,1.0,3f1b608fff335993
1.0,1.0,1.0,0.6333550236056527,2021.07.09.20.26.06_veh-35_02793_03289,1.0,435ecf11930953dd6cc72ca646b12de6035072efaa8e7306d7b443e5beb69c46,planner_dev1696_baseline,0.8472312598356885,ok,1.0,411aeffde8b7585c
1.0,1.0,1.0,0.6949721910845972,2021.07.09.20.26.06_veh-35_02793_03289,1.0,45047bf72d0a906577bdd1aa8db530058de4bcd01cc5f02b4c5f3e2499ecce13,planner_dev1696_baseline,0.8729050796185822,ok,1.0,4153f9fad2735b7d
1.0,1.0,1.0,0.8103059889634747,2021.07.09.20.26.06_veh-35_02793_03289,1.0,4e33bace141091c89a32c3a9988bcd9791463e0ca6c8cacc2290f02492816a19,planner_dev1696_baseline,0.9209608287347811,ok,1.0,43ab1fa546f15565
1.0,1.0,1.0,0.8674846814849648,2021.07.09.20.26.06_veh-35_02793_03289,1.0,2cb3a676a5a332cba10352cb0e8f5a51239714999f674c143264cc8c2c94e57a,planner_dev1696_baseline,0.9447852839520686,ok,1.0,450f27a1f39652ec
1.0,1.0,1.0,0.751662507764417,2021.07.09.20.26.06_veh-35_02793_03289,1.0,c6bfadec6183f0546e9d5786cb31bb66ef598b749c9529638e2a9cbb3f93b704,planner_dev1696_baseline,0.8965260449018405,ok,1.0,48ed922936d85f0d
1.0,1.0,1.0,0.9299541715367518,2021.07.09.20.26.06_veh-35_02793_03289,1.0,48b57051fcf2ffe7f43ecfab5527212f5a7bb2dad44a0e860e718693304c5829,planner_dev1696_baseline,0.9708142381403132,ok,1.0,492174f0a0be5e87
1.0,1.0,1.0,0.7401282530963954,2021.07.09.20.26.06_veh-35_02793_03289,1.0,1eba5b3908a8ad7be9e77c5b30231294b8472a6abedce6cbd18dc91c149ea349,planner_dev1696_baseline,0.8917201054568314,ok,1.0,4b012a201ee458a0
1.0,1.0,1.0,1.0,2021.07.09.20.26.06_veh-35_02793_03289,1.0,f9c7e23999d5cae3ec3c2df0de09109b19fc2d64c2f0e8e9e58fb02090227d6a,planner_dev1696_baseline,1.0,ok,1.0,4f3e703c35e05679
1.0,1.0,1.0,1.0,2021.07.09.20.26.06_veh-35_02793_03289,1.0,636ac6f55b2ede946b27fc5764a82d7daf4adf114c471020983195cc3e5536a2,planner_dev1696_baseline,1.0,ok,1.0,50d1a9ffaa2c54a4
1.0,1.0,1.0,0.9664345440141952,2021.07.09.20.26.06_veh-35_02793_03289,1.0,4ca7fbc1149774a3760ff7d74636de20bb952da1c429d2ae57563e58e49557bb,planner_dev1696_baseline,0.9860143933392479,ok,1.0,50de3d17be6c5ced
1.0,1.0,1.0,1.0,2021.07.09.20.26.06_veh-35_02793_03289,1.0,72c9dcc02229cedb54ada9b03492012af19e43a5316a2fd0650a1f5b1b2907ce,planner_dev1696_baseline,1.0,ok,1.0,52d9b7c0daa5529a
1.0,1.0,1.0,0.7240682461829673,2021.07.09.20.26.06_veh-35_02793_03289,1.0,4cc44c6fa77c1e747561b8512726809c1a367fbaa60e78dfcd244a9aaf4471f9,planner_dev1696_baseline,0.8850284359095696,ok,1.0,54d3068f889b58ee
1.0,1.0,1.0,0.7712098631121924,2021.07.09.20.26.06_veh-35_02793_03289,1.0,4a14e0c715ec0faad909239e1438498406c3d3e549aabe2c3c8e23ff37d8cd06,planner_dev1696_baseline,0.9046707762967469,ok,1.0,55934aa7214d511e
1.0,1.0,1.0,0.9010008536621334,2021.07.09.20.26.06_veh-35_02793_03289,1.0,2b04de202becc2418c4d7a38ec3530ca96b400433069b8efb4e9e2ae08d087b9,planner_dev1696_baseline,0.9587503556925556,ok,1.0,56197cc9035d51a9
1.0,1.0,1.0,1.0,2021.07.09.20.26.06_veh-35_02793_03289,1.0,3cb187bb01f9a3c4cd7e96aa8a3ba67d40eb3637dbb20da5310467dac43b24d5,planner_dev1696_baseline,1.0,ok,1.0,56910770f2c1527a
1.0,1.0,1.0,1.0,2021.07.09.20.26.06_veh-35_02793_03289,1.0,67b81b64fa86d4147ecbad985585252242f2bd2f793f56ba4a95046eb09c565b,planner_dev1696_baseline,1.0,ok,1.0,56c1c01423045c64
1.0,1.0,1.0,1.0,2021.07.09.20.26.06_veh-35_02793_03289,1.0,78d9420f55a2e54c9f57d21b673900322f11e3dc92ea0946f7b5707bef3b09b5,planner_dev1696_baseline,1.0,ok,1.0,5b33f44a53c35e48
1.0,1.0,1.0,1.0,2021.07.09.20.26.06_veh-35_02793_03289,1.0,81765d770caf1af47fadc4b568eb0a3210fe20dde96390d0c9ac17889b8328a9,planner_dev1696_baseline,1.0,ok,1.0,5b7e8c4975ba58ec
1.0,1.0,1.0,1.0,2021.07.09.20.26.06_veh-35_02793_03289,1.0,cd751f0297a7d56fc91f7e4a66441d81b349bbd27a2b4929e89bea5d5b49271e,planner_dev1696_baseline,1.0,ok,1.0,600b68fede18549b
1.0,1.0,1.0,1.0,2021.07.09.20.26.06_veh-35_02793_03289,1.0,08902f32dc2d48a7c370069075f5d77e4f0e8ffd188abe15342dd12bc38baea9,planner_dev1696_baseline,1.0,ok,1.0,619751e2f7d45698
1.0,1.0,1.0,1.0,2021.07.09.20.26.06_veh-35_02793_03289,1.0,3fbdd40717001e1ca2f4437310beefb7c67f06f03b4fae1b60079dbed8efaf85,planner_dev1696_baseline,1.0,ok,1.0,61a1cff677ad53ae
1.0,1.0,1.0,1.0,2021.07.09.20.26.06_veh-35_02793_03289,1.0,6e2005cf675246a65f49300b5c5092d3281c4091f850fb8fc910168cf34509cb,planner_dev1696_baseline,1.0,ok,1.0,6440483e348d5f99
1.0,1.0,1.0,0.8536315270390717,2021.07.09.20.26.06_veh-35_02793_03289,1.0,8f5a59ec5eeeb30ebbadbc0b29af8d4a0fa45b1d8104d7e89282414ee99f907d,planner_dev1696_baseline,0.9390131362662798,ok,1.0,64832cd542ba5fbc
1.0,1.0,1.0,1.0,2021.07.09.20.26.06_veh-35_02793_03289,1.0,5d7c6c2976a7129ecb5d47acb72281581635a6edcef68558356648e229de9143,planner_dev1696_baseline,1.0,ok,1.0,65eb702f91da53f9
1.0,1.0,1.0,0.8427314674403145,2021.07.09.20.26.06_veh-35_02793_03289,1.0,ae07ce39e1190aa2f91ca4fd235aa2363b1efbb02941581879b93c7587628b8c,planner_dev1696_baseline,0.9344714447667976,ok,1.0,66d11076d8de59c1
1.0,1.0,1.0,0.8392410578341052,2021.07.09.20.26.06_veh-35_02793_03289,1.0,cfa6f395ee8d8761d8950dae991569a5bbd979348ef3e98cd5068fcb728ee0de,planner_dev1696_baseline,0.9330171074308771,ok,1.0,6860494f3bf55348
1.0,1.0,1.0,1.0,2021.07.09.20.26.06_veh-35_02793_03289,1.0,0076540d0e74b53825fd00db236d5b59bacda5a36996369fdccae7f801b77702,planner_dev1696_baseline,1.0,ok,1.0,68aeef84783d53ea
1.0,1.0,1.0,1.0,2021.07.09.20.26.06_veh-35_02793_03289,1.0,7766cfa5c8d8d9d60dd7a17fba33fb90d3f184181076d7effd8f76024052a7b8,planner_dev1696_baseline,1.0,ok,1.0,69912c13560f5d32
1.0,1.0,1.0,0.8238414550172627,2021.07.09.20.26.06_veh-35_02793_03289,1.0,3c7b4ccfe1105f50fed269102fd8e40d918a191686b9082a9aabaca9d30f6ba5,planner_dev1696_baseline,0.9266006062571929,ok,1.0,6a2198d9282c54ea
1.0,1.0,1.0,0.9026344630101489,2021.07.09.20.26.06_veh-35_02793_03289,1.0,5cd30158b4bad067b797408a024a6ac6c9d170997444ce369b2a1562f2e199a3,planner_dev1696_baseline,0.9594310262542288,ok,1.0,6b309e6010535fcc
1.0,1.0,1.0,1.0,2021.07.09.20.26.06_veh-35_02793_03289,1.0,92c3bb9bab4dd1a3c31188d4fb44ed44c08c0ec736f2baf5d501094b6d0dbafd,planner_dev1696_baseline,1.0,ok,1.0,6d00b13ae44d54a2
1.0,1.0,1.0,0.8024278048671386,2021.07.09.20.26.06_veh-35_02793_03289,1.0,516470be3adefda93412796a980b33bb00a9bab018f5c6f5aa198ba081dfc9d5,planner_dev1696_baseline,0.9176782520279744,ok,1.0,6d9f1b3847705ce1
1.0,1.0,1.0,1.0,2021.07.09.20.26.06_veh-35_02793_03289,1.0,830ae4830eeff82ee86c4cb73c73ec41ceca90b17b96b2141bb40fd49b857abe,planner_dev1696_baseline,1.0,ok,1.0,6da35526f29f550a
1.0,1.0,1.0,0.8228057051101264,2021.07.09.20.26.06_veh-35_02793_03289,1.0,33910ab935548d068ea4ca329d0caac9aacb7c4e88cf3505bb752175a6995aab,planner_dev1696_baseline,0.9261690437958859,ok,1.0,6e2af7ec92495e06
1.0,1.0,1.0,1.0,2021.07.09.20.26.06_veh-35_02793_03289,1.0,6bfe5094951a1319ebd0f5c44c8341e12c8db8f2ac0bdc3b88f33d8cc78bf4c2,planner_dev1696_baseline,1.0,ok,1.0,71e9fdd5d6315495
1.0,1.0,1.0,0.7916948184397757,2021.07.09.20.26.06_veh-35_02793_03289,1.0,f8490c0333de2598cad207d51e8f25c62add4731926d520cd69d4727b3093458,planner_dev1696_baseline,0.9132061743499066,ok,1.0,729f4b4121e35124
1.0,1.0,1.0,0.8475235205066309,2021.07.09.20.26.06_veh-35_02793_03289,1.0,a6d4b104d2141d33e1cbfdb9d50a94f6d8443bf90f7185b50fd081832201b749,planner_dev1696_baseline,0.9364681335444295,ok,1.0,7470512d36f45c26
1.0,1.0,1.0,1.0,2021.07.09.20.26.06_veh-35_02793_03289,1.0,8220faa6884d95a0d527ea7fa20cf5b6cade79e9c82cbf68dac02038c4e51a24,planner_dev1696_baseline,1.0,ok,1.0,74f9e35f089d523a
1.0,1.0,1.0,0.7750438345069498,2021.07.09.20.26.06_veh-35_02793_03289,1.0,2ee9e75606cb164790a3a9b67c47e46f72462f22f38fce27a1ae3e516b5f2c38,planner_dev1696_baseline,0.9062682643778958,ok,1.0,75981c1acbe65a34
1.0,1.0,1.0,0.8507057519259145,2021.07.09.20.26.06_veh-35_02793_03289,1.0,f241adbaa38659fc9c3f382d8e971ba2662616de56f66e062dda277ef68238a3,planner_dev1696_baseline,0.9377940633024644,ok,1.0,774923d838b959cd
1.0,1.0,1.0,1.0,2021.07.09.20.26.06_veh-35_02793_03289,1.0,5eacd183e15f83e5da5b734fe80de301c27566ef2218d90f5e167717418c7fa4,planner_dev1696_baseline,1.0,ok,1.0,796da6bb8d1d553f
1.0,1.0,1.0,0.8174647102996523,2021.07.09.20.26.06_veh-35_02793_03289,1.0,0b3338bf25fa4c0f35005f66b99c888dde3e86ec2d9d25f1d75a89ebbddb1256,planner_dev1696_baseline,0.9239436292915219,ok,1.0,7ba1003726915e44
1.0,1.0,1.0,1.0,2021.07.09.20.26.06_veh-35_02793_03289,1.0,8eab62c9f288edbd9de35c937f0befd63e91d58cbc5a3007870cdc86370f9e1e,planner_dev1696_baseline,1.0,ok,1.0,7fd6309dcdaf525e
1.0,1.0,1.0,0.8378108835301447,2021.07.09.20.26.06_veh-35_02793_03289,1.0,9466b86b56b44dab171eb4f0d33f749dd904dfce8ad9e379c7b354be01a8880b,planner_dev1696_baseline,0.9324212014708936,ok,1.0,8393b89f1fbd56fc
1.0,1.0,1.0,0.791117648872839,2021.07.09.20.26.06_veh-35_02793_03289,1.0,e60f4519ebeeaa29e82ec9c42d37895509b3ec31e24a5bf103f7cbbd049cdcb4,planner_dev1696_baseline,0.9129656870303496,ok,1.0,888476b1a13b51db
1.0,1.0,1.0,0.8504259017201354,2021.07.09.20.26.06_veh-35_02793_03289,1.0,ed21b7b696a1e2229804795a2aeb81c9208cd4b8bc6cda531e020e0ed0e894d3,planner_dev1696_baseline,0.9376774590500565,ok,1.0,8902a3e760a7504d
1.0,1.0,1.0,0.9091181495773797,2021.07.09.20.26.06_veh-35_02793_03289,1.0,02165538e7eb455b6de48da08061123933dd043e73cf0aca95d753871192f3c2,planner_dev1696_baseline,0.9621325623239082,ok,1.0,8ca04ffe31395059
1.0,1.0,1.0,0.6827466728334425,2021.07.09.20.26.06_veh-35_02793_03289,1.0,e83951d9dec7b77c37ede4d1e03bdf366dd8f55b3ac69961ac8273faf687fc0d,planner_dev1696_baseline,0.867811113680601,ok,1.0,8e19623e78d15d60
1.0,1.0,1.0,0.8084047398699691,2021.07.09.20.26.06_veh-35_02793_03289,1.0,f5095e02abe13cf6ae3685d51fdeefa316d78194da7a6843fa3d3d9c5d5ad3d1,planner_dev1696_baseline,0.920168641612487,ok,1.0,94e4f5f0f22655d2
1.0,1.0,1.0,0.6939121746760863,2021.07.09.20.26.06_veh-35_02793_03289,1.0,5a1fc157289329bc51f16dd57a9dba96d13fbcef82bb7661ef527cba00adb54a,planner_dev1696_baseline,0.8724634061150359,ok,1.0,95ccbbe1810c5e38
1.0,1.0,1.0,0.8239200328804958,2021.07.09.20.26.06_veh-35_02793_03289,1.0,a72e6b214267b15894dc202c9930af8bcaf972971e5c3025147b577160088ae9,planner_dev1696_baseline,0.9266333470335398,ok,1.0,966cdeadbc375041
1.0,1.0,1.0,0.7756677979356161,2021.07.09.20.26.06_veh-35_02793_03289,1.0,f0d85f5684016d4d7ab547b835cf163447eb960210399a7774a75447453154f3,planner_dev1696_baseline,0.9065282491398401,ok,1.0,9ad2cc6c97365873
1.0,1.0,1.0,0.7744358136036028,2021.07.09.20.26.06_veh-35_02793_03289,1.0,8a666519e910f547d3edc3a979eb92e78beffe74522f635097c97a4082269626,planner_dev1696_baseline,0.9060149223348345,ok,1.0,9b4247d0fd87569c
1.0,1.0,1.0,0.7169526855222099,2021.07.09.20.26.06_veh-35_02793_03289,1.0,afffd10fdb58f9c759d612a82a331c14d1a82987142095aed482ef1b62a39461,planner_dev1696_baseline,0.8820636189675874,ok,1.0,9f7def7fc5e4570e
1.0,1.0,1.0,0.7771554807630333,2021.07.09.20.26.06_veh-35_02793_03289,1.0,e19645cd0b5bc4f6d20218ca3cc30f3e2ab65b2cff87785129abd6713f66a8d2,planner_dev1696_baseline,0.9071481169845973,ok,1.0,a01fa5eb5be95c2a
1.0,1.0,1.0,1.0,2021.07.09.20.26.06_veh-35_02793_03289,1.0,fd0b333e76a8fb3921c7f2ee5bbbee46d0e7f2b21d13a5af4407e24b6bb7d107,planner_dev1696_baseline,1.0,ok,1.0,a3421711e5dc50e5
1.0,1.0,1.0,0.8417632058794169,2021.07.09.20.26.06_veh-35_02793_03289,1.0,d0af207d50bda6ed1881833eca336800791aee8768a14a644d68d6c9516823d2,planner_dev1696_baseline,0.9340680024497571,ok,1.0,a7052e45ec88505e
1.0,1.0,1.0,0.8926754481998791,2021.07.09.20.26.06_veh-35_02793_03289,1.0,c1cb7a59856944300ea3b18f76f5c16cfaaa0639257215644f8ee89f67e720c6,planner_dev1696_baseline,0.9552814367499497,ok,1.0,a8f42d585ae55630
1.0,1.0,1.0,1.0,2021.07.09.20.26.06_veh-35_02793_03289,1.0,f4d424f6dc415e47e1b15a5e5240afc47e78cf1068937603cb43b3d5fa07f39f,planner_dev1696_baseline,1.0,ok,1.0,aa22e0c0be2b588c
1.0,1.0,1.0,0.8617699574576037,2021.07.09.20.26.06_veh-35_02793_03289,1.0,5cd1851e363834e12395813ed99947709611715020f78c5303ed63dfdb0ff3d5,planner_dev1696_baseline,0.9424041489406682,ok,1.0,aa9798a62fd05f92
1.0,1.0,1.0,0.8752115197467449,2021.07.09.20.26.06_veh-35_02793_03289,1.0,ac895ce52aec995fc071b86b9d46b24c584dd718eb7c7f31ca9eccbcbcb7425f,planner_dev1696_baseline,0.9480047998944771,ok,1.0,abc8238662a8569e
1.0,1.0,1.0,0.7288485771862303,2021.07.09.20.26.06_veh-35_02793_03289,1.0,2faac642dc73c308dd0d1809c1cbb59ca854c488754262ee95cc0b39bd219424,planner_dev1696_baseline,0.8870202404942628,ok,1.0,ad8f2bc5ddb055c9
1.0,1.0,1.0,1.0,2021.07.09.20.26.06_veh-35_02793_03289,1.0,6f9497006729dfcbb56580a7bc4a926500a321e3e99e9f9e37421b203f08e371,planner_dev1696_baseline,1.0,ok,1.0,add1ea7b7e845845
1.0,1.0,1.0,1.0,2021.07.09.20.26.06_veh-35_02793_03289,1.0,caa59e2f578d98a70b486df8d826b7f7fc5e242aa2874e59c3669bc36eec36e2,planner_dev1696_baseline,1.0,ok,1.0,adf1f42c50905604
1.0,1.0,1.0,0.698941402138156,2021.07.09.20.26.06_veh-35_02793_03289,1.0,777ee1cafbdcca347a998d68150f94f8b8111a6a070950a7c74dfb5510dbab34,planner_dev1696_baseline,0.874558917557565,ok,1.0,ae0c0121c32e5e5c
1.0,1.0,1.0,0.9977608287439761,2021.07.09.20.26.06_veh-35_02793_03289,1.0,7763abf6c01b10dda96fef4759877b205052d560f2d878cabe7c11b6136d5939,planner_dev1696_baseline,0.9990670119766567,ok,1.0,af1647f044bf5353
1.0,1.0,1.0,1.0,2021.07.09.20.26.06_veh-35_02793_03289,1.0,d99eb9860f283e0ea83c3f558c36788c712f0d31f920a97872e5654cdd7bd395,planner_dev1696_baseline,1.0,ok,1.0,b017af1b89af5241
1.0,1.0,1.0,1.0,2021.07.09.20.26.06_veh-35_02793_03289,1.0,dc4b0d09f4d7a205ae789e32b00da3051e7171fa79fed15e49e01564ce938a07,planner_dev1696_baseline,1.0,ok,1.0,b0fbd8c8185b5ba8
1.0,1.0,1.0,0.903341054706703,2021.07.09.20.26.06_veh-35_02793_03289,1.0,74d857d0ccaa0f8f909fcbb436f88495637887ee81c2abdbff488220fd9b9f65,planner_dev1696_baseline,0.9597254394611262,ok,1.0,b31cfbd91b505320
1.0,1.0,1.0,1.0,2021.07.09.20.26.06_veh-35_02793_03289,1.0,5fe42e17d9cab39da4b126e5d402e50c4eb9db8087f551608158585579d2ce27,planner_dev1696_baseline,1.0,ok,1.0,b3811cb7cd8b5bee
1.0,1.0,1.0,0.8829704191371206,2021.07.09.20.26.06_veh-35_02793_03289,1.0,b1ea96442a7330267583367a5705e1885d0bdc0ecfee1ab50cabfb7fae2ca1a9,planner_dev1696_baseline,0.9512376746404669,ok,1.0,b462555081035453
1.0,1.0,1.0,0.8385014779877273,2021.07.09.20.26.06_veh-35_02793_03289,1.0,2fc6bd7867af2e4c8215a58f8b006ffb6708b9fa4cd37c7f248cf841ccec1b10,planner_dev1696_baseline,0.9327089491615531,ok,1.0,b518972e5c74575f
1.0,1.0,1.0,0.8754222817656395,2021.07.09.20.26.06_veh-35_02793_03289,1.0,f42fa9d15afc046044a399448a62896e368d3a2fd1d4ffccbc8d7d35d0453721,planner_dev1696_baseline,0.9480926174023497,ok,1.0,b5bc586e807859b9
1.0,1.0,1.0,1.0,2021.07.09.20.26.06_veh-35_02793_03289,1.0,ebdbcea21f3cdab7404317e28256dc0818bae2b786abfdc4882fa4b87911f35e,planner_dev1696_baseline,1.0,ok,1.0,b5e45ceeb763563d
1.0,1.0,1.0,0.742335369145332,2021.07.09.20.26.06_veh-35_02793_03289,1.0,b1f182f1c8adae30a3332d271aa33f176cd0428998a11f2445b6e5c5bf541856,planner_dev1696_baseline,0.8926397371438884,ok,1.0,b7c1be361c1d5615
1.0,1.0,1.0,0.9149446293606684,2021.07.09.20.26.06_veh-35_02793_03289,1.0,2bb6e4fe849bc5079880ea0a29f32c71d1b0ecb223516f02d56277dc9939bb45,planner_dev1696_baseline,0.9645602622336119,ok,1.0,b97938c4b1ac52af
1.0,1.0,1.0,0.7764981068345369,2021.07.09.20.26.06_veh-35_02793_03289,1.0,7ad8a2cdb327ae4e8c56681bee8890401e46dc8cf1f0a9c4a42d800f05731cce,planner_dev1696_baseline,0.9068742111810572,ok,1.0,b98a4b4bc2ee5b6a
1.0,1.0,1.0,1.0,2021.07.09.20.26.06_veh-35_02793_03289,1.0,7b439e17bdc35b320514ae4bf4149f4b765250668e144d76366a8c46178ab404,planner_dev1696_baseline,1.0,ok,1.0,bb9c2a9a955450bc
1.0,1.0,1.0,0.8988910965201565,2021.07.09.20.26.06_veh-35_02793_03289,1.0,f8baab97b455f81f370d58886a6ec1be3a6a394185958fa4b93a74fd9a355a7a,planner_dev1696_baseline,0.9578712902167319,ok,1.0,bc445c24b7545106
1.0,1.0,1.0,1.0,2021.07.09.20.26.06_veh-35_02793_03289,1.0,d3b7d2866799162ce5940a6cbd7c5dc2fc6c74ed9de379e9efeef17c95d2b184,planner_dev1696_baseline,1.0,ok,1.0,bd8da61ec9b053a6
1.0,1.0,1.0,0.824040602295241,2021.07.09.20.26.06_veh-35_02793_03289,1.0,b5361d39889f8f4a6d797b33795721b026dea29189c9d03a267609055b3bb294,planner_dev1696_baseline,0.9266835842896838,ok,1.0,be0a4fadbbf8555a
1.0,1.0,1.0,0.8120265555864776,2021.07.09.20.26.06_veh-35_02793_03289,1.0,c8dead2a65cd38efb0748f247d2d7631f662ae3261b13cb40979eecb25b3678b,planner_dev1696_baseline,0.9216777314943657,ok,1.0,c0d603acd14d5441
1.0,1.0,1.0,0.8980676442506061,2021.07.09.20.26.06_veh-35_02793_03289,1.0,2f6b23992a27c019504fc5f55f2939ead1ed8bf9fb5acdfc926e81955bad3ec9,planner_dev1696_baseline,0.9575281851044192,ok,1.0,c11f2df51dd65f35
1.0,1.0,1.0,0.9041227655443633,2021.07.09.20.26.06_veh-35_02793_03289,1.0,a0ccf83a46b080cfd214ea33f1e42dbc3e9964daf5ba6ac292e37d0e034774fe,planner_dev1696_baseline,0.9600511523101515,ok,1.0,c14c33af349e53d0
1.0,1.0,1.0,0.8099997437228175,2021.07.09.20.26.06_veh-35_02793_03289,1.0,1bc8ac9706ca4e61c7e8680fb25c63be1725eebab9bf3edcdc967f5cd50df91e,planner_dev1696_baseline,0.920833226551174,ok,1.0,c4fc1ccdc82752ef
1.0,1.0,1.0,0.9575889212653157,2021.07.09.20.26.06_veh-35_02793_03289,1.0,a8346d779501fccee019d13a8656ab2bf1a86e94430aaf7536e3ac57dd536ebf,planner_dev1696_baseline,0.9823287171938816,ok,1.0,c5f68fedccf05348
1.0,1.0,1.0,0.8886429382833403,2021.07.09.20.26.06_veh-35_02793_03289,1.0,356b20276f4c57170dd07e7acc8bc396e128c07e722807df9fa8c5c5133ed7bc,planner_dev1696_baseline,0.953601224284725,ok,1.0,c6cd57d4069b55bb
1.0,1.0,1.0,0.882386171854732,2021.07.09.20.26.06_veh-35_02793_03289,1.0,19a42c0cb59dd483eb25409c88fa99e99255da84bfa4ce8624ce0243cfbe3446,planner_dev1696_baseline,0.950994238272805,ok,1.0,c73b0140d9f153a8
1.0,1.0,1.0,1.0,2021.07.09.20.26.06_veh-35_02793_03289,1.0,2d809f5e2ced6f0ffdcc549e318fa8f7f495f96ad66f5568d74991ac2aae9a01,planner_dev1696_baseline,1.0,ok,1.0,c8359786d5db538c
1.0,1.0,1.0,1.0,2021.07.09.20.26.06_veh-35_02793_03289,1.0,3eca61abfe2f78fd6bcd0c3dfaa27736079f3f1b62a23c80884c20ea50b6ee1f,planner_dev1696_baseline,1.0,ok,1.0,ca0eb08315185167
1.0,1.0,1.0,1.0,2021.07.09.20.26.06_veh-35_02793_03289,1.0,1831a260ace4ff2e1d98bfd14cfd02d414bce8cadb86bdf84febe9b7985de8ff,planner_dev1696_baseline,1.0,ok,1.0,cb0ae811d2c95ead
1.0,1.0,1.0,0.7138795386944158,2021.07.09.20.26.06_veh-35_02793_03289,1.0,50263c0b6a1ddbbc8d9c53cfa8d07dcacfa5b77e7783e7f1b598d811af61655b,planner_dev1696_baseline,0.8807831411226732,ok,1.0,cc9156b10b5855ff
1.0,1.0,1.0,0.7870435337209478,2021.07.09.20.26.06_veh-35_02793_03289,1.0,2867f696fbf256b27a6178b7d379ef084f12c77f6835dfdff38d0e4a80b9d311,planner_dev1696_baseline,0.9112681390503949,ok,1.0,cc94486698ff58d1
1.0,1.0,1.0,0.7608665155160798,2021.07.09.20.26.06_veh-35_02793_03289,1.0,2f6bb5048801f5ff8725a2f0504f10eb9ebed5ab7549de9bbc2f7d050d880636,planner_dev1696_baseline,0.9003610481316998,ok,1.0,ccd64ddebcda50f6
1.0,1.0,1.0,0.8977617756354631,2021.07.09.20.26.06_veh-35_02793_03289,1.0,f3035473f81cfe1e4ab1b7c9a71c33bc04cd5789dd16e9cb1e0eed2e2b34fee4,planner_dev1696_baseline,0.9574007398481097,ok,1.0,cce0aae6d8a853d2
1.0,1.0,1.0,1.0,2021.07.09.20.26.06_veh-35_02793_03289,1.0,f6011b371665fc7dd8e8ccef0ed9f3e2ea6bd05923ed226635d471c7896d9194,planner_dev1696_baseline,1.0,ok,1.0,d1b49eebe00059c4
1.0,1.0,1.0,0.882999959071013,2021.07.09.20.26.06_veh-35_02793_03289,1.0,02b0c5925ebec23ea815ff60061f8363328d5a9a522a95878b68a43adadfc886,planner_dev1696_baseline,0.9512499829462554,ok,1.0,d4a4be0043ee53d8
1.0,1.0,1.0,0.9070150526779106,2021.07.09.20.26.06_veh-35_02793_03289,1.0,db7d98a284ca9afc73ac42090f5dd8b54fc18ea47ca15203890a16eb316e4414,planner_dev1696_baseline,0.9612562719491294,ok,1.0,d4aca7a7d5ba5ff7
1.0,1.0,1.0,0.8709264448439001,2021.07.09.20.26.06_veh-35_02793_03289,1.0,7e89ccb6c43f6cd7ab7c415f0736bdc1e159429a10ac937c27902aca945dc652,planner_dev1696_baseline,0.9462193520182917,ok,1.0,d662eafbf56753f4
1.0,1.0,1.0,0.5230763233550482,2021.07.09.20.26.06_veh-35_02793_03289,1.0,ff5815a2af6cc03e27041cef6a8815084d6a4ca8c37943741b8099b7df602597,planner_dev1696_baseline,0.8012818013979368,ok,1.0,d7e370e3315453ae
1.0,1.0,1.0,0.8989001805846732,2021.07.09.20.26.06_veh-35_02793_03289,1.0,d825525f210f00a6e2796fef47267c49842307b93fdd268afa0ebfd66e26b3ed,planner_dev1696_baseline,0.9578750752436139,ok,1.0,d7e69541e68a5b3b
1.0,1.0,1.0,0.988912387888721,2021.07.09.20.26.06_veh-35_02793_03289,1.0,9be8970f8cf2f1ef47b924627330f12ef8662e53d1f8096c3f0e8c210cefd04d,planner_dev1696_baseline,0.9953801616203005,ok,1.0,d8118f444d4d574e
1.0,0.0,1.0,0.0,2021.07.09.20.26.06_veh-35_02793_03289,1.0,4be21320726505ec065e267727463f5af5b38f0f2d5df9202a8dfd671fdf3e6a,planner_dev1696_baseline,0.0,ok,1.0,d9132b3c692558c8
1.0,1.0,1.0,0.856734196587196,2021.07.09.20.26.06_veh-35_02793_03289,1.0,1497f6933bbac62a4e69a7577feaeff527103dc36da44506e0ade5c6a4d62e95,planner_dev1696_baseline,0.940305915244665,ok,1.0,daa2dd83846355d1
1.0,1.0,1.0,0.8473484073151255,2021.07.09.20.26.06_veh-35_02793_03289,1.0,a4caf0006d2f26034db5405801e019c47deeefc0b9488a6f156a99a157d28cc7,planner_dev1696_baseline,0.9363951697146357,ok,1.0,e06108e069b55486
1.0,1.0,1.0,0.8787087091894615,2021.07.09.20.26.06_veh-35_02793_03289,1.0,77dbe087726adda51f557d535387f3dbc1a4a008dce3f34866b6a931740e8c7d,planner_dev1696_baseline,0.9494619621622756,ok,1.0,e0990db225ab5e2b
1.0,1.0,1.0,0.8689374666248579,2021.07.09.20.26.06_veh-35_02793_03289,1.0,3ade1ad2812b1dc6a1e791a4e15ca524835a4b557e304d448b2b37c3965cf2aa,planner_dev1696_baseline,0.9453906110936908,ok,1.0,e1320bebb7f25f65
1.0,1.0,1.0,0.6037879706529492,2021.07.09.20.26.06_veh-35_02793_03289,1.0,09bf698365bc39b69271cfab939c95375f7e6b4af03f826bb0298af08ac6944f,planner_dev1696_baseline,0.8349116544387288,ok,1.0,e27c4e988e10569a
1.0,1.0,1.0,0.8083004747028584,2021.07.09.20.26.06_veh-35_02793_03289,1.0,fba89bdc31cd75665ef894cf6561e8a4e40b8bbf8ed2820d9978d262faa8afa1,planner_dev1696_baseline,0.9201251977928576,ok,1.0,e34cae2fefab55b8
1.0,1.0,1.0,0.8081324808143625,2021.07.09.20.26.06_veh-35_02793_03289,1.0,016225bc74312cd782f2dc03cbce7a3e9a9caeed7b8da26ae42db4f85d35a794,planner_dev1696_baseline,0.9200552003393178,ok,1.0,e4bf21cd63585bf7
1.0,1.0,1.0,0.7212926516433991,2021.07.09.20.26.06_veh-35_02793_03289,1.0,601eb9ad3291ec325fd60affdeb3a351042ab52b4c4d58a55bff68a923e3b4af,planner_dev1696_baseline,0.8838719381847495,ok,1.0,e507573c08815f9e
1.0,1.0,1.0,0.9805608789784809,2021.07.09.20.26.06_veh-35_02793_03289,1.0,4549efc2ffe04d4cd9400d468038821e647527c46b41964245d206288d1b4fe0,planner_dev1696_baseline,0.9919003662410337,ok,1.0,e90d6cecf29d53cc
1.0,1.0,1.0,1.0,2021.07.09.20.26.06_veh-35_02793_03289,1.0,b468414f636236c2ad73e3a8252f500b7f4fb4fa1ed81d77170516a748fe7aa7,planner_dev1696_baseline,1.0,ok,1.0,ec0f3cc6c0fd590e
1.0,1.0,1.0,1.0,2021.07.09.20.26.06_veh-35_02793_03289,1.0,ff852501e80d3e7e8a4d2cfdf45788e035e502f8e1784edd929ce8c32628c5dd,planner_dev1696_baseline,1.0,ok,1.0,edd18606d29e5285
1.0,1.0,1.0,1.0,2021.07.09.20.26.06_veh-35_02793_03289,1.0,47b48afcfa6f4b5c9d9eb5354dd177b32705134bc88b1f3bc6fed935c1e638ba,planner_dev1696_baseline,1.0,ok,1.0,eebdbcf854975ae9
1.0,1.0,1.0,1.0,2021.07.09.20.26.06_veh-35_02793_03289,1.0,654af08f556c9360ffc719fdcc93159efa1c4afb35ee8e8aac508b77e3b6ad17,planner_dev1696_baseline,1.0,ok,1.0,efe50170f67a57dc
1.0,1.0,1.0,1.0,2021.07.09.20.26.06_veh-35_02793_03289,1.0,bda75f882a192339222797c88a05b8b36034b3970b4888532c6bde0f005a7203,planner_dev1696_baseline,1.0,ok,1.0,f177501cd1555b76
1.0,1.0,1.0,0.65625998120606,2021.07.09.20.26.06_veh-35_02793_03289,1.0,e8f018ab70d7c9b28bdd592faa38738667541bf3d19ce065d9b33113a037dd22,planner_dev1696_baseline,0.8567749921691917,ok,1.0,f42717531e645bd0
1.0,1.0,1.0,1.0,2021.07.09.20.26.06_veh-35_02793_03289,1.0,afaa6590fffa97638c1f723b9d2aa0ad6289fabc2be9acedc6b6e205b61c3f2b,planner_dev1696_baseline,1.0,ok,1.0,f6522a382ccb5589
1.0,1.0,1.0,1.0,2021.07.09.20.26.06_veh-35_02793_03289,1.0,55679a28421e6f72358b37cc9e8cc870c1f5bf872639df3b65c5b65c8ba979d1,planner_dev1696_baseline,1.0,ok,1.0,f79dbdc306a15120
1.0,1.0,1.0,0.7441883398300352,2021.07.09.20.26.06_veh-35_02793_03289,1.0,90efc7bbc7f27833c1f2149c121ddcb27960245d209d3028dfb714eeff813668,planner_dev1696_baseline,0.8934118082625147,ok,1.0,f95fc48b693b53c2
1.0,1.0,1.0,0.8618324843108696,2021.07.09.20.26.06_veh-35_02793_03289,1.0,92d38a55edba75338de9864a4430cf1814311d9f86c62ed84e2c7738f52d42e3,planner_dev1696_baseline,0.9424302017961956,ok,1.0,fa6d09b953e85996
1.0,0.0,1.0,0.0,2021.07.09.20.26.06_veh-35_02793_03289,1.0,702a4b25bebd7d1ac2d6cdd4f07d512042027e08484d8a74eb5237a7026c2264,planner_dev1696_baseline,0.0,ok,1.0,faf084d60e455e01
1.0,1.0,1.0,0.8049075006530281,2021.07.09.20.26.06_veh-35_02793_03289,1.0,89a2c25415d0e638e61ad30336d428185fb9d94e9d93a186bcd6de4ef7556b39,planner_dev1696_baseline,0.9187114586054284,ok,1.0,fb62245532a251c2
1.0,1.0,1.0,1.0,2021.07.09.20.26.06_veh-35_02793_03289,1.0,8c7442b6314e1fe0d0285fa7d269e6ca462150c0ae4690f6194a6a5daa71572f,planner_dev1696_baseline,1.0,ok,1.0,fba22c6ccd535dd0
1.0,1.0,1.0,0.7098026823649697,2021.07.09.20.26.06_veh-35_02793_03289,1.0,96c29a614db78a5e0c6e83b08703ee18c70366026c78f01511dece8c4079f36b,planner_dev1696_baseline,0.879084450985404,ok,1.0,fbd62cf89a7d5308
1.0,1.0,1.0,0.8537041476256965,2021.07.09.20.26.06_veh-35_02793_03289,1.0,5ec52eab6d17d31fe22fd21077e324378713dc28e7b21f184932b9d0f7ceb225,planner_dev1696_baseline,0.9390433948440403,ok,1.0,fd266017475c571a
1.0,1.0,1.0,1.0,2021.07.09.20.26.06_veh-35_02793_03289,1.0,384b46627b2f522a63d08a7499e9d9253888a1ec87ccada6d444f996aff86a67,planner_dev1696_baseline,1.0,ok,1.0,fd88394324a05329
1.0,1.0,1.0,0.8261176578667678,2021.07.09.20.26.06_veh-35_02793_03289,1.0,d8f340012ae0ac4b2eaa5a499cc3347e480af54ddd33300c439ced0acdcec4d6,planner_dev1696_baseline,0.9275490241111534,ok,1.0,fe07ab55cffb5cb9
1.0,1.0,1.0,0.9284839230940998,2021.07.09.20.26.06_veh-35_02793_03289,1.0,a98d9da06563471aba38de85a5eb1ddc8a079dfd34cb33ae622856887197013c,planner_dev1696_baseline,0.9702016346225415,ok,1.0,fe61c9b75ca85f61
1.0,1.0,1.0,0.7284744494692021,2021.10.11.02.57.41_veh-50_01028_01289,1.0,0a16f8562139a06e38899c1c688ad03fa4b1d70b79bea26f1a0f53f90ec0c89c,planner_dev1696_baseline,0.8868643539455009,ok,1.0,0191e3cbe7735d02
1.0,1.0,1.0,0.6737198413839973,2021.10.11.02.57.41_veh-50_01028_01289,1.0,ada03b12e1e0ec1f77b46148f90c1e9470017e1f82a7f5e3b59c9433661e7ee6,planner_dev1696_baseline,0.8640499339099988,ok,1.0,04a2fff5521b5215
1.0,1.0,1.0,0.5385487213296267,2021.10.11.02.57.41_veh-50_01028_01289,1.0,3f3de4b50d596a7d25b19cd504c25bb1132c947d194125e44a0bc9b31909c7f9,planner_dev1696_baseline,0.8077286338873444,ok,1.0,0502eec8c9615c19
1.0,1.0,1.0,0.6337484562657559,2021.10.11.02.57.41_veh-50_01028_01289,1.0,a79b0174159f513f416ccf3475bf35b1c9b47da6eace5f3292e580ef311483f5,planner_dev1696_baseline,0.8473951901107316,ok,1.0,076e73b542175041
1.0,1.0,1.0,1.0,2021.10.11.02.57.41_veh-50_01028_01289,1.0,cb11abaa6fb4d1f993d12cccae7685393db4812e3a973233a5e72bec4b6a5cb7,planner_dev1696_baseline,1.0,ok,1.0,0f2f7590e2c153c1
1.0,1.0,1.0,0.7058336184661803,2021.10.11.02.57.41_veh-50_01028_01289,1.0,01b86a28c9b0125b9736ce0a700bc97378c99b233acf1bf5da6b7f06b4d45e7b,planner_dev1696_baseline,0.8774306743609085,ok,1.0,134c53ed5241548e
1.0,1.0,1.0,0.554246154923787,2021.10.11.02.57.41_veh-50_01028_01289,1.0,38158b548fbbb703455b0f6da253ca7db554594aba6246ed3947e8db895fd2ee,planner_dev1696_baseline,0.8142692312182446,ok,1.0,16259719899f5b57
1.0,1.0,1.0,1.0,2021.10.11.02.57.41_veh-50_01028_01289,1.0,5ec4ace2b451c2ec4ae02492843ffce9dfb19199ec6f4202b76ef39adbef4319,planner_dev1696_baseline,1.0,ok,1.0,16e38f619b4358cb
1.0,1.0,1.0,0.6390582354895494,2021.10.11.02.57.41_veh-50_01028_01289,1.0,ecd019ee8b97b13a7e77781a33dfa0f4078f8c5979575282595a31af480df56a,planner_dev1696_baseline,0.8496075981206456,ok,1.0,1e7ba1144b7e587f
1.0,1.0,1.0,0.6917729652890303,2021.10.11.02.57.41_veh-50_01028_01289,1.0,e43a287b265906fd6fa69457274858e31fea7f865a5df81d976218b4d6c53f8e,planner_dev1696_baseline,0.8715720688704293,ok,1.0,2040cae1f2005ace
1.0,1.0,1.0,0.7176303737144792,2021.10.11.02.57.41_veh-50_01028_01289,1.0,25112e3e138d889d75acd8c453a9fd1c8ce5d30567d2dbb6f9faeb7ba1c02105,planner_dev1696_baseline,0.8823459890476997,ok,1.0,2b1b98be0fd55a97
1.0,1.0,1.0,0.6906429563609977,2021.10.11.02.57.41_veh-50_01028_01289,1.0,a7f658d3dcd61ca12f0b5cadfbe989287d0144c7867dc803cbb665a667ce4f01,planner_dev1696_baseline,0.8711012318170823,ok,1.0,2df6dad2e3c4525a
1.0,1.0,1.0,0.7390573222486093,2021.10.11.02.57.41_veh-50_01028_01289,1.0,288d4bc8d3ac612f6daac1d679f97c42f3ec8bf3f7e0fc81fccaf9ccfabf0cee,planner_dev1696_baseline,0.8912738842702539,ok,1.0,3338316c86985d7e
1.0,1.0,1.0,0.7085224354865498,2021.10.11.02.57.41_veh-50_01028_01289,1.0,1665f5a578aee6aca19e399fea920f2f3f44297435828bf9131d85f7d552ec62,planner_dev1696_baseline,0.8785510147860625,ok,1.0,3540468e063052d2
1.0,1.0,1.0,0.873972959461614,2021.10.11.02.57.41_veh-50_01028_01289,1.0,0e5b17aa0108a3cb1752251f27f7cb76dc63e7b80772952a4956c81eb4910048,planner_dev1696_baseline,0.9474887331090058,ok,1.0,37c824c3fc615763
1.0,1.0,1.0,1.0,2021.10.11.02.57.41_veh-50_01028_01289,1.0,20776f08c9a1c4bcf95229678c2731a9bb06f3292705a6406e30cd2738dc3cd3,planner_dev1696_baseline,1.0,ok,1.0,3a5d0b9a8778529e
1.0,1.0,1.0,0.6815387354970084,2021.10.11.02.57.41_veh-50_01028_01289,1.0,75700e0ff1f659251a4c39046737f0a966aa3a0ac9e078e4f5b1291f3b2acb6f,planner_dev1696_baseline,0.8673078064570868,ok,1.0,3bcde9ce94de5b6a
1.0,1.0,1.0,0.8581773197776259,2021.10.11.02.57.41_veh-50_01028_01289,1.0,a9fa13b804b429afd1a688a4644a2c486dd51cff4727b88c6d10c4fb4129026f,planner_dev1696_baseline,0.9409072165740108,ok,1.0,3dd3b152b6a95c84
1.0,1.0,1.0,0.6106581123459544,2021.10.11.02.57.41_veh-50_01028_01289,1.0,1b69be76bfeaa311d17efff95ae59ac44c792d67ea2d67c9c18c6a56fbec2f38,planner_dev1696_baseline,0.8377742134774809,ok,1.0,3df6bd69748e51ec
1.0,1.0,1.0,0.6394199013161884,2021.10.11.02.57.41_veh-50_01028_01289,1.0,eb4bc46f507fcb8f5091b0970bd66a23d973bff9da3584a941aceff594f5ad54,planner_dev1696_baseline,0.8497582922150785,ok,1.0,411704ad095950e8
1.0,1.0,1.0,0.6690858522762664,2021.10.11.02.57.41_veh-50_01028_01289,1.0,41f0bee38b781c63b662864120e724adba779003c8a783898714054ab2a08c45,planner_dev1696_baseline,0.862119105115111,ok,1.0,459f16faaa0e51bf
1.0,1.0,1.0,0.8445392490445164,2021.10.11.02.57.41_veh-50_01028_01289,1.0,036f2118b01c1189aa417f88c068a22071e4162d2fa6d6c1986e32e80f258229,planner_dev1696_baseline,0.9352246871018819,ok,1.0,4d540daaddb15826
1.0,1.0,1.0,0.905534535765582,2021.10.11.02.57.41_veh-50_01028_01289,1.0,7aa3bcca5f4b36025cadf8b4e51f4bad90bb61036ac95551533bd56208af3da8,planner_dev1696_baseline,0.9606393899023259,ok,1.0,4f02764ce23c5c1d
1.0,1.0,1.0,0.7018300227941532,2021.10.11.02.57.41_veh-50_01028_01289,1.0,0d34d603cbfbe515f75bd17ea19275ccb6099f75675da44329e5d69ffd550b09,planner_dev1696_baseline,0.8757625094975637,ok,1.0,4fe2c5e04d795883
1.0,1.0,1.0,0.6108103031562278,2021.10.11.02.57.41_veh-50_01028_01289,1.0,31a3a88e22055141b0b3b488b7b78b8b3c270095db7900fc379b13950389c353,planner_dev1696_baseline,0.837837626315095,ok,1.0,4ff0a2b15a835463
1.0,1.0,1.0,0.6956638737522269,2021.10.11.02.57.41_veh-50_01028_01289,1.0,c6ac3a5b6f8be6e0fdc0cb8eafb0da6b28e4a0db177ef88ab1b77b495494ca8d,planner_dev1696_baseline,0.8731932807300945,ok,1.0,539393ec03d3569f
1.0,1.0,1.0,1.0,2021.10.11.02.57.41_veh-50_01028_01289,1.0,811ebc661a9293d86a4d1634640cb8ae774a6bbaceb1cf49f4c4b41e6c8ad77b,planner_dev1696_baseline,1.0,ok,1.0,53fbf0500ccf5c81
1.0,1.0,1.0,0.7250571860586622,2021.10.11.02.57.41_veh-50_01028_01289,1.0,0bf223eeb343d253a9bbb90b219f12cc90a2344d577e6a57294a96ad4f03b67d,planner_dev1696_baseline,0.8854404941911093,ok,1.0,55d8e5c3dd4657d5
1.0,1.0,1.0,0.7039793096228572,2021.10.11.02.57.41_veh-50_01028_01289,1.0,2446aaf71eb9357e6016516c07b52d20fa9fd779bacd012672ec3c3d903d120c,planner_dev1696_baseline,0.8766580456761904,ok,1.0,5689b5417b1b59fa
1.0,1.0,1.0,0.6102660546968249,2021.10.11.02.57.41_veh-50_01028_01289,1.0,5c567b830b8dd9d99f031f7d48117908594c3d71c145fa087252a37a5a743d60,planner_dev1696_baseline,0.837610856123677,ok,1.0,5bfc2ed8a9e55b31
1.0,1.0,1.0,0.647868742931572,2021.10.11.02.57.41_veh-50_01028_01289,1.0,18c8e0ec156873077f3c2cf08337925a1dce5a9fbb4965dc0a8ee9698280531c,planner_dev1696_baseline,0.853278642888155,ok,1.0,5d626b0485e65f74
1.0,1.0,1.0,0.6462635746395647,2021.10.11.02.57.41_veh-50_01028_01289,1.0,351851b6ac9b0eb5d4145b8c99bb3a67f87fca783173bdfa7e87596f5c5fa3e1,planner_dev1696_baseline,0.8526098227664853,ok,1.0,5f1d8aea61145907
1.0,1.0,1.0,0.6899562292039683,2021.10.11.02.57.41_veh-50_01028_01289,1.0,5bd85d8f6f45af0efe5acd4414d84237fd0cd6106d73f64afece155c860fc58d,planner_dev1696_baseline,0.8708150955016535,ok,1.0,5f7dadb16c9858e6
1.0,1.0,1.0,0.7004539389165595,2021.10.11.02.57.41_veh-50_01028_01289,1.0,39c85babd5b06624eda0bc157c96dcae918195a8f409516f502303d4169d2729,planner_dev1696_baseline,0.8751891412152331,ok,1.0,619b51912d2b518f
1.0,1.0,1.0,0.8366366299583421,2021.10.11.02.57.41_veh-50_01028_01289,1.0,a4a737bb5c27c80ae3c029f59868611bfbe2fd680400ee378de92299b321ad67,planner_dev1696_baseline,0.9319319291493091,ok,1.0,6312e02de8755c63
1.0,1.0,1.0,0.6292206938261082,2021.10.11.02.57.41_veh-50_01028_01289,1.0,9c723b8e9026f60baa88adcaa354d31b5024fb03f24bea81a89dd26dbdbcdfe6,planner_dev1696_baseline,0.8455086224275451,ok,1.0,63f9372237ab5b50
1.0,1.0,1.0,0.608768747924983,2021.10.11.02.57.41_veh-50_01028_01289,1.0,ed2affadf9f078f5c305699700e53563b0b6750aef009c9a47bac0cebd884522,planner_dev1696_baseline,0.8369869783020762,ok,1.0,67b3098372645d8b
1.0,1.0,1.0,0.7000872579458215,2021.10.11.02.57.41_veh-50_01028_01289,1.0,d8c2d1ad44a9106d81f2e8197c7f3e837603f2a8b12dd4202baea5b3011e9e40,planner_dev1696_baseline,0.8750363574774256,ok,1.0,7616cee0eba15c75
1.0,1.0,1.0,0.6499003725850536,2021.10.11.02.57.41_veh-50_01028_01289,1.0,878662df0fe46f73a881926452cf13c93f28de13a1ea9f13ca614b5fa8088139,planner_dev1696_baseline,0.8541251552437723,ok,1.0,76f38770875550d4
1.0,1.0,1.0,0.6321664416985229,2021.10.11.02.57.41_veh-50_01028_01289,1.0,56f241688df3063311b62f23e798cae56d6039432a7257f6dfdbe47a86c6eb60,planner_dev1696_baseline,0.8467360173743845,ok,1.0,774f3eae89d35589
1.0,1.0,1.0,0.5922084201076526,2021.10.11.02.57.41_veh-50_01028_01289,1.0,70ecdf1a5bfddfec558073c06ad7608c193cc34ea2d5aa649d0054e8536cc9a5,planner_dev1696_baseline,0.8300868417115219,ok,1.0,792875d97ce5574d
1.0,1.0,1.0,0.6229370263472311,2021.10.11.02.57.41_veh-50_01028_01289,1.0,a89c5324dd8fd9d5a168d08fe6ab8c50afd29b77c02b87403a879eb89f46d0bb,planner_dev1696_baseline,0.8428904276446797,ok,1.0,7c31c611152b5a9c
1.0,1.0,1.0,0.7345800248887381,2021.10.11.02.57.41_veh-50_01028_01289,1.0,1dd8fae1ca3e130bfce97e1aae4138a0eef42ac7a67725e24391cb664c0766d0,planner_dev1696_baseline,0.8894083437036407,ok,1.0,7eb6beaba2e45001
1.0,1.0,1.0,0.6924841789285522,2021.10.11.02.57.41_veh-50_01028_01289,1.0,b3bad85b5d60814f080c5a986205c086fee2c54840da593cb930318a25ea735f,planner_dev1696_baseline,0.8718684078868968,ok,1.0,872ae71c24805cd8
1.0,1.0,1.0,0.6912526278743053,2021.10.11.02.57.41_veh-50_01028_01289,1.0,093c6592596f543839fe4c2ba67235089c62d75e4a5f87313941021f5e7a837d,planner_dev1696_baseline,0.8713552616142938,ok,1.0,8a2496c5d7d15cc1
1.0,1.0,1.0,0.6631389840467212,2021.10.11.02.57.41_veh-50_01028_01289,1.0,d7ae207ac30cd4ad84c46d65d148fd8b9d2acf72d4ceafc69de34854329f9085,planner_dev1696_baseline,0.8596412433528006,ok,1.0,8ac887d1ccb95be5
1.0,1.0,1.0,0.613516469307133,2021.10.11.02.57.41_veh-50_01028_01289,1.0,4dbd817abe3563dea5cb83e1ce31e14059fd9b2d687ab0f93ca92d5f87a6cefb,planner_dev1696_baseline,0.8389651955446388,ok,1.0,92a19adc03e55fc5
1.0,1.0,1.0,0.6624615606862493,2021.10.11.02.57.41_veh-50_01028_01289,1.0,575561563b09f20562caa6fff12f395b71c591ddf2ca3c3ccc5d09142415c1c6,planner_dev1696_baseline,0.8593589836192704,ok,1.0,955e0d97f2f35bc4
1.0,1.0,1.0,0.5336938365055274,2021.10.11.02.57.41_veh-50_01028_01289,1.0,6cc2cdbcf240939f44c9b6dabf48a7ce26507af9b80401a4efaef84ca28d15c6,planner_dev1696_baseline,0.8057057652106364,ok,1.0,98f62d9131da5913
1.0,1.0,1.0,0.7025655813955121,2021.10.11.02.57.41_veh-50_01028_01289,1.0,e65e222288cc4d44cc232f9f8fe1236e254bb19f06160747aa7583ce7ffbc4e3,planner_dev1696_baseline,0.87606899224813,ok,1.0,997140e8419051b4
1.0,1.0,1.0,0.6944746997279817,2021.10.11.02.57.41_veh-50_01028_01289,1.0,80b42d572249ad34cb05924ebeceba823cbd9da7961935d03b4934c2e69968a8,planner_dev1696_baseline,0.8726977915533257,ok,1.0,9a45431d78665797
1.0,1.0,1.0,0.7095877516657321,2021.10.11.02.57.41_veh-50_01028_01289,1.0,24295e1af063c150325ab90ac2802c792775f48ad5a28c1f59779eb15165949a,planner_dev1696_baseline,0.8789948965273884,ok,1.0,9abce3eae2005739
1.0,0.0,1.0,0.0,2021.10.11.02.57.41_veh-50_01028_01289,1.0,eb2f0ba42d68ab4f3f6c8741163b0d6a3a60b3bd6fb218bdb9bcf9ac752fe327,planner_dev1696_baseline,0.0,ok,1.0,9eae5a2e43535977
1.0,1.0,1.0,0.6794984407392874,2021.10.11.02.57.41_veh-50_01028_01289,1.0,47185d9612781e41e8dc3c61834832029c7e571ed6c5701a4afde32db5f1ee01,planner_dev1696_baseline,0.8664576836413698,ok,1.0,a3886a0066ca51e0
1.0,1.0,1.0,0.912828896870714,2021.10.11.02.57.41_veh-50_01028_01289,1.0,107a3a79cb34dbdcd3662bd7b160fb8fa81406f9f52ff1110e4b05ef155b7b67,planner_dev1696_baseline,0.9636787070294641,ok,1.0,a77bff075d7c5d85
1.0,1.0,1.0,0.7981067768453741,2021.10.11.02.57.41_veh-50_01028_01289,1.0,53878f3197f4a9e7e6860f3a0017842ba0056cc16094ed9225e4dabfdbef131b,planner_dev1696_baseline,0.9158778236855726,ok,1.0,abc9f2cbeaeb55f6
1.0,0.0,1.0,0.0,2021.10.11.02.57.41_veh-50_01028_01289,1.0,da6c0339f34e7597a7cf68da5f916738f75165b58ef04c85ac4a950fbaa779de,planner_dev1696_baseline,0.0,ok,1.0,abeedf530cf3573d
1.0,1.0,1.0,0.6280753819067412,2021.10.11.02.57.41_veh-50_01028_01289,1.0,94707cc5911272b63a863d9c1380e2a5fb8093b23e82fe7961892d136ca898c0,planner_dev1696_baseline,0.8450314091278089,ok,1.0,ad75c0abe73d52c7
1.0,1.0,1.0,0.5739509264944875,2021.10.11.02.57.41_veh-50_01028_01289,1.0,cdaf4ff885a03abfb164145fcc858e7da43d57615f08ca17fe65af738ade5860,planner_dev1696_baseline,0.8224795527060365,ok,1.0,ae2807f88fea5904
1.0,1.0,1.0,0.6781075447306626,2021.10.11.02.57.41_veh-50_01028_01289,1.0,bdf2120e1eb239bbd0204700910c155f82f9b79740a24edd9143b97b7139e77d,planner_dev1696_baseline,0.8658781436377762,ok,1.0,afcacc1536c75f9f
1.0,1.0,1.0,0.8287611020746942,2021.10.11.02.57.41_veh-50_01028_01289,1.0,c80c740b04ae61d0530a09680de6523df98636a8db01ce7a541e8e6b7b2ff080,planner_dev1696_baseline,0.9286504591977893,ok,1.0,b3c10c514af95e75
1.0,1.0,1.0,0.66270371083633,2021.10.11.02.57.41_veh-50_01028_01289,1.0,91c7d6ac10819ffa011f6bffdb28fbe5b63de7ea0d5f0f0e699ff69a5e51a8bc,planner_dev1696_baseline,0.8594598795151375,ok,1.0,b3d05d10a7075767
1.0,1.0,1.0,0.846930794100388,2021.10.11.02.57.41_veh-50_01028_01289,1.0,afc4cdfeece123a4685c38f1b2c611ec569670cf066216f58825868df6cbfd14,planner_dev1696_baseline,0.936221164208495,ok,1.0,b57bd30f8dbd5371
1.0,1.0,1.0,0.6655140283430144,2021.10.11.02.57.41_veh-50_01028_01289,1.0,d33ee83ad2ffe17e9368e42bf2f8f2a35200c756481c67bbceb9f7ba1f3ede3d,planner_dev1696_baseline,0.8606308451429227,ok,1.0,bb83b26d840d56b6
1.0,1.0,1.0,0.6818295904741558,2021.10.11.02.57.41_veh-50_01028_01289,1.0,1cdddbbac9bc610cddb14ebde2ed67c044950315f3f23222e815f888c976a301,planner_dev1696_baseline,0.8674289960308982,ok,1.0,bef6605735245959
1.0,1.0,1.0,0.7470119272531123,2021.10.11.02.57.41_veh-50_01028_01289,1.0,f801a8b20ae9ba75aad93b5861eafbd4c66247c17fe3646f4984b1f8db2851c1,planner_dev1696_baseline,0.8945883030221301,ok,1.0,c47ae82409da5780
1.0,1.0,1.0,0.743891833348576,2021.10.11.02.57.41_veh-50_01028_01289,1.0,f2840f2814e4424055ba92280a8daff2758f63349cd3734403a8dce19ae68478,planner_dev1696_baseline,0.89328826389524,ok,1.0,c781e2c428ee5b12
1.0,1.0,1.0,0.6165507584666454,2021.10.11.02.57.41_veh-50_01028_01289,1.0,0e42c35ebe7cbd5460d315d417ff170ed67640d07be11bb7204e6b28c8a988fd,planner_dev1696_baseline,0.8402294826944355,ok,1.0,c817fbce92d158c4
1.0,1.0,1.0,0.5902903782624752,2021.10.11.02.57.41_veh-50_01028_01289,1.0,85cb2d863ec76789edc392ef35de79b8eeb92282526ca8aaf9cd098d63af0348,planner_dev1696_baseline,0.8292876576093646,ok,1.0,d024230338045f83
1.0,1.0,1.0,0.5188944144905515,2021.10.11.02.57.41_veh-50_01028_01289,1.0,de8271be56a0dcababeff93de1af96075995848d571b325be70310090449e51e,planner_dev1696_baseline,0.7995393393710631,ok,1.0,d8c8e4dbeb2158b0
1.0,1.0,1.0,0.9996819328249179,2021.10.11.02.57.41_veh-50_01028_01289,1.0,62ba96e31fca60de2709175fcdccca092ad4a9efca253c4f8266044873f9c599,planner_dev1696_baseline,0.9998674720103825,ok,1.0,dc5d48591a565e58
1.0,1.0,1.0,0.7276423560180331,2021.10.11.02.57.41_veh-50_01028_01289,1.0,5e7f9df4fcb007f511a29dbea1af9b04e93334ebc6fb2c5dad606290a6d57161,planner_dev1696_baseline,0.8865176483408471,ok,1.0,e1a9b17e1fee5fe5
1.0,1.0,1.0,1.0,2021.10.11.02.57.41_veh-50_01028_01289,1.0,750f9ca14d54451b23e0dcd2d01caf301995ff3fed7cae0a39d4babfb886cce4,planner_dev1696_baseline,1.0,ok,1.0,e4c4b061d1845fd6
1.0,1.0,1.0,0.7104522659458,2021.10.11.02.57.41_veh-50_01028_01289,1.0,d4aeffa6ed5e107059494da0c25b014134c701c8ecf37d8e0ebfec2525e73c11,planner_dev1696_baseline,0.8793551108107499,ok,1.0,e70a9c0c51675ea1
1.0,1.0,1.0,1.0,2021.10.11.02.57.41_veh-50_01028_01289,1.0,e4f2c476e6f3a6f1a2f745a07cdf82eba731512dd2505eb6ef55bfe42917adb9,planner_dev1696_baseline,1.0,ok,1.0,ea43967ed8ad5dc0
1.0,1.0,1.0,0.8173195214971288,2021.10.11.02.57.41_veh-50_01028_01289,1.0,aa38270a55f81d1436f1c850685329122f4f3d8385457560ccc16384d44548c7,planner_dev1696_baseline,0.923883133957137,ok,1.0,eb6e558901af58af
1.0,1.0,1.0,0.53572720885504,2021.10.11.02.57.41_veh-50_01028_01289,1.0,5ae24acc532986cd8d38fe6c6da28f0e4f776936174e93f8ee3f40dcbb10c040,planner_dev1696_baseline,0.8065530036895999,ok,1.0,ebca7e0c22b65deb
1.0,1.0,1.0,0.6886997378215134,2021.10.11.02.57.41_veh-50_01028_01289,1.0,da2d1e2f78daf37114a93ca889bdb27b407b7664aeccfe22e0da24faeba0c906,planner_dev1696_baseline,0.8702915574256306,ok,1.0,f295b9b2ee545520
1.0,1.0,1.0,0.9218021019290995,2021.10.11.02.57.41_veh-50_01028_01289,1.0,931fe31aed037e1d599e15d1d5cf2dd268d7f37fd44af184d677ea0b76822f68,planner_dev1696_baseline,0.9674175424704581,ok,1.0,f6e7cfd22eaa5a4f
1.0,1.0,1.0,0.6956037301439395,2021.10.11.02.57.41_veh-50_01028_01289,1.0,8f8c82ff8810a72ee5a948409626b8d1bd0dfb911ccb2d5e0e5a103a0814ae94,planner_dev1696_baseline,0.8731682208933081,ok,1.0,f7d51773081653ac
1.0,1.0,1.0,0.5963901715023913,2021.10.11.02.57.41_veh-50_01028_01289,1.0,0d800b461ca71914dfca612670efbc2b1ec6762bfcd0f417fd788f2f16ec9e91,planner_dev1696_baseline,0.8318292381259963,ok,1.0,f83624d80fbf5b86
1.0,1.0,1.0,0.760450149765955,2021.10.11.02.57.41_veh-50_02155_02265,1.0,58e922c1433d9a4bfefe6e2e4d16d6477b17fe7799f6c027d0aafa5cb9b9437f,planner_dev1696_baseline,0.9001875624024812,ok,1.0,00b3f7e6cbfc5fa0
1.0,1.0,1.0,0.7139761591054492,2021.10.11.02.57.41_veh-50_02155_02265,1.0,5aa8ee69cbe6950c7db9c6696f4da176c2133133a3f82e26d68ddcde9eb5aad8,planner_dev1696_baseline,0.8808233996272706,ok,1.0,02be5e5257915894
1.0,1.0,1.0,0.7037065853772979,2021.10.11.02.57.41_veh-50_02155_02265,1.0,ba4e49b7f513c0966eec1d9dc8c4d5373b99c06cf9dad6d43c3712ee4dc58bb4,planner_dev1696_baseline,0.8765444105738741,ok,1.0,03eb9463e1685d1f
1.0,1.0,1.0,0.6998487676467467,2021.10.11.02.57.41_veh-50_02155_02265,1.0,47f6180eb641f1bf57ccdb72a93a270d69dd1d8d7cb270c78e3df4f81bd61ff9,planner_dev1696_baseline,0.8749369865194779,ok,1.0,0424e5fd9a5c5e60
1.0,1.0,1.0,0.7370100095407424,2021.10.11.02.57.41_veh-50_02155_02265,1.0,823d3e14d6e612d411df609d3a002f8c2a3855c9d1f33a98316a838fed967b31,planner_dev1696_baseline,0.8904208373086426,ok,1.0,06cd8d997cfe5de6
1.0,1.0,1.0,0.7541034729471361,2021.10.11.02.57.41_veh-50_02155_02265,1.0,48817153593a8a4ca5d54a1c7182d9575d160c709636d96c1df26a022308fb57,planner_dev1696_baseline,0.8975431137279735,ok,1.0,0746ca94fdc85420
1.0,1.0,1.0,0.7859888741203678,2021.10.11.02.57.41_veh-50_02155_02265,1.0,48a4cde8eb7b3e512418f21c1e568fca4902a4bd403f6549bc50b22afe1851ee,planner_dev1696_baseline,0.9108286975501532,ok,1.0,09d6aaf7636350e1
1.0,1.0,1.0,0.7360325810533428,2021.10.11.02.57.41_veh-50_02155_02265,1.0,5e9f08faeb51599aee5157cec86bf623ffdff84bd96a68d4ea4f78a637fcd97d,planner_dev1696_baseline,0.8900135754388928,ok,1.0,0dc2e306b4485579
1.0,1.0,1.0,0.6956638299928407,2021.10.11.02.57.41_veh-50_02155_02265,1.0,6941811810312b93842d884c3011f2a59ac347f6a1d387e791905d582398d165,planner_dev1696_baseline,0.873193262497017,ok,1.0,0ecbcba803ab54e0
1.0,1.0,1.0,0.6148145751513501,2021.10.11.02.57.41_veh-50_02155_02265,1.0,6a43e423817adae16a532485b6516f2aa253ccb4c62ed2eb711119a87ab8c2ff,planner_dev1696_baseline,0.8395060729797291,ok,1.0,102471e46a565fdf
1.0,1.0,1.0,0.7056434132780981,2021.10.11.02.57.41_veh-50_02155_02265,1.0,713deaa4d781284cd14fd62a8abe53947d84d3bc6fcc2269b370aecdc3f0de86,planner_dev1696_baseline,0.8773514221992076,ok,1.0,14489b09baaa54e5
1.0,1.0,1.0,0.8478713775997162,2021.10.11.02.57.41_veh-50_02155_02265,1.0,5cf768bbf1887b4f2feba3112301ca58cdd95a63ac4d458347853012ebd2e703,planner_dev1696_baseline,0.9366130739998818,ok,1.0,1543049980f15e78
1.0,1.0,1.0,0.7212948602451358,2021.10.11.02.57.41_veh-50_02155_02265,1.0,0bf931f761a24ebb6dd3e0b25fdd6c09cdcec5bac1ab9332f9307f554f87b1fd,planner_dev1696_baseline,0.8838728584354733,ok,1.0,154f87b0c0ca5624
1.0,1.0,1.0,0.8159396143654729,2021.10.11.02.57.41_veh-50_02155_02265,1.0,4c52ca35745d83814e5872f52b93e7d7a3478e997b2f1ae7869870bb85486f6c,planner_dev1696_baseline,0.9233081726522804,ok,1.0,17a899d822e75d16
1.0,1.0,1.0,0.686693407183252,2021.10.11.02.57.41_veh-50_02155_02265,1.0,776574fe87ecee88b521fcbb4b2fa4d5e3e9ebc248ff9fc5209e307e43b43f1e,planner_dev1696_baseline,0.869455586326355,ok,1.0,17bc4c6cc38959d0
1.0,1.0,1.0,0.6391794518311068,2021.10.11.02.57.41_veh-50_02155_02265,1.0,0b9972d9ebf823f89ab439d42d968bdf03f9763dbfcd15085ea529205361d2dc,planner_dev1696_baseline,0.8496581049296278,ok,1.0,180266e7ce035fca
1.0,1.0,1.0,0.6452728774486257,2021.10.11.02.57.41_veh-50_02155_02265,1.0,4df587e319b9e1987e9d3513623983b57426f318a86427b8ae8c697a3c780f2e,planner_dev1696_baseline,0.8521970322702607,ok,1.0,205ef6aa1e4f54f4
1.0,1.0,1.0,0.7641425547666928,2021.10.11.02.57.41_veh-50_02155_02265,1.0,97d2fc359bebfd5e1903536759c5f363668d3770787732606f694b70af57cf19,planner_dev1696_baseline,0.9017260644861219,ok,1.0,243375d424865825
1.0,1.0,1.0,0.7807865295807084,2021.10.11.02.57.41_veh-50_02155_02265,1.0,fdeff308d223d03b206234a09bd57858923bf254c63b2e8528d74cc189b4d959,planner_dev1696_baseline,0.9086610539919618,ok,1.0,25e8140e88165353
1.0,1.0,1.0,0.6447181550873136,2021.10.11.02.57.41_veh-50_02155_02265,1.0,bfa852e9ae284e7beda0dbe7e3b767f2570666105562d8495648dc93fe1800f1,planner_dev1696_baseline,0.8519658979530473,ok,1.0,265d51badd8658b4
1.0,1.0,1.0,0.6682342062234234,2021.10.11.02.57.41_veh-50_02155_02265,1.0,c5b8adb9403b2d5ed3212bb97ff10ada59b372497611191fed215d192be98ed8,planner_dev1696_baseline,0.8617642525930931,ok,1.0,28d90079bec557cf
1.0,1.0,1.0,0.7570322158018068,2021.10.11.02.57.41_veh-50_02155_02265,1.0,722e494cdecfc2ed0409734372328e47acfed1f89f20d0e9b29a29ba6a06dfdc,planner_dev1696_baseline,0.8987634232507529,ok,1.0,2a4f7a1a42b759a7
1.0,1.0,1.0,0.6998195115522609,2021.10.11.02.57.41_veh-50_02155_02265,1.0,42f1c5a9cbe275a2673b87b725cf946f4e1654bfb1203c27bdd44cc9f79ef064,planner_dev1696_baseline,0.8749247964801087,ok,1.0,2d4ac7e75090575c
1.0,1.0,1.0,0.7644363523225336,2021.10.11.02.57.41_veh-50_02155_02265,1.0,2468c7d0ef2ff3e19972f53c6c8346408cd5f35b470e3d1b5625a13cd8e61df4,planner_dev1696_baseline,0.901848480134389,ok,1.0,2f81ef9b7def5cfb
1.0,1.0,1.0,0.7615358483734758,2021.10.11.02.57.41_veh-50_02155_02265,1.0,17392f495ff88693d8a60340ecf25a1dc38571dce92e0e5d7ff58a2941155363,planner_dev1696_baseline,0.9006399368222816,ok,1.0,329975be260c50b7
1.0,1.0,1.0,0.7010413939263508,2021.10.11.02.57.41_veh-50_02155_02265,1.0,0fb410bec2cf40880d76065e50df882aeb816f49a57f956e6df26916d132d51e,planner_dev1696_baseline,0.8754339141359795,ok,1.0,33365d03e762561c
1.0,0.0,1.0,0.0,2021.10.11.02.57.41_veh-50_02155_02265,1.0,40497a9f34ee70136be45d4e39eadd0c5f2c23fda7f5717dc246f3e35ae5172a,planner_dev1696_baseline,0.0,ok,1.0,35f9bb7297745ff8
1.0,1.0,1.0,0.698850051164411,2021.10.11.02.57.41_veh-50_02155_02265,1.0,17654fc7120feb1e799b16d58ad24ae7d36b9f7f67ea2fbde4aa7551d5169cca,planner_dev1696_baseline,0.874520854651838,ok,1.0,37b87186b6bd5777
1.0,1.0,1.0,0.680605630428352,2021.10.11.02.57.41_veh-50_02155_02265,1.0,d608f078f65f005e0d560f5d8a7fd668e1f3c7798ccfe0f10d7d7def3140f16b,planner_dev1696_baseline,0.8669190126784799,ok,1.0,3998d00b80c55db4
1.0,1.0,1.0,0.7460816045036421,2021.10.11.02.57.41_veh-50_02155_02265,1.0,10011d4dc41c00993c2f8a120eaff81bde4b582a72f55a28d470e0ef2fd4b588,planner_dev1696_baseline,0.8942006685431841,ok,1.0,3a95ca3177bc57f0
1.0,1.0,1.0,0.6054246777402131,2021.10.11.02.57.41_veh-50_02155_02265,1.0,401af13c6179c837aa2935a20a58cfdb4732cf14098ee4a05689e97da158e438,planner_dev1696_baseline,0.8355936157250888,ok,1.0,3f89da0001805a55
1.0,1.0,1.0,0.6806928462393972,2021.10.11.02.57.41_veh-50_02155_02265,1.0,468aadd85a590a3e82d38eda5437f396da5a2ae71a0fc9fddfd028d504839840,planner_dev1696_baseline,0.8669553525997489,ok,1.0,3ff65804fed251f6
1.0,1.0,1.0,1.0,2021.10.11.02.57.41_veh-50_02155_02265,1.0,9393a5a61b00c7f2850236d7c8b772d9a1b1c362ee29b11ab0f0ef09dbebdb80,planner_dev1696_baseline,1.0,ok,1.0,400ad97140e45645
1.0,1.0,1.0,0.7751814408378458,2021.10.11.02.57.41_veh-50_02155_02265,1.0,5fb91cda61d4ff443697cdc2fa2e182a825bfc6612aa17f464e18f0b8637ee8d,planner_dev1696_baseline,0.9063256003491024,ok,1.0,4209beddef055db5
1.0,1.0,1.0,0.7546010410679719,2021.10.11.02.57.41_veh-50_02155_02265,1.0,de6af3b81acedf3e1fc21856ca98b82ec9c3db593618b63859ba3ebfa024d50b,planner_dev1696_baseline,0.8977504337783216,ok,1.0,4447336863e85fee
1.0,1.0,1.0,0.6880120877686485,2021.10.11.02.57.41_veh-50_02155_02265,1.0,e7582558fec0dd2a38fe5b8e3c05d852dc5acf427c95126118795da06ed049d6,planner_dev1696_baseline,0.8700050365702703,ok,1.0,45141a99f80a5ca4
1.0,1.0,1.0,0.6789914290908982,2021.10.11.02.57.41_veh-50_02155_02265,1.0,046fe01356e303bed0a0682c192fec9717cddf04568318d12dcec3ac69d953ee,planner_dev1696_baseline,0.8662464287878743,ok,1.0,4b8081ab8642513d
1.0,1.0,1.0,0.621455436926005,2021.10.11.02.57.41_veh-50_02155_02265,1.0,6b0075a92394c69c51ea7b565385fa47f7e69ccca23b4d776929c9401a688da8,planner_dev1696_baseline,0.8422730987191688,ok,1.0,4d492375c1705fc3
1.0,1.0,1.0,0.6945767471342138,2021.10.11.02.57.41_veh-50_02155_02265,1.0,7e7586a1302d10536e0190ff2e91cf22b074dc9fcff5cabd0725a8d82507e93b,planner_dev1696_baseline,0.8727403113059223,ok,1.0,4d4d6e694a7f5712
1.0,1.0,1.0,0.6697330321953496,2021.10.11.02.57.41_veh-50_02155_02265,1.0,168909450a3cb3aa1c9acc09c21203491cbffdfc677bbd229ae933853389385e,planner_dev1696_baseline,0.8623887634147289,ok,1.0,52c34d4f01925f11
1.0,1.0,1.0,0.7377500914946461,2021.10.11.02.57.41_veh-50_02155_02265,1.0,85271209abc1e585aceef298103e40a2da568e02525b83ebab94aa51976a60ab,planner_dev1696_baseline,0.8907292047894358,ok,1.0,551a93bd32f95ef1
1.0,1.0,1.0,0.7051692116637085,2021.10.11.02.57.41_veh-50_02155_02265,1.0,4ee5e1a7d9841065e0bd629071e134e903e855dd37abdef94d73858afe1f6a11,planner_dev1696_baseline,0.8771538381932119,ok,1.0,559a7a5262b355c3
1.0,1.0,1.0,0.5494525682423171,2021.10.11.02.57.41_veh-50_02155_02265,1.0,3c34ccc193df4049870d3ce58ffa995e4806b0a01771c682c315823ad522846f,planner_dev1696_baseline,0.8122719034342989,ok,1.0,57f67c6a726a5dd2
1.0,1.0,1.0,0.7562122083759848,2021.10.11.02.57.41_veh-50_02155_02265,1.0,4a1e638bfc3d42caa8f86d972f40dcb476c93c98ca1922eb01d29fdc97da690d,planner_dev1696_baseline,0.8984217534899935,ok,1.0,58bfaccfd1865d81
1.0,1.0,1.0,0.7706964159879833,2021.10.11.02.57.41_veh-50_02155_02265,1.0,2dfac656e959cce66c6f89ba583ae1ae3b2eae3f81abfa19ccd60fed3e65206a,planner_dev1696_baseline,0.9044568399949929,ok,1.0,5bf6deabdf1355a1
1.0,1.0,1.0,0.7102726543040915,2021.10.11.02.57.41_veh-50_02155_02265,1.0,4a7c13db0aba6c636e4c120fbf9c83fb311b6edfcd71d6659cd446ffadd3176e,planner_dev1696_baseline,0.8792802726267048,ok,1.0,6bd9815c03125877
1.0,1.0,1.0,0.6823696019999281,2021.10.11.02.57.41_veh-50_02155_02265,1.0,a1394425f399793e4e2767829b02e87cf1c098e9eb757f2bcaef043bc37012b7,planner_dev1696_baseline,0.8676540008333035,ok,1.0,6c00f7eb11a35083
1.0,1.0,1.0,0.5631217436483902,2021.10.11.02.57.41_veh-50_02155_02265,1.0,8e1ac3b528492cb9bb77d620a8b2588a42be33015cad4f55df794c15b7200ab7,planner_dev1696_baseline,0.8179673931868292,ok,1.0,6ce1ef9b8d515884
1.0,1.0,1.0,0.7573116653565518,2021.10.11.02.57.41_veh-50_02155_02265,1.0,828799cb7edb9636fe2740d64905a76362d5659a9ead52007284d14031107ade,planner_dev1696_baseline,0.8988798605652298,ok,1.0,73fc68b82f045907
1.0,1.0,1.0,0.7375764190242039,2021.10.11.02.57.41_veh-50_02155_02265,1.0,8a6d58dce153e2001b102cd5fc6663e84a7ba8452cc15583f31897c5d5c998bd,planner_dev1696_baseline,0.8906568412600849,ok,1.0,75c6224df9b25b6d
1.0,1.0,1.0,0.7336691092415579,2021.10.11.02.57.41_veh-50_02155_02265,1.0,a73322c1143a3c7f0cf99b3fe320e2d4953ba36efcaf557cee7ccb69843eac8f,planner_dev1696_baseline,0.8890287955173157,ok,1.0,7768af5461fb5dab
1.0,1.0,1.0,0.7562335457908401,2021.10.11.02.57.41_veh-50_02155_02265,1.0,f2bcb3b8f06ac1f847d90b3bc9145d6fc03c98f20e58bfc1e92f617825662320,planner_dev1696_baseline,0.8984306440795167,ok,1.0,790e1bf672715bf1
1.0,1.0,1.0,0.7203247448069119,2021.10.11.02.57.41_veh-50_02155_02265,1.0,71394a1f5bce574a66dc2a31cd642bd16f20e4e484cb3f25ec62bca2ef0c6b93,planner_dev1696_baseline,0.8834686436695467,ok,1.0,790f41b0bd3f51ea
1.0,1.0,1.0,0.6580139241523777,2021.10.11.02.57.41_veh-50_02155_02265,1.0,18db1389e8eb649eabb75241d1f9e4d6dd13195e5e398a341213161b4bce1755,planner_dev1696_baseline,0.8575058017301574,ok,1.0,7c1389a3e4a55975
1.0,0.0,1.0,0.0,2021.10.11.02.57.41_veh-50_02155_02265,1.0,3176e1253d0cf0a3ac191e5c6e968a555fe7981c52e3c95e9c5996d381c52fb1,planner_dev1696_baseline,0.0,ok,1.0,7f8f1f6b90575d91
1.0,1.0,1.0,0.5747873078253828,2021.10.11.02.57.41_veh-50_02155_02265,1.0,fedce6ef17a9b9214edcc9bd4c3fd57f5b8a137fdbc88aef9f60f6c19fe9267c,planner_dev1696_baseline,0.8228280449272428,ok,1.0,8002902e2efe5c94
1.0,1.0,1.0,0.6253787191255409,2021.10.11.02.57.41_veh-50_02155_02265,1.0,defaf17f22e6d365ca158b25481bd417ef7eaa993bcde381c48295e8f3dc9301,planner_dev1696_baseline,0.843907799635642,ok,1.0,807c9c96f42c597d
1.0,1.0,1.0,0.7130213146455139,2021.10.11.02.57.41_veh-50_02155_02265,1.0,e88f7f66f195a90ece1e362b1cb40196331ebc6334e1a3afe019f58467a9bc2a,planner_dev1696_baseline,0.8804255477689642,ok,1.0,83cbc1063ce1591d
1.0,1.0,1.0,0.6878620453897093,2021.10.11.02.57.41_veh-50_02155_02265,1.0,3c3fe37b9a1477d3686245eb4c79c967048d923da1af794649251c15f7f956e1,planner_dev1696_baseline,0.8699425189123788,ok,1.0,83dc2afeb98950a4
1.0,1.0,1.0,0.7041873556513751,2021.10.11.02.57.41_veh-50_02155_02265,1.0,2d018d5546af3df17efa7cbcb54a10311bbe7fe857e71b6df02116ff7b7c1910,planner_dev1696_baseline,0.8767447315214062,ok,1.0,86a9ef645f195f81
1.0,1.0,1.0,0.7425436846589866,2021.10.11.02.57.41_veh-50_02155_02265,1.0,9d28f92d0de28df98c2e69456f041bf32967bf78a6b08a6b0db65a8f25942e1d,planner_dev1696_baseline,0.8927265352745778,ok,1.0,8708f5ee85ca50b1
1.0,1.0,1.0,0.6030899506241858,2021.10.11.02.57.41_veh-50_02155_02265,1.0,dc189013680b53814f69256acca6925753a21f5e2088c0829ec10cb97d57ab96,planner_dev1696_baseline,0.8346208127600775,ok,1.0,8e5a6cdce75d50dd
1.0,1.0,1.0,0.5300463589323592,2021.10.11.02.57.41_veh-50_02155_02265,1.0,47b1499de7e89d33065d540c63d07593c14ff8b88db8ec017fadf547a6952412,planner_dev1696_baseline,0.804185982888483,ok,1.0,92f1b2f9782b5ab2
1.0,1.0,1.0,0.7010063302840231,2021.10.11.02.57.41_veh-50_02155_02265,1.0,a9eb60d28cf4d0041043765929ddd9fbac9c0cc30b1a83e71c0306d447441186,planner_dev1696_baseline,0.8754193042850096,ok,1.0,9608c9c656695dd6
1.0,1.0,1.0,0.7938253822378958,2021.10.11.02.57.41_veh-50_02155_02265,1.0,bc1cb8502e508008e39f00d319974539084120c08bc6b6a098c5eb420c57a0bf,planner_dev1696_baseline,0.9140939092657899,ok,1.0,994cdcf16f475b72
1.0,1.0,1.0,0.7747726123578653,2021.10.11.02.57.41_veh-50_02155_02265,1.0,d0fbc3e65609d12ccb1ab4ba2b68c2e353516c53a66ad712ee03531bbaf1a851,planner_dev1696_baseline,0.9061552551491104,ok,1.0,9a5fc2035a655005
1.0,1.0,1.0,0.6885487311680599,2021.10.11.02.57.41_veh-50_02155_02265,1.0,6f649f802af7b7a6e5f752133798a1218bb8d6b3de4657434c21048d46a3baa8,planner_dev1696_baseline,0.8702286379866916,ok,1.0,9aeb31473be659b4
1.0,1.0,1.0,0.73504939115874,2021.10.11.02.57.41_veh-50_02155_02265,1.0,f387d94fb9fe51c81332e32ac61a88c1c2ec8f5af3f1c7654f6b80fc3c4a647c,planner_dev1696_baseline,0.8896039129828083,ok,1.0,9be9272eca74587d
1.0,1.0,1.0,0.673050380448511,2021.10.11.02.57.41_veh-50_02155_02265,1.0,a72f86873647c199de8b8aed7b878fabab4ec287ac87519f09c1da9f90369c47,planner_dev1696_baseline,0.8637709918535462,ok,1.0,a0757b8313a15615
1.0,1.0,1.0,0.6677092926339814,2021.10.11.02.57.41_veh-50_02155_02265,1.0,867dea681a18e285da5e673a47b741ef22000f5d335378d285422424e7b637a1,planner_dev1696_baseline,0.8615455385974923,ok,1.0,a1e1af9908e45556
1.0,1.0,1.0,0.77181955978931,2021.10.11.02.57.41_veh-50_02155_02265,1.0,8fcee741db41c8a6195f46fdc948c762759ecbe0b15b69c8191d81c5d40b5dde,planner_dev1696_baseline,0.9049248165788791,ok,1.0,a47149d13d5a5b74
1.0,1.0,1.0,0.6458618631875982,2021.10.11.02.57.41_veh-50_02155_02265,1.0,60ed460c9c771a693f47bcb00938c8c0fdba797ac7152ae36a2d6ae30f0b7e11,planner_dev1696_baseline,0.8524424429948326,ok,1.0,a60f2627cee15fd4
1.0,1.0,1.0,0.5741472421778346,2021.10.11.02.57.41_veh-50_02155_02265,1.0,fa78d21ed379b0608431025c170c0de475d4dde597f6a599d656d81d81377066,planner_dev1696_baseline,0.8225613509074311,ok,1.0,a614f0e213bc5b3c
1.0,1.0,1.0,0.7682001201014768,2021.10.11.02.57.41_veh-50_02155_02265,1.0,ad5f4998af599a16455ad63744f8221c5743d5ee2c0a0becec7ef377f78c8e4c,planner_dev1696_baseline,0.9034167167089486,ok,1.0,a99fef2dc48459b8
1.0,1.0,1.0,0.732572534028882,2021.10.11.02.57.41_veh-50_02155_02265,1.0,a5128f5453240c9932897af29c2a9374f566ba68ce98dab070acbbc557671c3c,planner_dev1696_baseline,0.8885718891787008,ok,1.0,aa8326c244e85a40
1.0,1.0,1.0,0.6978247900381371,2021.10.11.02.57.41_veh-50_02155_02265,1.0,8646bd348a42a41d6d384dc0275a86a783235f90165c845c68e454796fe3c073,planner_dev1696_baseline,0.8740936625158904,ok,1.0,ab53984253715cdd
1.0,1.0,1.0,0.6927429425170563,2021.10.11.02.57.41_veh-50_02155_02265,1.0,a34a9d0339435891e1b11df2649d20af9e7e136cec2e6b9ba5a3fe69d8722ecb,planner_dev1696_baseline,0.8719762260487735,ok,1.0,ae1ce6b276645fd1
1.0,1.0,1.0,0.751396448725798,2021.10.11.02.57.41_veh-50_02155_02265,1.0,65ad4af27b13c1bb42c33b57e9cd0a379781ef985fb9c872bdc3b93f6e7fcc4f,planner_dev1696_baseline,0.8964151869690825,ok,1.0,af5340a6db3a56dc
1.0,1.0,1.0,0.701234101821538,2021.10.11.02.57.41_veh-50_02155_02265,1.0,921bdcff501d30cc62c0b6320bccfce732608d290826b379a64ef5d6ad816c87,planner_dev1696_baseline,0.8755142090923075,ok,1.0,b042f8b582f453d8
1.0,1.0,1.0,0.7469263845253663,2021.10.11.02.57.41_veh-50_02155_02265,1.0,53d2ab4cc1bb1c7acd0b74b63d95495ec71ce78bb40c6b7c96cee90ea069e365,planner_dev1696_baseline,0.8945526602189027,ok,1.0,b0ab79add8315a10
1.0,1.0,1.0,0.7079027636398596,2021.10.11.02.57.41_veh-50_02155_02265,1.0,da9e80ff35ff259b86544ad3e9879edafa14399051d1e0ab0e52fce974846b8b,planner_dev1696_baseline,0.8782928181832749,ok,1.0,b2b97b044f3d52f5
1.0,1.0,1.0,0.848575034174191,2021.10.11.02.57.41_veh-50_02155_02265,1.0,b8dbc92665cd3bc02591a91ecea9f472ec5b673423232733cfcb9ddbc5c5a716,planner_dev1696_baseline,0.9369062642392464,ok,1.0,b434729c2a2154c3
1.0,1.0,1.0,0.7572976026382678,2021.10.11.02.57.41_veh-50_02155_02265,1.0,a73e06567fcc69e50c1af1cb248194ac3c113354ab019a240e9dfee22433c0c9,planner_dev1696_baseline,0.8988740010992782,ok,1.0,b63e45593b79588a
1.0,1.0,1.0,0.6537048546246599,2021.10.11.02.57.41_veh-50_02155_02265,1.0,6d6c54533e3398e7b99af45c37cc5ffbd7c91486faf9bd67604a72ccf0b80507,planner_dev1696_baseline,0.8557103560936082,ok,1.0,b92d3260427a573d
1.0,1.0,1.0,0.751156632113989,2021.10.11.02.57.41_veh-50_02155_02265,1.0,d66c8b5ee97a92ced54ea155c235884305ab693bf4dcbf71b4179a5739fffcf6,planner_dev1696_baseline,0.8963152633808287,ok,1.0,b94a09f5d1b550ea
1.0,1.0,1.0,0.7912968445887462,2021.10.11.02.57.41_veh-50_02155_02265,1.0,c74fc1522d537038686be1137fab04b2a6b114666bdb2071e2242d92d5e6b16a,planner_dev1696_baseline,0.9130403519119775,ok,1.0,baf2dbf6552f5de4
1.0,1.0,1.0,0.708364501051398,2021.10.11.02.57.41_veh-50_02155_02265,1.0,bba6df844e6cd3b8ebd24c05fa11c50feb4576c28c634c037b948edfb9c653d1,planner_dev1696_baseline,0.8784852087714158,ok,1.0,bbf94133c5e75ca5
1.0,1.0,1.0,0.7496072868181326,2021.10.11.02.57.41_veh-50_02155_02265,1.0,11c63aa7c38e208d249ff0b7ac56e84b1334b4e7d45abf1f9ae6eeb25214047f,planner_dev1696_baseline,0.8956697028408885,ok,1.0,c13bf60d0e065292
1.0,1.0,1.0,0.657899302119231,2021.10.11.02.57.41_veh-50_02155_02265,1.0,285a7a524f0644ce5d5d65c2d4e6c509c004bb40baa135acd7c29752fe14c68f,planner_dev1696_baseline,0.8574580425496796,ok,1.0,cc8b959e3fcb5079
1.0,1.0,1.0,0.7730202849861335,2021.10.11.02.57.41_veh-50_02155_02265,1.0,9e6a00734a7b747e760b91d613f17fe9a329890a511b894bb0b8a6f5df72e960,planner_dev1696_baseline,0.9054251187442223,ok,1.0,ccace872c29a5f29
1.0,1.0,1.0,0.6229969519187589,2021.10.11.02.57.41_veh-50_02155_02265,1.0,345515b31d33f4bda791edca62f5d33d5634acd95598b599d9e590a3ebf1f82b,planner_dev1696_baseline,0.8429153966328163,ok,1.0,cdbb81fdded65262
1.0,1.0,1.0,0.6486721694136769,2021.10.11.02.57.41_veh-50_02155_02265,1.0,65b7548c4be1162cc86ffaa07747496a79e8cd3e85bef449d5087ed60c175b52,planner_dev1696_baseline,0.8536134039223654,ok,1.0,ce2ce7fb20ef570c
1.0,1.0,1.0,0.7420940212847648,2021.10.11.02.57.41_veh-50_02155_02265,1.0,0254f0a4a33e563f93f82a34b8822726d7af942b58d4def30e9a2a07f7d57291,planner_dev1696_baseline,0.8925391755353186,ok,1.0,d06c2bb897f05b5c
1.0,1.0,1.0,0.7229298310242627,2021.10.11.02.57.41_veh-50_02155_02265,1.0,cfd846c738c1a6d07502655a4acdda859b45d11b6a6aaaedcf0dd7d1d4e63c50,planner_dev1696_baseline,0.8845540962601094,ok,1.0,d2b44693e1fe5019
1.0,1.0,1.0,0.7259549502118484,2021.10.11.02.57.41_veh-50_02155_02265,1.0,d3490cb8fd1494b6be3ee2403503418d6f6286a33c91621c8448544611d06255,planner_dev1696_baseline,0.8858145625882702,ok,1.0,d3229ec0bd73520c
1.0,1.0,1.0,0.6490730108190982,2021.10.11.02.57.41_veh-50_02155_02265,1.0,65d4afbc74971ab4f20cd2abfee36784fd625d8fe61c14f06db9f18a0dea39ba,planner_dev1696_baseline,0.8537804211746242,ok,1.0,d728b2624f4055ea
1.0,1.0,1.0,0.7024529254630165,2021.10.11.02.57.41_veh-50_02155_02265,1.0,e711187be6f94cb70a812168644b8a8a431ddfe930e55079a479bf4a11835972,planner_dev1696_baseline,0.876022052276257,ok,1.0,d8e282ed6cff5dac
1.0,1.0,1.0,0.6570343130354046,2021.10.11.02.57.41_veh-50_02155_02265,1.0,78ecab91d192a60a130394baffc672c2ed1f2dbd48e035f8aaecfba11dcad0b0,planner_dev1696_baseline,0.8570976304314186,ok,1.0,da378bcae7675636
1.0,1.0,1.0,0.6973373638252939,2021.10.11.02.57.41_veh-50_02155_02265,1.0,503cee695c3a88a6935ce4d5f6118c7fb3bdaa9f62efff6dbd5c29ef84a31225,planner_dev1696_baseline,0.873890568260539,ok,1.0,dc7ec70fa4d050be
1.0,1.0,1.0,0.7558797364682427,2021.10.11.02.57.41_veh-50_02155_02265,1.0,55778fbc97fe3e4903e3b438d638f711311b175329b3eb684dd9d0c889c02986,planner_dev1696_baseline,0.8982832235284345,ok,1.0,de72514102555fab
1.0,1.0,1.0,0.7651216439597853,2021.10.11.02.57.41_veh-50_02155_02265,1.0,67a6dab568a90e5426717691d46106fd25a0dbafca33c4f3f18d6ac51a290817,planner_dev1696_baseline,0.9021340183165772,ok,1.0,dee420665f2d5ee5
1.0,1.0,1.0,0.6159784454912329,2021.10.11.02.57.41_veh-50_02155_02265,1.0,cf9f0dc26cc9f32cf5d6001d05b45b6ab016ae81384202f04b45052680e0a983,planner_dev1696_baseline,0.8399910189546804,ok,1.0,e2898986047c5b29
1.0,1.0,1.0,0.7067606913140987,2021.10.11.02.57.41_veh-50_02155_02265,1.0,c8dfae8aa1c6deab53ca0563707d4d00e07590cc2d2aa9538d9078bbd22832ee,planner_dev1696_baseline,0.8778169547142077,ok,1.0,e2f005a68443572a
1.0,1.0,1.0,0.719251807924607,2021.10.11.02.57.41_veh-50_02155_02265,1.0,13479f0c940d8a9285d68ea509c646a459489b0bc1ade8851979b201aa40f738,planner_dev1696_baseline,0.883021586635253,ok,1.0,e69baaae152259ad
1.0,1.0,1.0,0.7054449977790261,2021.10.11.02.57.41_veh-50_02155_02265,1.0,cc42882004351592a784348ddbc312ba0d8dc17e18776aa507f2cf4b00c7b137,planner_dev1696_baseline,0.8772687490745943,ok,1.0,e6fa8db6e41a5139
1.0,1.0,1.0,0.772629057876991,2021.10.11.02.57.41_veh-50_02155_02265,1.0,f9fcb0335f12017dacc0b68a9ed6e5f12578efad5c4a077df54950e32ed8d899,planner_dev1696_baseline,0.9052621074487462,ok,1.0,e8289b430daa5695
1.0,1.0,1.0,0.6943559174011282,2021.10.11.02.57.41_veh-50_02155_02265,1.0,bee7ce6d9413093ec4ac0aebc195e58a24ac228abef4ed9dcaad1dfe43a36e11,planner_dev1696_baseline,0.8726482989171368,ok,1.0,ebe11a6789745477
1.0,1.0,1.0,0.5975600971152198,2021.10.11.02.57.41_veh-50_02155_02265,1.0,d33efc0f6e0a896d00c3207e00f7f6839473de629983971549a6d8e0dce1f5d9,planner_dev1696_baseline,0.8323167071313415,ok,1.0,ecd1986832c7521a
1.0,1.0,1.0,0.5841158601498864,2021.10.11.02.57.41_veh-50_02155_02265,1.0,d425f64ebd579e12abdf5db15905d0938f440f57a4c0756d238f079b5cbdaa4a,planner_dev1696_baseline,0.8267149417291192,ok,1.0,f09b140e2fc05b0a
1.0,1.0,1.0,0.7568786938482379,2021.10.11.02.57.41_veh-50_02155_02265,1.0,55fe03960c848e427a4ba66c1f77b521db11473b806ae4a294ad85a240f135d7,planner_dev1696_baseline,0.8986994557700991,ok,1.0,f46d7a713a035a80
1.0,1.0,1.0,0.7168642903081495,2021.10.11.02.57.41_veh-50_02155_02265,1.0,46ebec685f00a20288c2e7e0e1252fc06dedf13c1f21d79cf29afca836b0d564,planner_dev1696_baseline,0.8820267876283956,ok,1.0,f93dafb45c965ab2
1.0,1.0,1.0,0.5620916163120762,2021.10.11.02.57.41_veh-50_02155_02265,1.0,32ea400b720fa4e0bf9d81f02985eba07ffe7cc5841d3b4aedb9864058b84bc7,planner_dev1696_baseline,0.817538173463365,ok,1.0,fb2dd85945315007
1.0,1.0,1.0,0.7637098752178479,2021.10.11.02.57.41_veh-50_02155_02265,1.0,5df30e4faae0f29e7f393c01d05b798d0954b25263e89005a2d9518651915866,planner_dev1696_baseline,0.90154578134077,ok,1.0,fb50a35ed72b5a18
1.0,1.0,1.0,0.7810314805635615,2021.10.11.02.57.41_veh-50_02155_02265,1.0,0e492da03e11cf0344f9f5fb2e5a664842607bb797aca427fb241bf9abd6ce32,planner_dev1696_baseline,0.9087631169014839,ok,1.0,fbb2aa2813125b32
1.0,1.0,1.0,0.6624310644429462,2021.10.11.02.57.41_veh-50_02155_02265,1.0,6babba7157f6170d69b7a09e2191bbf4e6d09a908b7646c33a2bd435c74848a8,planner_dev1696_baseline,0.8593462768512277,ok,1.0,fbde637d36f557c2
1.0,1.0,1.0,0.5520125575329344,2021.10.11.02.57.41_veh-50_02155_02265,1.0,b27d6320ed967aafbb96f15a57286b3cb9bf38a81202c61320490f1aa3cd5af4,planner_dev1696_baseline,0.8133385656387228,ok,1.0,fdfec9ef7201528e
1.0,1.0,1.0,0.7491473602240637,2021.10.11.02.57.41_veh-50_02155_02265,1.0,5c2326e16848f395dc92dcfeb76e2dc64b4a1b0dad7e60e33465a87c94737be1,planner_dev1696_baseline,0.8954780667600266,ok,1.0,ff31fde84ea55ab8
1.0,1.0,1.0,0.7658565794593533,2021.08.31.14.01.15_veh-40_01576_01714,1.0,8d06248bef663f2d20c6b3a5acfaf070171977548920f4599a999cabb868673d,planner_dev1696_baseline,0.9024402414413971,ok,1.0,00839bb43eed5f3e
1.0,1.0,1.0,0.6879690348573598,2021.08.31.14.01.15_veh-40_01576_01714,1.0,16aeb56cbdf78168b3e3fc1091cf14a57ee5f385ca37d5b8cccfc15ed07294e5,planner_dev1696_baseline,0.8699870978572332,ok,1.0,0244b29e92175c74
1.0,1.0,1.0,0.7582678063349403,2021.08.31.14.01.15_veh-40_01576_01714,1.0,8db409c52a36720b7416c009361e7e52005a8531974d57328ba689a5ff41a083,planner_dev1696_baseline,0.8992782526395584,ok,1.0,12af90c2b8b6512e
1.0,1.0,1.0,1.0,2021.08.31.14.01.15_veh-40_01576_01714,1.0,e8d2c2b3a10a07509927f88465303cb3dd5c173e6f0262fe13ad86d26950f36f,planner_dev1696_baseline,1.0,ok,1.0,1c59013d80ab5ac4
1.0,1.0,1.0,0.9430010920304994,2021.08.31.14.01.15_veh-40_01576_01714,1.0,a3dc918be328f3575dc839d182b11e94a787b701c29a3ec1219a59714f54b226,planner_dev1696_baseline,0.9762504550127081,ok,1.0,219dd3cdd7fd594b
1.0,1.0,1.0,0.8129441730010777,2021.08.31.14.01.15_veh-40_01576_01714,1.0,5c6d0fbf21e3c8a020a04bcad2a5e138aab7e3a700442e2f2d5128f064a34acc,planner_dev1696_baseline,0.9220600720837823,ok,1.0,28b2841dfc80526b
1.0,1.0,1.0,0.837805453587879,2021.08.31.14.01.15_veh-40_01576_01714,1.0,e3c089c64675a80ba1d07b70428ba8d973bbc7c0ac3677102b169477acdba245,planner_dev1696_baseline,0.9324189389949495,ok,1.0,2ae099469caa5693
1.0,1.0,1.0,0.8179363086573942,2021.08.31.14.01.15_veh-40_01576_01714,1.0,7a16bdb088cacedcbaa761aa0a74bc758a73b24c3f52ed7b80e8b3a04bb8dc7b,planner_dev1696_baseline,0.9241401286072476,ok,1.0,2deba0b0afad5472
1.0,1.0,1.0,0.8024065907430792,2021.08.31.14.01.15_veh-40_01576_01714,1.0,5b68d326823cf2eeb8dc3244fe8ae19d543fe83f17e1542de912bb3f00f1b215,planner_dev1696_baseline,0.9176694128096163,ok,1.0,5007e9f5013b5580
1.0,1.0,1.0,1.0,2021.08.31.14.01.15_veh-40_01576_01714,1.0,0fa9fa509c44d856b46aa50ea3b60b3073a821a38c2a267ec9b5e2128fbe976a,planner_dev1696_baseline,1.0,ok,1.0,57ee8b6bcf335177
1.0,1.0,1.0,0.9311848120072533,2021.08.31.14.01.15_veh-40_01576_01714,1.0,29c2f90e708add3e82cdd599e03d4de89b8c460e9fa5effbbb34d761165ec4ac,planner_dev1696_baseline,0.9713270050030222,ok,1.0,5b03bd8400375f7e
1.0,1.0,1.0,0.9009201355344492,2021.08.31.14.01.15_veh-40_01576_01714,1.0,17b6c8df54d7777b600b2012644355ef8ee3c1ea937db71cc38f117a32fc0876,planner_dev1696_baseline,0.9587167231393537,ok,1.0,5c62daecead15772
1.0,1.0,1.0,0.7924459999415958,2021.08.31.14.01.15_veh-40_01576_01714,1.0,3b6ea8fbe19a2ecdac7e2c63c36805271ce5d63d6591d91718bbcf94c673a9c9,planner_dev1696_baseline,0.9135191666423316,ok,1.0,5d5971cc468954e3
1.0,1.0,1.0,0.8104520704237207,2021.08.31.14.01.15_veh-40_01576_01714,1.0,116a7961fa7709ba25a844905337067e1cf83ad2b3a4ac4ef9a181557e684185,planner_dev1696_baseline,0.9210216960098836,ok,1.0,66d20874271b558f
1.0,1.0,1.0,1.0,2021.08.31.14.01.15_veh-40_01576_01714,1.0,cfb0d3f7dbe84cd74448c7c5b58a930b3a597d1362cc8ec02eab9a5a6509efee,planner_dev1696_baseline,1.0,ok,1.0,7020151396535655
1.0,1.0,1.0,1.0,2021.08.31.14.01.15_veh-40_01576_01714,1.0,92983dc8467577da416c2e7f78164a19f4723b24a32ac17ce3a484f95708636f,planner_dev1696_baseline,1.0,ok,1.0,7372d89535355cb2
1.0,1.0,1.0,0.9580202872635458,2021.08.31.14.01.15_veh-40_01576_01714,1.0,20e6d952d1fa62e9c79430eccd34e1a9f90faed8dc8ce5bc80b4ede39d34b272,planner_dev1696_baseline,0.9825084530264775,ok,1.0,7d045ced792f563a
1.0,1.0,1.0,0.9251088077841367,2021.08.31.14.01.15_veh-40_01576_01714,1.0,94db8e073d62a8c7b6467d2c4e2181a280a20e2c4a5fee6399672a2c13b3efb9,planner_dev1696_baseline,0.9687953365767236,ok,1.0,7e1afa248931544e
1.0,1.0,1.0,1.0,2021.08.31.14.01.15_veh-40_01576_01714,1.0,0e0fd846b09c895cc35dc570adf1d3c76c831391ceae0fe15f8834d4b03abd9a,planner_dev1696_baseline,1.0,ok,1.0,872380f71a9f5c73
1.0,1.0,1.0,0.82669824918383,2021.08.31.14.01.15_veh-40_01576_01714,1.0,ee93fbe2e6c2184b2409638096db5399b6cb5959c3b194fa2851a227eede4d06,planner_dev1696_baseline,0.9277909371599291,ok,1.0,8935f0d3af6b51fd
1.0,1.0,1.0,0.9155801656190562,2021.08.31.14.01.15_veh-40_01576_01714,1.0,8a8e2de058a8ce2cf171451a585a0a1ede0ea7be981d0a68b0331b1cfca2b55d,planner_dev1696_baseline,0.9648250690079401,ok,1.0,8a9a5ab59dcd51d7
1.0,1.0,1.0,1.0,2021.08.31.14.01.15_veh-40_01576_01714,1.0,3d2d07f03bbf754e0ebbc53d9ae244d66cfca3536d82f7a817fe20f7405e730d,planner_dev1696_baseline,1.0,ok,1.0,90f98ca1978a5457
1.0,1.0,1.0,0.5680960925758085,2021.08.31.14.01.15_veh-40_01576_01714,1.0,90549ef1a25be6433f5cde36e29b6ff8f94aa9bdecf913fed4d389780672c682,planner_dev1696_baseline,0.8200400385732536,ok,1.0,9bbdf96591265339
1.0,1.0,1.0,1.0,2021.08.31.14.01.15_veh-40_01576_01714,1.0,9115a8e5dd720ea0105e89feb64ca92ab4a4146f76f5e7ada588c5fe140480a0,planner_dev1696_baseline,1.0,ok,1.0,a661c633fa3e5a59
1.0,1.0,1.0,0.8444956214734619,2021.08.31.14.01.15_veh-40_01576_01714,1.0,e92b8b2da4b69628743318410a91a86d5fbe6c1cc7a8c9543faf8b51247b3a47,planner_dev1696_baseline,0.9352065089472757,ok,1.0,a92a5c623e9a5906
1.0,1.0,1.0,0.8208130346943273,2021.08.31.14.01.15_veh-40_01576_01714,1.0,7e154ba88362a83deb1a718b919a40dc5c84afc5ef91d5f5b45b7f79b6433440,planner_dev1696_baseline,0.9253387644559696,ok,1.0,aa5c5efeeafd563c
1.0,1.0,1.0,1.0,2021.08.31.14.01.15_veh-40_01576_01714,1.0,7014291d63f695fea923a968bc38aa6b77c17f161d6239f7fdb8101ce94d7bad,planner_dev1696_baseline,1.0,ok,1.0,c13c48577f9255c8
1.0,1.0,1.0,1.0,2021.08.31.14.01.15_veh-40_01576_01714,1.0,50d2fd298839c16f46525abec431c09bd9a7a8e25f1b46211ddbdfcde0370a55,planner_dev1696_baseline,1.0,ok,1.0,c1e4bb8da1655e19
1.0,1.0,1.0,1.0,2021.08.31.14.01.15_veh-40_01576_01714,1.0,4ef435dbd5c3aa2ac90382fdf061bf3c7f9583c591d892b859b806e1d2e0c415,planner_dev1696_baseline,1.0,ok,1.0,c790a13084305af6
1.0,1.0,1.0,0.8109821161514124,2021.08.31.14.01.15_veh-40_01576_01714,1.0,443ced204fcb7b0129342e85251563b67958f93e9ddd63064e7a754eeefab5be,planner_dev1696_baseline,0.9212425483964218,ok,1.0,ca31b7933f8256e2
1.0,1.0,1.0,1.0,2021.08.31.14.01.15_veh-40_01576_01714,1.0,6d37d0a3a1d7b8c9b16411d86ba8cbcf67262b668c589103881bc63757930c0f,planner_dev1696_baseline,1.0,ok,1.0,ca5e5cecc6e05022
1.0,1.0,1.0,0.8146003864928036,2021.08.31.14.01.15_veh-40_01576_01714,1.0,8d2a9747dee502471a9f15527d8402bca6e7b03a51320b1fc208e072c69a514d,planner_dev1696_baseline,0.9227501610386682,ok,1.0,ce77e05891225999
1.0,1.0,1.0,1.0,2021.08.31.14.01.15_veh-40_01576_01714,1.0,345ac5d847b5068842adf8cff4db1d38184282dcf4ee5165a2fc6a8b2270e564,planner_dev1696_baseline,1.0,ok,1.0,ceb16c2c18d252f3
1.0,1.0,1.0,1.0,2021.08.31.14.01.15_veh-40_01576_01714,1.0,bfe42531cd05e72ab8e83f6649c33fa721d1c78faa92f348bc5cd81875b7e3cb,planner_dev1696_baseline,1.0,ok,1.0,d22040e885bf5509
1.0,1.0,1.0,0.82005110547161,2021.08.31.14.01.15_veh-40_01576_01714,1.0,2cc5dd17170c97c0c088ff2fd6fe75c6bc763c016eb0bb535e706c61a86efb14,planner_dev1696_baseline,0.9250212939465041,ok,1.0,d7b9d08eb35e54b4
1.0,1.0,1.0,0.8049003577064038,2021.08.31.14.01.15_veh-40_01576_01714,1.0,08c7ed3fc012fb65266055cc82314b3404a3903a616ca095686a1fbc7a3386bb,planner_dev1696_baseline,0.9187084823776682,ok,1.0,dc70a7b62c155d19
1.0,1.0,1.0,0.9229079727164354,2021.08.31.14.01.15_veh-40_01576_01714,1.0,cb9084cc5a7e1c2da650122d33e31440198745a143c0ad3d8b53c5542fe7d045,planner_dev1696_baseline,0.9678783219651814,ok,1.0,dfe3214ab3e850a3
1.0,1.0,1.0,0.8046158662144756,2021.08.31.14.01.15_veh-40_01576_01714,1.0,a28d94f530b1d2c5e747f6196856b4d3a55bcf8f09ccb7ec79de763584b216f7,planner_dev1696_baseline,0.9185899442560315,ok,1.0,e5a4f230a7a05b18
1.0,1.0,1.0,0.8841431314097279,2021.08.31.14.01.15_veh-40_01576_01714,1.0,4de3953a1788ba441bc946f01f840a9442086e82e39d68be82979281cd195d61,planner_dev1696_baseline,0.9517263047540533,ok,1.0,e72a95807de45328
1.0,1.0,1.0,0.8191287419128925,2021.08.31.14.01.15_veh-40_01576_01714,1.0,757e4fa19d52c594ab6807a2c4ad687e77c5f7d31c8c0ec301417f01337193d0,planner_dev1696_baseline,0.9246369757970386,ok,1.0,f96c2bfcfa0b5adc
1.0,1.0,1.0,0.9023106632762568,2021.08.31.14.01.15_veh-40_01576_01714,1.0,9934099acd75c6dd5eb56171f5fdef1bed1c3149cd7aea8ff32aedd0d44a85c0,planner_dev1696_baseline,0.9592961096984404,ok,1.0,fa18ed9dac89551d
1.0,1.0,1.0,1.0,2021.08.31.11.47.30_veh-40_00919_01000,1.0,84275651545dea63d5622535b41b6b07302ef2bcf9b63cd9bd23ff489dcb69cf,planner_dev1696_baseline,1.0,ok,1.0,103d8446b9a7501b
1.0,1.0,1.0,0.7952564154437495,2021.08.31.11.47.30_veh-40_00919_01000,1.0,2891e301bda4ab9fd2ba79929b8f97c6d15509e3534fe99ec31368cc144849c2,planner_dev1696_baseline,0.9146901731015623,ok,1.0,1c9a2aafa78b5b21
1.0,1.0,1.0,0.8189178877748584,2021.08.31.11.47.30_veh-40_00919_01000,1.0,3b39a2dbac1834172fd8d543a1e0cb2dd4bde5a50311031617acc590c5ebbd99,planner_dev1696_baseline,0.924549119906191,ok,1.0,20fc3e4c2b93595d
1.0,0.0,1.0,0.0,2021.08.31.11.47.30_veh-40_00919_01000,1.0,d7208653a97f0806b563d30973c0326ef9ff6f6cfaadffd9f2079ac2fb0acc23,planner_dev1696_baseline,0.0,ok,1.0,24e8dff0a3fb5d73
1.0,1.0,1.0,0.9017123309497026,2021.08.31.11.47.30_veh-40_00919_01000,1.0,b81e54745ac6ce90bb4bfbe723d41c1208fdc9957db1db111ffddfd70c46e71d,planner_dev1696_baseline,0.9590468045623761,ok,1.0,2fd7bef75431592e
1.0,1.0,1.0,0.8034652692465787,2021.08.31.11.47.30_veh-40_00919_01000,1.0,a79c683ff8d9b547d133a3cd14cb6700cbd6d2111bde2d864bf96d42d0e7a25d,planner_dev1696_baseline,0.9181105288527411,ok,1.0,3f27444710fd5dfc
1.0,1.0,1.0,0.8821920217802356,2021.08.31.11.47.30_veh-40_00919_01000,1.0,3d09451cb220d12aa670a3789ed8c2ded0458774273e00fb10326ac0604a22cc,planner_dev1696_baseline,0.9509133424084316,ok,1.0,48fc3189008a5754
1.0,1.0,1.0,0.8474611033923339,2021.08.31.11.47.30_veh-40_00919_01000,1.0,4fb99286aea4dcdeb3dd9834e2b511bf68ac7e1dc90353bfb690d22617872a8e,planner_dev1696_baseline,0.9364421264134725,ok,1.0,51bfd099a0795409
1.0,1.0,1.0,0.8341296404709464,2021.08.31.11.47.30_veh-40_00919_01000,1.0,8be61941d9d4164fc916d53f84ead2370271964f69bcbfebe33e1cf536109268,planner_dev1696_baseline,0.9308873501962277,ok,1.0,5bb0b67e360f5a85
1.0,1.0,1.0,0.7914927565306846,2021.08.31.11.47.30_veh-40_00919_01000,1.0,c2793297da2b65d617ff5c59375d2c836db55156cff0ca0338f71c2f0d0a2f05,planner_dev1696_baseline,0.9131219818877853,ok,1.0,67a4f804ff5556cb
1.0,1.0,1.0,0.703848502442923,2021.08.31.11.47.30_veh-40_00919_01000,1.0,97dd3f669939586d2ee7427fdf443b5c4b759be825f45e90c0ac7e70f47b01b3,planner_dev1696_baseline,0.8766035426845512,ok,1.0,6a9bb2303a4c5c72
1.0,0.0,1.0,0.0,2021.08.31.11.47.30_veh-40_00919_01000,1.0,337ef585add7c82750b4812f959951dad878c137281cc98e7c118cce7d08b01f,planner_dev1696_baseline,0.0,ok,1.0,6bb2613a221e5fc8
1.0,1.0,1.0,0.7838231257390181,2021.08.31.11.47.30_veh-40_00919_01000,1.0,61f20d9f044282879aede10f7a9c084e1300fc7e58ed0bbd442513456f94234e,planner_dev1696_baseline,0.9099263023912575,ok,1.0,77f9f0c203cb5048
1.0,0.0,1.0,0.0,2021.08.31.11.47.30_veh-40_00919_01000,1.0,bd5b46096f76766c955751492a1e226cde492dfb38c0e7e79552452a6f865826,planner_dev1696_baseline,0.0,ok,1.0,7d61f2ab3a145a20
1.0,1.0,1.0,0.8416685520918188,2021.08.31.11.47.30_veh-40_00919_01000,1.0,06563c7ef55d94faed369202593fd735e8a83af9bcc5d6121e9a71543f161453,planner_dev1696_baseline,0.9340285633715911,ok,1.0,8672b0d007fa5c49
1.0,1.0,1.0,0.8825963930387919,2021.08.31.11.47.30_veh-40_00919_01000,1.0,ec8e130c0d58226b0b44f2837c868eae9cc2505fed4e48c0f15a29f5aade0fce,planner_dev1696_baseline,0.95108183043283,ok,1.0,877ca71cd9ac5b59
1.0,1.0,1.0,0.8292614836544717,2021.08.31.11.47.30_veh-40_00919_01000,1.0,a3b550ec7b94bf26479ebe642ee016e892d065a1c16ae04f1775915c832953a2,planner_dev1696_baseline,0.9288589515226965,ok,1.0,8ecb60a273c55931
1.0,1.0,1.0,0.8560145511098173,2021.08.31.11.47.30_veh-40_00919_01000,1.0,77706de7979d5822013af748931b72512fb77a79092f24abb84aa608916a4e1a,planner_dev1696_baseline,0.9400060629624237,ok,1.0,8f64f90706655f53
1.0,1.0,1.0,0.8245431228171645,2021.08.31.11.47.30_veh-40_00919_01000,1.0,986a90d55bb2fbeefc281e21e5796fe8e8292e4a1fa91278f4aaeabe6df515bc,planner_dev1696_baseline,0.9268929678404852,ok,1.0,900e4ffd108f5f95
1.0,1.0,1.0,0.8678418085819914,2021.08.31.11.47.30_veh-40_00919_01000,1.0,fb97f34a0dea0272ac8d38b63f74a2fad47eea56e04c7dfd0dd8fd5124074914,planner_dev1696_baseline,0.944934086909163,ok,1.0,98e1c86704b75bce
1.0,1.0,1.0,0.9057886234164123,2021.08.31.11.47.30_veh-40_00919_01000,1.0,d4479dd4ab69326f8f5233562ee013f0b286fdb3881d6d34da2acec5cd9ebeea,planner_dev1696_baseline,0.9607452597568384,ok,1.0,9a1dbb392efc5e89
1.0,1.0,1.0,0.8567779069420798,2021.08.31.11.47.30_veh-40_00919_01000,1.0,027675fea6fc02bf86de006c2eeed8e31b81145be30d7d2e26a169eb1308d9d4,planner_dev1696_baseline,0.9403241278925333,ok,1.0,a27a8a02217d5ade
1.0,1.0,1.0,0.866481745920959,2021.08.31.11.47.30_veh-40_00919_01000,1.0,bc26e27915cb9ec571577dd00db6364e3d783e192793020119d29a2be2ddfc74,planner_dev1696_baseline,0.9443673941337328,ok,1.0,a5051ac6e15551e7
1.0,1.0,1.0,1.0,2021.08.31.11.47.30_veh-40_00919_01000,1.0,5c6d850947dd1b98fa85542a3cb811d41831fa795ab134c46462a0b2d81f1e49,planner_dev1696_baseline,1.0,ok,1.0,ac681c2a50795ba0
1.0,1.0,1.0,0.863326414836125,2021.08.31.11.47.30_veh-40_00919_01000,1.0,b442257d7face375439b3f75b4903c4a5a8930f4b742dff303cb41e5d1eee1df,planner_dev1696_baseline,0.9430526728483853,ok,1.0,ad9c60ee22de5163
1.0,1.0,1.0,1.0,2021.08.31.11.47.30_veh-40_00919_01000,1.0,47d79014a6863fcdb5caaecc1fd62058790f8d3305b1ad62a782efbe48130b9d,planner_dev1696_baseline,1.0,ok,1.0,e6422bb22e125756
1.0,1.0,1.0,0.8003313940150122,2021.08.31.11.47.30_veh-40_00919_01000,1.0,bdec0abba14fcc97d80bd00e3b63e78d29a5199e687e255e601bec4941e77d1f,planner_dev1696_baseline,0.9168047475062551,ok,1.0,e699ef478771586b
1.0,1.0,1.0,1.0,2021.07.16.22.40.23_veh-38_00204_00360,1.0,a40d0dbe113841a5d761e3bb85ced7a396919e594474ca7919e000335ecf98c4,planner_dev1696_baseline,1.0,ok,1.0,0834ee7bd96c524f
1.0,1.0,1.0,1.0,2021.07.16.22.40.23_veh-38_00204_00360,1.0,e6258ca39bb4da668e3c0bc6eebca34b96d24e87180b76207dd4ec2ede46715c,planner_dev1696_baseline,1.0,ok,1.0,0b10c61fbe415c5e
1.0,1.0,1.0,1.0,2021.07.16.22.40.23_veh-38_00204_00360,1.0,d6f668c4a34b0975608c0725b2d174a563a5017bdafe39213ab1014bf55211e9,planner_dev1696_baseline,1.0,ok,1.0,10da33ea86ba5697
1.0,1.0,1.0,1.0,2021.07.16.22.40.23_veh-38_00204_00360,1.0,6d104592457113d7a81d5c7dbbd4e0bfc60239ecae731a5e3db285a17f274b1a,planner_dev1696_baseline,1.0,ok,1.0,1ec8d767941a534b
1.0,1.0,1.0,0.8200099560604062,2021.07.16.22.40.23_veh-38_00204_00360,1.0,1ea931e34f6e392ba0d1ebe9c3e2568ecf09a6f03108e8bf6b688feadeb918c9,planner_dev1696_baseline,0.9250041483585026,ok,1.0,4e658bb5f80a5664
1.0,1.0,1.0,0.9026317499725791,2021.07.16.22.40.23_veh-38_00204_00360,1.0,a58384eed72c11980eace0f3b0ac48159682867efb0a5402111c276e4dd68a37,planner_dev1696_baseline,0.959429895821908,ok,1.0,5a9dd500d2f15c87
1.0,1.0,1.0,1.0,2021.07.16.22.40.23_veh-38_00204_00360,1.0,b23b0edb6bbcda4bd20708531dce82fd5f9f57ab4d171788335871d8662950ed,planner_dev1696_baseline,1.0,ok,1.0,5ded7f2e94075a10
1.0,1.0,1.0,1.0,2021.07.16.22.40.23_veh-38_00204_00360,1.0,eab81cc68854d59bd98636e9b5a3874d67e61fe0eee2dc54d99e9bbc29c2dae9,planner_dev1696_baseline,1.0,ok,1.0,6a0942a7edb6507e
1.0,1.0,1.0,1.0,2021.07.16.22.40.23_veh-38_00204_00360,1.0,5e62ef7e0a5cacd84033b90e5429777b2047f7ab43207a8740a71a5235f436e7,planner_dev1696_baseline,1.0,ok,1.0,8156a66cbc595259
1.0,1.0,1.0,1.0,2021.07.16.22.40.23_veh-38_00204_00360,1.0,f66eb9739103ee4d906ee217358b97ebb98bfa5d8fb3a853667a0a6b06ac6060,planner_dev1696_baseline,1.0,ok,1.0,99c4a687ed1a599a
1.0,1.0,1.0,1.0,2021.07.16.22.40.23_veh-38_00204_00360,1.0,41931e16319bef17a2a960c8b14c9f96f655ac99149bda577ddfaab6a7b37e46,planner_dev1696_baseline,1.0,ok,1.0,9f885abfb8cd5675
1.0,1.0,1.0,0.9697547058287019,2021.07.16.22.40.23_veh-38_00204_00360,1.0,0e1d5eb25cacc7f5740cae6d0c09266ac8298d70082e3ab10eebd3b3daa90f3d,planner_dev1696_baseline,0.9873977940952926,ok,1.0,bba3291877d059ac
1.0,1.0,1.0,1.0,2021.07.16.22.40.23_veh-38_00204_00360,1.0,9256d367b0fe4884a9208e5d004fb0b6c5a9a10eb060ffc398e4bfc42bce2bc0,planner_dev1696_baseline,1.0,ok,1.0,cca7823320d05bc3
1.0,1.0,1.0,1.0,2021.07.16.22.40.23_veh-38_00204_00360,1.0,3775e0ff9c1cb37deec46cefc043a219455b654bb2ec330e5826500fc3ecf180,planner_dev1696_baseline,1.0,ok,1.0,dd8b61c70dc05550
1.0,1.0,1.0,1.0,2021.07.16.22.40.23_veh-38_00204_00360,1.0,26b48c4a175a9a5c2fc5302e05e9a415cbb28b3e6837c8bf3a9e255cf3cefec6,planner_dev1696_baseline,1.0,ok,1.0,de9c0d8341d65b55
0.0,1.0,1.0,1.0,2021.06.09.14.50.36_veh-26_02826_02955,1.0,e4a2bb5b9e07a0a570b3a9c46af52a0dda757e7f7aab4b00ce4a64123c360542,planner_dev1696_baseline,0.8333333333333334,ok,1.0,0461af120ee45dd8
1.0,1.0,1.0,1.0,2021.06.09.14.50.36_veh-26_02826_02955,1.0,82b322259175da5a4bca80988ed32e314766a523edd51891b650e82524927f22,planner_dev1696_baseline,1.0,ok,1.0,04ef1bdebb1e5c2b
1.0,1.0,1.0,1.0,2021.06.09.14.50.36_veh-26_02826_02955,1.0,974d707305278acf82fca9a7213c8b7a96fb5f202ba8defd4b038b3883d767e8,planner_dev1696_baseline,1.0,ok,1.0,06ecc274857650aa
1.0,1.0,1.0,1.0,2021.06.09.14.50.36_veh-26_02826_02955,1.0,89eb75b82dad3a2f75109adcf33d779c68be8b79a7dd07ed86f105eb46a7ae49,planner_dev1696_baseline,1.0,ok,1.0,18608416606557ed
1.0,1.0,1.0,1.0,2021.06.09.14.50.36_veh-26_02826_02955,1.0,0855f51af41db4e104831f7a7cb5e587dd9eafa75c9f070ff97b17e51585145e,planner_dev1696_baseline,1.0,ok,1.0,2c45cd8490f850ef
1.0,1.0,1.0,0.9347194861322682,2021.06.09.14.50.36_veh-26_02826_02955,1.0,34832050162ba91d84ee1d5038391fa781275a8dcec5e3a02461530c74364982,planner_dev1696_baseline,0.9727997858884452,ok,1.0,3358ac35f0925be9
1.0,1.0,1.0,0.9210397914395931,2021.06.09.14.50.36_veh-26_02826_02955,1.0,bb06e8600c6a3fd103cdf705c912d862545e49a01399d5a08586bac86c6f59d2,planner_dev1696_baseline,0.9670999130998306,ok,1.0,35daae8d6a4a5b90
1.0,1.0,0.0,1.0,2021.06.09.14.50.36_veh-26_02826_02955,1.0,57b70160dc75e2894c2068cd459a89a9b6507058c8e2cd671b43e3cdef7f408c,planner_dev1696_baseline,1.0,ok,1.0,37a37c6486205360
1.0,1.0,1.0,1.0,2021.06.09.14.50.36_veh-26_02826_02955,1.0,bac89d8b40e224ddfd21a09d3cdadd12829b0b6fb6936df9c616bfaa3bf0d45d,planner_dev1696_baseline,1.0,ok,1.0,3c34952a5b2a549e
1.0,1.0,1.0,0.8177327587337215,2021.06.09.14.50.36_veh-26_02826_02955,1.0,8338bd0b5f56a47758db0bc430be3e7af373446db2afa30894ff24618cdb8f41,planner_dev1696_baseline,0.9240553161390507,ok,1.0,43e443ef433256ae
1.0,1.0,1.0,1.0,2021.06.09.14.50.36_veh-26_02826_02955,1.0,3860f9962a07a5d058943e705deb38f0dd613fe22bf2feffe349a37ea55443b6,planner_dev1696_baseline,1.0,ok,1.0,5385779df4685a12
0.0,1.0,1.0,1.0,2021.06.09.14.50.36_veh-26_02826_02955,1.0,89487dec0a57bd71f0a27670db994134fc5acdcf2a6630f0867ebd9854bfbefa,planner_dev1696_baseline,0.8333333333333334,ok,1.0,58be05020c705538
1.0,1.0,1.0,1.0,2021.06.09.14.50.36_veh-26_02826_02955,1.0,08132d9dfa4097c17dceaed57c3154c8b9e4a8c394dda2d51ab53f32b34facfd,planner_dev1696_baseline,1.0,ok,1.0,78f9d78599da56f0
1.0,1.0,1.0,0.957210242970314,2021.06.09.14.50.36_veh-26_02826_02955,1.0,4e44b6990001de137fe104bf7da6c8de206a778c4bf61286da2ba265dec2109c,planner_dev1696_baseline,0.9821709345709642,ok,1.0,88bc213aa3495b88
1.0,1.0,1.0,0.8714292966667998,2021.06.09.14.50.36_veh-26_02826_02955,1.0,8b87d690033df4ad2d87b1c521f514159bfeddea0d28038140a85a3a9a7a6d34,planner_dev1696_baseline,0.9464288736111666,ok,1.0,927258a11f395044
1.0,1.0,1.0,1.0,2021.06.09.14.50.36_veh-26_02826_02955,1.0,4c89f3b0057aa4929353eee3a3a18ac227641ef94c5abaee18856233d69dfe1f,planner_dev1696_baseline,1.0,ok,1.0,96d3136946945a05
1.0,1.0,1.0,1.0,2021.06.09.14.50.36_veh-26_02826_02955,1.0,c73a19d107176f4b542a7c4182e4afd0309958120d3ba43f472b4a30a4ac65cd,planner_dev1696_baseline,1.0,ok,1.0,9915a6132edb5b6f
1.0,1.0,0.0,1.0,2021.06.09.14.50.36_veh-26_02826_02955,1.0,fa2667c36bdaa92573ce2bf811289d35ce675241eadfa39276746d768079ca45,planner_dev1696_baseline,1.0,ok,1.0,9b7196827b5859df
0.0,1.0,1.0,1.0,2021.06.09.14.50.36_veh-26_02826_02955,1.0,e6f919771a450c258b0801cb009a41b3e7a89d636f4966cd2700b549c34c3ecd,planner_dev1696_baseline,0.8333333333333334,ok,1.0,b02f4daf44f952d5
1.0,1.0,1.0,0.9571131826743428,2021.06.09.14.50.36_veh-26_02826_02955,1.0,8fa85f845863f7240eae342b6933783cbf0eacc98789ecc86a3d406f8d2853db,planner_dev1696_baseline,0.9821304927809761,ok,1.0,bd40634c00f1577c
1.0,1.0,1.0,1.0,2021.06.09.14.50.36_veh-26_02826_02955,1.0,38f430c33629f2def8e31df0552fd9b34fc6a385180a2d69f9255ad896567e00,planner_dev1696_baseline,1.0,ok,1.0,dd11bc3330605dfd
1.0,1.0,1.0,1.0,2021.06.09.14.50.36_veh-26_02826_02955,1.0,c9dfe9b4ce389849ab5685bfc5cbbe49ecc19f46aa0a4c87dd0d08f8b9dade51,planner_dev1696_baseline,1.0,ok,1.0,e4d2a56f36c45c20
1.0,1.0,1.0,1.0,2021.06.09.14.50.36_veh-26_02826_02955,1.0,9f74ab438cac728d10e54746c79cb59f71b3b36b7bd6058a610d39a4bf479070,planner_dev1696_baseline,1.0,ok,1.0,ef5318b8d9285443
1.0,1.0,1.0,1.0,2021.06.09.14.50.36_veh-26_02826_02955,1.0,f3e2a9ca16a2580373402a1e21d415de2b79aab7435550f3ada70a83d4a81af7,planner_dev1696_baseline,1.0,ok,1.0,f17b89de6fc75614
1.0,1.0,1.0,0.9402322690268315,2021.06.09.14.50.36_veh-26_02826_02955,1.0,61b37d91f5a5d610353572fa0adf25a87da0609ffb3b8a9d0ecb96aff431b646,planner_dev1696_baseline,0.9750967787611797,ok,1.0,f954d393a5615fec
1.0,1.0,1.0,0.8122871616639082,2021.10.05.07.49.39_veh-52_00770_00905,1.0,90b5f93131f0cd3b4b0a71ab094f53ee6cdced0441d07e89012a968a00e59a8a,planner_dev1696_baseline,0.9217863173599617,ok,1.0,089b7c97ae005df7
1.0,1.0,1.0,0.6926145860437083,2021.10.05.07.49.39_veh-52_00770_00905,1.0,b727c9f8d0919a196aaf1fcc62f37aa97ade8f64d2894d6e63b8f2c9f88763ea,planner_dev1696_baseline,0.8719227441848784,ok,1.0,16c70ee6d6485400
1.0,1.0,1.0,0.7139419345141861,2021.10.05.07.49.39_veh-52_00770_00905,1.0,0d266f5de835961b8254a316ffca1b1461e196b230202912309f5ef980a4c3c7,planner_dev1696_baseline,0.8808091393809109,ok,1.0,170594fe8be75468
1.0,1.0,1.0,0.7572756031252883,2021.10.05.07.49.39_veh-52_00770_00905,1.0,fb4bb919ae4e6035ac4a989052127b8f378b25eb6ee01facbad5f0656a85aaa9,planner_dev1696_baseline,0.8988648346355368,ok,1.0,19c9d08888d65385
1.0,1.0,1.0,0.7669307804696048,2021.10.05.07.49.39_veh-52_00770_00905,1.0,99b39f02c44b9dc30596282815d38b001dba40ed7949b829ccb753853d5a001b,planner_dev1696_baseline,0.9028878251956686,ok,1.0,1c3d27d5767e506d
1.0,1.0,1.0,0.9489423288350329,2021.10.05.07.49.39_veh-52_00770_00905,1.0,58b4520e437f0474fd213fcc39e682a78f479c1fa8da282aa0277387e25e2096,planner_dev1696_baseline,0.9787259703479304,ok,1.0,1d9ee8399cf55f9d
1.0,1.0,1.0,0.8038788453585433,2021.10.05.07.49.39_veh-52_00770_00905,1.0,c8f94fd1bda5b651dae2efc479d0cc12483228cb884bac8d00434e79b5e1a97f,planner_dev1696_baseline,0.9182828522327263,ok,1.0,20d97d183741595d
1.0,1.0,1.0,0.6553725697821898,2021.10.05.07.49.39_veh-52_00770_00905,1.0,99dfdaa4a168fb55892d94b95b1d57e23314c4364d93adf519cf6a5e6a07c31b,planner_dev1696_baseline,0.8564052374092457,ok,1.0,24f4c4b3cc8554aa
1.0,1.0,1.0,0.7714347467840603,2021.10.05.07.49.39_veh-52_00770_00905,1.0,f2f70c0d50bb917794dc2c0f15fe95b5ecd6dd0d79504ae081b14fe8461fa86e,planner_dev1696_baseline,0.9047644778266918,ok,1.0,25ef4e856bab540e
1.0,1.0,1.0,0.7822144219345154,2021.10.05.07.49.39_veh-52_00770_00905,1.0,ae9690fb08b2a4653dd95de946cdeaaafed6f6d972ab1ed49f95c8920bce7208,planner_dev1696_baseline,0.9092560091393814,ok,1.0,261221d5c5fc5fa7
1.0,1.0,1.0,0.7148191292751654,2021.10.05.07.49.39_veh-52_00770_00905,1.0,75c943d60797b71e910612614a9a6ac8812736da5579ea3b4172be9f97b6335a,planner_dev1696_baseline,0.8811746371979856,ok,1.0,278bbdb04c555733
1.0,1.0,1.0,0.8214471742681692,2021.10.05.07.49.39_veh-52_00770_00905,1.0,1d21848edea04c9b2b6dca6cdb660986f66f544ca1a60bd4e8763356beef87a7,planner_dev1696_baseline,0.9256029892784038,ok,1.0,282c1d78530d593f
1.0,1.0,1.0,0.8915001982363876,2021.10.05.07.49.39_veh-52_00770_00905,1.0,b400ce0fb7acabaf89b1b2cd0cbc5faf87463c6fab30b4a858933493993270b8,planner_dev1696_baseline,0.9547917492651615,ok,1.0,2c32ea8c5ef05290
1.0,1.0,1.0,0.8541238950140436,2021.10.05.07.49.39_veh-52_00770_00905,1.0,8f38ca51320d8264a2b8718566188b83751876ae5045b6bcfda4346766f7c2eb,planner_dev1696_baseline,0.9392182895891849,ok,1.0,2f1560380fb05985
1.0,1.0,1.0,0.9315582102328704,2021.10.05.07.49.39_veh-52_00770_00905,1.0,5d01da8ea31e051c0937dd90447850bd375d16a64fce41eea4426cc5b5b4b659,planner_dev1696_baseline,0.9714825875970293,ok,1.0,310a3ad9c0cf5eb6
1.0,1.0,1.0,0.7314240784768595,2021.10.05.07.49.39_veh-52_00770_00905,1.0,49cf25233f3c84ba452dad53c562c87caf5d77de87c90d8dba5db715ff407c97,planner_dev1696_baseline,0.8880933660320247,ok,1.0,334e0e5d1a825334
1.0,1.0,1.0,0.6241974263244829,2021.10.05.07.49.39_veh-52_00770_00905,1.0,4816fd20a44eca0ca792a4c5ad1206a2f1e6444bca7aedc5c26b6439c630c7ef,planner_dev1696_baseline,0.8434155943018679,ok,1.0,36bae31710bc5917
1.0,1.0,1.0,0.7845479823406691,2021.10.05.07.49.39_veh-52_00770_00905,1.0,ca5895bbc9dcc3b541afdeb522c2e0ee7c920f0e2556cbfcc0ce2b2f55f88043,planner_dev1696_baseline,0.9102283259752788,ok,1.0,38ef1d6a2da75115
1.0,1.0,1.0,1.0,2021.10.05.07.49.39_veh-52_00770_00905,1.0,2ce9c0a20182c4874ba90e7c72308de2fb70f68d55ec13629a40745d9b0f23d3,planner_dev1696_baseline,1.0,ok,1.0,3d18f6f0700f5a7b
1.0,1.0,1.0,0.7101423292158185,2021.10.05.07.49.39_veh-52_00770_00905,1.0,b3c8151f6509528cd42bbf95b9097f5dd8db568a453a387fa6afba31cdeaae1b,planner_dev1696_baseline,0.879225970506591,ok,1.0,43344715c88b50bc
1.0,1.0,1.0,0.6874229394490663,2021.10.05.07.49.39_veh-52_00770_00905,1.0,ca33644cce9ea8756f4076d6ac9b0ce17b83c94984797fcb604b8217c1dc3c72,planner_dev1696_baseline,0.8697595581037776,ok,1.0,44ff523a46c05629
1.0,1.0,1.0,0.7039245134589168,2021.10.05.07.49.39_veh-52_00770_00905,1.0,8712c8045c40e9962dfda42a6a713341756ddb4b25593fed43f68ae71ff76f4e,planner_dev1696_baseline,0.8766352139412154,ok,1.0,45024816c0275064
1.0,1.0,1.0,0.7047703092335733,2021.10.05.07.49.39_veh-52_00770_00905,1.0,4b00069d5b0668d7b02620671a5d5e787e21b45ac2b8fe84c8974c6b5f54d2ed,planner_dev1696_baseline,0.8769876288473223,ok,1.0,4b9cb144a34f517d
1.0,1.0,1.0,0.6918772763706059,2021.10.05.07.49.39_veh-52_00770_00905,1.0,3c68abe580b72246a6b0c5e8c2ce5d0fd13c11803286d8a2740333dbeac49fa4,planner_dev1696_baseline,0.8716155318210858,ok,1.0,4dc05b556a2657fa
1.0,1.0,1.0,0.7710557232776821,2021.10.05.07.49.39_veh-52_00770_00905,1.0,9593110ab082b8e83c49dabfa9b469053bd2db50da783dfbe6fe85d6b7b0528f,planner_dev1696_baseline,0.9046065513657009,ok,1.0,4dcfadf46bc25e5e
1.0,1.0,1.0,0.8345490249559789,2021.10.05.07.49.39_veh-52_00770_00905,1.0,95ef97d14c7181c457d3ec11fcb40bd4b776cf9b4e251108d9d9e2406a4a12ed,planner_dev1696_baseline,0.9310620937316578,ok,1.0,4e9c5280dadd5f24
1.0,1.0,1.0,0.7775201308472159,2021.10.05.07.49.39_veh-52_00770_00905,1.0,37afbb6e2093815a4394c5259d2462dee037d8408be9c20db665ceab4148220c,planner_dev1696_baseline,0.9073000545196733,ok,1.0,4fd253304da7581e
1.0,1.0,1.0,0.9431900406371829,2021.10.05.07.49.39_veh-52_00770_00905,1.0,df2eb023a0a28094f577964419ae242f9c4d5366acff50ce8705d59146652001,planner_dev1696_baseline,0.9763291835988263,ok,1.0,5224265091a55a68
1.0,1.0,1.0,1.0,2021.10.05.07.49.39_veh-52_00770_00905,1.0,6cb3bf8846d271e75a483e85283c2094b84f7671ba34b9301ba9563fbc239e59,planner_dev1696_baseline,1.0,ok,1.0,566e8d71b2da589a
1.0,1.0,1.0,0.7119281953569429,2021.10.05.07.49.39_veh-52_00770_00905,1.0,cd36d4bc574ee515cc7270037038599551c06213872fe1671a6594defb5b537c,planner_dev1696_baseline,0.8799700813987261,ok,1.0,58d478dd02905d2e
1.0,1.0,1.0,0.7558770337514177,2021.10.05.07.49.39_veh-52_00770_00905,1.0,51b65d6cef3c3d7ebb16bf4847ba815f8c1da90ea14b18cec3d5511d3d269874,planner_dev1696_baseline,0.898282097396424,ok,1.0,594cd290a93f538a
1.0,1.0,1.0,0.8089750702642171,2021.10.05.07.49.39_veh-52_00770_00905,1.0,e38680d4ec52fc611e67173d7d0415db8e56e1c6c9ddc1b0173ca1932486932f,planner_dev1696_baseline,0.9204062792767571,ok,1.0,5d64663f086f5773
1.0,1.0,1.0,0.6346239417114817,2021.10.05.07.49.39_veh-52_00770_00905,1.0,f6ef98ac3593a40eea2934230de3ac721ff2d860bf60df6b9f6eeef0f6e91ed7,planner_dev1696_baseline,0.8477599757131173,ok,1.0,6033b22b61b55675
1.0,1.0,1.0,1.0,2021.10.05.07.49.39_veh-52_00770_00905,1.0,35941048a490f57be998645ab38dc9bbad55e42867a4d0b68dc0bd608e2d46b3,planner_dev1696_baseline,1.0,ok,1.0,6a5e2d6a365e51e3
1.0,1.0,1.0,0.763366745817707,2021.10.05.07.49.39_veh-52_00770_00905,1.0,df938dd6e97e1f34f03ef51be61cf14d121b403f4ba28d8a7f02bc616323f97a,planner_dev1696_baseline,0.901402810757378,ok,1.0,7081f406cf8352ad
1.0,1.0,1.0,0.7012566168884139,2021.10.05.07.49.39_veh-52_00770_00905,1.0,c03616f1e5399052d5e13cfc0bf3f34ae6ea9e2112975aff12f29a9ea0fe7dab,planner_dev1696_baseline,0.8755235903701725,ok,1.0,72ca346213465d94
1.0,1.0,1.0,0.7840393293185505,2021.10.05.07.49.39_veh-52_00770_00905,1.0,24c13ab9f931691ca49da5047b0460b7d795f34c6e9523d78a2e90fd879975a4,planner_dev1696_baseline,0.9100163872160628,ok,1.0,7502b22480435c30
1.0,1.0,1.0,0.7440068560616577,2021.10.05.07.49.39_veh-52_00770_00905,1.0,fe6e7c962e94e1f570bec9cdaf2382aea19287304514ab9f4dacdec4cf5e7d46,planner_dev1696_baseline,0.8933361900256908,ok,1.0,79433fe543ae5e50
1.0,1.0,1.0,0.7354535516134454,2021.10.05.07.49.39_veh-52_00770_00905,1.0,aebcf65bb1f3dbbccf5ec732a8a2afc69dfaf12a1b5a8694db248f85fb6f7ecf,planner_dev1696_baseline,0.8897723131722689,ok,1.0,7ac722bce1da568e
1.0,1.0,1.0,0.7506062268403263,2021.10.05.07.49.39_veh-52_00770_00905,1.0,602e30ec1e4fb90d8371f7a130c088ab9f9d9aae5e0d43e6e18c97979123db4a,planner_dev1696_baseline,0.896085927850136,ok,1.0,7f7a0a36daf65495
1.0,1.0,1.0,0.6681550097764369,2021.10.05.07.49.39_veh-52_00770_00905,1.0,e91a676cb0051916da6a2d0d3a9357ce2ba06ecfe6107c060d0124f6b82e212e,planner_dev1696_baseline,0.8617312540735154,ok,1.0,7f7fa83384215a69
1.0,1.0,1.0,0.7682125998924358,2021.10.05.07.49.39_veh-52_00770_00905,1.0,ac29c8c6367e2614927d1673885be3a2891b07c2a348ca70541c2614639f9f7b,planner_dev1696_baseline,0.9034219166218483,ok,1.0,83422f60bebd506c
1.0,1.0,1.0,0.7977685403688141,2021.10.05.07.49.39_veh-52_00770_00905,1.0,a55032562e43f4a8f7aa1dd2f0304675dc72dfe45ad218dac78c4001bdd48f78,planner_dev1696_baseline,0.9157368918203392,ok,1.0,83bc7727c42c5a0f
1.0,1.0,1.0,0.7404469698917697,2021.10.05.07.49.39_veh-52_00770_00905,1.0,1d3b74ecd18eae1ca36c73416ee49feab2172b95257ce23e697af24baffcf3ee,planner_dev1696_baseline,0.8918529041215707,ok,1.0,85d8f4b6752152e2
1.0,1.0,1.0,0.9382618947501069,2021.10.05.07.49.39_veh-52_00770_00905,1.0,98219297727eb3cc6ba33836fdce3f3e94eb76db2928fddc17e66277825ab69d,planner_dev1696_baseline,0.9742757894792112,ok,1.0,86ac4c5dc3e756cf
1.0,1.0,1.0,0.6612885143066322,2021.10.05.07.49.39_veh-52_00770_00905,1.0,e70c33032d46ee78b413d600e8eeed994faf1395d1e6900dcac1ff2aba0564f2,planner_dev1696_baseline,0.8588702142944301,ok,1.0,876d2dd881f55f91
1.0,1.0,1.0,0.6742296120598691,2021.10.05.07.49.39_veh-52_00770_00905,1.0,77d4f2187cccec0aa51b6a3027454ce50fedda4374641c58b8b5362f69b694ea,planner_dev1696_baseline,0.8642623383582788,ok,1.0,87c7d995609e51c9
1.0,1.0,1.0,0.7881115756858843,2021.10.05.07.49.39_veh-52_00770_00905,1.0,22000a62885baeed70451da751949a9a53fb4b3b5e9b42f02d58d550be668ab5,planner_dev1696_baseline,0.9117131565357851,ok,1.0,8c1c77e3c8a35388
1.0,1.0,1.0,0.6600449262350774,2021.10.05.07.49.39_veh-52_00770_00905,1.0,5e5f89f4867a6f092d1785fb9542c76904070292c8eca5e6ddbd75c37d6c7454,planner_dev1696_baseline,0.8583520525979488,ok,1.0,8c61ae7bb33b54ad
1.0,1.0,1.0,0.7589596542057399,2021.10.05.07.49.39_veh-52_00770_00905,1.0,d1d3a1a9fdcbf075f0ace0d3d4ca7bd1973e6ae29cbf62707744fa79d0c7b7a6,planner_dev1696_baseline,0.899566522585725,ok,1.0,8d40c021d3cb5fca
1.0,1.0,1.0,1.0,2021.10.05.07.49.39_veh-52_00770_00905,1.0,8e1419c063884ee7abbdbcbcaa913f615dab28d053ee12477bd46efeadb9259b,planner_dev1696_baseline,1.0,ok,1.0,8f4878c4dcf5558e
1.0,1.0,1.0,0.5784523251374084,2021.10.05.07.49.39_veh-52_00770_00905,1.0,4ad82a84c724628d4e77eee06f1a68ec7b82f611c86eefd2bc7e7e71caeda624,planner_dev1696_baseline,0.8243551354739201,ok,1.0,90679ae84c8b5d05
1.0,1.0,1.0,0.7008307936396687,2021.10.05.07.49.39_veh-52_00770_00905,1.0,ae421237c20a5325c38b6ef8e535738c07535aee7f1a24d165f35078ac3263cd,planner_dev1696_baseline,0.8753461640165286,ok,1.0,93fa17215ed5505c
1.0,1.0,1.0,1.0,2021.10.05.07.49.39_veh-52_00770_00905,1.0,2a284dc107284942bbd34aea530ca1f1a562a9cba9169eb4d8fd17fb44e51098,planner_dev1696_baseline,1.0,ok,1.0,97b9c6b0d3aa5e6b
1.0,1.0,1.0,0.912963585132774,2021.10.05.07.49.39_veh-52_00770_00905,1.0,614c13b4d1aba65d29ce39c96abde9256718bb3c8eb6abe46066f125690c4ded,planner_dev1696_baseline,0.9637348271386559,ok,1.0,97cd0485dadc5c44
1.0,1.0,1.0,0.6565650388511294,2021.10.05.07.49.39_veh-52_00770_00905,1.0,ebd0b4a2ab35b6c5abfdc5454678d0f2a30d5fb563805b79d6e685e9e2d77404,planner_dev1696_baseline,0.8569020995213039,ok,1.0,9c084095533b564c
1.0,1.0,1.0,0.9244379895689583,2021.10.05.07.49.39_veh-52_00770_00905,1.0,e85921e969796a5551d7f676f74508e07f9fb5ea8021bea37cad4e84d6c120d4,planner_dev1696_baseline,0.968515828987066,ok,1.0,a0493e8185235ec7
1.0,1.0,1.0,1.0,2021.10.05.07.49.39_veh-52_00770_00905,1.0,3017a2c28ccc57e054543da1a1b14b0e92ff21a48201404b18a6ea12c09e51fb,planner_dev1696_baseline,1.0,ok,1.0,a17b55560d22530f
1.0,1.0,1.0,0.8888992756818076,2021.10.05.07.49.39_veh-52_00770_00905,1.0,06b26f2d649352618866179c9a7ef2f8447e5edb23c342d3e8a15524040845c9,planner_dev1696_baseline,0.9537080315340866,ok,1.0,ae7aec1b18255951
1.0,1.0,1.0,0.8863415576758257,2021.10.05.07.49.39_veh-52_00770_00905,1.0,a721451ec7629b5b044d27e71223453ce7b6120ab9a1bcb2423088e23fe9e845,planner_dev1696_baseline,0.9526423156982607,ok,1.0,aee6f2e930d550e1
1.0,1.0,1.0,0.7633163310831226,2021.10.05.07.49.39_veh-52_00770_00905,1.0,e34159b2868d075f79ebf05b9011fe2feab2c90dcfb6a6dec3fca457f6a304de,planner_dev1696_baseline,0.9013818046179677,ok,1.0,b2dffb44dcbd58e6
1.0,1.0,1.0,0.6590307164312923,2021.10.05.07.49.39_veh-52_00770_00905,1.0,7b13f641dc26d00d70db2965ef122afd777bba029a2cf7162065f584c32588b2,planner_dev1696_baseline,0.8579294651797053,ok,1.0,b64e4fd64ae55427
1.0,1.0,1.0,0.8103974483104057,2021.10.05.07.49.39_veh-52_00770_00905,1.0,60458d9bbec29c8cff4aa63ac3f4ca67cb6a76ef67662613a0cbd656e5e6ac15,planner_dev1696_baseline,0.9209989367960024,ok,1.0,b964d00130375a88
1.0,1.0,1.0,0.7921273310519938,2021.10.05.07.49.39_veh-52_00770_00905,1.0,8d0038998283012cbdd9229e8afe1940df4e24c027e0aa4df7fa16030d5ca61c,planner_dev1696_baseline,0.9133863879383307,ok,1.0,bb22dd65cf5b51dd
1.0,0.0,1.0,0.0,2021.10.05.07.49.39_veh-52_00770_00905,1.0,96d881cad1eed17d1fd6d9eccf23ae15892e8f62ebf4d3ee7676ccfa7967ea7d,planner_dev1696_baseline,0.0,ok,1.0,c050331009ac5df2
1.0,1.0,1.0,1.0,2021.10.05.07.49.39_veh-52_00770_00905,1.0,8d9c5d50fd6db4f333e3dfd7cc6ca519842ba1794b5128ff3caca02fd69ca48d,planner_dev1696_baseline,1.0,ok,1.0,c0921d509e2c502d
1.0,1.0,1.0,0.6746327662750932,2021.10.05.07.49.39_veh-52_00770_00905,1.0,dc3430f36a4a04f10760bf21734a679442903042f118aa03d6c19bb54baca0b1,planner_dev1696_baseline,0.8644303192812889,ok,1.0,c0e018420a2359b3
1.0,1.0,1.0,0.8252636147894462,2021.10.05.07.49.39_veh-52_00770_00905,1.0,3cb7067830c382ddd60a99c3ac744a944c8486744e597d9b8efeab5e42f23cd7,planner_dev1696_baseline,0.927193172828936,ok,1.0,c77b059c1f3a5674
1.0,1.0,1.0,1.0,2021.10.05.07.49.39_veh-52_00770_00905,1.0,d32a4b47a4feeab3e8523645bf81e8ecac6bfa2dfc4d390ec39df015a5d18f6b,planner_dev1696_baseline,1.0,ok,1.0,c7d20bed29e95a90
1.0,1.0,1.0,0.779784237174738,2021.10.05.07.49.39_veh-52_00770_00905,1.0,9efc085d6fb0415e5c4518f6d3a8f3e71c5f377034dff3db521c045c09fe24f8,planner_dev1696_baseline,0.9082434321561408,ok,1.0,c876b08cdb7b50ef
1.0,1.0,1.0,0.6830647343548787,2021.10.05.07.49.39_veh-52_00770_00905,1.0,c1e462506a4a0b94ff3d58dffb8cbbf04d40dca200f714e323edad66ee41703b,planner_dev1696_baseline,0.8679436393145328,ok,1.0,d9a26b78907c5afa
1.0,1.0,1.0,0.6631676190905971,2021.10.05.07.49.39_veh-52_00770_00905,1.0,147cedd8358fadfe9313a8865a3901ec1f4563a416138fd2f02489e2904c920d,planner_dev1696_baseline,0.8596531746210822,ok,1.0,db9df85eaa605bd1
1.0,1.0,1.0,0.8095426450137114,2021.10.05.07.49.39_veh-52_00770_00905,1.0,78995f43cf69695d28f2f3517a12ad76a7eed848272a3c4c3a3362326c92dfe4,planner_dev1696_baseline,0.9206427687557132,ok,1.0,dc5adf1f1c2e5567
1.0,1.0,1.0,0.7707424234927368,2021.10.05.07.49.39_veh-52_00770_00905,1.0,534ed4c43ffdef8593c33d5820a557b5043a084130288518925e0d8c9f9d749f,planner_dev1696_baseline,0.9044760097886403,ok,1.0,dccfde2da28d5dbe
1.0,1.0,1.0,0.8178465338641482,2021.10.05.07.49.39_veh-52_00770_00905,1.0,122d282cfcfa5d5d71dcfb8bd5d131128329cfcc88f80da98e1090a50fd8971c,planner_dev1696_baseline,0.924102722443395,ok,1.0,dd73b1a1de5253b0
1.0,1.0,1.0,0.7231304533026961,2021.10.05.07.49.39_veh-52_00770_00905,1.0,24022215f8b5723a5966f7fd472e5356336d03750b2a45fcfa2174f45f917027,planner_dev1696_baseline,0.8846376888761234,ok,1.0,dd9d8e686a345f74
1.0,1.0,1.0,0.9977675221827229,2021.10.05.07.49.39_veh-52_00770_00905,1.0,9388b8d288ba9d6279819b66caa66f629f28fab6fcf43d072cf570633c088b47,planner_dev1696_baseline,0.999069800909468,ok,1.0,e447ace78361537e
1.0,1.0,1.0,0.7238760269067522,2021.10.05.07.49.39_veh-52_00770_00905,1.0,5f7aa4533f18cc6dc0b04172c6e401a65ec8fd37240c7ac41d3ee11114c4b4b7,planner_dev1696_baseline,0.8849483445444801,ok,1.0,ee7343c491db5537
1.0,1.0,1.0,0.7610066070156142,2021.10.05.07.49.39_veh-52_00770_00905,1.0,92adaff5d8b76fd159540edcd73366a7b82185576ac8d153ea314c0af824da8f,planner_dev1696_baseline,0.9004194195898393,ok,1.0,f062fb353fc1540f
1.0,1.0,1.0,0.6817198978009705,2021.10.05.07.49.39_veh-52_00770_00905,1.0,f787d11f11abdd8dd48e0e41589659b29aba0650b3ca2d94500c2d3b82d47ff8,planner_dev1696_baseline,0.8673832907504044,ok,1.0,fac63ed354f95c7b
1.0,1.0,1.0,0.7829922877089609,2021.10.05.07.49.39_veh-52_00770_00905,1.0,98d288f8a28cfb4e87ccac2d3a4f6001495579dcdad15d75447cc07ed7c8f5aa,planner_dev1696_baseline,0.9095801198787337,ok,1.0,fe1838e14f915f8f
1.0,1.0,1.0,0.934316683201214,2021.10.01.17.52.06_veh-28_01141_01264,1.0,a7de9a11f7177c421614d17d887f825a79f5197fd2d4eb611d6fffab7bc46bc2,planner_dev1696_baseline,0.9726319513338391,ok,1.0,0b6d1ed507635a6e
1.0,1.0,1.0,0.8997806606296699,2021.10.01.17.52.06_veh-28_01141_01264,1.0,fe5ee53dcc2b1219bf60104a39383e8e1dd4154a1b3fb1c7e1e6e58ee23fa255,planner_dev1696_baseline,0.9582419419290291,ok,1.0,1753352ab8255c21
1.0,1.0,1.0,0.7711781591916033,2021.10.01.17.52.06_veh-28_01141_01264,1.0,72a311c56873ea7eaaefd8832119261669015ee2055937d4d0fa2ab450bc8d66,planner_dev1696_baseline,0.9046575663298347,ok,1.0,1d85875eaf9c5a3f
1.0,1.0,1.0,0.9166966554085697,2021.10.01.17.52.06_veh-28_01141_01264,1.0,f3855a3031a33fff83c55df6df6ae26a8e73aadc6faaa55f4991e2c956d9bf27,planner_dev1696_baseline,0.9652902730869041,ok,1.0,3797925f74955b28
1.0,1.0,1.0,0.7314084686279049,2021.10.01.17.52.06_veh-28_01141_01264,1.0,b573b3bbca376759d435320c5e864f1fa5d24beea702c34be20a00e3ee899cfc,planner_dev1696_baseline,0.8880868619282937,ok,1.0,3847daeaf69250c1
1.0,1.0,1.0,0.850887784037055,2021.10.01.17.52.06_veh-28_01141_01264,1.0,eb617d7610b4b86a33ff6f2d87f6c5aecbd3a8298f4c27a3520b74328815fff5,planner_dev1696_baseline,0.9378699100154396,ok,1.0,3c7e47f60864523a
1.0,1.0,1.0,0.9114683403849531,2021.10.01.17.52.06_veh-28_01141_01264,1.0,6203352860132ffcd4ce66c5650211399b4d2fda5648abb28b44d8474356d5ff,planner_dev1696_baseline,0.9631118084937306,ok,1.0,3de980a9cef75550
1.0,1.0,1.0,0.9883638250957159,2021.10.01.17.52.06_veh-28_01141_01264,1.0,ca4adade9bf1bf0d7c159de80ed11ec80d38d6a0b1298750862b9080a2bc577c,planner_dev1696_baseline,0.9951515937898816,ok,1.0,4b66fd3a626b5be8
1.0,1.0,1.0,0.5613547312966729,2021.10.01.17.52.06_veh-28_01141_01264,1.0,d26a607a18879fa19cc65d58fecdfc9b0bcad11e0e50c3d106979b11534289e8,planner_dev1696_baseline,0.8172311380402805,ok,1.0,4c2f4189a319584d
1.0,1.0,1.0,0.9405686911691532,2021.10.01.17.52.06_veh-28_01141_01264,1.0,d2a7171914652095d6b179f21f19fcbcc4c5450c3541cd94281e2a1110fbc87e,planner_dev1696_baseline,0.9752369546538139,ok,1.0,4d431311516d5e88
1.0,1.0,1.0,0.7950097184224746,2021.10.01.17.52.06_veh-28_01141_01264,1.0,83c6f4e1d42557c9552b21cad4c8aa65b93638af8e98429f63b38512dc6764f9,planner_dev1696_baseline,0.914587382676031,ok,1.0,51f7835e4ba057be
1.0,1.0,1.0,0.9318047540692037,2021.10.01.17.52.06_veh-28_01141_01264,1.0,e20edcd6b13d4066ea05ad511c02c70c2f80f7ab7561f6e74928d784a7dc559d,planner_dev1696_baseline,0.9715853141955014,ok,1.0,7e02b53ea6ba556a
1.0,1.0,1.0,0.7610363413314459,2021.10.01.17.52.06_veh-28_01141_01264,1.0,6008216ae8283d9261d4c4ca3d601bbb1d59f322ac71abd3b85cc4dcfbe3f2be,planner_dev1696_baseline,0.9004318088881025,ok,1.0,7f12e4a7eb7e51c7
1.0,1.0,1.0,1.0,2021.10.01.17.52.06_veh-28_01141_01264,1.0,7b73a173d39af67fddf8527efaad14b4d7bd3073b100d9523a5d54c62fe5ab46,planner_dev1696_baseline,1.0,ok,1.0,8d80fb7fefcd513b
1.0,1.0,1.0,0.7424020427486518,2021.10.01.17.52.06_veh-28_01141_01264,1.0,f18dab059ebc9d1dfc5753e24d658356c1d1429c372332ebb6f27740d044fc30,planner_dev1696_baseline,0.8926675178119382,ok,1.0,93f4a7c97bf55154
1.0,1.0,1.0,0.6947122139060907,2021.10.01.17.52.06_veh-28_01141_01264,1.0,8a439694ef5085621e76c71f6aa6887cf24907732af71e17edad812af8df10ca,planner_dev1696_baseline,0.8727967557942046,ok,1.0,962977e974885acd
1.0,1.0,1.0,1.0,2021.10.01.17.52.06_veh-28_01141_01264,1.0,d612f33e94186fbf5e28dcddee9bcf6d662f760f8f6f159a8e7513ad27898eee,planner_dev1696_baseline,1.0,ok,1.0,9694f4c94c0c55bf
1.0,1.0,1.0,0.9478044933096846,2021.10.01.17.52.06_veh-28_01141_01264,1.0,ecb6fea8d181989a8f59a737f89fe52bc55346fad69cbfea2ea1757e399fd5ec,planner_dev1696_baseline,0.9782518722123686,ok,1.0,97a3fc19fc7b508e
1.0,1.0,1.0,0.9797014504257364,2021.10.01.17.52.06_veh-28_01141_01264,1.0,ff097ff12fc508406857bd5096b6c170bc29696cf9b93c0ab714536420eb741b,planner_dev1696_baseline,0.9915422710107235,ok,1.0,a43022f0434c530b
1.0,1.0,1.0,0.8992277267378127,2021.10.01.17.52.06_veh-28_01141_01264,1.0,46f2dbb4aea78ecb1f30c992311b9127c5bee6c1bfb5813472cd670888012ec6,planner_dev1696_baseline,0.958011552807422,ok,1.0,aba976ffd9c451de
1.0,1.0,1.0,0.9215479899478926,2021.10.01.17.52.06_veh-28_01141_01264,1.0,1373237f5fc46c9bc65f259573750675d8d0a6bd69e3e635569bb943d42363e0,planner_dev1696_baseline,0.9673116624782886,ok,1.0,ac7799ea12475109
1.0,1.0,1.0,0.9536750493684667,2021.10.01.17.52.06_veh-28_01141_01264,1.0,46d5f6d864957af628c5c8db182af03be2e9a6178471e9a70edec6b9376b995d,planner_dev1696_baseline,0.9806979372368612,ok,1.0,ae423ca6966757cf
1.0,1.0,1.0,0.8351960630934808,2021.10.01.17.52.06_veh-28_01141_01264,1.0,1df7b5420fb0131eef987c87f6c424250d441d2dcdeff2b06c1c89da58deb683,planner_dev1696_baseline,0.931331692955617,ok,1.0,b1dfcdc2c85b536b
1.0,1.0,1.0,1.0,2021.10.01.17.52.06_veh-28_01141_01264,1.0,e1a8fabac74cd0e5a42612999a66d86ffe16998dc34b0a77aa5510774549d63a,planner_dev1696_baseline,1.0,ok,1.0,c3b1d706a2335cc9
1.0,1.0,1.0,0.9601682022231096,2021.10.01.17.52.06_veh-28_01141_01264,1.0,bb5394a6e63a017ee33f9e1bf526e77b31635852e7204a6ee29166e4d36ddabb,planner_dev1696_baseline,0.9834034175929623,ok,1.0,cf1b07486b655b3a
1.0,1.0,1.0,0.9359782683427759,2021.10.01.17.52.06_veh-28_01141_01264,1.0,eeb7ecd7210651577c8915cff7633419483b267e4b511cf6fc91d31bb61b34fb,planner_dev1696_baseline,0.9733242784761567,ok,1.0,d72a31dfc0ec5e11
1.0,1.0,1.0,0.9593294323261313,2021.10.01.17.52.06_veh-28_01141_01264,1.0,112411938bb5794b288aae264aea82ca78bd36b3fea059e443b5a79042fcb46d,planner_dev1696_baseline,0.9830539301358879,ok,1.0,e9be03d5069b52bc
1.0,1.0,1.0,0.8705501654561474,2021.10.01.17.52.06_veh-28_01141_01264,1.0,4b39fb9a7ab437db4cc934b6fb02d1f5acbc4be9b40da5269cf5d554a05fd38c,planner_dev1696_baseline,0.9460625689400614,ok,1.0,f4188f0f2c17514d
1.0,1.0,1.0,0.8111096710743275,2021.06.09.12.06.35_veh-35_01164_01494,1.0,3fb39de0e8d9755190c3f8f93c924ed304418cbd90e34b959aed0988b0c0e25c,planner_dev1696_baseline,0.9212956962809699,ok,1.0,0090af8e15415a95
1.0,1.0,1.0,1.0,2021.06.09.12.06.35_veh-35_01164_01494,1.0,5c49b049ff1e31f838c489af7eeb319b12db853652385e3cd1921fbd7d02bcdd,planner_dev1696_baseline,1.0,ok,1.0,01d99dddfff055b4
1.0,1.0,1.0,0.8527018992002037,2021.06.09.12.06.35_veh-35_01164_01494,1.0,e394853b6ae868194438b9edee280bb687f5a24e073104dd69203413c505422d,planner_dev1696_baseline,0.9386257913334181,ok,1.0,02036a881c8757cd
1.0,1.0,1.0,0.8114501194910532,2021.06.09.12.06.35_veh-35_01164_01494,1.0,781cb9270c888a485bc7cb781b1b623dfc8da9e4404973b8dc0a9f3e9dfc0bbf,planner_dev1696_baseline,0.9214375497879388,ok,1.0,02831f0823a75275
1.0,1.0,1.0,0.7883979572772858,2021.06.09.12.06.35_veh-35_01164_01494,1.0,8dbae4b763d84050899d8b87ef5e36d079e75607f79d6f91dd8b60f19a5b0cf7,planner_dev1696_baseline,0.9118324821988691,ok,1.0,052f982083e859d7
1.0,1.0,1.0,1.0,2021.06.09.12.06.35_veh-35_01164_01494,1.0,4739573adaaad65a14aab6f1486829f45babb3d2dd97e5255ea2fbe702c7c6ae,planner_dev1696_baseline,1.0,ok,1.0,09909af20007564a
1.0,1.0,1.0,0.8186136987481971,2021.06.09.12.06.35_veh-35_01164_01494,1.0,0aee23f2ae9b1826ac64c644e5aa3a8a35de3becdfb5098331ed0a45adce8f4e,planner_dev1696_baseline,0.9244223744784156,ok,1.0,09a440cb0aeb567a
1.0,1.0,1.0,0.8972797464212083,2021.06.09.12.06.35_veh-35_01164_01494,1.0,a094b98888e88792cfdbea65ba461ccf70f0ec81491d0206b1ce1e31a9611b74,planner_dev1696_baseline,0.9571998943421702,ok,1.0,0a6a37e522035224
1.0,1.0,1.0,0.8898667681552763,2021.06.09.12.06.35_veh-35_01164_01494,1.0,c716eab1c26f921981840549677ffb5bc7282a153267a77997f234b9ea43cb76,planner_dev1696_baseline,0.9541111533980318,ok,1.0,1035c6107e4b52d3
1.0,1.0,1.0,0.7103147775434597,2021.06.09.12.06.35_veh-35_01164_01494,1.0,55dc978006f60b6c84b2836379988876d5cc0b0e71377739bc3fa170a5002367,planner_dev1696_baseline,0.8792978239764415,ok,1.0,108c162aabf552ba
1.0,1.0,1.0,0.6632370776498198,2021.06.09.12.06.35_veh-35_01164_01494,1.0,86b707a43bfef3e079445c20c349eb3760ad67910bbd7ee51e53086714655e90,planner_dev1696_baseline,0.8596821156874249,ok,1.0,11d448d26126557f
1.0,1.0,1.0,0.7492846086403793,2021.06.09.12.06.35_veh-35_01164_01494,1.0,a70434868fe365f0808e0fa6f19773c5f2b09d8a98344bb3fd19959c98fbc190,planner_dev1696_baseline,0.8955352536001581,ok,1.0,12127170e93a53e9
1.0,1.0,1.0,0.9471833874660908,2021.06.09.12.06.35_veh-35_01164_01494,1.0,7ae7cedf7772720617e303a2ca19d7181c15c86cceebc0c0cbb46b5eb3212465,planner_dev1696_baseline,0.9779930781108712,ok,1.0,147c06dffbdb5bc4
1.0,1.0,1.0,0.8302464761005324,2021.06.09.12.06.35_veh-35_01164_01494,1.0,4c491b329fdabe123d30b10dbcc4d9b0920dad70d058cc3accd14633d4231b01,planner_dev1696_baseline,0.9292693650418885,ok,1.0,1562991f98315d4d
1.0,1.0,1.0,0.8462088510732382,2021.06.09.12.06.35_veh-35_01164_01494,1.0,8089e82002dfeece2f5165810155a64ad806feca50ca34709d88e477abba070f,planner_dev1696_baseline,0.9359203546138493,ok,1.0,158eecf778cc5684
1.0,1.0,1.0,1.0,2021.06.09.12.06.35_veh-35_01164_01494,1.0,3353db626d1ae7cd1237ab73d8c82d37c1c47dde7ac772edce99ca88814bc7e0,planner_dev1696_baseline,1.0,ok,1.0,1cf2faa6760b5e05
1.0,1.0,1.0,0.9312364638484848,2021.06.09.12.06.35_veh-35_01164_01494,1.0,38cac69658f4d3da673ac88e45847df55733d01db9408d5f26a1c4fb7e465093,planner_dev1696_baseline,0.9713485266035353,ok,1.0,1d0ef99351a95bbb
1.0,1.0,1.0,1.0,2021.06.09.12.06.35_veh-35_01164_01494,1.0,5d48c2290ae824ef547a3be0c6d1ac570493177a1a7bd65baa967580fb52a567,planner_dev1696_baseline,1.0,ok,1.0,1d1a05de41555e8e
1.0,1.0,1.0,1.0,2021.06.09.12.06.35_veh-35_01164_01494,1.0,da1b430d923e2b96e7217edcdfbf5f088489f9ebc378e2f7b3e3c9a22a289de0,planner_dev1696_baseline,1.0,ok,1.0,244393f5bb9f567c
1.0,1.0,1.0,0.930593557619136,2021.06.09.12.06.35_veh-35_01164_01494,1.0,68289564c3838f284fc4b696f2f5cf77bb3cf7026f8d0fe51407df6861c7b268,planner_dev1696_baseline,0.9710806490079733,ok,1.0,2450f437ff34588e
1.0,1.0,1.0,0.9591586187961744,2021.06.09.12.06.35_veh-35_01164_01494,1.0,72d9a4ff6d17e9e63bb674ce36a921514f4159834629ab90cd36ae8d3c0da180,planner_dev1696_baseline,0.9829827578317394,ok,1.0,27019672a76d5c98
1.0,1.0,1.0,0.7500807649231791,2021.06.09.12.06.35_veh-35_01164_01494,1.0,c618aa4111bc2be920281ea6e08f03708a9779987b3f9999e5817f453743d9d2,planner_dev1696_baseline,0.895866985384658,ok,1.0,270857aa66a15114
1.0,1.0,1.0,0.8116467698953778,2021.06.09.12.06.35_veh-35_01164_01494,1.0,f9bd9ce71acd71c9ad9f567ade01bf4bfc7ee105708ae5a5dd871155e1365a9e,planner_dev1696_baseline,0.9215194874564073,ok,1.0,279398536da35c2b
1.0,1.0,1.0,0.7791400298400638,2021.06.09.12.06.35_veh-35_01164_01494,1.0,8fc204160e460d553def480d765cfda2a60fc6f9c5bdd768741812e7346990ec,planner_dev1696_baseline,0.90797501243336,ok,1.0,2bda22fbdbbb50a8
1.0,1.0,1.0,0.7364352760048742,2021.06.09.12.06.35_veh-35_01164_01494,1.0,60040bdf1ef96baaba1bc4dc6cb8305022f732bdca65abfd84798982a38899af,planner_dev1696_baseline,0.8901813650020309,ok,1.0,2e524a06f4bc59e8
1.0,1.0,1.0,0.8447848793286146,2021.06.09.12.06.35_veh-35_01164_01494,1.0,60bdfe6dccbb057f623c797954f8f9fb82b488ca8e521236f42dcfeb6bd3be32,planner_dev1696_baseline,0.9353270330535893,ok,1.0,2fb80e8e9597522f
1.0,1.0,1.0,0.812690033635222,2021.06.09.12.06.35_veh-35_01164_01494,1.0,437464625064df72efa56d9ef069609506c24a61b92916df02889866a2879ed8,planner_dev1696_baseline,0.9219541806813426,ok,1.0,2fffb118c5535879
1.0,1.0,1.0,0.8059030739390224,2021.06.09.12.06.35_veh-35_01164_01494,1.0,5abb0e7bd4657d9216c0b198c41cff9f4f0860c752f4f346d803566c2ce4addf,planner_dev1696_baseline,0.919126280807926,ok,1.0,31c10b004a0d5f1e
1.0,1.0,1.0,0.9463953617200668,2021.06.09.12.06.35_veh-35_01164_01494,1.0,8ad51f192b98d9b0777efff04ddd87efba69bfe8e54769d4aaf38323831360f0,planner_dev1696_baseline,0.9776647340500277,ok,1.0,32940e6a93e95fd5
1.0,1.0,1.0,0.7990848489241604,2021.06.09.12.06.35_veh-35_01164_01494,1.0,b030fd89b3770a72ba1399752e70ccf6aa864d817ec0358578ff11540b10da04,planner_dev1696_baseline,0.9162853537184001,ok,1.0,329eb6cc8c325f71
1.0,1.0,1.0,0.9108715820841409,2021.06.09.12.06.35_veh-35_01164_01494,1.0,292e317349c874f7757874543470f1657e73bb16a8354e09de34a043e8a681bf,planner_dev1696_baseline,0.9628631592017255,ok,1.0,36a87f95e5a05e75
1.0,1.0,1.0,0.7802331724024144,2021.06.09.12.06.35_veh-35_01164_01494,1.0,8db507a1db6a7476034e71bf9d10f736b4d8002cfad368fe3b55f11f3d6e24af,planner_dev1696_baseline,0.9084304885010059,ok,1.0,3746d6f474565ca0
1.0,1.0,1.0,1.0,2021.06.09.12.06.35_veh-35_01164_01494,1.0,ca40715d99c0ad7acc3d8d24e1b396b3f97dfb488812654132c27be2cc679f33,planner_dev1696_baseline,1.0,ok,1.0,3c0e5824b0785582
1.0,1.0,1.0,0.8000903073900263,2021.06.09.12.06.35_veh-35_01164_01494,1.0,5919d9f1069964a1a020d3c8038a5e8750079ad30fa2c4c62a5fe6f88f0a47d7,planner_dev1696_baseline,0.9167042947458443,ok,1.0,3c6c773db2f558e5
1.0,1.0,1.0,0.988043359114276,2021.06.09.12.06.35_veh-35_01164_01494,1.0,2f259e1083497751a0e920473d54ff51350b8e7117c80609f565a53cc788bf21,planner_dev1696_baseline,0.995018066297615,ok,1.0,3f69fae28f2b5905
1.0,1.0,1.0,0.9235679276957535,2021.06.09.12.06.35_veh-35_01164_01494,1.0,19befb90470d9f55d31f3c233950dbddfab33480b2a3e949327483e31613b305,planner_dev1696_baseline,0.9681533032065639,ok,1.0,3f83ff89a0b8508a
1.0,1.0,1.0,0.8186347798844825,2021.06.09.12.06.35_veh-35_01164_01494,1.0,c78d3ed6bad379fe0961bba5c0b33c836797d4d1dcd3501d5cad2c9e34feb59e,planner_dev1696_baseline,0.9244311582852011,ok,1.0,3fdaab2718695484
1.0,1.0,1.0,0.965141898538495,2021.06.09.12.06.35_veh-35_01164_01494,1.0,e69909a9a4e98190d2921f871f0de53ebe1da1870b3697795cb1b1df6b47affc,planner_dev1696_baseline,0.9854757910577062,ok,1.0,42ba979bc4555510
1.0,1.0,1.0,0.8710250778353336,2021.06.09.12.06.35_veh-35_01164_01494,1.0,46dbe74705da90429c3c9df6929a5c26ff9cf6a9f9fb7df2d110e3a6c0af9b9a,planner_dev1696_baseline,0.9462604490980556,ok,1.0,433f5b72f4465952
1.0,1.0,1.0,0.7016806087840441,2021.06.09.12.06.35_veh-35_01164_01494,1.0,df2a0b30f0707826a9731ce548201afd9d270cfa94b95895c92807e25d153e1d,planner_dev1696_baseline,0.8757002536600185,ok,1.0,473469a94bd255b5
1.0,1.0,1.0,0.9533695993078969,2021.06.09.12.06.35_veh-35_01164_01494,1.0,aa5b25db4f224a4e8d31671b1e8d5210584f7cfa432cee59732de07dcdded1f3,planner_dev1696_baseline,0.9805706663782904,ok,1.0,48ff23d4f1d15802
1.0,1.0,1.0,0.7978360998168872,2021.06.09.12.06.35_veh-35_01164_01494,1.0,0a2342d2077b388eba2be4747f1e1713c7746666147730b881eb4e491b5a4d15,planner_dev1696_baseline,0.9157650415903698,ok,1.0,4aa20b4afd5d585e
1.0,1.0,1.0,0.8766982651976235,2021.06.09.12.06.35_veh-35_01164_01494,1.0,6ee95a032aa684525d374a5828410000bd17c0dd5d951cf86bbbd6a034be27a1,planner_dev1696_baseline,0.9486242771656764,ok,1.0,4b0684256b7c514b
1.0,1.0,1.0,0.8768203316426125,2021.06.09.12.06.35_veh-35_01164_01494,1.0,b0c3f26574885b9463e875a0cc26fb68f11d545b26d2e7a55808382bb53e863e,planner_dev1696_baseline,0.9486751381844218,ok,1.0,4c353752376d5c25
1.0,1.0,1.0,0.8077306092410581,2021.06.09.12.06.35_veh-35_01164_01494,1.0,49091bec902395fa18d4216e551ee7c02bdb46c125ac5878bc65427688f4815c,planner_dev1696_baseline,0.9198877538504409,ok,1.0,50b0ab9dfc405cae
1.0,1.0,1.0,0.8483465696630053,2021.06.09.12.06.35_veh-35_01164_01494,1.0,065319cb425c82e587fd8cbd98190065bef2d2e364703fcbdf22f2151e9559b8,planner_dev1696_baseline,0.9368110706929188,ok,1.0,54ea093eed9f5c7f
1.0,1.0,1.0,1.0,2021.06.09.12.06.35_veh-35_01164_01494,1.0,748a5bf8733143f68fbf03e9f68af5a5f50f7c744257d1c4495862c0bafc9620,planner_dev1696_baseline,1.0,ok,1.0,55d627edf1c05c6c
1.0,1.0,1.0,0.8836744106217143,2021.06.09.12.06.35_veh-35_01164_01494,1.0,a542a726607ba9d2f7daefd452f35e5c1f31541499bb45e82ba9da9d2c80769e,planner_dev1696_baseline,0.9515310044257143,ok,1.0,592e6aa71cc85423
1.0,1.0,1.0,0.7853463830119513,2021.06.09.12.06.35_veh-35_01164_01494,1.0,81a6590d5f59d385d1cf3f16551c886bba4bac4731d7c959b7c28f01453326c2,planner_dev1696_baseline,0.9105609929216464,ok,1.0,5980823125de5b77
1.0,1.0,1.0,0.9135543022701328,2021.06.09.12.06.35_veh-35_01164_01494,1.0,1a3d2583ee353b11bc1629dbcaf4383b478a57450f92595cf7aa7189a925d64f,planner_dev1696_baseline,0.963980959279222,ok,1.0,59cd72291d1b5c61
1.0,1.0,1.0,0.8166671597371813,2021.06.09.12.06.35_veh-35_01164_01494,1.0,1ab540ff1318437f7700820dd444edd41854681cc804ca8327d51964600a4142,planner_dev1696_baseline,0.9236113165571589,ok,1.0,5b1c7c1d71e85bd9
1.0,1.0,1.0,0.9554953725033073,2021.06.09.12.06.35_veh-35_01164_01494,1.0,b7c9aa20f9776937f7fd8d431f9a04d6e607134f1ba724fd71030b8cc0cd5d6b,planner_dev1696_baseline,0.9814564052097113,ok,1.0,5b9d89b5e90257d8
1.0,1.0,1.0,0.9774653490927899,2021.06.09.12.06.35_veh-35_01164_01494,1.0,6ce0ab6a748ee7979452aa7aad5dc8d2ce1ecd164bdf62a34da11dd59295528a,planner_dev1696_baseline,0.9906105621219958,ok,1.0,5d2ee5c23b555bac
1.0,1.0,1.0,0.9087360242871273,2021.06.09.12.06.35_veh-35_01164_01494,1.0,2c93a5e6143f03a58214b17256d690158bd2b70f19f1bb7cae3b3bbe4fdf5554,planner_dev1696_baseline,0.9619733434529697,ok,1.0,5fec23f5a5d052cd
1.0,1.0,1.0,0.7545261574160707,2021.06.09.12.06.35_veh-35_01164_01494,1.0,3ff725726ab4cd9d83f021c087c9c0a4b4c362fc8b3524f40d44e4634e8b03df,planner_dev1696_baseline,0.897719232256696,ok,1.0,633ee0b9bc865394
1.0,1.0,1.0,0.811198581746039,2021.06.09.12.06.35_veh-35_01164_01494,1.0,ad94d7ed0562e48b73267ef02030ec7b26989bc52a260de287cc5f74b466a9bf,planner_dev1696_baseline,0.921332742394183,ok,1.0,679848c50acb5b02
1.0,1.0,1.0,1.0,2021.06.09.12.06.35_veh-35_01164_01494,1.0,f951ad88d605c8c3bd503c568065275436fc6571aadfd56995c8d48e2092a31a,planner_dev1696_baseline,1.0,ok,1.0,694febdb81105aa6
1.0,1.0,1.0,0.7533477666521455,2021.06.09.12.06.35_veh-35_01164_01494,1.0,732f0f19e2fd74ba6bafd1ccbcc148e30b826660036d67ae8927d327e588e770,planner_dev1696_baseline,0.8972282361050606,ok,1.0,6a9a24d0bacf5229
1.0,1.0,1.0,0.959395190542219,2021.06.09.12.06.35_veh-35_01164_01494,1.0,e494ea3a574fa8244ba8c6611f04e4b8556b585bf541a5bb11c4b113cfb4e47e,planner_dev1696_baseline,0.9830813293925912,ok,1.0,6ee8095e2d8b599c
1.0,1.0,1.0,1.0,2021.06.09.12.06.35_veh-35_01164_01494,1.0,1b16f969143c26398f029fe3810c27a4f294762153795bd5c7f785a467eede2c,planner_dev1696_baseline,1.0,ok,1.0,6f6d3439591151c0
1.0,1.0,1.0,0.8769562572911611,2021.06.09.12.06.35_veh-35_01164_01494,1.0,3b5e973381985830d9ecad652dce5d61677c5dcbd06f0ab71b4d654117557644,planner_dev1696_baseline,0.9487317738713171,ok,1.0,6fcb034448195e87
1.0,1.0,1.0,0.9395792545668707,2021.06.09.12.06.35_veh-35_01164_01494,1.0,1b8bd7843b3305376b1e94756e752d1bf293b7f0d1354cf662c497ea46f8ae29,planner_dev1696_baseline,0.9748246894028627,ok,1.0,703f27b09d325c11
1.0,1.0,1.0,0.9166375464544492,2021.06.09.12.06.35_veh-35_01164_01494,1.0,85de30b3728c0ab233239eafd2b7fc0226e1eecdbf40d1e24765dc93bced8014,planner_dev1696_baseline,0.9652656443560206,ok,1.0,70c37dde93f25c64
1.0,1.0,1.0,0.9213885490080745,2021.06.09.12.06.35_veh-35_01164_01494,1.0,112544b96a7fa7aeabd9a1ac33d96de46f015afa5dc113496b8645e6158b47d6,planner_dev1696_baseline,0.9672452287533644,ok,1.0,72ba153a1fc059c6
1.0,1.0,1.0,0.9524068491717939,2021.06.09.12.06.35_veh-35_01164_01494,1.0,bc5902a899c54207515130bff900687a91205426c107d784233df11e8177862f,planner_dev1696_baseline,0.9801695204882476,ok,1.0,74c5a4e255b950f7
1.0,1.0,1.0,1.0,2021.06.09.12.06.35_veh-35_01164_01494,1.0,4a5aa67455d7222200227420304d0805b2b93e429a09566ca5fa2de84f299bd8,planner_dev1696_baseline,1.0,ok,1.0,78bd4a0ea3e35682
1.0,1.0,1.0,1.0,2021.06.09.12.06.35_veh-35_01164_01494,1.0,13b936e9cb4a451e00144e23b2a6f1a9241fa22d557e295e0b36b0e1aab32e7c,planner_dev1696_baseline,1.0,ok,1.0,7d14dc9e1394504c
1.0,1.0,1.0,0.7924741996133977,2021.06.09.12.06.35_veh-35_01164_01494,1.0,521c9f192cd987b8d60b1a153663e030369aff557caf5cadffa2982ce659394e,planner_dev1696_baseline,0.9135309165055824,ok,1.0,7dc37d18911457a8
1.0,1.0,1.0,0.947395201788827,2021.06.09.12.06.35_veh-35_01164_01494,1.0,61c52a8e9221f40f368bb0176e897f487220bae032939047f65784db006d1b03,planner_dev1696_baseline,0.9780813340786779,ok,1.0,7e664b90d195584d
1.0,1.0,1.0,1.0,2021.06.09.12.06.35_veh-35_01164_01494,1.0,b3e178755b3716f392fc4b3f8b9095a819a83973dbef2e17cc26bdd68812bb32,planner_dev1696_baseline,1.0,ok,1.0,7e682022c639513c
1.0,1.0,1.0,1.0,2021.06.09.12.06.35_veh-35_01164_01494,1.0,ea5a90d1ce54f5158639c18bac93da88d7967fae5c790932bcdd04232677a3e6,planner_dev1696_baseline,1.0,ok,1.0,7eb9806c2ac25fd6
1.0,1.0,1.0,0.853391274171967,2021.06.09.12.06.35_veh-35_01164_01494,1.0,2129eee5273d9c6059eb72c1f5002efce26a58c2e0a005ef69eda8f3f2b39baf,planner_dev1696_baseline,0.9389130309049861,ok,1.0,8381aa53dbb55c90
1.0,1.0,1.0,1.0,2021.06.09.12.06.35_veh-35_01164_01494,1.0,ca5ad944feb19da1426f6c23abb40b22b65034a94139de83880e892b44bbe8e9,planner_dev1696_baseline,1.0,ok,1.0,8bb9b664551e5148
1.0,1.0,1.0,0.7536992967923858,2021.06.09.12.06.35_veh-35_01164_01494,1.0,bd12f9360f736e661bc7856a77b6b9bd5137111c1ddfcf58ab6be380a5761f8c,planner_dev1696_baseline,0.8973747069968274,ok,1.0,8fc1509fbdee54ac
1.0,1.0,1.0,0.9860670477796836,2021.06.09.12.06.35_veh-35_01164_01494,1.0,f9f5715ea11113704ba22f207db04979728be6efd0b33b2280f2fba774bf78e7,planner_dev1696_baseline,0.9941946032415349,ok,1.0,9453e27e0bc25019
1.0,1.0,1.0,0.8457872596099636,2021.06.09.12.06.35_veh-35_01164_01494,1.0,40a48621a08cdb7ede1e430b0325d54d0d522ccbc720ba83214d6119eed09769,planner_dev1696_baseline,0.9357446915041514,ok,1.0,946cb4c69bd85da6
1.0,1.0,1.0,0.8428370521152214,2021.06.09.12.06.35_veh-35_01164_01494,1.0,a67465634a61f6ebdd2f5c7e065cce61d1828ae2b4f831e77bf52a9cdc7015c1,planner_dev1696_baseline,0.9345154383813422,ok,1.0,97b60971053a5a8f
1.0,1.0,1.0,0.8919912596684557,2021.06.09.12.06.35_veh-35_01164_01494,1.0,2554bf3e0131b43c092239e9e7bc9340b24019c40173ca84914cef6fcd1e4d23,planner_dev1696_baseline,0.9549963581951899,ok,1.0,99ded0a5f4475071
1.0,1.0,1.0,0.7190070717477541,2021.06.09.12.06.35_veh-35_01164_01494,1.0,2fc9fd145458a3da4635854ec6349757ef23135d684d222741ea9a9041225576,planner_dev1696_baseline,0.8829196132282308,ok,1.0,9a3297e2227653e7
1.0,1.0,1.0,0.8262680546482662,2021.06.09.12.06.35_veh-35_01164_01494,1.0,d45f9aa9aefaa83c19df8a046d65a7d6605c11452fbda2866934d69386e95950,planner_dev1696_baseline,0.9276116894367776,ok,1.0,9b3708708fbd550f
1.0,1.0,1.0,0.8183248246384053,2021.06.09.12.06.35_veh-35_01164_01494,1.0,870336f32c70a7cd2c11d032928ddd1009fa3b99e479b0fa664a384f27bac718,planner_dev1696_baseline,0.9243020102660022,ok,1.0,9cb570dc6b2b5355
1.0,1.0,1.0,0.7884853812094407,2021.06.09.12.06.35_veh-35_01164_01494,1.0,6c08755a5a885de89f6bd07880ecf1334ff39411c249a33fa10e4c9f4cad4ffb,planner_dev1696_baseline,0.9118689088372669,ok,1.0,a1722fd06916560d
1.0,1.0,1.0,0.7189383448914134,2021.06.09.12.06.35_veh-35_01164_01494,1.0,45c404662f2a595bc3404019b9a8a6945cfd40a765366937ed2aa8701242f977,planner_dev1696_baseline,0.8828909770380889,ok,1.0,a22e6b1ef8655ecf
1.0,1.0,1.0,1.0,2021.06.09.12.06.35_veh-35_01164_01494,1.0,ef7213e7267c5b4822aecc27dec3dbb3637ef27de50d7da8e0342d625ca69918,planner_dev1696_baseline,1.0,ok,1.0,a30635daffc75118
1.0,1.0,1.0,0.9719630343664577,2021.06.09.12.06.35_veh-35_01164_01494,1.0,325a47a329c9a94d4e12198f7a55857ca57f571220f834ca5a6f8dc9e70ae2b8,planner_dev1696_baseline,0.988317930986024,ok,1.0,a61c2bbd0f3d5d8b
1.0,1.0,1.0,1.0,2021.06.09.12.06.35_veh-35_01164_01494,1.0,d3566aa30addbbf1ba22ed7029001417d3387fa1f36cc62c9481d3ccd7fc9276,planner_dev1696_baseline,1.0,ok,1.0,af72d87120a75e89
1.0,1.0,1.0,0.9036728980687735,2021.06.09.12.06.35_veh-35_01164_01494,1.0,dc11e38d0f27e7b7d5dacb60a686b37ddff486d912d1df93af429abffdf92b58,planner_dev1696_baseline,0.9598637075286556,ok,1.0,b007973e1a8c56cb
1.0,1.0,1.0,0.7791392713561464,2021.06.09.12.06.35_veh-35_01164_01494,1.0,29a39c0e18a7fbe3f8fdd7e73d4203ece408d40ce535a86fadb02e0973d9b037,planner_dev1696_baseline,0.9079746963983943,ok,1.0,b23ede9a183b5b71
1.0,1.0,1.0,0.6428157556641511,2021.06.09.12.06.35_veh-35_01164_01494,1.0,bf142ea8be745bf0df088efe0cbe7f51ee38c0295d511665bb4d2a533e19656c,planner_dev1696_baseline,0.8511732315267295,ok,1.0,b5de22e724db5143
1.0,1.0,1.0,0.9356658483396638,2021.06.09.12.06.35_veh-35_01164_01494,1.0,7ce7b09098041624d16814957a6fdd8d88d9681bdd49b381f7a7dd8c2784866c,planner_dev1696_baseline,0.9731941034748598,ok,1.0,b6aac26e82e05762
1.0,1.0,1.0,0.9271561364799312,2021.06.09.12.06.35_veh-35_01164_01494,1.0,eec00742d6bedf3337cbba5f7cf1f79c0b6a196e30a9e9c71aa3a786d0744824,planner_dev1696_baseline,0.9696483901999713,ok,1.0,b7bf330d5c115db3
1.0,1.0,1.0,1.0,2021.06.09.12.06.35_veh-35_01164_01494,1.0,8a0e63a307678ea1887a4ff9e9d8cc1da087735e250cc0a41e5aa359f40229c0,planner_dev1696_baseline,1.0,ok,1.0,b91fedc2a88751e1
1.0,1.0,1.0,1.0,2021.06.09.12.06.35_veh-35_01164_01494,1.0,b77a21fb8e888edfbf12eee5ef72ed75a3c710df343d321157cbdb12d468a33f,planner_dev1696_baseline,1.0,ok,1.0,be8cd276bd665f61
1.0,1.0,1.0,1.0,2021.06.09.12.06.35_veh-35_01164_01494,1.0,9506a53746c23efb6de64face74ead078bcebcd76c8835fbdfe022ac917f56c3,planner_dev1696_baseline,1.0,ok,1.0,c1e04a28d50f5105
1.0,1.0,1.0,1.0,2021.06.09.12.06.35_veh-35_01164_01494,1.0,9c8520832642ff6f91c6c217f76e2ccbb068fee15524173b5a7ca2a0b4176a25,planner_dev1696_baseline,1.0,ok,1.0,c588c26050e057b1
1.0,1.0,1.0,1.0,2021.06.09.12.06.35_veh-35_01164_01494,1.0,3e099cfb0059393fe0dee42c6f949d66998b28a304b68923c4e78a6fc4ddc42a,planner_dev1696_baseline,1.0,ok,1.0,c8b5826567975fc0
1.0,1.0,1.0,1.0,2021.06.09.12.06.35_veh-35_01164_01494,1.0,c57ea5090aa01a3aa3a522e0fe5a36712fb784ea411f805a705cb79ef0c7576e,planner_dev1696_baseline,1.0,ok,1.0,ca626e7ddb9c5a11
1.0,1.0,1.0,0.8625747318089977,2021.06.09.12.06.35_veh-35_01164_01494,1.0,7e73cadce04b0560c14cdd3764cf84203bcfea3ea9da5f85772d067b0737d1cf,planner_dev1696_baseline,0.9427394715870824,ok,1.0,cd880952086a553c
1.0,1.0,1.0,0.908655860041778,2021.06.09.12.06.35_veh-35_01164_01494,1.0,f36de30d8c76e84ebf60d7919589fb27b55e4da591e9bed93d5090398b5edeb5,planner_dev1696_baseline,0.9619399416840743,ok,1.0,cf11598e8f995d83
1.0,1.0,1.0,0.844965512929591,2021.06.09.12.06.35_veh-35_01164_01494,1.0,dbb408144c9f43f0567398cef7f54b69bda348da0022d9c3aa3c6743cb1d9653,planner_dev1696_baseline,0.9354022970539962,ok,1.0,d1fc6c37998c5b40
1.0,1.0,1.0,1.0,2021.06.09.12.06.35_veh-35_01164_01494,1.0,c1fdcd57c1207953a73f36096ba9bd15e3987f8a684dda352e328df8debde5fa,planner_dev1696_baseline,1.0,ok,1.0,d3addd2ca8c15a58
1.0,1.0,1.0,0.9148094261620128,2021.06.09.12.06.35_veh-35_01164_01494,1.0,fe0ab1a86dd55bb5e617daec77f047f8e262ed0a26e011d7efff89b9ca037631,planner_dev1696_baseline,0.9645039275675052,ok,1.0,d9d4ea61407b50cf
1.0,1.0,1.0,0.7915227630766407,2021.06.09.12.06.35_veh-35_01164_01494,1.0,8c07e633c2cfa710a073d21c2082b42282ff340862028067e5edc0cd0ff0dc67,planner_dev1696_baseline,0.9131344846152669,ok,1.0,dcc745e412fe5fbd
1.0,1.0,1.0,0.865612515114015,2021.06.09.12.06.35_veh-35_01164_01494,1.0,1d20f5debd2a05f97dfaadb169b12464d45cb049ce58eb2204e1b0fab5eadc8a,planner_dev1696_baseline,0.9440052146308396,ok,1.0,e0aa4d3682c6594a
1.0,1.0,1.0,0.9021988536015366,2021.06.09.12.06.35_veh-35_01164_01494,1.0,f4721b502bd0baa7ce83ec8d9ed16f442c2eda6f8abb5e4c91ea422755b1354f,planner_dev1696_baseline,0.9592495223339735,ok,1.0,e2ff3a9fc9e0580d
1.0,1.0,1.0,0.7825080126094012,2021.06.09.12.06.35_veh-35_01164_01494,1.0,1840e30831ad440ebf3075d8db7b567851d5d0bfad564a37c39056a154bc3169,planner_dev1696_baseline,0.9093783385872505,ok,1.0,e59bd5d207065b9a
1.0,1.0,1.0,1.0,2021.06.09.12.06.35_veh-35_01164_01494,1.0,8fd3cd423bf69fccaf2213fdc0ffdfba80094a3fc43a62574fdd86489db3412b,planner_dev1696_baseline,1.0,ok,1.0,e80eed1fab2c5cfd
1.0,1.0,1.0,0.7328524338676511,2021.06.09.12.06.35_veh-35_01164_01494,1.0,0b76dd5576a7406dec2659c2360006766ff32cbde0a36769fa2a55961936f93e,planner_dev1696_baseline,0.8886885141115212,ok,1.0,e8f2bc430a065486
1.0,1.0,1.0,0.8785162548205986,2021.06.09.12.06.35_veh-35_01164_01494,1.0,dfcdfe050f72dbae9e51e71657cf5a79872ea5bbf30e4afa972b78a826a67250,planner_dev1696_baseline,0.949381772841916,ok,1.0,ef10184224ba5d25
1.0,1.0,1.0,1.0,2021.06.09.12.06.35_veh-35_01164_01494,1.0,216f2e6ea9728afe2675d04ff0bc842dd00fc3654069bcee1a94717073557b7b,planner_dev1696_baseline,1.0,ok,1.0,ef7fb7627f735a41
1.0,1.0,1.0,0.6540155179976235,2021.06.09.12.06.35_veh-35_01164_01494,1.0,8ee7704c3e36ea948975bb8269c92b86d85a870262d792d7e8e72273ca7c91d0,planner_dev1696_baseline,0.8558397991656764,ok,1.0,f56dfbb996385805
1.0,1.0,1.0,0.915988610759527,2021.06.09.12.06.35_veh-35_01164_01494,1.0,3f82bed731c508fc72e47d77a30c170275630b44b5e1399777a2eba2bef097e5,planner_dev1696_baseline,0.9649952544831363,ok,1.0,faa10d766e1e5675
1.0,1.0,1.0,0.6473583850704052,2021.06.09.12.06.35_veh-35_01164_01494,1.0,ce7ce8fed643573f0c55bce33836118a9133a7aef7965fdadd831fc4b94d7f4b,planner_dev1696_baseline,0.8530659937793356,ok,1.0,fba4ada6e76d51d5
1.0,1.0,1.0,0.7740239725083569,2021.06.09.12.06.35_veh-35_01164_01494,1.0,174ec1f584b9923ac79cc07b26e4df42b5dcb923f1de9b9bf53638d83eaa1321,planner_dev1696_baseline,0.905843321878482,ok,1.0,fdc30f8fc86655b0
1.0,1.0,1.0,0.7544912476988713,2021.06.09.12.06.35_veh-35_01164_01494,1.0,15751b658bd59816782c73ae29d8638c60595d77f2dd8b43b485e9a8b4144342,planner_dev1696_baseline,0.8977046865411964,ok,1.0,ffd3019de9f75d89
1.0,1.0,1.0,0.8089882213570803,2021.07.09.15.53.28_veh-38_00184_02293,1.0,69d730aac383116878ec6132d8e2fdd8ca1afaa08a24434d19f9eacaf595f3ad,planner_dev1696_baseline,0.9204117588987835,ok,1.0,0034182453455593
1.0,1.0,1.0,1.0,2021.07.09.15.53.28_veh-38_00184_02293,1.0,e78ecb2d287ed37101a11373f2daf360330651695566d20d095a3c3e771118e9,planner_dev1696_baseline,1.0,ok,1.0,0063186407485185
1.0,1.0,1.0,0.8531412721676609,2021.07.09.15.53.28_veh-38_00184_02293,1.0,2e4e540031028f651ddf4cdb8852622728667d63a76182b371c64dde3a48f5d1,planner_dev1696_baseline,0.938808863403192,ok,1.0,00bf064b40495a06
1.0,1.0,1.0,1.0,2021.07.09.15.53.28_veh-38_00184_02293,1.0,7134f198331db86642ea5b6ec5317dc25e380d867eaa136de5b9201f7820400d,planner_dev1696_baseline,1.0,ok,1.0,00e32fcdcf455ae8
1.0,1.0,1.0,1.0,2021.07.09.15.53.28_veh-38_00184_02293,1.0,a6b4d450fd19db5c94e1ef84f9ba1f9d202707c3f13e0cf837e97f0c8d7ac256,planner_dev1696_baseline,1.0,ok,1.0,016139f70ba255f4
1.0,1.0,1.0,0.9309229654397838,2021.07.09.15.53.28_veh-38_00184_02293,1.0,1c079d438a6a10aa4bdf7f9cbb7d05e51f474fb38f136a380775671875376b84,planner_dev1696_baseline,0.9712179022665767,ok,1.0,017f6ea65a675bd0
1.0,1.0,1.0,0.8845739132672324,2021.07.09.15.53.28_veh-38_00184_02293,1.0,50527e59549dc2bc546ba5cbca8d8d687bfd0f802cf0bde7de2519c979bf184e,planner_dev1696_baseline,0.9519057971946802,ok,1.0,019be72ca2035269
1.0,1.0,1.0,1.0,2021.07.09.15.53.28_veh-38_00184_02293,1.0,8479712a4bccdfaea9c928d3a8ac71446c5a7dbe7324ba52aaba17c5ebff07f8,planner_dev1696_baseline,1.0,ok,1.0,01f29c09064f597d
1.0,1.0,1.0,1.0,2021.07.09.15.53.28_veh-38_00184_02293,1.0,34ab25404969e075d69f72f93bda2a65b02e8c763ddde8bd88d06ca9f2f569d5,planner_dev1696_baseline,1.0,ok,1.0,02271efb56ca5e62
1.0,1.0,1.0,0.9581760350700025,2021.07.09.15.53.28_veh-38_00184_02293,1.0,1434b9f62aa5fabf0d408a93477206b4075eb189136e2184846652c9dcb3d66c,planner_dev1696_baseline,0.9825733479458343,ok,1.0,0242cf7ebae4537a
1.0,1.0,1.0,1.0,2021.07.09.15.53.28_veh-38_00184_02293,1.0,e68ab0d90e99ee20136bd151888a22641fca0e82ab9ad78c696a77dd7099bd4f,planner_dev1696_baseline,1.0,ok,1.0,039d81c335fa5830
1.0,1.0,1.0,1.0,2021.07.09.15.53.28_veh-38_00184_02293,1.0,6badc363a839916ec0c501567cf1baaf9a771fd20653cad18ddb91ed2f2a014f,planner_dev1696_baseline,1.0,ok,1.0,03d3158b8faf5c81
1.0,1.0,1.0,0.644514425893497,2021.07.09.15.53.28_veh-38_00184_02293,1.0,4a21e353c78f6c1eda7dcb493737f73695674d75280cfea90da500ff21e3c5cb,planner_dev1696_baseline,0.8518810107889571,ok,1.0,03fe497641cc5a31
1.0,0.0,1.0,0.0,2021.07.09.15.53.28_veh-38_00184_02293,1.0,1359a6b4c614af104b8f67b204ceb3a4fec8eb9ac606f6271693cf0794811091,planner_dev1696_baseline,0.0,ok,1.0,0454457b4d6a5d20
1.0,1.0,1.0,1.0,2021.07.09.15.53.28_veh-38_00184_02293,1.0,95d17ca7671f0d0a4d2728db2f10c6001b5a3a5ef069138a7c59c4330c70e16d,planner_dev1696_baseline,1.0,ok,1.0,04db6d7b763754ac
1.0,0.0,1.0,0.0,2021.07.09.15.53.28_veh-38_00184_02293,1.0,95f2f96555317d300a26e5c931a3b8f06414dc11489b272d9e150dd95a3bc0d9,planner_dev1696_baseline,0.0,ok,1.0,04eb8d64f2795c58
1.0,1.0,1.0,1.0,2021.07.09.15.53.28_veh-38_00184_02293,1.0,00110bf700c039aba8d4d93bb32e3aa0c06ccd27852f96d03e71feffd91d87d4,planner_dev1696_baseline,1.0,ok,1.0,0683a44547c053e2
1.0,1.0,1.0,0.82390260249123,2021.07.09.15.53.28_veh-38_00184_02293,1.0,7839474c20db600a764583dee2be7b7afb2b59ebd376c4d70f2d8192df39ec11,planner_dev1696_baseline,0.9266260843713457,ok,1.0,06c973b2073057ab
1.0,1.0,1.0,1.0,2021.07.09.15.53.28_veh-38_00184_02293,1.0,39650432f07d514bf01ca514414f2467026e4f72ed89dcaa42529841aa78954d,planner_dev1696_baseline,1.0,ok,1.0,06f9275753de5cb6
1.0,1.0,1.0,1.0,2021.07.09.15.53.28_veh-38_00184_02293,1.0,c2e4bcff08330cf18174534476df4e34d544cca76ae7ee639301a47632f5eb5d,planner_dev1696_baseline,1.0,ok,1.0,07667d039f5755fc
1.0,1.0,1.0,0.7716793705131474,2021.07.09.15.53.28_veh-38_00184_02293,1.0,bf90580900c339de83ac48eefafb3af505caa8c788cccb678e75fd1760a7002b,planner_dev1696_baseline,0.904866404380478,ok,1.0,0818730194515784
1.0,1.0,1.0,1.0,2021.07.09.15.53.28_veh-38_00184_02293,1.0,a23624a91d4e1069cf4ce88ac791e017f70a0d6009f63bba4eb8ca131d84055c,planner_dev1696_baseline,1.0,ok,1.0,0845cc2551fa5e03
1.0,1.0,1.0,1.0,2021.07.09.15.53.28_veh-38_00184_02293,1.0,fe1dfd545f5cf2e7a9b5cc0441d59a6799b655ca55749cae1c70f76d0598a0ac,planner_dev1696_baseline,1.0,ok,1.0,08b90ea812f95157
1.0,1.0,1.0,1.0,2021.07.09.15.53.28_veh-38_00184_02293,1.0,02a7cd439f380e12391c336c5843023b1ed43ef6fcd753a5bad477b2de716af5,planner_dev1696_baseline,1.0,ok,1.0,08e86035c86c59cf
1.0,1.0,1.0,0.8633583480258527,2021.07.09.15.53.28_veh-38_00184_02293,1.0,d8bc65f13109f81bfc2a36aa3efd3eadfaf5666afa5b05820289dcb4b52bb807,planner_dev1696_baseline,0.9430659783441052,ok,1.0,08fef85e66fe56c4
1.0,1.0,1.0,0.9425259549670177,2021.07.09.15.53.28_veh-38_00184_02293,1.0,8dad9092a9ec87bd0c5f1b5b187acb5c08950e62e48381491c232583961abe08,planner_dev1696_baseline,0.9760524812362573,ok,1.0,0a508df3445152b0
1.0,1.0,1.0,0.8191002689048287,2021.07.09.15.53.28_veh-38_00184_02293,1.0,fe2e09eec957227c0fc2297155b97aab057c88d9fdf9d69c4a39a4458a722b5e,planner_dev1696_baseline,0.9246251120436786,ok,1.0,0b19cdb05d2c5e68
1.0,1.0,1.0,0.820826853848364,2021.07.09.15.53.28_veh-38_00184_02293,1.0,e30dc2cb41490a059f780cb861c527951d6133ad9f3c61f5ad7c722ce876268a,planner_dev1696_baseline,0.9253445224368183,ok,1.0,0b22e62e12cf5607
1.0,1.0,1.0,0.7422982951081841,2021.07.09.15.53.28_veh-38_00184_02293,1.0,c5fa166ccff55c156b1cbacf46b8c7dece8f1cd6b8c861ef7377f23694591c02,planner_dev1696_baseline,0.8926242896284101,ok,1.0,0b67d7e9536256af
1.0,1.0,1.0,1.0,2021.07.09.15.53.28_veh-38_00184_02293,1.0,bb2449e8c1701fcba2bb148de2f9318c52ce65a137d95e2f35125ab089fc7fbb,planner_dev1696_baseline,1.0,ok,1.0,0c6651f095895012
1.0,1.0,1.0,0.9567378968461876,2021.07.09.15.53.28_veh-38_00184_02293,1.0,92227b109f7aaf71bddb7168ae46051cbf9344a20bd81a47aaa518dab4357b56,planner_dev1696_baseline,0.9819741236859114,ok,1.0,0c71f6071ee054a8
1.0,1.0,1.0,1.0,2021.07.09.15.53.28_veh-38_00184_02293,1.0,fb4bf5dd2b12098a53ec2224998ddeb3e0d3cd08a4a2c652cbd68085a9be84ee,planner_dev1696_baseline,1.0,ok,1.0,0ce992b41b7854f8
1.0,1.0,1.0,0.7007041783423144,2021.07.09.15.53.28_veh-38_00184_02293,1.0,48c74ac970e981ff4fd85c2f5967eebf4f3e50a8cddf2b76864fde723c6503ad,planner_dev1696_baseline,0.875293407642631,ok,1.0,0daae1bedaae53c5
1.0,1.0,1.0,0.918656889167009,2021.07.09.15.53.28_veh-38_00184_02293,1.0,1a414034db548ab48c3f731ed83eba56730ca5cd827bdfdca9319083b943f841,planner_dev1696_baseline,0.9661070371529205,ok,1.0,0ee4062c48cc50d9
1.0,1.0,1.0,1.0,2021.07.09.15.53.28_veh-38_00184_02293,1.0,8a40f0b96f9c1d093d5322640ef141bcf644f78d329d4f954d135d0d30f934da,planner_dev1696_baseline,1.0,ok,1.0,0f4042e7f1995020
1.0,1.0,1.0,1.0,2021.07.09.15.53.28_veh-38_00184_02293,1.0,0c2fcf6b40c24729a8d751b58bb4fc8df624fce178380b912265df5f23fe6b94,planner_dev1696_baseline,1.0,ok,1.0,0fb7c8347ef25535
1.0,1.0,1.0,0.7079496495937256,2021.07.09.15.53.28_veh-38_00184_02293,1.0,00f88ebedcbe7b435e237c92ebefbf842a53eaff0d13fb0f7414fd4ab9fc2e14,planner_dev1696_baseline,0.8783123539973857,ok,1.0,100ed6de0208550f
1.0,1.0,1.0,0.8381812759160274,2021.07.09.15.53.28_veh-38_00184_02293,1.0,0acdeb6fbebd5f3536bcf7bd59f1711ff1dba65422d266953ae3b3c3756ad102,planner_dev1696_baseline,0.9325755316316782,ok,1.0,10b7dc9bd96e550a
1.0,1.0,1.0,0.8671239494308068,2021.07.09.15.53.28_veh-38_00184_02293,1.0,74c35efa3c7cf95df589c174edae00118256366ff6f4be4d957326b477e3e1a9,planner_dev1696_baseline,0.9446349789295029,ok,1.0,10f0de18ec3d5c9f
1.0,1.0,1.0,0.9490586353914803,2021.07.09.15.53.28_veh-38_00184_02293,1.0,c18d6d8f041cc9125909e2dc4ff5e81f087aee2f283ca5c4d6c1b046de9a92c1,planner_dev1696_baseline,0.9787744314131168,ok,1.0,10f2a63b52ff556a
1.0,1.0,1.0,0.918315519832881,2021.07.09.15.53.28_veh-38_00184_02293,1.0,9fc9f7d0241967dd39d7db5b43f12d756f81e637d300de5eb6421aed252a61f9,planner_dev1696_baseline,0.965964799930367,ok,1.0,114020a7beaf5151
1.0,1.0,1.0,0.7755163981611655,2021.07.09.15.53.28_veh-38_00184_02293,1.0,d603d2255b6b9449a4bcf8faf7443e7cb0f0333fad571563d827d448131975ee,planner_dev1696_baseline,0.9064651659004856,ok,1.0,1150ab6954775965
1.0,1.0,1.0,1.0,2021.07.09.15.53.28_veh-38_00184_02293,1.0,1f9bd5689b788aa4636db8aaac4cd51d33f66803f034c9f9ef2e513661a9856d,planner_dev1696_baseline,1.0,ok,1.0,11fb8402c7ed5f38
1.0,1.0,1.0,1.0,2021.07.09.15.53.28_veh-38_00184_02293,1.0,3cca819428eae695be1912956ddcba0cba764aec76b3057d235f52b057b3e3f6,planner_dev1696_baseline,1.0,ok,1.0,1201ef26669d52b5
1.0,1.0,1.0,1.0,2021.07.09.15.53.28_veh-38_00184_02293,1.0,3826b4ff50c0d88dec119eab807667d5b9a5515d9ec0eaafeac7c0c2448e903f,planner_dev1696_baseline,1.0,ok,1.0,122bed8802a05ae2
1.0,1.0,1.0,0.9392548975690425,2021.07.09.15.53.28_veh-38_00184_02293,1.0,96794869becddfe0430187f3ad9a10aaae000075d078c44354382fd52a4106bd,planner_dev1696_baseline,0.9746895406537677,ok,1.0,12529e1e5d23525d
1.0,1.0,1.0,0.8519594856573603,2021.07.09.15.53.28_veh-38_00184_02293,1.0,60af774d55a5dd9394854cbd417724a861bd68ea1c2139a44574f0c158e5727d,planner_dev1696_baseline,0.9383164523572335,ok,1.0,12927478268a52a7
1.0,1.0,1.0,0.8380938798231558,2021.07.09.15.53.28_veh-38_00184_02293,1.0,1da534495a0f8cb9f58ba6e8e883572b2b1dab5629fb67107abccef4feee1efd,planner_dev1696_baseline,0.9325391165929816,ok,1.0,12a303e7e3b85492
1.0,1.0,1.0,1.0,2021.07.09.15.53.28_veh-38_00184_02293,1.0,5abc6a69ad4be7e27ebbc79cba5d5f07100ddd7428e7d2c2c335072c3d18e3a2,planner_dev1696_baseline,1.0,ok,1.0,157d3b777d315364
1.0,1.0,1.0,0.9290472800652062,2021.07.09.15.53.28_veh-38_00184_02293,1.0,31cee4b250111246d2c6491515cec06eb7bb4e9751d14d28f20aaf6dc5f5f279,planner_dev1696_baseline,0.9704363666938359,ok,1.0,160b363bd86953af
1.0,1.0,1.0,1.0,2021.07.09.15.53.28_veh-38_00184_02293,1.0,813d6103ca0a633285a362dd184e503976f47217fc893faf9a0c9acc784e228b,planner_dev1696_baseline,1.0,ok,1.0,166f157b4b935a1e
1.0,1.0,1.0,1.0,2021.07.09.15.53.28_veh-38_00184_02293,1.0,df6a2084fed39e8f45f741bff3072bb0e48d5e6c156349902213029c9839a2eb,planner_dev1696_baseline,1.0,ok,1.0,16a726067f77532d
1.0,1.0,1.0,0.8276370156159392,2021.07.09.15.53.28_veh-38_00184_02293,1.0,255169d9a988f91d28a24346894a9cd2e6fd1e490d39db3b1bfe8c61af61f394,planner_dev1696_baseline,0.9281820898399746,ok,1.0,17184a5491105047
1.0,1.0,1.0,1.0,2021.07.09.15.53.28_veh-38_00184_02293,1.0,abcb26ebcc80d903ba1b3b0346e20ee18238a655e2a423d3039c179db5988da7,planner_dev1696_baseline,1.0,ok,1.0,173ff7e858e65a62
1.0,1.0,1.0,1.0,2021.07.09.15.53.28_veh-38_00184_02293,1.0,8b94cf679f03f4ebf931c58645f77caa3dda3cc8a5b3a5beaf2b5c4a4949afe1,planner_dev1696_baseline,1.0,ok,1.0,17b43b911252571c
1.0,1.0,1.0,1.0,2021.07.09.15.53.28_veh-38_00184_02293,1.0,2c88bf4919149370063043e644f6f010d080c18c02af6690e2f782935476a5c5,planner_dev1696_baseline,1.0,ok,1.0,187e7d991c2f5f40
1.0,1.0,1.0,1.0,2021.07.09.15.53.28_veh-38_00184_02293,1.0,615a153b49f9e0c6202989ce4fc509592637a715a5a22c0f69b05bc3c4269736,planner_dev1696_baseline,1.0,ok,1.0,19ab8e323ac35fe4
1.0,1.0,1.0,0.8853794128575819,2021.07.09.15.53.28_veh-38_00184_02293,1.0,81782faae289989c3b6304fd9e7ec43836cde9772102f459daec073a41f03c3e,planner_dev1696_baseline,0.9522414220239925,ok,1.0,1a3449b28c115162
1.0,1.0,1.0,0.954070305560685,2021.07.09.15.53.28_veh-38_00184_02293,1.0,21dc2828e20943ed95fb26395a57836adaa7f0847ba77bb1adf403a2cd1f7dae,planner_dev1696_baseline,0.980862627316952,ok,1.0,1afe562ad29b5222
1.0,1.0,1.0,1.0,2021.07.09.15.53.28_veh-38_00184_02293,1.0,2703a3d0b44db2d28b9cadc9b112efab7a6e747945d74d2d788f37fb4d8fa9af,planner_dev1696_baseline,1.0,ok,1.0,1c773439ca9d5158
1.0,1.0,1.0,0.9038835926256844,2021.07.09.15.53.28_veh-38_00184_02293,1.0,7f08ab5309ea8f91d8a40e2e5e825c483c29cf36bce713611e57bdae3dd16177,planner_dev1696_baseline,0.9599514969273685,ok,1.0,1d190091101d5d75
1.0,1.0,1.0,0.8572351494278864,2021.07.09.15.53.28_veh-38_00184_02293,1.0,b537a409414825c861890e9bf9bbefaa9ca56bcd77af395ee65a13b11eb9b4ec,planner_dev1696_baseline,0.9405146455949526,ok,1.0,1d5c498a699a59e8
1.0,1.0,1.0,0.7853450146351346,2021.07.09.15.53.28_veh-38_00184_02293,1.0,c0cb17ab62effc33015e1eb1959fd722ed2d52ae39059a11c669b28d97f3799e,planner_dev1696_baseline,0.9105604227646394,ok,1.0,1d7f9f198e0c57bc
1.0,1.0,1.0,0.8548040398217598,2021.07.09.15.53.28_veh-38_00184_02293,1.0,852764be24df9590b56d6fc3b3c40ce8efdcc3395482e2b2e3e35db2a3b2ad27,planner_dev1696_baseline,0.9395016832590666,ok,1.0,1f6b057612b05e65
1.0,1.0,1.0,0.9254155162683874,2021.07.09.15.53.28_veh-38_00184_02293,1.0,581c6147d232db3c75f93b968021a053cb9a4c50abeae1a0f6dfe6bd580842cd,planner_dev1696_baseline,0.9689231317784947,ok,1.0,1f9f230417e15e61
1.0,1.0,1.0,1.0,2021.07.09.15.53.28_veh-38_00184_02293,1.0,e69a4d9ae8c5e5ef74b6f24804d8e1f0e1b608d278f3b11962a0e57032db6dca,planner_dev1696_baseline,1.0,ok,1.0,2086208681525f54
1.0,1.0,1.0,1.0,2021.07.09.15.53.28_veh-38_00184_02293,1.0,0e7b81e9b82729a5b8abf659aaed0dda59a2e249f4fb34398511b033c08e1071,planner_dev1696_baseline,1.0,ok,1.0,208c2da460fa56a1
1.0,1.0,1.0,0.8302758829025486,2021.07.09.15.53.28_veh-38_00184_02293,1.0,9db9fba3d77a9c807df4edc1dd90beb0e0f7642c61eeb98920c9ecdcb91b7e8c,planner_dev1696_baseline,0.9292816178760619,ok,1.0,20e59db136d85ccd
1.0,1.0,1.0,0.9203522119316729,2021.07.09.15.53.28_veh-38_00184_02293,1.0,72dfd60ca4abcb5ef907f7574f972852aa5ab0ecd159db76298b7279098c72b1,planner_dev1696_baseline,0.9668134216381971,ok,1.0,2138f8abf5aa5086
1.0,1.0,1.0,1.0,2021.07.09.15.53.28_veh-38_00184_02293,1.0,ed6072546fac9f753fb031a0314f1578e902821cfe7a90b5df6d5444a9a68158,planner_dev1696_baseline,1.0,ok,1.0,213d831946e758b5
1.0,1.0,1.0,0.8668605697781102,2021.07.09.15.53.28_veh-38_00184_02293,1.0,df3a09771cadb11f01aeda284cee3a9aac035a53a29c6c453e36d0d2eff2436b,planner_dev1696_baseline,0.944525237407546,ok,1.0,219791f316b25308
1.0,1.0,1.0,0.9415942122785498,2021.07.09.15.53.28_veh-38_00184_02293,1.0,9b5fdba6a34f00b72a79088573714c889c02a744be79a222e77bae4eb741646c,planner_dev1696_baseline,0.9756642551160625,ok,1.0,21b0e617e7895ac7
1.0,1.0,1.0,0.9316224826010452,2021.07.09.15.53.28_veh-38_00184_02293,1.0,6c95861f3fde6fd3c3b82bc58646cd1cbfe422fa7d4c82ef1ccd79a533be3580,planner_dev1696_baseline,0.9715093677504355,ok,1.0,21c0033d52fd5d2e
1.0,1.0,1.0,1.0,2021.07.09.15.53.28_veh-38_00184_02293,1.0,668b7be8fb843e12141410a9d67dedb1228c7edf5a93f0d921c8ea0208a2fdd1,planner_dev1696_baseline,1.0,ok,1.0,2289e9f520ca5cb5
1.0,1.0,1.0,1.0,2021.07.09.15.53.28_veh-38_00184_02293,1.0,6a50a5afff4b0d5a4d7c9b039c3b9cdad38095c97cf822a7513ef2ff49665d27,planner_dev1696_baseline,1.0,ok,1.0,2326cface78153de
1.0,1.0,1.0,1.0,2021.07.09.15.53.28_veh-38_00184_02293,1.0,333eb7e8adce2acfb4be592ff8c2194d86426279207d30b267ea60aec066a1eb,planner_dev1696_baseline,1.0,ok,1.0,2376051bafd45146
1.0,1.0,1.0,0.7831829616793348,2021.07.09.15.53.28_veh-38_00184_02293,1.0,9a8da875561321d84d8d7998d8ad3ef333eb58c03ef38f2d6431c1201c7f5c07,planner_dev1696_baseline,0.9096595673663895,ok,1.0,23c7e87c04f759c9
1.0,1.0,1.0,1.0,2021.07.09.15.53.28_veh-38_00184_02293,1.0,eb1a5e97f040a5a31bfc5ca8dbdb3269898d5b68aa879e81816f043834018635,planner_dev1696_baseline,1.0,ok,1.0,2406f00812785216
1.0,1.0,1.0,1.0,2021.07.09.15.53.28_veh-38_00184_02293,1.0,83278072e29620453755a89f007f87961026d1d3b01da693e31d64bc80b1d4c0,planner_dev1696_baseline,1.0,ok,1.0,243432f80b85567a
1.0,1.0,1.0,1.0,2021.07.09.15.53.28_veh-38_00184_02293,1.0,b0e3bb8b6d7f657c5aaa83e687bee497dc9390fd658af75b04df7baa353eb3cd,planner_dev1696_baseline,1.0,ok,1.0,24c57bb0eceb546a
1.0,1.0,1.0,1.0,2021.07.09.15.53.28_veh-38_00184_02293,1.0,144e593f204f9c605e709198451ea541795ea1db84343eb1f0a54aa5c168b21d,planner_dev1696_baseline,1.0,ok,1.0,24f6ff800c7758e8
1.0,1.0,1.0,0.949240161182493,2021.07.09.15.53.28_veh-38_00184_02293,1.0,b99b721858b19f8b25353f695ef8beb7b806be692904b942bb8ab96358aeb596,planner_dev1696_baseline,0.9788500671593722,ok,1.0,2518c058a2765f66
1.0,1.0,1.0,1.0,2021.07.09.15.53.28_veh-38_00184_02293,1.0,54fe6eb33baeddb09d8c0b360ee6c83a8262dd93032830b1ce49d95b3afee8db,planner_dev1696_baseline,1.0,ok,1.0,25b3e3f15fcc5058
1.0,1.0,1.0,1.0,2021.07.09.15.53.28_veh-38_00184_02293,1.0,26a7ed85a762e107377a97249617b4a2e08f2358b86c7927d34292bfa16108f2,planner_dev1696_baseline,1.0,ok,1.0,263e3ce08f7e5a9e
1.0,1.0,1.0,1.0,2021.07.09.15.53.28_veh-38_00184_02293,1.0,501e9fae72292d18fb86a22065a39c74662220735b999e1bcbf863b772562692,planner_dev1696_baseline,1.0,ok,1.0,2660a8dfda2a550d
1.0,1.0,1.0,0.8395988658823444,2021.07.09.15.53.28_veh-38_00184_02293,1.0,d2e13ad7e477b59e3b9891270e1bfbc7199a5278d6a6a2dd42e5f3bdd03e4136,planner_dev1696_baseline,0.9331661941176436,ok,1.0,276846ef566e5945
1.0,1.0,1.0,1.0,2021.07.09.15.53.28_veh-38_00184_02293,1.0,6fb0a9e88bbc7694bcfc55136c2031cbc38d6e569f45e4ef5b4ef8929e9e79e2,planner_dev1696_baseline,1.0,ok,1.0,27d7adfa2e2d541b
1.0,1.0,1.0,1.0,2021.07.09.15.53.28_veh-38_00184_02293,1.0,454530ba5e0a01a9b87cfb3037aa9c64444284b6c33e9f350d3fbb7a2dff45af,planner_dev1696_baseline,1.0,ok,1.0,27df9e405dfa51cf
1.0,0.0,1.0,0.0,2021.07.09.15.53.28_veh-38_00184_02293,1.0,54501e5a0a4f2c3c9025206bbb880cd2a64bda3a19ae229097c6e5b74d0d8fa5,planner_dev1696_baseline,0.0,ok,1.0,2836a66135315e7f
1.0,1.0,1.0,1.0,2021.07.09.15.53.28_veh-38_00184_02293,1.0,b5b20c740a7e48ee7329deaf117417216a187d0213a0307cffeeca6cc5dc6458,planner_dev1696_baseline,1.0,ok,1.0,293144d2f3ec5131
1.0,1.0,1.0,1.0,2021.07.09.15.53.28_veh-38_00184_02293,1.0,67cae03ecd18b18a4bbde42f0b3b1e8ade185e141f2505af058332b232623649,planner_dev1696_baseline,1.0,ok,1.0,2962782cdb8e59b1
1.0,1.0,1.0,1.0,2021.07.09.15.53.28_veh-38_00184_02293,1.0,bafb04441e52908b5a8ecd049e41352522f87d05badcac09cf625f0a9678a331,planner_dev1696_baseline,1.0,ok,1.0,297c4fe13c4c5640
1.0,1.0,1.0,1.0,2021.07.09.15.53.28_veh-38_00184_02293,1.0,fcba57cab7b5815aee72a386425b6ad5e2c20fff3368790a9ca215230f4bcd8a,planner_dev1696_baseline,1.0,ok,1.0,2999ded848495d55
1.0,1.0,1.0,0.7869520060735764,2021.07.09.15.53.28_veh-38_00184_02293,1.0,e9252a4b339c6043b7b8eb7dff87e757422b9d9514bd5b42f3c2a35d6650fef3,planner_dev1696_baseline,0.9112300025306569,ok,1.0,2add9922dc495e95
1.0,1.0,1.0,0.9003321110110021,2021.07.09.15.53.28_veh-38_00184_02293,1.0,4a9fa852eb6840355931b4d9452d5372579908a61ae26767e442c5e236efb97c,planner_dev1696_baseline,0.9584717129212509,ok,1.0,2bade763a35e571a
1.0,1.0,1.0,1.0,2021.07.09.15.53.28_veh-38_00184_02293,1.0,8dbdea0fed90f8880f2118bb26a90eec7b1e6dac3a30ce818e3f164b2b42235d,planner_dev1696_baseline,1.0,ok,1.0,2c1db842cc915519
1.0,1.0,1.0,1.0,2021.07.09.15.53.28_veh-38_00184_02293,1.0,37a8a42765b082c6dd7ede32c4d594917226f788fd3583f86c8b5a9bdb73d0ac,planner_dev1696_baseline,1.0,ok,1.0,2d903e0fb16154d9
1.0,1.0,1.0,1.0,2021.07.09.15.53.28_veh-38_00184_02293,1.0,bdc92bba8cb6b9f15388c71f1a5c2e11e92630f90287a13dd45cd4463a909507,planner_dev1696_baseline,1.0,ok,1.0,2d9e55899f36514b
1.0,1.0,1.0,0.8544299174331247,2021.07.09.15.53.28_veh-38_00184_02293,1.0,0fe71bfb9d7ae0fbd0b0d1ecd9dd4f4a3cf1da6a09d172c5adfa8b14cd0dbfc5,planner_dev1696_baseline,0.9393457989304687,ok,1.0,2da0a5236af95e03
1.0,1.0,1.0,0.9119168853612276,2021.07.09.15.53.28_veh-38_00184_02293,1.0,a1b5a60c521768ea5af2467409155752d0efa1fb2c55bbfaf251ab9dee2c1b4d,planner_dev1696_baseline,0.9632987022338448,ok,1.0,2f096c8bde855396
1.0,1.0,1.0,1.0,2021.07.09.15.53.28_veh-38_00184_02293,1.0,5c9633779aeb833c589815b57c6f533c4fa5c51b9ae2660cd69def40e2afeca4,planner_dev1696_baseline,1.0,ok,1.0,2f2535fbdd395025
1.0,1.0,1.0,0.8062297214502784,2021.07.09.15.53.28_veh-38_00184_02293,1.0,09703c44810ea79b603ba2f6424cfedd259e4bd85b6566f856d25416cc17376f,planner_dev1696_baseline,0.9192623839376161,ok,1.0,308b33a531c35c7a
1.0,1.0,1.0,0.9152259042161088,2021.07.09.15.53.28_veh-38_00184_02293,1.0,069c77c3babf1bac78952cce3d0affc838ac15e4744f32ddfad916139c745e3b,planner_dev1696_baseline,0.9646774600900453,ok,1.0,309d25c4b0535a45
1.0,1.0,1.0,1.0,2021.07.09.15.53.28_veh-38_00184_02293,1.0,1c99afb2e1e9f572ddf33957163d9fef20d6f0e35edda1814ded54d7e380659e,planner_dev1696_baseline,1.0,ok,1.0,313b06564bf854e4
1.0,1.0,1.0,0.8262921118473631,2021.07.09.15.53.28_veh-38_00184_02293,1.0,d1d62031f4e4ff6e7691a64bbf8133960262a0dff2e0c0a5861533058f837ccc,planner_dev1696_baseline,0.9276217132697346,ok,1.0,321512a956a25984
1.0,1.0,1.0,0.8491104208981562,2021.07.09.15.53.28_veh-38_00184_02293,1.0,634db48ea011eeba23b8243b43618de711514e79aa3a82c0e897612cc3203b07,planner_dev1696_baseline,0.9371293420408984,ok,1.0,34ccd8a9f6eb525f
1.0,1.0,1.0,1.0,2021.07.09.15.53.28_veh-38_00184_02293,1.0,a39e763b717ca305b8be9e50ace43ccf6c8711d02474eb7736c8214e42e2c690,planner_dev1696_baseline,1.0,ok,1.0,34d91cf9391650ff
1.0,1.0,1.0,0.6764404540974623,2021.07.09.15.53.28_veh-38_00184_02293,1.0,85216b2ee480474ed01a6e5d9e6d58efb1804c64809549c741fb58afaccd847d,planner_dev1696_baseline,0.8651835225406094,ok,1.0,35fa5b32dd805853
1.0,1.0,1.0,0.6212173194518755,2021.07.09.15.53.28_veh-38_00184_02293,1.0,91aea0348e3cd9563ad03f5a058081b5f9c1954853f387baefa86ad03a70990e,planner_dev1696_baseline,0.8421738831049481,ok,1.0,3670adfe926f58a0
1.0,1.0,1.0,0.9311591144085875,2021.07.09.15.53.28_veh-38_00184_02293,1.0,8fe1325a402ccb9e24ec49aa4fe1fe6863994703a64edcd202417a57c807c5dc,planner_dev1696_baseline,0.9713162976702447,ok,1.0,367be156a8a05da3
1.0,1.0,1.0,0.599108577286155,2021.07.09.15.53.28_veh-38_00184_02293,1.0,e2cf39d8dada00c3eeef2bb078c25842e3f536f0a4b384ae6c213ed65d02fded,planner_dev1696_baseline,0.8329619072025646,ok,1.0,36a8cfb3a3f05f1d
1.0,1.0,1.0,1.0,2021.07.09.15.53.28_veh-38_00184_02293,1.0,780a35dddc3b172c4da34d9f15fc012b2f11692dd9ea0f3594147d13d61eb6f6,planner_dev1696_baseline,1.0,ok,1.0,3756eb6991b05447
1.0,1.0,1.0,0.6878310261514917,2021.07.09.15.53.28_veh-38_00184_02293,1.0,14bc12b414a85f493f21c36983ba6411892aa27711000f8b431c10271afdb5b6,planner_dev1696_baseline,0.8699295942297883,ok,1.0,375752a086d35d43
1.0,1.0,1.0,1.0,2021.07.09.15.53.28_veh-38_00184_02293,1.0,c6125a1c4431771cb9c055d74f8e649d5e5d442ed7d0c74167aac392a2c71884,planner_dev1696_baseline,1.0,ok,1.0,3898b733bbd9584b
1.0,1.0,1.0,0.8334518071758052,2021.07.09.15.53.28_veh-38_00184_02293,1.0,0c0974ce62f88e7d2ddf931bd6eac5ebb54bcbab01941c2207346e7ae91d5e87,planner_dev1696_baseline,0.9306049196565856,ok,1.0,38b30ef31fcf5fa7
1.0,1.0,1.0,0.7983999364945825,2021.07.09.15.53.28_veh-38_00184_02293,1.0,51a9e065462e29b555700db245bf6adde608130d816843e4be0444ea42797119,planner_dev1696_baseline,0.9159999735394093,ok,1.0,38c5e5d2250f5c35
1.0,1.0,0.0,0.822467583931464,2021.07.09.15.53.28_veh-38_00184_02293,1.0,c5a1115cc521c7a6df315640440bcc5e63ae8ee91a208f86c3073f2ffe767a83,planner_dev1696_baseline,0.9260281599714434,ok,1.0,38fd20139a7c5e3b
1.0,1.0,1.0,0.7703301302879378,2021.07.09.15.53.28_veh-38_00184_02293,1.0,b1f6db764cc0bb2f7f9126e6d61ee5fd1f011aee0174c88e97680bc808842c48,planner_dev1696_baseline,0.9043042209533074,ok,1.0,391be454a99b54ff
1.0,1.0,1.0,0.899166483143614,2021.07.09.15.53.28_veh-38_00184_02293,1.0,5ddc8930e23ac559d5c8e44a32165725509f2ecf79f58fa61fc30268e284496c,planner_dev1696_baseline,0.9579860346431724,ok,1.0,39940790a4e65d88
1.0,1.0,1.0,1.0,2021.07.09.15.53.28_veh-38_00184_02293,1.0,d219e8da5edf74057c3b5e72d34d8b349d21468fb132ac5754edb5f759c227fc,planner_dev1696_baseline,1.0,ok,1.0,39b992f840615959
1.0,1.0,1.0,0.9075508037675687,2021.07.09.15.53.28_veh-38_00184_02293,1.0,0bf158ec529800a872874a5347b7c1f3591cacc7995b75fb47177c2f1f37bcdb,planner_dev1696_baseline,0.9614795015698204,ok,1.0,39c553550c3a5111
1.0,1.0,1.0,0.909294042947954,2021.07.09.15.53.28_veh-38_00184_02293,1.0,90071070fb796775a49925d26b650f6b17189070623d10cede97683ac0d9f678,planner_dev1696_baseline,0.9622058512283141,ok,1.0,3cabdd7617765132
1.0,1.0,1.0,1.0,2021.07.09.15.53.28_veh-38_00184_02293,1.0,9b0cd57de2f41e4640d58b8b1320ef2c19d005a1ed97082035228d7fb9c9df3a,planner_dev1696_baseline,0.5833333333333334,ok,0.0,3d1c606df74c5140
1.0,1.0,1.0,1.0,2021.07.09.15.53.28_veh-38_00184_02293,1.0,919ba1f33ff2352e93ab84278bd7055acb22e6a0965756940c58eb7e4d178de0,planner_dev1696_baseline,1.0,ok,1.0,3d2dfc0d66f65d40
1.0,1.0,1.0,1.0,2021.07.09.15.53.28_veh-38_00184_02293,1.0,0f7b9fa3337940af40422bf805a608a736ee6a519ae36244e8eb9ecc49cf5bd8,planner_dev1696_baseline,1.0,ok,1.0,3d9a843bb43355c8
1.0,1.0,1.0,0.921325060633905,2021.07.09.15.53.28_veh-38_00184_02293,1.0,ae1c7945d371e0f0f9e964fae6f77583060be9ef85c75912fa6f0fc9e2dfa0dc,planner_dev1696_baseline,0.967218775264127,ok,1.0,3dee1555ce6f55fb
1.0,1.0,1.0,1.0,2021.07.09.15.53.28_veh-38_00184_02293,1.0,0e33326c6ba69cc9ea87f79e409180352827ad902a5a00f6d05ec6da3aed533b,planner_dev1696_baseline,1.0,ok,1.0,3df10ba27fc150ed
1.0,1.0,1.0,1.0,2021.07.09.15.53.28_veh-38_00184_02293,1.0,417de46de9c9fdabb46f0808c68125da94a374e260a493e30236171e159b278a,planner_dev1696_baseline,1.0,ok,1.0,3e0257f56dbc5db0
1.0,1.0,1.0,0.9472134511137784,2021.07.09.15.53.28_veh-38_00184_02293,1.0,e34bece0686519e8894d06f39f8ad93dc8d32cd51b092e246ca2811e7a5a37cb,planner_dev1696_baseline,0.978005604630741,ok,1.0,3e34460024d45739
1.0,1.0,1.0,0.9149350005908188,2021.07.09.15.53.28_veh-38_00184_02293,1.0,7d0a6fef0c7a99083fa31502415f90f91a3d8ab8d31bf81b1ae24c9e06c1d66e,planner_dev1696_baseline,0.9645562502461745,ok,1.0,3e9b3b4c0fa85ceb
1.0,1.0,1.0,1.0,2021.07.09.15.53.28_veh-38_00184_02293,1.0,3505156cd87cc0430e66e4c7691224d13510f1e44707590d7e0ea55f2b138819,planner_dev1696_baseline,1.0,ok,1.0,3ea3416c97095653
1.0,1.0,1.0,1.0,2021.07.09.15.53.28_veh-38_00184_02293,1.0,089930d8c533f7e84f1e4d7b9382184c6ecdc7c52b0a19668c59948ced1e6482,planner_dev1696_baseline,1.0,ok,1.0,3eca216626d256b3
1.0,1.0,1.0,1.0,2021.07.09.15.53.28_veh-38_00184_02293,1.0,d2071cfcc19347c5ddd86236ab14c99cdcd5754cfe6a5d75510c8aa1596c2f99,planner_dev1696_baseline,1.0,ok,1.0,3f19c7116880578a
1.0,1.0,1.0,1.0,2021.07.09.15.53.28_veh-38_00184_02293,1.0,9702c2987d1e8f121eb3d0094f90152a09b49a344815a91399699b62109a2377,planner_dev1696_baseline,1.0,ok,1.0,3fdb06fa757c5bc4
1.0,1.0,1.0,0.9238913299349452,2021.07.09.15.53.28_veh-38_00184_02293,1.0,852ab724fdebe98d3560e5871086c21504611baf5911ced2a16c8f80c485f912,planner_dev1696_baseline,0.9682880541395605,ok,1.0,403a5dbfac5e5dc0
1.0,1.0,1.0,0.7949719192459619,2021.07.09.15.53.28_veh-38_00184_02293,1.0,42c90ab076f83dadefa80b50c48a1a2058785468d9a99c01fdd264417f614280,planner_dev1696_baseline,0.9145716330191508,ok,1.0,40f9eae0b93e5fa4
1.0,1.0,1.0,0.9223010613247573,2021.07.09.15.53.28_veh-38_00184_02293,1.0,fdd462333f62fbe2a6403383e296b12eace838602cb0bac304cd976145e20509,planner_dev1696_baseline,0.9676254422186489,ok,1.0,41c88af990a15d28
1.0,1.0,1.0,1.0,2021.07.09.15.53.28_veh-38_00184_02293,1.0,9c18e0f7b924c8d521d4542a96be0c0caa4a9af626a806be6effbf322fe42df3,planner_dev1696_baseline,1.0,ok,1.0,426ed461133659f6
1.0,1.0,1.0,1.0,2021.07.09.15.53.28_veh-38_00184_02293,1.0,a86c69ede3fa2f50980b3add8bc5edb61bdb8c500d8f9a8e4670be89ffbc89f4,planner_dev1696_baseline,1.0,ok,1.0,430e3153311b5792
1.0,1.0,0.5,1.0,2021.07.09.15.53.28_veh-38_00184_02293,1.0,b89bfc870076c60da44012e627d522154034e5bba497160f91cd575992cc044f,planner_dev1696_baseline,1.0,ok,1.0,43780b9368175ad1
1.0,1.0,1.0,0.7499247594454858,2021.07.09.15.53.28_veh-38_00184_02293,1.0,92fc8edc6894e645fa04daf57022cd899723f54847a242b1e771834aeef3c49d,planner_dev1696_baseline,0.8958019831022858,ok,1.0,450824ec3ef35679
1.0,1.0,1.0,1.0,2021.07.09.15.53.28_veh-38_00184_02293,1.0,9798bec4824c9e868e3ae4223f5bd57a8b79f1d66cceaddaf383beb90aa660d0,planner_dev1696_baseline,1.0,ok,1.0,451778af83945a84
1.0,1.0,0.0,1.0,2021.07.09.15.53.28_veh-38_00184_02293,1.0,455e5d8743c75112b3cff490f8b1a9ccb5d10db4e428858f9b45cce7768d0098,planner_dev1696_baseline,1.0,ok,1.0,4531dcdda8b55e7e
1.0,1.0,1.0,0.6171667020003496,2021.07.09.15.53.28_veh-38_00184_02293,1.0,d617915ff41658c6990269281e5ae4707956e49d750cbaeb96175286fbd9d64d,planner_dev1696_baseline,0.840486125833479,ok,1.0,454730f7ec7a53d5
1.0,1.0,1.0,1.0,2021.07.09.15.53.28_veh-38_00184_02293,1.0,78f782fd7fd9ac82f41d8219566f0fde98905b8d6accae993872f8cedfab31a0,planner_dev1696_baseline,1.0,ok,1.0,455a180c084a5fe3
1.0,1.0,1.0,0.9616375404841082,2021.07.09.15.53.28_veh-38_00184_02293,1.0,0a4a651c9a0fc151e8ad48006238ccd175f008a1238e071abebda7feaa10ce98,planner_dev1696_baseline,0.9840156418683784,ok,1.0,4654d4efac165b55
1.0,1.0,1.0,1.0,2021.07.09.15.53.28_veh-38_00184_02293,1.0,1c7b565f3d96dcc9a6c8a7be582f613877613279e0ecd938e14469369890d901,planner_dev1696_baseline,1.0,ok,1.0,46f4df809f995260
1.0,1.0,1.0,0.7817849083230395,2021.07.09.15.53.28_veh-38_00184_02293,1.0,71d2807398a860daa20a26cd25805f5f3c727b254dbe90034970b62e6a93d84a,planner_dev1696_baseline,0.9090770451345999,ok,1.0,4761f5676fad5760
1.0,1.0,1.0,0.8034506425674314,2021.07.09.15.53.28_veh-38_00184_02293,1.0,dc736bff401d1569580fbc6efa50a5adf9c8cbe6f5eb9a1839674c9639927a28,planner_dev1696_baseline,0.9181044344030965,ok,1.0,4800b224fabb56f2
1.0,1.0,1.0,1.0,2021.07.09.15.53.28_veh-38_00184_02293,1.0,7f916c24ab44ecf0ca470336d1bd4db898a1a8d65b1ba91ffdb8fdba4af29ac4,planner_dev1696_baseline,1.0,ok,1.0,48e72666aed858f6
1.0,1.0,0.0,1.0,2021.07.09.15.53.28_veh-38_00184_02293,1.0,a42ae7a405408d887424caf8011d9e9d808570d8c1c3f2347a3a64977977140c,planner_dev1696_baseline,1.0,ok,1.0,49de524392295e5e
1.0,1.0,1.0,0.9459268151875332,2021.07.09.15.53.28_veh-38_00184_02293,1.0,438d48970c6efe96d70d4eae99abe34db4963e53ff6dd6ac9688963ad0e22b31,planner_dev1696_baseline,0.9774695063281388,ok,1.0,4a0f91eff7365a83
1.0,1.0,1.0,0.957881353011037,2021.07.09.15.53.28_veh-38_00184_02293,1.0,238a58b0855371e9d935c0d7ad12b457bd163bd705a162b17d95efd7907323ab,planner_dev1696_baseline,0.9824505637545987,ok,1.0,4b5083dbc8205fd4
1.0,1.0,1.0,1.0,2021.07.09.15.53.28_veh-38_00184_02293,1.0,6d06adf1d52d2c6dcd6d3a7a835ca4b59e1b1ca07d3f7aa2975b36d51d6ccd9b,planner_dev1696_baseline,1.0,ok,1.0,4bc9550363e85b1a
1.0,1.0,1.0,0.9599424560139743,2021.07.09.15.53.28_veh-38_00184_02293,1.0,be51084ed2ae6839d39afaf90df5a2e7e5188a1b5578ee6142cc5cc9f2c1b4af,planner_dev1696_baseline,0.9833093566724894,ok,1.0,4c93ba429cab5645
1.0,1.0,1.0,0.7283292389605903,2021.07.09.15.53.28_veh-38_00184_02293,1.0,8e42b4e2c4db9a7c670f322206d50e3859dc04b1c959b96b4736d1290de5151b,planner_dev1696_baseline,0.8868038495669127,ok,1.0,4d0eb0b583f853ff
1.0,1.0,1.0,0.9218278050546337,2021.07.09.15.53.28_veh-38_00184_02293,1.0,0cbc8618c3e752333a995ac2d8daea119466126c4c63226c14998db66bb229e5,planner_dev1696_baseline,0.9674282521060974,ok,1.0,4d134b35adf65ce9
1.0,1.0,1.0,1.0,2021.07.09.15.53.28_veh-38_00184_02293,1.0,48d94cd360705c8941411ba88c392ed406ab4329e0762c0c445b0d7a92186934,planner_dev1696_baseline,1.0,ok,1.0,4d3bbcab2f7e5b9c
1.0,1.0,1.0,0.9841826265078495,2021.07.09.15.53.28_veh-38_00184_02293,1.0,630d31789ac96c6b7e0d2faf9417071171ef0c30f7453125833080b5341c5feb,planner_dev1696_baseline,0.993409427711604,ok,1.0,4e6d17912b905e9e
1.0,1.0,0.0,0.9545480604933126,2021.07.09.15.53.28_veh-38_00184_02293,1.0,4832813397a46c65bbd05f2aba5d09227133d6889ce5fceb8c71d3fa7a39cbb9,planner_dev1696_baseline,0.9810616918722136,ok,1.0,4f1bb67e8f4356a0
1.0,1.0,1.0,0.5795283232864783,2021.07.09.15.53.28_veh-38_00184_02293,1.0,b35822db5fd917dbf0266b0c6b3ded7bafffb323f1412ced1f3bb9f74337c738,planner_dev1696_baseline,0.8248034680360327,ok,1.0,4f733785b3b35f8a
1.0,1.0,1.0,0.7770720539709186,2021.07.09.15.53.28_veh-38_00184_02293,1.0,a4fd9b3613c8da4b869d74351883850d0a118b7e77ac27e16100c4d2848199af,planner_dev1696_baseline,0.9071133558212162,ok,1.0,4f8295d76d505277
1.0,1.0,1.0,0.613151632672889,2021.07.09.15.53.28_veh-38_00184_02293,1.0,4953741d156ee0cf388e5a783348d08ad65f202c03934863b405c4285a2ee5b8,planner_dev1696_baseline,0.8388131802803703,ok,1.0,4f9307fe01455d95
1.0,1.0,1.0,1.0,2021.07.09.15.53.28_veh-38_00184_02293,1.0,60786621e925a1961cac84e7b167843b26f24e3b23ebb866367627ee83cc56f5,planner_dev1696_baseline,1.0,ok,1.0,4fa81c07c7d75515
1.0,1.0,1.0,1.0,2021.07.09.15.53.28_veh-38_00184_02293,1.0,fdf24a5571a0d02559537dde756980859ac02a9807b8e0f6177e6d2bbaa81903,planner_dev1696_baseline,1.0,ok,1.0,505332fa85dc5953
1.0,1.0,1.0,1.0,2021.07.09.15.53.28_veh-38_00184_02293,1.0,3ad1c992e0d909c403691ee3630408a381a2aa17ce1caafe8face38dfe17dfc1,planner_dev1696_baseline,1.0,ok,1.0,50a4d68137ac5d01
1.0,1.0,1.0,1.0,2021.07.09.15.53.28_veh-38_00184_02293,1.0,a77b57c738b79eeae2ac24f698afd1a95c82c6122765f852d56e7c91ffb8bff2,planner_dev1696_baseline,1.0,ok,1.0,512f45f4f0ab5a1b
1.0,1.0,1.0,0.9277531235185154,2021.07.09.15.53.28_veh-38_00184_02293,1.0,af0f3c243de98d8860e2d41d37079f38d2c495511d047ebb707b2a136a9479ed,planner_dev1696_baseline,0.9698971347993813,ok,1.0,5185fdb2837d502b
1.0,1.0,1.0,1.0,2021.07.09.15.53.28_veh-38_00184_02293,1.0,45dc556d5a8e0ec5372b2e47c853b405dccab978f20500a4b7f5decd1a99ee2f,planner_dev1696_baseline,1.0,ok,1.0,5280d017318c5f4f
1.0,1.0,1.0,0.8532112910119054,2021.07.09.15.53.28_veh-38_00184_02293,1.0,da73875c7bb5b7aeeae07ff2ceecb037cf0a8d90235edbbd28806abfae20f034,planner_dev1696_baseline,0.9388380379216272,ok,1.0,5328c67f17ae5e3e
1.0,1.0,1.0,1.0,2021.07.09.15.53.28_veh-38_00184_02293,1.0,6a602a474e4c0c2f00684677925b2fe486d78a2395926d72d4f5fe1963453728,planner_dev1696_baseline,1.0,ok,1.0,537866cb077d586d
1.0,1.0,1.0,1.0,2021.07.09.15.53.28_veh-38_00184_02293,1.0,1cf05d8648d07334f24cb11f18f41b41c3de580091dea0e9ad147eaa5ee4f4fd,planner_dev1696_baseline,1.0,ok,1.0,53947195964b5ddc
1.0,1.0,1.0,1.0,2021.07.09.15.53.28_veh-38_00184_02293,1.0,e5aef0f7ae4802771ee977ff5a26c9d30ce9483c5521d4daf0119229b343d027,planner_dev1696_baseline,1.0,ok,1.0,539519a77270528a
1.0,1.0,1.0,1.0,2021.07.09.15.53.28_veh-38_00184_02293,1.0,e468199b65dd46bded225badf31747d6aaf4b1a07130bee2b149166dfcf422f9,planner_dev1696_baseline,1.0,ok,1.0,54631ddbf6855a9a
1.0,1.0,1.0,0.8931260558782771,2021.07.09.15.53.28_veh-38_00184_02293,1.0,18fac32312359b80cfb7dd6b7010ea75a6757842f29e8eb6da336e759f924097,planner_dev1696_baseline,0.9554691899492821,ok,1.0,54cabf997c2e54ec
1.0,1.0,1.0,1.0,2021.07.09.15.53.28_veh-38_00184_02293,1.0,1b5feaf0b83fb30e662818ccd325c1a8c30df26ba62acdba6d529261acfa58b2,planner_dev1696_baseline,1.0,ok,1.0,550c71438a10581d
1.0,1.0,1.0,1.0,2021.07.09.15.53.28_veh-38_00184_02293,1.0,8748310ac905a7ead956f8d7e1851424c3bd853fc633000ff73ae7b6d27ea6a5,planner_dev1696_baseline,1.0,ok,1.0,55a358158723559c
1.0,1.0,1.0,1.0,2021.07.09.15.53.28_veh-38_00184_02293,1.0,964e3129ce903351b6d23db049e90a43d04a643c41e3e4e7297f2ac2188e5f7b,planner_dev1696_baseline,1.0,ok,1.0,55c60c81e14e5d94
1.0,1.0,1.0,1.0,2021.07.09.15.53.28_veh-38_00184_02293,1.0,9265a321cd42a514e7fc3c5bed3f8809f2e20b8895ceb6880d87f90fd5bc181c,planner_dev1696_baseline,1.0,ok,1.0,562fcb37e4e05697
1.0,1.0,1.0,1.0,2021.07.09.15.53.28_veh-38_00184_02293,1.0,7a4a08efc2e90192b703a51119a5c0c555e34d5ee98a06287d1275ccdd3c2eff,planner_dev1696_baseline,1.0,ok,1.0,5648007488815d22
1.0,1.0,1.0,0.8696539581566279,2021.07.09.15.53.28_veh-38_00184_02293,1.0,57baba777d6e7b7ff1326ce67d9aa319f7d61c29d97a4be5430aeba65a80cc0f,planner_dev1696_baseline,0.9456891492319283,ok,1.0,56951c953e93531f
1.0,1.0,1.0,0.8103830765027191,2021.07.09.15.53.28_veh-38_00184_02293,1.0,3abc4b7cdedf3f4e74aaf92eee8dac5941eca1a9f6708ffb06e1390748df7ec7,planner_dev1696_baseline,0.9209929485427996,ok,1.0,56955c6aafab5e58
1.0,1.0,1.0,1.0,2021.07.09.15.53.28_veh-38_00184_02293,1.0,e541a70f0e093b18ed037e1a672407d2da3936372a7799cb1533cd75fb0fb532,planner_dev1696_baseline,1.0,ok,1.0,5727f0aed1fa5000
1.0,1.0,1.0,0.9236333736663108,2021.07.09.15.53.28_veh-38_00184_02293,1.0,f0dbd85e1bc92f7baad62699e5dbb99452ffa33bcc63c638e7229d1c4c8b8443,planner_dev1696_baseline,0.9681805723609628,ok,1.0,572befcf57675103
1.0,1.0,1.0,1.0,2021.07.09.15.53.28_veh-38_00184_02293,1.0,93ee6b18ee34f3475bffc11b1a83d23c2ed454a8a5665e263bcd2132f92578da,planner_dev1696_baseline,1.0,ok,1.0,577dd51dad5c513c
1.0,1.0,1.0,1.0,2021.07.09.15.53.28_veh-38_00184_02293,1.0,8750eda2d68876b0639b7f83b6207df5759762aa7fa3ec60a53cfc2aa332bdee,planner_dev1696_baseline,1.0,ok,1.0,583d770feb1f50e6
1.0,1.0,1.0,1.0,2021.07.09.15.53.28_veh-38_00184_02293,1.0,ac1e6e7ebdf357ab657ea03c5548c56127371d0a5d48c7c76d29119a210f1ca0,planner_dev1696_baseline,1.0,ok,1.0,58405a1838c55fce
1.0,1.0,1.0,0.890773340784373,2021.07.09.15.53.28_veh-38_00184_02293,1.0,6bd18004bd083629f5647f513e6fedba336907d8dbbc6ef54ecf4e6161b2cd7b,planner_dev1696_baseline,0.9544888919934887,ok,1.0,58877588439e5ce1
1.0,1.0,1.0,0.666923550982609,2021.07.09.15.53.28_veh-38_00184_02293,1.0,5debd756eeeb423d373f027b7b849325bc836e0dc397d6b22fe84c0083d05027,planner_dev1696_baseline,0.8612181462427538,ok,1.0,5911aec9fe745d2a
1.0,1.0,1.0,0.8793136581912638,2021.07.09.15.53.28_veh-38_00184_02293,1.0,13a0c5578a21b596d4cbea5a05f036373862109199a926620162e2c7c898ba42,planner_dev1696_baseline,0.9497140242463599,ok,1.0,59c510d3bccd5105
1.0,1.0,1.0,1.0,2021.07.09.15.53.28_veh-38_00184_02293,1.0,c7149bf89bd129b39a1db085ddd102b3cefb868d80fb8fadd41ffc85d34f81a9,planner_dev1696_baseline,1.0,ok,1.0,5a0d659cee41562b
1.0,1.0,1.0,1.0,2021.07.09.15.53.28_veh-38_00184_02293,1.0,e6a715057bcf316fc757dcb19f01eb381f6506700c08827b41617b981e1d106a,planner_dev1696_baseline,1.0,ok,1.0,5afc918b7a185eaa
1.0,1.0,1.0,0.7088817783742399,2021.07.09.15.53.28_veh-38_00184_02293,1.0,587f7c58e86a01dfc3cab2d9c723930ab4be82c076647156446a94f84d9cef60,planner_dev1696_baseline,0.8787007409892666,ok,1.0,5b1c2e8998585889
1.0,1.0,1.0,0.9374127503188489,2021.07.09.15.53.28_veh-38_00184_02293,1.0,ce946590e7f619494daffbd981ff4d26f9d991f40d8aaecf8cd8bd292b2d18b8,planner_dev1696_baseline,0.9739219792995204,ok,1.0,5b31ae74a6235b13
1.0,1.0,1.0,0.938036603732137,2021.07.09.15.53.28_veh-38_00184_02293,1.0,b425d6377a96ceaa1c48772cc89e073d19e9142e9765d45e19be3b57d8a5c51e,planner_dev1696_baseline,0.9741819182217237,ok,1.0,5b8ed32be3d355d2
1.0,1.0,1.0,1.0,2021.07.09.15.53.28_veh-38_00184_02293,1.0,e34b79d2529bc94acfffd9c464bfad14a3b685d15b6fbaca05119a6b8c61c71e,planner_dev1696_baseline,1.0,ok,1.0,5bbe0b33a6375afe
1.0,1.0,1.0,0.8237118604055164,2021.07.09.15.53.28_veh-38_00184_02293,1.0,d4417ed2e036fad7445b0bc43bb7cee4609860267a29b64c1fa1cf0786fad529,planner_dev1696_baseline,0.9265466085022984,ok,1.0,5bdbf4af20945e83
1.0,1.0,1.0,0.7798197030481029,2021.07.09.15.53.28_veh-38_00184_02293,1.0,a9e65f6920909cdff426efb130f70b57c17742690437b6a3b77c3234cd545250,planner_dev1696_baseline,0.9082582096033761,ok,1.0,5be2f48d93925c02
1.0,1.0,1.0,0.6616808656646808,2021.07.09.15.53.28_veh-38_00184_02293,1.0,33b4f1644f9c0a48ca533977412eb879d308454acf14c44b6b1213d4b09c8ffa,planner_dev1696_baseline,0.8590336940269503,ok,1.0,5d0b6e2c0cad53ce
1.0,1.0,1.0,1.0,2021.07.09.15.53.28_veh-38_00184_02293,1.0,1c081d11550574db1b3038670ba05b57dba34d4393e78532e5747913958313c6,planner_dev1696_baseline,1.0,ok,1.0,5d95e24db2fa5ada
1.0,1.0,1.0,1.0,2021.07.09.15.53.28_veh-38_00184_02293,1.0,b89f40de1240d451111a289e9b617c45c2838512ec32092e9eb2629efecd32f7,planner_dev1696_baseline,1.0,ok,1.0,5eea58c0ed9d5b4d
1.0,1.0,1.0,0.9365052139611344,2021.07.09.15.53.28_veh-38_00184_02293,1.0,7f3e4ed36c50e7922ca97931008027fba608d4d23c9981aee08b258127f83c2c,planner_dev1696_baseline,0.9735438391504726,ok,1.0,5f2e24464be0511a
1.0,1.0,1.0,1.0,2021.07.09.15.53.28_veh-38_00184_02293,1.0,36969f90141617574584c6a805512c629ec578b679bcbe4a7ced8a443076b01a,planner_dev1696_baseline,1.0,ok,1.0,5f5d82af40575c3a
1.0,1.0,1.0,1.0,2021.07.09.15.53.28_veh-38_00184_02293,1.0,3b9439eac157b1fac27737221c637d8462ab9597e74ecc94e8990263687a0b19,planner_dev1696_baseline,1.0,ok,1.0,5f9d781b4e0a5e25
1.0,1.0,1.0,1.0,2021.07.09.15.53.28_veh-38_00184_02293,1.0,f9e4efc5e98a0169fb295c3aaf5d4f55caf50016b66c5544aa7575c4001740b7,planner_dev1696_baseline,1.0,ok,1.0,5fbbd408b7395036
1.0,1.0,1.0,1.0,2021.07.09.15.53.28_veh-38_00184_02293,1.0,6e49d45971ad5e11098044e22a0f0e87db406d89434f240ddaa3d73228d5d698,planner_dev1696_baseline,1.0,ok,1.0,606628cc32715abd
1.0,1.0,1.0,1.0,2021.07.09.15.53.28_veh-38_00184_02293,1.0,68c66f1fd2e379b01aa80f023152123a623557b0f5ed312e78506fae793d4fdd,planner_dev1696_baseline,1.0,ok,1.0,60966830452a5fdb
1.0,1.0,1.0,1.0,2021.07.09.15.53.28_veh-38_00184_02293,1.0,d26857c468ddfe74682786eac5700e1a68d884507512e2fe23c2bc562c2dbac9,planner_dev1696_baseline,1.0,ok,1.0,60c8ea16ac0c5d80
1.0,1.0,1.0,0.9805190751864409,2021.07.09.15.53.28_veh-38_00184_02293,1.0,dd9028f4fbd7a39ffa2dc8bea4407ef6c6dd9ba2ec3b5985ce0b3c234caa6f8a,planner_dev1696_baseline,0.9918829479943504,ok,1.0,60d83af8e3ec5296
1.0,1.0,1.0,0.9071192775775541,2021.07.09.15.53.28_veh-38_00184_02293,1.0,773b04da76ce46e98ddda0c41bbdc7c4b49a9cfe1927d5f4e5b6cff75e410b76,planner_dev1696_baseline,0.9612996989906475,ok,1.0,615150631a0d5359
1.0,1.0,1.0,0.837870097952361,2021.07.09.15.53.28_veh-38_00184_02293,1.0,577c5c230168cdd19c874520b6d7e786deb94f7d20a363fe372742ae8769505d,planner_dev1696_baseline,0.9324458741468171,ok,1.0,61b475b0e8de50d4
1.0,1.0,1.0,0.5993551306489573,2021.07.09.15.53.28_veh-38_00184_02293,1.0,7e7732ecd06c0ab30f9c401c9024c2fd8fe6697baa5447b7d7ff674faeefc240,planner_dev1696_baseline,0.8330646377703989,ok,1.0,61ec98105b6454d1
1.0,1.0,0.0,0.7558477864465696,2021.07.09.15.53.28_veh-38_00184_02293,1.0,b604022ceafd9cc460b3b563a4072df4a8ca6cc31caae87ca748b8abf54334e9,planner_dev1696_baseline,0.8982699110194039,ok,1.0,62292b644c765f2d
1.0,1.0,1.0,1.0,2021.07.09.15.53.28_veh-38_00184_02293,1.0,2626f41abb1ebdfc9ae9b69a24360f2b138b4e67113e2a9947213c2d3e626705,planner_dev1696_baseline,1.0,ok,1.0,62eeaae653ad58c0
1.0,1.0,1.0,0.9350433928376197,2021.07.09.15.53.28_veh-38_00184_02293,1.0,c2848a1815ac09ba50526b61269ad58a0d5e9e4531a84d732de75c5b4d376171,planner_dev1696_baseline,0.972934747015675,ok,1.0,63e276d858f35dc0
1.0,1.0,1.0,1.0,2021.07.09.15.53.28_veh-38_00184_02293,1.0,a6d39e5e6bc894fc9a6bd0cad229b2939399cc649a641db44981d3cc42ba869e,planner_dev1696_baseline,1.0,ok,1.0,644b320b4ec559de
1.0,1.0,1.0,0.8884137273004338,2021.07.09.15.53.28_veh-38_00184_02293,1.0,44ac71afcaf52276b6277268f875b1b722563bf83b6ad70e2d43ce1ca8f8fe20,planner_dev1696_baseline,0.953505719708514,ok,1.0,6524dc3754d95750
1.0,1.0,1.0,1.0,2021.07.09.15.53.28_veh-38_00184_02293,1.0,1be224e2106caceef29fdf0c6aff5a5b188932978971e23ab153af47e9df6ed1,planner_dev1696_baseline,1.0,ok,1.0,65cf5ab5da625c92
1.0,1.0,1.0,0.8259374910874449,2021.07.09.15.53.28_veh-38_00184_02293,1.0,e574667412c5de4e333870b041d326c806ade2636c00292f780967ccaaa2a5c2,planner_dev1696_baseline,0.9274739546197687,ok,1.0,65dfcaf9f5ae5544
1.0,1.0,1.0,1.0,2021.07.09.15.53.28_veh-38_00184_02293,1.0,0f7c71923ca19baafa049e8fc554d5252a6e556f27252ae47778f8ec68b9a776,planner_dev1696_baseline,1.0,ok,1.0,6639e46adc8a5387
1.0,1.0,1.0,1.0,2021.07.09.15.53.28_veh-38_00184_02293,1.0,9dae8d55b0da182b21dc6b835b7ddac1dd1a467f707b8ed20e87dd20918f340e,planner_dev1696_baseline,1.0,ok,1.0,685b63993c6750d7
1.0,1.0,1.0,1.0,2021.07.09.15.53.28_veh-38_00184_02293,1.0,7daafe94da704f7cab9df8f8044175c6538858f35716c9f5c2174ad99453570b,planner_dev1696_baseline,1.0,ok,1.0,68d4c704a0fc5cb7
1.0,1.0,1.0,0.8448772910357811,2021.07.09.15.53.28_veh-38_00184_02293,1.0,94c28314609f3b5c53a6381562b016fb1e93b9ec178624c609b61c9a37005396,planner_dev1696_baseline,0.9353655379315754,ok,1.0,68d60fd55b6b5436
1.0,1.0,0.0,0.9931867172032375,2021.07.09.15.53.28_veh-38_00184_02293,1.0,22a70aabd00831c6b95b854809b63d31d1f903212fed921d69e1249cb17d13bc,planner_dev1696_baseline,0.9971611321680157,ok,1.0,6967bd153dd859aa
1.0,1.0,1.0,1.0,2021.07.09.15.53.28_veh-38_00184_02293,1.0,41d93147bfe5292f44d89747eb98eab360c855fc7651ebce75d82c9b7239fcea,planner_dev1696_baseline,1.0,ok,1.0,6985bce9bf3f5165
1.0,1.0,1.0,1.0,2021.07.09.15.53.28_veh-38_00184_02293,1.0,b3f3e3608f4b3a92a8385d89a9861c2c2984e7ae28c00c794ecb2b56b859d662,planner_dev1696_baseline,1.0,ok,1.0,69942d2c55045583
1.0,1.0,1.0,0.9124052887884087,2021.07.09.15.53.28_veh-38_00184_02293,1.0,09038aaf341924a9a08ffc19e17c4c0d6c887d00b0303fa3cb7dbf43d2edf657,planner_dev1696_baseline,0.9635022036618369,ok,1.0,69dc5b99e8495527
1.0,1.0,0.0,0.8924096277105592,2021.07.09.15.53.28_veh-38_00184_02293,1.0,fee71e17d8b11adec2375753f05ff2dbfa6b38e40d0026bdf6486a79f3979108,planner_dev1696_baseline,0.9551706782127329,ok,1.0,6a2c8800bace516a
1.0,1.0,1.0,1.0,2021.07.09.15.53.28_veh-38_00184_02293,1.0,c7a8f621d064e0e5bc19d87efe8acd8d3865b3413c88a040340f2731d85de07e,planner_dev1696_baseline,1.0,ok,1.0,6aaddfb6748e5902
1.0,1.0,1.0,1.0,2021.07.09.15.53.28_veh-38_00184_02293,1.0,d15c1c847f44a1efb3f4ca2dc5f1ea8cb2f3eed4c1349958ec815e0ea160d649,planner_dev1696_baseline,1.0,ok,1.0,6b0342e0299e53b5
1.0,1.0,1.0,0.8378856081829874,2021.07.09.15.53.28_veh-38_00184_02293,1.0,a8b9d536b9269e0561d3091aa80d79bfe2e4f32de864b4d6ba30c118998e960e,planner_dev1696_baseline,0.9324523367429114,ok,1.0,6b0d235a84a556ac
1.0,1.0,1.0,1.0,2021.07.09.15.53.28_veh-38_00184_02293,1.0,3ec40ffcec79cba8587d072e80f9bc7e563bd04d04948e4a0941e6b44083b192,planner_dev1696_baseline,1.0,ok,1.0,6c14868b34cd5cbf
1.0,1.0,1.0,0.9253433837528904,2021.07.09.15.53.28_veh-38_00184_02293,1.0,8e780c7b40945b1f21d19bb3276f64c8cb89ba12598c4672e631ca4b64f415b9,planner_dev1696_baseline,0.9688930765637043,ok,1.0,6c4e378311d55950
1.0,1.0,1.0,1.0,2021.07.09.15.53.28_veh-38_00184_02293,1.0,470bfd199915459ee48123b46d59380cab22301eea406373bba4ee749b443ba3,planner_dev1696_baseline,1.0,ok,1.0,6d041be110a95545
1.0,1.0,1.0,0.6807496083588199,2021.07.09.15.53.28_veh-38_00184_02293,1.0,141f83087c1c48ee52535ced07f106f7994b6d0fe44ebbb36691c3edf11a0894,planner_dev1696_baseline,0.8669790034828416,ok,1.0,6d44fd636c0953ad
1.0,1.0,1.0,0.9006161573764669,2021.07.09.15.53.28_veh-38_00184_02293,1.0,2598bd57daf6c1cf50bf3bce3a2b231832e486505be19f3860d7476bd3939c38,planner_dev1696_baseline,0.958590065573528,ok,1.0,6d8cdad401125079
1.0,1.0,1.0,0.9581764265413361,2021.07.09.15.53.28_veh-38_00184_02293,1.0,79e6ed5e30b097c8dda49f88926b3905f6f4d263611b3d6d086ba4e32c7aeec6,planner_dev1696_baseline,0.9825735110588901,ok,1.0,6db0c73631c555b0
1.0,1.0,1.0,1.0,2021.07.09.15.53.28_veh-38_00184_02293,1.0,4e4676320ec6e10c8046ed23363d53250342614c7eb192be6ec2a43d6361f601,planner_dev1696_baseline,1.0,ok,1.0,6dc4975ee9915cb2
1.0,1.0,1.0,0.7831965252462252,2021.07.09.15.53.28_veh-38_00184_02293,1.0,fa396230a68aaea4e266d623d1db7f4441d4749758f64df3cedf6670509f325e,planner_dev1696_baseline,0.9096652188525939,ok,1.0,6dee7c049737527b
1.0,1.0,1.0,1.0,2021.07.09.15.53.28_veh-38_00184_02293,1.0,efbe2aea48f051cda2f9f95d8d39bf19d4b15d266ceaf8ef27a635718226616c,planner_dev1696_baseline,1.0,ok,1.0,6e52df2cd43c5bca
1.0,1.0,1.0,1.0,2021.07.09.15.53.28_veh-38_00184_02293,1.0,abc73c4edccb012a2c035473a9172d16ddb01eaa0234363cf5a611599735e7d9,planner_dev1696_baseline,1.0,ok,1.0,6e8c5b6b0aaf5f6d
1.0,1.0,1.0,0.7506909465727867,2021.07.09.15.53.28_veh-38_00184_02293,1.0,9ab49a02e364dd95d4f9b029070062ea1a0396ee5281505238ae67bbee35bd21,planner_dev1696_baseline,0.8961212277386611,ok,1.0,6f2d8e1d48865f32
1.0,1.0,1.0,0.6405422968812653,2021.07.09.15.53.28_veh-38_00184_02293,1.0,1e01657d3d5470910322bb1fa558726eb678547fdfaf01e913297e95bcc58b5f,planner_dev1696_baseline,0.8502259570338605,ok,1.0,6f4f64fd1b145598
1.0,1.0,1.0,1.0,2021.07.09.15.53.28_veh-38_00184_02293,1.0,05fcb439d8d07b183c750485878db79b13b801be0ec9d9b5ae9468a22e83afc4,planner_dev1696_baseline,1.0,ok,1.0,6fdf0151dd905608
1.0,1.0,1.0,1.0,2021.07.09.15.53.28_veh-38_00184_02293,1.0,589f88c9001cbe20a765bdd4c05998b1187937779091711f3967ee68dc4e7a25,planner_dev1696_baseline,1.0,ok,1.0,6fe8c6e82de65156
1.0,1.0,1.0,0.6564888219971452,2021.07.09.15.53.28_veh-38_00184_02293,1.0,67bc5e42b544d438a7fb42b9414d2c6be730bd1be6a249867c2fa29339bbb022,planner_dev1696_baseline,0.8568703424988104,ok,1.0,701c62d42cdf5cfa
1.0,1.0,1.0,1.0,2021.07.09.15.53.28_veh-38_00184_02293,1.0,62a004c8e0ad73322d943c28a439f685be5b141261547cd07171acc6ca2f2986,planner_dev1696_baseline,1.0,ok,1.0,7221a77c5d955445
1.0,1.0,1.0,1.0,2021.07.09.15.53.28_veh-38_00184_02293,1.0,d047f53d9d89372ca4a36c05ad7270ccc0d10dc4cf62abe3e59af98c9b298c5a,planner_dev1696_baseline,1.0,ok,1.0,723350e0feb75963
1.0,1.0,1.0,1.0,2021.07.09.15.53.28_veh-38_00184_02293,1.0,10cd74e34c42ac72ce1d9fa9648e542a6713ceecddaac79cd0bceb879a41fcf2,planner_dev1696_baseline,1.0,ok,1.0,7293733a32625ec6
1.0,1.0,0.0,1.0,2021.07.09.15.53.28_veh-38_00184_02293,1.0,0865e7979a026dc7fd8ac91fc4295bcef146dba82f19bf2e67c446b210e4e4fd,planner_dev1696_baseline,1.0,ok,1.0,73197a1a03715a15
1.0,1.0,1.0,1.0,2021.07.09.15.53.28_veh-38_00184_02293,1.0,89025cb4467b927f47dad29059688952e357298509c9a59351aee7857e969e02,planner_dev1696_baseline,1.0,ok,1.0,73aa5ff963e656f6
1.0,1.0,1.0,0.9672369188886468,2021.07.09.15.53.28_veh-38_00184_02293,1.0,0301d84463fd35628586f888dd9df437e4b9a4c41bbd3c3dc56911b72fdcff7f,planner_dev1696_baseline,0.986348716203603,ok,1.0,73d1214a1454592d
1.0,1.0,1.0,1.0,2021.07.09.15.53.28_veh-38_00184_02293,1.0,f332c041e3b960e9e1a054533004824d6181f974d673df82b0b19086529aeb5c,planner_dev1696_baseline,1.0,ok,1.0,74e93b471c195803
1.0,1.0,1.0,1.0,2021.07.09.15.53.28_veh-38_00184_02293,1.0,17eba5612257f153230277664426e41028d8918952e8a466c3ba7356319ff06b,planner_dev1696_baseline,1.0,ok,1.0,74ff8f6a618a5f9b
1.0,1.0,1.0,1.0,2021.07.09.15.53.28_veh-38_00184_02293,1.0,b16237c6321f8cc63e0731da0c4b92c4e2aebe1ff59488b3f8539597ec2f2f16,planner_dev1696_baseline,1.0,ok,1.0,7500c2c37cbb5228
1.0,1.0,1.0,0.6716181819833482,2021.07.09.15.53.28_veh-38_00184_02293,1.0,8521f48d564a4b17c2802b3d31cbd634037723a7410eee5ed9db0f3c628747db,planner_dev1696_baseline,0.8631742424930616,ok,1.0,758251c429055016
1.0,1.0,1.0,1.0,2021.07.09.15.53.28_veh-38_00184_02293,1.0,22919bb1cb560262df22e41190c54e38ab8e5b182cc3db0904338d73ae626c02,planner_dev1696_baseline,1.0,ok,1.0,75bbe59a5d305a53
1.0,1.0,1.0,1.0,2021.07.09.15.53.28_veh-38_00184_02293,1.0,68c9ec1428a62418873a8cf3b8e7c7c4565a15fd3d8596ceaf25f318b56de3a3,planner_dev1696_baseline,1.0,ok,1.0,75eb624e2c925f13
1.0,1.0,1.0,0.8915505420650541,2021.07.09.15.53.28_veh-38_00184_02293,1.0,36f4d6b6685e63c13598a9ad87879d5c21bc93ef6ac80a1dfcf6f78001c38da0,planner_dev1696_baseline,0.9548127258604392,ok,1.0,763904a315b357a8
1.0,1.0,1.0,1.0,2021.07.09.15.53.28_veh-38_00184_02293,1.0,126099f17d156060fcb7459117f915485bbb40ccc91f3cbcfa95c37f5e547b63,planner_dev1696_baseline,1.0,ok,1.0,7729a0ce4e7e5c40
1.0,0.0,1.0,0.0,2021.07.09.15.53.28_veh-38_00184_02293,1.0,5ee94c7b2fd224b8b9b6f6c67115c0838d14ab30527a8ee9f77cd4fb1aa9b0cf,planner_dev1696_baseline,0.0,ok,1.0,7738bbe3ec2b5787
1.0,1.0,1.0,1.0,2021.07.09.15.53.28_veh-38_00184_02293,1.0,b0dc402431621dbbfd724064401f23c98554bd47a6bb1c8d709eb58d655eb37d,planner_dev1696_baseline,1.0,ok,1.0,78f97b6c3427524b
1.0,1.0,1.0,1.0,2021.07.09.15.53.28_veh-38_00184_02293,1.0,77b632b823366e3757b64753a8705d614e700c222ff0d7672c814d85ab522300,planner_dev1696_baseline,1.0,ok,1.0,7948de3a2d2a55ef
1.0,1.0,1.0,0.8413226647659052,2021.07.09.15.53.28_veh-38_00184_02293,1.0,ca6e9c10b5ddd429f4203c9c543d40ca849d0b8a9f005afad1c2b6af6877c611,planner_dev1696_baseline,0.9338844436524605,ok,1.0,798e9edbcfd65aa8
1.0,1.0,0.0,0.7448213462390404,2021.07.09.15.53.28_veh-38_00184_02293,1.0,d84337f69f746ffece17ff5e106ff65ba2d2794b5d0e50099911cdce43cc8a38,planner_dev1696_baseline,0.8936755609329335,ok,1.0,79a0bda4d6df5e2a
1.0,1.0,1.0,1.0,2021.07.09.15.53.28_veh-38_00184_02293,1.0,f8a0bf7e576df74cfe0545cc09d5b27ce47600ad121b2d7f3e7e26b1c5b6335c,planner_dev1696_baseline,1.0,ok,1.0,7a02eea9dbd0517b
1.0,1.0,1.0,0.9395877290184437,2021.07.09.15.53.28_veh-38_00184_02293,1.0,b0c936e656ba484883e5f04550127c7030caf7f819629f14e2f0878165033e9a,planner_dev1696_baseline,0.9748282204243516,ok,1.0,7a430a9945055acd
1.0,1.0,1.0,1.0,2021.07.09.15.53.28_veh-38_00184_02293,1.0,18f2cb1677766f6d4ad9c7949e4943caa570116582e357a672fb162a068ab09d,planner_dev1696_baseline,1.0,ok,1.0,7a569fbddc2e53ed
1.0,1.0,1.0,1.0,2021.07.09.15.53.28_veh-38_00184_02293,1.0,6f69b5e1478663e0c261a3fbfeb3cb06a1d0f8e9fbc8e02d585eb3602d280d36,planner_dev1696_baseline,1.0,ok,1.0,7b3a98e80f525533
1.0,1.0,1.0,1.0,2021.07.09.15.53.28_veh-38_00184_02293,1.0,7da1d76bd98500d8b282248397a366db1141fc1f4e28dec7996d81d9f5086fbb,planner_dev1696_baseline,1.0,ok,1.0,7b7c4d1e5ec95f17
1.0,1.0,1.0,0.8791242412634168,2021.07.09.15.53.28_veh-38_00184_02293,1.0,f47af7d8bdc7b9300ad75639fbbcdb9d2c94fe0a95eefa15f93f6a2c74edcd1f,planner_dev1696_baseline,0.9496351005264237,ok,1.0,7b81b7c982e35adc
1.0,1.0,1.0,0.968151730430964,2021.07.09.15.53.28_veh-38_00184_02293,1.0,04052d202d51302053ab68cf2d516ac98be5f3b57a5ce6e0c49d612f4293d7f4,planner_dev1696_baseline,0.9867298876795684,ok,1.0,7cd693b8880c55b6
1.0,1.0,1.0,0.7719627762142717,2021.07.09.15.53.28_veh-38_00184_02293,1.0,ed8c0c798495b1473df310fb896a00e720ee914a1d9f2932189676b694f98d96,planner_dev1696_baseline,0.90498449008928,ok,1.0,7cfc59f9673752c1
1.0,1.0,1.0,0.9385639385590511,2021.07.09.15.53.28_veh-38_00184_02293,1.0,9363d88403c69ed167afba727d8c260b5b1c775c7d20618fe22738f9f09ff59b,planner_dev1696_baseline,0.9744016410662711,ok,1.0,7d18e654da9b5ecf
1.0,1.0,1.0,0.7893220945324814,2021.07.09.15.53.28_veh-38_00184_02293,1.0,7fdcc1925b3716f7648acc487b4c52acc583ad2e6a3c1659406ea63b4fff5a1b,planner_dev1696_baseline,0.9122175393885339,ok,1.0,7da65eef431c5831
1.0,1.0,1.0,0.5953156734783515,2021.07.09.15.53.28_veh-38_00184_02293,1.0,3ee54a58d70fb9ff83ddc6a877688d432f4b9b541c9fa1fc0add5311281bd93e,planner_dev1696_baseline,0.8313815306159799,ok,1.0,7dadf9fcee2e587d
1.0,1.0,1.0,1.0,2021.07.09.15.53.28_veh-38_00184_02293,1.0,1c9a4fd33b43bfc0c59505276c28f68be772cae2ad31d76c1e8595097d228756,planner_dev1696_baseline,1.0,ok,1.0,7e11df067a735f04
1.0,1.0,1.0,1.0,2021.07.09.15.53.28_veh-38_00184_02293,1.0,e7f7caa5cdbd03a477308074989c883d1656f7dec01b74856b191d3f8c6c53dd,planner_dev1696_baseline,1.0,ok,1.0,7e58a63ae5da5a38
1.0,1.0,1.0,1.0,2021.07.09.15.53.28_veh-38_00184_02293,1.0,533bced451616618d6d42b4cae9b8b311004b95a177a52bf9f464630cd83b970,planner_dev1696_baseline,1.0,ok,1.0,7e64dd02b985526f
1.0,1.0,1.0,0.9428615466312998,2021.07.09.15.53.28_veh-38_00184_02293,1.0,5e249a802c7637a0f63b9dc9d8eabf82a3777ca78277cc531edc71cf33e575ac,planner_dev1696_baseline,0.9761923110963749,ok,1.0,7fe5d84bbda651fd
1.0,1.0,1.0,0.8119697287630098,2021.07.09.15.53.28_veh-38_00184_02293,1.0,2e9f50a6250e2ab9d1ea3553829317b422478662100692a5d661f27fad8522cf,planner_dev1696_baseline,0.921654053651254,ok,1.0,80538e78e0805e93
1.0,1.0,1.0,0.8971738616438178,2021.07.09.15.53.28_veh-38_00184_02293,1.0,659d7acb2ff5738feae3751ddc2641cd6326118d774db096131edfc6df0da30e,planner_dev1696_baseline,0.9571557756849242,ok,1.0,80c1301aa1ca5378
1.0,1.0,1.0,0.5337037127040343,2021.07.09.15.53.28_veh-38_00184_02293,1.0,07151a0fe2a7870b5839cd0097c4d9ebf6dd270701fb3db3ca282faec399b57d,planner_dev1696_baseline,0.8057098802933477,ok,1.0,824fe1c7968256ab
1.0,1.0,1.0,0.9279042775357604,2021.07.09.15.53.28_veh-38_00184_02293,1.0,b3f8f103d6e35558cadf1d96e203fddb12ba7d7d3b8e3d6a38b0f916d04ed379,planner_dev1696_baseline,0.9699601156399001,ok,1.0,83a393796b2e57df
1.0,1.0,1.0,0.8742232965769947,2021.07.09.15.53.28_veh-38_00184_02293,1.0,0fe88fa15a979483147ba7951fd6de6e613294a9383d5692f9840e7f6b4dcbb3,planner_dev1696_baseline,0.9475930402404145,ok,1.0,8469b20e06015317
1.0,1.0,1.0,0.776481015864513,2021.07.09.15.53.28_veh-38_00184_02293,1.0,f154b6fc093ece2661440f4381deec47b42def7c74ec4c58a6c83c4b6c443a9f,planner_dev1696_baseline,0.906867089943547,ok,1.0,84ec0e32bbf45061
1.0,1.0,1.0,0.6154380398133315,2021.07.09.15.53.28_veh-38_00184_02293,1.0,fdc4944cbb56f38ffce26a615b8d92cdb4f7ca88dc048919685965245592a46d,planner_dev1696_baseline,0.8397658499222214,ok,1.0,85b84f9120225591
1.0,1.0,1.0,0.9474860587718941,2021.07.09.15.53.28_veh-38_00184_02293,1.0,8531dfc500fa20af14616df140d2f8cb8b86aba3c385ba19a0e65724dfa4099e,planner_dev1696_baseline,0.9781191911549558,ok,1.0,860685d975df5da5
1.0,1.0,1.0,1.0,2021.07.09.15.53.28_veh-38_00184_02293,1.0,474fcfdccb88f3de134811361220fe0f8e444bb5ffb3ca2f783054e849d0b6ad,planner_dev1696_baseline,1.0,ok,1.0,878debfff51656dc
1.0,1.0,1.0,0.5457682908872364,2021.07.09.15.53.28_veh-38_00184_02293,1.0,efd74b729c73ca110c37c923c15d171d6eab76fafbf83d83a2080fbf96d008a7,planner_dev1696_baseline,0.8107367878696818,ok,1.0,87c88239e2ae5b90
1.0,1.0,1.0,1.0,2021.07.09.15.53.28_veh-38_00184_02293,1.0,ae424dedd280280eb8c5380514fe7c823d846579d135fbe38306d82997f716bc,planner_dev1696_baseline,1.0,ok,1.0,8925d842a3f0501e
1.0,1.0,1.0,0.6413714534349505,2021.07.09.15.53.28_veh-38_00184_02293,1.0,50c3aa523227c24171caf8cbc8053436d28264591e0649e4fe64b881c1e411fe,planner_dev1696_baseline,0.8505714389312294,ok,1.0,8ad9a07afc6b5ccc
1.0,1.0,1.0,1.0,2021.07.09.15.53.28_veh-38_00184_02293,1.0,d9a82083b0517e3de3790e0ebdc51e9567132e8a94389b61e123ff87e6d1728a,planner_dev1696_baseline,1.0,ok,1.0,8c1374efdf3c5f3c
1.0,1.0,1.0,0.9608622551771504,2021.07.09.15.53.28_veh-38_00184_02293,1.0,ebbf1e2833739a16cbca85f6bbd76960be1eb9608244a06010d8a91a852fe177,planner_dev1696_baseline,0.9836926063238126,ok,1.0,8c58465a17645b77
1.0,1.0,1.0,0.8508376545787805,2021.07.09.15.53.28_veh-38_00184_02293,1.0,33fa221b84a24196445406eba35d30d2fe15cd691b341ba32d8faffae31e17d6,planner_dev1696_baseline,0.9378490227411586,ok,1.0,8c812c6c4671575c
1.0,1.0,1.0,1.0,2021.07.09.15.53.28_veh-38_00184_02293,1.0,e0fd233fbf83a3a977ff413aebd905f1886cdc98c9f1f0fba0fbf99554c97d79,planner_dev1696_baseline,1.0,ok,1.0,8d0e261ba1825130
1.0,1.0,1.0,0.9140542882801818,2021.07.09.15.53.28_veh-38_00184_02293,1.0,14a40793ffdb4357d6402b690a01c9191ab74f87263abded7147dc5d67b55c88,planner_dev1696_baseline,0.9641892867834091,ok,1.0,8e2e4e2a5ba95a41
1.0,1.0,1.0,0.8346132388589508,2021.07.09.15.53.28_veh-38_00184_02293,1.0,839b9dc6201b5f2f5774f00255ada2a01b5d0f1972c7d41c69a8b2be735747df,planner_dev1696_baseline,0.931088849524563,ok,1.0,8f847886c0595319
1.0,1.0,1.0,1.0,2021.07.09.15.53.28_veh-38_00184_02293,1.0,c6eebe40ce0436bae9d6e2dd175c600b6af847ac4186cd4429117dc5fc03104a,planner_dev1696_baseline,1.0,ok,1.0,907f051528025891
1.0,1.0,1.0,1.0,2021.07.09.15.53.28_veh-38_00184_02293,1.0,b32e9fc9967ada5af2a4e41dcce2a5efeae69f43c01b9102afb751d04e345974,planner_dev1696_baseline,1.0,ok,1.0,9188a3a5aa175e3a
1.0,1.0,1.0,1.0,2021.07.09.15.53.28_veh-38_00184_02293,1.0,e6390a192fa8147a8df4a0cfb37c6853e00db7f0abd0948ac4a8cd100fd70940,planner_dev1696_baseline,1.0,ok,1.0,91927f072cb358b9
1.0,1.0,1.0,1.0,2021.07.09.15.53.28_veh-38_00184_02293,1.0,369028214dac8a44e72557dfe5de1cd10a71d8b29db6d3c23b75f7c832c770ac,planner_dev1696_baseline,1.0,ok,1.0,91b861586e7d53cd
1.0,1.0,1.0,0.9287543765569481,2021.07.09.15.53.28_veh-38_00184_02293,1.0,11d02a377acf236bb3b359803befaed13037f0cf836be75e0ff87cc35ba9d2df,planner_dev1696_baseline,0.970314323565395,ok,1.0,9246f3b315b35838
1.0,1.0,1.0,1.0,2021.07.09.15.53.28_veh-38_00184_02293,1.0,bf7c19314cc495fd7b15e511129b5498d86cdf6f2e9e89b58054e90a6d9c0a93,planner_dev1696_baseline,1.0,ok,1.0,92c22914fbdf5e29
1.0,1.0,1.0,1.0,2021.07.09.15.53.28_veh-38_00184_02293,1.0,e4a382e9ac2d621959dea69b876513d6ffe0bcc1a18952ef4bccd72bc9db2749,planner_dev1696_baseline,1.0,ok,1.0,935628750eb851fa
1.0,1.0,1.0,0.6859336442279533,2021.07.09.15.53.28_veh-38_00184_02293,1.0,06dc14cb4844a32ece77683b7a3136b0c6d0d1d433eb64ade4773f2d8d71c7e0,planner_dev1696_baseline,0.869139018428314,ok,1.0,945dcb42cd645cc2
1.0,1.0,1.0,1.0,2021.07.09.15.53.28_veh-38_00184_02293,1.0,7d417d1c94d9c69bc4a08dfc5a5740ee904cdd7c4e1467ea2775c6070626c171,planner_dev1696_baseline,1.0,ok,1.0,94f18102ecb65d3f
1.0,1.0,1.0,0.8141512720421431,2021.07.09.15.53.28_veh-38_00184_02293,1.0,b09f506470490b146639492cc96ed22689abf38ae8e5e1618d23b5031bc3691d,planner_dev1696_baseline,0.9225630300175597,ok,1.0,95a1611d12f45d32
1.0,1.0,1.0,1.0,2021.07.09.15.53.28_veh-38_00184_02293,1.0,224c4e0310ceb4f1a8616a9677e80bec6a3cb499ca5cc22d30a003ddc93aa196,planner_dev1696_baseline,1.0,ok,1.0,95d2c3ac66245fa5
1.0,1.0,1.0,0.745344798174444,2021.07.09.15.53.28_veh-38_00184_02293,1.0,9ca61a6beaaed66c8f0ed8ad844d211b8f85bcb3e7f03bf6a0c7b48d18f56115,planner_dev1696_baseline,0.8938936659060183,ok,1.0,96198b6e9db0567b
1.0,1.0,1.0,0.7189958046721907,2021.07.09.15.53.28_veh-38_00184_02293,1.0,b7b291fc47bded9ee5c8e5257e27d56c14bbd79ca606c3f9a5918b4db096a59f,planner_dev1696_baseline,0.8829149186134128,ok,1.0,966ede5b9c8559f9
1.0,1.0,1.0,0.7772508656719977,2021.07.09.15.53.28_veh-38_00184_02293,1.0,c79d0a5d9314d3b55ed735dd08e6c6610d1f65a4bdbdf0511a4748b8ff60fdc1,planner_dev1696_baseline,0.9071878606966658,ok,1.0,970fa907695456f4
1.0,1.0,1.0,0.8367621774692632,2021.07.09.15.53.28_veh-38_00184_02293,1.0,01f64977c89b45977cb1ba30ac2e8570172028c049f114f184b2858350e55d7c,planner_dev1696_baseline,0.9319842406121929,ok,1.0,972df703db945595
1.0,1.0,1.0,1.0,2021.07.09.15.53.28_veh-38_00184_02293,1.0,95f0e48d468013709890c73993796e5b9789deb197d4c13ab0e731730e72f250,planner_dev1696_baseline,1.0,ok,1.0,9753236c37725562
1.0,1.0,1.0,1.0,2021.07.09.15.53.28_veh-38_00184_02293,1.0,c7db0a96a338f72c2c9a7e9ab15e7a15c50975e52012fca8fce50ad64035119a,planner_dev1696_baseline,1.0,ok,1.0,978bac8b6a965c09
1.0,1.0,1.0,0.7843017550094933,2021.07.09.15.53.28_veh-38_00184_02293,1.0,3f9fa80ca1f46dd572a3521ae8a77341357169e13c3dd04a52f093e9237e53eb,planner_dev1696_baseline,0.9101257312539556,ok,1.0,97bbe0832237514d
1.0,1.0,1.0,0.9316284383831362,2021.07.09.15.53.28_veh-38_00184_02293,1.0,0be75f10a64da81d9f36820180d36950e634f8e1b7ac7ea6aaab4b159685b061,planner_dev1696_baseline,0.9715118493263067,ok,1.0,98546a6b46d7528e
1.0,1.0,1.0,0.9208159416381572,2021.07.09.15.53.28_veh-38_00184_02293,1.0,a2d20e7bcb06c792b173d04b26a035f3558f3e10954cfe78c51799ddd24d1100,planner_dev1696_baseline,0.9670066423492321,ok,1.0,987e9ead152a5bef
1.0,1.0,1.0,0.6487316765570799,2021.07.09.15.53.28_veh-38_00184_02293,1.0,1d1bf792d9d7cdac99389246a1fd21550af84ba96a21508d8b4e9f6d2870c701,planner_dev1696_baseline,0.85363819856545,ok,1.0,9953d027249f57fe
1.0,1.0,1.0,0.9222699709546711,2021.07.09.15.53.28_veh-38_00184_02293,1.0,16d04595ecaf91baad55c21625d240ded84636e7a8584992fbe4df7e896fda6c,planner_dev1696_baseline,0.9676124878977795,ok,1.0,9aa65c356bad5da4
1.0,1.0,1.0,0.8159805133694754,2021.07.09.15.53.28_veh-38_00184_02293,1.0,d168090764d41e9a5d2b0ba464761b9c79fcd02262a62b1c98c0427c95698c7f,planner_dev1696_baseline,0.9233252139039481,ok,1.0,9b4ca000766657b2
1.0,1.0,1.0,1.0,2021.07.09.15.53.28_veh-38_00184_02293,1.0,3d0649a26461d4f2a727cfbc604925ca8d700d9d6277516f251ddd022a0698d3,planner_dev1696_baseline,1.0,ok,1.0,9bcee0d1dd015764
1.0,1.0,1.0,0.9287066864099611,2021.07.09.15.53.28_veh-38_00184_02293,1.0,11b7f0a21cccdd8fa1145045b6ec88d086cf435e20d52ba9021e5a516f7492c1,planner_dev1696_baseline,0.9702944526708172,ok,1.0,9c2572be2cc259d9
1.0,1.0,1.0,1.0,2021.07.09.15.53.28_veh-38_00184_02293,1.0,0752ff28f8b86afbdd45d481cb0a2a1be57f3323ab4af2decbdfae5fb8454b55,planner_dev1696_baseline,1.0,ok,1.0,9c33787bfeda5800
1.0,1.0,1.0,0.9318262990182224,2021.07.09.15.53.28_veh-38_00184_02293,1.0,559c88ef8646e33a2bfcb65495a3c186dd53a2eb5c7c41be589c23a5b638f4d5,planner_dev1696_baseline,0.9715942912575928,ok,1.0,9c792517780b5b7d
1.0,1.0,1.0,1.0,2021.07.09.15.53.28_veh-38_00184_02293,1.0,c90ec958d37d35d44a5ac78423ef3e941a7c106527109c8648dd977231483ede,planner_dev1696_baseline,1.0,ok,1.0,9c83725ca24453f5
1.0,1.0,1.0,0.7728937958575102,2021.07.09.15.53.28_veh-38_00184_02293,1.0,ed2887eda8e8d26e3802fd6f7ccc9c0d5ec95ab1eaaf6b356b11f74e6957d43b,planner_dev1696_baseline,0.9053724149406293,ok,1.0,9c891840338e54d4
1.0,1.0,1.0,1.0,2021.07.09.15.53.28_veh-38_00184_02293,1.0,0b678f08e1260ffb9a6b74b0d44503487b7dbfa4e5da5acf0015376dfe1a9482,planner_dev1696_baseline,1.0,ok,1.0,9cb25aa118655418
1.0,1.0,1.0,1.0,2021.07.09.15.53.28_veh-38_00184_02293,1.0,cb2913cc2f7bac3a0b2c631ff1e09380acd1b7eefb828699abdb13e3e42796ae,planner_dev1696_baseline,1.0,ok,1.0,9cc73a8bde335ec2
1.0,1.0,0.5,1.0,2021.07.09.15.53.28_veh-38_00184_02293,1.0,b6ca4d626cf4aa752e2a26d1500396ef9c66a579ad3f4fabdd9a95dc043e6ebd,planner_dev1696_baseline,1.0,ok,1.0,9d572fd0a3c0584f
1.0,1.0,1.0,0.9350614981520656,2021.07.09.15.53.28_veh-38_00184_02293,1.0,318cff86fad4085ca2adc32373382add7419bebbc22e52b9e0f8f00254bbc4c9,planner_dev1696_baseline,0.972942290896694,ok,1.0,9d8f4e67c96b5637
1.0,1.0,1.0,0.6205821667780537,2021.07.09.15.53.28_veh-38_00184_02293,1.0,a02380f160320bbf6c5ba332582bfb7b70f7427f548e22969d410125f91df29e,planner_dev1696_baseline,0.8419092361575223,ok,1.0,9db16a5b77095de4
1.0,1.0,1.0,1.0,2021.07.09.15.53.28_veh-38_00184_02293,1.0,6a845afc1f404a6ac014019512e0aab035c95f86ffdef5f5a59e475b2fe91362,planner_dev1696_baseline,1.0,ok,1.0,9e7532e485cc5816
1.0,1.0,1.0,1.0,2021.07.09.15.53.28_veh-38_00184_02293,1.0,39780affde4c99ffc9ac12e8f93d28cbe9acce75fc2585b46f93f0a4ab7de8a9,planner_dev1696_baseline,1.0,ok,1.0,9eac02522d2a5ed3
1.0,1.0,1.0,0.8714272095558656,2021.07.09.15.53.28_veh-38_00184_02293,1.0,d12ef24754af27ec68c6f98af07333beab2e87b6f592041730e3a158fcee04c0,planner_dev1696_baseline,0.9464280039816106,ok,1.0,9f2f87e8c4b558c8
1.0,1.0,1.0,0.9742352972217198,2021.07.09.15.53.28_veh-38_00184_02293,1.0,04ed7048f6329810361dcce4f04b27decbe2fabdc973a088dfdb07a625266206,planner_dev1696_baseline,0.9892647071757166,ok,1.0,9f40f3d09a0c5024
1.0,1.0,1.0,0.966016275874089,2021.07.09.15.53.28_veh-38_00184_02293,1.0,d674be2d5a7a6e25ee1cc15c830e5462829b409a2b85dc2247bb57d4812dc6d9,planner_dev1696_baseline,0.985840114947537,ok,1.0,9f56c42b0c4b552c
1.0,1.0,1.0,1.0,2021.07.09.15.53.28_veh-38_00184_02293,1.0,ffe6df1cf359b41f5e9cc27847e0ad21d10853689cc8efe5819e8e4ae266ab5f,planner_dev1696_baseline,1.0,ok,1.0,a0036dbb7dd9522a
1.0,1.0,1.0,0.5866536587031721,2021.07.09.15.53.28_veh-38_00184_02293,1.0,247d6b558cfde04c9c99234b009c729528d4b10334d7f62a799b796a85f66359,planner_dev1696_baseline,0.8277723577929884,ok,1.0,a075a523b64550e9
1.0,1.0,1.0,1.0,2021.07.09.15.53.28_veh-38_00184_02293,1.0,403ecaa3a9e6f33bb5405878a4d3e693e52def5f73dcf36fc60838ce26c05c16,planner_dev1696_baseline,1.0,ok,1.0,a094176b58375800
1.0,1.0,1.0,1.0,2021.07.09.15.53.28_veh-38_00184_02293,1.0,f2b024c05cd4a96d6a9fbb9190662083fe25cf9df8d9b597aacf8506f0d04d46,planner_dev1696_baseline,1.0,ok,1.0,a0c05b04e8fc5d85
1.0,1.0,1.0,1.0,2021.07.09.15.53.28_veh-38_00184_02293,1.0,6ac4c770764d9892d44c0c6c489188acba107f6d00abc19c49d31a1ebb938e22,planner_dev1696_baseline,1.0,ok,1.0,a156a990d01f5a38
1.0,1.0,1.0,0.7288061289673601,2021.07.09.15.53.28_veh-38_00184_02293,1.0,cac73a37e3edd14c4cf74b6befb9dfc9555bf03201d8e8ae0114067d61ad68d7,planner_dev1696_baseline,0.8870025537364,ok,1.0,a173aec70e58581c
1.0,1.0,1.0,0.7382297048299565,2021.07.09.15.53.28_veh-38_00184_02293,1.0,c29fefefa0762107795977f7acf563925cc4d8dd8f1dc66f18eaf5784d8efb99,planner_dev1696_baseline,0.8909290436791486,ok,1.0,a1b196339e23508b
1.0,1.0,1.0,0.8551826701130258,2021.07.09.15.53.28_veh-38_00184_02293,1.0,a6565f3930cf3b5a58d06f10fe024d4bd0a5a21fa659b8f5bbfe0cb420af2e39,planner_dev1696_baseline,0.9396594458804275,ok,1.0,a1c0bc234f6b509d
1.0,1.0,1.0,1.0,2021.07.09.15.53.28_veh-38_00184_02293,1.0,40d991b9006b925cdbfff284c45bfc338fd6017ac1b8f67de1ce13dc9e6a42a5,planner_dev1696_baseline,1.0,ok,1.0,a29d4b0957d45457
1.0,1.0,1.0,1.0,2021.07.09.15.53.28_veh-38_00184_02293,1.0,63cbc29e2f643cbddabc156c869e6622882dd94c7ebdfbfa814e614b158efbe2,planner_dev1696_baseline,1.0,ok,1.0,a3648b6dd505564f
1.0,0.0,1.0,0.0,2021.07.09.15.53.28_veh-38_00184_02293,1.0,58578fbb55f8605a27f0b92bce37d55d6a03d79cb3088a33ceca8bad9f14d0e9,planner_dev1696_baseline,0.0,ok,1.0,a3b1fb4905615ee0
1.0,1.0,1.0,0.6688191956911925,2021.07.09.15.53.28_veh-38_00184_02293,1.0,fb2750facd71fad7f1b06755046973a3ede39cc0eaf493d5194b719e6ba42590,planner_dev1696_baseline,0.8620079982046636,ok,1.0,a3ef1c88095a59da
1.0,1.0,1.0,0.9478457462866771,2021.07.09.15.53.28_veh-38_00184_02293,1.0,88e73c686745e6610a1a2dc92324f648af09ec6def9f6ed8ee7de8a663072744,planner_dev1696_baseline,0.9782690609527821,ok,1.0,a4ba975c32c95388
1.0,1.0,1.0,0.9666382712703957,2021.07.09.15.53.28_veh-38_00184_02293,1.0,8c4148a0b8501bf0feff0763125226dd191ead471b7666b945defe870f902bd2,planner_dev1696_baseline,0.9860992796959982,ok,1.0,a501f397b8045aed
1.0,1.0,1.0,1.0,2021.07.09.15.53.28_veh-38_00184_02293,1.0,d3303be235aa42c1a16b8701b59779722be660d04079ea2f0bc048ba4be6c204,planner_dev1696_baseline,1.0,ok,1.0,a572a36643565d2d
1.0,1.0,1.0,1.0,2021.07.09.15.53.28_veh-38_00184_02293,1.0,c563734c1a9f7a5681b9b7b91e1ba5540cd50b530319813f8c28094c899dfc66,planner_dev1696_baseline,1.0,ok,1.0,a5bdf8f9621d585c
1.0,1.0,0.5,1.0,2021.07.09.15.53.28_veh-38_00184_02293,1.0,87527f71be7917572c32321576b61dc1d52ae4f1ff0066215761064c2bf443c4,planner_dev1696_baseline,1.0,ok,1.0,a5d0fdeecf745214
1.0,1.0,1.0,1.0,2021.07.09.15.53.28_veh-38_00184_02293,1.0,e4e106af365da8ae188d970cd84ba24ff9b6be12525884601080dee689929ae3,planner_dev1696_baseline,1.0,ok,1.0,a5fc68e13b4c5653
1.0,1.0,1.0,0.7166994878640206,2021.07.09.15.53.28_veh-38_00184_02293,1.0,f297d0000a676df89092fca9cdd1e2fad7d0751df3c326f8993f18b2c72522f5,planner_dev1696_baseline,0.881958119943342,ok,1.0,a732670827695579
1.0,1.0,1.0,0.8823040341354286,2021.07.09.15.53.28_veh-38_00184_02293,1.0,43592be4a5cd0db3b215daa352a3183fc65fbe57030f512292eba807bb8f94ed,planner_dev1696_baseline,0.9509600142230953,ok,1.0,a7bfd664e59f5640
1.0,1.0,1.0,0.9004492030085112,2021.07.09.15.53.28_veh-38_00184_02293,1.0,012b4ad2f8b7864d2a0f9f57bf89f86a402c76ed3f3e956a36b50d6d8168f4d6,planner_dev1696_baseline,0.9585205012535463,ok,1.0,a7c85687d085540f
1.0,1.0,1.0,1.0,2021.07.09.15.53.28_veh-38_00184_02293,1.0,03cba955db2cebadd9601dd00766333737c9fac705a62840aa53b1a75c420358,planner_dev1696_baseline,1.0,ok,1.0,a7f219d0ab395e1b
1.0,1.0,1.0,1.0,2021.07.09.15.53.28_veh-38_00184_02293,1.0,251a428117a4f72c7399e6df3a51b6f5ac55ecc0d72e0ee1c4fb42d35ea65447,planner_dev1696_baseline,1.0,ok,1.0,a85db33ba720554a
1.0,1.0,1.0,1.0,2021.07.09.15.53.28_veh-38_00184_02293,1.0,e78939e475d37298600ade2a317e21b9b9039f771c3b64e56d9399d2700b24ca,planner_dev1696_baseline,1.0,ok,1.0,a890e898c911575d
1.0,1.0,1.0,0.8140242596207755,2021.07.09.15.53.28_veh-38_00184_02293,1.0,79dc6685789fc00ccfedc3628cd50dd647f424961e11d57cec9b3ef45d8b3ed6,planner_dev1696_baseline,0.9225101081753232,ok,1.0,a8e97875efab5ff5
1.0,1.0,1.0,0.9604861832555158,2021.07.09.15.53.28_veh-38_00184_02293,1.0,257c9e0c51247304c47c86ea82ab40cdb04f40187a6ec85bba7d73be0f207be5,planner_dev1696_baseline,0.9835359096897983,ok,1.0,a8efb43e09885372
1.0,1.0,1.0,0.5784815902195403,2021.07.09.15.53.28_veh-38_00184_02293,1.0,7211d4f34e238a25106d2c6bc5671984032d08d0a2624e16f54752591ad35581,planner_dev1696_baseline,0.8243673292581418,ok,1.0,a90b5f01478957ee
1.0,1.0,1.0,0.8060884908384628,2021.07.09.15.53.28_veh-38_00184_02293,1.0,9091c66d58b09df10465e439cf141860983af35bde0e6ea77ec53f316f557878,planner_dev1696_baseline,0.9192035378493596,ok,1.0,a91aee7fb6255053
1.0,1.0,1.0,0.8735098353604384,2021.07.09.15.53.28_veh-38_00184_02293,1.0,d7a613260da31564493b8a2f96fff15e471c0b118e8cb30c7092f2ced361b5b8,planner_dev1696_baseline,0.9472957647335161,ok,1.0,a9bb657628115cf5
1.0,1.0,1.0,0.9800048709439837,2021.07.09.15.53.28_veh-38_00184_02293,1.0,e2a6008df11fb8ffbc2eccf0e3ea3a3e15dca8429f3f76548681cf273dd0d131,planner_dev1696_baseline,0.9916686962266598,ok,1.0,aa917b7bd6795583
1.0,1.0,1.0,1.0,2021.07.09.15.53.28_veh-38_00184_02293,1.0,f73291dff16388d36d35ca2f7f71e3c2f9e9f8be12f13ce89f96284e5c2ef5dd,planner_dev1696_baseline,1.0,ok,1.0,ac0ca24fd2f158b7
1.0,1.0,1.0,0.9026086994023037,2021.07.09.15.53.28_veh-38_00184_02293,1.0,8024b2162932b101ee45311d30784bc1005bb719a8009f9d146401a343ca2b7e,planner_dev1696_baseline,0.9594202914176266,ok,1.0,acf90c09814b527d
1.0,1.0,1.0,1.0,2021.07.09.15.53.28_veh-38_00184_02293,1.0,a201b04c70ea4e3851eb4e580db2a5644f3c8fc04c0ba1c0564868f15619407d,planner_dev1696_baseline,1.0,ok,1.0,ad4728971bca5a56
1.0,1.0,1.0,1.0,2021.07.09.15.53.28_veh-38_00184_02293,1.0,98d7d1b277c280760075085b21d26548e646b6215ce531e18801b5150fa63524,planner_dev1696_baseline,1.0,ok,1.0,adeac17732895943
1.0,1.0,1.0,0.5762836363677951,2021.07.09.15.53.28_veh-38_00184_02293,1.0,14ab301ec49979310606156ca1b1a70fefeefd3936e773ef8a03621390c78868,planner_dev1696_baseline,0.823451515153248,ok,1.0,ae101de4cb1b513e
1.0,1.0,1.0,1.0,2021.07.09.15.53.28_veh-38_00184_02293,1.0,45848ade6bc46aa03a2eda82ea5b72d3c793593d03cfd4a90a5c01ca3ab2723c,planner_dev1696_baseline,1.0,ok,1.0,ae65f8c63d9757ce
1.0,1.0,1.0,0.7920290711542765,2021.07.09.15.53.28_veh-38_00184_02293,1.0,f319be0257f2488205681807f6c1afd206d8a59e1dddd85520f7308b638b796a,planner_dev1696_baseline,0.9133454463142819,ok,1.0,ae75038bea395c18
1.0,1.0,1.0,1.0,2021.07.09.15.53.28_veh-38_00184_02293,1.0,5aff1112f42f437a0411ae7d7ae9209fe3464dff925341e2650c5c4b4a11d321,planner_dev1696_baseline,1.0,ok,1.0,aefcaaf5aef552eb
1.0,1.0,1.0,0.7204516267965753,2021.07.09.15.53.28_veh-38_00184_02293,1.0,32097c8579ab7b88a322e855052ce877b84bc1e79335902cba8185c4b32f87de,planner_dev1696_baseline,0.8835215111652396,ok,1.0,b0224834f8b856d8
1.0,1.0,1.0,1.0,2021.07.09.15.53.28_veh-38_00184_02293,1.0,ea470c1f47f22ee1d5004d4429daa53cead0fb83822fbd8b295179f37b887240,planner_dev1696_baseline,1.0,ok,1.0,b030dec92165592b
1.0,1.0,1.0,1.0,2021.07.09.15.53.28_veh-38_00184_02293,1.0,dcf670071f07d6254f8b1b9e4879f2ed7ffdd4cfd7ed4f1449087ff70fb0c74f,planner_dev1696_baseline,1.0,ok,1.0,b066a7fc60ff523a
1.0,1.0,1.0,0.8519196243643778,2021.07.09.15.53.28_veh-38_00184_02293,1.0,b266c5ba12f2ce25e29fed94b73fafc77b2cc202cfd83b682231a9422eb9892c,planner_dev1696_baseline,0.9382998434851574,ok,1.0,b1c8504629d8571f
1.0,1.0,1.0,1.0,2021.07.09.15.53.28_veh-38_00184_02293,1.0,2af5d90cdfafb030bcfbe3952622b98b184be9e5cdd1f236a6f590099928e43d,planner_dev1696_baseline,1.0,ok,1.0,b23b1644c9845dc3
1.0,1.0,1.0,0.624834529696002,2021.07.09.15.53.28_veh-38_00184_02293,1.0,19b7389c51a75815a014862b2b3cff852206dd1cfe11502d5171270aa896a423,planner_dev1696_baseline,0.8436810540400007,ok,1.0,b26470d352f35d83
1.0,1.0,1.0,0.915047914802864,2021.07.09.15.53.28_veh-38_00184_02293,1.0,1f0e5148a45733e3a074bede884ad0367698372d4af438126da6d8dab4ae5d11,planner_dev1696_baseline,0.9646032978345266,ok,1.0,b308eee052bc5e70
1.0,1.0,1.0,1.0,2021.07.09.15.53.28_veh-38_00184_02293,1.0,e1a3cfb467573f07f5300dd9b7fe494f1b2b3f68feee24f3a3035dea36387bac,planner_dev1696_baseline,1.0,ok,1.0,b3786daf3a0357bd
1.0,1.0,1.0,0.8507830724321752,2021.07.09.15.53.28_veh-38_00184_02293,1.0,84e6e008bd653d1dcadce9715b8f3421876f0e63a5954bf2dcddf1ba003fc153,planner_dev1696_baseline,0.9378262801800731,ok,1.0,b39a2ad9b6f050a9
1.0,1.0,1.0,0.6990142390765037,2021.07.09.15.53.28_veh-38_00184_02293,1.0,52e7345e75367aa1af8b2ef9f62573ba0a4b6e153933b38533a19928643329b5,planner_dev1696_baseline,0.8745892662818765,ok,1.0,b3fa24000d6f5d8d
1.0,1.0,1.0,1.0,2021.07.09.15.53.28_veh-38_00184_02293,1.0,4657c9e7fed92ca4fe0a658dd50577d9061323e939b32e2fb4c59e8274976f22,planner_dev1696_baseline,1.0,ok,1.0,b4b4b7ff096852e8
1.0,1.0,1.0,0.8830405965156998,2021.07.09.15.53.28_veh-38_00184_02293,1.0,488622c9535226d29b528bcd2a1c3f2f974a7d41975c6313069b5529f9b911a1,planner_dev1696_baseline,0.9512669152148749,ok,1.0,b4da9833a6795b8f
1.0,1.0,1.0,1.0,2021.07.09.15.53.28_veh-38_00184_02293,1.0,4bce87187d3d1c35d6701e852bb5fedb798780398c5ad0091f18db4bf8209f2a,planner_dev1696_baseline,1.0,ok,1.0,b632e3d66c445180
1.0,1.0,1.0,0.7557064335295203,2021.07.09.15.53.28_veh-38_00184_02293,1.0,256575d5a4e7750d28010fb38d1b2096d9f208b0b7e04a584e385f9d8f4495e3,planner_dev1696_baseline,0.8982110139706334,ok,1.0,b6745c96ac0e5958
1.0,1.0,1.0,1.0,2021.07.09.15.53.28_veh-38_00184_02293,1.0,b1272ed967bcc34f4ab4991908277644442d56179af241b2bd20c48fe4528fc9,planner_dev1696_baseline,1.0,ok,1.0,b6d928e9508d596b
1.0,1.0,1.0,1.0,2021.07.09.15.53.28_veh-38_00184_02293,1.0,c7b19f9fbd71512b00fc26fa6c095701bedbca0e62996635899d9408176ac4aa,planner_dev1696_baseline,1.0,ok,1.0,b735436ddca45550
1.0,1.0,1.0,0.9994479995255914,2021.07.09.15.53.28_veh-38_00184_02293,1.0,76e7de656888eac1e373585819f5d5086395d5a9a39326cc3a2883758e7434c4,planner_dev1696_baseline,0.9997699998023298,ok,1.0,b73a3a2e7064563b
1.0,1.0,1.0,0.6468367504945016,2021.07.09.15.53.28_veh-38_00184_02293,1.0,27fe7999ce77a6f34087b19efd3e3d1724738dcc557763cfd1f205945ebea9df,planner_dev1696_baseline,0.8528486460393756,ok,1.0,b7e570107a325b8f
1.0,1.0,1.0,1.0,2021.07.09.15.53.28_veh-38_00184_02293,1.0,7466ed6f3a851230c58b652df298fbb6380040dfb8b0a8658760e82f624e947a,planner_dev1696_baseline,1.0,ok,1.0,b83936f0ca9b5b93
1.0,1.0,1.0,0.8106078188087351,2021.07.09.15.53.28_veh-38_00184_02293,1.0,e98ac9b9e5c9fbc39a54e3a03e0a62fc5ffe40d8da829393fc93850ef52aaf66,planner_dev1696_baseline,0.9210865911703063,ok,1.0,b84c65fdf2155597
1.0,1.0,1.0,0.8607351503149723,2021.07.09.15.53.28_veh-38_00184_02293,1.0,f0b03cb73389906257b7b2a81827b4a7b9b5acf3766b8119432c28afa8de32fd,planner_dev1696_baseline,0.9419729792979051,ok,1.0,b941d62667685487
1.0,1.0,1.0,0.920436834666861,2021.07.09.15.53.28_veh-38_00184_02293,1.0,5ea3c6bca5353e3f6d9dd2f4716799ea604c5452e311533358d6a81d66c6b6cf,planner_dev1696_baseline,0.966848681111192,ok,1.0,b98697803d5453a3
1.0,1.0,1.0,0.8286070440426981,2021.07.09.15.53.28_veh-38_00184_02293,1.0,2216e455ffd0ebca1aa7adeb6f6ec391c4d19615099123b55af7d399cf1a6171,planner_dev1696_baseline,0.9285862683511242,ok,1.0,b99eaf8d1f355bcc
1.0,1.0,1.0,0.8421147665815333,2021.07.09.15.53.28_veh-38_00184_02293,1.0,41965ca6e05ad4523eb4e8668258da1793098c80aa0a3e09f983b3a52dbb9caa,planner_dev1696_baseline,0.9342144860756388,ok,1.0,b9a812dceaec5add
1.0,1.0,0.5,0.7609371931679036,2021.07.09.15.53.28_veh-38_00184_02293,1.0,d36989d736634f5525e14efa9f81f6f1cf43ee194bd127bb39c335a6ffbd2afd,planner_dev1696_baseline,0.9003904971532931,ok,1.0,ba0a961f7dc355f7
1.0,1.0,1.0,0.901051520731482,2021.07.09.15.53.28_veh-38_00184_02293,1.0,ac58466aaa1b17c95e821be10702be2a3b1fc2af1dd179f3c195be24d587c387,planner_dev1696_baseline,0.9587714669714508,ok,1.0,ba0f4d8974e75963
1.0,1.0,1.0,0.8092926561365466,2021.07.09.15.53.28_veh-38_00184_02293,1.0,6e572d0c192a2b98fcf8639323ba4192ed577c7939984e8b6ce468939396cf8e,planner_dev1696_baseline,0.9205386067235611,ok,1.0,bade9ac4b8cb5025
1.0,1.0,1.0,0.8884421638957515,2021.07.09.15.53.28_veh-38_00184_02293,1.0,cb91d63159544c3310aff2692983caf44e44cbc7cf479de4de8f0e4e4b310454,planner_dev1696_baseline,0.9535175682898963,ok,1.0,bb452532dfb25d30
1.0,1.0,1.0,1.0,2021.07.09.15.53.28_veh-38_00184_02293,1.0,1ca3a3b430ee33a473f2b3273df5b5d137b364fbb8817cacc2bb92add1c055b4,planner_dev1696_baseline,1.0,ok,1.0,bcf3fcf890f55beb
1.0,1.0,1.0,0.5576522573953562,2021.07.09.15.53.28_veh-38_00184_02293,1.0,5f3e5975d0bdea4ce494a31abe2053078f8172c613d1af54b6c9db91f77940d9,planner_dev1696_baseline,0.8156884405813983,ok,1.0,bd493f896ba85e28
1.0,1.0,1.0,1.0,2021.07.09.15.53.28_veh-38_00184_02293,1.0,522256ab041d5195af07f3784276e1190a40a90d201394da4fca28451f43a9eb,planner_dev1696_baseline,1.0,ok,1.0,bd656f4e771156cb
1.0,1.0,1.0,0.9330266421812426,2021.07.09.15.53.28_veh-38_00184_02293,1.0,c424a8a3af1feb9227fc7ce0a710733d31b5237bd2cab8ac20f3eba938366fb3,planner_dev1696_baseline,0.9720944342421843,ok,1.0,bd65a234358f5492
1.0,1.0,1.0,1.0,2021.07.09.15.53.28_veh-38_00184_02293,1.0,dbf5747b7c52440d07c8cdbabdd2eea097558018a10c71f3b471435e84b2beed,planner_dev1696_baseline,1.0,ok,1.0,be9b110689c05894
1.0,1.0,0.0,0.7828872395138894,2021.07.09.15.53.28_veh-38_00184_02293,1.0,84f733eb28e1e71709a0af497b628fdd706c94a4d02a35681d215fd1e888061e,planner_dev1696_baseline,0.9095363497974539,ok,1.0,beb7c6e766c65d0e
1.0,1.0,1.0,0.8722377030652307,2021.07.09.15.53.28_veh-38_00184_02293,1.0,c405388eb23a03824f4626b0083e2b04a610abb6228eb623d38819ebc0ba146c,planner_dev1696_baseline,0.9467657096105128,ok,1.0,bff3326028ec59ab
1.0,1.0,1.0,1.0,2021.07.09.15.53.28_veh-38_00184_02293,1.0,a37252ec15ed215190822db7664e5097f41178d3521ecbd0700245900400d98b,planner_dev1696_baseline,1.0,ok,1.0,c00c768576c85009
1.0,1.0,1.0,1.0,2021.07.09.15.53.28_veh-38_00184_02293,1.0,0bc2c9bf6b59125ae342dcc89ecd3e65ba54925a2a8f6c06ebe36f1af7c8ce32,planner_dev1696_baseline,1.0,ok,1.0,c0a403cdf4c053bc
1.0,1.0,1.0,0.9398126833963341,2021.07.09.15.53.28_veh-38_00184_02293,1.0,f38db2a4c3e32c97331792c925d46fcc5522e4d5de01705f5e034c5c365cf9e5,planner_dev1696_baseline,0.9749219514151392,ok,1.0,c0dfedf6168e5ca9
1.0,1.0,1.0,0.8418504488565416,2021.07.09.15.53.28_veh-38_00184_02293,1.0,540db029ac79b53872516c0483909ee42739bce5200af9df67d8d3334f06ce44,planner_dev1696_baseline,0.9341043536902257,ok,1.0,c11fc5cf8d5a516e
1.0,1.0,1.0,1.0,2021.07.09.15.53.28_veh-38_00184_02293,1.0,b4c4af75cb6355d5233af6c1a85b42eb59e912f210b1942717912eda4805dd30,planner_dev1696_baseline,1.0,ok,1.0,c17473f5cacd51be
1.0,1.0,1.0,1.0,2021.07.09.15.53.28_veh-38_00184_02293,1.0,d203fa8116c0aecadb47ab64b18dfa06d6bf0ed1d1c3d5bdaeec0ccc4aa2ccdc,planner_dev1696_baseline,1.0,ok,1.0,c368ddc3ee435179
1.0,1.0,1.0,0.8226050061088664,2021.07.09.15.53.28_veh-38_00184_02293,1.0,1ccda3da621880011ea73739135274685b05897b2710b5d2c66748fe92a28b88,planner_dev1696_baseline,0.9260854192120277,ok,1.0,c3f177935f5f5d5e
1.0,1.0,1.0,0.8462437680243309,2021.07.09.15.53.28_veh-38_00184_02293,1.0,aa789269fe743e9ac43679c9802167ae17d5da10618564c04cabf459a11e4d38,planner_dev1696_baseline,0.9359349033434712,ok,1.0,c4220658d3095647
1.0,1.0,1.0,0.5340503186634994,2021.07.09.15.53.28_veh-38_00184_02293,1.0,e123384ae882a13d6baaebb72c1298bb373c4b6a8b80425f5e7d9967f42c528c,planner_dev1696_baseline,0.8058542994431247,ok,1.0,c57100ab365351a9
1.0,1.0,1.0,1.0,2021.07.09.15.53.28_veh-38_00184_02293,1.0,9851904f6fe427b607203683d9d5a864d644ae5baeb9b2dc71e4e7e152f2a20d,planner_dev1696_baseline,1.0,ok,1.0,c6de08f6ac3356ed
1.0,1.0,1.0,1.0,2021.07.09.15.53.28_veh-38_00184_02293,1.0,cf5372b1d2d76664270eece444c46ac08a9a1219364258ee235a4c1b5b65ec28,planner_dev1696_baseline,1.0,ok,1.0,c6e5078c49e6512e
1.0,1.0,1.0,0.9351917629135662,2021.07.09.15.53.28_veh-38_00184_02293,1.0,e75f5f6f63890f8244ffa1cc86962884bf92d2b857ca0b094e730befc2e2d5ff,planner_dev1696_baseline,0.9729965678806526,ok,1.0,c73e4e862203503a
1.0,1.0,1.0,1.0,2021.07.09.15.53.28_veh-38_00184_02293,1.0,0a985417b3dcf86809a5d8df1354fa5d75300ec3080ccdfc88b438cfb2a3bce5,planner_dev1696_baseline,1.0,ok,1.0,c7ed8536a3815721
1.0,1.0,1.0,1.0,2021.07.09.15.53.28_veh-38_00184_02293,1.0,cb79e6f026e9291400ebb8da31f71c5e3b23a3ed722e46441f4136e85ea7eb17,planner_dev1696_baseline,1.0,ok,1.0,c9cf9a6acf495b50
1.0,1.0,1.0,1.0,2021.07.09.15.53.28_veh-38_00184_02293,1.0,b505710d848ab1491ae20f98f79fb31af01ac1211f55192688b49ba9f034e55a,planner_dev1696_baseline,1.0,ok,1.0,caaeabfe1a50535c
1.0,1.0,1.0,0.9762462007055154,2021.07.09.15.53.28_veh-38_00184_02293,1.0,0ea169cf53f6a8463a93a7eb8e810e12a3160da3181b933edfcb6da731641a38,planner_dev1696_baseline,0.9901025836272982,ok,1.0,cb25d763e7bf5a13
1.0,1.0,1.0,0.8911726659660101,2021.07.09.15.53.28_veh-38_00184_02293,1.0,f383071fde9672e7f00007b65050eb0f0762e89f25e3c8aa0d2d42f848d2c6fb,planner_dev1696_baseline,0.9546552774858376,ok,1.0,cbb75454103b5430
1.0,1.0,1.0,1.0,2021.07.09.15.53.28_veh-38_00184_02293,1.0,4a9050a122a556d962396a32798724caad0e047325199dae12d8177485373193,planner_dev1696_baseline,1.0,ok,1.0,cbd9412932fc5ad1
1.0,1.0,1.0,1.0,2021.07.09.15.53.28_veh-38_00184_02293,1.0,28d69225bd74c7796f6830400e3c02c0042ac21ad322951bf7204d78fab19c0d,planner_dev1696_baseline,1.0,ok,1.0,cbd954347b835347
1.0,1.0,1.0,1.0,2021.07.09.15.53.28_veh-38_00184_02293,1.0,0a6f70458db40b43a06788495938ad5353121c3c5a8e867be422e5c22ed3c312,planner_dev1696_baseline,1.0,ok,1.0,cbde019469315d96
1.0,1.0,1.0,0.8266095240462275,2021.07.09.15.53.28_veh-38_00184_02293,1.0,ed2d5bdf0ce4f734d303e43f7e21e2dfb5965b18b75cd2fc2a0a828ed40aded7,planner_dev1696_baseline,0.9277539683525947,ok,1.0,cc27c4b666135bb2
1.0,1.0,1.0,0.6724443382916571,2021.07.09.15.53.28_veh-38_00184_02293,1.0,646077f05fabf2c8c57bed9a98241c25f3f88efc1d35de16d23f88d129ed60dc,planner_dev1696_baseline,0.8635184742881904,ok,1.0,cd10c3adba835576
1.0,1.0,1.0,1.0,2021.07.09.15.53.28_veh-38_00184_02293,1.0,cc5c90f3a44db5c13c6977f339eebca3fc8c671662b19ca40a7deade5f51c2de,planner_dev1696_baseline,1.0,ok,1.0,cd964face7a55b94
1.0,1.0,1.0,1.0,2021.07.09.15.53.28_veh-38_00184_02293,1.0,52b5286ff98ddb8b6e7ecd87cac09c6022452723cb4890da95959337e722b894,planner_dev1696_baseline,1.0,ok,1.0,cdec4cc7781e5d4d
1.0,1.0,1.0,0.6235845319702032,2021.07.09.15.53.28_veh-38_00184_02293,1.0,ded14f736e813cd76235a954bc9d0f3f6ecf18b450bbc84fcd017b9dc53d3bf9,planner_dev1696_baseline,0.8431602216542514,ok,1.0,cdf61e643b8e51b2
1.0,1.0,1.0,0.7166275934620053,2021.07.09.15.53.28_veh-38_00184_02293,1.0,8cef5986fa113abc1c3ff72c6bd4b4e5189c9f40c748e11f9996c941aaa8dc1e,planner_dev1696_baseline,0.8819281639425022,ok,1.0,ce22202f19695a70
1.0,0.0,1.0,0.0,2021.07.09.15.53.28_veh-38_00184_02293,1.0,745e3bd47cf62d61ca8067c9298fb9766012141c0da62ba4756ab7d5f8930569,planner_dev1696_baseline,0.0,ok,1.0,ce256aa4ec3e5725
1.0,1.0,1.0,1.0,2021.07.09.15.53.28_veh-38_00184_02293,1.0,ab5e46e092c46fb04114bbc085fcb6de6bc7575e45c61badfc68bfcf6a666e64,planner_dev1696_baseline,1.0,ok,1.0,cf1679ce3a565466
1.0,1.0,1.0,0.849088661017958,2021.07.09.15.53.28_veh-38_00184_02293,1.0,b78a229bdd06fe49b2c1f5a47a159ca60ba10c25b60c5ca19e111855254d5c04,planner_dev1696_baseline,0.9371202754241491,ok,1.0,cf3c3737fbc355eb
1.0,1.0,1.0,0.9798250985500332,2021.07.09.15.53.28_veh-38_00184_02293,1.0,226e776ddd2cb41b8586e3e1dfd581edb9285f730d8ed621b24fb2f44f6d6859,planner_dev1696_baseline,0.9915937910625138,ok,1.0,cf53947dbbef5730
1.0,1.0,1.0,0.8978717252220546,2021.07.09.15.53.28_veh-38_00184_02293,1.0,9ccccc3af081113cd38e7312ba6d28fbb97a75f21a38417089bf2f5571defebe,planner_dev1696_baseline,0.9574465521758562,ok,1.0,d13ac79c8321555f
1.0,1.0,1.0,1.0,2021.07.09.15.53.28_veh-38_00184_02293,1.0,65fc9aeaa8f0ec188dffcf6d77eb7900906460b261d7b4e8c1259ad04ee2ee7b,planner_dev1696_baseline,1.0,ok,1.0,d15d534ad5fb5212
1.0,0.0,1.0,0.0,2021.07.09.15.53.28_veh-38_00184_02293,1.0,67cfa4885f6a3944a7c62d80c98ff1b945d77edb892e918d6cd72c7c6ca6485c,planner_dev1696_baseline,0.0,ok,1.0,d1828b733a4857dd
1.0,1.0,1.0,1.0,2021.07.09.15.53.28_veh-38_00184_02293,1.0,968315a510ab06f9082f4a09c1337351cae7e19a69c7bc49c3465a762a9eab97,planner_dev1696_baseline,1.0,ok,1.0,d216d83e53955d24
1.0,1.0,1.0,0.7791347243521886,2021.07.09.15.53.28_veh-38_00184_02293,1.0,00362b323a6e89f214ede39c31b11daf3b14a0dbe9494911d659f94fc0562cb8,planner_dev1696_baseline,0.9079728018134118,ok,1.0,d28278a8dbb15ab5
1.0,1.0,1.0,0.9602255310280987,2021.07.09.15.53.28_veh-38_00184_02293,1.0,db28b6c51fdf8b37d981305f11b6356a128ff636ee6eaf00f8dc17afe90b5a08,planner_dev1696_baseline,0.9834273045950411,ok,1.0,d2d0ac3e597b5959
1.0,1.0,1.0,0.9563666290367436,2021.07.09.15.53.28_veh-38_00184_02293,1.0,5bcebf580af3888ce0248a08ac0ae3e0dcae08b9816c3cf2e9cf1f5ea4fa3c07,planner_dev1696_baseline,0.9818194287653098,ok,1.0,d2e11ce62743532a
1.0,1.0,1.0,0.8329134353285768,2021.07.09.15.53.28_veh-38_00184_02293,1.0,29f5191d14ade7950db4959d9e5578c290ed0ef3b772b648fb41f5328524baa3,planner_dev1696_baseline,0.9303805980535736,ok,1.0,d3ac5b4aac44586a
1.0,1.0,1.0,1.0,2021.07.09.15.53.28_veh-38_00184_02293,1.0,825e818fe04ee03c8c066de5582aee44d0bf84b087cef0d31bb3f7c2491dd6f3,planner_dev1696_baseline,1.0,ok,1.0,d3e39f5f0aed50d1
1.0,1.0,1.0,0.6955099678581703,2021.07.09.15.53.28_veh-38_00184_02293,1.0,ec8ee771ac9c449dd6f2d88b7d9cb850e3e89723839e79f1866e0fa5add785fd,planner_dev1696_baseline,0.8731291532742377,ok,1.0,d4bb3dc7c7005656
1.0,1.0,1.0,1.0,2021.07.09.15.53.28_veh-38_00184_02293,1.0,2db9754daca8f4e4d46e3dd5ff10bbfb6602241f30354953052474c47f04e9a0,planner_dev1696_baseline,1.0,ok,1.0,d4d0d31bd49b525a
1.0,1.0,1.0,0.5960568929821929,2021.07.09.15.53.28_veh-38_00184_02293,1.0,0ee886456843dcd016499c1133e2e01024ee61ce462e0629f2104bf16dac695b,planner_dev1696_baseline,0.8316903720759137,ok,1.0,d5f3fa4290b459df
1.0,1.0,1.0,0.8959087853701893,2021.07.09.15.53.28_veh-38_00184_02293,1.0,33be15810af74a9e2bb80acddf6da230529976f5ead9968c54d460aae689f1d8,planner_dev1696_baseline,0.9566286605709121,ok,1.0,d61967204e52594f
1.0,1.0,1.0,1.0,2021.07.09.15.53.28_veh-38_00184_02293,1.0,2f4381ebd6f2872fad5244670be90504177a7139018b10c35c17fbfc05485593,planner_dev1696_baseline,1.0,ok,1.0,d61a2d5301f15b77
1.0,1.0,1.0,0.9921440667769453,2021.07.09.15.53.28_veh-38_00184_02293,1.0,d6340e91ffe57dc811b8ac4cbb3b5e4c34afdf2b1f458163df0debef75e9d4b1,planner_dev1696_baseline,0.9967266944903939,ok,1.0,d679a3e70e39596e
1.0,1.0,1.0,0.8684701329174368,2021.07.09.15.53.28_veh-38_00184_02293,1.0,f27797694abbdd176c884f33b7e94b1fa74c069cfb9137db0a303fec554840c9,planner_dev1696_baseline,0.9451958887155986,ok,1.0,d6997b98b3085c2b
1.0,1.0,1.0,0.8455856648729169,2021.07.09.15.53.28_veh-38_00184_02293,1.0,0620f4de85e4f0af2b6e2ae89fd3e8165840ca37bf8cc1f3270e2678373cef00,planner_dev1696_baseline,0.9356606936970486,ok,1.0,d7a0fd1066dc5ce5
1.0,1.0,1.0,1.0,2021.07.09.15.53.28_veh-38_00184_02293,1.0,b71cb54dfc5e0dfeb76444935e8dd5b03aa1381b40edc049901aaa589ca3a5e9,planner_dev1696_baseline,1.0,ok,1.0,d84af418335b5dbe
1.0,1.0,1.0,0.8511057153757838,2021.07.09.15.53.28_veh-38_00184_02293,1.0,d6455e2b2634fa91825aff773383f9047d9c5ef8ddefc12a15c522b53549d7e2,planner_dev1696_baseline,0.9379607147399099,ok,1.0,d877af354e355798
1.0,1.0,1.0,1.0,2021.07.09.15.53.28_veh-38_00184_02293,1.0,e851f3ed574cec148c1bca783ffda01412c20c0c4e5913ffdbb218c48c3a68e1,planner_dev1696_baseline,1.0,ok,1.0,d8d46f536585556f
1.0,1.0,1.0,0.879712972053286,2021.07.09.15.53.28_veh-38_00184_02293,1.0,b03b64c0dc04a2e45f1bca6d1ad24290343e65037a04f907be34485ee11d6387,planner_dev1696_baseline,0.9498804050222024,ok,1.0,d8f097f9fa2e52f7
1.0,1.0,1.0,0.8840175822112667,2021.07.09.15.53.28_veh-38_00184_02293,1.0,6b297874b2b8cd34f744b73bd319ae6ff0a66833a179e61bb2cb6c86fbe78d0c,planner_dev1696_baseline,0.9516739925880278,ok,1.0,d967ad2a03a1521a
1.0,1.0,1.0,1.0,2021.07.09.15.53.28_veh-38_00184_02293,1.0,34765058c30f1cbae0237378ebe3d18b7bca5a25b7d48549a7d166a40f3583a8,planner_dev1696_baseline,1.0,ok,1.0,d9defa86501154b4
1.0,1.0,1.0,1.0,2021.07.09.15.53.28_veh-38_00184_02293,1.0,cc2b94fe6f70eeed154d95c4652d26903ec11dd15395bd05fd137b97db22f975,planner_dev1696_baseline,1.0,ok,1.0,d9e2c39b092159c4
1.0,1.0,1.0,0.8620021587853173,2021.07.09.15.53.28_veh-38_00184_02293,1.0,df644abdaa1d63ab4ef042c58b63069e338046cb910fc4198a3dc56a12bcc7ab,planner_dev1696_baseline,0.9425008994938823,ok,1.0,da2f830999325306
1.0,1.0,1.0,0.7636567995870229,2021.07.09.15.53.28_veh-38_00184_02293,1.0,046b278bada7b5ddfff8c1952a02fa2ffb1e32c14e837246438e3cec9d4b8ac3,planner_dev1696_baseline,0.9015236664945929,ok,1.0,db5aa5f382f25aaa
1.0,1.0,1.0,1.0,2021.07.09.15.53.28_veh-38_00184_02293,1.0,de23ea6d52fb5351a69c52021eb1f9a9521a26db66ea428ddce49e41d18b71ba,planner_dev1696_baseline,1.0,ok,1.0,dbdde78f03545776
1.0,1.0,1.0,1.0,2021.07.09.15.53.28_veh-38_00184_02293,1.0,04cb55f5a37ea025a1c4881fe0a3d249435fe9db6b5228fdd8ba3d65f7a48e5e,planner_dev1696_baseline,1.0,ok,1.0,dbe9196d84d9511c
1.0,1.0,1.0,0.9387511252107895,2021.07.09.15.53.28_veh-38_00184_02293,1.0,63042ca482874ddb0bccb3c27c1e98fcf9d388c7fea75496c5a729470529b14e,planner_dev1696_baseline,0.9744796355044957,ok,1.0,dca94801958a53aa
1.0,1.0,1.0,1.0,2021.07.09.15.53.28_veh-38_00184_02293,1.0,ad8e27b0fb150ed839d4a5395487d6128b386f59088ac4a1a1bb8a6e2ee1eb99,planner_dev1696_baseline,1.0,ok,1.0,dd35faabfd005af0
1.0,1.0,1.0,1.0,2021.07.09.15.53.28_veh-38_00184_02293,1.0,ef19415087c19e8e835817c7c6d9c222eb8c3869d8f490025792a34b9080841f,planner_dev1696_baseline,1.0,ok,1.0,dd4e1fa056b456f3
1.0,1.0,1.0,0.949205152014347,2021.07.09.15.53.28_veh-38_00184_02293,1.0,0b01221d74243570ab8b2d3f4cef06e1f333c000fa2f89e8c96daea0e2f739ab,planner_dev1696_baseline,0.9788354800059779,ok,1.0,dd8848619c6f5c22
1.0,1.0,1.0,0.7092180540251076,2021.07.09.15.53.28_veh-38_00184_02293,1.0,178c113904c7002478aa81b1d1d9b2391b5c83a1a2a5e8999ae7a17935a04a6f,planner_dev1696_baseline,0.8788408558437949,ok,1.0,de7549a363f15a36
1.0,1.0,1.0,1.0,2021.07.09.15.53.28_veh-38_00184_02293,1.0,fd58a6bdd39e8f95884ea3457de003c1c3a98e8247b0450c3ceb16b2a9111c61,planner_dev1696_baseline,1.0,ok,1.0,de99492d90ed5808
1.0,1.0,1.0,0.9217883379156084,2021.07.09.15.53.28_veh-38_00184_02293,1.0,6f5f4972e5f23a33b38e924d0e4770b3f0e86b16125a4bee0b5d8f91c29f7cfe,planner_dev1696_baseline,0.9674118074648369,ok,1.0,df09da21f9a35c0c
1.0,1.0,1.0,0.9288765224940843,2021.07.09.15.53.28_veh-38_00184_02293,1.0,51e34dfc413c93742bcf6bf6bf1c10bf3bdf4ec174b879e846c92a36fbd1280b,planner_dev1696_baseline,0.9703652177058685,ok,1.0,df242b87199d5acb
1.0,1.0,1.0,0.9486709432246296,2021.07.09.15.53.28_veh-38_00184_02293,1.0,6ed8bf23fe4d33c5940126c6e033ee530a61f2fbb8742aa4d8b498ee3038529f,planner_dev1696_baseline,0.9786128930102623,ok,1.0,e003efe0bcee5ce5
1.0,1.0,1.0,1.0,2021.07.09.15.53.28_veh-38_00184_02293,1.0,3aee7d7209c83866c289babab915b2028180b0dbab29ed272040f26af59573b5,planner_dev1696_baseline,1.0,ok,1.0,e0488ea0836c5bf6
1.0,1.0,1.0,0.9217095883579476,2021.07.09.15.53.28_veh-38_00184_02293,1.0,b6c4ce6064f54496d19bb47e79bbeee6042624b250e0f7a6a53a1d84b4e22617,planner_dev1696_baseline,0.9673789951491448,ok,1.0,e07749952a0f5f5d
1.0,1.0,1.0,1.0,2021.07.09.15.53.28_veh-38_00184_02293,1.0,e205458207ef9444d021ef2ae524d082e0beb0fb646a211839640c3c66b3a1e6,planner_dev1696_baseline,1.0,ok,1.0,e0893a06ed5e5bb3
1.0,1.0,1.0,1.0,2021.07.09.15.53.28_veh-38_00184_02293,1.0,31d3c276c07ad7f1e43a806d714469fc3a684f6dd3e9405ccf8750b96ccabda5,planner_dev1696_baseline,1.0,ok,1.0,e24fd0e278275c0b
1.0,1.0,1.0,1.0,2021.07.09.15.53.28_veh-38_00184_02293,1.0,fedd0c93eadc1eb18bb9ffc35167b627466dc472c013d202775a7270069053f0,planner_dev1696_baseline,1.0,ok,1.0,e26a0932b153560d
1.0,1.0,1.0,0.8490675270430955,2021.07.09.15.53.28_veh-38_00184_02293,1.0,908ae542bb24f93553192e25323c9aec02a03b23edd8c7a2d35773c25eacd6e9,planner_dev1696_baseline,0.9371114696012898,ok,1.0,e31bf22d49f454e8
1.0,1.0,1.0,0.9801134837532038,2021.07.09.15.53.28_veh-38_00184_02293,1.0,e842fd0da0fb6da3d3543b94497f45987a092d829cd6db4fb3ad374459892996,planner_dev1696_baseline,0.991713951563835,ok,1.0,e340e429f0015853
1.0,1.0,1.0,1.0,2021.07.09.15.53.28_veh-38_00184_02293,1.0,7a69ff5a60f4257aea820d84f5b47bd75818aca6d05c01e263acdfc5e987f83f,planner_dev1696_baseline,1.0,ok,1.0,e3da0e20e0b556fc
1.0,1.0,1.0,0.819613077353106,2021.07.09.15.53.28_veh-38_00184_02293,1.0,2b04b1e89e566b7257dbab20744717503710e80d268aa580c791360877013bc6,planner_dev1696_baseline,0.9248387822304608,ok,1.0,e3e96778dac3541c
1.0,1.0,1.0,0.9102885266625994,2021.07.09.15.53.28_veh-38_00184_02293,1.0,eaf84beafddc4bba3b081faba14cc8d978d72a863bd9b720dd752ef5aef2f87e,planner_dev1696_baseline,0.9626202194427499,ok,1.0,e43549ea94f75b60
1.0,1.0,1.0,1.0,2021.07.09.15.53.28_veh-38_00184_02293,1.0,8114bfd149fb83dec576516e8812b9dc5d95f864022dd786e6dfe58f203a1af0,planner_dev1696_baseline,1.0,ok,1.0,e436b19cf83151cc
1.0,1.0,1.0,1.0,2021.07.09.15.53.28_veh-38_00184_02293,1.0,f09a3058b9818703c321dc2a269039dab416b230744105a6f9a062fbbe667f89,planner_dev1696_baseline,1.0,ok,1.0,e4d05b1ce25250bb
1.0,1.0,1.0,0.9951895579145933,2021.07.09.15.53.28_veh-38_00184_02293,1.0,fcbf936c49b879ba6846556a36540379f17322b09f77170fabe10d9c756d980a,planner_dev1696_baseline,0.9979956491310805,ok,1.0,e5581fb84ddb5ffb
1.0,1.0,1.0,1.0,2021.07.09.15.53.28_veh-38_00184_02293,1.0,c6e39a0ea8736da0add905d372725483fc06104e508a431ed147ebce5453bb4f,planner_dev1696_baseline,1.0,ok,1.0,e58acbf0106153ad
1.0,1.0,1.0,1.0,2021.07.09.15.53.28_veh-38_00184_02293,1.0,aaf955585bb521987428b4c1164646210151ca64aa3304ad511515442556764f,planner_dev1696_baseline,1.0,ok,1.0,e5b1df76988c57a7
1.0,1.0,1.0,0.797503149977415,2021.07.09.15.53.28_veh-38_00184_02293,1.0,54b1597971bcf1aab13ef2ad5ba6d09c09f3a3dfb019df7a77d4e5d252384dd7,planner_dev1696_baseline,0.9156263124905896,ok,1.0,e614a559776c5e86
1.0,1.0,1.0,0.8305556102793802,2021.07.09.15.53.28_veh-38_00184_02293,1.0,29b44ee8e8afaccc82bd21e6b82caa5a66de6ecf31bedb9b25110a52bc3d6ae7,planner_dev1696_baseline,0.9293981709497418,ok,1.0,e634731f91015bab
1.0,1.0,1.0,0.7893166894834549,2021.07.09.15.53.28_veh-38_00184_02293,1.0,d51b5343090909671e2837a1ffa32d21d51ef9d0bcb2940b408faebfb24d75c2,planner_dev1696_baseline,0.912215287284773,ok,1.0,e6aabd1342ce54e2
1.0,1.0,1.0,1.0,2021.07.09.15.53.28_veh-38_00184_02293,1.0,0c3e4adb54aba2bf0d5295c3f58101ce2e645217e65e03ddcaef9d3ca868fb09,planner_dev1696_baseline,1.0,ok,1.0,e6c4af98a23f5868
1.0,1.0,1.0,1.0,2021.07.09.15.53.28_veh-38_00184_02293,1.0,ad3e97acb654e146ab4dc638f05c25dd47c9965e0c1c4ebb73484b31ba34667d,planner_dev1696_baseline,1.0,ok,1.0,e6e9a5b8b26755b2
1.0,1.0,1.0,1.0,2021.07.09.15.53.28_veh-38_00184_02293,1.0,f0a10ad994949ff9de184087e35b0233cf8c90357007a77d1b696981945467f5,planner_dev1696_baseline,1.0,ok,1.0,e71499ec7fd254e9
1.0,1.0,1.0,0.7779574004301936,2021.07.09.15.53.28_veh-38_00184_02293,1.0,f59fa296e0a9909a52902ce4c4057d2f384b0b2e7610e14da015e0f50f4685b7,planner_dev1696_baseline,0.9074822501792473,ok,1.0,e732f7c659b45197
1.0,1.0,1.0,1.0,2021.07.09.15.53.28_veh-38_00184_02293,1.0,803b8ab4c817b3481479b59abf79e15af0b5384dc3e6b5ea032eec37ce525d4a,planner_dev1696_baseline,1.0,ok,1.0,e739a390b2a55648
1.0,1.0,1.0,0.8271166349505135,2021.07.09.15.53.28_veh-38_00184_02293,1.0,125dc6aaa61dcf560ae34a1422f3980f977ce58cbc710806fd3c4bde933ba248,planner_dev1696_baseline,0.927965264562714,ok,1.0,e76566d4d20c5377
1.0,1.0,1.0,0.7822995607118232,2021.07.09.15.53.28_veh-38_00184_02293,1.0,28f6db0f515abf80b860c12c080a3342ff5f17786c49bf3831473981f37579bf,planner_dev1696_baseline,0.9092914836299263,ok,1.0,e833b6b388c1524e
1.0,1.0,1.0,0.925069262211331,2021.07.09.15.53.28_veh-38_00184_02293,1.0,c0337fd110abd3062e6a4557317eebd88cb4080aefeb512a3f1aecb4b8beb8d1,planner_dev1696_baseline,0.9687788592547212,ok,1.0,e842f8018dfe58b3
1.0,1.0,1.0,0.8199934015401511,2021.07.09.15.53.28_veh-38_00184_02293,1.0,a4e388c4c4829c1b33ad0edb171667ecc92829deffd76e6fbec43378f80288d0,planner_dev1696_baseline,0.9249972506417296,ok,1.0,e856cc5561ca564e
1.0,1.0,1.0,0.8604799185765075,2021.07.09.15.53.28_veh-38_00184_02293,1.0,24f97eb1cb1bd376aebaa9b4667be16ce3147712bda40e90fb4bac4021a156fc,planner_dev1696_baseline,0.9418666327402114,ok,1.0,e95323b100c25a0a
1.0,1.0,1.0,1.0,2021.07.09.15.53.28_veh-38_00184_02293,1.0,69248a390a9faaa7c7156e5675c559c94f441aea647b4a29dd3fb610523ce5a5,planner_dev1696_baseline,1.0,ok,1.0,e96e62b9e81d5042
1.0,1.0,1.0,1.0,2021.07.09.15.53.28_veh-38_00184_02293,1.0,eb77a3d8d544dfbff7f83ae921092502922d9892289b98d12a8a166c25cbada4,planner_dev1696_baseline,1.0,ok,1.0,e9a30e8cbad951bb
1.0,1.0,1.0,1.0,2021.07.09.15.53.28_veh-38_00184_02293,1.0,32d34866259ef9926d54c6a0a8ab7a738c217625a37954ba9514c60a2112b8c3,planner_dev1696_baseline,1.0,ok,1.0,ea31a137b6b45663
1.0,1.0,0.0,0.7403283938578424,2021.07.09.15.53.28_veh-38_00184_02293,1.0,693a617cfd544238699dc05f07fdeaf55fad94d07a196cc695d4e45157313273,planner_dev1696_baseline,0.8918034974407677,ok,1.0,ea7675073d935aed
1.0,1.0,1.0,0.832819503336245,2021.07.09.15.53.28_veh-38_00184_02293,1.0,9a3df65dea92b9071a4aeb5ef57a2b3b6f8e05bb4064d242403e361f798f5a3b,planner_dev1696_baseline,0.9303414597234353,ok,1.0,eaad335cb62c57b0
1.0,1.0,1.0,0.7542430964028505,2021.07.09.15.53.28_veh-38_00184_02293,1.0,bdceb6fa0be87b832406c71e69133a8ebd262e5d365522665d352f904eb5f172,planner_dev1696_baseline,0.8976012901678544,ok,1.0,eacad86eaed255f7
1.0,1.0,1.0,1.0,2021.07.09.15.53.28_veh-38_00184_02293,1.0,4653d95b99f75764007471ef4a4596f3b2fad1fe0c89aebe2df6d057accecd15,planner_dev1696_baseline,1.0,ok,1.0,eb03710881e25401
1.0,1.0,1.0,1.0,2021.07.09.15.53.28_veh-38_00184_02293,1.0,71cf6829d8482adb9daa7f1c7849a50a2a64510324d55f95040f6149726dec50,planner_dev1696_baseline,1.0,ok,1.0,ebb818fca3895a2c
1.0,1.0,1.0,0.8452184576475795,2021.07.09.15.53.28_veh-38_00184_02293,1.0,b654eba5ec140c80dcf27ecf64e98dd1aa8652680b181529d9147bfe8a306c64,planner_dev1696_baseline,0.9355076906864914,ok,1.0,ec21e03ea67054d6
1.0,1.0,1.0,0.7027918583311767,2021.07.09.15.53.28_veh-38_00184_02293,1.0,dff2ea9fab1fa45da9c0ad40cfae271248ea62cf0c4f6479666331e9e83818a7,planner_dev1696_baseline,0.8761632743046569,ok,1.0,ec965c8ae1c75447
1.0,0.0,1.0,0.0,2021.07.09.15.53.28_veh-38_00184_02293,1.0,78f9797e6625fc2855c1c42bcce1217a7638ddb73a0fce529d01ed3c471647bb,planner_dev1696_baseline,0.0,ok,1.0,ed29591fde515907
1.0,1.0,1.0,1.0,2021.07.09.15.53.28_veh-38_00184_02293,1.0,3c4dbca48dcd00dcd9ab87c994628eef30cfe99c24132827320f58da41e7b317,planner_dev1696_baseline,1.0,ok,1.0,ee0c42f87de45144
1.0,1.0,1.0,1.0,2021.07.09.15.53.28_veh-38_00184_02293,1.0,b9833039553f1be611e53a2a8a6cdecac8c88551f0734eb8f98a497415172fd4,planner_dev1696_baseline,1.0,ok,1.0,ee7c43384142579a
1.0,1.0,1.0,1.0,2021.07.09.15.53.28_veh-38_00184_02293,1.0,cfb59e15cd4c80a1d15e9cd3e12cc6d6bb34b2da4c96464d936099ceaf22b1f6,planner_dev1696_baseline,1.0,ok,1.0,ee92fc8a2ab55014
1.0,1.0,1.0,0.9482915725365472,2021.07.09.15.53.28_veh-38_00184_02293,1.0,c500d22a37f601c38c8ccc1a65766ce120ee4d42c350cb80476f2089b8abef5e,planner_dev1696_baseline,0.978454821890228,ok,1.0,eeed45662dfb5a80
1.0,1.0,1.0,1.0,2021.07.09.15.53.28_veh-38_00184_02293,1.0,df4d5fce8992aba86e44d681d79c7cfb5e1a677695e23fd1762e7f9e1b1f5341,planner_dev1696_baseline,1.0,ok,1.0,eefc6568a4155b8b
1.0,1.0,1.0,0.8864569839231223,2021.07.09.15.53.28_veh-38_00184_02293,1.0,9742664ee831a1f99816a28a78232821dde6aedb7dc52e2dc9ba9a64788049d8,planner_dev1696_baseline,0.9526904099679676,ok,1.0,ef00d067ff7a582f
1.0,1.0,1.0,1.0,2021.07.09.15.53.28_veh-38_00184_02293,1.0,17388072bbc4bb8055c96825d3b03ed3c03746faeaa2e60806830fdc0ecc3087,planner_dev1696_baseline,1.0,ok,1.0,eff7dd683f505235
1.0,1.0,1.0,0.8142065761411987,2021.07.09.15.53.28_veh-38_00184_02293,1.0,ca8178b814e8cecfe53de141994127736bb1b8333e6ed2079ef1070ab2858d7e,planner_dev1696_baseline,0.9225860733921661,ok,1.0,f0273e69f5bb54e1
1.0,1.0,1.0,1.0,2021.07.09.15.53.28_veh-38_00184_02293,1.0,3f5b93bbee89f13a9ab532b884fc168d8c8e1ecc1125b23dcf52e6f9d6df40c9,planner_dev1696_baseline,1.0,ok,1.0,f0ef32a63b3659a6
1.0,1.0,1.0,1.0,2021.07.09.15.53.28_veh-38_00184_02293,1.0,8e8d29c868dc763b328c923a4aa80ac0d789a65f19191355fc4c8476fea92d23,planner_dev1696_baseline,1.0,ok,1.0,f16673a85d0e5f75
1.0,1.0,1.0,0.8324181745390676,2021.07.09.15.53.28_veh-38_00184_02293,1.0,6da2cd96b64170d5ddab1b667bedf48968a0709fc92bf0278e51630c2b52c3ba,planner_dev1696_baseline,0.9301742393912781,ok,1.0,f295db8f52065e16
1.0,1.0,1.0,1.0,2021.07.09.15.53.28_veh-38_00184_02293,1.0,bf1d16a94a55752a6ffe3b0fbbebf122a1b7363b600399cd1d21099c479635e4,planner_dev1696_baseline,1.0,ok,1.0,f35a76fdbc2259da
1.0,1.0,1.0,1.0,2021.07.09.15.53.28_veh-38_00184_02293,1.0,73f8c650ad6cec6decf11f594f5b172b56ca921e70d8fd1a4837960b25e82d33,planner_dev1696_baseline,1.0,ok,1.0,f37e5cad3010539f
1.0,1.0,1.0,1.0,2021.07.09.15.53.28_veh-38_00184_02293,1.0,301801e540ab7d03785dde09e1fa04941359ef50bf4928bd575ca03cc5d9258c,planner_dev1696_baseline,1.0,ok,1.0,f3d5e1d06f2e5c41
1.0,1.0,1.0,0.6570159721171761,2021.07.09.15.53.28_veh-38_00184_02293,1.0,83d55331f36eec41f51860de061713c16e78cbedc2499e4b54846b702a630823,planner_dev1696_baseline,0.8570899883821568,ok,1.0,f4454ab06873565e
1.0,1.0,1.0,0.7884911407042803,2021.07.09.15.53.28_veh-38_00184_02293,1.0,1ad8dd0bd4601598c038f2946d88919772c6caf70f3b316ef2e999354a97d4f3,planner_dev1696_baseline,0.9118713086267835,ok,1.0,f45108d76421595f
1.0,1.0,1.0,0.7585116263267525,2021.07.09.15.53.28_veh-38_00184_02293,1.0,e2b149ff1b7d9224cf172b2f58411c30aa16c3fa199e364e12c3856d40afed5b,planner_dev1696_baseline,0.8993798443028136,ok,1.0,f65da3ca0d4f55ad
1.0,1.0,1.0,1.0,2021.07.09.15.53.28_veh-38_00184_02293,1.0,a166f74aa4426aecf0c613e4b4dacfc75d928aebfd18aa2a80febf9841c04fc7,planner_dev1696_baseline,1.0,ok,1.0,f683ad32ef3f5b4e
1.0,1.0,1.0,1.0,2021.07.09.15.53.28_veh-38_00184_02293,1.0,c4f872bebaff9655912156563d499ac58cfb2e7991f5d354767061a5b3afea20,planner_dev1696_baseline,1.0,ok,1.0,f686e9b2f7c35d4c
1.0,1.0,1.0,1.0,2021.07.09.15.53.28_veh-38_00184_02293,1.0,2e599398239eb11dc9837ee9b6ddfaa4ac30b4e32f315f7faaf22aa189322903,planner_dev1696_baseline,1.0,ok,1.0,f6ca17e70e9e53c5
1.0,1.0,1.0,0.9347449472416108,2021.07.09.15.53.28_veh-38_00184_02293,1.0,5d0f935b98ba0e8ea96e1097a1822db4771f5c204b50f77d59d8452b41709651,planner_dev1696_baseline,0.9728103946840045,ok,1.0,f6d05b10abff5140
1.0,1.0,1.0,1.0,2021.07.09.15.53.28_veh-38_00184_02293,1.0,6164d955272ad4f892d8c20030547f845a37f463fec9fd094f5258a0f1460de0,planner_dev1696_baseline,1.0,ok,1.0,f6d84360042f5d19
1.0,1.0,1.0,1.0,2021.07.09.15.53.28_veh-38_00184_02293,1.0,0e095b9f7ceb953daea01cd1dad28975def85f76733760d0d7f8f0878a7c0fc5,planner_dev1696_baseline,1.0,ok,1.0,f7b4d7400b585640
1.0,1.0,1.0,1.0,2021.07.09.15.53.28_veh-38_00184_02293,1.0,642c091405b87c92e96667e5e2bc7035cf60f8eadbab8a87177645b3ddb2b090,planner_dev1696_baseline,1.0,ok,1.0,f7d65f30d6075c18
1.0,1.0,1.0,0.5502190810121358,2021.07.09.15.53.28_veh-38_00184_02293,1.0,1927ba6828aebfbb59a9fb89cd2a2e13065c9ea4e417739d3391d31ecc03da41,planner_dev1696_baseline,0.8125912837550566,ok,1.0,f80bb56c694d55ae
1.0,1.0,1.0,1.0,2021.07.09.15.53.28_veh-38_00184_02293,1.0,e5d2a05f106395d0ee66bbfc302b75094ebf2a45a5470f797579cd7cdbd7c908,planner_dev1696_baseline,1.0,ok,1.0,f81f1d9d43f75c37
1.0,1.0,1.0,0.5839449460627995,2021.07.09.15.53.28_veh-38_00184_02293,1.0,c5c42c9c6369365988f8a4e7277a83c46c195982c9158e2e692a6ff6d553f748,planner_dev1696_baseline,0.8266437275261665,ok,1.0,f83ebda95db35f05
1.0,1.0,1.0,1.0,2021.07.09.15.53.28_veh-38_00184_02293,1.0,79d5e2c9ec132175f818a94fe4ada36d27489a22d2a3f782176e89cb2c929434,planner_dev1696_baseline,1.0,ok,1.0,f89bd37b0daf5c8a
1.0,1.0,0.0,0.9105972454036733,2021.07.09.15.53.28_veh-38_00184_02293,1.0,a2044b815319e222124280aeedfd46a3feefc16b367a424bf2277c53ecc8844a,planner_dev1696_baseline,0.9627488522515305,ok,1.0,f8bb1f5f15f0545e
1.0,1.0,1.0,0.9715729640910757,2021.07.09.15.53.28_veh-38_00184_02293,1.0,cbbf683efe43f8fe16b18351f9a0dfcc970eb50271db891a84cdba67fb76bb49,planner_dev1696_baseline,0.9881554017046149,ok,1.0,f98865ec9ca2540a
1.0,1.0,1.0,1.0,2021.07.09.15.53.28_veh-38_00184_02293,1.0,ef5d4189772a020efc018a6500c522ce1d7777b4040ad02ef89294781b5c497b,planner_dev1696_baseline,1.0,ok,1.0,f9cc839f6daf59a7
1.0,1.0,1.0,1.0,2021.07.09.15.53.28_veh-38_00184_02293,1.0,2719888a0fcd548336c370ab892c1208f3ced39fdb61bff678524c7babe9abe7,planner_dev1696_baseline,1.0,ok,1.0,fab83ce7307f5eb1
1.0,1.0,1.0,0.9234658379860663,2021.07.09.15.53.28_veh-38_00184_02293,1.0,b252e6b7ac5faae656d6660a1549c8aeb2977b8cf999aeedffa09be589ea811f,planner_dev1696_baseline,0.9681107658275275,ok,1.0,fbaf220f056b5918
1.0,1.0,1.0,0.9861059036105854,2021.07.09.15.53.28_veh-38_00184_02293,1.0,842e6d4bdaef5223574a133dde8ff76e4ba6c018ef878faaf80c685fc8f2fc4f,planner_dev1696_baseline,0.9942107931710772,ok,1.0,fc4b553b82f3573e
1.0,1.0,1.0,1.0,2021.07.09.15.53.28_veh-38_00184_02293,1.0,94766e4cd68055a41a61dcf85157b8c9d8324230a0bead9b3f65e20a04c7abdb,planner_dev1696_baseline,1.0,ok,1.0,fd6714343cac5c89
1.0,1.0,1.0,0.7782166821708625,2021.07.09.15.53.28_veh-38_00184_02293,1.0,95f8c7cd3356aef7fcec7e7a99ff5e9d2f1ed21a3fe5cc78c38199b288822951,planner_dev1696_baseline,0.9075902842378594,ok,1.0,fdab862a77fb5c90
1.0,1.0,1.0,1.0,2021.07.09.15.53.28_veh-38_00184_02293,1.0,4428ea8e4596e2e83059502d9249755e828a9ac76b8de0b1e69420c17ec5b8ba,planner_dev1696_baseline,1.0,ok,1.0,fe2ac8c198fa5790
1.0,1.0,1.0,1.0,2021.07.09.15.53.28_veh-38_00184_02293,1.0,01529c4b8e3d223ea0c1a80e87cb6545da0133f46254cebbdb794f0a81643cd8,planner_dev1696_baseline,1.0,ok,1.0,fe821d61eef757d7
1.0,1.0,1.0,1.0,2021.07.09.15.53.28_veh-38_00184_02293,1.0,59f1915264ed641b978247c344d3146ce22f2a130657e624f5cf4c7591288a21,planner_dev1696_baseline,1.0,ok,1.0,feafc7509f0f51cf
1.0,1.0,1.0,1.0,2021.07.09.15.53.28_veh-38_00184_02293,1.0,842858442d41a67c117f229421a2c2f62a1aaacdc2dec2aa2c420fc4a385769c,planner_dev1696_baseline,1.0,ok,1.0,fee8806b92c9501e
1.0,1.0,1.0,1.0,2021.06.09.12.51.31_veh-35_01729_02626,1.0,06117eccf33da4d9b14e8aa6b56f82eb69f7787e22094daa0a575becaf3bc7f4,planner_dev1696_baseline,1.0,ok,1.0,02199704c082520f
1.0,1.0,1.0,0.7970887916114648,2021.06.09.12.51.31_veh-35_01729_02626,1.0,80ae65f99042dad78e74abeeebf20daca5edd249942dd95d0d13efa26edd70de,planner_dev1696_baseline,0.9154536631714437,ok,1.0,0228fd10f8c05bd4
1.0,1.0,1.0,0.9878199427627958,2021.06.09.12.51.31_veh-35_01729_02626,1.0,80b6a3d66655e4e9cc473cfa96d8bdd2341e867a6c02acc56a766cea98e383bf,planner_dev1696_baseline,0.9949249761511649,ok,1.0,025b6096a0af5d87
1.0,1.0,1.0,1.0,2021.06.09.12.51.31_veh-35_01729_02626,1.0,ea6398e0fc7d327864c86f40e82094975554c09930cbd0c99e53f4b0ed64fd93,planner_dev1696_baseline,1.0,ok,1.0,039064e3ab615ba4
1.0,1.0,1.0,1.0,2021.06.09.12.51.31_veh-35_01729_02626,1.0,50005e919c21271300cebde3e7a04f21a29fe3a1348d556bde30d1fc10b5c903,planner_dev1696_baseline,1.0,ok,1.0,03e725fe0ab95f02
1.0,1.0,1.0,0.9697465800035392,2021.06.09.12.51.31_veh-35_01729_02626,1.0,7b4c783b42523ff5de5f2143125bfd986a8520c1330cd3ba5665ebdde8311a8e,planner_dev1696_baseline,0.987394408334808,ok,1.0,047b29ae8a2d50c3
1.0,1.0,1.0,0.9622549709128152,2021.06.09.12.51.31_veh-35_01729_02626,1.0,233532509ccbfe08a278779f578cec11be50fe9cf2a435451195e7dc887891f0,planner_dev1696_baseline,0.9842729045470063,ok,1.0,049ac1985c175ddb
1.0,1.0,1.0,0.6904323497933115,2021.06.09.12.51.31_veh-35_01729_02626,1.0,5947a1f677736213ec95746913c72525e21e05a6111bdc3d12af93076daa8e9a,planner_dev1696_baseline,0.8710134790805464,ok,1.0,0769d9f9498e5f51
1.0,1.0,1.0,1.0,2021.06.09.12.51.31_veh-35_01729_02626,1.0,ea2c633b32978fc1decf9b8fd6caba1057deef21e6968a435a0b2975c87f9f96,planner_dev1696_baseline,1.0,ok,1.0,0b890a5dbdaf53aa
1.0,1.0,1.0,1.0,2021.06.09.12.51.31_veh-35_01729_02626,1.0,70d05715edc914e693ae5f21cee47063cb54ef4e64fcbe195fadd0f23f60a1f8,planner_dev1696_baseline,1.0,ok,1.0,100ee55049cc584e
1.0,1.0,1.0,0.7766447811589752,2021.06.09.12.51.31_veh-35_01729_02626,1.0,52f4e7157543aa71df13c34db26594a739090ba029c2780d8c23c4917fc3d343,planner_dev1696_baseline,0.9069353254829062,ok,1.0,102b90da87b851bf
1.0,1.0,1.0,1.0,2021.06.09.12.51.31_veh-35_01729_02626,1.0,90210d09e7a509d93cd48dafa82b180bf3295e2b6875263d67c0b12379e41bf9,planner_dev1696_baseline,1.0,ok,1.0,104fd3ad395d5ded
1.0,1.0,1.0,0.8845229399234339,2021.06.09.12.51.31_veh-35_01729_02626,1.0,898bd3ec30f04a0ece54ca588b863fec22f1ea3c39c37f344d47e1616daea1b9,planner_dev1696_baseline,0.9518845583014309,ok,1.0,11788fec75b55fe8
1.0,1.0,1.0,1.0,2021.06.09.12.51.31_veh-35_01729_02626,1.0,ae2e0ac7195e5a43696906025034e9fecadc0cb67577b8ab25c872d51307779c,planner_dev1696_baseline,1.0,ok,1.0,1206c4653bc05297
1.0,1.0,1.0,0.7965247757090256,2021.06.09.12.51.31_veh-35_01729_02626,1.0,0abf1e723318b8d99b4e88d61624bf21b841de91edfe717058cad1a861045c5f,planner_dev1696_baseline,0.9152186565454273,ok,1.0,1499e758c6855a74
1.0,1.0,1.0,0.9042949315948782,2021.06.09.12.51.31_veh-35_01729_02626,1.0,383b107ea329993b9bba698f195a691bec79ff62fd91ffba648fb14ebf9a2d0b,planner_dev1696_baseline,0.9601228881645326,ok,1.0,17efb1d6bb395620
1.0,1.0,1.0,0.7545016618347329,2021.06.09.12.51.31_veh-35_01729_02626,1.0,f00378f29edaff699502a08eb706fa6c26c7ab2174f3341d33b0b7d486aeca54,planner_dev1696_baseline,0.8977090257644721,ok,1.0,191f94dc85fd5899
1.0,1.0,1.0,0.9154026525186821,2021.06.09.12.51.31_veh-35_01729_02626,1.0,dd58b345c8f18c0bc2c2bad5d0d291455d8b46dc791aaf8f7fc3fb57702408a4,planner_dev1696_baseline,0.9647511052161176,ok,1.0,1ab37cad7da55237
1.0,1.0,1.0,1.0,2021.06.09.12.51.31_veh-35_01729_02626,1.0,c505786917bd75b7d37f9da8fcaefe774ade53bbdf44e773fb88552e46068ccf,planner_dev1696_baseline,1.0,ok,1.0,1b6f94eba9bd573c
1.0,1.0,1.0,0.7350486585540758,2021.06.09.12.51.31_veh-35_01729_02626,1.0,65a6dab369e59eb5b3609665b37b0210deaa787086d8931f9bbadf6341277d91,planner_dev1696_baseline,0.8896036077308649,ok,1.0,1bef718d3b145858
1.0,0.0,1.0,0.0,2021.06.09.12.51.31_veh-35_01729_02626,1.0,7821452a168411df326302c978cd750eb0bcfa7ce605d6303c457eda4271b746,planner_dev1696_baseline,0.0,ok,1.0,1dc5198a0a27562c
1.0,1.0,1.0,0.9241114570545593,2021.06.09.12.51.31_veh-35_01729_02626,1.0,32eb360bc692615b97c7a7a951ff5c6688956f66e1310f957a4882d9ca384f95,planner_dev1696_baseline,0.968379773772733,ok,1.0,1eb3057c64465de0
1.0,1.0,1.0,0.7968649260979249,2021.06.09.12.51.31_veh-35_01729_02626,1.0,18de0d3e5c13f3594cb679d25a96accc0e8cffecefde547a59a306b078ef1b5a,planner_dev1696_baseline,0.9153603858741354,ok,1.0,1efe2f1b12ec5381
1.0,1.0,1.0,1.0,2021.06.09.12.51.31_veh-35_01729_02626,1.0,6e308e00439859fbff6a57da007fd766a05867f4234ac7d9e3dee34e23a387a7,planner_dev1696_baseline,1.0,ok,1.0,2146b87b79ce537d
1.0,1.0,1.0,1.0,2021.06.09.12.51.31_veh-35_01729_02626,1.0,9ceb6ee21d57b563b5a8489ea9eb350a851788c381b57984ae6402da6c02ea9f,planner_dev1696_baseline,1.0,ok,1.0,2395e3e90cdf5b9a
1.0,1.0,1.0,0.5414304993518435,2021.06.09.12.51.31_veh-35_01729_02626,1.0,e9400f4bd57a47e5efa73bbbc0dde81d8e89eedf59c74ee2f58443a31f95fe4a,planner_dev1696_baseline,0.8089293747299348,ok,1.0,246269dcd9845878
1.0,1.0,1.0,0.993239975609964,2021.06.09.12.51.31_veh-35_01729_02626,1.0,67f16c38141eb47625933791425d540090ebfeb5b0207e523bd1144a63ff1a04,planner_dev1696_baseline,0.9971833231708184,ok,1.0,248f2530124b5812
1.0,1.0,1.0,0.7640256908180104,2021.06.09.12.51.31_veh-35_01729_02626,1.0,52141e88afe4dff87a7cfc108ff7f89a56249841b4e77785e63a76be6fdecf2c,planner_dev1696_baseline,0.9016773711741711,ok,1.0,258edbf6a22c5312
1.0,1.0,1.0,0.9047530931559061,2021.06.09.12.51.31_veh-35_01729_02626,1.0,a8e6f07b6cf9a1ab82f27cbab431a00f75e7e75091895a6ac64fbf82ff879f2d,planner_dev1696_baseline,0.9603137888149608,ok,1.0,2ac1b274b9f2525a
1.0,1.0,1.0,1.0,2021.06.09.12.51.31_veh-35_01729_02626,1.0,702bc988fe1ebd84ee57842b9c9355047da90b4b3d09932395d2ae115f905b72,planner_dev1696_baseline,1.0,ok,1.0,2cdbdd95aaba57f0
1.0,1.0,1.0,0.9219941958157533,2021.06.09.12.51.31_veh-35_01729_02626,1.0,005b8d64b0a3b9a8551023224dc0f45f5a57955349fa078343ff1d5bf985a221,planner_dev1696_baseline,0.9674975815898973,ok,1.0,2dc965586c945547
1.0,1.0,1.0,1.0,2021.06.09.12.51.31_veh-35_01729_02626,1.0,dda6913eecacafe4fcbb56f61e051d343cd10f2dd5b02be4dee59268d49f0c92,planner_dev1696_baseline,1.0,ok,1.0,2dd00be7ed615ecc
1.0,1.0,1.0,0.7167619618623117,2021.06.09.12.51.31_veh-35_01729_02626,1.0,23b4e4d4fbeeb9fdc849038ad3744542bb2c295ea5d28bc40dfa9e56bf5e1167,planner_dev1696_baseline,0.8819841507759633,ok,1.0,338daec6bb7a5aa0
1.0,1.0,1.0,0.5894018537369546,2021.06.09.12.51.31_veh-35_01729_02626,1.0,16b08b8ae483912eab1f9ccdac85c17b116a6eabe95b0774ac5d0fa85e0bef6d,planner_dev1696_baseline,0.8289174390570645,ok,1.0,33ee0a5e0f7950f2
1.0,1.0,1.0,0.8335793982191129,2021.06.09.12.51.31_veh-35_01729_02626,1.0,bf4856cad0bfe9e9398af72950be300c3db39cebdf924a5b09f0d7bebadfbe9b,planner_dev1696_baseline,0.930658082591297,ok,1.0,346d763777e85cd3
1.0,1.0,1.0,1.0,2021.06.09.12.51.31_veh-35_01729_02626,1.0,8c50ce396ee8d2ec259a2175d256375c8983b9b206e5ec2b32ff630b4f929ccf,planner_dev1696_baseline,1.0,ok,1.0,3b6f237e05365dcf
1.0,1.0,1.0,1.0,2021.06.09.12.51.31_veh-35_01729_02626,1.0,5d1abda897230d7123dd6044d75c76e319459894e27f4c94174155d05f984fbe,planner_dev1696_baseline,1.0,ok,1.0,3e9c4cca896a53f7
1.0,1.0,1.0,0.895964362765617,2021.06.09.12.51.31_veh-35_01729_02626,1.0,a0fc009b085df6306dcba717c0a7131f7f844b437456de95b5a470424bff6ac5,planner_dev1696_baseline,0.9566518178190071,ok,1.0,3f4ac4bbbdc05fba
1.0,1.0,1.0,0.7654900996214777,2021.06.09.12.51.31_veh-35_01729_02626,1.0,affe730cce4467b3ac9af04dbb8936bbf19a657fd95309685c624bee51cbd8df,planner_dev1696_baseline,0.9022875415089491,ok,1.0,3f84de43587e5aef
1.0,1.0,1.0,0.7533133249478768,2021.06.09.12.51.31_veh-35_01729_02626,1.0,8dc855a45328c2bb06c54e6a9d9fa15220165779014d18ffa1993cfe19e47e72,planner_dev1696_baseline,0.8972138853949487,ok,1.0,41c8ecae08035b9f
1.0,1.0,1.0,0.5661192359174619,2021.06.09.12.51.31_veh-35_01729_02626,1.0,053587eda7a096bf7751574a9717be69182b38de79f06f39e48af3e01411fc7b,planner_dev1696_baseline,0.8192163482989425,ok,1.0,430bf2218f6454aa
1.0,1.0,1.0,0.70933431128406,2021.06.09.12.51.31_veh-35_01729_02626,1.0,1984bf36dfb450fab57488dc1d9f8808c5092211de3a311063cac10bd2cca815,planner_dev1696_baseline,0.8788892963683583,ok,1.0,47758e53165b5478
1.0,1.0,1.0,0.947889824771156,2021.06.09.12.51.31_veh-35_01729_02626,1.0,6fe9bc7d22026cf26203abdc5e8d4c7330dc0260197476c5ad695c9255937bd3,planner_dev1696_baseline,0.9782874269879818,ok,1.0,47dd5e581cf559fd
1.0,1.0,1.0,0.9781056743471327,2021.06.09.12.51.31_veh-35_01729_02626,1.0,67e8f3cf66870b86397ba2d312aca0442c99c04cf761cfd589205fbae99cc142,planner_dev1696_baseline,0.9908773643113052,ok,1.0,486ae50490cf589c
1.0,1.0,1.0,0.7429506193255819,2021.06.09.12.51.31_veh-35_01729_02626,1.0,f4724a2a283a333d01c067cd20dd82783fd1b90278124e5f5d8e36f976b7cce6,planner_dev1696_baseline,0.8928960913856591,ok,1.0,490822629fe05bc3
1.0,1.0,1.0,1.0,2021.06.09.12.51.31_veh-35_01729_02626,1.0,370ceac576a1b79f1871f25be359de34a3f789cf0453b406e8c5bdd316a4b80b,planner_dev1696_baseline,1.0,ok,1.0,4a55e5cc75c55276
1.0,1.0,1.0,1.0,2021.06.09.12.51.31_veh-35_01729_02626,1.0,0979599b89f9164d87560fc1bc45fe7efd06e1b1543dfa689d86b37ee349330f,planner_dev1696_baseline,1.0,ok,1.0,4b20e22658c258a4
1.0,1.0,1.0,1.0,2021.06.09.12.51.31_veh-35_01729_02626,1.0,0f4d557bbf1ae240b746cde80c564c9d246bb09cba6886a47bc7018f8677e911,planner_dev1696_baseline,1.0,ok,1.0,4c1205c3cd395ed2
1.0,1.0,1.0,0.6630273501485764,2021.06.09.12.51.31_veh-35_01729_02626,1.0,b62f488dbeda032607c7b3995213b51ece00ed5d398956ee5a4f55d09ac74a9f,planner_dev1696_baseline,0.8595947292285735,ok,1.0,4c766faa415253e3
1.0,1.0,1.0,0.6393671349028792,2021.06.09.12.51.31_veh-35_01729_02626,1.0,38c278a63a4d5acd11d8f6f26464ea45fc6ca309b091457eb84f63f678d15cf7,planner_dev1696_baseline,0.849736306209533,ok,1.0,4c85b529b06d5b94
1.0,1.0,1.0,0.8442982809819516,2021.06.09.12.51.31_veh-35_01729_02626,1.0,6b59cdfeff3f8e613ed34ab90dc98511746221cf3f1900cbededf0b4290ab231,planner_dev1696_baseline,0.9351242837424798,ok,1.0,4d30b4c498505f32
1.0,1.0,1.0,1.0,2021.06.09.12.51.31_veh-35_01729_02626,1.0,49fd09358daed2b4a2581ef60088276e8f3066dd4994fff3bd5e219fd061b915,planner_dev1696_baseline,1.0,ok,1.0,4f54af46fbf95346
1.0,1.0,1.0,0.9934429364828243,2021.06.09.12.51.31_veh-35_01729_02626,1.0,522da65bd59850b034993e53ec39c42396f363cd511452d100b4a6c35abaf8e1,planner_dev1696_baseline,0.9972678902011768,ok,1.0,4fcd13a2adeb5406
1.0,1.0,1.0,0.6423889356705846,2021.06.09.12.51.31_veh-35_01729_02626,1.0,6622241e8186e49def84b559a61ff3068ccc8f4b181f4e2086c83b01ac7445d5,planner_dev1696_baseline,0.8509953898627436,ok,1.0,4ffe9e73ad0f5c34
1.0,1.0,1.0,0.7572242052515602,2021.06.09.12.51.31_veh-35_01729_02626,1.0,3c5826880bb6acdbdcb24ef0707df88773117a214c04ac1fe432a9a482f3079b,planner_dev1696_baseline,0.8988434188548168,ok,1.0,50ecb53bbcdd5c19
1.0,1.0,1.0,0.9919720474839886,2021.06.09.12.51.31_veh-35_01729_02626,1.0,1ccf66113a52858d0a038f08b9cd83be92a8eb8a50386205479a54c136c339b0,planner_dev1696_baseline,0.9966550197849952,ok,1.0,51649a3ccd735dff
1.0,1.0,1.0,0.7316935825792754,2021.06.09.12.51.31_veh-35_01729_02626,1.0,96fec5ab49cc60662317c1c44e203817eedae5459347adcd06a6aed902588435,planner_dev1696_baseline,0.8882056594080314,ok,1.0,5224833f970051df
1.0,1.0,1.0,1.0,2021.06.09.12.51.31_veh-35_01729_02626,1.0,fa9970740d479dd87dad22e49878281d58986b6d18907dd5d1231b05c5c0365a,planner_dev1696_baseline,1.0,ok,1.0,522fca1441c455a1
1.0,1.0,1.0,1.0,2021.06.09.12.51.31_veh-35_01729_02626,1.0,6a37a27a10fdbc66f269e29c11c973f8c64f07411e4541c26524200a35041807,planner_dev1696_baseline,1.0,ok,1.0,53a2eb4f1d1b5b6e
1.0,1.0,1.0,1.0,2021.06.09.12.51.31_veh-35_01729_02626,1.0,f053157ed2712651600028bc0ad3adafc9727adb8e7d6805693cf3c6ae5f7cec,planner_dev1696_baseline,1.0,ok,1.0,53fc4d372fa5530d
1.0,1.0,1.0,0.7457750733982287,2021.06.09.12.51.31_veh-35_01729_02626,1.0,bf4c9b297cb71625c6910dc133f1169bcc225dbcaf800294b69e75a564221c78,planner_dev1696_baseline,0.894072947249262,ok,1.0,55bf0e4266ce5eee
1.0,1.0,1.0,0.5512984504801094,2021.06.09.12.51.31_veh-35_01729_02626,1.0,8a93a444ab4269e480743ba275e3e20208b53fc330e72f23046255c99f23f8bc,planner_dev1696_baseline,0.8130410210333788,ok,1.0,59a1bb2069d057ed
1.0,1.0,1.0,1.0,2021.06.09.12.51.31_veh-35_01729_02626,1.0,2d903d2a69f02a1012e1ac30a26d6ad3b91fa76d0f276ed0c94d8317b1c7aca2,planner_dev1696_baseline,1.0,ok,1.0,59bfda4a7e5956eb
1.0,1.0,1.0,0.8717592900988897,2021.06.09.12.51.31_veh-35_01729_02626,1.0,808271ee972562bb19da3a68e30e1b0f853d61ebc58e7e738dbc534619382c85,planner_dev1696_baseline,0.9465663708745374,ok,1.0,5a4abee0269d5262
1.0,1.0,1.0,0.6920838433396399,2021.06.09.12.51.31_veh-35_01729_02626,1.0,b6c80434539536d0bb85081c6a8be4fc693fc1f8dda8c8f9268accf26e1f6158,planner_dev1696_baseline,0.8717016013915165,ok,1.0,5dc2c6ffad8b5dd5
1.0,1.0,1.0,0.5705033404501169,2021.06.09.12.51.31_veh-35_01729_02626,1.0,c19ba8e7143c2138673a415565fad50fff37cf2c253c8f81c7499e5601f3b73e,planner_dev1696_baseline,0.821043058520882,ok,1.0,5e6051742abd5859
1.0,1.0,1.0,0.5661217031056689,2021.06.09.12.51.31_veh-35_01729_02626,1.0,697703cd24d48bae8f540a7cb9c8e5b11eb5bea339933845cccc050971c7194e,planner_dev1696_baseline,0.8192173762940286,ok,1.0,60d918263c15569b
1.0,1.0,1.0,1.0,2021.06.09.12.51.31_veh-35_01729_02626,1.0,c04d8ab182bd4cce265b2177943533cc6ea370e6b3af98aa3845a82bfaaacf7c,planner_dev1696_baseline,1.0,ok,1.0,60dbf95d482051e1
1.0,1.0,1.0,0.5882472970892871,2021.06.09.12.51.31_veh-35_01729_02626,1.0,d3dc58fa5985e78d1398c67ca4213bbefb4110387cbe844f8557400454500293,planner_dev1696_baseline,0.8284363737872029,ok,1.0,63747a8878bf5f38
1.0,1.0,1.0,1.0,2021.06.09.12.51.31_veh-35_01729_02626,1.0,21d52562d4dbd70be994570d09269f5e6c7a1fa2d195a9c284ccac046d681a84,planner_dev1696_baseline,1.0,ok,1.0,637e5b6294fb5db8
1.0,1.0,1.0,1.0,2021.06.09.12.51.31_veh-35_01729_02626,1.0,b37a1a13340936177f4a1b1b7bbbfad1f9a8243e59034809271f340a602dfbd0,planner_dev1696_baseline,1.0,ok,1.0,6483af7092d15ada
1.0,1.0,1.0,0.7624228829450131,2021.06.09.12.51.31_veh-35_01729_02626,1.0,a0c52330f62d5fd4c3ba1eba81a2108353aed8f699d017a199a6555ba9c0e026,planner_dev1696_baseline,0.9010095345604222,ok,1.0,66817c00a54e53f0
1.0,1.0,1.0,0.8163248304787439,2021.06.09.12.51.31_veh-35_01729_02626,1.0,19e7c2acadb58e48008ddf499698fa46440a449b6fe3b96463bb4fc1f3d5e7d0,planner_dev1696_baseline,0.9234686793661432,ok,1.0,6a956d4c705d59fa
1.0,1.0,1.0,1.0,2021.06.09.12.51.31_veh-35_01729_02626,1.0,626fd7b31ccffa9411f5eb04461d35d3640e906dd3afa41797ca526a96ef408b,planner_dev1696_baseline,1.0,ok,1.0,6f26763a3a8859a9
1.0,1.0,1.0,0.9257740084791618,2021.06.09.12.51.31_veh-35_01729_02626,1.0,ab470618e52557d2dac58777275de30260822ff35a9f17baeae212db61cd9873,planner_dev1696_baseline,0.969072503532984,ok,1.0,71e6ee340d1756fd
1.0,1.0,1.0,0.9505076933635247,2021.06.09.12.51.31_veh-35_01729_02626,1.0,01032053868107dd8e3fae2483dc3773026ef3a14ddece6db1310688c03aa497,planner_dev1696_baseline,0.9793782055681352,ok,1.0,72fc5c8b771758fd
1.0,1.0,1.0,0.7823278843176189,2021.06.09.12.51.31_veh-35_01729_02626,1.0,2908925be7c7d0b55057d879975a6cd4e51e3891d684be40996b93fafb0ff57d,planner_dev1696_baseline,0.9093032851323413,ok,1.0,7412988f410e545d
1.0,1.0,1.0,0.8543226896042981,2021.06.09.12.51.31_veh-35_01729_02626,1.0,628100041a4115fd55285bf0027b17062ac42bf1f09117f4de84e7239f53f845,planner_dev1696_baseline,0.9393011206684575,ok,1.0,741b40508f9c539f
1.0,1.0,1.0,1.0,2021.06.09.12.51.31_veh-35_01729_02626,1.0,986ed2138d38dac7ab5ddb5eee7097f5015ed1fd8eb5f25463198a2479527702,planner_dev1696_baseline,1.0,ok,1.0,7639e630e475517c
1.0,1.0,1.0,1.0,2021.06.09.12.51.31_veh-35_01729_02626,1.0,04bdc449a579e0b43a33aa59d79152ae7c90ddc7d463d0acb7f32b23cbbb1f69,planner_dev1696_baseline,1.0,ok,1.0,76e33b04a2e55b65
1.0,1.0,1.0,1.0,2021.06.09.12.51.31_veh-35_01729_02626,1.0,e710ce60de0cb7a13c4b9892267efb19ababecaae85072220259deb40f2b0043,planner_dev1696_baseline,1.0,ok,1.0,77d22252c36859d2
1.0,1.0,1.0,0.78908370054837,2021.06.09.12.51.31_veh-35_01729_02626,1.0,33aad4bf77fadd618e0e12eb9822f3814446946022685f91a377a23a21037268,planner_dev1696_baseline,0.9121182085618208,ok,1.0,786c7d0f495e5b08
1.0,1.0,1.0,1.0,2021.06.09.12.51.31_veh-35_01729_02626,1.0,e3e0223d712cd560310094a92e4aac4714ee32e6017ec62d226f1a69ac621346,planner_dev1696_baseline,1.0,ok,1.0,7980f7ce6e085a30
1.0,1.0,1.0,0.8157283558076639,2021.06.09.12.51.31_veh-35_01729_02626,1.0,f5cd4e8c917336a1a5840f90435d50bbca03eec744c3bce4201d21c75fa04b3b,planner_dev1696_baseline,0.9232201482531933,ok,1.0,7b7291b626f753ae
1.0,1.0,1.0,1.0,2021.06.09.12.51.31_veh-35_01729_02626,1.0,3e4dca3e6a132d8a077121ca88fd755862d6a8ee9f3d59153d949ab1d2a70344,planner_dev1696_baseline,1.0,ok,1.0,7d838c40752e5080
1.0,1.0,1.0,0.8751898652307628,2021.06.09.12.51.31_veh-35_01729_02626,1.0,d96963e43dd90f87d2397120d19eaed0b3badba6dfbb3e9bf20a6e343f3f588a,planner_dev1696_baseline,0.9479957771794845,ok,1.0,7dab96d0e7725a9f
1.0,1.0,1.0,1.0,2021.06.09.12.51.31_veh-35_01729_02626,1.0,86c28cbec8eabc079340898d1e1ff5158b62dd92c138137196e7fac840e90ed6,planner_dev1696_baseline,1.0,ok,1.0,7e2c3c2ef5e05b19
1.0,1.0,1.0,0.5696142077147516,2021.06.09.12.51.31_veh-35_01729_02626,1.0,a013efb482586ebc9f9a94f224e3d7b5d4843f1adf61958f7199f3d17bfb1016,planner_dev1696_baseline,0.8206725865478132,ok,1.0,7f5714fc26bb599b
1.0,1.0,1.0,1.0,2021.06.09.12.51.31_veh-35_01729_02626,1.0,53eed3f0494a145f8a547d11df551d62047d08db5d35537431c516d1e3244736,planner_dev1696_baseline,1.0,ok,1.0,8264721b29a65296
1.0,1.0,1.0,1.0,2021.06.09.12.51.31_veh-35_01729_02626,1.0,d223ab7342ff2a5f970cc51cf58d5b99bc38a6cc34b2e6108fdf46286a1c4f67,planner_dev1696_baseline,1.0,ok,1.0,827867f4641c53b6
1.0,1.0,1.0,0.8459212740105007,2021.06.09.12.51.31_veh-35_01729_02626,1.0,5b876896d44a31dca3d1f03115dad8bdf9d06e44cad0b5c0f6a6420989c8cb85,planner_dev1696_baseline,0.9358005308377085,ok,1.0,84da0c13f98e58e9
1.0,1.0,1.0,0.6490803675249905,2021.06.09.12.51.31_veh-35_01729_02626,1.0,8c9ab470a557a85a8d220340e138495cfc280da5d648af0a340da3551f6551d3,planner_dev1696_baseline,0.8537834864687461,ok,1.0,8828feb4e21b5600
1.0,1.0,1.0,1.0,2021.06.09.12.51.31_veh-35_01729_02626,1.0,6adc84dab1b065bed1cf6e20bf86b5b38d1ea2c411804f631b865039ad0ce7f4,planner_dev1696_baseline,1.0,ok,1.0,888cb5a4b4c25eab
1.0,1.0,1.0,0.6288146111102677,2021.06.09.12.51.31_veh-35_01729_02626,1.0,f7979ce7c075c1c7654bf7431cc7bf4d7c47ee6886581cb79cee9131f206b120,planner_dev1696_baseline,0.8453394212959449,ok,1.0,88ff3881080b505a
1.0,1.0,1.0,1.0,2021.06.09.12.51.31_veh-35_01729_02626,1.0,4add2ce8ff06bd1c37d9819f3bdf03df970e4ab1fd10769523fbf4eb824053a9,planner_dev1696_baseline,1.0,ok,1.0,89409b4f6b4f573b
1.0,1.0,1.0,0.7286825165460644,2021.06.09.12.51.31_veh-35_01729_02626,1.0,ddd6481e940784a6a13ef3287965b109167d44d5383b6b9bfe89a96fd3fdb221,planner_dev1696_baseline,0.8869510485608602,ok,1.0,8956d19d62c056f6
1.0,1.0,1.0,0.8002892521956436,2021.06.09.12.51.31_veh-35_01729_02626,1.0,01911a143cce2c482662c7ebe572089154434131978ad356cc4a5b565fba4399,planner_dev1696_baseline,0.9167871884148515,ok,1.0,8deaed625cfc5888
1.0,1.0,1.0,1.0,2021.06.09.12.51.31_veh-35_01729_02626,1.0,5c200d7b56c88cf11e9e14a556c146a10369c39fc0b9f0d190da41001ad653ed,planner_dev1696_baseline,1.0,ok,1.0,8f63f1b737e15216
1.0,1.0,1.0,1.0,2021.06.09.12.51.31_veh-35_01729_02626,1.0,8b485ca845db9e4a2b84208279e7f51b242b6c91d3e7be5bc4f17185fde9b837,planner_dev1696_baseline,1.0,ok,1.0,94de31b161f45bc2
1.0,1.0,1.0,0.6870959763961716,2021.06.09.12.51.31_veh-35_01729_02626,1.0,9a9c9bac09dd4fbe42b3712e3201a0c79e175d01d18fb8e5f73c624cd6daa277,planner_dev1696_baseline,0.8696233234984048,ok,1.0,954da5a56f305ac5
1.0,1.0,1.0,0.6710971509110462,2021.06.09.12.51.31_veh-35_01729_02626,1.0,b4209f8538795b12c3dbf9a258a42f458f66c1d652ffd90ed53b8111cb961ea6,planner_dev1696_baseline,0.8629571462129358,ok,1.0,954e72f1c44e5eb3
1.0,1.0,1.0,1.0,2021.06.09.12.51.31_veh-35_01729_02626,1.0,02b2d9264c0f016f4ebfce6c3bfebcd348c617b49c6e00d56f4e178de8e90ef7,planner_dev1696_baseline,1.0,ok,1.0,96e24e94933f52c8
1.0,1.0,1.0,0.8062936585222868,2021.06.09.12.51.31_veh-35_01729_02626,1.0,129e75f4650ad0647570c8eda04ee5f9a0708b3ff09982792ae54605d19bc6d6,planner_dev1696_baseline,0.9192890243842862,ok,1.0,98b7d40a0b4256e1
1.0,1.0,1.0,0.8404892761395173,2021.06.09.12.51.31_veh-35_01729_02626,1.0,1a921d8954c5e387b7c88cfe7f2e3afe70d22d72b6b43d1083c986c1b93f05d0,planner_dev1696_baseline,0.9335371983914657,ok,1.0,9d0c0ca6c0b352b8
1.0,1.0,1.0,1.0,2021.06.09.12.51.31_veh-35_01729_02626,1.0,4d33fe528b230fd87190827717ccbd70b09f2b9baeba0f8253d9b132dfb08d2a,planner_dev1696_baseline,1.0,ok,1.0,9d87ac4fbc1959d9
1.0,1.0,1.0,0.7756397675733098,2021.06.09.12.51.31_veh-35_01729_02626,1.0,358c959e67be75d10a3d281e7b5189e7b86e09f1188d9b18d1ead1d2eb19ec80,planner_dev1696_baseline,0.9065165698222124,ok,1.0,9d87df3517f0557a
1.0,1.0,1.0,0.6909475240316537,2021.06.09.12.51.31_veh-35_01729_02626,1.0,ca8f0b725427c00a615cdac72d40a62e13eed0b1b33ef913198a0dd13d4ccb0c,planner_dev1696_baseline,0.8712281350131891,ok,1.0,9ebea9056e195897
1.0,1.0,1.0,0.8363525459621779,2021.06.09.12.51.31_veh-35_01729_02626,1.0,a4057b2678bfd2c3bca9cf3553442405c1d510acc1ac844ab12f71fb582ce97f,planner_dev1696_baseline,0.9318135608175742,ok,1.0,9fabef7447845a3b
1.0,1.0,1.0,0.7663438177935724,2021.06.09.12.51.31_veh-35_01729_02626,1.0,4fbfb7b8c65eafe2c5d0bd603c03f558298eaf6f9f95f69b75baf1fb80aeabac,planner_dev1696_baseline,0.9026432574139885,ok,1.0,9fb2a722bf485a1b
1.0,1.0,1.0,1.0,2021.06.09.12.51.31_veh-35_01729_02626,1.0,518b4cbbcedc61d55cb2ddbbaac266561608372953d24c27131e6d7862474ef2,planner_dev1696_baseline,1.0,ok,1.0,a287a8b3726a5d46
1.0,1.0,1.0,0.6189244394512091,2021.06.09.12.51.31_veh-35_01729_02626,1.0,3df78184476cd05ff0ea544a7baaa97f65b04546190ff06745ba2fe4853e165c,planner_dev1696_baseline,0.8412185164380038,ok,1.0,a46b9833db705dd8
1.0,1.0,1.0,0.5692896538385693,2021.06.09.12.51.31_veh-35_01729_02626,1.0,cc4f7babf5fb2e80cdb95109cb3ec3eb6c7d506ac73be479de8bf7bbc034a62d,planner_dev1696_baseline,0.8205373557660706,ok,1.0,a636eadfab6a531d
1.0,1.0,1.0,1.0,2021.06.09.12.51.31_veh-35_01729_02626,1.0,7045d54d74748bbbd5a74c425a79011025dd4c073d8d3d79fe12f58ef9250bb9,planner_dev1696_baseline,1.0,ok,1.0,a8739782d4355428
1.0,1.0,1.0,0.8213137706337272,2021.06.09.12.51.31_veh-35_01729_02626,1.0,65738ee28e53df63b3cb2ae832e2be21ee1b144512ecc1813b00931134f2dac6,planner_dev1696_baseline,0.9255474044307196,ok,1.0,aa05717ed4265b1a
1.0,1.0,1.0,0.5863291276299977,2021.06.09.12.51.31_veh-35_01729_02626,1.0,2c2e3fb5536303c989c98e8ff85a68fe757cae6d00ad33c43de326fb45dda40c,planner_dev1696_baseline,0.8276371365124989,ok,1.0,ac2c3e22fe8c5c6d
1.0,1.0,1.0,0.6333505053819363,2021.06.09.12.51.31_veh-35_01729_02626,1.0,b26888f4a049d0869c5d94a7d417596dcc659232be91f0992563ba6df650b613,planner_dev1696_baseline,0.8472293772424734,ok,1.0,ac5e2264df3958ac
1.0,1.0,1.0,1.0,2021.06.09.12.51.31_veh-35_01729_02626,1.0,b02d4c5315c4e0e65d69e53c602e723b844fecfaf0f2b0c5850fae832ada97f5,planner_dev1696_baseline,1.0,ok,1.0,ad6f2ee944415c58
1.0,1.0,1.0,1.0,2021.06.09.12.51.31_veh-35_01729_02626,1.0,82a87dfb7efce949103b609350a9d7a9171a5cb9c3e22107a0e2ea27beaab0cf,planner_dev1696_baseline,1.0,ok,1.0,b2119b944b7f5d42
1.0,1.0,1.0,0.6486388074642598,2021.06.09.12.51.31_veh-35_01729_02626,1.0,91bdafc7f1f7cf2bfa5b7881cea390671317439966129a767cb29c8f7ac9a56a,planner_dev1696_baseline,0.8535995031101082,ok,1.0,b3e4a0d98ed9509d
1.0,1.0,1.0,0.551597980703334,2021.06.09.12.51.31_veh-35_01729_02626,1.0,06e6587785d1d698c00eedb5d524b49cb2983635182216b7c3e7db6e39d132f7,planner_dev1696_baseline,0.8131658252930558,ok,1.0,b6714748d40f5d76
1.0,1.0,1.0,1.0,2021.06.09.12.51.31_veh-35_01729_02626,1.0,1f2893a9c4507769756b26a79afb036c0d4d377baa8f397717662a95f5d75c9c,planner_dev1696_baseline,1.0,ok,1.0,b9abb89d389351f8
1.0,1.0,1.0,1.0,2021.06.09.12.51.31_veh-35_01729_02626,1.0,f4f8396546019599dc189986afe9c0cf3aa3e56b3d74f86b9f0d835bc7797b42,planner_dev1696_baseline,1.0,ok,1.0,bb65c8e693035002
1.0,1.0,1.0,1.0,2021.06.09.12.51.31_veh-35_01729_02626,1.0,1d4c526bb1de69b91f1c96cab905f4f67b4d08d8b9c0c5677a5da45d755438ee,planner_dev1696_baseline,1.0,ok,1.0,bd6f57a9bbce532d
1.0,1.0,1.0,1.0,2021.06.09.12.51.31_veh-35_01729_02626,1.0,2154207c68121de655e3446b12befbf2290fe1541f4bf90285a24552a708c2b9,planner_dev1696_baseline,1.0,ok,1.0,bf2b503b8bff5859
1.0,1.0,1.0,0.9704737614325712,2021.06.09.12.51.31_veh-35_01729_02626,1.0,67c1288f7a46a365726354d9310197c342f45f9bf93e36cf842b1d8b74973a9b,planner_dev1696_baseline,0.9876974005969047,ok,1.0,c10584362e7f5f9d
1.0,1.0,1.0,0.6000887651002149,2021.06.09.12.51.31_veh-35_01729_02626,1.0,61a3c1cfec0e23479f73225e776366d755879aae7679d179a5fc99464279444f,planner_dev1696_baseline,0.8333703187917562,ok,1.0,c2ab52aa1d45570e
1.0,1.0,1.0,1.0,2021.06.09.12.51.31_veh-35_01729_02626,1.0,4444e1ca4fd5ed90b6bc9ce52f7b34db73132969d669c91064265cd7540cf492,planner_dev1696_baseline,1.0,ok,1.0,c5e10c9e5bc853ec
1.0,1.0,1.0,1.0,2021.06.09.12.51.31_veh-35_01729_02626,1.0,919d454ff36a7821a8806f6416c64d99d530c0f9f72d16218cb117e1e6356f0c,planner_dev1696_baseline,1.0,ok,1.0,c8f3dd66357c59f2
1.0,1.0,1.0,1.0,2021.06.09.12.51.31_veh-35_01729_02626,1.0,25fd0447c4233f0f2f51394601776cc0d4d80a24d8acaf2c33742b495255d02f,planner_dev1696_baseline,1.0,ok,1.0,c9566605ae1c5861
1.0,1.0,1.0,0.8881732526611881,2021.06.09.12.51.31_veh-35_01729_02626,1.0,1be47fde182aac5248e3a31b5a16b8d4c5c31acedbddc0f07404925dd31c9b1c,planner_dev1696_baseline,0.9534055219421617,ok,1.0,ca02f85a9a995448
1.0,1.0,1.0,0.7874723036649135,2021.06.09.12.51.31_veh-35_01729_02626,1.0,a8dfd0d6d0bcc254d0806073c65f6fdaad1c195bba2ca4c11822e66b9d4fd2c8,planner_dev1696_baseline,0.911446793193714,ok,1.0,cca22cc47f235643
1.0,1.0,1.0,1.0,2021.06.09.12.51.31_veh-35_01729_02626,1.0,d8bc4df50acd299dcdf8d81dcb3dc76cd1d250f90f20930b6d36aa665c8ecad4,planner_dev1696_baseline,1.0,ok,1.0,cdca2eec19585f5e
1.0,1.0,1.0,0.9248797326558028,2021.06.09.12.51.31_veh-35_01729_02626,1.0,4ca9df5b7b57f2106e6b02926bcc6f47d813ad3453e7ad3abd41b5f4993cd6f1,planner_dev1696_baseline,0.9686998886065844,ok,1.0,d344a8704ee85f35
1.0,1.0,1.0,0.8813508789364115,2021.06.09.12.51.31_veh-35_01729_02626,1.0,31d75e78fab8a0054a30aa9eb930c48b0d27c2143ed0df42f9f8a685e961e689,planner_dev1696_baseline,0.9505628662235047,ok,1.0,d4fa1b8fc27a5733
1.0,1.0,1.0,0.9381281691120488,2021.06.09.12.51.31_veh-35_01729_02626,1.0,7d38c40e3c9840469614a43e409f63377e2aacb1e69a089b2b7f8c57dc524ce5,planner_dev1696_baseline,0.9742200704633537,ok,1.0,d51990badc6e5787
1.0,1.0,1.0,0.649867807993002,2021.06.09.12.51.31_veh-35_01729_02626,1.0,d89df2aa185304b537cf45798c22ea2f7b246d6d6a2a9040bfbabcc2c2dd6c21,planner_dev1696_baseline,0.8541115866637509,ok,1.0,d68969642ec45b19
1.0,1.0,1.0,1.0,2021.06.09.12.51.31_veh-35_01729_02626,1.0,2c0dcd04da7b8e4a6fed3d0a4eb9aab10dfda44f2a8350393d13ee92443be01b,planner_dev1696_baseline,1.0,ok,1.0,d7a938f1b20652bf
1.0,1.0,1.0,0.9780803143780378,2021.06.09.12.51.31_veh-35_01729_02626,1.0,ef870eee7dbf64c9482309cb65633a01e06176ba1cab576a95030f3ee722256c,planner_dev1696_baseline,0.9908667976575157,ok,1.0,d7e631755e5a54ad
1.0,1.0,1.0,1.0,2021.06.09.12.51.31_veh-35_01729_02626,1.0,b3d8bda1c9c581558761d60b9064a21941f325d718f56f7dcea705752d4eb413,planner_dev1696_baseline,1.0,ok,1.0,d9bb698c62405297
1.0,1.0,1.0,1.0,2021.06.09.12.51.31_veh-35_01729_02626,1.0,b601eeaa1318f7338627618bc29a77df6de596b99d45bd4b4f06611464b6c710,planner_dev1696_baseline,1.0,ok,1.0,dbb61fca58fc5037
1.0,1.0,1.0,1.0,2021.06.09.12.51.31_veh-35_01729_02626,1.0,93f974d0a105ff7cf1ff14b74989dd47ad0ed76ea43bf84943f68e3dc5a60515,planner_dev1696_baseline,1.0,ok,1.0,dd2d2dd7d4885bbe
1.0,1.0,1.0,0.7685520314351033,2021.06.09.12.51.31_veh-35_01729_02626,1.0,01085418a056010a6db79b8040618b9e23e7bd8cadc0c5fe220f6ef4f341ff4e,planner_dev1696_baseline,0.903563346431293,ok,1.0,e069d39ff2ab55bc
1.0,1.0,1.0,1.0,2021.06.09.12.51.31_veh-35_01729_02626,1.0,a2f28cf2b049a32136947c2f7ed06e77017180fe156d504c6e3b340981844d95,planner_dev1696_baseline,1.0,ok,1.0,e322f2e6452f508e
1.0,1.0,1.0,0.9911349807483216,2021.06.09.12.51.31_veh-35_01729_02626,1.0,eb63aa06a4523be7434d2ceed30d758a609cfae7d019d74412115e07180bbb54,planner_dev1696_baseline,0.9963062419784673,ok,1.0,e43cc13c56e855d5
1.0,1.0,1.0,0.9082994862240112,2021.06.09.12.51.31_veh-35_01729_02626,1.0,1feec78c48bc95e591b6e842f68d5689200a7128188750d809152e243d726e2d,planner_dev1696_baseline,0.9617914525933381,ok,1.0,e45bba9f532950f7
1.0,1.0,1.0,1.0,2021.06.09.12.51.31_veh-35_01729_02626,1.0,7a4dba489e429a98a6615333aa38984f407b3fbae48e15eb630ffe3914db75c7,planner_dev1696_baseline,1.0,ok,1.0,e4eda26dbd53523d
1.0,1.0,1.0,0.965840919595728,2021.06.09.12.51.31_veh-35_01729_02626,1.0,dc69f56e4735e70ba49614b4b35ed1e2a8eb48edcb8a1c9adf0a0ae0c59c8abf,planner_dev1696_baseline,0.9857670498315533,ok,1.0,e522cb132d57506a
1.0,1.0,1.0,0.8277003045538596,2021.06.09.12.51.31_veh-35_01729_02626,1.0,e7478b34be6adb1af92fe708c6c778f2f278700b490e7b4d96d128dcd778a8cf,planner_dev1696_baseline,0.9282084602307749,ok,1.0,e52ef27d2d245c63
1.0,1.0,1.0,0.9390150063775201,2021.06.09.12.51.31_veh-35_01729_02626,1.0,1985cf56ea51ceb2ac748c8197b099610f2e7a9c92dbee3de2c66e54d4e53eb0,planner_dev1696_baseline,0.9745895859906334,ok,1.0,e6f686686cc452cf
1.0,1.0,1.0,1.0,2021.06.09.12.51.31_veh-35_01729_02626,1.0,3a3b693c6e66213dc2ebf2c639756ea5481779164c76965d379ca7b4d7693a5c,planner_dev1696_baseline,1.0,ok,1.0,e799e9f5385a5a2c
1.0,1.0,1.0,1.0,2021.06.09.12.51.31_veh-35_01729_02626,1.0,7c023b2d1ef80e13594222a7f87c3d2380b0a18dfd1d74ac7282738fe9ccafb7,planner_dev1696_baseline,1.0,ok,1.0,ea7c22e1d36856c3
1.0,1.0,1.0,0.5491017950163036,2021.06.09.12.51.31_veh-35_01729_02626,1.0,8b6e9f21748c06ce6d31c5b4eaa02f2365ec51f5c5fc905a2aa8ee5446934a6c,planner_dev1696_baseline,0.8121257479234599,ok,1.0,eadab740750b5a54
1.0,1.0,1.0,0.6416478117559761,2021.06.09.12.51.31_veh-35_01729_02626,1.0,f2ac60650b41a88aa9c25cbdfc6c2aafdae852562eae848ee652220f667c3c18,planner_dev1696_baseline,0.8506865882316568,ok,1.0,ee053b086fb1560c
1.0,1.0,1.0,0.8139368459635906,2021.06.09.12.51.31_veh-35_01729_02626,1.0,2ca389452882b72caea3858073a76b7fa07c2f8ffc0b2f968f6d79d486aec2d7,planner_dev1696_baseline,0.9224736858181627,ok,1.0,ee7c0c535d415ded
1.0,1.0,1.0,1.0,2021.06.09.12.51.31_veh-35_01729_02626,1.0,75a54bf52ee23f5c09b66a1cb0d1245f82805831cb26da8d98bc39fa47e8eb98,planner_dev1696_baseline,1.0,ok,1.0,ee855ade6ba5504c
1.0,1.0,1.0,0.5431891960213955,2021.06.09.12.51.31_veh-35_01729_02626,1.0,9d120dc92d74947de58c574e27c74090a502eff569b98eb5d1f4fdca21a0081c,planner_dev1696_baseline,0.8096621650089147,ok,1.0,ef5d74901e465a0d
1.0,1.0,1.0,1.0,2021.06.09.12.51.31_veh-35_01729_02626,1.0,ddbe892b0f624db3c6db36c999e6a4ad0b022551cd376233340885ed51505bb4,planner_dev1696_baseline,1.0,ok,1.0,f00788c502f25587
1.0,1.0,1.0,1.0,2021.06.09.12.51.31_veh-35_01729_02626,1.0,d28a349415096cb4bd8d1f46bb11030276034877b468a1496abb760796d02d68,planner_dev1696_baseline,1.0,ok,1.0,f1bf12acb8445268
1.0,1.0,1.0,1.0,2021.06.09.12.51.31_veh-35_01729_02626,1.0,b9f8062eaf44fe6efd28be0771ff191fb142e7e3336819516dd3cd11d8c4ae7a,planner_dev1696_baseline,1.0,ok,1.0,f25726c61f48502f
1.0,1.0,1.0,0.5437548587417906,2021.06.09.12.51.31_veh-35_01729_02626,1.0,00028e92f3b58dfb9367e7de297546c2ac91881832de3066d8fb295c8c55d50b,planner_dev1696_baseline,0.8098978578090795,ok,1.0,f285ec68af385fc4
1.0,1.0,1.0,1.0,2021.06.09.12.51.31_veh-35_01729_02626,1.0,57c73e72fd332f4bb9fdbbfb9f322f4564bf3da3c2d4a2cf223b68c15a948d80,planner_dev1696_baseline,1.0,ok,1.0,f29cff9a8d905f5d
1.0,1.0,1.0,1.0,2021.06.09.12.51.31_veh-35_01729_02626,1.0,d5b68b0804f726503e1a7345818b57aa17fea50f0b76ebe8583423f9cbe2930d,planner_dev1696_baseline,1.0,ok,1.0,f2bdb5407b145bcd
1.0,1.0,1.0,0.9173517925736456,2021.06.09.12.51.31_veh-35_01729_02626,1.0,f79a881507d7ac358f63f950091619bbcbbca69b74720778d75b5eff108f1102,planner_dev1696_baseline,0.9655632469056856,ok,1.0,f329e674bbb950b3
1.0,1.0,1.0,0.576461554192137,2021.06.09.12.51.31_veh-35_01729_02626,1.0,8c8838abba823d7aa4ff9d15cc080b6e188ce4c6984b067e14c549879b5de707,planner_dev1696_baseline,0.8235256475800571,ok,1.0,f37d56c3d1f059ec
1.0,1.0,1.0,1.0,2021.06.09.12.51.31_veh-35_01729_02626,1.0,9ae46c5d355c6a65dfdc02bcfbf58d9a3cd71f67e61bf726995e758f2cd37800,planner_dev1696_baseline,1.0,ok,1.0,f44ec48280225191
1.0,1.0,1.0,0.7882949979969207,2021.06.09.12.51.31_veh-35_01729_02626,1.0,ba8a29074cc84d737c60ad94219c72541e36033635325fc1c7fbf48447d94014,planner_dev1696_baseline,0.911789582498717,ok,1.0,f4ec1f572cef5c49
1.0,1.0,1.0,0.90193611389394,2021.06.09.12.51.31_veh-35_01729_02626,1.0,464e9ea4bf2752feb1d3968c102d465f65833bf497d24863b4ebf83778b639a1,planner_dev1696_baseline,0.9591400474558084,ok,1.0,f4f7c2de2c0656fe
1.0,1.0,1.0,0.5484063328244473,2021.06.09.12.51.31_veh-35_01729_02626,1.0,acd2acd3123756f6dea23a66a00c168b60a52c0d4331c89b56b00d2ef7e2da48,planner_dev1696_baseline,0.8118359720101864,ok,1.0,f606a68831b959bb
1.0,1.0,1.0,1.0,2021.06.09.12.51.31_veh-35_01729_02626,1.0,61abab3d61d625c74db226108e20ad1138458612507fff3b45d2db39bb7f0949,planner_dev1696_baseline,1.0,ok,1.0,f63d23a573a550f3
1.0,1.0,1.0,1.0,2021.06.09.12.51.31_veh-35_01729_02626,1.0,443fd11743055ce66071f9491b11469f8c1c7a3cc7eda380bc2d3d09378348e9,planner_dev1696_baseline,1.0,ok,1.0,f68dfe3760c25453
1.0,1.0,1.0,1.0,2021.06.09.12.51.31_veh-35_01729_02626,1.0,f8e20a029e9bab5827f441bfc5639381f84ea9edb8fe0c907b583573d3918f31,planner_dev1696_baseline,1.0,ok,1.0,f8cd764491c15c36
1.0,1.0,1.0,1.0,2021.06.09.12.51.31_veh-35_01729_02626,1.0,26234c4cdac0d4f83ff1501a78eaed83432dff027f8f037f9d36a1a8836851a6,planner_dev1696_baseline,1.0,ok,1.0,f9b9cec54e8759c8
1.0,1.0,1.0,1.0,2021.06.09.12.51.31_veh-35_01729_02626,1.0,ec4f1634f213ed69deaff209cb758744f48fad2cfc67d2a191df71dfdd7bd93a,planner_dev1696_baseline,1.0,ok,1.0,fa88f25a8971596f
1.0,1.0,1.0,0.6134920912251782,2021.06.09.12.51.31_veh-35_01729_02626,1.0,1125804ac37a86918536d13ef0f4944ce13cc5506dce124e17a0a322df6e8a1a,planner_dev1696_baseline,0.838955038010491,ok,1.0,fa89a1586e92554d
1.0,1.0,1.0,0.91303248612751,2021.06.09.12.51.31_veh-35_01729_02626,1.0,8982c3383d83097958dffeca6a2391bc162fd85aa3b919b3086470dc3c334742,planner_dev1696_baseline,0.9637635358864625,ok,1.0,fb2723881f29596c
1.0,1.0,1.0,1.0,2021.06.09.12.51.31_veh-35_01729_02626,1.0,9f4262b2e30678c9d6f2bd7c07297143b46415bcc78cfa92a66631ae6d6767f6,planner_dev1696_baseline,1.0,ok,1.0,fbf80b893a45596c
1.0,1.0,1.0,0.8301036051534492,2021.06.09.20.26.11_veh-35_00970_01216,1.0,3224f4078328fb0864ad4d158375ef0719383a66fff1199f5bf563aa6011bc6a,planner_dev1696_baseline,0.9292098354806039,ok,1.0,04892d0279ea5905
1.0,1.0,1.0,1.0,2021.06.09.20.26.11_veh-35_00970_01216,1.0,dd638535a634b96fe20bcfea5dfe1b05330fdf19ae749582caf3998fa4a3db68,planner_dev1696_baseline,1.0,ok,1.0,04b8f4a99be85973
1.0,1.0,1.0,0.8466976441761632,2021.06.09.20.26.11_veh-35_00970_01216,1.0,93d0604069b4197af4c45f18700e4fd08407db6ab337dba7b2cda03f4f29fbc0,planner_dev1696_baseline,0.9361240184067346,ok,1.0,050bc5dc61b05c0c
1.0,1.0,1.0,1.0,2021.06.09.20.26.11_veh-35_00970_01216,1.0,52a58cc1b62246a7c62c2e7290b367055116aeca1f622aa615fa0d4445a96659,planner_dev1696_baseline,1.0,ok,1.0,05dc6e420d935b8e
1.0,1.0,1.0,1.0,2021.06.09.20.26.11_veh-35_00970_01216,1.0,f8d73cb7eb5f883e625b0ee703cc1adce23927c1cc1cc98dcc504f396c6e5503,planner_dev1696_baseline,1.0,ok,1.0,083a415c4ea15ef6
1.0,1.0,1.0,1.0,2021.06.09.20.26.11_veh-35_00970_01216,1.0,59d3c2f88d0c70abdd7efabf0884b1eb5c797ba2c1aa5d248bedba833d25775a,planner_dev1696_baseline,1.0,ok,1.0,0fd89914075c5330
1.0,1.0,1.0,1.0,2021.06.09.20.26.11_veh-35_00970_01216,1.0,2eaa5cc02b810152aee19509ab880193905b1e4d07b572091894dbe9920b68e0,planner_dev1696_baseline,1.0,ok,1.0,11b917a7dad65cb3
1.0,1.0,1.0,0.7833182136688469,2021.06.09.20.26.11_veh-35_00970_01216,1.0,1d65802a3314918137323e5516a4bd960c3e01baffdfa208e2ea07f81ca12da0,planner_dev1696_baseline,0.9097159223620196,ok,1.0,179d390028965461
1.0,1.0,1.0,0.7361185053560196,2021.06.09.20.26.11_veh-35_00970_01216,1.0,e47b8ae6e9e1b65a238061415b667b6532f6391e7d4241924e2dadc30cbe9887,planner_dev1696_baseline,0.8900493772316748,ok,1.0,2156346d5dcf5246
1.0,1.0,1.0,0.7632672877779578,2021.06.09.20.26.11_veh-35_00970_01216,1.0,8a9f9aa42e5791525be4d74441cd7e747713803a3ba33289429351150eb64964,planner_dev1696_baseline,0.9013613699074824,ok,1.0,2c1795e29af65a31
1.0,1.0,1.0,1.0,2021.06.09.20.26.11_veh-35_00970_01216,1.0,777d04e9ee596576370b38822fe1d81b6539dcc9bfc06fccbd8cb9bf9ffc2008,planner_dev1696_baseline,1.0,ok,1.0,317266217a3b548d
1.0,1.0,1.0,0.7840933722244636,2021.06.09.20.26.11_veh-35_00970_01216,1.0,bcbf77a28f9cf5281263c772f85a3c7eab80fa416927dbf61f5736480bf848b6,planner_dev1696_baseline,0.9100389050935265,ok,1.0,327c4934e82a54cb
1.0,1.0,1.0,1.0,2021.06.09.20.26.11_veh-35_00970_01216,1.0,df884172d537335e4be5b150b83391080da954d3ffbeaaddc1b67e04943868af,planner_dev1696_baseline,1.0,ok,1.0,346855a3e0115ac3
1.0,1.0,1.0,0.8036193049400472,2021.06.09.20.26.11_veh-35_00970_01216,1.0,a299fdbae95070e0aacf4a86b6dc3ecd286873c0237d2be7eaa6374da9848b1b,planner_dev1696_baseline,0.9181747103916864,ok,1.0,3b4b55afcacf553e
1.0,1.0,1.0,1.0,2021.06.09.20.26.11_veh-35_00970_01216,1.0,cabccb7804a86f4b7a7a6f8264beec8c70817c2cdcf03c86b367bf3f8c73fa33,planner_dev1696_baseline,1.0,ok,1.0,3d62676b9d685b3a
1.0,1.0,1.0,0.842216183794432,2021.06.09.20.26.11_veh-35_00970_01216,1.0,4ba9303056244f2d919f48aff0331b1f138fcedb484df024228687500dbc0d41,planner_dev1696_baseline,0.9342567432476799,ok,1.0,3f037c2e281b5c8c
1.0,1.0,1.0,0.8546667496752892,2021.06.09.20.26.11_veh-35_00970_01216,1.0,82e1de11d02e81cd30dc1763e4d60e75b3da4545f11dcfddf3796897cf91b422,planner_dev1696_baseline,0.9394444790313705,ok,1.0,43a10e21990254ae
1.0,1.0,1.0,0.7826814020796115,2021.06.09.20.26.11_veh-35_00970_01216,1.0,b04d949ff8d4d0202000bff82ad8f0a7b811768931d090678d74d997eb639e2e,planner_dev1696_baseline,0.909450584199838,ok,1.0,47520165cdf25645
1.0,1.0,1.0,1.0,2021.06.09.20.26.11_veh-35_00970_01216,1.0,4b960cb0a0290f2657267df6fbd359af667e0ec7b8339c1a4dd1aeafafa3a691,planner_dev1696_baseline,1.0,ok,1.0,490c8875ae7a5f43
1.0,1.0,1.0,1.0,2021.06.09.20.26.11_veh-35_00970_01216,1.0,1d1556319a1ee399f1e6ce5b1447348c0729fd99486f5519a230154a64aafaff,planner_dev1696_baseline,1.0,ok,1.0,49593af9450356f9
1.0,1.0,1.0,1.0,2021.06.09.20.26.11_veh-35_00970_01216,1.0,8bccf1e27b8e97b241cc7e02314334e69448f00aaceb3ac9942c8ec4088812b3,planner_dev1696_baseline,1.0,ok,1.0,4ac26d15063b57c9
1.0,1.0,1.0,0.7977076725635601,2021.06.09.20.26.11_veh-35_00970_01216,1.0,07d5af5b114c6b73ac170969bb28469d50cc2ca77acd33033a884fcc8dfde9a1,planner_dev1696_baseline,0.9157115302348168,ok,1.0,4d0efac8ead15d25
1.0,1.0,1.0,0.733220298261508,2021.06.09.20.26.11_veh-35_00970_01216,1.0,b3a2da157cbda0bb2c42077c5d05bdaf2ccbbb7f98b1e8fb2358f7b7c8888953,planner_dev1696_baseline,0.888841790942295,ok,1.0,56cbb46576da5737
1.0,1.0,1.0,0.9299527015169827,2021.06.09.20.26.11_veh-35_00970_01216,1.0,7940149699752cf34628ccb10966b95d2e8e10f44946baabf9fba1ac248442d3,planner_dev1696_baseline,0.9708136256320762,ok,1.0,5ab86590974953e9
1.0,1.0,1.0,0.7079823425506085,2021.06.09.20.26.11_veh-35_00970_01216,1.0,b3ffdee3bf164ef432e56df5736ce2609b86913983e83d059533e32bb68024e7,planner_dev1696_baseline,0.8783259760627535,ok,1.0,635bb611aa9a56e9
1.0,1.0,1.0,0.8327919968322152,2021.06.09.20.26.11_veh-35_00970_01216,1.0,c04dbaf603ae1c043741a42013ce7f3458ef899bdf297c5286c30ae28b4f9176,planner_dev1696_baseline,0.9303299986800896,ok,1.0,649ab25cb5fe57ab
1.0,1.0,1.0,0.908744707657661,2021.06.09.20.26.11_veh-35_00970_01216,1.0,ec15424c77cf49174042feb58dc3d483dd707489212eb4facda0c52309a3172d,planner_dev1696_baseline,0.9619769615240253,ok,1.0,6563dc1cfa4f5cce
1.0,1.0,1.0,0.8534479638997552,2021.06.09.20.26.11_veh-35_00970_01216,1.0,01d3ef712de6553cee0afcc97e699dede2c8564635869368c647225239316899,planner_dev1696_baseline,0.938936651624898,ok,1.0,6a8d143de4885b52
1.0,1.0,1.0,1.0,2021.06.09.20.26.11_veh-35_00970_01216,1.0,2b62d01e64f3345603e5ca46efb2098968bc3b7b13b8bc831c50cb32d9948ceb,planner_dev1696_baseline,1.0,ok,1.0,7c43ce4287c252da
1.0,1.0,1.0,1.0,2021.06.09.20.26.11_veh-35_00970_01216,1.0,10a5006b3b358c69c406f71287e219be0c06c240641abcd74889a165aa86a474,planner_dev1696_baseline,1.0,ok,1.0,80725ea45ed953a5
1.0,1.0,1.0,1.0,2021.06.09.20.26.11_veh-35_00970_01216,1.0,13fc8b67e40a0ef8bea361c772341639c5d85681478227c7a881689fb8f4d39c,planner_dev1696_baseline,1.0,ok,1.0,8138d3f674fd5b1f
1.0,1.0,1.0,0.754401527302398,2021.06.09.20.26.11_veh-35_00970_01216,1.0,a2615c0ee58c9e28c03d8785a4b34f3c156b0c07da9ede2722776d8486cf114e,planner_dev1696_baseline,0.8976673030426658,ok,1.0,870cb529ffac50e0
1.0,1.0,1.0,0.8042482443015324,2021.06.09.20.26.11_veh-35_00970_01216,1.0,61e82020554cfc7d9d6b24f693406249fdd3342fdeed127380fc73efc2bd2481,planner_dev1696_baseline,0.9184367684589718,ok,1.0,8823d1c7c34b57ac
1.0,1.0,1.0,0.8632329113858237,2021.06.09.20.26.11_veh-35_00970_01216,1.0,f1766a5aabe4887498b18e71d874b7b6c16b4802f80ba26daf8d6affaef8960b,planner_dev1696_baseline,0.9430137130774265,ok,1.0,89e48839087057c4
1.0,1.0,1.0,0.8225299079017327,2021.06.09.20.26.11_veh-35_00970_01216,1.0,124cbef58298331b4f9248b83e929c344e888ea60f1919863d85cc83115fa507,planner_dev1696_baseline,0.9260541282923885,ok,1.0,8fec4a414ec45ed3
1.0,1.0,1.0,1.0,2021.06.09.20.26.11_veh-35_00970_01216,1.0,91463cee734044d0bda03ea64de363fffb42516b132a42ef035494b888b8486e,planner_dev1696_baseline,1.0,ok,1.0,95b2448f02bb58e6
1.0,1.0,1.0,1.0,2021.06.09.20.26.11_veh-35_00970_01216,1.0,af4f0446c1b0f084016342acb993f30e8520d654c14c386fb94e2a4e7aba97b0,planner_dev1696_baseline,1.0,ok,1.0,99f700e7e9af5407
1.0,1.0,1.0,1.0,2021.06.09.20.26.11_veh-35_00970_01216,1.0,16c75b5c974ce1fb28fbb5a9596777a4a996985f891924c57aa9e820f69d0120,planner_dev1696_baseline,1.0,ok,1.0,9a4b00e867fc591d
1.0,1.0,1.0,1.0,2021.06.09.20.26.11_veh-35_00970_01216,1.0,85e1cac92d6da48584dcdce04e5f8dbbba3d1735c317b3e6006c847dc3de9fb6,planner_dev1696_baseline,1.0,ok,1.0,9b877b869b3d5f89
1.0,1.0,1.0,0.7798534163496779,2021.06.09.20.26.11_veh-35_00970_01216,1.0,cfb880ad0402fd20cd0886ec7d97431842cac82118d17188c18aa5a699376a56,planner_dev1696_baseline,0.9082722568123658,ok,1.0,9d35cc01a2ca541d
1.0,1.0,1.0,1.0,2021.06.09.20.26.11_veh-35_00970_01216,1.0,7d29ea3c12dca1e174fd414f519608b88e8f6f5065eaedfc11ac5794b5514536,planner_dev1696_baseline,1.0,ok,1.0,9e6d11e4e8385c43
1.0,1.0,1.0,1.0,2021.06.09.20.26.11_veh-35_00970_01216,1.0,238aa9680788ee36bfde46bbfd4369bdd8500d551bf76559112ee9921ddb8db6,planner_dev1696_baseline,1.0,ok,1.0,9eba22c564c15cff
1.0,1.0,1.0,0.991379323897217,2021.06.09.20.26.11_veh-35_00970_01216,1.0,1ab64a05ad0e7be64b41768265f2bc41e1ee6286f154d2f67a3689b92a67be20,planner_dev1696_baseline,0.9964080516238404,ok,1.0,a02f3e19c1ad5991
1.0,1.0,1.0,0.9416926558957003,2021.06.09.20.26.11_veh-35_00970_01216,1.0,328e25dd313ad03eb4e69bea466be54c3d984f1f4a1a72898b482debefa432b0,planner_dev1696_baseline,0.9757052732898751,ok,1.0,a1f10af5c1bd57f8
1.0,1.0,1.0,0.9149273753492866,2021.06.09.20.26.11_veh-35_00970_01216,1.0,a51af12804510655a050a15c7ac478e08ab5d7903cb8209d3fd910e7337b1c7e,planner_dev1696_baseline,0.9645530730622026,ok,1.0,a2e8d995e6985d26
1.0,1.0,1.0,0.8053948870777446,2021.06.09.20.26.11_veh-35_00970_01216,1.0,8da2932a50439f94d8027dea27ad01f789b33306efdda1899365fbb53eab8564,planner_dev1696_baseline,0.9189145362823936,ok,1.0,a4add302e42c5c7e
1.0,1.0,1.0,0.7845435294598214,2021.06.09.20.26.11_veh-35_00970_01216,1.0,5007b1a0188fefd2065ad99fc90e21552d5646861fcd441328c9b8f44198662a,planner_dev1696_baseline,0.9102264706082589,ok,1.0,a7678eea2655557f
1.0,1.0,1.0,1.0,2021.06.09.20.26.11_veh-35_00970_01216,1.0,19ba0795575a4c236a7fee37f4e51c6c81ceca7edcd8dd0fb95e0c1ceb3ca42e,planner_dev1696_baseline,1.0,ok,1.0,a7a0e345cbe251ff
1.0,1.0,1.0,0.7022786487430271,2021.06.09.20.26.11_veh-35_00970_01216,1.0,5e30d54ab4201130fc28bacce72e74d30dd5d5d3876d2e825096b3c5c19f7a5f,planner_dev1696_baseline,0.8759494369762613,ok,1.0,aaa588f7383f52b7
1.0,1.0,1.0,0.7380463455400352,2021.06.09.20.26.11_veh-35_00970_01216,1.0,6d5245e0363b807b20dc18c302a0d30a55441be99365f20c29de5acb5908b384,planner_dev1696_baseline,0.8908526439750147,ok,1.0,aae99a84413d5f72
1.0,1.0,1.0,0.7162735734716202,2021.06.09.20.26.11_veh-35_00970_01216,1.0,ac04f6a8e7173153a2931ddeba180c7034f3eef16e015068baa3e9c60f9a6a76,planner_dev1696_baseline,0.881780655613175,ok,1.0,b56363ebc91255ac
1.0,1.0,1.0,0.8146610195060895,2021.06.09.20.26.11_veh-35_00970_01216,1.0,b13ff3b44e96250bd4a5bd5e2b0250de8e9fa959c457a416b0ff04ebd2dd3894,planner_dev1696_baseline,0.9227754247942039,ok,1.0,b5d7c17fe5375141
1.0,1.0,1.0,1.0,2021.06.09.20.26.11_veh-35_00970_01216,1.0,0358486ef720e74a46c96d2d115896f9586e15df62b297e9185018b10aeef62f,planner_dev1696_baseline,1.0,ok,1.0,bbf8128f3cbd51ef
1.0,1.0,1.0,0.8667916998959528,2021.06.09.20.26.11_veh-35_00970_01216,1.0,db41beab907ae1ebcdbe72e8388894e44a6292ac01e44f23b1f7cd6f44723f24,planner_dev1696_baseline,0.9444965416233136,ok,1.0,bc1dfb2384b05a4b
1.0,1.0,1.0,0.8182424111576463,2021.06.09.20.26.11_veh-35_00970_01216,1.0,23a8fab0fc12ee3aa3280615edeac832c90f97f09e69056a83c8e6cc7085f0dd,planner_dev1696_baseline,0.924267671315686,ok,1.0,c3320ccc8a035eec
1.0,1.0,1.0,0.8543248821973324,2021.06.09.20.26.11_veh-35_00970_01216,1.0,9114f215e3db58d4ed3590629e2ee6dd53c99d48afeda86c441c8e133e58adde,planner_dev1696_baseline,0.9393020342488884,ok,1.0,c7835426e03a501e
1.0,1.0,1.0,0.6203030260860213,2021.06.09.20.26.11_veh-35_00970_01216,1.0,5735d4cab46700bfa6efe1d1c826a6bbeed3942415abf05256353992fe5fe877,planner_dev1696_baseline,0.8417929275358422,ok,1.0,cc4e7f2a2a7255f5
1.0,1.0,1.0,0.8211249797087378,2021.06.09.20.26.11_veh-35_00970_01216,1.0,18b99869a8f8d052033b9a23ce981de962b37e6bc5d9eec5fd82eec54eac2e80,planner_dev1696_baseline,0.9254687415453073,ok,1.0,ccfd863b143e5dd5
1.0,1.0,1.0,1.0,2021.06.09.20.26.11_veh-35_00970_01216,1.0,59f614117f7353bd4c583c3cd92467e4df406730bc8973e91fc375110d9b7d71,planner_dev1696_baseline,1.0,ok,1.0,cf4f76be62c25b5f
1.0,1.0,1.0,0.7957137036741883,2021.06.09.20.26.11_veh-35_00970_01216,1.0,e31c88a2a1e41fc0cdbef5b492f9eaf22257211699260b10fcb011ae68e8ecfd,planner_dev1696_baseline,0.9148807098642452,ok,1.0,cf5cb6cadfbd52e9
1.0,1.0,1.0,0.8607442961228365,2021.06.09.20.26.11_veh-35_00970_01216,1.0,1d6044f9585abee88cc92a6ec781c56b1b6524c48f799254891d53edb0486e2c,planner_dev1696_baseline,0.9419767900511818,ok,1.0,d2906d36973b5d41
1.0,1.0,1.0,1.0,2021.06.09.20.26.11_veh-35_00970_01216,1.0,dc91943f133b9f4fdfbacfaffe4db775601cbb7969007b96f0c4bea73c65fedf,planner_dev1696_baseline,1.0,ok,1.0,d4196ca11ef45f55
1.0,1.0,1.0,0.8041260410093302,2021.06.09.20.26.11_veh-35_00970_01216,1.0,6780f379d1a661b353c9e95b3e445f6b23a59874125a7a5ce6fbaf7a74618008,planner_dev1696_baseline,0.9183858504205542,ok,1.0,dc5dc0a76c7c546a
1.0,1.0,1.0,0.8254216135524464,2021.06.09.20.26.11_veh-35_00970_01216,1.0,f1a366ce42a8c402e1f616e00676faafa7d448ad2b2b8012713883ff519ce9ea,planner_dev1696_baseline,0.9272590056468527,ok,1.0,dd0ee62e28ee5eaf
1.0,1.0,1.0,0.7185048778767159,2021.06.09.20.26.11_veh-35_00970_01216,1.0,f3d713ba39e2c6f2166e9e4b0d0c8800c4dde881926d1e81c6778d74d3c91707,planner_dev1696_baseline,0.882710365781965,ok,1.0,e06b4eb07a9b5be3
1.0,1.0,1.0,1.0,2021.06.09.20.26.11_veh-35_00970_01216,1.0,f4bb37a813166bbe5e9839c8623e3b9c1e2b6776cf3f69b4d06bb84983c967fb,planner_dev1696_baseline,1.0,ok,1.0,f1f36e051147572e
1.0,1.0,1.0,0.9651442177132953,2021.06.09.20.26.11_veh-35_00970_01216,1.0,d9c595acb116c9006d42cf34688c6d0ec728c5f61f2985e52c49711c44a9aa28,planner_dev1696_baseline,0.9854767573805397,ok,1.0,fd650b8a78ab5706
1.0,1.0,1.0,0.7147330758856545,2021.06.09.20.26.11_veh-35_00970_01216,1.0,bea25d863ded2dafb75e9962c8bfbb7d8ab24f79ccf10f1983d22e7805e3d6c6,planner_dev1696_baseline,0.8811387816190227,ok,1.0,fe288a64350d556b
1.0,1.0,1.0,0.924192114776524,2021.06.23.17.31.36_veh-16_00016_00377,1.0,9678bb8f580fc3aa6ecbe6a206c5815e54b2546f46e7ef360b9e357ba0549d57,planner_dev1696_baseline,0.968413381156885,ok,1.0,017221a69d845d5f
1.0,1.0,1.0,0.6744784699711873,2021.06.23.17.31.36_veh-16_00016_00377,1.0,b4f6942022803ad65356a0680ed22155e13a84ed042148aed193e96bcc44ea2a,planner_dev1696_baseline,0.8643660291546613,ok,1.0,02dff6541a8c574b
1.0,1.0,1.0,0.9979796557743164,2021.06.23.17.31.36_veh-16_00016_00377,1.0,dcd17e95c4c46ad637e0f0d49392c1a7da0c51a91f98db21ed274fd81094359f,planner_dev1696_baseline,0.9991581899059652,ok,1.0,047ca296724153ed
1.0,1.0,1.0,1.0,2021.06.23.17.31.36_veh-16_00016_00377,1.0,9ca55f64664e4b086a6d1b7cd7038764430b5baea11a5271d2df1a842fdeb994,planner_dev1696_baseline,1.0,ok,1.0,0612ae5a43ea5e14
1.0,1.0,1.0,1.0,2021.06.23.17.31.36_veh-16_00016_00377,1.0,e50f87e6018629ff547452e9709502cb91c5bdcd06bb24db0ac3aaddc4c324f7,planner_dev1696_baseline,1.0,ok,1.0,08309993090158ed
1.0,1.0,1.0,1.0,2021.06.23.17.31.36_veh-16_00016_00377,1.0,475ecfe6c8696c5d8082eed50bb62cd9b981efabaf4d069a457499835b395646,planner_dev1696_baseline,1.0,ok,1.0,105b3c761dee5fcb
1.0,1.0,1.0,1.0,2021.06.23.17.31.36_veh-16_00016_00377,1.0,c7067a66900d54e1e485ebd689b47137cdf09640cd5e29ecd6448c33752676fc,planner_dev1696_baseline,1.0,ok,1.0,1168282af331504e
1.0,1.0,1.0,0.9981106758737655,2021.06.23.17.31.36_veh-16_00016_00377,1.0,77a086060318d8b72e5463966c72deef9dcba1352f1af2952a578964e811b223,planner_dev1696_baseline,0.9992127816140689,ok,1.0,136d82f937c45885
1.0,1.0,1.0,1.0,2021.06.23.17.31.36_veh-16_00016_00377,1.0,34ccfe63bbcd3d889b650503079d733fc7241222eea02f6ac2408e92934095cf,planner_dev1696_baseline,1.0,ok,1.0,16ea1ed69aed5de1
1.0,1.0,1.0,1.0,2021.06.23.17.31.36_veh-16_00016_00377,1.0,665b01c646ec3b7b4d21d13b04687e7bed8a47a19bbd14ff34ad2f035bc7af74,planner_dev1696_baseline,1.0,ok,1.0,1783be8f68bc560f
1.0,1.0,1.0,1.0,2021.06.23.17.31.36_veh-16_00016_00377,1.0,0ff0477b2e9d8fcd62ba4e94fbf50f9478cdb86d24114c715c858f6b5268de2f,planner_dev1696_baseline,1.0,ok,1.0,17d80f18ee7854c0
1.0,1.0,1.0,1.0,2021.06.23.17.31.36_veh-16_00016_00377,1.0,84780daeb4c24f5a2f717ca28dcf424dcf69c317099fd4947f8c705a079f6685,planner_dev1696_baseline,1.0,ok,1.0,1c9e768f7d545a89
1.0,1.0,1.0,0.9746549941054937,2021.06.23.17.31.36_veh-16_00016_00377,1.0,4721a5ec8978bfc3ccd5ea9ae3a2e374604cacdc693f3b0e2b0259d7af1f4c40,planner_dev1696_baseline,0.989439580877289,ok,1.0,1e7bb5730b095273
1.0,1.0,1.0,1.0,2021.06.23.17.31.36_veh-16_00016_00377,1.0,1c26d9b4b2ccc9756f699ebf149a9bb0a55bbd38feaf2e3ab8cfc71e3811a333,planner_dev1696_baseline,1.0,ok,1.0,2130fc97f34f5668
1.0,1.0,1.0,0.699333250718689,2021.06.23.17.31.36_veh-16_00016_00377,1.0,fe28b5d9ab26d9ea90c496a0a8c5ec561a565c4d1d348cae9fbca6f0552bd165,planner_dev1696_baseline,0.8747221877994539,ok,1.0,23e4660a0f365854
1.0,1.0,1.0,1.0,2021.06.23.17.31.36_veh-16_00016_00377,1.0,5dd64d50da8a92b2765e752bffab46c13dda38490d0513f7c4f2a20ad0e3cc69,planner_dev1696_baseline,1.0,ok,1.0,252aca165e205caf
1.0,1.0,1.0,0.8327418771770952,2021.06.23.17.31.36_veh-16_00016_00377,1.0,45fe74cc4b3c5b651cc8fa336709b4d6b4dca516688c2d1c28d5bfccdbf3e3ec,planner_dev1696_baseline,0.9303091154904563,ok,1.0,2546a09ed60755b9
1.0,1.0,1.0,0.8787723223364863,2021.06.23.17.31.36_veh-16_00016_00377,1.0,1ac0040cae73e7d8df5dc24ccd957af5a5d3857a7027b69b7a7a0af2cb0c14f6,planner_dev1696_baseline,0.9494884676402027,ok,1.0,29b843e9d1145127
1.0,1.0,1.0,0.8521940824251937,2021.06.23.17.31.36_veh-16_00016_00377,1.0,259a5bc4d7a01b64a2834be2f0e4b4a9590c0ecb926431d780f405826cf1d9cf,planner_dev1696_baseline,0.9384142010104973,ok,1.0,2a9ea017fb55572b
1.0,1.0,1.0,0.9937626598454168,2021.06.23.17.31.36_veh-16_00016_00377,1.0,e2ffd3f031ad35f78c31a0880e6ea458d7e23594f0a58e0570c873c9fa655224,planner_dev1696_baseline,0.9974011082689236,ok,1.0,30b7a3bf71b956de
1.0,1.0,1.0,0.552112492842908,2021.06.23.17.31.36_veh-16_00016_00377,1.0,632638abde51bea4a779422285d4159f4b54906309ef704a2060613a8081cc1a,planner_dev1696_baseline,0.8133802053512117,ok,1.0,3227b869cdd85654
1.0,1.0,1.0,1.0,2021.06.23.17.31.36_veh-16_00016_00377,1.0,2c178383a813948970e0b2a5aa32b27d72ea91f17a1d51ee26a1df5632273699,planner_dev1696_baseline,1.0,ok,1.0,3fa2f81cff025162
1.0,1.0,1.0,0.5958363713923625,2021.06.23.17.31.36_veh-16_00016_00377,1.0,37daf8e2ed07b532b484a08005b49ebe72692ab111e4162ec47886027896d837,planner_dev1696_baseline,0.831598488080151,ok,1.0,404cf17b53805018
1.0,1.0,1.0,1.0,2021.06.23.17.31.36_veh-16_00016_00377,1.0,f2f7066c1db0228f7d6fa2c6351527fc4bb6383344462593f46e924d90634804,planner_dev1696_baseline,1.0,ok,1.0,405732349b21524a
1.0,1.0,1.0,1.0,2021.06.23.17.31.36_veh-16_00016_00377,1.0,20b0909cb42766abae784b08d33e0fc5bad4ef7f71a1eb1804bf9c1e2432181d,planner_dev1696_baseline,1.0,ok,1.0,4b0db1652aa857f0
1.0,1.0,1.0,1.0,2021.06.23.17.31.36_veh-16_00016_00377,1.0,60ce3062278a04f60c53a709fee15592c7e222226ad12a6b91d8bec9db6a2585,planner_dev1696_baseline,1.0,ok,1.0,4bb5e84b73765d38
1.0,1.0,1.0,1.0,2021.06.23.17.31.36_veh-16_00016_00377,1.0,c06db775e522aae0b59d29c01fed090019450512ed46e44efa7cda1893054f1d,planner_dev1696_baseline,1.0,ok,1.0,4f9e9b2e8e77599c
1.0,1.0,1.0,1.0,2021.06.23.17.31.36_veh-16_00016_00377,1.0,a497f4ae833e945ce3b9654690b54c7a5950cd3ea05dbea4c45d3121c318c26e,planner_dev1696_baseline,1.0,ok,1.0,515b07ed8b6a5e82
1.0,1.0,1.0,0.6092385009832183,2021.06.23.17.31.36_veh-16_00016_00377,1.0,c2fa1b1575242a08b7477886823f57ab1ea6c5039b942e8e27820eb39d5d9ab6,planner_dev1696_baseline,0.8371827087430077,ok,1.0,547b22ed67af5503
1.0,1.0,1.0,0.6786537343695019,2021.06.23.17.31.36_veh-16_00016_00377,1.0,409f16783f3d099f2f233b784f2744a773931c609c95a62c1360e126c1316be8,planner_dev1696_baseline,0.8661057226539591,ok,1.0,57e56c60ae355a07
1.0,1.0,1.0,1.0,2021.06.23.17.31.36_veh-16_00016_00377,1.0,32225e5230585d53c6f1aa1afdae8ca127c565269bec14e14bc13744ab374a7a,planner_dev1696_baseline,1.0,ok,1.0,5a8f0cf120495354
1.0,1.0,1.0,0.9201135515723772,2021.06.23.17.31.36_veh-16_00016_00377,1.0,1b3cf608ff080f2e4210b2950385e7353280e2c544861ab24896876cdfb21fe1,planner_dev1696_baseline,0.9667139798218237,ok,1.0,5d6fd74f1a555e69
1.0,1.0,1.0,0.8371517648268122,2021.06.23.17.31.36_veh-16_00016_00377,1.0,ae604674ff9d2552a4b7a485461d2cdc9bff3f056c0a5f226dc9bf7c57ade5c1,planner_dev1696_baseline,0.9321465686778385,ok,1.0,6209313b0b66517c
1.0,1.0,1.0,0.6659892205237529,2021.06.23.17.31.36_veh-16_00016_00377,1.0,2d844cf071fc5ce6a87f5f9de5e8c89108ad323009479b414cad107d1defda1b,planner_dev1696_baseline,0.8608288418848971,ok,1.0,629a2f2a44f6575d
1.0,1.0,0.5,0.804583422431462,2021.06.23.17.31.36_veh-16_00016_00377,1.0,444abb701fe59114a1b5958678fa959e333a7e06d2896b2a58652d5db0353b74,planner_dev1696_baseline,0.9185764260131091,ok,1.0,6339f2317047535d
1.0,1.0,1.0,0.8317726581165251,2021.06.23.17.31.36_veh-16_00016_00377,1.0,06f9f130abf5774f272f6e12d47f024ef68c9c25148e7b5351cb632f8dee3cde,planner_dev1696_baseline,0.9299052742152188,ok,1.0,64f48caa82ee547c
1.0,1.0,1.0,1.0,2021.06.23.17.31.36_veh-16_00016_00377,1.0,103c2e2d23bf3bba0abdf1545c271e9acceb00c65267400d1beffdc122623fda,planner_dev1696_baseline,1.0,ok,1.0,6513ddef308f553f
1.0,1.0,1.0,1.0,2021.06.23.17.31.36_veh-16_00016_00377,1.0,a2ca5c9baad4b0c121596de57b913cc89e34026ed4b95d8fb20197eadfc7b590,planner_dev1696_baseline,1.0,ok,1.0,710c63523d4d5e05
1.0,1.0,1.0,0.9277752957419221,2021.06.23.17.31.36_veh-16_00016_00377,1.0,f1934784b564c30b4dd7595c652c3c17b1b49a2fdd482ab4021fdba36beac215,planner_dev1696_baseline,0.9699063732258009,ok,1.0,7385fa0f1ebf5356
1.0,1.0,1.0,0.7755384365270825,2021.06.23.17.31.36_veh-16_00016_00377,1.0,c05749d8caa8de5265ca95acc85124051d438eaa78d9e2d5a33ba8952eded843,planner_dev1696_baseline,0.9064743485529511,ok,1.0,7567becdd4005b0b
1.0,1.0,1.0,1.0,2021.06.23.17.31.36_veh-16_00016_00377,1.0,db7452857ccd9884184c0e958cdd8faeb48913c81058a6333f1812baa62ab40e,planner_dev1696_baseline,1.0,ok,1.0,77a62006cb995aa7
1.0,1.0,1.0,1.0,2021.06.23.17.31.36_veh-16_00016_00377,1.0,3a049f34bd19d21d303b87e5f84d3e5d285b61bbf6cef8ecae9bf4007cebf259,planner_dev1696_baseline,1.0,ok,1.0,79bc073387755a35
1.0,1.0,1.0,0.8203103562419781,2021.06.23.17.31.36_veh-16_00016_00377,1.0,9973c55d5b0373831a9fc50789cc6f45605c650c220bc4bedfe7f32aff37bb7e,planner_dev1696_baseline,0.9251293151008242,ok,1.0,79bd7ba72d985b0b
1.0,1.0,1.0,1.0,2021.06.23.17.31.36_veh-16_00016_00377,1.0,833a45b62df543bc2274ff8ba38e0988b60625eac9014eb4c09a7ca656ba388b,planner_dev1696_baseline,1.0,ok,1.0,79ec50c2dd9352bb
1.0,1.0,1.0,0.8373993395571384,2021.06.23.17.31.36_veh-16_00016_00377,1.0,357af645d7a20b0f4276c2196266cb409264f48c9d5a6d382761c7d4b6ede3b4,planner_dev1696_baseline,0.9322497248154743,ok,1.0,7a6d02ce41635a31
1.0,1.0,1.0,1.0,2021.06.23.17.31.36_veh-16_00016_00377,1.0,50b26223b9aaca0670eb1083d41d2c73ccb1ddb7887cf6a4ac8154112cbd6b17,planner_dev1696_baseline,1.0,ok,1.0,85288108bac2504f
1.0,1.0,1.0,0.9127705361608657,2021.06.23.17.31.36_veh-16_00016_00377,1.0,37f8c4e3ab3af6c251c643c6c29787b4095467a153278f9d90b69278c254771d,planner_dev1696_baseline,0.9636543900670272,ok,1.0,863019d9f09155f7
1.0,1.0,1.0,1.0,2021.06.23.17.31.36_veh-16_00016_00377,1.0,3cdf898050a2aeb7764b9508ca2f21577c4bb5af74ed5b26eaf9624ad1a34361,planner_dev1696_baseline,1.0,ok,1.0,874a3a4f7582531d
1.0,1.0,1.0,1.0,2021.06.23.17.31.36_veh-16_00016_00377,1.0,0aef0c8d59ca8207daea618927e5d6fc1704ae83cee974931f81ddbf1e79a149,planner_dev1696_baseline,1.0,ok,1.0,883024c704b55ed4
1.0,1.0,1.0,1.0,2021.06.23.17.31.36_veh-16_00016_00377,1.0,fcc5c3760f44e375b0d13b98d65151a01aa99ad3cef36258c50147a6d7114689,planner_dev1696_baseline,1.0,ok,1.0,8cc27785287f5367
1.0,1.0,1.0,1.0,2021.06.23.17.31.36_veh-16_00016_00377,1.0,8efa0fbdc4f99fd9500db244248cda16d80e2653d417eabfa78e2b7511c74ed0,planner_dev1696_baseline,1.0,ok,1.0,912976ebea0b5dae
1.0,1.0,1.0,0.7069391331896614,2021.06.23.17.31.36_veh-16_00016_00377,1.0,a4f59b457257c75da4b698c3054013f97fbf365fa5b38eacd40598abb2243358,planner_dev1696_baseline,0.8778913054956923,ok,1.0,936fbc402ef75a7f
1.0,1.0,1.0,1.0,2021.06.23.17.31.36_veh-16_00016_00377,1.0,7186841ad79b7f4c74b2828754856d965f64bfe8cd711a6e5da6579ab501f5c9,planner_dev1696_baseline,1.0,ok,1.0,95e0d89479815fa6
1.0,1.0,1.0,0.7737491635210314,2021.06.23.17.31.36_veh-16_00016_00377,1.0,88b765ba3cc16ea47b42db7bc473b98a11dfc024d108c95d41e77a80b74742c7,planner_dev1696_baseline,0.9057288181337632,ok,1.0,9742b96a0eee5097
1.0,1.0,1.0,1.0,2021.06.23.17.31.36_veh-16_00016_00377,1.0,4e1f4e5ed92444e1135073dfd7c8225cfdf044399d7df91d4d81165bef6217d5,planner_dev1696_baseline,1.0,ok,1.0,9ae5a292b89155a0
1.0,1.0,1.0,0.911133512346498,2021.06.23.17.31.36_veh-16_00016_00377,1.0,09d8c665bccb5a5b5a155c520577bf0c76ce0e72036e36937a5047f0bf8656b4,planner_dev1696_baseline,0.9629722968110408,ok,1.0,a0134d1c60475b3c
1.0,1.0,1.0,1.0,2021.06.23.17.31.36_veh-16_00016_00377,1.0,9f13fafacdb1318dd752028eca3b58b5de3403ad0a11f0133ed2764388d48f1d,planner_dev1696_baseline,1.0,ok,1.0,a1cca44efdc256a2
1.0,1.0,1.0,1.0,2021.06.23.17.31.36_veh-16_00016_00377,1.0,8114db84514b410e3b33de2325b5be1502ed95c1ee53a4006afc2bd93314f32d,planner_dev1696_baseline,1.0,ok,1.0,a5aa2c07692a5f9b
1.0,1.0,1.0,0.8241918696623888,2021.06.23.17.31.36_veh-16_00016_00377,1.0,e0f3796975eb6c47dcac3853b5dd818ce353d00e1a1cd10e0f7eeb61d61b5a37,planner_dev1696_baseline,0.9267466123593286,ok,1.0,a63d9d8cd31858ae
1.0,1.0,1.0,0.8310634535311486,2021.06.23.17.31.36_veh-16_00016_00377,1.0,528a3ce69bf91143f954e25f7a2a774e9aa150ceb3aaff21ec1c57a970c61368,planner_dev1696_baseline,0.9296097723046453,ok,1.0,a8c8ce07867e569e
1.0,1.0,1.0,1.0,2021.06.23.17.31.36_veh-16_00016_00377,1.0,bfff7c1d6bf77657454e7acd745af78fefaae5da3d0601f34c96ef01f768451e,planner_dev1696_baseline,1.0,ok,1.0,aac0caff26875b79
1.0,1.0,1.0,1.0,2021.06.23.17.31.36_veh-16_00016_00377,1.0,dd0340d1b07a0790ac288c7ce7a0a548df1d5f725c174944e0d8ca577ef61639,planner_dev1696_baseline,1.0,ok,1.0,ac7ab75271c75a44
1.0,1.0,1.0,0.7246881320011781,2021.06.23.17.31.36_veh-16_00016_00377,1.0,46d345ef61e724068e1bacb243789005b41a87b4d7fecd6fd505b4c0378e02d2,planner_dev1696_baseline,0.8852867216671575,ok,1.0,b6182e45cd3b5d7f
1.0,1.0,1.0,1.0,2021.06.23.17.31.36_veh-16_00016_00377,1.0,01fa2d0f36f91588454ea3ec055a7724bc25de0b9ed9bdcc1d023ddbd49dc849,planner_dev1696_baseline,1.0,ok,1.0,b6d189e5f2ec50c2
1.0,1.0,1.0,0.8443643922659482,2021.06.23.17.31.36_veh-16_00016_00377,1.0,7e429a29f3701ba70dbb6ff49cc48025c6496eff0416f050fc1e0f1240a99c77,planner_dev1696_baseline,0.9351518301108118,ok,1.0,b7b9f10bef7a5622
1.0,1.0,1.0,1.0,2021.06.23.17.31.36_veh-16_00016_00377,1.0,b8478429e13108e43376111217325b6a7ea92e21601b272e2757a20d3803209a,planner_dev1696_baseline,1.0,ok,1.0,b81fcf5bd7a4591a
1.0,1.0,1.0,1.0,2021.06.23.17.31.36_veh-16_00016_00377,1.0,12df34704f540199a9e1946321e4dba5b1bc2827fa424b4ced450dbc48e4ac4f,planner_dev1696_baseline,1.0,ok,1.0,b95a7514b8775870
1.0,1.0,1.0,1.0,2021.06.23.17.31.36_veh-16_00016_00377,1.0,a64466c69eb26ed788c86565dfaaabd95566ca7addefc10a2732b5b3059e08c7,planner_dev1696_baseline,1.0,ok,1.0,c0f92874404d5814
1.0,1.0,1.0,1.0,2021.06.23.17.31.36_veh-16_00016_00377,1.0,faa7ae8c768ae09d7942ca9b22980d75ffe9647c10b61978046f10b7e1f73f75,planner_dev1696_baseline,1.0,ok,1.0,c4f3d6c372f75f22
1.0,1.0,1.0,0.8345329332736827,2021.06.23.17.31.36_veh-16_00016_00377,1.0,d040388e7b02b801235c28a78ff8cab8adabbf8582d9d7799d7ae9ba7fca4d4b,planner_dev1696_baseline,0.9310553888640345,ok,1.0,c5c83e635ce45982
1.0,1.0,1.0,1.0,2021.06.23.17.31.36_veh-16_00016_00377,1.0,9d56290029a915b665e65938439b4f35f23d14461629b70db54ce2803d2a304d,planner_dev1696_baseline,1.0,ok,1.0,c6cfdd13a63555f9
1.0,1.0,1.0,1.0,2021.06.23.17.31.36_veh-16_00016_00377,1.0,4f430700127201bca20cedadcbcc6bd4c4343cf225c65c5155d7539e6d195f95,planner_dev1696_baseline,1.0,ok,1.0,c8072f55706c5f01
1.0,1.0,1.0,0.7717519608254724,2021.06.23.17.31.36_veh-16_00016_00377,1.0,c49fce96dc8a4987c4f11a8fab366653835703dfcedac3837db6a301e28a7429,planner_dev1696_baseline,0.904896650343947,ok,1.0,cacc810a5db75d16
1.0,1.0,1.0,1.0,2021.06.23.17.31.36_veh-16_00016_00377,1.0,07eae12e452ddddf557cc65d4c880ca0ec3bfc5d998edbcd5a47a007c495df0b,planner_dev1696_baseline,1.0,ok,1.0,cb8765fe0d6a535b
1.0,1.0,1.0,0.8336189275856224,2021.06.23.17.31.36_veh-16_00016_00377,1.0,c29726c0d26bed183de9df5f8878e31a6eaa7d205bcc307e861fd47030115383,planner_dev1696_baseline,0.930674553160676,ok,1.0,cffa453c95b657c1
1.0,1.0,1.0,1.0,2021.06.23.17.31.36_veh-16_00016_00377,1.0,5a9c1d54045a1f7762e4b7b70787d5923e0559099e8fcfee835f9480042d9b12,planner_dev1696_baseline,1.0,ok,1.0,d2238c0841d254ba
1.0,1.0,1.0,1.0,2021.06.23.17.31.36_veh-16_00016_00377,1.0,aa3e633290b80fd6bb574f2f4e7481529e755b341bda82c667d03ebef19a90ca,planner_dev1696_baseline,1.0,ok,1.0,d253715e74925e00
1.0,1.0,1.0,1.0,2021.06.23.17.31.36_veh-16_00016_00377,1.0,20d339d6cb201dc167f6adb56d805a6873ae81fcd918ae3c32eeee819a967a0d,planner_dev1696_baseline,1.0,ok,1.0,d43f45ce61dd52e3
1.0,1.0,1.0,1.0,2021.06.23.17.31.36_veh-16_00016_00377,1.0,96bc0383e968e2187a16199168df45f315e89725d52ef392ca00927273b51ff2,planner_dev1696_baseline,1.0,ok,1.0,d53f4d4045e55032
1.0,1.0,1.0,1.0,2021.06.23.17.31.36_veh-16_00016_00377,1.0,ad97b4e6e6cc69ee7a0ba5950fb936735d303fa72310ba0c91a0c486c8ba20fe,planner_dev1696_baseline,1.0,ok,1.0,db812a0eaf435d65
1.0,1.0,1.0,1.0,2021.06.23.17.31.36_veh-16_00016_00377,1.0,4cf75c6ed7e192fcf74bec52931c87821eedf81c674fa7ab3220c0ed60eef8e0,planner_dev1696_baseline,1.0,ok,1.0,ddc6f1960bc05d62
1.0,1.0,1.0,0.8439675528399999,2021.06.23.17.31.36_veh-16_00016_00377,1.0,2cae483387c683d721ed6a2d89e088e676a252fec6d12d57c083cc8652a1cd16,planner_dev1696_baseline,0.93498648035,ok,1.0,de1498ad86835196
1.0,1.0,1.0,1.0,2021.06.23.17.31.36_veh-16_00016_00377,1.0,9a5c914c1af209dd40642e6c92653cbb803400e2c5d4cd9e71980b2ecc6d76cf,planner_dev1696_baseline,1.0,ok,1.0,e2c494b98d885c19
1.0,1.0,1.0,0.7602071280005106,2021.06.23.17.31.36_veh-16_00016_00377,1.0,d2b464818a7d48f6f9ab0bd595397a7f1373ed9cdd1cc6d3360d3ea21ceef282,planner_dev1696_baseline,0.9000863033335461,ok,1.0,e503592e74a35c78
1.0,1.0,1.0,0.8700825114058673,2021.06.23.17.31.36_veh-16_00016_00377,1.0,05380f17f1cbba3d3e671d908fe62ac365f692c4d8a4a32442d46d9a32794511,planner_dev1696_baseline,0.9458677130857781,ok,1.0,e8b3c7058c315bca
1.0,1.0,1.0,0.8142987944022029,2021.06.23.17.31.36_veh-16_00016_00377,1.0,141c89c07806740d90198c5a9febeedc27c3fc9558a0502cedcc19e37ab77bf0,planner_dev1696_baseline,0.9226244976675845,ok,1.0,e97f92e1a63f54b9
1.0,1.0,1.0,1.0,2021.06.23.17.31.36_veh-16_00016_00377,1.0,e3e82d6acff6bca7a3a8850a578694607acd6bb9f44670db5f8127d0ae8977ee,planner_dev1696_baseline,1.0,ok,1.0,e980ff490b835222
1.0,1.0,1.0,1.0,2021.06.23.17.31.36_veh-16_00016_00377,1.0,b937b6b0606d9305d356208a9af51240ac85e5f803b635569b2dd7cec99b8ff1,planner_dev1696_baseline,1.0,ok,1.0,ea1dbf3aec435c27
1.0,1.0,1.0,1.0,2021.06.23.17.31.36_veh-16_00016_00377,1.0,4b61cd14413a0fcc4ccfcaea71e11503010ed43ea0a86809a599276c1ea1d3cb,planner_dev1696_baseline,1.0,ok,1.0,ea7239e96a555f2c
1.0,1.0,1.0,0.9972960762394066,2021.06.23.17.31.36_veh-16_00016_00377,1.0,dc33f046e627931601c1e9456beb1b87eafdf3a259191ce040ed6dc24e75fb1c,planner_dev1696_baseline,0.9988733650997528,ok,1.0,eb1a57fcb1835169
1.0,1.0,1.0,0.7086769112685165,2021.06.23.17.31.36_veh-16_00016_00377,1.0,cd39e410e129c8a5458570c57be6c6f00107ec041d76ef31d467166204534d26,planner_dev1696_baseline,0.8786153796952152,ok,1.0,eefa88c125d55aa4
1.0,1.0,1.0,1.0,2021.06.23.17.31.36_veh-16_00016_00377,1.0,aa7bc9c51c783bac004d8fea56be6b805a01b3f5d196b1761f30ec4945e3121d,planner_dev1696_baseline,1.0,ok,1.0,efc7193a7907550e
1.0,1.0,1.0,0.839147138479865,2021.06.23.17.31.36_veh-16_00016_00377,1.0,e8e930fc099acd17182a5827498eb3607a317be8711babc6f2b87ecb9793142b,planner_dev1696_baseline,0.9329779743666103,ok,1.0,f5d06fd7f2195088
1.0,1.0,1.0,1.0,2021.06.23.17.31.36_veh-16_00016_00377,1.0,e4ae0a211e3d6d55e98503aa8e7dcc0849635b40416e23aec4bbad6a5ce6fb60,planner_dev1696_baseline,1.0,ok,1.0,faa2e3893e2f540a
1.0,1.0,1.0,1.0,2021.06.23.17.31.36_veh-16_00016_00377,1.0,1e85d38ae06697e0db056dc87e01fb88f2d3d0f4a89521fb7d66d88a42be9a11,planner_dev1696_baseline,1.0,ok,1.0,fe3ae84c2c3b5232
1.0,1.0,1.0,1.0,2021.06.09.17.23.18_veh-38_01598_01750,1.0,d93844b3aecdebf00b50fac54112e863a02c4abbdd16cf82d2c338f64e2bd7a8,planner_dev1696_baseline,1.0,ok,1.0,038d98b0aef65cc5
1.0,1.0,1.0,0.8356408427459366,2021.06.09.17.23.18_veh-38_01598_01750,1.0,9a1c2b24033cb84c94b39350e27b37427dfaf5d6fd2cd92120d0a7f6d325222d,planner_dev1696_baseline,0.9315170178108069,ok,1.0,0a50e549c5ed5787
1.0,1.0,1.0,0.715782058302395,2021.06.09.17.23.18_veh-38_01598_01750,1.0,91a80eafed39be8ffb9ae38093d58f2df9b7c44996e3e4fe4eac5d1e3b55446f,planner_dev1696_baseline,0.8815758576259979,ok,1.0,13bb402c57765d6e
1.0,1.0,1.0,0.5867936210691338,2021.06.09.17.23.18_veh-38_01598_01750,1.0,0e83fa7809e4b5e161cb996376dc81e6eab432da6340486c850b683fcb52780c,planner_dev1696_baseline,0.8278306754454725,ok,1.0,13dddabad3d65ddf
1.0,1.0,1.0,1.0,2021.06.09.17.23.18_veh-38_01598_01750,1.0,44864eb4e07c1c9dc5afaeb1eb9f21a875d9f097860694dd0d34e90ccf57ec1d,planner_dev1696_baseline,1.0,ok,1.0,16840451fa765419
1.0,1.0,1.0,0.876157355612525,2021.06.09.17.23.18_veh-38_01598_01750,1.0,72c539ab133645cb456a130ab86cabb076e7042cab655b97244218163516fc98,planner_dev1696_baseline,0.9483988981718854,ok,1.0,16df14e0b5fe574f
1.0,1.0,1.0,1.0,2021.06.09.17.23.18_veh-38_01598_01750,1.0,6833190ee97a5bdaf6ff34f1fcf8063792e06c5d81969e578a2f8379acf55b9a,planner_dev1696_baseline,1.0,ok,1.0,1b31ffd5f3ec5f5d
1.0,1.0,1.0,1.0,2021.06.09.17.23.18_veh-38_01598_01750,1.0,9baf153104716c6ce1467083d2f9d8cc4188610067d254634c023d20357310f3,planner_dev1696_baseline,1.0,ok,1.0,21748134e645518e
1.0,1.0,1.0,1.0,2021.06.09.17.23.18_veh-38_01598_01750,1.0,1625d6d1c1afff6f3e942b44bc2076a7a845236895eb2eca00256d1d5e2205d6,planner_dev1696_baseline,1.0,ok,1.0,21c95e7693d35dfd
1.0,1.0,1.0,1.0,2021.06.09.17.23.18_veh-38_01598_01750,1.0,e95d81a859147ded17f8cff42bcb1f9e13c71fad7aefb61fb3eba25f0c6d90e9,planner_dev1696_baseline,1.0,ok,1.0,252c2880193354f5
1.0,1.0,1.0,0.8926154945550177,2021.06.09.17.23.18_veh-38_01598_01750,1.0,fded771d488469321e8fe29f74f0e922ee4072bfc36f58a897fa821e090302b8,planner_dev1696_baseline,0.9552564560645908,ok,1.0,26d62f55fe175782
1.0,1.0,1.0,0.6563867259970579,2021.06.09.17.23.18_veh-38_01598_01750,1.0,0d3c24960fa96b26697d35228c1061712ce656450944794a3ce0b135d7667bd0,planner_dev1696_baseline,0.8568278024987741,ok,1.0,2e7a9b2142ec529f
1.0,1.0,1.0,0.8748577970660634,2021.06.09.17.23.18_veh-38_01598_01750,1.0,be5ea00c64b4c3483bdaa1a802808c44b7a0bc4b744ca18ee712001be2e37cf6,planner_dev1696_baseline,0.9478574154441931,ok,1.0,34bf46975f2f5276
1.0,1.0,1.0,0.8318473568658364,2021.06.09.17.23.18_veh-38_01598_01750,1.0,f54d486f1b0a3a4ae71e3a3c621251ff501cf054b0aa5c5472a95515999f2236,planner_dev1696_baseline,0.9299363986940984,ok,1.0,36fd9bb68bca5db1
1.0,1.0,1.0,1.0,2021.06.09.17.23.18_veh-38_01598_01750,1.0,fdf74a1d559be259e6dff5b5c195844a78fb79fb5d387c6382275c914b7e833e,planner_dev1696_baseline,1.0,ok,1.0,451111f6221956c4
1.0,1.0,1.0,1.0,2021.06.09.17.23.18_veh-38_01598_01750,1.0,2c1b81beb83c15c4d33eb1a113e7383e433b1cd4ccd720df1455bd0a0d3edba3,planner_dev1696_baseline,1.0,ok,1.0,4a823fa4423e526b
1.0,1.0,1.0,0.8094054324051435,2021.06.09.17.23.18_veh-38_01598_01750,1.0,1ade977524dd2cbc23cf24dfe45fadab2866476f0fe19ca994b743776e0c96e3,planner_dev1696_baseline,0.9205855968354765,ok,1.0,4ab41adbd94856a2
1.0,1.0,1.0,1.0,2021.06.09.17.23.18_veh-38_01598_01750,1.0,a4a33714c367f5475703b351e9de12f225d9b322a4c249effb4ef85abe04b79c,planner_dev1696_baseline,1.0,ok,1.0,5238b46a3bea52ce
1.0,1.0,1.0,0.8705747065594184,2021.06.09.17.23.18_veh-38_01598_01750,1.0,627fade9bef82a86274d7f573be1a0cd2474a55d0d4aaa36aa0bd0e742a93be3,planner_dev1696_baseline,0.9460727943997576,ok,1.0,53ead5dd09575f56
1.0,1.0,1.0,0.8186276961124974,2021.06.09.17.23.18_veh-38_01598_01750,1.0,0685a86e13c5cab21e0361e8ab65becd87cf9abacae427d8986a41bc4cc2a50a,planner_dev1696_baseline,0.9244282067135406,ok,1.0,5827e60e48d756b4
1.0,1.0,1.0,1.0,2021.06.09.17.23.18_veh-38_01598_01750,1.0,d3ee0e8e155651f34d3f7877a9808f65ef27a6e21e73356f9c3c2327ea86f014,planner_dev1696_baseline,1.0,ok,1.0,5f6dc8b1b2475507
1.0,1.0,1.0,0.5563566693203665,2021.06.09.17.23.18_veh-38_01598_01750,1.0,6f273bf3f613d6a5cf10ea79583441d7a2206f6d25e14c575a45dbbfd34ec440,planner_dev1696_baseline,0.8151486122168193,ok,1.0,61b8de25e8b35665
1.0,1.0,1.0,1.0,2021.06.09.17.23.18_veh-38_01598_01750,1.0,d0e84316c5742bb093d1334a098a99c17a1b2bdc34d9f3b56e1db9aef8f1774f,planner_dev1696_baseline,1.0,ok,1.0,660a6c8bb9f85c97
1.0,1.0,1.0,1.0,2021.06.09.17.23.18_veh-38_01598_01750,1.0,f8334ec99048dad50fecf1bbcb65526a5f6103a4fc3047415c5286c32a358517,planner_dev1696_baseline,1.0,ok,1.0,7bf70bd17e9255b7
1.0,1.0,1.0,1.0,2021.06.09.17.23.18_veh-38_01598_01750,1.0,c7599fc8658ce9f1cad3244036e32be83d9a1cdd9024b3410e2ab46a655f0030,planner_dev1696_baseline,1.0,ok,1.0,802050c72cc255d3
1.0,1.0,1.0,1.0,2021.06.09.17.23.18_veh-38_01598_01750,1.0,b04a76f5a21fa4f2b6c7eab18e63b8e68fd3d0bd9f1786ed4ee6784625a80cd5,planner_dev1696_baseline,1.0,ok,1.0,931c61a6152e519f
1.0,1.0,1.0,1.0,2021.06.09.17.23.18_veh-38_01598_01750,1.0,d4245caf2a786996e6d4ae81e996a1e2d12cf1c0028ee28dca0c432b288e8db0,planner_dev1696_baseline,1.0,ok,1.0,940a788763a55b7c
1.0,1.0,1.0,0.7895068186036339,2021.06.09.17.23.18_veh-38_01598_01750,1.0,37298a173619b95f33079709f589b1db665c13db5a5044b781864fddd97f2886,planner_dev1696_baseline,0.9122945077515142,ok,1.0,94ae5d67804c539d
1.0,1.0,1.0,1.0,2021.06.09.17.23.18_veh-38_01598_01750,1.0,bf3b46c3eb19f8b3035d56bc5fd596c6710c3eeace712e5670bd033bb14a8965,planner_dev1696_baseline,1.0,ok,1.0,9cef9bb074dc57a9
1.0,1.0,1.0,1.0,2021.06.09.17.23.18_veh-38_01598_01750,1.0,085fe2b23f6f099e5fe0755eb22f81c38bdd104949f5be9cf7813f042aff8220,planner_dev1696_baseline,1.0,ok,1.0,9ed6b55afa4251dd
1.0,1.0,1.0,1.0,2021.06.09.17.23.18_veh-38_01598_01750,1.0,024fce2e9a124598f09e142554d65728d680bc853b08b535110b46d932f263c6,planner_dev1696_baseline,1.0,ok,1.0,b64628fc8a365a5f
1.0,1.0,1.0,0.7825459606649117,2021.06.09.17.23.18_veh-38_01598_01750,1.0,aadb9f115ecaf765236f586f3c87d3549235a39bf68533f2c5ea320a060167a5,planner_dev1696_baseline,0.9093941502770466,ok,1.0,c00abd335c885349
1.0,1.0,1.0,1.0,2021.06.09.17.23.18_veh-38_01598_01750,1.0,38db303d05eb44eeb6c35cab6713d86744380b5b53fd23a5bb9cdb879316dfa1,planner_dev1696_baseline,1.0,ok,1.0,cdf07217a5d057ef
1.0,1.0,1.0,1.0,2021.06.09.17.23.18_veh-38_01598_01750,1.0,5b44d865528f9d1c8f38a143ab8e4fabed4be7c1cf069a791059f9724b664ec8,planner_dev1696_baseline,1.0,ok,1.0,ce0d30c4ede35e6e
1.0,1.0,1.0,0.8671048493133483,2021.06.09.17.23.18_veh-38_01598_01750,1.0,46b1413a276377cb32cf6db2bf9c5086b03cab500d2727185facf9021e42e0e8,planner_dev1696_baseline,0.9446270205472285,ok,1.0,e49b47bbb0c55e1e
1.0,1.0,1.0,0.8252648135695027,2021.06.09.17.23.18_veh-38_01598_01750,1.0,0bc56be67fa6f51fadecb3b0e0d8df7d01f8424f8727bc25ec84ff76e4b5587b,planner_dev1696_baseline,0.9271936723206261,ok,1.0,ff5e73d54265581f
1.0,1.0,1.0,0.7987053340352869,2021.10.05.08.11.15_veh-50_00437_00585,1.0,7162320c2c301539c22319fce7b45b867edb7e6224c6566576001ddabb595bfb,planner_dev1696_randommask,0.9161272225147029,ok,1.0,015173513fc25684
1.0,1.0,1.0,0.7876937649103938,2021.10.05.08.11.15_veh-50_00437_00585,1.0,e8229dda765bf8391846e121ab7073678b18a6bb4e0d0ef24eb0038d1884cb0d,planner_dev1696_randommask,0.911539068712664,ok,1.0,0265d0c659745deb
1.0,1.0,1.0,0.9082137641044175,2021.10.05.08.11.15_veh-50_00437_00585,1.0,0287b9e08273d5e834a95a7323cfb8f455ae35811a1f33055fa0aafcdb846e81,planner_dev1696_randommask,0.9617557350435072,ok,1.0,027d63f008ba518b
1.0,1.0,1.0,0.6861030190439215,2021.10.05.08.11.15_veh-50_00437_00585,1.0,a5f74052024a6b3e98f10a04cd2982d935ee9c35d1a42be2e9de74b308ea727a,planner_dev1696_randommask,0.8692095912683007,ok,1.0,04d3c2f7702750b6
1.0,1.0,1.0,0.6684919454244265,2021.10.05.08.11.15_veh-50_00437_00585,1.0,21839743ea9fc0f0dcaa578f69ea7d1b354f91e841a7c6e602a06245d8a7c700,planner_dev1696_randommask,0.8618716439268445,ok,1.0,066d174c1ee2516a
1.0,1.0,1.0,0.6029308213171949,2021.10.05.08.11.15_veh-50_00437_00585,1.0,54b4605e4cd21148845039b598fc57dae50516d46640acb6d4ebd39fc44ff86f,planner_dev1696_randommask,0.8345545088821645,ok,1.0,077e1ef7a2dd526e
1.0,1.0,1.0,0.6435914620627202,2021.10.05.08.11.15_veh-50_00437_00585,1.0,07b834caa3c0cc7ec1284a18ba651b78c0486839d5a7a3a2a41ed5a388240265,planner_dev1696_randommask,0.8514964425261334,ok,1.0,079dad1bf4aa53ff
1.0,1.0,1.0,0.5755954416268283,2021.10.05.08.11.15_veh-50_00437_00585,1.0,90086a95cecf395e18b1a37fe248984d7b039426eb712b38c30fddbda562ed20,planner_dev1696_randommask,0.8231647673445117,ok,1.0,0965ca8d343855bd
1.0,1.0,1.0,0.6696659406220433,2021.10.05.08.11.15_veh-50_00437_00585,1.0,dd9bd706bf1dc82d133e0be2d1bcba5eabdcac7d93480e63f4cff1e21c4ba04c,planner_dev1696_randommask,0.8623608085925181,ok,1.0,0dbe21f7e02a578a
1.0,1.0,1.0,0.6466946200230764,2021.10.05.08.11.15_veh-50_00437_00585,1.0,180eb6e56b0237b6c2b5e57c9bfec82dd9ae7626b2c7fd4f5a9be8f5430b902d,planner_dev1696_randommask,0.8527894250096152,ok,1.0,0e3398e6271350b4
1.0,1.0,1.0,0.6351980175193801,2021.10.05.08.11.15_veh-50_00437_00585,1.0,64a0f3fdc363730c31ac3e3cda8b503e7121b7562d12045531258cea3d3b609e,planner_dev1696_randommask,0.8479991739664084,ok,1.0,0ef4861884495fee
1.0,1.0,1.0,0.7166845073382346,2021.10.05.08.11.15_veh-50_00437_00585,1.0,299df900ed137a313181ab0e456377c1f31f68661968cd1b0d9896043370d6c0,planner_dev1696_randommask,0.8819518780575978,ok,1.0,113ce1e07c7a5543
1.0,1.0,1.0,0.6487939130952546,2021.10.05.08.11.15_veh-50_00437_00585,1.0,b363420986e8a14f7646eb046b02e9a0d830e65398613a2dfaed69a80611029b,planner_dev1696_randommask,0.8536641304563561,ok,1.0,1aaa5de27ef2529c
1.0,1.0,1.0,0.6134238830994896,2021.10.05.08.11.15_veh-50_00437_00585,1.0,8c65556959da8233f6d3fa7641a5bd57945da77c434b4cde1408f444fe9f84ff,planner_dev1696_randommask,0.8389266179581206,ok,1.0,1bdb793cdfcd5db0
1.0,1.0,1.0,0.6490305496309873,2021.10.05.08.11.15_veh-50_00437_00585,1.0,32d3352d3c7162550e1d50957efa4ed9b946fae580fddabde48bb5fd4c1b1681,planner_dev1696_randommask,0.8537627290129114,ok,1.0,1c6cfd6bae4954dc
1.0,1.0,1.0,0.6492823597412947,2021.10.05.08.11.15_veh-50_00437_00585,1.0,980ae0ca9c0d815d68e7fb3856fcd40367ac497f20f38aa6af35a231f2f0bc83,planner_dev1696_randommask,0.8538676498922061,ok,1.0,1ec5607c174e58db
1.0,1.0,1.0,0.8604885022291706,2021.10.05.08.11.15_veh-50_00437_00585,1.0,a48d2ec39a57666557160e1b0bb939c31d89f49f04622e027e893855873aab03,planner_dev1696_randommask,0.9418702092621544,ok,1.0,1edaacb093c25e24
1.0,1.0,1.0,0.6904310861967129,2021.10.05.08.11.15_veh-50_00437_00585,1.0,dbdaaa35f41a1182af4098e97594836d8d2f1645721383b6786d3ab826903e35,planner_dev1696_randommask,0.8710129525819638,ok,1.0,205cf1f3466a5af6
1.0,1.0,1.0,0.7599597618337643,2021.10.05.08.11.15_veh-50_00437_00585,1.0,1a7c366012636ee6b9fed960d38e4b6b829949f62c9f9597b744e721fd0f564f,planner_dev1696_randommask,0.8999832340974018,ok,1.0,21b4fab862a858b8
1.0,1.0,1.0,0.6273243108941035,2021.10.05.08.11.15_veh-50_00437_00585,1.0,2f345e37422da407078aed42e77106cf8a77444600d4c3984df475198cad02b7,planner_dev1696_randommask,0.8447184628725432,ok,1.0,22119d9673db504e
1.0,1.0,1.0,0.6648357718646072,2021.10.05.08.11.15_veh-50_00437_00585,1.0,b2bd8d9de1bcf69f9735d7ceb18495e6433f2c61b205e224838f3d621d6ac5dc,planner_dev1696_randommask,0.8603482382769196,ok,1.0,22903ed6b4b45809
1.0,1.0,1.0,0.8733646221310006,2021.10.05.08.11.15_veh-50_00437_00585,1.0,3f5b7b0605c40c7cfa8303039376bb022452174020193809f25bf1a1a977ec20,planner_dev1696_randommask,0.9472352592212503,ok,1.0,24531603f9315046
1.0,1.0,1.0,0.7831754320627833,2021.10.05.08.11.15_veh-50_00437_00585,1.0,062ea003492c3de8b57bb585efcff3e57228378bdd9aa567a4a969b1aeadedec,planner_dev1696_randommask,0.9096564300261597,ok,1.0,25f2e28652bc5f06
1.0,1.0,1.0,0.5723459607200059,2021.10.05.08.11.15_veh-50_00437_00585,1.0,c687c4bae6b42c21060f0b4909d9602334a394531d46f50db69bbbdd44fc469a,planner_dev1696_randommask,0.8218108169666691,ok,1.0,2754ab87df25534c
1.0,1.0,1.0,0.8297672111091119,2021.10.05.08.11.15_veh-50_00437_00585,1.0,3833f5159f25359350a703078cd36c33df1529650776aeb6f8832004ce4db680,planner_dev1696_randommask,0.9290696712954633,ok,1.0,33173f63a6ff513d
1.0,1.0,1.0,0.7887348476664042,2021.10.05.08.11.15_veh-50_00437_00585,1.0,0a304073b6b9874f23a29617d05cc16db2a975bd7a6002e45101c76c9a765d6d,planner_dev1696_randommask,0.9119728531943352,ok,1.0,344591ad59d7517d
1.0,1.0,1.0,0.6820323767627388,2021.10.05.08.11.15_veh-50_00437_00585,1.0,55f24889a1a2114a24a1a28b338e3ff95686710785dd9a3e2669e5cbfd31ac68,planner_dev1696_randommask,0.8675134903178078,ok,1.0,3e36bef4c12f5be7
1.0,1.0,1.0,0.8036094698628408,2021.10.05.08.11.15_veh-50_00437_00585,1.0,4726610f49c93ae013e6599cdfa94a5103fb66a3081569d1e9c3872566b8d517,planner_dev1696_randommask,0.9181706124428503,ok,1.0,40d427a5bcb95ad2
1.0,1.0,1.0,0.8314620054328571,2021.10.05.08.11.15_veh-50_00437_00585,1.0,9be79260b5472def1568ca2672985dce4e9492ca72139a414d1fb845394bb711,planner_dev1696_randommask,0.9297758355970238,ok,1.0,4876b61c929f5180
1.0,1.0,0.5,0.6674660852564632,2021.10.05.08.11.15_veh-50_00437_00585,1.0,4f203cafa136c3cedd8c05e816e0d46101edc1d039e57744dc0012b54459f70d,planner_dev1696_randommask,0.861444202190193,ok,1.0,4878391796105da9
1.0,1.0,1.0,0.724894339613793,2021.10.05.08.11.15_veh-50_00437_00585,1.0,c2cf34d7b69b6d0e0894f65ed1ebcae11fdead06c8ca3355e68831675df86795,planner_dev1696_randommask,0.8853726415057471,ok,1.0,51dc80968c9c5e08
1.0,1.0,1.0,0.7491117667086271,2021.10.05.08.11.15_veh-50_00437_00585,1.0,92fd30a75077b45891c6988c6f77ea373d1efaa1ff963940b0cf2486913c87c9,planner_dev1696_randommask,0.8954632361285947,ok,1.0,5ad9e7defd1150e4
1.0,1.0,1.0,0.9894435489850928,2021.10.05.08.11.15_veh-50_00437_00585,1.0,9e0fcbd33179d9ea856792fe15cd7c84b428728efbf2292a7dd68104a53c6f9c,planner_dev1696_randommask,0.9956014787437887,ok,1.0,6158d35892e55941
1.0,1.0,1.0,0.6806783018662877,2021.10.05.08.11.15_veh-50_00437_00585,1.0,fa1891e040e5110b8f3a104ed93823f2216cf8f9cea531eaa8b2189b5c4f30c0,planner_dev1696_randommask,0.8669492924442865,ok,1.0,6320ecb991675a39
1.0,1.0,1.0,0.7328310847548701,2021.10.05.08.11.15_veh-50_00437_00585,1.0,c6fe68437b3a1e6de667d8b8f4aec69720eb5a40d6be3b20f8c33b67c01e52eb,planner_dev1696_randommask,0.8886796186478625,ok,1.0,63c8f3d715e85c4f
1.0,1.0,1.0,0.7087343181114508,2021.10.05.08.11.15_veh-50_00437_00585,1.0,678a6a211d2e48dec85f1f4953be57866a56cc4b7f29a5bab43381111fb32f61,planner_dev1696_randommask,0.8786392992131046,ok,1.0,6c96474a9c865359
1.0,1.0,1.0,0.6006967000884685,2021.10.05.08.11.15_veh-50_00437_00585,1.0,30db74e1b45a6b9a801e046edb9f97835dbf148aab3114393f572ff66de541ef,planner_dev1696_randommask,0.8336236250368619,ok,1.0,6ef77d4b725a5cf4
1.0,1.0,1.0,0.8480932785007289,2021.10.05.08.11.15_veh-50_00437_00585,1.0,7975ce378f07da9ffd3a450352c59b3583d835ac587547f77c3293b7d90dfd1c,planner_dev1696_randommask,0.9367055327086371,ok,1.0,72ebf07a88b25937
1.0,1.0,1.0,0.7245554238716321,2021.10.05.08.11.15_veh-50_00437_00585,1.0,d71d472df759e48a0d45618f6bfd2d4db34051d864d3da405946bfa82eac45af,planner_dev1696_randommask,0.88523142661318,ok,1.0,7307e312a7755908
1.0,1.0,1.0,0.8727379839413797,2021.10.05.08.11.15_veh-50_00437_00585,1.0,caaf94084a5fcfe22389988e7492840c083074fa298764976d73ff49af8f1189,planner_dev1696_randommask,0.9469741599755749,ok,1.0,756a836fafd05442
1.0,1.0,1.0,0.7421841782110079,2021.10.05.08.11.15_veh-50_00437_00585,1.0,37925c0ceae77a8179a02f1d58c7dee8bdc6c294b5e4fb6c1cd3d80cd7553e30,planner_dev1696_randommask,0.8925767409212533,ok,1.0,770cf5148b3353a3
1.0,1.0,1.0,0.60418805089345,2021.10.05.08.11.15_veh-50_00437_00585,1.0,579364129501016f1c649cd88169d1231006a4782db45bffeced291711140999,planner_dev1696_randommask,0.8350783545389375,ok,1.0,7cf3f478246b5da6
1.0,1.0,1.0,0.5412491576399687,2021.10.05.08.11.15_veh-50_00437_00585,1.0,829979a3742456512d479463f546626d096f8ee337914911bb4cbf1ba1b4316c,planner_dev1696_randommask,0.8088538156833204,ok,1.0,7f8be3abc0f45edf
1.0,1.0,1.0,0.5803363622900861,2021.10.05.08.11.15_veh-50_00437_00585,1.0,781a72a2b27be5c4c8a7e8829603d1e021f02007c9b3a27d7c931b9c02061371,planner_dev1696_randommask,0.8251401509542026,ok,1.0,83d4827aebe85832
1.0,1.0,1.0,0.7656596790020039,2021.10.05.08.11.15_veh-50_00437_00585,1.0,46e5f602905dece5215f1fb925a8c17f6daa559095aba79b35a6d7ebf796c2e0,planner_dev1696_randommask,0.9023581995841683,ok,1.0,84b9bc99160c578f
1.0,1.0,1.0,0.8604317024827696,2021.10.05.08.11.15_veh-50_00437_00585,1.0,6bf4be59b7e13b0eb75f5c26e1faa4fcb78c5d82e1ac420d6544ab6620df5c78,planner_dev1696_randommask,0.9418465427011539,ok,1.0,87516e1eaafc5107
1.0,1.0,1.0,0.7973638901048292,2021.10.05.08.11.15_veh-50_00437_00585,1.0,4f2f77655c30620ebed62da0bad19b7e5703b072cc7651dcd6bbf5c95924cb7f,planner_dev1696_randommask,0.9155682875436789,ok,1.0,8c627a1fb8225bc0
1.0,1.0,1.0,0.707078539325091,2021.10.05.08.11.15_veh-50_00437_00585,1.0,c01c6727ad7f7706acd1dbb9f0ee1c087b701dc1b2f2d27e7731322c5421074e,planner_dev1696_randommask,0.8779493913854545,ok,1.0,8f7463455b225dfb
1.0,1.0,1.0,0.5961438788558482,2021.10.05.08.11.15_veh-50_00437_00585,1.0,9e9fa3352f7a94fc5ab49b406205cc9186b70c5ef40424a90e26b1724cfd720b,planner_dev1696_randommask,0.8317266161899367,ok,1.0,92292554325a5fad
1.0,1.0,1.0,0.8523176416654458,2021.10.05.08.11.15_veh-50_00437_00585,1.0,91d6881fe2c66a8f8ca459ce33b4b9fad734d77ce361dc7c4b8725cefa9f7c7d,planner_dev1696_randommask,0.938465684027269,ok,1.0,9ce14bde80df5bab
1.0,1.0,1.0,0.7183341568034637,2021.10.05.08.11.15_veh-50_00437_00585,1.0,ebca9073a6e45c90a3629b7a141f4a3fb7f9dc298a8e5b1bf3c0fb19277a06fd,planner_dev1696_randommask,0.8826392320014431,ok,1.0,a99dbc17a6f35fa0
1.0,1.0,1.0,0.971276390449142,2021.10.05.08.11.15_veh-50_00437_00585,1.0,749a03d305673b5276fd3eecde2826215f4cfea68871eac80cbd18a638fbebf2,planner_dev1696_randommask,0.9880318293538092,ok,1.0,abc8c3e51f5857d5
1.0,1.0,1.0,0.8266389816579148,2021.10.05.08.11.15_veh-50_00437_00585,1.0,333f13459c623c21652b1b907bcf3041299d6704d9f5c8d6ea8383b8ef003e28,planner_dev1696_randommask,0.9277662423574645,ok,1.0,abf1cce3aa57532a
1.0,1.0,1.0,0.7020325767903538,2021.10.05.08.11.15_veh-50_00437_00585,1.0,2e4210ad09f24c222db0612ba53d533487e9ca05c7013b27193040a24cc7d01b,planner_dev1696_randommask,0.8758469069959807,ok,1.0,aeac6b9b55cb5709
1.0,1.0,1.0,0.6728735813133512,2021.10.05.08.11.15_veh-50_00437_00585,1.0,0fc5ec0e3867280b6dc9555e970ff48b9387945bf7dbdeae8d4bf32016723073,planner_dev1696_randommask,0.8636973255472297,ok,1.0,b08f0c9d23f054dc
1.0,1.0,1.0,0.6290008555817211,2021.10.05.08.11.15_veh-50_00437_00585,1.0,5f524c87f19ae9e92774c4f8a9ea21e956108d70e65a359f9ff2e5b04c3aacca,planner_dev1696_randommask,0.8454170231590504,ok,1.0,b49af1daed2a5108
1.0,1.0,1.0,0.6293088279464644,2021.10.05.08.11.15_veh-50_00437_00585,1.0,053145fef107080b03db02979d9d667615e377d7962f59f821973a2eabea6d22,planner_dev1696_randommask,0.8455453449776935,ok,1.0,b5099ae80a345e3e
1.0,1.0,1.0,0.7519766515559017,2021.10.05.08.11.15_veh-50_00437_00585,1.0,979331e345ee986b9219cf16e3f015cbfe3aa8dff023e8e9fdb912559c939bd0,planner_dev1696_randommask,0.8966569381482924,ok,1.0,b85595849a165d8f
1.0,1.0,1.0,0.9713068492161592,2021.10.05.08.11.15_veh-50_00437_00585,1.0,d50666bcbca3f6545e50efd7e8281c19608a89ec5171b080cb8ac5ff6fb57e96,planner_dev1696_randommask,0.9880445205067329,ok,1.0,bf12b61919e85002
1.0,1.0,1.0,0.7681244959791192,2021.10.05.08.11.15_veh-50_00437_00585,1.0,470998c019c0c69078e199bdec3394e68b43668b942d56418f268186ac71e67a,planner_dev1696_randommask,0.9033852066579664,ok,1.0,c782b0ff62235fda
1.0,1.0,1.0,0.5835843894693586,2021.10.05.08.11.15_veh-50_00437_00585,1.0,815f70e270e260fe08f18137e351bb795a502716a006a7e023304cc6a004ad6b,planner_dev1696_randommask,0.8264934956122327,ok,1.0,c7a4ef2685fe5928
1.0,1.0,1.0,0.8630928769094669,2021.10.05.08.11.15_veh-50_00437_00585,1.0,3bd7709a6639bfe3c1b786192b182e22e58b21e11d07521d975e7d168443fc5b,planner_dev1696_randommask,0.9429553653789445,ok,1.0,c7e729ba460a565d
1.0,1.0,1.0,0.693499176848727,2021.10.05.08.11.15_veh-50_00437_00585,1.0,b578fd494635a26d691b76bbe41b8330bb6a31c04d8c52e0b27a246ad2a01488,planner_dev1696_randommask,0.8722913236869695,ok,1.0,cce0038c37ca56a3
1.0,1.0,0.5,1.0,2021.10.05.08.11.15_veh-50_00437_00585,1.0,0a56f6a3e6634fc8355046fbb664de166cdea92cb76f98aad403f96371fea02d,planner_dev1696_randommask,1.0,ok,1.0,cdc78adcdfae53a0
1.0,1.0,1.0,0.8224817079638614,2021.10.05.08.11.15_veh-50_00437_00585,1.0,f994ecd263f5a91ffcfe767a92054566cbb8b74c984d5fea55b96c4428b83c48,planner_dev1696_randommask,0.9260340449849421,ok,1.0,d9e7a7614b095a0b
1.0,1.0,1.0,0.642986403269115,2021.10.05.08.11.15_veh-50_00437_00585,1.0,b233d86e197b20e657f71cee15e4a2fbf4ea5c7423a26e66cf758b2412d76407,planner_dev1696_randommask,0.8512443346954646,ok,1.0,e25b028f941158d3
1.0,1.0,1.0,0.6732916671493911,2021.10.05.08.11.15_veh-50_00437_00585,1.0,ae9926705fefa75f0d28ee37d132fa0621839eeb0c80f0cf5f6d14b606914b87,planner_dev1696_randommask,0.863871527978913,ok,1.0,e26edc6457f85a2c
1.0,1.0,1.0,0.8313754877082583,2021.10.05.08.11.15_veh-50_00437_00585,1.0,dff285fe9224068069775cd5019157d7dabe5b16294516feb802da56f81fd089,planner_dev1696_randommask,0.9297397865451077,ok,1.0,e9f76526b6d05e5c
1.0,1.0,1.0,0.8320088767734701,2021.10.05.08.11.15_veh-50_00437_00585,1.0,fae4de344d014730c32b3a8f7f478aedafa5da06931b6d9c5bff5555ea3c0148,planner_dev1696_randommask,0.9300036986556126,ok,1.0,ec37ecf537d15383
1.0,1.0,1.0,0.9412930893915009,2021.10.05.08.11.15_veh-50_00437_00585,1.0,4dc48bbaf78f179a80878322acee85e17aff1218c3ddf7348c4b8b4e8509e70a,planner_dev1696_randommask,0.9755387872464588,ok,1.0,f52e85080d085ad3
1.0,1.0,0.5,1.0,2021.10.05.08.11.15_veh-50_00437_00585,1.0,7df768478870577469e2a111fef28496f91a83724058fb29f2bdf0c9a8184b32,planner_dev1696_randommask,1.0,ok,1.0,f5b35beed72e5aec
1.0,1.0,1.0,0.7704059658174326,2021.10.05.08.11.15_veh-50_00437_00585,1.0,2cc492e364cc94f9d489b34854b4fe26ffc67fb2aab7af4065535dee80a4ca5e,planner_dev1696_randommask,0.9043358190905969,ok,1.0,fa570010ca00540d
1.0,1.0,0.5,1.0,2021.10.05.08.11.15_veh-50_00437_00585,1.0,e6ab3e5752f9c03c97572755de402c907095ade4bf14573a72aee039f5b1b34c,planner_dev1696_randommask,1.0,ok,1.0,faa1719d97b65c1e
1.0,1.0,1.0,0.6134577347358116,2021.10.05.08.11.15_veh-50_00437_00585,1.0,7258c7eab004ba825ac2883652e63d5232b5e3c17f55836c2d7ed6aa8cc2a6b9,planner_dev1696_randommask,0.8389407228065883,ok,1.0,ff409a68b88e5ac0
1.0,1.0,1.0,1.0,2021.07.09.20.26.06_veh-35_02793_03289,1.0,249582ed985d161cf35e0ce3c4b9616f336ef6916270ba59081860a1e933af33,planner_dev1696_randommask,1.0,ok,1.0,0192df9f896c5030
1.0,1.0,1.0,0.9521913401156152,2021.07.09.20.26.06_veh-35_02793_03289,1.0,25bc65f9900845f962a8bd409f70ae5be86dec56860baf0a48c7bbcbc330bf10,planner_dev1696_randommask,0.980079725048173,ok,1.0,0266adddeefb584b
1.0,1.0,1.0,0.8729346187812589,2021.07.09.20.26.06_veh-35_02793_03289,1.0,424059c25c9006c8bf6229701b40fb2f161d02c217bb10b27edbb8606569df03,planner_dev1696_randommask,0.9470560911588578,ok,1.0,044e89f71c845e59
1.0,1.0,1.0,0.7634901528991047,2021.07.09.20.26.06_veh-35_02793_03289,1.0,7e4d5e5dd001eba86bc0785c3a2e4517a7ebf8ecccbc2365f136e1c42fd98805,planner_dev1696_randommask,0.901454230374627,ok,1.0,091a90a5f2855a82
1.0,1.0,1.0,1.0,2021.07.09.20.26.06_veh-35_02793_03289,1.0,264572be949e5fca2c6800024d3de60d8b7a4804810fb6db7d468e0eae00ce8f,planner_dev1696_randommask,1.0,ok,1.0,093784159a005ddd
1.0,1.0,1.0,1.0,2021.07.09.20.26.06_veh-35_02793_03289,1.0,b551a11276138fb5092a1b15956208eae6361db86c38c0e732a635745aefb7b8,planner_dev1696_randommask,0.5833333333333334,ok,0.0,0ba5cd65023a5d5c
1.0,1.0,1.0,0.6028878592962217,2021.07.09.20.26.06_veh-35_02793_03289,1.0,584d4c464d7de052d3e05aefae7afc5345f628e6639ca043631f7e48cf1d17c8,planner_dev1696_randommask,0.8345366080400923,ok,1.0,0d0891893f1d59b5
1.0,1.0,1.0,1.0,2021.07.09.20.26.06_veh-35_02793_03289,1.0,e5c8246704cb37cc11522a865c4a2e7ed7f9310bbeba95b05e3cfca3b46c799e,planner_dev1696_randommask,1.0,ok,1.0,0d4a4de2ed0551de
1.0,1.0,1.0,0.8424693130366819,2021.07.09.20.26.06_veh-35_02793_03289,1.0,1d9f0a7f0ffdac7e60b07890ff6cb6a0b35622429541ee23a8ce8567123063b1,planner_dev1696_randommask,0.9343622137652842,ok,1.0,13d47325b0b950f1
1.0,1.0,1.0,0.665145494903012,2021.07.09.20.26.06_veh-35_02793_03289,1.0,a1ffcb069beb6b6d0cf62db91e1593f0d1cca6f8101d1388909840ad58bfbadb,planner_dev1696_randommask,0.8604772895429216,ok,1.0,15080129531552fe
1.0,1.0,1.0,1.0,2021.07.09.20.26.06_veh-35_02793_03289,1.0,2a48ee93dbee9898c10e5d6c391d7ba40a231e6f67c3acd9d3fab218ac5c6eff,planner_dev1696_randommask,1.0,ok,1.0,18a2ed37c162552d
1.0,1.0,1.0,0.9291057795452669,2021.07.09.20.26.06_veh-35_02793_03289,1.0,820adf140c20d0eedba83544753eb1965e8d72c1486f978ca1c0d778480d3733,planner_dev1696_randommask,0.9704607414771945,ok,1.0,1c5284923bc85595
1.0,1.0,1.0,0.8562391115774817,2021.07.09.20.26.06_veh-35_02793_03289,1.0,adbb6712ed5227d25d63a65ca6f7834763e50b37b24632b9cc92d67226f379d4,planner_dev1696_randommask,0.9400996298239507,ok,1.0,1d158c219842558a
1.0,1.0,1.0,1.0,2021.07.09.20.26.06_veh-35_02793_03289,1.0,e087025acb8ef39b5f6726481ef269012ad33bc28ef9216e1d6c641ef68da584,planner_dev1696_randommask,1.0,ok,1.0,220ebf89f21c58e4
1.0,1.0,1.0,0.8732345475309965,2021.07.09.20.26.06_veh-35_02793_03289,1.0,bf950cb67291e5a4a4f6f4a163c44711a12465e6134a6cedd944562ed178addd,planner_dev1696_randommask,0.9471810614712485,ok,1.0,23732000986756bd
1.0,1.0,1.0,1.0,2021.07.09.20.26.06_veh-35_02793_03289,1.0,2c276389141662421f34971c1a440beaf2046ad36a65c5e3e2663a6132d6356b,planner_dev1696_randommask,1.0,ok,1.0,252dcf3264285f7e
1.0,1.0,1.0,0.579689797619724,2021.07.09.20.26.06_veh-35_02793_03289,1.0,afa3a7a6bc2a40477d43ffa27f6df05d9a1790752b7e6d6165329fd5ba191280,planner_dev1696_randommask,0.8248707490082183,ok,1.0,26a3cea95f035c1d
1.0,1.0,1.0,0.7992047347998126,2021.07.09.20.26.06_veh-35_02793_03289,1.0,d239abdc6dd65e319db5baab1e5fd0271ad0471ca05ce3690c5c25479d11fe91,planner_dev1696_randommask,0.9163353061665885,ok,1.0,28e2bc1f058454a6
1.0,0.0,1.0,0.0,2021.07.09.20.26.06_veh-35_02793_03289,1.0,25866f7165918aaa79c603e910bd78697369b6c49effe1c5eec9ff5a96fa613e,planner_dev1696_randommask,0.0,ok,1.0,29ff4b56af185819
1.0,1.0,1.0,1.0,2021.07.09.20.26.06_veh-35_02793_03289,1.0,734832634c5b83eae27e17d12d6b8565cec3ffcb00741455ef2208e62e1727e8,planner_dev1696_randommask,1.0,ok,1.0,2eb20ba165855d43
1.0,0.0,1.0,0.0,2021.07.09.20.26.06_veh-35_02793_03289,1.0,afa449bf8d4ebf9d687f923ce6eab8245bf4f4da83e30d118b73a6632fafe409,planner_dev1696_randommask,0.0,ok,1.0,2f2bc1e20be4545e
1.0,1.0,1.0,0.7829331734592906,2021.07.09.20.26.06_veh-35_02793_03289,1.0,fb871b04514da57a90b607c3fb5b8ec184efd548e3a2b87686f02bbe5f47b3b0,planner_dev1696_randommask,0.9095554889413711,ok,1.0,30c294d478ee5953
1.0,1.0,1.0,0.7446835901060926,2021.07.09.20.26.06_veh-35_02793_03289,1.0,ae63e2ffb0cf3c24d799260fd69cba044694be483f97632693451881f21df9a5,planner_dev1696_randommask,0.8936181625442052,ok,1.0,30c5555824025240
1.0,1.0,1.0,0.7696564987434958,2021.07.09.20.26.06_veh-35_02793_03289,1.0,9c5244e77c7e3e069a4f18e07937fa3f24893c18b123b9c7920343fb38c5638b,planner_dev1696_randommask,0.9040235411431232,ok,1.0,31232634fe425baa
1.0,1.0,1.0,1.0,2021.07.09.20.26.06_veh-35_02793_03289,1.0,b6276df18ef627e69557ed0dd77847e25e1de0b59aae8b443e373ac05d4eccf9,planner_dev1696_randommask,1.0,ok,1.0,31c01938dab253e7
1.0,1.0,1.0,0.8220162951895227,2021.07.09.20.26.06_veh-35_02793_03289,1.0,2c2debacef9cfaca720ed90e27b37d009970c788cab5d25e1aa73461f56fdd5f,planner_dev1696_randommask,0.9258401229956345,ok,1.0,31faa0734016556d
1.0,1.0,1.0,1.0,2021.07.09.20.26.06_veh-35_02793_03289,1.0,ab30f64cf4fded6e6376fdaf141bc156c1d565cfc115c91713662cf9cc0a2c47,planner_dev1696_randommask,1.0,ok,1.0,320bd6309da05bf7
1.0,1.0,1.0,1.0,2021.07.09.20.26.06_veh-35_02793_03289,1.0,0cebfda8f9cd9b58beba713cad52cfd445a3dd5ff3892ab9ddbf1ede61935b0a,planner_dev1696_randommask,1.0,ok,1.0,32aea60d7c7d56bf
1.0,1.0,1.0,1.0,2021.07.09.20.26.06_veh-35_02793_03289,1.0,b9ce80abbbe100126c69e9a78032f154a78ff3475080b498cab0b3e62e4df319,planner_dev1696_randommask,1.0,ok,1.0,3d6d3d1bfafd5c87
1.0,1.0,1.0,1.0,2021.07.09.20.26.06_veh-35_02793_03289,1.0,9a3381f795895dfc09812c3fa6df607d3f2f49e8e0fa3bf8d23bec3a616aaa50,planner_dev1696_randommask,1.0,ok,1.0,3e80032635bb59d8
1.0,1.0,1.0,1.0,2021.07.09.20.26.06_veh-35_02793_03289,1.0,5829ecb99e58eb0df1acb8ed1f074feb64bad48bdfc216534b0012470a229ca9,planner_dev1696_randommask,1.0,ok,1.0,3f1b608fff335993
1.0,1.0,1.0,0.6332695436033197,2021.07.09.20.26.06_veh-35_02793_03289,1.0,22b04d621aaf493e47a888a7c9e8c89edab52d8d8e878ed62488558fdfe1bcb7,planner_dev1696_randommask,0.84719564316805,ok,1.0,411aeffde8b7585c
1.0,1.0,1.0,0.6956577389530899,2021.07.09.20.26.06_veh-35_02793_03289,1.0,63d24ba22cc407590bf74c247ade5fc7d63ab6da66289b1aa4b955ee5f77d4d6,planner_dev1696_randommask,0.8731907245637874,ok,1.0,4153f9fad2735b7d
1.0,1.0,1.0,0.8103748202792808,2021.07.09.20.26.06_veh-35_02793_03289,1.0,40ae32ce421a1773cb97a705461f868818e675438af84aa66629cbe1f954c411,planner_dev1696_randommask,0.9209895084497003,ok,1.0,43ab1fa546f15565
1.0,1.0,1.0,0.8772656221707104,2021.07.09.20.26.06_veh-35_02793_03289,1.0,b33e0526bf814970f72ff2098895c808938cf5e2543bcd6e6f20c497e3213a1e,planner_dev1696_randommask,0.9488606759044625,ok,1.0,450f27a1f39652ec
1.0,1.0,1.0,0.749863503245427,2021.07.09.20.26.06_veh-35_02793_03289,1.0,d4cb9c136d7de47c64a2ec1a0c6bf76258d0e47c9b49260884ef32438c23ad13,planner_dev1696_randommask,0.8957764596855946,ok,1.0,48ed922936d85f0d
1.0,1.0,1.0,0.9279518786914757,2021.07.09.20.26.06_veh-35_02793_03289,1.0,1b18c450f7bb45c7611620a4e0c345ffbdb48c56b0ffeb2580b6e6d023eaa602,planner_dev1696_randommask,0.9699799494547815,ok,1.0,492174f0a0be5e87
1.0,1.0,1.0,0.7395011504790875,2021.07.09.20.26.06_veh-35_02793_03289,1.0,2ae786ea12b67a722585d0a9c68fc07cd02fabf9ba9267a3ca2c342981b120b7,planner_dev1696_randommask,0.8914588126996198,ok,1.0,4b012a201ee458a0
1.0,1.0,1.0,1.0,2021.07.09.20.26.06_veh-35_02793_03289,1.0,1c65ffa0abe6d634552304869a2fa8e9809521835c831995acf117ea14f6b368,planner_dev1696_randommask,1.0,ok,1.0,4f3e703c35e05679
1.0,1.0,1.0,1.0,2021.07.09.20.26.06_veh-35_02793_03289,1.0,1538b8553197046acb473ab3aa977ddaaeb80f6a869b400ab7ee245168b5567d,planner_dev1696_randommask,1.0,ok,1.0,50d1a9ffaa2c54a4
1.0,1.0,1.0,0.9601871016117866,2021.07.09.20.26.06_veh-35_02793_03289,1.0,e41a8e25bbcf3c7cfc922b6a5bc44a29ee50893b77d0fbd3f7660aab98067005,planner_dev1696_randommask,0.9834112923382444,ok,1.0,50de3d17be6c5ced
1.0,1.0,1.0,1.0,2021.07.09.20.26.06_veh-35_02793_03289,1.0,ae46a96b9c551b8971ce9abec6a3f735ec7b81637466cb4ba856a345d2919f6b,planner_dev1696_randommask,1.0,ok,1.0,52d9b7c0daa5529a
1.0,1.0,1.0,0.7238306125914558,2021.07.09.20.26.06_veh-35_02793_03289,1.0,b3e9ba1057000ddb883b4aefbebfa151a25064a174efb5530416040fe215c865,planner_dev1696_randommask,0.8849294219131066,ok,1.0,54d3068f889b58ee
1.0,1.0,1.0,0.772600236456895,2021.07.09.20.26.06_veh-35_02793_03289,1.0,213674033dde6370f7cd9048d67a019b2ce59af437f9c7572d68b7e801f154a6,planner_dev1696_randommask,0.9052500985237062,ok,1.0,55934aa7214d511e
1.0,1.0,1.0,0.8979973517963722,2021.07.09.20.26.06_veh-35_02793_03289,1.0,028a47860dab5dcd213a53e65e63b879147f723e946f3a4a17d66fa9462772a6,planner_dev1696_randommask,0.9574988965818217,ok,1.0,56197cc9035d51a9
1.0,1.0,1.0,1.0,2021.07.09.20.26.06_veh-35_02793_03289,1.0,2f921e0737616a90035150a73a09c8998cb051700409c07cf3682306f7da62ee,planner_dev1696_randommask,1.0,ok,1.0,56910770f2c1527a
1.0,1.0,1.0,1.0,2021.07.09.20.26.06_veh-35_02793_03289,1.0,072321760c9c59244e5238255a3cb4e1fa9a89ed70e8c95c169d16a71785a90d,planner_dev1696_randommask,1.0,ok,1.0,56c1c01423045c64
1.0,1.0,1.0,1.0,2021.07.09.20.26.06_veh-35_02793_03289,1.0,e7b45652c712d7e4f845d2f8323f559286f1144a4a605ebe6435a2daf667ae7c,planner_dev1696_randommask,1.0,ok,1.0,5b33f44a53c35e48
1.0,1.0,1.0,1.0,2021.07.09.20.26.06_veh-35_02793_03289,1.0,8c368da30747c8c8063719c3cca855368ef32e6062c36838821b16bf235aab30,planner_dev1696_randommask,1.0,ok,1.0,5b7e8c4975ba58ec
1.0,1.0,1.0,0.9954615099205258,2021.07.09.20.26.06_veh-35_02793_03289,1.0,dcc8800e9493c20f66a4ae5dfc8127ce4992ea52a5cba65fd786a7bf898c61be,planner_dev1696_randommask,0.9981089624668856,ok,1.0,600b68fede18549b
1.0,1.0,1.0,1.0,2021.07.09.20.26.06_veh-35_02793_03289,1.0,2bbc6932dea964b50cd7972d0d799804817ead03c2f9247e4349164bfea9460d,planner_dev1696_randommask,1.0,ok,1.0,619751e2f7d45698
1.0,1.0,1.0,1.0,2021.07.09.20.26.06_veh-35_02793_03289,1.0,acfc57a4a387a35959888499b069059fe89263f5613db3d2aeb7ffd10067bc85,planner_dev1696_randommask,1.0,ok,1.0,61a1cff677ad53ae
1.0,1.0,1.0,1.0,2021.07.09.20.26.06_veh-35_02793_03289,1.0,0ccb13d19e33cf83687ea471c4868df48314d0734e79606198b8a7112ea50bc5,planner_dev1696_randommask,1.0,ok,1.0,6440483e348d5f99
1.0,1.0,1.0,0.8522270818201759,2021.07.09.20.26.06_veh-35_02793_03289,1.0,22d5902d97a5852d0f1848732e9427fb0cfc168140520d2696f33efece44d9ac,planner_dev1696_randommask,0.9384279507584067,ok,1.0,64832cd542ba5fbc
1.0,1.0,1.0,1.0,2021.07.09.20.26.06_veh-35_02793_03289,1.0,1c88532c19acd39ad94be03bc9e54ef9e8ba4335014f784dbf9ec6167def04f6,planner_dev1696_randommask,1.0,ok,1.0,65eb702f91da53f9
1.0,1.0,1.0,0.8386904518997546,2021.07.09.20.26.06_veh-35_02793_03289,1.0,c1edd8a8779728f6fb9173c84fd220906d4e2561d61d0d3485b1c33c0e082097,planner_dev1696_randommask,0.9327876882915644,ok,1.0,66d11076d8de59c1
1.0,1.0,1.0,0.8373881033211044,2021.07.09.20.26.06_veh-35_02793_03289,1.0,1efc38a216fcb1dc784da446fd44a70f02f5d3449f34d55a7cfd59502e91bc05,planner_dev1696_randommask,0.9322450430504601,ok,1.0,6860494f3bf55348
1.0,1.0,1.0,1.0,2021.07.09.20.26.06_veh-35_02793_03289,1.0,c8774fa63ec047df1ad3ffbeb936d8a15479c75096287db0bfa6e1fefd90fe35,planner_dev1696_randommask,1.0,ok,1.0,68aeef84783d53ea
1.0,1.0,1.0,1.0,2021.07.09.20.26.06_veh-35_02793_03289,1.0,fd1155346f40ff0255b149b9b7a2dd691cb23a3eff991ea7336bc8afeb7e7f80,planner_dev1696_randommask,1.0,ok,1.0,69912c13560f5d32
1.0,1.0,1.0,0.8124845091155303,2021.07.09.20.26.06_veh-35_02793_03289,1.0,4dfb4a57495d2c59a5e45c21ceb80b8f4ccd21d13385be5ac39d775fdad6edfb,planner_dev1696_randommask,0.9218685454648042,ok,1.0,6a2198d9282c54ea
1.0,1.0,1.0,0.9027747413245042,2021.07.09.20.26.06_veh-35_02793_03289,1.0,7ecfa806d99de14d3ff80a791df5eedff07cf2ecc568c8109143e1ba92c87b6a,planner_dev1696_randommask,0.9594894755518767,ok,1.0,6b309e6010535fcc
1.0,1.0,1.0,1.0,2021.07.09.20.26.06_veh-35_02793_03289,1.0,8e28e8bc8ecd15f9f0b0f27b5ce26b59904f8054fc9b3608152c74383c4d1ccd,planner_dev1696_randommask,1.0,ok,1.0,6d00b13ae44d54a2
1.0,1.0,1.0,0.804786590560505,2021.07.09.20.26.06_veh-35_02793_03289,1.0,98c04647c31a044614aed9f1c43b6b4b67f25974698547477cfa1049d216f9b6,planner_dev1696_randommask,0.9186610794002105,ok,1.0,6d9f1b3847705ce1
1.0,1.0,1.0,1.0,2021.07.09.20.26.06_veh-35_02793_03289,1.0,43656a3b2d60b2f7a171f74e682af96e6444b62cfb49d1f7061b20b463c47234,planner_dev1696_randommask,1.0,ok,1.0,6da35526f29f550a
1.0,1.0,1.0,0.8233509912820417,2021.07.09.20.26.06_veh-35_02793_03289,1.0,fc63855f39197e5f6195a4a00a4daac744594b4b13c6ebd7a3d117fdcbfe7d20,planner_dev1696_randommask,0.9263962463675174,ok,1.0,6e2af7ec92495e06
1.0,1.0,1.0,1.0,2021.07.09.20.26.06_veh-35_02793_03289,1.0,f04cb815f48c4479f779e31d4a31708f139e3daa1cc2fd60954412f837e23478,planner_dev1696_randommask,1.0,ok,1.0,71e9fdd5d6315495
1.0,1.0,1.0,0.7912471738648225,2021.07.09.20.26.06_veh-35_02793_03289,1.0,24de346cf3114040e46351e8e6f92c2bd119669d9de5b4eb01f898d7fbb27275,planner_dev1696_randommask,0.9130196557770094,ok,1.0,729f4b4121e35124
1.0,1.0,1.0,0.8524832230828823,2021.07.09.20.26.06_veh-35_02793_03289,1.0,afb809c51f53e92629f2962847823b10bc4f82007d946284840a7797c7b7f96f,planner_dev1696_randommask,0.9385346762845342,ok,1.0,7470512d36f45c26
1.0,1.0,1.0,1.0,2021.07.09.20.26.06_veh-35_02793_03289,1.0,cce9d5c4aaf262e15dce7707b6529503eefb977cebe964f89f663de61e3f2718,planner_dev1696_randommask,1.0,ok,1.0,74f9e35f089d523a
1.0,1.0,1.0,0.7756348140755224,2021.07.09.20.26.06_veh-35_02793_03289,1.0,d0165944d722d2c8ac0948248deb661d218cbb40ed598dcc1a1c969229c91749,planner_dev1696_randommask,0.9065145058648009,ok,1.0,75981c1acbe65a34
1.0,1.0,1.0,0.8478281186863158,2021.07.09.20.26.06_veh-35_02793_03289,1.0,330ca1736862890db1d6b4d69287ea0690250b61dc364b43f91370043ae37a64,planner_dev1696_randommask,0.9365950494526315,ok,1.0,774923d838b959cd
1.0,1.0,1.0,1.0,2021.07.09.20.26.06_veh-35_02793_03289,1.0,8e1cc6bc77a0aebb2db86e9a75a00b5aa3a4325b1b7890dfa5122dcb855becbf,planner_dev1696_randommask,1.0,ok,1.0,796da6bb8d1d553f
1.0,1.0,1.0,0.8160640144290534,2021.07.09.20.26.06_veh-35_02793_03289,1.0,675d301fc63172c75516209d45915c81d5d9bef617a43fb0ba484bcd01223016,planner_dev1696_randommask,0.9233600060121055,ok,1.0,7ba1003726915e44
1.0,1.0,1.0,1.0,2021.07.09.20.26.06_veh-35_02793_03289,1.0,4d3795c2e0d7e5271cc6ec710e5bfb8e6c16b1e908af22df86ac66cf4573ad80,planner_dev1696_randommask,1.0,ok,1.0,7fd6309dcdaf525e
1.0,1.0,1.0,0.8368526327709287,2021.07.09.20.26.06_veh-35_02793_03289,1.0,b649ca59b9a8fa7b45aabef69c2abfd0077f0b770b7baa4d2db796f002f026bd,planner_dev1696_randommask,0.9320219303212203,ok,1.0,8393b89f1fbd56fc
1.0,1.0,1.0,0.7946812383530805,2021.07.09.20.26.06_veh-35_02793_03289,1.0,db397530c2a74b6a8abe23246ff8a7f75278fe6ccd8836897602aaffb7bf9ff8,planner_dev1696_randommask,0.9144505159804502,ok,1.0,888476b1a13b51db
1.0,1.0,1.0,0.843976716054023,2021.07.09.20.26.06_veh-35_02793_03289,1.0,c9d0bb1617b8623acf9652d77affa8da0447bef9fae566398a284800e04a29c4,planner_dev1696_randommask,0.9349902983558428,ok,1.0,8902a3e760a7504d
1.0,1.0,1.0,0.9055213949674763,2021.07.09.20.26.06_veh-35_02793_03289,1.0,595d86a35d608cafccbff1cf51178f625a6d3d98924262271e69587fbf5b5ef4,planner_dev1696_randommask,0.9606339145697818,ok,1.0,8ca04ffe31395059
1.0,1.0,1.0,0.6865085200485332,2021.07.09.20.26.06_veh-35_02793_03289,1.0,4866d0ba060d0a5e3cd3e86c9d3315ec00e2c0ef1c4a9d1f4b0ed8b5143964f7,planner_dev1696_randommask,0.8693785500202221,ok,1.0,8e19623e78d15d60
1.0,1.0,1.0,0.8084561837874292,2021.07.09.20.26.06_veh-35_02793_03289,1.0,127f9c01c00952d80a86f783468e131f887263b8392aa9cd0e2501321556fd1a,planner_dev1696_randommask,0.9201900765780954,ok,1.0,94e4f5f0f22655d2
1.0,1.0,1.0,0.6818366537512632,2021.07.09.20.26.06_veh-35_02793_03289,1.0,11bf66aaab10de7cfd04748615a955ef52d667ff0f1eefef5cf758bc5d359de8,planner_dev1696_randommask,0.8674319390630263,ok,1.0,95ccbbe1810c5e38
1.0,1.0,1.0,0.8213206857232301,2021.07.09.20.26.06_veh-35_02793_03289,1.0,c8531022d65c6328bf576f4a20fa7febc4c2ac9069b99d29d35925d743399a8e,planner_dev1696_randommask,0.9255502857180126,ok,1.0,966cdeadbc375041
1.0,1.0,1.0,0.7731460232044713,2021.07.09.20.26.06_veh-35_02793_03289,1.0,34d8eac8c7763f0646ffc864e010af210ed67d0a69b374caaa96c5c7a83ded01,planner_dev1696_randommask,0.9054775096685298,ok,1.0,9ad2cc6c97365873
1.0,1.0,1.0,0.7786138180528956,2021.07.09.20.26.06_veh-35_02793_03289,1.0,2edda5e3d373ea49edce687a6c6c2304c4740d894a3571696d8390bcfc2aebcc,planner_dev1696_randommask,0.90775575752204,ok,1.0,9b4247d0fd87569c
1.0,1.0,1.0,0.7107329387161733,2021.07.09.20.26.06_veh-35_02793_03289,1.0,91bf73af820bd3fbd06f0bccefc0f8f0d61028001bfe6b5c015c922f06064343,planner_dev1696_randommask,0.8794720577984055,ok,1.0,9f7def7fc5e4570e
1.0,1.0,1.0,0.7759901008048764,2021.07.09.20.26.06_veh-35_02793_03289,1.0,e0797df85e39afef54b7eebea207d42da9e94583ed7e06b431eabd9191d57167,planner_dev1696_randommask,0.9066625420020319,ok,1.0,a01fa5eb5be95c2a
1.0,1.0,1.0,1.0,2021.07.09.20.26.06_veh-35_02793_03289,1.0,08e764d975127311f805e236e2de9c091675e18e1355d8fbbf36a7d2e16b9396,planner_dev1696_randommask,1.0,ok,1.0,a3421711e5dc50e5
1.0,1.0,1.0,0.839743338344444,2021.07.09.20.26.06_veh-35_02793_03289,1.0,e36b9652de60cba638386d67271d9a1c2af7749adb0e0952cc1402677e610442,planner_dev1696_randommask,0.9332263909768517,ok,1.0,a7052e45ec88505e
1.0,1.0,1.0,0.8901762791349306,2021.07.09.20.26.06_veh-35_02793_03289,1.0,f247cd4eca52f9cb0e0e341a7406154c9475955e2f5b9ac3cfc69bfcf3b63c8d,planner_dev1696_randommask,0.9542401163062211,ok,1.0,a8f42d585ae55630
1.0,1.0,1.0,1.0,2021.07.09.20.26.06_veh-35_02793_03289,1.0,b3473b2d6a04c2cc7a66892b9a5efc03bcd4b093bdee4a0d4ece09b4e0bb4326,planner_dev1696_randommask,1.0,ok,1.0,aa22e0c0be2b588c
1.0,1.0,1.0,0.8614561734482761,2021.07.09.20.26.06_veh-35_02793_03289,1.0,c71c765a8d0c38a47d483081b613945399f37982a0088deb94601ddb42f032ad,planner_dev1696_randommask,0.9422734056034484,ok,1.0,aa9798a62fd05f92
1.0,1.0,1.0,0.8748008462198454,2021.07.09.20.26.06_veh-35_02793_03289,1.0,2e38f4f564d11c9b881efa7ca0310c993257164fb2eff800d61ee1d82bc5481f,planner_dev1696_randommask,0.9478336859249357,ok,1.0,abc8238662a8569e
1.0,1.0,1.0,0.7295879151658824,2021.07.09.20.26.06_veh-35_02793_03289,1.0,fde3945aac092fc447332a0bedc9e9256bba95462ae21281c21e7e13945cff9a,planner_dev1696_randommask,0.8873282979857843,ok,1.0,ad8f2bc5ddb055c9
1.0,1.0,1.0,1.0,2021.07.09.20.26.06_veh-35_02793_03289,1.0,672d378f36308b763f9c1b074eb3e921ccaa171f369a4ab6ce5b20bc4905490f,planner_dev1696_randommask,1.0,ok,1.0,add1ea7b7e845845
1.0,1.0,1.0,1.0,2021.07.09.20.26.06_veh-35_02793_03289,1.0,041bb7f1e906ff50ccb1e4e6606a90376181277f72ac10301ce76252fbdaaf62,planner_dev1696_randommask,1.0,ok,1.0,adf1f42c50905604
1.0,1.0,1.0,0.698792132207941,2021.07.09.20.26.06_veh-35_02793_03289,1.0,9ded7d8510077e398efb25202b1cd200c0306af5dd6c825a0823a432944bed5f,planner_dev1696_randommask,0.8744967217533087,ok,1.0,ae0c0121c32e5e5c
1.0,1.0,1.0,0.9981577562613133,2021.07.09.20.26.06_veh-35_02793_03289,1.0,c7480bb32b6aa21c9ed6c8915535ae7b8f501f6f8e8fe487bed1aa77e99620cf,planner_dev1696_randommask,0.9992323984422139,ok,1.0,af1647f044bf5353
1.0,1.0,1.0,1.0,2021.07.09.20.26.06_veh-35_02793_03289,1.0,06b1c44c2350b091309aea75a379b6e8d74f7340a31ec03122cb77a495a06f3c,planner_dev1696_randommask,1.0,ok,1.0,b017af1b89af5241
1.0,1.0,1.0,1.0,2021.07.09.20.26.06_veh-35_02793_03289,1.0,293fdd31aa036d4305c7d52407d8cb312c958c4a52b56b41a9efa55fff96b375,planner_dev1696_randommask,1.0,ok,1.0,b0fbd8c8185b5ba8
1.0,1.0,1.0,0.901108219228112,2021.07.09.20.26.06_veh-35_02793_03289,1.0,4281792bcb622a3f3467dbb17c6f779e22a09e875630798c52ae8caded20266a,planner_dev1696_randommask,0.9587950913450468,ok,1.0,b31cfbd91b505320
1.0,1.0,1.0,1.0,2021.07.09.20.26.06_veh-35_02793_03289,1.0,92de17dfd1c89e30b9d0e79174fec6da504cff030a4b52e79d6ade66f72ad767,planner_dev1696_randommask,1.0,ok,1.0,b3811cb7cd8b5bee
1.0,1.0,1.0,0.8826579990589225,2021.07.09.20.26.06_veh-35_02793_03289,1.0,3433393af982df63828520341a3bb72ce5fe6c7b3b016e7af6afb8bcdf7a1e5f,planner_dev1696_randommask,0.9511074996078843,ok,1.0,b462555081035453
1.0,1.0,1.0,0.8371883705816179,2021.07.09.20.26.06_veh-35_02793_03289,1.0,cd0b38492f36adc819c08f2d291945fdfc2595a755d1ac09692299bfb1d8fac7,planner_dev1696_randommask,0.9321618210756742,ok,1.0,b518972e5c74575f
1.0,1.0,1.0,0.880480896006184,2021.07.09.20.26.06_veh-35_02793_03289,1.0,1c95dd4eaceac66ec65096f1f663013046ce789210f0b2aacf259920bce85412,planner_dev1696_randommask,0.95020037333591,ok,1.0,b5bc586e807859b9
1.0,1.0,1.0,1.0,2021.07.09.20.26.06_veh-35_02793_03289,1.0,cf30fe1f0ffb980b15bafd9594ac2c4f091cbd358643d307370f54fda5635ed4,planner_dev1696_randommask,1.0,ok,1.0,b5e45ceeb763563d
1.0,1.0,1.0,0.7319656209938608,2021.07.09.20.26.06_veh-35_02793_03289,1.0,0687b2dab2b5a7b83f7b5fd59664c8270c66a70834d878481ab92182acb4ec7a,planner_dev1696_randommask,0.888319008747442,ok,1.0,b7c1be361c1d5615
1.0,1.0,1.0,0.9198339002197162,2021.07.09.20.26.06_veh-35_02793_03289,1.0,ee8f9c892373f25a36fbfefb8d729297497f4aa3937bf6857840b3183bdea769,planner_dev1696_randommask,0.9665974584248818,ok,1.0,b97938c4b1ac52af
1.0,1.0,1.0,0.7688587002045152,2021.07.09.20.26.06_veh-35_02793_03289,1.0,ac0e7e479cb030b85353ca919385aa3f54168241d74830a1c47070ea18cd962e,planner_dev1696_randommask,0.9036911250852148,ok,1.0,b98a4b4bc2ee5b6a
1.0,1.0,1.0,1.0,2021.07.09.20.26.06_veh-35_02793_03289,1.0,22f10c55f3dea35c019e71a341150a8d35545d65864f4d0d17014b4c6b64eb79,planner_dev1696_randommask,1.0,ok,1.0,bb9c2a9a955450bc
1.0,1.0,1.0,0.9041525859904275,2021.07.09.20.26.06_veh-35_02793_03289,1.0,f2bf96b44a4d183191147f28d954af0a510664bd8ca9f7c695216ffb10782d16,planner_dev1696_randommask,0.9600635774960115,ok,1.0,bc445c24b7545106
1.0,1.0,1.0,1.0,2021.07.09.20.26.06_veh-35_02793_03289,1.0,8b0b3cf612d62fba95071ef2842fcffffffa46aba3179eb719b90272f09b19b3,planner_dev1696_randommask,1.0,ok,1.0,bd8da61ec9b053a6
1.0,1.0,1.0,0.8250404672291661,2021.07.09.20.26.06_veh-35_02793_03289,1.0,c64b4e1f997bd27d06def06839f28c13df73418b180cc912e1d4a3f56884a941,planner_dev1696_randommask,0.9271001946788192,ok,1.0,be0a4fadbbf8555a
1.0,1.0,1.0,0.7977363972926012,2021.07.09.20.26.06_veh-35_02793_03289,1.0,f6855929f1acc9befab7a9738b00ccbf2fb67b25c64e88c90115a4c25462cf57,planner_dev1696_randommask,0.9157234988719171,ok,1.0,c0d603acd14d5441
1.0,1.0,1.0,0.8953888644721735,2021.07.09.20.26.06_veh-35_02793_03289,1.0,19e09a926a17076d9f284b90b4e5825fe8c990656d96aec24800d97d294d1c5e,planner_dev1696_randommask,0.9564120268634057,ok,1.0,c11f2df51dd65f35
1.0,1.0,1.0,0.9026022167694775,2021.07.09.20.26.06_veh-35_02793_03289,1.0,741c0c8209696e2137d5eddc88432b21d909f5fae6569e5e9369f4d6289ec3c0,planner_dev1696_randommask,0.9594175903206157,ok,1.0,c14c33af349e53d0
1.0,1.0,1.0,0.8123048514978023,2021.07.09.20.26.06_veh-35_02793_03289,1.0,a14942c93b8647c9cd6ad5e2e2252b30e895c8e01ec68de2ef20219cb508597e,planner_dev1696_randommask,0.9217936881240844,ok,1.0,c4fc1ccdc82752ef
1.0,1.0,1.0,0.9560007807661334,2021.07.09.20.26.06_veh-35_02793_03289,1.0,f5a5099645ff2684a0c6a214cbb728310e219a26151d11e58f88f62cd2d3d8d9,planner_dev1696_randommask,0.981666991985889,ok,1.0,c5f68fedccf05348
1.0,1.0,1.0,0.8869466578395534,2021.07.09.20.26.06_veh-35_02793_03289,1.0,e9aa3b8e929827d55b8da36732477bea7fb02aabde98437c98a989de78a5d164,planner_dev1696_randommask,0.9528944407664804,ok,1.0,c6cd57d4069b55bb
1.0,1.0,1.0,0.8812070986646703,2021.07.09.20.26.06_veh-35_02793_03289,1.0,4499c6d47681ce4219bbf2958038a7824d14c535994673d933fe09b511e02ca6,planner_dev1696_randommask,0.9505029577769459,ok,1.0,c73b0140d9f153a8
1.0,1.0,1.0,1.0,2021.07.09.20.26.06_veh-35_02793_03289,1.0,398cbece67ba7fdf23b4f9c59ee1883bfeb2a9e00619c41784ab2da3e2a6b63c,planner_dev1696_randommask,1.0,ok,1.0,c8359786d5db538c
1.0,1.0,1.0,1.0,2021.07.09.20.26.06_veh-35_02793_03289,1.0,40123d8b15353dcbf788711aa54ebe07acb169867ac1230190d80e41465feec7,planner_dev1696_randommask,1.0,ok,1.0,ca0eb08315185167
1.0,1.0,1.0,1.0,2021.07.09.20.26.06_veh-35_02793_03289,1.0,e2bb986bb38a6c7417be63ac28ca8d8ad36c185a6dd97d673e01b9b607912c24,planner_dev1696_randommask,1.0,ok,1.0,cb0ae811d2c95ead
1.0,1.0,1.0,0.7139346345105916,2021.07.09.20.26.06_veh-35_02793_03289,1.0,d6d5988f3d23f4f86760c7ad9b04482a7864755f560fec6783bb816784ad8d2b,planner_dev1696_randommask,0.8808060977127465,ok,1.0,cc9156b10b5855ff
1.0,1.0,1.0,0.7851260862810931,2021.07.09.20.26.06_veh-35_02793_03289,1.0,fc816984682fe5085a88fa5845ad3b065edaf0296f6935627a926759e5eef88d,planner_dev1696_randommask,0.9104692026171222,ok,1.0,cc94486698ff58d1
1.0,1.0,1.0,0.754943970228156,2021.07.09.20.26.06_veh-35_02793_03289,1.0,2e10d4397b64267863205564ad62786958a14713973e2e623fb29fe5153dfd88,planner_dev1696_randommask,0.8978933209283984,ok,1.0,ccd64ddebcda50f6
1.0,1.0,1.0,0.8933704157537526,2021.07.09.20.26.06_veh-35_02793_03289,1.0,d343258ea47898c28b9eb3337f89492cbc51a37aad8ca5d8495c5741f3588946,planner_dev1696_randommask,0.9555710065640636,ok,1.0,cce0aae6d8a853d2
1.0,1.0,1.0,1.0,2021.07.09.20.26.06_veh-35_02793_03289,1.0,ddbd91a9c50bfc2bf467ef60905cf0bfcd8258587f6a1ee911cc20210c4a1732,planner_dev1696_randommask,1.0,ok,1.0,d1b49eebe00059c4
1.0,1.0,1.0,0.8790866292764566,2021.07.09.20.26.06_veh-35_02793_03289,1.0,628e94616442fde7f93136c1f88eb7705b0d8c8aa6e03eddf574a81c64b46d08,planner_dev1696_randommask,0.9496194288651902,ok,1.0,d4a4be0043ee53d8
1.0,1.0,1.0,0.9039849705345075,2021.07.09.20.26.06_veh-35_02793_03289,1.0,d0c4e58623afea43d8d31c9479c46eb40ae1e323da72cdeac3167c755f2acddb,planner_dev1696_randommask,0.9599937377227116,ok,1.0,d4aca7a7d5ba5ff7
1.0,1.0,1.0,0.8667816211827587,2021.07.09.20.26.06_veh-35_02793_03289,1.0,f82a7c44e1cc9f28335e0f4eeee81f8720ca2f01ae15b648d2cc18f2692a300b,planner_dev1696_randommask,0.9444923421594827,ok,1.0,d662eafbf56753f4
1.0,1.0,1.0,0.5186583599267579,2021.07.09.20.26.06_veh-35_02793_03289,1.0,21c9822c569c20fd6b751e56bfc492bfe5701e52e82f2bd177a52d08de48c770,planner_dev1696_randommask,0.7994409833028158,ok,1.0,d7e370e3315453ae
1.0,1.0,1.0,0.897318909511793,2021.07.09.20.26.06_veh-35_02793_03289,1.0,3ad4e50eab34e2057f684e13389c125bd612e54966fead9c023128f853bb1712,planner_dev1696_randommask,0.9572162122965805,ok,1.0,d7e69541e68a5b3b
1.0,1.0,1.0,0.9958130682920326,2021.07.09.20.26.06_veh-35_02793_03289,1.0,d56ae9e63610777d54c71f2a1feb748d6532c00b2802062dfa9d2b7bdbde2919,planner_dev1696_randommask,0.9982554451216803,ok,1.0,d8118f444d4d574e
1.0,0.0,1.0,0.0,2021.07.09.20.26.06_veh-35_02793_03289,1.0,c4f02b41e5972280d78a4fe6494f9221734615129db65c65568b71626ea225e1,planner_dev1696_randommask,0.0,ok,1.0,d9132b3c692558c8
1.0,1.0,1.0,0.8575636288735721,2021.07.09.20.26.06_veh-35_02793_03289,1.0,5f6ff98044218811c009845651c01304f2dabbd1964bea44977af4a009041c99,planner_dev1696_randommask,0.9406515120306551,ok,1.0,daa2dd83846355d1
1.0,1.0,1.0,0.8466309213087786,2021.07.09.20.26.06_veh-35_02793_03289,1.0,02233d840d2ce6c3d4b1799ff77af18ee1260113b88a629b738a41c6a5e9aaee,planner_dev1696_randommask,0.9360962172119911,ok,1.0,e06108e069b55486
1.0,1.0,1.0,0.8776374934755222,2021.07.09.20.26.06_veh-35_02793_03289,1.0,3135deeb61a8d7c55f4f674a365e281b912fb97cd4f353ef27f7fc08f756036a,planner_dev1696_randommask,0.9490156222814675,ok,1.0,e0990db225ab5e2b
1.0,1.0,1.0,0.8603001644414454,2021.07.09.20.26.06_veh-35_02793_03289,1.0,47ccf83079f65ff43c1f589bbf1487f947c0a4228e7a99349064b59e8b9d1a81,planner_dev1696_randommask,0.9417917351839357,ok,1.0,e1320bebb7f25f65
1.0,1.0,1.0,0.6080147291473393,2021.07.09.20.26.06_veh-35_02793_03289,1.0,17c2b869dcddbdcfc0aecfe8737db4165735dadd7b3577346587e313b221d3d3,planner_dev1696_randommask,0.8366728038113914,ok,1.0,e27c4e988e10569a
1.0,1.0,1.0,0.798418730609342,2021.07.09.20.26.06_veh-35_02793_03289,1.0,edd3c3a1f21eb9da03449731b3e56a7c929fe3ebc2f362916aeab93e18b3b61c,planner_dev1696_randommask,0.9160078044205591,ok,1.0,e34cae2fefab55b8
1.0,1.0,1.0,0.8067453373954506,2021.07.09.20.26.06_veh-35_02793_03289,1.0,d62742bc70da6c559b739ba9fec2b576d209ee367fda3f73f70939fd1d1a5eb7,planner_dev1696_randommask,0.9194772239147712,ok,1.0,e4bf21cd63585bf7
1.0,1.0,1.0,0.7147238461474472,2021.07.09.20.26.06_veh-35_02793_03289,1.0,4dd210fc5959aea1c976482be05de6433d250c12e37429256461f70f3e8baa47,planner_dev1696_randommask,0.8811349358947697,ok,1.0,e507573c08815f9e
1.0,1.0,1.0,0.9850229863315971,2021.07.09.20.26.06_veh-35_02793_03289,1.0,55e63b56f29ff8620b6ac9304d2889407547e2df9b76f5f599cb7b681683b382,planner_dev1696_randommask,0.9937595776381655,ok,1.0,e90d6cecf29d53cc
1.0,1.0,1.0,1.0,2021.07.09.20.26.06_veh-35_02793_03289,1.0,0a6ab1a55fef1f6cf7f26e1ce43ff56a755ee773c98e67902d908cc048195d2f,planner_dev1696_randommask,1.0,ok,1.0,ec0f3cc6c0fd590e
1.0,1.0,1.0,1.0,2021.07.09.20.26.06_veh-35_02793_03289,1.0,9b87dcf8089939f29517a848f1896d2bfe707c575505bed356d26ae395e3919b,planner_dev1696_randommask,1.0,ok,1.0,edd18606d29e5285
1.0,1.0,1.0,1.0,2021.07.09.20.26.06_veh-35_02793_03289,1.0,663c6faf8e5bfc35451bc6f02abf8dfc6563a02d2c77329fa11c196156769033,planner_dev1696_randommask,1.0,ok,1.0,eebdbcf854975ae9
1.0,1.0,1.0,1.0,2021.07.09.20.26.06_veh-35_02793_03289,1.0,79a47507a16312fd39c5b8f6c16bb108d0aaa51ea7b0b09ddd699821fdd33ab5,planner_dev1696_randommask,1.0,ok,1.0,efe50170f67a57dc
1.0,1.0,1.0,1.0,2021.07.09.20.26.06_veh-35_02793_03289,1.0,95654c5c2a91c9b7701b87f8373c353c3ac22b0cf87bcffd807122bef3eece93,planner_dev1696_randommask,1.0,ok,1.0,f177501cd1555b76
1.0,1.0,1.0,0.6490476963440417,2021.07.09.20.26.06_veh-35_02793_03289,1.0,e85f5a22756a1b2a94bc3afbf296f92fbeb2c9aa985f82f82527fe03dcf9a49f,planner_dev1696_randommask,0.853769873476684,ok,1.0,f42717531e645bd0
1.0,1.0,1.0,1.0,2021.07.09.20.26.06_veh-35_02793_03289,1.0,bedd0cecbee23d7e250e0618ebd02a578e07f30d37d01439be6a07e396b1939c,planner_dev1696_randommask,1.0,ok,1.0,f6522a382ccb5589
1.0,1.0,1.0,1.0,2021.07.09.20.26.06_veh-35_02793_03289,1.0,c2115065ead211434ca8f2670089e989b80f3840df5086ee03c98979c301a737,planner_dev1696_randommask,1.0,ok,1.0,f79dbdc306a15120
1.0,1.0,1.0,0.7362918018254766,2021.07.09.20.26.06_veh-35_02793_03289,1.0,8b21a63145035d577adb196c620d80be4120adeb1b8f73bd0be5e19f3ac5d9ec,planner_dev1696_randommask,0.8901215840939486,ok,1.0,f95fc48b693b53c2
1.0,1.0,1.0,0.8562597834163129,2021.07.09.20.26.06_veh-35_02793_03289,1.0,aa528d579650fbe96cdda35bf9cae90ec7fce0912846e72b61c6d820548773b3,planner_dev1696_randommask,0.9401082430901303,ok,1.0,fa6d09b953e85996
1.0,0.0,1.0,0.0,2021.07.09.20.26.06_veh-35_02793_03289,1.0,8a3448b9e9984ebdbc87bb9ada2986aac577d08adec5bf7e23d5c3fa142b9aaa,planner_dev1696_randommask,0.0,ok,1.0,faf084d60e455e01
1.0,1.0,1.0,0.816875288973927,2021.07.09.20.26.06_veh-35_02793_03289,1.0,6d404fcef88303a1408c8b52c4faf06ef21ef489f3ae962e6f6c4d659d5c8ac7,planner_dev1696_randommask,0.9236980370724696,ok,1.0,fb62245532a251c2
1.0,1.0,1.0,1.0,2021.07.09.20.26.06_veh-35_02793_03289,1.0,9bb117de2e3fb7677395bdee2f2bc28866c74323be3448f6c3e8a930b4d7fb63,planner_dev1696_randommask,1.0,ok,1.0,fba22c6ccd535dd0
1.0,1.0,1.0,0.7012324472428239,2021.07.09.20.26.06_veh-35_02793_03289,1.0,379d88532177d90b97820178390b7abf75289ae7d08807cd74abd328ea3234d4,planner_dev1696_randommask,0.87551351968451,ok,1.0,fbd62cf89a7d5308
1.0,1.0,1.0,0.851402854689645,2021.07.09.20.26.06_veh-35_02793_03289,1.0,860eee30b295f36f2386b15eae93841ba97181f5972d2da77683829018377113,planner_dev1696_randommask,0.9380845227873521,ok,1.0,fd266017475c571a
1.0,1.0,1.0,1.0,2021.07.09.20.26.06_veh-35_02793_03289,1.0,1d4036d03fe3324fc5824f3dc16cb1efe0ea075a2be5c45c47733d84bca63cca,planner_dev1696_randommask,1.0,ok,1.0,fd88394324a05329
1.0,1.0,1.0,0.823632641341905,2021.07.09.20.26.06_veh-35_02793_03289,1.0,3932122e2059e22b9b667ec2aa87ce79a08d09083f24112cfbb880f0844129cb,planner_dev1696_randommask,0.9265136005591271,ok,1.0,fe07ab55cffb5cb9
1.0,1.0,1.0,0.9332350770039187,2021.07.09.20.26.06_veh-35_02793_03289,1.0,d1d9570480e475df6c7abc8e64ed7307b86d6e44333810a0d70950447a45655f,planner_dev1696_randommask,0.9721812820849661,ok,1.0,fe61c9b75ca85f61
1.0,1.0,1.0,0.7287783510102094,2021.10.11.02.57.41_veh-50_01028_01289,1.0,aa9d76f61306dd0630d4e8b8128d36290cd02832f093e0a4bc9636d4409d1d22,planner_dev1696_randommask,0.8869909795875873,ok,1.0,0191e3cbe7735d02
1.0,1.0,1.0,0.672526303060301,2021.10.11.02.57.41_veh-50_01028_01289,1.0,54432cabc289fd25d5ec96ed11f49d83c02db85e139c4881c5eecd2f7a3805e6,planner_dev1696_randommask,0.8635526262751254,ok,1.0,04a2fff5521b5215
1.0,1.0,1.0,0.5357577720264763,2021.10.11.02.57.41_veh-50_01028_01289,1.0,e0711d8616b2754c3633bb3950cd8b9d933c7e3608895a1ed825f83232a2f10a,planner_dev1696_randommask,0.8065657383443652,ok,1.0,0502eec8c9615c19
1.0,1.0,1.0,0.6362420779608184,2021.10.11.02.57.41_veh-50_01028_01289,1.0,9eb551b4e4c61a0c7b807ac2e1111e056dbd3829b8dd68a40b5a8145fc21ea54,planner_dev1696_randommask,0.8484341991503411,ok,1.0,076e73b542175041
1.0,1.0,1.0,1.0,2021.10.11.02.57.41_veh-50_01028_01289,1.0,b4dcb2f1e27e1dcac87bd0ed8fa542c08d966f492feb171479bae2f2d66d8075,planner_dev1696_randommask,1.0,ok,1.0,0f2f7590e2c153c1
1.0,1.0,1.0,0.7051497553477395,2021.10.11.02.57.41_veh-50_01028_01289,1.0,2ddf6f2649cfd770350660a560ad2b3798d57ed2d179fc31d5601ac012022cc1,planner_dev1696_randommask,0.8771457313948915,ok,1.0,134c53ed5241548e
1.0,1.0,1.0,0.5585281222464964,2021.10.11.02.57.41_veh-50_01028_01289,1.0,a24347050c7a89374caf9dc5a0abb1989896092a7497e32e883ff6fa132cf4d5,planner_dev1696_randommask,0.8160533842693735,ok,1.0,16259719899f5b57
1.0,1.0,1.0,1.0,2021.10.11.02.57.41_veh-50_01028_01289,1.0,e4b0a911a278c7e29d9db33988d339b164a641e8f74edfd00ed8b6fe4dd0858e,planner_dev1696_randommask,1.0,ok,1.0,16e38f619b4358cb
1.0,1.0,1.0,0.6416121901847426,2021.10.11.02.57.41_veh-50_01028_01289,1.0,b50e352bd467435e06fd82f385f422c1ebc0a771a1de563edeea3bea19b968df,planner_dev1696_randommask,0.8506717459103094,ok,1.0,1e7ba1144b7e587f
1.0,1.0,1.0,0.6924240813654731,2021.10.11.02.57.41_veh-50_01028_01289,1.0,9525988cf30574789ec36280775d3fb75ffadd6f60ee4693797a2b4435a0d1ea,planner_dev1696_randommask,0.8718433672356137,ok,1.0,2040cae1f2005ace
1.0,1.0,1.0,0.7155658309393337,2021.10.11.02.57.41_veh-50_01028_01289,1.0,37e1d54b79e0bc8c5d3edc8285dd86bc06c4bf49b6de7a73724f52c4d30a9a38,planner_dev1696_randommask,0.8814857628913891,ok,1.0,2b1b98be0fd55a97
1.0,1.0,1.0,0.6922596144286813,2021.10.11.02.57.41_veh-50_01028_01289,1.0,f76de394aff009b7307adebff19033bd253bd27c92b845732056fce6d92ee03d,planner_dev1696_randommask,0.8717748393452839,ok,1.0,2df6dad2e3c4525a
1.0,1.0,1.0,0.7349782900774999,2021.10.11.02.57.41_veh-50_01028_01289,1.0,46eb0e7ef4a6e20e5f6ddf5b2c297f3d4bacd212386cd6d108bf15c8c8b6595c,planner_dev1696_randommask,0.8895742875322915,ok,1.0,3338316c86985d7e
1.0,1.0,1.0,0.709021243945027,2021.10.11.02.57.41_veh-50_01028_01289,1.0,2ecbb5088708421bb066091df6ee11065c620185fbf777c6cded23906e997d14,planner_dev1696_randommask,0.8787588516437612,ok,1.0,3540468e063052d2
1.0,1.0,1.0,0.8759104013138923,2021.10.11.02.57.41_veh-50_01028_01289,1.0,a1c95b52dc92159cacc763c6ee7e57ed53b0a0e3b5a889f583542266f55c4694,planner_dev1696_randommask,0.9482960005474551,ok,1.0,37c824c3fc615763
1.0,1.0,1.0,1.0,2021.10.11.02.57.41_veh-50_01028_01289,1.0,ca9ff78c46713cec09bbb8950602e9dd8ae52f75ec44658d77e09deba3d1d12c,planner_dev1696_randommask,1.0,ok,1.0,3a5d0b9a8778529e
1.0,1.0,1.0,0.6812187670673837,2021.10.11.02.57.41_veh-50_01028_01289,1.0,77b876c7cd963e0331222ba8a2b007e213c32f69c8c2b0ebd36e8ffc4f539a48,planner_dev1696_randommask,0.8671744862780765,ok,1.0,3bcde9ce94de5b6a
1.0,1.0,1.0,0.8559533764769325,2021.10.11.02.57.41_veh-50_01028_01289,1.0,e83d47e020fb040bed8cf1dc31119098605ce9a86b843b4a871dc705a989b7a4,planner_dev1696_randommask,0.9399805735320553,ok,1.0,3dd3b152b6a95c84
1.0,1.0,1.0,0.6100365329713047,2021.10.11.02.57.41_veh-50_01028_01289,1.0,23237df3427f93d9ded7044ddf1efc6c81db7ab774d1189449e0c02ce1d7e7a6,planner_dev1696_randommask,0.837515222071377,ok,1.0,3df6bd69748e51ec
1.0,1.0,1.0,0.638984518028391,2021.10.11.02.57.41_veh-50_01028_01289,1.0,697c89d2a116d59ce32ef9125a6e68ce0224aa86d4d3896dceae17232da2e82b,planner_dev1696_randommask,0.8495768825118296,ok,1.0,411704ad095950e8
1.0,1.0,1.0,0.6731173696087116,2021.10.11.02.57.41_veh-50_01028_01289,1.0,17f2c4832d90ef46709598ef7967015eb4369141f4f49f089e27f15c12c7a703,planner_dev1696_randommask,0.8637989040036298,ok,1.0,459f16faaa0e51bf
1.0,1.0,1.0,0.8443881836325013,2021.10.11.02.57.41_veh-50_01028_01289,1.0,5e2f7dbc77b102637de53252b4523f95ebdb6ab7c711e107d867728ecf5fe60d,planner_dev1696_randommask,0.9351617431802088,ok,1.0,4d540daaddb15826
1.0,1.0,1.0,0.9024189854588648,2021.10.11.02.57.41_veh-50_01028_01289,1.0,ef62d1c364c5d5a21f19689db852d3da4993dfcc525fd4571e7425643c65d060,planner_dev1696_randommask,0.9593412439411937,ok,1.0,4f02764ce23c5c1d
1.0,1.0,1.0,0.7039185729221898,2021.10.11.02.57.41_veh-50_01028_01289,1.0,75779354d7d6be74a2a8b0e6348cf267d262639e776c6b21a56557da46401f78,planner_dev1696_randommask,0.8766327387175791,ok,1.0,4fe2c5e04d795883
1.0,1.0,1.0,0.6116825506367727,2021.10.11.02.57.41_veh-50_01028_01289,1.0,8ca5b634b5a1b65f1d54ecbdb8dbc1869d0cdae017ce146d459ebfdc9bdae82a,planner_dev1696_randommask,0.8382010627653219,ok,1.0,4ff0a2b15a835463
1.0,1.0,1.0,0.6939949054048083,2021.10.11.02.57.41_veh-50_01028_01289,1.0,8ea3ac050383ad762063e7ed695a36b7c28d5aee0a73bed0c2f06b168c4bbeaf,planner_dev1696_randommask,0.8724978772520036,ok,1.0,539393ec03d3569f
1.0,1.0,1.0,1.0,2021.10.11.02.57.41_veh-50_01028_01289,1.0,ef4c98df3599f6b2e48802b640dfe82aada77e06b9f97a242e200762b1760f26,planner_dev1696_randommask,1.0,ok,1.0,53fbf0500ccf5c81
1.0,1.0,1.0,0.724584232757375,2021.10.11.02.57.41_veh-50_01028_01289,1.0,d3fa9bd395b3f0b3e553494e4bc2d4733a66cfb47142350a949c484edd34ad4a,planner_dev1696_randommask,0.885243430315573,ok,1.0,55d8e5c3dd4657d5
1.0,1.0,1.0,0.7043814437258217,2021.10.11.02.57.41_veh-50_01028_01289,1.0,6c1c6c4689cc15013c20301bb983a4bec8386583f5fcbfb0452ea9e235eef208,planner_dev1696_randommask,0.8768256015524257,ok,1.0,5689b5417b1b59fa
1.0,1.0,1.0,0.6112587189924473,2021.10.11.02.57.41_veh-50_01028_01289,1.0,34a7eb7044a01a0750c53bb7459b3e0969ea85fde760d562232c91664c1df279,planner_dev1696_randommask,0.838024466246853,ok,1.0,5bfc2ed8a9e55b31
1.0,1.0,1.0,0.6457108635839489,2021.10.11.02.57.41_veh-50_01028_01289,1.0,939f987dcadee4add113d369d3a76c3cc5c856c02e83438d918c76029b34b63a,planner_dev1696_randommask,0.8523795264933121,ok,1.0,5d626b0485e65f74
1.0,1.0,1.0,0.6482155939241483,2021.10.11.02.57.41_veh-50_01028_01289,1.0,3dd67b665785754c38da1374704b9ecbd01598aeb40523c821d4df0811c4a626,planner_dev1696_randommask,0.8534231641350618,ok,1.0,5f1d8aea61145907
1.0,1.0,1.0,0.6911214758960268,2021.10.11.02.57.41_veh-50_01028_01289,1.0,c5f771989740028878e160133c28507e99388a012e971d80fec8636c3ffc908d,planner_dev1696_randommask,0.8713006149566779,ok,1.0,5f7dadb16c9858e6
1.0,1.0,1.0,0.7012736387730854,2021.10.11.02.57.41_veh-50_01028_01289,1.0,f5f94d136bf4ba97417ec00a2a9eeb2672b4ee2d80e519548e148956dadae267,planner_dev1696_randommask,0.8755306828221189,ok,1.0,619b51912d2b518f
1.0,1.0,1.0,0.8308616771262429,2021.10.11.02.57.41_veh-50_01028_01289,1.0,32f853ba06ab59206706918333ca423882afbf5b90ce32300ac1bd2bbe009aa2,planner_dev1696_randommask,0.9295256988026012,ok,1.0,6312e02de8755c63
1.0,1.0,1.0,0.6310377268994976,2021.10.11.02.57.41_veh-50_01028_01289,1.0,1eda2824f27512e16204f11e7bc8c43e74738eb8abb5076b6a6343a9cb60c4cb,planner_dev1696_randommask,0.8462657195414574,ok,1.0,63f9372237ab5b50
1.0,1.0,1.0,0.607136701202846,2021.10.11.02.57.41_veh-50_01028_01289,1.0,2e324c47853395f58c1608e896ae23aa256bdd9ea394ad0bda73a8936ece7a01,planner_dev1696_randommask,0.8363069588345192,ok,1.0,67b3098372645d8b
1.0,1.0,1.0,0.6985040769542102,2021.10.11.02.57.41_veh-50_01028_01289,1.0,ead2605b5e883c3b4c94285ab4d95b60ea9c425a4817dccca24597ed8f0d7616,planner_dev1696_randommask,0.8743766987309209,ok,1.0,7616cee0eba15c75
1.0,1.0,1.0,0.6480336758307,2021.10.11.02.57.41_veh-50_01028_01289,1.0,e8cb8dd65bd50f8a57f39718a7ccf7a2de837177d3df9a2ceb43677275862591,planner_dev1696_randommask,0.8533473649294584,ok,1.0,76f38770875550d4
1.0,1.0,1.0,0.6304291226377035,2021.10.11.02.57.41_veh-50_01028_01289,1.0,4cb6b5d93b8245c9419f998681e3ca253a18c035c123492107f3b46ba545ccbf,planner_dev1696_randommask,0.8460121344323764,ok,1.0,774f3eae89d35589
1.0,1.0,1.0,0.5941086776249164,2021.10.11.02.57.41_veh-50_01028_01289,1.0,501e9057ded609b1304bb9635f3f7ae0cd079cc2422cccd6d7952248f6ac7815,planner_dev1696_randommask,0.8308786156770486,ok,1.0,792875d97ce5574d
1.0,1.0,1.0,0.6215469704483204,2021.10.11.02.57.41_veh-50_01028_01289,1.0,763ce4c661de083d3bfe9869d0b1823da3d6e3f598b2079b3e8f0f0c8d96e0d9,planner_dev1696_randommask,0.8423112376868002,ok,1.0,7c31c611152b5a9c
1.0,1.0,1.0,0.731373093812632,2021.10.11.02.57.41_veh-50_01028_01289,1.0,2cdfa0ade6c104b32c95dbe21c19e9d04731f225c2bb89480cca687b919dcfdd,planner_dev1696_randommask,0.88807212242193,ok,1.0,7eb6beaba2e45001
1.0,1.0,1.0,0.6924420826169969,2021.10.11.02.57.41_veh-50_01028_01289,1.0,9f916b5ddda46667a710b57d8cc3961557fbf88c949c151433ad1c562a5a9d47,planner_dev1696_randommask,0.8718508677570821,ok,1.0,872ae71c24805cd8
1.0,1.0,1.0,0.6889043232925334,2021.10.11.02.57.41_veh-50_01028_01289,1.0,75bc662e07f93e40439cef03de5a9ea1090361f845a555fae5a260c8c18596f8,planner_dev1696_randommask,0.8703768013718888,ok,1.0,8a2496c5d7d15cc1
1.0,1.0,1.0,0.6645874109018404,2021.10.11.02.57.41_veh-50_01028_01289,1.0,5b4fd06f67ccc2f15f67323434acb8452970a206b198b560f49891d5f2a21f14,planner_dev1696_randommask,0.8602447545424335,ok,1.0,8ac887d1ccb95be5
1.0,1.0,1.0,0.6165602544610994,2021.10.11.02.57.41_veh-50_01028_01289,1.0,b5af02cfff910b92701c313bccd632b7ad43a5018add74d74e9f21c2001d5f97,planner_dev1696_randommask,0.8402334393587915,ok,1.0,92a19adc03e55fc5
1.0,1.0,1.0,0.6680787932296166,2021.10.11.02.57.41_veh-50_01028_01289,1.0,4d82f20b8d13554535c90a9f2a94dc9614a6e0334096a8b0256490d6965b1ffb,planner_dev1696_randommask,0.861699497179007,ok,1.0,955e0d97f2f35bc4
1.0,1.0,1.0,0.5423106995653008,2021.10.11.02.57.41_veh-50_01028_01289,1.0,d8129b451047be4d00e9a1b8ff698db6a38e72b8bb7df2b6df24e595b8022011,planner_dev1696_randommask,0.8092961248188754,ok,1.0,98f62d9131da5913
1.0,1.0,1.0,0.7025759883959345,2021.10.11.02.57.41_veh-50_01028_01289,1.0,f271e78dbd9abe0441d3219a1675f515cc448fd12d3dd28fd1e5465fa4d968d4,planner_dev1696_randommask,0.8760733284983061,ok,1.0,997140e8419051b4
1.0,1.0,1.0,0.6923277384045204,2021.10.11.02.57.41_veh-50_01028_01289,1.0,0746f101556d01a53bec4ac9af5486839519f2e1feea4ccc7d4dc5d4b91fa488,planner_dev1696_randommask,0.8718032243352168,ok,1.0,9a45431d78665797
1.0,1.0,1.0,0.7069307324660741,2021.10.11.02.57.41_veh-50_01028_01289,1.0,2a7d87273787c449689a7d9f33e8f1331ad84af307635c85cdea0c6282b828b6,planner_dev1696_randommask,0.8778878051941975,ok,1.0,9abce3eae2005739
1.0,0.0,1.0,0.0,2021.10.11.02.57.41_veh-50_01028_01289,1.0,3f0acd00e6b35f6bcfad390deb4ca94df0429d9274e39ba3d845922e691879fa,planner_dev1696_randommask,0.0,ok,1.0,9eae5a2e43535977
1.0,1.0,1.0,0.677271198206699,2021.10.11.02.57.41_veh-50_01028_01289,1.0,98301bd6d4320e8902e8646bae111569a1e7beccaf5561bb73cb53aef970bfd1,planner_dev1696_randommask,0.8655296659194579,ok,1.0,a3886a0066ca51e0
1.0,1.0,1.0,0.9103192453750454,2021.10.11.02.57.41_veh-50_01028_01289,1.0,0547bb27cf64a323d06df1cfc254d87e6d8857f2830bef6aa631ec371f5068a5,planner_dev1696_randommask,0.9626330189062688,ok,1.0,a77bff075d7c5d85
1.0,1.0,1.0,0.8004128165850869,2021.10.11.02.57.41_veh-50_01028_01289,1.0,d51ff426a115cd86502ff8303cf0bb57569ff14bc1f14cd650dafe0a258ff0ef,planner_dev1696_randommask,0.9168386735771196,ok,1.0,abc9f2cbeaeb55f6
1.0,0.0,1.0,0.0,2021.10.11.02.57.41_veh-50_01028_01289,1.0,d4a9944e998eb5bd33a6c69ee7b0bcffb9474534adfc9b030d7ff636658776b5,planner_dev1696_randommask,0.0,ok,1.0,abeedf530cf3573d
1.0,1.0,1.0,0.6286464942881864,2021.10.11.02.57.41_veh-50_01028_01289,1.0,31ad2f00d0fda18c1540fe8bb47e17d1601ced833b215d175912c77beb4adcc7,planner_dev1696_randommask,0.8452693726200776,ok,1.0,ad75c0abe73d52c7
1.0,1.0,1.0,0.5726620952575567,2021.10.11.02.57.41_veh-50_01028_01289,1.0,d04d66fd0f4f3769a5c21986611a0278da09a6793b735b88a6f14305e6452bda,planner_dev1696_randommask,0.8219425396906486,ok,1.0,ae2807f88fea5904
1.0,1.0,1.0,0.6767718591576203,2021.10.11.02.57.41_veh-50_01028_01289,1.0,93fe62517d08eec2d0e96bf6586f8acf17b84dfa2dcde11a43bed4aa6e189517,planner_dev1696_randommask,0.8653216079823417,ok,1.0,afcacc1536c75f9f
1.0,1.0,1.0,0.8323261413088981,2021.10.11.02.57.41_veh-50_01028_01289,1.0,b8053223e4fad8c506a486a256238b358f3e8cb158dded94e074d21f6e5e8d1f,planner_dev1696_randommask,0.930135892212041,ok,1.0,b3c10c514af95e75
1.0,1.0,1.0,0.6620076766749352,2021.10.11.02.57.41_veh-50_01028_01289,1.0,201ff225a32f21ca4f719a66fadc995db1f2823022360ed95bc02aa537ac4bff,planner_dev1696_randommask,0.8591698652812231,ok,1.0,b3d05d10a7075767
1.0,1.0,1.0,0.8453649579286113,2021.10.11.02.57.41_veh-50_01028_01289,1.0,92ac59d481dfcdf9eed8fb5d1574379aa340a577218c9b31f9097a5be1089010,planner_dev1696_randommask,0.9355687324702547,ok,1.0,b57bd30f8dbd5371
1.0,1.0,1.0,0.6667951263520717,2021.10.11.02.57.41_veh-50_01028_01289,1.0,0502d6b91f0cfc227b06779608b7059641385c0351c178ac2a2856e829c22ec4,planner_dev1696_randommask,0.8611646359800299,ok,1.0,bb83b26d840d56b6
1.0,1.0,1.0,0.6794658553278108,2021.10.11.02.57.41_veh-50_01028_01289,1.0,4a7062eaec685e6a93c06d7d1728fb8988b19decc61fe9e0e253bc09be1b87b9,planner_dev1696_randommask,0.8664441063865879,ok,1.0,bef6605735245959
1.0,1.0,1.0,0.7444505843799446,2021.10.11.02.57.41_veh-50_01028_01289,1.0,de6ef98adeb3764bdb303aec73f8f74689c98282c41a0802cbf7e1985d08b3c8,planner_dev1696_randommask,0.893521076824977,ok,1.0,c47ae82409da5780
1.0,1.0,1.0,0.7415350148474152,2021.10.11.02.57.41_veh-50_01028_01289,1.0,96709d3f4f8b6927ed01cef633b5fc35c38b163e2acbdda335af78029678d6da,planner_dev1696_randommask,0.8923062561864231,ok,1.0,c781e2c428ee5b12
1.0,1.0,1.0,0.6176705004486811,2021.10.11.02.57.41_veh-50_01028_01289,1.0,56df11ee7db629277cf7939b9f865aac07caf7ec934c3c42162e194551fcde85,planner_dev1696_randommask,0.8406960418536172,ok,1.0,c817fbce92d158c4
1.0,1.0,1.0,0.5891652619502853,2021.10.11.02.57.41_veh-50_01028_01289,1.0,f6010e11d42039e8044ad322b71e3ced07e6447ed1aa8e51a3077103393c7115,planner_dev1696_randommask,0.8288188591459522,ok,1.0,d024230338045f83
1.0,1.0,1.0,0.5185814189497744,2021.10.11.02.57.41_veh-50_01028_01289,1.0,8216b745c21d6537987db96378c49f5a8cb532d8189964400ca364f5b1f48909,planner_dev1696_randommask,0.799408924562406,ok,1.0,d8c8e4dbeb2158b0
1.0,1.0,1.0,1.0,2021.10.11.02.57.41_veh-50_01028_01289,1.0,33c9e74902aa50966df9f209ea943e0a882074cc8201dce0ddd3e1f47a9b8225,planner_dev1696_randommask,1.0,ok,1.0,dc5d48591a565e58
1.0,1.0,1.0,0.7254059334826288,2021.10.11.02.57.41_veh-50_01028_01289,1.0,ffdd5b296d5d76b283eaff57d3d0a22b3f131feb96c352e95936d2cd4e40946d,planner_dev1696_randommask,0.885585805617762,ok,1.0,e1a9b17e1fee5fe5
1.0,1.0,1.0,1.0,2021.10.11.02.57.41_veh-50_01028_01289,1.0,1f2125c91b740cf438cff4e0d47c9c76159f9b89e5c090e76046c50d69de39f0,planner_dev1696_randommask,1.0,ok,1.0,e4c4b061d1845fd6
1.0,1.0,1.0,0.7119612925316857,2021.10.11.02.57.41_veh-50_01028_01289,1.0,c8481105108b94bd05047545c0289c7efd13212fa82ab4b470dc3842c7cecd59,planner_dev1696_randommask,0.8799838718882024,ok,1.0,e70a9c0c51675ea1
1.0,1.0,1.0,1.0,2021.10.11.02.57.41_veh-50_01028_01289,1.0,60eec5abaf18154bffcc8ac2befd41e73cc4b48b7c81b01b8b67298405087d9b,planner_dev1696_randommask,1.0,ok,1.0,ea43967ed8ad5dc0
1.0,1.0,1.0,0.8145617165444715,2021.10.11.02.57.41_veh-50_01028_01289,1.0,ab5f18df33ea8f9a30ada8cb8afa985f98fd2d1d6ebf1b827fc479d9392f3b08,planner_dev1696_randommask,0.9227340485601965,ok,1.0,eb6e558901af58af
1.0,1.0,1.0,0.5374352186678495,2021.10.11.02.57.41_veh-50_01028_01289,1.0,25f2a15905f8bc8301c0bf197ce46a8dc9c0a9e26912e5671cdeeea7d5474809,planner_dev1696_randommask,0.8072646744449372,ok,1.0,ebca7e0c22b65deb
1.0,1.0,1.0,0.6881369449494837,2021.10.11.02.57.41_veh-50_01028_01289,1.0,b360901720dc1e73dd54c4f02187870dc57ddf32bf47214374999e5882cc9821,planner_dev1696_randommask,0.8700570603956183,ok,1.0,f295b9b2ee545520
1.0,1.0,1.0,0.9213044562294296,2021.10.11.02.57.41_veh-50_01028_01289,1.0,559455b68cec079622bd4691adfb8891558dd296695a0f761be8acee0061e30b,planner_dev1696_randommask,0.9672101900955957,ok,1.0,f6e7cfd22eaa5a4f
1.0,1.0,1.0,0.6952070341586319,2021.10.11.02.57.41_veh-50_01028_01289,1.0,502472593ea2b773ee69bc4841fcc44477493ca88607d5f29c275de07b86ff24,planner_dev1696_randommask,0.87300293089943,ok,1.0,f7d51773081653ac
1.0,1.0,1.0,0.6028006282413124,2021.10.11.02.57.41_veh-50_01028_01289,1.0,71e1ba0de2aa743d06bdd6709ea7656d2e5e8ceef94d62e3950507434efa8e5d,planner_dev1696_randommask,0.8345002617672135,ok,1.0,f83624d80fbf5b86
1.0,1.0,1.0,0.7616244506421092,2021.10.11.02.57.41_veh-50_02155_02265,1.0,964c646e3702910d81917ec6a78cbac9606042dd8570b991403dd16801f02ea8,planner_dev1696_randommask,0.9006768544342121,ok,1.0,00b3f7e6cbfc5fa0
1.0,1.0,1.0,0.7106001898878875,2021.10.11.02.57.41_veh-50_02155_02265,1.0,229e709379fe9ecbb6e64846d856bd0d6553d647b48a5d3bc11b3fcdce14448a,planner_dev1696_randommask,0.8794167457866199,ok,1.0,02be5e5257915894
1.0,1.0,1.0,0.7046013778722909,2021.10.11.02.57.41_veh-50_02155_02265,1.0,5f9198cda348a8692822fca47fe9aa22930d94affa0d9764f20bed800fbd3ccf,planner_dev1696_randommask,0.8769172407801212,ok,1.0,03eb9463e1685d1f
1.0,1.0,1.0,0.7001419985817612,2021.10.11.02.57.41_veh-50_02155_02265,1.0,2205decc34aa66838ed6c1405e1af5072391761672add3a0d895b4c851b67df3,planner_dev1696_randommask,0.8750591660757339,ok,1.0,0424e5fd9a5c5e60
1.0,1.0,1.0,0.7339126871785664,2021.10.11.02.57.41_veh-50_02155_02265,1.0,6f12afa2fa957cf2f42ab2fd198ba78f5eced762bf8f141b5bbae4c109992713,planner_dev1696_randommask,0.8891302863244027,ok,1.0,06cd8d997cfe5de6
1.0,1.0,1.0,0.7532387788582281,2021.10.11.02.57.41_veh-50_02155_02265,1.0,ef91ebe2ff19d539af2e0fcb867d582af6f59784cfadc383d279a02dcfc33f59,planner_dev1696_randommask,0.8971828245242617,ok,1.0,0746ca94fdc85420
1.0,1.0,1.0,0.7838844019167704,2021.10.11.02.57.41_veh-50_02155_02265,1.0,d6f2f5fea708449789689a5ef24acf993bcb3b0e7e89cc2665a81632782a2636,planner_dev1696_randommask,0.9099518341319878,ok,1.0,09d6aaf7636350e1
1.0,1.0,1.0,0.7330748761863269,2021.10.11.02.57.41_veh-50_02155_02265,1.0,507f4c9b5df06e1f8600301eda94b9ee83f80ca5b75cdef3d801ab7644c4314e,planner_dev1696_randommask,0.8887811984109696,ok,1.0,0dc2e306b4485579
1.0,1.0,1.0,0.6921436685418633,2021.10.11.02.57.41_veh-50_02155_02265,1.0,c12dbc114f5260eb68212f38029199a001e6574a043b3ed14b9482648f487f21,planner_dev1696_randommask,0.8717265285591097,ok,1.0,0ecbcba803ab54e0
1.0,1.0,1.0,0.6177902787847664,2021.10.11.02.57.41_veh-50_02155_02265,1.0,f3769bee9cd55686f86233509af23dd89aa6f17451176cc8a9ea4c1a2b03318f,planner_dev1696_randommask,0.8407459494936527,ok,1.0,102471e46a565fdf
1.0,1.0,1.0,0.7030811536852182,2021.10.11.02.57.41_veh-50_02155_02265,1.0,6414f4de76f57a74b1e92414ded7d07631419bb86d50a4fa3dc61208369009f6,planner_dev1696_randommask,0.8762838140355077,ok,1.0,14489b09baaa54e5
1.0,1.0,1.0,0.8453954829735376,2021.10.11.02.57.41_veh-50_02155_02265,1.0,14e056f8bc1c565b10f499fe4fe64c2580d666aa018d6689cc99c1b87b896a42,planner_dev1696_randommask,0.9355814512389741,ok,1.0,1543049980f15e78
1.0,1.0,1.0,0.7176922220308402,2021.10.11.02.57.41_veh-50_02155_02265,1.0,57b8d1e3861b0a020c0fe99235187f50deeadfd42a6d5c0603f8ecc0b6dd5300,planner_dev1696_randommask,0.8823717591795167,ok,1.0,154f87b0c0ca5624
1.0,1.0,1.0,0.8133886425021397,2021.10.11.02.57.41_veh-50_02155_02265,1.0,adc19e81cd90851c619c4d8dafb4b95e0eed3e2f0bf28d2faa84765ba67ca2be,planner_dev1696_randommask,0.9222452677092249,ok,1.0,17a899d822e75d16
1.0,1.0,1.0,0.6906842659914657,2021.10.11.02.57.41_veh-50_02155_02265,1.0,f85409f97887cbf6c6b53544db84a2f4166f7c0bfc7e8c3b7820f170c4809250,planner_dev1696_randommask,0.8711184441631108,ok,1.0,17bc4c6cc38959d0
1.0,1.0,1.0,0.6389586530368931,2021.10.11.02.57.41_veh-50_02155_02265,1.0,02e292174809647d8093beea4523bd0eec98ee0508535a76e4c55e873c64a8e0,planner_dev1696_randommask,0.8495661054320388,ok,1.0,180266e7ce035fca
1.0,1.0,1.0,0.6472971967099383,2021.10.11.02.57.41_veh-50_02155_02265,1.0,ccb13b769aeaa5b577f883b207eec3caa1ab5636317ed9ef3a684c78da9105fb,planner_dev1696_randommask,0.853040498629141,ok,1.0,205ef6aa1e4f54f4
1.0,1.0,1.0,0.7611464387425323,2021.10.11.02.57.41_veh-50_02155_02265,1.0,ee64959abd4b73c26379d0cd147a99ba37d7646e52ad9eb5a9f94899230e36e8,planner_dev1696_randommask,0.9004776828093884,ok,1.0,243375d424865825
1.0,1.0,1.0,0.7811147247782689,2021.10.11.02.57.41_veh-50_02155_02265,1.0,e51d1b1936d9d9abe3e6de18bf0fd75d8608ad52d8689f8a69dafeec1d89e766,planner_dev1696_randommask,0.9087978019909454,ok,1.0,25e8140e88165353
1.0,1.0,1.0,0.645531721223974,2021.10.11.02.57.41_veh-50_02155_02265,1.0,198a87fc8ddcc3c82118cd076f0269666654588f2f400cdc8b64c82927f0df2b,planner_dev1696_randommask,0.8523048838433226,ok,1.0,265d51badd8658b4
1.0,1.0,1.0,0.6687612011145763,2021.10.11.02.57.41_veh-50_02155_02265,1.0,1a0e7f671aca08f7150bd3bf948aaabab340322044d7894dbc00a0976703e913,planner_dev1696_randommask,0.8619838337977401,ok,1.0,28d90079bec557cf
1.0,1.0,1.0,0.7611442827826612,2021.10.11.02.57.41_veh-50_02155_02265,1.0,722d2f02468d25e2df5c52c7e037bf86a137076472207c25aebbff18be35ee0c,planner_dev1696_randommask,0.9004767844927755,ok,1.0,2a4f7a1a42b759a7
1.0,1.0,1.0,0.7034593340432094,2021.10.11.02.57.41_veh-50_02155_02265,1.0,1bf51c99f36899f15017592c4734dc438cbbc19c219ff2bbf2887e0fa659af22,planner_dev1696_randommask,0.8764413891846706,ok,1.0,2d4ac7e75090575c
1.0,1.0,1.0,0.7615253987969054,2021.10.11.02.57.41_veh-50_02155_02265,1.0,b5e512a8f54e8c4cc14708b8a8c28d80d6a74f444bcb505b6f4dad04d29d950a,planner_dev1696_randommask,0.9006355828320439,ok,1.0,2f81ef9b7def5cfb
1.0,1.0,1.0,0.7587294569062626,2021.10.11.02.57.41_veh-50_02155_02265,1.0,ddb1f14e53eacf864bea32b796503701f671b84e44b03f74bc0215f6db6133df,planner_dev1696_randommask,0.8994706070442762,ok,1.0,329975be260c50b7
1.0,1.0,1.0,0.6998876869901053,2021.10.11.02.57.41_veh-50_02155_02265,1.0,b3c6b8a1a2e5d8510835ce4c53594145f1669aa8911bfc98a7c17fa067f8dafb,planner_dev1696_randommask,0.8749532029125439,ok,1.0,33365d03e762561c
1.0,0.0,1.0,0.0,2021.10.11.02.57.41_veh-50_02155_02265,1.0,92f91b12ac338268bb097318a0e4dbe4bc68958b84be6f36bcd39d23f70e39b7,planner_dev1696_randommask,0.0,ok,1.0,35f9bb7297745ff8
1.0,1.0,1.0,0.6955222387695045,2021.10.11.02.57.41_veh-50_02155_02265,1.0,8f671f27133d849aed78ea47114f9afcbf34d262a83b8af5ad6072ca24c68b69,planner_dev1696_randommask,0.8731342661539602,ok,1.0,37b87186b6bd5777
1.0,1.0,1.0,0.6782710039827855,2021.10.11.02.57.41_veh-50_02155_02265,1.0,7c407ecd76e8b2d74decfdd886ec7e1a92d9096a3a3f82e9f91471645504aac1,planner_dev1696_randommask,0.8659462516594939,ok,1.0,3998d00b80c55db4
1.0,1.0,1.0,0.7494210389646742,2021.10.11.02.57.41_veh-50_02155_02265,1.0,fbc3edec6e56ca269690f2d7d8a5f48cbd5be60adfea24df01cc3952a89d74f6,planner_dev1696_randommask,0.8955920995686143,ok,1.0,3a95ca3177bc57f0
1.0,1.0,1.0,0.6047934644817969,2021.10.11.02.57.41_veh-50_02155_02265,1.0,01256960900ccbf74959cde73a6fabc27495f0ec37cf8877ae5f057bd03c7c2f,planner_dev1696_randommask,0.8353306102007488,ok,1.0,3f89da0001805a55
1.0,1.0,1.0,0.6820200687491107,2021.10.11.02.57.41_veh-50_02155_02265,1.0,9f2501496fe2e84eaea217912fd6b4d82b464fcfab88af387188001e8af29b62,planner_dev1696_randommask,0.8675083619787962,ok,1.0,3ff65804fed251f6
1.0,1.0,1.0,1.0,2021.10.11.02.57.41_veh-50_02155_02265,1.0,5c7afc430388fe0a9ed9f0b3eb7d690d0a43ca08c4497b13cf3e2850e4de3c07,planner_dev1696_randommask,1.0,ok,1.0,400ad97140e45645
1.0,1.0,1.0,0.7734427029930042,2021.10.11.02.57.41_veh-50_02155_02265,1.0,228fb98015ac15ec8e7ecc0eb7479a988d88c0fb9e53816474f1fdc0300a4ef7,planner_dev1696_randommask,0.9056011262470851,ok,1.0,4209beddef055db5
1.0,1.0,1.0,0.7518881829116266,2021.10.11.02.57.41_veh-50_02155_02265,1.0,d571d78083fa38ef96543ddbdc556cad0fd069bfa8c525f507b8309acd2226fb,planner_dev1696_randommask,0.8966200762131779,ok,1.0,4447336863e85fee
1.0,1.0,1.0,0.6896066743039627,2021.10.11.02.57.41_veh-50_02155_02265,1.0,1884a029db334c63cb0fff4f7b6bfb76852159fb7fb7eac74460c1916889f9f4,planner_dev1696_randommask,0.8706694476266511,ok,1.0,45141a99f80a5ca4
1.0,1.0,1.0,0.6793950868573239,2021.10.11.02.57.41_veh-50_02155_02265,1.0,9846222d03b20b4db310f17962a4d5450dc20a84f6fded4078d6bd84f8739137,planner_dev1696_randommask,0.866414619523885,ok,1.0,4b8081ab8642513d
1.0,1.0,1.0,0.6244196211085979,2021.10.11.02.57.41_veh-50_02155_02265,1.0,bbf42201dd728054d66d910edfe43231bc5a8985a6a0f2fbad9fa79074a659b8,planner_dev1696_randommask,0.8435081754619157,ok,1.0,4d492375c1705fc3
1.0,1.0,1.0,0.692461827726346,2021.10.11.02.57.41_veh-50_02155_02265,1.0,23118739107d2288acd61021aef16dea005aee20732ff4d14e7cd9d808b95c56,planner_dev1696_randommask,0.8718590948859775,ok,1.0,4d4d6e694a7f5712
1.0,1.0,1.0,0.6728810266849949,2021.10.11.02.57.41_veh-50_02155_02265,1.0,401762434500f7b9dc1d306e80ff0af81733483217e120f3ec3edf8e1a9bd063,planner_dev1696_randommask,0.8637004277854144,ok,1.0,52c34d4f01925f11
1.0,1.0,1.0,0.7353859599078864,2021.10.11.02.57.41_veh-50_02155_02265,1.0,239e11e8db38ae1f3fb8ac65d0fb7efe63828adcad53c5a6e2e4d9359b44e346,planner_dev1696_randommask,0.8897441499616193,ok,1.0,551a93bd32f95ef1
1.0,1.0,1.0,0.7061004029855792,2021.10.11.02.57.41_veh-50_02155_02265,1.0,93d2fa68275247fed3942c7cbe9294e7b52d73dd4a14c6aa7d19c7cce59e5390,planner_dev1696_randommask,0.8775418345773246,ok,1.0,559a7a5262b355c3
1.0,1.0,1.0,0.5521622770246908,2021.10.11.02.57.41_veh-50_02155_02265,1.0,23e0b3c1a2eada7ffdbaef9b508fc07174f59ab26fa34380d17eec170550001b,planner_dev1696_randommask,0.8134009487602878,ok,1.0,57f67c6a726a5dd2
1.0,1.0,1.0,0.7565171972850858,2021.10.11.02.57.41_veh-50_02155_02265,1.0,9b69229b8597e4406c7b084ef5d1e8f1874d79414358cd2195276dba5834743e,planner_dev1696_randommask,0.8985488322021191,ok,1.0,58bfaccfd1865d81
1.0,1.0,1.0,0.7674721365757322,2021.10.11.02.57.41_veh-50_02155_02265,1.0,9b458f571f180e2190ae256a56dac1d0b3028babfa47462cb9cf66c41c8ae2c2,planner_dev1696_randommask,0.9031133902398883,ok,1.0,5bf6deabdf1355a1
1.0,1.0,1.0,0.7129631420159728,2021.10.11.02.57.41_veh-50_02155_02265,1.0,c1bd4f9bca001ac18570f0a09dfd807484504b72c8cdd9a3ce4b00a5e3f87229,planner_dev1696_randommask,0.8804013091733219,ok,1.0,6bd9815c03125877
1.0,1.0,1.0,0.6873896585465614,2021.10.11.02.57.41_veh-50_02155_02265,1.0,f4a77ffb40d2157508a20931299e045fea6042eac56bae523c2f9b3788614460,planner_dev1696_randommask,0.8697456910610674,ok,1.0,6c00f7eb11a35083
1.0,1.0,1.0,0.5634813571231753,2021.10.11.02.57.41_veh-50_02155_02265,1.0,1744769e67e8a78dd75a8ddba255070fdf74306922085ad38c19b3f8c92beddb,planner_dev1696_randommask,0.8181172321346564,ok,1.0,6ce1ef9b8d515884
1.0,1.0,1.0,0.7536308511815606,2021.10.11.02.57.41_veh-50_02155_02265,1.0,e18efb29154df4c9a96042ab97b513d446224439ae161138c547ec8516705a03,planner_dev1696_randommask,0.8973461879923169,ok,1.0,73fc68b82f045907
1.0,1.0,1.0,0.736420778827515,2021.10.11.02.57.41_veh-50_02155_02265,1.0,ca9c6393936fa7fa811077cc30ded6d03e87b7f8dc3620d67d026fedc3c393cb,planner_dev1696_randommask,0.8901753245114646,ok,1.0,75c6224df9b25b6d
1.0,1.0,1.0,0.7379640686289927,2021.10.11.02.57.41_veh-50_02155_02265,1.0,a53a87ceb1711d341cdd9ec42352634d3c62d2949f9812e1b6f6fdc2b80712c9,planner_dev1696_randommask,0.8908183619287469,ok,1.0,7768af5461fb5dab
1.0,1.0,1.0,0.7566432084171122,2021.10.11.02.57.41_veh-50_02155_02265,1.0,8eabec1e53eb47cbac1694c338be0707938e0a16b5c6a6e141435d331329818a,planner_dev1696_randommask,0.8986013368404634,ok,1.0,790e1bf672715bf1
1.0,1.0,1.0,0.7234246615235028,2021.10.11.02.57.41_veh-50_02155_02265,1.0,11f0841ad1ebc50e68ed597aef95f41b988fbb672e9eeb660aff02280862824b,planner_dev1696_randommask,0.8847602756347929,ok,1.0,790f41b0bd3f51ea
1.0,1.0,1.0,0.659341207207678,2021.10.11.02.57.41_veh-50_02155_02265,1.0,c55aee666629343bdd1704f93155f5def900f0a0f8f298917e74f76023076848,planner_dev1696_randommask,0.8580588363365326,ok,1.0,7c1389a3e4a55975
1.0,0.0,1.0,0.0,2021.10.11.02.57.41_veh-50_02155_02265,1.0,1a4e7d35a23540a87f48b9d6ce9f5edb921f3c927dea85e42135ff2973552d6b,planner_dev1696_randommask,0.0,ok,1.0,7f8f1f6b90575d91
1.0,1.0,1.0,0.5762937939698454,2021.10.11.02.57.41_veh-50_02155_02265,1.0,caaf078dfaff788b345e80f44f14d2d49c8d75057ac54c33dc3e406a87f5be90,planner_dev1696_randommask,0.8234557474874356,ok,1.0,8002902e2efe5c94
1.0,1.0,1.0,0.6275728965706087,2021.10.11.02.57.41_veh-50_02155_02265,1.0,88e0c224dc3cbee9e63fec91d880e18264eb42119a3c8787fe9c93a706587633,planner_dev1696_randommask,0.8448220402377536,ok,1.0,807c9c96f42c597d
1.0,1.0,1.0,0.7189429846633374,2021.10.11.02.57.41_veh-50_02155_02265,1.0,e24dc515ce938fd78ac14ef1e57f7076839babe6bcf551e6830f08f58ea55f5e,planner_dev1696_randommask,0.8828929102763906,ok,1.0,83cbc1063ce1591d
1.0,1.0,1.0,0.6869554001848723,2021.10.11.02.57.41_veh-50_02155_02265,1.0,57204ec0c9ff436fa3b176fd37f86157168c23b99874ebf86f40ab7dd9375c0c,planner_dev1696_randommask,0.8695647500770302,ok,1.0,83dc2afeb98950a4
1.0,1.0,1.0,0.7005053983195717,2021.10.11.02.57.41_veh-50_02155_02265,1.0,970e7e31766e999010c9f353d6195cac00d384ce712d872be6261096bd369fd0,planner_dev1696_randommask,0.8752105826331548,ok,1.0,86a9ef645f195f81
1.0,1.0,1.0,0.7386901010657778,2021.10.11.02.57.41_veh-50_02155_02265,1.0,420768790874e50032a298161ffd6bfa9bd805b7d6e28c90796741eb3a328c59,planner_dev1696_randommask,0.8911208754440741,ok,1.0,8708f5ee85ca50b1
1.0,1.0,1.0,0.5989986026353403,2021.10.11.02.57.41_veh-50_02155_02265,1.0,885f21cbeea9f2178865e81415f08ecdda4b12cc0e2c4bdb5bdde31ee87b0a86,planner_dev1696_randommask,0.8329160844313918,ok,1.0,8e5a6cdce75d50dd
1.0,1.0,1.0,0.5326856475796509,2021.10.11.02.57.41_veh-50_02155_02265,1.0,fcf738cb2d2e435d9985408bc531edbf77065efab301b62d2011c73185268d13,planner_dev1696_randommask,0.8052856864915213,ok,1.0,92f1b2f9782b5ab2
1.0,1.0,1.0,0.6976546514301587,2021.10.11.02.57.41_veh-50_02155_02265,1.0,9b2a81a5c57fc2fa8c8fae5fd6aef1c90901e8cea7db5fed3aa7eb28b97eb670,planner_dev1696_randommask,0.8740227714292329,ok,1.0,9608c9c656695dd6
1.0,1.0,1.0,0.7897386595593768,2021.10.11.02.57.41_veh-50_02155_02265,1.0,35debfe080e3ab2d3560fa2cec25c8af4ef0ee143bd498a90f0004d6b308db69,planner_dev1696_randommask,0.9123911081497403,ok,1.0,994cdcf16f475b72
1.0,1.0,1.0,0.7739100767981131,2021.10.11.02.57.41_veh-50_02155_02265,1.0,6264986a23dccdb24ffdf08a1158b8f3f2f7bcfc927f1fb1b632d8ffb605dc48,planner_dev1696_randommask,0.9057958653325472,ok,1.0,9a5fc2035a655005
1.0,1.0,1.0,0.6855988765674378,2021.10.11.02.57.41_veh-50_02155_02265,1.0,5b0e976a6e9b6e0f72d680fa0272727443e33486015ff0143adf71db282eeb20,planner_dev1696_randommask,0.8689995319030991,ok,1.0,9aeb31473be659b4
1.0,1.0,1.0,0.7325673731400102,2021.10.11.02.57.41_veh-50_02155_02265,1.0,e7d8b176437fc265cfcd045b659590102e5dcf1e2af928b1f6a1b1c1f2523a56,planner_dev1696_randommask,0.8885697388083376,ok,1.0,9be9272eca74587d
1.0,1.0,1.0,0.672932288608218,2021.10.11.02.57.41_veh-50_02155_02265,1.0,83ee6c1765823eb2c7f3df56ff29212dcc7d04301df4d2d0600644700eae68dd,planner_dev1696_randommask,0.8637217869200908,ok,1.0,a0757b8313a15615
1.0,1.0,1.0,0.6667842519486795,2021.10.11.02.57.41_veh-50_02155_02265,1.0,9cdb3f8c5cd65dbe62aa28981abf083414ce3b4f4cc6bb780e1e2419c82f11e1,planner_dev1696_randommask,0.8611601049786165,ok,1.0,a1e1af9908e45556
1.0,1.0,1.0,0.7703654179823651,2021.10.11.02.57.41_veh-50_02155_02265,1.0,dcb38cdb30067d9bfd95bc1871c04cf1f0c0f35ca6a5e8fbd22e4d3b913bec9e,planner_dev1696_randommask,0.9043189241593188,ok,1.0,a47149d13d5a5b74
1.0,1.0,1.0,0.6454925552664258,2021.10.11.02.57.41_veh-50_02155_02265,1.0,f6c71fd894e7723a85a24dbd176693c3993450cd4af2a60b1f8c6d814abe0181,planner_dev1696_randommask,0.852288564694344,ok,1.0,a60f2627cee15fd4
1.0,1.0,1.0,0.5762062541960421,2021.10.11.02.57.41_veh-50_02155_02265,1.0,bc98d64cce2502a12e736f7e734358c6ba1f1ceaec9520e99e836de77cfc29f4,planner_dev1696_randommask,0.8234192725816842,ok,1.0,a614f0e213bc5b3c
1.0,1.0,1.0,0.7649861268941182,2021.10.11.02.57.41_veh-50_02155_02265,1.0,139f1f38243808d1053dd7ebbcd6ee303a0759d6f0b0e2f1119cc944bef20812,planner_dev1696_randommask,0.9020775528725492,ok,1.0,a99fef2dc48459b8
1.0,1.0,1.0,0.7306234018364361,2021.10.11.02.57.41_veh-50_02155_02265,1.0,86c04c6f3540b0533a4e45fa4f9e950a152468238299320260653c7ab46be602,planner_dev1696_randommask,0.8877597507651817,ok,1.0,aa8326c244e85a40
1.0,1.0,1.0,0.697381690313388,2021.10.11.02.57.41_veh-50_02155_02265,1.0,6e6d0a74dc9e0d6439757b6b81f2838855224280a8e81440a831d2625ae5b89e,planner_dev1696_randommask,0.8739090376305784,ok,1.0,ab53984253715cdd
1.0,1.0,1.0,0.6926778087941903,2021.10.11.02.57.41_veh-50_02155_02265,1.0,94c242a9a4e5068a3e6de5ca8158a5c3da7412a9e019f20590ac971949d07b22,planner_dev1696_randommask,0.8719490869975793,ok,1.0,ae1ce6b276645fd1
1.0,1.0,1.0,0.7489087400103792,2021.10.11.02.57.41_veh-50_02155_02265,1.0,534986deddeec3f2aadaee17ca398f90007ae46c0eb1f82c1afe714893f34bba,planner_dev1696_randommask,0.8953786416709913,ok,1.0,af5340a6db3a56dc
1.0,1.0,1.0,0.7008044126571877,2021.10.11.02.57.41_veh-50_02155_02265,1.0,fa94a2530d63fcb7b02f493fc34a80f2555479f5bbdc513106ec2fc4c8b93a56,planner_dev1696_randommask,0.8753351719404949,ok,1.0,b042f8b582f453d8
1.0,1.0,1.0,0.7486227227784386,2021.10.11.02.57.41_veh-50_02155_02265,1.0,4d43899234d1da5f931936062266ca75234a4a6d195aaf17cd107beda7ce326e,planner_dev1696_randommask,0.8952594678243494,ok,1.0,b0ab79add8315a10
1.0,1.0,1.0,0.7094144633190435,2021.10.11.02.57.41_veh-50_02155_02265,1.0,f14d85d93dede60a4a9545c2ac3f614742da29c5e71d77264deb5cf123d2f332,planner_dev1696_randommask,0.8789226930496015,ok,1.0,b2b97b044f3d52f5
1.0,1.0,1.0,0.8449084407728269,2021.10.11.02.57.41_veh-50_02155_02265,1.0,7ad547d2f7bb66343dbfd55c2c15279958124f62514181e464036b90c333ea05,planner_dev1696_randommask,0.9353785169886778,ok,1.0,b434729c2a2154c3
1.0,1.0,1.0,0.7581251247165889,2021.10.11.02.57.41_veh-50_02155_02265,1.0,c0ced5f71a50c32cd3eb77d42b60d17e9064b8dd0e1251727c23f809b17a7c9a,planner_dev1696_randommask,0.8992188019652453,ok,1.0,b63e45593b79588a
1.0,1.0,1.0,0.6538699004154251,2021.10.11.02.57.41_veh-50_02155_02265,1.0,9711f05e8dd081894c43dc7454c4f31b73fe65b42d431b8c4d9fe100f1a666ca,planner_dev1696_randommask,0.8557791251730938,ok,1.0,b92d3260427a573d
1.0,1.0,1.0,0.7493917762233921,2021.10.11.02.57.41_veh-50_02155_02265,1.0,981cde03fa77f416886368b078b2eb379819ce51eeb6cf0dc48452aae85b173f,planner_dev1696_randommask,0.8955799067597466,ok,1.0,b94a09f5d1b550ea
1.0,1.0,1.0,0.790792821404014,2021.10.11.02.57.41_veh-50_02155_02265,1.0,0f01357fab55e7ee6206b4d973e4ca4b752b6d90ad36002e6bf6e82fd0322777,planner_dev1696_randommask,0.9128303422516725,ok,1.0,baf2dbf6552f5de4
1.0,1.0,1.0,0.7052526763648101,2021.10.11.02.57.41_veh-50_02155_02265,1.0,9d13880cdc7565f0128a4b1bccb0af1dab6a3add0485f3b0e500b94635b2354b,planner_dev1696_randommask,0.8771886151520043,ok,1.0,bbf94133c5e75ca5
1.0,1.0,1.0,0.7479797390842102,2021.10.11.02.57.41_veh-50_02155_02265,1.0,2c425e9f6609e2506dff4ec93f29b7b3136980275ea12235ca3a90f6306c9dd1,planner_dev1696_randommask,0.8949915579517542,ok,1.0,c13bf60d0e065292
1.0,1.0,1.0,0.6573169717024634,2021.10.11.02.57.41_veh-50_02155_02265,1.0,4a481de97b15e717e598fadd56f963d58ade66177719828456f0e5f338735d69,planner_dev1696_randommask,0.8572154048760264,ok,1.0,cc8b959e3fcb5079
1.0,1.0,1.0,0.7725597840260972,2021.10.11.02.57.41_veh-50_02155_02265,1.0,911fa3c7b2b27d386e7f7d9e78f3e552180ced5258e343d5e14891a74e95c70d,planner_dev1696_randommask,0.9052332433442071,ok,1.0,ccace872c29a5f29
1.0,1.0,1.0,0.6268073354254494,2021.10.11.02.57.41_veh-50_02155_02265,1.0,d625d7154dad6e82088943111cf968eaa938ca717e8260751b22d63083cfcf79,planner_dev1696_randommask,0.8445030564272705,ok,1.0,cdbb81fdded65262
1.0,1.0,1.0,0.6488482356369805,2021.10.11.02.57.41_veh-50_02155_02265,1.0,fc739b245fd29289819163683c5a701d15c5ebc6f597b650bfb854324f41b7e0,planner_dev1696_randommask,0.8536867648487418,ok,1.0,ce2ce7fb20ef570c
1.0,1.0,1.0,0.7429322451163082,2021.10.11.02.57.41_veh-50_02155_02265,1.0,4409a8fd24c1766959c218acd08bb937d8e5c431238e405bc7794a476c0799c1,planner_dev1696_randommask,0.8928884354651284,ok,1.0,d06c2bb897f05b5c
1.0,1.0,1.0,0.7202597203675073,2021.10.11.02.57.41_veh-50_02155_02265,1.0,8f2c8c15cb5994a04ee90ec3a753ee987c28602822f601ded1508ef59ba0e678,planner_dev1696_randommask,0.883441550153128,ok,1.0,d2b44693e1fe5019
1.0,1.0,1.0,0.7235828008100255,2021.10.11.02.57.41_veh-50_02155_02265,1.0,5f4e4dd8d6302396d06dc41b926b15662c92c3b97224814a796ee795cf5f60e8,planner_dev1696_randommask,0.8848261670041774,ok,1.0,d3229ec0bd73520c
1.0,1.0,1.0,0.6497049125492956,2021.10.11.02.57.41_veh-50_02155_02265,1.0,1b4f77b0623fb83af927512d9b22510f0f690147cd45955af08a69175b095181,planner_dev1696_randommask,0.8540437135622065,ok,1.0,d728b2624f4055ea
1.0,1.0,1.0,0.6999204802637653,2021.10.11.02.57.41_veh-50_02155_02265,1.0,3aa85d43d7a4820d1216f8890a4ad04980743c0b3d965b23b3f8bb662a52ef49,planner_dev1696_randommask,0.8749668667765689,ok,1.0,d8e282ed6cff5dac
1.0,1.0,1.0,0.6596330243641342,2021.10.11.02.57.41_veh-50_02155_02265,1.0,8bafd0a65c56c9e674dae18e1e7b1f25a9a7124cf571f93fd5f7ec94bba272df,planner_dev1696_randommask,0.8581804268183891,ok,1.0,da378bcae7675636
1.0,1.0,1.0,0.6946472263765858,2021.10.11.02.57.41_veh-50_02155_02265,1.0,588264dbe0546471b0f6fafc880c3040aa18447a01d96e33d5a1d16310aab152,planner_dev1696_randommask,0.8727696776569108,ok,1.0,dc7ec70fa4d050be
1.0,1.0,1.0,0.7525509180152058,2021.10.11.02.57.41_veh-50_02155_02265,1.0,f6ea5e699211aafaf5a3c29a967fcfa4181c00090f01c136b4d55ec2112fd8e1,planner_dev1696_randommask,0.896896215839669,ok,1.0,de72514102555fab
1.0,1.0,1.0,0.7648767563318388,2021.10.11.02.57.41_veh-50_02155_02265,1.0,c1974bcc93e7691c0f2372090bc4b2efbd569ded15a6696403f15c14673475ce,planner_dev1696_randommask,0.9020319818049328,ok,1.0,dee420665f2d5ee5
1.0,1.0,1.0,0.6156477191245636,2021.10.11.02.57.41_veh-50_02155_02265,1.0,58353962b00454853bedf7c35c81db26ecb4dae7f2c4c177ee73b2b5a209f58f,planner_dev1696_randommask,0.8398532163019015,ok,1.0,e2898986047c5b29
1.0,1.0,1.0,0.7057050531541529,2021.10.11.02.57.41_veh-50_02155_02265,1.0,007c63162451b4deea3f4091aea2f6b87daa149e167afbe3b6f60480701c99a1,planner_dev1696_randommask,0.877377105480897,ok,1.0,e2f005a68443572a
1.0,1.0,1.0,0.7208707911597403,2021.10.11.02.57.41_veh-50_02155_02265,1.0,62083a0a3df5a1d10270673973b549119664a7b0f84327356240e8a912031e30,planner_dev1696_randommask,0.8836961629832251,ok,1.0,e69baaae152259ad
1.0,1.0,1.0,0.7053291803429448,2021.10.11.02.57.41_veh-50_02155_02265,1.0,0a3106dadbe505f987eed130617c92f59f335275213a58da7f2d3bd170cf9829,planner_dev1696_randommask,0.8772204918095604,ok,1.0,e6fa8db6e41a5139
1.0,1.0,1.0,0.7773655524549568,2021.10.11.02.57.41_veh-50_02155_02265,1.0,8ed8d95182d8a583c9b2761183abdb5c85275d15adc286d768d29d6578ab9f8b,planner_dev1696_randommask,0.907235646856232,ok,1.0,e8289b430daa5695
1.0,1.0,1.0,0.693636747105256,2021.10.11.02.57.41_veh-50_02155_02265,1.0,12686528f36cbd84ebf67c30f517e65c46581d90df85d469d10232485d56dae2,planner_dev1696_randommask,0.87234864462719,ok,1.0,ebe11a6789745477
1.0,1.0,1.0,0.5952643201049101,2021.10.11.02.57.41_veh-50_02155_02265,1.0,0b17a214b45492d8bdf47248245ece06b0b1c0527db8133ed5634c51a1271ea2,planner_dev1696_randommask,0.8313601333770458,ok,1.0,ecd1986832c7521a
1.0,1.0,1.0,0.5877007104999645,2021.10.11.02.57.41_veh-50_02155_02265,1.0,478e6178f82363e542acdb27ae3189945bc0cac051877685beb998334b05b919,planner_dev1696_randommask,0.8282086293749852,ok,1.0,f09b140e2fc05b0a
1.0,1.0,1.0,0.7528710859770099,2021.10.11.02.57.41_veh-50_02155_02265,1.0,d18aec888d55e2f450c5f6928783cfb3d37e0d49c5453420cfd0cd6899d8d27f,planner_dev1696_randommask,0.8970296191570876,ok,1.0,f46d7a713a035a80
1.0,1.0,1.0,0.7139938411071821,2021.10.11.02.57.41_veh-50_02155_02265,1.0,3c1e98bd71970d68f10f3af99af072c24e49ae9a1d98db613f2acdcae5b4934c,planner_dev1696_randommask,0.8808307671279926,ok,1.0,f93dafb45c965ab2
1.0,1.0,1.0,0.5658223694486443,2021.10.11.02.57.41_veh-50_02155_02265,1.0,69ee3b3f54be3e2d9c3d71f1e1a8ea57a8337b8f66e92b8bfdc79ccf3788a3cd,planner_dev1696_randommask,0.8190926539369352,ok,1.0,fb2dd85945315007
1.0,1.0,1.0,0.760801481795203,2021.10.11.02.57.41_veh-50_02155_02265,1.0,0df7ba292feff70e1742f91cf67888ddc08cbbaeb9db441a3dbb4502c6898d5a,planner_dev1696_randommask,0.9003339507480014,ok,1.0,fb50a35ed72b5a18
1.0,1.0,1.0,0.7785749088513256,2021.10.11.02.57.41_veh-50_02155_02265,1.0,ecaf8688806c670469a84ce0de861e6b7943236889f2172a8f83c8656e39135f,planner_dev1696_randommask,0.907739545354719,ok,1.0,fbb2aa2813125b32
1.0,1.0,1.0,0.6638228013516112,2021.10.11.02.57.41_veh-50_02155_02265,1.0,0656b9aa4aea3323e31e7711e6e45dffb1e69dc0fdb1c2a2212caab8475169cf,planner_dev1696_randommask,0.8599261672298381,ok,1.0,fbde637d36f557c2
1.0,1.0,1.0,0.5550557395275141,2021.10.11.02.57.41_veh-50_02155_02265,1.0,9b29ad07152dcd9d5bec60b1e63d9373a0932a78b4484a1bbb379ca91ca280d0,planner_dev1696_randommask,0.8146065581364642,ok,1.0,fdfec9ef7201528e
1.0,1.0,1.0,0.7456706244861927,2021.10.11.02.57.41_veh-50_02155_02265,1.0,8c09680ca4baf4ee892e613638cdee63d4ed15be0b3511d03ba618151aab8d18,planner_dev1696_randommask,0.8940294268692469,ok,1.0,ff31fde84ea55ab8
1.0,1.0,1.0,0.7650546032508979,2021.08.31.14.01.15_veh-40_01576_01714,1.0,2177def4a93042984e24522666e17e2cb24a179b6cab9b157e286a7f71ef48e4,planner_dev1696_randommask,0.902106084687874,ok,1.0,00839bb43eed5f3e
1.0,1.0,1.0,0.6877323162159814,2021.08.31.14.01.15_veh-40_01576_01714,1.0,b3b463cd296e5d8cde3d083346e519dbe922931a5dda0555bb8282464e45c8b6,planner_dev1696_randommask,0.8698884650899923,ok,1.0,0244b29e92175c74
1.0,1.0,1.0,0.7650180027295261,2021.08.31.14.01.15_veh-40_01576_01714,1.0,11332fe654c01e4201006c61b638b681ce943fdf94d5883b3cb5406c6d96b580,planner_dev1696_randommask,0.902090834470636,ok,1.0,12af90c2b8b6512e
1.0,1.0,1.0,1.0,2021.08.31.14.01.15_veh-40_01576_01714,1.0,271c8a3bb9d34bf9ec2c7def9505b5776c065427f79a932d7aca978e53a04f11,planner_dev1696_randommask,1.0,ok,1.0,1c59013d80ab5ac4
1.0,1.0,1.0,0.9435161174168123,2021.08.31.14.01.15_veh-40_01576_01714,1.0,c54a98e49a37a162eb1cc3c815aebcf25b3b609176a93177de14814b128e1c24,planner_dev1696_randommask,0.9764650489236718,ok,1.0,219dd3cdd7fd594b
1.0,1.0,1.0,0.8146703415574016,2021.08.31.14.01.15_veh-40_01576_01714,1.0,31bc54027d5ad19e540c2a57db377836ea52e0b2ba4213655278a2b6af570fcf,planner_dev1696_randommask,0.9227793089822507,ok,1.0,28b2841dfc80526b
1.0,1.0,1.0,0.8398052052737289,2021.08.31.14.01.15_veh-40_01576_01714,1.0,079e5c3f7d1153dff2b894229445ce6050506cdd3ae075c100ac9a3067f5e479,planner_dev1696_randommask,0.9332521688640538,ok,1.0,2ae099469caa5693
1.0,1.0,1.0,0.817918026508299,2021.08.31.14.01.15_veh-40_01576_01714,1.0,8c6645f5b3b1a7daccfc32e6488a78c1035c3005fc1eae4985ec833205c2e5df,planner_dev1696_randommask,0.9241325110451246,ok,1.0,2deba0b0afad5472
1.0,1.0,1.0,0.804959316021735,2021.08.31.14.01.15_veh-40_01576_01714,1.0,b3a16eea56dc7f107b602a819e1b5b7488af2baff07086f7108bf8cd9c2ad0af,planner_dev1696_randommask,0.9187330483423896,ok,1.0,5007e9f5013b5580
1.0,1.0,1.0,1.0,2021.08.31.14.01.15_veh-40_01576_01714,1.0,04b2665d48bde2a7e36a47636875f2ad8903349a38db37d18e47ead116a3bad8,planner_dev1696_randommask,1.0,ok,1.0,57ee8b6bcf335177
1.0,1.0,1.0,0.93244069897095,2021.08.31.14.01.15_veh-40_01576_01714,1.0,086cfae7be00ddc09c366066ebd5c9d189aa964495992082d8bcb0caa382d1c6,planner_dev1696_randommask,0.9718502912378959,ok,1.0,5b03bd8400375f7e
1.0,1.0,1.0,0.8977984196369884,2021.08.31.14.01.15_veh-40_01576_01714,1.0,d77b1f4f5f2a685301791fd1707f50ec33c6d93e8873a724434088a0fb1d0377,planner_dev1696_randommask,0.9574160081820784,ok,1.0,5c62daecead15772
1.0,1.0,1.0,0.7922135847079079,2021.08.31.14.01.15_veh-40_01576_01714,1.0,32893ad5ba422665e8119401ac9de8cde8866e6c6800ce09325914191c2a00e5,planner_dev1696_randommask,0.9134223269616283,ok,1.0,5d5971cc468954e3
1.0,1.0,1.0,0.8129024291087676,2021.08.31.14.01.15_veh-40_01576_01714,1.0,6c196394c49d980b82f5c240bb9dc4d77efd9bbd62a421c8177f5b381a726d79,planner_dev1696_randommask,0.9220426787953198,ok,1.0,66d20874271b558f
1.0,1.0,1.0,1.0,2021.08.31.14.01.15_veh-40_01576_01714,1.0,440cfc9d2abea0dd99b244bf6ee3478d79ef392b41cd0a3203a0a461fd781477,planner_dev1696_randommask,1.0,ok,1.0,7020151396535655
1.0,1.0,1.0,1.0,2021.08.31.14.01.15_veh-40_01576_01714,1.0,7d9933066fb60160eba608438fc774e2fb789b806a8ba329438fc797e9747696,planner_dev1696_randommask,1.0,ok,1.0,7372d89535355cb2
1.0,1.0,1.0,0.9589319881308994,2021.08.31.14.01.15_veh-40_01576_01714,1.0,6c230ba2490faadc137a17d9a1ca9b6c07865173b95bcc9c022df12cd9338460,planner_dev1696_randommask,0.9828883283878748,ok,1.0,7d045ced792f563a
1.0,1.0,1.0,0.9248897109054536,2021.08.31.14.01.15_veh-40_01576_01714,1.0,0326c973c1a24b5a0c314cf34dd09f77134d020877bf42e789d4b45b32053119,planner_dev1696_randommask,0.9687040462106057,ok,1.0,7e1afa248931544e
1.0,1.0,1.0,1.0,2021.08.31.14.01.15_veh-40_01576_01714,1.0,d57e8a0a7115d19995c45e2133b524e43a5cb7a90db3d2d345abdcc59f9edac7,planner_dev1696_randommask,1.0,ok,1.0,872380f71a9f5c73
1.0,1.0,1.0,0.8282686469553491,2021.08.31.14.01.15_veh-40_01576_01714,1.0,6f111203d6fffaed6afab18a2e8a7428f406e6f5b6b972c9df3d98dca70acacc,planner_dev1696_randommask,0.9284452695647287,ok,1.0,8935f0d3af6b51fd
1.0,1.0,1.0,0.9148201811309103,2021.08.31.14.01.15_veh-40_01576_01714,1.0,b1621dc08102874cf6b1464afa3d6d0f3f67f44fd8a0dd26b59e35c29072aa41,planner_dev1696_randommask,0.964508408804546,ok,1.0,8a9a5ab59dcd51d7
1.0,1.0,1.0,1.0,2021.08.31.14.01.15_veh-40_01576_01714,1.0,e0c94df199b4e90f6cab1c2f22c6edc10722879447f0efeb6eedecd1b85cc588,planner_dev1696_randommask,1.0,ok,1.0,90f98ca1978a5457
1.0,1.0,1.0,0.5678734209264821,2021.08.31.14.01.15_veh-40_01576_01714,1.0,0b69359ecc57624118f7ec07c370d10620321c06b48db99838f06a2c91db83bf,planner_dev1696_randommask,0.8199472587193676,ok,1.0,9bbdf96591265339
1.0,1.0,1.0,1.0,2021.08.31.14.01.15_veh-40_01576_01714,1.0,72f74f2ec44d4f425fbadde292019ff2b62e6423f32b6cd9d920fdcf20f56c09,planner_dev1696_randommask,1.0,ok,1.0,a661c633fa3e5a59
1.0,1.0,1.0,0.8428450337180312,2021.08.31.14.01.15_veh-40_01576_01714,1.0,9867f40ce7f9ff3bf945a60544138afcfd27f2a8c8709a4488613c54ed05fc24,planner_dev1696_randommask,0.9345187640491797,ok,1.0,a92a5c623e9a5906
1.0,1.0,1.0,0.8225347192956224,2021.08.31.14.01.15_veh-40_01576_01714,1.0,af906dbcec4f3a7d54319c64a3cdbe81f34aa51b65f9fc5bf91d01b34d79ea26,planner_dev1696_randommask,0.9260561330398427,ok,1.0,aa5c5efeeafd563c
1.0,1.0,1.0,1.0,2021.08.31.14.01.15_veh-40_01576_01714,1.0,90f8e4192df55fef5b48e6547db4a3610b7b6b29db5a6ae0f15ab953dbf3bd14,planner_dev1696_randommask,1.0,ok,1.0,c13c48577f9255c8
1.0,1.0,1.0,1.0,2021.08.31.14.01.15_veh-40_01576_01714,1.0,8317f27a5f76ead71b45cb3dc2dc8751df5a5b72a87107b07d7018c7a4a7a884,planner_dev1696_randommask,1.0,ok,1.0,c1e4bb8da1655e19
1.0,1.0,1.0,1.0,2021.08.31.14.01.15_veh-40_01576_01714,1.0,36ae3a9ca8a22c16f67913918b2458252d1c2d06116cb31645dd8a17a1043247,planner_dev1696_randommask,1.0,ok,1.0,c790a13084305af6
1.0,1.0,1.0,0.8140262158872295,2021.08.31.14.01.15_veh-40_01576_01714,1.0,8aeb0f0c366f0a9bd435706e2cc16906f4da620df3552ac3af1f2d9864f7a543,planner_dev1696_randommask,0.9225109232863457,ok,1.0,ca31b7933f8256e2
1.0,1.0,1.0,1.0,2021.08.31.14.01.15_veh-40_01576_01714,1.0,2d582d50b49f8b2042ff8337be35fbb1155f9409ebb8e4354c911856ee0c41cf,planner_dev1696_randommask,1.0,ok,1.0,ca5e5cecc6e05022
1.0,1.0,1.0,0.8183126319893298,2021.08.31.14.01.15_veh-40_01576_01714,1.0,18a44996bcc31b71d0bdd710c1a9b01fe1b27809921860e9dd821b273c08a56a,planner_dev1696_randommask,0.924296929995554,ok,1.0,ce77e05891225999
1.0,1.0,1.0,1.0,2021.08.31.14.01.15_veh-40_01576_01714,1.0,c68888e727f9eb9b6a636b9588d5a561f52dd671c81f14c67b82bee2e39d122d,planner_dev1696_randommask,1.0,ok,1.0,ceb16c2c18d252f3
1.0,1.0,1.0,1.0,2021.08.31.14.01.15_veh-40_01576_01714,1.0,b6a51f283dee3c9054ad70584f488bb34075eb1495c745826537476acd5bbbbd,planner_dev1696_randommask,1.0,ok,1.0,d22040e885bf5509
1.0,1.0,1.0,0.8227285357400932,2021.08.31.14.01.15_veh-40_01576_01714,1.0,d5d50ca520e6a8a2761c734673b45204c80d6482c150947646bc67c5ec482b32,planner_dev1696_randommask,0.9261368898917054,ok,1.0,d7b9d08eb35e54b4
1.0,1.0,1.0,0.8080528858518762,2021.08.31.14.01.15_veh-40_01576_01714,1.0,274ffeb614c8253de0ccbf57185de7ac3c90158b7005a4a0078342cdcc35ee7a,planner_dev1696_randommask,0.920022035771615,ok,1.0,dc70a7b62c155d19
1.0,1.0,1.0,0.9204919961893456,2021.08.31.14.01.15_veh-40_01576_01714,1.0,6fcfd07c20a3aa5d90bf57b6e7f3e05ac280c274a5d53ecbada5789573a9a589,planner_dev1696_randommask,0.966871665078894,ok,1.0,dfe3214ab3e850a3
1.0,1.0,1.0,0.8068692180642463,2021.08.31.14.01.15_veh-40_01576_01714,1.0,b192590e2df09d8774eee47cc6f4da598c9f4c67c00c5fea1d624768f2534b1f,planner_dev1696_randommask,0.9195288408601027,ok,1.0,e5a4f230a7a05b18
1.0,1.0,1.0,0.8850686054817725,2021.08.31.14.01.15_veh-40_01576_01714,1.0,f495620e2b002d4c276f2d755cbba61275de65067435d45eae7a29984514b0ad,planner_dev1696_randommask,0.9521119189507385,ok,1.0,e72a95807de45328
1.0,1.0,1.0,0.8212883486843121,2021.08.31.14.01.15_veh-40_01576_01714,1.0,9a4cdf233aeb3254adbec4855e41a2b90ef5ad175d413de006db0b6fdb975248,planner_dev1696_randommask,0.9255368119517967,ok,1.0,f96c2bfcfa0b5adc
1.0,1.0,1.0,0.8997417193701797,2021.08.31.14.01.15_veh-40_01576_01714,1.0,8a1b9f53e997a5b8ea1b3d1f90cd98da3eb6f6b7e0a168f0e7a4f5d47a9ac110,planner_dev1696_randommask,0.9582257164042415,ok,1.0,fa18ed9dac89551d
1.0,1.0,1.0,1.0,2021.08.31.11.47.30_veh-40_00919_01000,1.0,c89facb7ec0def1d50de8496192bdc0e2339ad1e16c080de04b06c63dabb77ae,planner_dev1696_randommask,1.0,ok,1.0,103d8446b9a7501b
1.0,1.0,1.0,0.7937753081032756,2021.08.31.11.47.30_veh-40_00919_01000,1.0,15d8ef309e2a8290ebff0ed5df7cbd55e3252e1a7be32424d1db9a6d36b78837,planner_dev1696_randommask,0.9140730450430316,ok,1.0,1c9a2aafa78b5b21
1.0,1.0,1.0,0.8177905855840035,2021.08.31.11.47.30_veh-40_00919_01000,1.0,3f7bd6d26a9e2c628412d4d6e24bf8e23a679026e1047dd26324e84eb16ee024,planner_dev1696_randommask,0.9240794106600014,ok,1.0,20fc3e4c2b93595d
1.0,0.0,1.0,0.0,2021.08.31.11.47.30_veh-40_00919_01000,1.0,caf11e02681f58f25482e5dcdec583fe23c679ffe4fdcb6f79d238cba2c1e8d2,planner_dev1696_randommask,0.0,ok,1.0,24e8dff0a3fb5d73
1.0,1.0,1.0,0.9036100591462152,2021.08.31.11.47.30_veh-40_00919_01000,1.0,8100fb6053b8a6e93fd06d71e9838f59af729b8c48515a3f76a55005472cf96d,planner_dev1696_randommask,0.9598375246442563,ok,1.0,2fd7bef75431592e
1.0,1.0,1.0,0.8015057912973771,2021.08.31.11.47.30_veh-40_00919_01000,1.0,159b51795800b8ae5f400ed986b27d2f0ea9d1aa0df9bb536953c18cd664ff4f,planner_dev1696_randommask,0.9172940797072404,ok,1.0,3f27444710fd5dfc
1.0,1.0,1.0,0.8837786314322315,2021.08.31.11.47.30_veh-40_00919_01000,1.0,c433d10a98c022a4cffc4cdba489ac26955ca05126df6b1b1df9d51911169507,planner_dev1696_randommask,0.9515744297634298,ok,1.0,48fc3189008a5754
1.0,1.0,1.0,0.8411202966408144,2021.08.31.11.47.30_veh-40_00919_01000,1.0,4e73bcf01bbb7bb39323c8f242fc4afc3feb82c0b78c4621b7187dd0f8757f3f,planner_dev1696_randommask,0.9338001236003394,ok,1.0,51bfd099a0795409
1.0,1.0,1.0,0.831619146662754,2021.08.31.11.47.30_veh-40_00919_01000,1.0,0005e47940f699fa89815ec56bd08a00113709d15689937adbd5548e9e9d15cd,planner_dev1696_randommask,0.9298413111094809,ok,1.0,5bb0b67e360f5a85
1.0,1.0,1.0,0.7901983638872774,2021.08.31.11.47.30_veh-40_00919_01000,1.0,f4a80258a4d38217b9a617e6a651002c6eeaeda3d78fdfa8d68d9c8302d7c580,planner_dev1696_randommask,0.912582651619699,ok,1.0,67a4f804ff5556cb
1.0,1.0,1.0,0.7012330467877085,2021.08.31.11.47.30_veh-40_00919_01000,1.0,a5e6409914b5d27d10196b47fd14462b73984c9d8b82c4656a81dcbc69583168,planner_dev1696_randommask,0.8755137694948786,ok,1.0,6a9bb2303a4c5c72
1.0,0.0,1.0,0.0,2021.08.31.11.47.30_veh-40_00919_01000,1.0,311d7f15c8ecf7e9f0587dac16ddcb109b159433d1fc2c0ae6718587f574bc76,planner_dev1696_randommask,0.0,ok,1.0,6bb2613a221e5fc8
1.0,1.0,1.0,0.7717514777034689,2021.08.31.11.47.30_veh-40_00919_01000,1.0,8aa19896ab2a0dac4ea0ca69b9fb0946d8618c5ac8233cd0645e0d03ba4d9536,planner_dev1696_randommask,0.904896449043112,ok,1.0,77f9f0c203cb5048
1.0,0.0,1.0,0.0,2021.08.31.11.47.30_veh-40_00919_01000,1.0,e1806db1ba6c3930d29e1308bd6b46fc05f280d514a37271a58fb4c6ac5080a2,planner_dev1696_randommask,0.0,ok,1.0,7d61f2ab3a145a20
1.0,1.0,1.0,0.8396649546568209,2021.08.31.11.47.30_veh-40_00919_01000,1.0,ed73666794fff9f92b8def43c7e879af50bf88484d35f8d50b3b5d66d12def3d,planner_dev1696_randommask,0.9331937311070088,ok,1.0,8672b0d007fa5c49
1.0,1.0,1.0,0.8797384667312185,2021.08.31.11.47.30_veh-40_00919_01000,1.0,2029c65f1abf2e5fcf35cdcabd497bcaba5a449511984518cb4f5648335569f2,planner_dev1696_randommask,0.9498910278046745,ok,1.0,877ca71cd9ac5b59
1.0,1.0,1.0,0.8286127079796862,2021.08.31.11.47.30_veh-40_00919_01000,1.0,507b2a41674529db796c85a3cf2973e75cc0c99b75253091ebe4a5b591d0e458,planner_dev1696_randommask,0.9285886283248693,ok,1.0,8ecb60a273c55931
1.0,1.0,1.0,0.8552407275313173,2021.08.31.11.47.30_veh-40_00919_01000,1.0,c3b773d515610fbee8a1ca275612b776542d31261d5c8f19b73cb7b794195cf6,planner_dev1696_randommask,0.9396836364713822,ok,1.0,8f64f90706655f53
1.0,1.0,1.0,0.8143859991572244,2021.08.31.11.47.30_veh-40_00919_01000,1.0,c2493986b2870be7218d6a50243ac94a539b3f9b92ca2badf241b6f832e0af7f,planner_dev1696_randommask,0.9226608329821767,ok,1.0,900e4ffd108f5f95
1.0,1.0,1.0,0.8630049263669439,2021.08.31.11.47.30_veh-40_00919_01000,1.0,ef9e3bea1b2c5af551a8e2eb1930f392519e90f338f102e042d12a3a775f42a4,planner_dev1696_randommask,0.9429187193195601,ok,1.0,98e1c86704b75bce
1.0,1.0,1.0,0.9053148942900543,2021.08.31.11.47.30_veh-40_00919_01000,1.0,a1221ee5303da3aff1eb6b4063dde2ec90af398ca4656a4bfb2d8f006fd1f2cc,planner_dev1696_randommask,0.960547872620856,ok,1.0,9a1dbb392efc5e89
1.0,1.0,1.0,0.8542489122630549,2021.08.31.11.47.30_veh-40_00919_01000,1.0,f896e77beea71b4e55f130f770d7118acd3847e59114993d6214f5ef73db4fc7,planner_dev1696_randommask,0.9392703801096062,ok,1.0,a27a8a02217d5ade
1.0,1.0,1.0,0.8651016879787353,2021.08.31.11.47.30_veh-40_00919_01000,1.0,99809158e3124dd214f1beb93147a3278257d6f65381712bd139bc0296021cc9,planner_dev1696_randommask,0.9437923699911397,ok,1.0,a5051ac6e15551e7
1.0,1.0,1.0,1.0,2021.08.31.11.47.30_veh-40_00919_01000,1.0,6032085f5d2124b8793d64f66270bb55dd953bef4dd74c76941f07869f6ebea5,planner_dev1696_randommask,1.0,ok,1.0,ac681c2a50795ba0
1.0,1.0,1.0,0.8621514772084891,2021.08.31.11.47.30_veh-40_00919_01000,1.0,55003e6b251101079e360bdd178ecdb9cb498e930e2a3be8a7400ff813e47bb8,planner_dev1696_randommask,0.9425631155035371,ok,1.0,ad9c60ee22de5163
1.0,1.0,1.0,1.0,2021.08.31.11.47.30_veh-40_00919_01000,1.0,a529903ce36a15e87b0d45824e4f96f86a5f2f34fbd19696cf6e7baa02d9580c,planner_dev1696_randommask,1.0,ok,1.0,e6422bb22e125756
1.0,1.0,1.0,0.7995629583604349,2021.08.31.11.47.30_veh-40_00919_01000,1.0,f2fc575786896ad53c47c6e0c8f446e98710b1fbd7326d4e93e815744190f73f,planner_dev1696_randommask,0.9164845659835145,ok,1.0,e699ef478771586b
1.0,1.0,1.0,1.0,2021.07.16.22.40.23_veh-38_00204_00360,1.0,7e3ea6c9baac627b2b570ba0f4f493e2ebada173f4fa555e66bacf923e45e619,planner_dev1696_randommask,1.0,ok,1.0,0834ee7bd96c524f
1.0,1.0,1.0,1.0,2021.07.16.22.40.23_veh-38_00204_00360,1.0,fd5289cfb39d54d11b8d72c6c0970c0353ff4b9691a88cdf508fb03beecd38b8,planner_dev1696_randommask,1.0,ok,1.0,0b10c61fbe415c5e
1.0,1.0,1.0,1.0,2021.07.16.22.40.23_veh-38_00204_00360,1.0,8667aedce9d6a3162142da8836a07d956c132e7ea8bf58048d82225592586cdb,planner_dev1696_randommask,1.0,ok,1.0,10da33ea86ba5697
1.0,1.0,1.0,1.0,2021.07.16.22.40.23_veh-38_00204_00360,1.0,d48d7d146942ad057a406715f0765be1cd6b9d44ec10dde38b2451741bee54b5,planner_dev1696_randommask,1.0,ok,1.0,1ec8d767941a534b
1.0,1.0,1.0,0.8148210714525219,2021.07.16.22.40.23_veh-38_00204_00360,1.0,fce89c11c8ece8367eff6d5af9922efa83f922468875c44ae24ead2e0cb596d2,planner_dev1696_randommask,0.9228421131052175,ok,1.0,4e658bb5f80a5664
1.0,1.0,1.0,0.9013603534663288,2021.07.16.22.40.23_veh-38_00204_00360,1.0,ae509a08317e5011e546c350696cdf74109198131bf20938e54283e3af1aa839,planner_dev1696_randommask,0.9589001472776371,ok,1.0,5a9dd500d2f15c87
1.0,1.0,1.0,1.0,2021.07.16.22.40.23_veh-38_00204_00360,1.0,026fc65c636abff306f5fdd7460aa821453d762025bbce2c786cc03dcc40542d,planner_dev1696_randommask,1.0,ok,1.0,5ded7f2e94075a10
1.0,1.0,1.0,1.0,2021.07.16.22.40.23_veh-38_00204_00360,1.0,33576873fc93f99c124c75b7dc55a199d2fa42ed182ba0d1d33fca326ab7dc1a,planner_dev1696_randommask,1.0,ok,1.0,6a0942a7edb6507e
1.0,1.0,1.0,1.0,2021.07.16.22.40.23_veh-38_00204_00360,1.0,182603a3db24ae24592d46f152f8a237d656bd0466c6fdcfa479f290dc08a3e8,planner_dev1696_randommask,1.0,ok,1.0,8156a66cbc595259
1.0,1.0,1.0,1.0,2021.07.16.22.40.23_veh-38_00204_00360,1.0,6639812dd182e882185c836e77da7f10e9caed39aeb28caa6ac7497ed85f6627,planner_dev1696_randommask,1.0,ok,1.0,99c4a687ed1a599a
1.0,1.0,1.0,1.0,2021.07.16.22.40.23_veh-38_00204_00360,1.0,fa40fcac26216f0df61924f195837bc709a1c91ab0a9e0805995af2e7eae9ca2,planner_dev1696_randommask,1.0,ok,1.0,9f885abfb8cd5675
1.0,1.0,1.0,0.9688385524386727,2021.07.16.22.40.23_veh-38_00204_00360,1.0,1c4fe98da4d0bad7f06dc15bc9095751f3bb62cd4b19596b632529891be5e527,planner_dev1696_randommask,0.9870160635161135,ok,1.0,bba3291877d059ac
1.0,1.0,1.0,1.0,2021.07.16.22.40.23_veh-38_00204_00360,1.0,e3ecba3e54f2c167608773ac6535f673a8e166b40789344b3ddcab6bfb58f027,planner_dev1696_randommask,1.0,ok,1.0,cca7823320d05bc3
1.0,1.0,1.0,1.0,2021.07.16.22.40.23_veh-38_00204_00360,1.0,d9d8304e0d2670a5c720c85caf30efeed4988486124851b8799e32b780ae31be,planner_dev1696_randommask,1.0,ok,1.0,dd8b61c70dc05550
1.0,1.0,1.0,1.0,2021.07.16.22.40.23_veh-38_00204_00360,1.0,d63587fafeead3a1916bab0f3d6b97163c6856c61fbe62b4b880bfb27fa7278f,planner_dev1696_randommask,1.0,ok,1.0,de9c0d8341d65b55
1.0,1.0,1.0,1.0,2021.06.09.14.50.36_veh-26_02826_02955,1.0,2ebd4126c8d70a79dff3d29e3b5952b074ff49a985261ea72dfdee798dc1766c,planner_dev1696_randommask,1.0,ok,1.0,0461af120ee45dd8
1.0,1.0,1.0,1.0,2021.06.09.14.50.36_veh-26_02826_02955,1.0,ae93a62fa32e0b4125a63ee2bc8a279599cec7611125f822f1b73e201f943c96,planner_dev1696_randommask,1.0,ok,1.0,04ef1bdebb1e5c2b
1.0,1.0,1.0,1.0,2021.06.09.14.50.36_veh-26_02826_02955,1.0,96607eefc56a6b1c27452ec65853b0d84b4b2761db159571b5b51126d2072b92,planner_dev1696_randommask,1.0,ok,1.0,06ecc274857650aa
1.0,1.0,1.0,1.0,2021.06.09.14.50.36_veh-26_02826_02955,1.0,81fb050e6636a67b5dc57a4cb5406ea2d106c9ddb990d130aacb9ff73e5d5b19,planner_dev1696_randommask,1.0,ok,1.0,18608416606557ed
1.0,1.0,1.0,1.0,2021.06.09.14.50.36_veh-26_02826_02955,1.0,d95afbf2b7b5b6db6956a3618c1319ff2676bbb26e0efa5cb1fc7d0d3b780e4d,planner_dev1696_randommask,1.0,ok,1.0,2c45cd8490f850ef
1.0,1.0,1.0,0.9370355923374425,2021.06.09.14.50.36_veh-26_02826_02955,1.0,47d0fad5585b378787c90cac3230695d9d67506b3c4c0b9b5f0dd81e5c7ed149,planner_dev1696_randommask,0.9737648301406011,ok,1.0,3358ac35f0925be9
1.0,1.0,1.0,0.9190247763500742,2021.06.09.14.50.36_veh-26_02826_02955,1.0,4f3538ad1a08aef4e7a50d8c628b79adc30a4b32c0b10b6da1d0c558811f6691,planner_dev1696_randommask,0.9662603234791977,ok,1.0,35daae8d6a4a5b90
1.0,1.0,0.0,1.0,2021.06.09.14.50.36_veh-26_02826_02955,1.0,d7d2d713ed642e391e7dd3ae1b8a52324ec74e881fbd92abe1a5d3db04f20809,planner_dev1696_randommask,1.0,ok,1.0,37a37c6486205360
1.0,1.0,1.0,1.0,2021.06.09.14.50.36_veh-26_02826_02955,1.0,78e158a23d50202d42abfabc48997dad1175313d02eb6b2f8d0b99d11fd2ddfe,planner_dev1696_randommask,1.0,ok,1.0,3c34952a5b2a549e
1.0,1.0,1.0,0.7963284106729065,2021.06.09.14.50.36_veh-26_02826_02955,1.0,c928fcbe0729c563fe89590622cf9ab24ce6e91666c12927f7065869a548e6db,planner_dev1696_randommask,0.9151368377803776,ok,1.0,43e443ef433256ae
1.0,1.0,1.0,1.0,2021.06.09.14.50.36_veh-26_02826_02955,1.0,561dc2b6b53ddbdeeec611d4fa8e6b20865ed7162fcd7eed2e4ea5c390c24e90,planner_dev1696_randommask,1.0,ok,1.0,5385779df4685a12
0.0,1.0,1.0,1.0,2021.06.09.14.50.36_veh-26_02826_02955,1.0,f1f58f60118fda71f653db06d45bf68387f6840887f69e6ed994dcaf9ae12b8d,planner_dev1696_randommask,0.8333333333333334,ok,1.0,58be05020c705538
1.0,1.0,1.0,1.0,2021.06.09.14.50.36_veh-26_02826_02955,1.0,8fd37264ce74c82e04b3d14eea3aee46928b9ed290782c38295ffdbdac3e1863,planner_dev1696_randommask,1.0,ok,1.0,78f9d78599da56f0
1.0,1.0,1.0,0.9537329881358393,2021.06.09.14.50.36_veh-26_02826_02955,1.0,942df8a929892b0518d5acb58068e5ca3f7d5f8cb3d9b168b56c3ae88d6b0e6c,planner_dev1696_randommask,0.980722078389933,ok,1.0,88bc213aa3495b88
1.0,1.0,1.0,0.8568122655837722,2021.06.09.14.50.36_veh-26_02826_02955,1.0,63b1d80a2b8a0ab5fa9be06c429fe8fd5b96dafa43594bceb26ca2472b59f10f,planner_dev1696_randommask,0.9403384439932384,ok,1.0,927258a11f395044
1.0,1.0,1.0,1.0,2021.06.09.14.50.36_veh-26_02826_02955,1.0,d7845946e241f130a252a6a233142bd727120c2c7dafc265d20de3da73475499,planner_dev1696_randommask,1.0,ok,1.0,96d3136946945a05
1.0,1.0,1.0,1.0,2021.06.09.14.50.36_veh-26_02826_02955,1.0,013d109654057648e9f29c4f9c9c686eacb8b119de724c57f17f8eec219e641e,planner_dev1696_randommask,1.0,ok,1.0,9915a6132edb5b6f
1.0,1.0,0.0,1.0,2021.06.09.14.50.36_veh-26_02826_02955,1.0,101c0881803ab6fef5c31af3f48565f4d4e7d76cf778b09538515d3a12f4b4d0,planner_dev1696_randommask,1.0,ok,1.0,9b7196827b5859df
0.0,1.0,1.0,1.0,2021.06.09.14.50.36_veh-26_02826_02955,1.0,843f5d1663d052488e15e560d94636ea9cd0b83379cc54c98ee5185f4dca94c4,planner_dev1696_randommask,0.8333333333333334,ok,1.0,b02f4daf44f952d5
1.0,1.0,1.0,0.9558218386104832,2021.06.09.14.50.36_veh-26_02826_02955,1.0,6a87de829bf2eab8b1604ee27a12544cabf924e77c2ee8f22b6ef6b4dd2e6879,planner_dev1696_randommask,0.981592432754368,ok,1.0,bd40634c00f1577c
1.0,1.0,1.0,1.0,2021.06.09.14.50.36_veh-26_02826_02955,1.0,a204904f349fc1891cdd518b1ce130525b9eb65bddf1381d757cbe92430eb430,planner_dev1696_randommask,1.0,ok,1.0,dd11bc3330605dfd
1.0,1.0,1.0,1.0,2021.06.09.14.50.36_veh-26_02826_02955,1.0,e17b656e237c945039f3f64290d6b6babaff6d79a3485977630fdc7bc361b476,planner_dev1696_randommask,1.0,ok,1.0,e4d2a56f36c45c20
1.0,1.0,1.0,1.0,2021.06.09.14.50.36_veh-26_02826_02955,1.0,b1b448f931fd34a9ffdac22c5b2c19df5ab870e0596daf809ce037905138a9f7,planner_dev1696_randommask,1.0,ok,1.0,ef5318b8d9285443
1.0,1.0,1.0,1.0,2021.06.09.14.50.36_veh-26_02826_02955,1.0,d381d8fbf80a88c656d16b3fca694b779a37df310bdac8d5075f7ed6b139ef13,planner_dev1696_randommask,1.0,ok,1.0,f17b89de6fc75614
1.0,1.0,1.0,0.9337110915365137,2021.06.09.14.50.36_veh-26_02826_02955,1.0,af9cce7fd795b70ebef6c45a3ad7b8edbc62f6b542d3f23fbebac768dc5f3b20,planner_dev1696_randommask,0.9723796214735474,ok,1.0,f954d393a5615fec
1.0,1.0,1.0,0.8072575763236712,2021.10.05.07.49.39_veh-52_00770_00905,1.0,31edde8a4d13dbe1bd69eab1cf4f76e385ecfbf4d868d38f1979d93284686b34,planner_dev1696_randommask,0.9196906568015297,ok,1.0,089b7c97ae005df7
1.0,1.0,1.0,0.6902877897255872,2021.10.05.07.49.39_veh-52_00770_00905,1.0,d55c09d873d98300e6abdce5dfd35f71501f798cce8fb954bcb5a061a1340728,planner_dev1696_randommask,0.8709532457189947,ok,1.0,16c70ee6d6485400
1.0,1.0,1.0,0.7144945738680469,2021.10.05.07.49.39_veh-52_00770_00905,1.0,a599a00a680259e7118b70e8d2068dbd9d1bcd49508138faca9954e0b0166cea,planner_dev1696_randommask,0.8810394057783529,ok,1.0,170594fe8be75468
1.0,1.0,1.0,0.7559632403840582,2021.10.05.07.49.39_veh-52_00770_00905,1.0,293b1c73f5ee799bcdd2b7671bfe3e8d3d254445453e5e526fb1662fdbfa5ac0,planner_dev1696_randommask,0.8983180168266909,ok,1.0,19c9d08888d65385
1.0,1.0,1.0,0.7710028389840715,2021.10.05.07.49.39_veh-52_00770_00905,1.0,622fcd15d4ffb45ae451cf1d0b5e526fe99492038fdc8974854298bac21596f4,planner_dev1696_randommask,0.9045845162433631,ok,1.0,1c3d27d5767e506d
1.0,1.0,1.0,0.9474277861395808,2021.10.05.07.49.39_veh-52_00770_00905,1.0,cc7ec346bdf0f95242e44fcd0604b235b07c8d08ca38af09525afd0e6dff0980,planner_dev1696_randommask,0.978094910891492,ok,1.0,1d9ee8399cf55f9d
1.0,1.0,1.0,0.7899820971008839,2021.10.05.07.49.39_veh-52_00770_00905,1.0,0101319ba2ed16866f92592f6cf83fea28bceb51a6e191408625ca2b3f2017c8,planner_dev1696_randommask,0.9124925404587017,ok,1.0,20d97d183741595d
1.0,1.0,1.0,0.6553725697821898,2021.10.05.07.49.39_veh-52_00770_00905,1.0,8df4e39020729defea2c5077608af650bee2cc892c5710b1a13717a5ade8efec,planner_dev1696_randommask,0.8564052374092457,ok,1.0,24f4c4b3cc8554aa
1.0,1.0,1.0,0.7685364838044384,2021.10.05.07.49.39_veh-52_00770_00905,1.0,650ebfd6f15e8307e0288d6facc4b0faf22b823ad1e0051bd7b9f8cdc0d8ed8a,planner_dev1696_randommask,0.9035568682518494,ok,1.0,25ef4e856bab540e
1.0,1.0,1.0,0.7825413589005981,2021.10.05.07.49.39_veh-52_00770_00905,1.0,cffc27b750958d9110557d9a7430d5eb62c0187dc327db367385256c453f620c,planner_dev1696_randommask,0.9093922328752493,ok,1.0,261221d5c5fc5fa7
1.0,1.0,1.0,0.7119945352764369,2021.10.05.07.49.39_veh-52_00770_00905,1.0,e8ea7684250bbf472a9a97b7cca0beea4e15b8c23839694a7e1a8350b70bb1ba,planner_dev1696_randommask,0.8799977230318486,ok,1.0,278bbdb04c555733
1.0,1.0,1.0,0.8172649510476743,2021.10.05.07.49.39_veh-52_00770_00905,1.0,328c90fc71fc01361ff94b796d89da4a2d3378babc45f25e806a715a3c51d6fd,planner_dev1696_randommask,0.9238603962698644,ok,1.0,282c1d78530d593f
1.0,1.0,1.0,0.8892075363122975,2021.10.05.07.49.39_veh-52_00770_00905,1.0,693207b0e0eed9e6446860ceb1c198121013df4c3ffe23569514510a8049c167,planner_dev1696_randommask,0.9538364734634573,ok,1.0,2c32ea8c5ef05290
1.0,1.0,1.0,0.8437596888550261,2021.10.05.07.49.39_veh-52_00770_00905,1.0,2a839dc77324d40ac72e3e3753a29a0f5827e3223159cb1501ef2e82fbd782c7,planner_dev1696_randommask,0.9348998703562609,ok,1.0,2f1560380fb05985
1.0,1.0,1.0,0.9316899336021969,2021.10.05.07.49.39_veh-52_00770_00905,1.0,06154c62004e4e75b70471569f806fc4ad4dfbefe467caab224359383869042f,planner_dev1696_randommask,0.9715374723342487,ok,1.0,310a3ad9c0cf5eb6
1.0,1.0,1.0,0.7288000327543205,2021.10.05.07.49.39_veh-52_00770_00905,1.0,a0940eb8f6f02cb67ff94686a0adc31a8fe0f86e04df930d4d3e586f65b0913b,planner_dev1696_randommask,0.8870000136476336,ok,1.0,334e0e5d1a825334
1.0,1.0,1.0,0.6250180741322677,2021.10.05.07.49.39_veh-52_00770_00905,1.0,1e52fbeb2322f7c120b2873b539dd34f74d28830b967f9d390deb789cd061a72,planner_dev1696_randommask,0.8437575308884449,ok,1.0,36bae31710bc5917
1.0,1.0,1.0,0.7840349062696639,2021.10.05.07.49.39_veh-52_00770_00905,1.0,f41f218be769705f8c7ee21b21dc253dbe4a5bf1304e674f792d36ec6e12548f,planner_dev1696_randommask,0.9100145442790266,ok,1.0,38ef1d6a2da75115
1.0,1.0,1.0,1.0,2021.10.05.07.49.39_veh-52_00770_00905,1.0,e47f52ae477cfa6f7ae92a24a96f0055571a389fe5dd866cc1ebd2677c38cd63,planner_dev1696_randommask,1.0,ok,1.0,3d18f6f0700f5a7b
1.0,1.0,1.0,0.7095732362001997,2021.10.05.07.49.39_veh-52_00770_00905,1.0,928ca6fd1fc79383f696e53763f42fef3d061cd3ae78d0d2386b77c64b5f6e43,planner_dev1696_randommask,0.8789888484167498,ok,1.0,43344715c88b50bc
1.0,1.0,1.0,0.6889252674301226,2021.10.05.07.49.39_veh-52_00770_00905,1.0,f5ad9d9ee950deaef6763f97e1b59f760884488b8362b3f8251cc1e8cbb41399,planner_dev1696_randommask,0.8703855280958844,ok,1.0,44ff523a46c05629
1.0,1.0,1.0,0.7010219331850658,2021.10.05.07.49.39_veh-52_00770_00905,1.0,b91cab715ec438e626e0a683867648f0dd60687bffb5a70577087d6a3729ab2f,planner_dev1696_randommask,0.8754258054937774,ok,1.0,45024816c0275064
1.0,1.0,1.0,0.7037724083745582,2021.10.05.07.49.39_veh-52_00770_00905,1.0,9dd0b59421a76cdc0942afa13fd3077ffa7da5c0b2b1d97e07756ecca277ec61,planner_dev1696_randommask,0.8765718368227325,ok,1.0,4b9cb144a34f517d
1.0,1.0,1.0,0.6901810193541679,2021.10.05.07.49.39_veh-52_00770_00905,1.0,8795977720d1231c3986a27b006ca9d2c4b2ef6389295f47e338dca5baf25668,planner_dev1696_randommask,0.8709087580642366,ok,1.0,4dc05b556a2657fa
1.0,1.0,1.0,0.7686397791649751,2021.10.05.07.49.39_veh-52_00770_00905,1.0,bc9d378141d8d673f0de82919d6911895b9a536e7a11c28612277a8aaa45e7ab,planner_dev1696_randommask,0.9035999079854062,ok,1.0,4dcfadf46bc25e5e
1.0,1.0,1.0,0.8331649230512421,2021.10.05.07.49.39_veh-52_00770_00905,1.0,f896882e624967d3eebbddb9f8d85469b37784f641a5bc094af3f743e1a2d9d2,planner_dev1696_randommask,0.9304853846046842,ok,1.0,4e9c5280dadd5f24
1.0,1.0,1.0,0.776028132396289,2021.10.05.07.49.39_veh-52_00770_00905,1.0,e5581e537bc9d654b3c3d5b53ee280fa5c0b77fbb062acd8b8b8a46906e74fbc,planner_dev1696_randommask,0.9066783884984537,ok,1.0,4fd253304da7581e
1.0,1.0,1.0,0.9470687192527298,2021.10.05.07.49.39_veh-52_00770_00905,1.0,608b4ddfc25aa31f94a1f9d08c9a54ba21467e3894e02964f11a7f53a4e5cecf,planner_dev1696_randommask,0.9779452996886375,ok,1.0,5224265091a55a68
1.0,1.0,1.0,1.0,2021.10.05.07.49.39_veh-52_00770_00905,1.0,da0802ca256f43a38eb02b704a69bfea4d9dd60a5a87ca8250d2d1c6b388ff80,planner_dev1696_randommask,1.0,ok,1.0,566e8d71b2da589a
1.0,1.0,1.0,0.7071420860812131,2021.10.05.07.49.39_veh-52_00770_00905,1.0,1582051b94628f30ecd5da3ae79ce7fb9bc49d62a04e889fcb1e8aced0e84b74,planner_dev1696_randommask,0.8779758692005055,ok,1.0,58d478dd02905d2e
1.0,1.0,1.0,0.7470695851466788,2021.10.05.07.49.39_veh-52_00770_00905,1.0,97e72ebe17ee79e925a75d158b4fe12fcc23315aab677db72217f9528eba87b1,planner_dev1696_randommask,0.8946123271444494,ok,1.0,594cd290a93f538a
1.0,1.0,1.0,0.8133655278656926,2021.10.05.07.49.39_veh-52_00770_00905,1.0,50cf7c9d5b0743168d46ddff10376e38cbe5a0d512e50d770b33fd912081bb02,planner_dev1696_randommask,0.9222356366107052,ok,1.0,5d64663f086f5773
1.0,1.0,1.0,0.637593819997506,2021.10.05.07.49.39_veh-52_00770_00905,1.0,14458a07a872455232d1224bedab89db26fb7ea0f43063693e187761e5884198,planner_dev1696_randommask,0.8489974249989608,ok,1.0,6033b22b61b55675
1.0,1.0,1.0,1.0,2021.10.05.07.49.39_veh-52_00770_00905,1.0,2575f43c3fbc4078517d2dd5c56f409990c5f503bd0e81b762f2706d273d3d3b,planner_dev1696_randommask,1.0,ok,1.0,6a5e2d6a365e51e3
1.0,1.0,1.0,0.7603971112082694,2021.10.05.07.49.39_veh-52_00770_00905,1.0,4f88bffbfdbf68e728c8793a8eb30a7d1d331a0fb9996473764731a5d51de9fc,planner_dev1696_randommask,0.9001654630034456,ok,1.0,7081f406cf8352ad
1.0,1.0,1.0,0.7057220433540538,2021.10.05.07.49.39_veh-52_00770_00905,1.0,8aabf3d3d589545ecb257786c98018503c0ef6717a9ad553ef3625ee1867878d,planner_dev1696_randommask,0.8773841847308557,ok,1.0,72ca346213465d94
1.0,1.0,1.0,0.7812852427438544,2021.10.05.07.49.39_veh-52_00770_00905,1.0,d06bfca3fba9a470de4f0dafb0d2d0f35dd166a311172ae72b87531d214111df,planner_dev1696_randommask,0.9088688511432726,ok,1.0,7502b22480435c30
1.0,1.0,1.0,0.7413605636170142,2021.10.05.07.49.39_veh-52_00770_00905,1.0,1e4a6b28f80b7571a9310b807ca2b2a013cc673da8000136e34f9990fd952368,planner_dev1696_randommask,0.892233568173756,ok,1.0,79433fe543ae5e50
1.0,1.0,1.0,0.7404717169284732,2021.10.05.07.49.39_veh-52_00770_00905,1.0,586816e701f86560d972f23cc33cd67dc80330fe7f9add35f7a268592b65f298,planner_dev1696_randommask,0.8918632153868639,ok,1.0,7ac722bce1da568e
1.0,1.0,1.0,0.7485724051534861,2021.10.05.07.49.39_veh-52_00770_00905,1.0,0ba0c8e6cd09b034802f7b94039826680727465c95fbb5450d2240854fd068a0,planner_dev1696_randommask,0.8952385021472858,ok,1.0,7f7a0a36daf65495
1.0,1.0,1.0,0.6711433612678978,2021.10.05.07.49.39_veh-52_00770_00905,1.0,79d9f840ce096546577a29d41d53e48be2a7bfebd28f5569818b1a975ccf2520,planner_dev1696_randommask,0.8629764005282907,ok,1.0,7f7fa83384215a69
1.0,1.0,1.0,0.7662558511433405,2021.10.05.07.49.39_veh-52_00770_00905,1.0,33baaeb93cee06b2c9f0152b47825a463be60ed1693f53be0de89d6823773370,planner_dev1696_randommask,0.9026066046430584,ok,1.0,83422f60bebd506c
1.0,1.0,1.0,0.797032034686667,2021.10.05.07.49.39_veh-52_00770_00905,1.0,152a35aefff2b45d8cc55d55272022e6e077cd3cf9f00f5ff81d9bcc12cbb800,planner_dev1696_randommask,0.9154300144527779,ok,1.0,83bc7727c42c5a0f
1.0,1.0,1.0,0.7386152492835854,2021.10.05.07.49.39_veh-52_00770_00905,1.0,84ef9b0bc61930ceba283fc4fdb8480fd3c2be8b0d980070f6ddc76d99996899,planner_dev1696_randommask,0.891089687201494,ok,1.0,85d8f4b6752152e2
1.0,1.0,1.0,0.9379327139214858,2021.10.05.07.49.39_veh-52_00770_00905,1.0,270fd6b71655fcc77fc965990798ae2a98f84041c463265dcdbc544340f4eb8a,planner_dev1696_randommask,0.9741386308006191,ok,1.0,86ac4c5dc3e756cf
1.0,1.0,1.0,0.6604327671906508,2021.10.05.07.49.39_veh-52_00770_00905,1.0,097d715abca5e506c118535afa816eb72c733594691a3e0971956fb490927809,planner_dev1696_randommask,0.8585136529961045,ok,1.0,876d2dd881f55f91
1.0,1.0,1.0,0.6773766837655127,2021.10.05.07.49.39_veh-52_00770_00905,1.0,f14b2eef1088897a224ce98efdf359199e1c303984d529f308f4f48a8265143e,planner_dev1696_randommask,0.8655736182356303,ok,1.0,87c7d995609e51c9
1.0,1.0,1.0,0.7833597890424616,2021.10.05.07.49.39_veh-52_00770_00905,1.0,d935adb835b5f9e0c0253b343f2a1d844b2f725f4bbb0bd80bb381354ee0873c,planner_dev1696_randommask,0.9097332454343591,ok,1.0,8c1c77e3c8a35388
1.0,1.0,1.0,0.6634276809728274,2021.10.05.07.49.39_veh-52_00770_00905,1.0,11d4a39491d8495f9a6c903710e47f4bbdde53de2bf878d8c8f257c6d6a9897f,planner_dev1696_randommask,0.859761533738678,ok,1.0,8c61ae7bb33b54ad
1.0,1.0,1.0,0.7582572904065191,2021.10.05.07.49.39_veh-52_00770_00905,1.0,2ab131c60d1e1c28bd126588a0943d93e1cff1f0eef45864890352c097c3f401,planner_dev1696_randommask,0.8992738710027163,ok,1.0,8d40c021d3cb5fca
1.0,1.0,1.0,1.0,2021.10.05.07.49.39_veh-52_00770_00905,1.0,0ea59b4e9d384a8cfd0a55d5a5672f36b8f3492eeb22f76e7e92c3a060a4ef82,planner_dev1696_randommask,1.0,ok,1.0,8f4878c4dcf5558e
1.0,1.0,1.0,0.5809894971445833,2021.10.05.07.49.39_veh-52_00770_00905,1.0,0fe751706cf59dda8abb68fbbfbb22521578731ddaced8672fe2d456f967a05b,planner_dev1696_randommask,0.8254122904769097,ok,1.0,90679ae84c8b5d05
1.0,1.0,1.0,0.7033172235449889,2021.10.05.07.49.39_veh-52_00770_00905,1.0,2ebf530919627da363bf99d975ee2d60895c22160bf6f58ef60c22fcd38d6c7b,planner_dev1696_randommask,0.8763821764770787,ok,1.0,93fa17215ed5505c
1.0,1.0,1.0,1.0,2021.10.05.07.49.39_veh-52_00770_00905,1.0,012c7a2274f0128553233349477ae443ddb9207d025d51799c7e4f2827cee3ea,planner_dev1696_randommask,1.0,ok,1.0,97b9c6b0d3aa5e6b
1.0,1.0,1.0,0.9105721119684766,2021.10.05.07.49.39_veh-52_00770_00905,1.0,2b9c5b6928f00a05942a7f884e37e533a9b2a3af3826e994cde52006cfee2e27,planner_dev1696_randommask,0.9627383799868653,ok,1.0,97cd0485dadc5c44
1.0,1.0,1.0,0.6547268414135501,2021.10.05.07.49.39_veh-52_00770_00905,1.0,1646133445db6e35cf2f02520461dec5699b2e2c94f1a9155148beb0b11b71b6,planner_dev1696_randommask,0.8561361839223126,ok,1.0,9c084095533b564c
1.0,1.0,1.0,0.9188496385540872,2021.10.05.07.49.39_veh-52_00770_00905,1.0,15a73e2c1062bbdc51e4dff5d3af5cb0d722e5fa9be2e8e10bc0f92e04fa1cb0,planner_dev1696_randommask,0.9661873493975364,ok,1.0,a0493e8185235ec7
1.0,1.0,1.0,1.0,2021.10.05.07.49.39_veh-52_00770_00905,1.0,379003e1b880e8f4111ead670a31aa28a709be63301159bcbae071806438c213,planner_dev1696_randommask,1.0,ok,1.0,a17b55560d22530f
1.0,1.0,1.0,0.8878560948381935,2021.10.05.07.49.39_veh-52_00770_00905,1.0,b22071a4e38a45019e33f6f515280b95fe12f3dcf9b798a7c7677cc8dab9f9df,planner_dev1696_randommask,0.9532733728492473,ok,1.0,ae7aec1b18255951
1.0,1.0,1.0,0.8841687833055539,2021.10.05.07.49.39_veh-52_00770_00905,1.0,8ab343e36e4e77b015302f8514fb4686276080c6af39a215b21768a31e9a4f9e,planner_dev1696_randommask,0.9517369930439807,ok,1.0,aee6f2e930d550e1
1.0,1.0,1.0,0.7627617591629409,2021.10.05.07.49.39_veh-52_00770_00905,1.0,b827c411de342aea5a8913a2e57baf8321323ba2ff8f01d12661b67534f319e8,planner_dev1696_randommask,0.9011507329845587,ok,1.0,b2dffb44dcbd58e6
1.0,1.0,1.0,0.6627687902021915,2021.10.05.07.49.39_veh-52_00770_00905,1.0,f1f09f7127f5f86d8786aeb35a5f5f37988020f4c198fd998b0e5595131a0d56,planner_dev1696_randommask,0.8594869959175798,ok,1.0,b64e4fd64ae55427
1.0,1.0,1.0,0.8077647525608799,2021.10.05.07.49.39_veh-52_00770_00905,1.0,20c0db9b604ce8d33482918595dd2aa639da6eb92c69b4449d046d82062d1290,planner_dev1696_randommask,0.9199019802336998,ok,1.0,b964d00130375a88
1.0,1.0,1.0,0.7909660643553306,2021.10.05.07.49.39_veh-52_00770_00905,1.0,ad0cd4c01080a93c80e8c9e727f36fd65ec8902db9e06d0f6164634f998e83ea,planner_dev1696_randommask,0.9129025268147211,ok,1.0,bb22dd65cf5b51dd
1.0,0.0,1.0,0.0,2021.10.05.07.49.39_veh-52_00770_00905,1.0,a21e42d3c2a6085194e64dbd98d4a1032c5eda4cfb6e439ea7bfee306696b425,planner_dev1696_randommask,0.0,ok,1.0,c050331009ac5df2
1.0,1.0,1.0,1.0,2021.10.05.07.49.39_veh-52_00770_00905,1.0,c443eb06a22140135b04d1f55a7428f8fcfed073bc08c7ee7e9efeac9df95e57,planner_dev1696_randommask,1.0,ok,1.0,c0921d509e2c502d
1.0,1.0,1.0,0.6824498021110427,2021.10.05.07.49.39_veh-52_00770_00905,1.0,0ed3f7c0019315eae6110904d319766186d6eca13bfc6f2812beba383952d53e,planner_dev1696_randommask,0.8676874175462678,ok,1.0,c0e018420a2359b3
1.0,1.0,1.0,0.824751541816851,2021.10.05.07.49.39_veh-52_00770_00905,1.0,945eb6f89e17ede10aaf57d56a5d3d43eaf5316ec1d297180caa2816efcf2114,planner_dev1696_randommask,0.9269798090903546,ok,1.0,c77b059c1f3a5674
1.0,1.0,1.0,1.0,2021.10.05.07.49.39_veh-52_00770_00905,1.0,52360e0f1d4fb6801d4c05cd088e3757a6c77dbd56ac2a6724734126274c2785,planner_dev1696_randommask,1.0,ok,1.0,c7d20bed29e95a90
1.0,1.0,1.0,0.7791827854252245,2021.10.05.07.49.39_veh-52_00770_00905,1.0,2ccc92a187e6c2aaea7f9cb1bd293e9686f26017e6bc4a0c80b32a50d804be60,planner_dev1696_randommask,0.9079928272605101,ok,1.0,c876b08cdb7b50ef
1.0,1.0,1.0,0.6804892176623035,2021.10.05.07.49.39_veh-52_00770_00905,1.0,06e805d585b6c8dc0eb05d754fd6ea5795cf244e37e4027e4d2e2a09bc784c96,planner_dev1696_randommask,0.8668705073592932,ok,1.0,d9a26b78907c5afa
1.0,1.0,1.0,0.6663006738403132,2021.10.05.07.49.39_veh-52_00770_00905,1.0,cf32c2e2220771ac716292be12444aa8089500d8922a5081e7d8538dc6e8354b,planner_dev1696_randommask,0.8609586141001305,ok,1.0,db9df85eaa605bd1
1.0,1.0,1.0,0.8075360638678367,2021.10.05.07.49.39_veh-52_00770_00905,1.0,7980f1107caaa19a27fcc2da687caaa0cd826a0b2b80690829113e55d89fcc90,planner_dev1696_randommask,0.9198066932782654,ok,1.0,dc5adf1f1c2e5567
1.0,1.0,1.0,0.7685793976300368,2021.10.05.07.49.39_veh-52_00770_00905,1.0,8ba818ce5355a81d7bd8562b5f15f652e48d4e2d59ad739f42c36b550f44ba02,planner_dev1696_randommask,0.9035747490125153,ok,1.0,dccfde2da28d5dbe
1.0,1.0,1.0,0.81540067639969,2021.10.05.07.49.39_veh-52_00770_00905,1.0,ef6fb3b8542ab9bb65b71c1c0cfa1f92fbe40ed43bcf4dfbbbf5f1cefce350e9,planner_dev1696_randommask,0.9230836151665375,ok,1.0,dd73b1a1de5253b0
1.0,1.0,1.0,0.7203147341941678,2021.10.05.07.49.39_veh-52_00770_00905,1.0,c630b9fd5161de99d624565672793ee9d0995517dd4c25b896b83ad8be688988,planner_dev1696_randommask,0.8834644725809033,ok,1.0,dd9d8e686a345f74
1.0,1.0,1.0,1.0,2021.10.05.07.49.39_veh-52_00770_00905,1.0,309e5071dc7268c883d3292b250a3bd568654bd94385eadd4fc0075fe09a51e9,planner_dev1696_randommask,1.0,ok,1.0,e447ace78361537e
1.0,1.0,1.0,0.7220040245534004,2021.10.05.07.49.39_veh-52_00770_00905,1.0,a454f93df70b82f0221014e965483e591a8da9490f8bcf7fa8f0d57cc37ae568,planner_dev1696_randommask,0.8841683435639168,ok,1.0,ee7343c491db5537
1.0,1.0,1.0,0.760578533600932,2021.10.05.07.49.39_veh-52_00770_00905,1.0,2c78dd337efc4fc0788feaa115d20573c17b437c7e09a1ab157f61f999beb664,planner_dev1696_randommask,0.9002410556670549,ok,1.0,f062fb353fc1540f
1.0,1.0,1.0,0.6796895358599981,2021.10.05.07.49.39_veh-52_00770_00905,1.0,d2c71b6e782699f393ed733f9df1cc562b682ef803efb4f2fc8dc548b7ae54bd,planner_dev1696_randommask,0.8665373066083326,ok,1.0,fac63ed354f95c7b
1.0,1.0,1.0,0.7818093403045137,2021.10.05.07.49.39_veh-52_00770_00905,1.0,0f7c15b196102afbf6bb00fffe999810242299542d14882fc283a556a203fca6,planner_dev1696_randommask,0.9090872251268807,ok,1.0,fe1838e14f915f8f
1.0,1.0,1.0,0.9327478399007029,2021.10.01.17.52.06_veh-28_01141_01264,1.0,979461ba09ce6fc7a606ec3a9784838e0f0d72753ea2cbe9f305ab97ee4c27ed,planner_dev1696_randommask,0.9719782666252929,ok,1.0,0b6d1ed507635a6e
1.0,1.0,1.0,0.8989068981279198,2021.10.01.17.52.06_veh-28_01141_01264,1.0,939978abd956692e5cf9b0af6621c907be73a5144cc4180c5d48ceb8d57ec869,planner_dev1696_randommask,0.9578778742199665,ok,1.0,1753352ab8255c21
1.0,1.0,1.0,0.7740553976803106,2021.10.01.17.52.06_veh-28_01141_01264,1.0,5d6eacd2ae4ed8b13283b60de732ceb49c485e55954e9af1269d00c6f8869955,planner_dev1696_randommask,0.9058564157001294,ok,1.0,1d85875eaf9c5a3f
1.0,1.0,1.0,0.9145413629559985,2021.10.01.17.52.06_veh-28_01141_01264,1.0,abb5f5f9a3a95ec0dadd200ea4ad178154203a66a8f384e1dd49d12abfba1573,planner_dev1696_randommask,0.9643922345649995,ok,1.0,3797925f74955b28
1.0,1.0,1.0,0.7341718337260251,2021.10.01.17.52.06_veh-28_01141_01264,1.0,a8b1524dc52b1e5e76f883fc83b0c8998b1d35b722100360913294ab029f3dd1,planner_dev1696_randommask,0.8892382640525104,ok,1.0,3847daeaf69250c1
1.0,1.0,1.0,0.8546208011491176,2021.10.01.17.52.06_veh-28_01141_01264,1.0,5f2d66a5d1bea535f0aeaa06f3c1cba70725f3342157f1146aaf5ed6b68c7cbd,planner_dev1696_randommask,0.9394253338121322,ok,1.0,3c7e47f60864523a
1.0,1.0,1.0,0.9116450040034283,2021.10.01.17.52.06_veh-28_01141_01264,1.0,c07d069aa31b07df4b4182648e7a1d8e202983542526184023926fc85a82438c,planner_dev1696_randommask,0.9631854183347618,ok,1.0,3de980a9cef75550
1.0,1.0,1.0,0.9878339449521991,2021.10.01.17.52.06_veh-28_01141_01264,1.0,c77a333a167d8af1ade91fe64315daa142b4b8b17fbbf5ded0297201f0746fb4,planner_dev1696_randommask,0.9949308103967497,ok,1.0,4b66fd3a626b5be8
1.0,1.0,1.0,0.5623931874996513,2021.10.01.17.52.06_veh-28_01141_01264,1.0,290301913a8ab4f76f27be7e2618dec02106c7c2e24c9ca9d5efcec7e9c1ddd1,planner_dev1696_randommask,0.8176638281248548,ok,1.0,4c2f4189a319584d
1.0,1.0,1.0,0.9352779664594778,2021.10.01.17.52.06_veh-28_01141_01264,1.0,5ca538367efeab0633d1b849d1c0f5af534adc829c35a233e611adad86fab55a,planner_dev1696_randommask,0.9730324860247824,ok,1.0,4d431311516d5e88
1.0,1.0,1.0,0.7975445911060022,2021.10.01.17.52.06_veh-28_01141_01264,1.0,64937431ef3766dcf56c282257ff87b730537610a11314b08769d59c3a59db3a,planner_dev1696_randommask,0.9156435796275009,ok,1.0,51f7835e4ba057be
1.0,1.0,1.0,0.9325962561442112,2021.10.01.17.52.06_veh-28_01141_01264,1.0,ecbdcf7db75bf7ac2d3cf81e996207ded546b4bf79b2b3180ae713e32388c329,planner_dev1696_randommask,0.9719151067267546,ok,1.0,7e02b53ea6ba556a
1.0,1.0,1.0,0.7641834448749041,2021.10.01.17.52.06_veh-28_01141_01264,1.0,556170121dcb201960008df1eae09e89e066db7471f3715e20909e80239b3fac,planner_dev1696_randommask,0.90174310203121,ok,1.0,7f12e4a7eb7e51c7
1.0,1.0,1.0,1.0,2021.10.01.17.52.06_veh-28_01141_01264,1.0,63528882a4bae93174850ce4dbc29ecb71e0f5d13fe2276311f02456626ab8ae,planner_dev1696_randommask,1.0,ok,1.0,8d80fb7fefcd513b
1.0,1.0,1.0,0.7458502876560357,2021.10.01.17.52.06_veh-28_01141_01264,1.0,697bfef8b781c1ff89e9d2523fe87dbd522a5096d8fb287a876dc25923204b5f,planner_dev1696_randommask,0.8941042865233482,ok,1.0,93f4a7c97bf55154
1.0,1.0,1.0,0.6951419434397654,2021.10.01.17.52.06_veh-28_01141_01264,1.0,1a1dd77b10d7fc290dffd621b2e046acabfe01b14660fe1feb4ae3b77fcdbf0a,planner_dev1696_randommask,0.8729758097665689,ok,1.0,962977e974885acd
1.0,1.0,1.0,1.0,2021.10.01.17.52.06_veh-28_01141_01264,1.0,c2a7cd97e80f80403196a026ee380218977335cdcd39847de44d56594fc58b58,planner_dev1696_randommask,1.0,ok,1.0,9694f4c94c0c55bf
1.0,1.0,1.0,0.9468140486921865,2021.10.01.17.52.06_veh-28_01141_01264,1.0,2d2680d82e7ed46dbfe1eb8570726eeee731c08209ec234b570947477410923b,planner_dev1696_randommask,0.9778391869550777,ok,1.0,97a3fc19fc7b508e
1.0,1.0,1.0,0.9751962145148666,2021.10.01.17.52.06_veh-28_01141_01264,1.0,faea50495895c3b1189223c3e75da28c53e735efae99b78230497758e2c18207,planner_dev1696_randommask,0.9896650893811945,ok,1.0,a43022f0434c530b
1.0,1.0,1.0,0.894339143255303,2021.10.01.17.52.06_veh-28_01141_01264,1.0,dbc212bd9e0c4cc7795c764a2f1f35abc4b1eb12c92dcec556aa0bba8fe6ed2d,planner_dev1696_randommask,0.9559746430230428,ok,1.0,aba976ffd9c451de
1.0,1.0,1.0,0.9215485416425636,2021.10.01.17.52.06_veh-28_01141_01264,1.0,4df459ab06a029b5bbd9335b96aebde8acd3768ba79e29fcbe04603f17749a1e,planner_dev1696_randommask,0.9673118923510682,ok,1.0,ac7799ea12475109
1.0,1.0,1.0,0.9540320875732232,2021.10.01.17.52.06_veh-28_01141_01264,1.0,c2b49a92319c524a329df92e3f381438fcb09b1a9298734f9e111d4a67ab69ae,planner_dev1696_randommask,0.9808467031555098,ok,1.0,ae423ca6966757cf
1.0,1.0,1.0,0.8375993866539774,2021.10.01.17.52.06_veh-28_01141_01264,1.0,01a8cf7fa1d0d97c7624ad28e1ccd2557e56e78463ad5685da28772e23159dfe,planner_dev1696_randommask,0.9323330777724905,ok,1.0,b1dfcdc2c85b536b
1.0,1.0,1.0,1.0,2021.10.01.17.52.06_veh-28_01141_01264,1.0,30e513dd0b438e7cd9b3d11a553de6fef40980f8976e29726f85a2513a9105eb,planner_dev1696_randommask,1.0,ok,1.0,c3b1d706a2335cc9
1.0,1.0,1.0,0.9601951833741644,2021.10.01.17.52.06_veh-28_01141_01264,1.0,a6adeb130039e9b9bcc56a07a108e6cd117ed5064b8af94a83b77df4740dcec0,planner_dev1696_randommask,0.9834146597392351,ok,1.0,cf1b07486b655b3a
1.0,1.0,1.0,0.9355820006738854,2021.10.01.17.52.06_veh-28_01141_01264,1.0,878a96e8a8b97331494a915148c0a905c1344b2edf0f570c77a9dc0cf378083a,planner_dev1696_randommask,0.9731591669474522,ok,1.0,d72a31dfc0ec5e11
1.0,1.0,1.0,0.9589763086079404,2021.10.01.17.52.06_veh-28_01141_01264,1.0,195265ff9b60945ae961677d438ad9d4815cab277e57af44bd309ff2a9f026f6,planner_dev1696_randommask,0.9829067952533085,ok,1.0,e9be03d5069b52bc
1.0,1.0,1.0,0.8727396190413191,2021.10.01.17.52.06_veh-28_01141_01264,1.0,174f53b6df9bcb6bc22385d7686a88acbee2483b82d4a7da1c815062c2b6b165,planner_dev1696_randommask,0.9469748412672163,ok,1.0,f4188f0f2c17514d
1.0,1.0,1.0,0.8075487649774246,2021.06.09.12.06.35_veh-35_01164_01494,1.0,0c2386e54784e81c12dd1c4ef7d3da7deae45ff5983cd83bf11f07d166340ff4,planner_dev1696_randommask,0.9198119854072603,ok,1.0,0090af8e15415a95
1.0,1.0,1.0,1.0,2021.06.09.12.06.35_veh-35_01164_01494,1.0,5b5dc4fef191a2fa1ff17f00469cb22e2fdbbec55c8b380b6ac126441298a76c,planner_dev1696_randommask,1.0,ok,1.0,01d99dddfff055b4
1.0,1.0,1.0,0.8516591754784932,2021.06.09.12.06.35_veh-35_01164_01494,1.0,6b9e202f08a4558ff58e92f843f3f5182db0101739379834e16b7bd0d629e349,planner_dev1696_randommask,0.9381913231160389,ok,1.0,02036a881c8757cd
1.0,1.0,1.0,0.8096607504098537,2021.06.09.12.06.35_veh-35_01164_01494,1.0,39dc51754f5903cdec34c275d3a7a9d9c5ae593da4227706b72ed448ce7617bd,planner_dev1696_randommask,0.920691979337439,ok,1.0,02831f0823a75275
1.0,1.0,1.0,0.7881690037597464,2021.06.09.12.06.35_veh-35_01164_01494,1.0,5e77c85e099e1e279992b8a9a7be6baefe0deea87279cf3b97d3ed5f50c69c03,planner_dev1696_randommask,0.9117370848998944,ok,1.0,052f982083e859d7
1.0,1.0,1.0,1.0,2021.06.09.12.06.35_veh-35_01164_01494,1.0,655d04d577386b6feba9b296ad94725ed704ef6611b369e5d6e38fbac85bb092,planner_dev1696_randommask,1.0,ok,1.0,09909af20007564a
1.0,1.0,1.0,0.8159061319762643,2021.06.09.12.06.35_veh-35_01164_01494,1.0,3c15ffa7c9e344ec4b9bf85839e4da34946e201d5780851dd869d39a6ffb859a,planner_dev1696_randommask,0.9232942216567768,ok,1.0,09a440cb0aeb567a
1.0,1.0,1.0,0.8968780565805342,2021.06.09.12.06.35_veh-35_01164_01494,1.0,c5165eb401dcd51ed083c1c6bd7c12d16562c007e5a5255a7642292933077b34,planner_dev1696_randommask,0.9570325235752226,ok,1.0,0a6a37e522035224
1.0,1.0,1.0,0.888177800704029,2021.06.09.12.06.35_veh-35_01164_01494,1.0,199cf5fa7458e5361c4ba01bec84187a8ed5b1999b0abc55dcdc4d616d454c05,planner_dev1696_randommask,0.9534074169600121,ok,1.0,1035c6107e4b52d3
1.0,1.0,1.0,0.7009511244504789,2021.06.09.12.06.35_veh-35_01164_01494,1.0,2fe9db91dd9e4c8c41ed6923bc6739e0f1413228ec35a7b4f7d9771e7db1c56d,planner_dev1696_randommask,0.8753963018543662,ok,1.0,108c162aabf552ba
1.0,1.0,1.0,0.6580088007636592,2021.06.09.12.06.35_veh-35_01164_01494,1.0,20447cfcd79c844e029e7060144a742bb474525311ec0827fa7d406b38dad2f4,planner_dev1696_randommask,0.8575036669848579,ok,1.0,11d448d26126557f
1.0,1.0,1.0,0.7456857297880658,2021.06.09.12.06.35_veh-35_01164_01494,1.0,f66d0029b35260a1577600576e6c0fb84c298f506387703d011e3098077a5897,planner_dev1696_randommask,0.8940357207450275,ok,1.0,12127170e93a53e9
1.0,1.0,1.0,0.9456689067687513,2021.06.09.12.06.35_veh-35_01164_01494,1.0,f70010218310e12e4f5defc3d37d224fcac32f5f7e70269626b2d59bd54a23ef,planner_dev1696_randommask,0.9773620444869797,ok,1.0,147c06dffbdb5bc4
1.0,1.0,1.0,0.8281425713277173,2021.06.09.12.06.35_veh-35_01164_01494,1.0,d2d6889b92176e40e4192572181ff98b8d8b3729a98180f817e17601e213c061,planner_dev1696_randommask,0.9283927380532155,ok,1.0,1562991f98315d4d
1.0,1.0,1.0,0.8453511168677388,2021.06.09.12.06.35_veh-35_01164_01494,1.0,9cf82f1b2d11e6e148d376de61844b09c27aa99ad17f21fcee3eb394c4c4591a,planner_dev1696_randommask,0.9355629653615578,ok,1.0,158eecf778cc5684
1.0,1.0,1.0,1.0,2021.06.09.12.06.35_veh-35_01164_01494,1.0,eed24d9d8fc96b2611f6ed420f2d77ae7a8fa50aca7b5d0894e084a25b655e7d,planner_dev1696_randommask,1.0,ok,1.0,1cf2faa6760b5e05
1.0,1.0,1.0,0.9307214680594796,2021.06.09.12.06.35_veh-35_01164_01494,1.0,5e76b236698d0e4a6995196c1cd0806f87ae98e71dccce63c82cc6d7ac2770f6,planner_dev1696_randommask,0.9711339450247832,ok,1.0,1d0ef99351a95bbb
1.0,1.0,1.0,1.0,2021.06.09.12.06.35_veh-35_01164_01494,1.0,e635a7d8c9c8f4adc72549e077b51bb328e53dfdc016ab03c97de16bc0746241,planner_dev1696_randommask,1.0,ok,1.0,1d1a05de41555e8e
1.0,1.0,1.0,1.0,2021.06.09.12.06.35_veh-35_01164_01494,1.0,2d78e59837b381617ae962a2d8c2c198bfd93fae1a1e4a4cc562b4e7cc3101bf,planner_dev1696_randommask,1.0,ok,1.0,244393f5bb9f567c
1.0,1.0,1.0,0.9298157330121645,2021.06.09.12.06.35_veh-35_01164_01494,1.0,7fe8fa5fec20b2f62472c79e72fa84d7d08c49b9645339de437691e9156a792f,planner_dev1696_randommask,0.9707565554217353,ok,1.0,2450f437ff34588e
1.0,1.0,1.0,0.957164196089771,2021.06.09.12.06.35_veh-35_01164_01494,1.0,2878d324ea8c8cb4837685d5425eb53bd41b9ed32ab9e106d0bcd87d602b88be,planner_dev1696_randommask,0.9821517483707378,ok,1.0,27019672a76d5c98
1.0,1.0,1.0,0.7530079330813352,2021.06.09.12.06.35_veh-35_01164_01494,1.0,21908d81e9100ebff53c74f0271433d644ced770b3c74373779b7bc8ce38baa7,planner_dev1696_randommask,0.8970866387838896,ok,1.0,270857aa66a15114
1.0,1.0,1.0,0.8086512100406942,2021.06.09.12.06.35_veh-35_01164_01494,1.0,1c7b3eeff51888a4ace0fc01ab506f44c5ccf2c33a97cb9d561f28bd44f6fda4,planner_dev1696_randommask,0.9202713375169559,ok,1.0,279398536da35c2b
1.0,1.0,1.0,0.7789700557387942,2021.06.09.12.06.35_veh-35_01164_01494,1.0,64965e80eea40273bca164df6909d4889ced0a3c2e9a12afd15adafc87be7712,planner_dev1696_randommask,0.9079041898911643,ok,1.0,2bda22fbdbbb50a8
1.0,1.0,1.0,0.7353648597046124,2021.06.09.12.06.35_veh-35_01164_01494,1.0,b5007911839cda6755263e49ad7ef07bf3424f29bfa71ebe58b3d78e6d903b4b,planner_dev1696_randommask,0.8897353582102552,ok,1.0,2e524a06f4bc59e8
1.0,1.0,1.0,0.8434294675712385,2021.06.09.12.06.35_veh-35_01164_01494,1.0,1885f29d1d498b8baff84c438b015362fd597e524fbb71066937bd26f4876182,planner_dev1696_randommask,0.9347622781546828,ok,1.0,2fb80e8e9597522f
1.0,1.0,1.0,0.8113653277085159,2021.06.09.12.06.35_veh-35_01164_01494,1.0,0ab80828341aea0d44cfabe6d825ba5d1c8b729defa28c54e5294173761220c0,planner_dev1696_randommask,0.9214022198785483,ok,1.0,2fffb118c5535879
1.0,1.0,1.0,0.8033726321144289,2021.06.09.12.06.35_veh-35_01164_01494,1.0,15182998d3cb073e6f9d6c6ad40304d089f0f7a9e9697d686f05dd5005733214,planner_dev1696_randommask,0.9180719300476787,ok,1.0,31c10b004a0d5f1e
1.0,1.0,1.0,0.9450446503562018,2021.06.09.12.06.35_veh-35_01164_01494,1.0,c5860b7e68e7abf7cd98ae3c28a12e66ca13c823e3647362da466512b0cde519,planner_dev1696_randommask,0.9771019376484175,ok,1.0,32940e6a93e95fd5
1.0,1.0,1.0,0.7961470614129755,2021.06.09.12.06.35_veh-35_01164_01494,1.0,e4376e3ac0a59abef69f8bb60ceff40c2b441c1cde8247210c758a4e9836aad4,planner_dev1696_randommask,0.9150612755887398,ok,1.0,329eb6cc8c325f71
1.0,1.0,1.0,0.9084881768654034,2021.06.09.12.06.35_veh-35_01164_01494,1.0,bbf795bb782dfd86f04670940d26b948a276376dddc3573d023e5d7372ecabf9,planner_dev1696_randommask,0.9618700736939182,ok,1.0,36a87f95e5a05e75
1.0,1.0,1.0,0.7782579245820781,2021.06.09.12.06.35_veh-35_01164_01494,1.0,57a87419ac2400448743586f57cc0aa104ca967e6cb1ac99bb9d0273ac912170,planner_dev1696_randommask,0.9076074685758658,ok,1.0,3746d6f474565ca0
1.0,1.0,1.0,1.0,2021.06.09.12.06.35_veh-35_01164_01494,1.0,bac04b2e5ca72c681e7c1356c1d5236593ecb753fb2a7b52bee2535df0234716,planner_dev1696_randommask,1.0,ok,1.0,3c0e5824b0785582
1.0,1.0,1.0,0.7981901855702223,2021.06.09.12.06.35_veh-35_01164_01494,1.0,cd253f980bd5e169a89ed11b0f0f93db6a9a5530ceb39de419f148c50176120e,planner_dev1696_randommask,0.9159125773209259,ok,1.0,3c6c773db2f558e5
1.0,1.0,1.0,0.9833946769435191,2021.06.09.12.06.35_veh-35_01164_01494,1.0,bf78a83790d9bcdd58eb24c743b3d9382fe29525e21e54fc1008518206074466,planner_dev1696_randommask,0.9930811153931329,ok,1.0,3f69fae28f2b5905
1.0,1.0,1.0,0.9234981599249363,2021.06.09.12.06.35_veh-35_01164_01494,1.0,ab9e04c1c2dbd27320d61628f73f164925c051fd149f15d0591e7ffa759fa13d,planner_dev1696_randommask,0.9681242333020568,ok,1.0,3f83ff89a0b8508a
1.0,1.0,1.0,0.814455306548684,2021.06.09.12.06.35_veh-35_01164_01494,1.0,e6cc08dfe84709f52f8f0b2e93799065a20d5b4999a0d3f54ead37b395b6c331,planner_dev1696_randommask,0.9226897110619516,ok,1.0,3fdaab2718695484
1.0,1.0,1.0,0.9632422654886466,2021.06.09.12.06.35_veh-35_01164_01494,1.0,f3440e4b15de6b7bc85f248c67643fee2e552cd259163c464a286e43afca470c,planner_dev1696_randommask,0.9846842772869361,ok,1.0,42ba979bc4555510
1.0,1.0,1.0,0.8696487234087156,2021.06.09.12.06.35_veh-35_01164_01494,1.0,4c734deaf13d97dbe32b48e66fead92ae57a5f280048a5d5a0fef4f1b9ffd58f,planner_dev1696_randommask,0.945686968086965,ok,1.0,433f5b72f4465952
1.0,1.0,1.0,0.6858449698486039,2021.06.09.12.06.35_veh-35_01164_01494,1.0,cbd342830b3690c30027392ae57068f0d208059bd5ea801e06e02e7c442297db,planner_dev1696_randommask,0.8691020707702517,ok,1.0,473469a94bd255b5
1.0,1.0,1.0,0.9490480856525267,2021.06.09.12.06.35_veh-35_01164_01494,1.0,69dbf045df8cbf1541faefb0669d67863beaa9e9160a9d9e1421f15a8310e581,planner_dev1696_randommask,0.9787700356885528,ok,1.0,48ff23d4f1d15802
1.0,1.0,1.0,0.7907794560858731,2021.06.09.12.06.35_veh-35_01164_01494,1.0,5c107704547f60f16feaf205b441e446d77951ea4b9b797b6981a5f50747a1cf,planner_dev1696_randommask,0.9128247733691138,ok,1.0,4aa20b4afd5d585e
1.0,1.0,1.0,0.8761981086735183,2021.06.09.12.06.35_veh-35_01164_01494,1.0,fd147eb6ebb8a2259e20c4e151c95a4cdd8e590da669da933ac486c10e14377c,planner_dev1696_randommask,0.9484158786139659,ok,1.0,4b0684256b7c514b
1.0,1.0,1.0,0.8756637627018414,2021.06.09.12.06.35_veh-35_01164_01494,1.0,bd01b0a2a851689cd48d7b5f3d5653e04b57139f602844e3c9c19c0da13df3fc,planner_dev1696_randommask,0.9481932344591005,ok,1.0,4c353752376d5c25
1.0,1.0,1.0,0.8050442268928583,2021.06.09.12.06.35_veh-35_01164_01494,1.0,33dcbcdc5654556d66b8fabddce17c248d8c6d77dc5c2451362f0c84cc9c1011,planner_dev1696_randommask,0.9187684278720244,ok,1.0,50b0ab9dfc405cae
1.0,1.0,1.0,0.8475729659023751,2021.06.09.12.06.35_veh-35_01164_01494,1.0,e215ba2872623b3a11e0797583a98014355193685e77de2d992858e7188ffec0,planner_dev1696_randommask,0.9364887357926562,ok,1.0,54ea093eed9f5c7f
1.0,1.0,1.0,1.0,2021.06.09.12.06.35_veh-35_01164_01494,1.0,7bb2a9f7bd9baba1f1131666807464ac0f057364fdb77a729c1e967b119daf85,planner_dev1696_randommask,1.0,ok,1.0,55d627edf1c05c6c
1.0,1.0,1.0,0.8807084973870196,2021.06.09.12.06.35_veh-35_01164_01494,1.0,5dfc39ca4a1b40df843ca0dc38835be1eb79731688790db18bac70a7aad782d5,planner_dev1696_randommask,0.9502952072445915,ok,1.0,592e6aa71cc85423
1.0,1.0,1.0,0.7853535013320319,2021.06.09.12.06.35_veh-35_01164_01494,1.0,828bca96e8e3443253dc418af13f4dc5c9b239b1d12fa2478b0eea74eea77784,planner_dev1696_randommask,0.9105639588883466,ok,1.0,5980823125de5b77
1.0,1.0,1.0,0.9111149891006919,2021.06.09.12.06.35_veh-35_01164_01494,1.0,44b9b71a411c0b5ec6520bbd076cc8fbcd9e5bb1f34bbf24c5ba9d0db91375ce,planner_dev1696_randommask,0.9629645787919549,ok,1.0,59cd72291d1b5c61
1.0,1.0,1.0,0.8138397102043765,2021.06.09.12.06.35_veh-35_01164_01494,1.0,9bb0063fe4ce1ce4aa1743e1e04d2af4b2d475265047ee4be6498c4db4f418fa,planner_dev1696_randommask,0.9224332125851569,ok,1.0,5b1c7c1d71e85bd9
1.0,1.0,1.0,0.9533377967760909,2021.06.09.12.06.35_veh-35_01164_01494,1.0,91da56ceb63e311ed5111906b3b87a2520eb174b8915a609d11048e4e7ad5b7c,planner_dev1696_randommask,0.9805574153233713,ok,1.0,5b9d89b5e90257d8
1.0,1.0,1.0,0.9756809118267417,2021.06.09.12.06.35_veh-35_01164_01494,1.0,06c61c10837d390564643ee32a8e39e06c38694e36ea0577910442ca752c7ed2,planner_dev1696_randommask,0.9898670465944757,ok,1.0,5d2ee5c23b555bac
1.0,1.0,1.0,0.9079042151142408,2021.06.09.12.06.35_veh-35_01164_01494,1.0,84ca7e86ccb273a979cf52526fbd0f58ae5678731216b258c0c3fe939d8515ed,planner_dev1696_randommask,0.9616267562976004,ok,1.0,5fec23f5a5d052cd
1.0,1.0,1.0,0.7489678255673041,2021.06.09.12.06.35_veh-35_01164_01494,1.0,34d90475cba33610754e6a07a08dcfa9b8bc248f80fcb29f993ec89110d09178,planner_dev1696_randommask,0.8954032606530434,ok,1.0,633ee0b9bc865394
1.0,1.0,1.0,0.809391409443025,2021.06.09.12.06.35_veh-35_01164_01494,1.0,86f25aaeadad107eb4b44dbc75c49a8a6e3254729b24de86873ff0738a0e2e8b,planner_dev1696_randommask,0.9205797539345938,ok,1.0,679848c50acb5b02
1.0,1.0,1.0,1.0,2021.06.09.12.06.35_veh-35_01164_01494,1.0,70b5c7e509c64787528507943ee0fee557d0ab4d420ef775699db7bdaf499b7d,planner_dev1696_randommask,1.0,ok,1.0,694febdb81105aa6
1.0,1.0,1.0,0.7529918411877343,2021.06.09.12.06.35_veh-35_01164_01494,1.0,d7c758d2aec63bcbf1d4ac021c6beb125aef5d3ed62b3fb307429f9b6ce168ad,planner_dev1696_randommask,0.8970799338282226,ok,1.0,6a9a24d0bacf5229
1.0,1.0,1.0,0.9574668207852559,2021.06.09.12.06.35_veh-35_01164_01494,1.0,66ea55afe196771b5532d5da3cee5150a69b1bc799400b0bfa2f457d45b7f498,planner_dev1696_randommask,0.9822778419938567,ok,1.0,6ee8095e2d8b599c
1.0,1.0,1.0,1.0,2021.06.09.12.06.35_veh-35_01164_01494,1.0,5279f95d7a8907331a6871729940a6709e06660824ddd8ba05ff43595ef4fc49,planner_dev1696_randommask,1.0,ok,1.0,6f6d3439591151c0
1.0,1.0,1.0,0.8756128768909445,2021.06.09.12.06.35_veh-35_01164_01494,1.0,118b10eeb00d1f6ae3af710e0f04b441195080bb9279c773681b1c38959ca934,planner_dev1696_randommask,0.9481720320378936,ok,1.0,6fcb034448195e87
1.0,1.0,1.0,0.9396828682334956,2021.06.09.12.06.35_veh-35_01164_01494,1.0,c63efd6d4ac7a19e1060096b900c14fd9e2c0f8de00e4a79d1ae70d429c1b4eb,planner_dev1696_randommask,0.9748678617639565,ok,1.0,703f27b09d325c11
1.0,1.0,1.0,0.9158183267451474,2021.06.09.12.06.35_veh-35_01164_01494,1.0,bc9c517e127f2860705bb6355f564151b76960b6f9d51011cd6a197fb8ea66b6,planner_dev1696_randommask,0.964924302810478,ok,1.0,70c37dde93f25c64
1.0,1.0,1.0,0.9210557943954646,2021.06.09.12.06.35_veh-35_01164_01494,1.0,0b68881bb393f28660ec75c70944488103af1be35dae99956c645335b75f2208,planner_dev1696_randommask,0.9671065809981103,ok,1.0,72ba153a1fc059c6
1.0,1.0,1.0,0.9501138817578708,2021.06.09.12.06.35_veh-35_01164_01494,1.0,c1492e29e8e599c99976456ccb8cb38ecaaea784e497f2670d85d0ebed18bfe7,planner_dev1696_randommask,0.9792141173991128,ok,1.0,74c5a4e255b950f7
1.0,1.0,1.0,1.0,2021.06.09.12.06.35_veh-35_01164_01494,1.0,94730532b3be1b1382faf474269ea12ce47329836715753da289ad32a56a040e,planner_dev1696_randommask,1.0,ok,1.0,78bd4a0ea3e35682
1.0,1.0,1.0,1.0,2021.06.09.12.06.35_veh-35_01164_01494,1.0,872e8515ccff9c60b3ed8b47ab008026465099f6156501159ed7215434e8cc68,planner_dev1696_randommask,1.0,ok,1.0,7d14dc9e1394504c
1.0,1.0,1.0,0.7908386745899596,2021.06.09.12.06.35_veh-35_01164_01494,1.0,c5d2f625b8a9da6da38275c2f5cb45070bee080cf01acdde512cfa3b191735f0,planner_dev1696_randommask,0.9128494477458166,ok,1.0,7dc37d18911457a8
1.0,1.0,1.0,0.9442898298285546,2021.06.09.12.06.35_veh-35_01164_01494,1.0,b9f596905a378cda6f6d6bd75e25fca42b52f9239bddec3ed461052d004e71a2,planner_dev1696_randommask,0.9767874290952311,ok,1.0,7e664b90d195584d
1.0,1.0,1.0,1.0,2021.06.09.12.06.35_veh-35_01164_01494,1.0,596737fb75439923a771929ce9b5b35780cf75dc9829fe08d3d72a8c23fd479b,planner_dev1696_randommask,1.0,ok,1.0,7e682022c639513c
1.0,1.0,1.0,1.0,2021.06.09.12.06.35_veh-35_01164_01494,1.0,1ff3620c9db451666df9cae4c5b4e9d23d5268c08686d54de616aa50fb32d7f6,planner_dev1696_randommask,1.0,ok,1.0,7eb9806c2ac25fd6
1.0,1.0,1.0,0.852230999725822,2021.06.09.12.06.35_veh-35_01164_01494,1.0,c21019d44095b6065e7ce91ac92e85791fecc3c51a79c5e6e6d3bbf194b9c11b,planner_dev1696_randommask,0.9384295832190924,ok,1.0,8381aa53dbb55c90
1.0,1.0,1.0,1.0,2021.06.09.12.06.35_veh-35_01164_01494,1.0,d9b141726d0b835068e39a59feb622155267a60c28b178c06d8916186cf8a16e,planner_dev1696_randommask,1.0,ok,1.0,8bb9b664551e5148
1.0,1.0,1.0,0.7533494628976573,2021.06.09.12.06.35_veh-35_01164_01494,1.0,1f2deb70faef080200ea49bc89b8caabf7702d7d39f1781054a219de8e764acf,planner_dev1696_randommask,0.8972289428740239,ok,1.0,8fc1509fbdee54ac
1.0,1.0,1.0,0.9866875214506585,2021.06.09.12.06.35_veh-35_01164_01494,1.0,a6d02ee3651edd6f06ef645186c4c529ec193374ea886f82bdde1dccae4c5f38,planner_dev1696_randommask,0.9944531339377743,ok,1.0,9453e27e0bc25019
1.0,1.0,1.0,0.8430223278155986,2021.06.09.12.06.35_veh-35_01164_01494,1.0,128525c72c16a3462f7b09f27333c148ceed3f61e62d8448760e924c23c2fe08,planner_dev1696_randommask,0.9345926365898327,ok,1.0,946cb4c69bd85da6
1.0,1.0,1.0,0.8414039663682006,2021.06.09.12.06.35_veh-35_01164_01494,1.0,9c8a659eb672bc6b4fa53bf5c742483a8d2c0916696435ecf952367ec7c00fa6,planner_dev1696_randommask,0.9339183193200835,ok,1.0,97b60971053a5a8f
1.0,1.0,1.0,0.891078602668702,2021.06.09.12.06.35_veh-35_01164_01494,1.0,52f2d9b86265b99250b6cfa1445973a16bf81238753296b925a15479aa5d976f,planner_dev1696_randommask,0.9546160844452926,ok,1.0,99ded0a5f4475071
1.0,1.0,1.0,0.7029381113451496,2021.06.09.12.06.35_veh-35_01164_01494,1.0,dfecbc71e547f44eac6f7d3cadb67e0d90abb3d82f0a98a4a5c6bfd9b56c39d5,planner_dev1696_randommask,0.876224213060479,ok,1.0,9a3297e2227653e7
1.0,1.0,1.0,0.8238071237356436,2021.06.09.12.06.35_veh-35_01164_01494,1.0,d05621bd3592cdad3daa266a1a9fc2eda6aff1d0727bb308f40c4b00e2f99b16,planner_dev1696_randommask,0.9265863015565182,ok,1.0,9b3708708fbd550f
1.0,1.0,1.0,0.8155383868906793,2021.06.09.12.06.35_veh-35_01164_01494,1.0,3e3348caaab8119101056c747282492ecd71c13a03026ff17dc09cca39c867e4,planner_dev1696_randommask,0.923140994537783,ok,1.0,9cb570dc6b2b5355
1.0,1.0,1.0,0.7842944362330656,2021.06.09.12.06.35_veh-35_01164_01494,1.0,38fbbc35d63606e1af59546e7bd8dc63e8d0bac8eb7d2e998858963f2362e298,planner_dev1696_randommask,0.9101226817637773,ok,1.0,a1722fd06916560d
1.0,1.0,1.0,0.7219932498011145,2021.06.09.12.06.35_veh-35_01164_01494,1.0,7360d9180ed7eb8b3f16b9f0da23ce19358df4cb7155007128d5a310a970b98b,planner_dev1696_randommask,0.8841638540837976,ok,1.0,a22e6b1ef8655ecf
1.0,1.0,1.0,1.0,2021.06.09.12.06.35_veh-35_01164_01494,1.0,66a39eca30785fb55865bbf308e6ccc9a921f1b09b9f523bdb6dfb7896f9e18b,planner_dev1696_randommask,1.0,ok,1.0,a30635daffc75118
1.0,1.0,1.0,0.9704176305690265,2021.06.09.12.06.35_veh-35_01164_01494,1.0,f74599652fe6e41c8f1def92cb05394927e51aa82ebeb6f4fe60b0a719453270,planner_dev1696_randommask,0.9876740127370943,ok,1.0,a61c2bbd0f3d5d8b
1.0,1.0,1.0,1.0,2021.06.09.12.06.35_veh-35_01164_01494,1.0,80f41865274899ab80496d21200dadf03758c2ec7eecefa1192488d81157abf0,planner_dev1696_randommask,1.0,ok,1.0,af72d87120a75e89
1.0,1.0,1.0,0.9025855258612456,2021.06.09.12.06.35_veh-35_01164_01494,1.0,231232b824fd3ed6c2ad1fcc64480de9d5d0e3abecc19d7dd62c458d947a9420,planner_dev1696_randommask,0.959410635775519,ok,1.0,b007973e1a8c56cb
1.0,1.0,1.0,0.7775977485529283,2021.06.09.12.06.35_veh-35_01164_01494,1.0,809d5fe4a9c79ac90951be3ba5981fc71f025a9f07ecfe61a7db280bba61e698,planner_dev1696_randommask,0.9073323952303868,ok,1.0,b23ede9a183b5b71
1.0,1.0,1.0,0.6429948383613072,2021.06.09.12.06.35_veh-35_01164_01494,1.0,662de85e8e5515b673ded4cb24bd79a55d9890899c3f507084a65470a63ab122,planner_dev1696_randommask,0.8512478493172114,ok,1.0,b5de22e724db5143
1.0,1.0,1.0,0.9330437968219766,2021.06.09.12.06.35_veh-35_01164_01494,1.0,3b036852403312ab7dee2755707df9eb0a5379636f44a3e21cc9ae7cf45d13c2,planner_dev1696_randommask,0.9721015820091569,ok,1.0,b6aac26e82e05762
1.0,1.0,1.0,0.9243513965668597,2021.06.09.12.06.35_veh-35_01164_01494,1.0,716a5676eadfa08be6cc9d8940d44cb2230b77e894911d8cf30f568d974b6c72,planner_dev1696_randommask,0.9684797485695249,ok,1.0,b7bf330d5c115db3
1.0,1.0,1.0,1.0,2021.06.09.12.06.35_veh-35_01164_01494,1.0,e95078747b3e85c6db05544a0eb85b9a6b959f450863029e6f5fb4c5b6d91f1f,planner_dev1696_randommask,1.0,ok,1.0,b91fedc2a88751e1
1.0,1.0,1.0,1.0,2021.06.09.12.06.35_veh-35_01164_01494,1.0,670f1fbfc8bb8adcae566d281cd92ed7f2ada4f8c3d1950a9fad65170964b765,planner_dev1696_randommask,1.0,ok,1.0,be8cd276bd665f61
1.0,1.0,1.0,1.0,2021.06.09.12.06.35_veh-35_01164_01494,1.0,8f50750803a54c36acbb999b4306be589d2e6e1f4b02fdc2270b689e669f44cb,planner_dev1696_randommask,1.0,ok,1.0,c1e04a28d50f5105
1.0,1.0,1.0,1.0,2021.06.09.12.06.35_veh-35_01164_01494,1.0,5bc5f7ec75e1fb4867d7fad12dc4b710e55a6e4ff78a0d03916b66b8ac5222fc,planner_dev1696_randommask,1.0,ok,1.0,c588c26050e057b1
1.0,1.0,1.0,1.0,2021.06.09.12.06.35_veh-35_01164_01494,1.0,b6f0c677fb21fd47d47d4ee1332c5b96d10577ffbf256f6854b79953c04e2e42,planner_dev1696_randommask,1.0,ok,1.0,c8b5826567975fc0
1.0,1.0,1.0,1.0,2021.06.09.12.06.35_veh-35_01164_01494,1.0,822a76c7bfa9ce7a27b5ca6c35468c57ab59f7770d2dd65491cdcd5ce657b2f9,planner_dev1696_randommask,1.0,ok,1.0,ca626e7ddb9c5a11
1.0,1.0,1.0,0.8629429882434321,2021.06.09.12.06.35_veh-35_01164_01494,1.0,260687deae38223152f445f0760bf580ca10a2517e5172c7c1ca0d380d045c6e,planner_dev1696_randommask,0.9428929117680968,ok,1.0,cd880952086a553c
1.0,1.0,1.0,0.9057582238942304,2021.06.09.12.06.35_veh-35_01164_01494,1.0,bc5368ab4c000c9c43e850525a6dd6dedc837fe72e2f5605e92ec159fdcfd54d,planner_dev1696_randommask,0.9607325932892626,ok,1.0,cf11598e8f995d83
1.0,1.0,1.0,0.8428458126705841,2021.06.09.12.06.35_veh-35_01164_01494,1.0,c72112fe793e98eb49dcf360e9739182a631ff668b5d9a588e552e2e81f5dd7a,planner_dev1696_randommask,0.9345190886127434,ok,1.0,d1fc6c37998c5b40
1.0,1.0,1.0,1.0,2021.06.09.12.06.35_veh-35_01164_01494,1.0,16e8d0a967439a5fbf0a2514dae896da412fac5a33bc2e78481a419e0b83e817,planner_dev1696_randommask,1.0,ok,1.0,d3addd2ca8c15a58
1.0,1.0,1.0,0.9147255783357608,2021.06.09.12.06.35_veh-35_01164_01494,1.0,d88516ce37d8a4f64f1ce4212335f86835febac713f3d968987434e7ac0a4521,planner_dev1696_randommask,0.9644689909732337,ok,1.0,d9d4ea61407b50cf
1.0,1.0,1.0,0.7938087400857197,2021.06.09.12.06.35_veh-35_01164_01494,1.0,881f4c727c9a4c120f98923ccd66ababe1748be1ef13fa5920a2445b4813b5bc,planner_dev1696_randommask,0.9140869750357165,ok,1.0,dcc745e412fe5fbd
1.0,1.0,1.0,0.863848640766143,2021.06.09.12.06.35_veh-35_01164_01494,1.0,3d0a603a81503fb01eaa50e42cf78d368169511653050398db720ae77cab2d11,planner_dev1696_randommask,0.943270266985893,ok,1.0,e0aa4d3682c6594a
1.0,1.0,1.0,0.901336117939139,2021.06.09.12.06.35_veh-35_01164_01494,1.0,4dcc078920dbc6ac7f2cf25f0a73c88941cd840f32a490610f18cad22cf70b9a,planner_dev1696_randommask,0.9588900491413078,ok,1.0,e2ff3a9fc9e0580d
1.0,1.0,1.0,0.7812743358123836,2021.06.09.12.06.35_veh-35_01164_01494,1.0,ee7284fe75a89c5a5ee2f08c1dfc34a362599872ee0f87dd2190d9cdbbe550e2,planner_dev1696_randommask,0.9088643065884932,ok,1.0,e59bd5d207065b9a
1.0,1.0,1.0,1.0,2021.06.09.12.06.35_veh-35_01164_01494,1.0,df1ef420744d7499a554d9f971d1598a7caf469c126da6d9233a691f0d572cd5,planner_dev1696_randommask,1.0,ok,1.0,e80eed1fab2c5cfd
1.0,1.0,1.0,0.7343649201381696,2021.06.09.12.06.35_veh-35_01164_01494,1.0,af963d23496712f163b50f241212f035c8f6dd90f1844d79cd0f9f8d756c31da,planner_dev1696_randommask,0.8893187167242372,ok,1.0,e8f2bc430a065486
1.0,1.0,1.0,0.8772352549857071,2021.06.09.12.06.35_veh-35_01164_01494,1.0,da2c562df7cae14b0302fe08bb7259af2571edd497b793c3ab4e52ceba3f0f20,planner_dev1696_randommask,0.9488480229107114,ok,1.0,ef10184224ba5d25
1.0,1.0,1.0,1.0,2021.06.09.12.06.35_veh-35_01164_01494,1.0,a141f1c6c086d2dbd290e442a5f816295f34e709db9371ed259dbd4a8a6d7f83,planner_dev1696_randommask,1.0,ok,1.0,ef7fb7627f735a41
1.0,1.0,1.0,0.6368462257637,2021.06.09.12.06.35_veh-35_01164_01494,1.0,b15ab8c00ba31ea0364f7b09633f93057f6500a1d8d9d3ffda85c04950b228d8,planner_dev1696_randommask,0.8486859274015416,ok,1.0,f56dfbb996385805
1.0,1.0,1.0,0.9124499519329854,2021.06.09.12.06.35_veh-35_01164_01494,1.0,9c7d60feb8b98033a7ae8c74ad0ce57a989673302329691472b360bd8b59048d,planner_dev1696_randommask,0.9635208133054105,ok,1.0,faa10d766e1e5675
1.0,1.0,1.0,0.6327084219550428,2021.06.09.12.06.35_veh-35_01164_01494,1.0,c12253a41fc0c57b01923b2ac3754eaa2464712f527e6a0c3cea0b8b7490d14e,planner_dev1696_randommask,0.8469618424812678,ok,1.0,fba4ada6e76d51d5
1.0,1.0,1.0,0.7709402955421563,2021.06.09.12.06.35_veh-35_01164_01494,1.0,1bfb560cdfc421474ca5d651d529e31a0d8d0998fc3ba63332afe92edd93dd7c,planner_dev1696_randommask,0.9045584564758985,ok,1.0,fdc30f8fc86655b0
1.0,1.0,1.0,0.7423490290414241,2021.06.09.12.06.35_veh-35_01164_01494,1.0,d31fadf01ac8a4cfbc4fd682f6f2f0c8c2a33b642c583ca0067b5c3e5da2192e,planner_dev1696_randommask,0.8926454287672602,ok,1.0,ffd3019de9f75d89
1.0,1.0,1.0,0.8064277850242898,2021.07.09.15.53.28_veh-38_00184_02293,1.0,695d8c779800eef251527e4c9e6ea0dd83c4e8b5da3afe5b139324c4ce9a7785,planner_dev1696_randommask,0.9193449104267875,ok,1.0,0034182453455593
1.0,1.0,1.0,1.0,2021.07.09.15.53.28_veh-38_00184_02293,1.0,4735590fbd35db9e5716873e3cbffaba29a8e76b466276b6c13dbd7568002aa2,planner_dev1696_randommask,1.0,ok,1.0,0063186407485185
1.0,1.0,1.0,0.8521650521786945,2021.07.09.15.53.28_veh-38_00184_02293,1.0,30ebad74ec251d269eccff655b8f641425f75d720d92a2cccba7ab69b6554a0d,planner_dev1696_randommask,0.9384021050744561,ok,1.0,00bf064b40495a06
1.0,1.0,1.0,1.0,2021.07.09.15.53.28_veh-38_00184_02293,1.0,f83fb61d7d6422a34fce6e342156599d71cec265d2a3a3c628c9b48030c08c7f,planner_dev1696_randommask,1.0,ok,1.0,00e32fcdcf455ae8
1.0,1.0,1.0,1.0,2021.07.09.15.53.28_veh-38_00184_02293,1.0,009bc84ec77c0b115b0081d051a24f7b5e3ca0d97fd4aeab249b14a52e8cfb6e,planner_dev1696_randommask,1.0,ok,1.0,016139f70ba255f4
1.0,1.0,1.0,0.9316157889436358,2021.07.09.15.53.28_veh-38_00184_02293,1.0,2ce5ac824d75c2a413ed556dc05c43f4aac840646e34c98d8cf224746ed4b34e,planner_dev1696_randommask,0.9715065787265149,ok,1.0,017f6ea65a675bd0
1.0,1.0,1.0,0.8836774509224814,2021.07.09.15.53.28_veh-38_00184_02293,1.0,74f35eb18304106a0f159986720f2fa6bdf0edd79444a35eea57160abb7aec42,planner_dev1696_randommask,0.9515322712177006,ok,1.0,019be72ca2035269
1.0,1.0,1.0,1.0,2021.07.09.15.53.28_veh-38_00184_02293,1.0,76c45b9c0afeedd1af0864d80e853caa2ba0072f34b3b4cc02fa9c4dcc77d9ee,planner_dev1696_randommask,1.0,ok,1.0,01f29c09064f597d
1.0,1.0,1.0,1.0,2021.07.09.15.53.28_veh-38_00184_02293,1.0,af590a63934478dfd5eaaf6260516f2c5928631041079eae344fe82025205a8a,planner_dev1696_randommask,1.0,ok,1.0,02271efb56ca5e62
1.0,1.0,1.0,0.9559021579129,2021.07.09.15.53.28_veh-38_00184_02293,1.0,593c8084c5b0c200a23ca906efc03166198a65dcfdeaf59cc68fc6573d5435ca,planner_dev1696_randommask,0.9816258991303751,ok,1.0,0242cf7ebae4537a
1.0,1.0,1.0,1.0,2021.07.09.15.53.28_veh-38_00184_02293,1.0,08324723050689bbdd9ebdc58c1889dcd08e19d3bf856d3e5e21e0e464541b81,planner_dev1696_randommask,1.0,ok,1.0,039d81c335fa5830
1.0,1.0,1.0,1.0,2021.07.09.15.53.28_veh-38_00184_02293,1.0,c301493347e5c74c9c1808b92fb1fc439aa979191cba006cf1a92a41dabb28ae,planner_dev1696_randommask,1.0,ok,1.0,03d3158b8faf5c81
1.0,1.0,1.0,0.6387235170193912,2021.07.09.15.53.28_veh-38_00184_02293,1.0,e3c82d61c9ea4ccd46402b572ff082034614b0b774259de63e75493179755f58,planner_dev1696_randommask,0.8494681320914129,ok,1.0,03fe497641cc5a31
1.0,1.0,1.0,1.0,2021.07.09.15.53.28_veh-38_00184_02293,1.0,40f349f14515db6e367eb95e2033ad6a3d430ffdd2fea2a93f878cb2d2c8c02e,planner_dev1696_randommask,1.0,ok,1.0,0454457b4d6a5d20
1.0,1.0,1.0,1.0,2021.07.09.15.53.28_veh-38_00184_02293,1.0,d553f1160cbe4b2b39d8e6e5938fd3dbc714cfe9c922e36fac799afe4c133216,planner_dev1696_randommask,1.0,ok,1.0,04db6d7b763754ac
1.0,0.0,1.0,0.0,2021.07.09.15.53.28_veh-38_00184_02293,1.0,b926991b798d40b9342b10ecb26a118ffb09a98e429155d50aaadcb5ec8938fb,planner_dev1696_randommask,0.0,ok,1.0,04eb8d64f2795c58
1.0,1.0,1.0,1.0,2021.07.09.15.53.28_veh-38_00184_02293,1.0,886868e6a13a2e64878488f9e078604338c4ed56bd136ad2c58981272af4900b,planner_dev1696_randommask,1.0,ok,1.0,0683a44547c053e2
1.0,1.0,1.0,0.8223568571563424,2021.07.09.15.53.28_veh-38_00184_02293,1.0,f5d950962ed3ffb462bb1c01716e9b5ec425d4a0f7fc05bf80b1574334849b9f,planner_dev1696_randommask,0.9259820238151427,ok,1.0,06c973b2073057ab
1.0,1.0,1.0,1.0,2021.07.09.15.53.28_veh-38_00184_02293,1.0,d823d45f6dc49a6943e35de6760cfd23850f3d63c8028bc33398489773a00213,planner_dev1696_randommask,1.0,ok,1.0,06f9275753de5cb6
1.0,1.0,1.0,1.0,2021.07.09.15.53.28_veh-38_00184_02293,1.0,ba51c3332a500d00dee9650896a43fe5f299b5457ef576398a5206e090a9c423,planner_dev1696_randommask,1.0,ok,1.0,07667d039f5755fc
1.0,1.0,1.0,0.7721478175009291,2021.07.09.15.53.28_veh-38_00184_02293,1.0,32fae5f59a5a26eaf71de1ae7a31e2395491f39c061fc12e31187914a2fefc74,planner_dev1696_randommask,0.9050615906253872,ok,1.0,0818730194515784
1.0,1.0,1.0,1.0,2021.07.09.15.53.28_veh-38_00184_02293,1.0,ce3e14b065040219bac7b2eb518156ed063b7a42244373e78144aa8d72b974f3,planner_dev1696_randommask,1.0,ok,1.0,0845cc2551fa5e03
1.0,1.0,1.0,1.0,2021.07.09.15.53.28_veh-38_00184_02293,1.0,83d1a1317fcc7ac1876e0edc0c5684ebda92f399a4e80fdc23bf4025c2fb39b8,planner_dev1696_randommask,1.0,ok,1.0,08b90ea812f95157
1.0,1.0,1.0,1.0,2021.07.09.15.53.28_veh-38_00184_02293,1.0,eda41f5b080a5bbfcc73d0502c5f9aca8d959c9250704af6363bd638e6016196,planner_dev1696_randommask,1.0,ok,1.0,08e86035c86c59cf
1.0,1.0,1.0,0.8601630380600779,2021.07.09.15.53.28_veh-38_00184_02293,1.0,0762f5db6b776ec0f9cd878d21ccd164ec1479a33873c1b06df989c7aa3cc30e,planner_dev1696_randommask,0.9417345991916992,ok,1.0,08fef85e66fe56c4
1.0,1.0,1.0,0.9416929544817779,2021.07.09.15.53.28_veh-38_00184_02293,1.0,70eb55197677d627373785743b5c946076949f135e0d77946ac5653bd3064668,planner_dev1696_randommask,0.9757053977007408,ok,1.0,0a508df3445152b0
1.0,1.0,1.0,0.8173180900379402,2021.07.09.15.53.28_veh-38_00184_02293,1.0,1f1a8a1ac87e16282dd91c80ca5bac6fb71155ed9a64bc806050eed51c6fe92f,planner_dev1696_randommask,0.9238825375158083,ok,1.0,0b19cdb05d2c5e68
1.0,1.0,1.0,0.8182328846114527,2021.07.09.15.53.28_veh-38_00184_02293,1.0,9f0bba852c6dafb783a441d5ced12b2911307ce6884baffd1ccd010822c1271d,planner_dev1696_randommask,0.9242637019214387,ok,1.0,0b22e62e12cf5607
1.0,1.0,1.0,0.7419962873791974,2021.07.09.15.53.28_veh-38_00184_02293,1.0,5b9c327c5e703bfbbf25b789dc9389abf159618f374b97a1780849793ddb560e,planner_dev1696_randommask,0.8924984530746656,ok,1.0,0b67d7e9536256af
1.0,1.0,1.0,1.0,2021.07.09.15.53.28_veh-38_00184_02293,1.0,b51b3972a4f929a53c78ead9c9d9e2f8434aa615c584fd1d64d86556554e9cdd,planner_dev1696_randommask,1.0,ok,1.0,0c6651f095895012
1.0,1.0,1.0,0.9558746100123975,2021.07.09.15.53.28_veh-38_00184_02293,1.0,a5ffd4962330d025f867bb2df8db9e1045696ae12f60d8e8fcd2bcee260aaa6e,planner_dev1696_randommask,0.981614420838499,ok,1.0,0c71f6071ee054a8
1.0,1.0,1.0,1.0,2021.07.09.15.53.28_veh-38_00184_02293,1.0,6fb07c6b9c4ef4c1dddee384cf19d68d98d8651758de1ff434fcfb72e9d5ab09,planner_dev1696_randommask,1.0,ok,1.0,0ce992b41b7854f8
1.0,1.0,1.0,0.6927370369400179,2021.07.09.15.53.28_veh-38_00184_02293,1.0,be83fd9418c9aa2f937c8cd0fb521d2838e44892fa0327da1a1780288ea81a62,planner_dev1696_randommask,0.8719737653916741,ok,1.0,0daae1bedaae53c5
1.0,1.0,1.0,0.9186328186636336,2021.07.09.15.53.28_veh-38_00184_02293,1.0,8d9ba0799f2a8549bdd61e505cc34acd11dcc79a4ea739181d145cb3aa0ec23b,planner_dev1696_randommask,0.9660970077765141,ok,1.0,0ee4062c48cc50d9
1.0,1.0,1.0,1.0,2021.07.09.15.53.28_veh-38_00184_02293,1.0,0dd688fff4ad8cd66391ff67ef3ae7c36aa69912f261823f122e73db99d22268,planner_dev1696_randommask,1.0,ok,1.0,0f4042e7f1995020
1.0,1.0,1.0,1.0,2021.07.09.15.53.28_veh-38_00184_02293,1.0,1b4e046cc0216a0ace05e3289c48ddccb69899e67d67b1e64d3318d626b62469,planner_dev1696_randommask,1.0,ok,1.0,0fb7c8347ef25535
1.0,1.0,1.0,0.7038134226156741,2021.07.09.15.53.28_veh-38_00184_02293,1.0,9110a2a346555b41ef48443000c0196ad74a8629c9d0dd9650fb271067d7b141,planner_dev1696_randommask,0.8765889260898643,ok,1.0,100ed6de0208550f
1.0,1.0,1.0,0.8400281528990117,2021.07.09.15.53.28_veh-38_00184_02293,1.0,b70fb91fbf0ea530243bb1f10cd1f3259db56311dfee7182dbf6e708a784020b,planner_dev1696_randommask,0.9333450637079216,ok,1.0,10b7dc9bd96e550a
1.0,1.0,1.0,0.8663134741894212,2021.07.09.15.53.28_veh-38_00184_02293,1.0,97a764fd456ab9fb86494535ee2a9fab051e54739f4b19814bc99467c92c90b1,planner_dev1696_randommask,0.9442972809122588,ok,1.0,10f0de18ec3d5c9f
1.0,1.0,1.0,0.9442370582993609,2021.07.09.15.53.28_veh-38_00184_02293,1.0,a14371b7be68a42f52c2e45c3fd1453f6d7ec105e5585c2999d6dfd93e22e8d0,planner_dev1696_randommask,0.9767654409580672,ok,1.0,10f2a63b52ff556a
1.0,1.0,1.0,0.9153438179162344,2021.07.09.15.53.28_veh-38_00184_02293,1.0,c5303fc47cf94840a0118655985de8ef66d53a653d5d93ac9b9270e0516967e7,planner_dev1696_randommask,0.9647265907984309,ok,1.0,114020a7beaf5151
1.0,1.0,1.0,0.7677619018420291,2021.07.09.15.53.28_veh-38_00184_02293,1.0,8c1e8f86defa11f8b8e1881f08b328c5dc5183c375286fe5af05ac0a89a61aaa,planner_dev1696_randommask,0.9032341257675122,ok,1.0,1150ab6954775965
1.0,1.0,1.0,1.0,2021.07.09.15.53.28_veh-38_00184_02293,1.0,c76529e015167054764ddcada96e3a6a86b30e44807b9874e7c00c1ef361ede5,planner_dev1696_randommask,1.0,ok,1.0,11fb8402c7ed5f38
1.0,1.0,1.0,1.0,2021.07.09.15.53.28_veh-38_00184_02293,1.0,b3f651edcfbb70574d898fe09a26be1c0557f2ae16cb2c8308ab39124eedddd4,planner_dev1696_randommask,1.0,ok,1.0,1201ef26669d52b5
1.0,1.0,1.0,1.0,2021.07.09.15.53.28_veh-38_00184_02293,1.0,e59620cc2560e269a7388a97b665ff55ab352a7d5bc3efedc32443feea1b043b,planner_dev1696_randommask,1.0,ok,1.0,122bed8802a05ae2
1.0,1.0,1.0,0.9320160540298268,2021.07.09.15.53.28_veh-38_00184_02293,1.0,0310fe23c3787966e40fd4fcfdf34b13cd7b6877e0d2b0aa74cd71ce01497816,planner_dev1696_randommask,0.9716733558457612,ok,1.0,12529e1e5d23525d
1.0,1.0,1.0,0.8515553764064777,2021.07.09.15.53.28_veh-38_00184_02293,1.0,a7e12fac3e749a52ee68222ef32ea4cecd7b4ebd024fdcdd54b3f88538fd4c5a,planner_dev1696_randommask,0.938148073502699,ok,1.0,12927478268a52a7
1.0,1.0,1.0,0.8386895067356531,2021.07.09.15.53.28_veh-38_00184_02293,1.0,f39bb31ca3ec67f59f243cb736dbfdf9c133891ba34cc8ac87ae6f10d66ffc8a,planner_dev1696_randommask,0.9327872944731889,ok,1.0,12a303e7e3b85492
1.0,1.0,1.0,1.0,2021.07.09.15.53.28_veh-38_00184_02293,1.0,f8e8f1a7aeb7f52e3717ae6495020c3804fa065cc6652bf5b5ce10ca1088bd15,planner_dev1696_randommask,1.0,ok,1.0,157d3b777d315364
1.0,1.0,1.0,0.9270585595949161,2021.07.09.15.53.28_veh-38_00184_02293,1.0,b663be6ccc78fee342d99bbb1ee67b5e0b789f45cf2fa49b482af672759d2865,planner_dev1696_randommask,0.9696077331645484,ok,1.0,160b363bd86953af
1.0,1.0,1.0,1.0,2021.07.09.15.53.28_veh-38_00184_02293,1.0,db659c60d3ed21daa1a403506271a88c95f4f216a06f6027025693af6d53f1e1,planner_dev1696_randommask,1.0,ok,1.0,166f157b4b935a1e
1.0,1.0,1.0,1.0,2021.07.09.15.53.28_veh-38_00184_02293,1.0,0a7a61dcf8d0779a75612da8839c9dcbe762aea3b8ae8f90491de1024bd5ec41,planner_dev1696_randommask,1.0,ok,1.0,16a726067f77532d
1.0,1.0,1.0,0.8345362215069738,2021.07.09.15.53.28_veh-38_00184_02293,1.0,60f443d0c0992a20aa9bd2cf018a7b560a3e5bbb9802d9eb5c81d2f7fc347ccd,planner_dev1696_randommask,0.9310567589612391,ok,1.0,17184a5491105047
1.0,1.0,1.0,1.0,2021.07.09.15.53.28_veh-38_00184_02293,1.0,8528a6777892d9e2b6215d3f9316a5b1b4c89f04464faa31091aea37887f8ebf,planner_dev1696_randommask,1.0,ok,1.0,173ff7e858e65a62
1.0,1.0,1.0,1.0,2021.07.09.15.53.28_veh-38_00184_02293,1.0,5ae1246fe2b97c44fd04aea1c10e6ff3d8db89ba2a2d3b309d86e109c41c0598,planner_dev1696_randommask,1.0,ok,1.0,17b43b911252571c
1.0,1.0,1.0,1.0,2021.07.09.15.53.28_veh-38_00184_02293,1.0,239ede2eb29a0c1b8f083b0c967e02ec8aed2443c02f58fa5fe03494e8ac0883,planner_dev1696_randommask,1.0,ok,1.0,187e7d991c2f5f40
1.0,1.0,1.0,1.0,2021.07.09.15.53.28_veh-38_00184_02293,1.0,c22d71a400dcb4f1d86d5d54e8370b59485461fc4843b1cd174ab5a1651aea35,planner_dev1696_randommask,1.0,ok,1.0,19ab8e323ac35fe4
1.0,1.0,1.0,0.8841132683676258,2021.07.09.15.53.28_veh-38_00184_02293,1.0,b0bcdada422a7f291dfbc2d7802f4c5f93e6bb83271282bb72e1c088987b4abb,planner_dev1696_randommask,0.9517138618198441,ok,1.0,1a3449b28c115162
1.0,1.0,1.0,0.9518265772852006,2021.07.09.15.53.28_veh-38_00184_02293,1.0,366690f93ab1dd1dfafccd33a68296f72f7abcf75151a574ce2ceeda8db468fd,planner_dev1696_randommask,0.9799277405355001,ok,1.0,1afe562ad29b5222
1.0,1.0,1.0,1.0,2021.07.09.15.53.28_veh-38_00184_02293,1.0,5d4799c6804db937e684410dd1a45380af17e7ec92636bd1828a81d5cddf9a39,planner_dev1696_randommask,1.0,ok,1.0,1c773439ca9d5158
1.0,1.0,1.0,0.9031550666972071,2021.07.09.15.53.28_veh-38_00184_02293,1.0,d08f5448cf1102916cb9ac6339b00135edc1d682d924346a7ce2c2efcc976c8c,planner_dev1696_randommask,0.9596479444571697,ok,1.0,1d190091101d5d75
1.0,1.0,1.0,0.8579134797980922,2021.07.09.15.53.28_veh-38_00184_02293,1.0,29ff9cf7eac761a2eda7111bc4c06fffae6b5cb345b98c4527cdc34f919b8232,planner_dev1696_randommask,0.940797283249205,ok,1.0,1d5c498a699a59e8
1.0,1.0,1.0,0.783568243145167,2021.07.09.15.53.28_veh-38_00184_02293,1.0,9083c145848b1e84354f1cd33ddc3b8a5597799fa46050f39fbf7b27efbf9cc9,planner_dev1696_randommask,0.9098201013104862,ok,1.0,1d7f9f198e0c57bc
1.0,1.0,1.0,0.8585237351507015,2021.07.09.15.53.28_veh-38_00184_02293,1.0,9b9d31a2075c8df3a2480e795dd9b6cf951fdaeaa293d67ca851a4935d2eb535,planner_dev1696_randommask,0.9410515563127922,ok,1.0,1f6b057612b05e65
1.0,1.0,1.0,0.9245714146465361,2021.07.09.15.53.28_veh-38_00184_02293,1.0,990dc3ed16f87912d4359774e68f0ac27dc72727a7db20185cf489a915296384,planner_dev1696_randommask,0.96857142276939,ok,1.0,1f9f230417e15e61
1.0,1.0,1.0,1.0,2021.07.09.15.53.28_veh-38_00184_02293,1.0,9eec148c17a6d3433263eb03b9a174d893e7277c860477e7cb962f3d76266d55,planner_dev1696_randommask,1.0,ok,1.0,2086208681525f54
1.0,1.0,1.0,1.0,2021.07.09.15.53.28_veh-38_00184_02293,1.0,ce545a2e5c69482df218dce35610d25f11655ae3cbfd6eba35946497ae7aefa4,planner_dev1696_randommask,1.0,ok,1.0,208c2da460fa56a1
1.0,1.0,1.0,0.830811410965108,2021.07.09.15.53.28_veh-38_00184_02293,1.0,b907942015562438643a10990d7f7149243729cda328e39a9423dcf2eb4016bc,planner_dev1696_randommask,0.929504754568795,ok,1.0,20e59db136d85ccd
1.0,1.0,1.0,0.9209128928748815,2021.07.09.15.53.28_veh-38_00184_02293,1.0,a13d61e31690569b3b54f070292b720a87c8eac4948cd92bfb0bf88b1a04db55,planner_dev1696_randommask,0.9670470386978672,ok,1.0,2138f8abf5aa5086
1.0,1.0,1.0,1.0,2021.07.09.15.53.28_veh-38_00184_02293,1.0,020dac85bf68a872897db310a01ac514d85d1cd3203257f87fed1bb77efc8f79,planner_dev1696_randommask,1.0,ok,1.0,213d831946e758b5
1.0,1.0,1.0,0.8674887356192232,2021.07.09.15.53.28_veh-38_00184_02293,1.0,5235bfdef4d8fe03e94153e70eb350ad10cd66e4f3efa8888fb792f592138ee2,planner_dev1696_randommask,0.9447869731746764,ok,1.0,219791f316b25308
1.0,1.0,1.0,0.938788038874671,2021.07.09.15.53.28_veh-38_00184_02293,1.0,8ab068df844f0a7b3e00355b6006303bc6a4e0df7dd4a74707b9e5ad5fb2c294,planner_dev1696_randommask,0.9744950161977796,ok,1.0,21b0e617e7895ac7
1.0,1.0,1.0,0.9310509480707508,2021.07.09.15.53.28_veh-38_00184_02293,1.0,9e3e491149f03f91d14fc5e5db2c2ea8e12e317cda46514f86d27bfe3847e4bf,planner_dev1696_randommask,0.9712712283628129,ok,1.0,21c0033d52fd5d2e
1.0,1.0,1.0,1.0,2021.07.09.15.53.28_veh-38_00184_02293,1.0,339bb87ae1a4c2af4f94d8ff52770968dac46ea56c23eda99ca3a6e90229d49c,planner_dev1696_randommask,1.0,ok,1.0,2289e9f520ca5cb5
1.0,1.0,1.0,1.0,2021.07.09.15.53.28_veh-38_00184_02293,1.0,9019f16b8e564da8685c1b9764f46d102e034958dfca10dc70acae90f7bc632f,planner_dev1696_randommask,1.0,ok,1.0,2326cface78153de
1.0,1.0,1.0,1.0,2021.07.09.15.53.28_veh-38_00184_02293,1.0,b8aa89a32e6a0f3242c2972cd952abc57d5803e98358b2775aa13a3519f12bbf,planner_dev1696_randommask,1.0,ok,1.0,2376051bafd45146
1.0,1.0,1.0,0.7817000310300709,2021.07.09.15.53.28_veh-38_00184_02293,1.0,4cff0c706910a18fb104a15e01b0a50c738dfe893627ae86a355fbac1bce01c5,planner_dev1696_randommask,0.9090416795958629,ok,1.0,23c7e87c04f759c9
1.0,1.0,1.0,1.0,2021.07.09.15.53.28_veh-38_00184_02293,1.0,393785aaca52fe6ac213a1c6e1bcb45bca608178430187a1632d18db65f7cecd,planner_dev1696_randommask,1.0,ok,1.0,2406f00812785216
1.0,1.0,1.0,1.0,2021.07.09.15.53.28_veh-38_00184_02293,1.0,1001af5378cdf1ce8b780196726d33d0ef58e53812867ef32d748c629ea9042e,planner_dev1696_randommask,1.0,ok,1.0,243432f80b85567a
1.0,1.0,1.0,1.0,2021.07.09.15.53.28_veh-38_00184_02293,1.0,c6e26144a9f563685a0e71bac0bee6b0123988737bc8437a547ff773ea2553f7,planner_dev1696_randommask,1.0,ok,1.0,24c57bb0eceb546a
1.0,1.0,1.0,1.0,2021.07.09.15.53.28_veh-38_00184_02293,1.0,1b763b859796a5170f738962954f0dc27243caafc606b427130f26b9364c87e2,planner_dev1696_randommask,1.0,ok,1.0,24f6ff800c7758e8
1.0,1.0,1.0,0.9486083474416662,2021.07.09.15.53.28_veh-38_00184_02293,1.0,29e018143a34dfe0fc006d498f91f850aead1742a74093a1a7673ea5c4869f5f,planner_dev1696_randommask,0.9785868114340276,ok,1.0,2518c058a2765f66
1.0,1.0,1.0,1.0,2021.07.09.15.53.28_veh-38_00184_02293,1.0,7050240eb5a52c912e56f8ce12cd3ce073ff19beb6a70b0713ceda57f9d0086c,planner_dev1696_randommask,1.0,ok,1.0,25b3e3f15fcc5058
1.0,1.0,1.0,1.0,2021.07.09.15.53.28_veh-38_00184_02293,1.0,3b27cd0ec610ad950c2893c7f045419d2659f1ce89195722b9206b402f8a6a0e,planner_dev1696_randommask,1.0,ok,1.0,263e3ce08f7e5a9e
1.0,1.0,1.0,1.0,2021.07.09.15.53.28_veh-38_00184_02293,1.0,d3304d1626dbeda497f8eaf8b60898b9ec228b3a2370591a5e64c6461291937a,planner_dev1696_randommask,1.0,ok,1.0,2660a8dfda2a550d
1.0,1.0,1.0,0.8393603470799013,2021.07.09.15.53.28_veh-38_00184_02293,1.0,31f5a170adcd04a5917f8df01d630b83b6b164b867bf31338e6173557cca7436,planner_dev1696_randommask,0.9330668112832923,ok,1.0,276846ef566e5945
1.0,1.0,1.0,1.0,2021.07.09.15.53.28_veh-38_00184_02293,1.0,3fb60cd6658c975d7d9fb2b5491828daab21ce0c9ecb32eeb9e7e812efe22c7d,planner_dev1696_randommask,1.0,ok,1.0,27d7adfa2e2d541b
1.0,1.0,1.0,1.0,2021.07.09.15.53.28_veh-38_00184_02293,1.0,6b99948664aae31503345d88360de7c833e95a5a1f71e3d702e445799df837a0,planner_dev1696_randommask,1.0,ok,1.0,27df9e405dfa51cf
1.0,0.0,1.0,0.0,2021.07.09.15.53.28_veh-38_00184_02293,1.0,1468d112d4a9ea714b61614666646d59286a76111d49c395ff81cb46b88c9674,planner_dev1696_randommask,0.0,ok,1.0,2836a66135315e7f
1.0,1.0,1.0,1.0,2021.07.09.15.53.28_veh-38_00184_02293,1.0,c31b8949b54e84709e62a06ccabf36532a79b35b5a60cb543c0f024b005655ae,planner_dev1696_randommask,1.0,ok,1.0,293144d2f3ec5131
1.0,1.0,1.0,1.0,2021.07.09.15.53.28_veh-38_00184_02293,1.0,1e80bcf2fa1b8407a702bbeb8de3a85267e58fdbaf60980f40b0796d9e5b9b07,planner_dev1696_randommask,1.0,ok,1.0,2962782cdb8e59b1
1.0,1.0,1.0,1.0,2021.07.09.15.53.28_veh-38_00184_02293,1.0,d7cdda4777f5531d2a4d69e578d1aafa2d27f141b99476a8f85a630ea0602f52,planner_dev1696_randommask,1.0,ok,1.0,297c4fe13c4c5640
1.0,1.0,1.0,1.0,2021.07.09.15.53.28_veh-38_00184_02293,1.0,95e697ca907058381da94eaccbfdb58c1c6109900524466de20c903602a1b7e9,planner_dev1696_randommask,1.0,ok,1.0,2999ded848495d55
1.0,1.0,1.0,0.7863646081338183,2021.07.09.15.53.28_veh-38_00184_02293,1.0,8ce426d1aa9c55675b3191a4fd744247cb33f00048cd00eb31f7fd78ab032b02,planner_dev1696_randommask,0.9109852533890909,ok,1.0,2add9922dc495e95
1.0,1.0,1.0,0.8942879729208788,2021.07.09.15.53.28_veh-38_00184_02293,1.0,06fcab0ea9be5c79f859eae7093c85004f82f9e8435b357d3bc409ac0d23d5ca,planner_dev1696_randommask,0.9559533220503661,ok,1.0,2bade763a35e571a
1.0,1.0,1.0,1.0,2021.07.09.15.53.28_veh-38_00184_02293,1.0,d6941891a688a0a634003a101a2f20893c62c0b430485a7c9f36ba44f3f0b0cd,planner_dev1696_randommask,1.0,ok,1.0,2c1db842cc915519
1.0,1.0,1.0,1.0,2021.07.09.15.53.28_veh-38_00184_02293,1.0,498c11bed394209e9a2acb56020171d3316b32328cfb78e2b9602a36d67369a0,planner_dev1696_randommask,1.0,ok,1.0,2d903e0fb16154d9
1.0,1.0,1.0,1.0,2021.07.09.15.53.28_veh-38_00184_02293,1.0,5f2071a7c14e1e278d227dfa40793e3966d6ea01cb3a48c7fabb5e9a903859e5,planner_dev1696_randommask,1.0,ok,1.0,2d9e55899f36514b
1.0,1.0,1.0,0.8547261376614508,2021.07.09.15.53.28_veh-38_00184_02293,1.0,88435b21292fb803003a280a41156b4acdf51746780a27107cd58d2441960063,planner_dev1696_randommask,0.9394692240256045,ok,1.0,2da0a5236af95e03
1.0,1.0,1.0,0.9095379534130423,2021.07.09.15.53.28_veh-38_00184_02293,1.0,54bd3fdb6bc3d2b9882a77bdddc37ab4f276a1675f5f362b374ce2aec8986dcd,planner_dev1696_randommask,0.9623074805887676,ok,1.0,2f096c8bde855396
1.0,1.0,1.0,1.0,2021.07.09.15.53.28_veh-38_00184_02293,1.0,0d5d21f7bc814daeea53f4fcbc1f0cb0e508c8113d400856a6c8cff20298bfb1,planner_dev1696_randommask,1.0,ok,1.0,2f2535fbdd395025
1.0,1.0,1.0,0.8038389917266718,2021.07.09.15.53.28_veh-38_00184_02293,1.0,8fe1da9dcf58640419f97bcd8dceee303dd276ce0ca22e4ba7166193db02db85,planner_dev1696_randommask,0.91826624655278,ok,1.0,308b33a531c35c7a
1.0,1.0,1.0,0.9150023958132417,2021.07.09.15.53.28_veh-38_00184_02293,1.0,5b5135bba229acb56bf0195f9b17918edaef08362d2f99c920793371922b5afa,planner_dev1696_randommask,0.9645843315888506,ok,1.0,309d25c4b0535a45
1.0,1.0,1.0,1.0,2021.07.09.15.53.28_veh-38_00184_02293,1.0,b19da982c9b1356a8fc9a86f65d94f8d7970120461df38ff446f278ea732032e,planner_dev1696_randommask,1.0,ok,1.0,313b06564bf854e4
1.0,1.0,1.0,0.8234586959267307,2021.07.09.15.53.28_veh-38_00184_02293,1.0,0dd772354d7a0b291c12ff0c4916098c4a500b28fba7c63d3880c33c36d9e1c5,planner_dev1696_randommask,0.9264411233028045,ok,1.0,321512a956a25984
1.0,1.0,1.0,0.847799196200805,2021.07.09.15.53.28_veh-38_00184_02293,1.0,819bb8cc46b7d44447fd266ea2b9f0871d7e32dc478296bbd3851bec3d14f037,planner_dev1696_randommask,0.936582998417002,ok,1.0,34ccd8a9f6eb525f
1.0,1.0,1.0,1.0,2021.07.09.15.53.28_veh-38_00184_02293,1.0,cc205a8fc7f8cf8dd2d2e67cace8e0e0cfddcd13cf31e9a3bb3ee295818e65ee,planner_dev1696_randommask,1.0,ok,1.0,34d91cf9391650ff
1.0,1.0,1.0,0.6812122615901198,2021.07.09.15.53.28_veh-38_00184_02293,1.0,441a6002ef41e5540d0f52473fc60ebb70be05058b9cfa3158eb0bd52124e259,planner_dev1696_randommask,0.86717177566255,ok,1.0,35fa5b32dd805853
1.0,1.0,1.0,0.6205671048116796,2021.07.09.15.53.28_veh-38_00184_02293,1.0,cf25a77796acc0370ea6f82419c49ef01ee50b05f2d6412c86276738d52fbf35,planner_dev1696_randommask,0.8419029603381999,ok,1.0,3670adfe926f58a0
1.0,1.0,1.0,0.927614845294891,2021.07.09.15.53.28_veh-38_00184_02293,1.0,65647ee4e26223f9a30e3f91a8b0b6c76c054e18eb2a4d37d249a229ed9c7b1b,planner_dev1696_randommask,0.9698395188728712,ok,1.0,367be156a8a05da3
1.0,1.0,1.0,0.5973422510292671,2021.07.09.15.53.28_veh-38_00184_02293,1.0,75979051195a714472d6824a8d54d8fec262f1f4cb805c83728a5b21a0ec9b16,planner_dev1696_randommask,0.8322259379288613,ok,1.0,36a8cfb3a3f05f1d
1.0,1.0,1.0,1.0,2021.07.09.15.53.28_veh-38_00184_02293,1.0,e66f9e22ac0c23306cdadd9deb859a1a09075f4ccb687c7c0ccb1f9a442e15e7,planner_dev1696_randommask,1.0,ok,1.0,3756eb6991b05447
1.0,1.0,1.0,0.6812548460399147,2021.07.09.15.53.28_veh-38_00184_02293,1.0,5db7a65d3563d05c64c8a61640634da8a05de16b1105657f99860dfac9fb59bb,planner_dev1696_randommask,0.8671895191832978,ok,1.0,375752a086d35d43
1.0,1.0,1.0,1.0,2021.07.09.15.53.28_veh-38_00184_02293,1.0,16c71f5fdeaea9a2ad5ae03fa0e1db064381ec5ff01c30dd0dbeb2fc1c9e742a,planner_dev1696_randommask,1.0,ok,1.0,3898b733bbd9584b
1.0,1.0,1.0,0.8364946825204749,2021.07.09.15.53.28_veh-38_00184_02293,1.0,167edc6b202c5e4d2cd0d66f35cb9fd174e42be4d88dc33296e33209d6afa91c,planner_dev1696_randommask,0.9318727843835312,ok,1.0,38b30ef31fcf5fa7
1.0,1.0,1.0,0.795307024778484,2021.07.09.15.53.28_veh-38_00184_02293,1.0,5d86b3c1647dfed9a4b17aff805aa7222524625dbdacf164687c437c32e39829,planner_dev1696_randommask,0.9147112603243683,ok,1.0,38c5e5d2250f5c35
1.0,1.0,0.0,0.8233511654602761,2021.07.09.15.53.28_veh-38_00184_02293,1.0,7289c0fd9180823efc283d07bca5518d1c21b57dbe2e7153e9b09adecce090f2,planner_dev1696_randommask,0.9263963189417818,ok,1.0,38fd20139a7c5e3b
1.0,1.0,1.0,0.7683620817071628,2021.07.09.15.53.28_veh-38_00184_02293,1.0,666a1d4b766823527f6d6e3435209faa3e2935d4f81ee839504fb3cfcb4853be,planner_dev1696_randommask,0.9034842007113179,ok,1.0,391be454a99b54ff
1.0,1.0,1.0,0.896651321367135,2021.07.09.15.53.28_veh-38_00184_02293,1.0,0c1ca3126b22551e7f66c27d8a0b7594827e3853a992748807c1587a7f6cf520,planner_dev1696_randommask,0.9569380505696395,ok,1.0,39940790a4e65d88
1.0,1.0,1.0,1.0,2021.07.09.15.53.28_veh-38_00184_02293,1.0,d0e39ae0063aa4e053ede5444f0138f0c2e4e5a13c6890d565afa6d237356956,planner_dev1696_randommask,1.0,ok,1.0,39b992f840615959
1.0,1.0,1.0,0.9060739280506689,2021.07.09.15.53.28_veh-38_00184_02293,1.0,52852f333f8f2275d610fd50d26520493ef21224bf42a228465ef84ab84ffe19,planner_dev1696_randommask,0.9608641366877787,ok,1.0,39c553550c3a5111
1.0,1.0,1.0,0.9083935089386105,2021.07.09.15.53.28_veh-38_00184_02293,1.0,ba5d37ffadc44804ab5bc4ce011794744eedc92b2e1b43bd3c4ab31de9235981,planner_dev1696_randommask,0.9618306287244209,ok,1.0,3cabdd7617765132
1.0,1.0,1.0,1.0,2021.07.09.15.53.28_veh-38_00184_02293,1.0,998649b48542bb8df7c820b8a9a5f54829090e9a1601bd7b19c2c6d6662eeabc,planner_dev1696_randommask,1.0,ok,1.0,3d1c606df74c5140
1.0,1.0,1.0,1.0,2021.07.09.15.53.28_veh-38_00184_02293,1.0,9a5193ea98e29e123937eb21af46362d8c733ae3ecf726d0c6a4324c3f36c545,planner_dev1696_randommask,1.0,ok,1.0,3d2dfc0d66f65d40
1.0,1.0,1.0,1.0,2021.07.09.15.53.28_veh-38_00184_02293,1.0,0a4f4854dbf30baba412e842d6ba33b441034b9f3bd90b8e090f1dcbc50208b4,planner_dev1696_randommask,1.0,ok,1.0,3d9a843bb43355c8
1.0,1.0,1.0,0.9211428832638762,2021.07.09.15.53.28_veh-38_00184_02293,1.0,645e72ceb36b83f3ba0fc11a4e0f97217f057fd539258e51ead3fe1f54727b33,planner_dev1696_randommask,0.967142868026615,ok,1.0,3dee1555ce6f55fb
1.0,1.0,1.0,1.0,2021.07.09.15.53.28_veh-38_00184_02293,1.0,2a7e2b279f3d5ca73452a86bd79c84e993f178909283b4515f1b9af62c3415cc,planner_dev1696_randommask,1.0,ok,1.0,3df10ba27fc150ed
1.0,1.0,1.0,1.0,2021.07.09.15.53.28_veh-38_00184_02293,1.0,c4fe8862317d18e8bf52456d9b98750bd87d842eab6191da4882e56faad3b0c9,planner_dev1696_randommask,1.0,ok,1.0,3e0257f56dbc5db0
1.0,1.0,1.0,0.9480470676855698,2021.07.09.15.53.28_veh-38_00184_02293,1.0,6b65b81abd3a48242068791ba41ee45714262d6a03af267cfa3a90ad9d4a444d,planner_dev1696_randommask,0.9783529448689873,ok,1.0,3e34460024d45739
1.0,1.0,1.0,0.9116831482790759,2021.07.09.15.53.28_veh-38_00184_02293,1.0,5ce4428fc8373d1c0adb2ce7961ee67faa6933efbc78001ae68bfb262bef33b3,planner_dev1696_randommask,0.9632013117829482,ok,1.0,3e9b3b4c0fa85ceb
1.0,1.0,1.0,1.0,2021.07.09.15.53.28_veh-38_00184_02293,1.0,ff7f28baff7d4cacb2009c9f3b9e84a2bbead65a12ae29510fc359c2a0a491f9,planner_dev1696_randommask,1.0,ok,1.0,3ea3416c97095653
1.0,1.0,1.0,1.0,2021.07.09.15.53.28_veh-38_00184_02293,1.0,e76c6b88502a53897d4ca5bd45e4d98612d077b8b536e20aa3cc1624e6d42e32,planner_dev1696_randommask,1.0,ok,1.0,3eca216626d256b3
1.0,1.0,1.0,1.0,2021.07.09.15.53.28_veh-38_00184_02293,1.0,4def6d2c0b29f801cda41b413c8f371d3761b02a44319bdb7f78bf9dd5d846b8,planner_dev1696_randommask,1.0,ok,1.0,3f19c7116880578a
1.0,1.0,1.0,1.0,2021.07.09.15.53.28_veh-38_00184_02293,1.0,cb3892a9337e04a4b86189a499461f0941faab4ccb4f34968d18c1801cdf6cfc,planner_dev1696_randommask,1.0,ok,1.0,3fdb06fa757c5bc4
1.0,1.0,1.0,0.9190909078340908,2021.07.09.15.53.28_veh-38_00184_02293,1.0,5dafdf1a0bef2c76e192b82b681184618a842895d7483b79d4fca4a59ff5e1e9,planner_dev1696_randommask,0.9662878782642045,ok,1.0,403a5dbfac5e5dc0
1.0,1.0,1.0,0.7957602681417264,2021.07.09.15.53.28_veh-38_00184_02293,1.0,1aedb2c9bbe9ad446bd1522ea11cef783744ae5cd766dea1c1cdbc9b019bc777,planner_dev1696_randommask,0.9149001117257193,ok,1.0,40f9eae0b93e5fa4
1.0,1.0,1.0,0.9190683058394271,2021.07.09.15.53.28_veh-38_00184_02293,1.0,46a21e0e11cd8ddebe328194606e7437136842ca6e69fbcc896a087fd887fb89,planner_dev1696_randommask,0.966278460766428,ok,1.0,41c88af990a15d28
1.0,1.0,1.0,1.0,2021.07.09.15.53.28_veh-38_00184_02293,1.0,69208bfac18f498a30318c3e90829a93bf5190fb9017fcb18f6e4629314cceac,planner_dev1696_randommask,1.0,ok,1.0,426ed461133659f6
1.0,1.0,1.0,1.0,2021.07.09.15.53.28_veh-38_00184_02293,1.0,308c72eb3cf1fc724e6f42df2feb01157ff594960b536c5c580c1e0b8c50976c,planner_dev1696_randommask,1.0,ok,1.0,430e3153311b5792
1.0,1.0,0.5,1.0,2021.07.09.15.53.28_veh-38_00184_02293,1.0,bc0965570d437408cf56d1fbf79516af2d6159886a09d16f9323fe75d9664151,planner_dev1696_randommask,1.0,ok,1.0,43780b9368175ad1
1.0,1.0,1.0,0.7468474381493091,2021.07.09.15.53.28_veh-38_00184_02293,1.0,0b91bba63bdf281df637b4c90d52ab525805fdd8b40e171f4d512795cfd4ebd4,planner_dev1696_randommask,0.8945197658955455,ok,1.0,450824ec3ef35679
1.0,1.0,1.0,1.0,2021.07.09.15.53.28_veh-38_00184_02293,1.0,1c8348a04235e20ab5351875262d00c3aa430c8cd495f0443203ad14ca348a3e,planner_dev1696_randommask,1.0,ok,1.0,451778af83945a84
1.0,1.0,0.0,1.0,2021.07.09.15.53.28_veh-38_00184_02293,1.0,a17c87f425bc5cd66df1ae705f26325d6661eecd6799bdde552d9d6848dbd425,planner_dev1696_randommask,1.0,ok,1.0,4531dcdda8b55e7e
1.0,1.0,1.0,0.6145145534882945,2021.07.09.15.53.28_veh-38_00184_02293,1.0,01b946a7a2eda1028e076222f2b07ddadbc23cdf344c5a3991463bb15433e31f,planner_dev1696_randommask,0.8393810639534561,ok,1.0,454730f7ec7a53d5
1.0,1.0,1.0,1.0,2021.07.09.15.53.28_veh-38_00184_02293,1.0,9db2a582c42787cbb28d3960587869442d58c55bc90be959078ac263d430dbfb,planner_dev1696_randommask,1.0,ok,1.0,455a180c084a5fe3
1.0,1.0,1.0,0.9597810160517587,2021.07.09.15.53.28_veh-38_00184_02293,1.0,20876a49ba3043dad1ad37a280b20fab2b8ca849980a59a312b6a45edee3b816,planner_dev1696_randommask,0.9832420900215663,ok,1.0,4654d4efac165b55
1.0,1.0,1.0,1.0,2021.07.09.15.53.28_veh-38_00184_02293,1.0,c03f6e6f2e02472e0bf45a9b5716cacd82b71d50aaf0606a3fdd90f7908d4017,planner_dev1696_randommask,1.0,ok,1.0,46f4df809f995260
1.0,1.0,1.0,0.7801547962620299,2021.07.09.15.53.28_veh-38_00184_02293,1.0,d983dde6ebea77384b84c2f2ff3ca175baca952f7614bd5d75634e70cfcd4ae4,planner_dev1696_randommask,0.9083978317758458,ok,1.0,4761f5676fad5760
1.0,1.0,1.0,0.8013143398119776,2021.07.09.15.53.28_veh-38_00184_02293,1.0,4f3d0bf9a28e22f6a3a5e0481b0e65ac225aa8aed17b187cd8caa6a17daaf827,planner_dev1696_randommask,0.9172143082549907,ok,1.0,4800b224fabb56f2
1.0,1.0,1.0,1.0,2021.07.09.15.53.28_veh-38_00184_02293,1.0,c580b6ef8934af33285a3b74f3a2e455f6ba247f4e6414dfd281694db9581bcd,planner_dev1696_randommask,1.0,ok,1.0,48e72666aed858f6
1.0,1.0,0.0,1.0,2021.07.09.15.53.28_veh-38_00184_02293,1.0,cde6959c31f13ccc1b335988fed600e9c6ffce82138536048adfdf5269631eb9,planner_dev1696_randommask,1.0,ok,1.0,49de524392295e5e
1.0,1.0,1.0,0.9477139087782288,2021.07.09.15.53.28_veh-38_00184_02293,1.0,51c13a2deeed745a88346f59ef72235d57aa191c53f4d702edb87f9e689f4288,planner_dev1696_randommask,0.9782141286575953,ok,1.0,4a0f91eff7365a83
1.0,1.0,1.0,0.956568652629325,2021.07.09.15.53.28_veh-38_00184_02293,1.0,65f9975d15f1b6830e49b0f7270618355f993cac79c2ecd7518d26697097328d,planner_dev1696_randommask,0.9819036052622186,ok,1.0,4b5083dbc8205fd4
1.0,1.0,1.0,1.0,2021.07.09.15.53.28_veh-38_00184_02293,1.0,25596a8d0cd3fe3084d68a991d594f8ed47fe8702ec4b6425ed28ba7021de36d,planner_dev1696_randommask,1.0,ok,1.0,4bc9550363e85b1a
1.0,1.0,1.0,0.9593236460618173,2021.07.09.15.53.28_veh-38_00184_02293,1.0,4c7df53209b1461a9a86bc5064509d691acbcffa648179e9bc35f2a27f987275,planner_dev1696_randommask,0.9830515191924238,ok,1.0,4c93ba429cab5645
1.0,1.0,1.0,0.7197160859723575,2021.07.09.15.53.28_veh-38_00184_02293,1.0,b9a0ab7fd7873c3c54d55b861bb531ef423ee8bd5d9a5b3d0b7e988da17554a5,planner_dev1696_randommask,0.8832150358218156,ok,1.0,4d0eb0b583f853ff
1.0,1.0,1.0,0.9193650789891084,2021.07.09.15.53.28_veh-38_00184_02293,1.0,8f97c4bb889b6a3cd8b2b9daac481a30b8ff3beaa6b382311c35edd584ffcde3,planner_dev1696_randommask,0.9664021162454618,ok,1.0,4d134b35adf65ce9
1.0,1.0,1.0,1.0,2021.07.09.15.53.28_veh-38_00184_02293,1.0,c035ed5868a82ffa46c9a8a05da691c5e4de654c04d10b79b01ecb16487ff43b,planner_dev1696_randommask,1.0,ok,1.0,4d3bbcab2f7e5b9c
1.0,1.0,1.0,0.9854958636522461,2021.07.09.15.53.28_veh-38_00184_02293,1.0,db78b3a4dfa5cd2121537ae8a0dcf356925b7a6200521a1aeebf5880eae1904c,planner_dev1696_randommask,0.9939566098551026,ok,1.0,4e6d17912b905e9e
1.0,1.0,0.0,0.9525030420929061,2021.07.09.15.53.28_veh-38_00184_02293,1.0,4b5204192ca378bfd10d99c8d8a1dd5b6390746f808262eb2844ebe983b8501b,planner_dev1696_randommask,0.9802096008720443,ok,1.0,4f1bb67e8f4356a0
1.0,1.0,1.0,0.5845256517947713,2021.07.09.15.53.28_veh-38_00184_02293,1.0,ea3b7687e681e4617d78fa7de3874506af7fa9679fd096056aaf6839d01038f7,planner_dev1696_randommask,0.8268856882478214,ok,1.0,4f733785b3b35f8a
1.0,1.0,1.0,0.7758422898168907,2021.07.09.15.53.28_veh-38_00184_02293,1.0,f5eb7f8fc972e53171bf9ad389f5eb018a3769f936fa0b0a28af4590de6667ce,planner_dev1696_randommask,0.9066009540903712,ok,1.0,4f8295d76d505277
1.0,1.0,1.0,0.6166543772337157,2021.07.09.15.53.28_veh-38_00184_02293,1.0,b2b5b06e426dcb852fd9945bf3117caf66411a8808e7aafe75eda713e06f498b,planner_dev1696_randommask,0.8402726571807149,ok,1.0,4f9307fe01455d95
1.0,1.0,1.0,1.0,2021.07.09.15.53.28_veh-38_00184_02293,1.0,a8e12c2d68dd20796c56630a236aaca3b05e92a788fe4eb2005131b5185efbfe,planner_dev1696_randommask,1.0,ok,1.0,4fa81c07c7d75515
1.0,1.0,1.0,1.0,2021.07.09.15.53.28_veh-38_00184_02293,1.0,c9fd264fece2713fff4c666e063d23d824bdf75d7a4f18686f4716e47b4ca12d,planner_dev1696_randommask,1.0,ok,1.0,505332fa85dc5953
1.0,1.0,1.0,1.0,2021.07.09.15.53.28_veh-38_00184_02293,1.0,2c30705955a7427ecf08745d6f659f130cfb6c86298c34c1d53d0a8263ffe405,planner_dev1696_randommask,1.0,ok,1.0,50a4d68137ac5d01
1.0,1.0,1.0,1.0,2021.07.09.15.53.28_veh-38_00184_02293,1.0,b5f73c79593fb1a0d8601ac1240cc483a9b6e462f49168a4cf42ae8a6df56f64,planner_dev1696_randommask,1.0,ok,1.0,512f45f4f0ab5a1b
1.0,1.0,1.0,0.9246207252575814,2021.07.09.15.53.28_veh-38_00184_02293,1.0,ba1a257936f267acfebf69d08586659cfa8a368c8652004c4e385b9a67e65530,planner_dev1696_randommask,0.9685919688573256,ok,1.0,5185fdb2837d502b
1.0,1.0,1.0,1.0,2021.07.09.15.53.28_veh-38_00184_02293,1.0,8f22b2964c6d89bf1127a6f7b85af93157b58a418a6fb219a2bd87655491762d,planner_dev1696_randommask,1.0,ok,1.0,5280d017318c5f4f
1.0,1.0,1.0,0.85113404650524,2021.07.09.15.53.28_veh-38_00184_02293,1.0,0d613a6c9716085a96387e0b64b457e6d208ddcdf2d6c7354488038fe8056a2d,planner_dev1696_randommask,0.9379725193771833,ok,1.0,5328c67f17ae5e3e
1.0,1.0,1.0,1.0,2021.07.09.15.53.28_veh-38_00184_02293,1.0,39463b9e792cb55f3315b9180814fcb7e73967906157cc31cfccc8a33f5972bc,planner_dev1696_randommask,1.0,ok,1.0,537866cb077d586d
1.0,1.0,1.0,1.0,2021.07.09.15.53.28_veh-38_00184_02293,1.0,cc01a7b989541bcb4ff9d23b8d74745ab80ce2c331fe354c812aec955fdf16e8,planner_dev1696_randommask,1.0,ok,1.0,53947195964b5ddc
1.0,1.0,1.0,1.0,2021.07.09.15.53.28_veh-38_00184_02293,1.0,7dd78cb5b8afcf47895fd5f3060df3418836cd2db4ba7c579b9fdb0e9c4e284e,planner_dev1696_randommask,1.0,ok,1.0,539519a77270528a
1.0,1.0,1.0,1.0,2021.07.09.15.53.28_veh-38_00184_02293,1.0,507cd48689535db21283a66c0404dae728394a33a7ce88b7bba857eafca9a159,planner_dev1696_randommask,1.0,ok,1.0,54631ddbf6855a9a
1.0,1.0,1.0,0.8902154079046699,2021.07.09.15.53.28_veh-38_00184_02293,1.0,ab0a5046655e439066654210e06c4ba1bc92224b768cbcb3068d3620290ebe5c,planner_dev1696_randommask,0.9542564199602791,ok,1.0,54cabf997c2e54ec
1.0,1.0,1.0,1.0,2021.07.09.15.53.28_veh-38_00184_02293,1.0,bef3757a128c8bafa4b46e89ad8aee973611aa86be638fadd6571898a8a6208d,planner_dev1696_randommask,1.0,ok,1.0,550c71438a10581d
1.0,1.0,1.0,1.0,2021.07.09.15.53.28_veh-38_00184_02293,1.0,4753d715b152594bd883f0bba1c38471675dfc8386aa7fcc6bd2ad8a28141ca2,planner_dev1696_randommask,1.0,ok,1.0,55a358158723559c
1.0,1.0,1.0,1.0,2021.07.09.15.53.28_veh-38_00184_02293,1.0,f2ae96d67d2c19042c30b851b73c21960047a7c35931565277ed0413bf92dcb6,planner_dev1696_randommask,1.0,ok,1.0,55c60c81e14e5d94
1.0,1.0,1.0,1.0,2021.07.09.15.53.28_veh-38_00184_02293,1.0,5d45cd21c8312d5fb8f0f4a95b1299503652ee00f1934056b88e435e640bb81d,planner_dev1696_randommask,1.0,ok,1.0,562fcb37e4e05697
1.0,1.0,1.0,1.0,2021.07.09.15.53.28_veh-38_00184_02293,1.0,987d95c03028532c8e2c14b0d5808e524df6df9521e3ce831bdde986f50fd605,planner_dev1696_randommask,1.0,ok,1.0,5648007488815d22
1.0,1.0,1.0,0.8681588565208123,2021.07.09.15.53.28_veh-38_00184_02293,1.0,b1e4125fb8005aec2cf0f10b52e42e730b2699cc19004a5424325694580c397f,planner_dev1696_randommask,0.9450661902170051,ok,1.0,56951c953e93531f
1.0,1.0,1.0,0.8101670737518488,2021.07.09.15.53.28_veh-38_00184_02293,1.0,3bcd0cf7c4d782f536d75d3ff49c16aa992c488a70aa795005ccba220671ed48,planner_dev1696_randommask,0.9209029473966037,ok,1.0,56955c6aafab5e58
1.0,1.0,1.0,1.0,2021.07.09.15.53.28_veh-38_00184_02293,1.0,e7a80ee8be694ebf91d83fe3d11424cc56152019f513be16d61e56ebad85e497,planner_dev1696_randommask,1.0,ok,1.0,5727f0aed1fa5000
1.0,1.0,1.0,0.9245450130153208,2021.07.09.15.53.28_veh-38_00184_02293,1.0,cf817f0fce39da3ff5ec8e0e7fab8fca520fe8126a221ae24114d6219dd55fac,planner_dev1696_randommask,0.968560422089717,ok,1.0,572befcf57675103
1.0,1.0,1.0,1.0,2021.07.09.15.53.28_veh-38_00184_02293,1.0,a5391a35300286675222bb3127ddfe8d04d670e8fd4d09fe64c90fd1b95189b3,planner_dev1696_randommask,1.0,ok,1.0,577dd51dad5c513c
1.0,1.0,1.0,1.0,2021.07.09.15.53.28_veh-38_00184_02293,1.0,fb7b70162ba7c67b0560a34b828b119086e66105551be9306a4dcfbfd3527483,planner_dev1696_randommask,1.0,ok,1.0,583d770feb1f50e6
1.0,1.0,1.0,1.0,2021.07.09.15.53.28_veh-38_00184_02293,1.0,ed3a3d69ef9ddcebc1dc17dfc4302c8582033439c05199f4c00e0942da72c0ee,planner_dev1696_randommask,1.0,ok,1.0,58405a1838c55fce
1.0,0.0,1.0,0.0,2021.07.09.15.53.28_veh-38_00184_02293,1.0,fd8e8196261952bdbb2dc1a3d0da8bf37a58ceffe44dad900a7f3bcde6d4c518,planner_dev1696_randommask,0.0,ok,1.0,58877588439e5ce1
1.0,1.0,1.0,0.6661787774818222,2021.07.09.15.53.28_veh-38_00184_02293,1.0,b0721733c3fcaf074cde88b4bee958f66ee897cee96d94031a594d98a6b17a86,planner_dev1696_randommask,0.8609078239507593,ok,1.0,5911aec9fe745d2a
1.0,1.0,1.0,0.884048590416664,2021.07.09.15.53.28_veh-38_00184_02293,1.0,9c2306c062fa44b75224a047ede4ba0007610ff5e566f399abfbf3b4d4c5eab6,planner_dev1696_randommask,0.95168691267361,ok,1.0,59c510d3bccd5105
1.0,1.0,1.0,1.0,2021.07.09.15.53.28_veh-38_00184_02293,1.0,fbd9b1f33106adc76a967b4afd86a538a4bd1799ae3ce3fba9e5027f1985e781,planner_dev1696_randommask,1.0,ok,1.0,5a0d659cee41562b
1.0,1.0,1.0,1.0,2021.07.09.15.53.28_veh-38_00184_02293,1.0,3447668ce09fb424886139af6962a4f8f9cd0fdf3cbcd324a168417b676b7015,planner_dev1696_randommask,1.0,ok,1.0,5afc918b7a185eaa
1.0,1.0,1.0,0.7062023625163093,2021.07.09.15.53.28_veh-38_00184_02293,1.0,c11882c27a79ae6d4ed8c607c9e69cbdd8e48bb703ed44da4b533e83d672f426,planner_dev1696_randommask,0.8775843177151289,ok,1.0,5b1c2e8998585889
1.0,1.0,1.0,0.9296112921956748,2021.07.09.15.53.28_veh-38_00184_02293,1.0,f81d39ff6409ae64c7871dd67e6e592ac08e670315dab8eadfa920ba6d73da1c,planner_dev1696_randommask,0.9706713717481978,ok,1.0,5b31ae74a6235b13
1.0,1.0,1.0,0.9362084833451946,2021.07.09.15.53.28_veh-38_00184_02293,1.0,23e964e3dc11faaa9d244dbc6d26654f9094d298cf127201f85215ef3fb4c064,planner_dev1696_randommask,0.973420201393831,ok,1.0,5b8ed32be3d355d2
1.0,1.0,1.0,1.0,2021.07.09.15.53.28_veh-38_00184_02293,1.0,c2a07b5bdbd51a0e87b42d7ba51867eae321b38373e177add24a920b6f4b2b94,planner_dev1696_randommask,1.0,ok,1.0,5bbe0b33a6375afe
1.0,1.0,1.0,0.8073939654415563,2021.07.09.15.53.28_veh-38_00184_02293,1.0,38710f092492c2bf0381e74555a0cfaaecdb4bb83e48c2283143d4002df6cb1b,planner_dev1696_randommask,0.9197474856006483,ok,1.0,5bdbf4af20945e83
1.0,1.0,1.0,0.7801524037605395,2021.07.09.15.53.28_veh-38_00184_02293,1.0,0409239ed6a31ef276f388180b5e7859f84c32094a1e1adab49c78a8dc6d99c5,planner_dev1696_randommask,0.9083968349002248,ok,1.0,5be2f48d93925c02
1.0,1.0,1.0,0.6671781044823039,2021.07.09.15.53.28_veh-38_00184_02293,1.0,9caa9868c37cbde4f8a997e4975ead5918af9f89d1ca5b9b6964c1889ae80268,planner_dev1696_randommask,0.86132421020096,ok,1.0,5d0b6e2c0cad53ce
1.0,1.0,1.0,1.0,2021.07.09.15.53.28_veh-38_00184_02293,1.0,76c5426b8f450f92a6e1e4f1be6417195bddcb0ec65ca21f7eefa2bccee238f9,planner_dev1696_randommask,1.0,ok,1.0,5d95e24db2fa5ada
1.0,1.0,1.0,1.0,2021.07.09.15.53.28_veh-38_00184_02293,1.0,8c349b78ba9006967c9bfc4dfa2d3f65868aaef129708e7cc1569a25ef63a966,planner_dev1696_randommask,1.0,ok,1.0,5eea58c0ed9d5b4d
1.0,1.0,1.0,0.9328551658167136,2021.07.09.15.53.28_veh-38_00184_02293,1.0,d025b2159cca2beab4563a00cd4a8e5231673b11675b962927cba5c7142ee314,planner_dev1696_randommask,0.972022985756964,ok,1.0,5f2e24464be0511a
1.0,1.0,1.0,1.0,2021.07.09.15.53.28_veh-38_00184_02293,1.0,4e126553757b5ac4abd3a8723b202bf6c270727889286f2d2892e3df3489f578,planner_dev1696_randommask,1.0,ok,1.0,5f5d82af40575c3a
1.0,1.0,1.0,1.0,2021.07.09.15.53.28_veh-38_00184_02293,1.0,2738894cd17f3f2520dbe998f31903b365624e9a949203bf152e5d9b35cdc5cb,planner_dev1696_randommask,1.0,ok,1.0,5f9d781b4e0a5e25
1.0,1.0,1.0,1.0,2021.07.09.15.53.28_veh-38_00184_02293,1.0,89e742a662237072cd2ac078721cd698b01ba2244516e26c993ee30b0bc2fb6e,planner_dev1696_randommask,1.0,ok,1.0,5fbbd408b7395036
1.0,1.0,1.0,1.0,2021.07.09.15.53.28_veh-38_00184_02293,1.0,f96f8bdd799394a10f868f43cfc5f73497022090da97dbc4ea0bba7f4c5ac819,planner_dev1696_randommask,1.0,ok,1.0,606628cc32715abd
1.0,1.0,1.0,1.0,2021.07.09.15.53.28_veh-38_00184_02293,1.0,44b2d61689f67bb0387cbd1656afe5b196d6ca7ad6a8f6cd5059213aa75349ac,planner_dev1696_randommask,1.0,ok,1.0,60966830452a5fdb
1.0,1.0,1.0,1.0,2021.07.09.15.53.28_veh-38_00184_02293,1.0,b0ccfceb0ea48a13d9fc0ee9cd7e9cd3eb8ddf485504bf4684422d857b869ea0,planner_dev1696_randommask,1.0,ok,1.0,60c8ea16ac0c5d80
1.0,1.0,1.0,0.9856080312072177,2021.07.09.15.53.28_veh-38_00184_02293,1.0,70dbc778e77d9d7a4e3ecf557584f36cde54cc76e29a974d5b871ab11ba1f1fe,planner_dev1696_randommask,0.9940033463363407,ok,1.0,60d83af8e3ec5296
1.0,1.0,1.0,0.9067167152551139,2021.07.09.15.53.28_veh-38_00184_02293,1.0,21a339ec738a28f682b2b9c9d3313cf54f2614d32062839a9c02c3f44dccfd75,planner_dev1696_randommask,0.9611319646896308,ok,1.0,615150631a0d5359
1.0,1.0,1.0,0.8352021950824124,2021.07.09.15.53.28_veh-38_00184_02293,1.0,85f2b7fa26c8280bce56914a7c6e31fd10d17f64ebf13d6ed0214667750c3c19,planner_dev1696_randommask,0.9313342479510052,ok,1.0,61b475b0e8de50d4
1.0,1.0,1.0,0.6052038526456189,2021.07.09.15.53.28_veh-38_00184_02293,1.0,4f169c1c9595cbd65905402b733cde1c184bb663ed588b045bef7fe18ca9b435,planner_dev1696_randommask,0.835501605269008,ok,1.0,61ec98105b6454d1
1.0,1.0,0.0,0.7554370430619917,2021.07.09.15.53.28_veh-38_00184_02293,1.0,82a5e72deaa964306b205c17a99dfef69b1cc573c57d38d56352e6694ebe10ce,planner_dev1696_randommask,0.8980987679424967,ok,1.0,62292b644c765f2d
1.0,1.0,1.0,1.0,2021.07.09.15.53.28_veh-38_00184_02293,1.0,82a623072213195e3771fbb04f74f4ae6a93abab88b0dcbdf04f43f2ba073f53,planner_dev1696_randommask,1.0,ok,1.0,62eeaae653ad58c0
1.0,1.0,1.0,0.93140366379351,2021.07.09.15.53.28_veh-38_00184_02293,1.0,6e6cd2942113a07ad8d0a6af4dab36dc8170ff22ac054749288de85a1d68817e,planner_dev1696_randommask,0.9714181932472958,ok,1.0,63e276d858f35dc0
1.0,1.0,1.0,1.0,2021.07.09.15.53.28_veh-38_00184_02293,1.0,579ffc51cb5b3ad90184ccfd1c20fcf713d0d12281416b63e185e618bfd1b479,planner_dev1696_randommask,1.0,ok,1.0,644b320b4ec559de
1.0,1.0,1.0,0.8867155240204438,2021.07.09.15.53.28_veh-38_00184_02293,1.0,c4f5cca2b9e4ec9d9ec857f6b766ca32e58250a191aca9e0bc52d1d915625183,planner_dev1696_randommask,0.9527981350085183,ok,1.0,6524dc3754d95750
1.0,1.0,1.0,1.0,2021.07.09.15.53.28_veh-38_00184_02293,1.0,8342e6d0bc6f8bcfe1dfce79ac71a83f211e172f2fa63273e14f94088842e799,planner_dev1696_randommask,1.0,ok,1.0,65cf5ab5da625c92
1.0,1.0,1.0,0.8266882684762685,2021.07.09.15.53.28_veh-38_00184_02293,1.0,b41f4d9f3523e2acb6129e918b3b6541f39046fdbaa3761f4f850f776ce8ca45,planner_dev1696_randommask,0.9277867785317785,ok,1.0,65dfcaf9f5ae5544
1.0,1.0,1.0,1.0,2021.07.09.15.53.28_veh-38_00184_02293,1.0,7455d25a4edf84a3c55f1b3cbea61dbfd89052f66517c3b102e6c26c7620a468,planner_dev1696_randommask,1.0,ok,1.0,6639e46adc8a5387
1.0,1.0,1.0,1.0,2021.07.09.15.53.28_veh-38_00184_02293,1.0,4bf92711d24685e4b4ce7fce3130d50890844427d68040c50d05820f7dbdc8da,planner_dev1696_randommask,1.0,ok,1.0,685b63993c6750d7
1.0,1.0,1.0,1.0,2021.07.09.15.53.28_veh-38_00184_02293,1.0,07849ff957fdb61875fec386a214d44b21410cf831f92221e9611cb01494a5f2,planner_dev1696_randommask,1.0,ok,1.0,68d4c704a0fc5cb7
1.0,1.0,1.0,0.8472789077069558,2021.07.09.15.53.28_veh-38_00184_02293,1.0,1cdca686d6a33a6be873e9bc855513e994b8be13b09f8d022223450f8bfd99b4,planner_dev1696_randommask,0.9363662115445649,ok,1.0,68d60fd55b6b5436
1.0,1.0,0.0,0.9929139060316364,2021.07.09.15.53.28_veh-38_00184_02293,1.0,7b48a1fda101106b27be1b08faa657b5827255279519d54b6185e6ec3f7c08b6,planner_dev1696_randommask,0.9970474608465153,ok,1.0,6967bd153dd859aa
1.0,1.0,1.0,1.0,2021.07.09.15.53.28_veh-38_00184_02293,1.0,9e330de6203b50a55fbc1ad0b36edf388ef93efff5b27f3fc117b1407d07b19a,planner_dev1696_randommask,1.0,ok,1.0,6985bce9bf3f5165
1.0,1.0,1.0,1.0,2021.07.09.15.53.28_veh-38_00184_02293,1.0,733d242bbae666c7ff6df06a37aa542dc05d0597c2aa2ba8f694e83f84edf5f2,planner_dev1696_randommask,1.0,ok,1.0,69942d2c55045583
1.0,1.0,1.0,0.9132780186185876,2021.07.09.15.53.28_veh-38_00184_02293,1.0,fca7eed73772b7fa9c9f370e24aa0a5aeb678ae753cad5c415e15e0459c78591,planner_dev1696_randommask,0.9638658410910782,ok,1.0,69dc5b99e8495527
1.0,1.0,0.0,0.8955680728387108,2021.07.09.15.53.28_veh-38_00184_02293,1.0,df0b50bb2be0d6c10b1c4e6fd181fdda7724d0c9d0a1204757fcf22f3a7ed98e,planner_dev1696_randommask,0.9564866970161295,ok,1.0,6a2c8800bace516a
1.0,1.0,1.0,1.0,2021.07.09.15.53.28_veh-38_00184_02293,1.0,0be3714f6263a1bb5c31389d50cbb263a9e98ebee7605f2be4a1b56a81c5ed94,planner_dev1696_randommask,1.0,ok,1.0,6aaddfb6748e5902
1.0,1.0,1.0,1.0,2021.07.09.15.53.28_veh-38_00184_02293,1.0,721949c390ec5c6e42844df96610f4aadb487d3a573a8b51cd63bbd98b18f098,planner_dev1696_randommask,1.0,ok,1.0,6b0342e0299e53b5
1.0,1.0,1.0,0.8335493518044955,2021.07.09.15.53.28_veh-38_00184_02293,1.0,422a621e0cc77868492b6680baface13268798b6f1d78d87783643a8eca56c43,planner_dev1696_randommask,0.9306455632518732,ok,1.0,6b0d235a84a556ac
1.0,1.0,1.0,1.0,2021.07.09.15.53.28_veh-38_00184_02293,1.0,31d426bd0e2324c291e0d5932eb97f1c5c96240d7c83138716d5b646a3cb32e9,planner_dev1696_randommask,1.0,ok,1.0,6c14868b34cd5cbf
1.0,1.0,1.0,0.90991385882327,2021.07.09.15.53.28_veh-38_00184_02293,1.0,cb43b60fd72b70a67cbe4275367d27d66fff55b465e4324e2001145a721fd75a,planner_dev1696_randommask,0.962464107843029,ok,1.0,6c4e378311d55950
1.0,1.0,1.0,1.0,2021.07.09.15.53.28_veh-38_00184_02293,1.0,0ababe4d52794d73a4e67c3d3a8e7fc61e1ac765becde3c0e6f525e08be2ee57,planner_dev1696_randommask,1.0,ok,1.0,6d041be110a95545
1.0,1.0,1.0,0.6802515236292054,2021.07.09.15.53.28_veh-38_00184_02293,1.0,36f6eb619da6f6144b411c0a292bc26b91822d183cf72e45e293c26370e0a6f1,planner_dev1696_randommask,0.8667714681788355,ok,1.0,6d44fd636c0953ad
1.0,1.0,1.0,0.8946523898389244,2021.07.09.15.53.28_veh-38_00184_02293,1.0,f4fe17695c9e2b955ecc3abb7b2a7cbe8beea48329d023f3f515e974cd52eedc,planner_dev1696_randommask,0.9561051624328852,ok,1.0,6d8cdad401125079
1.0,1.0,1.0,0.9554158852230185,2021.07.09.15.53.28_veh-38_00184_02293,1.0,f8a48a033f2ac8f51ecf0540fbd3d359061569dbc5113712ced24f6316a3aa8c,planner_dev1696_randommask,0.981423285509591,ok,1.0,6db0c73631c555b0
1.0,1.0,1.0,1.0,2021.07.09.15.53.28_veh-38_00184_02293,1.0,21d93a7b32dc1c77291e67b9cad8f2008552439ee30bd0cc7376cd2e32a0a19c,planner_dev1696_randommask,1.0,ok,1.0,6dc4975ee9915cb2
1.0,1.0,1.0,0.7814480256037194,2021.07.09.15.53.28_veh-38_00184_02293,1.0,4d2c2bcd1274409c3d2d17048b33bf012ad5829e3773553f610401a55b314571,planner_dev1696_randommask,0.908936677334883,ok,1.0,6dee7c049737527b
1.0,1.0,1.0,1.0,2021.07.09.15.53.28_veh-38_00184_02293,1.0,a86c53ba0c70c1ac7ed8cc15734aa12b6f189a6d02ddfd22ae3bdccbd5549c0d,planner_dev1696_randommask,1.0,ok,1.0,6e52df2cd43c5bca
1.0,1.0,1.0,1.0,2021.07.09.15.53.28_veh-38_00184_02293,1.0,2dee59681a34d3a47de2ccbec740c8e5c88f68f6accf552afebb25e6bffdc44a,planner_dev1696_randommask,1.0,ok,1.0,6e8c5b6b0aaf5f6d
1.0,1.0,1.0,0.7487579037021274,2021.07.09.15.53.28_veh-38_00184_02293,1.0,ac35e3183fd597aab7d69b877a8015185641105f6ce91eb281414d24a696a189,planner_dev1696_randommask,0.8953157932092197,ok,1.0,6f2d8e1d48865f32
1.0,1.0,1.0,0.6405730244174975,2021.07.09.15.53.28_veh-38_00184_02293,1.0,11b1b8fe1b78c6d809da04c819b6f06da13f3d04cc3fe5d90696caab97eab029,planner_dev1696_randommask,0.8502387601739573,ok,1.0,6f4f64fd1b145598
1.0,1.0,1.0,1.0,2021.07.09.15.53.28_veh-38_00184_02293,1.0,3e7c83179ae269b608d776094944671bd023cbcee4d197e45ce8121f43539e0d,planner_dev1696_randommask,1.0,ok,1.0,6fdf0151dd905608
1.0,1.0,1.0,1.0,2021.07.09.15.53.28_veh-38_00184_02293,1.0,34c53884034fe4b7288f54479652d283619ae7f2f2f2ea6db81eab7b4c16831c,planner_dev1696_randommask,1.0,ok,1.0,6fe8c6e82de65156
1.0,1.0,1.0,0.6560397358372428,2021.07.09.15.53.28_veh-38_00184_02293,1.0,8b90ff73c8c736c78d8f52ae549129b00f7649565ad3e713a4d8bdb22ee2a84a,planner_dev1696_randommask,0.8566832232655178,ok,1.0,701c62d42cdf5cfa
1.0,1.0,1.0,1.0,2021.07.09.15.53.28_veh-38_00184_02293,1.0,5933a3090ab34c44ca870ce70423658450bc4778a3f35431e595f96bda9d175a,planner_dev1696_randommask,1.0,ok,1.0,7221a77c5d955445
1.0,1.0,1.0,1.0,2021.07.09.15.53.28_veh-38_00184_02293,1.0,e159ad359233a973274b17549018648a8e33eb21330d580d8e8746c371b38125,planner_dev1696_randommask,1.0,ok,1.0,723350e0feb75963
1.0,1.0,1.0,1.0,2021.07.09.15.53.28_veh-38_00184_02293,1.0,6f7e37cdec2c8f830856d9a641bd2f9d0bf6ba2fd83dd9217226f9c332ec82a4,planner_dev1696_randommask,1.0,ok,1.0,7293733a32625ec6
1.0,1.0,0.0,1.0,2021.07.09.15.53.28_veh-38_00184_02293,1.0,d9f04192dd45db7091f1f66a89917bf929054cfa83bc56c1cd95204f5bcf0c5c,planner_dev1696_randommask,1.0,ok,1.0,73197a1a03715a15
1.0,1.0,1.0,1.0,2021.07.09.15.53.28_veh-38_00184_02293,1.0,3b09560a14e503f11400054ebd59404f50ef8d75dc49c2dd7d63ce48891cc8e8,planner_dev1696_randommask,1.0,ok,1.0,73aa5ff963e656f6
1.0,1.0,1.0,0.9682831261985385,2021.07.09.15.53.28_veh-38_00184_02293,1.0,9802c2dcb83a4b9c11943546177c88a7062e21d1da0daced4235a648a1bf4b85,planner_dev1696_randommask,0.9867846359160577,ok,1.0,73d1214a1454592d
1.0,1.0,1.0,1.0,2021.07.09.15.53.28_veh-38_00184_02293,1.0,8f835eb8e84de12a53685322af7492a332bf976277368e179a67968ebc9548ef,planner_dev1696_randommask,1.0,ok,1.0,74e93b471c195803
1.0,1.0,1.0,1.0,2021.07.09.15.53.28_veh-38_00184_02293,1.0,6afb160887d8bfce7b7e09a14537ed6ee8be5c01da71977e10b33b333d6c10ac,planner_dev1696_randommask,1.0,ok,1.0,74ff8f6a618a5f9b
1.0,1.0,1.0,1.0,2021.07.09.15.53.28_veh-38_00184_02293,1.0,2ee85a53de7f86bf9423ddd8a56bc19b732b7b311a6a82357dc48ea172c8df45,planner_dev1696_randommask,1.0,ok,1.0,7500c2c37cbb5228
1.0,1.0,1.0,0.6715232218262266,2021.07.09.15.53.28_veh-38_00184_02293,1.0,cd199f5249a0bbeb0c00ba2b5b4d66bad268469edcc33a8fe9b1637303d1bcd2,planner_dev1696_randommask,0.8631346757609277,ok,1.0,758251c429055016
1.0,1.0,1.0,1.0,2021.07.09.15.53.28_veh-38_00184_02293,1.0,4413f2a426301967e699075ba9c9d764e999a1ff9b2ca09d6135060e0b86f46d,planner_dev1696_randommask,1.0,ok,1.0,75bbe59a5d305a53
1.0,1.0,1.0,1.0,2021.07.09.15.53.28_veh-38_00184_02293,1.0,4911625d00af6ec1c57758d6ebd55d7dd4d241835b489ab55d974be275e3e922,planner_dev1696_randommask,1.0,ok,1.0,75eb624e2c925f13
1.0,1.0,1.0,0.8891725997051526,2021.07.09.15.53.28_veh-38_00184_02293,1.0,a4f647dbd68af698019c2a5b5f6a449bd010481d674e6a1e104b0488f77b0cfc,planner_dev1696_randommask,0.9538219165438137,ok,1.0,763904a315b357a8
1.0,1.0,1.0,1.0,2021.07.09.15.53.28_veh-38_00184_02293,1.0,0f36db830b82d745ee9ae0a3b2a5fe50fdc64607ce2a8bab6d59aa642249b09e,planner_dev1696_randommask,1.0,ok,1.0,7729a0ce4e7e5c40
1.0,1.0,1.0,1.0,2021.07.09.15.53.28_veh-38_00184_02293,1.0,c3b7f8c67cd69af1e56f10f5153fddbfac95369a7d6c248773301dbcce278235,planner_dev1696_randommask,1.0,ok,1.0,7738bbe3ec2b5787
1.0,1.0,1.0,1.0,2021.07.09.15.53.28_veh-38_00184_02293,1.0,9c35ce003fee2cf87d116718e96b5fce937267364c85669a8527e855327334c1,planner_dev1696_randommask,1.0,ok,1.0,78f97b6c3427524b
1.0,1.0,1.0,1.0,2021.07.09.15.53.28_veh-38_00184_02293,1.0,5a6ba44815f6206214ce746698199b0321d37764cdeb70ad44077efbd8577e57,planner_dev1696_randommask,1.0,ok,1.0,7948de3a2d2a55ef
1.0,1.0,1.0,0.8476360199832397,2021.07.09.15.53.28_veh-38_00184_02293,1.0,f14375eb1d5acfb4eb436df428ec3dcbd5080bf910de8cb03742202f9a58dddd,planner_dev1696_randommask,0.9365150083263499,ok,1.0,798e9edbcfd65aa8
1.0,1.0,0.0,0.7448213462390404,2021.07.09.15.53.28_veh-38_00184_02293,1.0,e63598ca9a347f20fa2bd71b2d183f210c051926fecd5c9e3f4b1c0de75a4a33,planner_dev1696_randommask,0.8936755609329335,ok,1.0,79a0bda4d6df5e2a
1.0,1.0,1.0,1.0,2021.07.09.15.53.28_veh-38_00184_02293,1.0,ba46c7d34df98d3cd13f281edffe987c3ad14f89d966180c98234f713e704e38,planner_dev1696_randommask,1.0,ok,1.0,7a02eea9dbd0517b
1.0,1.0,1.0,0.9381536288704272,2021.07.09.15.53.28_veh-38_00184_02293,1.0,6e31a0c5dccfceed4aa78efe03be197f182b46ec34745bf74091d57f2903d471,planner_dev1696_randommask,0.9742306786960113,ok,1.0,7a430a9945055acd
1.0,1.0,1.0,1.0,2021.07.09.15.53.28_veh-38_00184_02293,1.0,c039162ee3a4d3baa88378c15ae1b04c999b2e8502659b770a278f0e5b5d9c06,planner_dev1696_randommask,1.0,ok,1.0,7a569fbddc2e53ed
1.0,1.0,1.0,1.0,2021.07.09.15.53.28_veh-38_00184_02293,1.0,6c1cfbfd08e8480c30fdda1696069f11fc2471f9c1e6e4dc11ab399a98751be8,planner_dev1696_randommask,1.0,ok,1.0,7b3a98e80f525533
1.0,1.0,1.0,1.0,2021.07.09.15.53.28_veh-38_00184_02293,1.0,ea5bddef79b45f527d4024a912590fd1f3363f7980a91f4973ca3601211e5569,planner_dev1696_randommask,1.0,ok,1.0,7b7c4d1e5ec95f17
1.0,1.0,1.0,0.8770894028251788,2021.07.09.15.53.28_veh-38_00184_02293,1.0,53a605d83d5bf7d5f39799e250119e6b3366460154f91330a82752a4cbdf56d3,planner_dev1696_randommask,0.9487872511771579,ok,1.0,7b81b7c982e35adc
1.0,1.0,1.0,0.9680471040921557,2021.07.09.15.53.28_veh-38_00184_02293,1.0,fa81369c932f267cdcbf535bf91333caa964c868844ee00f1c6efb67782d20f3,planner_dev1696_randommask,0.9866862933717315,ok,1.0,7cd693b8880c55b6
1.0,1.0,1.0,0.7698322097539054,2021.07.09.15.53.28_veh-38_00184_02293,1.0,22319d16d3bbe05c71ffd2e176c752adfc27146309476413797b21ae495f5ec0,planner_dev1696_randommask,0.9040967540641273,ok,1.0,7cfc59f9673752c1
1.0,1.0,1.0,0.9378737532742636,2021.07.09.15.53.28_veh-38_00184_02293,1.0,c62a3e72dca5178d04453ea23cf8aa451e3ffd57770bed3ea6adf96b297b3da6,planner_dev1696_randommask,0.9741140638642766,ok,1.0,7d18e654da9b5ecf
1.0,1.0,1.0,0.7860815813509878,2021.07.09.15.53.28_veh-38_00184_02293,1.0,a3c78d83c6251a76977bc26de6df1da5ff4cd947502ebcecf392dff9bd312709,planner_dev1696_randommask,0.9108673255629117,ok,1.0,7da65eef431c5831
1.0,1.0,1.0,0.5913266928266662,2021.07.09.15.53.28_veh-38_00184_02293,1.0,8085402cc690565a8dc063d1c905d5283bac6ac5f6aee43fc8f878d6e2fff4c7,planner_dev1696_randommask,0.8297194553444442,ok,1.0,7dadf9fcee2e587d
1.0,1.0,1.0,1.0,2021.07.09.15.53.28_veh-38_00184_02293,1.0,a0ddd9b6071139a4c006021005a6bee0fdbaabec0ddfcc9b8a9afcd382ef6e8f,planner_dev1696_randommask,1.0,ok,1.0,7e11df067a735f04
1.0,1.0,1.0,1.0,2021.07.09.15.53.28_veh-38_00184_02293,1.0,6fc9dfc0d01a55f68f90d0c9e035a041354c49be4497330cf15be2960cd96095,planner_dev1696_randommask,1.0,ok,1.0,7e58a63ae5da5a38
1.0,1.0,1.0,1.0,2021.07.09.15.53.28_veh-38_00184_02293,1.0,ef25f70a00ff56a65e3232e88002e0b2e4939f902a7d34f1cd3a900717b68404,planner_dev1696_randommask,1.0,ok,1.0,7e64dd02b985526f
1.0,1.0,1.0,0.9429252109377408,2021.07.09.15.53.28_veh-38_00184_02293,1.0,526d6576ba32eac1c519526292a48c7373ffc9b16782b4e4eb1f83e28cd9a0d4,planner_dev1696_randommask,0.9762188378907254,ok,1.0,7fe5d84bbda651fd
1.0,1.0,1.0,0.8104811855657306,2021.07.09.15.53.28_veh-38_00184_02293,1.0,6cd6264b0fcf39e464cbe1079a739d9fe8508bc6c916cca5adb484d35e0dd959,planner_dev1696_randommask,0.9210338273190545,ok,1.0,80538e78e0805e93
1.0,1.0,1.0,0.8941389518535136,2021.07.09.15.53.28_veh-38_00184_02293,1.0,d53536eaacd572544d52a778a1ed09a9c8c8da7f95111e8e21162354890f68fe,planner_dev1696_randommask,0.955891229938964,ok,1.0,80c1301aa1ca5378
1.0,1.0,1.0,0.5315000816391283,2021.07.09.15.53.28_veh-38_00184_02293,1.0,5b9a7f0fec459cfe5114ffee2d4687411e2deb47998e8cf90c30a649193f71ef,planner_dev1696_randommask,0.8047917006829701,ok,1.0,824fe1c7968256ab
1.0,1.0,1.0,0.9269959813693456,2021.07.09.15.53.28_veh-38_00184_02293,1.0,4a03d4b85bc385f6e794ae8f3010ccbcc652b4dde21760bc734c4457fa1d2495,planner_dev1696_randommask,0.9695816589038939,ok,1.0,83a393796b2e57df
1.0,1.0,1.0,0.8675918287640686,2021.07.09.15.53.28_veh-38_00184_02293,1.0,ff6e205e2cc4be0efe7f5cb9c1fd4e4b8fa195e914165058d55f9b691dfb3dbc,planner_dev1696_randommask,0.9448299286516951,ok,1.0,8469b20e06015317
1.0,1.0,1.0,0.7650048939759715,2021.07.09.15.53.28_veh-38_00184_02293,1.0,041ddea4d08e7de526197575f84d23cb2f61a9935124f3eae06fd604f92842d7,planner_dev1696_randommask,0.9020853724899881,ok,1.0,84ec0e32bbf45061
1.0,1.0,1.0,0.6174575713956344,2021.07.09.15.53.28_veh-38_00184_02293,1.0,8d0feef37e51a9c01dd9fdbbeb6eb5835e3a5d6d22954eac9c236dd21e78c647,planner_dev1696_randommask,0.8406073214148476,ok,1.0,85b84f9120225591
1.0,1.0,1.0,0.9484486321673424,2021.07.09.15.53.28_veh-38_00184_02293,1.0,0b6fbd0e7b952196a3d1dcf307fa196455a6f56e0efa5c46c0561dcdc7e490a5,planner_dev1696_randommask,0.9785202634030593,ok,1.0,860685d975df5da5
1.0,1.0,1.0,1.0,2021.07.09.15.53.28_veh-38_00184_02293,1.0,1ec60240ddd473b4f7b11c410fe63e88125dd249186f9a1918c0478741fa86e2,planner_dev1696_randommask,1.0,ok,1.0,878debfff51656dc
1.0,1.0,1.0,0.5377087757646558,2021.07.09.15.53.28_veh-38_00184_02293,1.0,5ea2cd554ffd5f3a7c871fd575ae116866b4edd5c8495d498feee216c564a4c8,planner_dev1696_randommask,0.8073786565686065,ok,1.0,87c88239e2ae5b90
1.0,1.0,1.0,1.0,2021.07.09.15.53.28_veh-38_00184_02293,1.0,201763558e53911a1d6d2929422f7d6bc88ed09e37e816ccab8a8773cedb15a2,planner_dev1696_randommask,1.0,ok,1.0,8925d842a3f0501e
1.0,1.0,1.0,0.6408311879798683,2021.07.09.15.53.28_veh-38_00184_02293,1.0,a203b940a7ce34103d2e43f0b843a539a86ff4ec3a179c44d679c51e5ba34a15,planner_dev1696_randommask,0.850346328324945,ok,1.0,8ad9a07afc6b5ccc
1.0,1.0,1.0,1.0,2021.07.09.15.53.28_veh-38_00184_02293,1.0,028ab24444b794daa043492ffac8f328d1070f2cf952c3c22d7437c89ecd08ec,planner_dev1696_randommask,1.0,ok,1.0,8c1374efdf3c5f3c
1.0,1.0,1.0,0.9615750608838577,2021.07.09.15.53.28_veh-38_00184_02293,1.0,4b8967ac3e2619efddd4f0ff38376131cc61e66911f30b02c688066086c32d5f,planner_dev1696_randommask,0.9839896087016072,ok,1.0,8c58465a17645b77
1.0,1.0,1.0,0.8449177239584601,2021.07.09.15.53.28_veh-38_00184_02293,1.0,39154c49d0d65880840438be74954a5886da02a7da634c3735c0f45422197707,planner_dev1696_randommask,0.9353823849826917,ok,1.0,8c812c6c4671575c
1.0,1.0,1.0,1.0,2021.07.09.15.53.28_veh-38_00184_02293,1.0,42ffec750699d4c1b5d9a659f8bd5d75dab48ce9d26d3b2eecba1ccc8ebbde53,planner_dev1696_randommask,1.0,ok,1.0,8d0e261ba1825130
1.0,1.0,1.0,0.9137154307907805,2021.07.09.15.53.28_veh-38_00184_02293,1.0,04a9380c0478549e7d6922bffc3ee3ff02e3bbd01e9fac34f8b49d5aae7ae0b1,planner_dev1696_randommask,0.9640480961628253,ok,1.0,8e2e4e2a5ba95a41
1.0,1.0,1.0,0.8349792698769112,2021.07.09.15.53.28_veh-38_00184_02293,1.0,162489feb3ab09c7b09a7fdd517b3acb2b1a4bb9ed18cb29a4f0ee18e57c54db,planner_dev1696_randommask,0.9312413624487129,ok,1.0,8f847886c0595319
1.0,1.0,1.0,1.0,2021.07.09.15.53.28_veh-38_00184_02293,1.0,7ef4adfbf25fc353bbfb21aa9899912796df0632b3a5b8a7fa580a14466fc2c3,planner_dev1696_randommask,1.0,ok,1.0,907f051528025891
1.0,1.0,1.0,1.0,2021.07.09.15.53.28_veh-38_00184_02293,1.0,ec003a2b2240e33e977d85935599934d776a4139c098eb805559c805e0a8e14e,planner_dev1696_randommask,1.0,ok,1.0,9188a3a5aa175e3a
1.0,1.0,1.0,1.0,2021.07.09.15.53.28_veh-38_00184_02293,1.0,d015af26239a9aedff3278385e3b39f2ca0520f67e58795ada1c076f3574b2e4,planner_dev1696_randommask,1.0,ok,1.0,91927f072cb358b9
1.0,1.0,1.0,1.0,2021.07.09.15.53.28_veh-38_00184_02293,1.0,f7c723a4f9d6795a85a466fd13e2359781e3ca93a18693012476dd8ab2945a00,planner_dev1696_randommask,1.0,ok,1.0,91b861586e7d53cd
1.0,1.0,1.0,0.9280415909615983,2021.07.09.15.53.28_veh-38_00184_02293,1.0,b6c1d3a6795ed9046e86ab3fed8b66c14b0385cd114ea83a09ac7f74cc9f29cd,planner_dev1696_randommask,0.9700173295673326,ok,1.0,9246f3b315b35838
1.0,1.0,1.0,1.0,2021.07.09.15.53.28_veh-38_00184_02293,1.0,967125555370ca4b70ef258d898b8937ec8b09ab75f0b40c3bfdb752af9fa5b2,planner_dev1696_randommask,1.0,ok,1.0,92c22914fbdf5e29
1.0,1.0,1.0,1.0,2021.07.09.15.53.28_veh-38_00184_02293,1.0,adab62744e34d89f93e6a9fb10e11d41c2a733b797d5aca6c1610aea289e3f8e,planner_dev1696_randommask,1.0,ok,1.0,935628750eb851fa
1.0,1.0,1.0,0.6817905733916613,2021.07.09.15.53.28_veh-38_00184_02293,1.0,c972ad3c03c77b2e727c306b1a231447245f84cf54579672e76a0b3913608299,planner_dev1696_randommask,0.8674127389131921,ok,1.0,945dcb42cd645cc2
1.0,1.0,1.0,1.0,2021.07.09.15.53.28_veh-38_00184_02293,1.0,802b55fc3426dcc72a7185a60224963dbc272ec95ddd45691a6b868ac859d49b,planner_dev1696_randommask,1.0,ok,1.0,94f18102ecb65d3f
1.0,1.0,1.0,0.812765830328325,2021.07.09.15.53.28_veh-38_00184_02293,1.0,8d3b23390aaf4a278885d3f45495a5af77a8e3c37fce39d720139a285f1231b8,planner_dev1696_randommask,0.921985762636802,ok,1.0,95a1611d12f45d32
1.0,1.0,1.0,1.0,2021.07.09.15.53.28_veh-38_00184_02293,1.0,b279103277fb1a570dd3d14e069920656c465f3b865388a23ed3813c826bd372,planner_dev1696_randommask,1.0,ok,1.0,95d2c3ac66245fa5
1.0,1.0,1.0,0.7489666965407339,2021.07.09.15.53.28_veh-38_00184_02293,1.0,3ccd3a84ae17703be44a56b85393f757b7c0b390bf7b0f26771c7e031b4b86a3,planner_dev1696_randommask,0.8954027902253058,ok,1.0,96198b6e9db0567b
1.0,1.0,1.0,0.7177077765118538,2021.07.09.15.53.28_veh-38_00184_02293,1.0,1d5ffd1e51dbb8b9949dab55385b82282d2f7875603108368821896eed97f556,planner_dev1696_randommask,0.8823782402132725,ok,1.0,966ede5b9c8559f9
1.0,1.0,1.0,0.7762292017359229,2021.07.09.15.53.28_veh-38_00184_02293,1.0,8a85eafd49bbb9331e5e5d60a6c34ae68e2ae81730227c4208a75d9cfb10298e,planner_dev1696_randommask,0.9067621673899678,ok,1.0,970fa907695456f4
1.0,1.0,1.0,0.834187744303574,2021.07.09.15.53.28_veh-38_00184_02293,1.0,7bde64b926cf5c55059eacbd28e498eca90a391724ca5c3fc741c0ba851eb48b,planner_dev1696_randommask,0.9309115601264892,ok,1.0,972df703db945595
1.0,1.0,1.0,1.0,2021.07.09.15.53.28_veh-38_00184_02293,1.0,be749fbc3142e91d4011093d03f63c16f306db3e9744000d62318b71db79d7ba,planner_dev1696_randommask,1.0,ok,1.0,9753236c37725562
1.0,1.0,1.0,1.0,2021.07.09.15.53.28_veh-38_00184_02293,1.0,e4b88cd5b4f41637379c2f60cf96029fbb90cec169247b8ebb03259e41789b68,planner_dev1696_randommask,1.0,ok,1.0,978bac8b6a965c09
1.0,1.0,1.0,0.7826052852199193,2021.07.09.15.53.28_veh-38_00184_02293,1.0,b36b129f849c996466c7c21d449c3884c5a788b424445d9305cc338e4e6faaf6,planner_dev1696_randommask,0.909418868841633,ok,1.0,97bbe0832237514d
1.0,1.0,1.0,0.9333470025170044,2021.07.09.15.53.28_veh-38_00184_02293,1.0,a07f9d9407257a6cb39fef96b941fe1845b9e4b4257f4121acc73897bc97995d,planner_dev1696_randommask,0.9722279177154185,ok,1.0,98546a6b46d7528e
1.0,1.0,1.0,0.9206497201846828,2021.07.09.15.53.28_veh-38_00184_02293,1.0,f6ab27bad5cc991c76e3053d6e8e816a45cd385a07449df50f2d7fba9a30773c,planner_dev1696_randommask,0.9669373834102846,ok,1.0,987e9ead152a5bef
1.0,1.0,1.0,0.6482279775859145,2021.07.09.15.53.28_veh-38_00184_02293,1.0,e9f662066a9fbfc20f260541b2d26943770980f3d47e53b10b191257ced26f3e,planner_dev1696_randommask,0.8534283239941312,ok,1.0,9953d027249f57fe
1.0,1.0,1.0,0.9220334017761266,2021.07.09.15.53.28_veh-38_00184_02293,1.0,753ba295a9546798f2edf1edd9c9822ca6d9cb97f559a4e35ec353c51d9fce8d,planner_dev1696_randommask,0.9675139174067194,ok,1.0,9aa65c356bad5da4
1.0,1.0,1.0,0.8168650657477186,2021.07.09.15.53.28_veh-38_00184_02293,1.0,112bbe01862c0ff382bef488c8ccc2a68fdec1d439d07dc8ff54e9f18617954c,planner_dev1696_randommask,0.9236937773948828,ok,1.0,9b4ca000766657b2
1.0,1.0,1.0,1.0,2021.07.09.15.53.28_veh-38_00184_02293,1.0,a41eae838c8087660d17c85f53ad9affbda5c6ec054f87a5e74f0d1713823f73,planner_dev1696_randommask,1.0,ok,1.0,9bcee0d1dd015764
1.0,1.0,1.0,0.925458698982893,2021.07.09.15.53.28_veh-38_00184_02293,1.0,454a6dc5ca9b880e56a9e27a71f5496fd6a811aa4bc727e7497c2c5112d304a4,planner_dev1696_randommask,0.9689411245762054,ok,1.0,9c2572be2cc259d9
1.0,1.0,1.0,1.0,2021.07.09.15.53.28_veh-38_00184_02293,1.0,53c9d7578e4b3ee62863aee9c3c947e519ed95f76b6e5c9af7c7c334033dd6b8,planner_dev1696_randommask,1.0,ok,1.0,9c33787bfeda5800
1.0,1.0,1.0,0.9318461799102902,2021.07.09.15.53.28_veh-38_00184_02293,1.0,b486029f18800db0a7d141396c132d1e89054846c7ad051901f36caad1c613b6,planner_dev1696_randommask,0.9716025749626209,ok,1.0,9c792517780b5b7d
1.0,1.0,1.0,1.0,2021.07.09.15.53.28_veh-38_00184_02293,1.0,3926200a02c84e66754563c2916dad88e17613dd64c037cd7e78830d844480e8,planner_dev1696_randommask,1.0,ok,1.0,9c83725ca24453f5
1.0,1.0,1.0,0.7722549012383337,2021.07.09.15.53.28_veh-38_00184_02293,1.0,a60f0f1a3f041b6d095c41d99eac873175c8087d253cac6038a160d611c42dc1,planner_dev1696_randommask,0.9051062088493058,ok,1.0,9c891840338e54d4
1.0,1.0,1.0,1.0,2021.07.09.15.53.28_veh-38_00184_02293,1.0,d263d1d21c367a1071e45d112e2776368ffdf2b0a480c6b9d321758bfee27d23,planner_dev1696_randommask,1.0,ok,1.0,9cb25aa118655418
1.0,1.0,1.0,1.0,2021.07.09.15.53.28_veh-38_00184_02293,1.0,aade6f92b5dc111786887b6cb2a576b671b8cbf64d4fc673f1ace72bed788e45,planner_dev1696_randommask,1.0,ok,1.0,9cc73a8bde335ec2
1.0,1.0,0.5,1.0,2021.07.09.15.53.28_veh-38_00184_02293,1.0,25886250ec7c6c8ea98b31bf84f3070a933c83966790d6c0959693b57d77048c,planner_dev1696_randommask,1.0,ok,1.0,9d572fd0a3c0584f
1.0,1.0,1.0,0.9335186130251595,2021.07.09.15.53.28_veh-38_00184_02293,1.0,57da266c975b0d15b028a0ae0094b8a9f0192616ca6154bafc01d0912a8e55dc,planner_dev1696_randommask,0.9722994220938164,ok,1.0,9d8f4e67c96b5637
1.0,1.0,1.0,0.615848008916692,2021.07.09.15.53.28_veh-38_00184_02293,1.0,23e1eda86eade2ca80915a73bc3bd2ad7915d555aae039526ecf6771fb6cb365,planner_dev1696_randommask,0.8399366703819551,ok,1.0,9db16a5b77095de4
1.0,1.0,1.0,1.0,2021.07.09.15.53.28_veh-38_00184_02293,1.0,620bb4408ab64397194e4136bc83bd346e5ef01d2c139a6ca4fd829b8b4103c5,planner_dev1696_randommask,1.0,ok,1.0,9e7532e485cc5816
1.0,1.0,1.0,1.0,2021.07.09.15.53.28_veh-38_00184_02293,1.0,a4908c95dd814397d15055ba8a5eb7e866cbd5122e811345b0f524244e09d054,planner_dev1696_randommask,1.0,ok,1.0,9eac02522d2a5ed3
1.0,1.0,1.0,0.8716705969160354,2021.07.09.15.53.28_veh-38_00184_02293,1.0,1eaf54199b67427485960da6991654dde1a974c805c8a9b8f6b42c6ccb3ecc21,planner_dev1696_randommask,0.9465294153816814,ok,1.0,9f2f87e8c4b558c8
1.0,1.0,1.0,0.9714778393644148,2021.07.09.15.53.28_veh-38_00184_02293,1.0,714f60c7d54f4f1ce31d514fc61e22ce8e6c9b8d364891ec44cfd5d4d6ebf304,planner_dev1696_randommask,0.9881157664018394,ok,1.0,9f40f3d09a0c5024
1.0,1.0,1.0,0.962622084639884,2021.07.09.15.53.28_veh-38_00184_02293,1.0,033e965897dfe9f06f2fe11623903c940c1b646e22f8eb9475cae23ba53df1d7,planner_dev1696_randommask,0.9844258685999515,ok,1.0,9f56c42b0c4b552c
1.0,1.0,1.0,1.0,2021.07.09.15.53.28_veh-38_00184_02293,1.0,ba9a5d4f6a8e24aa97bcfdd209cfb4920c7b6aa2ae334b8e539826397b3c0914,planner_dev1696_randommask,1.0,ok,1.0,a0036dbb7dd9522a
1.0,1.0,1.0,0.5814376157249943,2021.07.09.15.53.28_veh-38_00184_02293,1.0,486198aa3afbe399e06f503e70c8f75b69eaaf0b5ddb703f3a6843112a667f74,planner_dev1696_randommask,0.825599006552081,ok,1.0,a075a523b64550e9
1.0,1.0,1.0,1.0,2021.07.09.15.53.28_veh-38_00184_02293,1.0,04006eb18a306ef096f1ae436286e7565d53d5605df8301de9d4f9b99e6058f1,planner_dev1696_randommask,1.0,ok,1.0,a094176b58375800
1.0,1.0,1.0,1.0,2021.07.09.15.53.28_veh-38_00184_02293,1.0,03f31bbdf5600ff6b4b958d95e6f031057be8b2bd418305bf7ae62289a51b663,planner_dev1696_randommask,1.0,ok,1.0,a0c05b04e8fc5d85
1.0,1.0,1.0,1.0,2021.07.09.15.53.28_veh-38_00184_02293,1.0,796f96547ac161c753cc33b6a7363efe3c746d3c90528e8faf71a94e559b1a2b,planner_dev1696_randommask,1.0,ok,1.0,a156a990d01f5a38
1.0,1.0,1.0,0.7260083300036775,2021.07.09.15.53.28_veh-38_00184_02293,1.0,2b7dcc436f10dc9b12055f50f4e1219078427ccdcc22515f5a73796d82a6947b,planner_dev1696_randommask,0.885836804168199,ok,1.0,a173aec70e58581c
1.0,1.0,1.0,0.7370395319605353,2021.07.09.15.53.28_veh-38_00184_02293,1.0,e2784fc04ed36787aef849290204b99d924d8e45744f9a35fb59098bb3d26414,planner_dev1696_randommask,0.8904331383168897,ok,1.0,a1b196339e23508b
1.0,1.0,1.0,0.8538829160242776,2021.07.09.15.53.28_veh-38_00184_02293,1.0,bc554d6c8046b218b4ee51f93d334d98ac56224b387a915aa593348f66273620,planner_dev1696_randommask,0.9391178816767823,ok,1.0,a1c0bc234f6b509d
1.0,1.0,1.0,1.0,2021.07.09.15.53.28_veh-38_00184_02293,1.0,51f39387d5701f22bb53ad3b3bd92cd100a914d9468dda0f1f3eac7b82b38c39,planner_dev1696_randommask,1.0,ok,1.0,a29d4b0957d45457
1.0,1.0,1.0,1.0,2021.07.09.15.53.28_veh-38_00184_02293,1.0,5b0a22e8ad5d2d0dfa5f30dd4be091d477fc5e65b6426b3548ee0e81583fc860,planner_dev1696_randommask,1.0,ok,1.0,a3648b6dd505564f
1.0,1.0,1.0,0.9016653421152618,2021.07.09.15.53.28_veh-38_00184_02293,1.0,5915671bfc4a3c94e9f6a59af3ef52665e4098cdb0f09866e2eba161b88b2d8f,planner_dev1696_randommask,0.9590272258813591,ok,1.0,a3b1fb4905615ee0
1.0,1.0,1.0,0.6724710370482091,2021.07.09.15.53.28_veh-38_00184_02293,1.0,bfd09af0b85a48d06bb0fccf884354bf62f3a0b99977bbab85e0b42e44a3a2f5,planner_dev1696_randommask,0.8635295987700872,ok,1.0,a3ef1c88095a59da
1.0,1.0,1.0,0.9449448206495383,2021.07.09.15.53.28_veh-38_00184_02293,1.0,a0426130263decb780a16eaeabe91730ae2d09f9b04c4a83d28d0dee78775ca2,planner_dev1696_randommask,0.9770603419373076,ok,1.0,a4ba975c32c95388
1.0,1.0,1.0,0.9674307231072717,2021.07.09.15.53.28_veh-38_00184_02293,1.0,df0883fc7e6a7b65218f39f03e7a9854c428f235ca1d0f1881b14865b13865c4,planner_dev1696_randommask,0.9864294679613632,ok,1.0,a501f397b8045aed
1.0,1.0,1.0,1.0,2021.07.09.15.53.28_veh-38_00184_02293,1.0,5962c66ea4d716a8d203e9e0e28533b4e8e29407329a34ca3b4dec33cd71a48e,planner_dev1696_randommask,1.0,ok,1.0,a572a36643565d2d
1.0,1.0,1.0,1.0,2021.07.09.15.53.28_veh-38_00184_02293,1.0,dc5425b10ba20267019ccb40e29bd1be2672ed500808c1fd000b0df9d703c659,planner_dev1696_randommask,1.0,ok,1.0,a5bdf8f9621d585c
1.0,1.0,0.5,1.0,2021.07.09.15.53.28_veh-38_00184_02293,1.0,57e8cdcd312cd4061cc15695362a783c599ba833232384cb4e2a1e5f6d350d9a,planner_dev1696_randommask,1.0,ok,1.0,a5d0fdeecf745214
1.0,1.0,1.0,1.0,2021.07.09.15.53.28_veh-38_00184_02293,1.0,1aa909cd243493656164ed1cebd300594261ee9bc36389e8289e1a049cecbc4e,planner_dev1696_randommask,1.0,ok,1.0,a5fc68e13b4c5653
1.0,1.0,1.0,0.7145150170971816,2021.07.09.15.53.28_veh-38_00184_02293,1.0,f3894c3c5c79e92021247850e6ce1b91f31e38d0be337441fc498654d0d5f5ba,planner_dev1696_randommask,0.8810479237904923,ok,1.0,a732670827695579
1.0,1.0,1.0,0.8807322252336114,2021.07.09.15.53.28_veh-38_00184_02293,1.0,01682980b13de6eacc4e9eab02650b7abb23033e730b3487c5c24dc2446f669b,planner_dev1696_randommask,0.9503050938473381,ok,1.0,a7bfd664e59f5640
1.0,1.0,1.0,0.8975694825859021,2021.07.09.15.53.28_veh-38_00184_02293,1.0,2bf2edd7a19db10d849114dde05d4b429c4b7813cc2091f635fe9ba0041957ca,planner_dev1696_randommask,0.9573206177441259,ok,1.0,a7c85687d085540f
1.0,1.0,1.0,1.0,2021.07.09.15.53.28_veh-38_00184_02293,1.0,d4b4f44b6018a119770bf64025218db2e63267e9d637cee37fc034d839fd4efd,planner_dev1696_randommask,1.0,ok,1.0,a7f219d0ab395e1b
1.0,1.0,1.0,1.0,2021.07.09.15.53.28_veh-38_00184_02293,1.0,04220a49940679cfc7627d6e935215ed178dca6703aae2be2e9700de44057e10,planner_dev1696_randommask,1.0,ok,1.0,a85db33ba720554a
1.0,1.0,1.0,1.0,2021.07.09.15.53.28_veh-38_00184_02293,1.0,96c27d757fef8ac38165c013d33d5f8d06e7c8bc48276ad494cc6a37b94483a2,planner_dev1696_randommask,1.0,ok,1.0,a890e898c911575d
1.0,1.0,1.0,0.8154569889085781,2021.07.09.15.53.28_veh-38_00184_02293,1.0,dcf0167f5e0debf97079269470c6bb94cd3b1ecbad5cb0e8e40b956d1eb9769f,planner_dev1696_randommask,0.9231070787119076,ok,1.0,a8e97875efab5ff5
1.0,1.0,1.0,0.9585146613758931,2021.07.09.15.53.28_veh-38_00184_02293,1.0,ddf530cd6103ff86007f352bd97ecb44bfe4bd60dfcd22494712b4355335fe7f,planner_dev1696_randommask,0.9827144422399554,ok,1.0,a8efb43e09885372
1.0,1.0,1.0,0.5783652039080938,2021.07.09.15.53.28_veh-38_00184_02293,1.0,e84931711d097321e36d43439df1b7a743eb61de0d9200c8638061f39be402ea,planner_dev1696_randommask,0.8243188349617058,ok,1.0,a90b5f01478957ee
1.0,1.0,1.0,0.8040129399444246,2021.07.09.15.53.28_veh-38_00184_02293,1.0,b9ce32bc656c41b2c1392aac67a21662af1fd18995d344b798e1464dc7764499,planner_dev1696_randommask,0.9183387249768437,ok,1.0,a91aee7fb6255053
1.0,1.0,1.0,0.8731478997064995,2021.07.09.15.53.28_veh-38_00184_02293,1.0,97c400ed9e841884d2763fc59290921a214854cdabe89a4ac6f82655dd31ba64,planner_dev1696_randommask,0.9471449582110415,ok,1.0,a9bb657628115cf5
1.0,1.0,1.0,0.9771687189292655,2021.07.09.15.53.28_veh-38_00184_02293,1.0,d4c5b1fbcb34b3677f86d8e8ace0fbcdc0feb782505f4a676e189677432610a8,planner_dev1696_randommask,0.9904869662205273,ok,1.0,aa917b7bd6795583
1.0,1.0,1.0,1.0,2021.07.09.15.53.28_veh-38_00184_02293,1.0,e1963baab45ebac0f7776757ca8d8ec8c5aa48aafad56705c145e93ae4b98cd3,planner_dev1696_randommask,1.0,ok,1.0,ac0ca24fd2f158b7
1.0,1.0,1.0,0.9057973534019501,2021.07.09.15.53.28_veh-38_00184_02293,1.0,ca5140631ce1fb5c58b258a38c50a3ba4ccc24fc06a87df706c1a83f2c009861,planner_dev1696_randommask,0.9607488972508126,ok,1.0,acf90c09814b527d
1.0,1.0,1.0,1.0,2021.07.09.15.53.28_veh-38_00184_02293,1.0,9ffeee5a127b81fd916197f60f8e533c62dc6478d6e3b6a0aa1d3dc990c18eb7,planner_dev1696_randommask,1.0,ok,1.0,ad4728971bca5a56
1.0,1.0,1.0,1.0,2021.07.09.15.53.28_veh-38_00184_02293,1.0,797366e490c88152bd82a9b7664ae584c1dd7667bf3db64b69fb1207468fb663,planner_dev1696_randommask,1.0,ok,1.0,adeac17732895943
1.0,1.0,1.0,0.5711208583090994,2021.07.09.15.53.28_veh-38_00184_02293,1.0,72a0d8ab6346f65c86d22fa667aabddac10a6935735d5765ecfe9b44b94e1846,planner_dev1696_randommask,0.8213003576287914,ok,1.0,ae101de4cb1b513e
1.0,1.0,1.0,1.0,2021.07.09.15.53.28_veh-38_00184_02293,1.0,d407b2013446b53b6c13bb81f7d2fc35ccf22194fbc01af0bf867747c6fc7640,planner_dev1696_randommask,1.0,ok,1.0,ae65f8c63d9757ce
1.0,1.0,1.0,0.7904179353070245,2021.07.09.15.53.28_veh-38_00184_02293,1.0,a98c039f9660c248619c239bdf24345217ed2c685fa998c4d63e2a2596bff88d,planner_dev1696_randommask,0.9126741397112602,ok,1.0,ae75038bea395c18
1.0,1.0,1.0,1.0,2021.07.09.15.53.28_veh-38_00184_02293,1.0,bcf62b68dee35f8275676727e152fc90b173e67b378c7a309401eb1d0c4fbc0c,planner_dev1696_randommask,1.0,ok,1.0,aefcaaf5aef552eb
1.0,1.0,1.0,0.7207896003305858,2021.07.09.15.53.28_veh-38_00184_02293,1.0,4070127b03da2e66b0737c8ba20ce0e742e98d7f5842c78d4ae2db3e4c54f060,planner_dev1696_randommask,0.8836623334710775,ok,1.0,b0224834f8b856d8
1.0,1.0,1.0,1.0,2021.07.09.15.53.28_veh-38_00184_02293,1.0,a252806a4daebdca3a5ea01e6c943c177633b9482acb2b6a5e0bb194cd32cc70,planner_dev1696_randommask,1.0,ok,1.0,b030dec92165592b
1.0,1.0,1.0,1.0,2021.07.09.15.53.28_veh-38_00184_02293,1.0,b4caf6951fe76c37a7c4ada6e4871ee05c66cfe288edbbf3ab8842fd1cb57acb,planner_dev1696_randommask,1.0,ok,1.0,b066a7fc60ff523a
1.0,1.0,1.0,0.8555697387987153,2021.07.09.15.53.28_veh-38_00184_02293,1.0,c8accc0dad528e363b3ee3ac1505e3140375787f6d911ee632bf38339a0b593a,planner_dev1696_randommask,0.9398207244994646,ok,1.0,b1c8504629d8571f
1.0,1.0,1.0,1.0,2021.07.09.15.53.28_veh-38_00184_02293,1.0,6237b788cdfb1cbc0721699dab580dbf70e18b3f66032de529d44e26af54ce75,planner_dev1696_randommask,1.0,ok,1.0,b23b1644c9845dc3
1.0,1.0,1.0,0.6206059472371296,2021.07.09.15.53.28_veh-38_00184_02293,1.0,8ea534207e0296fe83e1fc64e356f62b2c250cb9bfbb5ea59d83d2860004fb36,planner_dev1696_randommask,0.8419191446821372,ok,1.0,b26470d352f35d83
1.0,1.0,1.0,0.9140243452609264,2021.07.09.15.53.28_veh-38_00184_02293,1.0,46b041208eda63aa2d170f39824647d2f74c6d6c17de5ded182c9178d1116738,planner_dev1696_randommask,0.964176810525386,ok,1.0,b308eee052bc5e70
1.0,1.0,1.0,1.0,2021.07.09.15.53.28_veh-38_00184_02293,1.0,d1537afa05939aad9e13b4872e403609e30e0cd0bda3739bc08b5d96f6ad6e93,planner_dev1696_randommask,1.0,ok,1.0,b3786daf3a0357bd
1.0,1.0,1.0,0.8515192435489333,2021.07.09.15.53.28_veh-38_00184_02293,1.0,281b35100dd21f05436ba102bb41768b95025f75f2243327c808a5f1b4becf2d,planner_dev1696_randommask,0.9381330181453889,ok,1.0,b39a2ad9b6f050a9
1.0,1.0,1.0,0.701480994826022,2021.07.09.15.53.28_veh-38_00184_02293,1.0,d291cdb1209eb986f7f67d04dbb38f04bf418c7fb25988ee1764e811df048a7f,planner_dev1696_randommask,0.8756170811775092,ok,1.0,b3fa24000d6f5d8d
1.0,1.0,1.0,1.0,2021.07.09.15.53.28_veh-38_00184_02293,1.0,cdde9056a82c94c3c85432cb9d0395e108a354beb878f64c040d9480f7085b01,planner_dev1696_randommask,1.0,ok,1.0,b4b4b7ff096852e8
1.0,1.0,1.0,0.8851652710844772,2021.07.09.15.53.28_veh-38_00184_02293,1.0,112d0112248e9d9e3cbfd53ae52e1b8ee4c70888501c6f24684dfa24998c5fe2,planner_dev1696_randommask,0.9521521962851988,ok,1.0,b4da9833a6795b8f
1.0,1.0,1.0,1.0,2021.07.09.15.53.28_veh-38_00184_02293,1.0,129ded6ad14052247471a1b34c40fb961f47d7f50f53a58c2726d24a0cf6c1af,planner_dev1696_randommask,1.0,ok,1.0,b632e3d66c445180
1.0,1.0,1.0,0.7459845767051386,2021.07.09.15.53.28_veh-38_00184_02293,1.0,2b4cfbd2b71b1332ae946fa8c509c82592bf0134b2b452019823d7e55a788184,planner_dev1696_randommask,0.8941602402938078,ok,1.0,b6745c96ac0e5958
1.0,1.0,1.0,1.0,2021.07.09.15.53.28_veh-38_00184_02293,1.0,05a1fc1464162e9e6765c354c11c4bb681e58130d35a72756a9c88e816da9481,planner_dev1696_randommask,1.0,ok,1.0,b6d928e9508d596b
1.0,1.0,1.0,1.0,2021.07.09.15.53.28_veh-38_00184_02293,1.0,3eb36bbe31ddac67ca1758c1a8825e88ab30cb0add3a115e8921c5b9db3b4e7d,planner_dev1696_randommask,1.0,ok,1.0,b735436ddca45550
1.0,1.0,1.0,0.9924847778571613,2021.07.09.15.53.28_veh-38_00184_02293,1.0,069edbc125edfab6e5240cbfc539c457425e7574d5f71bd59ac8d9bf7f156924,planner_dev1696_randommask,0.9968686574404838,ok,1.0,b73a3a2e7064563b
1.0,1.0,1.0,0.6463971320039763,2021.07.09.15.53.28_veh-38_00184_02293,1.0,707cae88f12b0ff39dba464656f5d7c240d7034459b423fa98016ff4af3446e2,planner_dev1696_randommask,0.8526654716683234,ok,1.0,b7e570107a325b8f
1.0,1.0,1.0,1.0,2021.07.09.15.53.28_veh-38_00184_02293,1.0,3a3ed1e0edcd5a90656197f997836451fa1f7746388d5a106d4422b5b63b0f0d,planner_dev1696_randommask,1.0,ok,1.0,b83936f0ca9b5b93
1.0,1.0,1.0,0.8092787756641041,2021.07.09.15.53.28_veh-38_00184_02293,1.0,e1716f83a1d62f1dd4e2647cdf9b2308e53a6bad1618ac9dbf448d116532681a,planner_dev1696_randommask,0.9205328231933767,ok,1.0,b84c65fdf2155597
1.0,1.0,1.0,0.8590896623423709,2021.07.09.15.53.28_veh-38_00184_02293,1.0,8213297e556efe12a07e7f0eb8252b0e3a0df3e2e977b9a6c00f1b1ff7cfff14,planner_dev1696_randommask,0.9412873593093213,ok,1.0,b941d62667685487
1.0,1.0,1.0,0.9196523717776158,2021.07.09.15.53.28_veh-38_00184_02293,1.0,1305350dc9e0b7224e8a0ee1de61aece6cc7dd7bb5ea0c1926cc8be837a0c208,planner_dev1696_randommask,0.9665218215740067,ok,1.0,b98697803d5453a3
1.0,1.0,1.0,0.8246702399515222,2021.07.09.15.53.28_veh-38_00184_02293,1.0,42034dbc34ee81f6e9a6c371488e5a5daa49ca41c04fadbfd981c34ead0c8fcc,planner_dev1696_randommask,0.9269459333131342,ok,1.0,b99eaf8d1f355bcc
1.0,1.0,1.0,0.8413802576431008,2021.07.09.15.53.28_veh-38_00184_02293,1.0,74a0a2f48bce04098bc5f590187fede316fec87f809d57c61c2c35cda61fead7,planner_dev1696_randommask,0.9339084406846254,ok,1.0,b9a812dceaec5add
1.0,1.0,0.5,0.7612794264759052,2021.07.09.15.53.28_veh-38_00184_02293,1.0,dfea867404c002dd6aa982ff911a0fb97310bb188e94efff4dc7b100af990625,planner_dev1696_randommask,0.9005330943649605,ok,1.0,ba0a961f7dc355f7
1.0,1.0,1.0,0.8999160578601104,2021.07.09.15.53.28_veh-38_00184_02293,1.0,8078208fba372038b94ce68568807c220e45a44a57ac075aa4d7906c2bd322c4,planner_dev1696_randommask,0.9582983574417128,ok,1.0,ba0f4d8974e75963
1.0,1.0,1.0,0.8046473491268632,2021.07.09.15.53.28_veh-38_00184_02293,1.0,b7cf816a19a609d9f4b03998ac3c227dd065c0315ed677166c240e50b4c68923,planner_dev1696_randommask,0.918603062136193,ok,1.0,bade9ac4b8cb5025
1.0,1.0,1.0,0.8865080351226043,2021.07.09.15.53.28_veh-38_00184_02293,1.0,e5ce5f5ba3c42b2b3b59213ae06d5d534059fee6118e55ee4e82abdb9d0a70dd,planner_dev1696_randommask,0.9527116813010851,ok,1.0,bb452532dfb25d30
1.0,1.0,1.0,1.0,2021.07.09.15.53.28_veh-38_00184_02293,1.0,9faaf005abc3e09ad9bb6340b83a6c2521ee4ad915029b9bbf4b71df709fdf6a,planner_dev1696_randommask,1.0,ok,1.0,bcf3fcf890f55beb
1.0,1.0,1.0,0.5575734397808597,2021.07.09.15.53.28_veh-38_00184_02293,1.0,2fdcac7127d6c451ddcb7ca8965fb82e2ca1a4b55933e96cc15a5811c9b12fa0,planner_dev1696_randommask,0.8156555999086915,ok,1.0,bd493f896ba85e28
1.0,1.0,1.0,1.0,2021.07.09.15.53.28_veh-38_00184_02293,1.0,fa25e6687b2b933a6e68f6fddf192e1054c935d7ad51608115328dfab44aeab5,planner_dev1696_randommask,1.0,ok,1.0,bd656f4e771156cb
1.0,1.0,1.0,0.930826718660539,2021.07.09.15.53.28_veh-38_00184_02293,1.0,d3a1ad922b5abaf6a1d31d61b9aa12527d0418569baf1cfdb7179ff3a6c636a5,planner_dev1696_randommask,0.9711777994418913,ok,1.0,bd65a234358f5492
1.0,1.0,1.0,1.0,2021.07.09.15.53.28_veh-38_00184_02293,1.0,a4d351b07ac9289139d08428bfb310979d8164204277ffcb7d96848f35d85587,planner_dev1696_randommask,1.0,ok,1.0,be9b110689c05894
1.0,1.0,0.0,0.7835236755498386,2021.07.09.15.53.28_veh-38_00184_02293,1.0,f00068e9f722cc46773d7063a03ccb993f8d95ecc39ea56d0cf66e25bd8df370,planner_dev1696_randommask,0.9098015314790994,ok,1.0,beb7c6e766c65d0e
1.0,1.0,1.0,0.8727167882195828,2021.07.09.15.53.28_veh-38_00184_02293,1.0,e334a8fa0d270cf768ebace49ece493bbee1631a3c891991408e55bf01c29f58,planner_dev1696_randommask,0.9469653284248262,ok,1.0,bff3326028ec59ab
1.0,1.0,1.0,1.0,2021.07.09.15.53.28_veh-38_00184_02293,1.0,f75376320576f2c8a9e2b80769e9c8e8f99b6bd548e8b703f92722006fa9d472,planner_dev1696_randommask,1.0,ok,1.0,c00c768576c85009
1.0,1.0,1.0,1.0,2021.07.09.15.53.28_veh-38_00184_02293,1.0,aaffe6b9f477b323f138519504f227a68b6c13ff99c82f51b372e3a893f4d56b,planner_dev1696_randommask,1.0,ok,1.0,c0a403cdf4c053bc
1.0,1.0,1.0,0.9326227433614847,2021.07.09.15.53.28_veh-38_00184_02293,1.0,aa84aff76640c234200b092acf6ef9999e724b77fabb9daa05651b761b22d25c,planner_dev1696_randommask,0.9719261430672853,ok,1.0,c0dfedf6168e5ca9
1.0,1.0,1.0,0.8286584008327798,2021.07.09.15.53.28_veh-38_00184_02293,1.0,21bcaa9b98d88468bceb6e9cbaaf626ccf1f2a0871c5a6abc78843d09fa0cff8,planner_dev1696_randommask,0.9286076670136582,ok,1.0,c11fc5cf8d5a516e
1.0,1.0,1.0,1.0,2021.07.09.15.53.28_veh-38_00184_02293,1.0,a63c890bdac9a13b2942209c5326dd4444a197e160b61e7118a67bd7573e0dbe,planner_dev1696_randommask,1.0,ok,1.0,c17473f5cacd51be
1.0,1.0,1.0,1.0,2021.07.09.15.53.28_veh-38_00184_02293,1.0,3da17fe3b5c0217fcf21fea8e723f832c9d561777ba763e97db8d7c953708010,planner_dev1696_randommask,1.0,ok,1.0,c368ddc3ee435179
1.0,1.0,1.0,0.8165059101873051,2021.07.09.15.53.28_veh-38_00184_02293,1.0,4c22b5c15f0418591a21859cabc24e04f3c652961274b8dca2e80c0989253bb3,planner_dev1696_randommask,0.9235441292447105,ok,1.0,c3f177935f5f5d5e
1.0,1.0,1.0,0.8476034711418139,2021.07.09.15.53.28_veh-38_00184_02293,1.0,a5f8cb8fb7d4048b51a2cfa66f3d48e68f230b4421c7bd9ddfe2dc0a06a427d9,planner_dev1696_randommask,0.936501446309089,ok,1.0,c4220658d3095647
1.0,1.0,1.0,0.529653404557662,2021.07.09.15.53.28_veh-38_00184_02293,1.0,d28e57e2eed0eb6d73d5b7c3e44450efc4e87f3286354c4ff929464bc87ed019,planner_dev1696_randommask,0.8040222518990259,ok,1.0,c57100ab365351a9
1.0,1.0,1.0,1.0,2021.07.09.15.53.28_veh-38_00184_02293,1.0,1267fae700eb3769ffa266232a517546501de03e0187dae233c0fa0147981b48,planner_dev1696_randommask,1.0,ok,1.0,c6de08f6ac3356ed
1.0,1.0,1.0,1.0,2021.07.09.15.53.28_veh-38_00184_02293,1.0,96f7b83aff67763e8a676ba83c9d315045c22d25fff321a2b691e49bc522b7f5,planner_dev1696_randommask,1.0,ok,1.0,c6e5078c49e6512e
1.0,1.0,1.0,0.9338175031424033,2021.07.09.15.53.28_veh-38_00184_02293,1.0,84d017e51184a491d1852f6b810a3e426906c8cafcd0a644dca8f8b4fba44ad7,planner_dev1696_randommask,0.972423959642668,ok,1.0,c73e4e862203503a
1.0,1.0,1.0,1.0,2021.07.09.15.53.28_veh-38_00184_02293,1.0,66d31a6ab7febb74ef6b9ec51e077a22fc7a8e65febb93fdabfae1da25245310,planner_dev1696_randommask,1.0,ok,1.0,c7ed8536a3815721
1.0,1.0,1.0,1.0,2021.07.09.15.53.28_veh-38_00184_02293,1.0,e163149ee55dc218cb5685aad0ae1a168b0fe592335cfeeb7bff9fb33142e536,planner_dev1696_randommask,1.0,ok,1.0,c9cf9a6acf495b50
1.0,1.0,1.0,1.0,2021.07.09.15.53.28_veh-38_00184_02293,1.0,5312a9145de1ddcf47e753257800aff3ed450323fb8459f9702d8a5e81cbc0b7,planner_dev1696_randommask,1.0,ok,1.0,caaeabfe1a50535c
1.0,1.0,1.0,0.975689207707939,2021.07.09.15.53.28_veh-38_00184_02293,1.0,cc39e73b9396b0d13651225050a526de688bd2e4ee5ae1f701ecf892bb7f28ca,planner_dev1696_randommask,0.9898705032116414,ok,1.0,cb25d763e7bf5a13
1.0,1.0,1.0,0.8912667233209547,2021.07.09.15.53.28_veh-38_00184_02293,1.0,27f8a57f0e413d9c976334363519687ddc54e47d282416151b722905502e574e,planner_dev1696_randommask,0.9546944680503978,ok,1.0,cbb75454103b5430
1.0,1.0,1.0,1.0,2021.07.09.15.53.28_veh-38_00184_02293,1.0,be241b0d081a42f845a60951ad6baff9739bc1a5b81427b7372c59dcd08baf9f,planner_dev1696_randommask,1.0,ok,1.0,cbd9412932fc5ad1
1.0,1.0,1.0,1.0,2021.07.09.15.53.28_veh-38_00184_02293,1.0,fc8b74aa0688e508d1f58ee35a58a2da56b513a0d22dc05a7ada8e3c0e7df4c2,planner_dev1696_randommask,1.0,ok,1.0,cbd954347b835347
1.0,1.0,1.0,1.0,2021.07.09.15.53.28_veh-38_00184_02293,1.0,aab3a9cef1484881a20c05c1435c2a7fdb5e432e5e70924d15557bdd878e864d,planner_dev1696_randommask,1.0,ok,1.0,cbde019469315d96
1.0,1.0,1.0,0.8269157236169999,2021.07.09.15.53.28_veh-38_00184_02293,1.0,3ddc37c94781d2eb670b02aa8533eb52e8ca96521ee491fc36d59c4ce5b952d5,planner_dev1696_randommask,0.9278815515070833,ok,1.0,cc27c4b666135bb2
1.0,1.0,1.0,0.6771778872129991,2021.07.09.15.53.28_veh-38_00184_02293,1.0,1ed3d311b524945f39b3d582de31f6fef10ba35d78ba9a5baac6010326062972,planner_dev1696_randommask,0.8654907863387497,ok,1.0,cd10c3adba835576
1.0,1.0,1.0,1.0,2021.07.09.15.53.28_veh-38_00184_02293,1.0,732d924199362c852e8fd9ad242a1b9882a2e5a3082e80e265a17062d36977b8,planner_dev1696_randommask,1.0,ok,1.0,cd964face7a55b94
1.0,1.0,1.0,1.0,2021.07.09.15.53.28_veh-38_00184_02293,1.0,22c2c1063f04f0d90574b14fd73db87ea35029126a350e30ed718d0d1a908c6a,planner_dev1696_randommask,1.0,ok,1.0,cdec4cc7781e5d4d
1.0,1.0,1.0,0.6245619661104977,2021.07.09.15.53.28_veh-38_00184_02293,1.0,7b911ed535bf84a7e868253b7e6b70494fc9c1d1252de1150c3ba718d5c7ddee,planner_dev1696_randommask,0.8435674858793741,ok,1.0,cdf61e643b8e51b2
1.0,1.0,1.0,0.7159078316303046,2021.07.09.15.53.28_veh-38_00184_02293,1.0,833e726d0b83f4a3b3a584a7689d33c7ea49546542893c28a8fe8c347ad7f0be,planner_dev1696_randommask,0.8816282631792935,ok,1.0,ce22202f19695a70
1.0,1.0,1.0,1.0,2021.07.09.15.53.28_veh-38_00184_02293,1.0,53e59d7127a1536f7f128f06f71fbad2c6ba9bcb949aaf2c743f3ae59227ad16,planner_dev1696_randommask,1.0,ok,1.0,ce256aa4ec3e5725
1.0,1.0,1.0,1.0,2021.07.09.15.53.28_veh-38_00184_02293,1.0,d00a8b4c55331f01477e9413f96b6f7388fbd527136721c217ae7effe7bad985,planner_dev1696_randommask,1.0,ok,1.0,cf1679ce3a565466
1.0,1.0,1.0,0.8347847675194728,2021.07.09.15.53.28_veh-38_00184_02293,1.0,fc7d9716fd29501d673de660d6ddf55056065bd4e6166209f4105121c111aeb7,planner_dev1696_randommask,0.9311603197997803,ok,1.0,cf3c3737fbc355eb
1.0,1.0,1.0,0.9796377210658561,2021.07.09.15.53.28_veh-38_00184_02293,1.0,afe7ee4feb0b951ccaccbd3462abe63ed0013d69bdcbf373ecccea5b9b27c32c,planner_dev1696_randommask,0.9915157171107735,ok,1.0,cf53947dbbef5730
1.0,1.0,1.0,0.89423870095345,2021.07.09.15.53.28_veh-38_00184_02293,1.0,2337a4549c9dcc431607b8a1f289ccc49db2d93aa17daa26c0d721af1cb2bbad,planner_dev1696_randommask,0.9559327920639374,ok,1.0,d13ac79c8321555f
1.0,1.0,1.0,1.0,2021.07.09.15.53.28_veh-38_00184_02293,1.0,27c8e9d4bb80032b1bd957a23e63f07406b2ba30cea5a588d04db1556eba0161,planner_dev1696_randommask,1.0,ok,1.0,d15d534ad5fb5212
1.0,0.0,1.0,0.0,2021.07.09.15.53.28_veh-38_00184_02293,1.0,e58c3c4c5cf9c9a8455438f13b8ae7760ccfaf0e0684c083876b520995d73f94,planner_dev1696_randommask,0.0,ok,1.0,d1828b733a4857dd
1.0,1.0,1.0,1.0,2021.07.09.15.53.28_veh-38_00184_02293,1.0,01bd40cd618f8ace9a6f2d3175e628a88c6495d908821428a383895a777d5096,planner_dev1696_randommask,1.0,ok,1.0,d216d83e53955d24
1.0,1.0,1.0,0.7741960320666897,2021.07.09.15.53.28_veh-38_00184_02293,1.0,9a4c801b8ed2282878e672d9e73c45ee3fa41154be2c8dfe938767ecdd5bcecb,planner_dev1696_randommask,0.9059150133611208,ok,1.0,d28278a8dbb15ab5
1.0,1.0,1.0,0.9584353324479096,2021.07.09.15.53.28_veh-38_00184_02293,1.0,4d5023d69c6919c091237ad7f973d6e92f9b5687ba7a4ab1b223d9f8559d14b8,planner_dev1696_randommask,0.9826813885199623,ok,1.0,d2d0ac3e597b5959
1.0,1.0,1.0,0.957175311476883,2021.07.09.15.53.28_veh-38_00184_02293,1.0,d82657246a63dc98b203caf34aa653fa96356a1b10e3685b1d25c71a716aa5e3,planner_dev1696_randommask,0.9821563797820346,ok,1.0,d2e11ce62743532a
1.0,1.0,1.0,0.8259478006914573,2021.07.09.15.53.28_veh-38_00184_02293,1.0,7c58cd332a80407b91fffbfaf77d5d28754ab0d6fcc39509ff3db770a235c45a,planner_dev1696_randommask,0.9274782502881073,ok,1.0,d3ac5b4aac44586a
1.0,1.0,1.0,1.0,2021.07.09.15.53.28_veh-38_00184_02293,1.0,3a9e1e7af35522ad251458a52295c80cbf61f5c28fde54dea0a0f4073a929338,planner_dev1696_randommask,1.0,ok,1.0,d3e39f5f0aed50d1
1.0,1.0,1.0,0.6988212101203025,2021.07.09.15.53.28_veh-38_00184_02293,1.0,e30deaf51ae1082bdd9aaf3f821b518f30b60cab504dc692e1f5cb98d8369bc1,planner_dev1696_randommask,0.8745088375501261,ok,1.0,d4bb3dc7c7005656
1.0,1.0,1.0,1.0,2021.07.09.15.53.28_veh-38_00184_02293,1.0,12e664780a524ad4e22c86ad6c49cdf4e186fe7b73c872f3ac4a5dd474484dcc,planner_dev1696_randommask,1.0,ok,1.0,d4d0d31bd49b525a
1.0,1.0,1.0,0.5983640558054153,2021.07.09.15.53.28_veh-38_00184_02293,1.0,cad85e09b389ddd86d7722b8c6bf08437e06712e563091d5fbe18bb830592a3a,planner_dev1696_randommask,0.8326516899189231,ok,1.0,d5f3fa4290b459df
1.0,1.0,1.0,0.8994579366449813,2021.07.09.15.53.28_veh-38_00184_02293,1.0,a7f7d3a8ee69e4b2de5ae3fb75e5e4caf5e42af55512e27bfe1f9fabdc165565,planner_dev1696_randommask,0.9581074736020755,ok,1.0,d61967204e52594f
1.0,1.0,1.0,1.0,2021.07.09.15.53.28_veh-38_00184_02293,1.0,faf9149d21317df4387cee6142b586ce042a0f3547b4b429e5cf290ad01c9c2d,planner_dev1696_randommask,1.0,ok,1.0,d61a2d5301f15b77
1.0,1.0,1.0,0.9875389857348942,2021.07.09.15.53.28_veh-38_00184_02293,1.0,8837a64de878dd68eb950996eb466ad32f9c1be36b848aee04c6ece293077ae5,planner_dev1696_randommask,0.9948079107228726,ok,1.0,d679a3e70e39596e
1.0,1.0,1.0,0.8496011442361759,2021.07.09.15.53.28_veh-38_00184_02293,1.0,197fee02e3ead28251abc2e53a9289401fa3ecb1503b78b41206bb446a2c3bb3,planner_dev1696_randommask,0.9373338100984067,ok,1.0,d6997b98b3085c2b
1.0,1.0,1.0,0.8449814851966052,2021.07.09.15.53.28_veh-38_00184_02293,1.0,f52e9ef5ccef86688162219410537a18000b1fd2aaed85c9cf3d5fd235f56263,planner_dev1696_randommask,0.9354089521652522,ok,1.0,d7a0fd1066dc5ce5
1.0,1.0,1.0,1.0,2021.07.09.15.53.28_veh-38_00184_02293,1.0,6328a618bae1e8e809f7e0db4657f231c3c59b6d1befb61bf0de0a56d9757d36,planner_dev1696_randommask,1.0,ok,1.0,d84af418335b5dbe
1.0,1.0,1.0,0.8501898274498255,2021.07.09.15.53.28_veh-38_00184_02293,1.0,677ea351838b3e1f7af783846e2cd1403431e1323948fa9c5d7538af4945555c,planner_dev1696_randommask,0.9375790947707606,ok,1.0,d877af354e355798
1.0,1.0,1.0,1.0,2021.07.09.15.53.28_veh-38_00184_02293,1.0,c2229482806e9a6316e232883f6b4b419b486f51c49365778ca71497c7b3c3bf,planner_dev1696_randommask,1.0,ok,1.0,d8d46f536585556f
1.0,1.0,1.0,0.8750281705906513,2021.07.09.15.53.28_veh-38_00184_02293,1.0,c5bbbe3d488e4ae76442f65f945892e365e1a0c610917c726c189f627c70c93a,planner_dev1696_randommask,0.9479284044127714,ok,1.0,d8f097f9fa2e52f7
1.0,1.0,1.0,0.8819487923306973,2021.07.09.15.53.28_veh-38_00184_02293,1.0,46d4efbec242a987164cafb069f6e89de1fd6ff4d31c856a71488e80ebc7cb8b,planner_dev1696_randommask,0.9508119968044572,ok,1.0,d967ad2a03a1521a
1.0,1.0,1.0,1.0,2021.07.09.15.53.28_veh-38_00184_02293,1.0,a25f4988a6bd02504b8a8e59f9b4e4ea6f5adc9c45313cfc9810c1038d1d76e9,planner_dev1696_randommask,1.0,ok,1.0,d9defa86501154b4
1.0,1.0,1.0,1.0,2021.07.09.15.53.28_veh-38_00184_02293,1.0,e186d3f06ac6b04598fbfca6dca9d675cc3ffec40e563c5a6005a41b867f21e6,planner_dev1696_randommask,1.0,ok,1.0,d9e2c39b092159c4
1.0,1.0,1.0,0.8636920161088635,2021.07.09.15.53.28_veh-38_00184_02293,1.0,6c0a79e6bf6d07c946e9e166167554242282d5885f7babc3c73f224f3be9e136,planner_dev1696_randommask,0.9432050067120265,ok,1.0,da2f830999325306
1.0,1.0,1.0,0.7618804337535744,2021.07.09.15.53.28_veh-38_00184_02293,1.0,bee9bac809adacb76e90e1b34bb8727d6c13a0c409c9b37024b7a1a7c1ffecfd,planner_dev1696_randommask,0.9007835140639893,ok,1.0,db5aa5f382f25aaa
1.0,1.0,1.0,1.0,2021.07.09.15.53.28_veh-38_00184_02293,1.0,6bf0f0e25302d6d2f8f8fc76d1f48fb5e6a42804e04993ef624fe0e8b6fccd34,planner_dev1696_randommask,1.0,ok,1.0,dbdde78f03545776
1.0,1.0,1.0,1.0,2021.07.09.15.53.28_veh-38_00184_02293,1.0,fdb39a5c942ed78ac9e5deb1d295fb9d0331ec774942c84489565cbac9d3455d,planner_dev1696_randommask,1.0,ok,1.0,dbe9196d84d9511c
1.0,1.0,1.0,0.937079015607748,2021.07.09.15.53.28_veh-38_00184_02293,1.0,d91145eefc21206af9fd3588865ad36f3b4c5df8119ee793a2a253c035e9267c,planner_dev1696_randommask,0.973782923169895,ok,1.0,dca94801958a53aa
1.0,1.0,1.0,1.0,2021.07.09.15.53.28_veh-38_00184_02293,1.0,40dd93e2242b1f8aa4a8a596602eff63adf5f7576e8a656eb9f6ba9c31e4c12f,planner_dev1696_randommask,1.0,ok,1.0,dd35faabfd005af0
1.0,1.0,1.0,1.0,2021.07.09.15.53.28_veh-38_00184_02293,1.0,4845436b9e1659bf274b053c12a813f73f8aec2a39e5add00194068b6ad202c5,planner_dev1696_randommask,1.0,ok,1.0,dd4e1fa056b456f3
1.0,1.0,1.0,0.9403672526405755,2021.07.09.15.53.28_veh-38_00184_02293,1.0,364549be499c86abd41ba6aa85c1bfa49bc34e96849c7c01b70705e3df296585,planner_dev1696_randommask,0.9751530219335732,ok,1.0,dd8848619c6f5c22
1.0,1.0,1.0,0.6978294135151998,2021.07.09.15.53.28_veh-38_00184_02293,1.0,9353a26a9ba9783b8eb82d035468e1d76726fa73b1f4c2f16873105499215afd,planner_dev1696_randommask,0.8740955889646665,ok,1.0,de7549a363f15a36
1.0,1.0,1.0,1.0,2021.07.09.15.53.28_veh-38_00184_02293,1.0,3f49bdc217d6e0ad17ce1c39672b075952f506d53260810ce0ffa4551220c35f,planner_dev1696_randommask,1.0,ok,1.0,de99492d90ed5808
1.0,1.0,1.0,0.9210128034188952,2021.07.09.15.53.28_veh-38_00184_02293,1.0,bb7f270c0ffbfe80eac80dc1f3268053992eebec28899f0323b857e38e8228e6,planner_dev1696_randommask,0.9670886680912064,ok,1.0,df09da21f9a35c0c
1.0,1.0,1.0,0.9266723728325997,2021.07.09.15.53.28_veh-38_00184_02293,1.0,caf1b80550b4423111dedb3fbfad5f4953d92dec9efcc583dda25f7787efc427,planner_dev1696_randommask,0.9694468220135833,ok,1.0,df242b87199d5acb
1.0,1.0,1.0,0.9480380884650904,2021.07.09.15.53.28_veh-38_00184_02293,1.0,488976f481e38e3856f5295a84faf232d5f921134d705a434a645fc528356bf2,planner_dev1696_randommask,0.9783492035271211,ok,1.0,e003efe0bcee5ce5
1.0,1.0,1.0,1.0,2021.07.09.15.53.28_veh-38_00184_02293,1.0,7290702e94ef8d21ece83c862645a7aef4c9085a3579c4fd35aa42166bf33222,planner_dev1696_randommask,1.0,ok,1.0,e0488ea0836c5bf6
1.0,1.0,1.0,0.918830235060839,2021.07.09.15.53.28_veh-38_00184_02293,1.0,b0309ba1716d1d30b01d6a839c64a0b1c443fce6cf3dec2a9429427b949a825e,planner_dev1696_randommask,0.9661792646086829,ok,1.0,e07749952a0f5f5d
1.0,1.0,1.0,1.0,2021.07.09.15.53.28_veh-38_00184_02293,1.0,6eb3a0ee954e093d9c18a301437a8db084090e32fff352c69a14d86f95f713e7,planner_dev1696_randommask,1.0,ok,1.0,e0893a06ed5e5bb3
1.0,1.0,1.0,1.0,2021.07.09.15.53.28_veh-38_00184_02293,1.0,e0354670f3d8426218625f4128cd7969c8c192573da49af37b06a6405fd52d01,planner_dev1696_randommask,1.0,ok,1.0,e24fd0e278275c0b
1.0,1.0,1.0,1.0,2021.07.09.15.53.28_veh-38_00184_02293,1.0,f1c64dd95e6b1b32eab447d96dddcc7b15db38133c0557269c29c0117af3d9b5,planner_dev1696_randommask,1.0,ok,1.0,e26a0932b153560d
1.0,1.0,1.0,0.8458112786117757,2021.07.09.15.53.28_veh-38_00184_02293,1.0,2c5169a6cf084443ee3c646d90f2bf87433192314692e48017fea6c6790bd23e,planner_dev1696_randommask,0.9357546994215733,ok,1.0,e31bf22d49f454e8
1.0,1.0,1.0,0.9751185895771232,2021.07.09.15.53.28_veh-38_00184_02293,1.0,896e3b5b76f219c7f4c844cf5dd0e3a2749979baff2f4c1e5b5de79fd85235b8,planner_dev1696_randommask,0.9896327456571345,ok,1.0,e340e429f0015853
1.0,1.0,1.0,1.0,2021.07.09.15.53.28_veh-38_00184_02293,1.0,d6febe7f9dcc60e4562fea3ca4e4da74aec0990db61e6f58cc780d9c5fc8d991,planner_dev1696_randommask,1.0,ok,1.0,e3da0e20e0b556fc
1.0,1.0,1.0,0.8177213670437927,2021.07.09.15.53.28_veh-38_00184_02293,1.0,781c5e4e07816fa51bb1d807072c675725c1d30d67fa7e8d44ff9e30d7afec98,planner_dev1696_randommask,0.9240505696015804,ok,1.0,e3e96778dac3541c
1.0,1.0,1.0,0.909392800733312,2021.07.09.15.53.28_veh-38_00184_02293,1.0,004cdcca80041fee54c411b99f17f77608a407f46c6a85f8aac9c8cbdc5e44ee,planner_dev1696_randommask,0.9622470003055467,ok,1.0,e43549ea94f75b60
1.0,1.0,1.0,1.0,2021.07.09.15.53.28_veh-38_00184_02293,1.0,da7d0e72801884080051be6d3781ce137b64b71ee1264daa4676262ab974eefe,planner_dev1696_randommask,1.0,ok,1.0,e436b19cf83151cc
1.0,1.0,1.0,1.0,2021.07.09.15.53.28_veh-38_00184_02293,1.0,8876f69a804979367f13b39dfd02223856b7899e46858fe10e875b0b27c6a96f,planner_dev1696_randommask,1.0,ok,1.0,e4d05b1ce25250bb
1.0,1.0,1.0,0.9883413729768411,2021.07.09.15.53.28_veh-38_00184_02293,1.0,5c45dddc0e0e8c6f3e69dbd83ddcfc5000a505f6b144c378a3f65f4930b9596f,planner_dev1696_randommask,0.9951422387403505,ok,1.0,e5581fb84ddb5ffb
1.0,1.0,1.0,1.0,2021.07.09.15.53.28_veh-38_00184_02293,1.0,428fd633674455a3b1b9016bc25a269003bd9360e7d8d5a07501f0d301976038,planner_dev1696_randommask,1.0,ok,1.0,e58acbf0106153ad
1.0,1.0,1.0,1.0,2021.07.09.15.53.28_veh-38_00184_02293,1.0,4e221c12dae31d07b04bc08fa7f98b223176fa8e2737eb14ea0cf560c5ae66ec,planner_dev1696_randommask,1.0,ok,1.0,e5b1df76988c57a7
1.0,1.0,1.0,0.796737379680825,2021.07.09.15.53.28_veh-38_00184_02293,1.0,8706baff3fbae0abb0c2167feecbbd4e84b408ef2c7127565768a053982112d2,planner_dev1696_randommask,0.915307241533677,ok,1.0,e614a559776c5e86
1.0,1.0,1.0,0.8301619191351173,2021.07.09.15.53.28_veh-38_00184_02293,1.0,ab92ee37cbcabc886c12c3ba9cee01d495e0c408241d300815b0a26095201205,planner_dev1696_randommask,0.9292341329729655,ok,1.0,e634731f91015bab
1.0,1.0,1.0,0.7822252093968134,2021.07.09.15.53.28_veh-38_00184_02293,1.0,0503115f386dbb62ee6e9b3ca7a5c49b694cf08bcdd2087c5b661aea1ad81fc5,planner_dev1696_randommask,0.9092605039153389,ok,1.0,e6aabd1342ce54e2
1.0,1.0,1.0,1.0,2021.07.09.15.53.28_veh-38_00184_02293,1.0,d07ca985bb880aef16034fdc48b2209a0e2d6e360f86d88415346031144a682e,planner_dev1696_randommask,1.0,ok,1.0,e6c4af98a23f5868
1.0,1.0,1.0,1.0,2021.07.09.15.53.28_veh-38_00184_02293,1.0,cc7049bb28b296aa06497d624907b5ab73458d571a1ea5d7c21c89f666b36771,planner_dev1696_randommask,1.0,ok,1.0,e6e9a5b8b26755b2
1.0,1.0,1.0,1.0,2021.07.09.15.53.28_veh-38_00184_02293,1.0,9e814e481dee40feb0ad550cd35ac920bc08030146f58121418d9f328c3f631c,planner_dev1696_randommask,1.0,ok,1.0,e71499ec7fd254e9
1.0,1.0,1.0,0.7798282791338543,2021.07.09.15.53.28_veh-38_00184_02293,1.0,7a9486412f7d8991dd5955f12f41c18ffe35031362887acc58c4ab710c35a42f,planner_dev1696_randommask,0.9082617829724393,ok,1.0,e732f7c659b45197
1.0,1.0,1.0,1.0,2021.07.09.15.53.28_veh-38_00184_02293,1.0,cf587c1050d28cfffe11acb42755e23299a3f9b39d8385ef95c443810bc273d5,planner_dev1696_randommask,1.0,ok,1.0,e739a390b2a55648
1.0,1.0,1.0,0.8261111363997353,2021.07.09.15.53.28_veh-38_00184_02293,1.0,42d561b944e4ccb48ef39b312f7cd401826ff2a23f234fb7fe533fc33bc90a24,planner_dev1696_randommask,0.9275463068332229,ok,1.0,e76566d4d20c5377
1.0,1.0,1.0,0.7798690881223856,2021.07.09.15.53.28_veh-38_00184_02293,1.0,6ea23e81b2411efdd0a8c699342b0455cedad9a726be66db4deece2c41388c93,planner_dev1696_randommask,0.9082787867176606,ok,1.0,e833b6b388c1524e
1.0,1.0,1.0,0.9247329460490823,2021.07.09.15.53.28_veh-38_00184_02293,1.0,c846953361252d67aef21d14fc84cf92fc395dff70c04e1e78f6295ad57a3b55,planner_dev1696_randommask,0.968638727520451,ok,1.0,e842f8018dfe58b3
1.0,1.0,1.0,0.8195912862404909,2021.07.09.15.53.28_veh-38_00184_02293,1.0,d04adada22d6f130baccaa387dcfb3317850c5f11753b420d38d3706be97eb19,planner_dev1696_randommask,0.9248297026002046,ok,1.0,e856cc5561ca564e
1.0,1.0,1.0,0.8602471137454283,2021.07.09.15.53.28_veh-38_00184_02293,1.0,5de39df423608dee0e29fd081b76f0e9c2d8758de46ddb163e67dce9bafcc3a3,planner_dev1696_randommask,0.9417696307272617,ok,1.0,e95323b100c25a0a
1.0,1.0,1.0,1.0,2021.07.09.15.53.28_veh-38_00184_02293,1.0,f15271231e0dd3bd256ad0958264e48bdc2de6d87865d281f612d13dc3c782a3,planner_dev1696_randommask,1.0,ok,1.0,e96e62b9e81d5042
1.0,1.0,1.0,1.0,2021.07.09.15.53.28_veh-38_00184_02293,1.0,147cc1fe856f5244cc434f498d3e7d832769b92a4d30ece79b94029bb24ad472,planner_dev1696_randommask,1.0,ok,1.0,e9a30e8cbad951bb
1.0,1.0,1.0,1.0,2021.07.09.15.53.28_veh-38_00184_02293,1.0,343d8983a230eea573aff3e2bb2a278a34575c5371e60d14b4b57056b9c4c67b,planner_dev1696_randommask,1.0,ok,1.0,ea31a137b6b45663
1.0,1.0,0.0,0.7421774482693995,2021.07.09.15.53.28_veh-38_00184_02293,1.0,b96e24155c1af61e378e7106c9dcf46f04bda0a8c5eec2d3e440e4289ebba735,planner_dev1696_randommask,0.8925739367789164,ok,1.0,ea7675073d935aed
1.0,1.0,1.0,0.8236743022940407,2021.07.09.15.53.28_veh-38_00184_02293,1.0,d1677c8e917e776771232922119ba318d1e8ad38f78a3df65603b2a01564ce33,planner_dev1696_randommask,0.9265309592891837,ok,1.0,eaad335cb62c57b0
1.0,1.0,1.0,0.7542430964028505,2021.07.09.15.53.28_veh-38_00184_02293,1.0,93f8c3230c71fe67c065a69f3d836eacb953c33e23962af83aff130508ffb058,planner_dev1696_randommask,0.8976012901678544,ok,1.0,eacad86eaed255f7
1.0,1.0,1.0,1.0,2021.07.09.15.53.28_veh-38_00184_02293,1.0,ea9ed78b9878b0e1a1304860731b9174f8ef5490001c7410a299024c696e93b6,planner_dev1696_randommask,1.0,ok,1.0,eb03710881e25401
1.0,1.0,1.0,1.0,2021.07.09.15.53.28_veh-38_00184_02293,1.0,250eb5be9688d332b5786dc0c8f2423c70dd1566a21cd5b3ea74ba44c8853ba4,planner_dev1696_randommask,1.0,ok,1.0,ebb818fca3895a2c
1.0,1.0,1.0,0.8451098945412457,2021.07.09.15.53.28_veh-38_00184_02293,1.0,9b474cc75ccf3ae0af9f8c11f1bd2aabb125119736b178f29dd7039ce3ab4870,planner_dev1696_randommask,0.9354624560588524,ok,1.0,ec21e03ea67054d6
1.0,1.0,1.0,0.7015977028094267,2021.07.09.15.53.28_veh-38_00184_02293,1.0,a6512feb274d38752e88546b5010d5044e32cf2fe62cc565471c3039776898f5,planner_dev1696_randommask,0.8756657095039277,ok,1.0,ec965c8ae1c75447
1.0,0.0,1.0,0.0,2021.07.09.15.53.28_veh-38_00184_02293,1.0,5f9dd8253950c07f617fccbc11b8c9ac12655a31eb07e561e6018fbc284c4c41,planner_dev1696_randommask,0.0,ok,1.0,ed29591fde515907
1.0,1.0,1.0,1.0,2021.07.09.15.53.28_veh-38_00184_02293,1.0,754ec385d00ac7d3aa1aa88f5c3c37869cde2e1fa13a13d0ad7b0f9614091136,planner_dev1696_randommask,1.0,ok,1.0,ee0c42f87de45144
1.0,1.0,1.0,1.0,2021.07.09.15.53.28_veh-38_00184_02293,1.0,e50d5fd949668a282ffe0709df89ebe1da5b8843b7f472584d5067025a1ed36c,planner_dev1696_randommask,1.0,ok,1.0,ee7c43384142579a
1.0,1.0,1.0,1.0,2021.07.09.15.53.28_veh-38_00184_02293,1.0,81e65604d5d3e01b9aefb655c847be84e8e2426a278eff94ab042742a363e89c,planner_dev1696_randommask,1.0,ok,1.0,ee92fc8a2ab55014
1.0,1.0,1.0,0.9451501571416477,2021.07.09.15.53.28_veh-38_00184_02293,1.0,b85c714b715f8423bec7be443522bbabe5d3d8e8e9a4eab4a175a9e4e7ddfb6c,planner_dev1696_randommask,0.9771458988090199,ok,1.0,eeed45662dfb5a80
1.0,1.0,1.0,1.0,2021.07.09.15.53.28_veh-38_00184_02293,1.0,b46961dd8592409bc0f1a5cb7b81bd50a297f4517b3e80e46f6fb096421b8bc0,planner_dev1696_randommask,1.0,ok,1.0,eefc6568a4155b8b
1.0,1.0,1.0,0.8860583150739965,2021.07.09.15.53.28_veh-38_00184_02293,1.0,ec185249af39b5dfef66dda959c11a8d8202bb1b3e8e39035d58b92b7c9d7bcc,planner_dev1696_randommask,0.9525242979474985,ok,1.0,ef00d067ff7a582f
1.0,1.0,1.0,1.0,2021.07.09.15.53.28_veh-38_00184_02293,1.0,67d62fc25563745692bfff1f5a6d41d78f9f6585fbde9433b6b4252739a87aa1,planner_dev1696_randommask,1.0,ok,1.0,eff7dd683f505235
1.0,1.0,1.0,0.8136784864993413,2021.07.09.15.53.28_veh-38_00184_02293,1.0,d2d078f85d50ef7e64013cc8dbb936d73393bd1390ffbe9b14f639f3f90098b8,planner_dev1696_randommask,0.9223660360413922,ok,1.0,f0273e69f5bb54e1
1.0,1.0,1.0,1.0,2021.07.09.15.53.28_veh-38_00184_02293,1.0,3c23df123abafff1a9fde22e751606b4f1a3f14d1aaad498ccb63a3c3753ff7e,planner_dev1696_randommask,1.0,ok,1.0,f0ef32a63b3659a6
1.0,1.0,1.0,1.0,2021.07.09.15.53.28_veh-38_00184_02293,1.0,5e5f7751fc82f9b20d171d8cfd2c1a78aff2d2ff66253e9a04712e7c83094ae4,planner_dev1696_randommask,1.0,ok,1.0,f16673a85d0e5f75
1.0,1.0,1.0,0.8322059609719178,2021.07.09.15.53.28_veh-38_00184_02293,1.0,c6b23e4993207ed1e9f7f352d94ec0521706ed4cf07f4695a971a7e5436836d8,planner_dev1696_randommask,0.9300858170716323,ok,1.0,f295db8f52065e16
1.0,1.0,1.0,1.0,2021.07.09.15.53.28_veh-38_00184_02293,1.0,a911de62ab470db74d244e7ee80fd8d35c57245a4cfb81c080ed4525422e64e2,planner_dev1696_randommask,1.0,ok,1.0,f35a76fdbc2259da
1.0,1.0,1.0,1.0,2021.07.09.15.53.28_veh-38_00184_02293,1.0,4448190234254516201222736489807cb706f905038a9e7d43c6e3fff9cf3145,planner_dev1696_randommask,1.0,ok,1.0,f37e5cad3010539f
1.0,1.0,1.0,1.0,2021.07.09.15.53.28_veh-38_00184_02293,1.0,aab506e75d872a30205fae7b20cc885074213fce3d0d7c308e3c6e8877cd4d2f,planner_dev1696_randommask,1.0,ok,1.0,f3d5e1d06f2e5c41
1.0,1.0,1.0,0.6593249054991175,2021.07.09.15.53.28_veh-38_00184_02293,1.0,0d63ade72bab576ac1aa95d8beda46ef84709ba03a8c786a0e73b8628c0144ed,planner_dev1696_randommask,0.8580520439579656,ok,1.0,f4454ab06873565e
1.0,1.0,1.0,0.786330771506618,2021.07.09.15.53.28_veh-38_00184_02293,1.0,1cff682a011c386147d82ed8969ad4fa706ebb90a8c6efd7b3a111af3c00eb73,planner_dev1696_randommask,0.9109711547944243,ok,1.0,f45108d76421595f
1.0,1.0,1.0,0.755870963903913,2021.07.09.15.53.28_veh-38_00184_02293,1.0,70ab26f19b744cfa9dc288b9d18c7f11db38551591465053caae580e327da46f,planner_dev1696_randommask,0.898279568293297,ok,1.0,f65da3ca0d4f55ad
1.0,1.0,1.0,1.0,2021.07.09.15.53.28_veh-38_00184_02293,1.0,c2f44c77eb1aafd73012481889daa695c6b36c51a1bf68bdac2d74a0deb8d1b7,planner_dev1696_randommask,1.0,ok,1.0,f683ad32ef3f5b4e
1.0,1.0,1.0,1.0,2021.07.09.15.53.28_veh-38_00184_02293,1.0,8126a0061a094ccad73d8015263e06acd6cede86a7480f761c0f2cc05b57e73c,planner_dev1696_randommask,1.0,ok,1.0,f686e9b2f7c35d4c
1.0,1.0,1.0,1.0,2021.07.09.15.53.28_veh-38_00184_02293,1.0,dd00174f09b7c539b9da01081992482c99ecfb87bcedf8ae3eca5856b50b8483,planner_dev1696_randommask,1.0,ok,1.0,f6ca17e70e9e53c5
1.0,1.0,1.0,0.9397210372958633,2021.07.09.15.53.28_veh-38_00184_02293,1.0,ae0f1c88ed76a2496aa19103b4b9fdd2361daba127214af9d3fa5838fbdd228e,planner_dev1696_randommask,0.974883765539943,ok,1.0,f6d05b10abff5140
1.0,1.0,1.0,1.0,2021.07.09.15.53.28_veh-38_00184_02293,1.0,55d12bfa6b3ce98327cf9e7b68fa9be4bdd1d325df66c69ecec404840a8fd827,planner_dev1696_randommask,1.0,ok,1.0,f6d84360042f5d19
1.0,1.0,1.0,1.0,2021.07.09.15.53.28_veh-38_00184_02293,1.0,ca0abf9e5a0e1234a72673c8578e5253175624539b6c4dbf7047978bfe87510b,planner_dev1696_randommask,1.0,ok,1.0,f7b4d7400b585640
1.0,1.0,1.0,1.0,2021.07.09.15.53.28_veh-38_00184_02293,1.0,1de380e8d9f568a8ad48a973074abf446c9132a2be11253d59011922b76473f3,planner_dev1696_randommask,1.0,ok,1.0,f7d65f30d6075c18
1.0,1.0,1.0,0.5508048389336565,2021.07.09.15.53.28_veh-38_00184_02293,1.0,72049be0c5b0b1636574b1414842301d3efc37d8b74623d606fda28a22071068,planner_dev1696_randommask,0.8128353495556903,ok,1.0,f80bb56c694d55ae
1.0,1.0,1.0,1.0,2021.07.09.15.53.28_veh-38_00184_02293,1.0,b35fbc1637022a24daeb5a20b827d68dac6f7c6e1cec1d7d0aec571cb6a09047,planner_dev1696_randommask,1.0,ok,1.0,f81f1d9d43f75c37
1.0,1.0,1.0,0.5948721735785973,2021.07.09.15.53.28_veh-38_00184_02293,1.0,0c5d96b3b8b3f14a9f0fabd9faa8673ca2e4d8dee2b2b9edfa9d62096d437f37,planner_dev1696_randommask,0.8311967389910823,ok,1.0,f83ebda95db35f05
1.0,1.0,1.0,1.0,2021.07.09.15.53.28_veh-38_00184_02293,1.0,b0904c38de35744f18b4a9ebaea7212fe75f1df0236418e3c25f2a475fcc2340,planner_dev1696_randommask,1.0,ok,1.0,f89bd37b0daf5c8a
1.0,1.0,0.0,0.9132262531679247,2021.07.09.15.53.28_veh-38_00184_02293,1.0,507904694ca0ae050d4defb7fa4b67852aa9a342555a552d084faf45fec8ccf0,planner_dev1696_randommask,0.9638442721533019,ok,1.0,f8bb1f5f15f0545e
1.0,1.0,1.0,0.9696329972337877,2021.07.09.15.53.28_veh-38_00184_02293,1.0,12bedc53e515a8d0eacd9dd206ef6dca691ac75afbdf6d615a6ab3c73652d4be,planner_dev1696_randommask,0.987347082180745,ok,1.0,f98865ec9ca2540a
1.0,1.0,1.0,1.0,2021.07.09.15.53.28_veh-38_00184_02293,1.0,5602b3406cbfc0c71063cad8107201f333b6915d2b91063d17dea3e4725c07c0,planner_dev1696_randommask,1.0,ok,1.0,f9cc839f6daf59a7
1.0,1.0,1.0,1.0,2021.07.09.15.53.28_veh-38_00184_02293,1.0,1fc56d7a0a0705fe5c1a49c75b20e4a25783419765c5f054474880f7aa48c437,planner_dev1696_randommask,1.0,ok,1.0,fab83ce7307f5eb1
1.0,1.0,1.0,0.9224816099156553,2021.07.09.15.53.28_veh-38_00184_02293,1.0,dcaffc7bc09a73a15754b07ab8ee46176326f06771cfb32d401575b38f1e54f6,planner_dev1696_randommask,0.9677006707981898,ok,1.0,fbaf220f056b5918
1.0,1.0,1.0,0.9829337635146488,2021.07.09.15.53.28_veh-38_00184_02293,1.0,183ca0d5ca877609a9d88daed9dea9cac6937cfc4445e43a88feb1c48530bef5,planner_dev1696_randommask,0.9928890681311037,ok,1.0,fc4b553b82f3573e
1.0,1.0,1.0,1.0,2021.07.09.15.53.28_veh-38_00184_02293,1.0,3329e77eedd04dd4ef354e8fa435e1aa7a62622d54d3f4a94b96700a7ff90278,planner_dev1696_randommask,1.0,ok,1.0,fd6714343cac5c89
1.0,1.0,1.0,0.7789727742699455,2021.07.09.15.53.28_veh-38_00184_02293,1.0,2f753d0520681e240fdaf39ffabe7f4df23b914f9927e04fa80bffd4dde45b34,planner_dev1696_randommask,0.9079053226124773,ok,1.0,fdab862a77fb5c90
1.0,1.0,1.0,1.0,2021.07.09.15.53.28_veh-38_00184_02293,1.0,a7b8785161065bdf8a1ab5b4a5f74397ec5466dd7ee26f0f48c74c26ff7d274e,planner_dev1696_randommask,1.0,ok,1.0,fe2ac8c198fa5790
1.0,1.0,1.0,1.0,2021.07.09.15.53.28_veh-38_00184_02293,1.0,226dbd179327495aed47f17464a9f7be37c98256a12072b649613d358a421a3f,planner_dev1696_randommask,1.0,ok,1.0,fe821d61eef757d7
1.0,1.0,1.0,1.0,2021.07.09.15.53.28_veh-38_00184_02293,1.0,27803634eddef17f1ce04db935470a760dc4212cdf6eea3fa8c05b024091b28a,planner_dev1696_randommask,1.0,ok,1.0,feafc7509f0f51cf
1.0,1.0,1.0,1.0,2021.07.09.15.53.28_veh-38_00184_02293,1.0,9085671ec884c7b7e8e225da6ff7ff8fa6733b2a6a1340a7393330a47e5749e9,planner_dev1696_randommask,1.0,ok,1.0,fee8806b92c9501e
1.0,1.0,1.0,1.0,2021.06.09.12.51.31_veh-35_01729_02626,1.0,693273f79f70de9a6157c6e107a20739c4ac83ea0ffc2d2aa62504b122924eeb,planner_dev1696_randommask,1.0,ok,1.0,02199704c082520f
1.0,1.0,1.0,0.7960438223658786,2021.06.09.12.51.31_veh-35_01729_02626,1.0,3b723c234b5a37e7f50bdcd13ed54d1a1f1b14d04e699d779c37497777b7a21b,planner_dev1696_randommask,0.915018259319116,ok,1.0,0228fd10f8c05bd4
1.0,1.0,1.0,0.9850228947459845,2021.06.09.12.51.31_veh-35_01729_02626,1.0,42129369948b88a8e0fbda4b536cc1592c964e14e143c2a5a05d4dcf5aa44ac1,planner_dev1696_randommask,0.9937595394774936,ok,1.0,025b6096a0af5d87
1.0,1.0,1.0,1.0,2021.06.09.12.51.31_veh-35_01729_02626,1.0,d30f8c9eb38ca23acf53c0f0cada623562826b0a074789ff9dd67e0557dd9da5,planner_dev1696_randommask,1.0,ok,1.0,039064e3ab615ba4
1.0,1.0,1.0,1.0,2021.06.09.12.51.31_veh-35_01729_02626,1.0,b18c850b6b89b898af98ec2bd27cbdd561c60b47426da140f8616a0892a75ad7,planner_dev1696_randommask,1.0,ok,1.0,03e725fe0ab95f02
1.0,1.0,1.0,0.9691573710943585,2021.06.09.12.51.31_veh-35_01729_02626,1.0,5459a0457b75e1a413cf832d9752fc2200f5c97153692d4c6c3a807b313cd249,planner_dev1696_randommask,0.9871489046226495,ok,1.0,047b29ae8a2d50c3
1.0,1.0,1.0,0.9677806861375033,2021.06.09.12.51.31_veh-35_01729_02626,1.0,f22441d15a21cb14fe5bad02ee8311cdf1a2ea89664cf9bf697c6a00e329241a,planner_dev1696_randommask,0.9865752858906264,ok,1.0,049ac1985c175ddb
1.0,1.0,1.0,0.6927418258143271,2021.06.09.12.51.31_veh-35_01729_02626,1.0,13a03fa5bd1edb67f470d1355e283b836a72add5ce2a490f2919cc61c44d9bc6,planner_dev1696_randommask,0.8719757607559696,ok,1.0,0769d9f9498e5f51
1.0,1.0,1.0,1.0,2021.06.09.12.51.31_veh-35_01729_02626,1.0,935a15afb370dd4ae1f4c2f031c0f2b975d25dc794e9798810733fb748fcc166,planner_dev1696_randommask,1.0,ok,1.0,0b890a5dbdaf53aa
1.0,1.0,1.0,1.0,2021.06.09.12.51.31_veh-35_01729_02626,1.0,cac53ffc757a3de9c46f58102d1055b373b7400e52f3d14662115db0066acac8,planner_dev1696_randommask,1.0,ok,1.0,100ee55049cc584e
1.0,1.0,1.0,0.7769747192676648,2021.06.09.12.51.31_veh-35_01729_02626,1.0,e26efff7c43d1fe312d59ecd42d5f9dff17c121be087a330a0b7209bcfdf5978,planner_dev1696_randommask,0.9070727996948603,ok,1.0,102b90da87b851bf
1.0,1.0,1.0,1.0,2021.06.09.12.51.31_veh-35_01729_02626,1.0,6fa6cafdc02321aeff855847c9511f69af8c039109f79511e2103fa188017434,planner_dev1696_randommask,1.0,ok,1.0,104fd3ad395d5ded
1.0,1.0,1.0,0.882516861213157,2021.06.09.12.51.31_veh-35_01729_02626,1.0,e11898622434652788c689c49f4d78e13a12099523f3d6cdaceb918ce8f85904,planner_dev1696_randommask,0.9510486921721487,ok,1.0,11788fec75b55fe8
1.0,1.0,1.0,1.0,2021.06.09.12.51.31_veh-35_01729_02626,1.0,8952e2c6a119dc859e219b43c5ba4466cd0d01c2c88f00da8f933c6f38a1088f,planner_dev1696_randommask,1.0,ok,1.0,1206c4653bc05297
1.0,1.0,1.0,0.7923815311814885,2021.06.09.12.51.31_veh-35_01729_02626,1.0,74485c5844d57c163778853043415477c4911434f294a0055cdb09f6df14212c,planner_dev1696_randommask,0.9134923046589535,ok,1.0,1499e758c6855a74
1.0,1.0,1.0,0.9035802401970169,2021.06.09.12.51.31_veh-35_01729_02626,1.0,01ea083781c456ff75cb279215db3dbf9ec01148d9d86b2b6424660c1c58ee4a,planner_dev1696_randommask,0.9598251000820904,ok,1.0,17efb1d6bb395620
1.0,1.0,1.0,0.7555999070109031,2021.06.09.12.51.31_veh-35_01729_02626,1.0,dca3a25eb1d134126324ba2fb7bcc86affc5d2b0b575ba1ecdd93f6d6d8fb925,planner_dev1696_randommask,0.8981666279212096,ok,1.0,191f94dc85fd5899
1.0,1.0,1.0,0.9129898920604441,2021.06.09.12.51.31_veh-35_01729_02626,1.0,566c2130e5f299fff1575951b98477fa6c85309b0b8d5856eed7f70447b60c72,planner_dev1696_randommask,0.9637457883585183,ok,1.0,1ab37cad7da55237
1.0,1.0,1.0,1.0,2021.06.09.12.51.31_veh-35_01729_02626,1.0,1f8c84bd22ea5cfa24b9c27a1b15c4897addf0bcc3ab32791dae8186f53a7ab8,planner_dev1696_randommask,1.0,ok,1.0,1b6f94eba9bd573c
1.0,1.0,1.0,0.7367427986100895,2021.06.09.12.51.31_veh-35_01729_02626,1.0,baf2558d2e5eb16f912afb18332b5c29753b2c7f298328a03cdb101bd647c5b7,planner_dev1696_randommask,0.8903094994208707,ok,1.0,1bef718d3b145858
1.0,0.0,1.0,0.0,2021.06.09.12.51.31_veh-35_01729_02626,1.0,4518cfda26cebfa5a4fe1a4a06a562af8c8e88e945379245f28817f3cb413378,planner_dev1696_randommask,0.0,ok,1.0,1dc5198a0a27562c
1.0,1.0,1.0,0.9307875720271952,2021.06.09.12.51.31_veh-35_01729_02626,1.0,098c4f70fa05a555d1ae5bee8bf3eb63e815311944dcd66f680ba97cb7f23d1b,planner_dev1696_randommask,0.9711614883446646,ok,1.0,1eb3057c64465de0
1.0,1.0,1.0,0.7950568792682381,2021.06.09.12.51.31_veh-35_01729_02626,1.0,fad3c511068ea2a73d074ecb5781ad8dfd5b40ff80838100c1135b20ef187e79,planner_dev1696_randommask,0.9146070330284326,ok,1.0,1efe2f1b12ec5381
1.0,1.0,1.0,1.0,2021.06.09.12.51.31_veh-35_01729_02626,1.0,42687d2adf1291cc807f9e61274ab3a57d59e01909286effa1338690f1e8650b,planner_dev1696_randommask,1.0,ok,1.0,2146b87b79ce537d
1.0,1.0,1.0,1.0,2021.06.09.12.51.31_veh-35_01729_02626,1.0,405b0eda4b1e9a5361ff637504444253466bf0221cfa580625f6927fc5391b51,planner_dev1696_randommask,1.0,ok,1.0,2395e3e90cdf5b9a
1.0,1.0,1.0,0.5452517962728086,2021.06.09.12.51.31_veh-35_01729_02626,1.0,cf3b0473bbb973cce254a8c2b134d7b868bee2010a8df9e2fed9bf4799347968,planner_dev1696_randommask,0.810521581780337,ok,1.0,246269dcd9845878
1.0,1.0,1.0,0.9936818851388444,2021.06.09.12.51.31_veh-35_01729_02626,1.0,183480c5fcf485e922405959bc907fa3bfe0cdfb6ff526e5ff13ed08cea214df,planner_dev1696_randommask,0.9973674521411852,ok,1.0,248f2530124b5812
1.0,1.0,1.0,0.7640029865003439,2021.06.09.12.51.31_veh-35_01729_02626,1.0,7e9fd6f07a59cd906cfab04b3e36871f8ef12f7ecc7289cfd54eacbcc0841b5b,planner_dev1696_randommask,0.9016679110418101,ok,1.0,258edbf6a22c5312
1.0,1.0,1.0,0.9014688198339351,2021.06.09.12.51.31_veh-35_01729_02626,1.0,653a1abd8f9fe0c374727de0bb7729af98dd5d9db4810670618fc39584c3fefa,planner_dev1696_randommask,0.9589453415974729,ok,1.0,2ac1b274b9f2525a
1.0,1.0,1.0,1.0,2021.06.09.12.51.31_veh-35_01729_02626,1.0,9cedf1052573bfe266c0927a23d12b77294c6ed768331763f43a19a761180da9,planner_dev1696_randommask,1.0,ok,1.0,2cdbdd95aaba57f0
1.0,1.0,1.0,0.9219051157805276,2021.06.09.12.51.31_veh-35_01729_02626,1.0,141040492ba0b72413f4014bec36b0677c7d6ac53bc18cca69901a67db8d8217,planner_dev1696_randommask,0.9674604649085531,ok,1.0,2dc965586c945547
1.0,1.0,1.0,1.0,2021.06.09.12.51.31_veh-35_01729_02626,1.0,adb8ac7b7b2e72a66063d5d225838e5b60120e0c7a89390d5b8c16fafa31a9ef,planner_dev1696_randommask,1.0,ok,1.0,2dd00be7ed615ecc
1.0,1.0,1.0,0.7154174971789735,2021.06.09.12.51.31_veh-35_01729_02626,1.0,b90bc4d7c595a5a4dbefedea40594ed49ccbdbcb9d77ef8eec68d12cb54ed0ed,planner_dev1696_randommask,0.8814239571579057,ok,1.0,338daec6bb7a5aa0
1.0,1.0,1.0,0.5852761958446641,2021.06.09.12.51.31_veh-35_01729_02626,1.0,54f42f21e1b3d9220180f0ff220c59b7c2ca61276ce72228fbbc28efce35fa2e,planner_dev1696_randommask,0.8271984149352768,ok,1.0,33ee0a5e0f7950f2
1.0,1.0,1.0,0.8324936174504582,2021.06.09.12.51.31_veh-35_01729_02626,1.0,b9d1e5b77169029b89af3af173f192f6196d0597c63c4d567ad12be29934015d,planner_dev1696_randommask,0.9302056739376909,ok,1.0,346d763777e85cd3
1.0,1.0,1.0,1.0,2021.06.09.12.51.31_veh-35_01729_02626,1.0,86b74b414806167e1d83e3edf4fd6129747b16bf2d2e9f1b9f40de7d7b49f2ed,planner_dev1696_randommask,1.0,ok,1.0,3b6f237e05365dcf
1.0,1.0,1.0,1.0,2021.06.09.12.51.31_veh-35_01729_02626,1.0,cfc12f0eca34b62c42b7032075572c67c2b035350aeb352827b6f9a811d7cf2a,planner_dev1696_randommask,1.0,ok,1.0,3e9c4cca896a53f7
1.0,1.0,1.0,0.9044880079842981,2021.06.09.12.51.31_veh-35_01729_02626,1.0,58b0a04a5d40122ac71a84ff7dc149490471db0a6b28a2edec81db5154323798,planner_dev1696_randommask,0.9602033366601243,ok,1.0,3f4ac4bbbdc05fba
1.0,1.0,1.0,0.7659453440575203,2021.06.09.12.51.31_veh-35_01729_02626,1.0,2f2c653bc8b0f295516c04b0116f4df23ee4b38d2a45f44330668b3626a6b4fb,planner_dev1696_randommask,0.9024772266906336,ok,1.0,3f84de43587e5aef
1.0,1.0,1.0,0.7463705734805411,2021.06.09.12.51.31_veh-35_01729_02626,1.0,b9206e9e6b14dfaf3bfe8eac8da066e39e7866070920d7a0fc8225e98cc51651,planner_dev1696_randommask,0.8943210722835588,ok,1.0,41c8ecae08035b9f
1.0,1.0,1.0,0.5516545298536217,2021.06.09.12.51.31_veh-35_01729_02626,1.0,ad3abd15e7808d79296481e78ddacb2611d02082ee0977a3aa72b355f7d5b847,planner_dev1696_randommask,0.8131893874390089,ok,1.0,430bf2218f6454aa
1.0,1.0,1.0,0.7098834882813181,2021.06.09.12.51.31_veh-35_01729_02626,1.0,68fe00fc43b68f74634dd55f5e397d4a132eeb826051b4cc7edfa16ae33aee17,planner_dev1696_randommask,0.8791181201172158,ok,1.0,47758e53165b5478
1.0,1.0,1.0,0.9521705917047141,2021.06.09.12.51.31_veh-35_01729_02626,1.0,c759ea7547c9da8dc74742a6755139357acbf4e25ae3ba91fe77db5bcfb93800,planner_dev1696_randommask,0.9800710798769643,ok,1.0,47dd5e581cf559fd
1.0,1.0,1.0,0.977162310369019,2021.06.09.12.51.31_veh-35_01729_02626,1.0,b9e0b607689ce80573ba6349d8c318beb11c12d632a54f98a184766a89eb56a9,planner_dev1696_randommask,0.9904842959870912,ok,1.0,486ae50490cf589c
1.0,1.0,1.0,0.7456592054131537,2021.06.09.12.51.31_veh-35_01729_02626,1.0,14ee03bce825809a6d7e6896cdef4a43ddb7e245a0311c32f8e80af7742492d9,planner_dev1696_randommask,0.8940246689221474,ok,1.0,490822629fe05bc3
1.0,1.0,1.0,1.0,2021.06.09.12.51.31_veh-35_01729_02626,1.0,52115504b21e9df1ee831bbda81f460492e5eca481997f48f69a1ea29299da91,planner_dev1696_randommask,1.0,ok,1.0,4a55e5cc75c55276
1.0,1.0,1.0,1.0,2021.06.09.12.51.31_veh-35_01729_02626,1.0,48bdef598693c387e132a9441f4264364eff8ff05858f041967ab4d2c4dd5784,planner_dev1696_randommask,1.0,ok,1.0,4b20e22658c258a4
1.0,1.0,1.0,1.0,2021.06.09.12.51.31_veh-35_01729_02626,1.0,113fb476441ed8f3840e137800bb247dc578c720e6e0aa734824379d388d9836,planner_dev1696_randommask,1.0,ok,1.0,4c1205c3cd395ed2
1.0,1.0,1.0,0.6659363675347475,2021.06.09.12.51.31_veh-35_01729_02626,1.0,b567a22218a983b77c92e64423303d4b46eb58542ceb87b154b0fd4e09866cd7,planner_dev1696_randommask,0.8608068198061448,ok,1.0,4c766faa415253e3
1.0,1.0,1.0,0.6608797744164819,2021.06.09.12.51.31_veh-35_01729_02626,1.0,2029d5073a2f74b907274c0b3b0f3da948f112d75c18aff07d0e91d05565d5b1,planner_dev1696_randommask,0.8586999060068674,ok,1.0,4c85b529b06d5b94
1.0,1.0,1.0,0.8479060187345305,2021.06.09.12.51.31_veh-35_01729_02626,1.0,832c6dd9679f9f0c3feba4f7cc530a4c05ae4984266318a338851172addcc9d6,planner_dev1696_randommask,0.9366275078060543,ok,1.0,4d30b4c498505f32
1.0,1.0,1.0,1.0,2021.06.09.12.51.31_veh-35_01729_02626,1.0,3935aa0af44df1596ef46ab7b60b666dfeed3928660182413b97462fff998860,planner_dev1696_randommask,1.0,ok,1.0,4f54af46fbf95346
1.0,1.0,1.0,0.9869186972430164,2021.06.09.12.51.31_veh-35_01729_02626,1.0,141576cf0193c9a37aaf382f3a6941cbfb966f373adfafe287c582c527a903a3,planner_dev1696_randommask,0.9945494571845902,ok,1.0,4fcd13a2adeb5406
1.0,1.0,1.0,0.6375477711488066,2021.06.09.12.51.31_veh-35_01729_02626,1.0,86431189c175b6d706ebbbfc839cfd14429f5b751cea9643f6316bffdd867adb,planner_dev1696_randommask,0.8489782379786694,ok,1.0,4ffe9e73ad0f5c34
1.0,1.0,1.0,0.7571508022377366,2021.06.09.12.51.31_veh-35_01729_02626,1.0,11c863d3c5510dbccf46bca1e578bf8fb4136fee02bdbf65a3c946de86072448,planner_dev1696_randommask,0.8988128342657236,ok,1.0,50ecb53bbcdd5c19
1.0,1.0,1.0,0.9937496874426187,2021.06.09.12.51.31_veh-35_01729_02626,1.0,1bdbd15ebf2f18bf81e1588410a5b3c9aa39f16bd0e386cf90fcbb8bc9722087,planner_dev1696_randommask,0.9973957031010912,ok,1.0,51649a3ccd735dff
1.0,1.0,1.0,0.7351179653653774,2021.06.09.12.51.31_veh-35_01729_02626,1.0,74826f1113149e0f8462e8b74698ac88631d35d0dcc62029ff89c7cc835418e3,planner_dev1696_randommask,0.8896324855689072,ok,1.0,5224833f970051df
1.0,1.0,1.0,1.0,2021.06.09.12.51.31_veh-35_01729_02626,1.0,0db705d1a9dbd88ed155a0e4c9ffc6d76b0596a80687fa23a441aa7549f919cb,planner_dev1696_randommask,1.0,ok,1.0,522fca1441c455a1
1.0,1.0,1.0,1.0,2021.06.09.12.51.31_veh-35_01729_02626,1.0,69cbe4c8f8af7fac250c9e987bf328fac49980e3e8c97138bdd742691c5de892,planner_dev1696_randommask,1.0,ok,1.0,53a2eb4f1d1b5b6e
1.0,1.0,1.0,1.0,2021.06.09.12.51.31_veh-35_01729_02626,1.0,a66bb0c5fc4303e3b3957acdf89161db7e2c064767342d4aad5b7c4502c0db8e,planner_dev1696_randommask,1.0,ok,1.0,53fc4d372fa5530d
1.0,1.0,1.0,0.7368364123843287,2021.06.09.12.51.31_veh-35_01729_02626,1.0,48f0458b3ca170b0c91f73498c0e20375a0211033724eccdda0f22a117900d93,planner_dev1696_randommask,0.8903485051601369,ok,1.0,55bf0e4266ce5eee
1.0,1.0,1.0,0.5502854162028348,2021.06.09.12.51.31_veh-35_01729_02626,1.0,5d0199807bf217ad149cd47222f93aaf497192ce2eb17929428f3f41c168735c,planner_dev1696_randommask,0.8126189234178479,ok,1.0,59a1bb2069d057ed
1.0,1.0,1.0,1.0,2021.06.09.12.51.31_veh-35_01729_02626,1.0,f1f6ea3d4802af43d55d8f148781a1cfb7facc6dc982604fc89684ddcfcc788d,planner_dev1696_randommask,1.0,ok,1.0,59bfda4a7e5956eb
1.0,1.0,1.0,0.8722502755134879,2021.06.09.12.51.31_veh-35_01729_02626,1.0,45b8b9715b2acf124ac6d6b08b3b4986c625805b078c7d1f61e7b625fa318a0f,planner_dev1696_randommask,0.94677094813062,ok,1.0,5a4abee0269d5262
1.0,1.0,1.0,0.6847123722604375,2021.06.09.12.51.31_veh-35_01729_02626,1.0,18df3a1edde81edbec27e9341234f505f259fbdb600cdf82f24d80187b8e47f8,planner_dev1696_randommask,0.8686301551085155,ok,1.0,5dc2c6ffad8b5dd5
1.0,1.0,1.0,0.5719719289451363,2021.06.09.12.51.31_veh-35_01729_02626,1.0,1d1ffede49cbf47014a137007eae4e0a95a1f54f566f3845fc549343d27115e0,planner_dev1696_randommask,0.8216549703938067,ok,1.0,5e6051742abd5859
1.0,1.0,1.0,0.5673711388332785,2021.06.09.12.51.31_veh-35_01729_02626,1.0,43656feed7b96466245183c06510813b4e1069bee260cebc4a652b560c5ecbdc,planner_dev1696_randommask,0.819737974513866,ok,1.0,60d918263c15569b
1.0,1.0,1.0,1.0,2021.06.09.12.51.31_veh-35_01729_02626,1.0,4b16feb3076e6cd8f553091d5b01c9fef1a03aebdf02a70ea9257f074f8243d0,planner_dev1696_randommask,1.0,ok,1.0,60dbf95d482051e1
1.0,1.0,1.0,0.5932742344611053,2021.06.09.12.51.31_veh-35_01729_02626,1.0,1760aed6a5c662aff2d409ac4a663039007d78bf0572fe9997c5d95dd86e3ad4,planner_dev1696_randommask,0.8305309310254606,ok,1.0,63747a8878bf5f38
1.0,1.0,1.0,1.0,2021.06.09.12.51.31_veh-35_01729_02626,1.0,782c63b6c580449551e42a1e52edf1e42b50c523910b3c15bf7be7ea5e37c28a,planner_dev1696_randommask,1.0,ok,1.0,637e5b6294fb5db8
1.0,1.0,1.0,1.0,2021.06.09.12.51.31_veh-35_01729_02626,1.0,608dbc728505da4080d6280ac3d750197e995dbe18f6feed8c228711457df381,planner_dev1696_randommask,1.0,ok,1.0,6483af7092d15ada
1.0,1.0,1.0,0.7650325124237033,2021.06.09.12.51.31_veh-35_01729_02626,1.0,b73094cdaed6ec7b02bb6778094cc4ef73363e63e50e32423bf5458bb0553b7f,planner_dev1696_randommask,0.902096880176543,ok,1.0,66817c00a54e53f0
1.0,1.0,1.0,0.8135524072588005,2021.06.09.12.51.31_veh-35_01729_02626,1.0,54026b8f9fc10b3b5b58038cfde04d97b51d25dc8124c6ebbdece3289feed17a,planner_dev1696_randommask,0.9223135030245002,ok,1.0,6a956d4c705d59fa
1.0,1.0,1.0,1.0,2021.06.09.12.51.31_veh-35_01729_02626,1.0,1b68d4fd31691c3b38b0e2211425d6147236f2a907f60ad7de4e0a492b32cb78,planner_dev1696_randommask,1.0,ok,1.0,6f26763a3a8859a9
1.0,1.0,1.0,0.9226009751650723,2021.06.09.12.51.31_veh-35_01729_02626,1.0,9f87fbebf402324187e4f628045f86d3cef9e0e0108d9f5e089e1bace88e6ca4,planner_dev1696_randommask,0.9677504063187801,ok,1.0,71e6ee340d1756fd
1.0,1.0,1.0,0.9506625822264472,2021.06.09.12.51.31_veh-35_01729_02626,1.0,f0f8ecf7fc2e3b47ed31d0ca0e7fb6df52ad303087589e14899baf9b15d4e1f5,planner_dev1696_randommask,0.9794427425943529,ok,1.0,72fc5c8b771758fd
1.0,1.0,1.0,0.7809171017526979,2021.06.09.12.51.31_veh-35_01729_02626,1.0,2977b80becbac42d961ccbb673a52f5628f60e0485332937edd37167a0f661f9,planner_dev1696_randommask,0.908715459063624,ok,1.0,7412988f410e545d
1.0,1.0,1.0,0.851059273863127,2021.06.09.12.51.31_veh-35_01729_02626,1.0,f417c72cac01b18d76cc967afab9f54b048c08b0dcb72ee06110ec9d94bad8ca,planner_dev1696_randommask,0.9379413641096361,ok,1.0,741b40508f9c539f
1.0,1.0,1.0,1.0,2021.06.09.12.51.31_veh-35_01729_02626,1.0,ea8e5fa1cf7f9a9514558a5b2e60c95e30bd0b03c1027caf12063df240c29903,planner_dev1696_randommask,1.0,ok,1.0,7639e630e475517c
1.0,1.0,1.0,1.0,2021.06.09.12.51.31_veh-35_01729_02626,1.0,e1720382e96d00635e558a4330189aadce8952efde6fb37700b551c839216a39,planner_dev1696_randommask,1.0,ok,1.0,76e33b04a2e55b65
1.0,1.0,1.0,1.0,2021.06.09.12.51.31_veh-35_01729_02626,1.0,3340bcb5396dcd33a8ae9b95cd93eb106a054b5d351c280f13cd72b1d06b5ce7,planner_dev1696_randommask,1.0,ok,1.0,77d22252c36859d2
1.0,1.0,1.0,0.7908235794184567,2021.06.09.12.51.31_veh-35_01729_02626,1.0,1cc014ffea55fc04aa4cead138ef7e03c33ac40de88f025f2abd7684a442fae7,planner_dev1696_randommask,0.9128431580910236,ok,1.0,786c7d0f495e5b08
1.0,1.0,1.0,1.0,2021.06.09.12.51.31_veh-35_01729_02626,1.0,62db5f38264b065d3a6cb39055eec0997c8e2a57e399f1ffef26aa0a0f5bf070,planner_dev1696_randommask,1.0,ok,1.0,7980f7ce6e085a30
1.0,1.0,1.0,0.8157415957938582,2021.06.09.12.51.31_veh-35_01729_02626,1.0,d8b5ee161436b2e04efac256b767f2eac4ba9251b8a46e9912ff547bf83dfa34,planner_dev1696_randommask,0.9232256649141076,ok,1.0,7b7291b626f753ae
1.0,1.0,1.0,1.0,2021.06.09.12.51.31_veh-35_01729_02626,1.0,d4d8e8f46b30fef4fe174e5d8be164e184339ededc1d7a8620aea286df28f79b,planner_dev1696_randommask,1.0,ok,1.0,7d838c40752e5080
1.0,1.0,1.0,0.8756109560799207,2021.06.09.12.51.31_veh-35_01729_02626,1.0,2920f2e84b656f6335b5771526e9796848f3c8de44398f943b522249a926acf3,planner_dev1696_randommask,0.948171231699967,ok,1.0,7dab96d0e7725a9f
1.0,1.0,1.0,1.0,2021.06.09.12.51.31_veh-35_01729_02626,1.0,16e47f65d7846c49959d71e8ffd9459f13ec671d24db071ddf02ed9c560b7e92,planner_dev1696_randommask,1.0,ok,1.0,7e2c3c2ef5e05b19
1.0,1.0,1.0,0.5696142077147516,2021.06.09.12.51.31_veh-35_01729_02626,1.0,fe5a07106d151a0e12315494c02b9a19cb0b79279674bdfa6aa0ac900e21c758,planner_dev1696_randommask,0.8206725865478132,ok,1.0,7f5714fc26bb599b
1.0,1.0,1.0,1.0,2021.06.09.12.51.31_veh-35_01729_02626,1.0,38f4a3e63a0c0357fc72993c176968dc9318118bfa11bed430467ba824d0eb17,planner_dev1696_randommask,1.0,ok,1.0,8264721b29a65296
1.0,1.0,1.0,1.0,2021.06.09.12.51.31_veh-35_01729_02626,1.0,095a393728c5398cd87db349320d5a93397dfa59df97d9e6fdcca8690ecdbf0c,planner_dev1696_randommask,1.0,ok,1.0,827867f4641c53b6
1.0,1.0,1.0,0.8420296369421979,2021.06.09.12.51.31_veh-35_01729_02626,1.0,6306cdcb4168d650098efe3c3968b88a0607db32b367d4a0d71792d6cf8acba8,planner_dev1696_randommask,0.9341790153925825,ok,1.0,84da0c13f98e58e9
1.0,1.0,1.0,0.6478576586568633,2021.06.09.12.51.31_veh-35_01729_02626,1.0,339b5439a5dd37ee22967428c68a62a3b0e5cecaa33ec03622c9ca033b0b6c0d,planner_dev1696_randommask,0.8532740244403597,ok,1.0,8828feb4e21b5600
1.0,1.0,1.0,1.0,2021.06.09.12.51.31_veh-35_01729_02626,1.0,be6ee02e7cb714753f54b9e8eca682a3d66abf3801cfa95cacbfd34b7038f9e0,planner_dev1696_randommask,1.0,ok,1.0,888cb5a4b4c25eab
1.0,1.0,1.0,0.6305414195801242,2021.06.09.12.51.31_veh-35_01729_02626,1.0,dc4f05d42c2a92a11da1b7e5f601da4348dd8b6a2331e273be11a643b3b31062,planner_dev1696_randommask,0.8460589248250517,ok,1.0,88ff3881080b505a
1.0,1.0,1.0,1.0,2021.06.09.12.51.31_veh-35_01729_02626,1.0,f4d32fbcd91d4e818fa1697d3563e23588fff782d8de4f604b4272f7e676431d,planner_dev1696_randommask,1.0,ok,1.0,89409b4f6b4f573b
1.0,1.0,1.0,0.7261417206659477,2021.06.09.12.51.31_veh-35_01729_02626,1.0,d25e05586248ef47aa0bd84cb6eb78048d7e6d5c927c97995687989242df2b83,planner_dev1696_randommask,0.8858923836108116,ok,1.0,8956d19d62c056f6
1.0,1.0,1.0,0.7986711718708868,2021.06.09.12.51.31_veh-35_01729_02626,1.0,7d96fdbcbda8b99a07c0d31bb0a7f9312fea76c949d7f4a29963e899f0669622,planner_dev1696_randommask,0.9161129882795361,ok,1.0,8deaed625cfc5888
1.0,1.0,1.0,1.0,2021.06.09.12.51.31_veh-35_01729_02626,1.0,40855e9cbc9ba25cf74bc0d0e0bebe0c79f197023a605e5ba75bb41003a10bef,planner_dev1696_randommask,1.0,ok,1.0,8f63f1b737e15216
1.0,1.0,1.0,1.0,2021.06.09.12.51.31_veh-35_01729_02626,1.0,f3bf42147fc16cf7f008003c666c032b518f1884f54fe7b44e3c75bdc92cb962,planner_dev1696_randommask,1.0,ok,1.0,94de31b161f45bc2
1.0,1.0,1.0,0.6819633737811781,2021.06.09.12.51.31_veh-35_01729_02626,1.0,58f528ba66a2d08adfd18f91e21064d07b7bdb3f4ee40a8948518cffad25d28f,planner_dev1696_randommask,0.8674847390754908,ok,1.0,954da5a56f305ac5
1.0,1.0,1.0,0.6705777267781869,2021.06.09.12.51.31_veh-35_01729_02626,1.0,9daaee728bdb734a61d5ff2da1b36043e35afbc757699577b1040b9c497491f4,planner_dev1696_randommask,0.8627407194909112,ok,1.0,954e72f1c44e5eb3
1.0,1.0,1.0,1.0,2021.06.09.12.51.31_veh-35_01729_02626,1.0,5553def93cfbdb3e43a88e51967d0920eaf572f2791439233689085cbe712bf5,planner_dev1696_randommask,1.0,ok,1.0,96e24e94933f52c8
1.0,1.0,1.0,0.806244934349605,2021.06.09.12.51.31_veh-35_01729_02626,1.0,b7e4a0d74a48a06b722adbecdb5193c4a4ea76372222c790fc73fb2efd581ba0,planner_dev1696_randommask,0.9192687226456687,ok,1.0,98b7d40a0b4256e1
1.0,1.0,1.0,0.8431329119180592,2021.06.09.12.51.31_veh-35_01729_02626,1.0,61fd38bd2919d687912fb0aed14a5f3ac1a0eb5706cd3eacf9d5e7dec8cc846e,planner_dev1696_randommask,0.9346387132991913,ok,1.0,9d0c0ca6c0b352b8
1.0,1.0,1.0,1.0,2021.06.09.12.51.31_veh-35_01729_02626,1.0,c1ebac30fdf59877a64450ced9c5502a755f0259de677a8e3879518ccc24958c,planner_dev1696_randommask,1.0,ok,1.0,9d87ac4fbc1959d9
1.0,1.0,1.0,0.7808226566807519,2021.06.09.12.51.31_veh-35_01729_02626,1.0,5584fe230373b9fd6915c675eb870d4b359db5917a15b14c93465a0efe32c11e,planner_dev1696_randommask,0.9086761069503133,ok,1.0,9d87df3517f0557a
1.0,1.0,1.0,0.6963281942903228,2021.06.09.12.51.31_veh-35_01729_02626,1.0,9ddb310c50113ae4d3d49ba4995991c42ec55663ba65ff3527e3c516d747ac70,planner_dev1696_randommask,0.8734700809543012,ok,1.0,9ebea9056e195897
1.0,1.0,1.0,0.8354909002086004,2021.06.09.12.51.31_veh-35_01729_02626,1.0,2d23559145db493de542de5195935a14d95515a267d7090739b7cab8ca779e84,planner_dev1696_randommask,0.9314545417535834,ok,1.0,9fabef7447845a3b
1.0,1.0,1.0,0.7735632840738782,2021.06.09.12.51.31_veh-35_01729_02626,1.0,ddad6fdd795f80dd86faad246c49dde247ebcf66b0f274cbc3f029ac2ed75dd2,planner_dev1696_randommask,0.9056513683641159,ok,1.0,9fb2a722bf485a1b
1.0,1.0,1.0,1.0,2021.06.09.12.51.31_veh-35_01729_02626,1.0,477c16cb47728a3517daa7fa74266c24da5d35efe94f5941b731a6ea7fb10fca,planner_dev1696_randommask,1.0,ok,1.0,a287a8b3726a5d46
1.0,1.0,1.0,0.6201927665906897,2021.06.09.12.51.31_veh-35_01729_02626,1.0,04d71044df36bf6a97c9cc970e12e2921bdcdbd72bc6845da78784a8eae9e8aa,planner_dev1696_randommask,0.8417469860794541,ok,1.0,a46b9833db705dd8
1.0,1.0,1.0,0.567894137836949,2021.06.09.12.51.31_veh-35_01729_02626,1.0,eb28246cb482875ba1c467ea5dec49073a66605cebc6bd59e5b053d3033f4bf3,planner_dev1696_randommask,0.8199558907653954,ok,1.0,a636eadfab6a531d
1.0,1.0,1.0,1.0,2021.06.09.12.51.31_veh-35_01729_02626,1.0,a0891af815f385456c5434f205634982018b76aa876814a90baf9578f147f2a7,planner_dev1696_randommask,1.0,ok,1.0,a8739782d4355428
1.0,1.0,1.0,0.8176959964294014,2021.06.09.12.51.31_veh-35_01729_02626,1.0,048079d168dde2281cf9427672f3c8809d2e9a79ca3609bcc8c3fe7231771296,planner_dev1696_randommask,0.9240399985122506,ok,1.0,aa05717ed4265b1a
1.0,1.0,1.0,0.5829740015142717,2021.06.09.12.51.31_veh-35_01729_02626,1.0,9a1b3d52a71a839b5ba5625a103a1ad463d8afd934d50dc6d82829f02cb5c2aa,planner_dev1696_randommask,0.8262391672976133,ok,1.0,ac2c3e22fe8c5c6d
1.0,1.0,1.0,0.6303771913358303,2021.06.09.12.51.31_veh-35_01729_02626,1.0,61f8383f042b4514c24c0733af89c7223491e7e795baed5203579d2dba930496,planner_dev1696_randommask,0.8459904963899293,ok,1.0,ac5e2264df3958ac
1.0,1.0,1.0,1.0,2021.06.09.12.51.31_veh-35_01729_02626,1.0,e145d1d4e3fd8ae7b60d08dca49d0431c3712ae08761c5ce2c2f6ed5fd7894cc,planner_dev1696_randommask,1.0,ok,1.0,ad6f2ee944415c58
1.0,1.0,1.0,1.0,2021.06.09.12.51.31_veh-35_01729_02626,1.0,b43db949e05e11d42c80a744f528f25bb63c4ce87db0feeecbaeb9a6c505c8fe,planner_dev1696_randommask,1.0,ok,1.0,b2119b944b7f5d42
1.0,1.0,1.0,0.645764126038149,2021.06.09.12.51.31_veh-35_01729_02626,1.0,92c6190d1dba705512a3408c972acb742270f5308a8eef1da0acb54448790854,planner_dev1696_randommask,0.852401719182562,ok,1.0,b3e4a0d98ed9509d
1.0,1.0,1.0,0.5473451306590146,2021.06.09.12.51.31_veh-35_01729_02626,1.0,aa5f05b837a60b6662a87940e6552f86ec3df414cebf81b40a52f0f1a2044658,planner_dev1696_randommask,0.8113938044412561,ok,1.0,b6714748d40f5d76
1.0,1.0,1.0,1.0,2021.06.09.12.51.31_veh-35_01729_02626,1.0,5f4cb468efe9ea489cd4511d6d7cf4b49b3fe6659ea97dc40e0ae56c6c95add3,planner_dev1696_randommask,1.0,ok,1.0,b9abb89d389351f8
1.0,1.0,1.0,1.0,2021.06.09.12.51.31_veh-35_01729_02626,1.0,843bbdad9b41272402a7275e02c9fe8fa9284422458166e34c80906faddd3fe2,planner_dev1696_randommask,1.0,ok,1.0,bb65c8e693035002
1.0,1.0,1.0,1.0,2021.06.09.12.51.31_veh-35_01729_02626,1.0,f180054f6c4e40912cdf6dc296bdefa0821826e53cc73295e5788dfff6cc705c,planner_dev1696_randommask,1.0,ok,1.0,bd6f57a9bbce532d
1.0,1.0,1.0,1.0,2021.06.09.12.51.31_veh-35_01729_02626,1.0,53cb47cae886522b82f9bfb9a47a0550eb2b629e136595ea599a34f18cd47107,planner_dev1696_randommask,1.0,ok,1.0,bf2b503b8bff5859
1.0,1.0,1.0,0.9693154048362836,2021.06.09.12.51.31_veh-35_01729_02626,1.0,de85799a655a217d909592b572110308f4bd13964596bea55ef568eb78312f82,planner_dev1696_randommask,0.9872147520151181,ok,1.0,c10584362e7f5f9d
1.0,1.0,1.0,0.6066660087761998,2021.06.09.12.51.31_veh-35_01729_02626,1.0,11398d5f07814a5731ffee5ccc54ea5b9f8564a14a5b48b2142c0767cb8c0010,planner_dev1696_randommask,0.8361108369900833,ok,1.0,c2ab52aa1d45570e
1.0,1.0,1.0,1.0,2021.06.09.12.51.31_veh-35_01729_02626,1.0,47338c37301c0e7693e1bf03a96c69cfe4e8fd56d3b7831a08e724ded19cb9d5,planner_dev1696_randommask,1.0,ok,1.0,c5e10c9e5bc853ec
1.0,1.0,1.0,1.0,2021.06.09.12.51.31_veh-35_01729_02626,1.0,5657116d6a7476a788e10553effd82b46b7e2d83390cd164f746e28c2db40c16,planner_dev1696_randommask,1.0,ok,1.0,c8f3dd66357c59f2
1.0,1.0,1.0,1.0,2021.06.09.12.51.31_veh-35_01729_02626,1.0,d9261715d61995a9432233ba102a2c8cf07b65c0a4388456cc66d344e39baf21,planner_dev1696_randommask,1.0,ok,1.0,c9566605ae1c5861
1.0,1.0,1.0,0.8860757416015557,2021.06.09.12.51.31_veh-35_01729_02626,1.0,974b1d155b0ce92bdcb23841ea0e3d8427c993ef9c2417b03ed02baafbf1047c,planner_dev1696_randommask,0.9525315590006481,ok,1.0,ca02f85a9a995448
1.0,1.0,1.0,0.7882750621320601,2021.06.09.12.51.31_veh-35_01729_02626,1.0,2455991644ff61d699ec6c396a980cd7330ce90ee188ffdbf043267326d1fb09,planner_dev1696_randommask,0.9117812758883583,ok,1.0,cca22cc47f235643
1.0,1.0,1.0,1.0,2021.06.09.12.51.31_veh-35_01729_02626,1.0,6a9ba17941bebf040648f7b8dc99ac5b74158198fac056c44d509fb417a2bc01,planner_dev1696_randommask,1.0,ok,1.0,cdca2eec19585f5e
1.0,1.0,1.0,0.9257657411570548,2021.06.09.12.51.31_veh-35_01729_02626,1.0,6e0ae7a2ed13d0993813711f30539edd78c7da28a7b0e56852cdea9776d3964e,planner_dev1696_randommask,0.9690690588154395,ok,1.0,d344a8704ee85f35
1.0,1.0,1.0,0.8838983638748519,2021.06.09.12.51.31_veh-35_01729_02626,1.0,80c952f9059fda5b336865eb77cf98d905e47aa5d5a9bc22df444e291a023262,planner_dev1696_randommask,0.9516243182811883,ok,1.0,d4fa1b8fc27a5733
1.0,1.0,1.0,0.9367132072830765,2021.06.09.12.51.31_veh-35_01729_02626,1.0,21cdbdaa14a915b62c3b2c0b019efa4a5c3e6761132130f77341c3df1fe6edd7,planner_dev1696_randommask,0.9736305030346152,ok,1.0,d51990badc6e5787
1.0,1.0,1.0,0.6603694110616214,2021.06.09.12.51.31_veh-35_01729_02626,1.0,6e052f0d8f44e740da31cf203573e73563ac348fed05b7d182550fda33ce8e12,planner_dev1696_randommask,0.8584872546090089,ok,1.0,d68969642ec45b19
1.0,1.0,1.0,1.0,2021.06.09.12.51.31_veh-35_01729_02626,1.0,5ee352b3a186bc6f4e032c047de508f4e68d99a4e5ce999bf878cb7c0f617fc0,planner_dev1696_randommask,1.0,ok,1.0,d7a938f1b20652bf
1.0,1.0,1.0,0.9745197436720783,2021.06.09.12.51.31_veh-35_01729_02626,1.0,b1cf66c1f2933aa50ac8d2f2b26eb23395ecbc21fae406f9f68719b511567d21,planner_dev1696_randommask,0.9893832265300326,ok,1.0,d7e631755e5a54ad
1.0,1.0,1.0,1.0,2021.06.09.12.51.31_veh-35_01729_02626,1.0,34bbebbddb867641c04a128ff5190a299ea1651413b3836e26d49c5e6409a738,planner_dev1696_randommask,1.0,ok,1.0,d9bb698c62405297
1.0,1.0,1.0,1.0,2021.06.09.12.51.31_veh-35_01729_02626,1.0,d9a17c4c94f3e028d4241a84add0600922a28561f45ea4bf91f19b6e4226d84e,planner_dev1696_randommask,1.0,ok,1.0,dbb61fca58fc5037
1.0,1.0,1.0,1.0,2021.06.09.12.51.31_veh-35_01729_02626,1.0,9e8d8b339056d9960639ea1f323003283c91ce3a1c4e915abc65907891d78436,planner_dev1696_randommask,1.0,ok,1.0,dd2d2dd7d4885bbe
1.0,1.0,1.0,0.76959268257522,2021.06.09.12.51.31_veh-35_01729_02626,1.0,6e4fd4e0eb9e8562dcbfa29134df836128acdba6ff8d09acc40f86a46c64f1f8,planner_dev1696_randommask,0.9039969510730083,ok,1.0,e069d39ff2ab55bc
1.0,1.0,1.0,1.0,2021.06.09.12.51.31_veh-35_01729_02626,1.0,46b3a1fb063d570d0a7067376821e8912aab6fb8cd56bff4d25446f2dedff6a0,planner_dev1696_randommask,1.0,ok,1.0,e322f2e6452f508e
1.0,1.0,1.0,0.9887170511887506,2021.06.09.12.51.31_veh-35_01729_02626,1.0,a944a429721872820b2bce774919b1652f640e59115f300114b0008376b51c82,planner_dev1696_randommask,0.995298771328646,ok,1.0,e43cc13c56e855d5
1.0,1.0,1.0,0.9085881349381333,2021.06.09.12.51.31_veh-35_01729_02626,1.0,36b0cff02b9c2f3be6eaded085d2e96c7485b8cf171dbb919775b52e567ec1ed,planner_dev1696_randommask,0.9619117228908888,ok,1.0,e45bba9f532950f7
1.0,1.0,1.0,1.0,2021.06.09.12.51.31_veh-35_01729_02626,1.0,0f63c103b71979c9a9af94b7180739269feb782f3f8b52766d0f8957d140649e,planner_dev1696_randommask,1.0,ok,1.0,e4eda26dbd53523d
1.0,1.0,1.0,0.9765818370004851,2021.06.09.12.51.31_veh-35_01729_02626,1.0,b63426c397445c6e7a80e8960d786c5e94de9b9abe40ff64bd610608e489ab7f,planner_dev1696_randommask,0.9902424320835355,ok,1.0,e522cb132d57506a
1.0,1.0,1.0,0.8274202887038847,2021.06.09.12.51.31_veh-35_01729_02626,1.0,0504ba6d0dee14a34b40ea80263d41c64fab9e371f035dc890fe8c5bcf0762b8,planner_dev1696_randommask,0.928091786959952,ok,1.0,e52ef27d2d245c63
1.0,1.0,1.0,0.9390587784406079,2021.06.09.12.51.31_veh-35_01729_02626,1.0,d67092620f5869221472689aa037083d116f8d4115ae59b6aa3d16b53ceda256,planner_dev1696_randommask,0.9746078243502533,ok,1.0,e6f686686cc452cf
1.0,1.0,1.0,1.0,2021.06.09.12.51.31_veh-35_01729_02626,1.0,07ea4b267c117c65c5f0cffaffca176c2a474c70fe799b24343fe2fc751b2d23,planner_dev1696_randommask,1.0,ok,1.0,e799e9f5385a5a2c
1.0,1.0,1.0,1.0,2021.06.09.12.51.31_veh-35_01729_02626,1.0,bd7e79ec0249afcd625f9b02876088f191853a4cb15533a6079399496c214a73,planner_dev1696_randommask,1.0,ok,1.0,ea7c22e1d36856c3
1.0,1.0,1.0,0.5510172681409479,2021.06.09.12.51.31_veh-35_01729_02626,1.0,a7b55d65311fb623cc4b36618db9763da02f55e34d0c37626b5d43cb525dd1ad,planner_dev1696_randommask,0.812923861725395,ok,1.0,eadab740750b5a54
1.0,1.0,1.0,0.6398942260084952,2021.06.09.12.51.31_veh-35_01729_02626,1.0,2bde2fa4e5f13457aa84dd0b46fe0de768e5464d4a5e8cd2468bf7687cdbcf10,planner_dev1696_randommask,0.8499559275035397,ok,1.0,ee053b086fb1560c
1.0,1.0,1.0,0.8120042758850842,2021.06.09.12.51.31_veh-35_01729_02626,1.0,17da1767c9a8e35b2973018179423f186d242f1b655427b07ec510d6d2815e29,planner_dev1696_randommask,0.9216684482854518,ok,1.0,ee7c0c535d415ded
1.0,1.0,1.0,1.0,2021.06.09.12.51.31_veh-35_01729_02626,1.0,5bdbc7303c8b9d6c88cf99bec737b326113b9da2ad9544217c00aa7185065b00,planner_dev1696_randommask,1.0,ok,1.0,ee855ade6ba5504c
1.0,1.0,1.0,0.5343075234621091,2021.06.09.12.51.31_veh-35_01729_02626,1.0,db09370d836289126c141939e565823059b5f95a0c8ae1fe6806ffdb4829fa9e,planner_dev1696_randommask,0.8059614681092121,ok,1.0,ef5d74901e465a0d
1.0,1.0,1.0,1.0,2021.06.09.12.51.31_veh-35_01729_02626,1.0,3a297a9ab001bc235af7f618933d02b3275898e68a208eee4654c0672ed2d07d,planner_dev1696_randommask,1.0,ok,1.0,f00788c502f25587
1.0,1.0,1.0,1.0,2021.06.09.12.51.31_veh-35_01729_02626,1.0,6b5f516462b1145c21d193401986459eceade9431a666ed93e67ca97499f7858,planner_dev1696_randommask,1.0,ok,1.0,f1bf12acb8445268
1.0,1.0,1.0,1.0,2021.06.09.12.51.31_veh-35_01729_02626,1.0,7f50d6368b1b26f50830071ac04b8bcce8e4415315c5deecebf46107d673b0a6,planner_dev1696_randommask,1.0,ok,1.0,f25726c61f48502f
1.0,1.0,1.0,0.5440509962667207,2021.06.09.12.51.31_veh-35_01729_02626,1.0,b3418616ceed380c0477c95038df26fe70ce062292d64becf36dfb80da02d28d,planner_dev1696_randommask,0.810021248444467,ok,1.0,f285ec68af385fc4
1.0,1.0,1.0,1.0,2021.06.09.12.51.31_veh-35_01729_02626,1.0,558869eb665fd0349308933f277534dc3146f6d3c9b54e27a7ea39f9b4d0a35f,planner_dev1696_randommask,1.0,ok,1.0,f29cff9a8d905f5d
1.0,1.0,1.0,1.0,2021.06.09.12.51.31_veh-35_01729_02626,1.0,29366bc5d9c9f7b3096434486b854e237de4849bc1f956fdc7b42a8f38799864,planner_dev1696_randommask,1.0,ok,1.0,f2bdb5407b145bcd
1.0,1.0,1.0,0.9331334277734104,2021.06.09.12.51.31_veh-35_01729_02626,1.0,409121c29c6e1134e381f9148a184eab12f35a4ef0fac5d567d644f47789ef44,planner_dev1696_randommask,0.972138928238921,ok,1.0,f329e674bbb950b3
1.0,1.0,1.0,0.5738199396082182,2021.06.09.12.51.31_veh-35_01729_02626,1.0,6970c04a2c6f45dc0df4a4d852ebcb8b4fe3d7d3a1a5cc90d2db72352c2c49a3,planner_dev1696_randommask,0.8224249748367575,ok,1.0,f37d56c3d1f059ec
1.0,1.0,1.0,1.0,2021.06.09.12.51.31_veh-35_01729_02626,1.0,aea9854364ef64c3f8f433be4da635de8d7db0aa24cb0e6c2e9eafa11fcfae33,planner_dev1696_randommask,1.0,ok,1.0,f44ec48280225191
1.0,1.0,1.0,0.7883013971126881,2021.06.09.12.51.31_veh-35_01729_02626,1.0,51d468b0564aaf4c28a6aaf3a1d319879b71fd1cba27a98fdf73916360b3ab82,planner_dev1696_randommask,0.9117922487969534,ok,1.0,f4ec1f572cef5c49
1.0,1.0,1.0,0.9119630206078045,2021.06.09.12.51.31_veh-35_01729_02626,1.0,d5229c523865859abd7f9ee8aae089c2ee889f8d00818ff2df274dffe2978e0f,planner_dev1696_randommask,0.9633179252532519,ok,1.0,f4f7c2de2c0656fe
1.0,1.0,1.0,0.5487932852243973,2021.06.09.12.51.31_veh-35_01729_02626,1.0,73863d9a410e8bce8c9779ecdc7e1be34419bda54f0709434d622a90daecd510,planner_dev1696_randommask,0.8119972021768321,ok,1.0,f606a68831b959bb
1.0,1.0,1.0,1.0,2021.06.09.12.51.31_veh-35_01729_02626,1.0,b16dd3520246576a148de3d411f58c5c54f23d3c059e2dad666eceaaf24c1084,planner_dev1696_randommask,1.0,ok,1.0,f63d23a573a550f3
1.0,1.0,1.0,1.0,2021.06.09.12.51.31_veh-35_01729_02626,1.0,c2aea7beb09ace5fd0badbceb86ce216d426504abb24e791b635dda038f9e4e8,planner_dev1696_randommask,1.0,ok,1.0,f68dfe3760c25453
1.0,1.0,1.0,1.0,2021.06.09.12.51.31_veh-35_01729_02626,1.0,a29b597dc60c5644fb64f5d72f5b0e8d2d2e87525476a704d896cc43f26f2927,planner_dev1696_randommask,1.0,ok,1.0,f8cd764491c15c36
1.0,1.0,1.0,1.0,2021.06.09.12.51.31_veh-35_01729_02626,1.0,98d9e8be85e1cfcb652d670bc83a2ccf490323303f3b43805a7fd3e4bbcbc786,planner_dev1696_randommask,1.0,ok,1.0,f9b9cec54e8759c8
1.0,1.0,1.0,1.0,2021.06.09.12.51.31_veh-35_01729_02626,1.0,e1e93e2266d69bc04608b87af2d3c2c4a6aff3aca11f65c1bc3e34ec16c923a9,planner_dev1696_randommask,1.0,ok,1.0,fa88f25a8971596f
1.0,1.0,1.0,0.6243644513992859,2021.06.09.12.51.31_veh-35_01729_02626,1.0,7ef929605269e1cc93b5e71d73e22dd597130699767d9687d8d6cf019d2dfa2c,planner_dev1696_randommask,0.8434851880830357,ok,1.0,fa89a1586e92554d
1.0,1.0,1.0,0.9152141640275242,2021.06.09.12.51.31_veh-35_01729_02626,1.0,e774502ef3602cd3d09a0f28257c1cb5122d36e2a09c39227e4d478ef335fe2a,planner_dev1696_randommask,0.9646725683448018,ok,1.0,fb2723881f29596c
1.0,1.0,1.0,1.0,2021.06.09.12.51.31_veh-35_01729_02626,1.0,5e03833e7297eb7c4f26f29bf2cd9d64b2837235c1eb7c9aae773b89190d5677,planner_dev1696_randommask,1.0,ok,1.0,fbf80b893a45596c
1.0,1.0,1.0,0.8273052608641643,2021.06.09.20.26.11_veh-35_00970_01216,1.0,f44ecc2f7546e63a6c54fb1dc8f4387227b23af1809a69b4cdcf84b717babcb0,planner_dev1696_randommask,0.9280438586934018,ok,1.0,04892d0279ea5905
1.0,1.0,1.0,1.0,2021.06.09.20.26.11_veh-35_00970_01216,1.0,32203d1dbf7a79d9d4642c4b5cd785f93e89f0720e70dece57e4cc7f919bc3b0,planner_dev1696_randommask,1.0,ok,1.0,04b8f4a99be85973
1.0,1.0,1.0,0.846187158112644,2021.06.09.20.26.11_veh-35_00970_01216,1.0,a9a13daa875a6946fe8336e1410de3b1e2cf5eedba8a45d1f029f94684c6b1d7,planner_dev1696_randommask,0.9359113158802682,ok,1.0,050bc5dc61b05c0c
1.0,1.0,1.0,1.0,2021.06.09.20.26.11_veh-35_00970_01216,1.0,875ab8a8e44a941148e867535435bafae004ee67585fc5faa6adce23221ec220,planner_dev1696_randommask,1.0,ok,1.0,05dc6e420d935b8e
1.0,1.0,1.0,1.0,2021.06.09.20.26.11_veh-35_00970_01216,1.0,a02bf782e26df9846db0865d945d0534f35956e7b0f20447b4c26c7340e261c3,planner_dev1696_randommask,1.0,ok,1.0,083a415c4ea15ef6
1.0,1.0,1.0,1.0,2021.06.09.20.26.11_veh-35_00970_01216,1.0,6d999ef5c86d87eec6ccb589285f022d9f600523d170ce87aeeb828cb3e13616,planner_dev1696_randommask,1.0,ok,1.0,0fd89914075c5330
1.0,1.0,1.0,1.0,2021.06.09.20.26.11_veh-35_00970_01216,1.0,5e42bc474d97c6ccf0c4d4cbaa2be5ceea7c5c05f297ecb8c187a2c89ac72d0b,planner_dev1696_randommask,1.0,ok,1.0,11b917a7dad65cb3
1.0,1.0,1.0,0.7812503675038187,2021.06.09.20.26.11_veh-35_00970_01216,1.0,5684ba73612d05459ff6feca61cbf1893da00d74db892e11121f99ab5d86b6d2,planner_dev1696_randommask,0.9088543197932578,ok,1.0,179d390028965461
1.0,1.0,1.0,0.7205824158340166,2021.06.09.20.26.11_veh-35_00970_01216,1.0,008b7b6d52b034fada6cf7a5297b0c0726905fd2753717730673806e77bda3ec,planner_dev1696_randommask,0.8835760065975068,ok,1.0,2156346d5dcf5246
1.0,1.0,1.0,0.7639626638300515,2021.06.09.20.26.11_veh-35_00970_01216,1.0,c7dafe71a18ea4dbefcab0ac5341c42d5cfae6bdaa4c2240544b977656d0c053,planner_dev1696_randommask,0.9016511099291882,ok,1.0,2c1795e29af65a31
1.0,1.0,1.0,1.0,2021.06.09.20.26.11_veh-35_00970_01216,1.0,1aee2ad283d1dff2954a1911829a4e468666446b149c0a7646d5756c5e010551,planner_dev1696_randommask,1.0,ok,1.0,317266217a3b548d
1.0,1.0,1.0,0.7848892289405385,2021.06.09.20.26.11_veh-35_00970_01216,1.0,48238deafeba36be589db75217ed24e86213fe504b365a7e210354673c7ebb34,planner_dev1696_randommask,0.9103705120585577,ok,1.0,327c4934e82a54cb
1.0,1.0,1.0,1.0,2021.06.09.20.26.11_veh-35_00970_01216,1.0,7704fbe636c74033a6c39e31c2f5774a499565062a7fe37d5edfef004fce1bc9,planner_dev1696_randommask,1.0,ok,1.0,346855a3e0115ac3
1.0,1.0,1.0,0.8007871442865808,2021.06.09.20.26.11_veh-35_00970_01216,1.0,f54650acd573dabda99098834454604b544cb0513caace7598c420ee55e5765b,planner_dev1696_randommask,0.916994643452742,ok,1.0,3b4b55afcacf553e
1.0,1.0,1.0,1.0,2021.06.09.20.26.11_veh-35_00970_01216,1.0,20f08a54c85200a8c9ff6f1e7f95e0c7359e2f22b7a7e4976c4636281094d094,planner_dev1696_randommask,1.0,ok,1.0,3d62676b9d685b3a
1.0,1.0,1.0,0.8416333779822682,2021.06.09.20.26.11_veh-35_00970_01216,1.0,c380f5319b8f263a27cf58a29988458b009367365c2f4189a0cd4d5d2c14e630,planner_dev1696_randommask,0.9340139074926118,ok,1.0,3f037c2e281b5c8c
1.0,1.0,1.0,0.8549231432061296,2021.06.09.20.26.11_veh-35_00970_01216,1.0,274bc075bc287462de5127df7c147b6ae7c1265f1c38be8751ff8842a9b85fd3,planner_dev1696_randommask,0.9395513096692207,ok,1.0,43a10e21990254ae
1.0,1.0,1.0,0.7809847525406272,2021.06.09.20.26.11_veh-35_00970_01216,1.0,2bccb7913e38e59bfcf2dd912c220c22822af4043c1277649850bb04c9f9a8d4,planner_dev1696_randommask,0.908743646891928,ok,1.0,47520165cdf25645
1.0,1.0,1.0,1.0,2021.06.09.20.26.11_veh-35_00970_01216,1.0,5d673df35988409a8a9d801a8ac428fda9fab74eb4ff93d2299eb5a82517c2e3,planner_dev1696_randommask,1.0,ok,1.0,490c8875ae7a5f43
1.0,1.0,1.0,1.0,2021.06.09.20.26.11_veh-35_00970_01216,1.0,b8b0ff06a81a3b20e1f1c9964a1032479347816480b967031a24be6a1da5fca7,planner_dev1696_randommask,1.0,ok,1.0,49593af9450356f9
1.0,1.0,1.0,1.0,2021.06.09.20.26.11_veh-35_00970_01216,1.0,7c634c33b75ed3bd6463f29834ce4377417b9b206c52d6df13dd03622aaf2046,planner_dev1696_randommask,1.0,ok,1.0,4ac26d15063b57c9
1.0,1.0,1.0,0.7963461750857038,2021.06.09.20.26.11_veh-35_00970_01216,1.0,a38eee9e04cdd13bee99546e284ad6861d45c3eb8146760495bc8edb6a59a5e9,planner_dev1696_randommask,0.9151442396190433,ok,1.0,4d0efac8ead15d25
1.0,1.0,1.0,0.7299512020035396,2021.06.09.20.26.11_veh-35_00970_01216,1.0,21dbaceac3b2c038818b0e9f5ed30ddb15e2f5890a846ea212f648fbe217bf71,planner_dev1696_randommask,0.8874796675014748,ok,1.0,56cbb46576da5737
1.0,1.0,1.0,0.932030060847221,2021.06.09.20.26.11_veh-35_00970_01216,1.0,e9344c5a6679b50934f7af85675e3744dc0a92f96800d1ef1d6df259e35aaceb,planner_dev1696_randommask,0.9716791920196753,ok,1.0,5ab86590974953e9
1.0,1.0,1.0,0.6963524778951945,2021.06.09.20.26.11_veh-35_00970_01216,1.0,8988d2662dbcab7bedc74af98d9adaf3becbbe0994168dd3fcaf14adbf2177fd,planner_dev1696_randommask,0.8734801991229978,ok,1.0,635bb611aa9a56e9
1.0,1.0,1.0,0.8316090331817302,2021.06.09.20.26.11_veh-35_00970_01216,1.0,c7a6535bda33780a28add34e6b8335696e3fbfc8f5a4e4d0b0011fe9deed2a2b,planner_dev1696_randommask,0.9298370971590542,ok,1.0,649ab25cb5fe57ab
1.0,1.0,1.0,0.9085519801462563,2021.06.09.20.26.11_veh-35_00970_01216,1.0,7ea8756049bed5d9b7e2fed90363029b2bc57e1a17f4b883666d1e2fa8d0e3e6,planner_dev1696_randommask,0.9618966583942735,ok,1.0,6563dc1cfa4f5cce
1.0,1.0,1.0,0.8525870881268481,2021.06.09.20.26.11_veh-35_00970_01216,1.0,86e8cd26c82bb18e0fa35260de4a2a2abf1a5bcd48996729bc9ce77533cc7bdc,planner_dev1696_randommask,0.9385779533861868,ok,1.0,6a8d143de4885b52
1.0,1.0,1.0,1.0,2021.06.09.20.26.11_veh-35_00970_01216,1.0,f52e3c8a77fe31373eb827159b9676ae6ef7f3c67c3c68e1b47d691de55e2364,planner_dev1696_randommask,1.0,ok,1.0,7c43ce4287c252da
1.0,1.0,1.0,1.0,2021.06.09.20.26.11_veh-35_00970_01216,1.0,3b368a89a8f1e104abec9f75fd89c01bf0acbf231d04647f041406cb48a33029,planner_dev1696_randommask,1.0,ok,1.0,80725ea45ed953a5
1.0,1.0,1.0,1.0,2021.06.09.20.26.11_veh-35_00970_01216,1.0,4b6761ee5b4a3000065cdfa90f6d5451ca7b79110a6094c53c7d64f49dcc5ebd,planner_dev1696_randommask,1.0,ok,1.0,8138d3f674fd5b1f
1.0,1.0,1.0,0.7510567143406567,2021.06.09.20.26.11_veh-35_00970_01216,1.0,4f5d99d896e3ff0917541dc29b92b37002ac2178c5cd6fadb9b7534fe1d9c00f,planner_dev1696_randommask,0.8962736309752737,ok,1.0,870cb529ffac50e0
1.0,1.0,1.0,0.8017893407866918,2021.06.09.20.26.11_veh-35_00970_01216,1.0,c906b3d0ac414cb19f9641e81f2d5dae7d834bb2fb156d3ff3d6d4d0e65a65e8,planner_dev1696_randommask,0.9174122253277882,ok,1.0,8823d1c7c34b57ac
1.0,1.0,1.0,0.8621605025880121,2021.06.09.20.26.11_veh-35_00970_01216,1.0,6a1e0425a40adf14c745b2e8a100475ab824b1538025646ee854b25c61e62556,planner_dev1696_randommask,0.9425668760783384,ok,1.0,89e48839087057c4
1.0,1.0,1.0,0.8197316752604635,2021.06.09.20.26.11_veh-35_00970_01216,1.0,ebbb0c3ac092d64b9a277dfd1f44520d7dc45874b7e8602013b18742954478e4,planner_dev1696_randommask,0.9248881980251932,ok,1.0,8fec4a414ec45ed3
1.0,1.0,1.0,1.0,2021.06.09.20.26.11_veh-35_00970_01216,1.0,7b65546f9a05f64d4af11d668c0327647784650ee4164f6639b4694ce14d9395,planner_dev1696_randommask,1.0,ok,1.0,95b2448f02bb58e6
1.0,1.0,1.0,1.0,2021.06.09.20.26.11_veh-35_00970_01216,1.0,8b15457109dc076c9ff0e4254980998214428e8505e8404ca3ad6523c2b2803a,planner_dev1696_randommask,1.0,ok,1.0,99f700e7e9af5407
1.0,1.0,1.0,1.0,2021.06.09.20.26.11_veh-35_00970_01216,1.0,aa28d837e2e890607e802c83b353342e73114b636a818ef1213973e78abd637c,planner_dev1696_randommask,1.0,ok,1.0,9a4b00e867fc591d
1.0,1.0,1.0,1.0,2021.06.09.20.26.11_veh-35_00970_01216,1.0,89829a68368eed1cf8d1a3ef93dae115dd18707821b81ab2d955031c7b534708,planner_dev1696_randommask,1.0,ok,1.0,9b877b869b3d5f89
1.0,1.0,1.0,0.7825319239969275,2021.06.09.20.26.11_veh-35_00970_01216,1.0,c453c645eca95ce8e52ff372141ee307e8b720aa65e24637ba8f5418f552dd44,planner_dev1696_randommask,0.9093883016653864,ok,1.0,9d35cc01a2ca541d
1.0,1.0,1.0,1.0,2021.06.09.20.26.11_veh-35_00970_01216,1.0,2bf1d4d049fa9aff2a7bf73d5199d0f45cd91e4cdafc36f06ecc9780d32fd1a8,planner_dev1696_randommask,1.0,ok,1.0,9e6d11e4e8385c43
1.0,1.0,1.0,1.0,2021.06.09.20.26.11_veh-35_00970_01216,1.0,001f2b7027a0cb98e21a8a461b430855d4d93331ea13e44ecef5ec5a0e334dbf,planner_dev1696_randommask,1.0,ok,1.0,9eba22c564c15cff
1.0,1.0,1.0,1.0,2021.06.09.20.26.11_veh-35_00970_01216,1.0,14cb8b4c385c7b2a8f062c826316050b2326c1a60482ea844e3212ea69c8d231,planner_dev1696_randommask,1.0,ok,1.0,a02f3e19c1ad5991
1.0,1.0,1.0,0.9432280159475603,2021.06.09.20.26.11_veh-35_00970_01216,1.0,04ea03053cb5308a5124ebea417eb2fa4af9c171608bad1a5c34a5a4d90c6be0,planner_dev1696_randommask,0.9763450066448168,ok,1.0,a1f10af5c1bd57f8
1.0,1.0,1.0,0.9209302473685163,2021.06.09.20.26.11_veh-35_00970_01216,1.0,99b28277af0278cd82a4da2ab24e4dc3c22c259351009eda3faef9a0f7bb0453,planner_dev1696_randommask,0.9670542697368818,ok,1.0,a2e8d995e6985d26
1.0,1.0,1.0,0.8030452767834346,2021.06.09.20.26.11_veh-35_00970_01216,1.0,09fb1cc6fd91787c584cb13a811301bbd9ad22df5061149b440169a2e6e1c804,planner_dev1696_randommask,0.9179355319930979,ok,1.0,a4add302e42c5c7e
1.0,1.0,1.0,0.7774326881134761,2021.06.09.20.26.11_veh-35_00970_01216,1.0,eb727c6c3d50fcae950771efb859c403d912f9f1c150de43dfadbc6cab73bdd2,planner_dev1696_randommask,0.9072636200472818,ok,1.0,a7678eea2655557f
1.0,1.0,1.0,1.0,2021.06.09.20.26.11_veh-35_00970_01216,1.0,194499ec40ef9fa3645e805e3ca44a6f43028faf82ef4a10b033544ece11f323,planner_dev1696_randommask,1.0,ok,1.0,a7a0e345cbe251ff
1.0,1.0,1.0,0.7023150420542152,2021.06.09.20.26.11_veh-35_00970_01216,1.0,323705073eddf87270670d7333075b7f472eabddc09911323e7ac8ce8afa2ee1,planner_dev1696_randommask,0.875964600855923,ok,1.0,aaa588f7383f52b7
1.0,1.0,1.0,0.7348406486302989,2021.06.09.20.26.11_veh-35_00970_01216,1.0,f56f3aaa27b7e8dbee4483071c246cf557488f027fdd59286caeaa9f23a46995,planner_dev1696_randommask,0.8895169369292911,ok,1.0,aae99a84413d5f72
1.0,1.0,1.0,0.7143680781864981,2021.06.09.20.26.11_veh-35_00970_01216,1.0,9e895319d547b7ef6f6325dda329519f778642e63ee3a6dbd0592d06945be6fc,planner_dev1696_randommask,0.8809866992443741,ok,1.0,b56363ebc91255ac
1.0,1.0,1.0,0.8163362078132379,2021.06.09.20.26.11_veh-35_00970_01216,1.0,15ec3964186910d5afcd852bda7da1fe9cdfaa109333d35b295ba476f85049c7,planner_dev1696_randommask,0.9234734199221825,ok,1.0,b5d7c17fe5375141
1.0,1.0,1.0,1.0,2021.06.09.20.26.11_veh-35_00970_01216,1.0,b3c6d3fff5791194cbd17d3bc13f662557f1ce98198115673299722bf9d6848d,planner_dev1696_randommask,1.0,ok,1.0,bbf8128f3cbd51ef
1.0,1.0,1.0,0.8649230203217408,2021.06.09.20.26.11_veh-35_00970_01216,1.0,045e3a7fc4769e6817643db9623afa3c47254b088eeb642bb1c568b71e8e7ddb,planner_dev1696_randommask,0.9437179251340586,ok,1.0,bc1dfb2384b05a4b
1.0,1.0,1.0,0.8181994907830257,2021.06.09.20.26.11_veh-35_00970_01216,1.0,23810ccaed82597eaef7918bd7b726d1c03b0e0a1ca9cbca98269d4a56866b88,planner_dev1696_randommask,0.9242497878262608,ok,1.0,c3320ccc8a035eec
1.0,1.0,1.0,0.8541114710652502,2021.06.09.20.26.11_veh-35_00970_01216,1.0,4da17f6f3b2b837b86ce6efb66c1786c076511238d246c75ce0ec873e29bbf3f,planner_dev1696_randommask,0.9392131129438542,ok,1.0,c7835426e03a501e
1.0,1.0,1.0,0.6111542418179926,2021.06.09.20.26.11_veh-35_00970_01216,1.0,7ccc2fd44ddd2b7a2215d05c2951022b1cc82c7c56ed76e90e604d8b24422fad,planner_dev1696_randommask,0.8379809340908303,ok,1.0,cc4e7f2a2a7255f5
1.0,1.0,1.0,0.817976479173761,2021.06.09.20.26.11_veh-35_00970_01216,1.0,e0d9607f2970e51b7518740f36d585a9cc217c8c3e6e673f511083d085267f1b,planner_dev1696_randommask,0.9241568663224005,ok,1.0,ccfd863b143e5dd5
1.0,1.0,1.0,1.0,2021.06.09.20.26.11_veh-35_00970_01216,1.0,9f2a9b771cb5eb23f841ead6328db7c5342906a8d8190d9bf4ae83e42ca8722f,planner_dev1696_randommask,1.0,ok,1.0,cf4f76be62c25b5f
1.0,1.0,1.0,0.7882600820279075,2021.06.09.20.26.11_veh-35_00970_01216,1.0,62455d7f77fbd59d8687daff5aa55f83b1e8b95923d191c53b285391663e771a,planner_dev1696_randommask,0.9117750341782948,ok,1.0,cf5cb6cadfbd52e9
1.0,1.0,1.0,0.861160681052312,2021.06.09.20.26.11_veh-35_00970_01216,1.0,b6aff870f0700bca59895fcbd21e08434b130a80f83343c995268d43511a8f42,planner_dev1696_randommask,0.9421502837717967,ok,1.0,d2906d36973b5d41
1.0,1.0,1.0,1.0,2021.06.09.20.26.11_veh-35_00970_01216,1.0,0fc4dafd8f583c1a87ec74157e10253d0d83dec4899f853f0ec909cb721378ee,planner_dev1696_randommask,1.0,ok,1.0,d4196ca11ef45f55
1.0,1.0,1.0,0.8091453333673092,2021.06.09.20.26.11_veh-35_00970_01216,1.0,05fff1770a3d93eab4fab28f051f68fcf736f26a42113fe768a6ba0dc0d43fb3,planner_dev1696_randommask,0.920477222236379,ok,1.0,dc5dc0a76c7c546a
1.0,1.0,1.0,0.8183879028562143,2021.06.09.20.26.11_veh-35_00970_01216,1.0,46eb52d12120c78b0d338e064c0844ba9718cfb67d529ad2f353377101ac3474,planner_dev1696_randommask,0.9243282928567561,ok,1.0,dd0ee62e28ee5eaf
1.0,1.0,1.0,0.7065387517230174,2021.06.09.20.26.11_veh-35_00970_01216,1.0,89464de46af439e80204256c6a85738e0f4c70b9b863bbc28d8e447308ea4221,planner_dev1696_randommask,0.8777244798845906,ok,1.0,e06b4eb07a9b5be3
1.0,1.0,1.0,1.0,2021.06.09.20.26.11_veh-35_00970_01216,1.0,a97142f9b764cf49963c5a0c6092b34f49947e8e0d8bd261dffce312e4d2ee8c,planner_dev1696_randommask,1.0,ok,1.0,f1f36e051147572e
1.0,1.0,1.0,0.9663349911441614,2021.06.09.20.26.11_veh-35_00970_01216,1.0,19fbdd196c49ce2b6d36feaeff1f91c5e7e1b02a6fd1ee15f1d70b1a80971011,planner_dev1696_randommask,0.985972912976734,ok,1.0,fd650b8a78ab5706
1.0,1.0,1.0,0.7132294750036985,2021.06.09.20.26.11_veh-35_00970_01216,1.0,5567b5bdda88f0541dc0823a407e9a175b2d87bf4f3f3de200abd585baa47282,planner_dev1696_randommask,0.880512281251541,ok,1.0,fe288a64350d556b
1.0,1.0,1.0,0.9205683382789065,2021.06.23.17.31.36_veh-16_00016_00377,1.0,500de7ae7e23d600ab981fe2f53c7033e1377f9af535366637b099e2a8fb55db,planner_dev1696_randommask,0.9669034742828777,ok,1.0,017221a69d845d5f
1.0,1.0,1.0,0.6691049889836416,2021.06.23.17.31.36_veh-16_00016_00377,1.0,bd86bb3d3ba5de4386ca09def0acdfe90dbe66050302057de947553d0a8f10fe,planner_dev1696_randommask,0.862127078743184,ok,1.0,02dff6541a8c574b
1.0,1.0,1.0,0.9984720281737597,2021.06.23.17.31.36_veh-16_00016_00377,1.0,a45a2d2c78c93a661c79ffacd15a650508d0f4ae049dac2965bf5ad536f0e6bf,planner_dev1696_randommask,0.9993633450723998,ok,1.0,047ca296724153ed
1.0,1.0,1.0,1.0,2021.06.23.17.31.36_veh-16_00016_00377,1.0,e9f3e0d410410298093c79e6afe1d18456c4365cb7012d2e53267eee3d182f55,planner_dev1696_randommask,1.0,ok,1.0,0612ae5a43ea5e14
1.0,1.0,1.0,1.0,2021.06.23.17.31.36_veh-16_00016_00377,1.0,c2fdb9f18cfca737cc4256967ecbadaaebadbaf2e507f759f9e27f6075c5eba9,planner_dev1696_randommask,1.0,ok,1.0,08309993090158ed
1.0,1.0,1.0,1.0,2021.06.23.17.31.36_veh-16_00016_00377,1.0,478b7a1e7d3f0b0314fdbef40cf05ee931e55e22fff65d7eeeb1db938489f7c4,planner_dev1696_randommask,1.0,ok,1.0,105b3c761dee5fcb
1.0,1.0,1.0,1.0,2021.06.23.17.31.36_veh-16_00016_00377,1.0,dd41d1ae33aa2f30aa8121bb608ac1edf9cb811123422c3179fa74f51ea3f3ee,planner_dev1696_randommask,1.0,ok,1.0,1168282af331504e
1.0,1.0,1.0,1.0,2021.06.23.17.31.36_veh-16_00016_00377,1.0,0a50ed25ba90166ab8ded902bae2c4642c7d5284edb4692042ddf2c36e191293,planner_dev1696_randommask,1.0,ok,1.0,136d82f937c45885
1.0,1.0,1.0,1.0,2021.06.23.17.31.36_veh-16_00016_00377,1.0,bd668a37a6ff6a49dbd1bb41088cc18a3f431b838ee34df3355c03ffb1e17e36,planner_dev1696_randommask,1.0,ok,1.0,16ea1ed69aed5de1
1.0,1.0,1.0,1.0,2021.06.23.17.31.36_veh-16_00016_00377,1.0,5e2ff7a776d119ac1d38e0a00a98a22f124be005b2a1151c16a03842d409a0eb,planner_dev1696_randommask,1.0,ok,1.0,1783be8f68bc560f
1.0,1.0,1.0,1.0,2021.06.23.17.31.36_veh-16_00016_00377,1.0,46839b9ddc353833058ef1c606d07493bcbb0dde3e8f6ba6f7ea9085e8d3556a,planner_dev1696_randommask,1.0,ok,1.0,17d80f18ee7854c0
1.0,1.0,1.0,1.0,2021.06.23.17.31.36_veh-16_00016_00377,1.0,0e3b7ea6af815edfcfa7d5d2ad21e47ce17986adb83f46c1fdd08656600f4891,planner_dev1696_randommask,1.0,ok,1.0,1c9e768f7d545a89
1.0,1.0,1.0,0.9824406923716658,2021.06.23.17.31.36_veh-16_00016_00377,1.0,6f479debfc637f92199d80d5a51febff0e8194a527de179cb6e7202307f69ce6,planner_dev1696_randommask,0.9926836218215275,ok,1.0,1e7bb5730b095273
1.0,1.0,1.0,1.0,2021.06.23.17.31.36_veh-16_00016_00377,1.0,635e1fce6b8c7ebb972e3fffcf58b80eb28ac83a1fbd7929f0938d88563baa10,planner_dev1696_randommask,1.0,ok,1.0,2130fc97f34f5668
1.0,1.0,1.0,0.6976030503683759,2021.06.23.17.31.36_veh-16_00016_00377,1.0,3ae7801a46a4cf16054865119cf2ce886c90032fbe1bb76f84b64d24821459ec,planner_dev1696_randommask,0.8740012709868233,ok,1.0,23e4660a0f365854
1.0,1.0,1.0,1.0,2021.06.23.17.31.36_veh-16_00016_00377,1.0,517cda7640aeeab0918f5e4bd36567a9143adc324c32ff81b63cba8914a0ae47,planner_dev1696_randommask,1.0,ok,1.0,252aca165e205caf
1.0,1.0,1.0,0.8327485804836718,2021.06.23.17.31.36_veh-16_00016_00377,1.0,9a69442af60b6f7e00fd0cb935cf4593cd71595449bc6b92cb59cf309d0327b8,planner_dev1696_randommask,0.9303119085348633,ok,1.0,2546a09ed60755b9
1.0,1.0,1.0,0.8926354265280624,2021.06.23.17.31.36_veh-16_00016_00377,1.0,7af1254047036aeefbba876e29f1d973e6b0192cdddb2ba2b1013c7627203570,planner_dev1696_randommask,0.9552647610533592,ok,1.0,29b843e9d1145127
1.0,1.0,1.0,0.8505520892399779,2021.06.23.17.31.36_veh-16_00016_00377,1.0,3a9931236f3fc008f897aa0265bfe910797e1b009435ef8a380a46153a229c4f,planner_dev1696_randommask,0.9377300371833241,ok,1.0,2a9ea017fb55572b
1.0,1.0,1.0,0.9956766722706685,2021.06.23.17.31.36_veh-16_00016_00377,1.0,ffb3eb610022df85b7559cc05d5eb01cf28cfc55ffe9cb027cb1d39ee9ef1b8e,planner_dev1696_randommask,0.9981986134461119,ok,1.0,30b7a3bf71b956de
1.0,1.0,1.0,0.5506690712987864,2021.06.23.17.31.36_veh-16_00016_00377,1.0,d05e4494941eb9c2012c882eab9d5f71113fa6c7b66c9c9eb0313cc2d602b3b6,planner_dev1696_randommask,0.8127787797078277,ok,1.0,3227b869cdd85654
1.0,1.0,1.0,0.9994782549259663,2021.06.23.17.31.36_veh-16_00016_00377,1.0,00b5870c25ef0105416f99408883b72864f6c7b1ed5962f307410c839186f75b,planner_dev1696_randommask,0.9997826062191525,ok,1.0,3fa2f81cff025162
1.0,1.0,1.0,0.5923102258241676,2021.06.23.17.31.36_veh-16_00016_00377,1.0,1e245659c890445bbc64a2b87da7606816cb75838c6ee7cb24e3458c3e03136e,planner_dev1696_randommask,0.8301292607600699,ok,1.0,404cf17b53805018
1.0,1.0,1.0,1.0,2021.06.23.17.31.36_veh-16_00016_00377,1.0,7c9af7d0b6d3e883ed673fe32072b4eb3a7cf5521af08d9b8fca31886a54ddb2,planner_dev1696_randommask,1.0,ok,1.0,405732349b21524a
1.0,1.0,1.0,1.0,2021.06.23.17.31.36_veh-16_00016_00377,1.0,438f9df6cea565a32cfbe494fe219b512dcdd56bdf1c0932f88da53a15a0fd68,planner_dev1696_randommask,1.0,ok,1.0,4b0db1652aa857f0
1.0,1.0,1.0,1.0,2021.06.23.17.31.36_veh-16_00016_00377,1.0,c3e79ec5226634ceed86ff38d16ef087018b7b15eb703303fc00b6835a09e1ad,planner_dev1696_randommask,1.0,ok,1.0,4bb5e84b73765d38
1.0,1.0,1.0,1.0,2021.06.23.17.31.36_veh-16_00016_00377,1.0,e1b14d7d11613fbc3d24f500f9ae7f705b25b843fe9b9e876b98c85d64b89536,planner_dev1696_randommask,1.0,ok,1.0,4f9e9b2e8e77599c
1.0,1.0,1.0,1.0,2021.06.23.17.31.36_veh-16_00016_00377,1.0,037ba7bdb06a70b79fa216b11cba74629e99bfa9b9e3e65962b1c2ccc564fe88,planner_dev1696_randommask,1.0,ok,1.0,515b07ed8b6a5e82
1.0,1.0,1.0,0.6010724742171154,2021.06.23.17.31.36_veh-16_00016_00377,1.0,d9011d66acd05587cc2ab20b13b0e0c07ce5e4b5dadde9f736ca8f405fba09f8,planner_dev1696_randommask,0.8337801975904648,ok,1.0,547b22ed67af5503
1.0,1.0,1.0,0.6791394329823418,2021.06.23.17.31.36_veh-16_00016_00377,1.0,aa51df4551c8683252d5e5547cacfb78a475814e06e37ec3d12ee8fead65c40c,planner_dev1696_randommask,0.8663080970759758,ok,1.0,57e56c60ae355a07
1.0,1.0,1.0,1.0,2021.06.23.17.31.36_veh-16_00016_00377,1.0,022e7d477586af7c767982d424e767c478a7fc5c7dc278fe575ede1fc760bb46,planner_dev1696_randommask,1.0,ok,1.0,5a8f0cf120495354
1.0,1.0,1.0,0.9207241882545572,2021.06.23.17.31.36_veh-16_00016_00377,1.0,cdca58f07507e505f9cb68c1242c94e2c52f6b17813363d81b5432f939bbf69b,planner_dev1696_randommask,0.9669684117727321,ok,1.0,5d6fd74f1a555e69
1.0,1.0,1.0,0.8350785974997061,2021.06.23.17.31.36_veh-16_00016_00377,1.0,fe537e3556c504e4fe7b76c0fca4211866107461e06c28b0f776ea9f65f0ea62,planner_dev1696_randommask,0.9312827489582108,ok,1.0,6209313b0b66517c
1.0,1.0,1.0,0.6699033385267029,2021.06.23.17.31.36_veh-16_00016_00377,1.0,d636149e9d2dd63fcbaa3a3e86f14b0e7dafac3327baac9f1cfaa0dce4144678,planner_dev1696_randommask,0.8624597243861262,ok,1.0,629a2f2a44f6575d
1.0,1.0,0.5,0.8028441909585421,2021.06.23.17.31.36_veh-16_00016_00377,1.0,25c163ee747bf5f66370c5cdc8bc52d1d13dc42b7a806e97823407e8f2b9f900,planner_dev1696_randommask,0.9178517462327259,ok,1.0,6339f2317047535d
1.0,1.0,1.0,0.8314497274621812,2021.06.23.17.31.36_veh-16_00016_00377,1.0,41a514a05e6305984f695b22331a95c601d7d55dcd7c79e5116a8bd080b82e52,planner_dev1696_randommask,0.9297707197759087,ok,1.0,64f48caa82ee547c
1.0,1.0,1.0,1.0,2021.06.23.17.31.36_veh-16_00016_00377,1.0,0e9c8ca17371a557c15e75934f2269396ca22fba2a0e47475684446ee63f486d,planner_dev1696_randommask,1.0,ok,1.0,6513ddef308f553f
1.0,1.0,1.0,1.0,2021.06.23.17.31.36_veh-16_00016_00377,1.0,3feaec080888276c3dba1bdb5e4283afe2186ffdb687139a92592165af783bc9,planner_dev1696_randommask,1.0,ok,1.0,710c63523d4d5e05
1.0,1.0,1.0,0.9286391299350625,2021.06.23.17.31.36_veh-16_00016_00377,1.0,a6280676955d9418dfc4f6515f5b61603e46202d83b1eb353350ef00688bef86,planner_dev1696_randommask,0.9702663041396095,ok,1.0,7385fa0f1ebf5356
1.0,1.0,1.0,0.7778644769484814,2021.06.23.17.31.36_veh-16_00016_00377,1.0,0bcbb64b803ddb287d6c7aa72a4db1b88f17fddda6df657820f46c63b82716fc,planner_dev1696_randommask,0.9074435320618672,ok,1.0,7567becdd4005b0b
1.0,1.0,1.0,1.0,2021.06.23.17.31.36_veh-16_00016_00377,1.0,940052c21ab8d29f81f3161e33eb1bfc3c638393c88816ae806dfecca1fd3259,planner_dev1696_randommask,1.0,ok,1.0,77a62006cb995aa7
1.0,1.0,1.0,1.0,2021.06.23.17.31.36_veh-16_00016_00377,1.0,5aa7641ace088539f01b1cf35ee2a5f82d4fad7053555540dd8b8f6f30426645,planner_dev1696_randommask,1.0,ok,1.0,79bc073387755a35
1.0,1.0,1.0,0.8222477886830337,2021.06.23.17.31.36_veh-16_00016_00377,1.0,4f9554ee69191a1ce65c1deba87e05f65376c31336b47858e3f296676de078d9,planner_dev1696_randommask,0.9259365786179307,ok,1.0,79bd7ba72d985b0b
1.0,1.0,1.0,1.0,2021.06.23.17.31.36_veh-16_00016_00377,1.0,e2d7b5a29090bf067ad9cfdcc421194e4a50272203e1736ef3bd741ad289447e,planner_dev1696_randommask,1.0,ok,1.0,79ec50c2dd9352bb
1.0,1.0,1.0,0.8361753189659853,2021.06.23.17.31.36_veh-16_00016_00377,1.0,3b6da3fc532959f5ce706faee1cb477e61678048f756ae60d339c4be7b8b11cb,planner_dev1696_randommask,0.9317397162358271,ok,1.0,7a6d02ce41635a31
1.0,1.0,1.0,1.0,2021.06.23.17.31.36_veh-16_00016_00377,1.0,4960611ee189325041a387121a499e0aa30b74d76a191fd6873e6facdd491ecd,planner_dev1696_randommask,1.0,ok,1.0,85288108bac2504f
1.0,1.0,1.0,0.9104636527259773,2021.06.23.17.31.36_veh-16_00016_00377,1.0,476403b97423a59aaa8d9a1903349decf454df0c5b4c13ee1e3c5421712a2119,planner_dev1696_randommask,0.9626931886358238,ok,1.0,863019d9f09155f7
1.0,1.0,1.0,1.0,2021.06.23.17.31.36_veh-16_00016_00377,1.0,4ad65faccbb6a26f09b63df4806f7e92ae4dce65ea6bf2bdfa78bac1e28d12cc,planner_dev1696_randommask,1.0,ok,1.0,874a3a4f7582531d
1.0,1.0,1.0,1.0,2021.06.23.17.31.36_veh-16_00016_00377,1.0,6fe20382b31e5c98f60372277a240dae6831bdacd6aa803697a3ff4b0accd7b4,planner_dev1696_randommask,1.0,ok,1.0,883024c704b55ed4
1.0,1.0,1.0,1.0,2021.06.23.17.31.36_veh-16_00016_00377,1.0,da15d1fda7e4b916bf8fea2c29b97d04ae048403f0272d484ca0b5470c66fd72,planner_dev1696_randommask,1.0,ok,1.0,8cc27785287f5367
1.0,1.0,1.0,1.0,2021.06.23.17.31.36_veh-16_00016_00377,1.0,8a3b7ed424364504dcff43089e88b7cdaddef3fc62556fd96ce00cd2ac18a280,planner_dev1696_randommask,1.0,ok,1.0,912976ebea0b5dae
1.0,1.0,1.0,0.719851042588155,2021.06.23.17.31.36_veh-16_00016_00377,1.0,48c674c3c4df10d9dd4275c9074f05c9e26b6a69da18289101c5896994732db2,planner_dev1696_randommask,0.8832712677450646,ok,1.0,936fbc402ef75a7f
1.0,1.0,1.0,1.0,2021.06.23.17.31.36_veh-16_00016_00377,1.0,132d6e2850728ba6590d83d1bcd6f783621f52f1489b05059b2e7e87347c2521,planner_dev1696_randommask,1.0,ok,1.0,95e0d89479815fa6
1.0,1.0,1.0,0.7721295927173664,2021.06.23.17.31.36_veh-16_00016_00377,1.0,8bd8aef6165b56fb04d504f9f184795c9b728bdb7f60d19a78c16340433eb618,planner_dev1696_randommask,0.9050539969655693,ok,1.0,9742b96a0eee5097
1.0,1.0,1.0,1.0,2021.06.23.17.31.36_veh-16_00016_00377,1.0,28f76a308c6fe2430affddf4825e1b1a2559b38334634b2ecf4a13fe9ea20280,planner_dev1696_randommask,1.0,ok,1.0,9ae5a292b89155a0
1.0,1.0,1.0,0.9108804983393817,2021.06.23.17.31.36_veh-16_00016_00377,1.0,d6d0d599b13a248964cfe7f625bc18ccd4b9114ff7d1cf2b5d3dae18aa706f2d,planner_dev1696_randommask,0.9628668743080757,ok,1.0,a0134d1c60475b3c
1.0,1.0,1.0,1.0,2021.06.23.17.31.36_veh-16_00016_00377,1.0,5c36d7c7ada95e0db38f5b566eb76355ce7f94e5660f390aee3a270bd5f03127,planner_dev1696_randommask,1.0,ok,1.0,a1cca44efdc256a2
1.0,1.0,1.0,1.0,2021.06.23.17.31.36_veh-16_00016_00377,1.0,d903ad97651ad23dcf269248a09c1f0a524ba450c9365774069b16ed4ed286bf,planner_dev1696_randommask,1.0,ok,1.0,a5aa2c07692a5f9b
1.0,1.0,1.0,0.8230443766747687,2021.06.23.17.31.36_veh-16_00016_00377,1.0,7a294aa7ed6e70e3e1644afd627ed1f63a2992f461baef0d9d14259c2bb7049a,planner_dev1696_randommask,0.9262684902811537,ok,1.0,a63d9d8cd31858ae
1.0,1.0,1.0,0.8221799058089414,2021.06.23.17.31.36_veh-16_00016_00377,1.0,df8e3f7a8cb6340e994bfd674dc3f6ad1be5ef5f57224c8868fbb6a196cb0432,planner_dev1696_randommask,0.9259082940870589,ok,1.0,a8c8ce07867e569e
1.0,1.0,1.0,1.0,2021.06.23.17.31.36_veh-16_00016_00377,1.0,3b7a9d9ae5aa53be9673163c4cb50d96187003cf580a2d4b5773e6035692e550,planner_dev1696_randommask,1.0,ok,1.0,aac0caff26875b79
1.0,1.0,1.0,1.0,2021.06.23.17.31.36_veh-16_00016_00377,1.0,e91ac87184464d4836090572e2091b9847ad12693faf7b98ab46fde46ec5cf6b,planner_dev1696_randommask,1.0,ok,1.0,ac7ab75271c75a44
1.0,1.0,1.0,0.7228393482782595,2021.06.23.17.31.36_veh-16_00016_00377,1.0,f3cf5d4b6e8ec363e5badc896aac9aa9144e8eafa8fab81c3c8f6d7c44092300,planner_dev1696_randommask,0.8845163951159414,ok,1.0,b6182e45cd3b5d7f
1.0,1.0,1.0,1.0,2021.06.23.17.31.36_veh-16_00016_00377,1.0,a138743f7e5866ccb89f58cfbaa81abdacd71dc1d42355c5d9e8722505185ad2,planner_dev1696_randommask,1.0,ok,1.0,b6d189e5f2ec50c2
1.0,1.0,1.0,0.8410468994597601,2021.06.23.17.31.36_veh-16_00016_00377,1.0,e7e26d853e13a912590dbe4fb6a965d3a2dfbfca20dedc18b8bcda2e5e0eef82,planner_dev1696_randommask,0.9337695414415667,ok,1.0,b7b9f10bef7a5622
1.0,1.0,1.0,1.0,2021.06.23.17.31.36_veh-16_00016_00377,1.0,871aebef76d27efedef3a345e7531804a4d4e430b3620f6ea4e09bcb4dbe9a90,planner_dev1696_randommask,1.0,ok,1.0,b81fcf5bd7a4591a
1.0,1.0,1.0,1.0,2021.06.23.17.31.36_veh-16_00016_00377,1.0,635fae4ea2c2485c6a8386a398d577e755701ebfa7fc366de156a71958a80e8e,planner_dev1696_randommask,1.0,ok,1.0,b95a7514b8775870
1.0,1.0,1.0,1.0,2021.06.23.17.31.36_veh-16_00016_00377,1.0,8ef75d0f55fba0ec4915867b943135bc998a4347512a9db41a7e6e5147820b1d,planner_dev1696_randommask,1.0,ok,1.0,c0f92874404d5814
1.0,1.0,1.0,1.0,2021.06.23.17.31.36_veh-16_00016_00377,1.0,4c6ae11bf225eac6e3ac4e3d327f57043eef392d8ce51bad2ce107e9226ecdab,planner_dev1696_randommask,1.0,ok,1.0,c4f3d6c372f75f22
1.0,1.0,1.0,0.8341244252668069,2021.06.23.17.31.36_veh-16_00016_00377,1.0,03a4d2e965adf5b0e999699e7532089d597f14fdbe4f20bd0cb76ff3812a1eeb,planner_dev1696_randommask,0.9308851771945029,ok,1.0,c5c83e635ce45982
1.0,1.0,1.0,1.0,2021.06.23.17.31.36_veh-16_00016_00377,1.0,82907700948e3038a4b4b758aefbaec03d206b27b07cb2b0f215dadc53466de3,planner_dev1696_randommask,1.0,ok,1.0,c6cfdd13a63555f9
1.0,1.0,1.0,1.0,2021.06.23.17.31.36_veh-16_00016_00377,1.0,2795d2728341c2fe4696ebe59caee9d71e44166486ecb00626c75194cd458a91,planner_dev1696_randommask,1.0,ok,1.0,c8072f55706c5f01
1.0,1.0,1.0,0.7691388099176139,2021.06.23.17.31.36_veh-16_00016_00377,1.0,e7062fabde9e0f15bf97efca80a875d74ae37f39d55393fd5701f2f1f5669155,planner_dev1696_randommask,0.9038078374656724,ok,1.0,cacc810a5db75d16
1.0,1.0,1.0,1.0,2021.06.23.17.31.36_veh-16_00016_00377,1.0,7aaab7f0b2cfd989c5a39343e6924d38aed792cdd6a4b2cb054bf9b8f8b73ffe,planner_dev1696_randommask,1.0,ok,1.0,cb8765fe0d6a535b
1.0,1.0,1.0,0.8292530082409281,2021.06.23.17.31.36_veh-16_00016_00377,1.0,c6cfddbf6bbddeaf83acb3a6b2a93eb02f94f13f92d6231ba984f9047e864dd6,planner_dev1696_randommask,0.9288554201003866,ok,1.0,cffa453c95b657c1
1.0,1.0,1.0,1.0,2021.06.23.17.31.36_veh-16_00016_00377,1.0,3557651006ae41866b0f14e9cc8a658ee2d06a236d82d9b7123a7ad35d6cdb71,planner_dev1696_randommask,1.0,ok,1.0,d2238c0841d254ba
1.0,1.0,1.0,1.0,2021.06.23.17.31.36_veh-16_00016_00377,1.0,456be79be47b952506992609d4faed6b320a8f82458d6b3e463c5b3632f823fb,planner_dev1696_randommask,1.0,ok,1.0,d253715e74925e00
1.0,1.0,1.0,1.0,2021.06.23.17.31.36_veh-16_00016_00377,1.0,2f657b99038f541a7f067f965a8a124cad7e59dfb0ea5387ed39f96b9173863b,planner_dev1696_randommask,1.0,ok,1.0,d43f45ce61dd52e3
1.0,1.0,1.0,1.0,2021.06.23.17.31.36_veh-16_00016_00377,1.0,7af70bcfdb999e094be6a1381e3000537e5fc7fd651ee6bba71337db748f8dda,planner_dev1696_randommask,1.0,ok,1.0,d53f4d4045e55032
1.0,1.0,1.0,1.0,2021.06.23.17.31.36_veh-16_00016_00377,1.0,56459cb0942eadeab23235afbcde0417b5605126564c5f57b4abbfca36f787af,planner_dev1696_randommask,1.0,ok,1.0,db812a0eaf435d65
1.0,1.0,1.0,1.0,2021.06.23.17.31.36_veh-16_00016_00377,1.0,c4b05ed8bba8541474b81e3136afdcc0bb6c2fedee50fe2feb3a0e6e78e364dd,planner_dev1696_randommask,1.0,ok,1.0,ddc6f1960bc05d62
1.0,1.0,1.0,0.8406571961740956,2021.06.23.17.31.36_veh-16_00016_00377,1.0,609c0c61c9b7c80c40b131ed5b902a7b03ea8b159dc78d8353c4d1b253fc9ca3,planner_dev1696_randommask,0.9336071650725399,ok,1.0,de1498ad86835196
1.0,1.0,1.0,1.0,2021.06.23.17.31.36_veh-16_00016_00377,1.0,d3e5ca1c69eaa152273344835159cdfe29ab12bfc0884867d156acfe6d0e87b0,planner_dev1696_randommask,1.0,ok,1.0,e2c494b98d885c19
1.0,1.0,1.0,0.7510644881425014,2021.06.23.17.31.36_veh-16_00016_00377,1.0,824f6a42b06e89dbef52e1b0b656aa51ef74583c9be7ceb2cf1f3ccf0460a450,planner_dev1696_randommask,0.8962768700593756,ok,1.0,e503592e74a35c78
1.0,1.0,1.0,0.8668989290821852,2021.06.23.17.31.36_veh-16_00016_00377,1.0,0a48793de567722c8a9939802b8b378464ec784f1a94f7e9f9e4be339d4f5fa7,planner_dev1696_randommask,0.9445412204509105,ok,1.0,e8b3c7058c315bca
1.0,1.0,1.0,0.8148052231987973,2021.06.23.17.31.36_veh-16_00016_00377,1.0,10900065033516fe151a7647251df3ad63ee29377ab2324fc341a6e1aefa19a5,planner_dev1696_randommask,0.9228355096661657,ok,1.0,e97f92e1a63f54b9
1.0,1.0,1.0,1.0,2021.06.23.17.31.36_veh-16_00016_00377,1.0,30d94085afcb3ee065b2f660504ec2da1e207e396549faa8b4f6c1556a05b247,planner_dev1696_randommask,1.0,ok,1.0,e980ff490b835222
1.0,1.0,1.0,1.0,2021.06.23.17.31.36_veh-16_00016_00377,1.0,84ba74bb014d727532271fa9c861175b058236291d93351f030d2a63d7082382,planner_dev1696_randommask,1.0,ok,1.0,ea1dbf3aec435c27
1.0,1.0,1.0,1.0,2021.06.23.17.31.36_veh-16_00016_00377,1.0,01998cfae7566c7b87ef414199ecf47b80c58f25f1c5cf6ef3992ac83d9d4fb7,planner_dev1696_randommask,1.0,ok,1.0,ea7239e96a555f2c
1.0,1.0,1.0,0.9988865722006683,2021.06.23.17.31.36_veh-16_00016_00377,1.0,be50479821fa15b8e785605e3628b1f8da42ecfa3781c509f89e754dcc24962c,planner_dev1696_randommask,0.9995360717502785,ok,1.0,eb1a57fcb1835169
1.0,1.0,1.0,0.6982934598073702,2021.06.23.17.31.36_veh-16_00016_00377,1.0,79d83fd0cc28792dd3658534cac0920ddf0f5e21f350e4d0d0ac8615f2a1db23,planner_dev1696_randommask,0.8742889415864044,ok,1.0,eefa88c125d55aa4
1.0,1.0,1.0,1.0,2021.06.23.17.31.36_veh-16_00016_00377,1.0,aac58e5e8c2aaf86551577d937f706a15fb29b2ca6c385b319e7e4dce867d7c7,planner_dev1696_randommask,1.0,ok,1.0,efc7193a7907550e
1.0,1.0,1.0,0.8309542739272678,2021.06.23.17.31.36_veh-16_00016_00377,1.0,edc5d8111a0e40398be1e46682f3c87328b2d4fd5239635ecaf31436d4ac394a,planner_dev1696_randommask,0.9295642808030283,ok,1.0,f5d06fd7f2195088
1.0,1.0,1.0,1.0,2021.06.23.17.31.36_veh-16_00016_00377,1.0,363f824f51552cb04f477c118286fc208b5a2dd964d560cba1c87f94b106d69e,planner_dev1696_randommask,1.0,ok,1.0,faa2e3893e2f540a
1.0,1.0,1.0,1.0,2021.06.23.17.31.36_veh-16_00016_00377,1.0,e631fc57c8ac388dd1d874e1fa65d29a3c5ba7037f19e4bc19f38d377fd85219,planner_dev1696_randommask,1.0,ok,1.0,fe3ae84c2c3b5232
1.0,1.0,1.0,1.0,2021.06.09.17.23.18_veh-38_01598_01750,1.0,c5c7cc3c89be21bece48c42ef9fdfd834510e5bbfdd14defb436a7bf44153052,planner_dev1696_randommask,1.0,ok,1.0,038d98b0aef65cc5
1.0,1.0,1.0,0.8355504756971148,2021.06.09.17.23.18_veh-38_01598_01750,1.0,f863b55d7fbc6559effdff141e2d2eded8d2ef1b697f6a265198aa7767de8bac,planner_dev1696_randommask,0.9314793648737979,ok,1.0,0a50e549c5ed5787
1.0,1.0,1.0,0.7103059359846714,2021.06.09.17.23.18_veh-38_01598_01750,1.0,d23afaa2f074105f17ceddc0bee582b20cf6cefac2698b7f78632a941ef08dd1,planner_dev1696_randommask,0.879294139993613,ok,1.0,13bb402c57765d6e
1.0,1.0,1.0,0.5866859866831515,2021.06.09.17.23.18_veh-38_01598_01750,1.0,df7b37ebbe278f8a883ab2476ff3c520ac81bd16b73a058749c483915822d10f,planner_dev1696_randommask,0.8277858277846465,ok,1.0,13dddabad3d65ddf
1.0,1.0,1.0,1.0,2021.06.09.17.23.18_veh-38_01598_01750,1.0,c528f15363821ac1d739b3df804d56f32845d4e4bf7086b0832f4e3c8862923c,planner_dev1696_randommask,1.0,ok,1.0,16840451fa765419
1.0,1.0,1.0,0.8746929341368223,2021.06.09.17.23.18_veh-38_01598_01750,1.0,32e4804089ff2385a9ace558dd08e10235a4a074481a664b55ec46783d450c76,planner_dev1696_randommask,0.9477887225570093,ok,1.0,16df14e0b5fe574f
1.0,1.0,1.0,1.0,2021.06.09.17.23.18_veh-38_01598_01750,1.0,21816dcf7d84acdbb988496aa5e8360310ef20840c3d59cd6b4571ced7f05b01,planner_dev1696_randommask,1.0,ok,1.0,1b31ffd5f3ec5f5d
1.0,1.0,1.0,1.0,2021.06.09.17.23.18_veh-38_01598_01750,1.0,4430276b1972fec8692f04d9aa8492010ac1a28473fbda509a095f48f14f81f2,planner_dev1696_randommask,1.0,ok,1.0,21748134e645518e
1.0,1.0,1.0,1.0,2021.06.09.17.23.18_veh-38_01598_01750,1.0,c91dca52f73eb0a44080acf56e009d331055b1509f506eaa8465568af1c01969,planner_dev1696_randommask,1.0,ok,1.0,21c95e7693d35dfd
1.0,1.0,1.0,1.0,2021.06.09.17.23.18_veh-38_01598_01750,1.0,68d9de4ab943e14e076b98a3b586351736b8612b3419aca386240bac36add59a,planner_dev1696_randommask,1.0,ok,1.0,252c2880193354f5
1.0,1.0,1.0,0.8895679127224948,2021.06.09.17.23.18_veh-38_01598_01750,1.0,48fc7ba56fbdd8b31edf52842c03bf09e89685348ed061120ece24d831acb0a4,planner_dev1696_randommask,0.9539866303010395,ok,1.0,26d62f55fe175782
1.0,1.0,1.0,0.6487701007977424,2021.06.09.17.23.18_veh-38_01598_01750,1.0,e3dfa251c99a553dd2808fdbfa85344cc61bb6a999f95489fe5b0f7a38dd55af,planner_dev1696_randommask,0.853654208665726,ok,1.0,2e7a9b2142ec529f
1.0,1.0,1.0,0.8728471021433286,2021.06.09.17.23.18_veh-38_01598_01750,1.0,174b47e91bad19ac8ebfde8eb60dbe24f5c75fb43c8eb8af3da37351be7cd2e9,planner_dev1696_randommask,0.9470196258930536,ok,1.0,34bf46975f2f5276
1.0,1.0,1.0,0.8307024924391154,2021.06.09.17.23.18_veh-38_01598_01750,1.0,d1f3b8ab489b11ffadb0d5176c9063acd93d6828854f3af32b5db6abe6537e19,planner_dev1696_randommask,0.9294593718496315,ok,1.0,36fd9bb68bca5db1
1.0,1.0,1.0,1.0,2021.06.09.17.23.18_veh-38_01598_01750,1.0,33921eed92d54fbaa91d78e554d22b002f31747ee069315e5f9d3ad1753266f7,planner_dev1696_randommask,1.0,ok,1.0,451111f6221956c4
1.0,1.0,1.0,1.0,2021.06.09.17.23.18_veh-38_01598_01750,1.0,89349fe2c1759f589fbf91aa47fb43bfb32fa3a816f551db88720a387d7204c0,planner_dev1696_randommask,1.0,ok,1.0,4a823fa4423e526b
1.0,1.0,1.0,0.8082662666385108,2021.06.09.17.23.18_veh-38_01598_01750,1.0,b1129624b128f762a7727dcda31ae69d83929c60c46a9daab2577d7543743189,planner_dev1696_randommask,0.9201109444327128,ok,1.0,4ab41adbd94856a2
1.0,1.0,1.0,1.0,2021.06.09.17.23.18_veh-38_01598_01750,1.0,3faff043f8a0a13c81f281f9fae44cd74cad8e66457f15587b504a100f2b32ea,planner_dev1696_randommask,1.0,ok,1.0,5238b46a3bea52ce
1.0,1.0,1.0,0.8698745229683136,2021.06.09.17.23.18_veh-38_01598_01750,1.0,97a7f57108a39a37617bf4f650801405536da419589ec150c933a0cb05cb0a5d,planner_dev1696_randommask,0.9457810512367972,ok,1.0,53ead5dd09575f56
1.0,1.0,1.0,0.8175305414613198,2021.06.09.17.23.18_veh-38_01598_01750,1.0,8236ecd69830c67eaf5551e51caac5f2c115bd7b72bfe01208ff1052f78d83d7,planner_dev1696_randommask,0.9239710589422166,ok,1.0,5827e60e48d756b4
1.0,1.0,1.0,1.0,2021.06.09.17.23.18_veh-38_01598_01750,1.0,7d60e879a9b16205622cc69095aecd3b6b45a6044e98c41eea23d1d4f51916c3,planner_dev1696_randommask,1.0,ok,1.0,5f6dc8b1b2475507
1.0,1.0,1.0,0.5496294376904804,2021.06.09.17.23.18_veh-38_01598_01750,1.0,d8faedacd8f7a8c3969a4953107f6aa3ce5f30842b5fb22b8a9c41bf94de7af1,planner_dev1696_randommask,0.8123455990377003,ok,1.0,61b8de25e8b35665
1.0,1.0,1.0,1.0,2021.06.09.17.23.18_veh-38_01598_01750,1.0,fe8ba8ed3fb074dc0d4a4cda9b32febc1a9d4737f43a9793056b08143c2e4dbf,planner_dev1696_randommask,1.0,ok,1.0,660a6c8bb9f85c97
1.0,1.0,1.0,1.0,2021.06.09.17.23.18_veh-38_01598_01750,1.0,2768b8ee64a57856e894884e2abb5e88393085db76168baa22c11d3a81537796,planner_dev1696_randommask,1.0,ok,1.0,7bf70bd17e9255b7
1.0,1.0,1.0,1.0,2021.06.09.17.23.18_veh-38_01598_01750,1.0,fc2792a7de35190db6f3338d4a183f1fcc11a6cc09a48a5bf9f6373034379042,planner_dev1696_randommask,1.0,ok,1.0,802050c72cc255d3
1.0,1.0,1.0,1.0,2021.06.09.17.23.18_veh-38_01598_01750,1.0,4ccf27ec802dab49e64ed47b208ad40a3dd156109852f7b242b727cf07a3263e,planner_dev1696_randommask,1.0,ok,1.0,931c61a6152e519f
1.0,1.0,1.0,1.0,2021.06.09.17.23.18_veh-38_01598_01750,1.0,abd9c541a5d0cb822df80a6c49eaca4e53b2f93c8f1ddf1c0e88b189d2bc02a1,planner_dev1696_randommask,1.0,ok,1.0,940a788763a55b7c
1.0,1.0,1.0,0.7868736756219202,2021.06.09.17.23.18_veh-38_01598_01750,1.0,ddf4c1dd43d0f49d34aa6bcba22f4da2e46dfa19d5c524a3475fad8efd8307cc,planner_dev1696_randommask,0.9111973648424668,ok,1.0,94ae5d67804c539d
1.0,1.0,1.0,1.0,2021.06.09.17.23.18_veh-38_01598_01750,1.0,77521114e8758240939abbfa312c21aeedfe1e3efec41f753a83c9e9957297e5,planner_dev1696_randommask,1.0,ok,1.0,9cef9bb074dc57a9
1.0,1.0,1.0,1.0,2021.06.09.17.23.18_veh-38_01598_01750,1.0,ec3ce7ddc328489a2cc9422883d515988a87f0f5e745abc3ca8f89d163c6b5c2,planner_dev1696_randommask,1.0,ok,1.0,9ed6b55afa4251dd
1.0,1.0,1.0,1.0,2021.06.09.17.23.18_veh-38_01598_01750,1.0,6c62fd835fdcec699c74d4886226bd4abdba0078d5ca7aba8076435884fea090,planner_dev1696_randommask,1.0,ok,1.0,b64628fc8a365a5f
1.0,1.0,1.0,0.7750047040550122,2021.06.09.17.23.18_veh-38_01598_01750,1.0,2ea15f18241bf5b39d21b5d58ed8aa351ab8171ce4e83a2b08fe4d4596bfa06f,planner_dev1696_randommask,0.9062519600229217,ok,1.0,c00abd335c885349
1.0,1.0,1.0,1.0,2021.06.09.17.23.18_veh-38_01598_01750,1.0,15a54efd55e18327fd2bbef0da35c73b9d7bd4aa1ad3c7b35e435308477bb1ca,planner_dev1696_randommask,1.0,ok,1.0,cdf07217a5d057ef
1.0,1.0,1.0,1.0,2021.06.09.17.23.18_veh-38_01598_01750,1.0,a4fb1b1f0c79b6b7a8637e5420aa3b8739474e386eceb4a1297ec6a245e792a8,planner_dev1696_randommask,1.0,ok,1.0,ce0d30c4ede35e6e
1.0,1.0,1.0,0.8708799502652612,2021.06.09.17.23.18_veh-38_01598_01750,1.0,020efe00926361d58152a113851ddd61da6de3e604081f04d558bad5cbaf9938,planner_dev1696_randommask,0.9461999792771921,ok,1.0,e49b47bbb0c55e1e
1.0,1.0,1.0,0.8249578519228259,2021.06.09.17.23.18_veh-38_01598_01750,1.0,c968211cd0733c50888d37dfe88aa05f7a97143d522a6abdb7d6bb1edf59b3f2,planner_dev1696_randommask,0.9270657716345108,ok,1.0,ff5e73d54265581f
1.0,1.0,1.0,0.7987990402688536,2021.10.05.08.11.15_veh-50_00437_00585,1.0,fdd8152013af437ce595adf6d046def9f6668fcb2f5e435798dc6525f1191d8c,planner_dev1696_allmask,0.9161662667786891,ok,1.0,015173513fc25684
1.0,1.0,1.0,0.7882273737340368,2021.10.05.08.11.15_veh-50_00437_00585,1.0,c4cea7aad783aaf8a341727aa6ae2ec4320018fb2f67b4fb8692f8bd95b6c277,planner_dev1696_allmask,0.9117614057225154,ok,1.0,0265d0c659745deb
1.0,1.0,1.0,0.9086871000077076,2021.10.05.08.11.15_veh-50_00437_00585,1.0,57edb32fbe4c6ea4a7784b4be99d1cd8323597c01fa675edfd4d90017653c04e,planner_dev1696_allmask,0.9619529583365448,ok,1.0,027d63f008ba518b
1.0,1.0,1.0,0.6854167376349265,2021.10.05.08.11.15_veh-50_00437_00585,1.0,9b9c8bc97fcd791170b25fbf0e4d16c65c6f7165c0477233901407945642c847,planner_dev1696_allmask,0.8689236406812194,ok,1.0,04d3c2f7702750b6
1.0,1.0,1.0,0.668381976591552,2021.10.05.08.11.15_veh-50_00437_00585,1.0,3b20bbd16b6dd569d88c088116e93228b3273ec952a6337292e1a02a36cb03c3,planner_dev1696_allmask,0.8618258235798133,ok,1.0,066d174c1ee2516a
1.0,1.0,1.0,0.6030317889235789,2021.10.05.08.11.15_veh-50_00437_00585,1.0,a03c94e793ec9d8eafefd79b527675cd18a58b3164235901a7cb7a8c4caa87f6,planner_dev1696_allmask,0.8345965787181578,ok,1.0,077e1ef7a2dd526e
1.0,1.0,1.0,0.6439803884336821,2021.10.05.08.11.15_veh-50_00437_00585,1.0,9fcb42434594148f435001fe84d43f1b626d2ed57343bc0196fc66362ea73edf,planner_dev1696_allmask,0.8516584951807009,ok,1.0,079dad1bf4aa53ff
1.0,1.0,1.0,0.5759357403268268,2021.10.05.08.11.15_veh-50_00437_00585,1.0,51f960bdc43d69dcef298045fd753e808b1182e34c7e5508bbfb0b53b67e30ae,planner_dev1696_allmask,0.8233065584695112,ok,1.0,0965ca8d343855bd
1.0,1.0,1.0,0.6688119630158693,2021.10.05.08.11.15_veh-50_00437_00585,1.0,7b18a487c3276e73cba154403f783f96912c4aea68b9c17ae28c2823fdf7be68,planner_dev1696_allmask,0.8620049845899457,ok,1.0,0dbe21f7e02a578a
1.0,1.0,1.0,0.6468371171706353,2021.10.05.08.11.15_veh-50_00437_00585,1.0,dab7a2e9fc0303d8a47aee05498ad16193f6d9237f801afefa89782183e1e80d,planner_dev1696_allmask,0.852848798821098,ok,1.0,0e3398e6271350b4
1.0,1.0,1.0,0.6354555389679647,2021.10.05.08.11.15_veh-50_00437_00585,1.0,2cd0498f288195c95fa8a34462ef8c8499e34da071ef9e624c57aaae96c7ae86,planner_dev1696_allmask,0.8481064745699852,ok,1.0,0ef4861884495fee
1.0,1.0,1.0,0.7165989635968949,2021.10.05.08.11.15_veh-50_00437_00585,1.0,59705a3dca9988fb5cd2af60ff480e56b83c47f1e20e9d3471f5ec794ad71d32,planner_dev1696_allmask,0.8819162348320395,ok,1.0,113ce1e07c7a5543
1.0,1.0,1.0,0.6488859152134683,2021.10.05.08.11.15_veh-50_00437_00585,1.0,a8dd61b504973efcf94d9a3888b4641dd283c66ee112bd2e89cf42946dc51d96,planner_dev1696_allmask,0.8537024646722785,ok,1.0,1aaa5de27ef2529c
1.0,1.0,1.0,0.6134238830994896,2021.10.05.08.11.15_veh-50_00437_00585,1.0,4129da7feda6c2364ac83ac9e7bb2de19479f49f4c3955793a16401653565f93,planner_dev1696_allmask,0.8389266179581206,ok,1.0,1bdb793cdfcd5db0
1.0,1.0,1.0,0.6491289787749653,2021.10.05.08.11.15_veh-50_00437_00585,1.0,5d898db49796ea59ddb54533ab36c5ff9dab62992ef4cc7f4cdd580d0d93a79d,planner_dev1696_allmask,0.8538037411562356,ok,1.0,1c6cfd6bae4954dc
1.0,1.0,1.0,0.6492688050530565,2021.10.05.08.11.15_veh-50_00437_00585,1.0,0c1bb3d9645cf1b560876a7943f3876ef80ad9e446957e0571b377c839b3e6fb,planner_dev1696_allmask,0.8538620021054402,ok,1.0,1ec5607c174e58db
1.0,1.0,1.0,0.8607656606577102,2021.10.05.08.11.15_veh-50_00437_00585,1.0,d52bf137d8daa815a68ec34542c9c474f5f6866d779994e5a6a40d4406bbeb7b,planner_dev1696_allmask,0.9419856919407126,ok,1.0,1edaacb093c25e24
1.0,1.0,1.0,0.6903836644182728,2021.10.05.08.11.15_veh-50_00437_00585,1.0,9f9a1426ef24eb0421a16c4ac50cb73c21bfec7209a5553570e2505cfef248cc,planner_dev1696_allmask,0.8709931935076137,ok,1.0,205cf1f3466a5af6
1.0,1.0,1.0,0.7604240060413672,2021.10.05.08.11.15_veh-50_00437_00585,1.0,2628f0c65f2a852184efcf045cb50d29d21872fc9e9c4cd3a61af6a8e61852ed,planner_dev1696_allmask,0.900176669183903,ok,1.0,21b4fab862a858b8
1.0,1.0,1.0,0.6272836982632354,2021.10.05.08.11.15_veh-50_00437_00585,1.0,0b6e7bf859d277e247e226aaa82c07879448f6571664074081b33dbc59c2c393,planner_dev1696_allmask,0.8447015409430149,ok,1.0,22119d9673db504e
1.0,1.0,1.0,0.6653303657347633,2021.10.05.08.11.15_veh-50_00437_00585,1.0,73eff3a009613b228fda796db0442c9ee30798e371fdc5da6c503dc16fa68661,planner_dev1696_allmask,0.8605543190561514,ok,1.0,22903ed6b4b45809
1.0,1.0,1.0,0.8741833073708896,2021.10.05.08.11.15_veh-50_00437_00585,1.0,77a745d01fc5e288861c2afdfffda075538ef851890ada6ab065bc9401c4aa71,planner_dev1696_allmask,0.947576378071204,ok,1.0,24531603f9315046
1.0,1.0,1.0,0.7831178984938285,2021.10.05.08.11.15_veh-50_00437_00585,1.0,f24802a9f39f9cd2156b13e684ace31f9004006b450b40104095c533f47dde3b,planner_dev1696_allmask,0.9096324577057618,ok,1.0,25f2e28652bc5f06
1.0,1.0,1.0,0.5728963910255613,2021.10.05.08.11.15_veh-50_00437_00585,1.0,cde2bf9cae7d8a6761ba6b5a9b727edd07c35384169cc84295f88d8877cfa0d5,planner_dev1696_allmask,0.8220401629273173,ok,1.0,2754ab87df25534c
1.0,1.0,1.0,0.8307825008880249,2021.10.05.08.11.15_veh-50_00437_00585,1.0,f5b7730e3825601db53893d0a4d25d60feece0cb0c8c49040a357ace57e40b63,planner_dev1696_allmask,0.9294927087033438,ok,1.0,33173f63a6ff513d
1.0,1.0,1.0,0.7893991368122723,2021.10.05.08.11.15_veh-50_00437_00585,1.0,79f05c211650302f84f7e214f2a98ff50e95cca5fcc50de69ce20eb31e5ff644,planner_dev1696_allmask,0.9122496403384468,ok,1.0,344591ad59d7517d
1.0,1.0,1.0,0.6830487454164411,2021.10.05.08.11.15_veh-50_00437_00585,1.0,26adc842525213be096ce1158a06794d126c42120c2d2919f24423efabf4128e,planner_dev1696_allmask,0.8679369772568505,ok,1.0,3e36bef4c12f5be7
1.0,1.0,1.0,0.8035225811089193,2021.10.05.08.11.15_veh-50_00437_00585,1.0,e6ad4ffb290617302d1c3fe62d1701a07f5afef29ed405d160ec961ddd18f08e,planner_dev1696_allmask,0.918134408795383,ok,1.0,40d427a5bcb95ad2
1.0,1.0,1.0,0.8325307719270756,2021.10.05.08.11.15_veh-50_00437_00585,1.0,79e862b81eb16c1ede6e650551afcf071bb7449e9e07da16502751c064b079f7,planner_dev1696_allmask,0.9302211549696148,ok,1.0,4876b61c929f5180
1.0,1.0,0.5,0.6678299416377874,2021.10.05.08.11.15_veh-50_00437_00585,1.0,a60cf1936450daffe9de24423081dc05a0e6187b4abb9164db8bdcaebaf1b049,planner_dev1696_allmask,0.8615958090157448,ok,1.0,4878391796105da9
1.0,1.0,1.0,0.725571788970547,2021.10.05.08.11.15_veh-50_00437_00585,1.0,9286a9365c063c245bbd9961ae6a515afa355b481dd1f867ba4bc0682fcefe48,planner_dev1696_allmask,0.8856549120710612,ok,1.0,51dc80968c9c5e08
1.0,1.0,1.0,0.7491397535572663,2021.10.05.08.11.15_veh-50_00437_00585,1.0,b91303d436f4c7f2fc44e3140fe7b34b8e61d697330686c7b7b288a8f26e5bda,planner_dev1696_allmask,0.8954748973155277,ok,1.0,5ad9e7defd1150e4
1.0,1.0,1.0,0.9897422642540348,2021.10.05.08.11.15_veh-50_00437_00585,1.0,385dd91336c98436332c5ac13f8ef1935a45e9460156dae0495793f93c73b7bc,planner_dev1696_allmask,0.9957259434391812,ok,1.0,6158d35892e55941
1.0,1.0,1.0,0.6808437006324375,2021.10.05.08.11.15_veh-50_00437_00585,1.0,e5ed915ed80a5f88846f75a9af7bfbf212d71908f0031aab9916fda0a5eebe8e,planner_dev1696_allmask,0.867018208596849,ok,1.0,6320ecb991675a39
1.0,1.0,1.0,0.7325750573260952,2021.10.05.08.11.15_veh-50_00437_00585,1.0,d8e0b43487cf8f968e14236753f8b984b4b3c16c7f718ed76620fa96a3b794c9,planner_dev1696_allmask,0.8885729405525397,ok,1.0,63c8f3d715e85c4f
1.0,1.0,1.0,0.7086549638344253,2021.10.05.08.11.15_veh-50_00437_00585,1.0,71e9a8d472a5cd732700b3af64f946b48a380e1cc84213ba6b43d99366f5b136,planner_dev1696_allmask,0.8786062349310105,ok,1.0,6c96474a9c865359
1.0,1.0,1.0,0.6005444950773147,2021.10.05.08.11.15_veh-50_00437_00585,1.0,df595983d1a2dbac25d672b6f1db9513ee5cc4b754da212dba56a2af05e00b7a,planner_dev1696_allmask,0.8335602062822144,ok,1.0,6ef77d4b725a5cf4
1.0,1.0,1.0,0.8479654723840396,2021.10.05.08.11.15_veh-50_00437_00585,1.0,65d137a599a58c3acf769d42c87beba0eea005f65d807e07f390ddaf39e46815,planner_dev1696_allmask,0.9366522801600166,ok,1.0,72ebf07a88b25937
1.0,1.0,1.0,0.7248319061781561,2021.10.05.08.11.15_veh-50_00437_00585,1.0,3a2abec94532d1d473d619d334ecf678162f294864dee9d9e3e3ba5f28972054,planner_dev1696_allmask,0.8853466275742318,ok,1.0,7307e312a7755908
1.0,1.0,1.0,0.8723821960870968,2021.10.05.08.11.15_veh-50_00437_00585,1.0,bf6579d596399e2863625d791cda39d8c25fdd67a32aea291f738c5c004f741b,planner_dev1696_allmask,0.9468259150362903,ok,1.0,756a836fafd05442
1.0,1.0,1.0,0.7419561079018947,2021.10.05.08.11.15_veh-50_00437_00585,1.0,69d913853a363dafdfdf5cea83b9af0d0c67702d01cea51135591fedd47e3d07,planner_dev1696_allmask,0.8924817116257895,ok,1.0,770cf5148b3353a3
1.0,1.0,1.0,0.6044981799445792,2021.10.05.08.11.15_veh-50_00437_00585,1.0,3480aba425765d4263241acb3366b45f9ff45bd91752c44ed3a7bf395bb2a9e8,planner_dev1696_allmask,0.835207574976908,ok,1.0,7cf3f478246b5da6
1.0,1.0,1.0,0.542523594663537,2021.10.05.08.11.15_veh-50_00437_00585,1.0,1c554006cf74bd64a477eea2e4eb9c870471e8a500433290045402efa9e3e044,planner_dev1696_allmask,0.809384831109807,ok,1.0,7f8be3abc0f45edf
1.0,1.0,1.0,0.5806765603114852,2021.10.05.08.11.15_veh-50_00437_00585,1.0,c7854cec186810945c5c4abc1a4fb0532910a9fc17bf09c01e0dc546aad5f3b9,planner_dev1696_allmask,0.8252819001297854,ok,1.0,83d4827aebe85832
1.0,1.0,1.0,0.7653357271782381,2021.10.05.08.11.15_veh-50_00437_00585,1.0,3ea9a711889c7ef5cc9c25568cfb2d32162549147170624c66b5da9c3a72124e,planner_dev1696_allmask,0.9022232196575991,ok,1.0,84b9bc99160c578f
1.0,1.0,1.0,0.860337487429543,2021.10.05.08.11.15_veh-50_00437_00585,1.0,c788fac16737d9f228ea0bd0490f98a1914eb54e7583b065d74d62748fb8b5ec,planner_dev1696_allmask,0.9418072864289763,ok,1.0,87516e1eaafc5107
1.0,1.0,1.0,0.7978670816047605,2021.10.05.08.11.15_veh-50_00437_00585,1.0,a73f646cdea746f7e2d890d230edd4d8d91b51d2466527e5c626d347cefbb968,planner_dev1696_allmask,0.9157779506686502,ok,1.0,8c627a1fb8225bc0
1.0,1.0,1.0,0.7069271143639677,2021.10.05.08.11.15_veh-50_00437_00585,1.0,951405bd0c8bbd6795001ea65ce66cd5f4c3f7b6372ef8c25f409279f1dfbcad,planner_dev1696_allmask,0.8778862976516532,ok,1.0,8f7463455b225dfb
1.0,1.0,1.0,0.596304106623584,2021.10.05.08.11.15_veh-50_00437_00585,1.0,aac50e4b2629bda0fd542ff5268a2596acb834d7023b2127f0942ab9ffd7d852,planner_dev1696_allmask,0.8317933777598266,ok,1.0,92292554325a5fad
1.0,1.0,1.0,0.8521477732579682,2021.10.05.08.11.15_veh-50_00437_00585,1.0,6cb348954a29a5b76c50585502fd0e1089ff3ba9b547d77a503486ba55cbcd49,planner_dev1696_allmask,0.9383949055241535,ok,1.0,9ce14bde80df5bab
1.0,1.0,1.0,0.7185603572082317,2021.10.05.08.11.15_veh-50_00437_00585,1.0,727bb6a8e47fff92cfc7eb8ecd26815ae60c008910776acb2fbb49cf9a150324,planner_dev1696_allmask,0.8827334821700966,ok,1.0,a99dbc17a6f35fa0
1.0,1.0,1.0,0.9706793749982522,2021.10.05.08.11.15_veh-50_00437_00585,1.0,141c7a60308c47dc2ca979dd2b92e1bfb69895a9d914a8e9e73c317dd9989005,planner_dev1696_allmask,0.9877830729159385,ok,1.0,abc8c3e51f5857d5
1.0,1.0,1.0,0.8266579678396568,2021.10.05.08.11.15_veh-50_00437_00585,1.0,9b471e4717d81932ec0022c076afc733a398652decb1c6e07cf644a5bdb466c1,planner_dev1696_allmask,0.9277741532665237,ok,1.0,abf1cce3aa57532a
1.0,1.0,1.0,0.7020411363862542,2021.10.05.08.11.15_veh-50_00437_00585,1.0,fbccc37316db652814a5e090b1d1b2db9c8e91cff08a5f327353214ccc03aea7,planner_dev1696_allmask,0.8758504734942726,ok,1.0,aeac6b9b55cb5709
1.0,1.0,1.0,0.6728735813133512,2021.10.05.08.11.15_veh-50_00437_00585,1.0,25b555e6e8d1e85ae8e951ba33fff1ae32950891e82d3fc3de038edc4003c6d3,planner_dev1696_allmask,0.8636973255472297,ok,1.0,b08f0c9d23f054dc
1.0,1.0,1.0,0.6288586444839417,2021.10.05.08.11.15_veh-50_00437_00585,1.0,6de62b83e5a3c534de2df443fdc827fbc04acd3ecb4512e68b38965c69091f69,planner_dev1696_allmask,0.8453577685349757,ok,1.0,b49af1daed2a5108
1.0,1.0,1.0,0.6298914737131316,2021.10.05.08.11.15_veh-50_00437_00585,1.0,9384985437da8cf1f733513f3434a799f1eea772be90eddb7c6541233f638956,planner_dev1696_allmask,0.8457881140471382,ok,1.0,b5099ae80a345e3e
1.0,1.0,1.0,0.7522289888279252,2021.10.05.08.11.15_veh-50_00437_00585,1.0,829cf590f324624b666d15ac33265539756a69777cc9e557a317bc59841d9021,planner_dev1696_allmask,0.8967620786783023,ok,1.0,b85595849a165d8f
1.0,1.0,1.0,0.9705753074031617,2021.10.05.08.11.15_veh-50_00437_00585,1.0,aebb5243e11505a06c508e9051084390a69c794c9fe2c82af4d616167fbcaabf,planner_dev1696_allmask,0.987739711417984,ok,1.0,bf12b61919e85002
1.0,1.0,1.0,0.7682613057872105,2021.10.05.08.11.15_veh-50_00437_00585,1.0,50404b138fd64e05139c1b1222c664b9821260fa7db9fce42ee938564c9c4d56,planner_dev1696_allmask,0.903442210744671,ok,1.0,c782b0ff62235fda
1.0,1.0,1.0,0.5828873910136348,2021.10.05.08.11.15_veh-50_00437_00585,1.0,69d68e395f4b570b3f9c006f6e9f66d62a61ed4b54804682a866787ffe83ddc5,planner_dev1696_allmask,0.8262030795890145,ok,1.0,c7a4ef2685fe5928
1.0,1.0,1.0,0.8628418637943689,2021.10.05.08.11.15_veh-50_00437_00585,1.0,a36dbfea982d6a7fd99aef11b43baa5aebddf1a442aebc19e2256c25669fbcbd,planner_dev1696_allmask,0.942850776580987,ok,1.0,c7e729ba460a565d
1.0,1.0,1.0,0.6932998942268284,2021.10.05.08.11.15_veh-50_00437_00585,1.0,79abbb502eb3176ab993f90d22080ad5caea401dd71fcaeb133c59f9bfbc7da7,planner_dev1696_allmask,0.8722082892611785,ok,1.0,cce0038c37ca56a3
1.0,1.0,0.5,1.0,2021.10.05.08.11.15_veh-50_00437_00585,1.0,f30af28e5214e3dc944eef72c9e8019523f51ef7966ea056e03f3b01b2f43ebc,planner_dev1696_allmask,1.0,ok,1.0,cdc78adcdfae53a0
1.0,1.0,1.0,0.8224996874500075,2021.10.05.08.11.15_veh-50_00437_00585,1.0,88feaf5d5d5b82c3b1b1c473f579408f4c8af3cd161fbd20a3904a8a900f48d7,planner_dev1696_allmask,0.9260415364375031,ok,1.0,d9e7a7614b095a0b
1.0,1.0,1.0,0.6433999094188274,2021.10.05.08.11.15_veh-50_00437_00585,1.0,eb82d1d0f76dd1e876ef6ff42bd198de1574bd61b536ab54b98b1c7e018dff7e,planner_dev1696_allmask,0.8514166289245114,ok,1.0,e25b028f941158d3
1.0,1.0,1.0,0.674008264884697,2021.10.05.08.11.15_veh-50_00437_00585,1.0,05cd2fe230909321e2dc15bb3ff5de126e3197776757907db5304aff67de545e,planner_dev1696_allmask,0.8641701103686238,ok,1.0,e26edc6457f85a2c
1.0,1.0,1.0,0.8314127119117334,2021.10.05.08.11.15_veh-50_00437_00585,1.0,e97f08afe4663314ed86d34b6b99c8e517b75c25cc49ca560baa345285bd8c3e,planner_dev1696_allmask,0.9297552966298889,ok,1.0,e9f76526b6d05e5c
1.0,1.0,1.0,0.8337284693849228,2021.10.05.08.11.15_veh-50_00437_00585,1.0,0365fae558c0ea03d2cd35442515a747e55500fef549f9b5fc6c651cacdd5171,planner_dev1696_allmask,0.9307201955770511,ok,1.0,ec37ecf537d15383
1.0,1.0,1.0,0.9413617448392284,2021.10.05.08.11.15_veh-50_00437_00585,1.0,799fa5aafe1a01f9025cc1d9fa682d456f5a9f97639a0f02039dbb900546c9b8,planner_dev1696_allmask,0.9755673936830118,ok,1.0,f52e85080d085ad3
1.0,1.0,0.5,1.0,2021.10.05.08.11.15_veh-50_00437_00585,1.0,e603b5bfb14c6944c0eb4377d5ebd235153c69faec1484bb0c2503fe49ad23a7,planner_dev1696_allmask,1.0,ok,1.0,f5b35beed72e5aec
1.0,1.0,1.0,0.7710109082911046,2021.10.05.08.11.15_veh-50_00437_00585,1.0,71d5772be145c2c0ed14c679eb99651bd1af1d91d1c0edfeff00e08c4e18d4ed,planner_dev1696_allmask,0.904587878454627,ok,1.0,fa570010ca00540d
1.0,1.0,0.5,1.0,2021.10.05.08.11.15_veh-50_00437_00585,1.0,c5408bcfef26ad25e669ec4cc9782afc5b2b6f3db7eb02659ca946f708cffe10,planner_dev1696_allmask,1.0,ok,1.0,faa1719d97b65c1e
1.0,1.0,1.0,0.6136484000902805,2021.10.05.08.11.15_veh-50_00437_00585,1.0,2ca2a2ce7f1503b03da24b75487f06d2c1363778a6802fe312b4f9d85cd7fa2d,planner_dev1696_allmask,0.8390201667042835,ok,1.0,ff409a68b88e5ac0
1.0,1.0,1.0,1.0,2021.07.09.20.26.06_veh-35_02793_03289,1.0,f24a28dcf2c26662c56b6dff30218d7f46c758aa094e9aa3d589767f39d5bb25,planner_dev1696_allmask,1.0,ok,1.0,0192df9f896c5030
1.0,1.0,1.0,0.952325354358288,2021.07.09.20.26.06_veh-35_02793_03289,1.0,16d730a6d7ad1855d5b39f1453cf036d7d63cc93b906cb9ff9fa839019aa137b,planner_dev1696_allmask,0.9801355643159534,ok,1.0,0266adddeefb584b
1.0,1.0,1.0,0.873594813961564,2021.07.09.20.26.06_veh-35_02793_03289,1.0,0d20a87fb39942db7b51dde4ae16e4f504c910e6f005f2e6fee25218e07c0ae1,planner_dev1696_allmask,0.947331172483985,ok,1.0,044e89f71c845e59
1.0,1.0,1.0,0.7635093199234769,2021.07.09.20.26.06_veh-35_02793_03289,1.0,3df082df710f62ec98ad38986ca2c86c9124d598e0632be51a0353bacbf138c5,planner_dev1696_allmask,0.9014622166347821,ok,1.0,091a90a5f2855a82
1.0,1.0,1.0,1.0,2021.07.09.20.26.06_veh-35_02793_03289,1.0,1ee66aeda994afd6f866bf68b65948e09a69f0450780008a572956ef92aaca8a,planner_dev1696_allmask,1.0,ok,1.0,093784159a005ddd
1.0,1.0,1.0,1.0,2021.07.09.20.26.06_veh-35_02793_03289,1.0,b3da0290ef13969635e8ebf6aa216c0fc5d1c2e94304593b22624bd9d36cdec6,planner_dev1696_allmask,0.5833333333333334,ok,0.0,0ba5cd65023a5d5c
1.0,1.0,1.0,0.6027985346728219,2021.07.09.20.26.06_veh-35_02793_03289,1.0,eae210b9328c4523a019e4920d75651fd0d330499f75c766109df58f77a3250a,planner_dev1696_allmask,0.8344993894470091,ok,1.0,0d0891893f1d59b5
1.0,1.0,1.0,1.0,2021.07.09.20.26.06_veh-35_02793_03289,1.0,b58ca50b5f11477cd7e6932e2c4f5dd6202c45ea5e279713d4c4db9a3b36fe46,planner_dev1696_allmask,1.0,ok,1.0,0d4a4de2ed0551de
1.0,1.0,1.0,0.8426321138902907,2021.07.09.20.26.06_veh-35_02793_03289,1.0,a7d298e55baeaf2676a94eecc66fb144d89f5de4b91426869d41110d16240fc5,planner_dev1696_allmask,0.9344300474542878,ok,1.0,13d47325b0b950f1
1.0,1.0,1.0,0.6659167028848405,2021.07.09.20.26.06_veh-35_02793_03289,1.0,dacbf88874b406b90acb78a2df6840fe02f8470d211234b2f05d8a7facf68f3a,planner_dev1696_allmask,0.8607986262020169,ok,1.0,15080129531552fe
1.0,1.0,1.0,1.0,2021.07.09.20.26.06_veh-35_02793_03289,1.0,6cad9cf28c3ce09ace52ec4badd497257d9dc8413788b0f61c357e427451101d,planner_dev1696_allmask,1.0,ok,1.0,18a2ed37c162552d
1.0,1.0,1.0,0.9290084317300831,2021.07.09.20.26.06_veh-35_02793_03289,1.0,8705c8ca0ed4401d51bbb1cc49939e60393cfc36cc1029e2c94fddb0875e7280,planner_dev1696_allmask,0.9704201798875346,ok,1.0,1c5284923bc85595
1.0,1.0,1.0,0.8570477359305101,2021.07.09.20.26.06_veh-35_02793_03289,1.0,1df4fe5a84fd47e7ef979e6cdba0350f1199bcc97e06b34ef0d47ff6368ceb21,planner_dev1696_allmask,0.9404365566377125,ok,1.0,1d158c219842558a
1.0,1.0,1.0,1.0,2021.07.09.20.26.06_veh-35_02793_03289,1.0,24e9cf26fb7a735faed584d09a32cc04c35d9247736bb0fbaee6474e4cf57dc1,planner_dev1696_allmask,1.0,ok,1.0,220ebf89f21c58e4
1.0,1.0,1.0,0.874620160209208,2021.07.09.20.26.06_veh-35_02793_03289,1.0,5f50a0712fa33c07937ad4011b71455b0635a3b0e44ca621316a42d68088e926,planner_dev1696_allmask,0.9477584000871699,ok,1.0,23732000986756bd
1.0,1.0,1.0,1.0,2021.07.09.20.26.06_veh-35_02793_03289,1.0,4232bc790c099497dda36ac6105428342be75cf0072f25f03e7fb5ff87e51c6e,planner_dev1696_allmask,1.0,ok,1.0,252dcf3264285f7e
1.0,1.0,1.0,0.5802460893152742,2021.07.09.20.26.06_veh-35_02793_03289,1.0,4d36b72db167fc287fda4ade9d5551f1a4668a811721c223609664cfd7651eb3,planner_dev1696_allmask,0.8251025372146975,ok,1.0,26a3cea95f035c1d
1.0,1.0,1.0,0.8010220409909803,2021.07.09.20.26.06_veh-35_02793_03289,1.0,742fb3310710ce7655890767318befc62ef521905b0c3a4f822cf6fa25dda21a,planner_dev1696_allmask,0.9170925170795751,ok,1.0,28e2bc1f058454a6
1.0,0.0,1.0,0.0,2021.07.09.20.26.06_veh-35_02793_03289,1.0,9be389b6d977cd0146496da47a02d1b0ac8459d9a1815835609b7a3861d10b09,planner_dev1696_allmask,0.0,ok,1.0,29ff4b56af185819
1.0,1.0,1.0,1.0,2021.07.09.20.26.06_veh-35_02793_03289,1.0,5bd3403f8a48d831cfe05d7e6f13111a45c84c9337eaa044ba440dd60095cc95,planner_dev1696_allmask,1.0,ok,1.0,2eb20ba165855d43
1.0,0.0,1.0,0.0,2021.07.09.20.26.06_veh-35_02793_03289,1.0,82cd77205ce696ce3f0c38db64fc32b68dc7964e8d50945af34194364a250746,planner_dev1696_allmask,0.0,ok,1.0,2f2bc1e20be4545e
1.0,1.0,1.0,0.7843235708843355,2021.07.09.20.26.06_veh-35_02793_03289,1.0,db9df21a55f7b2b5fcf1bd760c8f8385b5e01f5094c5324b3d75d853bd451b09,planner_dev1696_allmask,0.9101348212018064,ok,1.0,30c294d478ee5953
1.0,1.0,1.0,0.746633916095652,2021.07.09.20.26.06_veh-35_02793_03289,1.0,98e13440352fdd47e1438f350f6c27cae47b2f58e73afd5ff53c570e824aebac,planner_dev1696_allmask,0.8944307983731883,ok,1.0,30c5555824025240
1.0,1.0,1.0,0.769823611808066,2021.07.09.20.26.06_veh-35_02793_03289,1.0,963d59eb65454d07126c41e5ec41f9cbefe03f14bf4cf3428a8b188526cff4c6,planner_dev1696_allmask,0.9040931715866942,ok,1.0,31232634fe425baa
1.0,1.0,1.0,1.0,2021.07.09.20.26.06_veh-35_02793_03289,1.0,61b2f474018c600cbeb3114fade2c814135276539adee23d6bb3fd5e5de5b110,planner_dev1696_allmask,1.0,ok,1.0,31c01938dab253e7
1.0,1.0,1.0,0.8230349819682276,2021.07.09.20.26.06_veh-35_02793_03289,1.0,6a4555b1611e4da5a50c81a1cec54df03fb5e3520a907d1f9e61223113e74b59,planner_dev1696_allmask,0.9262645758200948,ok,1.0,31faa0734016556d
1.0,1.0,1.0,1.0,2021.07.09.20.26.06_veh-35_02793_03289,1.0,c76c8631c105fe7849b26e7a7aa39c61cbf613640b29257ccc2538bb715d29d2,planner_dev1696_allmask,1.0,ok,1.0,320bd6309da05bf7
1.0,1.0,1.0,1.0,2021.07.09.20.26.06_veh-35_02793_03289,1.0,97b994b116495086fbd218fb10363fd66efc6a764fa35cdc4f1b0c13fbcbcd68,planner_dev1696_allmask,1.0,ok,1.0,32aea60d7c7d56bf
1.0,1.0,1.0,1.0,2021.07.09.20.26.06_veh-35_02793_03289,1.0,ac18f183412b11921a31c801b13dc2b0c6b5738d68b5436e633c12b3ff14a2d5,planner_dev1696_allmask,1.0,ok,1.0,3d6d3d1bfafd5c87
1.0,1.0,1.0,1.0,2021.07.09.20.26.06_veh-35_02793_03289,1.0,59e410a703c26c3471a55bd69b89ffb8d9f83cd69a0b4cfad30e7bb210053046,planner_dev1696_allmask,1.0,ok,1.0,3e80032635bb59d8
1.0,1.0,1.0,1.0,2021.07.09.20.26.06_veh-35_02793_03289,1.0,fed49d68040f0ddc82d75c50777296ecebf90a4c5461116d0d7ec1bb80cb9e45,planner_dev1696_allmask,1.0,ok,1.0,3f1b608fff335993
1.0,1.0,1.0,0.6345120716713308,2021.07.09.20.26.06_veh-35_02793_03289,1.0,f64b956afe2da9a29c41bd3f3f2a71e4c39c12da8b32d3551c7d756a52d2d402,planner_dev1696_allmask,0.8477133631963879,ok,1.0,411aeffde8b7585c
1.0,1.0,1.0,0.6967883930850102,2021.07.09.20.26.06_veh-35_02793_03289,1.0,de11916259df4d6188a82ec684dacc3ed71cdca3061d5409b00d9219114e2f65,planner_dev1696_allmask,0.8736618304520875,ok,1.0,4153f9fad2735b7d
1.0,1.0,1.0,0.8117324890393715,2021.07.09.20.26.06_veh-35_02793_03289,1.0,b9bb585d57bee7196e459d76ddacc0f546635e6eb61b1285a7b9e12b0177daf3,planner_dev1696_allmask,0.9215552037664048,ok,1.0,43ab1fa546f15565
1.0,1.0,1.0,0.8788715526157116,2021.07.09.20.26.06_veh-35_02793_03289,1.0,32f13abc1054f73ea0d51c22085acde93fdd1fbd75ac5eac26f135a45076cc9f,planner_dev1696_allmask,0.9495298135898799,ok,1.0,450f27a1f39652ec
1.0,1.0,1.0,0.7495278351999636,2021.07.09.20.26.06_veh-35_02793_03289,1.0,85cb786d8fde95a131242e33e797c6148b95ddadf27070a35e93cadf063d8396,planner_dev1696_allmask,0.8956365979999849,ok,1.0,48ed922936d85f0d
1.0,1.0,1.0,0.9288640063105955,2021.07.09.20.26.06_veh-35_02793_03289,1.0,7a8c2301211b0461f491bc6a388039cb56a360b1164a1b2617150fdfa611c961,planner_dev1696_allmask,0.9703600026294148,ok,1.0,492174f0a0be5e87
1.0,1.0,1.0,0.7405138304029354,2021.07.09.20.26.06_veh-35_02793_03289,1.0,25a829c6a3707555a42f5fc09d7ad3480cb88049a210bf63f19f7199c1ec6195,planner_dev1696_allmask,0.8918807626678897,ok,1.0,4b012a201ee458a0
1.0,1.0,1.0,1.0,2021.07.09.20.26.06_veh-35_02793_03289,1.0,ede06829611d9a2215f8f785432244ce89cc1c2fc268120c2438d0c94e03b649,planner_dev1696_allmask,1.0,ok,1.0,4f3e703c35e05679
1.0,1.0,1.0,1.0,2021.07.09.20.26.06_veh-35_02793_03289,1.0,850f112351b3ac4162dc097e81f992d6a23f1ee111ccd14322edbf5d5f50b07f,planner_dev1696_allmask,1.0,ok,1.0,50d1a9ffaa2c54a4
1.0,1.0,1.0,0.9607558917666162,2021.07.09.20.26.06_veh-35_02793_03289,1.0,01d369dd12355304f745283b7cb9d5bbfa09b44d52136d86f8c77f7fa42d40f4,planner_dev1696_allmask,0.9836482882360901,ok,1.0,50de3d17be6c5ced
1.0,1.0,1.0,1.0,2021.07.09.20.26.06_veh-35_02793_03289,1.0,cf1d0958c288206ac48fa9b3dac72c5b40102e764dbae0adf75751f80a90cd65,planner_dev1696_allmask,1.0,ok,1.0,52d9b7c0daa5529a
1.0,1.0,1.0,0.7258243026982212,2021.07.09.20.26.06_veh-35_02793_03289,1.0,5a9d0245506277696e2b3c3c3bc04b42431fc46d4af64a30c7b7cb8fa9da0813,planner_dev1696_allmask,0.8857601261242589,ok,1.0,54d3068f889b58ee
1.0,1.0,1.0,0.7732232673667079,2021.07.09.20.26.06_veh-35_02793_03289,1.0,99a333fb707c25bdb66a6228076057c46c18f58c0fde5e65d62dcb1c71fcb7f3,planner_dev1696_allmask,0.9055096947361282,ok,1.0,55934aa7214d511e
1.0,1.0,1.0,0.8980441144297311,2021.07.09.20.26.06_veh-35_02793_03289,1.0,8ecdebf345a391b478fbc0375e8bf3e751029c2f4d3d9a2a6e9bb06eb85b9ce6,planner_dev1696_allmask,0.9575183810123878,ok,1.0,56197cc9035d51a9
1.0,1.0,1.0,1.0,2021.07.09.20.26.06_veh-35_02793_03289,1.0,1057b7e4229c5d65c8cd078d99adf3453e63cd198a4e411c7029e07072dd68e5,planner_dev1696_allmask,1.0,ok,1.0,56910770f2c1527a
1.0,1.0,1.0,1.0,2021.07.09.20.26.06_veh-35_02793_03289,1.0,2967fa5eee0c691614a709c788c9382422d1037d26824db001729f98d68e73c4,planner_dev1696_allmask,1.0,ok,1.0,56c1c01423045c64
1.0,1.0,1.0,1.0,2021.07.09.20.26.06_veh-35_02793_03289,1.0,995de2adcf090241005e5ee1ab564282dd1bb02bb2fbe9fd95eda6419a3c80a0,planner_dev1696_allmask,1.0,ok,1.0,5b33f44a53c35e48
1.0,1.0,1.0,1.0,2021.07.09.20.26.06_veh-35_02793_03289,1.0,7fc0135996fadad7014307b20550ae89237e9f5ebd46de5efddc2117a2c478de,planner_dev1696_allmask,1.0,ok,1.0,5b7e8c4975ba58ec
1.0,1.0,1.0,0.9957904156340616,2021.07.09.20.26.06_veh-35_02793_03289,1.0,0410b833813e5c2f09db0864339eb62bbea1402805bc16d93dd012e91875b48d,planner_dev1696_allmask,0.9982460065141924,ok,1.0,600b68fede18549b
1.0,1.0,1.0,1.0,2021.07.09.20.26.06_veh-35_02793_03289,1.0,598f9373f453e601f7f6d13418a39b9f70e105c7aec2218988cc68ab953ddc15,planner_dev1696_allmask,1.0,ok,1.0,619751e2f7d45698
1.0,1.0,1.0,1.0,2021.07.09.20.26.06_veh-35_02793_03289,1.0,202f11a968b8333e38a305b5bd697360b8f9aa4ef3f7ee656c3582a9acef374a,planner_dev1696_allmask,1.0,ok,1.0,61a1cff677ad53ae
1.0,1.0,1.0,1.0,2021.07.09.20.26.06_veh-35_02793_03289,1.0,f5b08e0337819448e1502317af6c09107326bd2f11e3ee4d9fb32fcf95b9591f,planner_dev1696_allmask,1.0,ok,1.0,6440483e348d5f99
1.0,1.0,1.0,0.8523782911715804,2021.07.09.20.26.06_veh-35_02793_03289,1.0,e6b6a28b4407b6174c44f5da8c794e12534010aba4a127533b7c75699e5e6c7d,planner_dev1696_allmask,0.9384909546548252,ok,1.0,64832cd542ba5fbc
1.0,1.0,1.0,1.0,2021.07.09.20.26.06_veh-35_02793_03289,1.0,59630fcb041ae8ee03f7f1bc17ab2138a116189a390f552d2bd88f7c4cc9fc02,planner_dev1696_allmask,1.0,ok,1.0,65eb702f91da53f9
1.0,1.0,1.0,0.839629003893984,2021.07.09.20.26.06_veh-35_02793_03289,1.0,55ca3c9f82ed22d1ec92c7bc57454fbff9814eae3dc8899004246426ae2200e6,planner_dev1696_allmask,0.9331787516224933,ok,1.0,66d11076d8de59c1
1.0,1.0,1.0,0.8372378611258665,2021.07.09.20.26.06_veh-35_02793_03289,1.0,cf5c49d3532219828c07230daabd50c985e5d9e8d8646dfd09f1cf5dd2b58496,planner_dev1696_allmask,0.9321824421357777,ok,1.0,6860494f3bf55348
1.0,1.0,1.0,1.0,2021.07.09.20.26.06_veh-35_02793_03289,1.0,1d77d332e0eb9543cf8bea066ef551942513ffcedff2ba3314ec16ea701363e1,planner_dev1696_allmask,1.0,ok,1.0,68aeef84783d53ea
1.0,1.0,1.0,1.0,2021.07.09.20.26.06_veh-35_02793_03289,1.0,0667777fd5ded0874f3c73003d518df51925d34ab871f2c67e0857bc0044ce8b,planner_dev1696_allmask,1.0,ok,1.0,69912c13560f5d32
1.0,1.0,1.0,0.813328205479716,2021.07.09.20.26.06_veh-35_02793_03289,1.0,3b3ef204cb324ea1bf08ee8b3ca43aa0a549df8b16a0777bb4198ae29165b645,planner_dev1696_allmask,0.9222200856165483,ok,1.0,6a2198d9282c54ea
1.0,1.0,1.0,0.9032574614978072,2021.07.09.20.26.06_veh-35_02793_03289,1.0,1ba7b0c70be7f9313d0149573616e4faacdc6a4db5f89f906f10c959d1e95da0,planner_dev1696_allmask,0.9596906089574198,ok,1.0,6b309e6010535fcc
1.0,1.0,1.0,1.0,2021.07.09.20.26.06_veh-35_02793_03289,1.0,a6a39044899019c944ea034bf09ca22f47445d3047c3f14f91aac59643238991,planner_dev1696_allmask,1.0,ok,1.0,6d00b13ae44d54a2
1.0,1.0,1.0,0.8053644123801901,2021.07.09.20.26.06_veh-35_02793_03289,1.0,818289dc8901470769b1c2025e8f43a6e484cae55f5f7f3a3f8fff23555f2580,planner_dev1696_allmask,0.9189018384917459,ok,1.0,6d9f1b3847705ce1
1.0,1.0,1.0,1.0,2021.07.09.20.26.06_veh-35_02793_03289,1.0,ee5c76b30eaef29aaed636be4755dfcb4aa6993732dfa6c67c8194814d7ea9a7,planner_dev1696_allmask,1.0,ok,1.0,6da35526f29f550a
1.0,1.0,1.0,0.8244843038876104,2021.07.09.20.26.06_veh-35_02793_03289,1.0,5069b097d37053b1bbd6fe6a6d6f45ef6eb1c6f503ad38ba358036a59f913ce9,planner_dev1696_allmask,0.926868459953171,ok,1.0,6e2af7ec92495e06
1.0,1.0,1.0,1.0,2021.07.09.20.26.06_veh-35_02793_03289,1.0,83f47381a7bc0ed900d0edf54dcd843eacc8c5b294686f576d3aeb03bf55bcb6,planner_dev1696_allmask,1.0,ok,1.0,71e9fdd5d6315495
1.0,1.0,1.0,0.7919884736227019,2021.07.09.20.26.06_veh-35_02793_03289,1.0,fc71f229ef6a19667303935be19ef7a1afa3b3d9f7437580b60d859aaef764f8,planner_dev1696_allmask,0.9133285306761257,ok,1.0,729f4b4121e35124
1.0,1.0,1.0,0.8555978506071386,2021.07.09.20.26.06_veh-35_02793_03289,1.0,ee20713c1e0dcf5e7db5dc3fe06aa5c90402e2b37ede7a16b1d5de19020f16ca,planner_dev1696_allmask,0.9398324377529743,ok,1.0,7470512d36f45c26
1.0,1.0,1.0,1.0,2021.07.09.20.26.06_veh-35_02793_03289,1.0,fe32dfd42b6686e4169a51393fed52c5539b2c5ab35e0c11e6a0a1de125cb495,planner_dev1696_allmask,1.0,ok,1.0,74f9e35f089d523a
1.0,1.0,1.0,0.7764019050514239,2021.07.09.20.26.06_veh-35_02793_03289,1.0,d2d2113b989f2ee286cc4f43b2865a2301248668fd3b549021239a526b0676e5,planner_dev1696_allmask,0.90683412710476,ok,1.0,75981c1acbe65a34
1.0,1.0,1.0,0.8483308714790699,2021.07.09.20.26.06_veh-35_02793_03289,1.0,f3b5c244d5dce3ce024e2e69181ee7be9d0a25306f9980ede6890a8364c9df47,planner_dev1696_allmask,0.9368045297829458,ok,1.0,774923d838b959cd
1.0,1.0,1.0,1.0,2021.07.09.20.26.06_veh-35_02793_03289,1.0,aa6dc0b731123799ac2a5b05d8f8d582c7aa09f8ea6bc7498f57e1debd310b06,planner_dev1696_allmask,1.0,ok,1.0,796da6bb8d1d553f
1.0,1.0,1.0,0.8169018968529643,2021.07.09.20.26.06_veh-35_02793_03289,1.0,76f411fa710a08b5c0a025b1d06bbdd4a35c1d78be540540e14f9131a9e68e8a,planner_dev1696_allmask,0.923709123688735,ok,1.0,7ba1003726915e44
1.0,1.0,1.0,1.0,2021.07.09.20.26.06_veh-35_02793_03289,1.0,47974c5f613a057d9ed187789bbd2e747a52b9e02858c316c8594e32935ddc5e,planner_dev1696_allmask,1.0,ok,1.0,7fd6309dcdaf525e
1.0,1.0,1.0,0.8371498268886524,2021.07.09.20.26.06_veh-35_02793_03289,1.0,9f74182752570832f60bffbac51796fd8659a18410edf7d59cada1a355a5c517,planner_dev1696_allmask,0.9321457612036051,ok,1.0,8393b89f1fbd56fc
1.0,1.0,1.0,0.7949749276707626,2021.07.09.20.26.06_veh-35_02793_03289,1.0,a0e773f7550e61c86b640be0f101e692034a3cb5254f3e902d6350ced1230c54,planner_dev1696_allmask,0.9145728865294845,ok,1.0,888476b1a13b51db
1.0,1.0,1.0,0.8452690775175095,2021.07.09.20.26.06_veh-35_02793_03289,1.0,050332f0400ddc05372f87cbcbacbda6a1571ed3f9d7c557a3d1cceb00746e6f,planner_dev1696_allmask,0.9355287822989622,ok,1.0,8902a3e760a7504d
1.0,1.0,1.0,0.9051883525309616,2021.07.09.20.26.06_veh-35_02793_03289,1.0,8bc00becf2943c88e9519d1f2694376c8779d1067ee15a896c6156759578d8d9,planner_dev1696_allmask,0.9604951468879007,ok,1.0,8ca04ffe31395059
1.0,1.0,1.0,0.6854575628669616,2021.07.09.20.26.06_veh-35_02793_03289,1.0,00bd3d7644ec028951edca15258d2cdb213bd04afb345e642c4171eccaed9c65,planner_dev1696_allmask,0.8689406511945673,ok,1.0,8e19623e78d15d60
1.0,1.0,1.0,0.8089734918834536,2021.07.09.20.26.06_veh-35_02793_03289,1.0,66a17c427fa74cce7a293941ae27b5489d3a2306191cfc4b9690428dbbc8a8a6,planner_dev1696_allmask,0.9204056216181057,ok,1.0,94e4f5f0f22655d2
1.0,1.0,1.0,0.6833379390726777,2021.07.09.20.26.06_veh-35_02793_03289,1.0,fe0cbeef7eb130bdcd8fff3a3067f8f98da014f084a35adf3238d895494ab652,planner_dev1696_allmask,0.8680574746136157,ok,1.0,95ccbbe1810c5e38
1.0,1.0,1.0,0.8217521495384515,2021.07.09.20.26.06_veh-35_02793_03289,1.0,09068c11f56e5499fc28b7370cf76559c9b997709eac3496e67bd439e6a9c680,planner_dev1696_allmask,0.9257300623076882,ok,1.0,966cdeadbc375041
1.0,1.0,1.0,0.7729087734852291,2021.07.09.20.26.06_veh-35_02793_03289,1.0,119f2d51444628b13d41d54affc98bf7c839ac231cce8c00cf2b47f11826d53a,planner_dev1696_allmask,0.9053786556188456,ok,1.0,9ad2cc6c97365873
1.0,1.0,1.0,0.7798089318609547,2021.07.09.20.26.06_veh-35_02793_03289,1.0,7b54cf075c65baafe235ed639e83a2ceab82947fa18b31d6b7c529312de66d3f,planner_dev1696_allmask,0.9082537216087312,ok,1.0,9b4247d0fd87569c
1.0,1.0,1.0,0.7122007961279866,2021.07.09.20.26.06_veh-35_02793_03289,1.0,9140454ba24a3a0b8b8ee4efca8431157c32a3722667e456eff42f7d173cfb54,planner_dev1696_allmask,0.8800836650533278,ok,1.0,9f7def7fc5e4570e
1.0,1.0,1.0,0.7762667280509711,2021.07.09.20.26.06_veh-35_02793_03289,1.0,fafd60f9e0492681ed611357443ddef838240fb59c78cd44580716340153dbdc,planner_dev1696_allmask,0.9067778033545713,ok,1.0,a01fa5eb5be95c2a
1.0,1.0,1.0,1.0,2021.07.09.20.26.06_veh-35_02793_03289,1.0,2e6e402e80cf81876b5e8f5ccc2f852da6c3af31959d337f5ecf644b2a9e2386,planner_dev1696_allmask,1.0,ok,1.0,a3421711e5dc50e5
1.0,1.0,1.0,0.8397994178375977,2021.07.09.20.26.06_veh-35_02793_03289,1.0,e87f7e826d86a633a27dc08792c149fa4b77bf1609af8daae922a5812fee9ae8,planner_dev1696_allmask,0.9332497574323324,ok,1.0,a7052e45ec88505e
1.0,1.0,1.0,0.890516323331152,2021.07.09.20.26.06_veh-35_02793_03289,1.0,d828a841cf8487fd4f273d0234471610e2f717b54172fc56e5b23198d112b276,planner_dev1696_allmask,0.95438180138798,ok,1.0,a8f42d585ae55630
1.0,1.0,1.0,1.0,2021.07.09.20.26.06_veh-35_02793_03289,1.0,e55d5867ef4c514b52f74e5ef15938c1d4bffc0035a5994ea11face0ce34a1a9,planner_dev1696_allmask,1.0,ok,1.0,aa22e0c0be2b588c
1.0,1.0,1.0,0.8614870127675471,2021.07.09.20.26.06_veh-35_02793_03289,1.0,8dab6c03e79eef79ffcf53fdf03e154382b5d07c1ad95cbe016191c01e055655,planner_dev1696_allmask,0.9422862553198114,ok,1.0,aa9798a62fd05f92
1.0,1.0,1.0,0.8753964010426366,2021.07.09.20.26.06_veh-35_02793_03289,1.0,3338f23a1f9726214e18297c0d7f1129c32380f259f203d50bfc95a0a8dcfb5e,planner_dev1696_allmask,0.9480818337677652,ok,1.0,abc8238662a8569e
1.0,1.0,1.0,0.7297404873354141,2021.07.09.20.26.06_veh-35_02793_03289,1.0,6e1bc062c6b5e39b319e7dc41ae216f88bc5026d7c9d7fdc8faea819209d713f,planner_dev1696_allmask,0.8873918697230891,ok,1.0,ad8f2bc5ddb055c9
1.0,1.0,1.0,1.0,2021.07.09.20.26.06_veh-35_02793_03289,1.0,86322941d5341cd606650d63b9ddd0b693e6f8a909f6311cb6ac3ad2f901f017,planner_dev1696_allmask,1.0,ok,1.0,add1ea7b7e845845
1.0,1.0,1.0,1.0,2021.07.09.20.26.06_veh-35_02793_03289,1.0,69e03fe139a984cdbec6a63060a152d6ffe70db63f6b85e407edfee1a2ad226b,planner_dev1696_allmask,1.0,ok,1.0,adf1f42c50905604
1.0,1.0,1.0,0.6979572479920825,2021.07.09.20.26.06_veh-35_02793_03289,1.0,388ef27769fec0609f622c5b51d688493cdd0a3de166345da4235cac45fb3b97,planner_dev1696_allmask,0.8741488533300344,ok,1.0,ae0c0121c32e5e5c
1.0,1.0,1.0,0.9986364708478241,2021.07.09.20.26.06_veh-35_02793_03289,1.0,17cf301318922e4d86cf4d374b8489433266d6f22668e7dbf4e814112219a6d6,planner_dev1696_allmask,0.99943186285326,ok,1.0,af1647f044bf5353
1.0,1.0,1.0,1.0,2021.07.09.20.26.06_veh-35_02793_03289,1.0,6b7b0ec76efd0664a6a3dc3e55e4f5512dd892361ad1daa8f8ea835de78cb7e9,planner_dev1696_allmask,1.0,ok,1.0,b017af1b89af5241
1.0,1.0,1.0,1.0,2021.07.09.20.26.06_veh-35_02793_03289,1.0,43dab72a1584e8603ec6c6f9272babfad994e94cd20467fc088288768f5e226b,planner_dev1696_allmask,1.0,ok,1.0,b0fbd8c8185b5ba8
1.0,1.0,1.0,0.9018392321766858,2021.07.09.20.26.06_veh-35_02793_03289,1.0,cc1fa8d005caca8da390f5f0bc75d2803f4188e9b855d8334f7feabc3d353130,planner_dev1696_allmask,0.9590996800736192,ok,1.0,b31cfbd91b505320
1.0,1.0,1.0,1.0,2021.07.09.20.26.06_veh-35_02793_03289,1.0,40bf16eb91158d9ed1dc4af947893fd961a984650de087aa1c1269f9d127ed19,planner_dev1696_allmask,1.0,ok,1.0,b3811cb7cd8b5bee
1.0,1.0,1.0,0.8828765977918298,2021.07.09.20.26.06_veh-35_02793_03289,1.0,3fe5a06f6642ffa15cf8dad34299cbb7cfdca0a57b11f0f3d90e05b2d4220d1e,planner_dev1696_allmask,0.9511985824132624,ok,1.0,b462555081035453
1.0,1.0,1.0,0.8378685486254066,2021.07.09.20.26.06_veh-35_02793_03289,1.0,c9f23bc8b434c5060c7435b6142dc1acc323d5cb977e2255957bb14a3f810651,planner_dev1696_allmask,0.9324452285939193,ok,1.0,b518972e5c74575f
1.0,1.0,1.0,0.8803681163435156,2021.07.09.20.26.06_veh-35_02793_03289,1.0,b5bcd4f7d51fb8a125b67b17de78e8f35c3e1276a0dff6bcecd5ada38c671028,planner_dev1696_allmask,0.9501533818097982,ok,1.0,b5bc586e807859b9
1.0,1.0,1.0,1.0,2021.07.09.20.26.06_veh-35_02793_03289,1.0,70077fef7d3c76cc480d49fa32984f1bcc538dd6e11982e28c757b74b2defdb2,planner_dev1696_allmask,1.0,ok,1.0,b5e45ceeb763563d
1.0,1.0,1.0,0.7332263071459979,2021.07.09.20.26.06_veh-35_02793_03289,1.0,b19699890a658b4c580439003a5d22badda761ebe058117293f6b1a2e4573c38,planner_dev1696_allmask,0.8888442946441657,ok,1.0,b7c1be361c1d5615
1.0,1.0,1.0,0.9200709281649091,2021.07.09.20.26.06_veh-35_02793_03289,1.0,ee29231edb4cb9ed23b82c37392b1e0831956f35231941ca60b178313d01c51c,planner_dev1696_allmask,0.966696220068712,ok,1.0,b97938c4b1ac52af
1.0,1.0,1.0,0.7705353238142922,2021.07.09.20.26.06_veh-35_02793_03289,1.0,85a52fa53fc3ce745a2254b8a4d1a4c020d996c5b5d9b713874264ae950827ac,planner_dev1696_allmask,0.9043897182559552,ok,1.0,b98a4b4bc2ee5b6a
1.0,1.0,1.0,1.0,2021.07.09.20.26.06_veh-35_02793_03289,1.0,fde5996015a3a038eab6edd99bda43e52f56b6dc3f87aaa17ee3aea6dbd1352c,planner_dev1696_allmask,1.0,ok,1.0,bb9c2a9a955450bc
1.0,1.0,1.0,0.9040782230658156,2021.07.09.20.26.06_veh-35_02793_03289,1.0,9337daef6f8e2fb2bfdca2ec182b061ad33ad60f4661b1536cb5af1176de15e3,planner_dev1696_allmask,0.9600325929440898,ok,1.0,bc445c24b7545106
1.0,1.0,1.0,1.0,2021.07.09.20.26.06_veh-35_02793_03289,1.0,814a5b1b3190143c36ca9fe06dcd925f6839c810b92b85b4fd6c62d9d35b16ce,planner_dev1696_allmask,1.0,ok,1.0,bd8da61ec9b053a6
1.0,1.0,1.0,0.8252740614986597,2021.07.09.20.26.06_veh-35_02793_03289,1.0,4a7e23182736935804d06a7dccc99e17e17e84293abd30e81d35f022090ef56e,planner_dev1696_allmask,0.9271975256244415,ok,1.0,be0a4fadbbf8555a
1.0,1.0,1.0,0.7978091571904561,2021.07.09.20.26.06_veh-35_02793_03289,1.0,266c65d2a5dc8c91cb97f57f78ef5e9e799a4966ad48c11729b9fa41ef06b902,planner_dev1696_allmask,0.9157538154960233,ok,1.0,c0d603acd14d5441
1.0,1.0,1.0,0.8953947577213244,2021.07.09.20.26.06_veh-35_02793_03289,1.0,222b001f09c99ba6bf03e12bae949e0eddefa8b7ad494eaeb83d47000c5f4505,planner_dev1696_allmask,0.956414482383885,ok,1.0,c11f2df51dd65f35
1.0,1.0,1.0,0.9026166233669338,2021.07.09.20.26.06_veh-35_02793_03289,1.0,c78e85ac020502cba500c89301cf5b7c232825e564e8188b1a60d2f131d7ab1f,planner_dev1696_allmask,0.9594235930695557,ok,1.0,c14c33af349e53d0
1.0,1.0,1.0,0.8124901936333454,2021.07.09.20.26.06_veh-35_02793_03289,1.0,f5748b0dbd41b12d0bf00351523357e8fc227bd322e93a68ebf6713c79cd04f0,planner_dev1696_allmask,0.921870914013894,ok,1.0,c4fc1ccdc82752ef
1.0,1.0,1.0,0.9560177526998574,2021.07.09.20.26.06_veh-35_02793_03289,1.0,52045105691940edffc1d803c17d52a3938b4f1f8d13dfd89327d112f3ac8027,planner_dev1696_allmask,0.9816740636249405,ok,1.0,c5f68fedccf05348
1.0,1.0,1.0,0.8869826146489,2021.07.09.20.26.06_veh-35_02793_03289,1.0,75e0a529c100d0f0271032969857fd8cccbbee70a4c2cc8d54262398118086a4,planner_dev1696_allmask,0.952909422770375,ok,1.0,c6cd57d4069b55bb
1.0,1.0,1.0,0.8824210090024918,2021.07.09.20.26.06_veh-35_02793_03289,1.0,5727a6e6cfd244c77af1689a35fdec8b47c6fa9518021ae3275b0bb363dc11d9,planner_dev1696_allmask,0.9510087537510383,ok,1.0,c73b0140d9f153a8
1.0,1.0,1.0,1.0,2021.07.09.20.26.06_veh-35_02793_03289,1.0,ea43d5db21f91a7cd930e40208f4f2574dd0411f1b5ea68b6b169bfc41217b44,planner_dev1696_allmask,1.0,ok,1.0,c8359786d5db538c
1.0,1.0,1.0,1.0,2021.07.09.20.26.06_veh-35_02793_03289,1.0,a865a201f887257011bf41e6120fb84545180f4f20f69841b6d7f42fe7ace868,planner_dev1696_allmask,1.0,ok,1.0,ca0eb08315185167
1.0,1.0,1.0,1.0,2021.07.09.20.26.06_veh-35_02793_03289,1.0,ea0055e702f22f863b2c0c9fa85ba2fb4530423f34beb2db839a125ec13c4022,planner_dev1696_allmask,1.0,ok,1.0,cb0ae811d2c95ead
1.0,1.0,1.0,0.7157700588488097,2021.07.09.20.26.06_veh-35_02793_03289,1.0,9eb69fa7020bc61e2694e92d035c0c008b82ecf4be6dbb007f6ea44337de7d00,planner_dev1696_allmask,0.8815708578536707,ok,1.0,cc9156b10b5855ff
1.0,1.0,1.0,0.7869889729573446,2021.07.09.20.26.06_veh-35_02793_03289,1.0,b0a1e4d66690b76f7c3862a2fefac06d3a3e87aa4791eea365181799597495b5,planner_dev1696_allmask,0.9112454053988935,ok,1.0,cc94486698ff58d1
1.0,1.0,1.0,0.7555667716475819,2021.07.09.20.26.06_veh-35_02793_03289,1.0,7f94aedcde9c2da078b648aa4d4acebfb768df5142051cc4448fe39993b25a2d,planner_dev1696_allmask,0.8981528215198257,ok,1.0,ccd64ddebcda50f6
1.0,1.0,1.0,0.8943139824186301,2021.07.09.20.26.06_veh-35_02793_03289,1.0,d223239a58d3e792453c2d1f23c8ee25a9b0e65fc16b8cc7d282c72815f1de8c,planner_dev1696_allmask,0.955964159341096,ok,1.0,cce0aae6d8a853d2
1.0,1.0,1.0,1.0,2021.07.09.20.26.06_veh-35_02793_03289,1.0,8e32a581c6eaccff3cf750a8d49f9be6e578f5e4c0e328b9ae30cf2719db4de9,planner_dev1696_allmask,1.0,ok,1.0,d1b49eebe00059c4
1.0,1.0,1.0,0.8805086307473666,2021.07.09.20.26.06_veh-35_02793_03289,1.0,d6ecec59817356e4c0004ade09a7a5fc4157d9ea6e428a297b5b59c6466cfb31,planner_dev1696_allmask,0.9502119294780694,ok,1.0,d4a4be0043ee53d8
1.0,1.0,1.0,0.9044049775976041,2021.07.09.20.26.06_veh-35_02793_03289,1.0,8f7e25d8f231864320328426bf662a52af8a77fc1bf96ee54f8ff854d8b87b61,planner_dev1696_allmask,0.9601687406656684,ok,1.0,d4aca7a7d5ba5ff7
1.0,1.0,1.0,0.867260263505954,2021.07.09.20.26.06_veh-35_02793_03289,1.0,d5cf9b11aa4671c655314977d7cf16eb0e59a248d8850f5a426c3e7c58746e47,planner_dev1696_allmask,0.9446917764608141,ok,1.0,d662eafbf56753f4
1.0,1.0,1.0,0.5172760288191335,2021.07.09.20.26.06_veh-35_02793_03289,1.0,368f694f75615ac2b6fa2d1d248c9358bff97bdd928eeafb3142917597a1dd94,planner_dev1696_allmask,0.7988650120079722,ok,1.0,d7e370e3315453ae
1.0,1.0,1.0,0.8974875210055686,2021.07.09.20.26.06_veh-35_02793_03289,1.0,a15365680acca8bdbf0e1b7e29cfb7cbb34d2ed8e6600d30fde314655d92cd3e,planner_dev1696_allmask,0.9572864670856536,ok,1.0,d7e69541e68a5b3b
1.0,1.0,1.0,0.9955285551491493,2021.07.09.20.26.06_veh-35_02793_03289,1.0,288306f8689d08e51c9f5ff367526828b395453d6089bc400c532bf3ab568ce2,planner_dev1696_allmask,0.9981368979788122,ok,1.0,d8118f444d4d574e
1.0,0.0,1.0,0.0,2021.07.09.20.26.06_veh-35_02793_03289,1.0,ed13829241734fe8c2a91985ffaa627f7c23026b2f7c92eddd4d06d6ebef0f36,planner_dev1696_allmask,0.0,ok,1.0,d9132b3c692558c8
1.0,1.0,1.0,0.8596723865997792,2021.07.09.20.26.06_veh-35_02793_03289,1.0,c42ebcf209a3a1f64671fd1da7283c0efc797b9c5d2f1c23a4444a2e046afc7b,planner_dev1696_allmask,0.9415301610832413,ok,1.0,daa2dd83846355d1
1.0,1.0,1.0,0.8467201436804123,2021.07.09.20.26.06_veh-35_02793_03289,1.0,01936858860077b503d8bbb70d8f1be7ee00bd7995fb64e9c1e47d6f1e3a4ebe,planner_dev1696_allmask,0.9361333932001719,ok,1.0,e06108e069b55486
1.0,1.0,1.0,0.877804482930612,2021.07.09.20.26.06_veh-35_02793_03289,1.0,6bb4492d5ec7aa22c433780756eaecb82cdd45f6dfee6582ea4d92535c64399f,planner_dev1696_allmask,0.9490852012210883,ok,1.0,e0990db225ab5e2b
1.0,1.0,1.0,0.8616517606217626,2021.07.09.20.26.06_veh-35_02793_03289,1.0,d0d356c0cc800f831446bcbb9deed3aba628e4921868d1e9c6c77ff2ddf1dd00,planner_dev1696_allmask,0.9423549002590678,ok,1.0,e1320bebb7f25f65
1.0,1.0,1.0,0.6080015489838803,2021.07.09.20.26.06_veh-35_02793_03289,1.0,4c0748826a8c730f91ed962c7d7937f5a680a5e62f1807d728a469128a4cd078,planner_dev1696_allmask,0.8366673120766168,ok,1.0,e27c4e988e10569a
1.0,1.0,1.0,0.798939763535113,2021.07.09.20.26.06_veh-35_02793_03289,1.0,14d38cdf5eccd35a724491305ef870916ebc0fd75873a467803d459740e8d80a,planner_dev1696_allmask,0.9162249014729639,ok,1.0,e34cae2fefab55b8
1.0,1.0,1.0,0.8079714504048336,2021.07.09.20.26.06_veh-35_02793_03289,1.0,e06c8ba5a57eeb453ac886dbc2edbc89462414397e756d0a25476ebe8b4897e6,planner_dev1696_allmask,0.9199881043353474,ok,1.0,e4bf21cd63585bf7
1.0,1.0,1.0,0.7152795080274423,2021.07.09.20.26.06_veh-35_02793_03289,1.0,58fca2fb836d8d75dfe8cb59439d93a583344f54326bc1ed752944c29ed3ef35,planner_dev1696_allmask,0.881366461678101,ok,1.0,e507573c08815f9e
1.0,0.0,1.0,0.0,2021.07.09.20.26.06_veh-35_02793_03289,1.0,f7a4c8c7a3dc5d5978c7b9fc9491bc94d98175458a84c0bc1365d61f4ec72060,planner_dev1696_allmask,0.0,ok,1.0,e90d6cecf29d53cc
1.0,1.0,1.0,1.0,2021.07.09.20.26.06_veh-35_02793_03289,1.0,f1bd2e118aaf2ccf3a37962af4b96851a24be1324e1d77591cfa75dbf300799a,planner_dev1696_allmask,1.0,ok,1.0,ec0f3cc6c0fd590e
1.0,1.0,1.0,1.0,2021.07.09.20.26.06_veh-35_02793_03289,1.0,ecba3a3404880408a35420acd68749dfdef10c1a1f53b8a02b501ad6d55cc58a,planner_dev1696_allmask,1.0,ok,1.0,edd18606d29e5285
1.0,1.0,1.0,1.0,2021.07.09.20.26.06_veh-35_02793_03289,1.0,9581ff887c8667990744afc292a4fadfb8db3f56d4a599e6c4e0449f2f1bdaa3,planner_dev1696_allmask,1.0,ok,1.0,eebdbcf854975ae9
1.0,1.0,1.0,1.0,2021.07.09.20.26.06_veh-35_02793_03289,1.0,282b72e41ff999cb0e57494240aa7cf7218d2ecf9479ed5208b3f9c6933012dd,planner_dev1696_allmask,1.0,ok,1.0,efe50170f67a57dc
1.0,1.0,1.0,1.0,2021.07.09.20.26.06_veh-35_02793_03289,1.0,526e088c1d52a8ae23cbae842742f86f482d8d42419c0242d0597bf7c1482158,planner_dev1696_allmask,1.0,ok,1.0,f177501cd1555b76
1.0,1.0,1.0,0.6505347955328673,2021.07.09.20.26.06_veh-35_02793_03289,1.0,2d30632b47dd2fa97c87048d7d35e6f3e534911d59d701ff036f3b43be7b3321,planner_dev1696_allmask,0.8543894981386947,ok,1.0,f42717531e645bd0
1.0,1.0,1.0,1.0,2021.07.09.20.26.06_veh-35_02793_03289,1.0,6ef0557ca581fe5d3527169a04541d8921a868a368fa49addb53016edd7314b2,planner_dev1696_allmask,1.0,ok,1.0,f6522a382ccb5589
1.0,1.0,1.0,1.0,2021.07.09.20.26.06_veh-35_02793_03289,1.0,47cbf3eb77c7416db94f5ddca556f6f758f9cf5fc77789c9b30259ee7c46dbcc,planner_dev1696_allmask,1.0,ok,1.0,f79dbdc306a15120
1.0,1.0,1.0,0.7337823056173621,2021.07.09.20.26.06_veh-35_02793_03289,1.0,aec9051ffe6d3d8b5320b256944bb5309635b0adf1e520f3ba0d8c08bb652740,planner_dev1696_allmask,0.8890759606739009,ok,1.0,f95fc48b693b53c2
1.0,1.0,1.0,0.8567171001969363,2021.07.09.20.26.06_veh-35_02793_03289,1.0,9c5604c349a332ca6cbced6abf426e0002517bf39d6efbac8d4271338819cb48,planner_dev1696_allmask,0.9402987917487234,ok,1.0,fa6d09b953e85996
1.0,0.0,1.0,0.0,2021.07.09.20.26.06_veh-35_02793_03289,1.0,ea4610034828a5dc16f7ce6d4df946dacec4b8bb3fc3af470b2d908ab106cc0c,planner_dev1696_allmask,0.0,ok,1.0,faf084d60e455e01
1.0,1.0,1.0,0.8182212825642471,2021.07.09.20.26.06_veh-35_02793_03289,1.0,949c1b83205bbeebd1e636b681874cce6ad1a4f32e30210bcddfbc250527dd3f,planner_dev1696_allmask,0.924258867735103,ok,1.0,fb62245532a251c2
1.0,1.0,1.0,1.0,2021.07.09.20.26.06_veh-35_02793_03289,1.0,c50ec64dfac6701070bacf2a47a0e630e37948d373ab1197b834fe17111806db,planner_dev1696_allmask,1.0,ok,1.0,fba22c6ccd535dd0
1.0,1.0,1.0,0.7012053340450402,2021.07.09.20.26.06_veh-35_02793_03289,1.0,727e4481f59fb3a87528797168e59d2f70d5893a6a997c7839b388ef999d6a1c,planner_dev1696_allmask,0.8755022225187666,ok,1.0,fbd62cf89a7d5308
1.0,1.0,1.0,0.8514212097173733,2021.07.09.20.26.06_veh-35_02793_03289,1.0,113c7b6be958b8f3b41b2e57987844ce2c103fc896233518b8bd1c41e303d865,planner_dev1696_allmask,0.9380921707155722,ok,1.0,fd266017475c571a
1.0,1.0,1.0,1.0,2021.07.09.20.26.06_veh-35_02793_03289,1.0,91a9d2fb302cf12a3771e5afbcd6b91d120d31392f9ed5978d3e012e885613f2,planner_dev1696_allmask,1.0,ok,1.0,fd88394324a05329
1.0,1.0,1.0,0.8238774885122376,2021.07.09.20.26.06_veh-35_02793_03289,1.0,d0e60d1c331da78ca4f8ca0ecb7624434ba993e29fed30d362f5482c5dbf07c9,planner_dev1696_allmask,0.9266156202134322,ok,1.0,fe07ab55cffb5cb9
1.0,1.0,1.0,0.9330820656325518,2021.07.09.20.26.06_veh-35_02793_03289,1.0,75ba863e4852f7e4b9e8426fcecf3fa048b3819806acc8893bfab6b0ebd97a13,planner_dev1696_allmask,0.9721175273468966,ok,1.0,fe61c9b75ca85f61
1.0,1.0,1.0,0.7292334267210181,2021.10.11.02.57.41_veh-50_01028_01289,1.0,7356db510efb94d92e4fc24272b3d604070c5b5b542ea26242f60a82327a1fb3,planner_dev1696_allmask,0.8871805944670909,ok,1.0,0191e3cbe7735d02
1.0,1.0,1.0,0.6722363385757333,2021.10.11.02.57.41_veh-50_01028_01289,1.0,755b8ad63fee3fc901b60596498c4ffd213b8bfe173cd2f9d20ca06cea998bc0,planner_dev1696_allmask,0.8634318077398889,ok,1.0,04a2fff5521b5215
1.0,1.0,1.0,0.5363003020569176,2021.10.11.02.57.41_veh-50_01028_01289,1.0,c8ef332c1102a43fe0e31f29e39dd7ebad9d6b2ee45f50566941baca0aa41e86,planner_dev1696_allmask,0.8067917925237156,ok,1.0,0502eec8c9615c19
1.0,1.0,1.0,0.6356550669391553,2021.10.11.02.57.41_veh-50_01028_01289,1.0,51d54c0c1c1041dd4b5b0ef76eb4021b15435c0bff31942310813e2f54b2c722,planner_dev1696_allmask,0.848189611224648,ok,1.0,076e73b542175041
1.0,1.0,1.0,1.0,2021.10.11.02.57.41_veh-50_01028_01289,1.0,2008874773c48c2602c4785a0e771f4b8bb90c4091c6b061f047a4bedb2cad8a,planner_dev1696_allmask,1.0,ok,1.0,0f2f7590e2c153c1
1.0,1.0,1.0,0.7059420049452108,2021.10.11.02.57.41_veh-50_01028_01289,1.0,a593aaee1938dad16e52b274ba72b11851579c96d2bf08158264829ffa51ec70,planner_dev1696_allmask,0.8774758353938378,ok,1.0,134c53ed5241548e
1.0,1.0,1.0,0.559459245145231,2021.10.11.02.57.41_veh-50_01028_01289,1.0,91dd7f260c5a1bca8a52f9d2e994b16ae4b71a2ff14dcb6e668221b7d8a6ab79,planner_dev1696_allmask,0.8164413521438463,ok,1.0,16259719899f5b57
1.0,1.0,1.0,1.0,2021.10.11.02.57.41_veh-50_01028_01289,1.0,38a6e39ab201375f68c36591cdd9dbd87155b3c9465d297b380fa3e4399473c5,planner_dev1696_allmask,1.0,ok,1.0,16e38f619b4358cb
1.0,1.0,1.0,0.6414316129666268,2021.10.11.02.57.41_veh-50_01028_01289,1.0,543dc26c8ad2a70e74a050f6f91e2746fda49624e748d07f33a2b4a18031fda9,planner_dev1696_allmask,0.8505965054027612,ok,1.0,1e7ba1144b7e587f
1.0,1.0,1.0,0.6931862929655458,2021.10.11.02.57.41_veh-50_01028_01289,1.0,d53ed9fa39dfa1d2766cd33e4f53501724106d25c3630d8118eab6c2e4510dc6,planner_dev1696_allmask,0.8721609554023108,ok,1.0,2040cae1f2005ace
1.0,1.0,1.0,0.7157338871707857,2021.10.11.02.57.41_veh-50_01028_01289,1.0,5557d96c6966724d5045746917636be0a37d1447ac32f0d6bfd97afb1be4bb3e,planner_dev1696_allmask,0.8815557863211607,ok,1.0,2b1b98be0fd55a97
1.0,1.0,1.0,0.6928634320136099,2021.10.11.02.57.41_veh-50_01028_01289,1.0,f2f90d7e98d1c266d6c3387edbb22b882053de5210a275d2abf77bc6177129af,planner_dev1696_allmask,0.8720264300056707,ok,1.0,2df6dad2e3c4525a
1.0,1.0,1.0,0.7346624605938372,2021.10.11.02.57.41_veh-50_01028_01289,1.0,b2f5c1f5225618fa4c1d70fb5b87d9cd98a398e4b984611784f2c051b8b6d2bc,planner_dev1696_allmask,0.8894426919140989,ok,1.0,3338316c86985d7e
1.0,1.0,1.0,0.7091107225511805,2021.10.11.02.57.41_veh-50_01028_01289,1.0,3158cb63d430ea9142a8becf6a0d35410589d165031713bdea453ef4cfece852,planner_dev1696_allmask,0.8787961343963252,ok,1.0,3540468e063052d2
1.0,1.0,1.0,0.875610921958232,2021.10.11.02.57.41_veh-50_01028_01289,1.0,86dfbfaaa51b01f2afb7fbcfa7e968d844cd3fb3c14802f5e91932caed73c008,planner_dev1696_allmask,0.9481712174825967,ok,1.0,37c824c3fc615763
1.0,1.0,1.0,1.0,2021.10.11.02.57.41_veh-50_01028_01289,1.0,3eb502865be25dbfe83133686bc105a5b87a5e546e898f73e955f1059d75e585,planner_dev1696_allmask,1.0,ok,1.0,3a5d0b9a8778529e
1.0,1.0,1.0,0.6819716399847697,2021.10.11.02.57.41_veh-50_01028_01289,1.0,5ae96cb87adecdb519db260e8430031365015a41c676ffa014d66069d09e8280,planner_dev1696_allmask,0.8674881833269875,ok,1.0,3bcde9ce94de5b6a
1.0,1.0,1.0,0.8558373727661218,2021.10.11.02.57.41_veh-50_01028_01289,1.0,835b7e6d35ea3009657ed380b29eba77fba07aeb50a6989e11f1b8d5cb58b7b8,planner_dev1696_allmask,0.9399322386525508,ok,1.0,3dd3b152b6a95c84
1.0,1.0,1.0,0.6097034734478451,2021.10.11.02.57.41_veh-50_01028_01289,1.0,030896cfb1c9b8cdbef739167cae24988a1f5cc5e7b0b417944eec2d62c43f66,planner_dev1696_allmask,0.8373764472699355,ok,1.0,3df6bd69748e51ec
1.0,1.0,1.0,0.6386366542622237,2021.10.11.02.57.41_veh-50_01028_01289,1.0,3dc65fcb04dddd8287a6ef0697c95301009caa148065597a82b78ed4c9ca05e2,planner_dev1696_allmask,0.8494319392759265,ok,1.0,411704ad095950e8
1.0,1.0,1.0,0.6727060929458369,2021.10.11.02.57.41_veh-50_01028_01289,1.0,28449150daf6baea6c7831ded0a18b0469b37bb860ff385b9c523f86da267c57,planner_dev1696_allmask,0.863627538727432,ok,1.0,459f16faaa0e51bf
1.0,1.0,1.0,0.8441418119549849,2021.10.11.02.57.41_veh-50_01028_01289,1.0,8d2e8b8bd7cea1ce66c93dc2dcbbbf4ffbe95e8322cff9ee821273a9fb971c11,planner_dev1696_allmask,0.9350590883145772,ok,1.0,4d540daaddb15826
1.0,1.0,1.0,0.9021205330796651,2021.10.11.02.57.41_veh-50_01028_01289,1.0,33fff2aea8114ba72d27ec37fdbc05562167991b46ed401b0f61ba1ec1cb28e0,planner_dev1696_allmask,0.9592168887831938,ok,1.0,4f02764ce23c5c1d
1.0,1.0,1.0,0.7048772232543707,2021.10.11.02.57.41_veh-50_01028_01289,1.0,f8b7e2703e23bc1b9e145e83169706babe91efd0320ad1a82846658bcff26dad,planner_dev1696_allmask,0.8770321763559878,ok,1.0,4fe2c5e04d795883
1.0,1.0,1.0,0.6117194591498359,2021.10.11.02.57.41_veh-50_01028_01289,1.0,f0cab1ec602efe15bcf621d99651c4e9092c8cdc33cf1b68c416c308c1116ef2,planner_dev1696_allmask,0.8382164413124317,ok,1.0,4ff0a2b15a835463
1.0,1.0,1.0,0.6942132223653538,2021.10.11.02.57.41_veh-50_01028_01289,1.0,437337bc6d8e81faa909adc787791f8e9a7cd574ff5814b141cb26dc81015c4f,planner_dev1696_allmask,0.8725888426522307,ok,1.0,539393ec03d3569f
1.0,1.0,1.0,1.0,2021.10.11.02.57.41_veh-50_01028_01289,1.0,872bcba1f04af68740107a88b5a19c3ce8a4dede39d2c106f516a0d6201b65be,planner_dev1696_allmask,1.0,ok,1.0,53fbf0500ccf5c81
1.0,1.0,1.0,0.7248952558598579,2021.10.11.02.57.41_veh-50_01028_01289,1.0,7e85c79466a8cec5ee1992550ab76d1f648c4dc47815ff308f72d9ff38b518c6,planner_dev1696_allmask,0.8853730232749407,ok,1.0,55d8e5c3dd4657d5
1.0,1.0,1.0,0.704706901437729,2021.10.11.02.57.41_veh-50_01028_01289,1.0,c2bc1fa9a39100e3c654438e947fd309c3070aae1cafc62951a40e6a5052e672,planner_dev1696_allmask,0.876961208932387,ok,1.0,5689b5417b1b59fa
1.0,1.0,1.0,0.6114131931479517,2021.10.11.02.57.41_veh-50_01028_01289,1.0,2618b6c0c9f9fc8f5da3afb2575cbc5affe8c43305ca316f4324e088971cac49,planner_dev1696_allmask,0.8380888304783132,ok,1.0,5bfc2ed8a9e55b31
1.0,1.0,1.0,0.6455942802484996,2021.10.11.02.57.41_veh-50_01028_01289,1.0,38f26a895203b644e560f4e92d2f79ea4b6654e76fac89e3231c31ab8e4721f8,planner_dev1696_allmask,0.8523309501035415,ok,1.0,5d626b0485e65f74
1.0,1.0,1.0,0.6480091828987214,2021.10.11.02.57.41_veh-50_01028_01289,1.0,ff4ac7f03ca10df546e4d4a1d59a06b8a8463c447877669ef6e671fd6deae85c,planner_dev1696_allmask,0.8533371595411339,ok,1.0,5f1d8aea61145907
1.0,1.0,1.0,0.6915678931502564,2021.10.11.02.57.41_veh-50_01028_01289,1.0,de3d87b72515ec02a3de970ae9741271e4d33d8b827d89b740fdcb82909faea9,planner_dev1696_allmask,0.8714866221459401,ok,1.0,5f7dadb16c9858e6
1.0,1.0,1.0,0.7018536435538478,2021.10.11.02.57.41_veh-50_01028_01289,1.0,0c38a62607829eed952237c4ab023559a219c73f4f95b09793490af7c00331ae,planner_dev1696_allmask,0.8757723514807699,ok,1.0,619b51912d2b518f
1.0,1.0,1.0,0.8309747729814071,2021.10.11.02.57.41_veh-50_01028_01289,1.0,82435fb803f1f9f4ff5c16f0fb4174987d584aafbbf69cc3c27c142cf4214614,planner_dev1696_allmask,0.9295728220755862,ok,1.0,6312e02de8755c63
1.0,1.0,1.0,0.6305949913766519,2021.10.11.02.57.41_veh-50_01028_01289,1.0,da850f51079908c19f8634dc72ee34d6254cddb367dc0d8bc95396e0265f3f1c,planner_dev1696_allmask,0.8460812464069383,ok,1.0,63f9372237ab5b50
1.0,1.0,1.0,0.6068009518719875,2021.10.11.02.57.41_veh-50_01028_01289,1.0,6fbb881d8a13584151044e56e7263ae5ad3470b9c9310bf4585ec2bc25c108ca,planner_dev1696_allmask,0.8361670632799948,ok,1.0,67b3098372645d8b
1.0,1.0,1.0,0.6988177839112102,2021.10.11.02.57.41_veh-50_01028_01289,1.0,d2b2be3b165b6886aa74f36ddc5f1e2673d2a3e38ca37ad6631a9501d76b5ad4,planner_dev1696_allmask,0.8745074099630042,ok,1.0,7616cee0eba15c75
1.0,1.0,1.0,0.6476119585783058,2021.10.11.02.57.41_veh-50_01028_01289,1.0,3633f4678475aaf4b676b6e1232026e851ce54bcb0373621360ef25ea3331774,planner_dev1696_allmask,0.8531716494076275,ok,1.0,76f38770875550d4
1.0,1.0,1.0,0.6300647621660115,2021.10.11.02.57.41_veh-50_01028_01289,1.0,3d1c0f846d86594f2e92dcddceef16edffd2f6df7993f105aa133b21fa3e2d43,planner_dev1696_allmask,0.8458603175691715,ok,1.0,774f3eae89d35589
1.0,1.0,1.0,0.5938226966638362,2021.10.11.02.57.41_veh-50_01028_01289,1.0,7aa944224df4b870d60d0704386b78837c1c4104b557ed9651cdf998491daa50,planner_dev1696_allmask,0.830759456943265,ok,1.0,792875d97ce5574d
1.0,1.0,1.0,0.6212506010521087,2021.10.11.02.57.41_veh-50_01028_01289,1.0,8f847e9410e0084ba69b52623edb67aff2c65b1dbf09aade126f0246775fc18a,planner_dev1696_allmask,0.8421877504383787,ok,1.0,7c31c611152b5a9c
1.0,1.0,1.0,0.7313874809631783,2021.10.11.02.57.41_veh-50_01028_01289,1.0,ac233f5dd6cb41a0ca0ea38f2b473d2efa122b7d3bbfc54f8a11989b5a210130,planner_dev1696_allmask,0.888078117067991,ok,1.0,7eb6beaba2e45001
1.0,1.0,1.0,0.6924047061495231,2021.10.11.02.57.41_veh-50_01028_01289,1.0,ef2589cead35727f0f63790a750f74da13946c5d2e4565ce12c0f96aedf2b382,planner_dev1696_allmask,0.8718352942289679,ok,1.0,872ae71c24805cd8
1.0,1.0,1.0,0.6887932135085973,2021.10.11.02.57.41_veh-50_01028_01289,1.0,e21b781264a704e2346b5e4149b24600238bbed092e837eb62df393dfb776c46,planner_dev1696_allmask,0.8703305056285823,ok,1.0,8a2496c5d7d15cc1
1.0,1.0,1.0,0.6636592692456419,2021.10.11.02.57.41_veh-50_01028_01289,1.0,12339ab964e7d227bf1ee685e4326f1629daf02d1ffe772fd7d67e33e83f7e99,planner_dev1696_allmask,0.8598580288523507,ok,1.0,8ac887d1ccb95be5
1.0,1.0,1.0,0.6162812615549855,2021.10.11.02.57.41_veh-50_01028_01289,1.0,5002fa0db0160dd80a87f7d9078c577a1be0e6d8048bee5365dc19650faeed0e,planner_dev1696_allmask,0.8401171923145773,ok,1.0,92a19adc03e55fc5
1.0,1.0,1.0,0.66682700804635,2021.10.11.02.57.41_veh-50_01028_01289,1.0,4f2b6e7746df213fa2615ceeda932d1079639fb3155f4d55215ae4a0ab5fd84a,planner_dev1696_allmask,0.8611779200193125,ok,1.0,955e0d97f2f35bc4
1.0,1.0,1.0,0.5412788788295049,2021.10.11.02.57.41_veh-50_01028_01289,1.0,1a60c1a852edaeac1fa7f0ed999b18750d1183a45a258122c3ce73c9119a03da,planner_dev1696_allmask,0.8088661995122938,ok,1.0,98f62d9131da5913
1.0,1.0,1.0,0.703297769961133,2021.10.11.02.57.41_veh-50_01028_01289,1.0,3174f5eb6375a3c6b4320d65cc1cac8b1519b36346aa117db9abcf916f5dd546,planner_dev1696_allmask,0.8763740708171387,ok,1.0,997140e8419051b4
1.0,1.0,1.0,0.6922754370405784,2021.10.11.02.57.41_veh-50_01028_01289,1.0,f05b8ac99cd54e0e30bde761e34f9c7140b8503b0bb1ad4c80cfc45db8603c48,planner_dev1696_allmask,0.871781432100241,ok,1.0,9a45431d78665797
1.0,1.0,1.0,0.7070890622510096,2021.10.11.02.57.41_veh-50_01028_01289,1.0,b613ebb24c6320323215ab8549ae9fe0d30462a2d5224add96d86772d5b509c8,planner_dev1696_allmask,0.8779537759379207,ok,1.0,9abce3eae2005739
1.0,0.0,1.0,0.0,2021.10.11.02.57.41_veh-50_01028_01289,1.0,d3742623c8b678a645bbb65101409a6eb9fbe8834cfae58d8209d5c530877ec3,planner_dev1696_allmask,0.0,ok,1.0,9eae5a2e43535977
1.0,1.0,1.0,0.6771044781755253,2021.10.11.02.57.41_veh-50_01028_01289,1.0,76b0d9aaf2509afdbbdb2f28b04cc8743c106ad50bfc4c1a1ec2b6251f8bb057,planner_dev1696_allmask,0.8654601992398022,ok,1.0,a3886a0066ca51e0
1.0,1.0,1.0,0.9094690861246287,2021.10.11.02.57.41_veh-50_01028_01289,1.0,1399bacf86c5f53f06668b959865e881c4cfaa589e8595c6d07c1d86c6587a06,planner_dev1696_allmask,0.9622787858852618,ok,1.0,a77bff075d7c5d85
1.0,1.0,1.0,0.8001185878617412,2021.10.11.02.57.41_veh-50_01028_01289,1.0,cf685234e745bff37215fcde1c0ef1dc9607a3720cd073719f7d6a5f95293353,planner_dev1696_allmask,0.9167160782757255,ok,1.0,abc9f2cbeaeb55f6
1.0,0.0,1.0,0.0,2021.10.11.02.57.41_veh-50_01028_01289,1.0,8ee8164700f1afe6e25f4fee28bb8ef14934b3533372b03fdd6f06a8c330dc3d,planner_dev1696_allmask,0.0,ok,1.0,abeedf530cf3573d
1.0,1.0,1.0,0.6283940280958891,2021.10.11.02.57.41_veh-50_01028_01289,1.0,0c4ae7ceb332808091d3283eb686e8cb5e6bf2273c87d95158d7c372b854fd79,planner_dev1696_allmask,0.8451641783732872,ok,1.0,ad75c0abe73d52c7
1.0,1.0,1.0,0.5730253047690179,2021.10.11.02.57.41_veh-50_01028_01289,1.0,b82850410ed1305f62f8778cba716ffe165e44b6d0ae185f507dbfc275d36c52,planner_dev1696_allmask,0.8220938769870908,ok,1.0,ae2807f88fea5904
1.0,1.0,1.0,0.6771540695372319,2021.10.11.02.57.41_veh-50_01028_01289,1.0,8caec465343eab1ce38c178b70e1cea45d88944f8f8cd3a9d025fc69cd12b7d7,planner_dev1696_allmask,0.86548086230718,ok,1.0,afcacc1536c75f9f
1.0,1.0,1.0,0.832034207463469,2021.10.11.02.57.41_veh-50_01028_01289,1.0,218c37d821db72fb7e8f106932f412df5c7d3265ab998819f520a47b26e1b989,planner_dev1696_allmask,0.9300142531097787,ok,1.0,b3c10c514af95e75
1.0,1.0,1.0,0.6618529723710536,2021.10.11.02.57.41_veh-50_01028_01289,1.0,f81a5c7e3dadd7c92b0ffd29b4ac6cf5c62e6059034c42ed503225b7d5e478ab,planner_dev1696_allmask,0.8591054051546058,ok,1.0,b3d05d10a7075767
1.0,1.0,1.0,0.8449133616378569,2021.10.11.02.57.41_veh-50_01028_01289,1.0,6e8ed64902909e28e58c279af75af88e85001a89bdeb8bae265bd18cbd5e99f3,planner_dev1696_allmask,0.935380567349107,ok,1.0,b57bd30f8dbd5371
1.0,1.0,1.0,0.6655776528255576,2021.10.11.02.57.41_veh-50_01028_01289,1.0,d6a0aa0e92090b7a47aefecc105a79be8f93b48d8768bdcdaf62b70d39283e26,planner_dev1696_allmask,0.8606573553439824,ok,1.0,bb83b26d840d56b6
1.0,1.0,1.0,0.6793645088111769,2021.10.11.02.57.41_veh-50_01028_01289,1.0,49f2355e764ddffcf7b74216477dcafdd703283a8400f53868d679c882fc508f,planner_dev1696_allmask,0.8664018786713238,ok,1.0,bef6605735245959
1.0,1.0,1.0,0.7444287275379101,2021.10.11.02.57.41_veh-50_01028_01289,1.0,2a296b6ef91c0e0b929453272b71b0798b23035c104095ae4cfc84c74c4a9af7,planner_dev1696_allmask,0.8935119698074625,ok,1.0,c47ae82409da5780
1.0,1.0,1.0,0.7416089615444916,2021.10.11.02.57.41_veh-50_01028_01289,1.0,97c857a1d964d50152351782305390fc1df648fba2959159182222c6437f112d,planner_dev1696_allmask,0.8923370673102049,ok,1.0,c781e2c428ee5b12
1.0,1.0,1.0,0.6178555437176535,2021.10.11.02.57.41_veh-50_01028_01289,1.0,a23536a2ff24536e78f2a157288792279d7cd154042ed58f5b1dda27fdd2b1d9,planner_dev1696_allmask,0.840773143215689,ok,1.0,c817fbce92d158c4
1.0,1.0,1.0,0.5889933794580421,2021.10.11.02.57.41_veh-50_01028_01289,1.0,2f1c80bbc1771e6cac200084ae1e02a802a4cfaca75db6f6ba9dce063b50ef20,planner_dev1696_allmask,0.8287472414408509,ok,1.0,d024230338045f83
1.0,1.0,1.0,0.5195018067045678,2021.10.11.02.57.41_veh-50_01028_01289,1.0,fe9ccf9851e0eab6cabe2abb332c47bc5b182b9ac744361ec68f64f20f0cb33c,planner_dev1696_allmask,0.7997924194602367,ok,1.0,d8c8e4dbeb2158b0
1.0,1.0,1.0,1.0,2021.10.11.02.57.41_veh-50_01028_01289,1.0,a8410232421bd728c9660b9bb19f8668eb0880151913e20af034567525fc901e,planner_dev1696_allmask,1.0,ok,1.0,dc5d48591a565e58
1.0,1.0,1.0,0.7255763852754323,2021.10.11.02.57.41_veh-50_01028_01289,1.0,20a6523c4f4fde9f5a282e4d394839ca58e48a668c0f17fd116f2a007dd5d947,planner_dev1696_allmask,0.8856568271980968,ok,1.0,e1a9b17e1fee5fe5
1.0,1.0,1.0,1.0,2021.10.11.02.57.41_veh-50_01028_01289,1.0,ee73b546c4854c61315544e0fe0ab56b9b6c41ea11543f2412db6435d27e792f,planner_dev1696_allmask,1.0,ok,1.0,e4c4b061d1845fd6
1.0,1.0,1.0,0.7129510932152059,2021.10.11.02.57.41_veh-50_01028_01289,1.0,0ac1805d239ca79bded8f52fb9a2247655dcefc03ddde698983b33926d14dc91,planner_dev1696_allmask,0.8803962888396691,ok,1.0,e70a9c0c51675ea1
1.0,1.0,1.0,1.0,2021.10.11.02.57.41_veh-50_01028_01289,1.0,eca60a790121585ba7b39b5253d8fd770e3bb2d88b00bce2d765dfc0c7453199,planner_dev1696_allmask,1.0,ok,1.0,ea43967ed8ad5dc0
1.0,1.0,1.0,0.8147074770774483,2021.10.11.02.57.41_veh-50_01028_01289,1.0,42a11c579d19e7f5a89b229817bea9744abf0e37560677c74fe22a1bd259d9cd,planner_dev1696_allmask,0.9227947821156034,ok,1.0,eb6e558901af58af
1.0,1.0,1.0,0.5374443841484272,2021.10.11.02.57.41_veh-50_01028_01289,1.0,0dbfeefa102308b7d108c90ade54e7dd9da29160d1367ffa2bebadb6b68f030e,planner_dev1696_allmask,0.807268493395178,ok,1.0,ebca7e0c22b65deb
1.0,1.0,1.0,0.6890168190756902,2021.10.11.02.57.41_veh-50_01028_01289,1.0,f48d2c5b5cdde4903f2cd23e2cb20a0d4ccc532f82d8b83a4c315e8b33588bc1,planner_dev1696_allmask,0.8704236746148709,ok,1.0,f295b9b2ee545520
1.0,1.0,1.0,0.9202917118329779,2021.10.11.02.57.41_veh-50_01028_01289,1.0,a2874e3b2e96e243a54d3d2d4e606f1bd787ab72a2324752767e59b699659d8c,planner_dev1696_allmask,0.9667882132637408,ok,1.0,f6e7cfd22eaa5a4f
1.0,1.0,1.0,0.6956570176849207,2021.10.11.02.57.41_veh-50_01028_01289,1.0,532f3021af64a9c989221617883bd5dca16743267738d58a81e3577113babbb6,planner_dev1696_allmask,0.8731904240353837,ok,1.0,f7d51773081653ac
1.0,1.0,1.0,0.6028635737871776,2021.10.11.02.57.41_veh-50_01028_01289,1.0,612ae966e372f4010275dcd45bc39085737e1f233c7e7cef6f506882775171ff,planner_dev1696_allmask,0.8345264890779905,ok,1.0,f83624d80fbf5b86
1.0,1.0,1.0,0.7619462552743382,2021.10.11.02.57.41_veh-50_02155_02265,1.0,2ebe70228972cad5a1500dd20ef8c5f9fd44554a7989f12e634f26b830f326a3,planner_dev1696_allmask,0.9008109396976409,ok,1.0,00b3f7e6cbfc5fa0
1.0,1.0,1.0,0.7106666005538693,2021.10.11.02.57.41_veh-50_02155_02265,1.0,8f3d37b0a127c00614742ee72f1be956042361e63be9768851550722b4dbae34,planner_dev1696_allmask,0.8794444168974455,ok,1.0,02be5e5257915894
1.0,1.0,1.0,0.7054074845355984,2021.10.11.02.57.41_veh-50_02155_02265,1.0,eb47e470271aaf5f381eaeb9262e79fa4d4d21c27db2febc2fecb3196d65f46b,planner_dev1696_allmask,0.8772531185564993,ok,1.0,03eb9463e1685d1f
1.0,1.0,1.0,0.7003033273130296,2021.10.11.02.57.41_veh-50_02155_02265,1.0,858ece07d27f811c549ab405dbc6bb6ffb15e380222ce130240327c818aa374e,planner_dev1696_allmask,0.8751263863804289,ok,1.0,0424e5fd9a5c5e60
1.0,1.0,1.0,0.7341899288114343,2021.10.11.02.57.41_veh-50_02155_02265,1.0,8fb09d06d6a4a5d9e0614ee118e91221bff36135c143b45cf3b7d50aa1d7e872,planner_dev1696_allmask,0.8892458036714309,ok,1.0,06cd8d997cfe5de6
1.0,1.0,1.0,0.7536405971229166,2021.10.11.02.57.41_veh-50_02155_02265,1.0,8358fb551fc7207c17611b327782617526269b2418704bccdf68aaa8bd77d797,planner_dev1696_allmask,0.8973502488012152,ok,1.0,0746ca94fdc85420
1.0,1.0,1.0,0.7843135189712667,2021.10.11.02.57.41_veh-50_02155_02265,1.0,220b439d4eecb077c119eaab67591947f9371c8f058275b0ff557bd72c6bb7ab,planner_dev1696_allmask,0.9101306329046945,ok,1.0,09d6aaf7636350e1
1.0,1.0,1.0,0.7332776931595348,2021.10.11.02.57.41_veh-50_02155_02265,1.0,98420c866bb51959e80f73a79f9eeb6b4548904bf748a820b1324530cf30764a,planner_dev1696_allmask,0.8888657054831395,ok,1.0,0dc2e306b4485579
1.0,1.0,1.0,0.6925999562454659,2021.10.11.02.57.41_veh-50_02155_02265,1.0,16771ebb1af0e3eaf804e6251d41d2c762974347225a46f4520d883a53154cd0,planner_dev1696_allmask,0.8719166484356108,ok,1.0,0ecbcba803ab54e0
1.0,1.0,1.0,0.617440888926791,2021.10.11.02.57.41_veh-50_02155_02265,1.0,fe6b3f1f3cfbdac64c31cd65521776bcce424ad6cd462a3d5d9cb150c1eb240f,planner_dev1696_allmask,0.8406003703861629,ok,1.0,102471e46a565fdf
1.0,1.0,1.0,0.7038705933723115,2021.10.11.02.57.41_veh-50_02155_02265,1.0,dc5d443fcd468a833e969394d3e5466fd6cf57d2f645a04b4aeeb7ed2c76a7d1,planner_dev1696_allmask,0.8766127472384632,ok,1.0,14489b09baaa54e5
1.0,1.0,1.0,0.8456881128870595,2021.10.11.02.57.41_veh-50_02155_02265,1.0,34c4f84a8403f1de68a3ade507bd04d651207070004e396ea2c608a12d5e2244,planner_dev1696_allmask,0.9357033803696081,ok,1.0,1543049980f15e78
1.0,1.0,1.0,0.7175738465259976,2021.10.11.02.57.41_veh-50_02155_02265,1.0,bc03b5658fa2bb5443469c708244f59250bc366db8a7fe41c104ac804291cdc0,planner_dev1696_allmask,0.8823224360524989,ok,1.0,154f87b0c0ca5624
1.0,1.0,1.0,0.8134137949999929,2021.10.11.02.57.41_veh-50_02155_02265,1.0,be00327a324c4f66f1e9e13d6abe6937e61389aba1b2016b3170fa877c3ecafc,planner_dev1696_allmask,0.9222557479166636,ok,1.0,17a899d822e75d16
1.0,1.0,1.0,0.6907958658536566,2021.10.11.02.57.41_veh-50_02155_02265,1.0,2d2ed12e6fef4a79ad4135e1b29d22e5af419f078c2baef6fff65cbb712b10d4,planner_dev1696_allmask,0.8711649441056902,ok,1.0,17bc4c6cc38959d0
1.0,1.0,1.0,0.6390370188848772,2021.10.11.02.57.41_veh-50_02155_02265,1.0,d9a0aff6a50a58532fab900daa15e3baf786c2232bd2876e020e5e24393ff9e4,planner_dev1696_allmask,0.8495987578686988,ok,1.0,180266e7ce035fca
1.0,1.0,1.0,0.6481130233666421,2021.10.11.02.57.41_veh-50_02155_02265,1.0,26c3b9ff0cfea4e028e6a6f40c720af244ff8f2fe95cc6992f0368b1a688d6d1,planner_dev1696_allmask,0.8533804264027675,ok,1.0,205ef6aa1e4f54f4
1.0,1.0,1.0,0.7614687519401979,2021.10.11.02.57.41_veh-50_02155_02265,1.0,e107980c3a63a144d10b730964ebd616f1a2cc8177860e594714af634ca52fb8,planner_dev1696_allmask,0.9006119799750825,ok,1.0,243375d424865825
1.0,1.0,1.0,0.7820385927199998,2021.10.11.02.57.41_veh-50_02155_02265,1.0,e275ae3166d57641edbed4393ba07395e892928a9d77ea16b91d2222b976e195,planner_dev1696_allmask,0.9091827469666666,ok,1.0,25e8140e88165353
1.0,1.0,1.0,0.6460311016741586,2021.10.11.02.57.41_veh-50_02155_02265,1.0,fd2b1bf03250adbb6f0cbf8961e7e4ad5229dbcffc66bb143a1b83fdfb6726a6,planner_dev1696_allmask,0.8525129590308994,ok,1.0,265d51badd8658b4
1.0,1.0,1.0,0.6690390726964589,2021.10.11.02.57.41_veh-50_02155_02265,1.0,ad12b2e5ca9349a38ccd6e4afbc7eef6ee2496ff74393241626e8d9c57800c8e,planner_dev1696_allmask,0.8620996136235245,ok,1.0,28d90079bec557cf
1.0,1.0,1.0,0.760871662097401,2021.10.11.02.57.41_veh-50_02155_02265,1.0,2ed91d2b22729ec3d84f8d774599caf8271771f5580e8032099a4ff86b1b8e36,planner_dev1696_allmask,0.9003631925405836,ok,1.0,2a4f7a1a42b759a7
1.0,1.0,1.0,0.7032025430684983,2021.10.11.02.57.41_veh-50_02155_02265,1.0,5223f90e49d5d7ca987af3613f46c45ddd624062f3019f178b8530afd19d1abe,planner_dev1696_allmask,0.8763343929452075,ok,1.0,2d4ac7e75090575c
1.0,1.0,1.0,0.7615491027555459,2021.10.11.02.57.41_veh-50_02155_02265,1.0,eb5ac8f1d2d9d652b814c9902d1c7fed11911cfd4ea7cd91e6c02dea5ac657a6,planner_dev1696_allmask,0.9006454594814773,ok,1.0,2f81ef9b7def5cfb
1.0,1.0,1.0,0.7591063543359626,2021.10.11.02.57.41_veh-50_02155_02265,1.0,c01f3bdea1a0569aed614c0a54e31ffb21b7a05b84dc27198112675d1b3ff983,planner_dev1696_allmask,0.8996276476399844,ok,1.0,329975be260c50b7
1.0,1.0,1.0,0.7005448534853237,2021.10.11.02.57.41_veh-50_02155_02265,1.0,601d84360e847cc28427ffd53ddda74c805df9f563feba2ca50cf6cb6e41158b,planner_dev1696_allmask,0.8752270222855515,ok,1.0,33365d03e762561c
1.0,0.0,1.0,0.0,2021.10.11.02.57.41_veh-50_02155_02265,1.0,63de1e20fb062e3531f8ff86600350639f8ec8c6a354eed4a61e6217088e9910,planner_dev1696_allmask,0.0,ok,1.0,35f9bb7297745ff8
1.0,1.0,1.0,0.6954945202191188,2021.10.11.02.57.41_veh-50_02155_02265,1.0,af13c31d4286d89e9461222c258c9f2a9a45072426086a0ecaee6c40a8b233e9,planner_dev1696_allmask,0.8731227167579663,ok,1.0,37b87186b6bd5777
1.0,1.0,1.0,0.6782581772832283,2021.10.11.02.57.41_veh-50_02155_02265,1.0,5ffe57b8fd2642d2aedc68f573f6ed03868cb3402341a0b2b0b1ea6c4c7d2261,planner_dev1696_allmask,0.8659409072013452,ok,1.0,3998d00b80c55db4
1.0,1.0,1.0,0.748646662782672,2021.10.11.02.57.41_veh-50_02155_02265,1.0,907cd900e2c0a2986a25b58dc12f6af975f6b308e4c0b4623c45982193c2d4a7,planner_dev1696_allmask,0.8952694428261134,ok,1.0,3a95ca3177bc57f0
1.0,1.0,1.0,0.6047275281220884,2021.10.11.02.57.41_veh-50_02155_02265,1.0,5a5a02ceb91668177b97cb89121e134667f3a88420ccf79c35cc93a92f88de52,planner_dev1696_allmask,0.8353031367175369,ok,1.0,3f89da0001805a55
1.0,1.0,1.0,0.6820589382947684,2021.10.11.02.57.41_veh-50_02155_02265,1.0,f40c2fe577d7a180ffdd12712fc4e91c1bb2cdb9d6dd19f3be773c6b294fdc40,planner_dev1696_allmask,0.8675245576228202,ok,1.0,3ff65804fed251f6
1.0,1.0,1.0,1.0,2021.10.11.02.57.41_veh-50_02155_02265,1.0,21d32ad38c216e845f9a291995ea5cff6294b4a0f954957245fe498517ac3e9a,planner_dev1696_allmask,1.0,ok,1.0,400ad97140e45645
1.0,1.0,1.0,0.7737463385808951,2021.10.11.02.57.41_veh-50_02155_02265,1.0,968405b19ef9cc65a0faeabe77209df8670698e3ba7477dbc2570dcbf7662957,planner_dev1696_allmask,0.905727641075373,ok,1.0,4209beddef055db5
1.0,1.0,1.0,0.7517801454966037,2021.10.11.02.57.41_veh-50_02155_02265,1.0,3ae60be2269cba712bbb1e7446d123d9d1024d31100f10bb0c93ae471c053c49,planner_dev1696_allmask,0.8965750606235848,ok,1.0,4447336863e85fee
1.0,1.0,1.0,0.6901547586072118,2021.10.11.02.57.41_veh-50_02155_02265,1.0,401e47d89181de01c56bbafec98c55686a6b15844c2c67db08795267b1aa58f3,planner_dev1696_allmask,0.8708978160863383,ok,1.0,45141a99f80a5ca4
1.0,1.0,1.0,0.6798761922111679,2021.10.11.02.57.41_veh-50_02155_02265,1.0,55f42091d99b107f8224165ec11072ac59907b13d0c12e87f41148108092d516,planner_dev1696_allmask,0.8666150800879867,ok,1.0,4b8081ab8642513d
1.0,1.0,1.0,0.6242401497024861,2021.10.11.02.57.41_veh-50_02155_02265,1.0,d00f07b4e7b1c9b2ccbc9ae67ed6a491026d464297c410e2381e8cb4e1acbfcb,planner_dev1696_allmask,0.8434333957093693,ok,1.0,4d492375c1705fc3
1.0,1.0,1.0,0.6927413552684754,2021.10.11.02.57.41_veh-50_02155_02265,1.0,bf4e1b99b75af7cc8869112d4415df66c6dfc4c44e255386cecb257276e0b742,planner_dev1696_allmask,0.8719755646951981,ok,1.0,4d4d6e694a7f5712
1.0,1.0,1.0,0.6732526806586541,2021.10.11.02.57.41_veh-50_02155_02265,1.0,48dc123d9eb47557ccdcf97c3afb4600bac76a30b99314880f8cd5b6f6537e98,planner_dev1696_allmask,0.8638552836077725,ok,1.0,52c34d4f01925f11
1.0,1.0,1.0,0.7357398483100331,2021.10.11.02.57.41_veh-50_02155_02265,1.0,a3f4ad04181feb2c60584d6cbdb13147e16802bdcbc1fa7522ae501fd374eaec,planner_dev1696_allmask,0.8898916034625138,ok,1.0,551a93bd32f95ef1
1.0,1.0,1.0,0.7065635641650427,2021.10.11.02.57.41_veh-50_02155_02265,1.0,2e68fa0d874da75be041f721569dc8d51092266c4d97a8347870d6d96f85dc73,planner_dev1696_allmask,0.8777348184021011,ok,1.0,559a7a5262b355c3
1.0,1.0,1.0,0.5518259090621427,2021.10.11.02.57.41_veh-50_02155_02265,1.0,cbed73cff73ad9b9b44bcfef383852ee867b4ef43c21c921f1d9895e793e6f3a,planner_dev1696_allmask,0.8132607954425595,ok,1.0,57f67c6a726a5dd2
1.0,1.0,1.0,0.7570997534957876,2021.10.11.02.57.41_veh-50_02155_02265,1.0,08f1c5481d29f669c82550a1d44a789e50be57de1831f1f08785db20453f99ba,planner_dev1696_allmask,0.8987915639565781,ok,1.0,58bfaccfd1865d81
1.0,1.0,1.0,0.7679145312121838,2021.10.11.02.57.41_veh-50_02155_02265,1.0,8f53790873f3b7ca42dae426a20ce425b5a7e1d1a5d590a7ca7133a0dcdedf58,planner_dev1696_allmask,0.90329772133841,ok,1.0,5bf6deabdf1355a1
1.0,1.0,1.0,0.7126747878210249,2021.10.11.02.57.41_veh-50_02155_02265,1.0,7e927966271257ea07ff1a32a9b309aa1f42142dfa2513659226ee08bcaf7546,planner_dev1696_allmask,0.8802811615920937,ok,1.0,6bd9815c03125877
1.0,1.0,1.0,0.6876595216317052,2021.10.11.02.57.41_veh-50_02155_02265,1.0,184c407d485213df04714cdff7d9c28a5d9684ee0574787edf04289caf026df7,planner_dev1696_allmask,0.8698581340132104,ok,1.0,6c00f7eb11a35083
1.0,1.0,1.0,0.5634813571231753,2021.10.11.02.57.41_veh-50_02155_02265,1.0,70b4f07e3febcadb1974f41902fbeac18f66c1727ac6561fb72a59b905b6b0ff,planner_dev1696_allmask,0.8181172321346564,ok,1.0,6ce1ef9b8d515884
1.0,1.0,1.0,0.7541445963184292,2021.10.11.02.57.41_veh-50_02155_02265,1.0,34106541697bf5c2ad33c44bb6df14b54fd712c98d5361bd836aacbe61d3e56b,planner_dev1696_allmask,0.8975602484660122,ok,1.0,73fc68b82f045907
1.0,1.0,1.0,0.7365260120256077,2021.10.11.02.57.41_veh-50_02155_02265,1.0,a45f942fdcdcb0c013dd70bf73a5bd7b264bee9d21b6737fcab466dda012e0c0,planner_dev1696_allmask,0.8902191716773366,ok,1.0,75c6224df9b25b6d
1.0,1.0,1.0,0.7372052822235403,2021.10.11.02.57.41_veh-50_02155_02265,1.0,f69ad7ff803d859197081c563277526265040de051c4344bba2802e7565c06da,planner_dev1696_allmask,0.8905022009264751,ok,1.0,7768af5461fb5dab
1.0,1.0,1.0,0.7573129825189623,2021.10.11.02.57.41_veh-50_02155_02265,1.0,20beac93c92f1e9e16f744f8ccdf0d5737d7d6e34d4fb538d9c03244090f0941,planner_dev1696_allmask,0.898880409382901,ok,1.0,790e1bf672715bf1
1.0,1.0,1.0,0.7233121938820211,2021.10.11.02.57.41_veh-50_02155_02265,1.0,2d3379eb202d5d7b3426f3ec15e070585b241f4ef183405525f3f924e50f8485,planner_dev1696_allmask,0.8847134141175088,ok,1.0,790f41b0bd3f51ea
1.0,1.0,1.0,0.6593916286005458,2021.10.11.02.57.41_veh-50_02155_02265,1.0,4a23a74090f3802e6469737db636838529f8f32822ca819c9a6260e9a6d04ccb,planner_dev1696_allmask,0.8580798452502275,ok,1.0,7c1389a3e4a55975
1.0,0.0,1.0,0.0,2021.10.11.02.57.41_veh-50_02155_02265,1.0,d5f1f335d514154f64f8e6379b93e7131241d512fa64d43084d55e566e03383b,planner_dev1696_allmask,0.0,ok,1.0,7f8f1f6b90575d91
1.0,1.0,1.0,0.5767944682303848,2021.10.11.02.57.41_veh-50_02155_02265,1.0,527565f02cb759952203091d20efdaa6a270a54b4702954afdf75099415e6f8a,planner_dev1696_allmask,0.8236643617626603,ok,1.0,8002902e2efe5c94
1.0,1.0,1.0,0.6274372113084175,2021.10.11.02.57.41_veh-50_02155_02265,1.0,ae1678cfb348aff63bba9c4a2620c14c31ebbf3d0068d3835088cdec5f38b2d6,planner_dev1696_allmask,0.8447655047118406,ok,1.0,807c9c96f42c597d
1.0,1.0,1.0,0.7187569714751616,2021.10.11.02.57.41_veh-50_02155_02265,1.0,273c028aef083a95c0566e7d41d4b00c48d6fa08a10045334fd4e66c3ea535a0,planner_dev1696_allmask,0.8828154047813174,ok,1.0,83cbc1063ce1591d
1.0,1.0,1.0,0.686800656738677,2021.10.11.02.57.41_veh-50_02155_02265,1.0,24de018f96c22f1f9dc85468ff8658e69feab66038facf259e8cb80fac4fbb67,planner_dev1696_allmask,0.8695002736411155,ok,1.0,83dc2afeb98950a4
1.0,1.0,1.0,0.7006861405902254,2021.10.11.02.57.41_veh-50_02155_02265,1.0,7417933be5534b6cc08f478573a94c5a6424c7e082da0be18f994737f88a32ce,planner_dev1696_allmask,0.8752858919125939,ok,1.0,86a9ef645f195f81
1.0,1.0,1.0,0.7388574079414422,2021.10.11.02.57.41_veh-50_02155_02265,1.0,c522c19804ba32436c5571ae9199e9d44cc459cc8cfe194ad261a21fbf3c5cb9,planner_dev1696_allmask,0.8911905866422676,ok,1.0,8708f5ee85ca50b1
1.0,1.0,1.0,0.5999933672255756,2021.10.11.02.57.41_veh-50_02155_02265,1.0,6648263dda8f6e37d5ac4792d8003d6dd3bb86aabc66d01940cd728951a1c9bf,planner_dev1696_allmask,0.8333305696773232,ok,1.0,8e5a6cdce75d50dd
1.0,1.0,1.0,0.5330773638720645,2021.10.11.02.57.41_veh-50_02155_02265,1.0,5f7586425ec172ae076ab05106d16e0a1fbcd644fb36e2d8b86b4f513548544b,planner_dev1696_allmask,0.8054489016133601,ok,1.0,92f1b2f9782b5ab2
1.0,1.0,1.0,0.6977438914753462,2021.10.11.02.57.41_veh-50_02155_02265,1.0,6c016c02104e35ac5c8965be89f3fb280e985679c21e824e2a39c55f06ef17db,planner_dev1696_allmask,0.8740599547813943,ok,1.0,9608c9c656695dd6
1.0,1.0,1.0,0.7900164460260318,2021.10.11.02.57.41_veh-50_02155_02265,1.0,64402fee4707455a1d4fadbcd2bed8f366aebcf582ee73e3b5ef9e149e1507d4,planner_dev1696_allmask,0.9125068525108465,ok,1.0,994cdcf16f475b72
1.0,1.0,1.0,0.774120900767651,2021.10.11.02.57.41_veh-50_02155_02265,1.0,160d47017210b509d60ef6a0d8b6c126b735786262fdc72d69c03cb3db5adf94,planner_dev1696_allmask,0.9058837086531879,ok,1.0,9a5fc2035a655005
1.0,1.0,1.0,0.6862669064333713,2021.10.11.02.57.41_veh-50_02155_02265,1.0,2e08a555dd85c62c9bc7527007c1eabcd51aef549543f7081a5a581124e79275,planner_dev1696_allmask,0.8692778776805713,ok,1.0,9aeb31473be659b4
1.0,1.0,1.0,0.7326042710621173,2021.10.11.02.57.41_veh-50_02155_02265,1.0,1d371077965a9de6c3b92a2a6adf4f0f93afa3c68c8748eba05dfe7deafb495c,planner_dev1696_allmask,0.8885851129425489,ok,1.0,9be9272eca74587d
1.0,1.0,1.0,0.6730055192330633,2021.10.11.02.57.41_veh-50_02155_02265,1.0,5bcc84e0b2846b9a692d8b71f74c0e2e31cc0609a07313c318390e4b0dc49662,planner_dev1696_allmask,0.863752299680443,ok,1.0,a0757b8313a15615
1.0,1.0,1.0,0.6673006263980665,2021.10.11.02.57.41_veh-50_02155_02265,1.0,ebbe1c2cd21967bba8825a17da0ed45dc8403b79791b384cb739a6a718bc3872,planner_dev1696_allmask,0.8613752609991945,ok,1.0,a1e1af9908e45556
1.0,1.0,1.0,0.7707126664137008,2021.10.11.02.57.41_veh-50_02155_02265,1.0,22b1f33cd2dcfd1d709a8582bb47733e03680190ece643fc6065dfc222dd6490,planner_dev1696_allmask,0.9044636110057086,ok,1.0,a47149d13d5a5b74
1.0,1.0,1.0,0.6458982005636147,2021.10.11.02.57.41_veh-50_02155_02265,1.0,15ca53e47837ae3b7cf48e600e7f4e250581e610ecd9d5157310b4bfdeff90d7,planner_dev1696_allmask,0.8524575835681727,ok,1.0,a60f2627cee15fd4
1.0,1.0,1.0,0.5757470923340329,2021.10.11.02.57.41_veh-50_02155_02265,1.0,e9b2cd822b8182d4b47af835fddffb4d1fe43852d9d4d5d57c494cb045692195,planner_dev1696_allmask,0.8232279551391803,ok,1.0,a614f0e213bc5b3c
1.0,1.0,1.0,0.7655094679719884,2021.10.11.02.57.41_veh-50_02155_02265,1.0,67b0b56f98a5ac4600f1e97263799de0294e7f6fec2f54acce41a802522ddddb,planner_dev1696_allmask,0.9022956116549952,ok,1.0,a99fef2dc48459b8
1.0,1.0,1.0,0.7309280406584175,2021.10.11.02.57.41_veh-50_02155_02265,1.0,a65453eea8c636428984e2a66670747d652c00c359a681f756440282ce4a304f,planner_dev1696_allmask,0.887886683607674,ok,1.0,aa8326c244e85a40
1.0,1.0,1.0,0.6980907913650578,2021.10.11.02.57.41_veh-50_02155_02265,1.0,151d5ade3a32bae2542881d426e38b07fd6555759a98790e558d871c0f8f9312,planner_dev1696_allmask,0.8742044964021073,ok,1.0,ab53984253715cdd
1.0,1.0,1.0,0.6930850544697751,2021.10.11.02.57.41_veh-50_02155_02265,1.0,180dcdcd974f23d9fb414604460234c437adb17ddd4ffe1c24ed1232b1335033,planner_dev1696_allmask,0.8721187726957397,ok,1.0,ae1ce6b276645fd1
1.0,1.0,1.0,0.7488112649505266,2021.10.11.02.57.41_veh-50_02155_02265,1.0,a4a2cf7824f2e72eeadaf217216784aeea076931aeee0d1b5c99916ba54aa7be,planner_dev1696_allmask,0.8953380270627195,ok,1.0,af5340a6db3a56dc
1.0,1.0,1.0,0.7014786908815176,2021.10.11.02.57.41_veh-50_02155_02265,1.0,8cee9b6077ab03e86717bc8bbe9f783199bee143f981f78aebdeb59c9c8440fb,planner_dev1696_allmask,0.8756161212006323,ok,1.0,b042f8b582f453d8
1.0,1.0,1.0,0.7493310141568842,2021.10.11.02.57.41_veh-50_02155_02265,1.0,40ff39a9f96f6903a21c09f584a250cdcc7cab33937a870d242ccd03d70697d2,planner_dev1696_allmask,0.895554589232035,ok,1.0,b0ab79add8315a10
1.0,1.0,1.0,0.70997555422362,2021.10.11.02.57.41_veh-50_02155_02265,1.0,0f1a706808233ac7a215a1db20e74f38bb06a01ac180463fe11248a3c1ba70c9,planner_dev1696_allmask,0.8791564809265083,ok,1.0,b2b97b044f3d52f5
1.0,1.0,1.0,0.844979664615766,2021.10.11.02.57.41_veh-50_02155_02265,1.0,a62db91f4ca099876db85311ff84598bfbfe2bc69dbc2e6949ea0ee72d5b2c22,planner_dev1696_allmask,0.9354081935899025,ok,1.0,b434729c2a2154c3
1.0,1.0,1.0,0.7587169340644256,2021.10.11.02.57.41_veh-50_02155_02265,1.0,67ab603e7e954c3dc14252509b04ca1e10a55cfeb24b15ff5c406e5570be337d,planner_dev1696_allmask,0.8994653891935106,ok,1.0,b63e45593b79588a
1.0,1.0,1.0,0.6541346608884799,2021.10.11.02.57.41_veh-50_02155_02265,1.0,faa7d3b4d54de422a01888c7ea1c45d2208d25186d21d594cd62f00fff077838,planner_dev1696_allmask,0.8558894420368667,ok,1.0,b92d3260427a573d
1.0,1.0,1.0,0.7493226305379247,2021.10.11.02.57.41_veh-50_02155_02265,1.0,70f9dccfd4bbf593984f5f378c4227d8fc6f91eb113c7bd32291f3a2e255e0e7,planner_dev1696_allmask,0.8955510960574685,ok,1.0,b94a09f5d1b550ea
1.0,1.0,1.0,0.7912788002606758,2021.10.11.02.57.41_veh-50_02155_02265,1.0,37b651eafdd57116ebf849e4aa631780c36decd22145daa3ab88acf7d9085c7c,planner_dev1696_allmask,0.9130328334419482,ok,1.0,baf2dbf6552f5de4
1.0,1.0,1.0,0.7052231920403357,2021.10.11.02.57.41_veh-50_02155_02265,1.0,80be02f6cb9e8dcd7b047e0a4ff45ffbac121aa239a55412872ad8f55d705a34,planner_dev1696_allmask,0.8771763300168066,ok,1.0,bbf94133c5e75ca5
1.0,1.0,1.0,0.7480800129014511,2021.10.11.02.57.41_veh-50_02155_02265,1.0,4bf64b6367bbe776530bbcb1700bc43ca22fab0e6fd85cf5de03013f97483e32,planner_dev1696_allmask,0.895033338708938,ok,1.0,c13bf60d0e065292
1.0,1.0,1.0,0.6572895547805946,2021.10.11.02.57.41_veh-50_02155_02265,1.0,ca6de1dff2810cca7242190eb9dac85dea07169e216f6ee61e942ba363b31fdd,planner_dev1696_allmask,0.8572039811585811,ok,1.0,cc8b959e3fcb5079
1.0,1.0,1.0,0.7726285961728283,2021.10.11.02.57.41_veh-50_02155_02265,1.0,ee45d634ae01e7b9a05fc734cff95f880fedbdc09ace6e0e501e4fe38ef133fd,planner_dev1696_allmask,0.9052619150720118,ok,1.0,ccace872c29a5f29
1.0,1.0,1.0,0.6267390597418904,2021.10.11.02.57.41_veh-50_02155_02265,1.0,231dba5306860041a3f7c32122d731a5a4e1d1c6cf0e66d76c00f1ec61b672b1,planner_dev1696_allmask,0.8444746082257876,ok,1.0,cdbb81fdded65262
1.0,1.0,1.0,0.6494908649117945,2021.10.11.02.57.41_veh-50_02155_02265,1.0,9b5325196295c0d4a109a6224bbb126125c9023e98766d5796947127479f6ea3,planner_dev1696_allmask,0.853954527046581,ok,1.0,ce2ce7fb20ef570c
1.0,1.0,1.0,0.7438729954571812,2021.10.11.02.57.41_veh-50_02155_02265,1.0,435465adda19d7ce379683fe59c98fa6f34f3b152ed0cbb7a3ac04bd2881ea48,planner_dev1696_allmask,0.8932804147738255,ok,1.0,d06c2bb897f05b5c
1.0,1.0,1.0,0.7202992187955538,2021.10.11.02.57.41_veh-50_02155_02265,1.0,a765f7322914a07e2a5a238c55e3ff77e013515bab8e392eec879aa85bab2ef2,planner_dev1696_allmask,0.8834580078314808,ok,1.0,d2b44693e1fe5019
1.0,1.0,1.0,0.7236675333737176,2021.10.11.02.57.41_veh-50_02155_02265,1.0,46f653be8ef3b9f3a27b8ee06e2f6b12de18b24c93332196e3992b8e0d4bb9b0,planner_dev1696_allmask,0.884861472239049,ok,1.0,d3229ec0bd73520c
1.0,1.0,1.0,0.6499735565295149,2021.10.11.02.57.41_veh-50_02155_02265,1.0,b88c6fa4cab7ea410e9823ad9a65e1da942245af0759a2f9b7a8717d350dc4c4,planner_dev1696_allmask,0.8541556485539646,ok,1.0,d728b2624f4055ea
1.0,1.0,1.0,0.6999464341243019,2021.10.11.02.57.41_veh-50_02155_02265,1.0,3c72be8c6d059908d512cf76b3f14e2324960a9687e584d16621dc7c6253ca7e,planner_dev1696_allmask,0.8749776808851258,ok,1.0,d8e282ed6cff5dac
1.0,1.0,1.0,0.6593629605185121,2021.10.11.02.57.41_veh-50_02155_02265,1.0,240e649196be6a85aa33aab23ead1a2f9472cca20d1b22b5ae1f6b7f984b21a0,planner_dev1696_allmask,0.8580679002160467,ok,1.0,da378bcae7675636
1.0,1.0,1.0,0.6947104344504409,2021.10.11.02.57.41_veh-50_02155_02265,1.0,f988d4680326e6237d8333c0917b0212523754647b9527c869cd7c7b04375a33,planner_dev1696_allmask,0.8727960143543504,ok,1.0,dc7ec70fa4d050be
1.0,1.0,1.0,0.7526434262531313,2021.10.11.02.57.41_veh-50_02155_02265,1.0,159107617e3f76aa19fbf73290489c8ce626e543eb691b1c34ddaf010bf9e0c0,planner_dev1696_allmask,0.8969347609388048,ok,1.0,de72514102555fab
1.0,1.0,1.0,0.7653201332780061,2021.10.11.02.57.41_veh-50_02155_02265,1.0,e9e475716084e01d06988b5d94e3c95b7eeb1c3b16c5c037d16d0c951032c852,planner_dev1696_allmask,0.9022167221991692,ok,1.0,dee420665f2d5ee5
1.0,1.0,1.0,0.6156405918288722,2021.10.11.02.57.41_veh-50_02155_02265,1.0,56f78a3c59757808f6c9b3f0789d14e7dbf4777e82cd9af80b24fa0f3c318f0a,planner_dev1696_allmask,0.8398502465953634,ok,1.0,e2898986047c5b29
1.0,1.0,1.0,0.7063191758492103,2021.10.11.02.57.41_veh-50_02155_02265,1.0,a7e79fd932ef7ef8cfaacf9513af3b82368e5a0268acdc40137fc6904d064e86,planner_dev1696_allmask,0.877632989937171,ok,1.0,e2f005a68443572a
1.0,1.0,1.0,0.7218559821933613,2021.10.11.02.57.41_veh-50_02155_02265,1.0,01aef45baea63539748a87ee35cc401b21bb3ef68b10c2595ab3066049014f35,planner_dev1696_allmask,0.8841066592472339,ok,1.0,e69baaae152259ad
1.0,1.0,1.0,0.7053634652130057,2021.10.11.02.57.41_veh-50_02155_02265,1.0,88d1b690e9b6d505d815653337191d4d52faa008f93944f305866167d45fbbc2,planner_dev1696_allmask,0.8772347771720858,ok,1.0,e6fa8db6e41a5139
1.0,1.0,1.0,0.7774134210297973,2021.10.11.02.57.41_veh-50_02155_02265,1.0,96c09fc399d2a451b9b3323e5a3af175615a96d96c14fbf0b8092ca1649ae9e5,planner_dev1696_allmask,0.9072555920957489,ok,1.0,e8289b430daa5695
1.0,1.0,1.0,0.6943967509060456,2021.10.11.02.57.41_veh-50_02155_02265,1.0,86d9e700dde8318822c8a85a096f0523bca4d6cb1789306b02b8c860eeddff25,planner_dev1696_allmask,0.872665312877519,ok,1.0,ebe11a6789745477
1.0,1.0,1.0,0.595078937891813,2021.10.11.02.57.41_veh-50_02155_02265,1.0,6c5a7fdc33f14f8a1a099c9740806a5aafc92495df427f56c2e19bc19c8ed49b,planner_dev1696_allmask,0.8312828907882555,ok,1.0,ecd1986832c7521a
1.0,1.0,1.0,0.5877254446318254,2021.10.11.02.57.41_veh-50_02155_02265,1.0,5a0ebc11be610fefb294f8d51d0a6c6a50916b16a3ffb24b2f0b7b1acee75a30,planner_dev1696_allmask,0.8282189352632606,ok,1.0,f09b140e2fc05b0a
1.0,1.0,1.0,0.7532837830668295,2021.10.11.02.57.41_veh-50_02155_02265,1.0,0a3b00810f3c31730f2bec92c8da2524242cd49f778bd8b986a5fa7d1de1813a,planner_dev1696_allmask,0.8972015762778457,ok,1.0,f46d7a713a035a80
1.0,1.0,1.0,0.7142016219936259,2021.10.11.02.57.41_veh-50_02155_02265,1.0,b28ffddffa1bf9f72a44c06d3d9d9b4c85b8ac01922ba017f0429f3f7af96a59,planner_dev1696_allmask,0.8809173424973441,ok,1.0,f93dafb45c965ab2
1.0,1.0,1.0,0.5655006032351931,2021.10.11.02.57.41_veh-50_02155_02265,1.0,eac0ec5c17bedf11938b5de515173a9c5168c09fa92d099db54da4cfaa6a2088,planner_dev1696_allmask,0.8189585846813304,ok,1.0,fb2dd85945315007
1.0,1.0,1.0,0.7607248766633505,2021.10.11.02.57.41_veh-50_02155_02265,1.0,5b3cd38de7a3c55aad7feb3f29cb67f3bdcc2f373387a7bc3e0ab82848b46bd8,planner_dev1696_allmask,0.9003020319430627,ok,1.0,fb50a35ed72b5a18
1.0,1.0,1.0,0.7781698982059452,2021.10.11.02.57.41_veh-50_02155_02265,1.0,962eae8ac6967d8542ea29ee768d47ba969925ae5477d63e8b686bb63a3ff3dd,planner_dev1696_allmask,0.9075707909191438,ok,1.0,fbb2aa2813125b32
1.0,1.0,1.0,0.6643913238248649,2021.10.11.02.57.41_veh-50_02155_02265,1.0,97e9c5c85776fb11d037b84b91db4283b98f8f0c377269d442dc736f6d3c72a3,planner_dev1696_allmask,0.8601630515936938,ok,1.0,fbde637d36f557c2
1.0,1.0,1.0,0.55445000620164,2021.10.11.02.57.41_veh-50_02155_02265,1.0,ccf008d633c1f88633aed2fc33c8fdd17d1ec90f6ba654140174b47aa1c7e64f,planner_dev1696_allmask,0.8143541692506834,ok,1.0,fdfec9ef7201528e
1.0,1.0,1.0,0.7456683730497828,2021.10.11.02.57.41_veh-50_02155_02265,1.0,13a1fd5253a8609a43bd9a7a3ff81abc0745b9785316f8073ad88c5b8ea0715d,planner_dev1696_allmask,0.8940284887707429,ok,1.0,ff31fde84ea55ab8
1.0,1.0,1.0,0.7657569615482632,2021.08.31.14.01.15_veh-40_01576_01714,1.0,af10fd75a832b05a2ee7c8eea7fbcd3d3ea9fbc495bda53d622cb6ab3f8bd4c4,planner_dev1696_allmask,0.9023987339784431,ok,1.0,00839bb43eed5f3e
1.0,1.0,1.0,0.6873503938548623,2021.08.31.14.01.15_veh-40_01576_01714,1.0,4c300939b587fd7122eb073306c186a7d31d0bf94ae939f29f52c844e0689951,planner_dev1696_allmask,0.8697293307728593,ok,1.0,0244b29e92175c74
1.0,1.0,1.0,0.7644936009884948,2021.08.31.14.01.15_veh-40_01576_01714,1.0,6e31b3dcd6c9f20b28e46257e4d5417587b6c1f934dc87443af8de6fb995fcf3,planner_dev1696_allmask,0.9018723337452061,ok,1.0,12af90c2b8b6512e
1.0,1.0,1.0,1.0,2021.08.31.14.01.15_veh-40_01576_01714,1.0,574f6e16371506ce32252fa9224409c067aafbf2595b268a094838228cd8f923,planner_dev1696_allmask,1.0,ok,1.0,1c59013d80ab5ac4
1.0,1.0,1.0,0.9432382059592394,2021.08.31.14.01.15_veh-40_01576_01714,1.0,aa1eaf69e12d9199279995b1cf57e6efb602b7415e939eee35985b321d916ac1,planner_dev1696_allmask,0.9763492524830163,ok,1.0,219dd3cdd7fd594b
1.0,1.0,1.0,0.8148507304119371,2021.08.31.14.01.15_veh-40_01576_01714,1.0,79d084215bc52be8b412f9abf11abbad9862dabd28e669b11c5dff3f97a01ee5,planner_dev1696_allmask,0.9228544710049738,ok,1.0,28b2841dfc80526b
1.0,1.0,1.0,0.8399871888390544,2021.08.31.14.01.15_veh-40_01576_01714,1.0,3da778e67c74305fe731205eee92e9299d6982eabc8e7732cc8336bfba5eaeb4,planner_dev1696_allmask,0.933327995349606,ok,1.0,2ae099469caa5693
1.0,1.0,1.0,0.8181170816765352,2021.08.31.14.01.15_veh-40_01576_01714,1.0,269f64b3dea6893a1400742cb05f7d77b1a0de9a61e879fc270534216a93793b,planner_dev1696_allmask,0.9242154506985564,ok,1.0,2deba0b0afad5472
1.0,1.0,1.0,0.8062578983207084,2021.08.31.14.01.15_veh-40_01576_01714,1.0,82a49db44f458ddb92c266728d96884f442f1899cbf34fce3664d2b26c68d4a0,planner_dev1696_allmask,0.9192741243002951,ok,1.0,5007e9f5013b5580
1.0,1.0,1.0,1.0,2021.08.31.14.01.15_veh-40_01576_01714,1.0,b4f95ba60db0ef833af3376b970a8c1f75c5516eab7dd3e0fd914083f7b590e5,planner_dev1696_allmask,1.0,ok,1.0,57ee8b6bcf335177
1.0,1.0,1.0,0.9324313112508944,2021.08.31.14.01.15_veh-40_01576_01714,1.0,87f274db5bb741efb15a08cb8a8ccd0a4e8991ddfa2b4450fd45b7e50143f37f,planner_dev1696_allmask,0.9718463796878728,ok,1.0,5b03bd8400375f7e
1.0,1.0,1.0,0.8974438244731177,2021.08.31.14.01.15_veh-40_01576_01714,1.0,107bae57b674dfeaa5127757e8d4f73a73c1904ec55e304c4d7cec55a8d4b194,planner_dev1696_allmask,0.9572682601971323,ok,1.0,5c62daecead15772
1.0,1.0,1.0,0.7926055555850442,2021.08.31.14.01.15_veh-40_01576_01714,1.0,7ba4642f780af7d2e2ad1b101bb7c5f25d526537bdc7dade21f5f169e8e4448f,planner_dev1696_allmask,0.9135856481604351,ok,1.0,5d5971cc468954e3
1.0,1.0,1.0,0.8132634549666589,2021.08.31.14.01.15_veh-40_01576_01714,1.0,043e4d2882f45f37c096f62573ac3daa4b1cf1b3edcf94d37ebd402a7bbd1e1a,planner_dev1696_allmask,0.922193106236108,ok,1.0,66d20874271b558f
1.0,1.0,1.0,1.0,2021.08.31.14.01.15_veh-40_01576_01714,1.0,9ae6397e762499bde2463a5fb01c9960eea0903b598a209a971e7f5105e4cc7f,planner_dev1696_allmask,1.0,ok,1.0,7020151396535655
1.0,1.0,1.0,1.0,2021.08.31.14.01.15_veh-40_01576_01714,1.0,05727066ff2f7883dd012af6913b654baf9c9dc50e155fb68a8b35fd23db06ee,planner_dev1696_allmask,1.0,ok,1.0,7372d89535355cb2
1.0,1.0,1.0,0.9587940449777831,2021.08.31.14.01.15_veh-40_01576_01714,1.0,1a565d75a74ef7e6214b1d0374ee2d4a0c6432d22570b06e16b7dcd5363ef0ce,planner_dev1696_allmask,0.9828308520740764,ok,1.0,7d045ced792f563a
1.0,1.0,1.0,0.9247321426043595,2021.08.31.14.01.15_veh-40_01576_01714,1.0,0c2ee9895ce772c7e7615a2ef76a6c6e1b3fa6200508855695e0900a4acfff00,planner_dev1696_allmask,0.9686383927518164,ok,1.0,7e1afa248931544e
1.0,1.0,1.0,1.0,2021.08.31.14.01.15_veh-40_01576_01714,1.0,d170e03a0374aba1bde20193bb229c245cd3011f00ef4554f223b3f9d29ee9bc,planner_dev1696_allmask,1.0,ok,1.0,872380f71a9f5c73
1.0,1.0,1.0,0.8282623921205906,2021.08.31.14.01.15_veh-40_01576_01714,1.0,3c084b09ef21fd5cbb21212f9ee75b72ef594fab76ee222abe1691c695279495,planner_dev1696_allmask,0.9284426633835793,ok,1.0,8935f0d3af6b51fd
1.0,1.0,1.0,0.9150082423108244,2021.08.31.14.01.15_veh-40_01576_01714,1.0,d9a93ceeef8a1d4530eab8b0e7f0ce644465b4499ec1acb1021bba52315ea2e2,planner_dev1696_allmask,0.9645867676295102,ok,1.0,8a9a5ab59dcd51d7
1.0,1.0,1.0,1.0,2021.08.31.14.01.15_veh-40_01576_01714,1.0,a99e4507e19f7d922b8129280d07f409ebbd5935d2c62afae70d3ab970558ca8,planner_dev1696_allmask,1.0,ok,1.0,90f98ca1978a5457
1.0,1.0,1.0,0.5667772492649251,2021.08.31.14.01.15_veh-40_01576_01714,1.0,04d654c3efedc61b4244084512250636f40a06611b93fdb0199030676eac4b6b,planner_dev1696_allmask,0.8194905205270522,ok,1.0,9bbdf96591265339
1.0,1.0,1.0,1.0,2021.08.31.14.01.15_veh-40_01576_01714,1.0,a89fbdff48a8b387dc8425eb380da4574d0e85811e9f5b89ae1e649790567c01,planner_dev1696_allmask,1.0,ok,1.0,a661c633fa3e5a59
1.0,1.0,1.0,0.8431922318099611,2021.08.31.14.01.15_veh-40_01576_01714,1.0,d6a01374dea5e2805c92e87cbd8069cc08a7978e49e2c0c2b8718967bc540c87,planner_dev1696_allmask,0.9346634299208171,ok,1.0,a92a5c623e9a5906
1.0,1.0,1.0,0.8225545575335673,2021.08.31.14.01.15_veh-40_01576_01714,1.0,f7b1baea8ab953e2ef34f7242074492bd20a129e1dc1035177d82219845cf4e0,planner_dev1696_allmask,0.9260643989723197,ok,1.0,aa5c5efeeafd563c
1.0,1.0,1.0,1.0,2021.08.31.14.01.15_veh-40_01576_01714,1.0,384fabf9338d06de94b989256070f176ebcf327475689fe5d7f9e703343ef66f,planner_dev1696_allmask,1.0,ok,1.0,c13c48577f9255c8
1.0,1.0,1.0,1.0,2021.08.31.14.01.15_veh-40_01576_01714,1.0,1978c877cf600a0bc67b3931d803b56747829772e6d3af451626365500694be2,planner_dev1696_allmask,1.0,ok,1.0,c1e4bb8da1655e19
1.0,1.0,1.0,1.0,2021.08.31.14.01.15_veh-40_01576_01714,1.0,9d8746f94b51697f09c532a80047e0d161ce89fd1213037cb8c212d10848e763,planner_dev1696_allmask,1.0,ok,1.0,c790a13084305af6
1.0,1.0,1.0,0.813995679161942,2021.08.31.14.01.15_veh-40_01576_01714,1.0,d72d31f4a9f04b7f61c7e3287ae6fb112139df92364c7a122f01113cd0011a0f,planner_dev1696_allmask,0.9224981996508091,ok,1.0,ca31b7933f8256e2
1.0,1.0,1.0,1.0,2021.08.31.14.01.15_veh-40_01576_01714,1.0,ad3bbcfc4f87b02e499d3d66c76ae25026f3832479b105b8b4aa58ce26fc035c,planner_dev1696_allmask,1.0,ok,1.0,ca5e5cecc6e05022
1.0,1.0,1.0,0.8175485774196721,2021.08.31.14.01.15_veh-40_01576_01714,1.0,c5f7ed88d4fce3ce6c9551bcb1f1a43a660a0b2935f5cf7c3f3fc6ad618b1498,planner_dev1696_allmask,0.9239785739248635,ok,1.0,ce77e05891225999
1.0,1.0,1.0,1.0,2021.08.31.14.01.15_veh-40_01576_01714,1.0,03bc46e9683e341eaa5ae397c2f5e6f50d5c2799e4d6d9d860675c44d07753ff,planner_dev1696_allmask,1.0,ok,1.0,ceb16c2c18d252f3
1.0,1.0,1.0,1.0,2021.08.31.14.01.15_veh-40_01576_01714,1.0,41dc3db328dfa8074582d47af4ad2de0717b9571da7f5c31b923889df2b5eb77,planner_dev1696_allmask,1.0,ok,1.0,d22040e885bf5509
1.0,1.0,1.0,0.8229356135606362,2021.08.31.14.01.15_veh-40_01576_01714,1.0,5625e9196491f3cf602dd02b26d702f35c6c5a766d0e3ff9fb59ddcf88b3c824,planner_dev1696_allmask,0.9262231723169316,ok,1.0,d7b9d08eb35e54b4
1.0,1.0,1.0,0.8081721914119868,2021.08.31.14.01.15_veh-40_01576_01714,1.0,fee68757cf54b6c9d3224af49be87d9ecc1b969fa8d541ad47f3eba5c5116640,planner_dev1696_allmask,0.9200717464216611,ok,1.0,dc70a7b62c155d19
1.0,1.0,1.0,0.9204615790938826,2021.08.31.14.01.15_veh-40_01576_01714,1.0,731ee8a390307e2eb6da0b74831a65a8fdd6ee267d599e97a8067097ddb5265d,planner_dev1696_allmask,0.9668589912891177,ok,1.0,dfe3214ab3e850a3
1.0,1.0,1.0,0.8070108084577068,2021.08.31.14.01.15_veh-40_01576_01714,1.0,1492e6720da0b4b15bc34b47d326a233aeee9a069598a5497495758a31a70e30,planner_dev1696_allmask,0.9195878368573779,ok,1.0,e5a4f230a7a05b18
1.0,1.0,1.0,0.8853194093420615,2021.08.31.14.01.15_veh-40_01576_01714,1.0,25cc7830963a5d8960d36d3236ac06bbbbb466389df0e0f7d55546b0f4f8fe10,planner_dev1696_allmask,0.9522164205591923,ok,1.0,e72a95807de45328
1.0,1.0,1.0,0.8222841951010688,2021.08.31.14.01.15_veh-40_01576_01714,1.0,7d028c68d1a216b02a29d6ff3149a4dd9e4a3626a149e377da1383bc28d97914,planner_dev1696_allmask,0.9259517479587785,ok,1.0,f96c2bfcfa0b5adc
1.0,1.0,1.0,0.899629853977955,2021.08.31.14.01.15_veh-40_01576_01714,1.0,cb098e9608d38c460932a23491e3e3610f61c99e53e141c7fe414c187e556814,planner_dev1696_allmask,0.958179105824148,ok,1.0,fa18ed9dac89551d
1.0,1.0,1.0,1.0,2021.08.31.11.47.30_veh-40_00919_01000,1.0,58235c271a32c03fb5a430425a98fc25e1371f18452a54b6266d13736692e9bc,planner_dev1696_allmask,1.0,ok,1.0,103d8446b9a7501b
1.0,1.0,1.0,0.7935060657620817,2021.08.31.11.47.30_veh-40_00919_01000,1.0,d5b4a8425f122ffd8e99d696f1b6fc831c3789c5660d9f39307603e9cf1011d6,planner_dev1696_allmask,0.9139608607342007,ok,1.0,1c9a2aafa78b5b21
1.0,1.0,1.0,0.8176780175452139,2021.08.31.11.47.30_veh-40_00919_01000,1.0,7944ce8f841b211ea1385fa840deb18febfb30cdc557d5302da9b474321894a9,planner_dev1696_allmask,0.9240325073105057,ok,1.0,20fc3e4c2b93595d
1.0,0.0,1.0,0.0,2021.08.31.11.47.30_veh-40_00919_01000,1.0,955949f66cfe174036f6f1fb298b40b1ef5baa299692dc29f9256ca9917896c7,planner_dev1696_allmask,0.0,ok,1.0,24e8dff0a3fb5d73
1.0,1.0,1.0,0.9041793156650536,2021.08.31.11.47.30_veh-40_00919_01000,1.0,06187edd3b733348826cf13acfe840d77a8106f4954a424a314d94e078d2ff65,planner_dev1696_allmask,0.9600747148604389,ok,1.0,2fd7bef75431592e
1.0,1.0,1.0,0.8012808039182532,2021.08.31.11.47.30_veh-40_00919_01000,1.0,7f12739cd279e9143ba19b31deb68c5fe77daa9ecfe6430222b110bc279d48ac,planner_dev1696_allmask,0.9172003349659388,ok,1.0,3f27444710fd5dfc
1.0,1.0,1.0,0.8843893345739032,2021.08.31.11.47.30_veh-40_00919_01000,1.0,4dad971d8fbd98c16e1c271c5c760f396a519ac7194d60624c83c47cca121e6b,planner_dev1696_allmask,0.951828889405793,ok,1.0,48fc3189008a5754
1.0,1.0,1.0,0.842377546929006,2021.08.31.11.47.30_veh-40_00919_01000,1.0,1950560da53dd0f3a9964bf84578373b28039bff74cd91904368a35419effda2,planner_dev1696_allmask,0.9343239778870859,ok,1.0,51bfd099a0795409
1.0,1.0,1.0,0.8318225127147195,2021.08.31.11.47.30_veh-40_00919_01000,1.0,070839b7b91904a0d1c19d98568c9dd7067ebf3eb81e9a7816e9b5cb4464e1d8,planner_dev1696_allmask,0.9299260469644665,ok,1.0,5bb0b67e360f5a85
1.0,1.0,1.0,0.790296131946304,2021.08.31.11.47.30_veh-40_00919_01000,1.0,74326686f94c18186ae6224dc646023c4b2eb9794a0193accc94b4bc38234a01,planner_dev1696_allmask,0.9126233883109599,ok,1.0,67a4f804ff5556cb
1.0,1.0,1.0,0.7017712114194592,2021.08.31.11.47.30_veh-40_00919_01000,1.0,84dc2ac9000843d77e23821a85600b430eaf8697ace2ad8c309332afcc6b25da,planner_dev1696_allmask,0.8757380047581079,ok,1.0,6a9bb2303a4c5c72
1.0,0.0,1.0,0.0,2021.08.31.11.47.30_veh-40_00919_01000,1.0,e595ed3a685c735cb1e2fc0d783234f39ff1857c1d20de9985d0880370fee655,planner_dev1696_allmask,0.0,ok,1.0,6bb2613a221e5fc8
1.0,1.0,1.0,0.7721962669451317,2021.08.31.11.47.30_veh-40_00919_01000,1.0,719ad7ac830f0b9175e86b6d3bb2777ae5d45c3e6f2e1cfa3d9fff279dab5973,planner_dev1696_allmask,0.9050817778938048,ok,1.0,77f9f0c203cb5048
1.0,0.0,1.0,0.0,2021.08.31.11.47.30_veh-40_00919_01000,1.0,81ec48bf0dba27c069b46718f73d565b1039ee609784caf86dc5ca14784282ea,planner_dev1696_allmask,0.0,ok,1.0,7d61f2ab3a145a20
1.0,1.0,1.0,0.839777410607785,2021.08.31.11.47.30_veh-40_00919_01000,1.0,25bf56cde6ccf0ac67bd5ec7cda17f78dc6fd81567a03d87cd73e2f53dd9753b,planner_dev1696_allmask,0.9332405877532438,ok,1.0,8672b0d007fa5c49
1.0,1.0,1.0,0.8810258940478548,2021.08.31.11.47.30_veh-40_00919_01000,1.0,b558d90d069cf2ba45473d8662d199308c546fda9589bb7a90508d4d92bf6572,planner_dev1696_allmask,0.9504274558532728,ok,1.0,877ca71cd9ac5b59
1.0,1.0,1.0,0.8288850701256784,2021.08.31.11.47.30_veh-40_00919_01000,1.0,7169525a470fd95e24a4d7c301c93ef7b8ed4fc3d682ea210952064c88636233,planner_dev1696_allmask,0.928702112552366,ok,1.0,8ecb60a273c55931
1.0,1.0,1.0,0.8554382646455801,2021.08.31.11.47.30_veh-40_00919_01000,1.0,f56ce9539760c1a00a85252ed503b50d2db508daa4b13f858b6ee86622477268,planner_dev1696_allmask,0.939765943602325,ok,1.0,8f64f90706655f53
1.0,1.0,1.0,0.8157220325740393,2021.08.31.11.47.30_veh-40_00919_01000,1.0,3861420c6f2df025b26d6a0ab3dbfa29765331df7b51104c608542a4d84fa4c8,planner_dev1696_allmask,0.9232175135725164,ok,1.0,900e4ffd108f5f95
1.0,1.0,1.0,0.8644084078177123,2021.08.31.11.47.30_veh-40_00919_01000,1.0,4eb6bbc3a48246ed76a468a32ab4da8465b5350f431ee9c3f15be6175efaf4f9,planner_dev1696_allmask,0.9435035032573801,ok,1.0,98e1c86704b75bce
1.0,1.0,1.0,0.9060493779822326,2021.08.31.11.47.30_veh-40_00919_01000,1.0,4382f737dfab4dac2ebcc755a03c19e5b8f929bcf61de5ad82b5ab9e13e389e0,planner_dev1696_allmask,0.9608539074925969,ok,1.0,9a1dbb392efc5e89
1.0,1.0,1.0,0.854202072578147,2021.08.31.11.47.30_veh-40_00919_01000,1.0,a0e775aa052650e137abd3df1200de91b0fc6169420606d78f597b80e900cff5,planner_dev1696_allmask,0.9392508635742279,ok,1.0,a27a8a02217d5ade
1.0,1.0,1.0,0.8654392319748222,2021.08.31.11.47.30_veh-40_00919_01000,1.0,a66df119b872f2d1144ad04eb1e664abd802950e2c6d8f1c44e280871a6ecd28,planner_dev1696_allmask,0.9439330133228426,ok,1.0,a5051ac6e15551e7
1.0,1.0,1.0,1.0,2021.08.31.11.47.30_veh-40_00919_01000,1.0,c2cbf5cf8ac6e8d77759fead91bc1a3d00427566e4f062fffd5f3035a45347b3,planner_dev1696_allmask,1.0,ok,1.0,ac681c2a50795ba0
1.0,1.0,1.0,0.8623516802576369,2021.08.31.11.47.30_veh-40_00919_01000,1.0,d324940a074af9951484201d28252e1bc955ad5ca5a349ca396c485e80daa724,planner_dev1696_allmask,0.942646533440682,ok,1.0,ad9c60ee22de5163
1.0,1.0,1.0,1.0,2021.08.31.11.47.30_veh-40_00919_01000,1.0,db99c68b2bd159096caddc8d31d96e4b77410f48b55a74b431bbd81af1bf61e6,planner_dev1696_allmask,1.0,ok,1.0,e6422bb22e125756
1.0,1.0,1.0,0.7995000920217933,2021.08.31.11.47.30_veh-40_00919_01000,1.0,f5f8000f02e8d6b79c5ec89283db3bc7a60c488ad7cdef6a660c02c004c7f033,planner_dev1696_allmask,0.9164583716757472,ok,1.0,e699ef478771586b
1.0,1.0,1.0,1.0,2021.07.16.22.40.23_veh-38_00204_00360,1.0,43216a14af8ec3d06a2e2d29119ad7558e752f135293618e83d7694f916137d6,planner_dev1696_allmask,1.0,ok,1.0,0834ee7bd96c524f
1.0,1.0,1.0,1.0,2021.07.16.22.40.23_veh-38_00204_00360,1.0,587421cc1d2d4640dd7ce00fe09da9643c83dcdc4e50c4e21d48020729e4fbc8,planner_dev1696_allmask,1.0,ok,1.0,0b10c61fbe415c5e
1.0,1.0,1.0,1.0,2021.07.16.22.40.23_veh-38_00204_00360,1.0,fdd80762f3bf00533522c809f834c77f78cb9d476779dd9fb945c96eb030ed24,planner_dev1696_allmask,1.0,ok,1.0,10da33ea86ba5697
1.0,1.0,1.0,1.0,2021.07.16.22.40.23_veh-38_00204_00360,1.0,7d954cbf6a15435e8f236c7d44be990ca920556eb7075e2032cc05338a51b0fb,planner_dev1696_allmask,1.0,ok,1.0,1ec8d767941a534b
1.0,1.0,1.0,0.8151454136885798,2021.07.16.22.40.23_veh-38_00204_00360,1.0,bb96dbbf36f749639581522ebaf3b84a6a003e28567bd87d20d8a7e40bd29e74,planner_dev1696_allmask,0.9229772557035748,ok,1.0,4e658bb5f80a5664
1.0,1.0,1.0,0.901655262457566,2021.07.16.22.40.23_veh-38_00204_00360,1.0,49108f66654442ec706a93352a4c50acfec4861a81390890ed0b9705cf9252e9,planner_dev1696_allmask,0.9590230260239858,ok,1.0,5a9dd500d2f15c87
1.0,1.0,1.0,1.0,2021.07.16.22.40.23_veh-38_00204_00360,1.0,b8ee6ad5d6b9a0ef7a85a2b1b0c6e4b3a971197749f634661eafaec3df52bb83,planner_dev1696_allmask,1.0,ok,1.0,5ded7f2e94075a10
1.0,1.0,1.0,1.0,2021.07.16.22.40.23_veh-38_00204_00360,1.0,5e65e1d754f63a18cd299cb6195422368cfd2020ec48be9b2c4061f2e1fdf312,planner_dev1696_allmask,1.0,ok,1.0,6a0942a7edb6507e
1.0,1.0,1.0,1.0,2021.07.16.22.40.23_veh-38_00204_00360,1.0,94dd2155b8d01f9f55ccb46906f4cef9ec305f00e9a8f294ee3c19bbf52001a9,planner_dev1696_allmask,1.0,ok,1.0,8156a66cbc595259
1.0,1.0,1.0,1.0,2021.07.16.22.40.23_veh-38_00204_00360,1.0,07ee1f2792786d530c74112f185a3e76740c5079c2861fdd2c214d000d510841,planner_dev1696_allmask,1.0,ok,1.0,99c4a687ed1a599a
1.0,1.0,1.0,1.0,2021.07.16.22.40.23_veh-38_00204_00360,1.0,4f497eb932504ffb977e4ab1e5dd87aa3f76a324e3a465a984cba0e0873a5017,planner_dev1696_allmask,1.0,ok,1.0,9f885abfb8cd5675
1.0,1.0,1.0,0.9689311803159769,2021.07.16.22.40.23_veh-38_00204_00360,1.0,222748549e8c223808162ce386cf878fa1073cc084259b5dd2332fbfdacfa8fe,planner_dev1696_allmask,0.9870546584649903,ok,1.0,bba3291877d059ac
1.0,1.0,1.0,1.0,2021.07.16.22.40.23_veh-38_00204_00360,1.0,6c1b633ee343cb0fcfece5bca806e0e6c4d4ce51269b485b1cd9aaea98e8b187,planner_dev1696_allmask,1.0,ok,1.0,cca7823320d05bc3
1.0,1.0,1.0,1.0,2021.07.16.22.40.23_veh-38_00204_00360,1.0,38edaa36e445eeb4ad56fadc2afbffe4997cabf32d614c2ecf69a8544607426f,planner_dev1696_allmask,1.0,ok,1.0,dd8b61c70dc05550
1.0,1.0,1.0,1.0,2021.07.16.22.40.23_veh-38_00204_00360,1.0,9dc05ea54bf92307ca66b9b82473f3bc89be5fb7b6675a6fb90c4f2aaf37a6e8,planner_dev1696_allmask,1.0,ok,1.0,de9c0d8341d65b55
1.0,1.0,1.0,1.0,2021.06.09.14.50.36_veh-26_02826_02955,1.0,fab649f2813f92760fecca6e615232b9c157a923de9d49c8421942a1ccf9e07b,planner_dev1696_allmask,1.0,ok,1.0,0461af120ee45dd8
1.0,1.0,1.0,1.0,2021.06.09.14.50.36_veh-26_02826_02955,1.0,f2fb4accd8e91eb138ddb0ffecaef7a3afc029af9c8fbf2f73b3444d289f5602,planner_dev1696_allmask,1.0,ok,1.0,04ef1bdebb1e5c2b
1.0,1.0,1.0,1.0,2021.06.09.14.50.36_veh-26_02826_02955,1.0,217f4ed40ea9a5d54790c9ab9ff07c36364ca9413a00abbe8f4bf81348b92f13,planner_dev1696_allmask,1.0,ok,1.0,06ecc274857650aa
1.0,1.0,1.0,1.0,2021.06.09.14.50.36_veh-26_02826_02955,1.0,a86e2c71f961b14a20426f3242188a14c859968df67ed64c6cdce49b603a115d,planner_dev1696_allmask,1.0,ok,1.0,18608416606557ed
1.0,1.0,1.0,1.0,2021.06.09.14.50.36_veh-26_02826_02955,1.0,227464862f8919ccb0264046288ce741d544b56ebff3e213c3273aea424ef4ad,planner_dev1696_allmask,1.0,ok,1.0,2c45cd8490f850ef
1.0,1.0,1.0,0.9373421217009897,2021.06.09.14.50.36_veh-26_02826_02955,1.0,78eb59955bfe11aa742a63e423e8c0e601e8e49667b81b1b1863d8544f2d201b,planner_dev1696_allmask,0.9738925507087458,ok,1.0,3358ac35f0925be9
1.0,1.0,1.0,0.9196633155694677,2021.06.09.14.50.36_veh-26_02826_02955,1.0,5e5e3d478d4cae70730a91332e9da6504b0b3a89c371d682f989c15e566a4966,planner_dev1696_allmask,0.9665263814872782,ok,1.0,35daae8d6a4a5b90
1.0,1.0,0.0,1.0,2021.06.09.14.50.36_veh-26_02826_02955,1.0,2705a657ca83ffe36dfefd158651a56180a7b08f0464a08e5764e7f663bed8f6,planner_dev1696_allmask,1.0,ok,1.0,37a37c6486205360
1.0,1.0,1.0,1.0,2021.06.09.14.50.36_veh-26_02826_02955,1.0,238800fa63a942b60e71b77e2ccae5ebf8694923d05294281221d64938f528f5,planner_dev1696_allmask,1.0,ok,1.0,3c34952a5b2a549e
1.0,1.0,1.0,0.796294217317559,2021.06.09.14.50.36_veh-26_02826_02955,1.0,ff15ec3c91eb4f2aa2e69d655212a1288801dca4fd68567c8e5e4bc85ce72f95,planner_dev1696_allmask,0.9151225905489829,ok,1.0,43e443ef433256ae
1.0,1.0,1.0,1.0,2021.06.09.14.50.36_veh-26_02826_02955,1.0,57a72749283044efb32733d86638ab06095dd5f07a5e558b2e96289fb5196fab,planner_dev1696_allmask,1.0,ok,1.0,5385779df4685a12
0.0,1.0,1.0,1.0,2021.06.09.14.50.36_veh-26_02826_02955,1.0,24aa333b65ec736204bc88ff5d51dd9419246f7c6e434c15ab0ea451346a6ec9,planner_dev1696_allmask,0.8333333333333334,ok,1.0,58be05020c705538
1.0,1.0,1.0,1.0,2021.06.09.14.50.36_veh-26_02826_02955,1.0,2535994635c7f2e2b405435b9e98bb0ec4401e329b8f8d9016a4f14b6cf15d83,planner_dev1696_allmask,1.0,ok,1.0,78f9d78599da56f0
1.0,1.0,1.0,0.9535226507891208,2021.06.09.14.50.36_veh-26_02826_02955,1.0,9feaf42f337f86ee179864b3b8797b056906784b518844a41f9b2b6cd7bc5cb3,planner_dev1696_allmask,0.9806344378288004,ok,1.0,88bc213aa3495b88
1.0,1.0,1.0,0.8568571216663082,2021.06.09.14.50.36_veh-26_02826_02955,1.0,4ed2ad8243e1ff150a1cf81b5889b54cba415663df2b5485ac448ee56b984231,planner_dev1696_allmask,0.9403571340276283,ok,1.0,927258a11f395044
1.0,1.0,1.0,1.0,2021.06.09.14.50.36_veh-26_02826_02955,1.0,4d78f605cd29772ae7c5b6540bfa0172e62f7a6cac705f7926685d41fe1ac1a6,planner_dev1696_allmask,1.0,ok,1.0,96d3136946945a05
1.0,1.0,1.0,1.0,2021.06.09.14.50.36_veh-26_02826_02955,1.0,72782d6c0f38a5bba801c1db716b0a34d1f3d88c837d784bc5b9587d29ae84f7,planner_dev1696_allmask,1.0,ok,1.0,9915a6132edb5b6f
1.0,1.0,0.0,1.0,2021.06.09.14.50.36_veh-26_02826_02955,1.0,465a6cc23680fb84058f1dc37fffb52f185907c940b1cd6dc464ad5c928f5ea0,planner_dev1696_allmask,1.0,ok,1.0,9b7196827b5859df
0.0,1.0,1.0,1.0,2021.06.09.14.50.36_veh-26_02826_02955,1.0,58f0b4ccd1bf86cb83b35088ba06f10e4cba78be1ce2c699c9564189519d5487,planner_dev1696_allmask,0.8333333333333334,ok,1.0,b02f4daf44f952d5
1.0,1.0,1.0,0.9566923651645932,2021.06.09.14.50.36_veh-26_02826_02955,1.0,793ac3584cbcb88af265fec02e8203b668713801b799d7f6c9bef5ade314f3c3,planner_dev1696_allmask,0.9819551521519139,ok,1.0,bd40634c00f1577c
1.0,1.0,1.0,1.0,2021.06.09.14.50.36_veh-26_02826_02955,1.0,c3cc12681685caf7e6f2082b5b53fe6489ddbf1b0ed094c8972fc5f32bbbd0ab,planner_dev1696_allmask,1.0,ok,1.0,dd11bc3330605dfd
1.0,1.0,1.0,1.0,2021.06.09.14.50.36_veh-26_02826_02955,1.0,7cb284fc056bb221b49bb9ead5da658cfa59b5af15680093e1cec18b831962e7,planner_dev1696_allmask,1.0,ok,1.0,e4d2a56f36c45c20
1.0,1.0,1.0,1.0,2021.06.09.14.50.36_veh-26_02826_02955,1.0,1a4b031bdb3058beb8cdf18c7e531295330fffb6bca3949c4613551b643b87fd,planner_dev1696_allmask,1.0,ok,1.0,ef5318b8d9285443
1.0,1.0,1.0,1.0,2021.06.09.14.50.36_veh-26_02826_02955,1.0,727096e98a85fe938525b2bb55c00ae2132582beb37fab947fb3559b354c4f4d,planner_dev1696_allmask,1.0,ok,1.0,f17b89de6fc75614
1.0,1.0,1.0,0.933943442517597,2021.06.09.14.50.36_veh-26_02826_02955,1.0,9d5d3da3da8f91335f47395441f4c534872ce742f06875aebf0a09e8801b9a1b,planner_dev1696_allmask,0.9724764343823321,ok,1.0,f954d393a5615fec
1.0,1.0,1.0,0.8074114230990904,2021.10.05.07.49.39_veh-52_00770_00905,1.0,f96701024bcac8eb41654eb8c36c9aa1ce9f3b21fc6a0ed442af9cf97f444eff,planner_dev1696_allmask,0.919754759624621,ok,1.0,089b7c97ae005df7
1.0,1.0,1.0,0.6903931845172774,2021.10.05.07.49.39_veh-52_00770_00905,1.0,db8c166c428c6d8eb1e3f36eb187887841807b713f90753bc333159d5678524c,planner_dev1696_allmask,0.8709971602155323,ok,1.0,16c70ee6d6485400
1.0,1.0,1.0,0.7144845946772334,2021.10.05.07.49.39_veh-52_00770_00905,1.0,b68ddc6a519b5867a24fbe8fdc8f092924bf90b2c8d3f09164ec47c5807d9df4,planner_dev1696_allmask,0.8810352477821807,ok,1.0,170594fe8be75468
1.0,1.0,1.0,0.7556611458584749,2021.10.05.07.49.39_veh-52_00770_00905,1.0,3a150e66e7249d9f8c6b5a7d0487fc384163a90140c3ef6ba8b462cc9bfe3621,planner_dev1696_allmask,0.8981921441076978,ok,1.0,19c9d08888d65385
1.0,1.0,1.0,0.7708287641548692,2021.10.05.07.49.39_veh-52_00770_00905,1.0,83015558fba304d98bdfb23d9853f3f418779d64d1666f8e52217b440d3533a6,planner_dev1696_allmask,0.9045119850645289,ok,1.0,1c3d27d5767e506d
1.0,1.0,1.0,0.9479109494244582,2021.10.05.07.49.39_veh-52_00770_00905,1.0,4bb1638bb810187a5273af908e437e16e98dde595b31cb4a674f8d60e7d91ae7,planner_dev1696_allmask,0.9782962289268576,ok,1.0,1d9ee8399cf55f9d
1.0,1.0,1.0,0.7903471070708622,2021.10.05.07.49.39_veh-52_00770_00905,1.0,b262336e814d43c47aaaec50b093a9414f4ffea6f95977b086e98b38f58e4680,planner_dev1696_allmask,0.9126446279461926,ok,1.0,20d97d183741595d
1.0,1.0,1.0,0.6553725697821898,2021.10.05.07.49.39_veh-52_00770_00905,1.0,f63191a22229fcb9d30116c3633599389278a564059d1989d309970bbf54f7b9,planner_dev1696_allmask,0.8564052374092457,ok,1.0,24f4c4b3cc8554aa
1.0,1.0,1.0,0.7686532626942894,2021.10.05.07.49.39_veh-52_00770_00905,1.0,7b65c67ff482df3eda612b3c0dd9bb2f29c6e6fdeb7742840ac368f5d385a5a2,planner_dev1696_allmask,0.9036055261226205,ok,1.0,25ef4e856bab540e
1.0,1.0,1.0,0.78271914172269,2021.10.05.07.49.39_veh-52_00770_00905,1.0,1bd53586f6d7f8f74ae84be6d4b74aca9e0cb94bbb8cc4db11e493256eaf7e21,planner_dev1696_allmask,0.9094663090511208,ok,1.0,261221d5c5fc5fa7
1.0,1.0,1.0,0.712147960407642,2021.10.05.07.49.39_veh-52_00770_00905,1.0,a6920170bb4216991aab2a2c172f5fbee01a8d04ee2afe71c9b0b9000c96b2d6,planner_dev1696_allmask,0.8800616501698508,ok,1.0,278bbdb04c555733
1.0,1.0,1.0,0.8176681612243949,2021.10.05.07.49.39_veh-52_00770_00905,1.0,1bae08f2b730d3a86c81401bfe4facdbc6710b4b882f2f04f29af0d79435a7ff,planner_dev1696_allmask,0.9240284005101644,ok,1.0,282c1d78530d593f
1.0,1.0,1.0,0.8899885386317974,2021.10.05.07.49.39_veh-52_00770_00905,1.0,b5c71b53e831d0cb09658b7ec6f74ef69ac0b4cecddb46bd406d787e9b169004,planner_dev1696_allmask,0.9541618910965823,ok,1.0,2c32ea8c5ef05290
1.0,1.0,1.0,0.8453787837019102,2021.10.05.07.49.39_veh-52_00770_00905,1.0,5388972f91c93d688707e903bab519b1ab1cef9fc3494525728a80840f1e97b0,planner_dev1696_allmask,0.9355744932091293,ok,1.0,2f1560380fb05985
1.0,1.0,1.0,0.932398126404128,2021.10.05.07.49.39_veh-52_00770_00905,1.0,2d3ff403c38f585c4b7b773a2abf28bff919deeea1c2d174db9823670e5f2b17,planner_dev1696_allmask,0.9718325526683866,ok,1.0,310a3ad9c0cf5eb6
1.0,1.0,1.0,0.7289294670879342,2021.10.05.07.49.39_veh-52_00770_00905,1.0,a726469671f9711ccf701d3a82ca87f820725a06997b02b0d80eb70e9803c38f,planner_dev1696_allmask,0.8870539446199727,ok,1.0,334e0e5d1a825334
1.0,1.0,1.0,0.6255429732131059,2021.10.05.07.49.39_veh-52_00770_00905,1.0,37de53fc53eb254c19ce277340045ba962002576f389760af387519587791e9c,planner_dev1696_allmask,0.8439762388387941,ok,1.0,36bae31710bc5917
1.0,1.0,1.0,0.7836490809738064,2021.10.05.07.49.39_veh-52_00770_00905,1.0,5bb7e94c5b6d5957fbf5bea361423a96c08c5a862dc3873a7d27333b368e087a,planner_dev1696_allmask,0.909853783739086,ok,1.0,38ef1d6a2da75115
1.0,1.0,1.0,1.0,2021.10.05.07.49.39_veh-52_00770_00905,1.0,d6141e29421613859794d2b048940e4fe8bc504843c0cb83fc0cad9fa6b76da7,planner_dev1696_allmask,1.0,ok,1.0,3d18f6f0700f5a7b
1.0,1.0,1.0,0.7094153488058634,2021.10.05.07.49.39_veh-52_00770_00905,1.0,70983b6708a374643b6c3eb5eb12599f91dcc373b7502e95bc965a4c61f906e4,planner_dev1696_allmask,0.8789230620024431,ok,1.0,43344715c88b50bc
1.0,1.0,1.0,0.6899978031694874,2021.10.05.07.49.39_veh-52_00770_00905,1.0,8c66f1ef47b2e0a20f6d2df3e0a758a60cb9f592524e4ec1baafd3c56f3c64ec,planner_dev1696_allmask,0.8708324179872865,ok,1.0,44ff523a46c05629
1.0,1.0,1.0,0.7007307226839299,2021.10.05.07.49.39_veh-52_00770_00905,1.0,d5e43cd8568593c723a645418ec13ddd597f1a2e220ed79c088ff08e8c98d4ee,planner_dev1696_allmask,0.8753044677849707,ok,1.0,45024816c0275064
1.0,1.0,1.0,0.7035680276582827,2021.10.05.07.49.39_veh-52_00770_00905,1.0,6d15dc110ada926901541e100b5187c037139d5120f233fbb3fab96a4f2e51ec,planner_dev1696_allmask,0.8764866781909512,ok,1.0,4b9cb144a34f517d
1.0,1.0,1.0,0.6902433903722823,2021.10.05.07.49.39_veh-52_00770_00905,1.0,29dc4e6c180427ff4b075c37841f1ffbd485be455a37d797c5cca47777c9c4ff,planner_dev1696_allmask,0.870934745988451,ok,1.0,4dc05b556a2657fa
1.0,1.0,1.0,0.7687997543236383,2021.10.05.07.49.39_veh-52_00770_00905,1.0,bc1b8df766a7e380f6163744bd4aa51f70ccbaab5b139189f50f2f322bdc5ccc,planner_dev1696_allmask,0.903666564301516,ok,1.0,4dcfadf46bc25e5e
1.0,1.0,1.0,0.8330161028067156,2021.10.05.07.49.39_veh-52_00770_00905,1.0,f99fa67b7be2e80b6c5c8d239f6e6e730b08e791e7d9c50e9836bcb72fce94fa,planner_dev1696_allmask,0.9304233761694648,ok,1.0,4e9c5280dadd5f24
1.0,1.0,1.0,0.7762168603493672,2021.10.05.07.49.39_veh-52_00770_00905,1.0,699b5bd90d0aa88327e201d3198549dd634b7368cc85380ddbf0a89c17efe746,planner_dev1696_allmask,0.9067570251455696,ok,1.0,4fd253304da7581e
1.0,1.0,1.0,0.9469778285065663,2021.10.05.07.49.39_veh-52_00770_00905,1.0,829db00ca4b5122bf4f218118ec344cd4ec9fd745907d5e3609e86d18a05682d,planner_dev1696_allmask,0.9779074285444027,ok,1.0,5224265091a55a68
1.0,1.0,1.0,1.0,2021.10.05.07.49.39_veh-52_00770_00905,1.0,fee6701a555ec5ade7e30a0055aa6dbbbb916611092eceba5163594f852574d9,planner_dev1696_allmask,1.0,ok,1.0,566e8d71b2da589a
1.0,1.0,1.0,0.7089078941955345,2021.10.05.07.49.39_veh-52_00770_00905,1.0,d5e678d8c6160d36d6ea3659e4b1756da39c4ee35be7164545e8daac598abe37,planner_dev1696_allmask,0.8787116225814726,ok,1.0,58d478dd02905d2e
1.0,1.0,1.0,0.7469134096873993,2021.10.05.07.49.39_veh-52_00770_00905,1.0,bd0c46b6e85b36c7525148fc543b217f22ebbe68c7a45547058e08e1de5ca817,planner_dev1696_allmask,0.8945472540364164,ok,1.0,594cd290a93f538a
1.0,1.0,1.0,0.8131884201933122,2021.10.05.07.49.39_veh-52_00770_00905,1.0,052cf20945433685bedfb7b8b32b9bcf53202e6810714e1794e9ab093981633f,planner_dev1696_allmask,0.9221618417472134,ok,1.0,5d64663f086f5773
1.0,1.0,1.0,0.6374682567804746,2021.10.05.07.49.39_veh-52_00770_00905,1.0,068d3350d3a92b587c3dba9786981aa34b13107e37ae2c9263a5e90353d6820b,planner_dev1696_allmask,0.8489451069918644,ok,1.0,6033b22b61b55675
1.0,1.0,1.0,1.0,2021.10.05.07.49.39_veh-52_00770_00905,1.0,23c0bafad9842e01583c128910c52b097456dae4318a629e86b505ae15fb6f75,planner_dev1696_allmask,1.0,ok,1.0,6a5e2d6a365e51e3
1.0,1.0,1.0,0.7606391304763461,2021.10.05.07.49.39_veh-52_00770_00905,1.0,8f21d53d5aba06bd20ece0a8b6ac6b68ce831e8d2cb51d493b75d2b500cf8da4,planner_dev1696_allmask,0.9002663043651443,ok,1.0,7081f406cf8352ad
1.0,1.0,1.0,0.7052770894715212,2021.10.05.07.49.39_veh-52_00770_00905,1.0,b3522a0a13eedf7e44a1537b7d899f6fa1f78504c9bd4f50ffbfcbbe494637d9,planner_dev1696_allmask,0.8771987872798005,ok,1.0,72ca346213465d94
1.0,1.0,1.0,0.7813304942673494,2021.10.05.07.49.39_veh-52_00770_00905,1.0,31328b2d4982d67c4773185ff9fff54c9da495b96e7f976040dfb2213e0b3d40,planner_dev1696_allmask,0.9088877059447289,ok,1.0,7502b22480435c30
1.0,1.0,1.0,0.741170158349216,2021.10.05.07.49.39_veh-52_00770_00905,1.0,ef6906b4a43fa70aa253ceada40724997c68ff19a797527dcf82da6b5af4ab7c,planner_dev1696_allmask,0.8921542326455066,ok,1.0,79433fe543ae5e50
1.0,1.0,1.0,0.7402802994814334,2021.10.05.07.49.39_veh-52_00770_00905,1.0,be55c7791f6845cc1f7dbe5eee0a99f9c7ac6991d7ab09fe1336ea7a78634765,planner_dev1696_allmask,0.8917834581172639,ok,1.0,7ac722bce1da568e
1.0,1.0,1.0,0.7488363404046263,2021.10.05.07.49.39_veh-52_00770_00905,1.0,8f9d4a8c821804aef15d5b9da2a806f9f2c37f2e2dd4d8827093062839b53ad9,planner_dev1696_allmask,0.8953484751685942,ok,1.0,7f7a0a36daf65495
1.0,1.0,1.0,0.6709456982769078,2021.10.05.07.49.39_veh-52_00770_00905,1.0,811db2a6931464f4016bfd3fcb0fbaba2f0ff38ff7ab6b0bd059d8782bd06fa5,planner_dev1696_allmask,0.8628940409487115,ok,1.0,7f7fa83384215a69
1.0,1.0,1.0,0.7663623730686978,2021.10.05.07.49.39_veh-52_00770_00905,1.0,955dd77316ea481fe185c85e1aa2edd95a8f6883c3ba2076646e3783385c2af7,planner_dev1696_allmask,0.9026509887786242,ok,1.0,83422f60bebd506c
1.0,1.0,1.0,0.7969762649406884,2021.10.05.07.49.39_veh-52_00770_00905,1.0,e2f04a61d08ffa581221810f057628f0a7118b50ccecc9112db3b9408c15a035,planner_dev1696_allmask,0.9154067770586202,ok,1.0,83bc7727c42c5a0f
1.0,1.0,1.0,0.7384126728803472,2021.10.05.07.49.39_veh-52_00770_00905,1.0,6088afac83bcea253b1cb853fb5fae93a804bd36815938476d43ded1ea4731f0,planner_dev1696_allmask,0.8910052803668114,ok,1.0,85d8f4b6752152e2
1.0,1.0,1.0,0.9388304582673759,2021.10.05.07.49.39_veh-52_00770_00905,1.0,d410dc21f7412f24b09268e4aed97223cbec4e5569df174bd3cfb174b8dfaf54,planner_dev1696_allmask,0.9745126909447399,ok,1.0,86ac4c5dc3e756cf
1.0,1.0,1.0,0.6603624346143472,2021.10.05.07.49.39_veh-52_00770_00905,1.0,3a19467ceca08bf5c719dff334e608457c3c970b62739651911baa6e7066bcb1,planner_dev1696_allmask,0.858484347755978,ok,1.0,876d2dd881f55f91
1.0,1.0,1.0,0.6772654155874787,2021.10.05.07.49.39_veh-52_00770_00905,1.0,0ec4010b4266f8d1444189b89c880a7f10d747b142907cada092880ef0b2f61c,planner_dev1696_allmask,0.8655272564947828,ok,1.0,87c7d995609e51c9
1.0,1.0,1.0,0.7830442329501687,2021.10.05.07.49.39_veh-52_00770_00905,1.0,74a7c91f6b4249e489186ab7daf5e1db55d7799915d73f80e737bb93bfac2b11,planner_dev1696_allmask,0.909601763729237,ok,1.0,8c1c77e3c8a35388
1.0,1.0,1.0,0.6636759745058132,2021.10.05.07.49.39_veh-52_00770_00905,1.0,d2c55a4fab233c51015427a9321dc85a56f5fab1e171002c0469844d237a8b7f,planner_dev1696_allmask,0.8598649893774222,ok,1.0,8c61ae7bb33b54ad
1.0,1.0,1.0,0.7583620957246778,2021.10.05.07.49.39_veh-52_00770_00905,1.0,36effc424ee4ef94bcf72bfea4b4e4953c443e309cbe49298dd2c063eb9d016e,planner_dev1696_allmask,0.8993175398852825,ok,1.0,8d40c021d3cb5fca
1.0,1.0,1.0,1.0,2021.10.05.07.49.39_veh-52_00770_00905,1.0,e060c56c8fe039894fc8e8fe6df7c847769d2a8e009101b0e59d339a462dbfaa,planner_dev1696_allmask,1.0,ok,1.0,8f4878c4dcf5558e
1.0,1.0,1.0,0.5811511009064397,2021.10.05.07.49.39_veh-52_00770_00905,1.0,2bae4e93fb60169d822bc0592a879e38a6573698b4cc2c5a04dd6f5bfe2a7591,planner_dev1696_allmask,0.8254796253776832,ok,1.0,90679ae84c8b5d05
1.0,1.0,1.0,0.7028574353262683,2021.10.05.07.49.39_veh-52_00770_00905,1.0,b4848704f216b1f893a52fea7796d46d14b644dc04abfd9d875092f6bb04d906,planner_dev1696_allmask,0.8761905980526118,ok,1.0,93fa17215ed5505c
1.0,1.0,1.0,1.0,2021.10.05.07.49.39_veh-52_00770_00905,1.0,a83eef6387a04dd77cfea37a717b546f955d5c522396ccc4a177d7e38c13d356,planner_dev1696_allmask,1.0,ok,1.0,97b9c6b0d3aa5e6b
1.0,1.0,1.0,0.9111618506273373,2021.10.05.07.49.39_veh-52_00770_00905,1.0,d79f5506dbb681a2e0688d6709d08e3d491bad9f9649f28e87bfb5935e67897e,planner_dev1696_allmask,0.9629841044280573,ok,1.0,97cd0485dadc5c44
1.0,1.0,1.0,0.6538962436137651,2021.10.05.07.49.39_veh-52_00770_00905,1.0,9fa6c6bab214766a7d508174c19bf8955143b4aefbe19fe780787ad30f7937d6,planner_dev1696_allmask,0.8557901015057355,ok,1.0,9c084095533b564c
1.0,1.0,1.0,0.9195111861311541,2021.10.05.07.49.39_veh-52_00770_00905,1.0,547750add06038fc6a2c5d7f42edaa755e3182d94b9ae71f73c3a16c7f8ae3d0,planner_dev1696_allmask,0.9664629942213142,ok,1.0,a0493e8185235ec7
1.0,1.0,1.0,1.0,2021.10.05.07.49.39_veh-52_00770_00905,1.0,4102ff32b5535471089c66bd58090b8d755afb90d131d97058e22e19ab9af1b1,planner_dev1696_allmask,1.0,ok,1.0,a17b55560d22530f
1.0,1.0,1.0,0.8868615105900456,2021.10.05.07.49.39_veh-52_00770_00905,1.0,9d2245d0c2a2394477d4af6f8bca3ab9e6115104182c3e1f433226111bb3e813,planner_dev1696_allmask,0.9528589627458524,ok,1.0,ae7aec1b18255951
1.0,1.0,1.0,0.8841889653258942,2021.10.05.07.49.39_veh-52_00770_00905,1.0,cbc828f057eafa0b7ae729c8f9c0bf0ad43f9cf8e1d3a16d7ed3f867b4c5569c,planner_dev1696_allmask,0.9517454022191226,ok,1.0,aee6f2e930d550e1
1.0,1.0,1.0,0.7625002593690579,2021.10.05.07.49.39_veh-52_00770_00905,1.0,8c7e1de0c76184448931e9009612a373b9bdee0183f429feaf9bb78e32992d11,planner_dev1696_allmask,0.9010417747371074,ok,1.0,b2dffb44dcbd58e6
1.0,1.0,1.0,0.663168644841685,2021.10.05.07.49.39_veh-52_00770_00905,1.0,ea59bf28644ff3fcb88ee10a7a8818a9199d12aa5291bc08b98295d5a6711a4b,planner_dev1696_allmask,0.8596536020173687,ok,1.0,b64e4fd64ae55427
1.0,1.0,1.0,0.8077777479237599,2021.10.05.07.49.39_veh-52_00770_00905,1.0,216afe9c18e8d09b4dac682b7d7624dc226e886ffa7a3e9f7c6860435056ae5a,planner_dev1696_allmask,0.9199073949682331,ok,1.0,b964d00130375a88
1.0,1.0,1.0,0.7905506327877264,2021.10.05.07.49.39_veh-52_00770_00905,1.0,7582eefccbb26333f2165fec9396a2f709aba8017d45bc6e28fca5ef8933b0ad,planner_dev1696_allmask,0.9127294303282193,ok,1.0,bb22dd65cf5b51dd
1.0,0.0,1.0,0.0,2021.10.05.07.49.39_veh-52_00770_00905,1.0,ea094029d1e7783005f02988ef7d31a32bbfbff0ecf19e8094ef61f01a900dbf,planner_dev1696_allmask,0.0,ok,1.0,c050331009ac5df2
1.0,1.0,1.0,1.0,2021.10.05.07.49.39_veh-52_00770_00905,1.0,1dd30adc7d7fcba97374ccb83d304e9cdb8fb2c18e6725a1d95d52ea0bb3edc9,planner_dev1696_allmask,1.0,ok,1.0,c0921d509e2c502d
1.0,1.0,1.0,0.6820701010992594,2021.10.05.07.49.39_veh-52_00770_00905,1.0,c8cbc578ddfbffe2db5c18cfddca56ca390ccb0087b46682ad333023be3891a6,planner_dev1696_allmask,0.8675292087913581,ok,1.0,c0e018420a2359b3
1.0,1.0,1.0,0.824396878335718,2021.10.05.07.49.39_veh-52_00770_00905,1.0,3a1681459d7a0473c8cfebdcf775f65cae6dcb225e62e44e82c6908e05b041b5,planner_dev1696_allmask,0.9268320326398825,ok,1.0,c77b059c1f3a5674
1.0,1.0,1.0,1.0,2021.10.05.07.49.39_veh-52_00770_00905,1.0,87d6453f2768fd2365bf9fa7b8e2d43d0fcc42c11ee891f9526a91973febbc9b,planner_dev1696_allmask,1.0,ok,1.0,c7d20bed29e95a90
1.0,1.0,1.0,0.7789965689257142,2021.10.05.07.49.39_veh-52_00770_00905,1.0,9753993e55dcfd02a12bcef2204302ce871ce9fb6eb2401c86d3dced652a4d47,planner_dev1696_allmask,0.907915237052381,ok,1.0,c876b08cdb7b50ef
1.0,1.0,1.0,0.6808152954207091,2021.10.05.07.49.39_veh-52_00770_00905,1.0,42d112189d43a1b9dcb2ee856e0e1d7c9b3cf18556e685104d7af22f371f3bab,planner_dev1696_allmask,0.8670063730919622,ok,1.0,d9a26b78907c5afa
1.0,1.0,1.0,0.6666604485391875,2021.10.05.07.49.39_veh-52_00770_00905,1.0,4d93731045ade8bd5f6643469195315daf91d96e38cbde32b69f38c91eab3494,planner_dev1696_allmask,0.8611085202246614,ok,1.0,db9df85eaa605bd1
1.0,1.0,1.0,0.8074243704940692,2021.10.05.07.49.39_veh-52_00770_00905,1.0,14d447f660b8825b10fbbf1ef49a2d14a8008391499f6c3144b84b1c5fb739a3,planner_dev1696_allmask,0.9197601543725288,ok,1.0,dc5adf1f1c2e5567
1.0,1.0,1.0,0.768672136977855,2021.10.05.07.49.39_veh-52_00770_00905,1.0,44a967d57c095a3d7a285c4c419d3bd98732d87a86cdd4ecf31681ef91302aa5,planner_dev1696_allmask,0.9036133904074396,ok,1.0,dccfde2da28d5dbe
1.0,1.0,1.0,0.8152393071122023,2021.10.05.07.49.39_veh-52_00770_00905,1.0,2fe6e9e0628b66b921bf4fa0fbcdf3a32aaeef62a6ce14d1771df4aeaf034cc6,planner_dev1696_allmask,0.9230163779634175,ok,1.0,dd73b1a1de5253b0
1.0,1.0,1.0,0.7203034691116247,2021.10.05.07.49.39_veh-52_00770_00905,1.0,74c637068baec892a13169afb7b89d4adecb4fd188bc23331fa402b1b64f5396,planner_dev1696_allmask,0.8834597787965103,ok,1.0,dd9d8e686a345f74
1.0,1.0,1.0,1.0,2021.10.05.07.49.39_veh-52_00770_00905,1.0,e3f3902040a2160e6cb702b7c00ef504f90554c3065b85683feebd7e9993a7e3,planner_dev1696_allmask,1.0,ok,1.0,e447ace78361537e
1.0,1.0,1.0,0.7218012130484404,2021.10.05.07.49.39_veh-52_00770_00905,1.0,5406dc3f87795887dc5b53ece48ea5c33233b0607cb9209115946b92755303ae,planner_dev1696_allmask,0.8840838387701835,ok,1.0,ee7343c491db5537
1.0,1.0,1.0,0.7598917547440924,2021.10.05.07.49.39_veh-52_00770_00905,1.0,89f960e1ed2ddb70a9101067e158db8845553663be9340788f060e187abdb972,planner_dev1696_allmask,0.8999548978100386,ok,1.0,f062fb353fc1540f
1.0,1.0,1.0,0.6797124922476009,2021.10.05.07.49.39_veh-52_00770_00905,1.0,5a514624bcea8968eecae6db6bfd6dfde131ada8dbecf79922e7a766b55eb02e,planner_dev1696_allmask,0.8665468717698337,ok,1.0,fac63ed354f95c7b
1.0,1.0,1.0,0.7817645811118211,2021.10.05.07.49.39_veh-52_00770_00905,1.0,d5a057d2bc02c27204432d6c5e8773ccc6039b166eae295515cd59562ec6d909,planner_dev1696_allmask,0.9090685754632588,ok,1.0,fe1838e14f915f8f
1.0,1.0,1.0,0.9324125959403505,2021.10.01.17.52.06_veh-28_01141_01264,1.0,3fcdc658833fc32c11ff5127896bd3276c70d699ee47d5771d30964d3064ea90,planner_dev1696_allmask,0.9718385816418126,ok,1.0,0b6d1ed507635a6e
1.0,1.0,1.0,0.8980854889413342,2021.10.01.17.52.06_veh-28_01141_01264,1.0,f32efb4366001e61202611662b7b6ae66d83934cbfaee8c3a074214c807e7479,planner_dev1696_allmask,0.9575356203922226,ok,1.0,1753352ab8255c21
1.0,1.0,1.0,0.772825576405984,2021.10.01.17.52.06_veh-28_01141_01264,1.0,68f7a80dee4f25e35d7317706d97cf278bba1a0b7894d46b8cbe3420eea3298f,planner_dev1696_allmask,0.9053439901691599,ok,1.0,1d85875eaf9c5a3f
1.0,1.0,1.0,0.9142468531694599,2021.10.01.17.52.06_veh-28_01141_01264,1.0,2bff4ccd2ca1a269671eec083acbba07e58baee7789c6f8f6d25cbdb4421bdc4,planner_dev1696_allmask,0.9642695221539416,ok,1.0,3797925f74955b28
1.0,1.0,1.0,0.7347891239710795,2021.10.01.17.52.06_veh-28_01141_01264,1.0,6222964d1f26de504c22d8887dde19e6878be9719bc4a0730dbfeb6908a8fd1e,planner_dev1696_allmask,0.8894954683212832,ok,1.0,3847daeaf69250c1
1.0,1.0,1.0,0.8545199214973833,2021.10.01.17.52.06_veh-28_01141_01264,1.0,536d312519ec5f1eaeb8b505f50e8a5a1418f9962c788003f81b1054b8f3130c,planner_dev1696_allmask,0.9393833006239097,ok,1.0,3c7e47f60864523a
1.0,1.0,1.0,0.9113517385603421,2021.10.01.17.52.06_veh-28_01141_01264,1.0,f316ec0de2a54edc9cdb93c1cba8e12915995709853a40062c66415945d417bd,planner_dev1696_allmask,0.9630632244001426,ok,1.0,3de980a9cef75550
1.0,1.0,1.0,0.9877014046616958,2021.10.01.17.52.06_veh-28_01141_01264,1.0,e7c13a5e899b7380c196ceb59e51c6d64edc60e782744788c64956b66e869df9,planner_dev1696_allmask,0.9948755852757065,ok,1.0,4b66fd3a626b5be8
1.0,1.0,1.0,0.5591531630936232,2021.10.01.17.52.06_veh-28_01141_01264,1.0,a365bfae98392290b9ec776db32895b7bf6317b413e43918ed0fb187477b49d0,planner_dev1696_allmask,0.8163138179556763,ok,1.0,4c2f4189a319584d
1.0,1.0,1.0,0.9352296607298858,2021.10.01.17.52.06_veh-28_01141_01264,1.0,2c7f4dd9eea769f5f8c036191d760593ee9009408fda0493bd031fe902b3f41c,planner_dev1696_allmask,0.9730123586374524,ok,1.0,4d431311516d5e88
1.0,1.0,1.0,0.7972737533908191,2021.10.01.17.52.06_veh-28_01141_01264,1.0,7998dba401bf7f46822fb753bae0c519099d3cb81aa673550a6c3c34fa0dc286,planner_dev1696_allmask,0.915530730579508,ok,1.0,51f7835e4ba057be
1.0,1.0,1.0,0.9324660579566915,2021.10.01.17.52.06_veh-28_01141_01264,1.0,67c649e455b70cfba07764aa9bbad52f0b66dea5443de714a844319868be1edf,planner_dev1696_allmask,0.9718608574819548,ok,1.0,7e02b53ea6ba556a
1.0,1.0,1.0,0.7644152513296848,2021.10.01.17.52.06_veh-28_01141_01264,1.0,aceae155091b47bc138fa0a0e96ba0e84c2e96030bdb327f5bcd1336a1bd77a5,planner_dev1696_allmask,0.9018396880540354,ok,1.0,7f12e4a7eb7e51c7
1.0,1.0,1.0,1.0,2021.10.01.17.52.06_veh-28_01141_01264,1.0,89f6cc6d3eefde4e44d4f1b51aaa3211fe2d54fa451eaa5c340099700d9eeec0,planner_dev1696_allmask,1.0,ok,1.0,8d80fb7fefcd513b
1.0,1.0,1.0,0.7466635875506182,2021.10.01.17.52.06_veh-28_01141_01264,1.0,e7bcdb50803627056fb2896188269b6673b2c27948d5eec438272f5f5068ad00,planner_dev1696_allmask,0.8944431614794243,ok,1.0,93f4a7c97bf55154
1.0,1.0,1.0,0.6951461214267138,2021.10.01.17.52.06_veh-28_01141_01264,1.0,3750e9764f5e3e02364b4e9b9ccad3a4e2fbfff69c1d50dee75ce3e26375dc3d,planner_dev1696_allmask,0.872977550594464,ok,1.0,962977e974885acd
1.0,1.0,1.0,1.0,2021.10.01.17.52.06_veh-28_01141_01264,1.0,9db2054a28ded15052fe223bfec7cab32d32212dd88562dc6405be80072e0eab,planner_dev1696_allmask,1.0,ok,1.0,9694f4c94c0c55bf
1.0,1.0,1.0,0.9464146847766395,2021.10.01.17.52.06_veh-28_01141_01264,1.0,09987df0a651bac6a4ca26a540cf78d04c361def7fda14ac562dd2f97b6146d0,planner_dev1696_allmask,0.9776727853235997,ok,1.0,97a3fc19fc7b508e
1.0,1.0,1.0,0.974933231595499,2021.10.01.17.52.06_veh-28_01141_01264,1.0,35dd7b22f1915c69ce8ae520a379efb3861cffb0247a768e88a0cce162d2b82c,planner_dev1696_allmask,0.9895555131647913,ok,1.0,a43022f0434c530b
1.0,1.0,1.0,0.8941725446391003,2021.10.01.17.52.06_veh-28_01141_01264,1.0,c441c6665f645ce879555a55287eda4dbe19020ae0201f38140ef63e3535d1e5,planner_dev1696_allmask,0.9559052269329585,ok,1.0,aba976ffd9c451de
1.0,1.0,1.0,0.9211536312235293,2021.10.01.17.52.06_veh-28_01141_01264,1.0,6d5526acb4f5c89a6cf60a05ba7d72383bd1302d34aaa89f13934959fbf7a9e8,planner_dev1696_allmask,0.9671473463431371,ok,1.0,ac7799ea12475109
1.0,1.0,1.0,0.9537594896793745,2021.10.01.17.52.06_veh-28_01141_01264,1.0,26d6d6038c140cbefcf1fd6ee0def6ca76dc3a81043bfcd1e382a8d2c8d2cc82,planner_dev1696_allmask,0.9807331206997394,ok,1.0,ae423ca6966757cf
1.0,1.0,1.0,0.8376560694373768,2021.10.01.17.52.06_veh-28_01141_01264,1.0,68da366cd04f9754903dd81a6c31d50f036c38fcb155766904ad3d93ad939855,planner_dev1696_allmask,0.932356695598907,ok,1.0,b1dfcdc2c85b536b
1.0,1.0,1.0,1.0,2021.10.01.17.52.06_veh-28_01141_01264,1.0,4d3810f1e6a36ec79811c7a29b05115d3c58e8c1b7a68e59e957c73a251d4375,planner_dev1696_allmask,1.0,ok,1.0,c3b1d706a2335cc9
1.0,1.0,1.0,0.9597650813602054,2021.10.01.17.52.06_veh-28_01141_01264,1.0,90537b8ef7b4893a0ce34c730a483be8ddcac3f76a659367f38a1b51f3c374f0,planner_dev1696_allmask,0.9832354505667523,ok,1.0,cf1b07486b655b3a
1.0,1.0,1.0,0.9352474655455888,2021.10.01.17.52.06_veh-28_01141_01264,1.0,607ee95e2d077194c82356a3bdd4404038ce7955ee8106a263ef19512422f878,planner_dev1696_allmask,0.9730197773106619,ok,1.0,d72a31dfc0ec5e11
1.0,1.0,1.0,0.9592807359435392,2021.10.01.17.52.06_veh-28_01141_01264,1.0,4b7bb718e451947c7cb33028aee31e469ec129663f8a45a955015d8d3549026f,planner_dev1696_allmask,0.9830336399764746,ok,1.0,e9be03d5069b52bc
1.0,1.0,1.0,0.8724022159474322,2021.10.01.17.52.06_veh-28_01141_01264,1.0,285c4073e32e11cf06a757b71f26001bcf77646fd94be16a227652fb32a15e3b,planner_dev1696_allmask,0.9468342566447635,ok,1.0,f4188f0f2c17514d
1.0,1.0,1.0,0.807733931906924,2021.06.09.12.06.35_veh-35_01164_01494,1.0,7933c289e94e3f6df7aa178b4c5c1589b61cedfa0b7fb91fc1a93844d23a5acd,planner_dev1696_allmask,0.9198891382945517,ok,1.0,0090af8e15415a95
1.0,1.0,1.0,1.0,2021.06.09.12.06.35_veh-35_01164_01494,1.0,7a98ce79d66c60811654a194c0bd77f9a538b4f867dc2e4d274cfa3c4fce3bcd,planner_dev1696_allmask,1.0,ok,1.0,01d99dddfff055b4
1.0,1.0,1.0,0.8519963945160707,2021.06.09.12.06.35_veh-35_01164_01494,1.0,23c70fc52ec54920a113deebd73267416808bbaeb6b50244ef2b66184651544f,planner_dev1696_allmask,0.9383318310483628,ok,1.0,02036a881c8757cd
1.0,1.0,1.0,0.8095733195581268,2021.06.09.12.06.35_veh-35_01164_01494,1.0,7080a11db762d49e34729d3e4d4ab4240d49d50e2a44ba7cc0a612c9ecde3586,planner_dev1696_allmask,0.9206555498158862,ok,1.0,02831f0823a75275
1.0,1.0,1.0,0.7882290689086991,2021.06.09.12.06.35_veh-35_01164_01494,1.0,ba21a86ddaf0189d12bb4c8bab60dab973ba34deb659086b7b277b9d26413bc1,planner_dev1696_allmask,0.9117621120452913,ok,1.0,052f982083e859d7
1.0,1.0,1.0,1.0,2021.06.09.12.06.35_veh-35_01164_01494,1.0,0ccf20574b6371496202102a589fc9ace1dc10fd1eda9e245b861f46134d0e7b,planner_dev1696_allmask,1.0,ok,1.0,09909af20007564a
1.0,1.0,1.0,0.8157233709627908,2021.06.09.12.06.35_veh-35_01164_01494,1.0,759e7bc4362bb4edb5715d3056f216a458b6422e4c9a9f2467d7d1bbbdc6a9a1,planner_dev1696_allmask,0.9232180712344963,ok,1.0,09a440cb0aeb567a
1.0,1.0,1.0,0.8969546335989129,2021.06.09.12.06.35_veh-35_01164_01494,1.0,621c3eabd5d82673f774dc9658b338964db7cbd92b5f904ed17e098fc378afa6,planner_dev1696_allmask,0.9570644306662137,ok,1.0,0a6a37e522035224
1.0,1.0,1.0,0.8880636483147387,2021.06.09.12.06.35_veh-35_01164_01494,1.0,a0e56655e1c31a023ec4b5c3b2a6e1acfcc4c63c8a02d2be31c18be55332ec44,planner_dev1696_allmask,0.9533598534644745,ok,1.0,1035c6107e4b52d3
1.0,1.0,1.0,0.7002445652313083,2021.06.09.12.06.35_veh-35_01164_01494,1.0,bf06520d4b1c668ce1f75044d7f8cfc135bf7b1a5097d77a2e7a6d6bf3d45851,planner_dev1696_allmask,0.8751019021797118,ok,1.0,108c162aabf552ba
1.0,1.0,1.0,0.6589301581760959,2021.06.09.12.06.35_veh-35_01164_01494,1.0,5d59803fd15689b1c278c7c82761d17a013d72e19ce656d588dfb95d7f55eaa0,planner_dev1696_allmask,0.8578875659067067,ok,1.0,11d448d26126557f
1.0,1.0,1.0,0.7462430174756775,2021.06.09.12.06.35_veh-35_01164_01494,1.0,4da04c168900675506bf9f990ac55f95a967f7311d6c7c639a6ec5723b19962c,planner_dev1696_allmask,0.894267923948199,ok,1.0,12127170e93a53e9
1.0,1.0,1.0,0.946019570371208,2021.06.09.12.06.35_veh-35_01164_01494,1.0,0bebe861a2d135bab11905329a55120af19dccd2624a425b3c3e49db10e10d2d,planner_dev1696_allmask,0.9775081543213368,ok,1.0,147c06dffbdb5bc4
1.0,1.0,1.0,0.8279326992360618,2021.06.09.12.06.35_veh-35_01164_01494,1.0,3dd33315f8f3c290395e885031edb445559043885820465eeb00e6251e5ef78a,planner_dev1696_allmask,0.928305291348359,ok,1.0,1562991f98315d4d
1.0,1.0,1.0,0.8456668419182709,2021.06.09.12.06.35_veh-35_01164_01494,1.0,d5f1f84909a985a197bd9cfb46320cf205ab55659f574c295f9f20a58855e10a,planner_dev1696_allmask,0.9356945174659462,ok,1.0,158eecf778cc5684
1.0,1.0,1.0,1.0,2021.06.09.12.06.35_veh-35_01164_01494,1.0,a7fe58908229f197027ff9220a3f949af94e606f540e9077da45d4cc35cd2e24,planner_dev1696_allmask,1.0,ok,1.0,1cf2faa6760b5e05
1.0,1.0,1.0,0.9303415818187607,2021.06.09.12.06.35_veh-35_01164_01494,1.0,85e5491f3bccf30d5dca1a2b6b47ea63a93e9c0ed4a10f9a14101bb47609780f,planner_dev1696_allmask,0.9709756590911504,ok,1.0,1d0ef99351a95bbb
1.0,1.0,1.0,1.0,2021.06.09.12.06.35_veh-35_01164_01494,1.0,f42d868544c1964afef4158966225dfa938a8ae6347970aafe6ef42ab9c24199,planner_dev1696_allmask,1.0,ok,1.0,1d1a05de41555e8e
1.0,1.0,1.0,1.0,2021.06.09.12.06.35_veh-35_01164_01494,1.0,e589fd58840d8772b308d578a64b492b93f9e6111a71f2e08cd7af44f8687545,planner_dev1696_allmask,1.0,ok,1.0,244393f5bb9f567c
1.0,1.0,1.0,0.9302957201880426,2021.06.09.12.06.35_veh-35_01164_01494,1.0,aa693ad92b27dbe14bce53a77618a5e9243d338be83ae0c7453596eb0341a57f,planner_dev1696_allmask,0.970956550078351,ok,1.0,2450f437ff34588e
1.0,1.0,1.0,0.9574736190460794,2021.06.09.12.06.35_veh-35_01164_01494,1.0,9597034bb8eef26b34c28e0c806261a631cfce26aad38e2b40feb6000610ed8c,planner_dev1696_allmask,0.9822806746025331,ok,1.0,27019672a76d5c98
1.0,1.0,1.0,0.7535610248835566,2021.06.09.12.06.35_veh-35_01164_01494,1.0,de9777353cea9a5ded20a2a3e467392d63c33140bb366b70a09716e47552fedf,planner_dev1696_allmask,0.8973170937014819,ok,1.0,270857aa66a15114
1.0,1.0,1.0,0.8084053846382093,2021.06.09.12.06.35_veh-35_01164_01494,1.0,00c71fca35aac3263667c69b16e56aaab5977850adfe35d6ee3ad00e77e9c8b2,planner_dev1696_allmask,0.9201689102659206,ok,1.0,279398536da35c2b
1.0,1.0,1.0,0.779065069275339,2021.06.09.12.06.35_veh-35_01164_01494,1.0,58a0645aa1dcd2748d05b423e05da844241c974e28658238646274fd3565f2c2,planner_dev1696_allmask,0.9079437788647245,ok,1.0,2bda22fbdbbb50a8
1.0,1.0,1.0,0.7353910516040189,2021.06.09.12.06.35_veh-35_01164_01494,1.0,e4d46404969a70526f02e991aa3541dd2225cebd07d194fa3b93fc6122a85132,planner_dev1696_allmask,0.8897462715016745,ok,1.0,2e524a06f4bc59e8
1.0,1.0,1.0,0.8438002375521146,2021.06.09.12.06.35_veh-35_01164_01494,1.0,a179acabe5c8c191bac5a9441d01a63298aae3b15cd343c34e61520c9dad8bc0,planner_dev1696_allmask,0.9349167656467143,ok,1.0,2fb80e8e9597522f
1.0,1.0,1.0,0.811004832523708,2021.06.09.12.06.35_veh-35_01164_01494,1.0,7f79c86fe69e3076cdf20b6265e9d3597f5c7a166e43d655bd9d23138cc14cfc,planner_dev1696_allmask,0.9212520135515451,ok,1.0,2fffb118c5535879
1.0,1.0,1.0,0.803418957288061,2021.06.09.12.06.35_veh-35_01164_01494,1.0,bb71eda8e186e82527316df764c1a7f53021e0bf2d4614215f62ca37a724c8e5,planner_dev1696_allmask,0.9180912322033588,ok,1.0,31c10b004a0d5f1e
1.0,1.0,1.0,0.9453762721477756,2021.06.09.12.06.35_veh-35_01164_01494,1.0,f1c394e2ab1de2c7afc0a67bab7eed7cdb5fec7856341b2b97a2a7173dbc15b0,planner_dev1696_allmask,0.9772401133949066,ok,1.0,32940e6a93e95fd5
1.0,1.0,1.0,0.7966234582788346,2021.06.09.12.06.35_veh-35_01164_01494,1.0,1363110b176adfab3210240e337aea5410bf45d2ce951ce1dd5aa15862f18393,planner_dev1696_allmask,0.9152597742828478,ok,1.0,329eb6cc8c325f71
1.0,1.0,1.0,0.9083860487606477,2021.06.09.12.06.35_veh-35_01164_01494,1.0,fef4147bc314ccd76f65613350f1f436c08aeff8caf1738fcc8f35861b01d7f8,planner_dev1696_allmask,0.9618275203169365,ok,1.0,36a87f95e5a05e75
1.0,1.0,1.0,0.7781640794098578,2021.06.09.12.06.35_veh-35_01164_01494,1.0,2d54825548d664cc1b7f3af25aba1434b099a13da30aa9407ac6fbe33fa4c95e,planner_dev1696_allmask,0.9075683664207741,ok,1.0,3746d6f474565ca0
1.0,1.0,1.0,1.0,2021.06.09.12.06.35_veh-35_01164_01494,1.0,8cc30117fbfeb419c81bd01ed4a5b67dce3a69e0521d908d4bad3dcd1b1bb120,planner_dev1696_allmask,1.0,ok,1.0,3c0e5824b0785582
1.0,1.0,1.0,0.7986841884829919,2021.06.09.12.06.35_veh-35_01164_01494,1.0,20dcd6680128c0e50a63d95a5a24156a43f88d54d23dbba34ca059fe91a50f2c,planner_dev1696_allmask,0.9161184118679134,ok,1.0,3c6c773db2f558e5
1.0,1.0,1.0,0.9837184663469521,2021.06.09.12.06.35_veh-35_01164_01494,1.0,8313f71840fda2e154884fe8d394532543597bab06b8e7a2dfeef6702585c22e,planner_dev1696_allmask,0.9932160276445634,ok,1.0,3f69fae28f2b5905
1.0,1.0,1.0,0.9238703398046915,2021.06.09.12.06.35_veh-35_01164_01494,1.0,f66bdd527a328cf5a5a929c845828a19bbb3b3d78afaff05cbcf913f4a6b867f,planner_dev1696_allmask,0.9682793082519549,ok,1.0,3f83ff89a0b8508a
1.0,1.0,1.0,0.8148648757100211,2021.06.09.12.06.35_veh-35_01164_01494,1.0,a28026986736266968037825f85739d5dff0a1fdf741248b22c1247ce32f839c,planner_dev1696_allmask,0.9228603648791754,ok,1.0,3fdaab2718695484
1.0,1.0,1.0,0.9638961497928464,2021.06.09.12.06.35_veh-35_01164_01494,1.0,97df87146a423b51717797919a66c343430c89742aff5ae52c8864d90f05e7c3,planner_dev1696_allmask,0.9849567290803526,ok,1.0,42ba979bc4555510
1.0,1.0,1.0,0.8699068526929806,2021.06.09.12.06.35_veh-35_01164_01494,1.0,4ba0e07c88b372079c4341723a58bec0754d3aa8642545093ea09abe4baaec11,planner_dev1696_allmask,0.9457945219554086,ok,1.0,433f5b72f4465952
1.0,1.0,1.0,0.6868035168784293,2021.06.09.12.06.35_veh-35_01164_01494,1.0,c8a6a7537f022da2f512c2d80384f8502e0847c8e91594fa23fab7e8d70171d3,planner_dev1696_allmask,0.8695014653660121,ok,1.0,473469a94bd255b5
1.0,1.0,1.0,0.949987395128799,2021.06.09.12.06.35_veh-35_01164_01494,1.0,04874ba4b5efdf2fbf887f57c782bcff1188ea1fb06cdd140d44648d9889deab,planner_dev1696_allmask,0.9791614146369995,ok,1.0,48ff23d4f1d15802
1.0,1.0,1.0,0.7915975041886002,2021.06.09.12.06.35_veh-35_01164_01494,1.0,450a4024902c231cd7d63b2a892a25cd82da9ba7e622d8eceadeabaeb73c5f0d,planner_dev1696_allmask,0.91316562674525,ok,1.0,4aa20b4afd5d585e
1.0,1.0,1.0,0.876271539345807,2021.06.09.12.06.35_veh-35_01164_01494,1.0,e6611ef928e21316674fe91bb8566bc129dec437e769d72db33f92771e6536ba,planner_dev1696_allmask,0.9484464747274196,ok,1.0,4b0684256b7c514b
1.0,1.0,1.0,0.8758276128331082,2021.06.09.12.06.35_veh-35_01164_01494,1.0,983abe060ce7c72e5075adf89c442f40d78a369653392c86a62e260f61337612,planner_dev1696_allmask,0.9482615053471285,ok,1.0,4c353752376d5c25
1.0,1.0,1.0,0.8051318821708154,2021.06.09.12.06.35_veh-35_01164_01494,1.0,19fd9437757331f15b1759c3a4462b3c7af8bc8288b08cdec8865cb9f4ea133c,planner_dev1696_allmask,0.9188049509045064,ok,1.0,50b0ab9dfc405cae
1.0,1.0,1.0,0.8479742201810444,2021.06.09.12.06.35_veh-35_01164_01494,1.0,a12935bc310e5c8920f3f2acef802d482022b9900503225e108241035691cd78,planner_dev1696_allmask,0.9366559250754353,ok,1.0,54ea093eed9f5c7f
1.0,1.0,1.0,1.0,2021.06.09.12.06.35_veh-35_01164_01494,1.0,d5c425271102ca8a4f9ea6d0a11580d5fd21fdb850cde95b48815afe71de5110,planner_dev1696_allmask,1.0,ok,1.0,55d627edf1c05c6c
1.0,1.0,1.0,0.8814924655584065,2021.06.09.12.06.35_veh-35_01164_01494,1.0,f89281b15de3c1710a28baecd0c65c0f6c9e910cf502a699a3237dc6827bf0c8,planner_dev1696_allmask,0.9506218606493361,ok,1.0,592e6aa71cc85423
1.0,1.0,1.0,0.7854341750895284,2021.06.09.12.06.35_veh-35_01164_01494,1.0,e44a9e9cbb9b6785c3d084b067502993076b4ac8f6e4ad61d62e011b93f2db5d,planner_dev1696_allmask,0.9105975729539701,ok,1.0,5980823125de5b77
1.0,1.0,1.0,0.9108911401269957,2021.06.09.12.06.35_veh-35_01164_01494,1.0,3c49666711f560ae477cb2c9d9f80a17eb78c3c3af45ffd47d344bed4b6cc911,planner_dev1696_allmask,0.9628713083862482,ok,1.0,59cd72291d1b5c61
1.0,1.0,1.0,0.8155319585554729,2021.06.09.12.06.35_veh-35_01164_01494,1.0,10b7eae40fc4f0c14ecd997886c4a740099359e5492ef74aabae4fdcd7f18285,planner_dev1696_allmask,0.9231383160647804,ok,1.0,5b1c7c1d71e85bd9
1.0,1.0,1.0,0.9529972238371314,2021.06.09.12.06.35_veh-35_01164_01494,1.0,46c4872e220c524e700856d839a841b111e81f696ca3129467aeb416b68e025e,planner_dev1696_allmask,0.9804155099321381,ok,1.0,5b9d89b5e90257d8
1.0,1.0,1.0,0.9758519904981631,2021.06.09.12.06.35_veh-35_01164_01494,1.0,45fc7e07bb4e86ccd2e1f2b4c2872159494d61a92d4ce830fae8cbbbbdd8ddbc,planner_dev1696_allmask,0.9899383293742346,ok,1.0,5d2ee5c23b555bac
1.0,1.0,1.0,0.9078917094138006,2021.06.09.12.06.35_veh-35_01164_01494,1.0,f32cfd6075d4f057eda346d02c021bfaed08a30f6e6164fc5760dd0d1827e304,planner_dev1696_allmask,0.9616215455890836,ok,1.0,5fec23f5a5d052cd
1.0,1.0,1.0,0.7499052090380527,2021.06.09.12.06.35_veh-35_01164_01494,1.0,03e0b109bc571e23af6bbe5d607bafe1f74945f68c60a93aefd52cbc6d4a2963,planner_dev1696_allmask,0.8957938370991886,ok,1.0,633ee0b9bc865394
1.0,1.0,1.0,0.8090067290442019,2021.06.09.12.06.35_veh-35_01164_01494,1.0,1e584be5d41d9b8f0ebd1411f770413d0e14c2cc664bb85e56a0743681a54bf4,planner_dev1696_allmask,0.9204194704350841,ok,1.0,679848c50acb5b02
1.0,1.0,1.0,1.0,2021.06.09.12.06.35_veh-35_01164_01494,1.0,7a9b41b68669dd2fc7143f160b8698b7286bcd54fdd14736f4c1f48440d9b2c1,planner_dev1696_allmask,1.0,ok,1.0,694febdb81105aa6
1.0,1.0,1.0,0.7531848770855325,2021.06.09.12.06.35_veh-35_01164_01494,1.0,2ebb862924934d790d18fe62f149966b87928077d3ffcce05c4f18e3b1cff0ab,planner_dev1696_allmask,0.8971603654523053,ok,1.0,6a9a24d0bacf5229
1.0,1.0,1.0,0.957647867297258,2021.06.09.12.06.35_veh-35_01164_01494,1.0,82486133ae1ca2ef4f28ff245f9a0ba9e95e5550f556ada64f6749604a95e7a5,planner_dev1696_allmask,0.9823532780405242,ok,1.0,6ee8095e2d8b599c
1.0,1.0,1.0,1.0,2021.06.09.12.06.35_veh-35_01164_01494,1.0,a40b129c3fb4689825968b4651cce767a2682b1b9c344271ee5501951a96c9cd,planner_dev1696_allmask,1.0,ok,1.0,6f6d3439591151c0
1.0,1.0,1.0,0.8752495690580722,2021.06.09.12.06.35_veh-35_01164_01494,1.0,1ebb5233d52acdb2f9843cc86bb1c612421110f449a0b4dc4deb4e1c3708dd37,planner_dev1696_allmask,0.9480206537741968,ok,1.0,6fcb034448195e87
1.0,1.0,1.0,0.9400265590623985,2021.06.09.12.06.35_veh-35_01164_01494,1.0,93b74fb833a088cedc4eba696765740591183a52da7fb0d04e34f015753d18f8,planner_dev1696_allmask,0.9750110662759993,ok,1.0,703f27b09d325c11
1.0,1.0,1.0,0.9157762660450165,2021.06.09.12.06.35_veh-35_01164_01494,1.0,4c84df6f0a62b261b69bada54a19e026fc2d3505ce1278f45438d283713a9d36,planner_dev1696_allmask,0.964906777518757,ok,1.0,70c37dde93f25c64
1.0,1.0,1.0,0.9211872705272612,2021.06.09.12.06.35_veh-35_01164_01494,1.0,7cfd391790a8ab7e2b0695a26dbbdbd955136c55d8816e2e08a7cad1781044f7,planner_dev1696_allmask,0.9671613627196921,ok,1.0,72ba153a1fc059c6
1.0,1.0,1.0,0.949884849526343,2021.06.09.12.06.35_veh-35_01164_01494,1.0,9295ae935f833d0397678f16374fb67230739952fac885cd8335c296a792af1d,planner_dev1696_allmask,0.979118687302643,ok,1.0,74c5a4e255b950f7
1.0,1.0,1.0,1.0,2021.06.09.12.06.35_veh-35_01164_01494,1.0,a7a37ac429f7ddc07aa811e0e3565f966581a61eb12e900c14d565de172c5185,planner_dev1696_allmask,1.0,ok,1.0,78bd4a0ea3e35682
1.0,1.0,1.0,1.0,2021.06.09.12.06.35_veh-35_01164_01494,1.0,45fd549f5935971aca108acbffb9dceeb488b9ea8b187499af7dd0560b054010,planner_dev1696_allmask,1.0,ok,1.0,7d14dc9e1394504c
1.0,1.0,1.0,0.7909541656503449,2021.06.09.12.06.35_veh-35_01164_01494,1.0,9011547de98e3e7728eec590cb5675dc48b64f584d0b7d9beb38b8e86b26c63d,planner_dev1696_allmask,0.9128975690209771,ok,1.0,7dc37d18911457a8
1.0,1.0,1.0,0.9452990777423309,2021.06.09.12.06.35_veh-35_01164_01494,1.0,dc426ec379f6417e9946d3d7bca88296f2224e975b01593215a711cea3057b53,planner_dev1696_allmask,0.9772079490593045,ok,1.0,7e664b90d195584d
1.0,1.0,1.0,1.0,2021.06.09.12.06.35_veh-35_01164_01494,1.0,37b2251d6d07720dfbb5bd7b7ba4d035ab0da1613231478255389e84130a1e0b,planner_dev1696_allmask,1.0,ok,1.0,7e682022c639513c
1.0,1.0,1.0,1.0,2021.06.09.12.06.35_veh-35_01164_01494,1.0,9989480c4abf9e51c991bb0e1b6e46a9fd5a7b56ae49dc4900bb42e4faabb440,planner_dev1696_allmask,1.0,ok,1.0,7eb9806c2ac25fd6
1.0,1.0,1.0,0.8519183870828306,2021.06.09.12.06.35_veh-35_01164_01494,1.0,5a5d93b0e4dd12e2caa558c570c9b1cab7857231675efa49e2e3def5108b0998,planner_dev1696_allmask,0.9382993279511794,ok,1.0,8381aa53dbb55c90
1.0,1.0,1.0,1.0,2021.06.09.12.06.35_veh-35_01164_01494,1.0,48b9c54ec0b465e084c933a16f11eb8be0a91053a351db16e79d47da074d9ac8,planner_dev1696_allmask,1.0,ok,1.0,8bb9b664551e5148
1.0,1.0,1.0,0.753915387047831,2021.06.09.12.06.35_veh-35_01164_01494,1.0,69f05a03aaf1ec86d6905a2696c270947ddcf860694f091801d6263b64512d55,planner_dev1696_allmask,0.8974647446032629,ok,1.0,8fc1509fbdee54ac
1.0,1.0,1.0,0.9868067849375366,2021.06.09.12.06.35_veh-35_01164_01494,1.0,5e85925834354561586a8b47381d8289db20091981f84523654923c24a7e296c,planner_dev1696_allmask,0.9945028270573069,ok,1.0,9453e27e0bc25019
1.0,1.0,1.0,0.843089683222971,2021.06.09.12.06.35_veh-35_01164_01494,1.0,adc9e748e107badb205ba0abc4426ec7a92fd39089a9156bc26a17d714c190a6,planner_dev1696_allmask,0.9346207013429045,ok,1.0,946cb4c69bd85da6
1.0,1.0,1.0,0.8416652787980574,2021.06.09.12.06.35_veh-35_01164_01494,1.0,16dabc72253d70f8a41f1113af05bb4922764aa4ab9f1de92af0669b960205ec,planner_dev1696_allmask,0.9340271994991906,ok,1.0,97b60971053a5a8f
1.0,1.0,1.0,0.8911504102970754,2021.06.09.12.06.35_veh-35_01164_01494,1.0,4caba23fdb86417bba23b8a3aa91e70431ad7eb8fd7c69a9c2c56ca0735909aa,planner_dev1696_allmask,0.954646004290448,ok,1.0,99ded0a5f4475071
1.0,1.0,1.0,0.7030882138627618,2021.06.09.12.06.35_veh-35_01164_01494,1.0,3130530cc34ba09165421c1c747715f59ab4031e8cdc4d7c34a2e11f26256e4c,planner_dev1696_allmask,0.8762867557761508,ok,1.0,9a3297e2227653e7
1.0,1.0,1.0,0.8237591445433314,2021.06.09.12.06.35_veh-35_01164_01494,1.0,36b1ae34b11c22131959759aff2aa43f4babf85ad7cc8816a0fb5edbd282feee,planner_dev1696_allmask,0.926566310226388,ok,1.0,9b3708708fbd550f
1.0,1.0,1.0,0.8154811878243459,2021.06.09.12.06.35_veh-35_01164_01494,1.0,084a2549b2a7892e7829dba6beacaa7a0cb77a657ba30bb4494b21cd12cd2d4c,planner_dev1696_allmask,0.9231171615934773,ok,1.0,9cb570dc6b2b5355
1.0,1.0,1.0,0.7860161896471076,2021.06.09.12.06.35_veh-35_01164_01494,1.0,31cd396aa8a4914c56d9d782ce0374d26c5059b9d754effe0ed471872bdc30d5,planner_dev1696_allmask,0.9108400790196282,ok,1.0,a1722fd06916560d
1.0,1.0,1.0,0.7222947751932984,2021.06.09.12.06.35_veh-35_01164_01494,1.0,e3eaf31eed59e4dfbcad823356937b3b7e000116ddca423890a0e80dbee1fbe0,planner_dev1696_allmask,0.8842894896638743,ok,1.0,a22e6b1ef8655ecf
1.0,1.0,1.0,1.0,2021.06.09.12.06.35_veh-35_01164_01494,1.0,3566f7e22a21b5186e45248a03ade4e3452256b6bd46175d6efc4d66c302c955,planner_dev1696_allmask,1.0,ok,1.0,a30635daffc75118
1.0,1.0,1.0,0.9705635452961503,2021.06.09.12.06.35_veh-35_01164_01494,1.0,4109fdf6f5d2adfa00de50d806eae92c606a40f873a20de9a62399d8c5cfc103,planner_dev1696_allmask,0.9877348105400626,ok,1.0,a61c2bbd0f3d5d8b
1.0,1.0,1.0,1.0,2021.06.09.12.06.35_veh-35_01164_01494,1.0,169913f2428bb5c175582a63a85988a7ba21acac3596e971b61f15119d7d5774,planner_dev1696_allmask,1.0,ok,1.0,af72d87120a75e89
1.0,1.0,1.0,0.9025219194304296,2021.06.09.12.06.35_veh-35_01164_01494,1.0,588c75b3a0077740ed3b6e0590e50f48a39682a023092783e58583f27031d48f,planner_dev1696_allmask,0.9593841330960123,ok,1.0,b007973e1a8c56cb
1.0,1.0,1.0,0.7779348488228662,2021.06.09.12.06.35_veh-35_01164_01494,1.0,bd52a2bd86921e9bd95b1984fbfe1238ddd548c73c9b588604991566e9a1a754,planner_dev1696_allmask,0.9074728536761943,ok,1.0,b23ede9a183b5b71
1.0,1.0,1.0,0.6452429405031582,2021.06.09.12.06.35_veh-35_01164_01494,1.0,5b59c87dda97b1eed29dc967326f7bafe6fb7eb818095d64cd300896a74220fe,planner_dev1696_allmask,0.8521845585429825,ok,1.0,b5de22e724db5143
1.0,1.0,1.0,0.9326601419702134,2021.06.09.12.06.35_veh-35_01164_01494,1.0,8cc60d8029af328fb23f850e6781dc74885e48c8b06c67aa03fc7cf4cd562516,planner_dev1696_allmask,0.9719417258209223,ok,1.0,b6aac26e82e05762
1.0,1.0,1.0,0.9247489894779601,2021.06.09.12.06.35_veh-35_01164_01494,1.0,2afcfa970abbe3e07a90394256983daca7df84462e91434ca29ff4093448c6bb,planner_dev1696_allmask,0.9686454122824834,ok,1.0,b7bf330d5c115db3
1.0,1.0,1.0,1.0,2021.06.09.12.06.35_veh-35_01164_01494,1.0,cd220d03cc5a18c7bd5d8a10b68320351a5b2380999d9feb2a903c18fb4f915f,planner_dev1696_allmask,1.0,ok,1.0,b91fedc2a88751e1
1.0,1.0,1.0,1.0,2021.06.09.12.06.35_veh-35_01164_01494,1.0,ffe6269a6b5b4aa50c2085ba10de855ea83848eb463ae12b8b454d7024c34f28,planner_dev1696_allmask,1.0,ok,1.0,be8cd276bd665f61
1.0,1.0,1.0,1.0,2021.06.09.12.06.35_veh-35_01164_01494,1.0,70570e2d7aba1e234ee4c9ac8b6f3f503bbf0d74ecee1554103b3c7f1bc35b82,planner_dev1696_allmask,1.0,ok,1.0,c1e04a28d50f5105
1.0,1.0,1.0,1.0,2021.06.09.12.06.35_veh-35_01164_01494,1.0,b65ca97582a425a71943b1c0c709bddd4edd45092fb4eeb7c305a455ce247d48,planner_dev1696_allmask,1.0,ok,1.0,c588c26050e057b1
1.0,1.0,1.0,1.0,2021.06.09.12.06.35_veh-35_01164_01494,1.0,0d4baa61fd5b168df001310cf62222d1eefb3ebb50967c4f5157bbbe4e609c43,planner_dev1696_allmask,1.0,ok,1.0,c8b5826567975fc0
1.0,1.0,1.0,1.0,2021.06.09.12.06.35_veh-35_01164_01494,1.0,902bb109b1393e9a1b0a77c2579c18e317eedfcc651038d27aea42af9278b7b5,planner_dev1696_allmask,1.0,ok,1.0,ca626e7ddb9c5a11
1.0,1.0,1.0,0.863129244436933,2021.06.09.12.06.35_veh-35_01164_01494,1.0,8ff279285a111a166d753b3634f43709be6953c6bc12e3d9f32d4f1462eb180c,planner_dev1696_allmask,0.9429705185153887,ok,1.0,cd880952086a553c
1.0,1.0,1.0,0.9057318995442534,2021.06.09.12.06.35_veh-35_01164_01494,1.0,9ed7dea70ecfe02398781d869b5fe853657a81c9cffb1029f2f11cedba18abd4,planner_dev1696_allmask,0.9607216248101057,ok,1.0,cf11598e8f995d83
1.0,1.0,1.0,0.8428349838028721,2021.06.09.12.06.35_veh-35_01164_01494,1.0,e526f11e57f8fd42085e66f54b920589dac17db56016d0a5bdbba7aa5a7995d4,planner_dev1696_allmask,0.9345145765845301,ok,1.0,d1fc6c37998c5b40
1.0,1.0,1.0,1.0,2021.06.09.12.06.35_veh-35_01164_01494,1.0,0420d2612aefde01e420e8f1f85e135ade9db5e02f295c9d5ac812d96b23a00b,planner_dev1696_allmask,1.0,ok,1.0,d3addd2ca8c15a58
1.0,1.0,1.0,0.9145416684023153,2021.06.09.12.06.35_veh-35_01164_01494,1.0,458e2661c49d459d858b72564f58483fdee272613a18e277fd9344c9116f217e,planner_dev1696_allmask,0.9643923618342981,ok,1.0,d9d4ea61407b50cf
1.0,1.0,1.0,0.7941322217027114,2021.06.09.12.06.35_veh-35_01164_01494,1.0,12c571b7c2d314678f774ceb9bcf1eb32c5a12b7d462255787f00510d4caa4fa,planner_dev1696_allmask,0.9142217590427965,ok,1.0,dcc745e412fe5fbd
1.0,1.0,1.0,0.863620045741065,2021.06.09.12.06.35_veh-35_01164_01494,1.0,037393a10b77ab96524a0a64786ef4d81c25533d525a910d21747058a0e2021c,planner_dev1696_allmask,0.9431750190587772,ok,1.0,e0aa4d3682c6594a
1.0,1.0,1.0,0.9009370736387615,2021.06.09.12.06.35_veh-35_01164_01494,1.0,552ebb3a55c68203dd3f97451e5fb883f39c0fa78bb5645bb5cdf71ae7de6b8a,planner_dev1696_allmask,0.9587237806828174,ok,1.0,e2ff3a9fc9e0580d
1.0,1.0,1.0,0.7811768295826825,2021.06.09.12.06.35_veh-35_01164_01494,1.0,fdca35153f76342dce286294220019d9812e75fab794e0d092b9fc647c7c3a47,planner_dev1696_allmask,0.9088236789927843,ok,1.0,e59bd5d207065b9a
1.0,1.0,1.0,1.0,2021.06.09.12.06.35_veh-35_01164_01494,1.0,c37ffcdd33d34617ea7242546567ade91c2abe6853150e9af8ccab34260c157d,planner_dev1696_allmask,1.0,ok,1.0,e80eed1fab2c5cfd
1.0,1.0,1.0,0.7346634700135075,2021.06.09.12.06.35_veh-35_01164_01494,1.0,378b2239c2d9d6e5b0c74e415192e878bbb93265c104958056b40b10c505c295,planner_dev1696_allmask,0.8894431125056282,ok,1.0,e8f2bc430a065486
1.0,1.0,1.0,0.8771879580560611,2021.06.09.12.06.35_veh-35_01164_01494,1.0,5b256ce2db642fbcd09e12d0cad87710a5de45cbf4710cc492d00de58c03779a,planner_dev1696_allmask,0.9488283158566921,ok,1.0,ef10184224ba5d25
1.0,1.0,1.0,1.0,2021.06.09.12.06.35_veh-35_01164_01494,1.0,a09552fafb4f602acc396773519baccc8adffd301073216fe854a35041868b22,planner_dev1696_allmask,1.0,ok,1.0,ef7fb7627f735a41
1.0,1.0,1.0,0.6393327841492293,2021.06.09.12.06.35_veh-35_01164_01494,1.0,5a7701383a3a697cd755d20bf19b0a96c34b73b43f9c741ff738e946e1b9fa77,planner_dev1696_allmask,0.8497219933955122,ok,1.0,f56dfbb996385805
1.0,1.0,1.0,0.9124223000714355,2021.06.09.12.06.35_veh-35_01164_01494,1.0,fa9ed01f3a6646f90e13c2d571e60af4f2e4af9e39d921541ee5fd1a6317d126,planner_dev1696_allmask,0.9635092916964315,ok,1.0,faa10d766e1e5675
1.0,1.0,1.0,0.6360767354729137,2021.06.09.12.06.35_veh-35_01164_01494,1.0,37791fdb5b11addda5d65394ddcf75afc838f6a7f19653b45c3d52de3437beb2,planner_dev1696_allmask,0.8483653064470474,ok,1.0,fba4ada6e76d51d5
1.0,1.0,1.0,0.7724299987147482,2021.06.09.12.06.35_veh-35_01164_01494,1.0,deaedc3093c60b9dd67a01176e7c46dc2f817251d611a1455237e12583751749,planner_dev1696_allmask,0.9051791661311451,ok,1.0,fdc30f8fc86655b0
1.0,1.0,1.0,0.7421224958875667,2021.06.09.12.06.35_veh-35_01164_01494,1.0,b996e902f78df49eafac6e9ace11b751e8368353aea7e14e148ffedd9fae14b1,planner_dev1696_allmask,0.8925510399531529,ok,1.0,ffd3019de9f75d89
1.0,1.0,1.0,0.8060330543567588,2021.07.09.15.53.28_veh-38_00184_02293,1.0,72151ecec756b8396620648cec9b88725f4592ba5f9967ff5d9ca6314a08ec6d,planner_dev1696_allmask,0.9191804393153161,ok,1.0,0034182453455593
1.0,1.0,1.0,1.0,2021.07.09.15.53.28_veh-38_00184_02293,1.0,d4f9919ee8c9f67820c65077b1f171e7aae3436a1345742a3c44077007189a3f,planner_dev1696_allmask,1.0,ok,1.0,0063186407485185
1.0,1.0,1.0,0.8529563101970727,2021.07.09.15.53.28_veh-38_00184_02293,1.0,17bd286991cc18b62f08efb0e979f04ce070867f15a3c032dc0e9d375ec754cf,planner_dev1696_allmask,0.938731795915447,ok,1.0,00bf064b40495a06
1.0,1.0,1.0,1.0,2021.07.09.15.53.28_veh-38_00184_02293,1.0,e5cf665fb90316b057e5bd61c011c84cbf153a9c1a8d6d25acd263f704f8bb81,planner_dev1696_allmask,1.0,ok,1.0,00e32fcdcf455ae8
1.0,1.0,1.0,1.0,2021.07.09.15.53.28_veh-38_00184_02293,1.0,d54491a8a559a04617aaf84d5da1bc1ea128a82fb66bfddbe926302beef656a9,planner_dev1696_allmask,1.0,ok,1.0,016139f70ba255f4
1.0,1.0,1.0,0.9316775691561349,2021.07.09.15.53.28_veh-38_00184_02293,1.0,9d1fbd40f300de4a58815c0d1bfcba28fc32f690ec1fefe8a3aca1e07a35c478,planner_dev1696_allmask,0.9715323204817228,ok,1.0,017f6ea65a675bd0
1.0,1.0,1.0,0.883695993866619,2021.07.09.15.53.28_veh-38_00184_02293,1.0,e7bcfbf4e9b08b270886fe74c9bf06eff84e4304f7b84a22870ac1dce7e714e5,planner_dev1696_allmask,0.9515399974444246,ok,1.0,019be72ca2035269
1.0,1.0,1.0,1.0,2021.07.09.15.53.28_veh-38_00184_02293,1.0,6bba4a72d1bc69510136bbd39a003133c27e6081129fc8a47382bb14a605545f,planner_dev1696_allmask,1.0,ok,1.0,01f29c09064f597d
1.0,1.0,1.0,1.0,2021.07.09.15.53.28_veh-38_00184_02293,1.0,baf401b1d2b40313e32027a080f567c6ac85eec40e567e40b8e1306a0de2cac2,planner_dev1696_allmask,1.0,ok,1.0,02271efb56ca5e62
1.0,1.0,1.0,0.9558453824929336,2021.07.09.15.53.28_veh-38_00184_02293,1.0,6fe85f83211bdc2676c3a26dbff578f88d2fe7fcdc9886ad1a8dd87d4ae166ff,planner_dev1696_allmask,0.9816022427053891,ok,1.0,0242cf7ebae4537a
1.0,1.0,1.0,1.0,2021.07.09.15.53.28_veh-38_00184_02293,1.0,8a1b56b068228776570c0f81f9bb2081baf42081abecc0e15c6211971b463a2d,planner_dev1696_allmask,1.0,ok,1.0,039d81c335fa5830
1.0,1.0,1.0,1.0,2021.07.09.15.53.28_veh-38_00184_02293,1.0,ac73bf17eca8a894859f12dbc4e82605daf5aad0d6475e44b067193e4d652ee9,planner_dev1696_allmask,1.0,ok,1.0,03d3158b8faf5c81
1.0,1.0,1.0,0.637969608851864,2021.07.09.15.53.28_veh-38_00184_02293,1.0,52b0001e1530ae6958f0ae1ee15d849d3a20dc3c570b22c4f9085b421a7dbe38,planner_dev1696_allmask,0.8491540036882768,ok,1.0,03fe497641cc5a31
1.0,0.0,1.0,0.0,2021.07.09.15.53.28_veh-38_00184_02293,1.0,b70c1bcdcb43c425eaac0604a851afb68f25db31f1b677641e7479f1cd23a4a5,planner_dev1696_allmask,0.0,ok,1.0,0454457b4d6a5d20
1.0,1.0,1.0,1.0,2021.07.09.15.53.28_veh-38_00184_02293,1.0,54385a1b65b3291dc7fabc22d748117822718802c9f7732d7691e9551bee4c16,planner_dev1696_allmask,1.0,ok,1.0,04db6d7b763754ac
1.0,0.0,1.0,0.0,2021.07.09.15.53.28_veh-38_00184_02293,1.0,33302ca502c855a1a7d740cbd2e28d50ba1ea423447c9dadbe75b320be6ed502,planner_dev1696_allmask,0.0,ok,1.0,04eb8d64f2795c58
1.0,1.0,1.0,1.0,2021.07.09.15.53.28_veh-38_00184_02293,1.0,7fd78a50cc186a9afc1a5febbf97a477c4eeeff32bd9103fdca29de2c4edf73d,planner_dev1696_allmask,1.0,ok,1.0,0683a44547c053e2
1.0,1.0,1.0,0.8225510340590734,2021.07.09.15.53.28_veh-38_00184_02293,1.0,e46b18d42e5e007edc44393411011275daae6ee847f34b3dff8e5fb976c9eeb3,planner_dev1696_allmask,0.9260629308579472,ok,1.0,06c973b2073057ab
1.0,1.0,1.0,1.0,2021.07.09.15.53.28_veh-38_00184_02293,1.0,b518f554fa22d133c883a4f7aab02189b8359c5411d282dba00f60d80258965d,planner_dev1696_allmask,1.0,ok,1.0,06f9275753de5cb6
1.0,1.0,1.0,1.0,2021.07.09.15.53.28_veh-38_00184_02293,1.0,50ccaa46a9ada15e44f6f9a7a76c8e259fe8fe6b9d0d69e2fcd79bbcb3f86057,planner_dev1696_allmask,1.0,ok,1.0,07667d039f5755fc
1.0,1.0,1.0,0.771974337070077,2021.07.09.15.53.28_veh-38_00184_02293,1.0,8177a061ff8854d395dc852ad7f7e5b99faa0677ba26119caf22e649136111b9,planner_dev1696_allmask,0.904989307112532,ok,1.0,0818730194515784
1.0,1.0,1.0,1.0,2021.07.09.15.53.28_veh-38_00184_02293,1.0,1e6a0fd59409f8bf1441fc3bf195d520cc46254aa9bbf49d7ed1dfdda8ec2646,planner_dev1696_allmask,1.0,ok,1.0,0845cc2551fa5e03
1.0,1.0,1.0,1.0,2021.07.09.15.53.28_veh-38_00184_02293,1.0,22642e48174e0ee9461de077d0713f23d84f21a8acbadb61b84d7c9d54ec02b6,planner_dev1696_allmask,1.0,ok,1.0,08b90ea812f95157
1.0,1.0,1.0,1.0,2021.07.09.15.53.28_veh-38_00184_02293,1.0,34675730aef7cfcf4cc5da17c23441060d40444038fe0e43e8039ff261a3d916,planner_dev1696_allmask,1.0,ok,1.0,08e86035c86c59cf
1.0,1.0,1.0,0.85980494061898,2021.07.09.15.53.28_veh-38_00184_02293,1.0,693d943adf1f4762f88fa5058807765f808052182133157d6a599067bbc2bc5a,planner_dev1696_allmask,0.941585391924575,ok,1.0,08fef85e66fe56c4
1.0,1.0,1.0,0.942395198501852,2021.07.09.15.53.28_veh-38_00184_02293,1.0,0997c7149d78182ce9c15554e428359d0fd8efe6fbf79f768bcea69535161e5f,planner_dev1696_allmask,0.9759979993757716,ok,1.0,0a508df3445152b0
1.0,1.0,1.0,0.8180159812149125,2021.07.09.15.53.28_veh-38_00184_02293,1.0,13b995b819c83584d5d9cc28197ac72841b75f22330490a73c8c2f64c0b5a16e,planner_dev1696_allmask,0.9241733255062136,ok,1.0,0b19cdb05d2c5e68
1.0,1.0,1.0,0.818829778268226,2021.07.09.15.53.28_veh-38_00184_02293,1.0,712fd1c73d53c03a9668709a9dc4d969aa0bb40cd6f51cdaa2ac46a0c0deec11,planner_dev1696_allmask,0.9245124076117609,ok,1.0,0b22e62e12cf5607
1.0,1.0,1.0,0.741904409363317,2021.07.09.15.53.28_veh-38_00184_02293,1.0,8bbc161fe08a6f50ac22109db7a217235617ebb3fa92a5c5d4eb2d685b91036f,planner_dev1696_allmask,0.8924601705680487,ok,1.0,0b67d7e9536256af
1.0,1.0,1.0,1.0,2021.07.09.15.53.28_veh-38_00184_02293,1.0,16f78926becc3f672b3a0b7c17fdfdc79f06b92de692e4c692c8223d2c03b141,planner_dev1696_allmask,1.0,ok,1.0,0c6651f095895012
1.0,1.0,1.0,0.9554232387678443,2021.07.09.15.53.28_veh-38_00184_02293,1.0,15daf28d782228c994d42bd5532b44f820b7dd455aca4ac31aed0616331841dd,planner_dev1696_allmask,0.9814263494866018,ok,1.0,0c71f6071ee054a8
1.0,1.0,1.0,1.0,2021.07.09.15.53.28_veh-38_00184_02293,1.0,8268c50518e2ddcdb5ccaa9de381cd43b838472c3e7e19243546b325708f55be,planner_dev1696_allmask,1.0,ok,1.0,0ce992b41b7854f8
1.0,1.0,1.0,0.6926347965126982,2021.07.09.15.53.28_veh-38_00184_02293,1.0,3d5209d4e4672b8d8715ed41c4508a778ce8d9cbc05d081b012664235c911bf3,planner_dev1696_allmask,0.8719311652136242,ok,1.0,0daae1bedaae53c5
1.0,1.0,1.0,0.9187988470632917,2021.07.09.15.53.28_veh-38_00184_02293,1.0,e0857e7976c3a9ca2a29f7687632583c95bade3f327b4288c31a77b32081f374,planner_dev1696_allmask,0.9661661862763715,ok,1.0,0ee4062c48cc50d9
1.0,1.0,1.0,1.0,2021.07.09.15.53.28_veh-38_00184_02293,1.0,5c85f95da35c14ec619b4045e0d7ecc457d5a2a0ec4a79d1172ba61c0318caab,planner_dev1696_allmask,1.0,ok,1.0,0f4042e7f1995020
1.0,1.0,1.0,1.0,2021.07.09.15.53.28_veh-38_00184_02293,1.0,42f787fe3fcb3b26e7983c3546104b1b1be9179468827175a77231f276a198f4,planner_dev1696_allmask,1.0,ok,1.0,0fb7c8347ef25535
1.0,1.0,1.0,0.7022623804161326,2021.07.09.15.53.28_veh-38_00184_02293,1.0,68740b62c40d2553885fdd0de42766af2d7594ef78ecb1c498622d764c809c2d,planner_dev1696_allmask,0.8759426585067219,ok,1.0,100ed6de0208550f
1.0,1.0,1.0,0.8403940288812208,2021.07.09.15.53.28_veh-38_00184_02293,1.0,15d058b76bdd52ccce34a1df6c5bd052a27c578285e445ce683859dd6bbc88d7,planner_dev1696_allmask,0.933497512033842,ok,1.0,10b7dc9bd96e550a
1.0,1.0,1.0,0.8663055664672342,2021.07.09.15.53.28_veh-38_00184_02293,1.0,1f93a3a1dfcfa58897c92ade6afec9dcef351f61d7f44335e750a505f1f4a753,planner_dev1696_allmask,0.9442939860280143,ok,1.0,10f0de18ec3d5c9f
1.0,1.0,1.0,0.9456835287825895,2021.07.09.15.53.28_veh-38_00184_02293,1.0,68bbf48c084274f04b6d6b0b09ba81552b0da2c7788e1d70386ecacf0ce367cd,planner_dev1696_allmask,0.9773681369927457,ok,1.0,10f2a63b52ff556a
1.0,1.0,1.0,0.9155113118723406,2021.07.09.15.53.28_veh-38_00184_02293,1.0,e84ef1a9421a6d0e88d43a8dd41581a5a6a6fcd5740c6eb0bd43b82701aed538,planner_dev1696_allmask,0.9647963799468086,ok,1.0,114020a7beaf5151
1.0,1.0,1.0,0.7664583581773097,2021.07.09.15.53.28_veh-38_00184_02293,1.0,6ec92dc10ec6a84f6e243863a6b4733849c13dbd2b0281849f5ed1fe47a0bfd1,planner_dev1696_allmask,0.902690982573879,ok,1.0,1150ab6954775965
1.0,1.0,1.0,1.0,2021.07.09.15.53.28_veh-38_00184_02293,1.0,afd6ef13c3fb6d4bfebf6aba1bb21243c869d07bbcf6475c7a838079f0eb217e,planner_dev1696_allmask,1.0,ok,1.0,11fb8402c7ed5f38
1.0,1.0,1.0,1.0,2021.07.09.15.53.28_veh-38_00184_02293,1.0,a88b13d2725d55973b36ccd9d4d21c7f8efd33f09a3361666d935ebec89e161f,planner_dev1696_allmask,1.0,ok,1.0,1201ef26669d52b5
1.0,1.0,1.0,1.0,2021.07.09.15.53.28_veh-38_00184_02293,1.0,1205af6a6642dfcb28af27c538d1a7a9933d263785dc4be4d1d866664573dabb,planner_dev1696_allmask,1.0,ok,1.0,122bed8802a05ae2
1.0,1.0,1.0,0.9343059362703643,2021.07.09.15.53.28_veh-38_00184_02293,1.0,8f3b03d5014c7cd4b0194781aded11c4523bd90b8673d2fa4f1f5a1346f48a9b,planner_dev1696_allmask,0.9726274734459851,ok,1.0,12529e1e5d23525d
1.0,1.0,1.0,0.8517916765073452,2021.07.09.15.53.28_veh-38_00184_02293,1.0,32b7e1b6679b0c7152f9ecf5604391fd8933774e51238d39a7b6ac6f5c8c31ac,planner_dev1696_allmask,0.9382465318780605,ok,1.0,12927478268a52a7
1.0,1.0,1.0,0.8390911755499552,2021.07.09.15.53.28_veh-38_00184_02293,1.0,c37a8076a639cb8c8d3c872d6efb5517ef384a15614b65fa0571bb8994bc3b06,planner_dev1696_allmask,0.932954656479148,ok,1.0,12a303e7e3b85492
1.0,1.0,1.0,1.0,2021.07.09.15.53.28_veh-38_00184_02293,1.0,41c7edc97eeeb45aa52debb1e8571cc0a2116e0ec285011c7df232384c158d41,planner_dev1696_allmask,1.0,ok,1.0,157d3b777d315364
1.0,1.0,1.0,0.9279571312665438,2021.07.09.15.53.28_veh-38_00184_02293,1.0,4104f86178066f364435edcdbbc3dcb9ccb6f07d3975dba01a5706a73a489b57,planner_dev1696_allmask,0.9699821380277266,ok,1.0,160b363bd86953af
1.0,1.0,1.0,1.0,2021.07.09.15.53.28_veh-38_00184_02293,1.0,46819411235d85b1508645c7a9d49418e9554a7348a9a0925b82e27ad5f3c154,planner_dev1696_allmask,1.0,ok,1.0,166f157b4b935a1e
1.0,1.0,1.0,1.0,2021.07.09.15.53.28_veh-38_00184_02293,1.0,8bdcff9d0ab20d0046b7d5a8f079dcd4b78471588c165c5bbabb7888132558d2,planner_dev1696_allmask,1.0,ok,1.0,16a726067f77532d
1.0,1.0,1.0,0.8347805476469218,2021.07.09.15.53.28_veh-38_00184_02293,1.0,80aa0b835316d2af7af0a1ef0ba1b34216413f6b51f4ee78817b65baf455e16c,planner_dev1696_allmask,0.9311585615195508,ok,1.0,17184a5491105047
1.0,1.0,1.0,1.0,2021.07.09.15.53.28_veh-38_00184_02293,1.0,ae6c3dd16b12b763e4779ac5c7b1e6dcd5de3caab1fa92bfa023ba05485f4085,planner_dev1696_allmask,1.0,ok,1.0,173ff7e858e65a62
1.0,1.0,1.0,1.0,2021.07.09.15.53.28_veh-38_00184_02293,1.0,1a19d8242065e611107f3fbeedc75224b858f25d23ffa4d0e6434d42ed9104bf,planner_dev1696_allmask,1.0,ok,1.0,17b43b911252571c
1.0,1.0,1.0,1.0,2021.07.09.15.53.28_veh-38_00184_02293,1.0,9816249369eb38b8da6056fcc7643c7b375f8b54790cf1bce4637c5bb356c328,planner_dev1696_allmask,1.0,ok,1.0,187e7d991c2f5f40
1.0,1.0,1.0,1.0,2021.07.09.15.53.28_veh-38_00184_02293,1.0,2fb8da2f40b2a6439c4d8d8d959cbd23323e65d81f8135bc479ed876b26b1b10,planner_dev1696_allmask,1.0,ok,1.0,19ab8e323ac35fe4
1.0,1.0,1.0,0.884493536141811,2021.07.09.15.53.28_veh-38_00184_02293,1.0,8b540b193b3e62ed863b35ba0af5629d363726d91e4d3f476cd35284c9d405b0,planner_dev1696_allmask,0.9518723067257545,ok,1.0,1a3449b28c115162
1.0,1.0,1.0,0.9513935551737552,2021.07.09.15.53.28_veh-38_00184_02293,1.0,b2a7b8dc8aa728fc138740ecc742e078df23f1d4ef310227e9cadb9ffbcb14e6,planner_dev1696_allmask,0.9797473146557314,ok,1.0,1afe562ad29b5222
1.0,1.0,1.0,1.0,2021.07.09.15.53.28_veh-38_00184_02293,1.0,fec069a24ef5bff3da35b42960ad0608d478d42c6dc519fb909505ac07c2f693,planner_dev1696_allmask,1.0,ok,1.0,1c773439ca9d5158
1.0,1.0,1.0,0.9032427784064319,2021.07.09.15.53.28_veh-38_00184_02293,1.0,e3b5053da435f544f3209ee073f13ff975358021957afbf7f0b055558b8dc10e,planner_dev1696_allmask,0.9596844910026799,ok,1.0,1d190091101d5d75
1.0,1.0,1.0,0.8579785792882945,2021.07.09.15.53.28_veh-38_00184_02293,1.0,508cf0fa339c20045f5a0cc751e89c9d21acbdc447ff0e55b5e7056b65fdeca1,planner_dev1696_allmask,0.9408244080367894,ok,1.0,1d5c498a699a59e8
1.0,1.0,1.0,0.7826377789631197,2021.07.09.15.53.28_veh-38_00184_02293,1.0,65e99c7aaf4aa2d478b57982ff96f9bc80e14eb7f085af512efe8797ba2f367e,planner_dev1696_allmask,0.9094324079012998,ok,1.0,1d7f9f198e0c57bc
1.0,1.0,1.0,0.8588281918354822,2021.07.09.15.53.28_veh-38_00184_02293,1.0,2f280a694091cc6e35b6d29bd2fc9951813ad7a1aa8bf18f1866a8996c400ec9,planner_dev1696_allmask,0.9411784132647844,ok,1.0,1f6b057612b05e65
1.0,1.0,1.0,0.9246036258772851,2021.07.09.15.53.28_veh-38_00184_02293,1.0,abc0421a6fd1ddf1820379a94b74c9e0038cb498ab50bc0565f58a4870c322de,planner_dev1696_allmask,0.9685848441155355,ok,1.0,1f9f230417e15e61
1.0,1.0,1.0,1.0,2021.07.09.15.53.28_veh-38_00184_02293,1.0,a329f688455db4cea3e44c30de656dbbd6502f31df6af2831589f3dd9b3ea9e0,planner_dev1696_allmask,1.0,ok,1.0,2086208681525f54
1.0,1.0,1.0,1.0,2021.07.09.15.53.28_veh-38_00184_02293,1.0,19b93b2d9575c5e5d14fc6304584cc2b6984b6ef1bbdfade959e024f9bb005cd,planner_dev1696_allmask,1.0,ok,1.0,208c2da460fa56a1
1.0,1.0,1.0,0.8307690269850974,2021.07.09.15.53.28_veh-38_00184_02293,1.0,113dbfc23a66d20545db1d0e4b3c1f0cb9e73143222a96fb1530085662d2b1c6,planner_dev1696_allmask,0.9294870945771239,ok,1.0,20e59db136d85ccd
1.0,1.0,1.0,0.9210604449578655,2021.07.09.15.53.28_veh-38_00184_02293,1.0,3fc10fbeab69ac0b23f797ccdca9321d88daa25290cc83d73bc9b6ffecf1d0ec,planner_dev1696_allmask,0.9671085187324439,ok,1.0,2138f8abf5aa5086
1.0,1.0,1.0,1.0,2021.07.09.15.53.28_veh-38_00184_02293,1.0,1b6e8c48d2a10f3588a2bc532ff8937c90a26f7596e0ab744537c79526f7cd11,planner_dev1696_allmask,1.0,ok,1.0,213d831946e758b5
1.0,1.0,1.0,0.8680031014080204,2021.07.09.15.53.28_veh-38_00184_02293,1.0,3cd3da29cab306d44440cd85b0235a992b27744b7a1462ee8fbfd6c20810fa6b,planner_dev1696_allmask,0.9450012922533418,ok,1.0,219791f316b25308
1.0,1.0,1.0,0.9392121977949877,2021.07.09.15.53.28_veh-38_00184_02293,1.0,46bb2e190368ba4e9e1f45a79af19abaabef35104d4bf20ae53644dffd03eef7,planner_dev1696_allmask,0.9746717490812449,ok,1.0,21b0e617e7895ac7
1.0,1.0,1.0,0.9305249872315332,2021.07.09.15.53.28_veh-38_00184_02293,1.0,9f3960e6b58e4cc5a9947288f1c103b6601cacfb0f5596675a0637fc29bd2edb,planner_dev1696_allmask,0.9710520780131389,ok,1.0,21c0033d52fd5d2e
1.0,1.0,1.0,1.0,2021.07.09.15.53.28_veh-38_00184_02293,1.0,4aef7e86c5c060cf051eea1373c8c3b8c65360ab73cdbdb216b31303ef07e637,planner_dev1696_allmask,1.0,ok,1.0,2289e9f520ca5cb5
1.0,1.0,1.0,1.0,2021.07.09.15.53.28_veh-38_00184_02293,1.0,35183d5aaf6c90718d1bdfdf99ab79a399cb3050bb7e69b7389d81538453b282,planner_dev1696_allmask,1.0,ok,1.0,2326cface78153de
1.0,1.0,1.0,1.0,2021.07.09.15.53.28_veh-38_00184_02293,1.0,c315f77a34a6c73e3aa89740b5698f79b338bbfcb1dcfaf18f343a8aadbf736e,planner_dev1696_allmask,1.0,ok,1.0,2376051bafd45146
1.0,1.0,1.0,0.7813079830956521,2021.07.09.15.53.28_veh-38_00184_02293,1.0,77041407c84798db04ec63b3d459753f8ffcdbee8a7f20b178c9cded87d806f7,planner_dev1696_allmask,0.9088783262898551,ok,1.0,23c7e87c04f759c9
1.0,1.0,1.0,1.0,2021.07.09.15.53.28_veh-38_00184_02293,1.0,e4e71fe1d6f5e105cefd053c46a6a76a8a670bb3c5e0fd5e2b746c261f5c7b9d,planner_dev1696_allmask,1.0,ok,1.0,2406f00812785216
1.0,1.0,1.0,1.0,2021.07.09.15.53.28_veh-38_00184_02293,1.0,62de03422d1119e9ba5930d7dba99d13f5cc7f0ee3859a062e7758c7efd6df42,planner_dev1696_allmask,1.0,ok,1.0,243432f80b85567a
1.0,1.0,1.0,1.0,2021.07.09.15.53.28_veh-38_00184_02293,1.0,a7aff7194ad2291ce929c7cb6f1dc41691bfb3dbee578d169287a05187b8c59e,planner_dev1696_allmask,1.0,ok,1.0,24c57bb0eceb546a
1.0,1.0,1.0,1.0,2021.07.09.15.53.28_veh-38_00184_02293,1.0,3b26848efa1d20340c2f46d36796c04c42649586000e7a2f14a07f939cbf9d2a,planner_dev1696_allmask,1.0,ok,1.0,24f6ff800c7758e8
1.0,1.0,1.0,0.9487709687532537,2021.07.09.15.53.28_veh-38_00184_02293,1.0,26ddd93e48c58c7bc90d76fed8cae1813940e3fe75a3aea93a1bd4097e6b8aec,planner_dev1696_allmask,0.9786545703138557,ok,1.0,2518c058a2765f66
1.0,1.0,1.0,1.0,2021.07.09.15.53.28_veh-38_00184_02293,1.0,235966ba17f2d6416b3ab8f5865e67ddf290cbd50390193ae6e1ae94039e6f4e,planner_dev1696_allmask,1.0,ok,1.0,25b3e3f15fcc5058
1.0,1.0,1.0,1.0,2021.07.09.15.53.28_veh-38_00184_02293,1.0,fa40a3daa822e5a3992708a305e0bee42a281e660420beb00c01a66e40a82c01,planner_dev1696_allmask,1.0,ok,1.0,263e3ce08f7e5a9e
1.0,1.0,1.0,1.0,2021.07.09.15.53.28_veh-38_00184_02293,1.0,fa72b9cbc6b37edeeec1750ea8da6bcdec06fcc2a17e2e0c76aaf2b1c09f7c63,planner_dev1696_allmask,1.0,ok,1.0,2660a8dfda2a550d
1.0,1.0,1.0,0.8393087182453743,2021.07.09.15.53.28_veh-38_00184_02293,1.0,2c9a1d8bda0fdc264758b407a7bb60078aa658e57178c60c8962b8f268b0ede4,planner_dev1696_allmask,0.933045299268906,ok,1.0,276846ef566e5945
1.0,1.0,1.0,1.0,2021.07.09.15.53.28_veh-38_00184_02293,1.0,cb9c3e4c234e00544b548fa1c4b01d9a717b873d0326e8798c2eecbb64ee5a1f,planner_dev1696_allmask,1.0,ok,1.0,27d7adfa2e2d541b
1.0,1.0,1.0,1.0,2021.07.09.15.53.28_veh-38_00184_02293,1.0,56bfecad4f184c611602428fb157f2eb968c4d11003f431885c09b959c5221e3,planner_dev1696_allmask,1.0,ok,1.0,27df9e405dfa51cf
1.0,0.0,1.0,0.0,2021.07.09.15.53.28_veh-38_00184_02293,1.0,30260e18a0defa8908a4312ca1dca47bc08e8b9d1b4a99452cf01d9aef3bdb15,planner_dev1696_allmask,0.0,ok,1.0,2836a66135315e7f
1.0,1.0,1.0,1.0,2021.07.09.15.53.28_veh-38_00184_02293,1.0,ef5d1829b720ce5ff511f23757caf5c1e04fe6778975b9bf5075b9c2930fef75,planner_dev1696_allmask,1.0,ok,1.0,293144d2f3ec5131
1.0,1.0,1.0,1.0,2021.07.09.15.53.28_veh-38_00184_02293,1.0,aabef173312821273c153ce89b0dcb4dc06176d0bb44cca6f020037124163d33,planner_dev1696_allmask,1.0,ok,1.0,2962782cdb8e59b1
1.0,1.0,1.0,1.0,2021.07.09.15.53.28_veh-38_00184_02293,1.0,3f032aa610967deabaa5ca4c46d5f1e0f408e5f85dd1d5f0791e62d67a763b57,planner_dev1696_allmask,1.0,ok,1.0,297c4fe13c4c5640
1.0,1.0,1.0,1.0,2021.07.09.15.53.28_veh-38_00184_02293,1.0,16d2cae0a81a02afd63a1dd596d19c47fcaffd1194e946456a001a49dc676005,planner_dev1696_allmask,1.0,ok,1.0,2999ded848495d55
1.0,1.0,1.0,0.7863471553179535,2021.07.09.15.53.28_veh-38_00184_02293,1.0,af6825d92251a408f9aa6d8b6b3820faa236889fa07324dabfeb3f454f9e2b53,planner_dev1696_allmask,0.9109779813824807,ok,1.0,2add9922dc495e95
1.0,1.0,1.0,0.8952888568771037,2021.07.09.15.53.28_veh-38_00184_02293,1.0,e4b59da36fe1a011debfc6d2387fb0eb8ca3413d1fec936f08cf3f963fc9b516,planner_dev1696_allmask,0.9563703570321266,ok,1.0,2bade763a35e571a
1.0,1.0,1.0,1.0,2021.07.09.15.53.28_veh-38_00184_02293,1.0,70a01b7d7b7eeebb93ff27917eb0b8b69be35fb5597375a8622e66e8e9ec02dd,planner_dev1696_allmask,1.0,ok,1.0,2c1db842cc915519
1.0,1.0,1.0,1.0,2021.07.09.15.53.28_veh-38_00184_02293,1.0,248897c0f6e4bbd7364f3a6d4dbf1e4e6bfb57aea08b11387e3f317e1ce3d9d8,planner_dev1696_allmask,1.0,ok,1.0,2d903e0fb16154d9
1.0,1.0,1.0,1.0,2021.07.09.15.53.28_veh-38_00184_02293,1.0,9d9b2f74659a71cf58cab640d9989ba8a3b30ecc4c5a588965023bc5f6af08d0,planner_dev1696_allmask,1.0,ok,1.0,2d9e55899f36514b
1.0,1.0,1.0,0.8548095894385593,2021.07.09.15.53.28_veh-38_00184_02293,1.0,1bf5b5132fe404487ef45acb2d11b3fff762b89f440cd13280bef478ac22788f,planner_dev1696_allmask,0.9395039955993997,ok,1.0,2da0a5236af95e03
1.0,1.0,1.0,0.9097017949070547,2021.07.09.15.53.28_veh-38_00184_02293,1.0,4876b68cfa5b353d48dc39c66babc31332bcd7e0a4dc833c6e8ef575605ea3e6,planner_dev1696_allmask,0.9623757478779394,ok,1.0,2f096c8bde855396
1.0,1.0,1.0,1.0,2021.07.09.15.53.28_veh-38_00184_02293,1.0,e8e518c7cb782c47bb835941a31268ebb51732198297314d311f77ff0f4bb874,planner_dev1696_allmask,1.0,ok,1.0,2f2535fbdd395025
1.0,1.0,1.0,0.803814579739642,2021.07.09.15.53.28_veh-38_00184_02293,1.0,ed2935413abe1237f12e81edd7427a5d42750f4814ca447b35934cef90457ee9,planner_dev1696_allmask,0.9182560748915174,ok,1.0,308b33a531c35c7a
1.0,1.0,1.0,0.9154843514622092,2021.07.09.15.53.28_veh-38_00184_02293,1.0,eb891322fd34ff46cc31a5285308547bc56f30e2b65163a7f80124c0fc17bcd1,planner_dev1696_allmask,0.9647851464425873,ok,1.0,309d25c4b0535a45
1.0,1.0,1.0,1.0,2021.07.09.15.53.28_veh-38_00184_02293,1.0,91a09340ae122d666f9d08977926d05e970eef84966df77fd4c4e5bfc1a6a270,planner_dev1696_allmask,1.0,ok,1.0,313b06564bf854e4
1.0,1.0,1.0,0.8235214056779828,2021.07.09.15.53.28_veh-38_00184_02293,1.0,a962482c9adaba4fb7b0a95f94e02220702699861e977a45b7cd0cb9539f0c4b,planner_dev1696_allmask,0.9264672523658262,ok,1.0,321512a956a25984
1.0,1.0,1.0,0.8476917675976616,2021.07.09.15.53.28_veh-38_00184_02293,1.0,91489663d058518080fd6bdaf75ee543e70a760f50d398fcddbc052b2bead99b,planner_dev1696_allmask,0.9365382364990257,ok,1.0,34ccd8a9f6eb525f
1.0,1.0,1.0,1.0,2021.07.09.15.53.28_veh-38_00184_02293,1.0,7f4af7f167dc3f428f73dc99a3755375b1d5c6a4ce75eb464be28dc10c8872ef,planner_dev1696_allmask,1.0,ok,1.0,34d91cf9391650ff
1.0,1.0,1.0,0.680557767263395,2021.07.09.15.53.28_veh-38_00184_02293,1.0,68eb89739da276ac5e98c78eff264edfe03337c780526eaf626f6515f0c1f649,planner_dev1696_allmask,0.8668990696930813,ok,1.0,35fa5b32dd805853
1.0,1.0,1.0,0.6209466148693029,2021.07.09.15.53.28_veh-38_00184_02293,1.0,46e67fa1a7fa111f60cb06a379577d902ba5b0a1fa7ad75a416b1af29519b5f9,planner_dev1696_allmask,0.8420610895288761,ok,1.0,3670adfe926f58a0
1.0,1.0,1.0,0.9278046078256635,2021.07.09.15.53.28_veh-38_00184_02293,1.0,b372acc5709701dca24bfe3e37a5a800fe3de5e5ad36701ab2b09ccd372510a3,planner_dev1696_allmask,0.9699185865940265,ok,1.0,367be156a8a05da3
1.0,1.0,1.0,0.6005424753270105,2021.07.09.15.53.28_veh-38_00184_02293,1.0,94f1dd83313c0a6c05fd1715579bd02b6fe994ecea54975064a5af529832d760,planner_dev1696_allmask,0.8335593647195877,ok,1.0,36a8cfb3a3f05f1d
1.0,1.0,1.0,1.0,2021.07.09.15.53.28_veh-38_00184_02293,1.0,b8b8a20fcb06943ff164ec8d8369866447abb61d131c62647465769d33736844,planner_dev1696_allmask,1.0,ok,1.0,3756eb6991b05447
1.0,1.0,1.0,0.6807001674684593,2021.07.09.15.53.28_veh-38_00184_02293,1.0,e841a1d0ec0e4416177b4eab1fd3427bdc19206ebaf0ee6f766873d041b0e417,planner_dev1696_allmask,0.866958403111858,ok,1.0,375752a086d35d43
1.0,1.0,1.0,1.0,2021.07.09.15.53.28_veh-38_00184_02293,1.0,a11dfcae25ec9cdac513926e2187c84d647fd92bc704838e0a0f931759cde768,planner_dev1696_allmask,1.0,ok,1.0,3898b733bbd9584b
1.0,1.0,1.0,0.8363825025916783,2021.07.09.15.53.28_veh-38_00184_02293,1.0,6404319d7803044f2a6690fcbb83290c8f8ac4dd2af0b24ef25bc5efefcf1f75,planner_dev1696_allmask,0.9318260427465326,ok,1.0,38b30ef31fcf5fa7
1.0,1.0,1.0,0.7956181618253686,2021.07.09.15.53.28_veh-38_00184_02293,1.0,7c09cb994b20a85322a1898db8818bfe1e341ce1ac5d69d7a1d03e470c8b3afd,planner_dev1696_allmask,0.9148409007605703,ok,1.0,38c5e5d2250f5c35
1.0,1.0,0.0,0.8232581536289022,2021.07.09.15.53.28_veh-38_00184_02293,1.0,afc1f29a69c605a8fcba866b015ac30a041022a8539fad53fa1ffaa2fd8c02ec,planner_dev1696_allmask,0.9263575640120426,ok,1.0,38fd20139a7c5e3b
1.0,1.0,1.0,0.7687432717861641,2021.07.09.15.53.28_veh-38_00184_02293,1.0,c97c73be0a1e0e2eade6e2355d19c89c24ae47b065ab1353f4f89ad9e5dd40ff,planner_dev1696_allmask,0.9036430299109016,ok,1.0,391be454a99b54ff
1.0,1.0,1.0,0.8962433470533249,2021.07.09.15.53.28_veh-38_00184_02293,1.0,d035df6acf64322ff3d2555761c0151503dbebf0f911e6b97eee0d78c3b86203,planner_dev1696_allmask,0.9567680612722187,ok,1.0,39940790a4e65d88
1.0,1.0,1.0,1.0,2021.07.09.15.53.28_veh-38_00184_02293,1.0,07a36f23f7c4ac16a1dfcc46e378f78c667b135860152ca466667a01903ec5fe,planner_dev1696_allmask,1.0,ok,1.0,39b992f840615959
1.0,1.0,1.0,0.9061562197392572,2021.07.09.15.53.28_veh-38_00184_02293,1.0,3e6626763776e1f7d9ba8e86c1e5b6579d2f6b3f182a91ce0371ec8404d0d22b,planner_dev1696_allmask,0.9608984248913571,ok,1.0,39c553550c3a5111
1.0,1.0,1.0,0.908967625083063,2021.07.09.15.53.28_veh-38_00184_02293,1.0,efd597d7cb7813d387aa10648b730c25d7b9d4dd4e519fa6a7ee5d298455cfbf,planner_dev1696_allmask,0.9620698437846095,ok,1.0,3cabdd7617765132
1.0,1.0,1.0,1.0,2021.07.09.15.53.28_veh-38_00184_02293,1.0,37a8424bd5287640889e9fd1c15fb198c92d6d185b5bc7a061cf7aa4e7b49fae,planner_dev1696_allmask,1.0,ok,1.0,3d1c606df74c5140
1.0,1.0,1.0,1.0,2021.07.09.15.53.28_veh-38_00184_02293,1.0,3675dc35b982549c8f7e952bd50322b83bfb2091f26e83a0a292c28ec92bc56d,planner_dev1696_allmask,1.0,ok,1.0,3d2dfc0d66f65d40
1.0,1.0,1.0,1.0,2021.07.09.15.53.28_veh-38_00184_02293,1.0,eb82ffa3d43c9cde5dae4e9755d9077dabc666656a20d75f0ef444abec0c22a4,planner_dev1696_allmask,1.0,ok,1.0,3d9a843bb43355c8
1.0,1.0,1.0,0.9209731475408497,2021.07.09.15.53.28_veh-38_00184_02293,1.0,9b6c809b71a9ce2e370aa61db2c77ee340bd43eaeed4280188b282b1922efa2e,planner_dev1696_allmask,0.9670721448086873,ok,1.0,3dee1555ce6f55fb
1.0,1.0,1.0,1.0,2021.07.09.15.53.28_veh-38_00184_02293,1.0,cacc86bda0c3c246862f3c1b55d186068a893f9fbe0aeffabb4e847ac187ab87,planner_dev1696_allmask,1.0,ok,1.0,3df10ba27fc150ed
1.0,1.0,1.0,1.0,2021.07.09.15.53.28_veh-38_00184_02293,1.0,483090909fba0ee0837e120b549778be571c7a9ad0cbcb033403992af4a51938,planner_dev1696_allmask,1.0,ok,1.0,3e0257f56dbc5db0
1.0,1.0,1.0,0.9484385955699203,2021.07.09.15.53.28_veh-38_00184_02293,1.0,bc31dc69a779739c28902fd6ecfbb5bfdb636fb161b70d963ee6866c9b7e46a3,planner_dev1696_allmask,0.9785160814874668,ok,1.0,3e34460024d45739
1.0,1.0,1.0,0.9115133975558888,2021.07.09.15.53.28_veh-38_00184_02293,1.0,f494b01401e57c195aee66c35531b884921aabb21bba79c8b6be6853db2a021e,planner_dev1696_allmask,0.9631305823149536,ok,1.0,3e9b3b4c0fa85ceb
1.0,1.0,1.0,1.0,2021.07.09.15.53.28_veh-38_00184_02293,1.0,b49c507b62b89d8d7a1dcd330a1d65a028c55638990983b69dbeb6b59e07f466,planner_dev1696_allmask,1.0,ok,1.0,3ea3416c97095653
1.0,1.0,1.0,1.0,2021.07.09.15.53.28_veh-38_00184_02293,1.0,e65a5a82dc376ecc92eeb769ceec87e0688e205236a6454eb3999901e25235a9,planner_dev1696_allmask,1.0,ok,1.0,3eca216626d256b3
1.0,1.0,1.0,1.0,2021.07.09.15.53.28_veh-38_00184_02293,1.0,733270608f685cb31a772606b9239b5dbb72aa2ec3f29b07373e6750ba176add,planner_dev1696_allmask,1.0,ok,1.0,3f19c7116880578a
1.0,1.0,1.0,1.0,2021.07.09.15.53.28_veh-38_00184_02293,1.0,9293dc97158003a9628fb335cd07ea15e16b42ad5e1605c4dca97c193391d0c5,planner_dev1696_allmask,1.0,ok,1.0,3fdb06fa757c5bc4
1.0,1.0,1.0,0.9184373088279585,2021.07.09.15.53.28_veh-38_00184_02293,1.0,7a1dec250fd8911df9246da7153353d70f7429b64915dcc26373c6bdb71a97bf,planner_dev1696_allmask,0.9660155453449827,ok,1.0,403a5dbfac5e5dc0
1.0,1.0,1.0,0.796491955152872,2021.07.09.15.53.28_veh-38_00184_02293,1.0,d8f2126070a5eec49f6cd6678454d57395032cde2492a45596ee4122c8a0eb96,planner_dev1696_allmask,0.9152049813136967,ok,1.0,40f9eae0b93e5fa4
1.0,1.0,1.0,0.9189925868238152,2021.07.09.15.53.28_veh-38_00184_02293,1.0,e767e3020c0ef5d14fdc068a203e5dbbccee35b833528d8addfa3253f398831c,planner_dev1696_allmask,0.9662469111765897,ok,1.0,41c88af990a15d28
1.0,1.0,1.0,1.0,2021.07.09.15.53.28_veh-38_00184_02293,1.0,c4377041f4341b589bad0eec886ad83e644de6ba46ef93d9590e4c840dbd3b45,planner_dev1696_allmask,1.0,ok,1.0,426ed461133659f6
1.0,1.0,1.0,1.0,2021.07.09.15.53.28_veh-38_00184_02293,1.0,c18007e505e6bf1da7b0688c18373b3cde4f6b53bc75b214325ee2567ca697e2,planner_dev1696_allmask,1.0,ok,1.0,430e3153311b5792
1.0,1.0,0.5,1.0,2021.07.09.15.53.28_veh-38_00184_02293,1.0,91131b46ae6056d8f8b782f7fbb0a5c2c1236ab39d08f7eaccd8121059ab78bc,planner_dev1696_allmask,1.0,ok,1.0,43780b9368175ad1
1.0,1.0,1.0,0.7471712210433127,2021.07.09.15.53.28_veh-38_00184_02293,1.0,bd423ffcb1e4d56303a7320b3e947798f5da74f7ea838531ace045fadd55824c,planner_dev1696_allmask,0.8946546754347136,ok,1.0,450824ec3ef35679
1.0,1.0,1.0,1.0,2021.07.09.15.53.28_veh-38_00184_02293,1.0,fd048a162e399155e0c73b20c65b935e07ccbe09eae9dd2e43b687671e375aae,planner_dev1696_allmask,1.0,ok,1.0,451778af83945a84
1.0,1.0,0.0,1.0,2021.07.09.15.53.28_veh-38_00184_02293,1.0,856b2e9beb7b8efc52a17e041da82af57ff63578c48d0437a8121edd7beef98d,planner_dev1696_allmask,1.0,ok,1.0,4531dcdda8b55e7e
1.0,1.0,1.0,0.6144109299193277,2021.07.09.15.53.28_veh-38_00184_02293,1.0,db48fdcd72ce27aedd0a8a2711a0d1b45aa07343789e33a31cfb419503fb3652,planner_dev1696_allmask,0.8393378874663865,ok,1.0,454730f7ec7a53d5
1.0,1.0,1.0,1.0,2021.07.09.15.53.28_veh-38_00184_02293,1.0,348d3f50c270b2add030c4363f1009d5267b654d9923e10314d1c58714fa6e0c,planner_dev1696_allmask,1.0,ok,1.0,455a180c084a5fe3
1.0,1.0,1.0,0.9598590192370245,2021.07.09.15.53.28_veh-38_00184_02293,1.0,27d27d0fb50e257d62d9168daab3a43c43acec9f61b10ae2b0c37652efacfe47,planner_dev1696_allmask,0.9832745913487603,ok,1.0,4654d4efac165b55
1.0,1.0,1.0,1.0,2021.07.09.15.53.28_veh-38_00184_02293,1.0,d75e820aad5ade648fce10271444d28df638c2abf76a3a7b03d895eef9f061ab,planner_dev1696_allmask,1.0,ok,1.0,46f4df809f995260
1.0,1.0,1.0,0.7806344701331691,2021.07.09.15.53.28_veh-38_00184_02293,1.0,698fcc4cf11dc4e6680a7a2ec4ca5ecbaf757e03bcf40e050a135a2729dd534b,planner_dev1696_allmask,0.9085976958888203,ok,1.0,4761f5676fad5760
1.0,1.0,1.0,0.8011966454646663,2021.07.09.15.53.28_veh-38_00184_02293,1.0,f88f098dc8620b90d9f90b2b030fb5aa3bd51f906520908f6eb5f3f9bfa3b967,planner_dev1696_allmask,0.9171652689436108,ok,1.0,4800b224fabb56f2
1.0,1.0,1.0,1.0,2021.07.09.15.53.28_veh-38_00184_02293,1.0,a2ba13598a54a451f07d032134da4755335b928443f35b380865d8a148907e0a,planner_dev1696_allmask,1.0,ok,1.0,48e72666aed858f6
1.0,1.0,0.0,1.0,2021.07.09.15.53.28_veh-38_00184_02293,1.0,3b10c11b1d06be29994d6bfe5d49b0547432112dde24223d666dd8275f7a73f2,planner_dev1696_allmask,1.0,ok,1.0,49de524392295e5e
1.0,1.0,1.0,0.9476758190909116,2021.07.09.15.53.28_veh-38_00184_02293,1.0,f01f995c0587940343ff4b0588f5cc0e654bfc5fb44596f66f7b4be2caf74f59,planner_dev1696_allmask,0.9781982579545465,ok,1.0,4a0f91eff7365a83
1.0,1.0,1.0,0.9566801029432962,2021.07.09.15.53.28_veh-38_00184_02293,1.0,ecedab4e4ee51bdc00cb10741a061fe59d47cc31614a22a327cea6ef88ced352,planner_dev1696_allmask,0.9819500428930401,ok,1.0,4b5083dbc8205fd4
1.0,1.0,1.0,1.0,2021.07.09.15.53.28_veh-38_00184_02293,1.0,f3953042c8d1b97c235a48af8adc9b63fc4e36fddb49b438f51f42897b3d0325,planner_dev1696_allmask,1.0,ok,1.0,4bc9550363e85b1a
1.0,1.0,1.0,0.958572175246116,2021.07.09.15.53.28_veh-38_00184_02293,1.0,e83dac57424442102fe2d6671eeb2e30306d7e7d67b561533b751e569e54a5ac,planner_dev1696_allmask,0.9827384063525484,ok,1.0,4c93ba429cab5645
1.0,1.0,1.0,0.7205797405259944,2021.07.09.15.53.28_veh-38_00184_02293,1.0,ce86b17e4e0e42efd6446bf4efb412fa7f148dc4afc279dba21c9cf35c2cdd5b,planner_dev1696_allmask,0.8835748918858309,ok,1.0,4d0eb0b583f853ff
1.0,1.0,1.0,0.9196542927187119,2021.07.09.15.53.28_veh-38_00184_02293,1.0,e2529175dc816a1bccfa0f9110f0673de8b957ea473a18f06aaf51779ae63511,planner_dev1696_allmask,0.9665226219661299,ok,1.0,4d134b35adf65ce9
1.0,1.0,1.0,1.0,2021.07.09.15.53.28_veh-38_00184_02293,1.0,a742147ee0d1894b9ddd39dcf6f95e5c220ba1337b3dd0a2ea3902f4c4be5ef9,planner_dev1696_allmask,1.0,ok,1.0,4d3bbcab2f7e5b9c
1.0,1.0,1.0,0.9857192290436082,2021.07.09.15.53.28_veh-38_00184_02293,1.0,0f9b7619ca9e591a8026ae41d5607e195f04b2d4c74d9a34ee946a732750b8fd,planner_dev1696_allmask,0.9940496787681701,ok,1.0,4e6d17912b905e9e
1.0,1.0,0.0,0.9525018212687062,2021.07.09.15.53.28_veh-38_00184_02293,1.0,8987fd99b70ba4f6be606f650a3a891721ca72b0009fd2d35f05f62b1b608be7,planner_dev1696_allmask,0.9802090921952943,ok,1.0,4f1bb67e8f4356a0
1.0,1.0,1.0,0.5839544478828484,2021.07.09.15.53.28_veh-38_00184_02293,1.0,b99af894b3a42bdbf115e982f9ccb25e03da9f780eb4fae1afd655047887eace,planner_dev1696_allmask,0.8266476866178536,ok,1.0,4f733785b3b35f8a
1.0,1.0,1.0,0.7759075860699747,2021.07.09.15.53.28_veh-38_00184_02293,1.0,fc7abda80e23f293e577f2a05eb2b01f5a88803d9077a359ab99115e297dfe0a,planner_dev1696_allmask,0.9066281608624894,ok,1.0,4f8295d76d505277
1.0,1.0,1.0,0.6168897737287317,2021.07.09.15.53.28_veh-38_00184_02293,1.0,063395d364e8bc9e99fc05d28c0ac60a401720ff4f12df1b9434a39f6d6d82c5,planner_dev1696_allmask,0.8403707390536382,ok,1.0,4f9307fe01455d95
1.0,1.0,1.0,1.0,2021.07.09.15.53.28_veh-38_00184_02293,1.0,d1ddea3065638f08b3718df20f369e3911a9bfdf02b87792ca517870a0e18caf,planner_dev1696_allmask,1.0,ok,1.0,4fa81c07c7d75515
1.0,1.0,1.0,1.0,2021.07.09.15.53.28_veh-38_00184_02293,1.0,4267ef61c8063b7a8cebdb8913db2c9497eadc1d57314adf45ca5ac5dca74856,planner_dev1696_allmask,1.0,ok,1.0,505332fa85dc5953
1.0,1.0,1.0,1.0,2021.07.09.15.53.28_veh-38_00184_02293,1.0,cad6baa99c88fd954c4601b7847e33b3fdcaf7a8573650f6ab12597533a431d0,planner_dev1696_allmask,1.0,ok,1.0,50a4d68137ac5d01
1.0,1.0,1.0,1.0,2021.07.09.15.53.28_veh-38_00184_02293,1.0,ae83209d7f5e0b54692e19022804ec783e83971bc4d921084305725beb0e0350,planner_dev1696_allmask,1.0,ok,1.0,512f45f4f0ab5a1b
1.0,1.0,1.0,0.9249764412834641,2021.07.09.15.53.28_veh-38_00184_02293,1.0,2cf841729e84aa6a6297a8eda1b0cb72e802038371eaad210a6244cd2a27d94e,planner_dev1696_allmask,0.9687401838681101,ok,1.0,5185fdb2837d502b
1.0,1.0,1.0,1.0,2021.07.09.15.53.28_veh-38_00184_02293,1.0,1e29d8e45f96c99313f727760555baebb186295adc1cdf89f932715bee96e780,planner_dev1696_allmask,1.0,ok,1.0,5280d017318c5f4f
1.0,1.0,1.0,0.851123146218948,2021.07.09.15.53.28_veh-38_00184_02293,1.0,71506c2bccc3300964d71f8ab59a495ec0e453358262c5a98f324f1c9f365a06,planner_dev1696_allmask,0.9379679775912283,ok,1.0,5328c67f17ae5e3e
1.0,1.0,1.0,1.0,2021.07.09.15.53.28_veh-38_00184_02293,1.0,d8ea1e2ebc249126ee648cde79f658cfaac86734f49c2a1c1c4c2bc1bd53b083,planner_dev1696_allmask,1.0,ok,1.0,537866cb077d586d
1.0,1.0,1.0,1.0,2021.07.09.15.53.28_veh-38_00184_02293,1.0,adbcb8d44b111c1f719b031b337f68bb15dcfba7f7f7f0278b19f1627b8b49db,planner_dev1696_allmask,1.0,ok,1.0,53947195964b5ddc
1.0,1.0,1.0,1.0,2021.07.09.15.53.28_veh-38_00184_02293,1.0,d9d700150a4690c0ae27192f91cf9ebc4348780412571e1666e3dbcd77c0388e,planner_dev1696_allmask,1.0,ok,1.0,539519a77270528a
1.0,1.0,1.0,1.0,2021.07.09.15.53.28_veh-38_00184_02293,1.0,fa6507086deda142dadcec4fc3769c0ee0b34d0dc92cca4a348ddc2d49f556dd,planner_dev1696_allmask,1.0,ok,1.0,54631ddbf6855a9a
1.0,1.0,1.0,0.890229456793182,2021.07.09.15.53.28_veh-38_00184_02293,1.0,e44dd21f89d5621845c4c8e14fee7c124694ca19ef5017efbe63bc29bbff49ce,planner_dev1696_allmask,0.9542622736638258,ok,1.0,54cabf997c2e54ec
1.0,1.0,1.0,1.0,2021.07.09.15.53.28_veh-38_00184_02293,1.0,436592c35a1f2164090ff54c0fd24ef9d1fb9dbda7eaf92fc0da9e1891fe9588,planner_dev1696_allmask,1.0,ok,1.0,550c71438a10581d
1.0,1.0,1.0,1.0,2021.07.09.15.53.28_veh-38_00184_02293,1.0,70950da7cf99c37fc541bd63db10b7f1faea2093c552b36e0ae0d99ad6449536,planner_dev1696_allmask,1.0,ok,1.0,55a358158723559c
1.0,1.0,1.0,1.0,2021.07.09.15.53.28_veh-38_00184_02293,1.0,2db2ec134597da333302f26ec923af6c6d8cc6dd3d5c2185a3a32dbc7e7efb96,planner_dev1696_allmask,1.0,ok,1.0,55c60c81e14e5d94
1.0,1.0,1.0,1.0,2021.07.09.15.53.28_veh-38_00184_02293,1.0,c8dfc55b3409240c441f85cb1a8298e81989d3722b0f96f9b963abd9b577976c,planner_dev1696_allmask,1.0,ok,1.0,562fcb37e4e05697
1.0,1.0,1.0,1.0,2021.07.09.15.53.28_veh-38_00184_02293,1.0,07670545f70824eb4fae91445b70986a9171ec9526a5a108942654f0363fa353,planner_dev1696_allmask,1.0,ok,1.0,5648007488815d22
1.0,1.0,1.0,0.868196368692722,2021.07.09.15.53.28_veh-38_00184_02293,1.0,7282651934c2978f46d36df2ba0d2b5896b81beea59a9f6e19526681ef874bc8,planner_dev1696_allmask,0.9450818202886341,ok,1.0,56951c953e93531f
1.0,1.0,1.0,0.8102605049388422,2021.07.09.15.53.28_veh-38_00184_02293,1.0,ac1db6bbba5f765d3e556de4653cca119ece08c7c5b3c49ca42b8220506ee230,planner_dev1696_allmask,0.9209418770578509,ok,1.0,56955c6aafab5e58
1.0,1.0,1.0,1.0,2021.07.09.15.53.28_veh-38_00184_02293,1.0,1eeefcd892b728c8be02ef531c438e22254c46c2080cb1933beb70dad5ea833f,planner_dev1696_allmask,1.0,ok,1.0,5727f0aed1fa5000
1.0,1.0,1.0,0.9249358315384731,2021.07.09.15.53.28_veh-38_00184_02293,1.0,09e786c2b188c9a9d8de14b33a01a07e3ba4f4996ef11a48fb7d3c20b5d05b2b,planner_dev1696_allmask,0.9687232631410305,ok,1.0,572befcf57675103
1.0,1.0,1.0,1.0,2021.07.09.15.53.28_veh-38_00184_02293,1.0,44c96bd1c9bcde2aa05cfeba22f6334c39dfae2aa4ceb57ed4f4aae29d6680c3,planner_dev1696_allmask,1.0,ok,1.0,577dd51dad5c513c
1.0,1.0,1.0,1.0,2021.07.09.15.53.28_veh-38_00184_02293,1.0,1a3b80297d29e7790202f708b38367d207cf3cd80ce68a261ace1244b2b1d4d2,planner_dev1696_allmask,1.0,ok,1.0,583d770feb1f50e6
1.0,1.0,1.0,1.0,2021.07.09.15.53.28_veh-38_00184_02293,1.0,2275da56f75f9c52b73dcb505d353d1a60b2462cd2a777766a90aabd48b16f7b,planner_dev1696_allmask,1.0,ok,1.0,58405a1838c55fce
1.0,0.0,1.0,0.0,2021.07.09.15.53.28_veh-38_00184_02293,1.0,1b4c24f935a879443b9f2dc763678b94cdd51a21207fb1dc06636a0159d9f9ac,planner_dev1696_allmask,0.0,ok,1.0,58877588439e5ce1
1.0,1.0,1.0,0.6665206881290686,2021.07.09.15.53.28_veh-38_00184_02293,1.0,eacd2044dff5bd7d333683d7d2e337e1ae0078b5ad74949a51b34da9d856d802,planner_dev1696_allmask,0.8610502867204453,ok,1.0,5911aec9fe745d2a
1.0,1.0,1.0,0.8850752440089927,2021.07.09.15.53.28_veh-38_00184_02293,1.0,6bdb8519e2050a85d81cce8ca220616ec82554f5c06420931191b82b202a7028,planner_dev1696_allmask,0.952114685003747,ok,1.0,59c510d3bccd5105
1.0,1.0,1.0,1.0,2021.07.09.15.53.28_veh-38_00184_02293,1.0,06e1cd319f3bde294fc10447c5d14e36c6000f781f15cd69b9320be3d9e1e953,planner_dev1696_allmask,1.0,ok,1.0,5a0d659cee41562b
1.0,1.0,1.0,1.0,2021.07.09.15.53.28_veh-38_00184_02293,1.0,846eca7051b81905e7f2c5c3e97ab7b1e71c46e59ba34ee2de3a29fcc4378cce,planner_dev1696_allmask,1.0,ok,1.0,5afc918b7a185eaa
1.0,1.0,1.0,0.7061923385916276,2021.07.09.15.53.28_veh-38_00184_02293,1.0,807d805b90a293a2031b6df18e2940c05e0491af019369391c1c1abff34d34e7,planner_dev1696_allmask,0.8775801410798447,ok,1.0,5b1c2e8998585889
1.0,1.0,1.0,0.9311720585103573,2021.07.09.15.53.28_veh-38_00184_02293,1.0,039fcac289e7f9b3a91965a3b5f14d8bb801988bd631f8f4170061e5b99b9757,planner_dev1696_allmask,0.9713216910459822,ok,1.0,5b31ae74a6235b13
1.0,1.0,1.0,0.9360243099378184,2021.07.09.15.53.28_veh-38_00184_02293,1.0,31cb3cc1fb761ba0ab85fa6021c9b577217d49a67eac7b69a49f542a3264cef5,planner_dev1696_allmask,0.973343462474091,ok,1.0,5b8ed32be3d355d2
1.0,1.0,1.0,1.0,2021.07.09.15.53.28_veh-38_00184_02293,1.0,50c9f8bdd0c730a494176fcf50d91a802544b5b2020a6269577840d0f922695e,planner_dev1696_allmask,1.0,ok,1.0,5bbe0b33a6375afe
1.0,1.0,1.0,0.8079801750016337,2021.07.09.15.53.28_veh-38_00184_02293,1.0,ffea600211babbc4d1b9c653b27084626ea0b8a833cd85973012213cf3b94bda,planner_dev1696_allmask,0.919991739584014,ok,1.0,5bdbf4af20945e83
1.0,1.0,1.0,0.7802034314048244,2021.07.09.15.53.28_veh-38_00184_02293,1.0,50ebea22057f50189909fac4253e070be8599565ad1230e7d710ec8dba084de2,planner_dev1696_allmask,0.9084180964186768,ok,1.0,5be2f48d93925c02
1.0,1.0,1.0,0.6665694815525444,2021.07.09.15.53.28_veh-38_00184_02293,1.0,cb0ca59f0517acde2f36449613ad3decb29b1d96ffe6f0f5fbab2435ef949478,planner_dev1696_allmask,0.8610706173135602,ok,1.0,5d0b6e2c0cad53ce
1.0,1.0,1.0,1.0,2021.07.09.15.53.28_veh-38_00184_02293,1.0,e4510bd37251d5a15624a4ca8130297d34635cc99c4b26610984efae238b5d7f,planner_dev1696_allmask,1.0,ok,1.0,5d95e24db2fa5ada
1.0,1.0,1.0,1.0,2021.07.09.15.53.28_veh-38_00184_02293,1.0,c2719e2d73720178cb60727f073cca9074bb4ddd5753bd9235aa1d182cabe7ce,planner_dev1696_allmask,1.0,ok,1.0,5eea58c0ed9d5b4d
1.0,1.0,1.0,0.9333101144375047,2021.07.09.15.53.28_veh-38_00184_02293,1.0,185a588fdc077f04840e592bb363b49e16faa607994fb0f855d464addf32533a,planner_dev1696_allmask,0.9722125476822936,ok,1.0,5f2e24464be0511a
1.0,1.0,1.0,1.0,2021.07.09.15.53.28_veh-38_00184_02293,1.0,936c1a2589fa43a8ac3b8fbfc83f9f318b234e43f88f3c799582371ad66702b6,planner_dev1696_allmask,1.0,ok,1.0,5f5d82af40575c3a
1.0,1.0,1.0,1.0,2021.07.09.15.53.28_veh-38_00184_02293,1.0,6100684ff54bfeabe5adf2da0801e25800b53e5fef8d9b82c5ab782890856d04,planner_dev1696_allmask,1.0,ok,1.0,5f9d781b4e0a5e25
1.0,1.0,1.0,1.0,2021.07.09.15.53.28_veh-38_00184_02293,1.0,a8e44434c5db903c4ad25c6b09c9574bdb453f375db6fe287e25fcc2bd7743b1,planner_dev1696_allmask,1.0,ok,1.0,5fbbd408b7395036
1.0,1.0,1.0,1.0,2021.07.09.15.53.28_veh-38_00184_02293,1.0,e9f700da6add76cb6f389953b6921d71a57977d33c6089cb1557ea550f35826c,planner_dev1696_allmask,1.0,ok,1.0,606628cc32715abd
1.0,1.0,1.0,1.0,2021.07.09.15.53.28_veh-38_00184_02293,1.0,7ea22975699d5fd61d28ed439df16556195cc8d346b059970f4ff0e2ef8d1e59,planner_dev1696_allmask,1.0,ok,1.0,60966830452a5fdb
1.0,1.0,1.0,1.0,2021.07.09.15.53.28_veh-38_00184_02293,1.0,963c9397388cbcce5ff1531837435a5850b51f031d0baec4c036dea9cfbf8e13,planner_dev1696_allmask,1.0,ok,1.0,60c8ea16ac0c5d80
1.0,1.0,1.0,0.9857087626602369,2021.07.09.15.53.28_veh-38_00184_02293,1.0,67fe509748c37ac073f4ebdb0f62b80c4099b422f78994ceb9837247bd0063cd,planner_dev1696_allmask,0.9940453177750986,ok,1.0,60d83af8e3ec5296
1.0,1.0,1.0,0.906340480510474,2021.07.09.15.53.28_veh-38_00184_02293,1.0,73f8258416b6c06180a01037f957c09a21a72eca10aa29bc7d185aa834388b07,planner_dev1696_allmask,0.9609752002126974,ok,1.0,615150631a0d5359
1.0,1.0,1.0,0.8352044985098014,2021.07.09.15.53.28_veh-38_00184_02293,1.0,9e490ca0908ba5c5125c6344097502e3b6686d16e4a0dceaf1904720a2a5091f,planner_dev1696_allmask,0.9313352077124172,ok,1.0,61b475b0e8de50d4
1.0,1.0,1.0,0.604780973313895,2021.07.09.15.53.28_veh-38_00184_02293,1.0,5bf2227f8d70c9817cbf66ef3e63cf6db44ec2ec74c94898446ec813e100e977,planner_dev1696_allmask,0.8353254055474563,ok,1.0,61ec98105b6454d1
1.0,1.0,0.0,0.7552307844497369,2021.07.09.15.53.28_veh-38_00184_02293,1.0,70d1348d9a4a11b19de04376b961eb827f9b7cbac866d44aa39f791fd54fe918,planner_dev1696_allmask,0.8980128268540571,ok,1.0,62292b644c765f2d
1.0,1.0,1.0,1.0,2021.07.09.15.53.28_veh-38_00184_02293,1.0,81b6f23b680461a398d485508e01783b46eba8b7d6348a81d4b24d576791d7ed,planner_dev1696_allmask,1.0,ok,1.0,62eeaae653ad58c0
1.0,1.0,1.0,0.9318571715220932,2021.07.09.15.53.28_veh-38_00184_02293,1.0,4d147865c74cde7be4a9dffc0e39f13cf29fde6d3e055cc0e78ddb829f1a6f4a,planner_dev1696_allmask,0.9716071548008722,ok,1.0,63e276d858f35dc0
1.0,1.0,1.0,1.0,2021.07.09.15.53.28_veh-38_00184_02293,1.0,2ed3d50658b4b440cc65616d3c31047d8966c9d7b5d4c439e21e76195010a424,planner_dev1696_allmask,1.0,ok,1.0,644b320b4ec559de
1.0,1.0,1.0,0.886870562771992,2021.07.09.15.53.28_veh-38_00184_02293,1.0,7fe1416c153f1d03e1bb454dc460e126a3fcb04eb0b8e9eee06935f901c9bc2a,planner_dev1696_allmask,0.9528627344883299,ok,1.0,6524dc3754d95750
1.0,1.0,1.0,1.0,2021.07.09.15.53.28_veh-38_00184_02293,1.0,cd966daadbb1a513abe483cb457e33c4738cc1dcb15622cabf113a57712c8a25,planner_dev1696_allmask,1.0,ok,1.0,65cf5ab5da625c92
1.0,1.0,1.0,0.8267204819221149,2021.07.09.15.53.28_veh-38_00184_02293,1.0,aa0e52be26b9a5bd083fb6f7b963f165d9c7cbc7aa696a69d8f8ed4a1eb0c78d,planner_dev1696_allmask,0.9278002008008812,ok,1.0,65dfcaf9f5ae5544
1.0,1.0,1.0,1.0,2021.07.09.15.53.28_veh-38_00184_02293,1.0,c2c10b04c83e0922d86c40471d0d2249e8d1ae0745807a7c27a91c25077ae919,planner_dev1696_allmask,1.0,ok,1.0,6639e46adc8a5387
1.0,1.0,1.0,1.0,2021.07.09.15.53.28_veh-38_00184_02293,1.0,2e1044eb99ffb117f3aacd2307da9bbc30f04860ff18fad41f766475023993b6,planner_dev1696_allmask,1.0,ok,1.0,685b63993c6750d7
1.0,1.0,1.0,1.0,2021.07.09.15.53.28_veh-38_00184_02293,1.0,ad1490c5716bb5cbc58523da78c8c257b005653826698e96e70aa2d701aae0ef,planner_dev1696_allmask,1.0,ok,1.0,68d4c704a0fc5cb7
1.0,1.0,1.0,0.8472493982677085,2021.07.09.15.53.28_veh-38_00184_02293,1.0,1d068d57b58c0c7a40ab31a37f8b0de1ffb4a042c37005354d080939752fda8e,planner_dev1696_allmask,0.9363539159448786,ok,1.0,68d60fd55b6b5436
1.0,1.0,0.0,0.9929085514980365,2021.07.09.15.53.28_veh-38_00184_02293,1.0,ee98e35c3cff85686e748e73959458d1c0e1a36f0863ca3092e7ced5c505ab74,planner_dev1696_allmask,0.9970452297908485,ok,1.0,6967bd153dd859aa
1.0,1.0,1.0,1.0,2021.07.09.15.53.28_veh-38_00184_02293,1.0,05d33282050586addc68ac90bef08c29b5293829f17a8e8613d300a9e96b3200,planner_dev1696_allmask,1.0,ok,1.0,6985bce9bf3f5165
1.0,1.0,1.0,1.0,2021.07.09.15.53.28_veh-38_00184_02293,1.0,46ff8e3b88d2523796b2ff49e659a9df0738ed457ce56f5eb127c1b22183f94e,planner_dev1696_allmask,1.0,ok,1.0,69942d2c55045583
1.0,1.0,1.0,0.9133928875945725,2021.07.09.15.53.28_veh-38_00184_02293,1.0,25cc6cbebc6b5bd7417aacdc39e0f3ccc3a7c3b7fb8498920694c7997a4ff581,planner_dev1696_allmask,0.9639137031644052,ok,1.0,69dc5b99e8495527
1.0,1.0,0.0,0.8958205455021241,2021.07.09.15.53.28_veh-38_00184_02293,1.0,5f51448f8fcec3135f7114e18059d27c031b28ec667dfc95750fc6d9424d40d5,planner_dev1696_allmask,0.9565918939592185,ok,1.0,6a2c8800bace516a
1.0,1.0,1.0,1.0,2021.07.09.15.53.28_veh-38_00184_02293,1.0,2e8d17c3ed9442811cdb5d59c3cfd321e88fe7dbdbe09bee110cfedc5cc3a178,planner_dev1696_allmask,1.0,ok,1.0,6aaddfb6748e5902
1.0,1.0,1.0,1.0,2021.07.09.15.53.28_veh-38_00184_02293,1.0,79c5cdf10c5ed3c73d0a1d08996676a31689cfcc72e9ff611871899a61dde3cc,planner_dev1696_allmask,1.0,ok,1.0,6b0342e0299e53b5
1.0,1.0,1.0,0.8337013573832235,2021.07.09.15.53.28_veh-38_00184_02293,1.0,8ceb8774f2bb5a01d87e31d3945efa28432b90c92125b1768ada3c8654abba95,planner_dev1696_allmask,0.9307088989096765,ok,1.0,6b0d235a84a556ac
1.0,1.0,1.0,1.0,2021.07.09.15.53.28_veh-38_00184_02293,1.0,e02e660f9401698defa848551ff9625616054b73bdeda2927fcc8b93a82c83e4,planner_dev1696_allmask,1.0,ok,1.0,6c14868b34cd5cbf
1.0,1.0,1.0,0.9118824331870922,2021.07.09.15.53.28_veh-38_00184_02293,1.0,ca3cd05df10346b5b69227dee1d023fa4a05f4f43fdeafd0ccace37cc1f6f936,planner_dev1696_allmask,0.9632843471612884,ok,1.0,6c4e378311d55950
1.0,1.0,1.0,1.0,2021.07.09.15.53.28_veh-38_00184_02293,1.0,9aee0310e036be7468b08a3dbab273b9c9bb7a2fcfbd712b207f7292d1793689,planner_dev1696_allmask,1.0,ok,1.0,6d041be110a95545
1.0,1.0,1.0,0.6801071155059335,2021.07.09.15.53.28_veh-38_00184_02293,1.0,820b68422a8c75e139f00629d5b34e3187176891c65aa3725f4c9fa7435367dd,planner_dev1696_allmask,0.8667112981274722,ok,1.0,6d44fd636c0953ad
1.0,1.0,1.0,0.8952740568736717,2021.07.09.15.53.28_veh-38_00184_02293,1.0,b4adaf3c753f8e12a6cba5ff42fcef0bcaa2b17c8278c9aff412a33f1f87d899,planner_dev1696_allmask,0.9563641903640298,ok,1.0,6d8cdad401125079
1.0,1.0,1.0,0.9554637604939886,2021.07.09.15.53.28_veh-38_00184_02293,1.0,ec37ed19d2f3cb2ed7e0c96adb76329247e1efec20e760b175b453b5d2f035cd,planner_dev1696_allmask,0.9814432335391619,ok,1.0,6db0c73631c555b0
1.0,1.0,1.0,1.0,2021.07.09.15.53.28_veh-38_00184_02293,1.0,7adbf771d4c9ef13a5cd0b454d645e0b68196ec1058373cc7c186f2b4a643d12,planner_dev1696_allmask,1.0,ok,1.0,6dc4975ee9915cb2
1.0,1.0,1.0,0.7819549490202726,2021.07.09.15.53.28_veh-38_00184_02293,1.0,7b8dcf0c0986b3cb89f992d9568cc565f0a2e7494cc6c8b9319c10bc44f46160,planner_dev1696_allmask,0.9091478954251135,ok,1.0,6dee7c049737527b
1.0,1.0,1.0,1.0,2021.07.09.15.53.28_veh-38_00184_02293,1.0,b749cfd6e59bfaa94aa44066bb03ef594281f1d2be52150d3d17f3bde5caad65,planner_dev1696_allmask,1.0,ok,1.0,6e52df2cd43c5bca
1.0,1.0,1.0,1.0,2021.07.09.15.53.28_veh-38_00184_02293,1.0,f723b31376b0886a835e263a6017decfb202d9a8c25ce1e465119091479dc0a7,planner_dev1696_allmask,1.0,ok,1.0,6e8c5b6b0aaf5f6d
1.0,1.0,1.0,0.7494646139848457,2021.07.09.15.53.28_veh-38_00184_02293,1.0,390cb58b3f31e005d79871407fb4920ef8afc470d8b6fe8ffe55505b0ea78866,planner_dev1696_allmask,0.895610255827019,ok,1.0,6f2d8e1d48865f32
1.0,1.0,1.0,0.6404979758906211,2021.07.09.15.53.28_veh-38_00184_02293,1.0,28a32687b141ec3a78c42bf20693cd9d9ef5dfe7e6663c5f38c8e8de958675cb,planner_dev1696_allmask,0.8502074899544255,ok,1.0,6f4f64fd1b145598
1.0,1.0,1.0,1.0,2021.07.09.15.53.28_veh-38_00184_02293,1.0,a50b4f01676865285f729208d17cb45900d00fc8839ca18d49a24d7ac11cbd16,planner_dev1696_allmask,1.0,ok,1.0,6fdf0151dd905608
1.0,1.0,1.0,1.0,2021.07.09.15.53.28_veh-38_00184_02293,1.0,6d90fbb7c2b825982f68f97eabb66d3f0862c0390104aad2c19bb69a61e05298,planner_dev1696_allmask,1.0,ok,1.0,6fe8c6e82de65156
1.0,1.0,1.0,0.6551988407129369,2021.07.09.15.53.28_veh-38_00184_02293,1.0,e7cea1a81fd5fadb8dec47795fbe7a05a94449be187944a5a4ff45a22eca83f9,planner_dev1696_allmask,0.856332850297057,ok,1.0,701c62d42cdf5cfa
1.0,1.0,1.0,1.0,2021.07.09.15.53.28_veh-38_00184_02293,1.0,ab6bc3440138c7a5dff175d643bb8c4003b817440f5ee55ae06575c67dfefd25,planner_dev1696_allmask,1.0,ok,1.0,7221a77c5d955445
1.0,1.0,1.0,1.0,2021.07.09.15.53.28_veh-38_00184_02293,1.0,622c580f611d7b3a8e5e758baae3a27b61966d8751098aa3fd90e1937350318d,planner_dev1696_allmask,1.0,ok,1.0,723350e0feb75963
1.0,1.0,1.0,1.0,2021.07.09.15.53.28_veh-38_00184_02293,1.0,24e7dfc3b4fe48ada43e10dedea60d35678ebc7f4d26d14e217530659b4911d7,planner_dev1696_allmask,1.0,ok,1.0,7293733a32625ec6
1.0,1.0,0.0,1.0,2021.07.09.15.53.28_veh-38_00184_02293,1.0,1416c7bdbde2637bc2ffad58c1be714ab7e05ca58a454a25ed2932032d91f0a3,planner_dev1696_allmask,1.0,ok,1.0,73197a1a03715a15
1.0,1.0,1.0,1.0,2021.07.09.15.53.28_veh-38_00184_02293,1.0,1d77b32f321c5f3298f238792ddee49fabffb793216249e5898c93a16d33254a,planner_dev1696_allmask,1.0,ok,1.0,73aa5ff963e656f6
1.0,1.0,1.0,0.9684648919936942,2021.07.09.15.53.28_veh-38_00184_02293,1.0,6aeeac812aa9c7a7bf3100a479c56a7b946a66b9a561f7c78a0afe51283b35a5,planner_dev1696_allmask,0.9868603716640392,ok,1.0,73d1214a1454592d
1.0,1.0,1.0,1.0,2021.07.09.15.53.28_veh-38_00184_02293,1.0,e7b59ba5088c636cd0a83fa427f9c4d0ccb27b4975077eaab1d21aca856ed2eb,planner_dev1696_allmask,1.0,ok,1.0,74e93b471c195803
1.0,1.0,1.0,1.0,2021.07.09.15.53.28_veh-38_00184_02293,1.0,e5c520ca8a50eab76920737982d57e611fce50ffcdfe06977860618ee82f2d50,planner_dev1696_allmask,1.0,ok,1.0,74ff8f6a618a5f9b
1.0,1.0,1.0,1.0,2021.07.09.15.53.28_veh-38_00184_02293,1.0,ab0e093a90fc5bcb83a3431d3b469e3fd88a6597f10179258b2d7aa3ac0da794,planner_dev1696_allmask,1.0,ok,1.0,7500c2c37cbb5228
1.0,1.0,1.0,0.6715142964771905,2021.07.09.15.53.28_veh-38_00184_02293,1.0,77e9ea4429e84ae781fba1dd3f1cf62b07a8ce6fd10dc1810406291a702fb71e,planner_dev1696_allmask,0.8631309568654961,ok,1.0,758251c429055016
1.0,1.0,1.0,1.0,2021.07.09.15.53.28_veh-38_00184_02293,1.0,d3bbebe0130455112a4bfda70b20b79b54a58fc25ebb64b47f86f05bcf97674e,planner_dev1696_allmask,1.0,ok,1.0,75bbe59a5d305a53
1.0,1.0,1.0,1.0,2021.07.09.15.53.28_veh-38_00184_02293,1.0,3be8abbfb20249cb049ff7342d7e678ec03ded2e37fb073074f53f7d66cbfa8f,planner_dev1696_allmask,1.0,ok,1.0,75eb624e2c925f13
1.0,1.0,1.0,0.8891089343508787,2021.07.09.15.53.28_veh-38_00184_02293,1.0,00c3cce9bee5a35e198a6a786065be88bd5760bb43beb6d62885fcd2209bd369,planner_dev1696_allmask,0.9537953893128662,ok,1.0,763904a315b357a8
1.0,1.0,1.0,1.0,2021.07.09.15.53.28_veh-38_00184_02293,1.0,0ab57adcfd3ef7c1c0cfdfbd90669a281a9ba6827d8fdf13988e73e4837fe24f,planner_dev1696_allmask,1.0,ok,1.0,7729a0ce4e7e5c40
1.0,1.0,1.0,1.0,2021.07.09.15.53.28_veh-38_00184_02293,1.0,284dad70f73044551cb8c075d00aba5d82d4c96e403aa90c36f9b2fe343f61c0,planner_dev1696_allmask,1.0,ok,1.0,7738bbe3ec2b5787
1.0,1.0,1.0,1.0,2021.07.09.15.53.28_veh-38_00184_02293,1.0,61c02bd0836dbd05ea167b7a0f6a6e5b0ed43d9a1f6d9c71fd93f735a6ca73c5,planner_dev1696_allmask,1.0,ok,1.0,78f97b6c3427524b
1.0,1.0,1.0,1.0,2021.07.09.15.53.28_veh-38_00184_02293,1.0,cd89548080c95963066f6aa5131a4ae71f9d7e4b6986d40a0384857896b8a153,planner_dev1696_allmask,1.0,ok,1.0,7948de3a2d2a55ef
1.0,1.0,1.0,0.8469329850747176,2021.07.09.15.53.28_veh-38_00184_02293,1.0,02ecc0c270c34eaac787083659fd83c67fb62ed205e5d5df8d116bcc549818c7,planner_dev1696_allmask,0.9362220771144657,ok,1.0,798e9edbcfd65aa8
1.0,1.0,0.0,0.7448827563053286,2021.07.09.15.53.28_veh-38_00184_02293,1.0,4501b7981e73484eb9241583726424aac3e2a1cdd5e885614ee8c3ae9e477bc1,planner_dev1696_allmask,0.8937011484605536,ok,1.0,79a0bda4d6df5e2a
1.0,1.0,1.0,1.0,2021.07.09.15.53.28_veh-38_00184_02293,1.0,59ea778083f4f82e934bae6cc5943c73dd4487a8003af3f803580bdea9d0c594,planner_dev1696_allmask,1.0,ok,1.0,7a02eea9dbd0517b
1.0,1.0,1.0,0.9380982983088161,2021.07.09.15.53.28_veh-38_00184_02293,1.0,525162a43e4e638602303f566e4cd69b3e1fa273619d54c495f269f496452a42,planner_dev1696_allmask,0.97420762429534,ok,1.0,7a430a9945055acd
1.0,1.0,1.0,1.0,2021.07.09.15.53.28_veh-38_00184_02293,1.0,0b0b1fba12a6db36ae028999bb655004b9ecf637dd5b489f6e5fe12fee36bbfa,planner_dev1696_allmask,1.0,ok,1.0,7a569fbddc2e53ed
1.0,1.0,1.0,1.0,2021.07.09.15.53.28_veh-38_00184_02293,1.0,22635c8c367db062ba2133ece1d7caee2fc945ba4c21066c6b02c5ca900b9777,planner_dev1696_allmask,1.0,ok,1.0,7b3a98e80f525533
1.0,1.0,1.0,1.0,2021.07.09.15.53.28_veh-38_00184_02293,1.0,059e182505d25455f12817fe31cc2527ee7a0793812e43f64fef9dbb1fa88d3a,planner_dev1696_allmask,1.0,ok,1.0,7b7c4d1e5ec95f17
1.0,1.0,1.0,0.87764939302501,2021.07.09.15.53.28_veh-38_00184_02293,1.0,1effc1c6ac835c709fae69f8727617554ef44c62dcdd583831d5306372576adf,planner_dev1696_allmask,0.9490205804270874,ok,1.0,7b81b7c982e35adc
1.0,1.0,1.0,0.9682652223895133,2021.07.09.15.53.28_veh-38_00184_02293,1.0,92dec0295f425d71d7d7f9d844c81bd4fe1f50253a0934a01d49481aad9c5079,planner_dev1696_allmask,0.9867771759956305,ok,1.0,7cd693b8880c55b6
1.0,1.0,1.0,0.7701099332344772,2021.07.09.15.53.28_veh-38_00184_02293,1.0,6b8d50d6cdf922b02b8a48c2e260f210dc71372aad84752eb00074692ce3b81d,planner_dev1696_allmask,0.9042124721810322,ok,1.0,7cfc59f9673752c1
1.0,1.0,1.0,0.9378350769003622,2021.07.09.15.53.28_veh-38_00184_02293,1.0,11d33dba5ec712b004495d7f5d1fede3afd502e096131b5a51f292d3dc969702,planner_dev1696_allmask,0.9740979487084842,ok,1.0,7d18e654da9b5ecf
1.0,1.0,1.0,0.786322362086119,2021.07.09.15.53.28_veh-38_00184_02293,1.0,e2c62df91519553f426eca7dbdc5dbd305e7bb919ec0a7d4024321ed1c93733a,planner_dev1696_allmask,0.9109676508692163,ok,1.0,7da65eef431c5831
1.0,1.0,1.0,0.5920781020965676,2021.07.09.15.53.28_veh-38_00184_02293,1.0,6498b60292c9b4c3292ca2d0c45ea5649d0585072b389b4f848d7b3fd474a144,planner_dev1696_allmask,0.8300325425402365,ok,1.0,7dadf9fcee2e587d
1.0,1.0,1.0,1.0,2021.07.09.15.53.28_veh-38_00184_02293,1.0,a93706fbbc3368cd53a002269787439101106a3cfbf59ec7b7c25e795e6f1d61,planner_dev1696_allmask,1.0,ok,1.0,7e11df067a735f04
1.0,1.0,1.0,1.0,2021.07.09.15.53.28_veh-38_00184_02293,1.0,bf3fac266e45b03dcd2f4387cfeae1dd84209d5c3e3431e64a505733cec55925,planner_dev1696_allmask,1.0,ok,1.0,7e58a63ae5da5a38
1.0,1.0,1.0,1.0,2021.07.09.15.53.28_veh-38_00184_02293,1.0,e9f924f9038549e93033f3d70213b7c78c4548ce02a997c9dc17f578cc465f95,planner_dev1696_allmask,1.0,ok,1.0,7e64dd02b985526f
1.0,1.0,1.0,0.9433373446050008,2021.07.09.15.53.28_veh-38_00184_02293,1.0,4e3e928a7d2e9f5ec12dc9db390bfeb732c2aafa73ed995b6f6210d7af098c8d,planner_dev1696_allmask,0.9763905602520837,ok,1.0,7fe5d84bbda651fd
1.0,1.0,1.0,0.8101699592258075,2021.07.09.15.53.28_veh-38_00184_02293,1.0,84b3a9782173962aa38ea3546302a8403d6fd4b0cea90cde831a316523e97088,planner_dev1696_allmask,0.9209041496774198,ok,1.0,80538e78e0805e93
1.0,1.0,1.0,0.8941981292687633,2021.07.09.15.53.28_veh-38_00184_02293,1.0,ab796ca9a139d9e1621a2747ac7f1ebbb98229ba69b4f3fc1adf4e1a9d65c6bd,planner_dev1696_allmask,0.9559158871953181,ok,1.0,80c1301aa1ca5378
1.0,1.0,1.0,0.5323962513697386,2021.07.09.15.53.28_veh-38_00184_02293,1.0,c31185de1e030c8b1999c2719f0543337ca70783d0749c6b4e9456111d38b8fb,planner_dev1696_allmask,0.805165104737391,ok,1.0,824fe1c7968256ab
1.0,1.0,1.0,0.9269629495595374,2021.07.09.15.53.28_veh-38_00184_02293,1.0,b5166baba4507e0482f38210562d813db7bd2750ca2f7c3832395cc4b82bb1fa,planner_dev1696_allmask,0.9695678956498073,ok,1.0,83a393796b2e57df
1.0,1.0,1.0,0.8683970549999767,2021.07.09.15.53.28_veh-38_00184_02293,1.0,cdb10ed4d32f2a46a52a65fefd91bba477cd68140f47d83d4426cfe9bdb19b7b,planner_dev1696_allmask,0.9451654395833237,ok,1.0,8469b20e06015317
1.0,1.0,1.0,0.7666403441286525,2021.07.09.15.53.28_veh-38_00184_02293,1.0,ea30f787b94016afed75543fdb8732d1bf59e855056b254888ee7d13de395dbf,planner_dev1696_allmask,0.9027668100536053,ok,1.0,84ec0e32bbf45061
1.0,1.0,1.0,0.6165060336533978,2021.07.09.15.53.28_veh-38_00184_02293,1.0,faff310da92d4e6e394a310d924ffadb802667704fe2570a02b03eb02f2e4abe,planner_dev1696_allmask,0.8402108473555824,ok,1.0,85b84f9120225591
1.0,1.0,1.0,0.9486159543931033,2021.07.09.15.53.28_veh-38_00184_02293,1.0,37cbc167c1a9d8ad4c143eec738586b2d09efd9e0a691cd50a559dfe12d5be4b,planner_dev1696_allmask,0.9785899809971262,ok,1.0,860685d975df5da5
1.0,1.0,1.0,1.0,2021.07.09.15.53.28_veh-38_00184_02293,1.0,dc3c1b41140d464b770a2c00f7bb06a58827e7119deb173b6605444aa67cb44b,planner_dev1696_allmask,1.0,ok,1.0,878debfff51656dc
1.0,1.0,1.0,0.5383447702150417,2021.07.09.15.53.28_veh-38_00184_02293,1.0,736dbc827ab5e7b83db166dfb8d8786dacfca5f20f34617f1e0581090092bcd4,planner_dev1696_allmask,0.8076436542562674,ok,1.0,87c88239e2ae5b90
1.0,1.0,1.0,1.0,2021.07.09.15.53.28_veh-38_00184_02293,1.0,730d3c96ecba3ad6f36e8019b4576bca6eb594ef018a133f0ee56efe68cf88c9,planner_dev1696_allmask,1.0,ok,1.0,8925d842a3f0501e
1.0,1.0,1.0,0.640899325530421,2021.07.09.15.53.28_veh-38_00184_02293,1.0,52ef9aacc15edba5f68952caa72578165d09fdb1d4b2422bda83bbd5db6a8fd4,planner_dev1696_allmask,0.8503747189710088,ok,1.0,8ad9a07afc6b5ccc
1.0,1.0,1.0,1.0,2021.07.09.15.53.28_veh-38_00184_02293,1.0,fcca01ae0afba9e2aae5327fb235c99618ac53de28cdd0fe39b9c7bcc9f3cce5,planner_dev1696_allmask,1.0,ok,1.0,8c1374efdf3c5f3c
1.0,1.0,1.0,0.9617601714964307,2021.07.09.15.53.28_veh-38_00184_02293,1.0,f93580e2e9920df01fdd87e5f83a3a3fb0361b170dcb70c90f605ee7015d65da,planner_dev1696_allmask,0.9840667381235129,ok,1.0,8c58465a17645b77
1.0,1.0,1.0,0.8450297788376542,2021.07.09.15.53.28_veh-38_00184_02293,1.0,82c51a8e43340c4bf94649a3e382de338582aeaee825bc58542b86721245587b,planner_dev1696_allmask,0.9354290745156892,ok,1.0,8c812c6c4671575c
1.0,1.0,1.0,1.0,2021.07.09.15.53.28_veh-38_00184_02293,1.0,85fa570564fbf22b7d8d5bcbbf9f48b399531b4b07de32e7a7bda6d162373958,planner_dev1696_allmask,1.0,ok,1.0,8d0e261ba1825130
1.0,1.0,1.0,0.9141101800344489,2021.07.09.15.53.28_veh-38_00184_02293,1.0,9a614fb4401f073adbd33388ff62061ed1bff9598492f36da3d1efdeb44e56ed,planner_dev1696_allmask,0.9642125750143536,ok,1.0,8e2e4e2a5ba95a41
1.0,1.0,1.0,0.8349334790456708,2021.07.09.15.53.28_veh-38_00184_02293,1.0,62dfc5bf36c73202336fcdebdd33c32a60603c2e7b1532e55e62d3feee8e9e98,planner_dev1696_allmask,0.9312222829356962,ok,1.0,8f847886c0595319
1.0,1.0,1.0,1.0,2021.07.09.15.53.28_veh-38_00184_02293,1.0,69e7bf96b335c66629063b69dba53e57d799d604582dd564ba7589b6e1e7f83d,planner_dev1696_allmask,1.0,ok,1.0,907f051528025891
1.0,1.0,1.0,1.0,2021.07.09.15.53.28_veh-38_00184_02293,1.0,96571b00fd750247664f97199dd7197a5e5bad24171ce8ea58eb0d41a819e385,planner_dev1696_allmask,1.0,ok,1.0,9188a3a5aa175e3a
1.0,1.0,1.0,1.0,2021.07.09.15.53.28_veh-38_00184_02293,1.0,1cc9a8b0d9919f23144005514b3b14bf309bc3a200f0209a0a69f84829436e01,planner_dev1696_allmask,1.0,ok,1.0,91927f072cb358b9
1.0,1.0,1.0,1.0,2021.07.09.15.53.28_veh-38_00184_02293,1.0,c025a2f9c3bdce2d2dbef18db3c207175209d746acf08d97f491c3f9199673a5,planner_dev1696_allmask,1.0,ok,1.0,91b861586e7d53cd
1.0,1.0,1.0,0.9276361449410397,2021.07.09.15.53.28_veh-38_00184_02293,1.0,c754fba741d8a6261b5c939b0ddbc4bc8082d5f35da007567a65d14db3d5333b,planner_dev1696_allmask,0.9698483937254333,ok,1.0,9246f3b315b35838
1.0,1.0,1.0,1.0,2021.07.09.15.53.28_veh-38_00184_02293,1.0,de6f1b111e35e8089de7722f16965e50291c9398d8a2111eacc4163e0833f6ee,planner_dev1696_allmask,1.0,ok,1.0,92c22914fbdf5e29
1.0,1.0,1.0,1.0,2021.07.09.15.53.28_veh-38_00184_02293,1.0,9537057b7bc8a9a3fa0691baf60b81738e4c3408f3ee69aed281e69bd657072e,planner_dev1696_allmask,1.0,ok,1.0,935628750eb851fa
1.0,1.0,1.0,0.6825036447484434,2021.07.09.15.53.28_veh-38_00184_02293,1.0,118d194425a4220242cccc63d6ea6f72946dccf086a185a8407e089a597b7205,planner_dev1696_allmask,0.8677098519785181,ok,1.0,945dcb42cd645cc2
1.0,1.0,1.0,1.0,2021.07.09.15.53.28_veh-38_00184_02293,1.0,6f4993065881c1ae7cf4dcdf847de5f9ba545fc9b7cbca5d6075e2a1ce4002a9,planner_dev1696_allmask,1.0,ok,1.0,94f18102ecb65d3f
1.0,1.0,1.0,0.8131405073823158,2021.07.09.15.53.28_veh-38_00184_02293,1.0,ed6784a12fb982e2ce177f7e5a3c4e7223bcae0efbbe09fda35006b15f0ed072,planner_dev1696_allmask,0.922141878075965,ok,1.0,95a1611d12f45d32
1.0,1.0,1.0,1.0,2021.07.09.15.53.28_veh-38_00184_02293,1.0,0e24a3fb67f4a2000e7a899caf56b6c8e0ef1bb67869904151d2ecf9c0258347,planner_dev1696_allmask,1.0,ok,1.0,95d2c3ac66245fa5
1.0,1.0,1.0,0.7488115247206376,2021.07.09.15.53.28_veh-38_00184_02293,1.0,845d331779ec13f7b9e9326c692a2ec2b97dad2d571c8ff2066c6be2faa9b8ed,planner_dev1696_allmask,0.8953381353002657,ok,1.0,96198b6e9db0567b
1.0,1.0,1.0,0.7185179817058317,2021.07.09.15.53.28_veh-38_00184_02293,1.0,c004d0c238c1bfbeafac865651e700d206668bea422968db169aba8d165a9ab4,planner_dev1696_allmask,0.8827158257107631,ok,1.0,966ede5b9c8559f9
1.0,1.0,1.0,0.7769926909201136,2021.07.09.15.53.28_veh-38_00184_02293,1.0,1af6f5c254e2446445272e218f5ec217fa6f0cfe7f73a8bbb8cc3ac0919cd657,planner_dev1696_allmask,0.9070802878833807,ok,1.0,970fa907695456f4
1.0,1.0,1.0,0.8343540822727181,2021.07.09.15.53.28_veh-38_00184_02293,1.0,7da53df1b2a95676616a38da1b834a09488f6a57d9a365f631228ef3a8867ef0,planner_dev1696_allmask,0.9309808676136325,ok,1.0,972df703db945595
1.0,1.0,1.0,1.0,2021.07.09.15.53.28_veh-38_00184_02293,1.0,87a3abc6f85a195c91a07b2f2468cdbf4c84b563dcde0fa8b3219e62341540cd,planner_dev1696_allmask,1.0,ok,1.0,9753236c37725562
1.0,1.0,1.0,1.0,2021.07.09.15.53.28_veh-38_00184_02293,1.0,8e6b884a555e8779eb1b55cd091e109eec2155e809bc06e6f0927d50a2eed708,planner_dev1696_allmask,1.0,ok,1.0,978bac8b6a965c09
1.0,1.0,1.0,0.7830009258599061,2021.07.09.15.53.28_veh-38_00184_02293,1.0,f765e7786f34c20ddd126a024912a5e00283367ebadc6c7af13965585c3dd14d,planner_dev1696_allmask,0.9095837191082943,ok,1.0,97bbe0832237514d
1.0,1.0,1.0,0.9340032391677117,2021.07.09.15.53.28_veh-38_00184_02293,1.0,c28a7e90bd67603443ef4c868e93347729c1f5a38b9dad6e9dc5c0c11af2e31c,planner_dev1696_allmask,0.9725013496532132,ok,1.0,98546a6b46d7528e
1.0,1.0,1.0,0.9205789333817942,2021.07.09.15.53.28_veh-38_00184_02293,1.0,3368675d11f9cd35e15d04a7c8f8590b59372687ee97defa84951392c6adf333,planner_dev1696_allmask,0.9669078889090809,ok,1.0,987e9ead152a5bef
1.0,1.0,1.0,0.6474169254475866,2021.07.09.15.53.28_veh-38_00184_02293,1.0,ac6f804d58dd29b943344b65edeac1ed2c66ec26bc856d41a8dd54663891447e,planner_dev1696_allmask,0.8530903856031612,ok,1.0,9953d027249f57fe
1.0,1.0,1.0,0.9214492281565857,2021.07.09.15.53.28_veh-38_00184_02293,1.0,ab814324822e3cbeb791a70d343eb96534e8157619831d67520ad2c5db0cb46b,planner_dev1696_allmask,0.9672705117319107,ok,1.0,9aa65c356bad5da4
1.0,1.0,1.0,0.8168507003154473,2021.07.09.15.53.28_veh-38_00184_02293,1.0,dc304052ef3bd6350d60e954a2187a64745cb454165ae60f0a7ec9cf3e0d5bff,planner_dev1696_allmask,0.9236877917981031,ok,1.0,9b4ca000766657b2
1.0,1.0,1.0,1.0,2021.07.09.15.53.28_veh-38_00184_02293,1.0,b14c60e0555f20d90162d78731f5078bc2c3db262d14b5cebcaaa0f95c68d88a,planner_dev1696_allmask,1.0,ok,1.0,9bcee0d1dd015764
1.0,1.0,1.0,0.9254185885159368,2021.07.09.15.53.28_veh-38_00184_02293,1.0,730b2bbeb9af2cb138056b45bf80ee8e62b5042019a27bf8e65537d6e7479cbf,planner_dev1696_allmask,0.9689244118816402,ok,1.0,9c2572be2cc259d9
1.0,1.0,1.0,1.0,2021.07.09.15.53.28_veh-38_00184_02293,1.0,2b8ce286ed17587d1d5e13239e56ccb884ee39b78cf3249b083d2a50f20941cc,planner_dev1696_allmask,1.0,ok,1.0,9c33787bfeda5800
1.0,1.0,1.0,0.931980299342575,2021.07.09.15.53.28_veh-38_00184_02293,1.0,d3467fd3bde1e4f872b284d82cb81a691f5e318349efb63f7ebbf7641e62d1e5,planner_dev1696_allmask,0.9716584580594062,ok,1.0,9c792517780b5b7d
1.0,1.0,1.0,1.0,2021.07.09.15.53.28_veh-38_00184_02293,1.0,11288d5a98201ca0e460f7a574639fd16fb4d47f47b96bd25508bb02235782af,planner_dev1696_allmask,1.0,ok,1.0,9c83725ca24453f5
1.0,1.0,1.0,0.772440033264131,2021.07.09.15.53.28_veh-38_00184_02293,1.0,b27b971c94a4289b5f6f98ec4d2e18c2bcb93ae85377544f0e6acbc8730450de,planner_dev1696_allmask,0.9051833471933879,ok,1.0,9c891840338e54d4
1.0,1.0,1.0,1.0,2021.07.09.15.53.28_veh-38_00184_02293,1.0,1f0c02381227645ef01bf4b64cf503be8205066038683d8379912cd50412851f,planner_dev1696_allmask,1.0,ok,1.0,9cb25aa118655418
1.0,1.0,1.0,1.0,2021.07.09.15.53.28_veh-38_00184_02293,1.0,6bd0261381bf22228ed615851ad660d22cd89d4b0232178a259d31de2baddf42,planner_dev1696_allmask,1.0,ok,1.0,9cc73a8bde335ec2
1.0,1.0,0.5,1.0,2021.07.09.15.53.28_veh-38_00184_02293,1.0,5314b32bd3464c8c85529e46099c3283bb287db8be5f1debc8053c4433b4d7fc,planner_dev1696_allmask,1.0,ok,1.0,9d572fd0a3c0584f
1.0,1.0,1.0,0.933288412973633,2021.07.09.15.53.28_veh-38_00184_02293,1.0,05d962f925a12d79ceaf6699f0a71c92481554d3b9d26730bb73e4ca7849b9d0,planner_dev1696_allmask,0.9722035054056803,ok,1.0,9d8f4e67c96b5637
1.0,1.0,1.0,0.6166420951212429,2021.07.09.15.53.28_veh-38_00184_02293,1.0,e2ec1a3362e10c4afee65bbfb0318766a258e392be3927e468d392274f3f86e8,planner_dev1696_allmask,0.8402675396338513,ok,1.0,9db16a5b77095de4
1.0,1.0,1.0,1.0,2021.07.09.15.53.28_veh-38_00184_02293,1.0,7602d3ad575abbdd5a78fa9e85fdd0131c0eb5a1dfd50a52e5ff0256cf0bc891,planner_dev1696_allmask,1.0,ok,1.0,9e7532e485cc5816
1.0,1.0,1.0,1.0,2021.07.09.15.53.28_veh-38_00184_02293,1.0,5d89e0a44cc411c365c5fad8892e2698b4720e55abd28dadf9882d0d46fb3b98,planner_dev1696_allmask,1.0,ok,1.0,9eac02522d2a5ed3
1.0,1.0,1.0,0.8716022308980388,2021.07.09.15.53.28_veh-38_00184_02293,1.0,abd899de25845558b5cb8430f4b30deeef710614b58350dc9aee4add56392a29,planner_dev1696_allmask,0.9465009295408495,ok,1.0,9f2f87e8c4b558c8
1.0,1.0,1.0,0.9716855291185202,2021.07.09.15.53.28_veh-38_00184_02293,1.0,66c3ba17228ab11af783b106847a339454a3e89f3a598f8551b6b752dc0edd11,planner_dev1696_allmask,0.9882023037993836,ok,1.0,9f40f3d09a0c5024
1.0,1.0,1.0,0.963251842104315,2021.07.09.15.53.28_veh-38_00184_02293,1.0,325f9118b4015fb4a440b8426e268694f459e91c800841e620cede83e32049d0,planner_dev1696_allmask,0.9846882675434646,ok,1.0,9f56c42b0c4b552c
1.0,1.0,1.0,1.0,2021.07.09.15.53.28_veh-38_00184_02293,1.0,3205362e3bb817810715660e93e2eee6cf27763f4f523c8dcd266c99b2dc436b,planner_dev1696_allmask,1.0,ok,1.0,a0036dbb7dd9522a
1.0,1.0,1.0,0.5828583223456448,2021.07.09.15.53.28_veh-38_00184_02293,1.0,c277db4f341a7b1d3731830aae8a7dbf56714d3bf6e8574cae9f777a18940f88,planner_dev1696_allmask,0.8261909676440187,ok,1.0,a075a523b64550e9
1.0,1.0,1.0,1.0,2021.07.09.15.53.28_veh-38_00184_02293,1.0,adfadfbebec7553972aa7f8b89c872a2224ccf685fbae87b693b7fd6890ff821,planner_dev1696_allmask,1.0,ok,1.0,a094176b58375800
1.0,1.0,1.0,1.0,2021.07.09.15.53.28_veh-38_00184_02293,1.0,09f502ff794a657471024d20440896d479f310a8e78cde597b07ec88270824f8,planner_dev1696_allmask,1.0,ok,1.0,a0c05b04e8fc5d85
1.0,1.0,1.0,1.0,2021.07.09.15.53.28_veh-38_00184_02293,1.0,e53ad8676d9935e1ec9bf6da12c8f6eccfad5fb64efd216e5f3e6cb9f013a7a1,planner_dev1696_allmask,1.0,ok,1.0,a156a990d01f5a38
1.0,1.0,1.0,0.7266449518618086,2021.07.09.15.53.28_veh-38_00184_02293,1.0,05e774cda2bffeb260628733e0952dc01086029ed7f53b428b8e6b9d19c9aa29,planner_dev1696_allmask,0.8861020632757536,ok,1.0,a173aec70e58581c
1.0,1.0,1.0,0.7382187865866349,2021.07.09.15.53.28_veh-38_00184_02293,1.0,5c8e469204e33760157a7fa40582112618ec8fa213e2db880c94de1d628fe9d9,planner_dev1696_allmask,0.8909244944110979,ok,1.0,a1b196339e23508b
1.0,1.0,1.0,0.8537961813353556,2021.07.09.15.53.28_veh-38_00184_02293,1.0,9d9e25d210377474fc0019a89b4415461ec923aa302db9d197537d33280ad061,planner_dev1696_allmask,0.9390817422230647,ok,1.0,a1c0bc234f6b509d
1.0,1.0,1.0,1.0,2021.07.09.15.53.28_veh-38_00184_02293,1.0,259e933ede8fc80749ebf275f84c5941cbe8ee8f204cdc0781805dc03a317d58,planner_dev1696_allmask,1.0,ok,1.0,a29d4b0957d45457
1.0,1.0,1.0,1.0,2021.07.09.15.53.28_veh-38_00184_02293,1.0,b928bd504b0cc37321f210c7ec715069e89a51f7b9e9459ef803a87368bab6b5,planner_dev1696_allmask,1.0,ok,1.0,a3648b6dd505564f
1.0,1.0,1.0,0.9012812751104698,2021.07.09.15.53.28_veh-38_00184_02293,1.0,f1921eae57290a1c0f2395ca85db67b37e15041d97bd5bfd084b82cbf0a5da2b,planner_dev1696_allmask,0.9588671979626957,ok,1.0,a3b1fb4905615ee0
1.0,1.0,1.0,0.6726408939877102,2021.07.09.15.53.28_veh-38_00184_02293,1.0,1b079df55d7fc97e5ef539100ebc10b34b4b2075d563546477e8e7f467477239,planner_dev1696_allmask,0.8636003724948793,ok,1.0,a3ef1c88095a59da
1.0,1.0,1.0,0.9451451497135732,2021.07.09.15.53.28_veh-38_00184_02293,1.0,b744a2c07714e2a296e7d450f13d4d82c7566e4271017df81e3ad13f4e2a08f3,planner_dev1696_allmask,0.9771438123806555,ok,1.0,a4ba975c32c95388
1.0,1.0,1.0,0.9677990950380625,2021.07.09.15.53.28_veh-38_00184_02293,1.0,389b6bf4606b2db1fdd6d892081efce7150908565be512469c653b41326e0dab,planner_dev1696_allmask,0.9865829562658593,ok,1.0,a501f397b8045aed
1.0,1.0,1.0,1.0,2021.07.09.15.53.28_veh-38_00184_02293,1.0,1a2f42d254cdfc13e6e2dc40645bf61500e2a4ddccae8a35f1ed135f8aa64518,planner_dev1696_allmask,1.0,ok,1.0,a572a36643565d2d
1.0,1.0,1.0,1.0,2021.07.09.15.53.28_veh-38_00184_02293,1.0,ff99df3209c3971c7c6c5e021ef7a358a5365e71fbc29c4c974ddcc68cfca395,planner_dev1696_allmask,1.0,ok,1.0,a5bdf8f9621d585c
1.0,1.0,0.5,1.0,2021.07.09.15.53.28_veh-38_00184_02293,1.0,8dec005105065c81f7815f31b7cd6f28c04e26bc7217f67121a6fae40107486c,planner_dev1696_allmask,1.0,ok,1.0,a5d0fdeecf745214
1.0,1.0,1.0,1.0,2021.07.09.15.53.28_veh-38_00184_02293,1.0,1bc652cbb88f309f3bc276f7a6a1984f9e511fef2afffda2ba483898d4909caa,planner_dev1696_allmask,1.0,ok,1.0,a5fc68e13b4c5653
1.0,1.0,1.0,0.7149065792234225,2021.07.09.15.53.28_veh-38_00184_02293,1.0,65561d44c39480ce04f38f704096438b303fe4287007403d577cdd5eac1c204f,planner_dev1696_allmask,0.881211074676426,ok,1.0,a732670827695579
1.0,1.0,1.0,0.8813410221102899,2021.07.09.15.53.28_veh-38_00184_02293,1.0,a21621ceb4a670e9c2dd7652a817f10c628a0374deec625d152172bbc83ac4f6,planner_dev1696_allmask,0.9505587592126208,ok,1.0,a7bfd664e59f5640
1.0,1.0,1.0,0.8979550275198083,2021.07.09.15.53.28_veh-38_00184_02293,1.0,984ac35817f6727512ce2184a4a7b00b65e4b7bde94cd444d762933f1b60d5f0,planner_dev1696_allmask,0.9574812614665867,ok,1.0,a7c85687d085540f
1.0,1.0,1.0,1.0,2021.07.09.15.53.28_veh-38_00184_02293,1.0,7ed1616d6f2a56e6d0d3c836073e30054dda11d7405b3247701029af9bc47301,planner_dev1696_allmask,1.0,ok,1.0,a7f219d0ab395e1b
1.0,1.0,1.0,1.0,2021.07.09.15.53.28_veh-38_00184_02293,1.0,0d72af6003b14f3b1f96b7c4ffa44be7d27f9f81a3896544d02620b9022ac4b8,planner_dev1696_allmask,1.0,ok,1.0,a85db33ba720554a
1.0,1.0,1.0,1.0,2021.07.09.15.53.28_veh-38_00184_02293,1.0,63a8f9e2247cff21472c3bcfa5b4579e69d66846730dc93276e47a77bfcd8d9a,planner_dev1696_allmask,1.0,ok,1.0,a890e898c911575d
1.0,1.0,1.0,0.8151113169726326,2021.07.09.15.53.28_veh-38_00184_02293,1.0,0579e6f653efa7f8385a5db8f84d926a7d1fcbd6977296fcfab92b4bde726afe,planner_dev1696_allmask,0.9229630487385969,ok,1.0,a8e97875efab5ff5
1.0,1.0,1.0,0.9591188957552755,2021.07.09.15.53.28_veh-38_00184_02293,1.0,5dff1244935e2c416847e0518b4046d1757e334e680548502aa0e4987164ed83,planner_dev1696_allmask,0.9829662065646981,ok,1.0,a8efb43e09885372
1.0,1.0,1.0,0.5791457353990221,2021.07.09.15.53.28_veh-38_00184_02293,1.0,54e3ec022b7c621dd00710cbcbeb92d6d4ac4ca952209f95e4edb5f56e172462,planner_dev1696_allmask,0.8246440564162593,ok,1.0,a90b5f01478957ee
1.0,1.0,1.0,0.8044093229099787,2021.07.09.15.53.28_veh-38_00184_02293,1.0,aec98013dc5a2b4c3feb5e142e58ca25683d3bffa51f69b8e8d423bbdc320505,planner_dev1696_allmask,0.9185038845458244,ok,1.0,a91aee7fb6255053
1.0,1.0,1.0,0.8727346408566694,2021.07.09.15.53.28_veh-38_00184_02293,1.0,8c7dca29f012e3259dc10e47f2cbfb1e1a7208f130709ccd0f8ea06a57927b0f,planner_dev1696_allmask,0.9469727670236123,ok,1.0,a9bb657628115cf5
1.0,1.0,1.0,0.9772336802172404,2021.07.09.15.53.28_veh-38_00184_02293,1.0,7d080301f8a6e3f52eb40b9d4593e8521170c31d9037774db424785ca38e0b1c,planner_dev1696_allmask,0.9905140334238501,ok,1.0,aa917b7bd6795583
1.0,1.0,1.0,1.0,2021.07.09.15.53.28_veh-38_00184_02293,1.0,72bcabe785126cc1901f4cefc621405b34b4e7db3ca239645edbf0e63999e7c6,planner_dev1696_allmask,1.0,ok,1.0,ac0ca24fd2f158b7
1.0,1.0,1.0,0.9048037998897264,2021.07.09.15.53.28_veh-38_00184_02293,1.0,941472abc7268061753ece55fab7865f73ce209d86c722794981510ae60afe7a,planner_dev1696_allmask,0.9603349166207193,ok,1.0,acf90c09814b527d
1.0,1.0,1.0,1.0,2021.07.09.15.53.28_veh-38_00184_02293,1.0,719ab7e4910c7803f367b88285aee8c1f5a000ec5c0a125886723ce1454924e3,planner_dev1696_allmask,1.0,ok,1.0,ad4728971bca5a56
1.0,1.0,1.0,1.0,2021.07.09.15.53.28_veh-38_00184_02293,1.0,2d9eb8791b4033b9d193c16e475b7b19a57a0097167088c263270e105410b508,planner_dev1696_allmask,1.0,ok,1.0,adeac17732895943
1.0,1.0,1.0,0.5718593231872446,2021.07.09.15.53.28_veh-38_00184_02293,1.0,148f750d024aeac2c407cca15374e7b9c9f979b73a6e195d5e4e63ecdc057286,planner_dev1696_allmask,0.8216080513280186,ok,1.0,ae101de4cb1b513e
1.0,1.0,1.0,1.0,2021.07.09.15.53.28_veh-38_00184_02293,1.0,50e4f04b45f26cc7aad1e5656022c2fd7bfd2cabed6b309d71a193a0ae82c1c3,planner_dev1696_allmask,1.0,ok,1.0,ae65f8c63d9757ce
1.0,1.0,1.0,0.7903231793511222,2021.07.09.15.53.28_veh-38_00184_02293,1.0,02df9e7901f4639ab57f0cef29c7999be69a8d833f1e90765bf4393227b3e9cc,planner_dev1696_allmask,0.9126346580629675,ok,1.0,ae75038bea395c18
1.0,1.0,1.0,1.0,2021.07.09.15.53.28_veh-38_00184_02293,1.0,d8ea3cbe3340ea66a589114f4ca8382678bec1b0246f9fac1d36aa526cfdb946,planner_dev1696_allmask,1.0,ok,1.0,aefcaaf5aef552eb
1.0,1.0,1.0,0.7205860465249259,2021.07.09.15.53.28_veh-38_00184_02293,1.0,97e7c99ba39b08b28f1eac2facce81035a517b692d7da7a361d942dd57d9e822,planner_dev1696_allmask,0.8835775193853858,ok,1.0,b0224834f8b856d8
1.0,1.0,1.0,1.0,2021.07.09.15.53.28_veh-38_00184_02293,1.0,d8dfdf641b2071e4edde1e0df3077fe9865c2da0235d4f08eaf61c971e1428a3,planner_dev1696_allmask,1.0,ok,1.0,b030dec92165592b
1.0,1.0,1.0,1.0,2021.07.09.15.53.28_veh-38_00184_02293,1.0,e9a93c20a2396312e8e55a03f0eab53f9f9c46d9df846e75f87cc373a3c42b51,planner_dev1696_allmask,1.0,ok,1.0,b066a7fc60ff523a
1.0,1.0,1.0,0.855256827139352,2021.07.09.15.53.28_veh-38_00184_02293,1.0,2f7c829a44cc1b498dbe60755eb8808c38297ca8ce26543887493f843cc5a1fe,planner_dev1696_allmask,0.9396903446413966,ok,1.0,b1c8504629d8571f
1.0,1.0,1.0,1.0,2021.07.09.15.53.28_veh-38_00184_02293,1.0,d3dce85a7f56d6b713025960900ded21a8791386154d93541a99ad40c474bf0e,planner_dev1696_allmask,1.0,ok,1.0,b23b1644c9845dc3
1.0,1.0,1.0,0.6207016698843475,2021.07.09.15.53.28_veh-38_00184_02293,1.0,138bf1b62a40112f59cbd786addcee13453ff8b905a6f4b9c3dfce4d38a38bc8,planner_dev1696_allmask,0.8419590291184781,ok,1.0,b26470d352f35d83
1.0,1.0,1.0,0.9142405985127241,2021.07.09.15.53.28_veh-38_00184_02293,1.0,552f896de6ace2b9dc14f81a8af26d34ac6608e9e09bafa286fa984d8ea2b80f,planner_dev1696_allmask,0.9642669160469683,ok,1.0,b308eee052bc5e70
1.0,1.0,1.0,1.0,2021.07.09.15.53.28_veh-38_00184_02293,1.0,826737327b9e45c96d11cbc39f10e8dab614d4a4b82dfc8a17043f08b7a90851,planner_dev1696_allmask,1.0,ok,1.0,b3786daf3a0357bd
1.0,1.0,1.0,0.8512938221722083,2021.07.09.15.53.28_veh-38_00184_02293,1.0,dd78d2f1e6f9961289227271be4433ed8d90827c02bb664e45a24df00a113b4e,planner_dev1696_allmask,0.9380390925717533,ok,1.0,b39a2ad9b6f050a9
1.0,1.0,1.0,0.702435639509857,2021.07.09.15.53.28_veh-38_00184_02293,1.0,a98c175ac925d62ba05fad02476e5cd13300626f7ef485396841837b2ec1f7b1,planner_dev1696_allmask,0.8760148497957738,ok,1.0,b3fa24000d6f5d8d
1.0,1.0,1.0,1.0,2021.07.09.15.53.28_veh-38_00184_02293,1.0,238a8dae707d9dedba13c70ef995dcfe666db0bb71f78e51cc8554aaca06bdd6,planner_dev1696_allmask,1.0,ok,1.0,b4b4b7ff096852e8
1.0,1.0,1.0,0.8856161846505232,2021.07.09.15.53.28_veh-38_00184_02293,1.0,d8618008658a5d3455c5a65cb24f2b36437d513d52964dda0ce48c63f79a0676,planner_dev1696_allmask,0.9523400769377179,ok,1.0,b4da9833a6795b8f
1.0,1.0,1.0,1.0,2021.07.09.15.53.28_veh-38_00184_02293,1.0,898e68c737dc2e73008b10fcb04cdf3207c21e5d2c3b14fc79cea2dd1ca50954,planner_dev1696_allmask,1.0,ok,1.0,b632e3d66c445180
1.0,1.0,1.0,0.7455512541043507,2021.07.09.15.53.28_veh-38_00184_02293,1.0,2cd7ad47ebfbd78da68e8126e04fd1844f4b0a9aa61f2c6a62c5c4bdc07cd698,planner_dev1696_allmask,0.8939796892101461,ok,1.0,b6745c96ac0e5958
1.0,1.0,1.0,1.0,2021.07.09.15.53.28_veh-38_00184_02293,1.0,37b563996f84df5f888aa3cbfc4b96fa2356baf0d7949ad3e08ac739aa1f96f3,planner_dev1696_allmask,1.0,ok,1.0,b6d928e9508d596b
1.0,1.0,1.0,1.0,2021.07.09.15.53.28_veh-38_00184_02293,1.0,f9830a84c6d4e5304dda705140c14f25fb3db5ef386e7ef56b52ed317472afa5,planner_dev1696_allmask,1.0,ok,1.0,b735436ddca45550
1.0,1.0,1.0,0.9929444120753164,2021.07.09.15.53.28_veh-38_00184_02293,1.0,dc3c929fa49a1e282abc134094129f9bcd02002a9a1081bf42f00e8b8bf3c5ce,planner_dev1696_allmask,0.9970601716980485,ok,1.0,b73a3a2e7064563b
1.0,1.0,1.0,0.6470849081370393,2021.07.09.15.53.28_veh-38_00184_02293,1.0,a319c9419114770db17d68448e02f18ae46678afe403fec47af236e312e40f3c,planner_dev1696_allmask,0.8529520450570997,ok,1.0,b7e570107a325b8f
1.0,1.0,1.0,1.0,2021.07.09.15.53.28_veh-38_00184_02293,1.0,6343ad30d31dd56c470bf0d88d54bc7d8be5033164cc00141eedf60fcdbc8503,planner_dev1696_allmask,1.0,ok,1.0,b83936f0ca9b5b93
1.0,1.0,1.0,0.8097043568166776,2021.07.09.15.53.28_veh-38_00184_02293,1.0,82706240edcc5bda9af07c415293b399fb2ec7dffe390ba5a7a1693e908b3bf6,planner_dev1696_allmask,0.9207101486736157,ok,1.0,b84c65fdf2155597
1.0,1.0,1.0,0.858886963083923,2021.07.09.15.53.28_veh-38_00184_02293,1.0,dcd1cdd8c125f3addaa47c28153e53a38afbb7fe11d58aa3ab0f385f7a03c335,planner_dev1696_allmask,0.941202901284968,ok,1.0,b941d62667685487
1.0,1.0,1.0,0.9200847807955875,2021.07.09.15.53.28_veh-38_00184_02293,1.0,00c6377c06d764395043f034b221717dbe1e87feabfaf217ba69b54634adcc47,planner_dev1696_allmask,0.9667019919981614,ok,1.0,b98697803d5453a3
1.0,1.0,1.0,0.8255327852808074,2021.07.09.15.53.28_veh-38_00184_02293,1.0,b9c20b7eb7649e21eb55c298f0157f3ec6f50cbcf1bf2a7a69d5fc3af1257740,planner_dev1696_allmask,0.9273053272003363,ok,1.0,b99eaf8d1f355bcc
1.0,1.0,1.0,0.8410589093496891,2021.07.09.15.53.28_veh-38_00184_02293,1.0,b52434e9674335821c6bd34bff2ce8a6a7789c86080f3cafb9a61e49083fa61d,planner_dev1696_allmask,0.9337745455623704,ok,1.0,b9a812dceaec5add
1.0,1.0,0.5,0.7612794264759052,2021.07.09.15.53.28_veh-38_00184_02293,1.0,e40083b82ce8b52422c9f2008adbf02c9fbbd133eab61f7ab214e6a3fcee431b,planner_dev1696_allmask,0.9005330943649605,ok,1.0,ba0a961f7dc355f7
1.0,1.0,1.0,0.9001405777828142,2021.07.09.15.53.28_veh-38_00184_02293,1.0,ebf6e89b67a43312ae19adfb2307872ceb9adbf59b07fc6cdded70da1fc6f935,planner_dev1696_allmask,0.9583919074095059,ok,1.0,ba0f4d8974e75963
1.0,1.0,1.0,0.8047425015651866,2021.07.09.15.53.28_veh-38_00184_02293,1.0,d6b636b4c867a71aa3cea05cec6452c00bdbf4dc7cfcfc306045c95aeb0f6a10,planner_dev1696_allmask,0.9186427089854945,ok,1.0,bade9ac4b8cb5025
1.0,1.0,1.0,0.8867686438384836,2021.07.09.15.53.28_veh-38_00184_02293,1.0,1ef79e8137b5f9ea455c505b60380c141d0642d27501022cf22ca51fe30c86b6,planner_dev1696_allmask,0.9528202682660348,ok,1.0,bb452532dfb25d30
1.0,1.0,1.0,1.0,2021.07.09.15.53.28_veh-38_00184_02293,1.0,753ff0c3fa80e8828d06a4dbdb1d89afec3309ea61a387674af6c0e4b3d86d93,planner_dev1696_allmask,1.0,ok,1.0,bcf3fcf890f55beb
1.0,1.0,1.0,0.5583351297762565,2021.07.09.15.53.28_veh-38_00184_02293,1.0,740b11acf567bfd6214aac51c0af53780246d4cc72d4ecfe88c0070e47dbca4b,planner_dev1696_allmask,0.8159729707401069,ok,1.0,bd493f896ba85e28
1.0,1.0,1.0,1.0,2021.07.09.15.53.28_veh-38_00184_02293,1.0,8138b44dbd7d0c13b4c3f585fcb6d1383ace4a9fffb815e012cf977fcbb391c5,planner_dev1696_allmask,1.0,ok,1.0,bd656f4e771156cb
1.0,1.0,1.0,0.9313292234880458,2021.07.09.15.53.28_veh-38_00184_02293,1.0,c9c36173b05f844a0ec75e4e5ef776aa42c74f0549253980a4dbd2dc3dc01779,planner_dev1696_allmask,0.9713871764533524,ok,1.0,bd65a234358f5492
1.0,1.0,1.0,1.0,2021.07.09.15.53.28_veh-38_00184_02293,1.0,659319b2b1e24a02ae8da78e28385885f70513e24d52f9cc931c6834e0dce1b6,planner_dev1696_allmask,1.0,ok,1.0,be9b110689c05894
1.0,1.0,0.0,0.7834539557756806,2021.07.09.15.53.28_veh-38_00184_02293,1.0,84dad97f2d3498756c61ad560f4ba112415ed3ebdf99f3f1fceb212396ad85d9,planner_dev1696_allmask,0.9097724815732002,ok,1.0,beb7c6e766c65d0e
1.0,1.0,1.0,0.872889917231377,2021.07.09.15.53.28_veh-38_00184_02293,1.0,28148e9463778d2ec768f938dab816ae6bb0f399aab7174742787fd46a9b4d6a,planner_dev1696_allmask,0.9470374655130738,ok,1.0,bff3326028ec59ab
1.0,1.0,1.0,1.0,2021.07.09.15.53.28_veh-38_00184_02293,1.0,7ffadb75efd0abf4f910a4148f59c1901835ee73f9e56ce251d3e19256baa0e2,planner_dev1696_allmask,1.0,ok,1.0,c00c768576c85009
1.0,1.0,1.0,1.0,2021.07.09.15.53.28_veh-38_00184_02293,1.0,effc14015914665cc32fa4f85d6d9442c98f01af2253f8fcca50d17b852f170e,planner_dev1696_allmask,1.0,ok,1.0,c0a403cdf4c053bc
1.0,1.0,1.0,0.9315036375627731,2021.07.09.15.53.28_veh-38_00184_02293,1.0,0bc79f510baeba4e5e7d488c63eed6b82cba28e94fe0e5e886ec715cac72dd7b,planner_dev1696_allmask,0.9714598489844888,ok,1.0,c0dfedf6168e5ca9
1.0,1.0,1.0,0.8282655881708796,2021.07.09.15.53.28_veh-38_00184_02293,1.0,11aba5b8ff55b759cde9b36776b3c14e096c208deac7c6495db15691870ddda3,planner_dev1696_allmask,0.9284439950711998,ok,1.0,c11fc5cf8d5a516e
1.0,1.0,1.0,1.0,2021.07.09.15.53.28_veh-38_00184_02293,1.0,f0b36968d0a3a45b2bda12035de3cd2a53926e095054faa5a50611ab1a9035e3,planner_dev1696_allmask,1.0,ok,1.0,c17473f5cacd51be
1.0,1.0,1.0,1.0,2021.07.09.15.53.28_veh-38_00184_02293,1.0,63ee4d89e81dda0fe44c2011f6295f991fb571cefaae9620614f79c261331069,planner_dev1696_allmask,1.0,ok,1.0,c368ddc3ee435179
1.0,1.0,1.0,0.8161257584926906,2021.07.09.15.53.28_veh-38_00184_02293,1.0,822918b14e47dab983132d2c105c490504742f99b5b13e7545193f4586446f9f,planner_dev1696_allmask,0.9233857327052878,ok,1.0,c3f177935f5f5d5e
1.0,1.0,1.0,0.8478779721721854,2021.07.09.15.53.28_veh-38_00184_02293,1.0,85ef8cd6b8af5931e398d971cefc3ca68c163aa92eeaf3333891898357d83de5,planner_dev1696_allmask,0.9366158217384105,ok,1.0,c4220658d3095647
1.0,1.0,1.0,0.5314988000324454,2021.07.09.15.53.28_veh-38_00184_02293,1.0,594ad6409ed25f27610aa93a926f3e611054ff872ad7e704ef7b0f9b0d4b007f,planner_dev1696_allmask,0.8047911666801856,ok,1.0,c57100ab365351a9
1.0,1.0,1.0,1.0,2021.07.09.15.53.28_veh-38_00184_02293,1.0,27058fa321f71eba67ab2158b41186ee86ad2aa00c2fcb9ddbb56ed54ad5c833,planner_dev1696_allmask,1.0,ok,1.0,c6de08f6ac3356ed
1.0,1.0,1.0,1.0,2021.07.09.15.53.28_veh-38_00184_02293,1.0,887abe17585dccd2672c7ff182430499e8be4112957b72a42bd1d67c00e1ab40,planner_dev1696_allmask,1.0,ok,1.0,c6e5078c49e6512e
1.0,1.0,1.0,0.9335588166726994,2021.07.09.15.53.28_veh-38_00184_02293,1.0,b9bb51a38f07dcecbe2c09bc9a3a0e9ceb0d44dccae7b1728e4311e4c278b779,planner_dev1696_allmask,0.9723161736136247,ok,1.0,c73e4e862203503a
1.0,1.0,1.0,1.0,2021.07.09.15.53.28_veh-38_00184_02293,1.0,9a03e84f845ff735a366ecbedf495f51eeab080753bb04768d9649769ce411d2,planner_dev1696_allmask,1.0,ok,1.0,c7ed8536a3815721
1.0,1.0,1.0,1.0,2021.07.09.15.53.28_veh-38_00184_02293,1.0,ea9ea0d85cea07b746f1ff94ebfcc6bd7d2f0a38ca09360d9dd5f18afc166642,planner_dev1696_allmask,1.0,ok,1.0,c9cf9a6acf495b50
1.0,1.0,1.0,1.0,2021.07.09.15.53.28_veh-38_00184_02293,1.0,e8f960b40ab58a86f7cbcbc19ba0a7f95e45cd4b07dfd37cbf8d08473fb9d3c7,planner_dev1696_allmask,1.0,ok,1.0,caaeabfe1a50535c
1.0,1.0,1.0,0.975420245056977,2021.07.09.15.53.28_veh-38_00184_02293,1.0,668a2cf6e996b6dfa24a25a6851ae2560f9ec79135afc9ccbe3d442a9d9f28ed,planner_dev1696_allmask,0.9897584354404071,ok,1.0,cb25d763e7bf5a13
1.0,1.0,1.0,0.8908591582073013,2021.07.09.15.53.28_veh-38_00184_02293,1.0,dfb982ef13903cdce73e4a014552352c3b067b7cec486e701750ea6c64b49d52,planner_dev1696_allmask,0.9545246492530423,ok,1.0,cbb75454103b5430
1.0,1.0,1.0,1.0,2021.07.09.15.53.28_veh-38_00184_02293,1.0,821089348b7c35695d5169a4aa87b95e2c86245f53dda66d99cd4418cb2a2bb3,planner_dev1696_allmask,1.0,ok,1.0,cbd9412932fc5ad1
1.0,1.0,1.0,1.0,2021.07.09.15.53.28_veh-38_00184_02293,1.0,c9023a07767520ca0f23b5e6c3f641e5f9c8f347566269e9d71f8ea4344bda60,planner_dev1696_allmask,1.0,ok,1.0,cbd954347b835347
1.0,1.0,1.0,1.0,2021.07.09.15.53.28_veh-38_00184_02293,1.0,9f6c8eca8fd347d17afd7ecdd6bf9dff331a278a356360278bb665a50b39496b,planner_dev1696_allmask,1.0,ok,1.0,cbde019469315d96
1.0,1.0,1.0,0.8270411171515932,2021.07.09.15.53.28_veh-38_00184_02293,1.0,196ff4dc1afb0bf3c5a486661e442c8aa5bd926de8e6926924a8c5f287ebb8d3,planner_dev1696_allmask,0.9279337988131638,ok,1.0,cc27c4b666135bb2
1.0,1.0,1.0,0.6763567370937876,2021.07.09.15.53.28_veh-38_00184_02293,1.0,6a246d1e34b15250ac43d494180913783e1de2c1b2eb5c55e2bc6299c00dee67,planner_dev1696_allmask,0.8651486404557449,ok,1.0,cd10c3adba835576
1.0,1.0,1.0,1.0,2021.07.09.15.53.28_veh-38_00184_02293,1.0,5c5e1dffa20d58d4fd1b26878f8cf1c60b6deaf4fe8591ece86a043caa268b54,planner_dev1696_allmask,1.0,ok,1.0,cd964face7a55b94
1.0,1.0,1.0,1.0,2021.07.09.15.53.28_veh-38_00184_02293,1.0,d619958153cb1e8c9628d993723264fc925e1ae12aa459cf6d66675f0bec8c91,planner_dev1696_allmask,1.0,ok,1.0,cdec4cc7781e5d4d
1.0,1.0,1.0,0.6227612159301794,2021.07.09.15.53.28_veh-38_00184_02293,1.0,675d7af2e25ce5e9bdf4a8ea4494fe1d3878b3ca1c55b0fa9075b3180888c291,planner_dev1696_allmask,0.8428171733042413,ok,1.0,cdf61e643b8e51b2
1.0,1.0,1.0,0.7163295027425697,2021.07.09.15.53.28_veh-38_00184_02293,1.0,18d55050c3ab065e1bf91aa1fd9af424c595580e05e528ed434a469242db5deb,planner_dev1696_allmask,0.8818039594760707,ok,1.0,ce22202f19695a70
1.0,1.0,1.0,1.0,2021.07.09.15.53.28_veh-38_00184_02293,1.0,e3068cb25e767273df97daf2f965c68e0f5b890d4b4f54e126d11b8f6330f57c,planner_dev1696_allmask,1.0,ok,1.0,ce256aa4ec3e5725
1.0,1.0,1.0,1.0,2021.07.09.15.53.28_veh-38_00184_02293,1.0,8a03c34f51403cf8e67bb84b93e866fbd7079047f2f8c4669afcc72a8e1bd085,planner_dev1696_allmask,1.0,ok,1.0,cf1679ce3a565466
1.0,1.0,1.0,0.8343487026280298,2021.07.09.15.53.28_veh-38_00184_02293,1.0,7a42d614d5767ec4448df27396abd8beb4f2cb976c9ab7c3f95544ab6e26e27a,planner_dev1696_allmask,0.9309786260950125,ok,1.0,cf3c3737fbc355eb
1.0,1.0,1.0,0.9794984404017121,2021.07.09.15.53.28_veh-38_00184_02293,1.0,b441f669e2d147b182c786d90feb2576f94d0ba2375dd16b0e2786cd69ced05c,planner_dev1696_allmask,0.9914576835007134,ok,1.0,cf53947dbbef5730
1.0,1.0,1.0,0.8946391886349684,2021.07.09.15.53.28_veh-38_00184_02293,1.0,8f33fa1422e74bbe9fa4c025e417ae88adb6da0f226dd36aa4bf27750fd43885,planner_dev1696_allmask,0.9560996619312369,ok,1.0,d13ac79c8321555f
1.0,1.0,1.0,1.0,2021.07.09.15.53.28_veh-38_00184_02293,1.0,a9758afa17ae646dc1ba7586db4526e8ae819131e6d8b9591ecd97747f507a40,planner_dev1696_allmask,1.0,ok,1.0,d15d534ad5fb5212
1.0,0.0,1.0,0.0,2021.07.09.15.53.28_veh-38_00184_02293,1.0,75618bec403c049b5ca0a5b978a2bf79b66859d11bca6f23244ea104bd7112dc,planner_dev1696_allmask,0.0,ok,1.0,d1828b733a4857dd
1.0,1.0,1.0,1.0,2021.07.09.15.53.28_veh-38_00184_02293,1.0,bf3a41abe88a8b34feb9c866d3b0e7ed3fdc77183e1d2c3139238c709e7b5e81,planner_dev1696_allmask,1.0,ok,1.0,d216d83e53955d24
1.0,1.0,1.0,0.7728465801441644,2021.07.09.15.53.28_veh-38_00184_02293,1.0,a6583617a9d6321dc8d367cb1f8c96b85051d181b183e7145c9ac79d504225aa,planner_dev1696_allmask,0.9053527417267352,ok,1.0,d28278a8dbb15ab5
1.0,1.0,1.0,0.9585417184740975,2021.07.09.15.53.28_veh-38_00184_02293,1.0,de85bc50658466d5065f66cee4ea25e2627999bb0181cf22611d243dcfaff548,planner_dev1696_allmask,0.982725716030874,ok,1.0,d2d0ac3e597b5959
1.0,1.0,1.0,0.9575644001868684,2021.07.09.15.53.28_veh-38_00184_02293,1.0,8b027bba712e4030e1074d67e9e1dcb005c1b6805fa3fd850e73141f1bd9c82a,planner_dev1696_allmask,0.9823185000778617,ok,1.0,d2e11ce62743532a
1.0,1.0,1.0,0.8272358924745723,2021.07.09.15.53.28_veh-38_00184_02293,1.0,c4e979580c5438f6716e97503ede2e985178994f0b8163a5bfa1593ec2595ef3,planner_dev1696_allmask,0.9280149551977385,ok,1.0,d3ac5b4aac44586a
1.0,1.0,1.0,1.0,2021.07.09.15.53.28_veh-38_00184_02293,1.0,1326441e40bee3ba106e220b7dc9996317b1452c222fe37c2a576e2c8f759e52,planner_dev1696_allmask,1.0,ok,1.0,d3e39f5f0aed50d1
1.0,1.0,1.0,0.6988811626427162,2021.07.09.15.53.28_veh-38_00184_02293,1.0,606a837c40cee847fdbbcc49268c1a6f1d8bc73cd0c5efcfd65db3dc9776b42c,planner_dev1696_allmask,0.8745338177677984,ok,1.0,d4bb3dc7c7005656
1.0,1.0,1.0,1.0,2021.07.09.15.53.28_veh-38_00184_02293,1.0,1fc9ed092a0ce72721620fc6709065b76dca0d8fdd150aa9355ad8a436f9daae,planner_dev1696_allmask,1.0,ok,1.0,d4d0d31bd49b525a
1.0,1.0,1.0,0.5987223589399794,2021.07.09.15.53.28_veh-38_00184_02293,1.0,fc90eed3731b14af471d5c4ab84a892bcdbd0916ea4092c9a4cd5a1cdb608662,planner_dev1696_allmask,0.832800982891658,ok,1.0,d5f3fa4290b459df
1.0,1.0,1.0,0.9006741938407348,2021.07.09.15.53.28_veh-38_00184_02293,1.0,0472c44b177898f84d298bfb5ad19805e3bf85f5ff4f2a222038a14deb36bd42,planner_dev1696_allmask,0.9586142474336395,ok,1.0,d61967204e52594f
1.0,1.0,1.0,1.0,2021.07.09.15.53.28_veh-38_00184_02293,1.0,426ab18daa5349cd813916ea7d6be781fdd0b5d3980a6b9a9d4b7ebfbe2346e6,planner_dev1696_allmask,1.0,ok,1.0,d61a2d5301f15b77
1.0,1.0,1.0,0.9894109326088253,2021.07.09.15.53.28_veh-38_00184_02293,1.0,07e4369a753b2ef61d292d5ee50a0b17d0b51d328fbaa0aad3b70b9c8ad33868,planner_dev1696_allmask,0.9955878885870106,ok,1.0,d679a3e70e39596e
1.0,1.0,1.0,0.8456235628349088,2021.07.09.15.53.28_veh-38_00184_02293,1.0,01eee7cab200653829488f27fa59c3ab5d85501d33d2834d7f49710b9176b655,planner_dev1696_allmask,0.9356764845145453,ok,1.0,d6997b98b3085c2b
1.0,1.0,1.0,0.8453818101463609,2021.07.09.15.53.28_veh-38_00184_02293,1.0,d94415167fd41a095b37def0159343a9010488282b513ae7e1de8fbb24824e92,planner_dev1696_allmask,0.9355757542276505,ok,1.0,d7a0fd1066dc5ce5
1.0,1.0,1.0,1.0,2021.07.09.15.53.28_veh-38_00184_02293,1.0,902826e680471e5d926cf6de8021785a04fd65890929d9179983cbef287d59ee,planner_dev1696_allmask,1.0,ok,1.0,d84af418335b5dbe
1.0,1.0,1.0,0.8507978409244599,2021.07.09.15.53.28_veh-38_00184_02293,1.0,eb02e6a9f906f67d6fc96c447fa47007063b1f1513186957ad3106d4f223d313,planner_dev1696_allmask,0.937832433718525,ok,1.0,d877af354e355798
1.0,1.0,1.0,1.0,2021.07.09.15.53.28_veh-38_00184_02293,1.0,89a704b98b7c55deacc8935bc998551f7e15dbec4cd6f81cd5d3e020e338cb0b,planner_dev1696_allmask,1.0,ok,1.0,d8d46f536585556f
1.0,1.0,1.0,0.875279509826129,2021.07.09.15.53.28_veh-38_00184_02293,1.0,dc949038ba7e997f773f6dd988486dca0a2bbd1d36aaf3bb8ee7acb59bf8485a,planner_dev1696_allmask,0.9480331290942203,ok,1.0,d8f097f9fa2e52f7
1.0,1.0,1.0,0.8819219318127703,2021.07.09.15.53.28_veh-38_00184_02293,1.0,c71caf53cc4c1daf91c391f297fd1c153fa6e546d6f802d9b2059edb6f7ea305,planner_dev1696_allmask,0.9508008049219877,ok,1.0,d967ad2a03a1521a
1.0,1.0,1.0,1.0,2021.07.09.15.53.28_veh-38_00184_02293,1.0,de368700dd51a49d61aab56dcd1323a4013c5e92d2d67f693e0b45d2ae442125,planner_dev1696_allmask,1.0,ok,1.0,d9defa86501154b4
1.0,1.0,1.0,1.0,2021.07.09.15.53.28_veh-38_00184_02293,1.0,955ed851fbe01d846c6dc6f0c7a73c20e0e00992ef4eb5bf1c278cdc909e8a34,planner_dev1696_allmask,1.0,ok,1.0,d9e2c39b092159c4
1.0,1.0,1.0,0.8637403235190466,2021.07.09.15.53.28_veh-38_00184_02293,1.0,bc98b125c19ebbf745d4461e717fc3deda4457e01954b558dfebdbe4288aafa9,planner_dev1696_allmask,0.9432251347996027,ok,1.0,da2f830999325306
1.0,1.0,1.0,0.7619230075720468,2021.07.09.15.53.28_veh-38_00184_02293,1.0,47a63d837aa9eff6a404615420fc35c9db6f9a11e2da14cb8aa816ed476eb0f1,planner_dev1696_allmask,0.9008012531550195,ok,1.0,db5aa5f382f25aaa
1.0,1.0,1.0,1.0,2021.07.09.15.53.28_veh-38_00184_02293,1.0,4c93741a76df91d08f585d584b2c1513516df7543af19dd65a00dffbcd1dafc5,planner_dev1696_allmask,1.0,ok,1.0,dbdde78f03545776
1.0,1.0,1.0,1.0,2021.07.09.15.53.28_veh-38_00184_02293,1.0,efd94c7175f948b522c43e6b3e318ecc1ede33f88bf2d85e3aaa78f2222fe20c,planner_dev1696_allmask,1.0,ok,1.0,dbe9196d84d9511c
1.0,1.0,1.0,0.9367391604518942,2021.07.09.15.53.28_veh-38_00184_02293,1.0,8693a5fe8ee9f6af4d96af8f52d3f02f6e1ba8e97590a36507fc1e40d26d73f3,planner_dev1696_allmask,0.9736413168549559,ok,1.0,dca94801958a53aa
1.0,1.0,1.0,1.0,2021.07.09.15.53.28_veh-38_00184_02293,1.0,c15892adbd25ece4feda98e33d9e87e55e75746b9f7412be0510856d02c0855e,planner_dev1696_allmask,1.0,ok,1.0,dd35faabfd005af0
1.0,1.0,1.0,1.0,2021.07.09.15.53.28_veh-38_00184_02293,1.0,e79957fe3aee63c99bbbb75f720191efdbe1808c52e3bd5ce798425f6fa363e2,planner_dev1696_allmask,1.0,ok,1.0,dd4e1fa056b456f3
1.0,1.0,1.0,0.9403798742507087,2021.07.09.15.53.28_veh-38_00184_02293,1.0,b6807b93798d965edf34281f47937dcf6acb5d15849365f0ca262d94da71f158,planner_dev1696_allmask,0.9751582809377952,ok,1.0,dd8848619c6f5c22
1.0,1.0,1.0,0.6984446462855609,2021.07.09.15.53.28_veh-38_00184_02293,1.0,95e5c859342cade590431d056a394991c76fc5b4732746709bc255abe7a46f8a,planner_dev1696_allmask,0.874351935952317,ok,1.0,de7549a363f15a36
1.0,1.0,1.0,1.0,2021.07.09.15.53.28_veh-38_00184_02293,1.0,ecd5ba9d73d1dc5f227be32b3eaeb9f1c3bf617031babbaab94cd41c2ad83a18,planner_dev1696_allmask,1.0,ok,1.0,de99492d90ed5808
1.0,1.0,1.0,0.9209655470474089,2021.07.09.15.53.28_veh-38_00184_02293,1.0,73416d1633242f72d87d3086098f43c1789dae10ecbdcc93d8b1408d034c7191,planner_dev1696_allmask,0.9670689779364204,ok,1.0,df09da21f9a35c0c
1.0,1.0,1.0,0.9275191815901238,2021.07.09.15.53.28_veh-38_00184_02293,1.0,790f7c52aa7d0c899c1a74dec5689d09b14a2612c574ca23405746fbf9101097,planner_dev1696_allmask,0.9697996589958849,ok,1.0,df242b87199d5acb
1.0,1.0,1.0,0.9483202769885929,2021.07.09.15.53.28_veh-38_00184_02293,1.0,fb4644f79466c838adcf3c1be46bf8bf1c068771966c77d241df1fcad19e2daa,planner_dev1696_allmask,0.9784667820785803,ok,1.0,e003efe0bcee5ce5
1.0,1.0,1.0,1.0,2021.07.09.15.53.28_veh-38_00184_02293,1.0,5da72b0a7421e08145894bee635a53b056b8be9412a61cb9d3fe2744a912bae0,planner_dev1696_allmask,1.0,ok,1.0,e0488ea0836c5bf6
1.0,1.0,1.0,0.9184917318475314,2021.07.09.15.53.28_veh-38_00184_02293,1.0,bb4e6b3ad2f44c24ece21508c12a5f746ad27396566aa49e2c63dc28157591b7,planner_dev1696_allmask,0.9660382216031381,ok,1.0,e07749952a0f5f5d
1.0,1.0,1.0,1.0,2021.07.09.15.53.28_veh-38_00184_02293,1.0,24d4f8dffbd5a7a9921383d0daf9ff49e2c8efbe90058cc85fafbe39488c5c64,planner_dev1696_allmask,1.0,ok,1.0,e0893a06ed5e5bb3
1.0,1.0,1.0,1.0,2021.07.09.15.53.28_veh-38_00184_02293,1.0,bc075d8fac5a8a2c55a5f6462cce7bb487061bee984917a8737e31f1a130429c,planner_dev1696_allmask,1.0,ok,1.0,e24fd0e278275c0b
1.0,1.0,1.0,1.0,2021.07.09.15.53.28_veh-38_00184_02293,1.0,4345d04eb1d9c1358ed37074aac39830172fb9238fe500cbe7c9c4794f2f0792,planner_dev1696_allmask,1.0,ok,1.0,e26a0932b153560d
1.0,1.0,1.0,0.8460722218239826,2021.07.09.15.53.28_veh-38_00184_02293,1.0,f68f6afe67669b1ff98332b4ea72a4ab36f884292efbdad2812c39128391e603,planner_dev1696_allmask,0.9358634257599926,ok,1.0,e31bf22d49f454e8
1.0,1.0,1.0,0.9755254379427831,2021.07.09.15.53.28_veh-38_00184_02293,1.0,d996ddd54a5494494d78a80079682a5616c308a0f4bd4a1dd5e6a4c74d6d980d,planner_dev1696_allmask,0.989802265809493,ok,1.0,e340e429f0015853
1.0,1.0,1.0,1.0,2021.07.09.15.53.28_veh-38_00184_02293,1.0,dad0b27a7dd018f2d09472a1d3515e60483d9e55d946af736091706b22f9de6e,planner_dev1696_allmask,1.0,ok,1.0,e3da0e20e0b556fc
1.0,1.0,1.0,0.8178243082213431,2021.07.09.15.53.28_veh-38_00184_02293,1.0,843fb1cf2a79743f068a8d4dc8f71a115408942489341f66b7732339022b8d11,planner_dev1696_allmask,0.924093461758893,ok,1.0,e3e96778dac3541c
1.0,1.0,1.0,0.9094395396156353,2021.07.09.15.53.28_veh-38_00184_02293,1.0,fc2d133ce37d07b209743cf219b257d1be1505c80b886ed796414f9b874a4e4f,planner_dev1696_allmask,0.962266474839848,ok,1.0,e43549ea94f75b60
1.0,1.0,1.0,1.0,2021.07.09.15.53.28_veh-38_00184_02293,1.0,6943c4547481a0fa84529b556e626e239927ccf5ee1dcbf604b0626157c835aa,planner_dev1696_allmask,1.0,ok,1.0,e436b19cf83151cc
1.0,1.0,1.0,1.0,2021.07.09.15.53.28_veh-38_00184_02293,1.0,90cc13120e71889c1fce5e1b9216bbece2066d708d59507a97637a50109ce95e,planner_dev1696_allmask,1.0,ok,1.0,e4d05b1ce25250bb
1.0,1.0,1.0,0.9886970908154188,2021.07.09.15.53.28_veh-38_00184_02293,1.0,c269d8f474ea8b9e38ba077ff21498b2a030447b7b2fc0ee5ea980d0d9a7bfdb,planner_dev1696_allmask,0.9952904545064246,ok,1.0,e5581fb84ddb5ffb
1.0,1.0,1.0,1.0,2021.07.09.15.53.28_veh-38_00184_02293,1.0,18201f02d14e77b07b45db237f48af4b8fb31570b776b009be9be2b9116a02d2,planner_dev1696_allmask,1.0,ok,1.0,e58acbf0106153ad
1.0,1.0,1.0,1.0,2021.07.09.15.53.28_veh-38_00184_02293,1.0,66180b700e84b74f2f325be80f6e2f5f01ec65933779ad88a6311dfa00fa4e3d,planner_dev1696_allmask,1.0,ok,1.0,e5b1df76988c57a7
1.0,1.0,1.0,0.7966781071990952,2021.07.09.15.53.28_veh-38_00184_02293,1.0,0d078cdd99ab3f29d52441d6c7dbd9bca79f1a3bab5cef93c84d8b80e55ece4f,planner_dev1696_allmask,0.9152825446662897,ok,1.0,e614a559776c5e86
1.0,1.0,1.0,0.8303791769126637,2021.07.09.15.53.28_veh-38_00184_02293,1.0,ff57fa01065b2a1189a988beab83fd5a363042fa9c0235c041ff34ae55cdb9d6,planner_dev1696_allmask,0.9293246570469432,ok,1.0,e634731f91015bab
1.0,1.0,1.0,0.7836284220627555,2021.07.09.15.53.28_veh-38_00184_02293,1.0,9cf40ce8f164d57bc1d6467209def825ee6d904e12b130eea829fbd3a1944e07,planner_dev1696_allmask,0.9098451758594814,ok,1.0,e6aabd1342ce54e2
1.0,1.0,1.0,1.0,2021.07.09.15.53.28_veh-38_00184_02293,1.0,083e9156f07b84c472741dc1a4ecefa178dd1410956cc8694dde14c235632e55,planner_dev1696_allmask,1.0,ok,1.0,e6c4af98a23f5868
1.0,1.0,1.0,1.0,2021.07.09.15.53.28_veh-38_00184_02293,1.0,c9a0a55a508f28aef98bf78e3b46c8d555a669da23e88769549eb6879ed62c8c,planner_dev1696_allmask,1.0,ok,1.0,e6e9a5b8b26755b2
1.0,1.0,1.0,1.0,2021.07.09.15.53.28_veh-38_00184_02293,1.0,5c0a05218710ff0efd7c0d012491037083276e0c32a9b4317d52cda67d4d5794,planner_dev1696_allmask,1.0,ok,1.0,e71499ec7fd254e9
1.0,1.0,1.0,0.7802331567558587,2021.07.09.15.53.28_veh-38_00184_02293,1.0,e488f2cc7bfd64ed8e31120533e7d5f9abe39609ad0cd4e098161c31290b625f,planner_dev1696_allmask,0.9084304819816079,ok,1.0,e732f7c659b45197
1.0,1.0,1.0,1.0,2021.07.09.15.53.28_veh-38_00184_02293,1.0,3eb73c650b58258dec83979d7974d38d06d4d0cc4ee7e53129b757dd8c3fc44a,planner_dev1696_allmask,1.0,ok,1.0,e739a390b2a55648
1.0,1.0,1.0,0.8261894525587627,2021.07.09.15.53.28_veh-38_00184_02293,1.0,3a25efa076be54860c40882247026fd7ad52fc6cb863b0f12ec03bc8518a6cff,planner_dev1696_allmask,0.9275789385661511,ok,1.0,e76566d4d20c5377
1.0,1.0,1.0,0.7801892637676237,2021.07.09.15.53.28_veh-38_00184_02293,1.0,889dfccb0df78dc9c1152f5c89b5630c42c032d66b38e1647b703e76d39ecf1b,planner_dev1696_allmask,0.9084121932365098,ok,1.0,e833b6b388c1524e
1.0,1.0,1.0,0.9252342435120061,2021.07.09.15.53.28_veh-38_00184_02293,1.0,359e69bd46ee25b86afcf7e81c54a17f992fd96885bfcced326e7d2fbe33d809,planner_dev1696_allmask,0.9688476014633359,ok,1.0,e842f8018dfe58b3
1.0,1.0,1.0,0.8197351416015187,2021.07.09.15.53.28_veh-38_00184_02293,1.0,01114a52e78be6872d4b90d564a56932273a533c34ce34d7814beeb9bae0e225,planner_dev1696_allmask,0.9248896423339662,ok,1.0,e856cc5561ca564e
1.0,1.0,1.0,0.8612766882841824,2021.07.09.15.53.28_veh-38_00184_02293,1.0,59bcc4599a50ed4073983aa3efa683f6f73cac58293fa1a9ccb9684b0ff01dfb,planner_dev1696_allmask,0.9421986201184094,ok,1.0,e95323b100c25a0a
1.0,1.0,1.0,1.0,2021.07.09.15.53.28_veh-38_00184_02293,1.0,01bc126d78b289d4633521a6f949043f768ba114a9a2b1df110b5371faad48f2,planner_dev1696_allmask,1.0,ok,1.0,e96e62b9e81d5042
1.0,1.0,1.0,1.0,2021.07.09.15.53.28_veh-38_00184_02293,1.0,c83ed926229ee33ea292b474cb261f14f6435915ecea599f690da97759dd6b04,planner_dev1696_allmask,1.0,ok,1.0,e9a30e8cbad951bb
1.0,1.0,1.0,1.0,2021.07.09.15.53.28_veh-38_00184_02293,1.0,0a997f32b5232a3998bed1976407cb585b2c63176b4270ff6f090424f15eb5e5,planner_dev1696_allmask,1.0,ok,1.0,ea31a137b6b45663
1.0,1.0,0.0,0.742231041735392,2021.07.09.15.53.28_veh-38_00184_02293,1.0,88c8ea5c327c97ab50a2c007da33d934255105496dbca6bc689f2ceeb27e49a7,planner_dev1696_allmask,0.8925962673897466,ok,1.0,ea7675073d935aed
1.0,1.0,1.0,0.8244696213295604,2021.07.09.15.53.28_veh-38_00184_02293,1.0,b8a722f245c30c657555e6e6d19a7e1c70182b010b4d096802e437460480413a,planner_dev1696_allmask,0.9268623422206502,ok,1.0,eaad335cb62c57b0
1.0,1.0,1.0,0.7542430964028505,2021.07.09.15.53.28_veh-38_00184_02293,1.0,3995b7c8df9335246ce877203f6b1aaea48a61938591f181f1fc7343198c0a5a,planner_dev1696_allmask,0.8976012901678544,ok,1.0,eacad86eaed255f7
1.0,1.0,1.0,1.0,2021.07.09.15.53.28_veh-38_00184_02293,1.0,cb67382558859ed8203e0ff7e7bc3a6d8917851e6e50a660440ece6d4244210c,planner_dev1696_allmask,1.0,ok,1.0,eb03710881e25401
1.0,1.0,1.0,1.0,2021.07.09.15.53.28_veh-38_00184_02293,1.0,e09e90b35cfc7460632327b90c6a8a18eec26bd47bc0baf3cc76783383706ba7,planner_dev1696_allmask,1.0,ok,1.0,ebb818fca3895a2c
1.0,1.0,1.0,0.8442444734738369,2021.07.09.15.53.28_veh-38_00184_02293,1.0,a704df311af7794e36007a71ca21ce7b500d17be54ad4e579f3c286633d633af,planner_dev1696_allmask,0.9351018639474321,ok,1.0,ec21e03ea67054d6
1.0,1.0,1.0,0.701550594878962,2021.07.09.15.53.28_veh-38_00184_02293,1.0,d68007304d6eba4fdbe829b3da9d76065eef2510cf09ae42f2b20d20d49234db,planner_dev1696_allmask,0.8756460811995675,ok,1.0,ec965c8ae1c75447
1.0,0.0,1.0,0.0,2021.07.09.15.53.28_veh-38_00184_02293,1.0,82bd0e624b2c24c24054f8430ba824378ac81380ade0fae046629e378e9a76d7,planner_dev1696_allmask,0.0,ok,1.0,ed29591fde515907
1.0,1.0,1.0,1.0,2021.07.09.15.53.28_veh-38_00184_02293,1.0,dac45e4061cb3cbbf16d8cb1dec5336cb8593228d81b10d09e07e148365b73d0,planner_dev1696_allmask,1.0,ok,1.0,ee0c42f87de45144
1.0,1.0,1.0,1.0,2021.07.09.15.53.28_veh-38_00184_02293,1.0,7a3413f359ae5d73517a9dc07e5cf0a99a746aec0f95c029317617405c499c5f,planner_dev1696_allmask,1.0,ok,1.0,ee7c43384142579a
1.0,1.0,1.0,1.0,2021.07.09.15.53.28_veh-38_00184_02293,1.0,cc7fd0e9aef05becc818f629d41ad5c3cbc786cb8fadb5387d8881785f3309db,planner_dev1696_allmask,1.0,ok,1.0,ee92fc8a2ab55014
1.0,1.0,1.0,0.9449498453483881,2021.07.09.15.53.28_veh-38_00184_02293,1.0,b2855906342135ad685bf2490f5181da86f4ee421e81add738fbc6cda4615cee,planner_dev1696_allmask,0.9770624355618285,ok,1.0,eeed45662dfb5a80
1.0,1.0,1.0,1.0,2021.07.09.15.53.28_veh-38_00184_02293,1.0,ff2186eba5b768e3035bdbb4afd54d5eb3e00b2729729b95ae154217d9863ad2,planner_dev1696_allmask,1.0,ok,1.0,eefc6568a4155b8b
1.0,1.0,1.0,0.885628816364165,2021.07.09.15.53.28_veh-38_00184_02293,1.0,326215f9115cffa8c9ee0543f771a2d38eaec5904c0195e795f0303f59cba993,planner_dev1696_allmask,0.9523453401517354,ok,1.0,ef00d067ff7a582f
1.0,1.0,1.0,1.0,2021.07.09.15.53.28_veh-38_00184_02293,1.0,cc2c2bbe89eea7bfcdc44c83967e9073e870d8cd2b67d03c1228e4597e5eb305,planner_dev1696_allmask,1.0,ok,1.0,eff7dd683f505235
1.0,1.0,1.0,0.8138238477108579,2021.07.09.15.53.28_veh-38_00184_02293,1.0,b6b37763cf9f285a1a76b66e7634f7dde06e390780f0d49402b0c1e0fb4c24d8,planner_dev1696_allmask,0.9224266032128575,ok,1.0,f0273e69f5bb54e1
1.0,1.0,1.0,1.0,2021.07.09.15.53.28_veh-38_00184_02293,1.0,c7bcc4424f5804782ba84c45580c12b0c856d28c49b9ebad164113844b5c02df,planner_dev1696_allmask,1.0,ok,1.0,f0ef32a63b3659a6
1.0,1.0,1.0,1.0,2021.07.09.15.53.28_veh-38_00184_02293,1.0,1b109fb89dbd9cdb0680ba16c9e0960c0bf5cbed7f3c7101479aa977cbf2f6dc,planner_dev1696_allmask,1.0,ok,1.0,f16673a85d0e5f75
1.0,1.0,1.0,0.8323082401943995,2021.07.09.15.53.28_veh-38_00184_02293,1.0,909b0178e5c8a73e866ae650a37f13a374f96b355ffbb596313fa7ebb806b66a,planner_dev1696_allmask,0.9301284334143332,ok,1.0,f295db8f52065e16
1.0,1.0,1.0,1.0,2021.07.09.15.53.28_veh-38_00184_02293,1.0,3b35b3ab6e68b475a3312fb3272efb04db907366687ea524c5614fed1f438c9f,planner_dev1696_allmask,1.0,ok,1.0,f35a76fdbc2259da
1.0,1.0,1.0,1.0,2021.07.09.15.53.28_veh-38_00184_02293,1.0,ab1b248b767528d3d588527cde854e18e410fb4f6a6b1670cb73746390ec587e,planner_dev1696_allmask,1.0,ok,1.0,f37e5cad3010539f
1.0,1.0,1.0,1.0,2021.07.09.15.53.28_veh-38_00184_02293,1.0,ed4fd32886d62d2c449a99039d01939557bd5ad63e40af80ada9063694f7f68f,planner_dev1696_allmask,1.0,ok,1.0,f3d5e1d06f2e5c41
1.0,1.0,1.0,0.6590677011419022,2021.07.09.15.53.28_veh-38_00184_02293,1.0,2a0ba761176c4f6adf0e0ce01645b2eb4cadf550b4aca3679920841b1946e6ab,planner_dev1696_allmask,0.8579448754757926,ok,1.0,f4454ab06873565e
1.0,1.0,1.0,0.7865084859435267,2021.07.09.15.53.28_veh-38_00184_02293,1.0,51615898e4142cfe6405d514e501330637850714b13338cd3daed6ec4c48cb27,planner_dev1696_allmask,0.9110452024764695,ok,1.0,f45108d76421595f
1.0,1.0,1.0,0.7560660957115063,2021.07.09.15.53.28_veh-38_00184_02293,1.0,9deecb3083bf3c22147961dd59b0fe7b84fafb0eb71a0c1919f1b45b8c0f1116,planner_dev1696_allmask,0.8983608732131275,ok,1.0,f65da3ca0d4f55ad
1.0,1.0,1.0,1.0,2021.07.09.15.53.28_veh-38_00184_02293,1.0,0d5d112c385a67206d997953312c4482be8cdf51fd6f2154f0bf93c20bce46e3,planner_dev1696_allmask,1.0,ok,1.0,f683ad32ef3f5b4e
1.0,1.0,1.0,1.0,2021.07.09.15.53.28_veh-38_00184_02293,1.0,45460505d12e47d9331083e2e525dddcc62219e152c2272f3c4f18e69aa57d7a,planner_dev1696_allmask,1.0,ok,1.0,f686e9b2f7c35d4c
1.0,1.0,1.0,1.0,2021.07.09.15.53.28_veh-38_00184_02293,1.0,f1809d7cd47996addf682981dbcd37e94c76972adb67abda624762bb008d6cff,planner_dev1696_allmask,1.0,ok,1.0,f6ca17e70e9e53c5
1.0,1.0,1.0,0.9399084739081268,2021.07.09.15.53.28_veh-38_00184_02293,1.0,371261c4e8b69b405452e7829746d67f3dac47976b805bf765d4c89426893e3d,planner_dev1696_allmask,0.9749618641283861,ok,1.0,f6d05b10abff5140
1.0,1.0,1.0,1.0,2021.07.09.15.53.28_veh-38_00184_02293,1.0,b43926bb7e539e5120a0159d10a49cadac66780ab3e3094686c837ecdc7a62cb,planner_dev1696_allmask,1.0,ok,1.0,f6d84360042f5d19
1.0,1.0,1.0,1.0,2021.07.09.15.53.28_veh-38_00184_02293,1.0,0d540acc2c0ec68d3ae839a098ef05437b79e6fc9b95db753881b32594f53cc0,planner_dev1696_allmask,1.0,ok,1.0,f7b4d7400b585640
1.0,1.0,1.0,1.0,2021.07.09.15.53.28_veh-38_00184_02293,1.0,d3a5e466f33e521b40398b54c33ace6ee68014a903b0784efbed8941fae4ea65,planner_dev1696_allmask,1.0,ok,1.0,f7d65f30d6075c18
1.0,1.0,1.0,0.5510372867790784,2021.07.09.15.53.28_veh-38_00184_02293,1.0,8323e90ae12609796994c454cc526377b955a2fb072aab92ef13b66875cff1c0,planner_dev1696_allmask,0.8129322028246161,ok,1.0,f80bb56c694d55ae
1.0,1.0,1.0,1.0,2021.07.09.15.53.28_veh-38_00184_02293,1.0,13daafb9c0cb2bfa34974b1331ba50213a9148491aa6b66cd25b0800bb24fd9c,planner_dev1696_allmask,1.0,ok,1.0,f81f1d9d43f75c37
1.0,1.0,1.0,0.5972956963054395,2021.07.09.15.53.28_veh-38_00184_02293,1.0,d4530b2d8ba1e96ba8ac3b412849571698c3acc401dfebd650b7499f316d00e7,planner_dev1696_allmask,0.8322065401272664,ok,1.0,f83ebda95db35f05
1.0,1.0,1.0,1.0,2021.07.09.15.53.28_veh-38_00184_02293,1.0,9aae3550a56731947ce58474798d91b7b9f13898589918b5fe81490121498c06,planner_dev1696_allmask,1.0,ok,1.0,f89bd37b0daf5c8a
1.0,1.0,0.0,0.9132051752883937,2021.07.09.15.53.28_veh-38_00184_02293,1.0,50d342f4ea7f49157770053b0c15f3eb01cb9cad67f87ab118536ec79b0520e6,planner_dev1696_allmask,0.9638354897034974,ok,1.0,f8bb1f5f15f0545e
1.0,1.0,1.0,0.9702374809557862,2021.07.09.15.53.28_veh-38_00184_02293,1.0,95f3cce5972fab1f8d8dad656d776ad6c2e9962bc70826cdb8fdc72d735794f9,planner_dev1696_allmask,0.9875989503982442,ok,1.0,f98865ec9ca2540a
1.0,1.0,1.0,1.0,2021.07.09.15.53.28_veh-38_00184_02293,1.0,13be0b17ba8c59d56142f64d23eeefa883802732a7dc21e5d9c272bb94a4776c,planner_dev1696_allmask,1.0,ok,1.0,f9cc839f6daf59a7
1.0,1.0,1.0,1.0,2021.07.09.15.53.28_veh-38_00184_02293,1.0,365c645f185bc59d2b17aecb911e60217b2d2fe0559788e073641387c12b21e6,planner_dev1696_allmask,1.0,ok,1.0,fab83ce7307f5eb1
1.0,1.0,1.0,0.9225873846328365,2021.07.09.15.53.28_veh-38_00184_02293,1.0,a2219711cf2f7f8a4ee2a48374a7cc1785f35dada6508416bbad1be9b61b42b3,planner_dev1696_allmask,0.9677447435970152,ok,1.0,fbaf220f056b5918
1.0,1.0,1.0,0.9833846694267107,2021.07.09.15.53.28_veh-38_00184_02293,1.0,570fc5ae8111738ebcebc9c521a4772d50bced5ac3314d77398177266ab5429b,planner_dev1696_allmask,0.9930769455944629,ok,1.0,fc4b553b82f3573e
1.0,1.0,1.0,1.0,2021.07.09.15.53.28_veh-38_00184_02293,1.0,b433752a75b8e4b57c50685756965da181da64c18c8672de25854ad0eeeaf82d,planner_dev1696_allmask,1.0,ok,1.0,fd6714343cac5c89
1.0,1.0,1.0,0.7791342195912623,2021.07.09.15.53.28_veh-38_00184_02293,1.0,3f23f3d4d9c2bbd29381271814a14ca32a52ada8ea8462ac522fe0b6b82ceb7a,planner_dev1696_allmask,0.9079725914963593,ok,1.0,fdab862a77fb5c90
1.0,1.0,1.0,1.0,2021.07.09.15.53.28_veh-38_00184_02293,1.0,70377773cadf6f121611eec50d1240d89628df6a5ce6dc90b38aceb105efa322,planner_dev1696_allmask,1.0,ok,1.0,fe2ac8c198fa5790
1.0,1.0,1.0,1.0,2021.07.09.15.53.28_veh-38_00184_02293,1.0,d89968f3dedf2ee5e9cb235aaaf5e559205c1db691501db97c40bd07c02c860e,planner_dev1696_allmask,1.0,ok,1.0,fe821d61eef757d7
1.0,1.0,1.0,1.0,2021.07.09.15.53.28_veh-38_00184_02293,1.0,6e3a3f3d50798cd82c852ae2f73653a80c95f63d93d5ffac3e18c58156c8a392,planner_dev1696_allmask,1.0,ok,1.0,feafc7509f0f51cf
1.0,1.0,1.0,1.0,2021.07.09.15.53.28_veh-38_00184_02293,1.0,a6d99b3f8fe37f4c26f94ea5ecfd4e18f498193a746be89ffc97457d73e815b6,planner_dev1696_allmask,1.0,ok,1.0,fee8806b92c9501e
1.0,1.0,1.0,1.0,2021.06.09.12.51.31_veh-35_01729_02626,1.0,ea3c77ba03dfa3c17455993b08810f0c39f3a82b77db2921fb52967374661026,planner_dev1696_allmask,1.0,ok,1.0,02199704c082520f
1.0,1.0,1.0,0.7956175976033232,2021.06.09.12.51.31_veh-35_01729_02626,1.0,3e7cb23c5538e476beb2af7e665e49ed27dd022655bc140f8edabf6f24481c20,planner_dev1696_allmask,0.9148406656680513,ok,1.0,0228fd10f8c05bd4
1.0,1.0,1.0,0.9854639259691189,2021.06.09.12.51.31_veh-35_01729_02626,1.0,1304e12da9100d22b6686c4eaa963d8d384f218060c92f8a5e3e8070d7dad73a,planner_dev1696_allmask,0.9939433024871329,ok,1.0,025b6096a0af5d87
1.0,1.0,1.0,1.0,2021.06.09.12.51.31_veh-35_01729_02626,1.0,ddb5bbe9f3ae888d40ffb70b0c9c889cbf2e9a721957092a9ac1635aba223aca,planner_dev1696_allmask,1.0,ok,1.0,039064e3ab615ba4
1.0,1.0,1.0,1.0,2021.06.09.12.51.31_veh-35_01729_02626,1.0,818f0ac828499c4cbdb32be0075f81ffdc5f221df6e8a218c79235fd508ed865,planner_dev1696_allmask,1.0,ok,1.0,03e725fe0ab95f02
1.0,1.0,1.0,0.9690516193307636,2021.06.09.12.51.31_veh-35_01729_02626,1.0,3d0202609ec6b0c82bd670997a31b02d5d40e0f36f33aab3b59c50d09816105d,planner_dev1696_allmask,0.9871048413878182,ok,1.0,047b29ae8a2d50c3
1.0,1.0,1.0,0.967976535241321,2021.06.09.12.51.31_veh-35_01729_02626,1.0,59c65b975c8b5673bb9e0ba689ff1223a05b0adbec83cd1f7058ccae377e9d1f,planner_dev1696_allmask,0.9866568896838838,ok,1.0,049ac1985c175ddb
1.0,1.0,1.0,0.6927566651279042,2021.06.09.12.51.31_veh-35_01729_02626,1.0,c7d1bd9665cdfa351ce87d61527efd7c30c2776c0aade4263e664cfda43d3e8f,planner_dev1696_allmask,0.8719819438032935,ok,1.0,0769d9f9498e5f51
1.0,1.0,1.0,1.0,2021.06.09.12.51.31_veh-35_01729_02626,1.0,6a1ca7f4c1570c8b634924a6e09816e937141362d6e585a3490d3a9e54ab27c5,planner_dev1696_allmask,1.0,ok,1.0,0b890a5dbdaf53aa
1.0,1.0,1.0,1.0,2021.06.09.12.51.31_veh-35_01729_02626,1.0,f35f5f2adc99f3734d0785eaeec2fcd0fe0105cbf55b45df88a25411b40b892d,planner_dev1696_allmask,1.0,ok,1.0,100ee55049cc584e
1.0,1.0,1.0,0.7769599806042834,2021.06.09.12.51.31_veh-35_01729_02626,1.0,f077a4cf328f02c4ab40051e679809039ef7acc7756883531cca55d433112a65,planner_dev1696_allmask,0.907066658585118,ok,1.0,102b90da87b851bf
1.0,1.0,1.0,1.0,2021.06.09.12.51.31_veh-35_01729_02626,1.0,ca0ad399d31c0d2a16788ff6f4aa0630a531dc8e23e6d8dc3dc65790f8303e0d,planner_dev1696_allmask,1.0,ok,1.0,104fd3ad395d5ded
1.0,1.0,1.0,0.881709460645237,2021.06.09.12.51.31_veh-35_01729_02626,1.0,df5239cddcf4282ea130db387bd2a72f37a8943b973ca20362c99e79a1b3df79,planner_dev1696_allmask,0.9507122752688488,ok,1.0,11788fec75b55fe8
1.0,1.0,1.0,1.0,2021.06.09.12.51.31_veh-35_01729_02626,1.0,794b1221405129d277f67610dd8602234d438a05e9c5d58f51efb3519534441b,planner_dev1696_allmask,1.0,ok,1.0,1206c4653bc05297
1.0,1.0,1.0,0.7920060209653075,2021.06.09.12.51.31_veh-35_01729_02626,1.0,5d9bb6b02174a6f87a915f153fb69aff256a85992f911eee331440b7dfd039d0,planner_dev1696_allmask,0.9133358420688781,ok,1.0,1499e758c6855a74
1.0,1.0,1.0,0.9035674077716229,2021.06.09.12.51.31_veh-35_01729_02626,1.0,31181f40832d19b198f4d236da695eff4da0253f4a4639fc0b65734c9dfcba25,planner_dev1696_allmask,0.9598197532381763,ok,1.0,17efb1d6bb395620
1.0,1.0,1.0,0.7554434839448725,2021.06.09.12.51.31_veh-35_01729_02626,1.0,d666c10f90c1c946c1341dce0656fe9841af5e7fdfd46fa0e03e7e426e8b52dd,planner_dev1696_allmask,0.8981014516436968,ok,1.0,191f94dc85fd5899
1.0,1.0,1.0,0.9131350351552417,2021.06.09.12.51.31_veh-35_01729_02626,1.0,e804174bc6aec1bfc6a14c75319cca492628c347f907d416762094cfdae485ca,planner_dev1696_allmask,0.9638062646480173,ok,1.0,1ab37cad7da55237
1.0,1.0,1.0,1.0,2021.06.09.12.51.31_veh-35_01729_02626,1.0,ec72db4ec978b096b11eb7af6212c2172cf90a35eef4911bd37c238205996dd4,planner_dev1696_allmask,1.0,ok,1.0,1b6f94eba9bd573c
1.0,1.0,1.0,0.7369369473775811,2021.06.09.12.51.31_veh-35_01729_02626,1.0,f26d66ff2429635402ba69a01dbad1904e636cf07eff1f23df8be43f2f023731,planner_dev1696_allmask,0.8903903947406588,ok,1.0,1bef718d3b145858
1.0,0.0,1.0,0.0,2021.06.09.12.51.31_veh-35_01729_02626,1.0,78af5b871772f8d364776de9e2933d8a1f541b838f8e55d8df70368dffac9471,planner_dev1696_allmask,0.0,ok,1.0,1dc5198a0a27562c
1.0,1.0,1.0,0.9297809728243486,2021.06.09.12.51.31_veh-35_01729_02626,1.0,a39602ce256c904ef276b967653630b98916782e003908f4773ceed40c7efbe3,planner_dev1696_allmask,0.9707420720101453,ok,1.0,1eb3057c64465de0
1.0,1.0,1.0,0.7947357977460668,2021.06.09.12.51.31_veh-35_01729_02626,1.0,f1f3420919500be01a74ed08b85b19f75a5a6b9ecf07d2bb4ce4f3a4ba9c6cf2,planner_dev1696_allmask,0.9144732490608612,ok,1.0,1efe2f1b12ec5381
1.0,1.0,1.0,1.0,2021.06.09.12.51.31_veh-35_01729_02626,1.0,7b5083eca6747b275b044815c60322b8d85489b8c0a132e87023cacdd2045e40,planner_dev1696_allmask,1.0,ok,1.0,2146b87b79ce537d
1.0,1.0,1.0,1.0,2021.06.09.12.51.31_veh-35_01729_02626,1.0,9440d94c065fc63cc1c07c24c8109dbc5425bcc69ca2acda7b4acd238a2b1533,planner_dev1696_allmask,1.0,ok,1.0,2395e3e90cdf5b9a
1.0,1.0,1.0,0.5464130656955376,2021.06.09.12.51.31_veh-35_01729_02626,1.0,5432ff5ec59465b89b9e544d40579e2b5d4afd49245bfef731b5cb66c429d62c,planner_dev1696_allmask,0.8110054440398073,ok,1.0,246269dcd9845878
1.0,1.0,1.0,0.9941643709017981,2021.06.09.12.51.31_veh-35_01729_02626,1.0,ea6cf0716290c5b3ced869a7f8d50cbd5d0150c4a728d74502a10e9aa14e609d,planner_dev1696_allmask,0.9975684878757493,ok,1.0,248f2530124b5812
1.0,1.0,1.0,0.7638804345786891,2021.06.09.12.51.31_veh-35_01729_02626,1.0,fa142245dd8dbb959aecfcb8af81ac6764b39238b4138315156b99ff7b682878,planner_dev1696_allmask,0.9016168477411205,ok,1.0,258edbf6a22c5312
1.0,1.0,1.0,0.9015132127736302,2021.06.09.12.51.31_veh-35_01729_02626,1.0,e88a65dcc3f1a3f28c287b95acafb824718c59cb19664318f471f488ea02269b,planner_dev1696_allmask,0.9589638386556792,ok,1.0,2ac1b274b9f2525a
1.0,1.0,1.0,1.0,2021.06.09.12.51.31_veh-35_01729_02626,1.0,bd314d8740c98a5c0af2ad673d4297ce49a21b22aa790dc1207485645005b638,planner_dev1696_allmask,1.0,ok,1.0,2cdbdd95aaba57f0
1.0,1.0,1.0,0.9220497569021378,2021.06.09.12.51.31_veh-35_01729_02626,1.0,1195f617f6bb7d3b9a6cc0c5b9243947fe6df28604defcb3baa21e4641496872,planner_dev1696_allmask,0.9675207320425573,ok,1.0,2dc965586c945547
1.0,1.0,1.0,1.0,2021.06.09.12.51.31_veh-35_01729_02626,1.0,3805753de752e16c8009f7a16ca76140dd414aa1478934159cc79ce25078fb8f,planner_dev1696_allmask,1.0,ok,1.0,2dd00be7ed615ecc
1.0,1.0,1.0,0.716359396623463,2021.06.09.12.51.31_veh-35_01729_02626,1.0,b731060b319a6bad7b66b10677b5728311a1cf9283a46207f695d6f4e7f74a4b,planner_dev1696_allmask,0.8818164152597762,ok,1.0,338daec6bb7a5aa0
1.0,1.0,1.0,0.586153793767534,2021.06.09.12.51.31_veh-35_01729_02626,1.0,fd5d40fd0f6193fcd2363abae3d14630e8f9520397d278e349ab1291bc9adabf,planner_dev1696_allmask,0.8275640807364725,ok,1.0,33ee0a5e0f7950f2
1.0,1.0,1.0,0.8326709139640939,2021.06.09.12.51.31_veh-35_01729_02626,1.0,029506ddfaffed0a032f198b0c8e6c4b63b77361b7feaa355387fcce325842d4,planner_dev1696_allmask,0.9302795474850392,ok,1.0,346d763777e85cd3
1.0,1.0,1.0,1.0,2021.06.09.12.51.31_veh-35_01729_02626,1.0,fdb758dda63c0d430ac237a18edf3c7587de3c9a2ab44ab31e5da822afd37da9,planner_dev1696_allmask,1.0,ok,1.0,3b6f237e05365dcf
1.0,1.0,1.0,1.0,2021.06.09.12.51.31_veh-35_01729_02626,1.0,b61b0def6bab60dd9300c42fa96a5dd9e04adbbb967be2e25d3178a3ac951b13,planner_dev1696_allmask,1.0,ok,1.0,3e9c4cca896a53f7
1.0,1.0,1.0,0.9054996527083956,2021.06.09.12.51.31_veh-35_01729_02626,1.0,f15ea70619c498711167e6eccb602db0d2dff6e9904db8c9865f946d9086e09a,planner_dev1696_allmask,0.960624855295165,ok,1.0,3f4ac4bbbdc05fba
1.0,1.0,1.0,0.7657807372107401,2021.06.09.12.51.31_veh-35_01729_02626,1.0,73eeb38b6e5550a9297d4e4746c4a35470666554db4e5572e9c33259bddc20fc,planner_dev1696_allmask,0.902408640504475,ok,1.0,3f84de43587e5aef
1.0,1.0,1.0,0.7472501930847363,2021.06.09.12.51.31_veh-35_01729_02626,1.0,f217a5db8c84787281a072fac0c1bd47e7387bf47ff972bc5d16342174b84005,planner_dev1696_allmask,0.8946875804519735,ok,1.0,41c8ecae08035b9f
1.0,1.0,1.0,0.5511316648648101,2021.06.09.12.51.31_veh-35_01729_02626,1.0,9e4ae3adbe595457de7cee0a343cbf2a1a0c199347c40873ebfeef75f1d4dc3e,planner_dev1696_allmask,0.8129715270270043,ok,1.0,430bf2218f6454aa
1.0,1.0,1.0,0.7097563195634271,2021.06.09.12.51.31_veh-35_01729_02626,1.0,9b60b4e51d0faa6e05aae25342d8aa1fb5e3795eb77da1b09f82ad49839eb245,planner_dev1696_allmask,0.879065133151428,ok,1.0,47758e53165b5478
1.0,1.0,1.0,0.9516078288090728,2021.06.09.12.51.31_veh-35_01729_02626,1.0,42b299b90556c3d764d71f80a7b544707d6a996002d7d8cd38eb4dda7c5594c8,planner_dev1696_allmask,0.9798365953371136,ok,1.0,47dd5e581cf559fd
1.0,1.0,1.0,0.9775270133274305,2021.06.09.12.51.31_veh-35_01729_02626,1.0,dbd4b856d1a3a7c64fb97ccfd61f8707f041dacb951efcecef01c0f740b84c59,planner_dev1696_allmask,0.990636255553096,ok,1.0,486ae50490cf589c
1.0,1.0,1.0,0.7446982608094836,2021.06.09.12.51.31_veh-35_01729_02626,1.0,26d516943655f876eacada7c098a2e5d1ce72cb553d957c0639aba5c2758adc7,planner_dev1696_allmask,0.8936242753372848,ok,1.0,490822629fe05bc3
1.0,1.0,1.0,1.0,2021.06.09.12.51.31_veh-35_01729_02626,1.0,3fe6a8e5cb914cb914dcdf387e6b880cee3bc5b05db2854e0cb602f8460b148b,planner_dev1696_allmask,1.0,ok,1.0,4a55e5cc75c55276
1.0,1.0,1.0,1.0,2021.06.09.12.51.31_veh-35_01729_02626,1.0,a46ee51fdd462699c3e59d4841e72d77ced5c7bbd37c33575b4484fbadbd21a4,planner_dev1696_allmask,1.0,ok,1.0,4b20e22658c258a4
1.0,1.0,1.0,1.0,2021.06.09.12.51.31_veh-35_01729_02626,1.0,2b22c5047dde9db1bd03ef5fbf6808ea1308a958eb3aa8bc325aed2359afcc26,planner_dev1696_allmask,1.0,ok,1.0,4c1205c3cd395ed2
1.0,1.0,1.0,0.6656333279170464,2021.06.09.12.51.31_veh-35_01729_02626,1.0,c0ea34182c781cb5a70e2976375bca0b4f011873f1704d3cbfff9b140214d57c,planner_dev1696_allmask,0.8606805532987694,ok,1.0,4c766faa415253e3
1.0,1.0,1.0,0.6603290781766139,2021.06.09.12.51.31_veh-35_01729_02626,1.0,41b84e63ddf37604b3010445c446e7bc4ba44f78675b5bea0931cdab88a080e5,planner_dev1696_allmask,0.8584704492402558,ok,1.0,4c85b529b06d5b94
1.0,1.0,1.0,0.8482389137041958,2021.06.09.12.51.31_veh-35_01729_02626,1.0,3dc442745a2054454e3b0ac4a7fc917ba72b847771f9357ed8e2b3db2492495e,planner_dev1696_allmask,0.9367662140434149,ok,1.0,4d30b4c498505f32
1.0,1.0,1.0,1.0,2021.06.09.12.51.31_veh-35_01729_02626,1.0,392995163aeb41dcc6d312315671d85f7dd24a90e97b2bdf611ed282680c5692,planner_dev1696_allmask,1.0,ok,1.0,4f54af46fbf95346
1.0,1.0,1.0,0.9871653194502772,2021.06.09.12.51.31_veh-35_01729_02626,1.0,369f7666b97c7c287386c50e5957e389620f3be60639be163924cfe2451d0a23,planner_dev1696_allmask,0.9946522164376154,ok,1.0,4fcd13a2adeb5406
1.0,1.0,1.0,0.6377212010100786,2021.06.09.12.51.31_veh-35_01729_02626,1.0,491bb5e17a48c2694e59ac7261688ddec87aea0ac9db2e2ced0d9eea13f3a196,planner_dev1696_allmask,0.849050500420866,ok,1.0,4ffe9e73ad0f5c34
1.0,1.0,1.0,0.7571724838552197,2021.06.09.12.51.31_veh-35_01729_02626,1.0,53d95caa7eac11e21387bddd591e33f7c29f3c609e6c2aa0f1484bc096ed5ed8,planner_dev1696_allmask,0.8988218682730081,ok,1.0,50ecb53bbcdd5c19
1.0,1.0,1.0,0.9935648784465052,2021.06.09.12.51.31_veh-35_01729_02626,1.0,a4136dc8a050eff47b3b0839d6f3764c01d83fe4feedf7803ca5a66e245c43cf,planner_dev1696_allmask,0.9973186993527104,ok,1.0,51649a3ccd735dff
1.0,1.0,1.0,0.7340556926144408,2021.06.09.12.51.31_veh-35_01729_02626,1.0,80de5ae582bd661b4c0541853d6bb24d56294c70ab16fa476933560f9944812a,planner_dev1696_allmask,0.8891898719226837,ok,1.0,5224833f970051df
1.0,1.0,1.0,1.0,2021.06.09.12.51.31_veh-35_01729_02626,1.0,88bee8c7774fb6ee4238764e6af9b4be1382a4d1afef8cdd950d93bb2f563f82,planner_dev1696_allmask,1.0,ok,1.0,522fca1441c455a1
1.0,1.0,1.0,1.0,2021.06.09.12.51.31_veh-35_01729_02626,1.0,98eb0ca6e804c17a23c76d549db8a1196df5f8b8adce34d0b93a855736ea830c,planner_dev1696_allmask,1.0,ok,1.0,53a2eb4f1d1b5b6e
1.0,1.0,1.0,1.0,2021.06.09.12.51.31_veh-35_01729_02626,1.0,b336d5884c75cdac12bf51e5e2b4600777329bba2cafc7a7199fc297f51db116,planner_dev1696_allmask,1.0,ok,1.0,53fc4d372fa5530d
1.0,1.0,1.0,0.7372064578479903,2021.06.09.12.51.31_veh-35_01729_02626,1.0,4f1d22ce704f46cf9df8eaea735018ae5b9810a9c2b03db130815419b87cbf54,planner_dev1696_allmask,0.890502690769996,ok,1.0,55bf0e4266ce5eee
1.0,1.0,1.0,0.5490871869376481,2021.06.09.12.51.31_veh-35_01729_02626,1.0,dc476d072fe64c1c2a74758ebb0efd2e576ae8ef4a208d909028419b3b04eda4,planner_dev1696_allmask,0.81211966122402,ok,1.0,59a1bb2069d057ed
1.0,1.0,1.0,1.0,2021.06.09.12.51.31_veh-35_01729_02626,1.0,0cf668eae5aa40506d3d953530d1d462e8636903b6a7bad8b87e14ec74c7080a,planner_dev1696_allmask,1.0,ok,1.0,59bfda4a7e5956eb
1.0,1.0,1.0,0.8717646775817536,2021.06.09.12.51.31_veh-35_01729_02626,1.0,4c1ffa676bc492ea55a7579f759bb2c29eba6ffeb17b84e3363a157a81d79639,planner_dev1696_allmask,0.9465686156590639,ok,1.0,5a4abee0269d5262
1.0,1.0,1.0,0.6854229997481669,2021.06.09.12.51.31_veh-35_01729_02626,1.0,2eaad586f9b497b6be840650d07fd64854cd205bcb997dee769d2630df924ad7,planner_dev1696_allmask,0.8689262498950695,ok,1.0,5dc2c6ffad8b5dd5
1.0,1.0,1.0,0.572316346812949,2021.06.09.12.51.31_veh-35_01729_02626,1.0,ffafddf30c4a6b1fdbb2b73986ff28e185ee9fa5fad9582f36093c580ad3f38c,planner_dev1696_allmask,0.8217984778387287,ok,1.0,5e6051742abd5859
1.0,1.0,1.0,0.5691838794627773,2021.06.09.12.51.31_veh-35_01729_02626,1.0,32bb1a466b7d5efd95b332d08eab5db925eefbf0906a93a0a64814283a894f93,planner_dev1696_allmask,0.8204932831094904,ok,1.0,60d918263c15569b
1.0,1.0,1.0,1.0,2021.06.09.12.51.31_veh-35_01729_02626,1.0,fe2ca7ab6f1bd3ef3ef04378465e8ee51fd3e177937742346a75a51222d10298,planner_dev1696_allmask,1.0,ok,1.0,60dbf95d482051e1
1.0,1.0,1.0,0.5914253403743183,2021.06.09.12.51.31_veh-35_01729_02626,1.0,7c344d18d820c9ec9f87791c6e26c225922c29926e76068355c3b5fa2faf2c0e,planner_dev1696_allmask,0.8297605584892992,ok,1.0,63747a8878bf5f38
1.0,1.0,1.0,1.0,2021.06.09.12.51.31_veh-35_01729_02626,1.0,ace4f2a442d9f3355467023732778cf055b0ae97d9a1a75bd026e7de67b3fcc7,planner_dev1696_allmask,1.0,ok,1.0,637e5b6294fb5db8
1.0,1.0,1.0,1.0,2021.06.09.12.51.31_veh-35_01729_02626,1.0,3827f56282a7267ce2c1777ccb9329e9ee059b8bbd38ef47cb2a9ab0e590938d,planner_dev1696_allmask,1.0,ok,1.0,6483af7092d15ada
1.0,1.0,1.0,0.7653861156113494,2021.06.09.12.51.31_veh-35_01729_02626,1.0,880500116bec551b6c9fd9967fa918c2b4b0a1f55d9c3853a8c2f9f5165bbd91,planner_dev1696_allmask,0.9022442148380622,ok,1.0,66817c00a54e53f0
1.0,1.0,1.0,0.8141756640464607,2021.06.09.12.51.31_veh-35_01729_02626,1.0,4215090a3e90881adf7a97d27193df09ca07b91aec5d5b0ecf4890f986a00fc0,planner_dev1696_allmask,0.922573193352692,ok,1.0,6a956d4c705d59fa
1.0,1.0,1.0,1.0,2021.06.09.12.51.31_veh-35_01729_02626,1.0,36ba1d7e576b23ec66c92b0b10b10acefda6f809aad8394b6739f3afe55d52e6,planner_dev1696_allmask,1.0,ok,1.0,6f26763a3a8859a9
1.0,1.0,1.0,0.922639998017143,2021.06.09.12.51.31_veh-35_01729_02626,1.0,589f0687ac3702f35274b88067ae6e9f0331a8627245181719761b2cd77c34b8,planner_dev1696_allmask,0.9677666658404762,ok,1.0,71e6ee340d1756fd
1.0,1.0,1.0,0.9507888980602154,2021.06.09.12.51.31_veh-35_01729_02626,1.0,1358de245600f30e1731e9a564c5ff507b7ed5ccf4dfab4717bded23e00376f3,planner_dev1696_allmask,0.9794953741917564,ok,1.0,72fc5c8b771758fd
1.0,1.0,1.0,0.7812678968343306,2021.06.09.12.51.31_veh-35_01729_02626,1.0,ad08cfa07a7e931f0c7373d8116cd47b99d0b7f17afc3e93b49539b8630f88f8,planner_dev1696_allmask,0.9088616236809711,ok,1.0,7412988f410e545d
1.0,1.0,1.0,0.8506192465358577,2021.06.09.12.51.31_veh-35_01729_02626,1.0,a44e2799cc0b5cf86db58c617e0b48c5c0fe1a0bf2e3e645f83aef378f2e2c7b,planner_dev1696_allmask,0.9377580193899407,ok,1.0,741b40508f9c539f
1.0,1.0,1.0,1.0,2021.06.09.12.51.31_veh-35_01729_02626,1.0,f1d8035da082eab82fae8c357ba5341a52a42c4bb62175c3960abc74855762a1,planner_dev1696_allmask,1.0,ok,1.0,7639e630e475517c
1.0,1.0,1.0,1.0,2021.06.09.12.51.31_veh-35_01729_02626,1.0,de5b12de0dea02580b4a9661d5777dbfe50b09716ecae47113e9f3f312caa8be,planner_dev1696_allmask,1.0,ok,1.0,76e33b04a2e55b65
1.0,1.0,1.0,1.0,2021.06.09.12.51.31_veh-35_01729_02626,1.0,fe7c1d2193bed1a41b541a11378d99d31b57dd224b79d8f24bfb7fc8a2786278,planner_dev1696_allmask,1.0,ok,1.0,77d22252c36859d2
1.0,1.0,1.0,0.7915940254740126,2021.06.09.12.51.31_veh-35_01729_02626,1.0,9eff102f0a789e748b92191f32729c787964499325f6f980fd6c78cc70578eb6,planner_dev1696_allmask,0.9131641772808385,ok,1.0,786c7d0f495e5b08
1.0,1.0,1.0,1.0,2021.06.09.12.51.31_veh-35_01729_02626,1.0,fffe620e0798ac4821e9c57442a646cd40d0efa8db5f63310f7b117caf46fe50,planner_dev1696_allmask,1.0,ok,1.0,7980f7ce6e085a30
1.0,1.0,1.0,0.8155039543309932,2021.06.09.12.51.31_veh-35_01729_02626,1.0,47af52d6c98f5f93250392bac75190a22ef57f52fad4dd44fcc3f768af7f4771,planner_dev1696_allmask,0.9231266476379139,ok,1.0,7b7291b626f753ae
1.0,1.0,1.0,1.0,2021.06.09.12.51.31_veh-35_01729_02626,1.0,d6e38447a6ec7c1086e7b200886b48378a7269fe71ca71dd03295bf3b889ee41,planner_dev1696_allmask,1.0,ok,1.0,7d838c40752e5080
1.0,1.0,1.0,0.8758035735617639,2021.06.09.12.51.31_veh-35_01729_02626,1.0,2119abdd6f251c69ba5a17d2fa4ff34cb306e17e91e16fb4c75c3b3f167741fe,planner_dev1696_allmask,0.9482514889840683,ok,1.0,7dab96d0e7725a9f
1.0,1.0,1.0,1.0,2021.06.09.12.51.31_veh-35_01729_02626,1.0,2555d055a9d8456a482d149bc678f947a1d51c216733af15f06978d9ca6dd3c9,planner_dev1696_allmask,1.0,ok,1.0,7e2c3c2ef5e05b19
1.0,1.0,1.0,0.5694165288128913,2021.06.09.12.51.31_veh-35_01729_02626,1.0,84f42f2429dd88798df6db03ce454299f942eebee6b717c4a347c1615e2898ca,planner_dev1696_allmask,0.8205902203387048,ok,1.0,7f5714fc26bb599b
1.0,1.0,1.0,1.0,2021.06.09.12.51.31_veh-35_01729_02626,1.0,ad41c7ca49ed3625f00ee6c4e363ae7eb17fa97ab74f61e72831c18d9ace8d0a,planner_dev1696_allmask,1.0,ok,1.0,8264721b29a65296
1.0,1.0,1.0,1.0,2021.06.09.12.51.31_veh-35_01729_02626,1.0,6096971814bfd36adbb42083764312376f015a3d91440c4e4836f04f41fbac4f,planner_dev1696_allmask,1.0,ok,1.0,827867f4641c53b6
1.0,1.0,1.0,0.8424070736251628,2021.06.09.12.51.31_veh-35_01729_02626,1.0,0283ad76975b5a1246fe6b32a84a095ce2064dfd2bb6a98834b748872d174e01,planner_dev1696_allmask,0.9343362806771512,ok,1.0,84da0c13f98e58e9
1.0,1.0,1.0,0.6487264190671306,2021.06.09.12.51.31_veh-35_01729_02626,1.0,93c34ea5ac2f325f8e08113f2bd8da53d0119d2a49584f03e4058c77e5a3a7a5,planner_dev1696_allmask,0.8536360079446377,ok,1.0,8828feb4e21b5600
1.0,1.0,1.0,1.0,2021.06.09.12.51.31_veh-35_01729_02626,1.0,0080bf2c9ea3b98a134e09b8e48855802e7d376e3c7aecd3521f0df88e6bf9a3,planner_dev1696_allmask,1.0,ok,1.0,888cb5a4b4c25eab
1.0,1.0,1.0,0.6309422199488722,2021.06.09.12.51.31_veh-35_01729_02626,1.0,531a03d934cb4d8fbe368892ca6f41e510155bf4d6eefeeb9f6024fbbe277279,planner_dev1696_allmask,0.8462259249786968,ok,1.0,88ff3881080b505a
1.0,1.0,1.0,1.0,2021.06.09.12.51.31_veh-35_01729_02626,1.0,b8b55477042603857783e868ad325c7efd7873d8a18dfe3e02f481d6d2f69b32,planner_dev1696_allmask,1.0,ok,1.0,89409b4f6b4f573b
1.0,1.0,1.0,0.7268762132978771,2021.06.09.12.51.31_veh-35_01729_02626,1.0,3c3ac67106754b27de834c8c0a65db545850f43aea79d32424f40ff014685cb8,planner_dev1696_allmask,0.8861984222074488,ok,1.0,8956d19d62c056f6
1.0,1.0,1.0,0.798834631596166,2021.06.09.12.51.31_veh-35_01729_02626,1.0,8f126da17d6e4f0fd2d0ec74fb634978201a4ddde325387656eeef165bf3874c,planner_dev1696_allmask,0.9161810964984025,ok,1.0,8deaed625cfc5888
1.0,1.0,1.0,1.0,2021.06.09.12.51.31_veh-35_01729_02626,1.0,fe683b57abd71468929e8d714891288e2b08ffd1dc36afcd281011943de35a12,planner_dev1696_allmask,1.0,ok,1.0,8f63f1b737e15216
1.0,1.0,1.0,1.0,2021.06.09.12.51.31_veh-35_01729_02626,1.0,9c6c067ecabc7a8fcf0f900bbceea8d09f34815d2d74af30ff71122925ade3db,planner_dev1696_allmask,1.0,ok,1.0,94de31b161f45bc2
1.0,1.0,1.0,0.683172242512414,2021.06.09.12.51.31_veh-35_01729_02626,1.0,21ee8a8d352108dd758992282dac62f95f6172721ca1150d082fc957fdecb3a9,planner_dev1696_allmask,0.8679884343801726,ok,1.0,954da5a56f305ac5
1.0,1.0,1.0,0.6710325730363008,2021.06.09.12.51.31_veh-35_01729_02626,1.0,019ab49161899d6a31477386bf1d0b33be754e38cac4d63c7fca85a5c99b071b,planner_dev1696_allmask,0.8629302387651254,ok,1.0,954e72f1c44e5eb3
1.0,1.0,1.0,1.0,2021.06.09.12.51.31_veh-35_01729_02626,1.0,a8c90b6a225f334bc7c1a98c8da13763a2c5fba4dbf4b8f4c047f22736a16b77,planner_dev1696_allmask,1.0,ok,1.0,96e24e94933f52c8
1.0,1.0,1.0,0.8061114843309025,2021.06.09.12.51.31_veh-35_01729_02626,1.0,512e7bd12cd20c17e5d43bd67e2a13434e4093ca574dea5f5ce8234978f48fa9,planner_dev1696_allmask,0.9192131184712093,ok,1.0,98b7d40a0b4256e1
1.0,1.0,1.0,0.8436844644436143,2021.06.09.12.51.31_veh-35_01729_02626,1.0,71b02733b54a053defda5afd492d1fe25e0424f39b7b553a108259d0b173150d,planner_dev1696_allmask,0.9348685268515059,ok,1.0,9d0c0ca6c0b352b8
1.0,1.0,1.0,1.0,2021.06.09.12.51.31_veh-35_01729_02626,1.0,83ab9d67deea9baffdf4044eae2b9b6f8e1270d87079e84bdf6d348779160e57,planner_dev1696_allmask,1.0,ok,1.0,9d87ac4fbc1959d9
1.0,1.0,1.0,0.7796278075784725,2021.06.09.12.51.31_veh-35_01729_02626,1.0,123bb348a41c9bfe3d404ba307618f4017a7d5c473a71180d0395af51b6fbfb5,planner_dev1696_allmask,0.908178253157697,ok,1.0,9d87df3517f0557a
1.0,1.0,1.0,0.6953710044197949,2021.06.09.12.51.31_veh-35_01729_02626,1.0,717dffb667fea2befe51331abc1a1b2c81c33ca38ac68c4e92b39742c17a69de,planner_dev1696_allmask,0.8730712518415812,ok,1.0,9ebea9056e195897
1.0,1.0,1.0,0.8359138603236868,2021.06.09.12.51.31_veh-35_01729_02626,1.0,51cb3134d1d721afd3ef21c1b33f5aad009d6cb727259062a5919c44cb94303d,planner_dev1696_allmask,0.9316307751348695,ok,1.0,9fabef7447845a3b
1.0,1.0,1.0,0.7722650048385692,2021.06.09.12.51.31_veh-35_01729_02626,1.0,77fcc7a2022614ac81b5d5ee2de1dc152efb7efcb25013154ba2ad58dec9a353,planner_dev1696_allmask,0.9051104186827371,ok,1.0,9fb2a722bf485a1b
1.0,1.0,1.0,1.0,2021.06.09.12.51.31_veh-35_01729_02626,1.0,313b579f6ed4ccca0ea351fbdbe693068d97b2980d1c5a1e7a52f796a9b83869,planner_dev1696_allmask,1.0,ok,1.0,a287a8b3726a5d46
1.0,1.0,1.0,0.6202926077682532,2021.06.09.12.51.31_veh-35_01729_02626,1.0,d357a0c5b203791f29eccde52bc44fc881d4a3dc18da13a5359c20d1fdf04e91,planner_dev1696_allmask,0.8417885865701056,ok,1.0,a46b9833db705dd8
1.0,1.0,1.0,0.5670914658099186,2021.06.09.12.51.31_veh-35_01729_02626,1.0,14272dd9f135c542b18ea032b5395463cc44ab1f02019ea9effc10e579c36d55,planner_dev1696_allmask,0.8196214440874661,ok,1.0,a636eadfab6a531d
1.0,1.0,1.0,1.0,2021.06.09.12.51.31_veh-35_01729_02626,1.0,e11105bdbd891d119d4f96d8825e86b1575bd98613ab6743e0e7feb046944593,planner_dev1696_allmask,1.0,ok,1.0,a8739782d4355428
1.0,1.0,1.0,0.8183442642497478,2021.06.09.12.51.31_veh-35_01729_02626,1.0,ca258eb385a118bd1bf658212c0fb3761a1b4b636a39c4a7ffc0c297be9b25e4,planner_dev1696_allmask,0.9243101101040616,ok,1.0,aa05717ed4265b1a
1.0,1.0,1.0,0.5848407472610847,2021.06.09.12.51.31_veh-35_01729_02626,1.0,d3aa6d035a3b4840201232645df65ab3f85470b86083ad87623e5cdc7d53aaf2,planner_dev1696_allmask,0.827016978025452,ok,1.0,ac2c3e22fe8c5c6d
1.0,1.0,1.0,0.6306290165528224,2021.06.09.12.51.31_veh-35_01729_02626,1.0,edc85baba11742341eb5698d704231f440923fe60194c3d06fa24e58a1a02a90,planner_dev1696_allmask,0.8460954235636761,ok,1.0,ac5e2264df3958ac
1.0,1.0,1.0,1.0,2021.06.09.12.51.31_veh-35_01729_02626,1.0,81099b4104492d8ab62ba0432e6e06d2a06db080346c6efe857b514510a88af4,planner_dev1696_allmask,1.0,ok,1.0,ad6f2ee944415c58
1.0,1.0,1.0,1.0,2021.06.09.12.51.31_veh-35_01729_02626,1.0,4d5f56f6631955ca23e1b1283e7b88e21ea27881f38331511f1d7b74a3586fa1,planner_dev1696_allmask,1.0,ok,1.0,b2119b944b7f5d42
1.0,1.0,1.0,0.6445724862135754,2021.06.09.12.51.31_veh-35_01729_02626,1.0,a6dcc932fd6651a09a2ac466d6fcb0e47f57869f9aa6399d3b24162444925871,planner_dev1696_allmask,0.8519052025889898,ok,1.0,b3e4a0d98ed9509d
1.0,1.0,1.0,0.5484875652343729,2021.06.09.12.51.31_veh-35_01729_02626,1.0,259056eedbf63edd491a6cb64bcb93e568048264cfc66275d0df31ef6c4e0fe0,planner_dev1696_allmask,0.8118698188476553,ok,1.0,b6714748d40f5d76
1.0,1.0,1.0,1.0,2021.06.09.12.51.31_veh-35_01729_02626,1.0,3a346a7711caaff70a11e505d89be7d1436d76338576ce49f8139b91d26af0e5,planner_dev1696_allmask,1.0,ok,1.0,b9abb89d389351f8
1.0,1.0,1.0,1.0,2021.06.09.12.51.31_veh-35_01729_02626,1.0,fc91ce25cccb438b42e7d2329b684ea063b2af04a9da3bb2a8203b25e8c2f25b,planner_dev1696_allmask,1.0,ok,1.0,bb65c8e693035002
1.0,1.0,1.0,1.0,2021.06.09.12.51.31_veh-35_01729_02626,1.0,09c9e4a309f7a75ef222f40e1cd611a3e6a6988620486d676eef848fab7e68c4,planner_dev1696_allmask,1.0,ok,1.0,bd6f57a9bbce532d
1.0,1.0,1.0,1.0,2021.06.09.12.51.31_veh-35_01729_02626,1.0,898f07a616a635a893bd3929f8af432309d1d37d717f4eac8f3a11fe39cfcaee,planner_dev1696_allmask,1.0,ok,1.0,bf2b503b8bff5859
1.0,1.0,1.0,0.9693387512385585,2021.06.09.12.51.31_veh-35_01729_02626,1.0,7b3aacfd54f4257aefd74f9a9af8206a8acfde70ba3ee8e3f288071a16078b73,planner_dev1696_allmask,0.9872244796827326,ok,1.0,c10584362e7f5f9d
1.0,1.0,1.0,0.6039267381860869,2021.06.09.12.51.31_veh-35_01729_02626,1.0,183d1aa86fc112d560f7e64bbb97e729b726d9e6494c5e5412f0bcecdae27aa2,planner_dev1696_allmask,0.8349694742442028,ok,1.0,c2ab52aa1d45570e
1.0,1.0,1.0,1.0,2021.06.09.12.51.31_veh-35_01729_02626,1.0,5659dddf69684598cd3ccd0d99c9ea2d0dc5a5da71fdafd4740e976c6bc6b2b9,planner_dev1696_allmask,1.0,ok,1.0,c5e10c9e5bc853ec
1.0,1.0,1.0,1.0,2021.06.09.12.51.31_veh-35_01729_02626,1.0,5a1d109ea02cf417d0e8b37f2d7f4193f34490446182c4e26db0c6e46b5f95ac,planner_dev1696_allmask,1.0,ok,1.0,c8f3dd66357c59f2
1.0,1.0,1.0,1.0,2021.06.09.12.51.31_veh-35_01729_02626,1.0,c7646aeee8cb315c19002b20fc91fc7a4b2539456d503f1b047b53e7cc4a39ff,planner_dev1696_allmask,1.0,ok,1.0,c9566605ae1c5861
1.0,1.0,1.0,0.8865195702626623,2021.06.09.12.51.31_veh-35_01729_02626,1.0,95b12096ddefa580a439c52e745dce768cab2d3af2a7bf62710b9898152512a9,planner_dev1696_allmask,0.9527164876094426,ok,1.0,ca02f85a9a995448
1.0,1.0,1.0,0.7888027808240411,2021.06.09.12.51.31_veh-35_01729_02626,1.0,fdfd8c0a887072d88940fdfe09232e135a197a309fe2541f3f6a993a35d86712,planner_dev1696_allmask,0.9120011586766837,ok,1.0,cca22cc47f235643
1.0,1.0,1.0,1.0,2021.06.09.12.51.31_veh-35_01729_02626,1.0,f1e81eac15ccae33491c6ce6d35ccfaf1e5b0afdc70c4711c8265dddd8675b73,planner_dev1696_allmask,1.0,ok,1.0,cdca2eec19585f5e
1.0,1.0,1.0,0.9252787947197678,2021.06.09.12.51.31_veh-35_01729_02626,1.0,e11e3e78f8be629331d249b93210b2ee68ee7f32ca6cb5550326e09d41b0b3df,planner_dev1696_allmask,0.9688661644665699,ok,1.0,d344a8704ee85f35
1.0,1.0,1.0,0.8845497568492057,2021.06.09.12.51.31_veh-35_01729_02626,1.0,7708ccc4c0d40d00f6d182598955461084e9115a9370f7e89a232b2227ef022c,planner_dev1696_allmask,0.9518957320205024,ok,1.0,d4fa1b8fc27a5733
1.0,1.0,1.0,0.9374164097492153,2021.06.09.12.51.31_veh-35_01729_02626,1.0,cbc993c41274acce6c4a4c577d37ab21e43caa6bcd68aed1a35dd663bbd089d6,planner_dev1696_allmask,0.973923504062173,ok,1.0,d51990badc6e5787
1.0,1.0,1.0,0.6600607158060889,2021.06.09.12.51.31_veh-35_01729_02626,1.0,e3938c5684a4c1156cbddec52ce8aea2b3d6e0372babd6b971cbb3ec03b2957a,planner_dev1696_allmask,0.8583586315858703,ok,1.0,d68969642ec45b19
1.0,1.0,1.0,1.0,2021.06.09.12.51.31_veh-35_01729_02626,1.0,eacb3310d8d61c07455be732df9ae8880fe06f71fd872e197abc2305d298dab9,planner_dev1696_allmask,1.0,ok,1.0,d7a938f1b20652bf
1.0,1.0,1.0,0.9744780498612513,2021.06.09.12.51.31_veh-35_01729_02626,1.0,d471371c1831f137649a2a85c4625fecf166effa445b557cbf5197c9b783a9d4,planner_dev1696_allmask,0.9893658541088547,ok,1.0,d7e631755e5a54ad
1.0,1.0,1.0,1.0,2021.06.09.12.51.31_veh-35_01729_02626,1.0,05fe0823515410490527b559c3f4ec6281a3ae36b52fb72f061e3f2fec1c9887,planner_dev1696_allmask,1.0,ok,1.0,d9bb698c62405297
1.0,1.0,1.0,1.0,2021.06.09.12.51.31_veh-35_01729_02626,1.0,4319b37f608918249a2453a0637f34d234e6cd56f434074dfd97a81be45d5631,planner_dev1696_allmask,1.0,ok,1.0,dbb61fca58fc5037
1.0,1.0,1.0,1.0,2021.06.09.12.51.31_veh-35_01729_02626,1.0,6c9508b3d3b8c1739ed736685c64d9ca3ce1bb0e7b6e4677046d2b8d572e1c09,planner_dev1696_allmask,1.0,ok,1.0,dd2d2dd7d4885bbe
1.0,1.0,1.0,0.7704277084858999,2021.06.09.12.51.31_veh-35_01729_02626,1.0,f80e42481726199a4f9242ea13798cfdab58fca0b9247e128767a088ba82b455,planner_dev1696_allmask,0.9043448785357917,ok,1.0,e069d39ff2ab55bc
1.0,1.0,1.0,1.0,2021.06.09.12.51.31_veh-35_01729_02626,1.0,f302d2ce6bcb0bc1ff91668b69b7bd55b2bb580e1255f3c881c3bf798ade2942,planner_dev1696_allmask,1.0,ok,1.0,e322f2e6452f508e
1.0,1.0,1.0,0.9870870735930337,2021.06.09.12.51.31_veh-35_01729_02626,1.0,244646c11c6e1259d56d28d77c9c6ebd821ab24f474a9dbd8f66722fa9feeb94,planner_dev1696_allmask,0.9946196139970974,ok,1.0,e43cc13c56e855d5
1.0,1.0,1.0,0.9090593476519134,2021.06.09.12.51.31_veh-35_01729_02626,1.0,4f7302e4855e7c63632bf03963308e06d3a987998a42257bd6f217858ce713a3,planner_dev1696_allmask,0.9621080615216305,ok,1.0,e45bba9f532950f7
1.0,1.0,1.0,1.0,2021.06.09.12.51.31_veh-35_01729_02626,1.0,aa67cf83f610af6fdc7018fdd2ceb3bede3bd85a41f9ff531cbf6925048280e6,planner_dev1696_allmask,1.0,ok,1.0,e4eda26dbd53523d
1.0,1.0,1.0,0.9763972627216521,2021.06.09.12.51.31_veh-35_01729_02626,1.0,67610d7dcf509ee8a35ee9b4021ce9c1bac5ddf1bc799ab771ab06e87c2a5e7c,planner_dev1696_allmask,0.9901655261340218,ok,1.0,e522cb132d57506a
1.0,1.0,1.0,0.8273570884420262,2021.06.09.12.51.31_veh-35_01729_02626,1.0,5785d02e9bd6637970cdb028083858dd1668cb1c45908c76459ecdb49b0534b9,planner_dev1696_allmask,0.9280654535175108,ok,1.0,e52ef27d2d245c63
1.0,1.0,1.0,0.9393870188895932,2021.06.09.12.51.31_veh-35_01729_02626,1.0,bf7b638ab72bb8e8fb42a4d776c54156eed7d23bcb8f6ec2824cf3e7c064dfbc,planner_dev1696_allmask,0.9747445912039971,ok,1.0,e6f686686cc452cf
1.0,1.0,1.0,1.0,2021.06.09.12.51.31_veh-35_01729_02626,1.0,29d04b8f0fe56f69439ca41d6d5ff1fb0d5970d483377819cbd8d75213246a56,planner_dev1696_allmask,1.0,ok,1.0,e799e9f5385a5a2c
1.0,1.0,1.0,1.0,2021.06.09.12.51.31_veh-35_01729_02626,1.0,f2f8f2430daf1eaacdbd9eae38f91cf44efc405a701acbc76d6ae04a7265a411,planner_dev1696_allmask,1.0,ok,1.0,ea7c22e1d36856c3
1.0,1.0,1.0,0.5485296232945615,2021.06.09.12.51.31_veh-35_01729_02626,1.0,667edac412b9136194404946a92fc276bd0c08dcff5c4745a79258e61f00894a,planner_dev1696_allmask,0.8118873430394006,ok,1.0,eadab740750b5a54
1.0,1.0,1.0,0.6395493836013504,2021.06.09.12.51.31_veh-35_01729_02626,1.0,934f495aec341b284323596dc629f70f43210f5fc167b2ce5397c6d36d90acf3,planner_dev1696_allmask,0.8498122431672294,ok,1.0,ee053b086fb1560c
1.0,1.0,1.0,0.8124183625000085,2021.06.09.12.51.31_veh-35_01729_02626,1.0,7b8a44c0c0e853f776915a15feaf2b65668fe919eca19f4439524344ac3e6ba8,planner_dev1696_allmask,0.9218409843750036,ok,1.0,ee7c0c535d415ded
1.0,1.0,1.0,1.0,2021.06.09.12.51.31_veh-35_01729_02626,1.0,4f9568808732083b3fc6175344580f9bf2790ddbf81ad47d1b217cd81503b872,planner_dev1696_allmask,1.0,ok,1.0,ee855ade6ba5504c
1.0,1.0,1.0,0.5319363040099107,2021.06.09.12.51.31_veh-35_01729_02626,1.0,e949f83a39625950f81208c5856cb8bb8e974dd62a99e463c7075bf26f415349,planner_dev1696_allmask,0.8049734600041294,ok,1.0,ef5d74901e465a0d
1.0,1.0,1.0,1.0,2021.06.09.12.51.31_veh-35_01729_02626,1.0,1b05bcb10b91020daf13bf0840f3ba792512696e3c866e5305a8a91af0d3af6a,planner_dev1696_allmask,1.0,ok,1.0,f00788c502f25587
1.0,1.0,1.0,1.0,2021.06.09.12.51.31_veh-35_01729_02626,1.0,3858a9f2ad4b44aa792c5d2156015dbdd8335365bcc818cf9ae65609c9795910,planner_dev1696_allmask,1.0,ok,1.0,f1bf12acb8445268
1.0,1.0,1.0,1.0,2021.06.09.12.51.31_veh-35_01729_02626,1.0,7043b512927cb2e432e05431f76415161a4c6e4371b062b44f9f73ffbdcfd2a7,planner_dev1696_allmask,1.0,ok,1.0,f25726c61f48502f
1.0,1.0,1.0,0.5450929180225923,2021.06.09.12.51.31_veh-35_01729_02626,1.0,ad2cbe9afaeb3c594a0d6b30432375f846517701c0683ef5e0564d4a38271c2f,planner_dev1696_allmask,0.8104553825094135,ok,1.0,f285ec68af385fc4
1.0,1.0,1.0,1.0,2021.06.09.12.51.31_veh-35_01729_02626,1.0,93d767448e71692a395856a2c45774fa8c5c8fb87d6d03426e109d825e372231,planner_dev1696_allmask,1.0,ok,1.0,f29cff9a8d905f5d
1.0,1.0,1.0,1.0,2021.06.09.12.51.31_veh-35_01729_02626,1.0,73d1491d0d4e2ff2cf851392b5149f0f212a19691a2258adfe90748ee5a604ec,planner_dev1696_allmask,1.0,ok,1.0,f2bdb5407b145bcd
1.0,1.0,1.0,0.9322383770978412,2021.06.09.12.51.31_veh-35_01729_02626,1.0,1a2ad5dd872f0bf58e6ef3fd0fc51af44031d55fbddf7af225379dc735bd0733,planner_dev1696_allmask,0.9717659904574338,ok,1.0,f329e674bbb950b3
1.0,1.0,1.0,0.5728095625315845,2021.06.09.12.51.31_veh-35_01729_02626,1.0,50bd1bb2c319526cc475505cbbb1a67eb4199a3dc0eb9c062f9963d3d8dd3c6c,planner_dev1696_allmask,0.8220039843881602,ok,1.0,f37d56c3d1f059ec
1.0,1.0,1.0,1.0,2021.06.09.12.51.31_veh-35_01729_02626,1.0,c55a5a0e94c0de0312aa02d792ead3d87913542c555c453385f519a2109790a5,planner_dev1696_allmask,1.0,ok,1.0,f44ec48280225191
1.0,1.0,1.0,0.788319917764933,2021.06.09.12.51.31_veh-35_01729_02626,1.0,be6626bd6cd045c06ca9a62b001a7a50e4a0a57e11366d735c0756e94cd99e3a,planner_dev1696_allmask,0.9117999657353888,ok,1.0,f4ec1f572cef5c49
1.0,1.0,1.0,0.9107885325143094,2021.06.09.12.51.31_veh-35_01729_02626,1.0,5fb386cc69535ec37c61917e9b9b2bbd6cf13b20833e25e171a7e670961e9931,planner_dev1696_allmask,0.9628285552142956,ok,1.0,f4f7c2de2c0656fe
1.0,1.0,1.0,0.5488450789018913,2021.06.09.12.51.31_veh-35_01729_02626,1.0,bda81258fd94b0a8eb5fad08734665990195b1633d83ccf5ea81c1116c285a15,planner_dev1696_allmask,0.812018782875788,ok,1.0,f606a68831b959bb
1.0,1.0,1.0,1.0,2021.06.09.12.51.31_veh-35_01729_02626,1.0,e0bb783a10415f01b9de8ac66e5a06a6225a77989cdad03f059f2096f65bfc61,planner_dev1696_allmask,1.0,ok,1.0,f63d23a573a550f3
1.0,1.0,1.0,1.0,2021.06.09.12.51.31_veh-35_01729_02626,1.0,3305c340307a20375168815fb2523a38ee2d02c4428e6c540b7e97822896f393,planner_dev1696_allmask,1.0,ok,1.0,f68dfe3760c25453
1.0,1.0,1.0,1.0,2021.06.09.12.51.31_veh-35_01729_02626,1.0,d0ad285b87ce792598fa32af26cf14b5756a8208d2f8403014131d3258698ffe,planner_dev1696_allmask,1.0,ok,1.0,f8cd764491c15c36
1.0,1.0,1.0,1.0,2021.06.09.12.51.31_veh-35_01729_02626,1.0,f4bd27743689bd781c7e7c6d4813bee1c16b959a04f7ba278f562eede340cdfe,planner_dev1696_allmask,1.0,ok,1.0,f9b9cec54e8759c8
1.0,1.0,1.0,1.0,2021.06.09.12.51.31_veh-35_01729_02626,1.0,1d37ad9586d4bb200014ff6872c12da1fd261bad36b8f6b65a61f763c3af3dfb,planner_dev1696_allmask,1.0,ok,1.0,fa88f25a8971596f
1.0,1.0,1.0,0.6250526192989379,2021.06.09.12.51.31_veh-35_01729_02626,1.0,072edd80ef3556d3cb103d5cc4ee3bc05683e1c2bc336c235cd1e41a77b8d44d,planner_dev1696_allmask,0.8437719247078906,ok,1.0,fa89a1586e92554d
1.0,1.0,1.0,0.9162372766871324,2021.06.09.12.51.31_veh-35_01729_02626,1.0,064a01939af5b9da60ca0d7b4c18497c9fcef1baee60f3dc8035c991912c93f6,planner_dev1696_allmask,0.9650988652863051,ok,1.0,fb2723881f29596c
1.0,1.0,1.0,1.0,2021.06.09.12.51.31_veh-35_01729_02626,1.0,dc588474753fbb39f7b349853b472ba0570a79e22e90129ea237678b85a7dc58,planner_dev1696_allmask,1.0,ok,1.0,fbf80b893a45596c
1.0,1.0,1.0,0.8273924027058475,2021.06.09.20.26.11_veh-35_00970_01216,1.0,2e5de73fce6665a17d26c32bf54d7a100f303690ec264e3090987e168372134e,planner_dev1696_allmask,0.9280801677941031,ok,1.0,04892d0279ea5905
1.0,1.0,1.0,1.0,2021.06.09.20.26.11_veh-35_00970_01216,1.0,07ede8c0ab192e66d203616178dc41b1c59f3cefc5a04639a13c51b4598e035f,planner_dev1696_allmask,1.0,ok,1.0,04b8f4a99be85973
1.0,1.0,1.0,0.8468123214161104,2021.06.09.20.26.11_veh-35_00970_01216,1.0,f56d2853d72b917e4c38b48e6b97308d44353e65c62838f63f6e858f744d7b2e,planner_dev1696_allmask,0.936171800590046,ok,1.0,050bc5dc61b05c0c
1.0,1.0,1.0,1.0,2021.06.09.20.26.11_veh-35_00970_01216,1.0,128542697408c40a0e31b405ca2ee4636e8f4d01327253fd2b3ad60db841cae4,planner_dev1696_allmask,1.0,ok,1.0,05dc6e420d935b8e
1.0,1.0,1.0,1.0,2021.06.09.20.26.11_veh-35_00970_01216,1.0,480c6fa11cbe0111e0b03eb3f4b31901fef38f76c6d51f42aa272b7972ab2e76,planner_dev1696_allmask,1.0,ok,1.0,083a415c4ea15ef6
1.0,1.0,1.0,1.0,2021.06.09.20.26.11_veh-35_00970_01216,1.0,48d18a0c8bd2938d722a4b08967aab3e4315e8a04176c621eb6d3cf38079badc,planner_dev1696_allmask,1.0,ok,1.0,0fd89914075c5330
1.0,1.0,1.0,1.0,2021.06.09.20.26.11_veh-35_00970_01216,1.0,54f2553ad6eeeae851502fc4346ee88a21bb4135cb1f4cc589f63d6f738e763a,planner_dev1696_allmask,1.0,ok,1.0,11b917a7dad65cb3
1.0,1.0,1.0,0.7813056710220312,2021.06.09.20.26.11_veh-35_00970_01216,1.0,ed537811a4d7fae98254b7e88cb537e57e7a2032bc3ff787b2dd5399245c75fa,planner_dev1696_allmask,0.9088773629258463,ok,1.0,179d390028965461
1.0,1.0,1.0,0.7239281104604779,2021.06.09.20.26.11_veh-35_00970_01216,1.0,3172331dbcffe85537b0ba1814839f29eef8efe986b37b663b75e408b25d0851,planner_dev1696_allmask,0.8849700460251991,ok,1.0,2156346d5dcf5246
1.0,1.0,1.0,0.7652780369847062,2021.06.09.20.26.11_veh-35_00970_01216,1.0,7d98ad6873738cbef795b60fa071534b0df2f78703699d91ea1aec8e055171e2,planner_dev1696_allmask,0.9021991820769609,ok,1.0,2c1795e29af65a31
1.0,1.0,1.0,1.0,2021.06.09.20.26.11_veh-35_00970_01216,1.0,fb5ad0f41c82341a5ad5917eb6d65a3e2b9d7993d2433ff55fdd07cfb77d6a9e,planner_dev1696_allmask,1.0,ok,1.0,317266217a3b548d
1.0,1.0,1.0,0.7853011421511333,2021.06.09.20.26.11_veh-35_00970_01216,1.0,b044e92542ee03560ac5d308c66c9dd3ea979eddb21fce31eef305938bbefc77,planner_dev1696_allmask,0.9105421425629722,ok,1.0,327c4934e82a54cb
1.0,1.0,1.0,1.0,2021.06.09.20.26.11_veh-35_00970_01216,1.0,e742c4fab953a14ed3e4e0c62f2bd75b08d48a3f07b3a43cc72b1abf52f47528,planner_dev1696_allmask,1.0,ok,1.0,346855a3e0115ac3
1.0,1.0,1.0,0.8005647989302616,2021.06.09.20.26.11_veh-35_00970_01216,1.0,586c45abfc9c3809e6d3641eb990a02b0b20198a01cff1c9f79e79d87a30c5f5,planner_dev1696_allmask,0.9169019995542756,ok,1.0,3b4b55afcacf553e
1.0,1.0,1.0,1.0,2021.06.09.20.26.11_veh-35_00970_01216,1.0,7387ddff0d7a81d31c10b87b863da69add28b3279c9390f8dcce506d66e4d757,planner_dev1696_allmask,1.0,ok,1.0,3d62676b9d685b3a
1.0,1.0,1.0,0.84162265471111,2021.06.09.20.26.11_veh-35_00970_01216,1.0,a4cb4e3342d801e81ac40bfad10f2037b55909425e09e22f8a394f8376fee19f,planner_dev1696_allmask,0.9340094394629626,ok,1.0,3f037c2e281b5c8c
1.0,1.0,1.0,0.8550408552542362,2021.06.09.20.26.11_veh-35_00970_01216,1.0,cc3432672c7228516d4b3a2c33d17e3624b94dceec5510f30b18d9c081d399aa,planner_dev1696_allmask,0.9396003563559319,ok,1.0,43a10e21990254ae
1.0,1.0,1.0,0.7815586813001074,2021.06.09.20.26.11_veh-35_00970_01216,1.0,a3dfcddffc9e48c53186f38d7a254378bee7cc0babada5f0a17bd9e24db85066,planner_dev1696_allmask,0.9089827838750448,ok,1.0,47520165cdf25645
1.0,1.0,1.0,1.0,2021.06.09.20.26.11_veh-35_00970_01216,1.0,f69cbd77a1031cd7d5a2f28c156d64eb05764857488b922d8e73ab2d38488c04,planner_dev1696_allmask,1.0,ok,1.0,490c8875ae7a5f43
1.0,1.0,1.0,1.0,2021.06.09.20.26.11_veh-35_00970_01216,1.0,c23711f16ca7fc10cab1238bdce4ef702c4612423a3d64d7794925bb7f6e2918,planner_dev1696_allmask,1.0,ok,1.0,49593af9450356f9
1.0,1.0,1.0,1.0,2021.06.09.20.26.11_veh-35_00970_01216,1.0,e89cf3eed592f2e96e204288f0618b592b0ac72680d2b7a0b9a7e3f41b12d5e6,planner_dev1696_allmask,1.0,ok,1.0,4ac26d15063b57c9
1.0,1.0,1.0,0.7972716069040515,2021.06.09.20.26.11_veh-35_00970_01216,1.0,4332984e014a1f300068ab241e0d4a0424975a4970c3c0e196c90f819421d8ea,planner_dev1696_allmask,0.9155298362100215,ok,1.0,4d0efac8ead15d25
1.0,1.0,1.0,0.7319667024859281,2021.06.09.20.26.11_veh-35_00970_01216,1.0,8b62f1addfa599cd1a53633c4d46c8d05eae18556290687c87b94600109b3908,planner_dev1696_allmask,0.8883194593691367,ok,1.0,56cbb46576da5737
1.0,1.0,1.0,0.9321438971984616,2021.06.09.20.26.11_veh-35_00970_01216,1.0,e82556dd100ddce915f8a4e012a1ba082ac85125d72ad4ea087b356e586c794a,planner_dev1696_allmask,0.9717266238326924,ok,1.0,5ab86590974953e9
1.0,1.0,1.0,0.6969483939435911,2021.06.09.20.26.11_veh-35_00970_01216,1.0,5c41dd8d2c2103284c18839559dd4c288a90af94a4fea6baa85b8dd1f1a61c89,planner_dev1696_allmask,0.8737284974764963,ok,1.0,635bb611aa9a56e9
1.0,1.0,1.0,0.8312631162680383,2021.06.09.20.26.11_veh-35_00970_01216,1.0,f8a87a8dba039b7950eb6183664b811a73870bf8318f0a259e70c339321962f7,planner_dev1696_allmask,0.9296929651116826,ok,1.0,649ab25cb5fe57ab
1.0,1.0,1.0,0.9088534929688593,2021.06.09.20.26.11_veh-35_00970_01216,1.0,7480e1a086ff5fa12343d7fedc281228dce4b0affa2ba2021616d9ad7cd51889,planner_dev1696_allmask,0.9620222887370247,ok,1.0,6563dc1cfa4f5cce
1.0,1.0,1.0,0.8532028732504108,2021.06.09.20.26.11_veh-35_00970_01216,1.0,fc05c993ed31a6c643202f51e5865b3b3118fc09d7294a729968e91c19dba607,planner_dev1696_allmask,0.9388345305210045,ok,1.0,6a8d143de4885b52
1.0,1.0,1.0,1.0,2021.06.09.20.26.11_veh-35_00970_01216,1.0,b751e0ed8fe9b63c5ddc663664861031c7c3f9a87ecb00f241f5f6e738f01008,planner_dev1696_allmask,1.0,ok,1.0,7c43ce4287c252da
1.0,1.0,1.0,1.0,2021.06.09.20.26.11_veh-35_00970_01216,1.0,0c6768203b5980b143e929e3e602538dd42268a4c8d9c850f9b4274d1d756ed2,planner_dev1696_allmask,1.0,ok,1.0,80725ea45ed953a5
1.0,1.0,1.0,1.0,2021.06.09.20.26.11_veh-35_00970_01216,1.0,9aa6cf331777c13f90f5b41a9cd9ff17c7129fe55bc09f0fc7b3d1ae99a598e5,planner_dev1696_allmask,1.0,ok,1.0,8138d3f674fd5b1f
1.0,1.0,1.0,0.7510520251342903,2021.06.09.20.26.11_veh-35_00970_01216,1.0,860be23587670455c18869565b758fffbec943f0bd98b39c84106862f388ac4d,planner_dev1696_allmask,0.8962716771392877,ok,1.0,870cb529ffac50e0
1.0,1.0,1.0,0.802093617936983,2021.06.09.20.26.11_veh-35_00970_01216,1.0,e2d2242f121b1357bfc58e60442b6d67eb3ea7c564cfc538a15e9853ba118638,planner_dev1696_allmask,0.917539007473743,ok,1.0,8823d1c7c34b57ac
1.0,1.0,1.0,0.861925830982723,2021.06.09.20.26.11_veh-35_00970_01216,1.0,c88cc147f8585cec39c8effaad4264c892a58a0fd98523b7ebef0ea052295062,planner_dev1696_allmask,0.9424690962428013,ok,1.0,89e48839087057c4
1.0,1.0,1.0,0.8198414611922328,2021.06.09.20.26.11_veh-35_00970_01216,1.0,ce71febccc8802925375026db065eaf97bc048e34c7446188e28b5144e66724d,planner_dev1696_allmask,0.9249339421634303,ok,1.0,8fec4a414ec45ed3
1.0,1.0,1.0,1.0,2021.06.09.20.26.11_veh-35_00970_01216,1.0,d98b156aadaf036dd36e23b9530f77a0f20b2cc5fb93c2688dc532b061201e0e,planner_dev1696_allmask,1.0,ok,1.0,95b2448f02bb58e6
1.0,1.0,1.0,1.0,2021.06.09.20.26.11_veh-35_00970_01216,1.0,6d771cfe315f1fae17f5ca9c5df71f329807161448d5f4badeceade59ad74f26,planner_dev1696_allmask,1.0,ok,1.0,99f700e7e9af5407
1.0,1.0,1.0,1.0,2021.06.09.20.26.11_veh-35_00970_01216,1.0,11cf5fab123000c9bb3c0fddecc1ef0e7d974439014caafbe053d8dbbc458c77,planner_dev1696_allmask,1.0,ok,1.0,9a4b00e867fc591d
1.0,1.0,1.0,1.0,2021.06.09.20.26.11_veh-35_00970_01216,1.0,e1da532e31e87316e933877db724d179066f427326a2395bbe27f875ad40e094,planner_dev1696_allmask,1.0,ok,1.0,9b877b869b3d5f89
1.0,1.0,1.0,0.7827188554087584,2021.06.09.20.26.11_veh-35_00970_01216,1.0,6d44d1f0d13cac931d9d75ba1f6aca73d77f38b0c14cb82d09735f41781a0da0,planner_dev1696_allmask,0.9094661897536493,ok,1.0,9d35cc01a2ca541d
1.0,1.0,1.0,1.0,2021.06.09.20.26.11_veh-35_00970_01216,1.0,75f558558bbfb64cb5df93ba9731457a422a8b527e08bfaf3954006f6e56a3de,planner_dev1696_allmask,1.0,ok,1.0,9e6d11e4e8385c43
1.0,1.0,1.0,1.0,2021.06.09.20.26.11_veh-35_00970_01216,1.0,e705543e8895969c98caa0a1369b606eb8ee1e0245426401931c7aea33425f41,planner_dev1696_allmask,1.0,ok,1.0,9eba22c564c15cff
1.0,1.0,1.0,0.9947262938575058,2021.06.09.20.26.11_veh-35_00970_01216,1.0,c85a81ee438f2b024ab80befb13b555ecfe037248db588f53102dd879965b3f4,planner_dev1696_allmask,0.9978026224406275,ok,1.0,a02f3e19c1ad5991
1.0,1.0,1.0,0.9431877127896087,2021.06.09.20.26.11_veh-35_00970_01216,1.0,5ef0c4371ab659b2fa170acd3e4cf1cf5694814588ef0ee8401781378576766f,planner_dev1696_allmask,0.9763282136623369,ok,1.0,a1f10af5c1bd57f8
1.0,1.0,1.0,0.9197174228610794,2021.06.09.20.26.11_veh-35_00970_01216,1.0,5d246a07e5d34c4b907b5686ed6c7158e6babb8fe882d6c25e9f754361b1f445,planner_dev1696_allmask,0.9665489261921164,ok,1.0,a2e8d995e6985d26
1.0,1.0,1.0,0.8032718062478608,2021.06.09.20.26.11_veh-35_00970_01216,1.0,381db13936989a09a4da6a9cf0ace657d893e583807975169d39010cdd466b12,planner_dev1696_allmask,0.918029919269942,ok,1.0,a4add302e42c5c7e
1.0,1.0,1.0,0.7761932513345616,2021.06.09.20.26.11_veh-35_00970_01216,1.0,5a2154b4c8ad6afc71e1bcae8b25587eb5f6cae35392d4112ec01fb4036de8e8,planner_dev1696_allmask,0.9067471880560674,ok,1.0,a7678eea2655557f
1.0,1.0,1.0,1.0,2021.06.09.20.26.11_veh-35_00970_01216,1.0,142166f40c1a959a5f12d42a436c642d346d497983b88d1969c354594e54ecdb,planner_dev1696_allmask,1.0,ok,1.0,a7a0e345cbe251ff
1.0,1.0,1.0,0.7035718181988458,2021.06.09.20.26.11_veh-35_00970_01216,1.0,01ce966c5fabb5bf35ce4f25a25bd67fb77d5bf07164b4d5819809e866110f03,planner_dev1696_allmask,0.8764882575828524,ok,1.0,aaa588f7383f52b7
1.0,1.0,1.0,0.7349162963748688,2021.06.09.20.26.11_veh-35_00970_01216,1.0,58098a3783050d19fe7e31d17d90002e9be29ac38a2906f13985499850158995,planner_dev1696_allmask,0.8895484568228621,ok,1.0,aae99a84413d5f72
1.0,1.0,1.0,0.7145549163588133,2021.06.09.20.26.11_veh-35_00970_01216,1.0,cc1897419dca30b36389fc79f45bab1d20d005afc3f1e1985e48a4603469e565,planner_dev1696_allmask,0.8810645484828389,ok,1.0,b56363ebc91255ac
1.0,1.0,1.0,0.8168029928506393,2021.06.09.20.26.11_veh-35_00970_01216,1.0,5e5d0ad739ca41d14b91e410c89a79915c7d2db240626344b17c6d33007da89f,planner_dev1696_allmask,0.9236679136877664,ok,1.0,b5d7c17fe5375141
1.0,1.0,1.0,1.0,2021.06.09.20.26.11_veh-35_00970_01216,1.0,315e193de00a2fa439bd05e5e5573d68df40ce7b7e425b2f959a6cea7c2e7af1,planner_dev1696_allmask,1.0,ok,1.0,bbf8128f3cbd51ef
1.0,1.0,1.0,0.864926734151514,2021.06.09.20.26.11_veh-35_00970_01216,1.0,9f02e38df68a9e456ab1266bb164ba535043924f550400f2cd9b7b8e832b06c4,planner_dev1696_allmask,0.9437194725631309,ok,1.0,bc1dfb2384b05a4b
1.0,1.0,1.0,0.8181628682206634,2021.06.09.20.26.11_veh-35_00970_01216,1.0,8d03cb86f0f304d6922bdc7197cad8331db4c4da0d0562a1ed2d9dbe44a1d07e,planner_dev1696_allmask,0.9242345284252765,ok,1.0,c3320ccc8a035eec
1.0,1.0,1.0,0.8541029471900076,2021.06.09.20.26.11_veh-35_00970_01216,1.0,5f3147e2951edc3d1e809d74a09a1bbed46e582ddc1aa3b97b1ff48c8cb7f1fd,planner_dev1696_allmask,0.9392095613291698,ok,1.0,c7835426e03a501e
1.0,1.0,1.0,0.6100538483031033,2021.06.09.20.26.11_veh-35_00970_01216,1.0,f4f941c33d6a0f56aebc073953c5ce2a94446421a6ff0d200499bdcceb319663,planner_dev1696_allmask,0.8375224367929596,ok,1.0,cc4e7f2a2a7255f5
1.0,1.0,1.0,0.8177830274794528,2021.06.09.20.26.11_veh-35_00970_01216,1.0,b244ef205a3f8a2d5e00c7aeaf87e68a03f3dc049f25b3d3465f7c93462f1264,planner_dev1696_allmask,0.924076261449772,ok,1.0,ccfd863b143e5dd5
1.0,1.0,1.0,1.0,2021.06.09.20.26.11_veh-35_00970_01216,1.0,ebd67e359a27709fcd985f58985eeaca995d1d2c7a179d60f6ef85e451af9f99,planner_dev1696_allmask,1.0,ok,1.0,cf4f76be62c25b5f
1.0,1.0,1.0,0.7884769679710947,2021.06.09.20.26.11_veh-35_00970_01216,1.0,a0e142888959f7a00e86f90f4f24c96378fc9fe5ec5d7e9d6fa115b08505b2a0,planner_dev1696_allmask,0.9118654033212894,ok,1.0,cf5cb6cadfbd52e9
1.0,1.0,1.0,0.8615741938084206,2021.06.09.20.26.11_veh-35_00970_01216,1.0,b066e9659b65ecd33d18e473857bffa66984f41d0ad10dde0eef53deba5826c6,planner_dev1696_allmask,0.9423225807535086,ok,1.0,d2906d36973b5d41
1.0,1.0,1.0,1.0,2021.06.09.20.26.11_veh-35_00970_01216,1.0,be18ac649c97d2cf87a12368cce6cea41f74ba65d66a146477f656e35a2a316e,planner_dev1696_allmask,1.0,ok,1.0,d4196ca11ef45f55
1.0,1.0,1.0,0.8099773870172621,2021.06.09.20.26.11_veh-35_00970_01216,1.0,f1228feface06ea425b68fd33ddd21e38a3b8dcdad8613009e4937e2044a3094,planner_dev1696_allmask,0.9208239112571924,ok,1.0,dc5dc0a76c7c546a
1.0,1.0,1.0,0.8173774601041927,2021.06.09.20.26.11_veh-35_00970_01216,1.0,0a76a69bd4fa43d85cd838789ac738dc9e6c0d7dc23e6403798bac16ee2e8a4d,planner_dev1696_allmask,0.9239072750434136,ok,1.0,dd0ee62e28ee5eaf
1.0,1.0,1.0,0.7078097958849173,2021.06.09.20.26.11_veh-35_00970_01216,1.0,2f89087a9e9dad2f4db6772a4fed2ab44d90ced7a7b23f1de9c097f6ffb6a24f,planner_dev1696_allmask,0.8782540816187155,ok,1.0,e06b4eb07a9b5be3
1.0,1.0,1.0,1.0,2021.06.09.20.26.11_veh-35_00970_01216,1.0,fba20959b561ad122753155939e96f9f1307ffe8f15e020f3fc76152258a06e0,planner_dev1696_allmask,1.0,ok,1.0,f1f36e051147572e
1.0,1.0,1.0,0.9665789008450443,2021.06.09.20.26.11_veh-35_00970_01216,1.0,6b5372550ed32e74a4cc9cd96389f4fdaa3e944b9c07b7b37c5745a98b553af9,planner_dev1696_allmask,0.9860745420187684,ok,1.0,fd650b8a78ab5706
1.0,1.0,1.0,0.7140760284493076,2021.06.09.20.26.11_veh-35_00970_01216,1.0,f663157fa74d497d1d30fd4adc0de9ff309a6181aa23f321929ef6a72bc33e6e,planner_dev1696_allmask,0.8808650118538782,ok,1.0,fe288a64350d556b
1.0,1.0,1.0,0.9208456247890403,2021.06.23.17.31.36_veh-16_00016_00377,1.0,f604b76c6cd1d98204f58adad9e6e61566a9e2971be518740624bc6c88acf8a6,planner_dev1696_allmask,0.9670190103287668,ok,1.0,017221a69d845d5f
1.0,1.0,1.0,0.6699278595872008,2021.06.23.17.31.36_veh-16_00016_00377,1.0,5b04eacd5c4c85c22901f4923792ae2d0fb79333993a56235fe6b9973342f0d6,planner_dev1696_allmask,0.862469941494667,ok,1.0,02dff6541a8c574b
1.0,1.0,1.0,0.998216782939898,2021.06.23.17.31.36_veh-16_00016_00377,1.0,2e288433a45b4dfa79d5fc0297de20dedd5545429428b92caebba0369cfaa21c,planner_dev1696_allmask,0.9992569928916243,ok,1.0,047ca296724153ed
1.0,1.0,1.0,1.0,2021.06.23.17.31.36_veh-16_00016_00377,1.0,aa338e5ffbdc03943fe33047caddcf6cf72835be6dd2dd6a212b91df2c26a7c8,planner_dev1696_allmask,1.0,ok,1.0,0612ae5a43ea5e14
1.0,1.0,1.0,1.0,2021.06.23.17.31.36_veh-16_00016_00377,1.0,75d4f636330b9e1e7e2ca64190bcffe0d50774b5b7d4a0ab1090baaa230ac71a,planner_dev1696_allmask,1.0,ok,1.0,08309993090158ed
1.0,1.0,1.0,1.0,2021.06.23.17.31.36_veh-16_00016_00377,1.0,b874f5ea2cf2d1fedf107575c0c534632d95b620987fdfba11c413675b2a7777,planner_dev1696_allmask,1.0,ok,1.0,105b3c761dee5fcb
1.0,1.0,1.0,1.0,2021.06.23.17.31.36_veh-16_00016_00377,1.0,4ec3af33f47c627fc3f76e095ad444e5e43dccce5e3ba9f763a2cb9677433ad0,planner_dev1696_allmask,1.0,ok,1.0,1168282af331504e
1.0,1.0,1.0,0.9998834880115066,2021.06.23.17.31.36_veh-16_00016_00377,1.0,0279fcbe5de4890e84dbe0da2d27ba2edf59493036c468ce7ed9cbd6089f70ae,planner_dev1696_allmask,0.9999514533381277,ok,1.0,136d82f937c45885
1.0,1.0,1.0,1.0,2021.06.23.17.31.36_veh-16_00016_00377,1.0,72eace513856c5192f5440f99eedcd9ca16f80f12b23286e7872dc26d4b5b5af,planner_dev1696_allmask,1.0,ok,1.0,16ea1ed69aed5de1
1.0,1.0,1.0,1.0,2021.06.23.17.31.36_veh-16_00016_00377,1.0,5dd674b960c79d25a606919489d78492107a7571e559fe1ae08c61f772231226,planner_dev1696_allmask,1.0,ok,1.0,1783be8f68bc560f
1.0,1.0,1.0,1.0,2021.06.23.17.31.36_veh-16_00016_00377,1.0,79ef42d86808409a8513a7f9091303a4d4a298a903a6517b42768653a7f074d3,planner_dev1696_allmask,1.0,ok,1.0,17d80f18ee7854c0
1.0,1.0,1.0,1.0,2021.06.23.17.31.36_veh-16_00016_00377,1.0,7522dbc2b460f692406f8805b0794089fbcc78db91662a375e7c3ecaf245da1d,planner_dev1696_allmask,1.0,ok,1.0,1c9e768f7d545a89
1.0,1.0,1.0,0.9821489707956886,2021.06.23.17.31.36_veh-16_00016_00377,1.0,c0e05233f44b56aece6c66b2ab77d11b24f73d1db76527a0eaf44751ff03424e,planner_dev1696_allmask,0.9925620711648703,ok,1.0,1e7bb5730b095273
1.0,1.0,1.0,1.0,2021.06.23.17.31.36_veh-16_00016_00377,1.0,bafec4d24c32e3debbb58ae8b3d1f4bf37864c94afe639e8ffa3836f643a2819,planner_dev1696_allmask,1.0,ok,1.0,2130fc97f34f5668
1.0,1.0,1.0,0.6984278904174044,2021.06.23.17.31.36_veh-16_00016_00377,1.0,ccf48a341e58a846fbb3911484048ddda1dace09764732bba4fc63ff4d27ae40,planner_dev1696_allmask,0.8743449543405851,ok,1.0,23e4660a0f365854
1.0,1.0,1.0,1.0,2021.06.23.17.31.36_veh-16_00016_00377,1.0,aca0113b5880d260795d745c356f526a6460cc13d7bf00edda63a84f5dabb1ce,planner_dev1696_allmask,1.0,ok,1.0,252aca165e205caf
1.0,1.0,1.0,0.8331448870384494,2021.06.23.17.31.36_veh-16_00016_00377,1.0,9a91b60fa34082209ff31f23a33ed9b1d7c730043bd761369514a8a2ec4a2914,planner_dev1696_allmask,0.9304770362660205,ok,1.0,2546a09ed60755b9
1.0,1.0,1.0,0.8927036587113218,2021.06.23.17.31.36_veh-16_00016_00377,1.0,d48758daa99f5101ed5a898dec4cf2a2c73b90f340f57e3eac5b484acb6e610a,planner_dev1696_allmask,0.9552931911297174,ok,1.0,29b843e9d1145127
1.0,1.0,1.0,0.8506159842988958,2021.06.23.17.31.36_veh-16_00016_00377,1.0,1b92d8f48e2b2f57f03f302bb0ada01a6b2c53bf994011f0d83e18641aec3567,planner_dev1696_allmask,0.9377566601245398,ok,1.0,2a9ea017fb55572b
1.0,1.0,1.0,0.9955289938113314,2021.06.23.17.31.36_veh-16_00016_00377,1.0,ff6b5d6d8c9bcae27b547d18439f2da1e20faa208a3b5084a00be3b0f02ff04b,planner_dev1696_allmask,0.9981370807547214,ok,1.0,30b7a3bf71b956de
1.0,1.0,1.0,0.5510593207194125,2021.06.23.17.31.36_veh-16_00016_00377,1.0,559ef2c61de1d9ffc32a44c9cc1d8a954062fc5b0f84f46332f2bf30065fa9fb,planner_dev1696_allmask,0.8129413836330887,ok,1.0,3227b869cdd85654
1.0,1.0,1.0,0.9996078526322891,2021.06.23.17.31.36_veh-16_00016_00377,1.0,0c1c7eab6c7fc2a2ea724cdfec1fc9a6f1ac264142bad3100715af804232ada0,planner_dev1696_allmask,0.9998366052634537,ok,1.0,3fa2f81cff025162
1.0,1.0,1.0,0.5925287401747779,2021.06.23.17.31.36_veh-16_00016_00377,1.0,8bbbce55573a695039faaeea58010d375ecca8bcbd066e1f59dbe02ddba5601c,planner_dev1696_allmask,0.8302203084061576,ok,1.0,404cf17b53805018
1.0,1.0,1.0,1.0,2021.06.23.17.31.36_veh-16_00016_00377,1.0,68640d8b846edd842fce86ba4442a0fcf22a5a11f3c4031d85473e7859e5d624,planner_dev1696_allmask,1.0,ok,1.0,405732349b21524a
1.0,1.0,1.0,1.0,2021.06.23.17.31.36_veh-16_00016_00377,1.0,7d335cc0e52b35af16f2764bb0be346d66bec6a06cb8de44d8e45242b2690d0a,planner_dev1696_allmask,1.0,ok,1.0,4b0db1652aa857f0
1.0,1.0,1.0,1.0,2021.06.23.17.31.36_veh-16_00016_00377,1.0,c8411fbb460a3ad38430fcfc80b504e4dbd4d20c48122cee00dccf0fd6bb3077,planner_dev1696_allmask,1.0,ok,1.0,4bb5e84b73765d38
1.0,1.0,1.0,1.0,2021.06.23.17.31.36_veh-16_00016_00377,1.0,a21dd18df093b65563f2ee1ed5635eb6998100c73b982824624b61cb8d34b7b5,planner_dev1696_allmask,1.0,ok,1.0,4f9e9b2e8e77599c
1.0,1.0,1.0,1.0,2021.06.23.17.31.36_veh-16_00016_00377,1.0,7d68fefcb4bdd5c8319cebef4a0e020395055558727d96b9fcccd681b6dc87f2,planner_dev1696_allmask,1.0,ok,1.0,515b07ed8b6a5e82
1.0,1.0,1.0,0.6038186607433499,2021.06.23.17.31.36_veh-16_00016_00377,1.0,3c5d3792853fa74da9ac5ddaf5645440fc17e30663e7357b83c3c4bceae7ca61,planner_dev1696_allmask,0.8349244419763958,ok,1.0,547b22ed67af5503
1.0,1.0,1.0,0.6800660924112569,2021.06.23.17.31.36_veh-16_00016_00377,1.0,af671cb76a1729d6d315a161049dcb6dae7a26bd0686eef68303d7459e688615,planner_dev1696_allmask,0.8666942051713571,ok,1.0,57e56c60ae355a07
1.0,1.0,1.0,1.0,2021.06.23.17.31.36_veh-16_00016_00377,1.0,9ff42e941d1d78a24ab08384bbc83707e5b89128c5ff2fc1f104742794c6f601,planner_dev1696_allmask,1.0,ok,1.0,5a8f0cf120495354
1.0,1.0,1.0,0.9202800683924163,2021.06.23.17.31.36_veh-16_00016_00377,1.0,1d8c39ffbae299e11c2b7ec629d690e9c369784096c812dfc9a2a5fd0c407df4,planner_dev1696_allmask,0.9667833618301734,ok,1.0,5d6fd74f1a555e69
1.0,1.0,1.0,0.8350169926986833,2021.06.23.17.31.36_veh-16_00016_00377,1.0,6f5ef34d6efc8a54c4755adae72117b9ad7b74211d7e9ab5d9c5eb58b98cd6fb,planner_dev1696_allmask,0.9312570802911181,ok,1.0,6209313b0b66517c
1.0,1.0,1.0,0.6699403663531739,2021.06.23.17.31.36_veh-16_00016_00377,1.0,7e497dfee939eb70975ba7bcd7ff94ab1d87d51110f5f042c31c8016677ca8f8,planner_dev1696_allmask,0.8624751526471558,ok,1.0,629a2f2a44f6575d
1.0,1.0,0.5,0.8034960048014205,2021.06.23.17.31.36_veh-16_00016_00377,1.0,a17b19149048c24a9a28bacd115c1dc5a4f4f5824395fe34ec1eaefc17b15a1c,planner_dev1696_allmask,0.9181233353339252,ok,1.0,6339f2317047535d
1.0,1.0,1.0,0.831284382243091,2021.06.23.17.31.36_veh-16_00016_00377,1.0,951b0d40869b9b5a309c14313559fe774ee64b8779210d8779e152938d0fd816,planner_dev1696_allmask,0.9297018259346213,ok,1.0,64f48caa82ee547c
1.0,1.0,1.0,1.0,2021.06.23.17.31.36_veh-16_00016_00377,1.0,da638ecfaa0de705186a6194eea9a494b3493d86b9318cde3bcc67d8ecf968b1,planner_dev1696_allmask,1.0,ok,1.0,6513ddef308f553f
1.0,1.0,1.0,1.0,2021.06.23.17.31.36_veh-16_00016_00377,1.0,1566d4639258b9d40386dad55035515bf2109076332e0644647b3379019a62a9,planner_dev1696_allmask,1.0,ok,1.0,710c63523d4d5e05
1.0,1.0,1.0,0.9293562862661473,2021.06.23.17.31.36_veh-16_00016_00377,1.0,d21c6f627283bccf7183ac00b167c34b658d78debd8e8781efc29e023c21e109,planner_dev1696_allmask,0.9705651192775614,ok,1.0,7385fa0f1ebf5356
1.0,1.0,1.0,0.7785702481305441,2021.06.23.17.31.36_veh-16_00016_00377,1.0,5daaa3400dbde356a9e593788990680817a4c7b1302b34de580c113148755f99,planner_dev1696_allmask,0.9077376033877268,ok,1.0,7567becdd4005b0b
1.0,1.0,1.0,1.0,2021.06.23.17.31.36_veh-16_00016_00377,1.0,f647b8801456105c696861541ada82ab1be228181c01731c63f0883dd1cc0e09,planner_dev1696_allmask,1.0,ok,1.0,77a62006cb995aa7
1.0,1.0,1.0,1.0,2021.06.23.17.31.36_veh-16_00016_00377,1.0,7437c1914fe8436d7d3209f48d2f3580968bf7b7a9cb67a9960ec73679d585cb,planner_dev1696_allmask,1.0,ok,1.0,79bc073387755a35
1.0,1.0,1.0,0.8231864052158235,2021.06.23.17.31.36_veh-16_00016_00377,1.0,a7f411f4e65d7a1e5a078915fd1e84c55bfa1b2ca80e813f7f38c63b28d7b27c,planner_dev1696_allmask,0.9263276688399266,ok,1.0,79bd7ba72d985b0b
1.0,1.0,1.0,1.0,2021.06.23.17.31.36_veh-16_00016_00377,1.0,4ddb4b8ad1d5d3b27bc1839e941ebd6b2dfb67b28a09b9035cec0868f658d7a3,planner_dev1696_allmask,1.0,ok,1.0,79ec50c2dd9352bb
1.0,1.0,1.0,0.8360565030324527,2021.06.23.17.31.36_veh-16_00016_00377,1.0,76ffc0a1f2b87311971d0fa6d33213514607e0984644acaf1d1bb334a53e0305,planner_dev1696_allmask,0.9316902095968552,ok,1.0,7a6d02ce41635a31
1.0,1.0,1.0,1.0,2021.06.23.17.31.36_veh-16_00016_00377,1.0,7ed5f447063b3a3ed1c48d386296388ed49dc4a689df613166f18b013b8aed7f,planner_dev1696_allmask,1.0,ok,1.0,85288108bac2504f
1.0,1.0,1.0,0.9102361713017182,2021.06.23.17.31.36_veh-16_00016_00377,1.0,110d5c35f195ca09d8d627df7ffa421e5907798afa7305d8a10c7e41d4b03259,planner_dev1696_allmask,0.9625984047090492,ok,1.0,863019d9f09155f7
1.0,1.0,1.0,1.0,2021.06.23.17.31.36_veh-16_00016_00377,1.0,54c8825e63c8ff9ec0277ea19772f5faf66b218ebaadb5513aef8b06c12463ea,planner_dev1696_allmask,1.0,ok,1.0,874a3a4f7582531d
1.0,1.0,1.0,1.0,2021.06.23.17.31.36_veh-16_00016_00377,1.0,91ce944335aa9e55e2ac4738ad043839cc46d5b7b3541ce67e1e1317b3280cbe,planner_dev1696_allmask,1.0,ok,1.0,883024c704b55ed4
1.0,1.0,1.0,1.0,2021.06.23.17.31.36_veh-16_00016_00377,1.0,68f8f59af05a5776818add29e0e98d54a0fa8c5b8fb400aa47f1ddccb4201773,planner_dev1696_allmask,1.0,ok,1.0,8cc27785287f5367
1.0,1.0,1.0,1.0,2021.06.23.17.31.36_veh-16_00016_00377,1.0,504fe12220b525b7adc9e6705399bbc03fbbeec66e187f6f473a604fa876d521,planner_dev1696_allmask,1.0,ok,1.0,912976ebea0b5dae
1.0,1.0,1.0,0.7205055103051202,2021.06.23.17.31.36_veh-16_00016_00377,1.0,d7c905ebee59c40f7b1c89e595f1eb53e05a975f954cf8a32fc88c900d6f267f,planner_dev1696_allmask,0.8835439626271334,ok,1.0,936fbc402ef75a7f
1.0,1.0,1.0,1.0,2021.06.23.17.31.36_veh-16_00016_00377,1.0,c9e29dda72cac5028fc9fc7b0b117e0fb69fac28cad95ab881072518136c6c95,planner_dev1696_allmask,1.0,ok,1.0,95e0d89479815fa6
1.0,1.0,1.0,0.7732792946875682,2021.06.23.17.31.36_veh-16_00016_00377,1.0,bde0bce82168f3cdac470aa4988def393f7c05f166258a9d2f5abf4d83fdd013,planner_dev1696_allmask,0.9055330394531534,ok,1.0,9742b96a0eee5097
1.0,1.0,1.0,1.0,2021.06.23.17.31.36_veh-16_00016_00377,1.0,33926a204a996b16b76702983a14b1ea9db4745777bab1917292da83837f1f95,planner_dev1696_allmask,1.0,ok,1.0,9ae5a292b89155a0
1.0,1.0,1.0,0.91089375720208,2021.06.23.17.31.36_veh-16_00016_00377,1.0,77180200c887f11ce19fd9d3c0d7609d4bb9f0d51e5548b31ef663262fc8ecad,planner_dev1696_allmask,0.9628723988342,ok,1.0,a0134d1c60475b3c
1.0,1.0,1.0,1.0,2021.06.23.17.31.36_veh-16_00016_00377,1.0,21b136fb582ebd1762f5c7b739b82b5da88caf4e02f28e1d5601472eb1beb682,planner_dev1696_allmask,1.0,ok,1.0,a1cca44efdc256a2
1.0,1.0,1.0,1.0,2021.06.23.17.31.36_veh-16_00016_00377,1.0,9956d684293eca3279f0ed02da715f9fff384ed5787b2d7bb971d18e4e34f3f3,planner_dev1696_allmask,1.0,ok,1.0,a5aa2c07692a5f9b
1.0,1.0,1.0,0.8231523978868658,2021.06.23.17.31.36_veh-16_00016_00377,1.0,f39fd14bb7f3ca97c8d2cb6a5826167fb8131cd6e4d94a47f34f3428f0a5df13,planner_dev1696_allmask,0.9263134991195274,ok,1.0,a63d9d8cd31858ae
1.0,1.0,1.0,0.8241574991356022,2021.06.23.17.31.36_veh-16_00016_00377,1.0,efddc97a92ed04c0be877b2fc96ff0acfbd253c6c877fc54f75f8d57990472ce,planner_dev1696_allmask,0.9267322913065009,ok,1.0,a8c8ce07867e569e
1.0,1.0,1.0,1.0,2021.06.23.17.31.36_veh-16_00016_00377,1.0,4022586c8dc47bee59de15b4e6ab51dc8a3e6af16eac7528dd9de70559a38ea1,planner_dev1696_allmask,1.0,ok,1.0,aac0caff26875b79
1.0,1.0,1.0,1.0,2021.06.23.17.31.36_veh-16_00016_00377,1.0,c75c1d6778d4eb055366e46c26a33737114556fbf6d71e7b21db2f6b7c4df5b2,planner_dev1696_allmask,1.0,ok,1.0,ac7ab75271c75a44
1.0,1.0,1.0,0.7243595034828074,2021.06.23.17.31.36_veh-16_00016_00377,1.0,44881fdb8ac229c30ab96a7a7d740b5c34929f415faaf1f05ccd953f4c6c11ee,planner_dev1696_allmask,0.8851497931178365,ok,1.0,b6182e45cd3b5d7f
1.0,1.0,1.0,1.0,2021.06.23.17.31.36_veh-16_00016_00377,1.0,6e836fc0662f99d385c2b8d48737a13f4c3065d938319cf38aec967b944e39b6,planner_dev1696_allmask,1.0,ok,1.0,b6d189e5f2ec50c2
1.0,1.0,1.0,0.841111317489996,2021.06.23.17.31.36_veh-16_00016_00377,1.0,88b9e354a8eb0170a7217188b181970c0ed6c3e5385ae925c171461b65462460,planner_dev1696_allmask,0.9337963822874983,ok,1.0,b7b9f10bef7a5622
1.0,1.0,1.0,1.0,2021.06.23.17.31.36_veh-16_00016_00377,1.0,10b0548e0fd5f915402f6b78d3e66d111f8573aad6c791953a3a2d9833d5ec36,planner_dev1696_allmask,1.0,ok,1.0,b81fcf5bd7a4591a
1.0,1.0,1.0,1.0,2021.06.23.17.31.36_veh-16_00016_00377,1.0,af87c3d4bdf5824fb2aef9a90cf27038e8d547ffe07f46cad93501d801cbf780,planner_dev1696_allmask,1.0,ok,1.0,b95a7514b8775870
1.0,1.0,1.0,1.0,2021.06.23.17.31.36_veh-16_00016_00377,1.0,1cbaa42e15ef77acbad94d2e5628e5dda80526e5e65e32e313c10b658da29d8a,planner_dev1696_allmask,1.0,ok,1.0,c0f92874404d5814
1.0,1.0,1.0,1.0,2021.06.23.17.31.36_veh-16_00016_00377,1.0,9e154bdbb8b642e2ca406699f5b607280d09446d305f6a283a37bb44f5f4e997,planner_dev1696_allmask,1.0,ok,1.0,c4f3d6c372f75f22
1.0,1.0,1.0,0.8339116726307035,2021.06.23.17.31.36_veh-16_00016_00377,1.0,6cc0bdeba8ab2586692dbe6d2413f50f1d6b0ad7b283472d75318c6068f1c3c1,planner_dev1696_allmask,0.9307965302627931,ok,1.0,c5c83e635ce45982
1.0,1.0,1.0,1.0,2021.06.23.17.31.36_veh-16_00016_00377,1.0,19d63651e1071a992c54e3e323e7751ac47965c25457edbb74a57731e90e642d,planner_dev1696_allmask,1.0,ok,1.0,c6cfdd13a63555f9
1.0,1.0,1.0,1.0,2021.06.23.17.31.36_veh-16_00016_00377,1.0,834ce4a6112040b87756304e3845358d9a827021cfe84d4b4ad8bace13cce08b,planner_dev1696_allmask,1.0,ok,1.0,c8072f55706c5f01
1.0,1.0,1.0,0.7697873243181269,2021.06.23.17.31.36_veh-16_00016_00377,1.0,f2caf95163027761769754f7583a42d2c5ce8067611332d15c8f7c152ba07ffd,planner_dev1696_allmask,0.9040780517992196,ok,1.0,cacc810a5db75d16
1.0,1.0,1.0,1.0,2021.06.23.17.31.36_veh-16_00016_00377,1.0,66d320ef7d1259d5eff4790fd47a7d24977daee45b0526a55e090ca4f43e6177,planner_dev1696_allmask,1.0,ok,1.0,cb8765fe0d6a535b
1.0,1.0,1.0,0.8292718806610043,2021.06.23.17.31.36_veh-16_00016_00377,1.0,549a968530de01b4aa88221da06a72dd851a293631f903d4d93c92c1850ea006,planner_dev1696_allmask,0.9288632836087518,ok,1.0,cffa453c95b657c1
1.0,1.0,1.0,1.0,2021.06.23.17.31.36_veh-16_00016_00377,1.0,697a04aec280c400720e5188815200964d2273fadabfe9b6f9d0b62eee1cc7e4,planner_dev1696_allmask,1.0,ok,1.0,d2238c0841d254ba
1.0,1.0,1.0,1.0,2021.06.23.17.31.36_veh-16_00016_00377,1.0,3b6939d473a90145330c0b26297df30ce18c0d0a2fc07f4bbb9dad0e7353715e,planner_dev1696_allmask,1.0,ok,1.0,d253715e74925e00
1.0,1.0,1.0,1.0,2021.06.23.17.31.36_veh-16_00016_00377,1.0,be6b042228a0b94e1076ac64ae531770535eaa5a979024f915cd8cd4aad9d464,planner_dev1696_allmask,1.0,ok,1.0,d43f45ce61dd52e3
1.0,1.0,1.0,1.0,2021.06.23.17.31.36_veh-16_00016_00377,1.0,e9af6510916ea20a04223941b72f835ed9ec2f3b0b0c7fbe0dfa52b6d3594ce9,planner_dev1696_allmask,1.0,ok,1.0,d53f4d4045e55032
1.0,1.0,1.0,1.0,2021.06.23.17.31.36_veh-16_00016_00377,1.0,751e42bef06857c55d8f0902af0088fc289e91ee81c7f61c5f4d114a48e9d0ac,planner_dev1696_allmask,1.0,ok,1.0,db812a0eaf435d65
1.0,1.0,1.0,1.0,2021.06.23.17.31.36_veh-16_00016_00377,1.0,32600d4c734881f7645d26bf42800d1279b18d58822d456f68c4067f13154e46,planner_dev1696_allmask,1.0,ok,1.0,ddc6f1960bc05d62
1.0,1.0,1.0,0.8408123256046816,2021.06.23.17.31.36_veh-16_00016_00377,1.0,36e6ab7cea4d4a640b41736df997b759785a5233946fa1b442e86aeda00c49a0,planner_dev1696_allmask,0.9336718023352839,ok,1.0,de1498ad86835196
1.0,1.0,1.0,1.0,2021.06.23.17.31.36_veh-16_00016_00377,1.0,66b9a069c69358ffa0b875c6dce2d66f83a05c16db83c237806d9ae292342842,planner_dev1696_allmask,1.0,ok,1.0,e2c494b98d885c19
1.0,1.0,1.0,0.7515147371549001,2021.06.23.17.31.36_veh-16_00016_00377,1.0,429e9a85f0dc0d325f447b0b670c2d4a0455718c150122a4056f283296ea3566,planner_dev1696_allmask,0.8964644738145418,ok,1.0,e503592e74a35c78
1.0,1.0,1.0,0.8684215417655654,2021.06.23.17.31.36_veh-16_00016_00377,1.0,52dbd62f5f430a9354b0bcbd3f6b2c47302347c7054a605d4375f7b5bc785bc5,planner_dev1696_allmask,0.9451756424023189,ok,1.0,e8b3c7058c315bca
1.0,1.0,1.0,0.8155647227951641,2021.06.23.17.31.36_veh-16_00016_00377,1.0,18a0896464d3ee481d5b75a2c257f92f90a7036feed6d54358e68dd2abac8656,planner_dev1696_allmask,0.9231519678313184,ok,1.0,e97f92e1a63f54b9
1.0,1.0,1.0,1.0,2021.06.23.17.31.36_veh-16_00016_00377,1.0,d011d6dcb6740fa02ebe2ca902f7fc87d75c1763aca28d9177930943873c8229,planner_dev1696_allmask,1.0,ok,1.0,e980ff490b835222
1.0,1.0,1.0,1.0,2021.06.23.17.31.36_veh-16_00016_00377,1.0,5cc2961e357f4c27e6299792408b6c6b8749ecadb806be6c2569da383ae7a6ac,planner_dev1696_allmask,1.0,ok,1.0,ea1dbf3aec435c27
1.0,1.0,1.0,1.0,2021.06.23.17.31.36_veh-16_00016_00377,1.0,6bf4ce07fbdbeaddcb373b23e101089c93bcdeb46ce7a887f69355c9b7efd17b,planner_dev1696_allmask,1.0,ok,1.0,ea7239e96a555f2c
1.0,1.0,1.0,0.9993502907004872,2021.06.23.17.31.36_veh-16_00016_00377,1.0,03301ae7a0a969633f5c1566a7d88ad53cafa845a2276ff8fa2e2c0165af5957,planner_dev1696_allmask,0.9997292877918698,ok,1.0,eb1a57fcb1835169
1.0,1.0,1.0,0.698153961467516,2021.06.23.17.31.36_veh-16_00016_00377,1.0,ce938c103a74a5dceb86e193c19ae2a64a2a5604c0641a0300a199e0e35c05d5,planner_dev1696_allmask,0.8742308172781317,ok,1.0,eefa88c125d55aa4
1.0,1.0,1.0,1.0,2021.06.23.17.31.36_veh-16_00016_00377,1.0,eeb10bf9a2902945f71f8a3e1a3a1e2882f66926c5835dfad505db55bdc81856,planner_dev1696_allmask,1.0,ok,1.0,efc7193a7907550e
1.0,1.0,1.0,0.8315459291456706,2021.06.23.17.31.36_veh-16_00016_00377,1.0,4b7444bd0253eb761ab0eda17cf0821d10c3bcc67ad0a131aa96ba6262dfface,planner_dev1696_allmask,0.929810803810696,ok,1.0,f5d06fd7f2195088
1.0,1.0,1.0,1.0,2021.06.23.17.31.36_veh-16_00016_00377,1.0,8b4acbcc8d665552460fd4b0835a5179d96d18c40aff98f9b9d9d9a3537de4e6,planner_dev1696_allmask,1.0,ok,1.0,faa2e3893e2f540a
1.0,1.0,1.0,1.0,2021.06.23.17.31.36_veh-16_00016_00377,1.0,fb7bb3c2e8314dc34ebd16ea7f68b8701ed15bf1239e8669d5cbc5a3c8aad8e1,planner_dev1696_allmask,1.0,ok,1.0,fe3ae84c2c3b5232
1.0,1.0,1.0,1.0,2021.06.09.17.23.18_veh-38_01598_01750,1.0,eca808436ef7375d5c29b7b48d1312f9aa9854b3b88657ede1c91f99b997f73b,planner_dev1696_allmask,1.0,ok,1.0,038d98b0aef65cc5
1.0,1.0,1.0,0.8353655244643423,2021.06.09.17.23.18_veh-38_01598_01750,1.0,b0d197972d7d7e29f1aa90bbd1b9c60d1b778ed5cadbfa12b4aa09eec5ead3b8,planner_dev1696_allmask,0.9314023018601426,ok,1.0,0a50e549c5ed5787
1.0,1.0,1.0,0.7102309740806327,2021.06.09.17.23.18_veh-38_01598_01750,1.0,760883acbf9e7eb2a8903729f09afb32f5fe03cab25be64c9f3afa2fa15d97e4,planner_dev1696_allmask,0.8792629058669302,ok,1.0,13bb402c57765d6e
1.0,1.0,1.0,0.5874228306571226,2021.06.09.17.23.18_veh-38_01598_01750,1.0,c4f8d479bf4ff0df7becebd503580a0f5d943d4bbf4c61f5a55d078eadd50743,planner_dev1696_allmask,0.8280928461071344,ok,1.0,13dddabad3d65ddf
1.0,1.0,1.0,1.0,2021.06.09.17.23.18_veh-38_01598_01750,1.0,5ace1ce65cffe1b2f704f658112f9651355fdec38888294574b38160484800f4,planner_dev1696_allmask,1.0,ok,1.0,16840451fa765419
1.0,1.0,1.0,0.8755859658492869,2021.06.09.17.23.18_veh-38_01598_01750,1.0,b33929ba763fd9dee11332027b81339f18c8c206768622f323ea8e265a822631,planner_dev1696_allmask,0.9481608191038696,ok,1.0,16df14e0b5fe574f
1.0,1.0,1.0,1.0,2021.06.09.17.23.18_veh-38_01598_01750,1.0,6568d12dad15921ae78b9447477a0fcf0985958c22f2b27866275b57fc49864a,planner_dev1696_allmask,1.0,ok,1.0,1b31ffd5f3ec5f5d
1.0,1.0,1.0,1.0,2021.06.09.17.23.18_veh-38_01598_01750,1.0,c83decf13eff4f5994f77e0d22942647a7e996e977844b5eed64962bdac8c376,planner_dev1696_allmask,1.0,ok,1.0,21748134e645518e
1.0,1.0,1.0,1.0,2021.06.09.17.23.18_veh-38_01598_01750,1.0,d03ad1a630efe250d8036f39dd80810232ca2b95e301928a61c1086cd9aba004,planner_dev1696_allmask,1.0,ok,1.0,21c95e7693d35dfd
1.0,1.0,1.0,1.0,2021.06.09.17.23.18_veh-38_01598_01750,1.0,d6de052ed5272efc50fd86c5b2907b134fadcbb091f043a96def991449479985,planner_dev1696_allmask,1.0,ok,1.0,252c2880193354f5
1.0,1.0,1.0,0.8897543867389374,2021.06.09.17.23.18_veh-38_01598_01750,1.0,a48a3b8c6a9504076951922c85c40eec4760999ea9604ab930d71cdcd54deae2,planner_dev1696_allmask,0.9540643278078905,ok,1.0,26d62f55fe175782
1.0,1.0,1.0,0.64894922310872,2021.06.09.17.23.18_veh-38_01598_01750,1.0,048f033ec8a0093eee76b9c21967bc33f4fe936726979c125a8bcbf972138864,planner_dev1696_allmask,0.8537288429619667,ok,1.0,2e7a9b2142ec529f
1.0,1.0,1.0,0.873172801073008,2021.06.09.17.23.18_veh-38_01598_01750,1.0,6d493a8e55e40cae55c8f68b075ee2157bc6e40aa42575a648938f7de2bac6b0,planner_dev1696_allmask,0.94715533378042,ok,1.0,34bf46975f2f5276
1.0,1.0,1.0,0.8315435818083103,2021.06.09.17.23.18_veh-38_01598_01750,1.0,2a3511fa8d7980afa47802f73feb54bc145786fb706c6a3fab7871cc6da76d04,planner_dev1696_allmask,0.9298098257534626,ok,1.0,36fd9bb68bca5db1
1.0,1.0,1.0,1.0,2021.06.09.17.23.18_veh-38_01598_01750,1.0,a4a316e1e35b158e8f762df2f847492f84c0aea228d5a701cce9dd16765ea643,planner_dev1696_allmask,1.0,ok,1.0,451111f6221956c4
1.0,1.0,1.0,1.0,2021.06.09.17.23.18_veh-38_01598_01750,1.0,c8e936475b32c8d052657f0ade8700102ccf901e66fd94b930b7808fd550f0ae,planner_dev1696_allmask,1.0,ok,1.0,4a823fa4423e526b
1.0,1.0,1.0,0.8077381642645723,2021.06.09.17.23.18_veh-38_01598_01750,1.0,243226278491504dd9b1c6c2f5b47ce64ea0859c560338f096fa9024d22caf92,planner_dev1696_allmask,0.9198909017769052,ok,1.0,4ab41adbd94856a2
1.0,1.0,1.0,1.0,2021.06.09.17.23.18_veh-38_01598_01750,1.0,782b3853800fa1ed871ab46eed0186504f1939cbd115011383cc3c18c3044cb5,planner_dev1696_allmask,1.0,ok,1.0,5238b46a3bea52ce
1.0,1.0,1.0,0.8703016611365093,2021.06.09.17.23.18_veh-38_01598_01750,1.0,758b56babbdb7b112331ef705828c26b0e3a8dfe3ed5b61caeab683da43f26ee,planner_dev1696_allmask,0.9459590254735456,ok,1.0,53ead5dd09575f56
1.0,1.0,1.0,0.8172396856118673,2021.06.09.17.23.18_veh-38_01598_01750,1.0,69b3273131b30b1da090ce503f36ce78ae0e2d60122fa1411c23df4a2cb5eb01,planner_dev1696_allmask,0.9238498690049447,ok,1.0,5827e60e48d756b4
1.0,1.0,1.0,1.0,2021.06.09.17.23.18_veh-38_01598_01750,1.0,372f791ea9fca8f01d18bb39ad2801d2e6320fe1abda72a61c7c81d4f6287282,planner_dev1696_allmask,1.0,ok,1.0,5f6dc8b1b2475507
1.0,1.0,1.0,0.5519607676124287,2021.06.09.17.23.18_veh-38_01598_01750,1.0,f330d33ef7f32856ae005ce5d3424321874a26d7b35e9ec7542a6c21cdea697d,planner_dev1696_allmask,0.8133169865051787,ok,1.0,61b8de25e8b35665
1.0,1.0,1.0,1.0,2021.06.09.17.23.18_veh-38_01598_01750,1.0,41612ac80be1ac8f269e9f73ae334e163b42684a7e1e9e37b83c0d6b285288da,planner_dev1696_allmask,1.0,ok,1.0,660a6c8bb9f85c97
1.0,1.0,1.0,1.0,2021.06.09.17.23.18_veh-38_01598_01750,1.0,3b86b8b0ddb066ba00315e6aa5b4b192714a2f57893c779bda55d4ecbed22cb8,planner_dev1696_allmask,1.0,ok,1.0,7bf70bd17e9255b7
1.0,1.0,1.0,1.0,2021.06.09.17.23.18_veh-38_01598_01750,1.0,7a0cc5f7a75b8931cd00af985b987d378f1ceb08d63d10777d96de325cf5b525,planner_dev1696_allmask,1.0,ok,1.0,802050c72cc255d3
1.0,1.0,1.0,1.0,2021.06.09.17.23.18_veh-38_01598_01750,1.0,a7c05b3e11c0b33351ec27fce0a220e8a1cd136fe99058a8169d99329f75fc32,planner_dev1696_allmask,1.0,ok,1.0,931c61a6152e519f
1.0,1.0,1.0,1.0,2021.06.09.17.23.18_veh-38_01598_01750,1.0,382696936649190e97f7890550f387b3b1a36518a470bfc03627dd4e33c95d36,planner_dev1696_allmask,1.0,ok,1.0,940a788763a55b7c
1.0,1.0,1.0,0.7869426514931732,2021.06.09.17.23.18_veh-38_01598_01750,1.0,d7b0ec0a2e99a3eabdcdc864a6b03cda62966845cdd72eee26b877df687a348a,planner_dev1696_allmask,0.9112261047888222,ok,1.0,94ae5d67804c539d
1.0,1.0,1.0,1.0,2021.06.09.17.23.18_veh-38_01598_01750,1.0,96ad2973a8102dbd95547d2122fedc72162c2c5eaa2f977623fe5e3abedc0cd1,planner_dev1696_allmask,1.0,ok,1.0,9cef9bb074dc57a9
1.0,1.0,1.0,1.0,2021.06.09.17.23.18_veh-38_01598_01750,1.0,05e51bfeda41699f4270154e46e923fce2f55cb214bdf1e21a647da6a8f76c79,planner_dev1696_allmask,1.0,ok,1.0,9ed6b55afa4251dd
1.0,1.0,1.0,1.0,2021.06.09.17.23.18_veh-38_01598_01750,1.0,226c05aaa118c6503151457123a9803d8407e4d76eae46a815a9a3f6a13c582a,planner_dev1696_allmask,1.0,ok,1.0,b64628fc8a365a5f
1.0,1.0,1.0,0.775961863467041,2021.06.09.17.23.18_veh-38_01598_01750,1.0,1b5ab4356fb5217c70c124cf7cee3657ed0d01ef8e27dd9968a498114c4d7379,planner_dev1696_allmask,0.9066507764446005,ok,1.0,c00abd335c885349
1.0,1.0,1.0,1.0,2021.06.09.17.23.18_veh-38_01598_01750,1.0,87a5ed093913cee9192841beebb25ec4b4549f06c285614596cc664ff8c48d4f,planner_dev1696_allmask,1.0,ok,1.0,cdf07217a5d057ef
1.0,1.0,1.0,1.0,2021.06.09.17.23.18_veh-38_01598_01750,1.0,334129ec86676e4bd0e4e45a26e1b01bf095b719e3fd33f433183919c06fa4d4,planner_dev1696_allmask,1.0,ok,1.0,ce0d30c4ede35e6e
1.0,1.0,1.0,0.8710786713590306,2021.06.09.17.23.18_veh-38_01598_01750,1.0,152bd71bcb158cb9a1c262412ea93d309fb0f5ea6fe321c3aa505fda1388d730,planner_dev1696_allmask,0.9462827797329294,ok,1.0,e49b47bbb0c55e1e
1.0,1.0,1.0,0.8247118723251314,2021.06.09.17.23.18_veh-38_01598_01750,1.0,210512185750c8c8542796cd16c3ae3ad6445fb62cb11c1164f5523ee317d166,planner_dev1696_allmask,0.9269632801354715,ok,1.0,ff5e73d54265581f
